
Ryder1 logged in. 1-22-2021, 12:09:31 AM
death: Well, Ryder1 doesn't exist anymore. Looks to be that lion has ultimate victory. Clean up on cage  1-22-2021, 12:16:46 AM
death: lion, I believe Ryder1 had something to say, go meet him on cage. 1-22-2021, 12:16:51 AM
Ryder1 (Ryder1) said aa 1-22-2021, 12:16:54 AM
death: cage smells pretty dank. polarbear needs a proper barrial by Ryder1 1-22-2021, 12:20:00 AM
death: Ryder1 just blew rabbit's brains out on cage. Somebody get a mo 1-22-2021, 12:20:06 AM
death: goat was nuked off the cage by Ryder1 1-22-2021, 12:20:17 AM
death: Ryder1 just neutralized polarbear on cage 1-22-2021, 12:20:28 AM
death: He shoots, he scores! rabbit's testicles went flying through the hoops on cage. Ryder1 stands tall with quite the sinical smile. 1-22-2021, 12:20:34 AM
death: Ryder1 just blasted goat away from cage! 1-22-2021, 12:20:38 AM
death: Another one bites the dust! polarbear, have fun, I'm sure Ryder1 is on cage 1-22-2021, 12:20:43 AM
death: coyote, You have a murderer on cage, go ahead Ryder1  1-22-2021, 12:20:51 AM
death: hunter was given what was coming to them, thank you Ryder1! 1-22-2021, 12:20:56 AM
death: A pool of red reminder liquid now forms under Ryder1's corpse. lion has the credibility for their demise.  1-22-2021, 12:21:06 AM
death: Is there a doctor on the cage? lion has no paulse. Oh, there isn't? Okay. Ryder1 laughs. 1-22-2021, 12:21:11 AM
bolgelo logged in. 1-22-2021, 12:31:33 AM
bolgelo disconnected 1-22-2021, 12:32:18 AM
Ryder1 disconnected 1-22-2021, 1:20:29 AM
Ryder1 logged in. 1-22-2021, 1:29:06 AM
Ryder1 disconnected 1-22-2021, 1:33:20 AM
stronger logged in. 1-22-2021, 2:24:59 AM
stronger disconnected 1-22-2021, 2:25:13 AM
Ryder1 logged in. 1-22-2021, 2:46:57 AM
Ryder1 disconnected 1-22-2021, 2:47:10 AM
Ryder1 logged in. 1-22-2021, 2:50:20 AM
stronger logged in. 1-22-2021, 3:03:05 AM
Ryder1 (Ryder1) said hi 1-22-2021, 3:03:23 AM
stronger (stronger) said залп 1-22-2021, 3:03:32 AM
stronger (stronger) said а чо плеера музыкального нет типерь чтоли 1-22-2021, 3:07:04 AM
death: trainer just used the grounds of the boxing to teach Ryder1 a very important lesson!  1-22-2021, 3:07:30 AM
death: Ryder1 just completely and totally pulvarized boxer over boxing! 1-22-2021, 3:07:32 AM
death: Ryder1 was totaled by stronger's modern_sub_machine_gun_carbine on zalp 1-22-2021, 3:09:35 AM
death: You know that particular element in physics where velocity increases as you fall? yeah, moth learned that really fuckin quick, and we can thank stronger. 1-22-2021, 3:09:38 AM
death: car1 was owned by stronger on zalp 1-22-2021, 3:09:55 AM
death: Rest  in piece, Ryder1. We'll sure miss you, guess we can thank stronger's modern_sub_machine_gun_carbine for what they did on zalp. 1-22-2021, 3:10:02 AM
death: oy, where'd fireball go? Do you happen to know, stronger? 1-22-2021, 3:10:14 AM
stronger disconnected 1-22-2021, 3:10:34 AM
death: Ryder1's hand_cannon killed stronger on zalp. 1-22-2021, 3:10:34 AM
death: OK, let's see what else Ryder1 can do for doctor on zalp. I saw he killed them! 1-22-2021, 3:10:36 AM
death: Somebody call 9 1 1, oh wait, rain check. Ryder1 gives no shits. Peace out, rabbit 1-22-2021, 3:10:45 AM
death: Ryder1 got fucked up by lamprey on zalp. 1-22-2021, 3:11:01 AM
death: Ryder1 just gave  lamprey a royal beating on zalp! 1-22-2021, 3:11:07 AM
blindgamers14 logged in. 1-22-2021, 3:45:01 AM
death: enemy3 was totaled by roflgamer's rocket on zalp 1-22-2021, 3:50:11 AM
death: roflgamer's rocket just gave woman2 what for! he started ruining zalp! 1-22-2021, 3:50:34 AM
death: and the deathly scream of military_guard pierces the air as roflgamer's rocket finishes them off on zalp! 1-22-2021, 3:51:25 AM
death: roflgamer's rocket just used the grounds of the zalp to teach horse a very important lesson!  1-22-2021, 3:51:48 AM
death: roflgamer's rocket just royally kicked woman3's ass on zalp 1-22-2021, 3:52:07 AM
death: matriarch was given what was coming to them, thank you roflgamer! 1-22-2021, 3:52:27 AM
death: Rest  in piece, woman4. We'll sure miss you, guess we can thank roflgamer for what they did on zalp. 1-22-2021, 3:52:36 AM
death: cock just got their ass handed to them on a platter, happily served by roflgamer, and he done it on zalp! 1-22-2021, 3:53:05 AM
death: A new freshly killed blood of psychiatrist lies now on zalp, thanks roflgamer! 1-22-2021, 3:53:18 AM
death: roflgamer just condemned storekeeper to zalp s hell! 1-22-2021, 3:53:32 AM
death: giant just got their ass handed to them on a platter, happily served by roflgamer, and he done it on zalp! 1-22-2021, 3:54:02 AM
death: Well, dog doesn't exist anymore. Looks to be that roflgamer has ultimate victory. Clean up on zalp  1-22-2021, 3:54:16 AM
death: roflgamer laughs mockingly at the dying form of matriarch on zalp 1-22-2021, 3:54:26 AM
death: woman2 just gave Ryder1 what for! he started ruining zalp! 1-22-2021, 3:54:37 AM
roflgamer (blindgamers14) said ll 1-22-2021, 3:54:44 AM
death: woman2 was nuked out of zalp by roflgamer 1-22-2021, 3:54:49 AM
death: Stop crying, enemyboss! Go kill roflgamer! where he is, on zalp! 1-22-2021, 3:55:10 AM
death: and the deathly scream of destructor pierces the air as roflgamer finishes them off on zalp! 1-22-2021, 3:55:33 AM
death: Ryder1 really made a mess of woman1 on the zalp.  1-22-2021, 3:55:46 AM
death: Breaking news! Today, woman1 killed roflgamer so easy on zalp! isn't it a good news? 1-22-2021, 3:55:50 AM
death: roflgamer just put woman1 6 feet under on zalp 1-22-2021, 3:55:54 AM
death: He shoots, he scores! train's testicles went flying through the hoops on zalp. Ryder1 stands tall with quite the sinical smile. 1-22-2021, 3:56:32 AM
death: boxer just got bashed by Ryder1 on the zalp 1-22-2021, 3:56:41 AM
death: roflgamer laughs mockingly at the dying form of worm on zalp 1-22-2021, 3:56:46 AM
death: There's a light at the end of the tunnel Ryder1, actually, fuck that. the_strongest_giant ran you down on zalp. Sor'r'r'r'r'r'r'r'r'r'ry 1-22-2021, 3:57:12 AM
death: A pool of red reminder liquid now forms under the_strongest_giant's corpse. roflgamer has the credibility for their demise.  1-22-2021, 3:57:14 AM
death: Somebody call 9 1 1, oh wait, rain check. roflgamer gives no shits. Peace out, coyote 1-22-2021, 3:57:22 AM
death: ownage! blaster managed to escape by killing roflgamer on the zalp 1-22-2021, 3:57:36 AM
death: Stay clear of zalp, boar has begun decaying. Thanks Ryder1 1-22-2021, 3:57:47 AM
death: Ryder1 just condemned mouse to zalp s hell! 1-22-2021, 3:58:06 AM
death: dragon was nuked out of zalp by Ryder1 1-22-2021, 3:58:18 AM
death: ownage! patient managed to escape by killing Ryder1 on the zalp 1-22-2021, 3:58:27 AM
death: metallurgist takes their last breath as roflgamer blasts them in the face one last time on zalp. Brutallity! 1-22-2021, 3:58:41 AM
death: Stop crying, enemy6! Go kill Ryder1! where he is, on zalp! 1-22-2021, 3:58:49 AM
death: zalp smells pretty dank. Ryder1 needs a proper barrial by woman4 1-22-2021, 3:59:03 AM
death: roflgamer just totaled woman4's ass on zalp 1-22-2021, 3:59:09 AM
death: Damn, Ryder1, that was quite a vicious display of violence towards doctor?, but worst of all, you done it on zalp! 1-22-2021, 3:59:22 AM
death: enemy5 died. Why? Because Ryder1 owned them on zalp. 1-22-2021, 3:59:31 AM
Ryder1 logged in. 1-22-2021, 3:59:49 AM
blindgamers14 logged in. 1-22-2021, 3:59:56 AM
death: duckling just got their ass handed to them on a platter, happily served by roflgamer, and he done it on zalp! 1-22-2021, 4:00:05 AM
death: You know that particular element in physics where velocity increases as you fall? yeah, cyborg learned that really fuckin quick, and we can thank roflgamer. 1-22-2021, 4:00:07 AM
death: There's a light at the end of the tunnel Ryder1, actually, fuck that. baibydragon ran you down on zalp. Sor'r'r'r'r'r'r'r'r'r'ry 1-22-2021, 4:00:46 AM
death: baibydragon just used the grounds of the zalp to teach Ryder1 a very important lesson!  1-22-2021, 4:01:10 AM
roflgamer (blindgamers14) said you need to wait for your weapon to reload itself! you might jam it! 1-22-2021, 4:01:27 AM
death: baibydragon just got creamed by Ryder1 on zalp 1-22-2021, 4:01:47 AM
death: because of the villany of Ryder1, glider will no longer have a beating heart again, because it is broken on the zalp. 1-22-2021, 4:01:55 AM
death: Ryder1, I believe woman4 had something to say, go meet him on zalp. 1-22-2021, 4:01:59 AM
death: a bloody corpse of woman4 now lies on zalp, thanks to roflgamer 1-22-2021, 4:02:06 AM
death: A pool of red reminder liquid now forms under coyote's corpse. roflgamer has the credibility for their demise.  1-22-2021, 4:02:12 AM
death: bear was given what was coming to them, thank you Ryder1! 1-22-2021, 4:02:30 AM
death: Anybody knows why destructor died? I know! destructor got owned by Ryder1! Where? On zalp! 1-22-2021, 4:02:37 AM
death: a bloody corpse of Ryder1 now lies on zalp, thanks to poltergeist 1-22-2021, 4:02:51 AM
roflgamer (blindgamers14) said a poltergeist, health 271089, damage 30000 50000, distance 5, speed time 100, is below, slightly in front and a fair distance off to the right, 6 feet away. 1-22-2021, 4:02:56 AM
death: poltergeist just neutralized roflgamer on zalp 1-22-2021, 4:02:59 AM
death: Man? what's this! poltergeist died? No! He's my friend! Or what... I mean, he's roflgamer's friend! But I still can't believe looking at how he killed them on zalp. 1-22-2021, 4:03:02 AM
death: Is there a doctor on the zalp? Ryder1 has no paulse. Oh, there isn't? Okay. car2 laughs. 1-22-2021, 4:03:33 AM
death: Ryder1 just blasted car2 away from zalp! 1-22-2021, 4:03:37 AM
death: Stop crying, psychokiller! Go kill Ryder1! where he is, on zalp! 1-22-2021, 4:04:11 AM
death: the_strongest_giant just used the grounds of the zalp to teach Ryder1 a very important lesson!  1-22-2021, 4:05:01 AM
death: the_strongest_giant is so happy because he killed Ryder1 on zalp! 1-22-2021, 4:05:34 AM
death: roflgamer's rocket just mauled Ryder1 on zalp 1-22-2021, 4:05:58 AM
roflgamer (blindgamers14) said ehh 1-22-2021, 4:06:02 AM
Ryder1 (Ryder1) said lol 1-22-2021, 4:06:21 AM
death: roflgamer's missile just neutralized Ryder1 on zalp 1-22-2021, 4:06:40 AM
roflgamer (blindgamers14) said why you dead 1-22-2021, 4:06:47 AM
death: roflgamer just completely and totally pulvarized the_strongest_giant over zalp! 1-22-2021, 4:06:52 AM
death: the zalp now contains loads of guts from patient, thanks to Ryder1.  1-22-2021, 4:07:30 AM
death: Ryder1 laughs mockingly at the dying form of cat on zalp 1-22-2021, 4:07:45 AM
death: Rest  in piece, doctor. We'll sure miss you, guess we can thank Ryder1 for what they did on zalp. 1-22-2021, 4:07:54 AM
roflgamer (blindgamers14) said suicide_bomb deployed at 0, 0, 40 1-22-2021, 4:08:02 AM
death: Is there a doctor on the zalp? monster has no paulse. Oh, there isn't? Okay. Ryder1 laughs. 1-22-2021, 4:08:31 AM
death: and the deathly scream of robot pierces the air as Ryder1 finishes them off on zalp! 1-22-2021, 4:08:39 AM
death: Ryder1 just blasted woman2 away from zalp! 1-22-2021, 4:08:51 AM
death: welder was given what was coming to them, thank you Ryder1! 1-22-2021, 4:08:56 AM
death: ownage! hulk managed to escape by killing roflgamer on the zalp 1-22-2021, 4:09:22 AM
death: Ryder1 was nuked out of zalp by rocketlauncher 1-22-2021, 4:09:36 AM
death: roflgamer just gave rocketlauncher what for! he started ruining zalp! 1-22-2021, 4:09:40 AM
death: roflgamer just royally kicked gorilla's ass on zalp 1-22-2021, 4:09:57 AM
death: securityguard was just obliterated by the force of roflgamer on zalp 1-22-2021, 4:10:29 AM
death: roflgamer just totaled psychokiller's ass on zalp 1-22-2021, 4:10:53 AM
death: Another one bites the dust, tank_aftomat, you will be greatly missed on zalp, roflgamer? what have you done? 1-22-2021, 4:11:14 AM
death: x1's head was blown apart and now roflgamer plays basketball today on zalp, up for a game? 1-22-2021, 4:12:20 AM
death: horse was owned by roflgamer on zalp 1-22-2021, 4:12:34 AM
death: roflgamer just put the smack down on enemy6, thats good, but whi on zalp? 1-22-2021, 4:12:46 AM
death: roflgamer just totaled blaster's ass on zalp 1-22-2021, 4:13:25 AM
death: Damn, roflgamer, that was quite a vicious display of violence towards duckling?, but worst of all, you done it on zalp! 1-22-2021, 4:13:40 AM
death: worm was just obliterated by the force of roflgamer on zalp 1-22-2021, 4:13:47 AM
death: woman2 just got their ass handed to them on a platter, happily served by roflgamer, and he done it on zalp! 1-22-2021, 4:13:56 AM
death: psychic was just obliterated by the force of roflgamer on zalp 1-22-2021, 4:14:04 AM
death: dragonfly was owned by roflgamer on zalp 1-22-2021, 4:14:13 AM
death: Rest  in piece, bluedragon. We'll sure miss you, guess we can thank roflgamer for what they did on zalp. 1-22-2021, 4:14:31 AM
death: I think I just saw robot's corpse flying as Ryder1 owned them on zalp. 1-22-2021, 4:14:40 AM
death: There's a light at the end of the tunnel car2, actually, fuck that. roflgamer ran you down on zalp. Sor'r'r'r'r'r'r'r'r'r'ry 1-22-2021, 4:14:48 AM
death: The zalp is full now with tyrant's guts as Ryder1 owned them! 1-22-2021, 4:15:18 AM
death: A new corpse of Ryder1 is flying on zalp, because tank_aftomat made this to happen! 1-22-2021, 4:15:33 AM
death: roflgamer just totaled tank_aftomat's ass on zalp 1-22-2021, 4:15:34 AM
death: A pool of red reminder liquid now forms under enemyboss's corpse. roflgamer has the credibility for their demise.  1-22-2021, 4:16:03 AM
death: oy, where'd surgeon go? Do you happen to know, roflgamer? 1-22-2021, 4:16:11 AM
death: OK, let's see what else Ryder1 can do for tushkano on zalp. I saw he killed them! 1-22-2021, 4:16:14 AM
death: Stay clear of zalp, monkey has begun decaying. Thanks Ryder1 1-22-2021, 4:16:25 AM
death: train just totaled Ryder1's ass on zalp 1-22-2021, 4:16:29 AM
death: train was turned to pulp by roflgamer on zalp 1-22-2021, 4:16:38 AM
death: Stay clear of zalp, goat has begun decaying. Thanks roflgamer 1-22-2021, 4:17:12 AM
death: roflgamer is so happy because he killed blaster on zalp! 1-22-2021, 4:17:25 AM
death: Breaking news! Today, Ryder1 killed gun so easy on zalp! isn't it a good news? 1-22-2021, 4:17:51 AM
death: Ryder1 just blasted dragonfly away from zalp! 1-22-2021, 4:18:01 AM
death: Oh flapjacks, zalp looks like a big bloody mess. Ryder1 definitely pushed hard to use bigdog's remains as a deceration 1-22-2021, 4:18:17 AM
death: roflgamer just gave  zombie a royal beating on zalp! 1-22-2021, 4:18:39 AM
death: Ryder1 was totaled by fireball on zalp 1-22-2021, 4:18:43 AM
death: roflgamer killed fireball on zalp. 1-22-2021, 4:18:59 AM
death: He shoots, he scores! scout's testicles went flying through the hoops on zalp. roflgamer stands tall with quite the sinical smile. 1-22-2021, 4:19:15 AM
death: the zalp now contains loads of guts from monsterkiller, thanks to Ryder1.  1-22-2021, 4:19:22 AM
death: laboratory_assistant was turned to pulp by Ryder1 on zalp 1-22-2021, 4:19:28 AM
death: Ryder1 just put cockroach 6 feet under on zalp 1-22-2021, 4:19:36 AM
death: and splat goes boss, with Ryder1 standing over them on zalp with quite the smile 1-22-2021, 4:19:48 AM
death: and splat goes hen, with Ryder1 standing over them on zalp with quite the smile 1-22-2021, 4:20:07 AM
death: Rest  in piece, mutated_wolf. We'll sure miss you, guess we can thank Ryder1 for what they did on zalp. 1-22-2021, 4:20:23 AM
death: grandpa got fucked up by Ryder1 on zalp. 1-22-2021, 4:20:38 AM
death: laboratory_assistant's head was blown apart and now Ryder1 plays basketball today on zalp, up for a game? 1-22-2021, 4:20:47 AM
death: Ryder1's head was blown apart and now poltergeist plays basketball today on zalp, up for a game? 1-22-2021, 4:21:15 AM
death: Stop crying, poltergeist! Go kill roflgamer! where he is, on zalp! 1-22-2021, 4:21:23 AM
death: A new freshly killed blood of wolf lies now on zalp, thanks roflgamer! 1-22-2021, 4:21:41 AM
death: Ryder1's head was blown apart and now sniper plays basketball today on zalp, up for a game? 1-22-2021, 4:21:51 AM
death: Somebody call 9 1 1, oh wait, rain check. roflgamer gives no shits. Peace out, sniper 1-22-2021, 4:21:58 AM
Ryder1 (Ryder1) said afsdkjl; 1-22-2021, 4:21:58 AM
Ryder1 disconnected 1-22-2021, 4:22:00 AM
death: roflgamer just neutralized bigdog on zalp 1-22-2021, 4:22:06 AM
death: nurse just got creamed by roflgamer on zalp 1-22-2021, 4:22:22 AM
death: rocketlauncher was nuked out of zalp by roflgamer 1-22-2021, 4:22:34 AM
death: roflgamer is so happy because he killed flamethrower on zalp! 1-22-2021, 4:22:47 AM
death: psychic really made a mess of roflgamer on the zalp.  1-22-2021, 4:23:01 AM
death: fireman has been terminated by roflgamer on zalp 1-22-2021, 4:23:14 AM
death: Breaking news! Today, roflgamer killed horse so easy on zalp! isn't it a good news? 1-22-2021, 4:24:04 AM
death: roflgamer takes their last breath as Amphibian blasts them in the face one last time on zalp. Brutallity! 1-22-2021, 4:24:24 AM
in team masters, roflgamer (blindgamers14) said d 1-22-2021, 4:24:51 AM
blindgamers14 logged in. 1-22-2021, 4:25:59 AM
death: Well, roflgamer's remote gun 52 doesn't exist anymore. Looks to be that roflgamer's shotgun has ultimate victory. Clean up on main  1-22-2021, 4:31:15 AM
death: gravaty just finished pulling the corpse of roflgamer's robot 6 to the ground of the main,  and we can thank roflgamer's shotgun for the help!  1-22-2021, 4:31:52 AM
death: roflgamer was nuked off the main by heavy hammer 1-22-2021, 4:32:01 AM
death: worm's head was blown apart and now roflgamer plays basketball today on zalp, up for a game? 1-22-2021, 4:32:48 AM
death: excavator, You have a murderer on zalp, go ahead roflgamer  1-22-2021, 4:33:15 AM
death: Rest  in piece, enemy6. We'll sure miss you, guess we can thank roflgamer for what they did on zalp. 1-22-2021, 4:33:31 AM
death: A pool of red reminder liquid now forms under cyborg's corpse. roflgamer has the credibility for their demise.  1-22-2021, 4:33:59 AM
death: roflgamer just gave nurse what for! he started ruining zalp! 1-22-2021, 4:34:06 AM
death: doctor, You have a murderer on zalp, go ahead roflgamer  1-22-2021, 4:34:57 AM
death: Somebody call 9 1 1, oh wait, rain check. roflgamer gives no shits. Peace out, enemy3 1-22-2021, 4:35:09 AM
death: roflgamer just blew woman4's brains out on zalp. Somebody get a mo 1-22-2021, 4:35:23 AM
death: The zalp is full now with psychokiller's guts as roflgamer owned them! 1-22-2021, 4:35:33 AM
death: mouse was owned by roflgamer on zalp 1-22-2021, 4:35:52 AM
death: metallurgist was nuked out of zalp by roflgamer 1-22-2021, 4:36:10 AM
death: roflgamer laughs mockingly at the dying form of giant on zalp 1-22-2021, 4:36:53 AM
death: A new freshly killed blood of leopard lies now on zalp, thanks roflgamer! 1-22-2021, 4:37:07 AM
death: roflgamer just got creamed by soldier on zalp 1-22-2021, 4:37:13 AM
server notification: The ff shelter has been created! 1-22-2021, 4:43:00 AM
death: roflgamer's remote gun 33 was just obliterated by the force of roflgamer's hand_cannon on main 1-22-2021, 4:43:07 AM
server notification: The asdlfkjlkasdjfkljlzjklcxvjklzjxclkv shelter has been created! 1-22-2021, 4:45:13 AM
server notification: The 33 shelter has been created! 1-22-2021, 4:46:09 AM
death: because of the villany of roflgamer's suicide bomb, roflgamer will no longer have a beating heart again, because it is broken on the main. 1-22-2021, 4:46:29 AM
server notification: The laksjdklfjlajklsdjfkljklajklsdjlkfjlkajsklf shelter has been created! 1-22-2021, 4:47:12 AM
server notification: The fff shelter has been created! 1-22-2021, 4:47:47 AM
server notification: The ww shelter has been created! 1-22-2021, 4:48:28 AM
death: and the deathly scream of roflgamer pierces the air as shelter destruction finishes them off on door out of this shelter! 1-22-2021, 4:48:38 AM
death: roflgamer's rocket just neutralized roflgamer on viewing platform 1-22-2021, 4:50:22 AM
Ryder1 logged in. 1-22-2021, 5:07:52 AM
Ryder1 (Ryder1) said hi 1-22-2021, 5:07:56 AM
roflgamer (blindgamers14) said hi/ 1-22-2021, 5:08:09 AM
Ryder1 (Ryder1) said the hell? 1-22-2021, 5:08:12 AM
Ryder1 (Ryder1) said wahts rong witht eh store 1-22-2021, 5:08:25 AM
Ryder1 disconnected 1-22-2021, 5:08:28 AM
Ryder1 logged in. 1-22-2021, 5:08:31 AM
roflgamer (blindgamers14) said dont kno 1-22-2021, 5:08:31 AM
roflgamer (blindgamers14) said dont kno 1-22-2021, 5:08:35 AM
Ryder1 (Ryder1) said the hell? 1-22-2021, 5:08:36 AM
Ryder1 (Ryder1) said come see what my thing is doing 1-22-2021, 5:08:44 AM
roflgamer (blindgamers14) said wah 1-22-2021, 5:09:06 AM
Ryder1 (Ryder1) said here it 1-22-2021, 5:09:16 AM
roflgamer (blindgamers14) said suicide 1-22-2021, 5:09:22 AM
Ryder1 (Ryder1) said suicide 1-22-2021, 5:09:27 AM
Ryder1 (Ryder1) said no not in the store! 1-22-2021, 5:09:35 AM
roflgamer (blindgamers14) said use gassmask 1-22-2021, 5:09:40 AM
roflgamer (blindgamers14) said gass mask 1-22-2021, 5:09:44 AM
Ryder1 (Ryder1) said give one? 1-22-2021, 5:09:51 AM
roflgamer (blindgamers14) said but give back again 1-22-2021, 5:10:04 AM
Ryder1 (Ryder1) said k 1-22-2021, 5:10:09 AM
death: suffocation just completely and totally pulvarized Ryder1 over ! 1-22-2021, 5:10:47 AM
death: suffocation just blew Ryder1's brains out on . Somebody get a mo 1-22-2021, 5:10:58 AM
roflgamer (blindgamers14) said log off 1-22-2021, 5:11:00 AM
Ryder1 (Ryder1) said cccahahah it ses you ne 1-22-2021, 5:11:02 AM
death: suffocation killed Ryder1 on store. 1-22-2021, 5:11:05 AM
roflgamer (blindgamers14) said log out 1-22-2021, 5:11:08 AM
roflgamer (blindgamers14) said go log out 1-22-2021, 5:11:11 AM
Ryder1 disconnected 1-22-2021, 5:11:18 AM
death: suffocation just used the grounds of the store to teach Ryder1 a very important lesson!  1-22-2021, 5:11:18 AM
Ryder1 logged in. 1-22-2021, 5:11:27 AM
roflgamer (blindgamers14) said ryder1 is a cheater! health is 0. 1-22-2021, 5:11:36 AM
Ryder1 (Ryder1) said the hell? 1-22-2021, 5:11:40 AM
roflgamer (blindgamers14) said you not get tempban 1-22-2021, 5:11:49 AM
Ryder1 (Ryder1) said thanks 1-22-2021, 5:11:50 AM
roflgamer (blindgamers14) said thanks 1-22-2021, 5:11:51 AM
server notification: The zz shelter has been created! 1-22-2021, 5:13:37 AM
blindgamers14 logged in. 1-22-2021, 5:15:02 AM
death: dead battery just gave roflgamer's turret 759 what for! he started ruining main! 1-22-2021, 5:15:02 AM
Ryder1 (Ryder1) said brb 1-22-2021, 5:16:41 AM
roflgamer (blindgamers14) said bye 1-22-2021, 5:16:45 AM
Ryder1 (Ryder1) said back 1-22-2021, 5:18:34 AM
death: Ryder1 just got bashed by heavy hammer on the main 1-22-2021, 5:19:25 AM
Ryder1 (Ryder1) said crap 1-22-2021, 5:21:06 AM
Ryder1 (Ryder1) said aaaa 1-22-2021, 5:21:13 AM
Ryder1 (Ryder1) said yeee 1-22-2021, 5:21:33 AM
Ryder1 (Ryder1) said dammit 1-22-2021, 5:24:22 AM
Ryder1 (Ryder1) said stund 1-22-2021, 5:24:25 AM
Ryder1 (Ryder1) said dun1 1-22-2021, 5:24:54 AM
death: OK, let's see what else dead battery can do for roflgamer's turret 929 on zz. I saw he killed them! 1-22-2021, 5:25:34 AM
Ryder1 (Ryder1) said gn 1-22-2021, 5:39:12 AM
Ryder1 (Ryder1) said good night 1-22-2021, 5:39:15 AM
roflgamer (blindgamers14) said 9:39 1-22-2021, 5:39:24 AM
Ryder1 (Ryder1) said gn now 1-22-2021, 5:39:39 AM
Ryder1 disconnected 1-22-2021, 5:39:40 AM
death: roflgamer's turret 622 was turned to pulp by dead battery on zz 1-22-2021, 5:50:19 AM
in team masters, roflgamer (blindgamers14) said u 1-22-2021, 6:51:42 AM
killer3000 logged in. 1-22-2021, 6:56:10 AM
killer3000 disconnected 1-22-2021, 6:56:26 AM
server notification: The myshelters2 shelter has been created! 1-22-2021, 6:58:41 AM
death: There's a light at the end of the tunnel roflgamer, actually, fuck that. roflgamer's sky 436 mine ran you down on circuit breaker. good for saving feul, but the computer doesn't get power when the shelter is off. Sor'r'r'r'r'r'r'r'r'r'ry 1-22-2021, 7:01:28 AM
death: There's a light at the end of the tunnel roflgamer, actually, fuck that. roflgamer's sky 436 mine ran you down on main. Sor'r'r'r'r'r'r'r'r'r'ry 1-22-2021, 7:03:37 AM
killer3000 logged in. 1-22-2021, 7:21:13 AM
death: roflgamer's sky 436 mine just put roflgamer 6 feet under on door out of this shelter 1-22-2021, 7:21:21 AM
killer3000 (killer3000) said oi oi 1-22-2021, 7:21:25 AM
death: A pool of red reminder liquid now forms under sniper's corpse. killer3000 has the credibility for their demise.  1-22-2021, 7:22:05 AM
killer3000 disconnected 1-22-2021, 7:22:41 AM
prashant logged in. 1-22-2021, 7:22:54 AM
death: suffocation just blew prashant's brains out on . Somebody get a mo 1-22-2021, 7:24:57 AM
death: suffocation just beat the shit out of prashant on  1-22-2021, 7:25:04 AM
death: Oh flapjacks, store looks like a big bloody mess. suffocation definitely pushed hard to use prashant's remains as a deceration 1-22-2021, 7:25:14 AM
prashant (prashant) said cos 1-22-2021, 7:25:16 AM
death: a bloody corpse of prashant now lies on store, thanks to suffocation 1-22-2021, 7:25:25 AM
roflgamer (blindgamers14) said log out 1-22-2021, 7:25:31 AM
prashant disconnected 1-22-2021, 7:25:34 AM
death: prashant, You have a murderer on store, go ahead suffocation  1-22-2021, 7:25:34 AM
death: There's a light at the end of the tunnel prashant, actually, fuck that. suffocation ran you down on store. Sor'r'r'r'r'r'r'r'r'r'ry 1-22-2021, 7:25:39 AM
prashant logged in. 1-22-2021, 7:25:41 AM
roflgamer (blindgamers14) said prashant is a cheater! health is 0. 1-22-2021, 7:25:48 AM
prashant (prashant) said rofl 1-22-2021, 7:25:55 AM
roflgamer (blindgamers14) said thaks 1-22-2021, 7:26:10 AM
roflgamer (blindgamers14) said thanks 1-22-2021, 7:26:14 AM
prashant (prashant) said thanks for help 1-22-2021, 7:26:19 AM
roflgamer (blindgamers14) said the myshelters2 shelter belonging to blindgamers14 with 100000 health is streight behind, 6 feet away. 1-22-2021, 7:29:04 AM
prashant (prashant) said well done, you completed the first part, i'll tell you a secret, there will be two more, good luck!!! 1-22-2021, 7:30:06 AM
roflgamer (blindgamers14) said wah 1-22-2021, 7:30:16 AM
death: Is there a doctor on the under you is a huge cauldron of boiling water, it is better not to fall into it? prashant has no paulse. Oh, there isn't? Okay. hazard laughs. 1-22-2021, 7:30:49 AM
roflgamer (blindgamers14) said dead 1-22-2021, 7:30:58 AM
prashant (prashant) said rofla 1-22-2021, 7:31:00 AM
prashant (prashant) said i,need that, sworhrhrhrhrhrhrhrhrhrhrrhrhhrhrd? 1-22-2021, 7:31:21 AM
rathee logged in. 1-22-2021, 7:31:25 AM
roflgamer (blindgamers14) said expload 1-22-2021, 7:31:58 AM
death: Anybody knows why prashant died? I know! prashant got owned by hazard! Where? On dangerous place! 1-22-2021, 7:32:35 AM
roflgamer (blindgamers14) said i also want do that 1-22-2021, 7:32:45 AM
prashant (prashant) said i just need the sword 1-22-2021, 7:32:57 AM
prashant (prashant) said i have sniper 1-22-2021, 7:33:02 AM
roflgamer (blindgamers14) said i want go also 1-22-2021, 7:33:03 AM
prashant (prashant) said come then 1-22-2021, 7:33:09 AM
roflgamer (blindgamers14) said wait 1-22-2021, 7:33:12 AM
death: roflgamer got fucked up by roflgamer's sky 436 mine on circuit breaker. good for saving feul, but the computer doesn't get power when the shelter is off. 1-22-2021, 7:33:14 AM
prashant (prashant) said do 1 thing 1-22-2021, 7:33:21 AM
prashant (prashant) said leave the team  1-22-2021, 7:33:33 AM
roflgamer (blindgamers14) said the pass is same? 1-22-2021, 7:33:44 AM
prashant (prashant) said yep 1-22-2021, 7:33:47 AM
death: Another one bites the dust, rathee, you will be greatly missed on dangerous place, hazard? what have you done? 1-22-2021, 7:33:50 AM
roflgamer (blindgamers14) said you left the team! 1-22-2021, 7:33:52 AM
prashant (prashant) said i'll tell ya 1-22-2021, 7:33:54 AM
prashant (prashant) said ok now good to go 1-22-2021, 7:34:04 AM
death: because of the villany of hazard, rathee will no longer have a beating heart again, because it is broken on the dangerous place. 1-22-2021, 7:34:48 AM
death: hazard just gave roflgamer what for! he started ruining dangerous place! 1-22-2021, 7:35:58 AM
death: There's a light at the end of the tunnel prashant, actually, fuck that. hazard ran you down on dangerous place. Sor'r'r'r'r'r'r'r'r'r'ry 1-22-2021, 7:36:09 AM
prashant (prashant) said roflo 1-22-2021, 7:36:17 AM
death: prashant got fucked up by hazard on dangerous place. 1-22-2021, 7:37:11 AM
death: hazard just gave rathee what for! he started ruining dangerous place! 1-22-2021, 7:37:16 AM
roflgamer (blindgamers14) said ll 1-22-2021, 7:37:21 AM
death: Stay clear of dangerous place, prashant has begun decaying. Thanks the laws of gravity 1-22-2021, 7:37:52 AM
prashant (prashant) said lmfao 1-22-2021, 7:38:01 AM
death: hazard just put the smack down on prashant, thats good, but whi on dangerous place? 1-22-2021, 7:39:00 AM
roflgamer (blindgamers14) said go up? 1-22-2021, 7:39:02 AM
death: Is there a doctor on the dangerous place? roflgamer has no paulse. Oh, there isn't? Okay. hazard laughs. 1-22-2021, 7:39:04 AM
prashant (prashant) said ll 1-22-2021, 7:39:10 AM
death: Well, prashant doesn't exist anymore. Looks to be that hazard has ultimate victory. Clean up on dangerous place  1-22-2021, 7:39:26 AM
death: hazard is so happy because he killed rathee on dangerous place! 1-22-2021, 7:39:33 AM
prashant (prashant) said i will blast this dam keybord 1-22-2021, 7:39:44 AM
roflgamer (blindgamers14) said ha/ 1-22-2021, 7:39:56 AM
prashant (prashant) said get me my roket 1-22-2021, 7:40:08 AM
prashant (prashant) said i wana blast that bern that 1-22-2021, 7:40:18 AM
roflgamer (blindgamers14) said ll 1-22-2021, 7:40:25 AM
death: rathee was turned to pulp by hazard on dangerous place 1-22-2021, 7:41:06 AM
prashant (prashant) said llol 1-22-2021, 7:41:11 AM
death: prashant just got bashed by hazard on the dangerous place 1-22-2021, 7:41:56 AM
prashant (prashant) said stupid redio 1-22-2021, 7:42:37 AM
roflgamer (blindgamers14) said it make loading map longer 1-22-2021, 7:42:50 AM
prashant (prashant) said yeah 1-22-2021, 7:42:54 AM
death: hazard just royally kicked rathee's ass on dangerous place 1-22-2021, 7:43:13 AM
roflgamer (blindgamers14) said 1, 32, 42. 1-22-2021, 7:43:21 AM
death: roflgamer's head was blown apart and now hazard plays basketball today on dangerous place, up for a game? 1-22-2021, 7:43:29 AM
prashant (prashant) said oi why are you going that up 1-22-2021, 7:43:41 AM
roflgamer (blindgamers14) said stuck 1-22-2021, 7:43:48 AM
roflgamer (blindgamers14) said ah, rong 1-22-2021, 7:43:58 AM
death: A new freshly killed blood of prashant lies now on dangerous place, thanks hazard! 1-22-2021, 7:43:59 AM
death: Stop crying, roflgamer! Go kill heavy hammer! where he is, on laberinth of def! 1-22-2021, 7:44:00 AM
death: roflgamer really made a mess of hazard on the dangerous place.  1-22-2021, 7:44:23 AM
roflgamer (blindgamers14) said ah, rong map agian 1-22-2021, 7:44:56 AM
prashant (prashant) said dam you fucking radio 1-22-2021, 7:45:12 AM
death: A pool of red reminder liquid now forms under prashant's corpse. hazard has the credibility for their demise.  1-22-2021, 7:46:37 AM
prashant (prashant) said ghl;res 1-22-2021, 7:46:44 AM
prashant (prashant) said asa\dswfwrf 1-22-2021, 7:46:48 AM
roflgamer (blindgamers14) said zcv 1-22-2021, 7:46:53 AM
prashant (prashant) said zzzzzzzzzz 1-22-2021, 7:46:58 AM
death: hazard just completely and totally pulvarized prashant over dangerous place! 1-22-2021, 7:47:32 AM
death: Stop crying, roflgamer! Go kill stun_grenade_tile! where he is, on laberinth of def! 1-22-2021, 7:47:55 AM
roflgamer (blindgamers14) said brb, want go eat 1-22-2021, 7:48:12 AM
prashant (prashant) said ok 1-22-2021, 7:48:18 AM
death: OK, let's see what else hazard can do for rathee on under you is a huge cauldron of boiling water, it is better not to fall into it. I saw he killed them! 1-22-2021, 7:48:19 AM
death: the laws of gravity just put rathee 6 feet under on under you is a huge cauldron of boiling water, it is better not to fall into it 1-22-2021, 7:48:19 AM
death: hazard just put prashant 6 feet under on dangerous place 1-22-2021, 7:48:22 AM
roflgamer (blindgamers14) said jajaj 1-22-2021, 7:48:33 AM
death: prashant's head was blown apart and now hazard plays basketball today on dangerous place, up for a game? 1-22-2021, 7:49:29 AM
death: prashant just got their ass handed to them on a platter, happily served by hazard, and he done it on dangerous place! 1-22-2021, 7:50:18 AM
death: hazard just gave rathee what for! he started ruining dangerous place! 1-22-2021, 7:50:22 AM
death: I think I just saw prashant's corpse flying as hazard owned them on dangerous place. 1-22-2021, 7:52:47 AM
prashant disconnected 1-22-2021, 7:53:04 AM
death: roflgamer's aircraft was just obliterated by the force of roflgamer's rocket on main 1-22-2021, 8:05:48 AM
death: Stay clear of main, roflgamer has begun decaying. Thanks roflgamer's sky 436 mine 1-22-2021, 8:06:00 AM
death: hazard just put rathee 6 feet under on dangerous place 1-22-2021, 8:14:41 AM
death: because of the villany of hazard, rathee will no longer have a beating heart again, because it is broken on the dangerous place. 1-22-2021, 8:15:20 AM
death: There's a light at the end of the tunnel rathee, actually, fuck that. hazard ran you down on dangerous place. Sor'r'r'r'r'r'r'r'r'r'ry 1-22-2021, 8:16:14 AM
death: A pool of red reminder liquid now forms under rathee's corpse. hazard has the credibility for their demise.  1-22-2021, 8:17:59 AM
death: rathee was given what was coming to them, thank you hazard! 1-22-2021, 8:22:14 AM
death: Another one bites the dust! rathee, have fun, I'm sure the laws of gravity is on under you is a huge cauldron of boiling water, it is better not to fall into it 1-22-2021, 8:22:14 AM
death: Well, rathee doesn't exist anymore. Looks to be that hazard has ultimate victory. Clean up on dangerous place  1-22-2021, 8:25:45 AM
prashant logged in. 1-22-2021, 8:25:57 AM
prashant disconnected 1-22-2021, 8:27:00 AM
death: A pool of red reminder liquid now forms under rathee's corpse. hazard has the credibility for their demise.  1-22-2021, 8:28:20 AM
death: rathee was just obliterated by the force of hazard on dangerous place 1-22-2021, 8:29:20 AM
prashant logged in. 1-22-2021, 8:34:46 AM
prashant (prashant) said only you 2 are here 1-22-2021, 8:35:06 AM
prashant disconnected 1-22-2021, 8:36:19 AM
prashant logged in. 1-22-2021, 8:38:38 AM
death: Breaking news! Today, heavy hammer killed prashant so easy on dangerous place! isn't it a good news? 1-22-2021, 8:38:48 AM
roflgamer (blindgamers14) said boring 1-22-2021, 8:38:55 AM
prashant (prashant) said yeah 1-22-2021, 8:39:02 AM
rathee lost connection 1-22-2021, 8:39:06 AM
prashant (prashant) said no good game to play 1-22-2021, 8:39:11 AM
roflgamer (blindgamers14) said rotu is down 1-22-2021, 8:39:19 AM
prashant (prashant) said bs all so 1-22-2021, 8:39:26 AM
roflgamer (blindgamers14) said its down again? 1-22-2021, 8:39:37 AM
prashant (prashant) said yeah 1-22-2021, 8:39:43 AM
roflgamer (blindgamers14) said tunmi make post about that 2 games on forum 1-22-2021, 8:39:54 AM
prashant (prashant) said what was that 1-22-2021, 8:40:13 AM
roflgamer (blindgamers14) said you not read it? 1-22-2021, 8:40:19 AM
roflgamer (blindgamers14) said wait i get it 1-22-2021, 8:40:31 AM
death: Oh flapjacks, main looks like a big bloody mess. roflgamer's rocket definitely pushed hard to use roflgamer's tank's remains as a deceration 1-22-2021, 8:45:25 AM
death: roflgamer was obliterated by the explosion of their tank 1-22-2021, 8:45:25 AM
death: dragonfly just got annihilated by roflgamer on zalp 1-22-2021, 8:47:22 AM
death: Man? what's this! worm died? No! He's my friend! Or what... I mean, he's roflgamer's friend! But I still can't believe looking at how he killed them on zalp. 1-22-2021, 8:48:01 AM
death: Stop crying, doctor! Go kill roflgamer! where he is, on zalp! 1-22-2021, 8:48:31 AM
death: and splat goes excavator, with roflgamer standing over them on zalp with quite the smile 1-22-2021, 8:48:40 AM
death: coyote got fucked up by roflgamer on zalp. 1-22-2021, 8:49:05 AM
death: wolf has been terminated by roflgamer on zalp 1-22-2021, 8:49:57 AM
death: zalp smells pretty dank. fireman needs a proper barrial by roflgamer 1-22-2021, 8:50:14 AM
death: Amphibian just blew roflgamer's brains out on zalp. Somebody get a mo 1-22-2021, 8:50:33 AM
death: worm was given what was coming to them, thank you roflgamer! 1-22-2021, 8:51:19 AM
death: because of the villany of roflgamer, wolf will no longer have a beating heart again, because it is broken on the zalp. 1-22-2021, 8:51:31 AM
death: roflgamer, I believe poltergeist had something to say, go meet him on zalp. 1-22-2021, 8:51:57 AM
death: gravaty just finished pulling the corpse of poltergeist to the ground of the zalp,  and we can thank roflgamer for the help!  1-22-2021, 8:52:01 AM
death: Man? what's this! roflgamer's helicopter 71 died? No! He's my friend! Or what... I mean, he's roflgamer's crt43_automatic_shotgun's friend! But I still can't believe looking at how he killed them on zalp. 1-22-2021, 8:54:08 AM
death: cyborg has been terminated by roflgamer on zalp 1-22-2021, 8:54:30 AM
death: roflgamer just blasted cat away from zalp! 1-22-2021, 8:54:48 AM
death: zalp smells pretty dank. metallurgist needs a proper barrial by roflgamer 1-22-2021, 8:55:01 AM
death: The zalp is full now with roflgamer's guts as boss owned them! 1-22-2021, 8:55:27 AM
death: Oops? Man down! That man is boss. roflgamer isn't so kind on zalp. 1-22-2021, 8:55:31 AM
in team masters, roflgamer (blindgamers14) said edit  selected guest 1-22-2021, 8:58:35 AM
teja logged in. 1-22-2021, 8:58:39 AM
in team masters, teja (teja) said hay 1-22-2021, 8:59:07 AM
in team masters, roflgamer (blindgamers14) said hey 1-22-2021, 8:59:12 AM
in team masters, teja (teja) said roflgamer? 1-22-2021, 8:59:21 AM
in team masters, teja (teja) said what to do when tea cost cums? 1-22-2021, 8:59:47 AM
in team masters, teja (teja) said teacost? 1-22-2021, 8:59:53 AM
in team masters, roflgamer (blindgamers14) said go up 1-22-2021, 8:59:54 AM
in team masters, roflgamer (blindgamers14) said tCAs 1-22-2021, 8:59:59 AM
in team masters, teja (teja) said no still it is crashing 1-22-2021, 9:00:13 AM
in team masters, teja (teja) said i went till 4000  1-22-2021, 9:00:27 AM
in team masters, roflgamer (blindgamers14) said ahah 1-22-2021, 9:00:32 AM
in team masters, teja (teja) said still  1-22-2021, 9:00:33 AM
in team masters, roflgamer (blindgamers14) said your message has been sent to the admins. 1-22-2021, 9:00:34 AM
in team masters, roflgamer (blindgamers14) said rong press 1-22-2021, 9:00:38 AM
in team masters, teja (teja) said tell 1-22-2021, 9:00:47 AM
in team masters, roflgamer (blindgamers14) said it say decsend or ryce 1-22-2021, 9:01:02 AM
in team masters, teja (teja) said what? 1-22-2021, 9:01:08 AM
in team masters, roflgamer (blindgamers14) said descend 1-22-2021, 9:01:09 AM
in team masters, teja (teja) said i do not know 1-22-2021, 9:01:15 AM
in team masters, roflgamer (blindgamers14) said it saying t cas, descend or t cas, ryce? 1-22-2021, 9:01:29 AM
in team masters, teja (teja) said i do not know 1-22-2021, 9:01:39 AM
in team masters, roflgamer (blindgamers14) said it will speak 1-22-2021, 9:01:52 AM
in team masters, roflgamer (blindgamers14) said if it say, t cas, descend, you shut go down. if say t cas, ryce, you shut go up 1-22-2021, 9:02:30 AM
in team masters, teja (teja) said k 1-22-2021, 9:02:40 AM
prashant (prashant) said tejhjhjhjhjhjhjhhjjhjhjhjjhjjhjhjjhjhja 1-22-2021, 9:03:15 AM
roflgamer (blindgamers14) said lakjfds 1-22-2021, 9:03:30 AM
prashant (prashant) said gedwaWEgfdwg 1-22-2021, 9:03:37 AM
roflgamer (blindgamers14) said i rong press key again 1-22-2021, 9:03:45 AM
prashant (prashant) said lol] 1-22-2021, 9:03:49 AM
roflgamer (blindgamers14) said i send mesage to admin not to team 1-22-2021, 9:03:53 AM
roflgamer (blindgamers14) said ahaha 1-22-2021, 9:03:58 AM
prashant (prashant) said i did this so menny times 1-22-2021, 9:04:07 AM
roflgamer (blindgamers14) said oh haha 1-22-2021, 9:04:14 AM
roflgamer (blindgamers14) said you get warn? 1-22-2021, 9:04:18 AM
prashant (prashant) said on evri game 1-22-2021, 9:04:23 AM
roflgamer (blindgamers14) said ohaha 1-22-2021, 9:04:28 AM
prashant (prashant) said no i say sorry 1-22-2021, 9:04:29 AM
prashant (prashant) said after that 1-22-2021, 9:04:39 AM
prashant disconnected 1-22-2021, 9:04:57 AM
in team masters, roflgamer (blindgamers14) said hey 1-22-2021, 9:05:01 AM
killer3000 logged in. 1-22-2021, 9:05:10 AM
in team masters, teja (teja) said TELL 1-22-2021, 9:05:13 AM
killer3000 (killer3000) said h 1-22-2021, 9:05:16 AM
in team masters, roflgamer (blindgamers14) said nothing 1-22-2021, 9:05:18 AM
in team masters, killer3000 (killer3000) said hooooooooooooooooooooooooooooooo 1-22-2021, 9:05:25 AM
roflgamer (blindgamers14) said i want team talk 5.7 1-22-2021, 9:05:42 AM
roflgamer (blindgamers14) said favorite item 1 set to health_drink 1-22-2021, 9:06:25 AM
in team masters, teja (teja) said tq 1-22-2021, 9:06:51 AM
in team masters, roflgamer (blindgamers14) said kk 1-22-2021, 9:06:54 AM
in team masters, teja (teja) said prashant 1-22-2021, 9:06:55 AM
in team masters, teja (teja) said prashant 1-22-2021, 9:07:03 AM
in team masters, killer3000 (killer3000) said i didnt roflgamer gave it you 1-22-2021, 9:07:09 AM
in team masters, killer3000 (killer3000) said yes? 1-22-2021, 9:07:13 AM
in team masters, teja (teja) said k 1-22-2021, 9:07:13 AM
in team masters, teja (teja) said tell me let us go and try to get kannen 1-22-2021, 9:07:27 AM
in team masters, teja (teja) said tq 1-22-2021, 9:07:33 AM
in team masters, killer3000 (killer3000) said ok 1-22-2021, 9:07:33 AM
in team masters, killer3000 (killer3000) said np  1-22-2021, 9:07:36 AM
in team masters, asdfasdf (blindgamers14) said cannon? 1-22-2021, 9:07:41 AM
in team masters, teja (teja) said let us go and try to get kannen 1-22-2021, 9:07:50 AM
in team masters, killer3000 (killer3000) said cannen and zo;fighter 1-22-2021, 9:07:54 AM
in team masters, asdfasdf (blindgamers14) said lets go get cannon 1-22-2021, 9:08:39 AM
in team masters, killer3000 (killer3000) said there is 2 weppens 1-22-2021, 9:08:51 AM
in team masters, teja (teja) said you have 750 air. this should last you about 43 minutes and 45 seconds 1-22-2021, 9:08:55 AM
asdfasdf (blindgamers14) said favorite item 12 set to sky_436_mine 1-22-2021, 9:08:58 AM
asdfasdf (blindgamers14) said wow 1-22-2021, 9:09:01 AM
in team masters, killer3000 (killer3000) said cannen and zolfighter 1-22-2021, 9:09:02 AM
in team masters, teja (teja) said wich one is better 1-22-2021, 9:09:02 AM
in team masters, asdfasdf (blindgamers14) said yes 1-22-2021, 9:09:11 AM
asdfasdf (blindgamers14) said favorite item 11 not assigned 1-22-2021, 9:09:17 AM
in team masters, teja (teja) said wich one is better? 1-22-2021, 9:09:19 AM
in team masters, teja (teja) said you have 750 air. this should last you about 43 minutes and 45 seconds 1-22-2021, 9:09:26 AM
in team masters, asdfasdf (blindgamers14) said you have 80 air. this should last you about 4 minutes and 40 seconds 1-22-2021, 9:09:32 AM
in team masters, killer3000 (killer3000) said but i don't kno that we canget both or only 1 1-22-2021, 9:09:33 AM
in team masters, teja (teja) said oh 1-22-2021, 9:09:45 AM
in team masters, teja (teja) said frequency_scrambler, 2 1-22-2021, 9:09:49 AM
in team masters, asdfasdf (blindgamers14) said i want air 1-22-2021, 9:09:49 AM
in team masters, killer3000 (killer3000) said ohoho 1-22-2021, 9:09:54 AM
in team masters, asdfasdf (blindgamers14) said frequency_scrambler, 1 1-22-2021, 9:09:57 AM
in team masters, teja (teja) said let us try then 1-22-2021, 9:09:59 AM
in team masters, teja (teja) said frequency_scrambler, 2 1-22-2021, 9:10:07 AM
in team masters, killer3000 (killer3000) said ok then you get air me and teja go and find the way, ok? 1-22-2021, 9:10:21 AM
asdfasdf (blindgamers14) said you have 80 air. this should last you about 4 minutes and 40 seconds 1-22-2021, 9:11:18 AM
in team masters, killer3000 (killer3000) said come 1-22-2021, 9:11:59 AM
teja (teja) said you have 3 of 3 ammo in your hand_cannon, and you have 406 bullets remaining 1-22-2021, 9:12:21 AM
teja (teja) said you have 3 of 3 ammo in your hand_cannon, and you have 406 bullets remaining 1-22-2021, 9:12:23 AM
in team masters, teja (teja) said you have 3 of 3 ammo in your hand_cannon, and you have 406 bullets remaining 1-22-2021, 9:12:28 AM
teja (teja) said do not use it  1-22-2021, 9:12:44 AM
killer3000 (killer3000) said we all dai 1-22-2021, 9:12:50 AM
in team masters, asdfasdf (blindgamers14) said i already enter 1-22-2021, 9:13:44 AM
death: Breaking news! Today, killer3000's sky 436 mine killed killer3000 so easy on hallways! isn't it a good news? 1-22-2021, 9:15:24 AM
asdfasdf (blindgamers14) said i say dont set it up 1-22-2021, 9:15:36 AM
in team masters, killer3000 (killer3000) said roflrofl 1-22-2021, 9:15:38 AM
teja (teja) said oh why? 1-22-2021, 9:15:39 AM
sgamer logged in. 1-22-2021, 9:15:43 AM
death: asdfasdf's sky 436 mine just gave divine what for! he started ruining main! 1-22-2021, 9:15:54 AM
in team masters, teja (teja) said salman hello 1-22-2021, 9:15:55 AM
killer3000 (killer3000) said agahaha 1-22-2021, 9:16:00 AM
asdfasdf (blindgamers14) said asdfasdf's sky 436 mine just gave divine what for! he started ruining main! 1-22-2021, 9:16:01 AM
asdfasdf (blindgamers14) said lol 1-22-2021, 9:16:07 AM
divine (sgamer) said rofl 1-22-2021, 9:16:11 AM
in team masters, asdfasdf (blindgamers14) said he out from team 1-22-2021, 9:16:21 AM
killer3000 (killer3000) said hi uncle 1-22-2021, 9:16:21 AM
divine (sgamer) said new auction from divine! 1 cannon, minimum bid 1 coins. 1-22-2021, 9:16:25 AM
killer3000 (killer3000) said oi oi oi 1-22-2021, 9:16:31 AM
asdfasdf (blindgamers14) said lolol 1-22-2021, 9:16:35 AM
killer3000 (killer3000) said how how how how 1-22-2021, 9:16:36 AM
divine (sgamer) said hahahah 1-22-2021, 9:16:43 AM
death: asdfasdf's sky 436 mine just mauled killer3000 on porch 1-22-2021, 9:16:53 AM
divine (sgamer) said you have 1 of 1 ammo in your cannon, and you have 552 bullets remaining 1-22-2021, 9:17:09 AM
killer3000 (killer3000) said oi roflroflrfoorlfof 1-22-2021, 9:17:11 AM
asdfasdf (blindgamers14) said that things broke 1-22-2021, 9:17:15 AM
divine (sgamer) said  staff_sergeant divine: you have 1 of 1 ammo in your cannon, and you have 552 bullets remaining 1-22-2021, 9:17:17 AM
teja (teja) said join team salman 1-22-2021, 9:17:29 AM
killer3000 (killer3000) said roflroflroflrtoflroflroflroflrofl 1-22-2021, 9:17:31 AM
death: asdfasdf's rocket just gave  asdfasdf a royal beating on to drain the water, press enter! 1-22-2021, 9:17:33 AM
death: A pool of red reminder liquid now forms under teja's corpse. asdfasdf's rocket has the credibility for their demise.  1-22-2021, 9:17:33 AM
divine (sgamer) said ok 1-22-2021, 9:17:41 AM
asdfasdf (blindgamers14) said uh sorry 1-22-2021, 9:17:42 AM
killer3000 (killer3000) said fucking hel 1-22-2021, 9:17:43 AM
in team masters, asdfasdf (blindgamers14) said verry sorry 1-22-2021, 9:17:46 AM
killer3000 (killer3000) said whatt the fuck 1-22-2021, 9:17:48 AM
in team masters, asdfasdf (blindgamers14) said accidentally pressed control 1-22-2021, 9:18:00 AM
in team masters, teja (teja) said its o k 1-22-2021, 9:18:07 AM
in team masters, divine (sgamer) said ha 1-22-2021, 9:18:11 AM
in team masters, killer3000 (killer3000) said do not use that 1-22-2021, 9:18:11 AM
in team masters, teja (teja) said its o k 1-22-2021, 9:18:12 AM
superAtacker logged in. 1-22-2021, 9:18:17 AM
superAtacker disconnected 1-22-2021, 9:18:45 AM
in team masters, killer3000 (killer3000) said come soljers 1-22-2021, 9:18:49 AM
in team masters, divine (sgamer) said where 1-22-2021, 9:18:56 AM
in team masters, killer3000 (killer3000) said house 1-22-2021, 9:19:04 AM
in team masters, killer3000 (killer3000) said ccccccccccccccccccccccccccccccccccccaaaaaaaaame 1-22-2021, 9:19:39 AM
sgamer lost connection 1-22-2021, 9:19:50 AM
sgamer logged in. 1-22-2021, 9:20:17 AM
in team masters, killer3000 (killer3000) said come? 1-22-2021, 9:20:49 AM
in team masters, asdfasdf (blindgamers14) said someone have extra storm sniper 1-22-2021, 9:23:08 AM
in team masters, asdfasdf (blindgamers14) said ahhalsdakjf 1-22-2021, 9:23:11 AM
death: killer3000 was just obliterated by the force of zombie on cave 1-22-2021, 9:24:36 AM
killer3000 (killer3000) said fuck 1-22-2021, 9:24:48 AM
death: killer3000 was nuked out of main by asdfasdf's sky 436 mine 1-22-2021, 9:25:09 AM
asdfasdf (blindgamers14) said how 1-22-2021, 9:25:17 AM
divine (sgamer) said o 1-22-2021, 9:25:17 AM
killer3000 (killer3000) said what the fuck is going 1-22-2021, 9:25:32 AM
death: zombie was totaled by asdfasdf on cave 1-22-2021, 9:25:53 AM
death: zombie laughs mockingly at the dying form of asdfasdf on cave 1-22-2021, 9:26:34 AM
in team masters, asdfasdf (blindgamers14) said dieing 1-22-2021, 9:26:46 AM
divine (sgamer) said aha 1-22-2021, 9:28:27 AM
divine (sgamer) said come 1-22-2021, 9:28:29 AM
in team masters, divine (sgamer) said come 1-22-2021, 9:28:30 AM
divine (sgamer) said come 1-22-2021, 9:28:50 AM
killer3000 (killer3000) said coming 1-22-2021, 9:29:14 AM
teja (teja) said forgoten 1-22-2021, 9:29:25 AM
divine (sgamer) said what 1-22-2021, 9:29:38 AM
death: zombie just condemned teja to cave s hell! 1-22-2021, 9:30:11 AM
divine (sgamer) said o 1-22-2021, 9:30:21 AM
death: zombie killed killer3000 on cave. 1-22-2021, 9:30:23 AM
death: zombie was totaled by teja on cave 1-22-2021, 9:30:29 AM
death: Stay clear of cave, zombie has begun decaying. Thanks asdfasdf 1-22-2021, 9:30:29 AM
killer3000 (killer3000) said shit 1-22-2021, 9:30:35 AM
killer3000 (killer3000) said sheeeeeeeeeeety 1-22-2021, 9:30:56 AM
in team masters, teja (teja) said need air 1-22-2021, 9:30:59 AM
in team masters, divine (sgamer) said yar i am afreade  come first 1-22-2021, 9:30:59 AM
in team masters, divine (sgamer) said aaaaaaaaaaaaa 1-22-2021, 9:31:08 AM
in team masters, teja (teja) said air 1-22-2021, 9:31:09 AM
in team masters, divine (sgamer) said oooooooooooooo 1-22-2021, 9:31:15 AM
in team masters, divine (sgamer) said you have 1207 air. this should last you about 1 hour, 10 minutes and 24 seconds 1-22-2021, 9:31:19 AM
in team masters, teja (teja) said or item graber 1-22-2021, 9:31:42 AM
divine (sgamer) said this missile has 2 different modes. you can select a player to send this missile to, or you can manually enter the x, y, z of the missile. what would you like to do 1-22-2021, 9:31:51 AM
killer3000 (killer3000) said zombi are power full 1-22-2021, 9:32:26 AM
teja (teja) said no prashant actually they had taken from the war  1-22-2021, 9:32:58 AM
divine (sgamer) said yes 1-22-2021, 9:33:04 AM
killer3000 (killer3000) said but there they are not power 1-22-2021, 9:33:15 AM
divine (sgamer) said yes 1-22-2021, 9:33:20 AM
teja (teja) said they should give us 10 million helth but they had forgoten 1-22-2021, 9:33:23 AM
divine (sgamer) said can not use this item at this location! 1-22-2021, 9:33:35 AM
divine (sgamer) said no teja 1-22-2021, 9:33:54 AM
killer3000 (killer3000) said stupid mines 1-22-2021, 9:34:10 AM
teja (teja) said yeah they should give us 10 million helth  1-22-2021, 9:34:10 AM
divine (sgamer) said developer dont have t w sorce 1-22-2021, 9:34:12 AM
teja (teja) said oh then how 1-22-2021, 9:34:23 AM
teja (teja) said or from ek 1-22-2021, 9:34:33 AM
killer3000 (killer3000) said sudden atack 1-22-2021, 9:34:35 AM
teja (teja) said ek 1-22-2021, 9:34:39 AM
divine (sgamer) said yeah 1-22-2021, 9:34:43 AM
divine (sgamer) said masters  corporal killer3000: sudden atack 1-22-2021, 9:34:51 AM
teja (teja) said need air  1-22-2021, 9:35:08 AM
in team masters, asdfasdf (blindgamers14) said yw 1-22-2021, 9:35:13 AM
killer3000 (killer3000) said the menu sounds are all so from sudden atack 1-22-2021, 9:35:13 AM
in team masters, teja (teja) said what 1-22-2021, 9:35:24 AM
divine (sgamer) said yeah 1-22-2021, 9:35:25 AM
killer3000 (killer3000) said lol 1-22-2021, 9:35:39 AM
divine (sgamer) said come yarhrhrhrhrhrhrhrhrhrhrhrhrhrhrhrhrhrhrh 1-22-2021, 9:35:53 AM
killer3000 (killer3000) said yaar mara jaunga 1-22-2021, 9:36:06 AM
divine (sgamer) said o ho 1-22-2021, 9:36:15 AM
divine (sgamer) said aaaaaaaaa 1-22-2021, 9:36:17 AM
teja (teja) said need air rofl 1-22-2021, 9:36:24 AM
divine (sgamer) said may ekela kya krun  1-22-2021, 9:36:32 AM
killer3000 (killer3000) said naach 1-22-2021, 9:36:50 AM
killer3000 (killer3000) said tu ja kay lay lay 1-22-2021, 9:36:58 AM
killer3000 (killer3000) said hamay dayday na 1-22-2021, 9:37:07 AM
divine (sgamer) said i dont know 1-22-2021, 9:37:08 AM
divine (sgamer) said how  1-22-2021, 9:37:14 AM
divine (sgamer) said i dont know 1-22-2021, 9:37:20 AM
killer3000 (killer3000) said then how do you have cannen 1-22-2021, 9:37:20 AM
divine (sgamer) said my friend give mi  1-22-2021, 9:37:30 AM
killer3000 (killer3000) said o ho 1-22-2021, 9:37:39 AM
divine (sgamer) said ha 1-22-2021, 9:37:44 AM
killer3000 (killer3000) said oh ho ho ho 1-22-2021, 9:37:51 AM
divine (sgamer) said to aab bol may kya krun 1-22-2021, 9:38:11 AM
killer3000 (killer3000) said try 1-22-2021, 9:38:16 AM
killer3000 (killer3000) said to found 1-22-2021, 9:38:21 AM
killer3000 (killer3000) said because you have sword 1-22-2021, 9:38:32 AM
divine (sgamer) said kaltry keya tha  1-22-2021, 9:38:34 AM
killer3000 (killer3000) said you can do 1-22-2021, 9:38:36 AM
divine (sgamer) said no no come i am afride  1-22-2021, 9:38:58 AM
killer3000 (killer3000) said ok 1-22-2021, 9:39:07 AM
killer3000 (killer3000) said coming 1-22-2021, 9:39:27 AM
divine (sgamer) said aa 1-22-2021, 9:39:33 AM
killer3000 (killer3000) said aa,yaa 1-22-2021, 9:39:41 AM
divine (sgamer) said ok  1-22-2021, 9:39:47 AM
death: teja just beat the shit out of zombie on cave 1-22-2021, 9:40:04 AM
killer3000 (killer3000) said sallay zombi ni martay sniper say 1-22-2021, 9:40:15 AM
teja (teja) said jajaj 1-22-2021, 9:40:24 AM
teja (teja) said haha 1-22-2021, 9:40:26 AM
divine (sgamer) said use throwing_star, 501 1-22-2021, 9:40:32 AM
killer3000 (killer3000) said zombi ganda bacha hai 1-22-2021, 9:40:46 AM
divine (sgamer) said ari yar use throwing_star, 501 1-22-2021, 9:41:07 AM
divine (sgamer) said 30, 6, 233.  1-22-2021, 9:41:21 AM
divine (sgamer) said current location: intricate cave system 1-22-2021, 9:41:33 AM
killer3000 (killer3000) said oi toilet ka dore ni khul raha 1-22-2021, 9:42:06 AM
divine (sgamer) said i want zulphikear  1-22-2021, 9:42:08 AM
divine (sgamer) said zulphaker  1-22-2021, 9:42:24 AM
divine (sgamer) said it is nice gun 1-22-2021, 9:42:34 AM
killer3000 (killer3000) said yaar 1-22-2021, 9:42:43 AM
killer3000 disconnected 1-22-2021, 9:42:44 AM
killer3000 logged in. 1-22-2021, 9:42:47 AM
divine (sgamer) said kya huva 1-22-2021, 9:42:56 AM
killer3000 (killer3000) said dore ni khul ra 1-22-2021, 9:43:05 AM
in team masters, asdfasdf (blindgamers14) said your shippment should arive soon! 
what would you like to do? 1-22-2021, 9:43:12 AM
divine (sgamer) said rolf 1-22-2021, 9:43:13 AM
in team masters, divine (sgamer) said waht 1-22-2021, 9:43:24 AM
killer3000 (killer3000) said oh khu;l gaya 1-22-2021, 9:43:24 AM
rathee logged in. 1-22-2021, 9:43:30 AM
in team masters, asdfasdf (blindgamers14) said i place much protection on this shelter 1-22-2021, 9:43:45 AM
in team masters, divine (sgamer) said yar yea kya keya  1-22-2021, 9:43:51 AM
in team masters, teja (teja) said how 1-22-2021, 9:43:54 AM
in team masters, asdfasdf (blindgamers14) said what 1-22-2021, 9:43:55 AM
death: hazard just gave rathee what for! he started ruining dangerous place! 1-22-2021, 9:44:12 AM
in team masters, teja (teja) said tell me salman ware no air tell me fast 1-22-2021, 9:44:14 AM
in team masters, asdfasdf (blindgamers14) said bulletbomb, sky mine, berecade, mosion bomb 1-22-2021, 9:44:15 AM
in team masters, teja (teja) said no 1-22-2021, 9:44:21 AM
in team masters, asdfasdf (blindgamers14) said give air 1-22-2021, 9:44:26 AM
in team masters, divine (sgamer) said o 1-22-2021, 9:44:28 AM
death: hazard just put the smack down on rathee, thats good, but whi on dangerous place? 1-22-2021, 9:44:46 AM
in team masters, divine (sgamer) said sorry teja bro   1-22-2021, 9:44:48 AM
in team masters, divine (sgamer) said you nead ayre canister 1-22-2021, 9:45:06 AM
in team masters, teja (teja) said yeah 1-22-2021, 9:45:17 AM
death: killer3000 just blew zombie's brains out on cave. Somebody get a mo 1-22-2021, 9:45:17 AM
in team masters, teja (teja) said tell me ware i should press enter  1-22-2021, 9:45:30 AM
asdfasdf (blindgamers14) said you can't stand up! 1-22-2021, 9:45:38 AM
divine sent a Pm to rathee: bro you have yare canisters so give mi plz  1-22-2021, 9:45:51 AM
in team masters, divine (sgamer) said pm to rathee sent: bro you have yare canisters so give mi plz  1-22-2021, 9:45:54 AM
rathee replied to divine: i dont have 1-22-2021, 9:46:03 AM
death: zombie was nuked out of cave by teja 1-22-2021, 9:46:05 AM
in team masters, divine (sgamer) said reply from rathee (rathee): i dont have 1-22-2021, 9:46:15 AM
divine replied to rathee: ok 1-22-2021, 9:46:17 AM
in team masters, divine (sgamer) said yarhrhrhrhrhrhrhrhrhrhrhrh comehehe 1-22-2021, 9:47:09 AM
in team masters, killer3000 (killer3000) said yaar where is the way 1-22-2021, 9:47:19 AM
in team masters, divine (sgamer) said ha 1-22-2021, 9:47:25 AM
in team masters, killer3000 (killer3000) said current location: under dirty water 1-22-2021, 9:47:30 AM
in team masters, divine (sgamer) said o 1-22-2021, 9:47:39 AM
in team masters, divine (sgamer) said try to enter  1-22-2021, 9:48:04 AM
death: teja was just obliterated by the force of zombie on cave 1-22-2021, 9:48:04 AM
death: zombie just got annihilated by killer3000 on cave 1-22-2021, 9:48:06 AM
divine (sgamer) said o ho 1-22-2021, 9:48:11 AM
in team masters, divine (sgamer) said ohohoho 1-22-2021, 9:48:14 AM
in team masters, divine (sgamer) said yar 1-22-2021, 9:48:17 AM
in team masters, divine (sgamer) said iske maki  1-22-2021, 9:48:48 AM
in team masters, killer3000 (killer3000) said no way 1-22-2021, 9:48:50 AM
asdfasdf (blindgamers14) said someone come main 1-22-2021, 9:48:52 AM
in team masters, divine (sgamer) said no yar 1-22-2021, 9:48:58 AM
in team masters, killer3000 (killer3000) said chuth 1-22-2021, 9:48:59 AM
in team masters, divine (sgamer) said come 1-22-2021, 9:49:03 AM
in team masters, divine (sgamer) said /suicide 1-22-2021, 9:49:08 AM
teja (teja) said athee bro 1-22-2021, 9:49:13 AM
death: hazard just put the smack down on rathee, thats good, but whi on under you is a huge cauldron of boiling water, it is better not to fall into it? 1-22-2021, 9:49:14 AM
death: rathee was totaled by the laws of gravity on under you is a huge cauldron of boiling water, it is better not to fall into it 1-22-2021, 9:49:14 AM
teja (teja) said ranjeeth bro 1-22-2021, 9:49:17 AM
in team masters, killer3000 (killer3000) said yaar i can't found the way 1-22-2021, 9:49:20 AM
rathee (rathee) said bro 1-22-2021, 9:49:26 AM
in team masters, divine (sgamer) said i am coming i dont want to go only 1  1-22-2021, 9:49:28 AM
teja (teja) said ranjeeth bro 1-22-2021, 9:49:30 AM
rathee (rathee) said s 1-22-2021, 9:49:33 AM
rathee (rathee) said wate bro 1-22-2021, 9:49:46 AM
teja (teja) said need item graber or air canister 1-22-2021, 9:49:46 AM
teja (teja) said give me bro 1-22-2021, 9:49:57 AM
rathee (rathee) said i dont have both 1-22-2021, 9:49:58 AM
divine (sgamer) said aha 1-22-2021, 9:50:01 AM
teja (teja) said oh 1-22-2021, 9:50:02 AM
in team masters, asdfasdf (blindgamers14) said your bullet bombs: blindgamers14's bullet_bomb: 0, 172, 0 on main.
blindgamers14's bullet_bomb: 0, 176, 0 on main.
blindgamers14's bullet_bomb: 0, 175, 0 on main.
blindgamers14's bullet_bomb: 5, 175, 0 on main.
blindgamers14's bullet_bomb: 3, 175, 0 on main.
blindgamers14's bullet_bomb: 0, 178, 0 on main.
blindgamers14's bullet_bomb: 0, 177, 0 on main.
blindgamers14's bullet_bomb: 2, 177, 0 on main.
blindgamers14's bullet_bomb: 2, 175, 0 on main.
blindgamers14's bullet_bomb: 9, 172, 0 on main.
blindgamers14's bullet_bomb: 9, 173, 0 on main.
blindgamers14's bullet_bomb: 12, 173, 0 on main.
blindgamers14's bullet_bomb: 12, 172, 0 on main.
blindgamers14's bullet_bomb: 13, 172, 0 on main.
blindgamers14's bullet_bomb: 13, 173, 0 on main.
blindgamers14's bullet_bomb: 14, 172, 0 on main.
blindgamers14's bullet_bomb: 14, 173, 0 on main. 1-22-2021, 9:50:32 AM
death: Man? what's this! rathee died? No! He's my friend! Or what... I mean, he's hazard's friend! But I still can't believe looking at how he killed them on dangerous place. 1-22-2021, 9:51:13 AM
death: hazard just mauled rathee on dangerous place 1-22-2021, 9:51:45 AM
death: asdfasdf's remote gun 17 really made a mess of asdfasdf's bullet bomb on the main.  1-22-2021, 9:52:11 AM
death: asdfasdf was given what was coming to them, thank you asdfasdf's bullet bomb! 1-22-2021, 9:52:11 AM
asdfasdf (blindgamers14) said god damit 1-22-2021, 9:52:17 AM
death: Well, psychiatrist doesn't exist anymore. Looks to be that killer3000 has ultimate victory. Clean up on cave2  1-22-2021, 9:52:27 AM
death: killer3000 just beat the shit out of psychiatrist on cave2 1-22-2021, 9:52:37 AM
death: because of the villany of divine, psychiatrist will no longer have a beating heart again, because it is broken on the cave2. 1-22-2021, 9:53:00 AM
in team masters, asdfasdf (blindgamers14) said all exploaded 1-22-2021, 9:53:09 AM
death: Stay clear of cave2, psychiatrist has begun decaying. Thanks divine 1-22-2021, 9:53:28 AM
death: killer3000 just totaled psychiatrist's ass on cave2 1-22-2021, 9:53:44 AM
death: ownage! psychiatrist managed to escape by killing killer3000 on the cave2 1-22-2021, 9:53:51 AM
death: rathee's head was blown apart and now hazard plays basketball today on dangerous place, up for a game? 1-22-2021, 9:53:53 AM
death: psychiatrist was just obliterated by the force of killer3000 on cave2 1-22-2021, 9:54:03 AM
death: He shoots, he scores! psychiatrist's testicles went flying through the hoops on cave2. divine stands tall with quite the sinical smile. 1-22-2021, 9:54:22 AM
death: divine just completely and totally pulvarized psychiatrist over cave2! 1-22-2021, 9:54:33 AM
death: psychiatrist died. Why? Because killer3000 owned them on cave2. 1-22-2021, 9:54:50 AM
death: dangerous place smells pretty dank. rathee needs a proper barrial by hazard 1-22-2021, 9:54:52 AM
death: killer3000 just mauled psychiatrist on cave2 1-22-2021, 9:55:34 AM
death: hazard just neutralized rathee on dangerous place 1-22-2021, 9:55:55 AM
death: and the deathly scream of psychiatrist pierces the air as divine finishes them off on cave2! 1-22-2021, 9:56:04 AM
death: rathee takes their last breath as hazard blasts them in the face one last time on dangerous place. Brutallity! 1-22-2021, 9:56:35 AM
death: psychiatrist was totaled by divine on cave2 1-22-2021, 9:56:35 AM
rathee (rathee) said if any one come there 1-22-2021, 9:56:52 AM
asdfasdf (blindgamers14) said come where 1-22-2021, 9:57:02 AM
teja (teja) said ware bro 1-22-2021, 9:57:03 AM
rathee (rathee) said current location: dangerous place 1-22-2021, 9:57:10 AM
death: asdfasdf just got creamed by hazard on dangerous place 1-22-2021, 9:57:58 AM
stepman logged in. 1-22-2021, 9:58:03 AM
asdfasdf (blindgamers14) said nah 1-22-2021, 9:58:06 AM
death: A pool of red reminder liquid now forms under rathee's corpse. the laws of gravity has the credibility for their demise.  1-22-2021, 9:58:47 AM
death: I think I just saw stepman's corpse flying as hazard owned them on dangerous place. 1-22-2021, 10:00:05 AM
death: hazard just neutralized rathee on dangerous place 1-22-2021, 10:00:16 AM
death: You know that particular element in physics where velocity increases as you fall? yeah, stepman learned that really fuckin quick, and we can thank hazard. 1-22-2021, 10:00:59 AM
rathee lost connection 1-22-2021, 10:02:31 AM
death: stepman was totaled by hazard on dangerous place 1-22-2021, 10:02:35 AM
death: killer3000 laughs mockingly at the dying form of psychiatrist on cave2 1-22-2021, 10:02:56 AM
death: psychiatrist's head was blown apart and now killer3000 plays basketball today on cave2, up for a game? 1-22-2021, 10:03:17 AM
death: stepman just got annihilated by hazard on dangerous place 1-22-2021, 10:03:21 AM
death: psychiatrist just got bashed by divine on the cave2 1-22-2021, 10:03:46 AM
killer3000 disconnected 1-22-2021, 10:04:10 AM
killer3000 logged in. 1-22-2021, 10:04:12 AM
death: There's a light at the end of the tunnel psychiatrist, actually, fuck that. divine ran you down on cave2. Sor'r'r'r'r'r'r'r'r'r'ry 1-22-2021, 10:04:18 AM
in team masters, teja (teja) said prashant ware? 1-22-2021, 10:04:22 AM
in team masters, asdfasdf (blindgamers14) said dk 1-22-2021, 10:04:26 AM
in team masters, asdfasdf (blindgamers14) said bye ah 1-22-2021, 10:04:36 AM
in team masters, asdfasdf (blindgamers14) said want go 1-22-2021, 10:04:39 AM
death: stepman's head was blown apart and now hazard plays basketball today on dangerous place, up for a game? 1-22-2021, 10:04:41 AM
blindgamers14 disconnected 1-22-2021, 10:04:42 AM
death: divine just used the grounds of the cave2 to teach psychiatrist a very important lesson!  1-22-2021, 10:04:58 AM
death: hazard just blasted stepman away from the snow mountain! 1-22-2021, 10:05:06 AM
death: divine is so happy because he killed psychiatrist on cave2! 1-22-2021, 10:05:14 AM
server notification: The masters_for_ever shelter has been created! 1-22-2021, 10:05:38 AM
death: Rest  in piece, stepman. We'll sure miss you, guess we can thank hazard for what they did on dangerous place. 1-22-2021, 10:05:59 AM
anil logged in. 1-22-2021, 10:07:27 AM
anil (anil) said lmao all 100 kills in our team accept me 1-22-2021, 10:08:15 AM
in team bestkiller, stepman (stepman) said zots 1-22-2021, 10:08:56 AM
in team masters, anil (anil) said hai all guys 1-22-2021, 10:09:07 AM
in team masters, teja (teja) said hello anil 1-22-2021, 10:09:16 AM
bolgelo logged in. 1-22-2021, 10:09:32 AM
in team masters, anil (anil) said teja you told me to stay in hostal write? 1-22-2021, 10:09:38 AM
bolgelo disconnected 1-22-2021, 10:09:44 AM
killer3000 (killer3000) said hey admin 1-22-2021, 10:10:02 AM
anil (anil) said he went away 1-22-2021, 10:10:11 AM
krokodailtop logged in. 1-22-2021, 10:10:14 AM
anil (anil) said lmao 1-22-2021, 10:10:20 AM
anil sent a Pm to teja: you told me to stay in hostal write? 1-22-2021, 10:10:50 AM
death: OK, let's see what else killer3000's rocket can do for divine on cave2. I saw he killed them! 1-22-2021, 10:10:55 AM
death: Damn, killer3000's rocket, that was quite a vicious display of violence towards killer3000?, but worst of all, you done it on ! 1-22-2021, 10:10:55 AM
teja replied to anil: yeah 1-22-2021, 10:11:02 AM
anil replied to teja: but i cannot cause  i have  python corse so 1-22-2021, 10:11:39 AM
death: Another one bites the dust! duckling, have fun, I'm sure stepman is on zalp 1-22-2021, 10:11:45 AM
in team masters, anil (anil) said guys lets go kiill him 1-22-2021, 10:12:00 AM
in team masters, killer3000 (killer3000) said lol he gone? 1-22-2021, 10:12:07 AM
death: Stay clear of zalp, metallurgist has begun decaying. Thanks killer3000 1-22-2021, 10:12:14 AM
in team masters, anil (anil) said stepmen 1-22-2021, 10:12:15 AM
death: scout was given what was coming to them, thank you killer3000! 1-22-2021, 10:12:21 AM
death: stepman takes their last breath as killer3000's storm_sniper blasts them in the face one last time on zalp. Brutallity! 1-22-2021, 10:12:24 AM
in team masters, anil (anil) said hehehehehehe 1-22-2021, 10:12:33 AM
death: divine's storm_sniper just completely and totally pulvarized krokodailtop over viewing platform! 1-22-2021, 10:12:45 AM
death: Oops? Man down! That man is boxer. killer3000 isn't so kind on boxing. 1-22-2021, 10:13:27 AM
death: Another one bites the dust, boxer, you will be greatly missed on boxing, killer3000? what have you done? 1-22-2021, 10:13:34 AM
death: Well, boxer doesn't exist anymore. Looks to be that killer3000 has ultimate victory. Clean up on boxing  1-22-2021, 10:13:34 AM
death: teja was just obliterated by the force of heavy hammer on underground chamber 1-22-2021, 10:13:41 AM
killer3000 (killer3000) said um? 1-22-2021, 10:13:43 AM
death: kirillboss just beat the shit out of krokodailtop on kirill'smain_room 1-22-2021, 10:13:50 AM
in team masters, anil (anil) said lmao 1-22-2021, 10:14:01 AM
in team masters, teja (teja) said anil 1-22-2021, 10:14:14 AM
in team masters, anil (anil) said yup 1-22-2021, 10:14:17 AM
in team masters, teja (teja) said need item graber 1-22-2021, 10:14:19 AM
in team masters, anil (anil) said doent have rofl 1-22-2021, 10:14:27 AM
stepman sent a Pm to divine: только если ты будешь там один 1-22-2021, 10:14:37 AM
in team masters, anil (anil) said ask prashant or scamer they might hhave 1-22-2021, 10:14:43 AM
in team masters, anil (anil) said have* 1-22-2021, 10:14:46 AM
krokodailtop disconnected 1-22-2021, 10:14:50 AM
krokodailtop logged in. 1-22-2021, 10:14:52 AM
anil (anil) said i havent gain i won 1-22-2021, 10:15:05 AM
stepman sent a Pm to divine: no 1-22-2021, 10:15:51 AM
anil (anil) said guys 1-22-2021, 10:16:05 AM
anil (anil) said what we will get if we win guess number chalange 1-22-2021, 10:16:23 AM
killer3000 (killer3000) said coins i thing 1-22-2021, 10:16:32 AM
teja (teja) said need air rofl 1-22-2021, 10:16:41 AM
anil (anil) said lol i havent recieved nothing 1-22-2021, 10:16:44 AM
sgamer lost connection 1-22-2021, 10:16:50 AM
anil (anil) said i won this game now 1-22-2021, 10:16:51 AM
killer3000 (killer3000) said lol 1-22-2021, 10:16:57 AM
anil (anil) said lmao cheeters 1-22-2021, 10:17:04 AM
killer3000 (killer3000) said lool 1-22-2021, 10:17:09 AM
killer3000 (killer3000) said mising bs 1-22-2021, 10:17:22 AM
death: asdfasdf's sky 436 mine just mauled stepman on main 1-22-2021, 10:17:22 AM
death: teja just got creamed by trainer on boxing 1-22-2021, 10:17:23 AM
anil (anil) said lmaao 1-22-2021, 10:17:42 AM
anil (anil) said lol this filips in our team? 1-22-2021, 10:18:19 AM
death: stepman was nuked off the viewing platform by killer3000's storm_sniper 1-22-2021, 10:18:22 AM
in team masters, anil (anil) said prasshaant 1-22-2021, 10:18:33 AM
teja (teja) said any admin hear 1-22-2021, 10:18:43 AM
death: stepman, I believe killer3000's storm_sniper had something to say, go meet him on viewing platform. 1-22-2021, 10:18:43 AM
in team masters, anil (anil) said prashant 1-22-2021, 10:18:52 AM
in team masters, teja (teja) said change pass 1-22-2021, 10:18:54 AM
in team masters, anil (anil) said is he using rocket 1-22-2021, 10:19:01 AM
death: stepman takes their last breath as asdfasdf's sky 436 mine blasts them in the face one last time on main. Brutallity! 1-22-2021, 10:19:17 AM
teja (teja) said any admin hear 1-22-2021, 10:19:21 AM
in team masters, killer3000 (killer3000) said your team password has been updated to masters2121 1-22-2021, 10:19:25 AM
in team masters, anil (anil) said k 1-22-2021, 10:19:30 AM
in team masters, anil (anil) said prashant 1-22-2021, 10:19:36 AM
in team masters, killer3000 (killer3000) said yes 1-22-2021, 10:19:39 AM
in team masters, anil (anil) said can you give me lagondory sword? 1-22-2021, 10:19:48 AM
in team masters, killer3000 (killer3000) said i don't have loooooool 1-22-2021, 10:19:58 AM
in team masters, anil (anil) said that chalange is sooooooo hard and i  want storm sniper but how 1-22-2021, 10:20:28 AM
death: stepman's helicopter 75 was just obliterated by the force of killer3000's storm_sniper on main 1-22-2021, 10:21:54 AM
death: because of the villany of the laws of gravity, killer3000 will no longer have a beating heart again, because it is broken on the near the tall tall center tower, wich is going upp to the sky. 1-22-2021, 10:22:35 AM
death: stepman died. Why? Because the laws of gravity owned them on a tall center tower stairs. 1-22-2021, 10:22:37 AM
killer3000 (killer3000) said ahaha 1-22-2021, 10:22:42 AM
in team masters, anil (anil) said Hello and welcome to my site where you learn Python even if you have no programming background. 1-22-2021, 10:23:03 AM
death: killer3000 was nuked out of main by stepman's missile 1-22-2021, 10:23:44 AM
in team masters, killer3000 (killer3000) said guys help 1-22-2021, 10:23:58 AM
in team masters, teja (teja) said ware 1-22-2021, 10:24:12 AM
in team masters, killer3000 (killer3000) said mane 1-22-2021, 10:24:16 AM
death: teja just put leopard 6 feet under on zalp 1-22-2021, 10:24:36 AM
stepman sent a Pm to killer3000: go to main 1-22-2021, 10:24:39 AM
in team masters, killer3000 (killer3000) said pm from stepman (stepman): go to main 1-22-2021, 10:24:44 AM
death: cock was turned to pulp by teja on zalp 1-22-2021, 10:25:18 AM
death: Another one bites the dust, pan, you will be greatly missed on zalp, teja? what have you done? 1-22-2021, 10:25:35 AM
death: teja just gave sniper what for! he started ruining zalp! 1-22-2021, 10:25:56 AM
death: teja just put the smack down on snake, thats good, but whi on zalp? 1-22-2021, 10:26:09 AM
death: Anybody knows why tank died? I know! tank got owned by teja! Where? On zalp! 1-22-2021, 10:26:25 AM
in team masters, anil (anil) said k back 1-22-2021, 10:26:31 AM
in team masters, anil (anil) said wherre help prashant 1-22-2021, 10:26:42 AM
death: teja just put the smack down on dire, thats good, but whi on zalp? 1-22-2021, 10:26:59 AM
rathee logged in. 1-22-2021, 10:27:00 AM
death: Oops? Man down! That man is rathee. hazard isn't so kind on dangerous place. 1-22-2021, 10:27:04 AM
death: killer3000's storm_sniper just totaled stepman's helicopter 74's ass on main 1-22-2021, 10:27:06 AM
death: car2, You have a murderer on zalp, go ahead teja  1-22-2021, 10:27:15 AM
death: Somebody call 9 1 1, oh wait, rain check. teja gives no shits. Peace out, duckling 1-22-2021, 10:27:25 AM
death: teja laughs mockingly at the dying form of car2 on zalp 1-22-2021, 10:27:41 AM
death: teja just totaled drone's ass on zalp 1-22-2021, 10:27:53 AM
death: a bloody corpse of rabbit now lies on zalp, thanks to teja 1-22-2021, 10:28:00 AM
death: stepman's helicopter 66 just got their ass handed to them on a platter, happily served by killer3000's storm_sniper, and he done it on main! 1-22-2021, 10:28:03 AM
death: teja just blew laboratory_assistant's brains out on zalp. Somebody get a mo 1-22-2021, 10:28:26 AM
death: monsterkiller was owned by teja on zalp 1-22-2021, 10:28:42 AM
death: teja is so happy because he killed goat on zalp! 1-22-2021, 10:28:49 AM
stepman logged in. 1-22-2021, 10:29:02 AM
anil logged in. 1-22-2021, 10:29:08 AM
killer3000 logged in. 1-22-2021, 10:29:13 AM
teja logged in. 1-22-2021, 10:29:19 AM
rathee logged in. 1-22-2021, 10:29:22 AM
death: Damn, anil, that was quite a vicious display of violence towards woman3?, but worst of all, you done it on zalp! 1-22-2021, 10:29:32 AM
killer3000 (killer3000) said ahaha 1-22-2021, 10:29:36 AM
death: Another one bites the dust, rathee, you will be greatly missed on , hazard? what have you done? 1-22-2021, 10:29:36 AM
death: boar got fucked up by anil on zalp. 1-22-2021, 10:29:49 AM
in team masters, killer3000 (killer3000) said guys come to mane 1-22-2021, 10:29:51 AM
stepman disconnected 1-22-2021, 10:29:54 AM
death: because of the villany of boar, anil will no longer have a beating heart again, because it is broken on the zalp. 1-22-2021, 10:30:03 AM
in team masters, killer3000 (killer3000) said oh he whent 1-22-2021, 10:30:04 AM
death: The zalp is full now with boar's guts as teja owned them! 1-22-2021, 10:30:22 AM
death: A pool of red reminder liquid now forms under destructor's corpse. teja has the credibility for their demise.  1-22-2021, 10:30:31 AM
death: teja was just obliterated by the force of dragonfly on zalp 1-22-2021, 10:30:43 AM
death: Another one bites the dust! rathee, have fun, I'm sure the laws of gravity is on dangerous place 1-22-2021, 10:30:59 AM
stepman logged in. 1-22-2021, 10:31:14 AM
in team masters, anil (anil) said lool just you on the map 1-22-2021, 10:31:17 AM
death: A new freshly killed blood of grandpa lies now on zalp, thanks killer3000! 1-22-2021, 10:31:33 AM
death: and splat goes shark, with killer3000 standing over them on zalp with quite the smile 1-22-2021, 10:31:52 AM
in team masters, killer3000 (killer3000) said 17 air canisters 1-22-2021, 10:32:00 AM
death: Anybody knows why coyote died? I know! coyote got owned by killer3000! Where? On zalp! 1-22-2021, 10:32:07 AM
death: the zalp now contains loads of guts from enemy3, thanks to killer3000.  1-22-2021, 10:32:12 AM
death: A pool of red reminder liquid now forms under anil's corpse. stepman's missile has the credibility for their demise.  1-22-2021, 10:32:16 AM
death: anil's helicopter 26 was owned by stepman's storm_sniper on main 1-22-2021, 10:32:21 AM
death: Anybody knows why enemy4 died? I know! enemy4 got owned by killer3000! Where? On zalp! 1-22-2021, 10:32:23 AM
death: You know that particular element in physics where velocity increases as you fall? yeah, scout learned that really fuckin quick, and we can thank killer3000. 1-22-2021, 10:32:31 AM
death: car1 just got bashed by killer3000 on the zalp 1-22-2021, 10:32:35 AM
death: fireball, I believe killer3000 had something to say, go meet him on zalp. 1-22-2021, 10:33:19 AM
death: rathee was nuked out of dangerous place by hazard 1-22-2021, 10:33:21 AM
udit logged in. 1-22-2021, 10:33:25 AM
in team masters, anil (anil) said heey how these cheeter able to use guided messail on main? 1-22-2021, 10:33:32 AM
in team masters, killer3000 (killer3000) said from the tower 1-22-2021, 10:33:40 AM
krokodailtop logged in. 1-22-2021, 10:33:57 AM
anil (anil) said coward 1-22-2021, 10:34:00 AM
udit (udit) said i want some wepon plz if you can so give me 1-22-2021, 10:34:07 AM
in team masters, teja (teja) said tq very much prashant 1-22-2021, 10:34:13 AM
in team masters, anil (anil) said nown to be a small coward  1-22-2021, 10:34:17 AM
death: the laws of gravity just mauled stepman on a tall center tower stairs 1-22-2021, 10:34:24 AM
in team masters, teja (teja) said you have 1296 air. this should last you about 1 hour, 15 minutes and 36 seconds 1-22-2021, 10:34:24 AM
in team masters, killer3000 (killer3000) said np brother 1-22-2021, 10:34:25 AM
death: Well, rathee doesn't exist anymore. Looks to be that hazard has ultimate victory. Clean up on dangerous place  1-22-2021, 10:34:32 AM
in team masters, killer3000 (killer3000) said just you on the map 1-22-2021, 10:35:12 AM
death: killer3000's storm_sniper killed stepman's robot 54 on main. 1-22-2021, 10:35:41 AM
death: rathee, I believe hazard had something to say, go meet him on dangerous place. 1-22-2021, 10:35:45 AM
death: Well, stepman's helicopter 29 doesn't exist anymore. Looks to be that killer3000's storm_sniper has ultimate victory. Clean up on main  1-22-2021, 10:35:49 AM
teja sent a Pm to killer3000: tell me from ware we can get them 1-22-2021, 10:36:26 AM
killer3000 replied to teja: i killd some thing on that zef[ 1-22-2021, 10:36:41 AM
death: killer3000's storm_sniper just mauled anil's helicopter 81 on main 1-22-2021, 10:37:03 AM
death: because of the villany of stepman's turret 705, killer3000 will no longer have a beating heart again, because it is broken on the a tall center tower stairs. 1-22-2021, 10:37:10 AM
in team masters, anil (anil) said lol why 1-22-2021, 10:37:11 AM
death: Another one bites the dust! stepman, have fun, I'm sure the laws of gravity is on near the tall tall center tower, wich is going upp to the sky 1-22-2021, 10:37:16 AM
stepman disconnected 1-22-2021, 10:37:21 AM
death: OK, let's see what else dead battery can do for stepman's turret 705 on main. I saw he killed them! 1-22-2021, 10:37:21 AM
death: rathee's hand_cannon laughs mockingly at the dying form of teja on main 1-22-2021, 10:37:27 AM
in team masters, killer3000 (killer3000) said it was atacking me looooool 1-22-2021, 10:37:29 AM
death: rathee's hand_cannon just put anil's robot 2 6 feet under on main 1-22-2021, 10:37:42 AM
death: lamprey just put krokodailtop 6 feet under on zalp 1-22-2021, 10:38:03 AM
death: lamprey was nuked out of zalp by krokodailtop 1-22-2021, 10:38:04 AM
death: teja's robot 15 got fucked up by rathee's hand_cannon on main. 1-22-2021, 10:38:13 AM
death: stun_grenade_tile just completely and totally pulvarized udit over stun!! 1-22-2021, 10:39:32 AM
death: the main now contains loads of guts from killer3000, thanks to heavy hammer.  1-22-2021, 10:39:38 AM
death: OK, let's see what else rathee's hand_cannon can do for anil on main. I saw he killed them! 1-22-2021, 10:39:38 AM
death: teja's helicopter 17 died. Why? Because rathee's hand_cannon owned them on main. 1-22-2021, 10:40:00 AM
death: rathee's head was blown apart and now teja's hand_cannon plays basketball today on near the tall tall center tower, wich is going upp to the sky, up for a game? 1-22-2021, 10:40:22 AM
anil (anil) said balls to  this 1-22-2021, 10:40:37 AM
death: Well, krokodailtop doesn't exist anymore. Looks to be that heavy hammer has ultimate victory. Clean up on dance area  1-22-2021, 10:40:51 AM
death: and splat goes udit, with killer3000's storm_sniper standing over them on main with quite the smile 1-22-2021, 10:40:59 AM
krokodailtop disconnected 1-22-2021, 10:41:02 AM
death: rathee was nuked off the main by killer3000's storm_sniper 1-22-2021, 10:41:35 AM
death: the laws of gravity killed killer3000 on main. 1-22-2021, 10:42:48 AM
death: Rest  in piece, teja. We'll sure miss you, guess we can thank rathee's armored tank for what they did on main. 1-22-2021, 10:44:06 AM
death: rathee's armored tank just mauled killer3000 on main 1-22-2021, 10:44:44 AM
in team masters, anil (anil) said reeng 1-22-2021, 10:46:52 AM
in team masters, anil (anil) said oy nno 1-22-2021, 10:46:56 AM
in team masters, killer3000 (killer3000) said  wa wa wa 1-22-2021, 10:47:12 AM
in team masters, killer3000 (killer3000) said ehehehee 1-22-2021, 10:47:29 AM
in team masters, anil (anil) said killhim 1-22-2021, 10:47:43 AM
in team masters, killer3000 (killer3000) said ahahah 1-22-2021, 10:47:45 AM
death: OK, let's see what else hazard can do for udit on dangerous place. I saw he killed them! 1-22-2021, 10:48:18 AM
in team masters, killer3000 (killer3000) said how much he's tank has lol\ 1-22-2021, 10:48:25 AM
in team masters, anil (anil) said ddoen no 1-22-2021, 10:48:34 AM
death: A new corpse of udit is flying on cage, because udit's rpg7 made this to happen! 1-22-2021, 10:49:07 AM
death: polarbear was nuked out of cage by udit's rpg7 1-22-2021, 10:49:08 AM
death: Rest  in piece, rathee. We'll sure miss you, guess we can thank killer3000's rocket for what they did on main. 1-22-2021, 10:49:55 AM
in team masters, killer3000 (killer3000) said ahahaha 1-22-2021, 10:49:58 AM
in team masters, teja (teja) said nice 1-22-2021, 10:50:08 AM
death: udit just blasted coyote away from cage! 1-22-2021, 10:50:12 AM
death: A pool of red reminder liquid now forms under goat's corpse. udit has the credibility for their demise.  1-22-2021, 10:50:18 AM
in team masters, teja (teja) said use amad tank 1-22-2021, 10:50:19 AM
in team masters, anil (anil) said revenge 1-22-2021, 10:50:24 AM
death: A pool of red reminder liquid now forms under goat's corpse. udit has the credibility for their demise.  1-22-2021, 10:50:26 AM
in team masters, killer3000 (killer3000) said armer tank 1-22-2021, 10:50:30 AM
death: because of the villany of udit, rabbit will no longer have a beating heart again, because it is broken on the cage. 1-22-2021, 10:50:30 AM
in team masters, teja (teja) said yeah 1-22-2021, 10:50:37 AM
death: leopard just used the grounds of the cage to teach udit a very important lesson!  1-22-2021, 10:50:49 AM
in team masters, killer3000 (killer3000) said roket is good for big maps 1-22-2021, 10:51:03 AM
in team masters, anil (anil) said yes 1-22-2021, 10:51:10 AM
death: boar killed udit on cage. 1-22-2021, 10:51:38 AM
in team masters, anil (anil) said lmao he killed me 1-22-2021, 10:51:41 AM
in team masters, killer3000 (killer3000) said who 1-22-2021, 10:51:51 AM
in team masters, teja (teja) said lets go to door to the house at 223, 449, 2 1-22-2021, 10:52:03 AM
in team masters, anil (anil) said ranjith  bro 1-22-2021, 10:52:04 AM
in team masters, anil (anil) said so iwe killled him 1-22-2021, 10:52:26 AM
in team masters, killer3000 (killer3000) said wo your armored_tank has 1000000 health, and 100% fuel. last hit by nothing 1-22-2021, 10:52:32 AM
in team masters, teja (teja) said nice 1-22-2021, 10:52:39 AM
in team masters, anil (anil) said o this is the reason 1-22-2021, 10:52:46 AM
death: udit just mauled polarbear on cage 1-22-2021, 10:52:49 AM
death: A new corpse of dog is flying on cage, because udit made this to happen! 1-22-2021, 10:52:53 AM
death: goat just got creamed by udit on cage 1-22-2021, 10:53:00 AM
death: Rest  in piece, goat. We'll sure miss you, guess we can thank udit for what they did on cage. 1-22-2021, 10:53:07 AM
death: because of the villany of udit, goat will no longer have a beating heart again, because it is broken on the cage. 1-22-2021, 10:53:17 AM
istek logged in. 1-22-2021, 10:53:24 AM
death: leopard just gave udit what for! he started ruining cage! 1-22-2021, 10:53:26 AM
death: Damn, udit, that was quite a vicious display of violence towards leopard?, but worst of all, you done it on cage! 1-22-2021, 10:53:30 AM
death: teja's robot99 just completely and totally pulvarized rathee's armored_tank over main! 1-22-2021, 10:53:42 AM
death: rathee was obliterated by the explosion of their armored_tank 1-22-2021, 10:53:42 AM
death: dead battery just beat the shit out of teja's robot 99 on main 1-22-2021, 10:53:47 AM
in team masters, teja (teja) said nice 1-22-2021, 10:53:47 AM
in team masters, killer3000 (killer3000) said lols 1-22-2021, 10:54:02 AM
in team masters, teja (teja) said teja's robot99 just completely and totally pulvarized rathee's armored_tank over main! 1-22-2021, 10:54:08 AM
in team masters, killer3000 (killer3000) said ahaha 1-22-2021, 10:54:14 AM
udit (udit) said what should i do with dead animals which i am having 1-22-2021, 10:54:15 AM
in team masters, anil (anil) said o hehehehe 1-22-2021, 10:54:17 AM
teja (teja) said cook 1-22-2021, 10:54:20 AM
udit (udit) said how 1-22-2021, 10:54:26 AM
teja (teja) said with fire 1-22-2021, 10:54:34 AM
in team masters, anil (anil) said this guided thinji is good 1-22-2021, 10:54:46 AM
udit (udit) said how to use fire and how to place them in fire 1-22-2021, 10:55:02 AM
death: rathee's hand_cannon just blasted killer3000 away from main! 1-22-2021, 10:55:39 AM
death: I think I just saw boxer's corpse flying as fighter3 owned them on boxing. 1-22-2021, 10:55:54 AM
death: trainer, You have a murderer on boxing, go ahead fighter3  1-22-2021, 10:55:55 AM
udit (udit) said how to coock with fire the animals 1-22-2021, 10:56:02 AM
death: fighter3 just blew boxer's brains out on boxing. Somebody get a mo 1-22-2021, 10:56:04 AM
death: fighter3 is so happy because he killed trainer on boxing! 1-22-2021, 10:56:07 AM
death: fighter3 was nuked off the boxing by killer3000's storm_sniper 1-22-2021, 10:56:10 AM
death: trainer was nuked out of boxing by fighter3 1-22-2021, 10:56:11 AM
death: I think I just saw boxer's corpse flying as killer3000 owned them on boxing. 1-22-2021, 10:56:17 AM
death: killer3000's storm_sniper just mauled fighter3 on viewing platform 1-22-2021, 10:56:27 AM
death: anil's missile is so happy because he killed rathee on main! 1-22-2021, 10:56:33 AM
death: the viewing platform now contains loads of guts from udit, thanks to killer3000's storm_sniper.  1-22-2021, 10:56:34 AM
death: OK, let's see what else killer3000's storm_sniper can do for fighter3 on viewing platform. I saw he killed them! 1-22-2021, 10:56:39 AM
death: Oh flapjacks, to go to the boxing ring, press enter looks like a big bloody mess. killer3000's storm_sniper definitely pushed hard to use fighter3's remains as a deceration 1-22-2021, 10:57:03 AM
in team masters, anil (anil) said hhehehe killed goooooood 1-22-2021, 10:57:07 AM
in team masters, teja (teja) said nice 1-22-2021, 10:57:13 AM
death: udit was totaled by metallurgist on zalp 1-22-2021, 10:57:23 AM
in team masters, teja (teja) said armored_tank, 101 1-22-2021, 10:57:32 AM
in team masters, teja (teja) said use it 1-22-2021, 10:57:34 AM
death: You know that particular element in physics where velocity increases as you fall? yeah, fighter3 learned that really fuckin quick, and we can thank killer3000's storm_sniper. 1-22-2021, 10:57:35 AM
in team masters, anil (anil) said i doent have it rofl 1-22-2021, 10:57:43 AM
udit (udit) said how to coock the animals with fire plz tell me 1-22-2021, 10:57:47 AM
death: You know that particular element in physics where velocity increases as you fall? yeah, fighter3 learned that really fuckin quick, and we can thank killer3000's storm_sniper. 1-22-2021, 10:57:55 AM
in team masters, killer3000 (killer3000) said roket boy 1-22-2021, 10:58:08 AM
death: fighter3's rocket just gave killer3000 what for! he started ruining viewing platform! 1-22-2021, 10:58:09 AM
in team masters, anil (anil) said rocket chiller 1-22-2021, 10:58:23 AM
udit (udit) said do i have to use fire starter? 1-22-2021, 10:58:27 AM
teja (teja) said just press enter ion that meet untill it says cutted  1-22-2021, 10:58:31 AM
death: fighter3 really made a mess of killer3000's storm_sniper on the to exit to the store, press enter.  1-22-2021, 10:58:34 AM
teja (teja) said yeah 1-22-2021, 10:58:36 AM
in team masters, killer3000 (killer3000) said eheheeheh 1-22-2021, 10:58:46 AM
death: Another one bites the dust! fighter3, have fun, I'm sure the laws of gravity is on store 1-22-2021, 10:58:48 AM
death: killer3000 just totaled boxer's ass on boxing 1-22-2021, 10:59:09 AM
death: killer3000 just blasted boxer away from boxing! 1-22-2021, 10:59:09 AM
death: killer3000's storm_sniper just beat the shit out of fighter3 on viewing platform 1-22-2021, 10:59:21 AM
death: teja's robot 8 was just obliterated by the force of rathee's hand_cannon on main 1-22-2021, 10:59:23 AM
in team masters, killer3000 (killer3000) said ahaha 1-22-2021, 10:59:32 AM
sgamer logged in. 1-22-2021, 10:59:35 AM
istek disconnected 1-22-2021, 10:59:39 AM
athee logged in. 1-22-2021, 10:59:52 AM
death: You know that particular element in physics where velocity increases as you fall? yeah, rathee learned that really fuckin quick, and we can thank anil's missile. 1-22-2021, 10:59:57 AM
in team masters, killer3000 (killer3000) said roket boy gone 1-22-2021, 11:00:04 AM
in team masters, divine (sgamer) said ahah 1-22-2021, 11:00:07 AM
in team masters, teja (teja) said anil nice 1-22-2021, 11:00:18 AM
in team masters, anil (anil) said huh 1-22-2021, 11:00:25 AM
in team masters, anil (anil) said thx 1-22-2021, 11:00:32 AM
death: udit was nuked off the main by killer3000's rocket 1-22-2021, 11:01:00 AM
sgamer lost connection 1-22-2021, 11:01:03 AM
in team masters, teja (teja) said nice 1-22-2021, 11:01:07 AM
in team masters, killer3000 (killer3000) said eehehehe 1-22-2021, 11:01:09 AM
in team masters, anil (anil) said kill peeps 1-22-2021, 11:01:23 AM
sgamer logged in. 1-22-2021, 11:01:26 AM
in team masters, teja (teja) said what is the range of rocket loncher 1-22-2021, 11:01:28 AM
in team masters, killer3000 (killer3000) said rofla rofla rofla roflaroflarola 1-22-2021, 11:01:29 AM
in team masters, killer3000 (killer3000) said 150 1-22-2021, 11:01:38 AM
in team masters, anil (anil) said 250  think 1-22-2021, 11:01:40 AM
in team masters, teja (teja) said what is the range of rockdt loncher 1-22-2021, 11:01:43 AM
in team masters, teja (teja) said oh 1-22-2021, 11:01:47 AM
in team masters, teja (teja) said and kannen is 500 1-22-2021, 11:01:53 AM
in team masters, teja (teja) said hand kannen 1-22-2021, 11:01:59 AM
death: anil's missile laughs mockingly at the dying form of udit on main 1-22-2021, 11:02:13 AM
in team masters, athee (athee) said hey guys 1-22-2021, 11:02:35 AM
in team masters, killer3000 (killer3000) said yeah but cannen makes you slo 1-22-2021, 11:02:36 AM
in team masters, killer3000 (killer3000) said hhllo 1-22-2021, 11:02:42 AM
in team masters, teja (teja) said hello athee bro 1-22-2021, 11:02:43 AM
in team masters, killer3000 (killer3000) said hello 1-22-2021, 11:02:44 AM
in team masters, anil (anil) said heyy bro 1-22-2021, 11:02:44 AM
in team masters, athee (athee) said hi 1-22-2021, 11:02:46 AM
sgamer logged in. 1-22-2021, 11:02:49 AM
in team masters, killer3000 (killer3000) said atheeeeeeeeeeeeeeeeeeeeeeeeeee 1-22-2021, 11:02:54 AM
in team masters, anil (anil) said how was your exam 1-22-2021, 11:02:56 AM
in team masters, athee (athee) said how to launch missiles in the main map 1-22-2021, 11:03:07 AM
in team masters, killer3000 (killer3000) said from the tower 1-22-2021, 11:03:17 AM
in team masters, anil (anil) said lol come on tovers 1-22-2021, 11:03:21 AM
in team masters, athee (athee) said o 1-22-2021, 11:03:21 AM
in team masters, teja (teja) said stp429_mini_missile, 11938 1-22-2021, 11:03:22 AM
in team masters, teja (teja) said we can use it 1-22-2021, 11:03:40 AM
death: boxing smells pretty dank. divine needs a proper barrial by boxer 1-22-2021, 11:03:45 AM
death: rabbit just got annihilated by udit on cage 1-22-2021, 11:03:51 AM
in team masters, killer3000 (killer3000) said oi roflrofl 1-22-2021, 11:03:53 AM
death: Stay clear of under you is a huge cauldron of boiling water, it is better not to fall into it, rathee has begun decaying. Thanks hazard 1-22-2021, 11:03:55 AM
in team masters, athee (athee) said where we can buy that 1-22-2021, 11:03:56 AM
death: ownage! udit managed to escape by killing boar on the cage 1-22-2021, 11:03:58 AM
death: A new corpse of boar is flying on cage, because udit made this to happen! 1-22-2021, 11:04:00 AM
istek logged in. 1-22-2021, 11:04:01 AM
in team masters, teja (teja) said store 1-22-2021, 11:04:08 AM
istek disconnected 1-22-2021, 11:04:10 AM
in team masters, athee (athee) said o 1-22-2021, 11:04:13 AM
in team masters, teja (teja) said bro you know way to get kannen 1-22-2021, 11:04:18 AM
in team masters, killer3000 (killer3000) said roket boy came and gone? 1-22-2021, 11:04:20 AM
in team masters, teja (teja) said athee bro 1-22-2021, 11:04:26 AM
in team masters, athee (athee) said no bro 1-22-2021, 11:04:28 AM
in team masters, teja (teja) said we need kannen 1-22-2021, 11:04:31 AM
sgamer lost connection 1-22-2021, 11:04:34 AM
in team masters, athee (athee) said from where 1-22-2021, 11:04:38 AM
in team masters, athee (athee) said hand cannon? 1-22-2021, 11:04:44 AM
istek logged in. 1-22-2021, 11:04:44 AM
in team masters, killer3000 (killer3000) said i need zolfighter 1-22-2021, 11:04:51 AM
in team masters, teja (teja) said door to the house at 223, 449, 2 1-22-2021, 11:04:57 AM
sgamer logged in. 1-22-2021, 11:05:01 AM
in team masters, anil (anil) said athee bro how was your exam? 1-22-2021, 11:05:01 AM
in team masters, athee (athee) said fine bro 1-22-2021, 11:05:08 AM
death: the laws of gravity killed divine on vehicle store. 1-22-2021, 11:05:23 AM
in team masters, athee (athee) said tomorrow i will no the result 1-22-2021, 11:05:24 AM
death: dangerous place smells pretty dank. rathee needs a proper barrial by hazard 1-22-2021, 11:05:26 AM
sgamer disconnected 1-22-2021, 11:05:31 AM
death: Another one bites the dust! athee, have fun, I'm sure hazard is on dangerous place 1-22-2021, 11:05:42 AM
athee disconnected 1-22-2021, 11:05:59 AM
WhiteDevil logged in. 1-22-2021, 11:06:27 AM
death: The dangerous place is full now with rathee's guts as hazard owned them! 1-22-2021, 11:06:32 AM
udit (udit) said what i have to do with skinned lion 1-22-2021, 11:07:04 AM
death: dead battery just blew teja's robot 73's brains out on main. Somebody get a mo 1-22-2021, 11:07:30 AM
fighter3 (istek) said oi 1-22-2021, 11:07:40 AM
fighter3 (istek) said tc 1-22-2021, 11:07:43 AM
istek disconnected 1-22-2021, 11:07:47 AM
death: Oh flapjacks, dangerous place looks like a big bloody mess. hazard definitely pushed hard to use rathee's remains as a deceration 1-22-2021, 11:08:07 AM
death: WhiteDevil just got bashed by hazard on the dangerous place 1-22-2021, 11:08:22 AM
death: hazard is so happy because he killed rathee on dangerous place! 1-22-2021, 11:08:50 AM
in team masters, teja (teja) said salman 1-22-2021, 11:09:14 AM
sgamer logged in. 1-22-2021, 11:09:14 AM
in team masters, teja (teja) said salman 1-22-2021, 11:09:19 AM
in team masters, teja (teja) said now cum  1-22-2021, 11:09:25 AM
in team masters, teja (teja) said door to the house at 223, 449, 2 1-22-2021, 11:09:32 AM
anil lost connection 1-22-2021, 11:09:36 AM
in team masters, teja (teja) said door to the house at 223, 449, 2 1-22-2021, 11:09:39 AM
death: Another one bites the dust! WhiteDevil, have fun, I'm sure hazard is on dangerous place 1-22-2021, 11:10:15 AM
death: Man? what's this! WhiteDevil died? No! He's my friend! Or what... I mean, he's the laws of gravity's friend! But I still can't believe looking at how he killed them on dangerous place. 1-22-2021, 11:10:15 AM
death: rathee was owned by hazard on dangerous place 1-22-2021, 11:10:50 AM
istek logged in. 1-22-2021, 11:11:40 AM
istek disconnected 1-22-2021, 11:11:43 AM
death: hazard just used the grounds of the dangerous place to teach WhiteDevil a very important lesson!  1-22-2021, 11:11:46 AM
death: WhiteDevil, You have a murderer on dangerous place, go ahead the laws of gravity  1-22-2021, 11:11:46 AM
anil logged in. 1-22-2021, 11:12:23 AM
death: udit's awp laughs mockingly at the dying form of udit's remote gun 11 on cage 1-22-2021, 11:13:15 AM
udit disconnected 1-22-2021, 11:13:20 AM
death: and splat goes rathee, with hazard standing over them on dangerous place with quite the smile 1-22-2021, 11:14:16 AM
death: Anybody knows why WhiteDevil died? I know! WhiteDevil got owned by hazard! Where? On dangerous place! 1-22-2021, 11:14:32 AM
Simba logged in. 1-22-2021, 11:14:41 AM
death: hazard just blasted WhiteDevil away from dangerous place! 1-22-2021, 11:16:45 AM
krish logged in. 1-22-2021, 11:17:01 AM
death: hazard just mauled HarryPotter on under you is a huge cauldron of boiling water, it is better not to fall into it 1-22-2021, 11:17:01 AM
krish (krish) said hi 1-22-2021, 11:17:05 AM
krish (krish) said hi 1-22-2021, 11:17:06 AM
killer3000 (killer3000) said hi krish 1-22-2021, 11:17:09 AM
death: dangerous place smells pretty dank. rathee needs a proper barrial by hazard 1-22-2021, 11:17:12 AM
HarryPotter (Simba) said hi crish 1-22-2021, 11:17:15 AM
krish (krish) said hi 1-22-2021, 11:17:20 AM
krish lost connection 1-22-2021, 11:17:45 AM
krish logged in. 1-22-2021, 11:17:58 AM
killer3000 (killer3000) said 52 cannon ammo! 1-22-2021, 11:18:17 AM
in team masters, teja (teja) said door to the cage of the angry and hungry animals, it looks like a really dangerous place, be very carefull entering this at 0, 30, 0 1-22-2021, 11:18:21 AM
in team masters, teja (teja) said wich one 1-22-2021, 11:18:25 AM
in team masters, killer3000 (killer3000) said cannen 1-22-2021, 11:18:31 AM
in team masters, anil (anil) said yayayayaya 1-22-2021, 11:18:34 AM
krish (krish) said verhrhrhhrhrhrhrhrhhrhrhrhhrhrhrhy lagg 1-22-2021, 11:18:43 AM
in team masters, teja (teja) said need some air  1-22-2021, 11:18:45 AM
in team masters, anil (anil) said i  got 13 air canister now 1-22-2021, 11:18:47 AM
in team masters, teja (teja) said nice 1-22-2021, 11:18:55 AM
in team masters, killer3000 (killer3000) said corporal killer3000:   from zalp? 1-22-2021, 11:19:02 AM
death: HarryPotter was owned by hazard on dangerous place 1-22-2021, 11:19:07 AM
in team masters, teja (teja) said tell me in wich map i can find air canister 1-22-2021, 11:19:09 AM
in team masters, teja (teja) said k 1-22-2021, 11:19:16 AM
death: krish, I believe the laws of gravity had something to say, go meet him on . 1-22-2021, 11:19:21 AM
in team masters, killer3000 (killer3000) said zalp or item grebare 1-22-2021, 11:19:25 AM
krish (krish) said fuck grabity 1-22-2021, 11:19:29 AM
krish lost connection 1-22-2021, 11:19:30 AM
krish logged in. 1-22-2021, 11:19:46 AM
death: teja is so happy because he killed dragonfly on zalp! 1-22-2021, 11:20:00 AM
death: OK, let's see what else hazard can do for WhiteDevil on dangerous place. I saw he killed them! 1-22-2021, 11:20:11 AM
death: HarryPotter was just obliterated by the force of hazard on dangerous place 1-22-2021, 11:20:16 AM
death: boar just got creamed by teja on zalp 1-22-2021, 11:20:19 AM
death: Man? what's this! enemy8 died? No! He's my friend! Or what... I mean, he's teja's friend! But I still can't believe looking at how he killed them on zalp. 1-22-2021, 11:20:25 AM
death: OK, let's see what else teja can do for robot on zalp. I saw he killed them! 1-22-2021, 11:20:35 AM
death: OK, let's see what else hazard can do for rathee on dangerous place. I saw he killed them! 1-22-2021, 11:20:36 AM
death: enemy7 really made a mess of teja on the zalp.  1-22-2021, 11:20:46 AM
death: oy, where'd HarryPotter go? Do you happen to know, hazard? 1-22-2021, 11:20:47 AM
death: teja just blasted gorilla away from zalp! 1-22-2021, 11:21:06 AM
krish lost connection 1-22-2021, 11:21:15 AM
krish logged in. 1-22-2021, 11:21:25 AM
death: krish was owned by hazard on  1-22-2021, 11:21:54 AM
killer3000 (killer3000) said roflroflrofl 1-22-2021, 11:22:00 AM
death: hazard just neutralized killer3000 on dangerous place 1-22-2021, 11:22:05 AM
death: oy, where'd killer3000 go? Do you happen to know, the laws of gravity? 1-22-2021, 11:22:05 AM
krish (krish) said admins 1-22-2021, 11:22:11 AM
krish (krish) said lagg 1-22-2021, 11:22:14 AM
krish (krish) said jumping lagg 1-22-2021, 11:22:19 AM
krish lost connection 1-22-2021, 11:22:19 AM
killer3000 disconnected 1-22-2021, 11:22:25 AM
in team masters, anil (anil) said yayayayayayayayayayaaya 1-22-2021, 11:22:30 AM
krish logged in. 1-22-2021, 11:22:31 AM
in team masters, anil (anil) said yayayayaa 1-22-2021, 11:22:33 AM
in team masters, anil (anil) said yayaya 1-22-2021, 11:22:34 AM
WhiteDevil (WhiteDevil) said lllllllllllllllllllllllllllllllllllllllllllllllllllllllllllllllllllllllllllllllllllllllllllllllllllllllllllllllllllllaaaaaaaaaaaaaaaaaaaaaaaaaaaaaaaaaaaaaaaaaaaaaaaaaaaaaaaaaaaaaaaaaaaaaaaaaaaaaaaaaaaaaaaaaaaaaaaaaaaaaaaaaaaaaaaaaaaaaaaaaaaaaaaaaaaaaaaaaaaaaaggggggggggggggggggggggggggggggggggggggggggggggggggggggggggggggggggggggggggggggggggggggggggggggggggggggggggggggggggggggggggggggggggggggggggggggggggggggggg 1-22-2021, 11:22:35 AM
prashant logged in. 1-22-2021, 11:22:40 AM
HarryPotter (Simba) said krish help  1-22-2021, 11:22:42 AM
in team masters, anil (anil) said yayaya i got masque prashant 1-22-2021, 11:22:44 AM
in team masters, anil (anil) said gas_mask, 1 1-22-2021, 11:23:00 AM
in team masters, divine (sgamer) said aha 1-22-2021, 11:23:11 AM
in team masters, anil (anil) said well thanques main 1-22-2021, 11:23:20 AM
death: krish just got annihilated by hazard on dangerous place 1-22-2021, 11:23:27 AM
krish disconnected 1-22-2021, 11:23:31 AM
death: Man? what's this! prashant died? No! He's my friend! Or what... I mean, he's hazard's friend! But I still can't believe looking at how he killed them on dangerous place. 1-22-2021, 11:23:36 AM
death: teja just royally kicked lion's ass on zalp 1-22-2021, 11:23:44 AM
death: Is there a doctor on the under you is a huge cauldron of boiling water, it is better not to fall into it? HarryPotter has no paulse. Oh, there isn't? Okay. hazard laughs. 1-22-2021, 11:23:47 AM
death: hazard just put WhiteDevil 6 feet under on dangerous place 1-22-2021, 11:23:48 AM
death: WhiteDevil, I believe the laws of gravity had something to say, go meet him on dangerous place. 1-22-2021, 11:23:48 AM
death: Stop crying, mutated_wolf! Go kill teja! where he is, on zalp! 1-22-2021, 11:23:54 AM
krish logged in. 1-22-2021, 11:23:56 AM
HarryPotter (Simba) said oi lagg 1-22-2021, 11:24:03 AM
death: tank_aftomat has been terminated by teja on zalp 1-22-2021, 11:24:12 AM
death: poltergeist really made a mess of teja on the zalp.  1-22-2021, 11:24:22 AM
krish (krish) said jal dee aao ub lagg come hee 1-22-2021, 11:24:29 AM
death: There's a light at the end of the tunnel flamethrower, actually, fuck that. teja ran you down on zalp. Sor'r'r'r'r'r'r'r'r'r'ry 1-22-2021, 11:24:30 AM
death: I think I just saw shark's corpse flying as teja owned them on zalp. 1-22-2021, 11:24:39 AM
death: The dangerous place is full now with rathee's guts as hazard owned them! 1-22-2021, 11:24:45 AM
death: hazard just blew krish's brains out on dangerous place. Somebody get a mo 1-22-2021, 11:24:47 AM
death: Is there a doctor on the zalp? harvester has no paulse. Oh, there isn't? Okay. teja laughs. 1-22-2021, 11:24:49 AM
death: Breaking news! Today, hazard killed WhiteDevil so easy on the snow mountain! isn't it a good news? 1-22-2021, 11:24:58 AM
death: Rest  in piece, WhiteDevil. We'll sure miss you, guess we can thank the laws of gravity for what they did on the snow mountain. 1-22-2021, 11:24:59 AM
death: poltergeist killed teja on zalp. 1-22-2021, 11:24:59 AM
death: HarryPotter just got bashed by hazard on the dangerous place 1-22-2021, 11:25:02 AM
death: Somebody call 9 1 1, oh wait, rain check. poltergeist gives no shits. Peace out, divine 1-22-2021, 11:25:05 AM
death: Another one bites the dust, poltergeist, you will be greatly missed on zalp, divine? what have you done? 1-22-2021, 11:25:07 AM
divine (sgamer) said rofl 1-22-2021, 11:25:15 AM
in team masters, anil (anil) said guys wha;ts this? 1-22-2021, 11:25:36 AM
in team masters, teja (teja) said wich one 1-22-2021, 11:25:43 AM
death: Is there a doctor on the dangerous place? HarryPotter has no paulse. Oh, there isn't? Okay. hazard laughs. 1-22-2021, 11:25:44 AM
in team masters, teja (teja) said anil how much air 1-22-2021, 11:25:51 AM
in team masters, anil (anil) said security_bomb, 23 1-22-2021, 11:25:55 AM
in team masters, anil (anil) said what's this? 1-22-2021, 11:26:02 AM
krish lost connection 1-22-2021, 11:26:06 AM
in team masters, teja (teja) said it will make sound when some one cums near to it 1-22-2021, 11:26:13 AM
krish logged in. 1-22-2021, 11:26:24 AM
in team masters, teja (teja) said tell me how much air you have now 1-22-2021, 11:26:27 AM
in team masters, anil (anil) said you have 995 air. this should last you about 58 minutes and 2 seconds 1-22-2021, 11:26:33 AM
death: krish died. Why? Because hazard owned them on . 1-22-2021, 11:26:49 AM
krish lost connection 1-22-2021, 11:26:53 AM
krish logged in. 1-22-2021, 11:27:05 AM
krish lost connection 1-22-2021, 11:27:49 AM
krish logged in. 1-22-2021, 11:28:07 AM
death: udit's sky 436 mine just neutralized teja on cage 1-22-2021, 11:28:25 AM
death: Another one bites the dust, gorilla, you will be greatly missed on cage, sky 436 mine? what have you done? 1-22-2021, 11:28:26 AM
in team masters, divine (sgamer) said o t4eja 1-22-2021, 11:29:06 AM
in team masters, divine (sgamer) said teja 1-22-2021, 11:29:10 AM
in team masters, teja (teja) said tell 1-22-2021, 11:29:11 AM
in team masters, teja (teja) said tell 1-22-2021, 11:29:18 AM
in team masters, teja (teja) said waite cumming 1-22-2021, 11:29:26 AM
death: krish was given what was coming to them, thank you hazard! 1-22-2021, 11:29:59 AM
prashant (prashant) said krish 1-22-2021, 11:30:19 AM
death: Another one bites the dust, HarryPotter, you will be greatly missed on under you is a huge cauldron of boiling water, it is better not to fall into it, hazard? what have you done? 1-22-2021, 11:30:47 AM
death: HarryPotter was given what was coming to them, thank you the laws of gravity! 1-22-2021, 11:30:47 AM
HarryPotter (Simba) said jumping 10 is not to izzy 1-22-2021, 11:31:11 AM
death: the under you is a huge cauldron of boiling water, it is better not to fall into it now contains loads of guts from prashant, thanks to hazard.  1-22-2021, 11:31:17 AM
death: Breaking news! Today, the laws of gravity killed prashant so easy on under you is a huge cauldron of boiling water, it is better not to fall into it! isn't it a good news? 1-22-2021, 11:31:17 AM
krish (krish) said oay harry 1-22-2021, 11:31:39 AM
death: A new corpse of HarryPotter is flying on dangerous place, because hazard made this to happen! 1-22-2021, 11:31:47 AM
krish (krish) said the tile is bellow so its eazy 1-22-2021, 11:31:49 AM
death: anil was nuked out of zalp by anil's rocket 1-22-2021, 11:32:24 AM
rathee (rathee) said congratulations, you've got 545792coins! 1-22-2021, 11:32:25 AM
death: the zalp now contains loads of guts from harvester, thanks to anil's rocket.  1-22-2021, 11:32:25 AM
death: OK, let's see what else hazard can do for HarryPotter on dangerous place. I saw he killed them! 1-22-2021, 11:32:31 AM
death: prashant just got bashed by hazard on the dangerous place 1-22-2021, 11:32:48 AM
krish (krish) said oho 1-22-2021, 11:32:54 AM
death: hazard just beat the shit out of HarryPotter on dangerous place 1-22-2021, 11:33:52 AM
death: heavy hammer just completely and totally pulvarized HarryPotter over laberinth of def! 1-22-2021, 11:34:16 AM
death: Anybody knows why HarryPotter died? I know! HarryPotter got owned by hazard! Where? On dangerous place! 1-22-2021, 11:34:45 AM
death: A pool of red reminder liquid now forms under krish's corpse. hazard has the credibility for their demise.  1-22-2021, 11:34:58 AM
krish (krish) said aray yaar 1-22-2021, 11:35:05 AM
death: Stop crying, HarryPotter! Go kill the laws of gravity! where he is, on dangerous place! 1-22-2021, 11:35:42 AM
prashant (prashant) said ahaha 1-22-2021, 11:35:47 AM
death: HarryPotter, I believe hazard had something to say, go meet him on dangerous place. 1-22-2021, 11:36:12 AM
sgamer lost connection 1-22-2021, 11:36:53 AM
death: A new freshly killed blood of HarryPotter lies now on dangerous place, thanks hazard! 1-22-2021, 11:36:58 AM
death: A new freshly killed blood of prashant lies now on under you is a huge cauldron of boiling water, it is better not to fall into it, thanks hazard! 1-22-2021, 11:37:08 AM
krish (krish) said heheheh 1-22-2021, 11:37:11 AM
prashant (prashant) said a 1-22-2021, 11:37:15 AM
krish (krish) said koi baat nahin 1-22-2021, 11:37:20 AM
prashant (prashant) said lol 1-22-2021, 11:37:23 AM
krish (krish) said men behth ker in tay jaar ker raha hoo 1-22-2021, 11:37:37 AM
death: WhiteDevil's head was blown apart and now hazard plays basketball today on the snow mountain, up for a game? 1-22-2021, 11:37:39 AM
prashant (prashant) said kaya? 1-22-2021, 11:37:48 AM
WhiteDevil (WhiteDevil) said illa pazham 1-22-2021, 11:37:56 AM
rathee (rathee) said 7320 health, 437 shielded shots. 1-22-2021, 11:38:25 AM
death: teja just put the smack down on wolf, thats good, but whi on cage? 1-22-2021, 11:39:17 AM
death: teja just gave  leopard a royal beating on cage! 1-22-2021, 11:39:30 AM
death: Breaking news! Today, teja killed dog so easy on cage! isn't it a good news? 1-22-2021, 11:39:40 AM
death: hazard just condemned prashant to dangerous place s hell! 1-22-2021, 11:39:45 AM
death: Oh flapjacks, cage looks like a big bloody mess. teja definitely pushed hard to use coyote's remains as a deceration 1-22-2021, 11:39:45 AM
prashant (prashant) said kamina keybord 1-22-2021, 11:39:58 AM
krish (krish) said oay kahan gaya 1-22-2021, 11:40:05 AM
teja (teja) said hahahh 1-22-2021, 11:40:06 AM
death: rabbit just got their ass handed to them on a platter, happily served by teja, and he done it on cage! 1-22-2021, 11:40:17 AM
death: ownage! hunter managed to escape by killing teja on the cage 1-22-2021, 11:40:33 AM
death: leopard, You have a murderer on cage, go ahead teja  1-22-2021, 11:40:45 AM
death: Rest  in piece, rabbit. We'll sure miss you, guess we can thank grenade for what they did on cage. 1-22-2021, 11:40:51 AM
death: Breaking news! Today, hazard killed prashant so easy on dangerous place! isn't it a good news? 1-22-2021, 11:40:52 AM
death: the cage now contains loads of guts from teja, thanks to gorilla.  1-22-2021, 11:40:57 AM
death: The cage is full now with gorilla's guts as teja owned them! 1-22-2021, 11:41:02 AM
in team masters, teja (teja) said k 1-22-2021, 11:41:19 AM
in team masters, teja (teja) said prashant lets go 1-22-2021, 11:41:25 AM
WhiteDevil disconnected 1-22-2021, 11:43:12 AM
death: teja was just obliterated by the force of teja's sky 436 mine on main 1-22-2021, 11:43:15 AM
WhiteDevil logged in. 1-22-2021, 11:43:16 AM
death: under you is a huge cauldron of boiling water, it is better not to fall into it smells pretty dank. krish needs a proper barrial by hazard 1-22-2021, 11:43:20 AM
rathee disconnected 1-22-2021, 11:43:21 AM
rathee logged in. 1-22-2021, 11:43:25 AM
krish (krish) said bug 1-22-2021, 11:43:26 AM
krish (krish) said bug 1-22-2021, 11:43:28 AM
death: Stay clear of dangerous place, prashant has begun decaying. Thanks hazard 1-22-2021, 11:43:34 AM
WhiteDevil (WhiteDevil) said what bug 1-22-2021, 11:43:35 AM
krish (krish) said I was sit 1-22-2021, 11:43:47 AM
HarryPotter (Simba) said yaar kaisay mar gaya? pata hi nai chala 1-22-2021, 11:44:09 AM
WhiteDevil disconnected 1-22-2021, 11:44:37 AM
death: Breaking news! Today, hazard killed krish so easy on dangerous place! isn't it a good news? 1-22-2021, 11:44:40 AM
in team masters, teja (teja) said prashant 1-22-2021, 11:44:40 AM
WhiteDevil logged in. 1-22-2021, 11:44:40 AM
prashant (prashant) said ahahahah 1-22-2021, 11:44:45 AM
krish (krish) said sa lay admins bhee tow nahin aa tay hen online 1-22-2021, 11:44:56 AM
WhiteDevil disconnected 1-22-2021, 11:44:57 AM
WhiteDevil logged in. 1-22-2021, 11:45:00 AM
death: HarryPotter, You have a murderer on under you is a huge cauldron of boiling water, it is better not to fall into it, go ahead hazard  1-22-2021, 11:45:12 AM
death: oy, where'd HarryPotter go? Do you happen to know, the laws of gravity? 1-22-2021, 11:45:13 AM
WhiteDevil disconnected 1-22-2021, 11:45:19 AM
HarryPotter (Simba) said sala 1-22-2021, 11:45:22 AM
WhiteDevil logged in. 1-22-2021, 11:45:22 AM
death: Another one bites the dust, krish, you will be greatly missed on dangerous place, hazard? what have you done? 1-22-2021, 11:46:22 AM
krish (krish) said oay yaar yay jul dee jul dee jump kese ker rahay hen? 1-22-2021, 11:46:42 AM
krish (krish) said koi bata dow? 1-22-2021, 11:46:48 AM
HarryPotter (Simba) said may? 1-22-2021, 11:46:57 AM
krish (krish) said yea 1-22-2021, 11:47:05 AM
krish (krish) said yes 1-22-2021, 11:47:06 AM
HarryPotter (Simba) said yaar step gine juye hai 1-22-2021, 11:47:19 AM
in team masters, teja (teja) said prashant? 1-22-2021, 11:47:23 AM
death: There's a light at the end of the tunnel HarryPotter, actually, fuck that. hazard ran you down on under you is a huge cauldron of boiling water, it is better not to fall into it. Sor'r'r'r'r'r'r'r'r'r'ry 1-22-2021, 11:47:30 AM
death: dangerous place smells pretty dank. anil needs a proper barrial by hazard 1-22-2021, 11:48:14 AM
prashant (prashant) said oi anil 1-22-2021, 11:48:20 AM
prashant (prashant) said staap when you reech 1 32 20 1-22-2021, 11:48:32 AM
krish lost connection 1-22-2021, 11:48:43 AM
death: a bloody corpse of prashant now lies on dangerous place, thanks to hazard 1-22-2021, 11:48:44 AM
teja (teja) said prashant? 1-22-2021, 11:48:57 AM
krish logged in. 1-22-2021, 11:49:00 AM
prashant (prashant) said yes? 1-22-2021, 11:49:02 AM
HarryPotter (Simba) said well done, you completed the first part, i'll tell you a secret, there will be two more, good luck!!! 1-22-2021, 11:49:09 AM
WhiteDevil sent a Pm to rathee: taser. costs 50000 coins. description. taser, able to stop the player for a while. you can buy 0 1-22-2021, 11:49:21 AM
teja (teja) said cum  lets go to get kannen 1-22-2021, 11:49:24 AM
krish lost connection 1-22-2021, 11:49:25 AM
prashant (prashant) said other account 1-22-2021, 11:49:29 AM
death: A new freshly killed blood of HarryPotter lies now on under you is a huge cauldron of boiling water, it is better not to fall into it, thanks hazard! 1-22-2021, 11:49:30 AM
death: HarryPotter, You have a murderer on under you is a huge cauldron of boiling water, it is better not to fall into it, go ahead the laws of gravity  1-22-2021, 11:49:30 AM
prashant (prashant) said oh 1-22-2021, 11:49:35 AM
HarryPotter (Simba) said 10 jump hi nai ho raha hai yaar shit 1-22-2021, 11:49:47 AM
teja (teja) said cum with that one 1-22-2021, 11:49:47 AM
krish logged in. 1-22-2021, 11:49:48 AM
HarryPotter (Simba) said  soldier harrypotter: 10 jump hi nai ho raha hai yaar shit 1-22-2021, 11:50:04 AM
sgamer logged in. 1-22-2021, 11:50:07 AM
prashant (prashant) said lo lo lol 1-22-2021, 11:50:10 AM
krish (krish) said lagg 1-22-2021, 11:50:21 AM
in team masters, teja (teja) said salman 1-22-2021, 11:50:23 AM
death: hazard just blew prashant's brains out on dangerous place. Somebody get a mo 1-22-2021, 11:50:24 AM
in team masters, teja (teja) said cum  1-22-2021, 11:50:26 AM
in team masters, divine (sgamer) said tell 1-22-2021, 11:50:28 AM
krish (krish) said hehehehehhe 1-22-2021, 11:50:29 AM
prashant (prashant) said EWAg./re.grgklvjm N\ 1-22-2021, 11:50:31 AM
in team masters, divine (sgamer) said where 1-22-2021, 11:50:33 AM
in team masters, teja (teja) said current location: main 1-22-2021, 11:50:41 AM
krish (krish) said lol? 1-22-2021, 11:50:42 AM
prashant (prashant) said i will fuck this keybord 1-22-2021, 11:50:44 AM
in team masters, divine (sgamer) said ok 1-22-2021, 11:50:46 AM
death: a bloody corpse of rathee now lies on the snow mountain, thanks to hazard 1-22-2021, 11:50:48 AM
krish (krish) said heheh 1-22-2021, 11:50:52 AM
death: anil, I believe hazard had something to say, go meet him on dangerous place. 1-22-2021, 11:50:55 AM
death: Breaking news! Today, the laws of gravity killed HarryPotter so easy on dangerous place! isn't it a good news? 1-22-2021, 11:51:02 AM
death: divine takes their last breath as heavy hammer blasts them in the face one last time on safe zone. Brutallity! 1-22-2021, 11:51:04 AM
prashant (prashant) said get your ass keybord 1-22-2021, 11:51:07 AM
death: the laws of gravity just completely and totally pulvarized divine over store! 1-22-2021, 11:51:25 AM
krish (krish) said 5, 100, 5.  1-22-2021, 11:51:34 AM
krish (krish) said heh 1-22-2021, 11:51:52 AM
death: and splat goes prashant, with the laws of gravity standing over them on dangerous place with quite the smile 1-22-2021, 11:51:56 AM
death: There's a light at the end of the tunnel HarryPotter, actually, fuck that. hazard ran you down on dangerous place. Sor'r'r'r'r'r'r'r'r'r'ry 1-22-2021, 11:52:02 AM
krish (krish) said 20, 100, 20.  1-22-2021, 11:52:07 AM
death: Another one bites the dust! krish, have fun, I'm sure hazard is on under you is a huge cauldron of boiling water, it is better not to fall into it 1-22-2021, 11:52:15 AM
death: Rest  in piece, krish. We'll sure miss you, guess we can thank the laws of gravity for what they did on under you is a huge cauldron of boiling water, it is better not to fall into it. 1-22-2021, 11:52:15 AM
prashant (prashant) said olol 1-22-2021, 11:52:25 AM
krish (krish) said lalalall 1-22-2021, 11:52:30 AM
in team masters, divine (sgamer) said teja 1-22-2021, 11:52:36 AM
in team masters, divine (sgamer) said where are you  1-22-2021, 11:52:40 AM
in team masters, teja (teja) said cum 1-22-2021, 11:52:47 AM
prashant (prashant) said la juarasjuasjuasjuasjuasjuasjuasjuasjuasjuasju,l 1-22-2021, 11:53:01 AM
in team masters, divine (sgamer) said wait  1-22-2021, 11:53:08 AM
krish (krish) said aa juarasjuasjuasjuasjuasjujasujasjuasjuas aag 1-22-2021, 11:53:14 AM
prashant (prashant) said lol 1-22-2021, 11:53:18 AM
death: hazard killed HarryPotter on dangerous place. 1-22-2021, 11:53:26 AM
death: Rest  in piece, teja. We'll sure miss you, guess we can thank teja's rocket for what they did on cave. 1-22-2021, 11:53:31 AM
death: Oh flapjacks, cave looks like a big bloody mess. teja's rocket definitely pushed hard to use zombie's remains as a deceration 1-22-2021, 11:53:33 AM
krish (krish) said wolhlhlhlhllhlhlhlhllhlhlhlhllhlhlhllhlhlhllhlhlhlhy 1-22-2021, 11:53:36 AM
in team masters, divine (sgamer) said o 1-22-2021, 11:53:45 AM
in team masters, teja (teja) said k 1-22-2021, 11:53:51 AM
in team masters, teja (teja) said you go i will cum 1-22-2021, 11:53:55 AM
in team masters, divine (sgamer) said no i am wating come 1-22-2021, 11:54:05 AM
death: Man? what's this! prashant died? No! He's my friend! Or what... I mean, he's hazard's friend! But I still can't believe looking at how he killed them on dangerous place. 1-22-2021, 11:54:18 AM
death: HarryPotter was given what was coming to them, thank you hazard! 1-22-2021, 11:54:25 AM
death: Well, anil doesn't exist anymore. Looks to be that hazard has ultimate victory. Clean up on the snow mountain  1-22-2021, 11:54:26 AM
prashant (prashant) said dfs.rtgjktgjktgjktgjktgjktgjktgjktgjktgjktgjktgjktgjktgjktgjkf  1-22-2021, 11:54:33 AM
death: I think I just saw divine's corpse flying as divine's mini missile owned them on porch. 1-22-2021, 11:54:47 AM
death: Somebody call 9 1 1, oh wait, rain check. the laws of gravity gives no shits. Peace out, krish 1-22-2021, 11:54:50 AM
prashant (prashant) said hehehe 1-22-2021, 11:54:52 AM
divine (sgamer) said rofl 1-22-2021, 11:54:56 AM
death: HarryPotter was turned to pulp by hazard on dangerous place 1-22-2021, 11:55:09 AM
prashant (prashant) said hee juarasjuasjuasjuasjuasjuasju,i 1-22-2021, 11:55:12 AM
krish (krish) said aa juarasjuasjuasjuasjuasjuasjuas?juarasjuasjuasjuasjuasjuasjuas? aa 1-22-2021, 11:55:30 AM
prashant (prashant) said lol 1-22-2021, 11:55:35 AM
death: HarryPotter was nuked out of dangerous place by hazard 1-22-2021, 11:55:39 AM
krish (krish) said mumhmhmhmhmhhmhmhmhmhmmhmhmhmhm mee 1-22-2021, 11:55:51 AM
HarryPotter (Simba) said aaaaaaaaaaaaaaaaaaaaaaaaaaaaaaaaaaa 1-22-2021, 11:55:51 AM
prashant (prashant) said o juarasjuasjuasjuasjuasjuasju,o,a 1-22-2021, 11:55:55 AM
anil disconnected 1-22-2021, 11:56:09 AM
prashant (prashant) said oi oi oi krhrhrhrhrhrhhrhrhrhrhrhhrhhrhrhhrrish 1-22-2021, 11:56:29 AM
HarryPotter (Simba) said o juarasjuasjuasjuasjuasjuasjuasju 1-22-2021, 11:56:43 AM
prashant (prashant) said lol 1-22-2021, 11:56:48 AM
prashant (prashant) said fale 1-22-2021, 11:56:50 AM
krish (krish) said fhfhhfhfhfhfhfhhfhfhfhfhfhfhfhfhfhhfhfhfhhfhfhfhfhhfhfhfhfhfhhfhfhfhfhfhhfhfhaa rhrhhrhrhrhrhrhrhhrhrhrhrhrhhrhrhrhrhrhrhhrhrhrhrhhrhrhrhaa? o juarasjuasjuasjuasjuasjuasjuas?juarasjuasjuasjuasjuasjuasjuas? o hnhnnhnhnhnhnhnnhnhnhnhnnhnhnhnhnnhnhnhno juarasjuasjuasjuasjuasjuasjuas?juarasjuasjuasjuasjuasjuasjuas? o 1-22-2021, 11:56:54 AM
krish lost connection 1-22-2021, 11:56:55 AM
prashant (prashant) said ahahah 1-22-2021, 11:57:03 AM
krish logged in. 1-22-2021, 11:57:18 AM
vishnu logged in. 1-22-2021, 11:57:25 AM
krish (krish) said oay 1-22-2021, 11:57:28 AM
prashant (prashant) said lol 1-22-2021, 11:57:28 AM
krish (krish) said raam jee aa gayay 1-22-2021, 11:57:31 AM
prashant (prashant) said ahaha 1-22-2021, 11:57:32 AM
krish (krish) said heheheheh 1-22-2021, 11:57:36 AM
prashant (prashant) said ahaha pranam 1-22-2021, 11:57:39 AM
vishnu (vishnu) said HAI ALL 1-22-2021, 11:57:45 AM
krish (krish) said see taa ko nahin lay ker aay? sir? 1-22-2021, 11:57:45 AM
krish lost connection 1-22-2021, 11:57:47 AM
prashant (prashant) said ahha 1-22-2021, 11:57:51 AM
krish logged in. 1-22-2021, 11:57:59 AM
prashant (prashant) said oi wo raam thay yay vishnu hai 1-22-2021, 11:58:06 AM
krish (krish) said oho 1-22-2021, 11:58:12 AM
death: dangerous place smells pretty dank. HarryPotter needs a proper barrial by hazard 1-22-2021, 11:58:19 AM
krish lost connection 1-22-2021, 11:58:22 AM
HarryPotter (Simba) said oi ye kaisay mara? 1-22-2021, 11:58:35 AM
prashant (prashant) said ajajahahaa 1-22-2021, 11:58:40 AM
WhiteDevil disconnected 1-22-2021, 11:58:47 AM
krish logged in. 1-22-2021, 11:58:55 AM
krish (krish) said aray o juarasjuasjuasjuasjuasjuas?juarasjuasjuasjuasjuasjuas oay vishnu jee bhee tow raam kay hee abav taar thay jaurasjuasjuasjuasjuasjuasjuasjuas ay 1-22-2021, 11:58:58 AM
divine (sgamer) said you are the best player with 150 kills 1-22-2021, 11:58:59 AM
prashant (prashant) said ha lekin tu fale 1-22-2021, 11:59:08 AM
krish lost connection 1-22-2021, 11:59:18 AM
krish logged in. 1-22-2021, 11:59:29 AM
krish (krish) said sala lagg 1-22-2021, 11:59:34 AM
death: Somebody call 9 1 1, oh wait, rain check. hazard gives no shits. Peace out, prashant 1-22-2021, 11:59:45 AM
HarryPotter sent a Pm to krish:  soldier harrypotter:   koi aur map me chalo yaar ab ye bor kar raha hai 1-22-2021, 11:59:52 AM
krish lost connection 1-22-2021, 11:59:56 AM
krish logged in. 1-22-2021, 12:00:05 PM
death: heavy hammer just put the smack down on krish, thats good, but whi on ? 1-22-2021, 12:00:13 PM
death: A new freshly killed blood of HarryPotter lies now on dangerous place, thanks hazard! 1-22-2021, 12:00:15 PM
death: prashant was given what was coming to them, thank you heavy hammer! 1-22-2021, 12:00:20 PM
krish lost connection 1-22-2021, 12:00:27 PM
krish logged in. 1-22-2021, 12:00:37 PM
prashant (prashant) said aao 1-22-2021, 12:00:38 PM
HarryPotter (Simba) said yaar ye toh mujhe aata hai 1-22-2021, 12:00:49 PM
krish lost connection 1-22-2021, 12:01:56 PM
krish logged in. 1-22-2021, 12:02:10 PM
sgamer lost connection 1-22-2021, 12:02:20 PM
Johnny logged in. 1-22-2021, 12:02:53 PM
Johnny (Johnny) said good morning from SLovakia 1-22-2021, 12:03:14 PM
death: HarryPotter died. Why? Because hazard owned them on the snow mountain. 1-22-2021, 12:03:21 PM
death: Another one bites the dust, HarryPotter, you will be greatly missed on the snow mountain, the laws of gravity? what have you done? 1-22-2021, 12:03:21 PM
death: Oh flapjacks, zalp looks like a big bloody mess. vishnu definitely pushed hard to use drone's remains as a deceration 1-22-2021, 12:03:25 PM
krish lost connection 1-22-2021, 12:03:43 PM
death: You know that particular element in physics where velocity increases as you fall? yeah, zombie learned that really fuckin quick, and we can thank teja. 1-22-2021, 12:03:49 PM
krish logged in. 1-22-2021, 12:04:05 PM
death: vishnu just got their ass handed to them on a platter, happily served by bluedragon, and he done it on zalp! 1-22-2021, 12:04:06 PM
death: A new corpse of bluedragon is flying on zalp, because vishnu made this to happen! 1-22-2021, 12:04:10 PM
in team masters, teja (teja) said salman? 1-22-2021, 12:04:11 PM
krish lost connection 1-22-2021, 12:04:34 PM
prashant (prashant) said ajahahaha]\ 1-22-2021, 12:04:43 PM
krish logged in. 1-22-2021, 12:04:43 PM
Johnny (Johnny) said rofl 1-22-2021, 12:04:48 PM
vishnu (vishnu) said oy sharma 1-22-2021, 12:04:51 PM
krish lost connection 1-22-2021, 12:05:21 PM
Johnny (Johnny) said oi 1-22-2021, 12:05:25 PM
vishnu (vishnu) said lag 1-22-2021, 12:05:31 PM
krish logged in. 1-22-2021, 12:05:41 PM
prashant (prashant) said oi abbhishek bro kidhar hai 1-22-2021, 12:05:45 PM
prashant (prashant) said congratulations, you've got 445243coins! 1-22-2021, 12:05:53 PM
krish (krish) said 9, 109, 90.  1-22-2021, 12:05:58 PM
krish (krish) said tell me 1-22-2021, 12:05:59 PM
krish (krish) said then 1-22-2021, 12:06:01 PM
vishnu (vishnu) said nahi maluum 1-22-2021, 12:06:04 PM
krish lost connection 1-22-2021, 12:06:06 PM
prashant disconnected 1-22-2021, 12:06:14 PM
Johnny (Johnny) said really 1-22-2021, 12:06:16 PM
krish logged in. 1-22-2021, 12:06:29 PM
killer3000 logged in. 1-22-2021, 12:06:29 PM
vishnu (vishnu) said but sharma is goo friend for me 1-22-2021, 12:06:31 PM
HarryPotter (Simba) said congratulations, you've got 476735coins! 1-22-2021, 12:07:06 PM
killer3000 (killer3000) said shabbash simba the sher 1-22-2021, 12:07:07 PM
Johnny (Johnny) said oo 1-22-2021, 12:07:15 PM
death: vishnu just beat the shit out of psychic on zalp 1-22-2021, 12:07:15 PM
death: hazard just royally kicked killer3000's ass on the snow mountain 1-22-2021, 12:07:28 PM
HarryPotter (Simba) said krish? 1-22-2021, 12:07:34 PM
death: hazard just gave  krish a royal beating on try to get around it! 1-22-2021, 12:07:50 PM
killer3000 (killer3000) said loooool 1-22-2021, 12:07:55 PM
HarryPotter (Simba) said krish? 1-22-2021, 12:07:59 PM
death: rabbit's head was blown apart and now vishnu plays basketball today on zalp, up for a game? 1-22-2021, 12:08:03 PM
krish (krish) said yes 1-22-2021, 12:08:03 PM
death: A new freshly killed blood of vishnu lies now on zalp, thanks military_helicopter! 1-22-2021, 12:08:07 PM
death: military_helicopter really made a mess of vishnu on the zalp.  1-22-2021, 12:08:10 PM
HarryPotter (Simba) said ammo chalange par chalo 1-22-2021, 12:08:13 PM
krish (krish) said lol? 1-22-2021, 12:08:19 PM
death: the the snow mountain now contains loads of guts from killer3000, thanks to hazard.  1-22-2021, 12:08:20 PM
death: the laws of gravity just blasted killer3000 away from the snow mountain! 1-22-2021, 12:08:21 PM
HarryPotter (Simba) said aata hai? 1-22-2021, 12:08:25 PM
krish (krish) said ammoe challange map? 1-22-2021, 12:08:27 PM
HarryPotter (Simba) said ya 1-22-2021, 12:08:32 PM
krish (krish) said the war men? 1-22-2021, 12:08:38 PM
HarryPotter (Simba) said yaar sorry/ weapon challenge 1-22-2021, 12:08:53 PM
death: hazard just gave krish what for! he started ruining dangerous place! 1-22-2021, 12:08:54 PM
killer3000 (killer3000) said krish 1-22-2021, 12:09:03 PM
krish (krish) said lololololol 1-22-2021, 12:09:05 PM
HarryPotter (Simba) said aata hai? 1-22-2021, 12:09:08 PM
krish (krish) said nahin aa taa 1-22-2021, 12:09:08 PM
vishnu (vishnu) said lmaao 1-22-2021, 12:09:16 PM
HarryPotter (Simba) said o ok 1-22-2021, 12:09:18 PM
death: Anybody knows why teja died? I know! teja got owned by teja's rocket! Where? On cave2! 1-22-2021, 12:09:29 PM
death: psychiatrist was owned by teja's rocket on cave2 1-22-2021, 12:09:30 PM
killer3000 disconnected 1-22-2021, 12:09:33 PM
prashant logged in. 1-22-2021, 12:09:45 PM
vishnu (vishnu) said hai 1-22-2021, 12:09:51 PM
in team masters, teja (teja) said prashant 1-22-2021, 12:09:52 PM
death: ownage! HarryPotter managed to escape by killing hazard on the dangerous place 1-22-2021, 12:09:53 PM
death: krish just got annihilated by hazard on dangerous place 1-22-2021, 12:09:55 PM
prashant (prashant) said hi oi sharma 1-22-2021, 12:09:57 PM
teja (teja) said prashant? 1-22-2021, 12:10:05 PM
prashant (prashant) said yes 1-22-2021, 12:10:09 PM
krish (krish) said asdafsdfasdfasdfasdf 1-22-2021, 12:10:11 PM
prashant (prashant) said oi krish 1-22-2021, 12:10:19 PM
teja sent a Pm to prashant: hay i know the way now? 1-22-2021, 12:10:38 PM
krish lost connection 1-22-2021, 12:10:41 PM
prashant replied to teja: wich 1-22-2021, 12:10:43 PM
teja replied to prashant: kannen 1-22-2021, 12:10:49 PM
prashant replied to teja: wa 1-22-2021, 12:10:51 PM
krish logged in. 1-22-2021, 12:10:52 PM
teja replied to prashant: but that animals are killing me 1-22-2021, 12:11:07 PM
teja replied to prashant: cum with that account? pleese? 1-22-2021, 12:11:26 PM
death: military_guard just royally kicked vishnu's ass on zalp 1-22-2021, 12:11:29 PM
teja replied to prashant: prashant? cumming? 1-22-2021, 12:12:22 PM
prashant replied to teja: where? 1-22-2021, 12:12:36 PM
prashant replied to teja: oh ok 1-22-2021, 12:12:42 PM
teja replied to prashant: door to the house at 223, 449, 2 1-22-2021, 12:12:46 PM
prashant (prashant) said yep 1-22-2021, 12:12:46 PM
prashant replied to teja: ok 1-22-2021, 12:12:51 PM
teja replied to prashant: cum 1-22-2021, 12:12:52 PM
death: hazard just beat the shit out of HarryPotter on under you is a huge cauldron of boiling water, it is better not to fall into it 1-22-2021, 12:13:00 PM
death: the laws of gravity just condemned HarryPotter to under you is a huge cauldron of boiling water, it is better not to fall into it s hell! 1-22-2021, 12:13:01 PM
prashant disconnected 1-22-2021, 12:13:12 PM
HarryPotter (Simba) said yaar hamesha 10 tile par hi marta hu 1-22-2021, 12:13:23 PM
killer3000 logged in. 1-22-2021, 12:13:26 PM
death: killer3000 was owned by heavy hammer on the snow mountain 1-22-2021, 12:13:34 PM
krish (krish) said oay 1-22-2021, 12:14:00 PM
krish (krish) said ub send kro 1-22-2021, 12:14:05 PM
teja (teja) said hay 1-22-2021, 12:14:12 PM
teja (teja) said hay 1-22-2021, 12:14:17 PM
killer3000 (killer3000) said coming teja 1-22-2021, 12:14:21 PM
teja (teja) said k cum 1-22-2021, 12:14:28 PM
krish (krish) said name heh krish saini 1-22-2021, 12:14:46 PM
killer3000 (killer3000) said enterd the house 1-22-2021, 12:14:58 PM
death: hazard just completely and totally pulvarized HarryPotter over dangerous place! 1-22-2021, 12:15:04 PM
krish (krish) said aa 1-22-2021, 12:15:20 PM
death: hazard is so happy because he killed krish on ! 1-22-2021, 12:15:27 PM
krish lost connection 1-22-2021, 12:16:05 PM
krish logged in. 1-22-2021, 12:16:16 PM
death: Oops? Man down! That man is HarryPotter. hazard isn't so kind on dangerous place. 1-22-2021, 12:16:54 PM
death: hulk just condemned vishnu to zalp s hell! 1-22-2021, 12:17:18 PM
death: the zalp now contains loads of guts from hulk, thanks to vishnu.  1-22-2021, 12:17:20 PM
killer3000 (killer3000) said wa sharma 1-22-2021, 12:17:29 PM
death: hazard just gave  HarryPotter a royal beating on dangerous place! 1-22-2021, 12:18:05 PM
death: vishnu just got creamed by pan on zalp 1-22-2021, 12:18:17 PM
death: a bloody corpse of vishnu now lies on zalp, thanks to tyrant 1-22-2021, 12:19:06 PM
death: zalp smells pretty dank. krish needs a proper barrial by tyrant 1-22-2021, 12:19:18 PM
death: I think I just saw tyrant's corpse flying as krish owned them on zalp. 1-22-2021, 12:19:21 PM
death: Oh flapjacks, dangerous place looks like a big bloody mess. hazard definitely pushed hard to use HarryPotter's remains as a deceration 1-22-2021, 12:19:40 PM
krish sent a Pm to killer3000: hay 1-22-2021, 12:19:43 PM
krish sent a Pm to killer3000: send please 1-22-2021, 12:19:48 PM
krish lost connection 1-22-2021, 12:20:08 PM
death: hazard just mauled HarryPotter on dangerous place 1-22-2021, 12:20:21 PM
krish logged in. 1-22-2021, 12:20:23 PM
death: vishnu just totaled kirill2's ass on kirill's_world 1-22-2021, 12:20:30 PM
death: Stop crying, vishnu! Go kill kirill3! where he is, on kirill's_world! 1-22-2021, 12:20:40 PM
death: vishnu is so happy because he killed kirill3 on kirill's_world! 1-22-2021, 12:20:46 PM
death: vishnu just blasted kirill3 away from kirill's_world! 1-22-2021, 12:20:46 PM
death: hazard just condemned HarryPotter to dangerous place s hell! 1-22-2021, 12:21:02 PM
death: krish just mauled glider on zalp 1-22-2021, 12:21:27 PM
death: Oh flapjacks, zalp looks like a big bloody mess. krish definitely pushed hard to use blaster's remains as a deceration 1-22-2021, 12:21:39 PM
death: vishnu has been terminated by kirill2 on kirill's_world 1-22-2021, 12:21:59 PM
death: You know that particular element in physics where velocity increases as you fall? yeah, storekeeper learned that really fuckin quick, and we can thank krish. 1-22-2021, 12:22:01 PM
death: HarryPotter takes their last breath as hazard blasts them in the face one last time on dangerous place. Brutallity! 1-22-2021, 12:22:06 PM
death: shark has been terminated by krish on zalp 1-22-2021, 12:22:12 PM
death: krish just blasted rocketlauncher away from zalp! 1-22-2021, 12:22:19 PM
teja (teja) said nice 1-22-2021, 12:22:33 PM
killer3000 (killer3000) said oh i did 1-22-2021, 12:22:34 PM
death: Oops? Man down! That man is enemyboss. krish isn't so kind on zalp. 1-22-2021, 12:22:37 PM
death: He shoots, he scores! gangster's testicles went flying through the hoops on zalp. krish stands tall with quite the sinical smile. 1-22-2021, 12:22:45 PM
krish lost connection 1-22-2021, 12:23:04 PM
krish logged in. 1-22-2021, 12:23:15 PM
death: HarryPotter was just obliterated by the force of the laws of gravity on dangerous place 1-22-2021, 12:23:15 PM
death: kirill1 just got annihilated by vishnu on kirill's_world 1-22-2021, 12:23:17 PM
death: vishnu just gave kirill1 what for! he started ruining kirill's_world! 1-22-2021, 12:23:26 PM
death: oy, where'd gorilla go? Do you happen to know, krish? 1-22-2021, 12:23:38 PM
death: gravaty just finished pulling the corpse of bear to the ground of the zalp,  and we can thank krish for the help!  1-22-2021, 12:23:46 PM
death: vishnu, You have a murderer on kirill's_world, go ahead kirill4  1-22-2021, 12:24:02 PM
death: car4 takes their last breath as krish blasts them in the face one last time on zalp. Brutallity! 1-22-2021, 12:24:18 PM
death: Breaking news! Today, hazard killed HarryPotter so easy on dangerous place! isn't it a good news? 1-22-2021, 12:24:19 PM
death: There's a light at the end of the tunnel metallurgist, actually, fuck that. krish ran you down on zalp. Sor'r'r'r'r'r'r'r'r'r'ry 1-22-2021, 12:24:25 PM
death: Man? what's this! psychiatrist died? No! He's my friend! Or what... I mean, he's killer3000's friend! But I still can't believe looking at how he killed them on cave2. 1-22-2021, 12:24:31 PM
death: Well, grandpa doesn't exist anymore. Looks to be that krish has ultimate victory. Clean up on zalp  1-22-2021, 12:24:40 PM
death: and the deathly scream of rathee pierces the air as hazard finishes them off on dangerous place! 1-22-2021, 12:24:43 PM
death: OK, let's see what else teja can do for psychiatrist on cave2. I saw he killed them! 1-22-2021, 12:24:52 PM
death: krish is so happy because he killed dire on zalp! 1-22-2021, 12:24:55 PM
death: psychokiller just gave  vishnu a royal beating on zalp! 1-22-2021, 12:24:59 PM
death: Stay clear of zalp, psychokiller has begun decaying. Thanks krish 1-22-2021, 12:25:10 PM
death: boss has been terminated by krish on zalp 1-22-2021, 12:25:24 PM
killer3000 (killer3000) said oi krish 1-22-2021, 12:25:28 PM
death: fly was totaled by krish on zalp 1-22-2021, 12:25:29 PM
death: robocop just used the grounds of the zalp to teach krish a very important lesson!  1-22-2021, 12:25:31 PM
death: HarryPotter just got creamed by hazard on dangerous place 1-22-2021, 12:25:52 PM
killer3000 (killer3000) said oi saini 1-22-2021, 12:25:53 PM
krish sent a Pm to killer3000: hay 1-22-2021, 12:25:54 PM
death: A pool of red reminder liquid now forms under blaster's corpse. vishnu has the credibility for their demise.  1-22-2021, 12:26:06 PM
krish sent a Pm to killer3000: hay send please 1-22-2021, 12:26:07 PM
killer3000 replied to krish: name 1-22-2021, 12:26:12 PM
death: car3 was just obliterated by the force of vishnu on zalp 1-22-2021, 12:26:15 PM
krish sent a Pm to killer3000: krish saini 1-22-2021, 12:26:20 PM
death: Another one bites the dust, vishnu, you will be greatly missed on zalp, Amphibian? what have you done? 1-22-2021, 12:26:21 PM
krish lost connection 1-22-2021, 12:26:25 PM
death: Damn, the laws of gravity, that was quite a vicious display of violence towards rathee?, but worst of all, you done it on dangerous place! 1-22-2021, 12:26:29 PM
krish logged in. 1-22-2021, 12:26:38 PM
killer3000 replied to krish: yaar vahan bohat krish saini hai 1-22-2021, 12:26:40 PM
death: A pool of red reminder liquid now forms under HarryPotter's corpse. hazard has the credibility for their demise.  1-22-2021, 12:26:48 PM
krish replied to killer3000: lol? 1-22-2021, 12:26:49 PM
death: polarbear was nuked off the zalp by vishnu 1-22-2021, 12:27:08 PM
death: psychiatrist just got their ass handed to them on a platter, happily served by teja, and he done it on cave2! 1-22-2021, 12:27:17 PM
krish replied to killer3000: yaar ayk tow vo ho gaa jis men two times saini he. per men bus ayk baar saini keh raha hoo 1-22-2021, 12:27:18 PM
death: zalp smells pretty dank. vishnu needs a proper barrial by fireball 1-22-2021, 12:27:30 PM
death: psychiatrist was nuked out of cave2 by teja 1-22-2021, 12:27:34 PM
death: Oops? Man down! That man is psychiatrist. teja isn't so kind on cave2. 1-22-2021, 12:28:03 PM
death: He shoots, he scores! krish's testicles went flying through the hoops on cage. lion stands tall with quite the sinical smile. 1-22-2021, 12:28:06 PM
killer3000 replied to krish: chek kar 1-22-2021, 12:28:21 PM
death: Oops? Man down! That man is psychiatrist. teja isn't so kind on cave2. 1-22-2021, 12:28:23 PM
death: Anybody knows why worm died? I know! worm got owned by vishnu! Where? On zalp! 1-22-2021, 12:28:29 PM
krish replied to killer3000: nahin aai 1-22-2021, 12:28:38 PM
death: You know that particular element in physics where velocity increases as you fall? yeah, doctor learned that really fuckin quick, and we can thank vishnu. 1-22-2021, 12:28:45 PM
death: flamethrower just got annihilated by vishnu on zalp 1-22-2021, 12:28:49 PM
death: He shoots, he scores! rabbit's testicles went flying through the hoops on cage. krish stands tall with quite the sinical smile. 1-22-2021, 12:28:53 PM
death: hazard just gave  rathee a royal beating on dangerous place! 1-22-2021, 12:28:54 PM
death: polarbear died. Why? Because krish owned them on cage. 1-22-2021, 12:28:56 PM
death: He shoots, he scores! scout's testicles went flying through the hoops on zalp. vishnu stands tall with quite the sinical smile. 1-22-2021, 12:28:57 PM
death: Oh flapjacks, cage looks like a big bloody mess. leopard definitely pushed hard to use krish's remains as a deceration 1-22-2021, 12:29:03 PM
death: krish laughs mockingly at the dying form of leopard on cage 1-22-2021, 12:29:06 PM
HarryPotter (Simba) said krish? 1-22-2021, 12:29:11 PM
krish (krish) said yes 1-22-2021, 12:29:16 PM
HarryPotter (Simba) said 36, 100, 11.  1-22-2021, 12:29:20 PM
krish (krish) said aha? 1-22-2021, 12:29:26 PM
death: Another one bites the dust, psychiatrist, you will be greatly missed on cave2, teja? what have you done? 1-22-2021, 12:29:36 PM
krish (krish) said clime? 1-22-2021, 12:29:37 PM
death: gorilla just neutralized krish on cage 1-22-2021, 12:29:49 PM
death: Anybody knows why moth died? I know! moth got owned by vishnu! Where? On zalp! 1-22-2021, 12:29:49 PM
sgamer logged in. 1-22-2021, 12:29:55 PM
death: He shoots, he scores! psychiatrist's testicles went flying through the hoops on cave2. teja stands tall with quite the sinical smile. 1-22-2021, 12:30:03 PM
killer3000 replied to krish: ab? 1-22-2021, 12:30:05 PM
krish replied to killer3000: aa gaya 1-22-2021, 12:30:14 PM
killer3000 replied to krish: ok 1-22-2021, 12:30:18 PM
death: vishnu just mauled professor on zalp 1-22-2021, 12:30:23 PM
killer3000 replied to krish: accsept 1-22-2021, 12:30:24 PM
krish replied to killer3000: ker liay 1-22-2021, 12:30:43 PM
death: vishnu just put the smack down on goat, thats good, but whi on zalp? 1-22-2021, 12:30:43 PM
krish replied to killer3000: ker iya 1-22-2021, 12:30:46 PM
divine sent a Pm to teja: teja 1-22-2021, 12:30:54 PM
death: teja killed psychiatrist on cave2. 1-22-2021, 12:30:56 PM
HarryPotter (Simba) said 60, 100, 30.  1-22-2021, 12:31:00 PM
teja replied to divine: cum 1-22-2021, 12:31:01 PM
death: vishnu killed welder on zalp. 1-22-2021, 12:31:03 PM
krish (krish) said aha 1-22-2021, 12:31:07 PM
divine replied to teja: wait i am coming 1-22-2021, 12:31:08 PM
teja replied to divine: k 1-22-2021, 12:31:12 PM
krish (krish) said bro don't know 1-22-2021, 12:31:12 PM
HarryPotter (Simba) said now? 1-22-2021, 12:31:12 PM
death: You know that particular element in physics where velocity increases as you fall? yeah, psychiatrist learned that really fuckin quick, and we can thank teja. 1-22-2021, 12:31:18 PM
death: rathee died. Why? Because hazard owned them on dangerous place. 1-22-2021, 12:31:20 PM
krish (krish) said when I will come? then I can tell you 1-22-2021, 12:31:21 PM
death: vishnu just beat the shit out of goat on zalp 1-22-2021, 12:31:23 PM
killer3000 replied to krish: sent 1-22-2021, 12:31:26 PM
death: hazard just gave HarryPotter what for! he started ruining under you is a huge cauldron of boiling water, it is better not to fall into it! 1-22-2021, 12:31:48 PM
death: He shoots, he scores! HarryPotter's testicles went flying through the hoops on under you is a huge cauldron of boiling water, it is better not to fall into it. the laws of gravity stands tall with quite the sinical smile. 1-22-2021, 12:31:48 PM
death: killer3000 just totaled psychiatrist's ass on cave2 1-22-2021, 12:31:49 PM
death: killer3000 just condemned psychiatrist to cave2 s hell! 1-22-2021, 12:32:06 PM
HarryPotter (Simba) said i found the way but jump was rong 1-22-2021, 12:32:09 PM
death: killer3000 just put the smack down on psychiatrist, thats good, but whi on cave2? 1-22-2021, 12:32:12 PM
killer3000 replied to krish: aaja tt par mai hu 1-22-2021, 12:32:45 PM
death: You know that particular element in physics where velocity increases as you fall? yeah, HarryPotter learned that really fuckin quick, and we can thank hazard. 1-22-2021, 12:32:48 PM
death: Well, psychiatrist doesn't exist anymore. Looks to be that killer3000 has ultimate victory. Clean up on cave2  1-22-2021, 12:32:57 PM
death: Stay clear of cave2, psychiatrist has begun decaying. Thanks killer3000 1-22-2021, 12:33:53 PM
death: a bloody corpse of vishnu now lies on zalp, thanks to military_guard 1-22-2021, 12:34:30 PM
death: Stay clear of cave2, psychiatrist has begun decaying. Thanks teja 1-22-2021, 12:35:00 PM
death: vishnu just put the smack down on boxer, thats good, but whi on boxing? 1-22-2021, 12:35:01 PM
death: vishnu just neutralized trainer on boxing 1-22-2021, 12:35:08 PM
death: divine just blew psychiatrist's brains out on cave2. Somebody get a mo 1-22-2021, 12:35:15 PM
death: A new corpse of boxer is flying on boxing, because vishnu made this to happen! 1-22-2021, 12:35:16 PM
death: vishnu just blasted trainer away from boxing! 1-22-2021, 12:35:23 PM
death: Damn, vishnu, that was quite a vicious display of violence towards boxer?, but worst of all, you done it on boxing! 1-22-2021, 12:35:31 PM
death: boxer was given what was coming to them, thank you vishnu! 1-22-2021, 12:35:37 PM
death: vishnu just used the grounds of the boxing to teach trainer a very important lesson!  1-22-2021, 12:35:43 PM
death: teja killed psychiatrist on cave2. 1-22-2021, 12:35:45 PM
death: hazard just put the smack down on rathee, thats good, but whi on dangerous place? 1-22-2021, 12:35:49 PM
death: boxer, I believe vishnu had something to say, go meet him on boxing. 1-22-2021, 12:35:52 PM
death: Man? what's this! boxer died? No! He's my friend! Or what... I mean, he's vishnu's friend! But I still can't believe looking at how he killed them on boxing. 1-22-2021, 12:35:59 PM
death: A new corpse of boxer is flying on boxing, because vishnu made this to happen! 1-22-2021, 12:36:04 PM
death: boxer really made a mess of vishnu on the boxing.  1-22-2021, 12:36:15 PM
death: Is there a doctor on the boxing? boxer has no paulse. Oh, there isn't? Okay. vishnu laughs. 1-22-2021, 12:36:18 PM
death: Oops? Man down! That man is boxer. vishnu isn't so kind on boxing. 1-22-2021, 12:36:29 PM
death: Stay clear of boxing, boxer has begun decaying. Thanks vishnu 1-22-2021, 12:36:36 PM
death: boxer just got creamed by vishnu on boxing 1-22-2021, 12:36:39 PM
death: and splat goes trainer, with vishnu standing over them on boxing with quite the smile 1-22-2021, 12:36:49 PM
death: trainer just got creamed by vishnu on boxing 1-22-2021, 12:36:53 PM
death: Stop crying, boxer! Go kill vishnu! where he is, on boxing! 1-22-2021, 12:36:59 PM
death: rathee, I believe hazard had something to say, go meet him on dangerous place. 1-22-2021, 12:37:04 PM
death: vishnu just gave  trainer a royal beating on boxing! 1-22-2021, 12:37:07 PM
death: vishnu was nuked out of boxing by trainer 1-22-2021, 12:37:14 PM
HarryPotter (Simba) said krish? 1-22-2021, 12:37:18 PM
krish (krish) said haa bay ub too bhee bol 1-22-2021, 12:37:28 PM
HarryPotter (Simba) said almost over! just a little more! 1-22-2021, 12:37:32 PM
Johnny disconnected 1-22-2021, 12:38:49 PM
death: A new freshly killed blood of HarryPotter lies now on dangerous place, thanks stun_grenade_tile! 1-22-2021, 12:39:04 PM
death: trainer was totaled by vishnu on boxing 1-22-2021, 12:39:26 PM
death: vishnu just beat the shit out of boxer on boxing 1-22-2021, 12:39:27 PM
HarryPotter (Simba) said yaar jump ka mana kar raha tha is liye jump nai kiya 1-22-2021, 12:39:30 PM
death: Stop crying, boxer! Go kill vishnu! where he is, on boxing! 1-22-2021, 12:39:34 PM
death: vishnu just neutralized trainer on boxing 1-22-2021, 12:39:40 PM
death: He shoots, he scores! boxer's testicles went flying through the hoops on boxing. vishnu stands tall with quite the sinical smile. 1-22-2021, 12:39:49 PM
death: The boxing is full now with boxer's guts as vishnu owned them! 1-22-2021, 12:39:56 PM
death: vishnu just put boxer 6 feet under on boxing 1-22-2021, 12:40:05 PM
krish disconnected 1-22-2021, 12:40:06 PM
death: the boxing now contains loads of guts from trainer, thanks to vishnu.  1-22-2021, 12:40:09 PM
death: vishnu just put trainer 6 feet under on boxing 1-22-2021, 12:40:18 PM
death: vishnu just royally kicked boxer's ass on boxing 1-22-2021, 12:40:23 PM
death: trainer was given what was coming to them, thank you vishnu! 1-22-2021, 12:40:29 PM
death: dangerous place smells pretty dank. rathee needs a proper barrial by hazard 1-22-2021, 12:40:36 PM
death: trainer, I believe vishnu had something to say, go meet him on boxing. 1-22-2021, 12:40:46 PM
death: and the deathly scream of trainer pierces the air as vishnu finishes them off on boxing! 1-22-2021, 12:40:51 PM
death: vishnu just blasted trainer away from boxing! 1-22-2021, 12:40:58 PM
death: boxer was owned by vishnu on boxing 1-22-2021, 12:41:09 PM
death: vishnu is so happy because he killed boxer on boxing! 1-22-2021, 12:41:13 PM
death: cave2 smells pretty dank. psychiatrist needs a proper barrial by killer3000 1-22-2021, 12:41:17 PM
death: vishnu just gave  boxer a royal beating on boxing! 1-22-2021, 12:41:19 PM
death: vishnu just totaled boxer's ass on boxing 1-22-2021, 12:41:28 PM
death: Rest  in piece, psychiatrist. We'll sure miss you, guess we can thank killer3000 for what they did on cave2. 1-22-2021, 12:41:29 PM
death: Another one bites the dust, boxer, you will be greatly missed on boxing, vishnu? what have you done? 1-22-2021, 12:41:35 PM
death: vishnu just put boxer 6 feet under on boxing 1-22-2021, 12:41:40 PM
death: vishnu just put trainer 6 feet under on boxing 1-22-2021, 12:41:47 PM
death: boxer takes their last breath as vishnu blasts them in the face one last time on boxing. Brutallity! 1-22-2021, 12:41:50 PM
death: oy, where'd boxer go? Do you happen to know, vishnu? 1-22-2021, 12:41:54 PM
death: killer3000 is so happy because he killed psychiatrist on cave2! 1-22-2021, 12:42:00 PM
death: vishnu just beat the shit out of trainer on boxing 1-22-2021, 12:42:03 PM
death: I think I just saw trainer's corpse flying as vishnu owned them on boxing. 1-22-2021, 12:42:10 PM
death: A new freshly killed blood of boxer lies now on boxing, thanks vishnu! 1-22-2021, 12:42:17 PM
death: Stop crying, trainer! Go kill vishnu! where he is, on boxing! 1-22-2021, 12:42:26 PM
death: boxer has been terminated by vishnu on boxing 1-22-2021, 12:42:30 PM
death: trainer just used the grounds of the boxing to teach vishnu a very important lesson!  1-22-2021, 12:42:34 PM
Simba lost connection 1-22-2021, 12:43:55 PM
Simba logged in. 1-22-2021, 12:43:55 PM
death: gravaty just finished pulling the corpse of vishnu to the ground of the battlefield,  and we can thank heavy hammer for the help!  1-22-2021, 12:43:56 PM
death: bigdog just got their ass handed to them on a platter, happily served by vishnu, and he done it on zalp! 1-22-2021, 12:44:40 PM
death: A new freshly killed blood of car1 lies now on zalp, thanks vishnu! 1-22-2021, 12:44:45 PM
death: The zalp is full now with cyborg's guts as vishnu owned them! 1-22-2021, 12:44:58 PM
death: and splat goes rathee, with hazard standing over them on dangerous place with quite the smile 1-22-2021, 12:45:06 PM
death: Stop crying, HarryPotter! Go kill hazard! where he is, on dangerous place! 1-22-2021, 12:45:12 PM
death: zalp smells pretty dank. mutated_wolf needs a proper barrial by vishnu 1-22-2021, 12:45:22 PM
death: Amphibian just beat the shit out of vishnu on zalp 1-22-2021, 12:46:01 PM
krish logged in. 1-22-2021, 12:46:21 PM
death: rathee takes their last breath as hazard blasts them in the face one last time on dangerous place. Brutallity! 1-22-2021, 12:46:22 PM
teja disconnected 1-22-2021, 12:46:23 PM
death: Is there a doctor on the cave2? teja has no paulse. Oh, there isn't? Okay. psychiatrist laughs. 1-22-2021, 12:46:23 PM
teja logged in. 1-22-2021, 12:46:30 PM
in team masters, teja (teja) said oh my god 1-22-2021, 12:46:49 PM
krish lost connection 1-22-2021, 12:46:52 PM
death: Man? what's this! rathee died? No! He's my friend! Or what... I mean, he's hazard's friend! But I still can't believe looking at how he killed them on dangerous place. 1-22-2021, 12:47:10 PM
death: vishnu was totaled by kirill3 on kirill's_world 1-22-2021, 12:47:16 PM
death: Somebody call 9 1 1, oh wait, rain check. killer3000 gives no shits. Peace out, psychiatrist 1-22-2021, 12:47:18 PM
death: vishnu killed kirill3 on kirill's_world. 1-22-2021, 12:47:22 PM
in team masters, teja (teja) said turret, 1 1-22-2021, 12:47:30 PM
death: HarryPotter just got annihilated by hazard on under you is a huge cauldron of boiling water, it is better not to fall into it 1-22-2021, 12:47:35 PM
death: a bloody corpse of HarryPotter now lies on under you is a huge cauldron of boiling water, it is better not to fall into it, thanks to the laws of gravity 1-22-2021, 12:47:35 PM
blindgamers14 logged in. 1-22-2021, 12:48:20 PM
death: vishnu just mauled trainer on boxing 1-22-2021, 12:48:52 PM
death: Stay clear of boxing, boxer has begun decaying. Thanks vishnu 1-22-2021, 12:48:54 PM
death: vishnu just completely and totally pulvarized trainer over boxing! 1-22-2021, 12:49:01 PM
death: boxing smells pretty dank. trainer needs a proper barrial by vishnu 1-22-2021, 12:49:11 PM
death: vishnu just totaled boxer's ass on boxing 1-22-2021, 12:49:14 PM
death: A new freshly killed blood of rathee lies now on dangerous place, thanks the laws of gravity! 1-22-2021, 12:49:18 PM
death: Well, HarryPotter doesn't exist anymore. Looks to be that hazard has ultimate victory. Clean up on dangerous place  1-22-2021, 12:49:23 PM
death: oy, where'd boxer go? Do you happen to know, vishnu? 1-22-2021, 12:49:23 PM
death: boxer was just obliterated by the force of vishnu on boxing 1-22-2021, 12:49:29 PM
death: Another one bites the dust! vishnu, have fun, I'm sure asdfasdf's hand_cannon is on boxing 1-22-2021, 12:49:35 PM
HarryPotter (Simba) said this is little buh there 1-22-2021, 12:49:40 PM
death: asdfasdf just used the grounds of the boxing to teach trainer a very important lesson!  1-22-2021, 12:49:41 PM
death: Stay clear of boxing, boxer has begun decaying. Thanks asdfasdf 1-22-2021, 12:49:41 PM
death: Man? what's this! asdfasdf died? No! He's my friend! Or what... I mean, he's heavy hammer's friend! But I still can't believe looking at how he killed them on boxing ring. 1-22-2021, 12:49:42 PM
divine (sgamer) said aaaaaaaaaaaaaaaaaaaaa 1-22-2021, 12:49:42 PM
krish logged in. 1-22-2021, 12:49:47 PM
death: Another one bites the dust! divine, have fun, I'm sure heavy hammer is on cave2 1-22-2021, 12:50:15 PM
asdfasdf (blindgamers14) said sorry, you can't change your nickname yet 1-22-2021, 12:50:17 PM
asdfasdf (blindgamers14) said uh 1-22-2021, 12:50:20 PM
krish (krish) said lol 1-22-2021, 12:50:27 PM
in team masters, roflgamer (blindgamers14) said get cannon? 1-22-2021, 12:50:43 PM
in team masters, killer3000 (killer3000) said no 1-22-2021, 12:50:47 PM
in team masters, roflgamer (blindgamers14) said uh 1-22-2021, 12:50:51 PM
death: Oh flapjacks, boxing looks like a big bloody mess. vishnu definitely pushed hard to use trainer's remains as a deceration 1-22-2021, 12:51:03 PM
death: There's a light at the end of the tunnel HarryPotter, actually, fuck that. hazard ran you down on dangerous place. Sor'r'r'r'r'r'r'r'r'r'ry 1-22-2021, 12:51:10 PM
death: heavy hammer just neutralized killer3000 on cave2 1-22-2021, 12:51:10 PM
death: divine's mass bomb just mauled psychiatrist on cave2 1-22-2021, 12:51:12 PM
death: A new corpse of boxer is flying on boxing, because vishnu made this to happen! 1-22-2021, 12:51:12 PM
death: vishnu just put trainer 6 feet under on boxing 1-22-2021, 12:51:17 PM
death: the boxing now contains loads of guts from trainer, thanks to vishnu.  1-22-2021, 12:51:25 PM
death: Somebody call 9 1 1, oh wait, rain check. vishnu gives no shits. Peace out, boxer 1-22-2021, 12:51:27 PM
krish lost connection 1-22-2021, 12:51:27 PM
death: A new freshly killed blood of boxer lies now on boxing, thanks vishnu! 1-22-2021, 12:51:35 PM
death: Another one bites the dust, vishnu, you will be greatly missed on boxing, killer3000's storm_sniper? what have you done? 1-22-2021, 12:51:41 PM
death: roflgamer just condemned boxer to boxing s hell! 1-22-2021, 12:51:46 PM
divine (sgamer) said you are the best player with 150 kills 1-22-2021, 12:52:21 PM
death: rathee was owned by hazard on dangerous place 1-22-2021, 12:52:32 PM
vishnu (vishnu) said balls 1-22-2021, 12:52:45 PM
death: A pool of red reminder liquid now forms under HarryPotter's corpse. hazard has the credibility for their demise.  1-22-2021, 12:53:08 PM
roflgamer (blindgamers14) said you need to wait for your weapon to reload itself! you might jam it! 1-22-2021, 12:53:26 PM
death: HarryPotter has been terminated by hazard on dangerous place 1-22-2021, 12:53:35 PM
in team masters, roflgamer (blindgamers14) said someone come 1-22-2021, 12:53:55 PM
death: Oops? Man down! That man is vishnu. killer3000's rocket isn't so kind on viewing platform. 1-22-2021, 12:53:56 PM
death: roflgamer just got their ass handed to them on a platter, happily served by killer3000's rocket, and he done it on viewing platform! 1-22-2021, 12:54:15 PM
in team masters, killer3000 (killer3000) said ahaha 1-22-2021, 12:54:19 PM
in team masters, roflgamer (blindgamers14) said hahaha 1-22-2021, 12:54:27 PM
vishnu (vishnu) said heehhe 1-22-2021, 12:54:29 PM
in team masters, killer3000 (killer3000) said ahahahaha 1-22-2021, 12:54:30 PM
vishnu (vishnu) said hhehehehehehe 1-22-2021, 12:54:33 PM
vishnu (vishnu) said your team mmate ded 1-22-2021, 12:54:44 PM
death: OK, let's see what else divine's storm_sniper can do for vishnu on viewing platform. I saw he killed them! 1-22-2021, 12:55:13 PM
death: killer3000's rocket just totaled trainer's ass on boxing 1-22-2021, 12:55:14 PM
death: The boxing is full now with trainer's guts as killer3000's rocket owned them! 1-22-2021, 12:55:14 PM
divine (sgamer) said staff_sergeant divine:   new achievement! 150 kills. reward: 5 ultrabomb 1-22-2021, 12:55:41 PM
death: killer3000 was turned to pulp by vishnu's steal_warhammer on viewing platform 1-22-2021, 12:55:46 PM
death: rathee's head was blown apart and now hazard plays basketball today on under you is a huge cauldron of boiling water, it is better not to fall into it, up for a game? 1-22-2021, 12:55:59 PM
death: Oops? Man down! That man is vishnu. divine's storm_sniper isn't so kind on viewing platform. 1-22-2021, 12:56:02 PM
death: vishnu just got their ass handed to them on a platter, happily served by divine's storm_sniper, and he done it on viewing platform! 1-22-2021, 12:56:40 PM
krish logged in. 1-22-2021, 12:56:50 PM
HarryPotter (Simba) said almost over! just a little more! 1-22-2021, 12:57:02 PM
death: vishnu takes their last breath as divine's storm_sniper blasts them in the face one last time on viewing platform. Brutallity! 1-22-2021, 12:57:10 PM
death: vishnu just got creamed by divine's storm_sniper on viewing platform 1-22-2021, 12:57:23 PM
HarryPotter (Simba) said just one advice, dont jump! 1-22-2021, 12:57:26 PM
death: vishnu really made a mess of divine's storm_sniper on the viewing platform.  1-22-2021, 12:57:35 PM
HarryPotter (Simba) said krish? ye kia hai? just one advice, dont jump! 1-22-2021, 12:57:43 PM
death: A pool of red reminder liquid now forms under vishnu's corpse. divine's storm_sniper has the credibility for their demise.  1-22-2021, 12:57:52 PM
krish lost connection 1-22-2021, 12:57:54 PM
death: to go to the boxing ring, press enter smells pretty dank. vishnu needs a proper barrial by divine's storm_sniper 1-22-2021, 12:58:16 PM
vishnu lost connection 1-22-2021, 12:58:16 PM
death: rathee just got creamed by hazard on dangerous place 1-22-2021, 12:58:24 PM
krish logged in. 1-22-2021, 12:58:28 PM
vishnu logged in. 1-22-2021, 12:58:38 PM
HarryPotter (Simba) said krish bolo na? just one advice, dont jump! 1-22-2021, 12:58:42 PM
vishnu sent a Pm to killer3000: i am dieing for our teaam 1-22-2021, 12:59:22 PM
divine (sgamer) said rofl 1-22-2021, 12:59:29 PM
killer3000 replied to vishnu: aha 1-22-2021, 12:59:29 PM
vishnu replied to killer3000: its me anil 1-22-2021, 12:59:44 PM
death: rathee was owned by hazard on dangerous place 1-22-2021, 12:59:44 PM
killer3000 replied to vishnu: i know 1-22-2021, 12:59:50 PM
death: Is there a doctor on the to go to the boxing ring, press enter? vishnu has no paulse. Oh, there isn't? Okay. divine's storm_sniper laughs. 1-22-2021, 1:00:02 PM
death: vishnu just got annihilated by killer3000's storm_sniper on viewing platform 1-22-2021, 1:00:18 PM
death: Stop crying, vishnu! Go kill divine's storm_sniper! where he is, on viewing platform! 1-22-2021, 1:00:36 PM
death: divine's storm_sniper just gave  vishnu a royal beating on viewing platform! 1-22-2021, 1:00:52 PM
death: A new corpse of vishnu is flying on to go to the boxing ring, press enter, because killer3000's storm_sniper made this to happen! 1-22-2021, 1:01:08 PM
HarryPotter sent a Pm to krish: 100, 0, 0.  1-22-2021, 1:01:22 PM
death: vishnu's head was blown apart and now divine's storm_sniper plays basketball today on viewing platform, up for a game? 1-22-2021, 1:01:23 PM
krish replied to HarryPotter: haa tow 1-22-2021, 1:01:32 PM
death: vishnu was just obliterated by the force of the laws of gravity on store 1-22-2021, 1:01:37 PM
HarryPotter replied to krish: ab kia karna hai? 1-22-2021, 1:01:42 PM
teja disconnected 1-22-2021, 1:01:55 PM
death: vishnu was owned by divine's storm_sniper on to go to the boxing ring, press enter 1-22-2021, 1:01:55 PM
teja logged in. 1-22-2021, 1:01:58 PM
teja disconnected 1-22-2021, 1:02:03 PM
death: killer3000's storm_sniper just gave  vishnu a royal beating on to go to the boxing ring, press enter! 1-22-2021, 1:02:13 PM
death: vishnu was totaled by divine's storm_sniper on viewing platform 1-22-2021, 1:02:26 PM
teja logged in. 1-22-2021, 1:02:39 PM
death: viewing platform smells pretty dank. vishnu needs a proper barrial by divine's storm_sniper 1-22-2021, 1:02:42 PM
teja disconnected 1-22-2021, 1:02:45 PM
death: I think I just saw vishnu's corpse flying as killer3000's storm_sniper owned them on viewing platform. 1-22-2021, 1:03:01 PM
divine (sgamer) said gooooooooooooooood 1-22-2021, 1:03:04 PM
rathee (rathee) said player harrypotter just stamped the dangerous place map, congratulations! 1-22-2021, 1:03:06 PM
major logged in. 1-22-2021, 1:03:13 PM
HarryPotter (Simba) said congratulations, you've got a storm_sniper and the_legendary_sword! 1-22-2021, 1:03:14 PM
divine (sgamer) said o 1-22-2021, 1:03:21 PM
krish (krish) said waw congratulatoion 1-22-2021, 1:03:33 PM
krish (krish) said tions 1-22-2021, 1:03:35 PM
death: killer3000's storm_sniper just blasted vishnu away from viewing platform! 1-22-2021, 1:03:42 PM
roflgamer (blindgamers14) said ll 1-22-2021, 1:03:52 PM
death: divine's storm_sniper just put the smack down on vishnu, thats good, but whi on to go to the boxing ring, press enter? 1-22-2021, 1:03:59 PM
death: vishnu was just obliterated by the force of divine's storm_sniper on viewing platform 1-22-2021, 1:04:13 PM
krish (krish) said aa 1-22-2021, 1:04:31 PM
death: a bloody corpse of vishnu now lies on viewing platform, thanks to divine's storm_sniper 1-22-2021, 1:04:34 PM
krish (krish) said lagg 1-22-2021, 1:04:34 PM
death: Damn, hazard, that was quite a vicious display of violence towards killer3000?, but worst of all, you done it on dangerous place! 1-22-2021, 1:04:38 PM
in team masters, divine (sgamer) said oy 1-22-2021, 1:04:46 PM
death: roflgamer's hand_cannon killed vishnu on viewing platform. 1-22-2021, 1:04:47 PM
death: krish takes their last breath as hazard blasts them in the face one last time on dangerous place. Brutallity! 1-22-2021, 1:05:02 PM
killer3000 disconnected 1-22-2021, 1:05:09 PM
death: divine's storm_sniper just condemned vishnu to viewing platform s hell! 1-22-2021, 1:05:09 PM
death: hazard just gave  HarryPotter a royal beating on under you is a huge cauldron of boiling water, it is better not to fall into it! 1-22-2021, 1:05:19 PM
death: and splat goes HarryPotter, with the laws of gravity standing over them on under you is a huge cauldron of boiling water, it is better not to fall into it with quite the smile 1-22-2021, 1:05:19 PM
prashant logged in. 1-22-2021, 1:05:30 PM
death: Well, vishnu doesn't exist anymore. Looks to be that divine's storm_sniper has ultimate victory. Clean up on viewing platform  1-22-2021, 1:05:33 PM
death: Man? what's this! vishnu died? No! He's my friend! Or what... I mean, he's divine's storm_sniper's friend! But I still can't believe looking at how he killed them on viewing platform. 1-22-2021, 1:05:45 PM
krish lost connection 1-22-2021, 1:05:51 PM
death: Another one bites the dust! vishnu, have fun, I'm sure divine's storm_sniper is on to go to the boxing ring, press enter 1-22-2021, 1:06:01 PM
krish logged in. 1-22-2021, 1:06:03 PM
vishnu disconnected 1-22-2021, 1:06:09 PM
death: prashant was owned by hazard on dangerous place 1-22-2021, 1:06:39 PM
HarryPotter (Simba) said 100 pack_of_10_ammo_storm_snipers purchased 1-22-2021, 1:06:59 PM
krish lost connection 1-22-2021, 1:07:08 PM
roflgamer (blindgamers14) said do you have ones 1-22-2021, 1:07:09 PM
HarryPotter (Simba) said what? 1-22-2021, 1:07:15 PM
divine sent a Pm to major: teja  1-22-2021, 1:07:23 PM
prashant (prashant) said he compleet it 1-22-2021, 1:07:23 PM
roflgamer (blindgamers14) said oh 1-22-2021, 1:07:26 PM
prashant (prashant) said the map 1-22-2021, 1:07:27 PM
HarryPotter (Simba) said ya 1-22-2021, 1:07:29 PM
krish logged in. 1-22-2021, 1:07:31 PM
major replied to divine: how you know 1-22-2021, 1:07:33 PM
death: hazard just blasted prashant away from dangerous place! 1-22-2021, 1:07:38 PM
HarryPotter (Simba) said the_legendary_sword, 1 1-22-2021, 1:07:39 PM
divine replied to major: hahah 1-22-2021, 1:07:44 PM
major replied to divine: tell 1-22-2021, 1:07:49 PM
prashant (prashant) said yaar kaisay 1-22-2021, 1:07:51 PM
HarryPotter (Simba) said and. storm_sniper, 1 1-22-2021, 1:07:53 PM
divine replied to major: hahahah 1-22-2021, 1:07:54 PM
roflgamer (blindgamers14) said oh 1-22-2021, 1:07:57 PM
krish lost connection 1-22-2021, 1:08:05 PM
HarryPotter (Simba) said i have both now 1-22-2021, 1:08:08 PM
divine replied to major: my brother hahahahhahahahaha  1-22-2021, 1:08:12 PM
major replied to divine: bolo khasa 1-22-2021, 1:08:24 PM
anil logged in. 1-22-2021, 1:08:29 PM
rathee sent a Pm to HarryPotter: ware is the end 1-22-2021, 1:08:29 PM
krish logged in. 1-22-2021, 1:08:31 PM
divine replied to major: rofl  1-22-2021, 1:08:31 PM
death:  smells pretty dank. krish needs a proper barrial by hazard 1-22-2021, 1:08:34 PM
in team masters, anil (anil) said lmaoo 1-22-2021, 1:08:44 PM
in team masters, divine (sgamer) said vishnoo is nice 1-22-2021, 1:08:57 PM
in team masters, divine (sgamer) said hahahahah  1-22-2021, 1:09:05 PM
in team masters, divine (sgamer) said anil  you know vishnoo 1-22-2021, 1:09:17 PM
in team masters, divine (sgamer) said rofl 1-22-2021, 1:09:23 PM
in team masters, anil (anil) said huh 1-22-2021, 1:09:25 PM
krish lost connection 1-22-2021, 1:09:27 PM
in team masters, divine (sgamer) said rofl 1-22-2021, 1:09:28 PM
HarryPotter (Simba) said you have 0 of 3 ammo in your storm_sniper, and you have 1000 bullets remaining 1-22-2021, 1:09:29 PM
prashant (prashant) said olllllll 1-22-2021, 1:09:37 PM
krish logged in. 1-22-2021, 1:09:38 PM
in team masters, anil (anil) said i am vishnu 1-22-2021, 1:09:38 PM
death: Well, prashant doesn't exist anymore. Looks to be that hazard has ultimate victory. Clean up on dangerous place  1-22-2021, 1:09:41 PM
death: I think I just saw HarryPotter's corpse flying as roflgamer's hand_cannon owned them on viewing platform. 1-22-2021, 1:09:44 PM
roflgamer (blindgamers14) said hh 1-22-2021, 1:09:51 PM
in team masters, divine (sgamer) said ahahha 1-22-2021, 1:09:54 PM
in team masters, divine (sgamer) said i knwo  1-22-2021, 1:10:00 PM
in team masters, anil (anil) said that acount is mine rofl 1-22-2021, 1:10:05 PM
krish lost connection 1-22-2021, 1:10:08 PM
in team masters, divine (sgamer) said i know  1-22-2021, 1:10:19 PM
death: anil was totaled by HarryPotter's storm_sniper on viewing platform 1-22-2021, 1:10:51 PM
death: Rest  in piece, HarryPotter. We'll sure miss you, guess we can thank divine's storm_sniper for what they did on viewing platform. 1-22-2021, 1:11:02 PM
krish logged in. 1-22-2021, 1:11:07 PM
HarryPotter (Simba) said yaar salman bhai? fir may? 1-22-2021, 1:11:24 PM
death: Well, rathee doesn't exist anymore. Looks to be that hazard has ultimate victory. Clean up on dangerous place  1-22-2021, 1:11:26 PM
death: hazard just completely and totally pulvarized krish over ! 1-22-2021, 1:11:36 PM
krish lost connection 1-22-2021, 1:11:38 PM
krish logged in. 1-22-2021, 1:11:50 PM
death: because of the villany of HarryPotter, dog will no longer have a beating heart again, because it is broken on the cage. 1-22-2021, 1:13:07 PM
death: and splat goes prashant, with hazard standing over them on dangerous place with quite the smile 1-22-2021, 1:13:09 PM
krish (krish) said lallalalallalala 1-22-2021, 1:13:14 PM
major replied to divine: can you give me some coins 1-22-2021, 1:13:15 PM
divine replied to major: ok 1-22-2021, 1:13:20 PM
death: boar takes their last breath as HarryPotter blasts them in the face one last time on cage. Brutallity! 1-22-2021, 1:13:30 PM
death: Well, polarbear doesn't exist anymore. Looks to be that HarryPotter has ultimate victory. Clean up on cage  1-22-2021, 1:13:40 PM
death: a bloody corpse of coyote now lies on cage, thanks to HarryPotter 1-22-2021, 1:13:44 PM
in team masters, roflgamer (blindgamers14) said kill hem 1-22-2021, 1:13:47 PM
death: wolf was given what was coming to them, thank you HarryPotter! 1-22-2021, 1:13:50 PM
death: goat just got annihilated by HarryPotter on cage 1-22-2021, 1:13:58 PM
death: Somebody call 9 1 1, oh wait, rain check. leopard gives no shits. Peace out, HarryPotter 1-22-2021, 1:14:03 PM
death: HarryPotter is so happy because he killed leopard on cage! 1-22-2021, 1:14:08 PM
HarryPotter (Simba) said wow nice gun 1-22-2021, 1:14:20 PM
divine (sgamer) said to go on the zalp map, press enter 1-22-2021, 1:14:23 PM
krish (krish) said aa 1-22-2021, 1:14:31 PM
krish lost connection 1-22-2021, 1:14:37 PM
divine replied to major: wait 1-22-2021, 1:14:42 PM
major replied to divine: tq 1-22-2021, 1:14:54 PM
major replied to divine: tq 1-22-2021, 1:14:57 PM
death: and the deathly scream of prashant pierces the air as hazard finishes them off on dangerous place! 1-22-2021, 1:15:02 PM
divine replied to major: n p  1-22-2021, 1:15:03 PM
krish logged in. 1-22-2021, 1:15:09 PM
prashant (prashant) said roflayt 1-22-2021, 1:15:10 PM
krish (krish) said aa 1-22-2021, 1:15:14 PM
prashant (prashant) said ha beta 1-22-2021, 1:15:22 PM
death: krish, I believe hazard had something to say, go meet him on . 1-22-2021, 1:15:30 PM
anil disconnected 1-22-2021, 1:15:30 PM
death: A pool of red reminder liquid now forms under rathee's corpse. hazard has the credibility for their demise.  1-22-2021, 1:15:55 PM
death: rathee just got creamed by the laws of gravity on under you is a huge cauldron of boiling water, it is better not to fall into it 1-22-2021, 1:15:56 PM
death: A pool of red reminder liquid now forms under prashant's corpse. hazard has the credibility for their demise.  1-22-2021, 1:16:08 PM
death: Is there a doctor on the dangerous place? krish has no paulse. Oh, there isn't? Okay. hazard laughs. 1-22-2021, 1:16:09 PM
krish (krish) said yes 1-22-2021, 1:16:14 PM
prashant (prashant) said  tgl;e/klrmergtjreklgakrealsmerlrtjewkjtrekwajrekljmtgloerkjntgkerstgbesrgh 1-22-2021, 1:16:21 PM
divine (sgamer) said go to zalp 1-22-2021, 1:16:36 PM
death: prashant was totaled by hazard on dangerous place 1-22-2021, 1:16:56 PM
death: ownage! rathee managed to escape by killing hazard on the dangerous place 1-22-2021, 1:17:02 PM
prashant (prashant) said ffffffew 1-22-2021, 1:17:04 PM
death: hazard killed krish on dangerous place. 1-22-2021, 1:17:18 PM
krish lost connection 1-22-2021, 1:17:31 PM
in team masters, roflgamer (blindgamers14) said where is my sky mine 1-22-2021, 1:18:03 PM
krish logged in. 1-22-2021, 1:18:08 PM
death: He shoots, he scores! major's testicles went flying through the hoops on viewing platform. divine's storm_sniper stands tall with quite the sinical smile. 1-22-2021, 1:18:14 PM
roflgamer (blindgamers14) said lol 1-22-2021, 1:18:21 PM
divine replied to major: o yar sorry he shoots, he scores! major's testicles went flying through the hoops on viewing platform. divine's storm_sniper stands tall with quite the sinical smile. 1-22-2021, 1:18:30 PM
death: ownage! rathee managed to escape by killing hazard on the dangerous place 1-22-2021, 1:18:31 PM
divine replied to major: teja 1-22-2021, 1:18:48 PM
major replied to divine: k 1-22-2021, 1:18:52 PM
divine replied to major: come bro i want to test canen 1-22-2021, 1:19:05 PM
death: major takes their last breath as boxer blasts them in the face one last time on boxing. Brutallity! 1-22-2021, 1:19:07 PM
krish (krish) said oay? 1-22-2021, 1:19:07 PM
death: I think I just saw boxer's corpse flying as major owned them on boxing. 1-22-2021, 1:19:08 PM
prashant (prashant) said lol 1-22-2021, 1:19:12 PM
in team masters, roflgamer (blindgamers14) said where is my shelter 1-22-2021, 1:19:12 PM
divine replied to major: teja 1-22-2021, 1:19:15 PM
divine replied to major: pass to old main map 1-22-2021, 1:19:23 PM
major replied to divine: tell 1-22-2021, 1:19:25 PM
death: Is there a doctor on the dangerous place? rathee has no paulse. Oh, there isn't? Okay. hazard laughs. 1-22-2021, 1:19:26 PM
prashant (prashant) said ahah 1-22-2021, 1:19:30 PM
major replied to divine: k 1-22-2021, 1:19:31 PM
roflgamer (blindgamers14) said hah 1-22-2021, 1:19:32 PM
roflgamer (blindgamers14) said someone distroy my shelter 1-22-2021, 1:19:39 PM
divine replied to major: come test  1-22-2021, 1:19:42 PM
krish lost connection 1-22-2021, 1:19:58 PM
major replied to divine: tq 1-22-2021, 1:20:02 PM
divine replied to major: come now 1-22-2021, 1:20:08 PM
death: roflgamer's sky 436 mine laughs mockingly at the dying form of roflgamer on main 1-22-2021, 1:20:13 PM
divine (sgamer) said ha 1-22-2021, 1:20:20 PM
divine replied to major: 30, 0, 0.  1-22-2021, 1:20:26 PM
death: hazard is so happy because he killed rathee on dangerous place! 1-22-2021, 1:20:28 PM
death: because of the villany of hazard, prashant will no longer have a beating heart again, because it is broken on the dangerous place. 1-22-2021, 1:20:35 PM
krish logged in. 1-22-2021, 1:20:40 PM
tsunami logged in. 1-22-2021, 1:20:44 PM
krish (krish) said hi 1-22-2021, 1:20:48 PM
krish (krish) said and by 1-22-2021, 1:20:51 PM
death: He shoots, he scores! krish's testicles went flying through the hoops on . hazard stands tall with quite the sinical smile. 1-22-2021, 1:21:03 PM
major replied to divine: wich map 1-22-2021, 1:21:05 PM
major replied to divine: wich one 1-22-2021, 1:21:14 PM
divine replied to major: old main  1-22-2021, 1:21:15 PM
krish (krish) said men raas taa hee bhool gaya thaa 1-22-2021, 1:21:17 PM
death: Well, rathee doesn't exist anymore. Looks to be that hazard has ultimate victory. Clean up on dangerous place  1-22-2021, 1:21:26 PM
death: major was totaled by roflgamer's rocket on Dumpster 1-22-2021, 1:23:01 PM
death: Breaking news! Today, hazard killed krish so easy on under you is a huge cauldron of boiling water, it is better not to fall into it! isn't it a good news? 1-22-2021, 1:23:02 PM
roflgamer (blindgamers14) said ahaha 1-22-2021, 1:23:08 PM
krish (krish) said rafl 1-22-2021, 1:23:12 PM
krish (krish) said rofl 1-22-2021, 1:23:14 PM
prashant (prashant) said lol 1-22-2021, 1:23:19 PM
divine replied to major: sorry teja come 1-22-2021, 1:23:34 PM
death: You know that particular element in physics where velocity increases as you fall? yeah, roflgamer learned that really fuckin quick, and we can thank roflgamer's sky 436 mine. 1-22-2021, 1:23:37 PM
major replied to divine: k 1-22-2021, 1:23:39 PM
death: He shoots, he scores! krish's testicles went flying through the hoops on dangerous place. hazard stands tall with quite the sinical smile. 1-22-2021, 1:23:49 PM
roflgamer (blindgamers14) said uh, i forget there are sky mine in ther 1-22-2021, 1:23:51 PM
krish (krish) said urm 1-22-2021, 1:23:56 PM
death: A pool of red reminder liquid now forms under divine's corpse. major's hand_cannon has the credibility for their demise.  1-22-2021, 1:24:07 PM
krish lost connection 1-22-2021, 1:24:07 PM
roflgamer (blindgamers14) said you know that particular element in physics where velocity increases as you fall? yeah, roflgamer learned that really fuckin quick, and we can thank roflgamer's sky 436 mine. 1-22-2021, 1:24:15 PM
death: tsunami just got their ass handed to them on a platter, happily served by hazard, and he done it on the snow mountain! 1-22-2021, 1:24:22 PM
krish logged in. 1-22-2021, 1:24:28 PM
death: krish's head was blown apart and now hazard plays basketball today on dangerous place, up for a game? 1-22-2021, 1:25:01 PM
krish disconnected 1-22-2021, 1:25:19 PM
krish logged in. 1-22-2021, 1:25:23 PM
roflgamer (blindgamers14) said what you get 1-22-2021, 1:25:30 PM
HarryPotter (Simba) said congratulations, you've got 112391coins! 1-22-2021, 1:25:34 PM
death: Stay clear of dangerous place, rathee has begun decaying. Thanks hazard 1-22-2021, 1:25:59 PM
HarryPotter (Simba) said now just weapon challenge to craus 1-22-2021, 1:26:11 PM
death: roflgamer's armored_tank was just obliterated by the force of major's hand_cannon on Wilson Street 1-22-2021, 1:26:25 PM
death: roflgamer was obliterated by the explosion of their armored_tank 1-22-2021, 1:26:25 PM
HarryPotter (Simba) said i have dun olmost all maps 1-22-2021, 1:26:37 PM
krish lost connection 1-22-2021, 1:26:48 PM
death: major's hand_cannon just completely and totally pulvarized divine over Uncharted Nothingness! 1-22-2021, 1:26:49 PM
HarryPotter (Simba) said sum1 please gide me on weapon challenge? 1-22-2021, 1:27:01 PM
krish logged in. 1-22-2021, 1:27:17 PM
HarryPotter (Simba) said krish? 1-22-2021, 1:27:27 PM
bolgelo logged in. 1-22-2021, 1:27:33 PM
death: roflgamer's suicide bomb just mauled major on Uncharted Nothingness 1-22-2021, 1:27:42 PM
death: ownage! roflgamer's armored_tank managed to escape by killing roflgamer's suicide bomb on the Uncharted Nothingness 1-22-2021, 1:27:42 PM
death: roflgamer was obliterated by the explosion of their armored_tank 1-22-2021, 1:27:42 PM
krish (krish) said achaa 1-22-2021, 1:27:44 PM
roflgamer (blindgamers14) said die 1-22-2021, 1:27:50 PM
krish (krish) said waw 1-22-2021, 1:27:51 PM
HarryPotter (Simba) said krish? 1-22-2021, 1:28:01 PM
krish lost connection 1-22-2021, 1:28:04 PM
krish logged in. 1-22-2021, 1:28:16 PM
krish (krish) said its good 1-22-2021, 1:28:26 PM
HarryPotter sent a Pm to divine: ab bas ek hi map bacha hai 1-22-2021, 1:28:28 PM
major replied to divine: tell him that do not use suicide bomb 1-22-2021, 1:28:37 PM
roflgamer (blindgamers14) said need new armer tank 1-22-2021, 1:28:38 PM
HarryPotter (Simba) said the ping took 300 ms 1-22-2021, 1:28:42 PM
divine replied to major: ok 1-22-2021, 1:28:44 PM
tsunami (tsunami) said need armor tank? 1-22-2021, 1:28:52 PM
roflgamer (blindgamers14) said yeah 1-22-2021, 1:28:55 PM
krish lost connection 1-22-2021, 1:28:58 PM
tsunami (tsunami) said come 1-22-2021, 1:29:00 PM
roflgamer (blindgamers14) said where 1-22-2021, 1:29:06 PM
laid logged in. 1-22-2021, 1:29:10 PM
krish logged in. 1-22-2021, 1:29:16 PM
tsunami (tsunami) said dangerous map 1-22-2021, 1:29:17 PM
in team masters, divine (sgamer) said blind gamer  1-22-2021, 1:29:21 PM
in team masters, roflgamer (blindgamers14) said yes? 1-22-2021, 1:29:25 PM
death: rathee's head was blown apart and now hazard plays basketball today on dangerous place, up for a game? 1-22-2021, 1:29:29 PM
HarryPotter (Simba) said armar tank? from ware did u get? 1-22-2021, 1:29:31 PM
in team masters, divine (sgamer) said dont use suicide_bomb, 75 1-22-2021, 1:29:31 PM
bolgelo (bolgelo) said vehicle store at 20, 10, 0 1-22-2021, 1:29:40 PM
in team masters, roflgamer (blindgamers14) said ok 1-22-2021, 1:29:42 PM
krish (krish) said The killer version 1.99.7 (Not Responding) 1-22-2021, 1:29:45 PM
bolgelo (bolgelo) said well, bye 1-22-2021, 1:29:59 PM
bolgelo disconnected 1-22-2021, 1:30:00 PM
HarryPotter (Simba) said 5 armored_tanks purchased 1-22-2021, 1:30:04 PM
death: He shoots, he scores! laid's testicles went flying through the hoops on afk area, press enter to exit. heavy hammer stands tall with quite the sinical smile. 1-22-2021, 1:30:08 PM
death: Oh flapjacks, dangerous place looks like a big bloody mess. heavy hammer definitely pushed hard to use roflgamer's remains as a deceration 1-22-2021, 1:30:11 PM
krish lost connection 1-22-2021, 1:30:14 PM
krish logged in. 1-22-2021, 1:30:29 PM
roflgamer (blindgamers14) said 30 armored_tanks purchased 1-22-2021, 1:30:32 PM
death: Rest  in piece, rathee. We'll sure miss you, guess we can thank heavy hammer for what they did on laberinth of def. 1-22-2021, 1:30:43 PM
death: hazard just gave  tsunami a royal beating on dangerous place! 1-22-2021, 1:30:52 PM
death: divine's cannon just neutralized major on Uncharted Nothingness 1-22-2021, 1:30:57 PM
death: krish was owned by hazard on under you is a huge cauldron of boiling water, it is better not to fall into it 1-22-2021, 1:31:01 PM
in team masters, roflgamer (blindgamers14) said lol 1-22-2021, 1:31:07 PM
major replied to divine: how you got kannen 1-22-2021, 1:31:12 PM
krish lost connection 1-22-2021, 1:31:17 PM
major replied to divine: salman 1-22-2021, 1:31:26 PM
divine replied to major: rofl 1-22-2021, 1:31:28 PM
major replied to divine: tell 1-22-2021, 1:31:33 PM
death: Somebody call 9 1 1, oh wait, rain check. heavy hammer gives no shits. Peace out, rathee 1-22-2021, 1:31:34 PM
divine replied to major: rofl 1-22-2021, 1:31:41 PM
divine replied to major: my friend give mi  1-22-2021, 1:31:49 PM
major replied to divine: prashant also is having? 1-22-2021, 1:31:52 PM
major replied to divine: oh 1-22-2021, 1:31:56 PM
divine replied to major: yes 1-22-2021, 1:32:01 PM
divine replied to major: he  not playing t k so give mi  1-22-2021, 1:32:21 PM
major replied to divine: k 1-22-2021, 1:32:28 PM
death: major died. Why? Because divine's cannon owned them on Uncharted Nothingness. 1-22-2021, 1:32:32 PM
major replied to divine: tell me what is the range of kannen 1-22-2021, 1:32:47 PM
divine replied to major: i dont knwo 1-22-2021, 1:33:04 PM
divine replied to major: knwo 1-22-2021, 1:33:06 PM
divine replied to major: know  1-22-2021, 1:33:09 PM
major replied to divine: k 1-22-2021, 1:33:10 PM
krish logged in. 1-22-2021, 1:33:22 PM
in team masters, roflgamer (blindgamers14) said the roflgamer shelter belonging to blindgamers14 with 933000 health is streight in front, 0 feet away. 1-22-2021, 1:33:27 PM
in team masters, divine (sgamer) said yar what  1-22-2021, 1:33:42 PM
in team masters, roflgamer (blindgamers14) said what? 1-22-2021, 1:33:47 PM
death: A pool of red reminder liquid now forms under boxer's corpse. tsunami has the credibility for their demise.  1-22-2021, 1:33:48 PM
death: trainer was turned to pulp by tsunami on boxing 1-22-2021, 1:33:54 PM
death: boxer takes their last breath as tsunami blasts them in the face one last time on boxing. Brutallity! 1-22-2021, 1:34:01 PM
death: Somebody call 9 1 1, oh wait, rain check. tsunami gives no shits. Peace out, trainer 1-22-2021, 1:34:07 PM
death: trainer just got creamed by tsunami on boxing 1-22-2021, 1:34:13 PM
death: OK, let's see what else hazard can do for krish on . I saw he killed them! 1-22-2021, 1:34:16 PM
death: because of the villany of hazard, prashant will no longer have a beating heart again, because it is broken on the under you is a huge cauldron of boiling water, it is better not to fall into it. 1-22-2021, 1:34:19 PM
death: a bloody corpse of boxer now lies on boxing, thanks to tsunami 1-22-2021, 1:34:20 PM
death: oy, where'd boxer go? Do you happen to know, tsunami? 1-22-2021, 1:34:26 PM
death: Anybody knows why divine died? I know! divine got owned by major's hand_cannon! Where? On Uncharted Nothingness! 1-22-2021, 1:34:43 PM
death: Stop crying, boxer! Go kill tsunami! where he is, on boxing! 1-22-2021, 1:34:47 PM
death: the boxing now contains loads of guts from trainer, thanks to tsunami.  1-22-2021, 1:34:48 PM
death: trainer laughs mockingly at the dying form of tsunami on boxing 1-22-2021, 1:34:55 PM
krish (krish) said aa 1-22-2021, 1:35:03 PM
in team masters, roflgamer (blindgamers14) said 1300 wood_packs have been added to the shopping cart
what would you like to do now? 1-22-2021, 1:35:04 PM
tsunami (tsunami) said lag lag 1-22-2021, 1:35:12 PM
death: You know that particular element in physics where velocity increases as you fall? yeah, krish learned that really fuckin quick, and we can thank hazard. 1-22-2021, 1:35:14 PM
krish (krish) said oho 1-22-2021, 1:35:22 PM
death: Stay clear of stun!, laid has begun decaying. Thanks stun_grenade_tile 1-22-2021, 1:35:38 PM
laid disconnected 1-22-2021, 1:35:53 PM
roflgamer (blindgamers14) said there are 125 characters on the server 1-22-2021, 1:35:59 PM
HarryPotter (Simba) said what to do for that ded animals? 1-22-2021, 1:36:03 PM
roflgamer (blindgamers14) said dk 1-22-2021, 1:36:10 PM
roflgamer (blindgamers14) said oi 1-22-2021, 1:36:17 PM
death: Stop crying, divine! Go kill major's hand_cannon! where he is, on Illinois parkway! 1-22-2021, 1:36:19 PM
death: tsunami killed boxer on boxing. 1-22-2021, 1:36:20 PM
krish lost connection 1-22-2021, 1:36:23 PM
death: oy, where'd trainer go? Do you happen to know, tsunami? 1-22-2021, 1:36:30 PM
prashant disconnected 1-22-2021, 1:36:35 PM
death: The boxing is full now with trainer's guts as tsunami owned them! 1-22-2021, 1:36:36 PM
HarryPotter (Simba) said what is dk? 1-22-2021, 1:36:38 PM
krish logged in. 1-22-2021, 1:36:43 PM
death: trainer was turned to pulp by tsunami on boxing 1-22-2021, 1:36:43 PM
roflgamer (blindgamers14) said don kno 1-22-2021, 1:36:49 PM
killer3000 logged in. 1-22-2021, 1:36:49 PM
death: trainer just got their ass handed to them on a platter, happily served by tsunami, and he done it on boxing! 1-22-2021, 1:36:51 PM
death: boxer just got their ass handed to them on a platter, happily served by tsunami, and he done it on boxing! 1-22-2021, 1:36:53 PM
krish (krish) said is the sudden attack game working? 1-22-2021, 1:36:54 PM
death: boxer was turned to pulp by tsunami on boxing 1-22-2021, 1:37:02 PM
roflgamer (blindgamers14) said dk 1-22-2021, 1:37:03 PM
HarryPotter (Simba) said dk 1-22-2021, 1:37:04 PM
death: tsunami just completely and totally pulvarized boxer over boxing! 1-22-2021, 1:37:07 PM
death: major just got bashed by divine's hand_cannon on the Uncharted Nothingness 1-22-2021, 1:37:08 PM
KillerCross logged in. 1-22-2021, 1:37:11 PM
krish lost connection 1-22-2021, 1:37:14 PM
death: trainer just got annihilated by tsunami on boxing 1-22-2021, 1:37:15 PM
krish logged in. 1-22-2021, 1:37:22 PM
death: Another one bites the dust, trainer, you will be greatly missed on boxing, tsunami? what have you done? 1-22-2021, 1:37:25 PM
HarryPotter (Simba) said tell me about dk 1-22-2021, 1:37:27 PM
death: Somebody call 9 1 1, oh wait, rain check. tsunami gives no shits. Peace out, boxer 1-22-2021, 1:37:32 PM
death: Oh flapjacks, boxing looks like a big bloody mess. tsunami definitely pushed hard to use boxer's remains as a deceration 1-22-2021, 1:37:37 PM
death: tsunami just totaled trainer's ass on boxing 1-22-2021, 1:37:44 PM
death: Stop crying, boxer! Go kill tsunami! where he is, on boxing! 1-22-2021, 1:37:51 PM
death: boxer has been terminated by tsunami on boxing 1-22-2021, 1:37:56 PM
death: Well, worm doesn't exist anymore. Looks to be that krish has ultimate victory. Clean up on zalp  1-22-2021, 1:37:57 PM
death: Oh flapjacks, boxing looks like a big bloody mess. tsunami definitely pushed hard to use trainer's remains as a deceration 1-22-2021, 1:38:05 PM
death: Rest  in piece, storekeeper. We'll sure miss you, guess we can thank krish for what they did on zalp. 1-22-2021, 1:38:08 PM
death: trainer just got bashed by tsunami on the boxing 1-22-2021, 1:38:12 PM
death: Oops? Man down! That man is trainer. tsunami isn't so kind on boxing. 1-22-2021, 1:38:17 PM
death: tsunami just used the grounds of the boxing to teach boxer a very important lesson!  1-22-2021, 1:38:24 PM
death: boss just completely and totally pulvarized krish over zalp! 1-22-2021, 1:38:28 PM
death: Oops? Man down! That man is boss. krish isn't so kind on zalp. 1-22-2021, 1:38:29 PM
in team masters, roflgamer (blindgamers14) said this shelter has 2593000 health, and you have 100000 health, with 500 shielded shots 1-22-2021, 1:38:36 PM
death: tsunami just completely and totally pulvarized boxer over boxing! 1-22-2021, 1:38:39 PM
death: tsunami just blew boxer's brains out on boxing. Somebody get a mo 1-22-2021, 1:38:42 PM
death: The boxing is full now with trainer's guts as tsunami owned them! 1-22-2021, 1:38:49 PM
roflgamer (blindgamers14) said this shelter has 2593000 health, and you have 100000 health, with 500 shielded shots 1-22-2021, 1:38:49 PM
death: trainer's head was blown apart and now tsunami plays basketball today on boxing, up for a game? 1-22-2021, 1:38:52 PM
death: OK, let's see what else tsunami can do for trainer on boxing. I saw he killed them! 1-22-2021, 1:39:02 PM
death: trainer was owned by tsunami on boxing 1-22-2021, 1:39:08 PM
Rey logged in. 1-22-2021, 1:39:09 PM
death: tsunami just put boxer 6 feet under on boxing 1-22-2021, 1:39:12 PM
death: krish's head was blown apart and now tsunami's modern_sub_machine_gun_carbine plays basketball today on boxing ring, up for a game? 1-22-2021, 1:39:18 PM
death: boxer just got annihilated by krish on boxing 1-22-2021, 1:39:18 PM
death: boxer got fucked up by tsunami on boxing. 1-22-2021, 1:39:31 PM
death: I think I just saw boxer's corpse flying as tsunami owned them on boxing. 1-22-2021, 1:39:36 PM
death: tsunami just put boxer 6 feet under on boxing 1-22-2021, 1:39:43 PM
death: roflgamer got fucked up by major's hand_cannon on Uncharted Nothingness. 1-22-2021, 1:39:46 PM
Rey (Rey) said hi 1-22-2021, 1:39:51 PM
death: Anybody knows why major died? I know! major got owned by divine's hand_cannon! Where? On Uncharted Nothingness! 1-22-2021, 1:39:52 PM
death: A new corpse of boxer is flying on boxing, because tsunami made this to happen! 1-22-2021, 1:39:52 PM
death: Another one bites the dust, boxer, you will be greatly missed on boxing, tsunami? what have you done? 1-22-2021, 1:39:55 PM
death: gravaty just finished pulling the corpse of tsunami to the ground of the boxing,  and we can thank krish's the_legendary_sword for the help!  1-22-2021, 1:40:03 PM
death: krish just totaled trainer's ass on boxing 1-22-2021, 1:40:05 PM
death: ownage! trainer managed to escape by killing krish on the boxing 1-22-2021, 1:40:13 PM
in team masters, roflgamer (blindgamers14) said i will use suicide bomb power 1-22-2021, 1:40:14 PM
sgamer lost connection 1-22-2021, 1:40:15 PM
death: Stay clear of boxing, krish has begun decaying. Thanks boxer 1-22-2021, 1:40:16 PM
death: boxer just got their ass handed to them on a platter, happily served by krish, and he done it on boxing! 1-22-2021, 1:41:57 PM
death: krish just neutralized boxer on boxing 1-22-2021, 1:41:58 PM
death: krish just put the smack down on trainer, thats good, but whi on boxing? 1-22-2021, 1:42:00 PM
death: boxing smells pretty dank. trainer needs a proper barrial by krish 1-22-2021, 1:42:02 PM
death: A new corpse of roflgamer is flying on Uncharted Nothingness, because major's hand_cannon made this to happen! 1-22-2021, 1:42:08 PM
death: Well, trainer doesn't exist anymore. Looks to be that krish has ultimate victory. Clean up on boxing  1-22-2021, 1:42:16 PM
death: boxer just got bashed by krish on the boxing 1-22-2021, 1:42:22 PM
death: poltergeist was nuked out of zalp by Rey 1-22-2021, 1:42:24 PM
death: trainer just got creamed by krish on boxing 1-22-2021, 1:42:26 PM
death: a bloody corpse of boxer now lies on boxing, thanks to tsunami 1-22-2021, 1:42:29 PM
HarryPotter (Simba) said hi jemsel 1-22-2021, 1:42:32 PM
death: Rey killed mosquito on zalp. 1-22-2021, 1:42:33 PM
death: tsunami has been terminated by krish's the_legendary_sword on boxing ring 1-22-2021, 1:42:36 PM
death: because of the villany of Rey, securityguard will no longer have a beating heart again, because it is broken on the zalp. 1-22-2021, 1:42:41 PM
death: krish just gave trainer what for! he started ruining boxing! 1-22-2021, 1:42:42 PM
death: krish laughs mockingly at the dying form of trainer on boxing 1-22-2021, 1:42:44 PM
death: Well, pan doesn't exist anymore. Looks to be that Rey has ultimate victory. Clean up on zalp  1-22-2021, 1:42:50 PM
death: krish just mauled boxer on boxing 1-22-2021, 1:42:51 PM
major sent a Pm to rathee: bro cum for fight 1-22-2021, 1:42:55 PM
death: A pool of red reminder liquid now forms under boxer's corpse. krish has the credibility for their demise.  1-22-2021, 1:42:59 PM
death: boxer was totaled by krish on boxing 1-22-2021, 1:43:04 PM
death: boxer has been terminated by krish on boxing 1-22-2021, 1:43:13 PM
death: the boxing now contains loads of guts from trainer, thanks to krish.  1-22-2021, 1:43:20 PM
death: trainer was owned by krish on boxing 1-22-2021, 1:43:26 PM
death: Oops? Man down! That man is trainer. krish isn't so kind on boxing. 1-22-2021, 1:43:35 PM
death: oy, where'd cock go? Do you happen to know, Rey? 1-22-2021, 1:43:38 PM
death: gravaty just finished pulling the corpse of boxer to the ground of the boxing,  and we can thank krish for the help!  1-22-2021, 1:43:39 PM
death: boxer, You have a murderer on boxing, go ahead krish  1-22-2021, 1:43:47 PM
death: transformer takes their last breath as Rey blasts them in the face one last time on zalp. Brutallity! 1-22-2021, 1:43:53 PM
death: boxer was nuked off the boxing by krish 1-22-2021, 1:43:53 PM
death: boxing smells pretty dank. trainer needs a proper barrial by krish 1-22-2021, 1:44:01 PM
death: because of the villany of krish's the_legendary_sword, tsunami will no longer have a beating heart again, because it is broken on the boxing ring. 1-22-2021, 1:44:05 PM
death: Somebody call 9 1 1, oh wait, rain check. roflgamer's armored tank gives no shits. Peace out, major 1-22-2021, 1:44:06 PM
death: Stop crying, boxer! Go kill krish! where he is, on boxing! 1-22-2021, 1:44:07 PM
roflgamer (blindgamers14) said die you 1-22-2021, 1:44:14 PM
death: The boxing is full now with boxer's guts as krish owned them! 1-22-2021, 1:44:14 PM
tsunami (tsunami) said fuck krish 1-22-2021, 1:44:22 PM
death: boxer just got their ass handed to them on a platter, happily served by HarryPotter, and he done it on boxing! 1-22-2021, 1:44:23 PM
death: Stay clear of boxing ring, HarryPotter has begun decaying. Thanks krish's the_legendary_sword 1-22-2021, 1:44:24 PM
death: roflgamer's armored_tank just got bashed by roflgamer's suicide bomb on the Uncharted Nothingness 1-22-2021, 1:44:27 PM
death: roflgamer was obliterated by the explosion of their armored_tank 1-22-2021, 1:44:27 PM
death: krish, I believe boxer had something to say, go meet him on boxing. 1-22-2021, 1:44:29 PM
major (major) said how kannen 1-22-2021, 1:44:32 PM
krish lost connection 1-22-2021, 1:44:46 PM
major (major) said cum you 1-22-2021, 1:44:59 PM
krish logged in. 1-22-2021, 1:45:01 PM
death: heavy hammer just condemned major to Indoor Battle Gymnazium  s hell! 1-22-2021, 1:45:10 PM
roflgamer (blindgamers14) said where 1-22-2021, 1:45:36 PM
krish lost connection 1-22-2021, 1:45:37 PM
killer3000 (killer3000) said hello 1-22-2021, 1:45:47 PM
krish logged in. 1-22-2021, 1:45:48 PM
death: The boxing is full now with boxer's guts as krish owned them! 1-22-2021, 1:46:20 PM
krish lost connection 1-22-2021, 1:46:22 PM
tsunami (tsunami) said no good place to earn coins easily 1-22-2021, 1:46:29 PM
krish logged in. 1-22-2021, 1:46:30 PM
killer3000 (killer3000) said oi krishshshshs 1-22-2021, 1:46:38 PM
death: boxer was given what was coming to them, thank you krish! 1-22-2021, 1:46:43 PM
death: OK, let's see what else krish can do for boxer on boxing. I saw he killed them! 1-22-2021, 1:46:49 PM
death: Anybody knows why krish died? I know! krish got owned by HarryPotter's storm_sniper! Where? On ! 1-22-2021, 1:46:52 PM
death: major, I believe roflgamer's armored tank had something to say, go meet him on Uncharted Nothingness. 1-22-2021, 1:46:57 PM
death: HarryPotter laughs mockingly at the dying form of boxer on boxing 1-22-2021, 1:46:58 PM
death: Man? what's this! boxer died? No! He's my friend! Or what... I mean, he's HarryPotter's friend! But I still can't believe looking at how he killed them on boxing. 1-22-2021, 1:47:04 PM
roflgamer (blindgamers14) said lololol 1-22-2021, 1:47:06 PM
KillerCross disconnected 1-22-2021, 1:47:06 PM
death: Another one bites the dust, boxer, you will be greatly missed on boxing, killer3000? what have you done? 1-22-2021, 1:47:14 PM
death: HarryPotter was owned by killer3000's storm_sniper on boxing 1-22-2021, 1:47:17 PM
major (major) said how kannen? 1-22-2021, 1:47:19 PM
death: Rey's rpg7 just neutralized mortal on zalp 1-22-2021, 1:47:19 PM
roflgamer (blindgamers14) said how hah? 1-22-2021, 1:47:20 PM
major (major) said how kannen 1-22-2021, 1:47:25 PM
roflgamer (blindgamers14) said dont kno 1-22-2021, 1:47:29 PM
roflgamer (blindgamers14) said i dont have cannon 1-22-2021, 1:47:34 PM
death: Rey was nuked out of zalp by Rey's rpg7 1-22-2021, 1:47:34 PM
krish (krish) said aa 1-22-2021, 1:47:34 PM
Rey (Rey) said a 1-22-2021, 1:47:40 PM
death: Stay clear of zalp, goat has begun decaying. Thanks Rey's rpg7 1-22-2021, 1:47:40 PM
tsunami (tsunami) said coin, 670238 1-22-2021, 1:47:40 PM
major (major) said rofl cheate  1-22-2021, 1:47:41 PM
Rey (Rey) said rofl 1-22-2021, 1:47:41 PM
roflgamer (blindgamers14) said cheat? 1-22-2021, 1:47:47 PM
roflgamer (blindgamers14) said hahahahaha 1-22-2021, 1:47:49 PM
roflgamer (blindgamers14) said what is your proof if I cheat 1-22-2021, 1:48:05 PM
major (major) said wich wepen you are using/ 1-22-2021, 1:48:09 PM
death: Breaking news! Today, Rey killed sniper so easy on zalp! isn't it a good news? 1-22-2021, 1:48:10 PM
death: Rey killed robot on zalp. 1-22-2021, 1:48:20 PM
roflgamer (blindgamers14) said read in your dead mesage 1-22-2021, 1:48:21 PM
death: Rey just put the smack down on boxer, thats good, but whi on zalp? 1-22-2021, 1:48:29 PM
roflgamer (blindgamers14) said coin, 4756675 1-22-2021, 1:48:36 PM
death: and splat goes polarbear, with Rey standing over them on zalp with quite the smile 1-22-2021, 1:48:38 PM
death: Oh flapjacks, zalp looks like a big bloody mess. krish definitely pushed hard to use gangster's remains as a deceration 1-22-2021, 1:48:42 PM
roflgamer (blindgamers14) said come hey 1-22-2021, 1:48:53 PM
tsunami (tsunami) said i think, i am made to play only 3dyw ang sbyw game 1-22-2021, 1:48:53 PM
death: killer3000 was given what was coming to them, thank you krish's storm_sniper! 1-22-2021, 1:48:58 PM
major (major) said oh 1-22-2021, 1:48:59 PM
major (major) said sorry 1-22-2021, 1:49:02 PM
death: and splat goes krish, with Rey's hand_grenade standing over them on zalp with quite the smile 1-22-2021, 1:49:07 PM
roflgamer (blindgamers14) said sbyw? 1-22-2021, 1:49:11 PM
tsunami (tsunami) said yap 1-22-2021, 1:49:15 PM
roflgamer (blindgamers14) said i play sbyw 1-22-2021, 1:49:19 PM
roflgamer (blindgamers14) said yw 1-22-2021, 1:49:30 PM
tsunami (tsunami) said because i am still unable to get storm snapper and legendary sword 1-22-2021, 1:49:33 PM
death: and the deathly scream of Rey pierces the air as killer3000's storm_sniper finishes them off on zalp! 1-22-2021, 1:49:40 PM
roflgamer (blindgamers14) said use hand cannon instead 1-22-2021, 1:49:44 PM
Rey (Rey) said rofl 1-22-2021, 1:49:46 PM
HarryPotter (Simba) said 100 taser_ammo_packs purchased 1-22-2021, 1:49:47 PM
death: killer3000 just condemned cockroach to zalp s hell! 1-22-2021, 1:50:00 PM
death: krish's head was blown apart and now killer3000's storm_sniper plays basketball today on zalp, up for a game? 1-22-2021, 1:50:24 PM
death: major was nuked out of Uncharted Nothingness by roflgamer's suicide bomb 1-22-2021, 1:50:26 PM
death: roflgamer's armored_tank just got their ass handed to them on a platter, happily served by roflgamer's suicide bomb, and he done it on Uncharted Nothingness! 1-22-2021, 1:50:26 PM
death: roflgamer was obliterated by the explosion of their armored_tank 1-22-2021, 1:50:26 PM
roflgamer (blindgamers14) said lolol 1-22-2021, 1:50:34 PM
death: killer3000's storm_sniper just completely and totally pulvarized Rey over zalp! 1-22-2021, 1:50:35 PM
tsunami (tsunami) said and also not getting proper and peaceful place to earn coins also to buy all these items from those who are having extra 1-22-2021, 1:50:38 PM
Rey (Rey) said rofl 1-22-2021, 1:50:42 PM
Rey disconnected 1-22-2021, 1:50:43 PM
death: military_helicopter just got creamed by killer3000 on zalp 1-22-2021, 1:50:45 PM
HarryPotter (Simba) said woll. you have 0 of 1 ammo in your taser, and you have 3813 bullets remaining 1-22-2021, 1:50:47 PM
major (major) said jemsel go there 1-22-2021, 1:51:01 PM
sgamer logged in. 1-22-2021, 1:51:04 PM
major (major) said to get to a map full of stun grenades, press enter! attention! at coordinates 100, 100, 0 there will be a reward, 30000 coins! good luck! at 10, 5, 0 1-22-2021, 1:51:04 PM
major (major) said to get to a map full of stun grenades, press enter! attention! at coordinates 100, 100, 0 there will be a reward, 30000 coins! good luck! at 10, 5, 0 1-22-2021, 1:51:06 PM
krish lost connection 1-22-2021, 1:51:35 PM
krish logged in. 1-22-2021, 1:51:50 PM
death: krish, You have a murderer on , go ahead killer3000's storm_sniper  1-22-2021, 1:51:57 PM
death: divine was given what was coming to them, thank you roflgamer's sky 436 mine! 1-22-2021, 1:52:00 PM
HarryPotter (Simba) said player harrypotter just stamped the stun grenade map, congratulations.! 1-22-2021, 1:52:04 PM
roflgamer (blindgamers14) said lol? divine was given what was coming to them, thank you roflgamer's sky 436 mine! 1-22-2021, 1:52:11 PM
HarryPotter (Simba) said mind? 1-22-2021, 1:52:23 PM
death: destructor just got annihilated by killer3000 on zalp 1-22-2021, 1:52:25 PM
roflgamer (blindgamers14) said sky mine 1-22-2021, 1:52:29 PM
krish lost connection 1-22-2021, 1:52:34 PM
HarryPotter (Simba) said wow 1-22-2021, 1:52:35 PM
death: You know that particular element in physics where velocity increases as you fall? yeah, coyote learned that really fuckin quick, and we can thank killer3000. 1-22-2021, 1:52:37 PM
sgamer logged in. 1-22-2021, 1:52:39 PM
death: major's head was blown apart and now roflgamer's armored tank plays basketball today on Uncharted Nothingness, up for a game? 1-22-2021, 1:52:41 PM
death: killer3000 just gave duckling what for! he started ruining zalp! 1-22-2021, 1:52:41 PM
tsunami (tsunami) said what is that sky mine? 1-22-2021, 1:52:42 PM
roflgamer (blindgamers14) said mine in the sky 1-22-2021, 1:52:49 PM
krish logged in. 1-22-2021, 1:52:52 PM
roflgamer (blindgamers14) said if you jump, you will die 1-22-2021, 1:52:55 PM
death: The  is full now with krish's guts as killer3000's storm_sniper owned them! 1-22-2021, 1:52:58 PM
death: A new corpse of robot_monster is flying on zalp, because killer3000 made this to happen! 1-22-2021, 1:53:15 PM
death: Another one bites the dust, krish, you will be greatly missed on zalp, killer3000's storm_sniper? what have you done? 1-22-2021, 1:53:38 PM
krish lost connection 1-22-2021, 1:53:49 PM
death: oy, where'd giant go? Do you happen to know, killer3000? 1-22-2021, 1:54:00 PM
krish logged in. 1-22-2021, 1:54:06 PM
death: krish just got bashed by killer3000's storm_sniper on the zalp 1-22-2021, 1:54:34 PM
death: Amphibian just condemned killer3000 to zalp s hell! 1-22-2021, 1:54:35 PM
death: roflgamer's armored tank just used the grounds of the climbing down into the zeroth river to teach major a very important lesson!  1-22-2021, 1:54:51 PM
HarryPotter (Simba) said 1000 stp429_mini_missiles purchased 1-22-2021, 1:54:56 PM
krish lost connection 1-22-2021, 1:55:03 PM
roflgamer (blindgamers14) said die again 1-22-2021, 1:55:08 PM
krish logged in. 1-22-2021, 1:55:15 PM
tsunami (tsunami) said no one is playing bs now? 1-22-2021, 1:55:20 PM
death: heavy hammer just blasted krish away from ! 1-22-2021, 1:55:20 PM
roflgamer (blindgamers14) said its down 1-22-2021, 1:55:27 PM
krish (krish) said what is down 1-22-2021, 1:55:34 PM
roflgamer (blindgamers14) said bloodstorm 1-22-2021, 1:55:38 PM
tsunami (tsunami) said oho, again down? 1-22-2021, 1:55:41 PM
krish lost connection 1-22-2021, 1:55:46 PM
death: major was just obliterated by the force of roflgamer's armored tank on river bank 1-22-2021, 1:55:46 PM
death: enemy5 got fucked up by killer3000 on zalp. 1-22-2021, 1:55:54 PM
krish logged in. 1-22-2021, 1:55:55 PM
roflgamer (blindgamers14) said hit major 1-22-2021, 1:55:56 PM
death: the zalp now contains loads of guts from coyote, thanks to killer3000.  1-22-2021, 1:55:58 PM
sgamer lost connection 1-22-2021, 1:56:01 PM
death: fireman was given what was coming to them, thank you killer3000! 1-22-2021, 1:56:03 PM
death: killer3000 died. Why? Because krish's hand_cannon owned them on zalp. 1-22-2021, 1:56:14 PM
tsunami (tsunami) said krish krish krish krish 1-22-2021, 1:56:16 PM
death: OK, let's see what else krish can do for pan on zalp. I saw he killed them! 1-22-2021, 1:56:21 PM
roflgamer (blindgamers14) said error with auction. plese try again 1-22-2021, 1:56:31 PM
death: wolf just got bashed by krish on the zalp 1-22-2021, 1:56:43 PM
death: Another one bites the dust, krish, you will be greatly missed on zalp, tyrant? what have you done? 1-22-2021, 1:56:56 PM
krish (krish) said ya jemsle bro 1-22-2021, 1:57:20 PM
death: There's a light at the end of the tunnel major, actually, fuck that. roflgamer's armored tank ran you down on Uncharted Nothingness. Sor'r'r'r'r'r'r'r'r'r'ry 1-22-2021, 1:57:31 PM
roflgamer (blindgamers14) said die you 1-22-2021, 1:57:38 PM
major (major) said hahah  1-22-2021, 1:57:43 PM
death: A new corpse of krish is flying on zalp, because killer3000's storm_sniper made this to happen! 1-22-2021, 1:57:43 PM
krish lost connection 1-22-2021, 1:57:49 PM
major (major) said do not have helth man 1-22-2021, 1:57:49 PM
roflgamer (blindgamers14) said what is that 1-22-2021, 1:57:57 PM
major (major) said only 10000 helth 1-22-2021, 1:57:58 PM
krish logged in. 1-22-2021, 1:58:00 PM
roflgamer (blindgamers14) said i also 10000 1-22-2021, 1:58:05 PM
death: killer3000's storm_sniper just blasted krish away from zalp! 1-22-2021, 1:58:35 PM
killer3000 (killer3000) said ahaha 1-22-2021, 1:58:41 PM
roflgamer (blindgamers14) said going to roflgamer map 1-22-2021, 1:58:46 PM
death: killer3000 just beat the shit out of mortal on zalp 1-22-2021, 1:59:05 PM
roflgamer (blindgamers14) said ah cancel 1-22-2021, 1:59:07 PM
death: Is there a doctor on the zalp? killer3000 has no paulse. Oh, there isn't? Okay. krish's hand_cannon laughs. 1-22-2021, 1:59:09 PM
HarryPotter (Simba) said 500 pack_of_20_ammo_ags30s purchased 1-22-2021, 1:59:30 PM
Johnny logged in. 1-22-2021, 1:59:38 PM
krish lost connection 1-22-2021, 1:59:39 PM
death: Damn, roflgamer's armored tank, that was quite a vicious display of violence towards major?, but worst of all, you done it on Uncharted Nothingness! 1-22-2021, 1:59:39 PM
roflgamer (blindgamers14) said lol 1-22-2021, 1:59:43 PM
krish logged in. 1-22-2021, 1:59:53 PM
death: Well, killer3000 doesn't exist anymore. Looks to be that killer3000's rocket has ultimate victory. Clean up on zalp  1-22-2021, 1:59:54 PM
roflgamer (blindgamers14) said come kill, i want o store 1-22-2021, 1:59:57 PM
tsunami (tsunami) said oho, why my auction is not working guys 1-22-2021, 2:00:12 PM
roflgamer (blindgamers14) said its work 1-22-2021, 2:00:20 PM
tsunami (tsunami) said mine not working 1-22-2021, 2:00:27 PM
death: oy, where'd military_guard go? Do you happen to know, krish? 1-22-2021, 2:00:30 PM
roflgamer (blindgamers14) said shift space 1-22-2021, 2:00:33 PM
HarryPotter (Simba) said wow. you have 0 of 10 ammo in your ags30, and you have 2000 bullets remaining 1-22-2021, 2:00:56 PM
death: killer3000's rocket just completely and totally pulvarized enemy7 over zalp! 1-22-2021, 2:00:57 PM
death: krish died. Why? Because killer3000's rocket owned them on . 1-22-2021, 2:01:19 PM
killer3000 (killer3000) said ahehehe 1-22-2021, 2:01:29 PM
HarryPotter (Simba) said you don't have this many coins. 1-22-2021, 2:01:50 PM
roflgamer (blindgamers14) said lol 1-22-2021, 2:01:57 PM
in team masters, roflgamer (blindgamers14) said hi 1-22-2021, 2:02:26 PM
death: krish's hand_cannon is so happy because he killed killer3000 on zalp! 1-22-2021, 2:02:27 PM
death: krish, You have a murderer on zalp, go ahead giant  1-22-2021, 2:02:35 PM
killer3000 (killer3000) said ahah] 1-22-2021, 2:02:40 PM
death: giant just got annihilated by killer3000's rocket on zalp 1-22-2021, 2:02:41 PM
death: roflgamer's armored tank just condemned major to Uncharted Nothingness s hell! 1-22-2021, 2:03:04 PM
death: killer3000 just gave laboratory_assistant what for! he started ruining zalp! 1-22-2021, 2:03:07 PM
death: Another one bites the dust! killer3000, have fun, I'm sure krish's hand_cannon is on zalp 1-22-2021, 2:03:15 PM
HarryPotter (Simba) said how to use banding meshin? 1-22-2021, 2:03:17 PM
major (major) said HAY THERE IS SHELTER  1-22-2021, 2:03:23 PM
roflgamer (blindgamers14) said enter 1-22-2021, 2:03:23 PM
tsunami (tsunami) said press enter 1-22-2021, 2:03:25 PM
death: Another one bites the dust, wolf, you will be greatly missed on zalp, krish? what have you done? 1-22-2021, 2:03:27 PM
roflgamer (blindgamers14) said thats mine 1-22-2021, 2:03:29 PM
major (major) said THERE IS SHELTER 1-22-2021, 2:03:29 PM
roflgamer (blindgamers14) said thats mine 1-22-2021, 2:03:34 PM
major (major) said OH 1-22-2021, 2:03:39 PM
tsunami (tsunami) said and press space for making purchase 1-22-2021, 2:03:43 PM
death: killer3000 just beat the shit out of transformer on zalp 1-22-2021, 2:03:45 PM
roflgamer (blindgamers14) said the roflgamer shelter belonging to blindgamers14 with 1960465 health is behind and a little ways off to the right, 9 feet away. 1-22-2021, 2:03:51 PM
roflgamer (blindgamers14) said uh 1-22-2021, 2:03:56 PM
death: killer3000 just mauled duckling on zalp 1-22-2021, 2:04:07 PM
death: killer3000 is so happy because he killed tushkano on zalp! 1-22-2021, 2:04:11 PM
death: OK, let's see what else krish's hand_cannon can do for killer3000 on zalp. I saw he killed them! 1-22-2021, 2:04:17 PM
HarryPotter (Simba) said nothink happning 1-22-2021, 2:04:20 PM
death: transformer was totaled by krish on zalp 1-22-2021, 2:04:26 PM
major (major) said gone 1-22-2021, 2:04:28 PM
roflgamer (blindgamers14) said pnb alarm on.
what would you like to do 1-22-2021, 2:04:36 PM
death: A new freshly killed blood of cyborg lies now on zalp, thanks krish! 1-22-2021, 2:04:42 PM
roflgamer (blindgamers14) said i on shelter 1-22-2021, 2:04:49 PM
death: Oops? Man down! That man is destructor. krish isn't so kind on zalp. 1-22-2021, 2:04:57 PM
roflgamer (blindgamers14) said come here 1-22-2021, 2:05:02 PM
death: killer3000's hand_cannon just used the grounds of the zalp to teach krish a very important lesson!  1-22-2021, 2:05:05 PM
krish (krish) said coin, 9006010 1-22-2021, 2:05:26 PM
roflgamer (blindgamers14) said oh 1-22-2021, 2:05:32 PM
krish (krish) said you are level 136 with 2279306 experience. your next level requireds 32694 experience 1-22-2021, 2:05:41 PM
death: roflgamer just got their ass handed to them on a platter, happily served by roflgamer's sky 436 mine, and he done it on door out of this shelter! 1-22-2021, 2:05:51 PM
death: killer3000's storm_sniper just beat the shit out of krish on zalp 1-22-2021, 2:06:05 PM
killer3000 (killer3000) said hhehehehehe 1-22-2021, 2:06:11 PM
blindgamers14 logged in. 1-22-2021, 2:06:14 PM
death: Breaking news! Today, killer3000 killed helicopter so easy on zalp! isn't it a good news? 1-22-2021, 2:06:34 PM
roflgamer (blindgamers14) said i forget again if there are sky mine 1-22-2021, 2:06:38 PM
major (major) said hahahah  1-22-2021, 2:06:46 PM
death: killer3000 was given what was coming to them, thank you Amphibian! 1-22-2021, 2:06:46 PM
krish lost connection 1-22-2021, 2:07:06 PM
roflgamer (blindgamers14) said wait, someone is connected to my local network 1-22-2021, 2:07:08 PM
major (major) said how to know that our shipment is cumming 1-22-2021, 2:07:21 PM
krish logged in. 1-22-2021, 2:07:21 PM
major (major) said  newbie major: how to know that our shipment is cumming 1-22-2021, 2:07:27 PM
killer3000 lost connection 1-22-2021, 2:07:28 PM
tsunami (tsunami) said sound will come 1-22-2021, 2:07:29 PM
major (major) said k 1-22-2021, 2:07:33 PM
roflgamer (blindgamers14) said it will play sound 1-22-2021, 2:07:33 PM
major (major) said like? 1-22-2021, 2:07:40 PM
tsunami (tsunami) said some kind of buzzing spound 1-22-2021, 2:07:51 PM
roflgamer (blindgamers14) said like machine dropping something 1-22-2021, 2:07:55 PM
major (major) said k 1-22-2021, 2:08:10 PM
death: Anybody knows why grandpa died? I know! grandpa got owned by krish! Where? On zalp! 1-22-2021, 2:08:18 PM
roflgamer (blindgamers14) said btw, dont you hit my shelter 1-22-2021, 2:08:20 PM
death: Rest  in piece, cyborg. We'll sure miss you, guess we can thank krish for what they did on zalp. 1-22-2021, 2:08:28 PM
major (major) said no 1-22-2021, 2:08:38 PM
death: dentist takes their last breath as krish blasts them in the face one last time on zalp. Brutallity! 1-22-2021, 2:08:49 PM
tsunami (tsunami) said why only empty bottles are available here in bar 1-22-2021, 2:09:00 PM
death: grandpa laughs mockingly at the dying form of krish on zalp 1-22-2021, 2:09:00 PM
major (major) said you can kill players with it 1-22-2021, 2:09:17 PM
tsunami (tsunami) said krish, make coins for me also haha 1-22-2021, 2:09:29 PM
death: You know that particular element in physics where velocity increases as you fall? yeah, psychic learned that really fuckin quick, and we can thank krish. 1-22-2021, 2:09:43 PM
death: krish is so happy because he killed doctor on zalp! 1-22-2021, 2:10:09 PM
death: A new corpse of fireball is flying on zalp, because krish made this to happen! 1-22-2021, 2:10:23 PM
Johnny disconnected 1-22-2021, 2:10:25 PM
death: krish was nuked off the zalp by monster 1-22-2021, 2:10:40 PM
death: He shoots, he scores! monster's testicles went flying through the hoops on zalp. krish stands tall with quite the sinical smile. 1-22-2021, 2:10:41 PM
blindgamers14 lost connection 1-22-2021, 2:11:26 PM
filips logged in. 1-22-2021, 2:11:34 PM
krish lost connection 1-22-2021, 2:11:35 PM
krish logged in. 1-22-2021, 2:11:47 PM
tsunami (tsunami) said filips filips filips filips filips 1-22-2021, 2:11:54 PM
cake (filips) said yes 1-22-2021, 2:11:58 PM
cake (filips) said yes 1-22-2021, 2:12:03 PM
HarryPotter (Simba) said your head is spinning, you suddenly lose balance, you start to feel extremely dizzy and you suddenly have an urge to vomet! 1-22-2021, 2:12:05 PM
cake (filips) said what do you want 1-22-2021, 2:12:15 PM
krish lost connection 1-22-2021, 2:12:16 PM
krish logged in. 1-22-2021, 2:12:28 PM
blindgamers14 logged in. 1-22-2021, 2:12:30 PM
killer3000 logged in. 1-22-2021, 2:12:30 PM
cake (filips) said killer? 1-22-2021, 2:12:35 PM
HarryPotter (Simba) said hae 3000? 1-22-2021, 2:12:45 PM
HarryPotter (Simba) said you feel so dizzy you lose your balance again! 1-22-2021, 2:12:58 PM
cake sent a Pm to tsunami: hay what is your team 1-22-2021, 2:13:00 PM
HarryPotter (Simba) said suddenly you want to burp. you belch without calculating the force, and your belch is spread all over the map! 1-22-2021, 2:13:09 PM
roflgamer (blindgamers14) said major's armored_tank is in front and very slightly off to the left, 7 feet away. 1-22-2021, 2:13:09 PM
tsunami replied to cake: no team still 1-22-2021, 2:13:15 PM
tsunami replied to cake:  i am suffering to get storm snapper and legendary sword 1-22-2021, 2:13:31 PM
cake replied to tsunami: that damn killer kicks me out of his team, i wana be on a damn team 1-22-2021, 2:13:33 PM
roflgamer (blindgamers14) said wait 1-22-2021, 2:13:39 PM
death: roflgamer's armored_tank was just obliterated by the force of roflgamer's suicide bomb on Soto street 1-22-2021, 2:13:44 PM
death: roflgamer was obliterated by the explosion of their armored_tank 1-22-2021, 2:13:44 PM
cake (filips) said hay rofl gamer 1-22-2021, 2:13:46 PM
major (major) said ha 1-22-2021, 2:13:48 PM
killer3000 (killer3000) said hi balls 1-22-2021, 2:13:49 PM
major (major) said your armored_tank has 700199 health, and 85.4% fuel. last hit by blindgamers14's stp429_mini_missile 1-22-2021, 2:13:54 PM
roflgamer (blindgamers14) said no i want suicide my self 1-22-2021, 2:14:05 PM
roflgamer (blindgamers14) said want go somewhere 1-22-2021, 2:14:09 PM
cake (filips) said roflgamer why i am kicked out of team 1-22-2021, 2:14:18 PM
major (major) said do not lie i was near to you? 1-22-2021, 2:14:19 PM
HarryPotter (Simba) said from ware do i get air canaster? 1-22-2021, 2:14:22 PM
roflgamer (blindgamers14) said no 1-22-2021, 2:14:28 PM
death: Oh flapjacks, exit looks like a big bloody mess. killer3000's empty_beer_bottle definitely pushed hard to use krish's remains as a deceration 1-22-2021, 2:14:36 PM
cake (filips) said hay 1-22-2021, 2:14:39 PM
roflgamer (blindgamers14) said now bye 1-22-2021, 2:14:41 PM
killer3000 (killer3000) said ahaha 1-22-2021, 2:14:41 PM
blindgamers14 disconnected 1-22-2021, 2:14:43 PM
cake (filips) said  i asked some thing 1-22-2021, 2:14:51 PM
death: A new freshly killed blood of tsunami lies now on bar, thanks killer3000's empty_beer_bottle! 1-22-2021, 2:15:15 PM
HarryPotter (Simba) said i want air canester 1-22-2021, 2:15:15 PM
cake (filips) said did i ask you krish? 1-22-2021, 2:15:21 PM
krish (krish) said can we perchase empty beer botle? 1-22-2021, 2:15:28 PM
tsunami (tsunami) said are you crazy killer3000? 1-22-2021, 2:15:35 PM
major sent a Pm to HarryPotter: bro 1-22-2021, 2:15:38 PM
blindgamers14 logged in. 1-22-2021, 2:15:38 PM
major sent a Pm to HarryPotter: bro 1-22-2021, 2:15:45 PM
HarryPotter replied to major: ya 1-22-2021, 2:15:47 PM
cake (filips) said dont insult killer 1-22-2021, 2:15:53 PM
killer3000 (killer3000) said roflrofl 1-22-2021, 2:15:54 PM
major replied to HarryPotter: do you know how to get kannen 1-22-2021, 2:16:02 PM
cake (filips) said just want the reason, i dont want to insult him 1-22-2021, 2:16:09 PM
roflgamer (blindgamers14) said who 1-22-2021, 2:16:15 PM
HarryPotter replied to major: from store u get 1-22-2021, 2:16:16 PM
major replied to HarryPotter: no 1-22-2021, 2:16:21 PM
cake (filips) said dont insult killer, i said 1-22-2021, 2:16:25 PM
major replied to HarryPotter: why you want air conister 1-22-2021, 2:16:32 PM
krish (krish) said lol 1-22-2021, 2:16:32 PM
cake sent a Pm to tsunami: can we e team mates 1-22-2021, 2:16:42 PM
krish lost connection 1-22-2021, 2:16:48 PM
tsunami replied to cake: not yet bro 1-22-2021, 2:16:51 PM
sgamer logged in. 1-22-2021, 2:16:56 PM
krish logged in. 1-22-2021, 2:16:58 PM
cake replied to tsunami: why? 1-22-2021, 2:16:58 PM
roflgamer (blindgamers14) said give me beer 1-22-2021, 2:17:13 PM
killer3000 (killer3000) said oi aaja krish beer bottel fight 1-22-2021, 2:17:24 PM
tsunami replied to cake: i have to get storm snapper and legendary sword first in whcih i have to die many times 1-22-2021, 2:17:35 PM
death: major really made a mess of roflgamer's mini missile on the Uncharted Nothingness.  1-22-2021, 2:17:38 PM
roflgamer (blindgamers14) said hhaha 1-22-2021, 2:17:44 PM
cake replied to tsunami: k lets try together 1-22-2021, 2:17:47 PM
krish lost connection 1-22-2021, 2:17:50 PM
HarryPotter replied to major: hand cannon. costs 700000 coins. description. good hand cannon!. you can buy 0 1-22-2021, 2:17:53 PM
roflgamer (blindgamers14) said this team just got 1328 extra points! 1-22-2021, 2:17:57 PM
krish logged in. 1-22-2021, 2:18:00 PM
major replied to HarryPotter: no bro not that one 1-22-2021, 2:18:03 PM
HarryPotter replied to major: ok? 1-22-2021, 2:18:05 PM
major replied to HarryPotter: only kannen 1-22-2021, 2:18:06 PM
major replied to HarryPotter: we can get kannen  1-22-2021, 2:18:18 PM
HarryPotter replied to major: i dont no bro 1-22-2021, 2:18:20 PM
major replied to HarryPotter: k 1-22-2021, 2:18:31 PM
krish disconnected 1-22-2021, 2:18:34 PM
HarryPotter replied to major: i think from chalange 1-22-2021, 2:18:37 PM
krish logged in. 1-22-2021, 2:18:39 PM
roflgamer (blindgamers14) said start engin 1-22-2021, 2:18:40 PM
major replied to HarryPotter: no 1-22-2021, 2:18:46 PM
roflgamer (blindgamers14) said you have to wait, you can use this item every 20 seconds.! 1-22-2021, 2:19:02 PM
HarryPotter (Simba) said i want to craus weapons chalange 1-22-2021, 2:19:03 PM
death: Oh flapjacks, Uncharted Nothingness looks like a big bloody mess. divine's cannon definitely pushed hard to use major's remains as a deceration 1-22-2021, 2:19:22 PM
death: hazard is so happy because he killed killer3000 on dangerous place! 1-22-2021, 2:19:30 PM
HarryPotter sent a Pm to killer3000: i want to join in your team 1-22-2021, 2:19:38 PM
killer3000 replied to HarryPotter: ok 1-22-2021, 2:19:44 PM
major (major) said oh flapjacks, uncharted nothingness looks like a big bloody mess. divine's cannon definitely pushed hard to use major's remains as a deceration 1-22-2021, 2:19:46 PM
roflgamer (blindgamers14) said haha 1-22-2021, 2:20:02 PM
HarryPotter replied to killer3000: tell me team name and password bro 1-22-2021, 2:20:03 PM
killer3000 replied to HarryPotter: name is masters pass is masters21 1-22-2021, 2:20:19 PM
udit logged in. 1-22-2021, 2:20:26 PM
HarryPotter sent a Pm to divine: canan kaha se mili? 1-22-2021, 2:20:36 PM
divine replied to HarryPotter: ha 1-22-2021, 2:20:41 PM
krish lost connection 1-22-2021, 2:21:22 PM
krish logged in. 1-22-2021, 2:21:32 PM
death: hazard just completely and totally pulvarized killer3000 over dangerous place! 1-22-2021, 2:22:01 PM
HarryPotter sent a Pm to killer3000: how to join? 1-22-2021, 2:22:07 PM
killer3000 replied to HarryPotter: type  /tjointeam masters masters21 1-22-2021, 2:22:27 PM
death: major died. Why? Because roflgamer's suicide bomb owned them on Uncharted Nothingness. 1-22-2021, 2:22:33 PM
death: roflgamer's suicide bomb just gave  roflgamer's armored_tank a royal beating on Uncharted Nothingness! 1-22-2021, 2:22:35 PM
death: roflgamer was obliterated by the explosion of their armored_tank 1-22-2021, 2:22:35 PM
roflgamer (blindgamers14) said my tank have low health, so i use bombs 1-22-2021, 2:23:04 PM
krish lost connection 1-22-2021, 2:23:06 PM
major (major) said hahahahh this is the only reason you will have 1-22-2021, 2:23:27 PM
major (major) said to say 1-22-2021, 2:23:30 PM
roflgamer (blindgamers14) said yeah 1-22-2021, 2:23:34 PM
death: divine's poisoned small projectile  just gave  major a royal beating on Uncharted Nothingness! 1-22-2021, 2:24:05 PM
death: bear just blasted udit away from cage! 1-22-2021, 2:24:05 PM
roflgamer (blindgamers14) said rofl 1-22-2021, 2:24:16 PM
in team masters, roflgamer (blindgamers14) said give me one 1-22-2021, 2:24:19 PM
major (major) said you got wacked with sgamer's poisoned small projectile! 1-22-2021, 2:24:28 PM
death: There's a light at the end of the tunnel cake, actually, fuck that. hazard ran you down on dangerous place. Sor'r'r'r'r'r'r'r'r'r'ry 1-22-2021, 2:24:38 PM
roflgamer (blindgamers14) said lololol 1-22-2021, 2:24:38 PM
major (major) said you got wacked with sgamer's poisoned small projectile! 1-22-2021, 2:24:40 PM
roflgamer (blindgamers14) said yes? 1-22-2021, 2:24:46 PM
cake (filips) said fuck fuck fuck 1-22-2021, 2:24:47 PM
cake (filips) said fuck that map 1-22-2021, 2:25:00 PM
filips disconnected 1-22-2021, 2:25:02 PM
in team masters, roflgamer (blindgamers14) said how 1-22-2021, 2:25:39 PM
in team masters, HarryPotter (Simba) said i finily 1-22-2021, 2:25:40 PM
in team masters, killer3000 (killer3000) said welcome ro 1-22-2021, 2:25:42 PM
in team masters, roflgamer (blindgamers14) said hi 1-22-2021, 2:25:45 PM
death: killer3000 was turned to pulp by hazard on under you is a huge cauldron of boiling water, it is better not to fall into it 1-22-2021, 2:26:01 PM
death: the laws of gravity just put the smack down on killer3000, thats good, but whi on under you is a huge cauldron of boiling water, it is better not to fall into it? 1-22-2021, 2:26:01 PM
in team masters, HarryPotter (Simba) said my friend 3000 tell me the passwodr 1-22-2021, 2:26:06 PM
in team masters, divine (sgamer) said welcom to the masters team! 1-22-2021, 2:26:08 PM
death: major was nuked off the Zeroth River by roflgamer's suicide bomb 1-22-2021, 2:26:10 PM
death: roflgamer's suicide bomb just blasted roflgamer's armored_tank away from Zeroth River! 1-22-2021, 2:26:10 PM
death: roflgamer was obliterated by the explosion of their armored_tank 1-22-2021, 2:26:10 PM
in team masters, killer3000 (killer3000) said yaar lo i am stuk 1-22-2021, 2:26:29 PM
in team masters, HarryPotter (Simba) said thanks to all masters 1-22-2021, 2:26:29 PM
tsunami disconnected 1-22-2021, 2:26:32 PM
in team masters, killer3000 (killer3000) said oho dam 1-22-2021, 2:26:40 PM
in team masters, divine (sgamer) said ah 1-22-2021, 2:26:46 PM
in team masters, roflgamer (blindgamers14) said gass mask again 1-22-2021, 2:26:48 PM
in team masters, divine (sgamer) said kua huva  1-22-2021, 2:26:50 PM
in team masters, killer3000 (killer3000) said stuk 1-22-2021, 2:26:50 PM
in team masters, roflgamer (blindgamers14) said gass mask 1-22-2021, 2:26:55 PM
in team masters, killer3000 (killer3000) said i have ait 1-22-2021, 2:26:58 PM
in team masters, divine (sgamer) said rofl 1-22-2021, 2:26:59 PM
in team masters, killer3000 (killer3000) said air 1-22-2021, 2:27:02 PM
in team masters, HarryPotter (Simba) said tell me 1 think? 1-22-2021, 2:27:06 PM
in team masters, killer3000 (killer3000) said ask 1-22-2021, 2:27:12 PM
in team masters, divine (sgamer) said tell 1-22-2021, 2:27:13 PM
HarryPotter (Simba) said how to chek any players lokation? 1-22-2021, 2:27:33 PM
roflgamer (blindgamers14) said  /where 1-22-2021, 2:27:39 PM
in team masters, HarryPotter (Simba) said masters  soldier harrypotter: how to chek any players lokation?' 1-22-2021, 2:27:39 PM
roflgamer (blindgamers14) said  /where playername 1-22-2021, 2:27:44 PM
in team masters, divine (sgamer) said type /where and name 1-22-2021, 2:27:55 PM
in team masters, killer3000 (killer3000) said gtg 1-22-2021, 2:27:56 PM
killer3000 disconnected 1-22-2021, 2:28:00 PM
death: He shoots, he scores! dog's testicles went flying through the hoops on cage. udit stands tall with quite the sinical smile. 1-22-2021, 2:28:23 PM
death: A pool of red reminder liquid now forms under udit's corpse. lion has the credibility for their demise.  1-22-2021, 2:28:26 PM
krish logged in. 1-22-2021, 2:28:32 PM
krish (krish) said hi 1-22-2021, 2:28:38 PM
death: heavy hammer just totaled krish's ass on  1-22-2021, 2:28:50 PM
in team masters, HarryPotter (Simba) said you have 0 of 10 ammo in your ags30, and you have 2000 bullets remaining 1-22-2021, 2:29:04 PM
in team masters, HarryPotter (Simba) said how is this gun/ 1-22-2021, 2:29:23 PM
death: Anybody knows why krish died? I know! krish got owned by Amphibian! Where? On zalp! 1-22-2021, 2:29:29 PM
death: Oops? Man down! That man is Amphibian. krish isn't so kind on zalp. 1-22-2021, 2:29:32 PM
sgamer lost connection 1-22-2021, 2:29:39 PM
death: krish died. Why? Because heavy hammer owned them on safe zone. 1-22-2021, 2:29:55 PM
sgamer logged in. 1-22-2021, 2:30:13 PM
in team masters, HarryPotter (Simba) said salaam salman bhai 1-22-2021, 2:30:26 PM
death: krish is so happy because he killed lamprey on zalp! 1-22-2021, 2:30:30 PM
death: a bloody corpse of krish now lies on zalp, thanks to bee 1-22-2021, 2:30:37 PM
death: Oops? Man down! That man is laboratory_assistant. krish isn't so kind on zalp. 1-22-2021, 2:31:09 PM
blindgamers14 disconnected 1-22-2021, 2:31:16 PM
rathee lost connection 1-22-2021, 2:31:25 PM
HarryPotter (Simba) said 15 health_drinks purchased 1-22-2021, 2:31:34 PM
krish (krish) said die 1-22-2021, 2:31:52 PM
vladik logged in. 1-22-2021, 2:32:12 PM
death: Anybody knows why hunter died? I know! hunter got owned by HarryPotter's ags30! Where? On cage! 1-22-2021, 2:32:21 PM
death: heavy hammer just royally kicked krish's ass on zalp 1-22-2021, 2:32:28 PM
death: You know that particular element in physics where velocity increases as you fall? yeah, HarryPotter learned that really fuckin quick, and we can thank gorilla. 1-22-2021, 2:33:02 PM
death: OK, let's see what else roflgamer's sky 436 mine can do for divine on 5th Avenue North. I saw he killed them! 1-22-2021, 2:33:05 PM
death: OK, let's see what else udit can do for coyote on forest. I saw he killed them! 1-22-2021, 2:33:08 PM
death: krish just put the smack down on gorilla, thats good, but whi on cage? 1-22-2021, 2:33:14 PM
death: A pool of red reminder liquid now forms under boar's corpse. krish has the credibility for their demise.  1-22-2021, 2:33:19 PM
vladik lost connection 1-22-2021, 2:33:24 PM
death: krish just blew leopard's brains out on cage. Somebody get a mo 1-22-2021, 2:33:27 PM
death: a bloody corpse of dog now lies on forest, thanks to udit 1-22-2021, 2:33:34 PM
divine sent a Pm to major: you tel mi wait and you kill  1-22-2021, 2:33:35 PM
death: He shoots, he scores! wolf's testicles went flying through the hoops on cage. krish stands tall with quite the sinical smile. 1-22-2021, 2:33:37 PM
major replied to divine: who 1-22-2021, 2:33:44 PM
divine replied to major: you 1-22-2021, 2:33:49 PM
major replied to divine: i had not killed? 1-22-2021, 2:33:50 PM
krish disconnected 1-22-2021, 2:33:52 PM
divine replied to major: o sorry 1-22-2021, 2:34:01 PM
in team masters, divine (sgamer) said udit, (udit), is on map forest 1-22-2021, 2:34:20 PM
in team masters, HarryPotter (Simba) said forest kaha hai? 1-22-2021, 2:34:36 PM
in team masters, divine (sgamer) said main 1-22-2021, 2:34:42 PM
major replied to divine: i had not killed you? had you used rocket loncher? 1-22-2021, 2:34:51 PM
divine replied to major: yes   1-22-2021, 2:34:59 PM
divine replied to major: sorry bye mistake  1-22-2021, 2:35:08 PM
major replied to divine: it may killed you i think 1-22-2021, 2:35:14 PM
death: zombie just blew udit's brains out on forest. Somebody get a mo 1-22-2021, 2:35:25 PM
divine replied to major: oo ho 1-22-2021, 2:35:32 PM
krokodailtop logged in. 1-22-2021, 2:35:37 PM
death: Breaking news! Today, udit's awp killed krokodailtop so easy on viewing platform! isn't it a good news? 1-22-2021, 2:36:04 PM
divine replied to major: teja lets go passage to the palace in the clouds! at 100, 300, 0 1-22-2021, 2:36:14 PM
major replied to divine: what to do there 1-22-2021, 2:36:26 PM
divine replied to major: i dont know we will sea come 1-22-2021, 2:36:39 PM
major replied to divine: k waite 1-22-2021, 2:36:48 PM
death: heavy hammer laughs mockingly at the dying form of major on Primary Hallway  1-22-2021, 2:36:55 PM
major replied to divine: wich map 1-22-2021, 2:37:05 PM
divine replied to major: main  1-22-2021, 2:37:27 PM
major replied to divine: k 1-22-2021, 2:37:32 PM
death: Somebody call 9 1 1, oh wait, rain check. krokodailtop's gauss gives no shits. Peace out, udit 1-22-2021, 2:38:53 PM
udit (udit) said come to the bar lets do battel 1-22-2021, 2:39:22 PM
death: boxer really made a mess of krokodailtop on the boxing.  1-22-2021, 2:40:50 PM
death: Is there a doctor on the boxing? boxer has no paulse. Oh, there isn't? Okay. krokodailtop laughs. 1-22-2021, 2:41:03 PM
death: Anybody knows why boxer died? I know! boxer got owned by krokodailtop! Where? On boxing! 1-22-2021, 2:41:03 PM
death: Oh flapjacks, boxing looks like a big bloody mess. krokodailtop definitely pushed hard to use boxer's remains as a deceration 1-22-2021, 2:41:11 PM
death: You know that particular element in physics where velocity increases as you fall? yeah, trainer learned that really fuckin quick, and we can thank krokodailtop. 1-22-2021, 2:41:24 PM
krokodailtop disconnected 1-22-2021, 2:41:53 PM
death: a bloody corpse of krokodailtop now lies on boxing ring, thanks to udit's awp 1-22-2021, 2:41:53 PM
death: trainer was just obliterated by the force of krokodailtop on boxing 1-22-2021, 2:41:58 PM
blindgamers14 logged in. 1-22-2021, 2:42:42 PM
udit (udit) said what is the use of helth dart 1-22-2021, 2:43:13 PM
major (major) said funfun 1-22-2021, 2:43:22 PM
death: divine just got annihilated by the laws of gravity on palace on the clouds 1-22-2021, 2:45:08 PM
Simba lost connection 1-22-2021, 2:45:25 PM
divine (sgamer) said wait i am coming 1-22-2021, 2:45:30 PM
Simba logged in. 1-22-2021, 2:45:56 PM
major replied to divine: c 1-22-2021, 2:46:05 PM
divine replied to major: waht 1-22-2021, 2:46:12 PM
major replied to divine: 147, 49, 1000.  1-22-2021, 2:46:23 PM
death: Rest  in piece, udit's police_car. We'll sure miss you, guess we can thank lion' robot for what they did on forest. 1-22-2021, 2:46:28 PM
death: udit was obliterated by the explosion of their police_car 1-22-2021, 2:46:28 PM
divine replied to major: yes  1-22-2021, 2:46:40 PM
major replied to divine: nothing is there 1-22-2021, 2:46:50 PM
major replied to divine: 147, 49, 1000.  1-22-2021, 2:47:07 PM
death: There's a light at the end of the tunnel HarryPotter, actually, fuck that. HarryPotter's suicide bomb ran you down on door to the house. Sor'r'r'r'r'r'r'r'r'r'ry 1-22-2021, 2:47:29 PM
in team masters, roflgamer (blindgamers14) said hehh 1-22-2021, 2:47:35 PM
in team masters, HarryPotter (Simba) said i was stuck there 1-22-2021, 2:47:59 PM
in team masters, roflgamer (blindgamers14) said oh 1-22-2021, 2:48:09 PM
in team masters, roflgamer (blindgamers14) said stuck jump up 1-22-2021, 2:48:13 PM
in team masters, HarryPotter (Simba) said ya sum1 was killing me 1-22-2021, 2:48:25 PM
death: roflgamer was nuked off the shelter computer by heavy hammer 1-22-2021, 2:48:30 PM
in team masters, roflgamer (blindgamers14) said lets get some coin 1-22-2021, 2:48:40 PM
in team masters, HarryPotter (Simba) said woll? 1-22-2021, 2:48:43 PM
udit (udit) said can i repare my exploded police car? 1-22-2021, 2:48:52 PM
in team masters, HarryPotter (Simba) said from wear? 1-22-2021, 2:48:56 PM
roflgamer (blindgamers14) said no 1-22-2021, 2:48:58 PM
roflgamer (blindgamers14) said it already exploaded 1-22-2021, 2:49:03 PM
in team masters, roflgamer (blindgamers14) said zalp 1-22-2021, 2:49:13 PM
in team masters, HarryPotter (Simba) said exploded pulis car? 1-22-2021, 2:49:24 PM
in team masters, roflgamer (blindgamers14) said press / 1-22-2021, 2:49:29 PM
death: Anybody knows why car1 died? I know! car1 got owned by roflgamer! Where? On zalp! 1-22-2021, 2:49:52 PM
death: roflgamer just royally kicked psychiatrist's ass on zalp 1-22-2021, 2:50:10 PM
death: A new corpse of duckling is flying on zalp, because roflgamer made this to happen! 1-22-2021, 2:50:20 PM
death: roflgamer just put the smack down on helicopter, thats good, but whi on zalp? 1-22-2021, 2:50:42 PM
death: robocop just got bashed by roflgamer on the zalp 1-22-2021, 2:50:57 PM
in team masters, HarryPotter (Simba) said witch gun are you useing? 1-22-2021, 2:50:57 PM
in team masters, roflgamer (blindgamers14) said cannon 1-22-2021, 2:51:06 PM
in team masters, roflgamer (blindgamers14) said not gun 1-22-2021, 2:51:11 PM
in team masters, roflgamer (blindgamers14) said hand cannon 1-22-2021, 2:51:21 PM
death: flamethrower was given what was coming to them, thank you roflgamer! 1-22-2021, 2:51:23 PM
in team masters, HarryPotter (Simba) said from wear did you get? 1-22-2021, 2:51:25 PM
in team masters, roflgamer (blindgamers14) said store 1-22-2021, 2:51:29 PM
death: a bloody corpse of securityguard now lies on zalp, thanks to roflgamer 1-22-2021, 2:51:45 PM
HarryPotter (Simba) said kainen? 1-22-2021, 2:52:06 PM
death: cock was turned to pulp by roflgamer on zalp 1-22-2021, 2:52:13 PM
in team masters, HarryPotter (Simba) said coin, 25? 1-22-2021, 2:52:40 PM
death: baibydragon, I believe roflgamer had something to say, go meet him on zalp. 1-22-2021, 2:53:01 PM
divine (sgamer) said you enter in palace! 1-22-2021, 2:53:03 PM
divine replied to major: you enter in palace! 1-22-2021, 2:53:05 PM
death: roflgamer just beat the shit out of enemy5 on zalp 1-22-2021, 2:53:08 PM
death: roflgamer just blew psychic's brains out on zalp. Somebody get a mo 1-22-2021, 2:53:23 PM
divine replied to major: teja 1-22-2021, 2:53:27 PM
death: hulk was turned to pulp by roflgamer on zalp 1-22-2021, 2:53:52 PM
death: OK, let's see what else roflgamer can do for mouse on zalp. I saw he killed them! 1-22-2021, 2:54:02 PM
death: roflgamer just royally kicked enemy6's ass on zalp 1-22-2021, 2:54:07 PM
death: roflgamer just gave  tank_aftomat a royal beating on zalp! 1-22-2021, 2:54:16 PM
death: Breaking news! Today, roflgamer killed metallurgist so easy on zalp! isn't it a good news? 1-22-2021, 2:54:27 PM
death: wolf was just obliterated by the force of roflgamer on zalp 1-22-2021, 2:54:48 PM
in team masters, divine (sgamer) said current location: palace on the clouds 1-22-2021, 2:55:02 PM
death: Another one bites the dust, dragonfly, you will be greatly missed on zalp, roflgamer? what have you done? 1-22-2021, 2:55:04 PM
death: HarryPotter just mauled duckling on zalp 1-22-2021, 2:55:12 PM
in team masters, divine (sgamer) said you enter in palace! 1-22-2021, 2:55:16 PM
death: udit just got their ass handed to them on a platter, happily served by major's hand_cannon, and he done it on main! 1-22-2021, 2:55:17 PM
death: Breaking news! Today, woman1 killed roflgamer so easy on zalp! isn't it a good news? 1-22-2021, 2:55:29 PM
Simba disconnected 1-22-2021, 2:55:34 PM
roflgamer (blindgamers14) said oi not fare 1-22-2021, 2:55:38 PM
roflgamer (blindgamers14) said that grenade 1-22-2021, 2:55:46 PM
death: heavy hammer just condemned major to main s hell! 1-22-2021, 2:56:26 PM
Simba logged in. 1-22-2021, 2:56:30 PM
death: a bloody corpse of HarryPotter now lies on zalp, thanks to bomber 1-22-2021, 2:56:42 PM
Simba lost connection 1-22-2021, 2:57:05 PM
udit lost connection 1-22-2021, 2:57:30 PM
divine replied to major: so dengers  1-22-2021, 2:57:33 PM
udit logged in. 1-22-2021, 2:57:37 PM
death: zalp smells pretty dank. worm needs a proper barrial by major 1-22-2021, 2:57:41 PM
divine (sgamer) said aaaaaaaaaaaaaaa 1-22-2021, 2:57:46 PM
death: Rest  in piece, harvester. We'll sure miss you, guess we can thank major for what they did on zalp. 1-22-2021, 2:57:54 PM
major replied to divine: what 1-22-2021, 2:58:01 PM
divine replied to major: current location: southwest staircase 1-22-2021, 2:58:08 PM
death: major just put the smack down on enemy3, thats good, but whi on zalp? 1-22-2021, 2:58:18 PM
divine replied to major: this palace  1-22-2021, 2:58:27 PM
death: Another one bites the dust, divine, you will be greatly missed on palace on the clouds, the laws of gravity? what have you done? 1-22-2021, 2:58:32 PM
divine (sgamer) said o 1-22-2021, 2:58:38 PM
death: Man? what's this! bigdog died? No! He's my friend! Or what... I mean, he's major's friend! But I still can't believe looking at how he killed them on zalp. 1-22-2021, 2:58:42 PM
divine replied to major: yar nice 1-22-2021, 2:58:47 PM
death: Is there a doctor on the zalp? major has no paulse. Oh, there isn't? Okay. roflgamer's suicide bomb laughs. 1-22-2021, 2:58:56 PM
death: roflgamer's armored_tank was nuked off the zalp by roflgamer's suicide bomb 1-22-2021, 2:58:56 PM
death: roflgamer was obliterated by the explosion of their armored_tank 1-22-2021, 2:58:56 PM
death: and the deathly scream of the_strongest_giant pierces the air as roflgamer's suicide bomb finishes them off on zalp! 1-22-2021, 2:58:59 PM
roflgamer (blindgamers14) said haha 1-22-2021, 2:59:14 PM
major replied to divine: what is there  1-22-2021, 2:59:19 PM
udit lost connection 1-22-2021, 2:59:33 PM
divine replied to major: i dont know but i am going  1-22-2021, 2:59:36 PM
roflgamer (blindgamers14) said come zalp 1-22-2021, 2:59:43 PM
major replied to divine: k 1-22-2021, 2:59:45 PM
major replied to divine: making some coins 1-22-2021, 2:59:51 PM
death: roflgamer's tank just got creamed by military_helicopter' robot on zalp 1-22-2021, 2:59:55 PM
death: and splat goes roflgamer, with military_helicopter standing over them on zalp with quite the smile 1-22-2021, 2:59:56 PM
udit logged in. 1-22-2021, 3:00:05 PM
major (major) said and splat goes roflgamer, with military_helicopter standing over them on zalp with quite the smile 1-22-2021, 3:00:13 PM
blindgamers14 logged in. 1-22-2021, 3:00:25 PM
major (major) said and splat goes roflgamer, with military_helicopter standing over them on zalp with quite the smile 1-22-2021, 3:00:30 PM
roflgamer (blindgamers14) said i want this radio move to somewhere 1-22-2021, 3:00:46 PM
death: major just gave cock what for! he started ruining zalp! 1-22-2021, 3:00:46 PM
death: Stop crying, rat! Go kill major! where he is, on zalp! 1-22-2021, 3:00:57 PM
death: major died. Why? Because psychiatrist owned them on zalp. 1-22-2021, 3:01:12 PM
death: oy, where'd psychiatrist go? Do you happen to know, major? 1-22-2021, 3:01:14 PM
roflgamer (blindgamers14) said hahahahaha 1-22-2021, 3:01:16 PM
death: Well, dentist doesn't exist anymore. Looks to be that major has ultimate victory. Clean up on zalp  1-22-2021, 3:02:05 PM
death: gravaty just finished pulling the corpse of major to the ground of the zalp,  and we can thank roflgamer's armored tank for the help!  1-22-2021, 3:02:11 PM
roflgamer (blindgamers14) said haha 1-22-2021, 3:02:20 PM
death: cyborg was nuked out of zalp by roflgamer 1-22-2021, 3:02:45 PM
vladik logged in. 1-22-2021, 3:02:48 PM
udit disconnected 1-22-2021, 3:02:49 PM
istek logged in. 1-22-2021, 3:02:51 PM
death: patient was owned by roflgamer on zalp 1-22-2021, 3:03:05 PM
death: Man? what's this! major died? No! He's my friend! Or what... I mean, he's roflgamer's suicide bomb's friend! But I still can't believe looking at how he killed them on zalp. 1-22-2021, 3:03:42 PM
death: roflgamer's suicide bomb just beat the shit out of roflgamer's armored_tank on zalp 1-22-2021, 3:03:42 PM
death: roflgamer was obliterated by the explosion of their armored_tank 1-22-2021, 3:03:42 PM
death: behemoth's head was blown apart and now roflgamer's suicide bomb plays basketball today on zalp, up for a game? 1-22-2021, 3:03:44 PM
roflgamer (blindgamers14) said roflflflfllflflf 1-22-2021, 3:03:56 PM
fighter3 (istek) said d 1-22-2021, 3:04:10 PM
roflgamer (blindgamers14) said asdfasfd 1-22-2021, 3:04:13 PM
fighter3 (istek) said dd 1-22-2021, 3:04:16 PM
roflgamer (blindgamers14) said expload 1-22-2021, 3:04:28 PM
death: dragonfly was turned to pulp by major on zalp 1-22-2021, 3:04:39 PM
death: oy, where'd major go? Do you happen to know, roflgamer's suicide bomb? 1-22-2021, 3:04:50 PM
death: OK, let's see what else roflgamer's suicide bomb can do for roflgamer's armored_tank on zalp. I saw he killed them! 1-22-2021, 3:04:50 PM
death: roflgamer was obliterated by the explosion of their armored_tank 1-22-2021, 3:04:50 PM
death: Breaking news! Today, roflgamer's suicide bomb killed monster so easy on zalp! isn't it a good news? 1-22-2021, 3:04:54 PM
fighter3 (istek) said oi 1-22-2021, 3:05:01 PM
roflgamer (blindgamers14) said what? 1-22-2021, 3:05:12 PM
major (major) said yo 1-22-2021, 3:05:24 PM
death: Rest  in piece, major. We'll sure miss you, guess we can thank fighter3's rocket for what they did on zalp. 1-22-2021, 3:05:38 PM
death: ownage! fighter3 managed to escape by killing major's hand_cannon on the zalp 1-22-2021, 3:06:06 PM
death: gravaty just finished pulling the corpse of major to the ground of the zalp,  and we can thank roflgamer's suicide bomb for the help!  1-22-2021, 3:06:13 PM
death: roflgamer's armored_tank just got annihilated by roflgamer's suicide bomb on zalp 1-22-2021, 3:06:13 PM
death: roflgamer was obliterated by the explosion of their armored_tank 1-22-2021, 3:06:13 PM
death: manager was owned by roflgamer's suicide bomb on zalp 1-22-2021, 3:06:14 PM
death: roflgamer just mauled fly on zalp 1-22-2021, 3:06:46 PM
istek disconnected 1-22-2021, 3:06:51 PM
death: Somebody call 9 1 1, oh wait, rain check. major gives no shits. Peace out, enemy6 1-22-2021, 3:07:02 PM
death: the zalp now contains loads of guts from major, thanks to roflgamer's suicide bomb.  1-22-2021, 3:07:03 PM
death: roflgamer's suicide bomb just blasted roflgamer's armored_tank away from zalp! 1-22-2021, 3:07:03 PM
death: roflgamer was obliterated by the explosion of their armored_tank 1-22-2021, 3:07:03 PM
roflgamer (blindgamers14) said ok ok ok , i done now 1-22-2021, 3:07:15 PM
roflgamer (blindgamers14) said go kill 1-22-2021, 3:07:25 PM
vladik disconnected 1-22-2021, 3:07:50 PM
death: hunter, I believe major had something to say, go meet him on zalp. 1-22-2021, 3:07:51 PM
death: behemoth just blew major's brains out on zalp. Somebody get a mo 1-22-2021, 3:08:14 PM
death: and the deathly scream of behemoth pierces the air as major finishes them off on zalp! 1-22-2021, 3:08:19 PM
major (major) said haha 1-22-2021, 3:08:37 PM
roflgamer (blindgamers14) said haha? 1-22-2021, 3:08:50 PM
death: major is so happy because he killed psychiatrist on zalp! 1-22-2021, 3:09:12 PM
death: fireball just totaled major's ass on zalp 1-22-2021, 3:09:15 PM
death: professor's head was blown apart and now major plays basketball today on zalp, up for a game? 1-22-2021, 3:11:08 PM
sgamer logged in. 1-22-2021, 3:11:30 PM
blindgamers14 logged in. 1-22-2021, 3:11:35 PM
major logged in. 1-22-2021, 3:11:36 PM
death: gravaty just finished pulling the corpse of divine to the ground of the ,  and we can thank heavy hammer for the help!  1-22-2021, 3:11:37 PM
roflgamer (blindgamers14) said huh, why i get disconnect 1-22-2021, 3:11:46 PM
death: heavy hammer just blew major's brains out on . Somebody get a mo 1-22-2021, 3:11:46 PM
major (major) said me also? 1-22-2021, 3:12:09 PM
roflgamer (blindgamers14) said the server has been up for 1 minute and 2 seconds 1-22-2021, 3:12:15 PM
major (major) said due to bad ping 1-22-2021, 3:12:23 PM
roflgamer (blindgamers14) said the server crash or rebooted? 1-22-2021, 3:12:23 PM
roflgamer (blindgamers14) said going to zalp 1-22-2021, 3:12:54 PM
death: roflgamer died. Why? Because roflgamer's suicide bomb owned them on zalp. 1-22-2021, 3:13:00 PM
roflgamer (blindgamers14) said ah 1-22-2021, 3:13:08 PM
roflgamer (blindgamers14) said i think there are someone 1-22-2021, 3:13:17 PM
roflgamer (blindgamers14) said begin matches for roflgamer 1-22-2021, 3:14:16 PM
roflgamer (blindgamers14) said blindgamers14 1-22-2021, 3:14:18 PM
roflgamer (blindgamers14) said end matches for roflgamer 1-22-2021, 3:14:21 PM
roflgamer (blindgamers14) said yay, x1 1-22-2021, 3:14:52 PM
roflgamer (blindgamers14) said why this not going low health 1-22-2021, 3:15:52 PM
roflgamer (blindgamers14) said a x1, health 2000000, damage 80000 200000, distance 6, speed time 400, is in front and very slightly off to the left, 23 feet away. 1-22-2021, 3:15:59 PM
death: x1 has been terminated by mini_missile on zalp 1-22-2021, 3:17:17 PM
death: fly just got creamed by roflgamer on zalp 1-22-2021, 3:17:39 PM
death: helicopter died. Why? Because roflgamer owned them on zalp. 1-22-2021, 3:17:56 PM
death: patient died. Why? Because roflgamer owned them on zalp. 1-22-2021, 3:18:15 PM
death: a bloody corpse of storekeeper now lies on zalp, thanks to roflgamer 1-22-2021, 3:18:52 PM
death: laboratory_assistant died. Why? Because roflgamer owned them on zalp. 1-22-2021, 3:19:34 PM
death: harvester just got creamed by roflgamer on zalp 1-22-2021, 3:20:09 PM
death: oy, where'd enemyboss go? Do you happen to know, roflgamer? 1-22-2021, 3:20:35 PM
death: roflgamer just got annihilated by train on zalp 1-22-2021, 3:20:43 PM
death: divine's empty_beer_bottle just put major 6 feet under on bar 1-22-2021, 3:21:54 PM
roflgamer (blindgamers14) said hahahaha 1-22-2021, 3:21:58 PM
divine sent a Pm to major: rofl 1-22-2021, 3:22:14 PM
death: roflgamer just neutralized baibydragon on zalp 1-22-2021, 3:23:10 PM
death: You know that particular element in physics where velocity increases as you fall? yeah, fly learned that really fuckin quick, and we can thank roflgamer. 1-22-2021, 3:23:31 PM
death: roflgamer just royally kicked destructor's ass on zalp 1-22-2021, 3:23:41 PM
death: roflgamer just royally kicked helicopter's ass on zalp 1-22-2021, 3:23:56 PM
major disconnected 1-22-2021, 3:24:03 PM
death: Anybody knows why destructor died? I know! destructor got owned by roflgamer! Where? On zalp! 1-22-2021, 3:24:11 PM
teja logged in. 1-22-2021, 3:24:22 PM
in team masters, roflgamer (blindgamers14) said hi 1-22-2021, 3:24:28 PM
in team masters, teja (teja) said hello 1-22-2021, 3:24:35 PM
death: The zalp is full now with dire's guts as divine owned them! 1-22-2021, 3:24:46 PM
death: divine just condemned dragon to zalp s hell! 1-22-2021, 3:25:11 PM
death: divine just blew psychiatrist's brains out on zalp. Somebody get a mo 1-22-2021, 3:25:22 PM
death: divine just completely and totally pulvarized bee over zalp! 1-22-2021, 3:25:31 PM
death: Oops? Man down! That man is manager. roflgamer isn't so kind on zalp. 1-22-2021, 3:25:50 PM
death: Is there a doctor on the zalp? nurse has no paulse. Oh, there isn't? Okay. divine laughs. 1-22-2021, 3:26:02 PM
death: mortal has been terminated by roflgamer on zalp 1-22-2021, 3:26:19 PM
death: enemyboss got fucked up by teja on zalp. 1-22-2021, 3:26:31 PM
death: teja just beat the shit out of hunter on zalp 1-22-2021, 3:26:42 PM
death: zalp smells pretty dank. divine needs a proper barrial by Amphibian 1-22-2021, 3:27:16 PM
death: roflgamer just totaled Amphibian's ass on zalp 1-22-2021, 3:27:34 PM
roflgamer (blindgamers14) said 38 suicide bombs 1-22-2021, 3:27:41 PM
death: teja just totaled lamprey's ass on zalp 1-22-2021, 3:27:42 PM
death: roflgamer just beat the shit out of woman4 on zalp 1-22-2021, 3:27:44 PM
death: bomber just totaled roflgamer's ass on zalp 1-22-2021, 3:27:56 PM
death: Oops? Man down! That man is teja. bomber isn't so kind on zalp. 1-22-2021, 3:28:04 PM
death: gravaty just finished pulling the corpse of bomber to the ground of the zalp,  and we can thank teja for the help!  1-22-2021, 3:28:08 PM
roflgamer (blindgamers14) said bomber 1-22-2021, 3:28:13 PM
death: monkey was just obliterated by the force of divine on zalp 1-22-2021, 3:28:52 PM
death: The zalp is full now with woman1's guts as teja owned them! 1-22-2021, 3:29:10 PM
death: teja just put rat 6 feet under on zalp 1-22-2021, 3:29:15 PM
rathee logged in. 1-22-2021, 3:29:20 PM
death: the zalp now contains loads of guts from wolf, thanks to divine.  1-22-2021, 3:29:23 PM
death: Stay clear of zalp, bigdog has begun decaying. Thanks roflgamer 1-22-2021, 3:29:31 PM
death: ownage! enemy5 managed to escape by killing divine on the zalp 1-22-2021, 3:29:43 PM
death: rathee was totaled by hazard on dangerous place 1-22-2021, 3:29:43 PM
death: A new corpse of enemy5 is flying on zalp, because teja made this to happen! 1-22-2021, 3:29:50 PM
death: patient just got annihilated by divine on zalp 1-22-2021, 3:29:58 PM
death: bee's head was blown apart and now teja plays basketball today on zalp, up for a game? 1-22-2021, 3:30:10 PM
death: gravaty just finished pulling the corpse of pan to the ground of the zalp,  and we can thank divine for the help!  1-22-2021, 3:30:16 PM
death: The zalp is full now with giant's guts as teja owned them! 1-22-2021, 3:30:30 PM
death: teja just condemned soldier to zalp s hell! 1-22-2021, 3:30:41 PM
death: roflgamer just blasted kirill4 away from kirill's_world! 1-22-2021, 3:30:41 PM
death: A new freshly killed blood of horse lies now on zalp, thanks teja! 1-22-2021, 3:30:49 PM
death: roflgamer just used the grounds of the kirill's_world to teach kirill3 a very important lesson!  1-22-2021, 3:30:55 PM
death: Man? what's this! kirill2 died? No! He's my friend! Or what... I mean, he's roflgamer's friend! But I still can't believe looking at how he killed them on kirill's_world. 1-22-2021, 3:31:14 PM
death: roflgamer just completely and totally pulvarized kirill4 over kirill's_world! 1-22-2021, 3:31:28 PM
death: roflgamer just used the grounds of the kirill's_world to teach kirill4 a very important lesson!  1-22-2021, 3:31:49 PM
death: oy, where'd monster go? Do you happen to know, teja? 1-22-2021, 3:32:02 PM
death: divine's rpg7 just beat the shit out of car2 on zalp 1-22-2021, 3:32:15 PM
death: Is there a doctor on the kirill's_world? kirill4 has no paulse. Oh, there isn't? Okay. roflgamer laughs. 1-22-2021, 3:32:20 PM
death: hazard laughs mockingly at the dying form of rathee on dangerous place 1-22-2021, 3:32:23 PM
death: goat was just obliterated by the force of divine's rpg7 on zalp 1-22-2021, 3:32:26 PM
death: He shoots, he scores! enemy8's testicles went flying through the hoops on zalp. teja stands tall with quite the sinical smile. 1-22-2021, 3:32:34 PM
death: kirill2 was totaled by roflgamer on kirill's_world 1-22-2021, 3:32:43 PM
killer3000 logged in. 1-22-2021, 3:32:48 PM
death: kirill4 just got bashed by roflgamer on the kirill's_world 1-22-2021, 3:32:50 PM
death: hen just got annihilated by divine on zalp 1-22-2021, 3:33:13 PM
killer3000 (killer3000) said oho i am stuk 1-22-2021, 3:33:21 PM
death: Is there a doctor on the zalp? woman4 has no paulse. Oh, there isn't? Okay. teja laughs. 1-22-2021, 3:33:21 PM
death: roflgamer just totaled kirill4's ass on kirill's_world 1-22-2021, 3:33:33 PM
death: gravaty just finished pulling the corpse of rathee to the ground of the dangerous place,  and we can thank hazard for the help!  1-22-2021, 3:33:39 PM
death: Damn, teja, that was quite a vicious display of violence towards polarbear?, but worst of all, you done it on zalp! 1-22-2021, 3:33:40 PM
death: Well, kirill3 doesn't exist anymore. Looks to be that roflgamer has ultimate victory. Clean up on kirill's_world  1-22-2021, 3:33:48 PM
death: Breaking news! Today, teja killed baibydragon so easy on zalp! isn't it a good news? 1-22-2021, 3:33:56 PM
in team masters, killer3000 (killer3000) said uuaaaaaaaaaaa 1-22-2021, 3:34:03 PM
in team masters, roflgamer (blindgamers14) said ahaha 1-22-2021, 3:34:06 PM
in team masters, killer3000 (killer3000) said  i am stuk 1-22-2021, 3:34:08 PM
in team masters, roflgamer (blindgamers14) said use yoru gass mask 1-22-2021, 3:34:16 PM
in team masters, teja (teja) said suicide bobmb 1-22-2021, 3:34:18 PM
death: A new freshly killed blood of kirill3 lies now on kirill's_world, thanks roflgamer! 1-22-2021, 3:34:20 PM
death: Another one bites the dust! fireman, have fun, I'm sure divine is on zalp 1-22-2021, 3:34:21 PM
death: the zalp now contains loads of guts from woman3, thanks to teja.  1-22-2021, 3:34:31 PM
in team masters, roflgamer (blindgamers14) said ah yes! coin, 7664842 1-22-2021, 3:34:37 PM
in team masters, killer3000 (killer3000) said aaaaaaaaaaaaaaa 1-22-2021, 3:34:43 PM
death: teja just gave bear what for! he started ruining zalp! 1-22-2021, 3:35:03 PM
death: Another one bites the dust, kirill2, you will be greatly missed on kirill's_world, roflgamer? what have you done? 1-22-2021, 3:35:07 PM
in team masters, killer3000 (killer3000) said dam stuk 1-22-2021, 3:35:16 PM
death: teja just condemned tank to zalp s hell! 1-22-2021, 3:35:44 PM
in team masters, killer3000 (killer3000) said oho aaaaaaaaaaa 1-22-2021, 3:35:52 PM
death: heavy hammer just blew roflgamer's brains out on kirill's_world. Somebody get a mo 1-22-2021, 3:35:58 PM
death: teja killed storekeeper on zalp. 1-22-2021, 3:35:59 PM
in team masters, roflgamer (blindgamers14) said above, in front and very slightly to the right (87 tiles away)  in  at 20, 100, 6 1-22-2021, 3:36:14 PM
death: teja just put robotkiller 6 feet under on zalp 1-22-2021, 3:36:32 PM
death: no one just blew killer3000's brains out on . Somebody get a mo 1-22-2021, 3:36:39 PM
roflgamer (blindgamers14) said how 1-22-2021, 3:36:46 PM
death: destructor died. Why? Because divine owned them on zalp. 1-22-2021, 3:36:57 PM
superAtacker logged in. 1-22-2021, 3:37:24 PM
death: bear has been terminated by divine on zalp 1-22-2021, 3:37:38 PM
death: Well, teja doesn't exist anymore. Looks to be that lion has ultimate victory. Clean up on zalp  1-22-2021, 3:37:51 PM
death: rathee has been terminated by hazard on under you is a huge cauldron of boiling water, it is better not to fall into it 1-22-2021, 3:38:16 PM
death: rathee really made a mess of the laws of gravity on the under you is a huge cauldron of boiling water, it is better not to fall into it.  1-22-2021, 3:38:16 PM
death: Oh flapjacks, zalp looks like a big bloody mess. roflgamer's rpg7 definitely pushed hard to use roflgamer's remains as a deceration 1-22-2021, 3:39:02 PM
death: Another one bites the dust! cock, have fun, I'm sure roflgamer's rpg7 is on zalp 1-22-2021, 3:39:03 PM
divine (sgamer) said another one bites the dust! cock, have fun, i'm sure roflgamer's rpg7 is on zalp 1-22-2021, 3:39:11 PM
death: flamethrower was given what was coming to them, thank you teja! 1-22-2021, 3:39:19 PM
WhiteDevil logged in. 1-22-2021, 3:39:33 PM
killer3000 (killer3000) said any update about bs? 1-22-2021, 3:39:37 PM
death: A new corpse of rathee is flying on dangerous place, because hazard made this to happen! 1-22-2021, 3:39:44 PM
death: Rest  in piece, bigdog. We'll sure miss you, guess we can thank teja for what they did on zalp. 1-22-2021, 3:39:52 PM
death: ownage! boss managed to escape by killing teja on the zalp 1-22-2021, 3:40:03 PM
roflgamer (blindgamers14) said denger 1-22-2021, 3:40:23 PM
death: fireball was just obliterated by the force of teja on zalp 1-22-2021, 3:40:30 PM
WhiteDevil (WhiteDevil) said the ping took 1011 ms, 1 second 1-22-2021, 3:40:43 PM
death: Is there a doctor on the zalp? transformer has no paulse. Oh, there isn't? Okay. teja laughs. 1-22-2021, 3:40:44 PM
death: hen just got creamed by roflgamer on zalp 1-22-2021, 3:41:01 PM
teja (teja) said wa 1-22-2021, 3:41:04 PM
death: hazard just completely and totally pulvarized rathee over dangerous place! 1-22-2021, 3:41:08 PM
death: killer3000, You have a murderer on dangerous place, go ahead hazard  1-22-2021, 3:41:09 PM
death: ownage! roflgamer managed to escape by killing shark on the zalp 1-22-2021, 3:41:11 PM
divine (sgamer) said coin, 29924705 1-22-2021, 3:41:16 PM
killer3000 (killer3000) said oi wo 1-22-2021, 3:41:20 PM
roflgamer (blindgamers14) said what the heck 1-22-2021, 3:41:22 PM
killer3000 (killer3000) said give me some 1-22-2021, 3:41:26 PM
divine (sgamer) said ok 1-22-2021, 3:41:35 PM
roflgamer (blindgamers14) said why there are shark in ground 1-22-2021, 3:41:36 PM
death: shark's head was blown apart and now teja plays basketball today on zalp, up for a game? 1-22-2021, 3:41:38 PM
death: rathee got fucked up by hazard on dangerous place. 1-22-2021, 3:41:50 PM
death: A new corpse of boar is flying on zalp, because teja made this to happen! 1-22-2021, 3:41:55 PM
death: Damn, teja, that was quite a vicious display of violence towards woman3?, but worst of all, you done it on zalp! 1-22-2021, 3:42:06 PM
divine (sgamer) said hahahahah 1-22-2021, 3:42:07 PM
killer3000 (killer3000) said yaa 1-22-2021, 3:42:08 PM
death: Oh flapjacks, zalp looks like a big bloody mess. teja definitely pushed hard to use robocop's remains as a deceration 1-22-2021, 3:42:11 PM
killer3000 (killer3000) said yar lol 1-22-2021, 3:42:17 PM
killer3000 (killer3000) said day na 1-22-2021, 3:42:19 PM
death: The zalp is full now with tushkano's guts as roflgamer owned them! 1-22-2021, 3:42:20 PM
divine (sgamer) said ok 1-22-2021, 3:42:25 PM
death: hazard just gave WhiteDevil what for! he started ruining dangerous place! 1-22-2021, 3:42:29 PM
death: Anybody knows why hulk died? I know! hulk got owned by roflgamer! Where? On zalp! 1-22-2021, 3:42:31 PM
death: A new corpse of cat is flying on zalp, because roflgamer made this to happen! 1-22-2021, 3:42:40 PM
WhiteDevil (WhiteDevil) said 0, 24, 0.  1-22-2021, 3:42:41 PM
WhiteDevil (WhiteDevil) said fuck the lag 1-22-2021, 3:42:50 PM
death: ownage! enemy7 managed to escape by killing teja on the zalp 1-22-2021, 3:42:58 PM
death: Is there a doctor on the zalp? rat has no paulse. Oh, there isn't? Okay. teja laughs. 1-22-2021, 3:43:11 PM
death: teja just royally kicked canine's ass on zalp 1-22-2021, 3:43:36 PM
divine (sgamer) said teja has reached to level 138 1-22-2021, 3:43:39 PM
death: Damn, roflgamer's rpg7, that was quite a vicious display of violence towards roflgamer?, but worst of all, you done it on zalp! 1-22-2021, 3:43:43 PM
death: A new corpse of car4 is flying on zalp, because roflgamer's rpg7 made this to happen! 1-22-2021, 3:43:44 PM
WhiteDevil logged in. 1-22-2021, 3:43:55 PM
death: Damn, teja, that was quite a vicious display of violence towards car1?, but worst of all, you done it on zalp! 1-22-2021, 3:43:56 PM
WhiteDevil (WhiteDevil) said error  dialog  You can not speedhack in the game 1-22-2021, 3:44:04 PM
roflgamer (blindgamers14) said haha 1-22-2021, 3:44:08 PM
WhiteDevil (WhiteDevil) said fuck lag 1-22-2021, 3:44:16 PM
death: dire got fucked up by teja on zalp. 1-22-2021, 3:44:19 PM
roflgamer (blindgamers14) said someone lets fight 1-22-2021, 3:44:31 PM
death: teja just totaled car's ass on zalp 1-22-2021, 3:44:36 PM
death: blaster was given what was coming to them, thank you teja! 1-22-2021, 3:44:42 PM
roflgamer (blindgamers14) said store 1-22-2021, 3:45:00 PM
death: The zalp is full now with matriarch's guts as teja owned them! 1-22-2021, 3:45:03 PM
death: OK, let's see what else hazard can do for killer3000 on dangerous place. I saw he killed them! 1-22-2021, 3:45:47 PM
death: oy, where'd rathee go? Do you happen to know, hazard? 1-22-2021, 3:45:50 PM
death: the laws of gravity just gave rathee what for! he started ruining under you is a huge cauldron of boiling water, it is better not to fall into it! 1-22-2021, 3:45:50 PM
death: I think I just saw dire's corpse flying as teja owned them on zalp. 1-22-2021, 3:45:55 PM
death: Stop crying, tank! Go kill teja! where he is, on zalp! 1-22-2021, 3:46:18 PM
death: teja just totaled securityguard's ass on zalp 1-22-2021, 3:46:29 PM
in team masters, roflgamer (blindgamers14) said masters with 8 members and 492 kills and 286500 points, leader killer3000.  1-22-2021, 3:46:33 PM
in team masters, roflgamer (blindgamers14) said needs points 1-22-2021, 3:46:43 PM
in team masters, roflgamer (blindgamers14) said but robot not giving points 1-22-2021, 3:46:51 PM
in team masters, divine (sgamer) said nice roflgamer team coms: masters with 8 members and 492 kills and 286500 points, leader killer3000.  1-22-2021, 3:46:52 PM
death: Oh flapjacks, dangerous place looks like a big bloody mess. hazard definitely pushed hard to use rathee's remains as a deceration 1-22-2021, 3:47:12 PM
death: Oh flapjacks, zalp looks like a big bloody mess. x1 definitely pushed hard to use teja's remains as a deceration 1-22-2021, 3:47:13 PM
divine (sgamer) said Synthesizer:  combo box  IBMTTS  collapsed  Alt+s 1-22-2021, 3:47:18 PM
in team masters, roflgamer (blindgamers14) said thank you. your request has been sent. 1-22-2021, 3:47:19 PM
death: x1 was just obliterated by the force of teja on zalp 1-22-2021, 3:47:19 PM
divine (sgamer) said masters  staff_sergeant divine: synthesizer:  combo box  ibmtts  collapsed  alt+s 1-22-2021, 3:47:27 PM
in team masters, roflgamer (blindgamers14) said k great 1-22-2021, 3:47:29 PM
killer3000 (killer3000) said lol 1-22-2021, 3:47:34 PM
death: WhiteDevil was owned by hazard on dangerous place 1-22-2021, 3:47:40 PM
killer3000 (killer3000) said Synthesizer:  combo box  Nuance Vocalizer expressive 2.2  collapsed  Alt+s 1-22-2021, 3:47:54 PM
in team masters, roflgamer (blindgamers14) said x1 from super liam 1-22-2021, 3:48:27 PM
teja hello 1-22-2021, 3:48:37 PM
death: Man? what's this! x1 died? No! He's my friend! Or what... I mean, he's roflgamer's friend! But I still can't believe looking at how he killed them on zalp. 1-22-2021, 3:48:55 PM
death: psychiatrist's head was blown apart and now roflgamer plays basketball today on zalp, up for a game? 1-22-2021, 3:49:04 PM
killer3000 (killer3000) said Voice Zoe - English (United States) 1-22-2021, 3:49:21 PM
death: The zalp is full now with bigdog's guts as roflgamer owned them! 1-22-2021, 3:49:32 PM
krokodailtop logged in. 1-22-2021, 3:49:40 PM
death: bomber, I believe roflgamer had something to say, go meet him on zalp. 1-22-2021, 3:49:47 PM
roflgamer (blindgamers14) said my bomb are best 1-22-2021, 3:49:54 PM
death: under you is a huge cauldron of boiling water, it is better not to fall into it smells pretty dank. rathee needs a proper barrial by hazard 1-22-2021, 3:50:24 PM
death: the laws of gravity just completely and totally pulvarized rathee over under you is a huge cauldron of boiling water, it is better not to fall into it! 1-22-2021, 3:50:24 PM
death: the dangerous place now contains loads of guts from superAtacker, thanks to hazard.  1-22-2021, 3:50:30 PM
killer3000 (killer3000) said haaaaaaaaaaaaaaaaaa 1-22-2021, 3:51:01 PM
death: because of the villany of hazard, rathee will no longer have a beating heart again, because it is broken on the dangerous place. 1-22-2021, 3:51:19 PM
death: the_strongest_giant really made a mess of roflgamer on the zalp.  1-22-2021, 3:51:40 PM
death: Anybody knows why superAtacker died? I know! superAtacker got owned by the laws of gravity! Where? On dangerous place! 1-22-2021, 3:51:51 PM
death: oy, where'd enemy8 go? Do you happen to know, roflgamer? 1-22-2021, 3:52:07 PM
death: trainer just got annihilated by krokodailtop on boxing 1-22-2021, 3:52:21 PM
death: Anybody knows why krokodailtop died? I know! krokodailtop got owned by boxer! Where? On boxing! 1-22-2021, 3:52:25 PM
death: Oops? Man down! That man is woman2. roflgamer isn't so kind on zalp. 1-22-2021, 3:52:42 PM
roflgamer (blindgamers14) said Voice Chat ?- Unigram  row 1  column 2 1-22-2021, 3:52:47 PM
death: gravaty just finished pulling the corpse of soldier to the ground of the zalp,  and we can thank roflgamer for the help!  1-22-2021, 3:52:49 PM
death: Breaking news! Today, drone killed roflgamer so easy on zalp! isn't it a good news? 1-22-2021, 3:52:57 PM
krokodailtop disconnected 1-22-2021, 3:53:00 PM
krokodailtop logged in. 1-22-2021, 3:53:22 PM
killer3000 (killer3000) said i wan some thing new to ply 1-22-2021, 3:53:40 PM
krokodailtop disconnected 1-22-2021, 3:54:01 PM
death: A new corpse of rathee is flying on under you is a huge cauldron of boiling water, it is better not to fall into it, because hazard made this to happen! 1-22-2021, 3:55:16 PM
death: Stop crying, rathee! Go kill the laws of gravity! where he is, on under you is a huge cauldron of boiling water, it is better not to fall into it! 1-22-2021, 3:55:17 PM
death: hazard just gave  rathee a royal beating on dangerous place! 1-22-2021, 3:57:13 PM
roflgamer (blindgamers14) said bye want go eat 1-22-2021, 3:57:38 PM
blindgamers14 disconnected 1-22-2021, 3:57:40 PM
killer3000 (killer3000) said where? 1-22-2021, 3:58:04 PM
death: Oh flapjacks, dangerous place looks like a big bloody mess. hazard definitely pushed hard to use superAtacker's remains as a deceration 1-22-2021, 3:58:47 PM
death: Another one bites the dust, rathee, you will be greatly missed on dangerous place, hazard? what have you done? 1-22-2021, 3:59:02 PM
franklin logged in. 1-22-2021, 3:59:16 PM
in team masters, divine (sgamer) said dont tok now  1-22-2021, 3:59:31 PM
franklin (franklin) said hi all 1-22-2021, 3:59:43 PM
WhiteDevil (WhiteDevil) said hi 1-22-2021, 3:59:46 PM
death: Damn, hazard, that was quite a vicious display of violence towards rathee?, but worst of all, you done it on dangerous place! 1-22-2021, 4:00:24 PM
death: hazard just neutralized rathee on dangerous place 1-22-2021, 4:01:22 PM
killer3000 (killer3000) said UK? 1-22-2021, 4:01:33 PM
superAtacker disconnected 1-22-2021, 4:01:35 PM
divine (sgamer) said Create Channel	F7  c 1-22-2021, 4:01:57 PM
in team masters, teja (teja) said a bloody corpse of %1 now lies on map %3, thanks to %2 1-22-2021, 4:01:58 PM
franklin lost connection 1-22-2021, 4:02:17 PM
in team masters, teja (teja) said  map now contains loads of guts from %1, thanks to %2. 
becaus 1-22-2021, 4:02:46 PM
divine (sgamer) said join level 1  tk (1) - ??  expanded  1 of 1 1-22-2021, 4:03:19 PM
divine (sgamer) said pas is teja2020 1-22-2021, 4:03:27 PM
divine (sgamer) said join 1-22-2021, 4:03:43 PM
stepman logged in. 1-22-2021, 4:03:48 PM
killer3000 (killer3000) said teja2020 1-22-2021, 4:04:08 PM
killer3000 (killer3000) said and evri one talk lol 1-22-2021, 4:04:32 PM
franklin logged in. 1-22-2021, 4:10:46 PM
franklin disconnected 1-22-2021, 4:11:14 PM
death: stepman's turret 751, You have a murderer on main, go ahead stepman's the_legendary_sword  1-22-2021, 4:11:59 PM
WhiteDevil disconnected 1-22-2021, 4:12:05 PM
teja disconnected 1-22-2021, 4:12:30 PM
blindgamers14 logged in. 1-22-2021, 4:14:10 PM
filips logged in. 1-22-2021, 4:14:22 PM
in team masters, roflgamer (blindgamers14) said give password 1-22-2021, 4:15:19 PM
in team masters, killer3000 (killer3000) said teja2020 1-22-2021, 4:15:26 PM
killer3000 sent a Pm to divine: oi no 1-22-2021, 4:17:51 PM
divine replied to killer3000: yar i dont have  1-22-2021, 4:18:03 PM
death: rathee was turned to pulp by hazard on dangerous place 1-22-2021, 4:18:04 PM
divine replied to killer3000: hahaha 1-22-2021, 4:18:19 PM
killer3000 replied to divine: he al waze make peopol to do he's work then he become a bitch 1-22-2021, 4:18:20 PM
divine replied to killer3000: yes i know  1-22-2021, 4:18:34 PM
cake sent a Pm to divine: do you want a red spot 1-22-2021, 4:19:45 PM
teja logged in. 1-22-2021, 4:19:55 PM
killer3000 replied to divine: oi mute hi 1-22-2021, 4:19:56 PM
killer3000 replied to divine: mute 1-22-2021, 4:19:59 PM
cake sent a Pm to teja: hay 1-22-2021, 4:20:02 PM
roflgamer (blindgamers14) said so much channel mesage 1-22-2021, 4:20:04 PM
teja replied to cake: tell 1-22-2021, 4:20:08 PM
in team masters, killer3000 (killer3000) said oi all mute him 1-22-2021, 4:20:20 PM
cake replied to teja: hay i am bored 1-22-2021, 4:20:25 PM
in team masters, roflgamer (blindgamers14) said how 1-22-2021, 4:20:28 PM
in team masters, roflgamer (blindgamers14) said /mute? 1-22-2021, 4:20:31 PM
stepman (stepman) said tipe /mute player name 1-22-2021, 4:20:56 PM
filips disconnected 1-22-2021, 4:21:17 PM
death: Damn, hazard, that was quite a vicious display of violence towards stepman?, but worst of all, you done it on dangerous place! 1-22-2021, 4:22:57 PM
rathee (rathee) said almost over! just a little more! 1-22-2021, 4:23:27 PM
jha logged in. 1-22-2021, 4:23:52 PM
jha sent a Pm to divine:  hey, bro? 1-22-2021, 4:24:05 PM
death: dead battery just blasted stepman's turret 763 away from main! 1-22-2021, 4:24:19 PM
divine replied to jha: tell 1-22-2021, 4:24:36 PM
death: stepman was nuked out of the snow mountain by hazard 1-22-2021, 4:24:38 PM
jha replied to divine: aree yaar call kiya tha  1-22-2021, 4:24:57 PM
divine replied to jha: to 1-22-2021, 4:25:05 PM
jha replied to divine: aap busy ho kya? 1-22-2021, 4:25:05 PM
divine replied to jha: nhi 1-22-2021, 4:25:12 PM
divine replied to jha: wait 1-22-2021, 4:25:14 PM
divine replied to jha: i will call you  1-22-2021, 4:25:20 PM
jha replied to divine: ok 1-22-2021, 4:25:21 PM
divine replied to jha: you reply to jha: i will call you  1-22-2021, 4:25:27 PM
jha replied to divine: ok. :). when ever you will be you can \ 1-22-2021, 4:25:38 PM
divine replied to jha: wait 1-22-2021, 4:25:43 PM
in team masters, divine (sgamer) said brb  1-22-2021, 4:25:46 PM
divine (sgamer) said brb 1-22-2021, 4:25:49 PM
jha replied to divine: bro. do you have some guns please give me. 1-22-2021, 4:25:53 PM
divine (sgamer) said brb 1-22-2021, 4:25:53 PM
divine replied to jha: ok 1-22-2021, 4:26:04 PM
in team masters, roflgamer (blindgamers14) said net.bgt 1-22-2021, 4:26:09 PM
in team masters, divine (sgamer) said i know  1-22-2021, 4:26:23 PM
jha replied to divine: not coins lol 1-22-2021, 4:26:24 PM
in team masters, roflgamer (blindgamers14) said it have server activ? 1-22-2021, 4:26:37 PM
divine replied to jha: you bye i am telling you  1-22-2021, 4:26:39 PM
death: A pool of red reminder liquid now forms under stepman's turret 464's corpse. dead battery has the credibility for their demise.  1-22-2021, 4:26:40 PM
in team masters, divine (sgamer) said no 1-22-2021, 4:26:45 PM
in team masters, roflgamer (blindgamers14) said if there, give IP and int port 1-22-2021, 4:26:46 PM
jha replied to divine: which one i should? 1-22-2021, 4:26:52 PM
in team masters, divine (sgamer) said i edit that 1-22-2021, 4:26:52 PM
in team masters, roflgamer (blindgamers14) said ah 1-22-2021, 4:26:57 PM
divine replied to jha: rpg7. costs 600000 coins. description. rpg7. you can buy 43 1-22-2021, 4:27:03 PM
in team masters, divine (sgamer) said yes 1-22-2021, 4:27:08 PM
jha replied to divine: ok bro 1-22-2021, 4:27:15 PM
in team masters, roflgamer (blindgamers14) said so, 1-22-2021, 4:27:15 PM
in team masters, divine (sgamer) said wait 1-22-2021, 4:27:19 PM
death: rathee was just obliterated by the force of hazard on dangerous place 1-22-2021, 4:27:22 PM
in team masters, roflgamer (blindgamers14) said ive 1-22-2021, 4:27:26 PM
divine replied to jha: yes 1-22-2021, 4:27:28 PM
in team masters, roflgamer (blindgamers14) said give 1-22-2021, 4:27:28 PM
in team masters, divine (sgamer) said no 1-22-2021, 4:27:33 PM
in team masters, roflgamer (blindgamers14) said why 1-22-2021, 4:27:37 PM
divine replied to jha: hand cannon. costs 700000 coins. description. good hand cannon!. you can buy 37 1-22-2021, 4:27:43 PM
in team masters, teja (teja) said how to seee messages 1-22-2021, 4:27:47 PM
in team masters, roflgamer (blindgamers14) said shift tab 1-22-2021, 4:27:56 PM
jha replied to divine: thanks. bro 1-22-2021, 4:27:58 PM
in team masters, killer3000 (killer3000) said oi teja i can here you talk 1-22-2021, 4:27:59 PM
in team masters, roflgamer (blindgamers14) said History  edit  read only  multi line  selected 2789 characters 1-22-2021, 4:28:05 PM
death: gravaty just finished pulling the corpse of rathee to the ground of the dangerous place,  and we can thank hazard for the help!  1-22-2021, 4:28:13 PM
divine replied to jha: rocket launcher. costs 400000 coins. description. rocket launcher. you can buy 62 1-22-2021, 4:28:15 PM
jha replied to divine: i bot. :) 1-22-2021, 4:28:17 PM
divine replied to jha: modern sub machine gun carbine. costs 120000 coins. description. modern_sub_machine_gun_carbine. you can buy 207 1-22-2021, 4:28:26 PM
jha replied to divine: it s enough.  1-22-2021, 4:28:28 PM
rathee (rathee) said any one come there 1-22-2021, 4:28:29 PM
jha replied to divine: i ll buy it 1-22-2021, 4:28:46 PM
in team masters, roflgamer (blindgamers14) said Text message from roflgamer. hi. 1-22-2021, 4:28:51 PM
death: a bloody corpse of rathee now lies on dangerous place, thanks to hazard 1-22-2021, 4:28:56 PM
divine replied to jha: go offline i am colling you  1-22-2021, 4:29:03 PM
sgamer disconnected 1-22-2021, 4:29:04 PM
teja sent a Pm to jha: hello bro? 1-22-2021, 4:30:14 PM
death: rathee was given what was coming to them, thank you hazard! 1-22-2021, 4:30:52 PM
death: hazard laughs mockingly at the dying form of rathee on dangerous place 1-22-2021, 4:31:49 PM
death: teja just got creamed by stepman's empty_beer_bottle on dance area 1-22-2021, 4:32:09 PM
death: Another one bites the dust, teja, you will be greatly missed on bar, stepman's empty_beer_bottle? what have you done? 1-22-2021, 4:33:31 PM
in team masters, roflgamer (blindgamers14) said rofl 1-22-2021, 4:33:41 PM
death: Another one bites the dust! teja, have fun, I'm sure stepman's empty_beer_bottle is on exit 1-22-2021, 4:34:23 PM
death: A pool of red reminder liquid now forms under teja's corpse. stepman's empty_beer_bottle has the credibility for their demise.  1-22-2021, 4:35:21 PM
death: and splat goes teja, with stepman's empty_beer_bottle standing over them on exit with quite the smile 1-22-2021, 4:36:37 PM
teja (teja) said now you cant rofl 1-22-2021, 4:37:54 PM
teja (teja) said hahahahhhh 1-22-2021, 4:38:40 PM
death: Is there a doctor on the bar? stepman has no paulse. Oh, there isn't? Okay. heavy hammer laughs. 1-22-2021, 4:38:41 PM
teja (teja) said haha 1-22-2021, 4:38:51 PM
death: heavy hammer just mauled teja on bar 1-22-2021, 4:38:55 PM
death: teja was given what was coming to them, thank you the laws of gravity! 1-22-2021, 4:39:05 PM
rathee (rathee) said current location: just one advice, dont jump! 1-22-2021, 4:39:59 PM
rathee (rathee) said guys 1-22-2021, 4:40:47 PM
rathee (rathee) said hello guys 1-22-2021, 4:41:24 PM
death: A new freshly killed blood of stepman lies now on weapon_challenge, thanks hazard! 1-22-2021, 4:41:32 PM
rathee (rathee) said prashanth 1-22-2021, 4:41:43 PM
rathee (rathee) said any body cras this map 1-22-2021, 4:42:02 PM
death: Stop crying, stepman! Go kill hazard! where he is, on weapon_challenge! 1-22-2021, 4:43:57 PM
death: gravaty just finished pulling the corpse of teja to the ground of the dance area,  and we can thank heavy hammer for the help!  1-22-2021, 4:44:19 PM
rathee lost connection 1-22-2021, 4:44:21 PM
death: The battlefield is full now with jha's guts as heavy hammer owned them! 1-22-2021, 4:45:30 PM
death: stepman was nuked out of in a deep lake by heavy hammer 1-22-2021, 4:47:03 PM
stepman disconnected 1-22-2021, 4:48:22 PM
death: jha just got their ass handed to them on a platter, happily served by jha's rpg7, and he done it on boxing ring! 1-22-2021, 4:50:55 PM
death: OK, let's see what else trainer can do for jha on boxing. I saw he killed them! 1-22-2021, 4:52:40 PM
stepman logged in. 1-22-2021, 4:53:02 PM
death: boxer was turned to pulp by jha on boxing 1-22-2021, 4:53:08 PM
death: You know that particular element in physics where velocity increases as you fall? yeah, jha learned that really fuckin quick, and we can thank boxer. 1-22-2021, 4:53:15 PM
death: OK, let's see what else stepman's the_legendary_sword can do for jha on viewing platform. I saw he killed them! 1-22-2021, 4:53:48 PM
jha (jha) said lol? 1-22-2021, 4:53:58 PM
jha (jha) said is there any think like health box? 1-22-2021, 4:54:13 PM
death: jha was nuked off the viewing platform by stepman's the_legendary_sword 1-22-2021, 4:54:41 PM
death: stepman's the_legendary_sword just beat the shit out of jha on to go to the boxing ring, press enter 1-22-2021, 4:55:08 PM
jha (jha) said fuck 1-22-2021, 4:55:19 PM
jha sent a Pm to killer3000:  prashant? 1-22-2021, 4:55:31 PM
death: Stay clear of to go to the boxing ring, press enter, jha has begun decaying. Thanks stepman's the_legendary_sword 1-22-2021, 4:55:59 PM
death: A new corpse of jha is flying on to go to the boxing ring, press enter, because stepman's the_legendary_sword made this to happen! 1-22-2021, 4:56:37 PM
death: Oh flapjacks, viewing platform looks like a big bloody mess. stepman's the_legendary_sword definitely pushed hard to use jha's remains as a deceration 1-22-2021, 4:57:07 PM
jha (jha) said fuck  1-22-2021, 4:57:16 PM
death: stepman's the_legendary_sword just put jha 6 feet under on to go to the boxing ring, press enter 1-22-2021, 4:59:14 PM
jha (jha) said fuck this game 1-22-2021, 4:59:28 PM
jha disconnected 1-22-2021, 4:59:31 PM
magistral logged in. 1-22-2021, 5:01:09 PM
ramil (magistral) said hi all 1-22-2021, 5:01:22 PM
roflgamer (blindgamers14) said hi 1-22-2021, 5:01:29 PM
stepman sent a Pm to ramil: please don't kill me 1-22-2021, 5:03:34 PM
ramil replied to stepman: why? 1-22-2021, 5:03:40 PM
stepman replied to ramil: я просто хочу посмотреть что тут есть 1-22-2021, 5:04:36 PM
ramil replied to stepman: ok 1-22-2021, 5:04:40 PM
magistral disconnected 1-22-2021, 5:08:59 PM
rathee logged in. 1-22-2021, 5:13:43 PM
rathee (rathee) said press enter to open the hatch. 1-22-2021, 5:16:01 PM
rathee (rathee) said congratulations, you've got a storm_sniper and the_legendary_sword! 1-22-2021, 5:16:17 PM
blindgamers14 lost connection 1-22-2021, 5:16:37 PM
bolgelo logged in. 1-22-2021, 5:18:29 PM
bolgelo disconnected 1-22-2021, 5:18:35 PM
rathee (rathee) said storm_sniper, 1 1-22-2021, 5:19:04 PM
rathee (rathee) said the_legendary_sword, 1 1-22-2021, 5:19:13 PM
bolgelo logged in. 1-22-2021, 5:19:39 PM
bolgelo disconnected 1-22-2021, 5:19:49 PM
nikita-k logged in. 1-22-2021, 5:20:01 PM
nikita-k logged in. 1-22-2021, 5:20:15 PM
teja logged in. 1-22-2021, 5:20:19 PM
rathee logged in. 1-22-2021, 5:20:19 PM
stepman logged in. 1-22-2021, 5:20:21 PM
nikita-k (nikita-k) said oi 1-22-2021, 5:20:25 PM
killer3000 logged in. 1-22-2021, 5:20:31 PM
nikita-k (nikita-k) said roflfl 1-22-2021, 5:20:32 PM
killer3000 lost connection 1-22-2021, 5:21:15 PM
superAtacker logged in. 1-22-2021, 5:22:52 PM
nikita-k lost connection 1-22-2021, 5:22:57 PM
death: stepman's head was blown apart and now heavy hammer plays basketball today on vending_machine, up for a game? 1-22-2021, 5:23:04 PM
superAtacker (superAtacker) said hi all 1-22-2021, 5:23:18 PM
death: rathee has been terminated by hazard on dangerous place 1-22-2021, 5:29:22 PM
death: Rest  in piece, rathee. We'll sure miss you, guess we can thank hazard for what they did on dangerous place. 1-22-2021, 5:31:02 PM
death: rathee, You have a murderer on dangerous place, go ahead hazard  1-22-2021, 5:31:55 PM
death: A new freshly killed blood of rathee lies now on dangerous place, thanks hazard! 1-22-2021, 5:34:21 PM
nikita-k logged in. 1-22-2021, 5:46:07 PM
nikita-k logged in. 1-22-2021, 5:46:18 PM
superAtacker logged in. 1-22-2021, 5:46:20 PM
stepman logged in. 1-22-2021, 5:46:20 PM
teja logged in. 1-22-2021, 5:46:22 PM
death: Stop crying, stepman! Go kill hazard! where he is, on dangerous place! 1-22-2021, 5:46:22 PM
rathee logged in. 1-22-2021, 5:46:25 PM
nikita-k (nikita-k) said herm 1-22-2021, 5:46:57 PM
death: stepman has been terminated by hazard on dangerous place 1-22-2021, 5:47:09 PM
teja (teja) said salman? 1-22-2021, 5:47:21 PM
death: hazard just put stepman 6 feet under on dangerous place 1-22-2021, 5:47:58 PM
death: gravaty just finished pulling the corpse of superAtacker to the ground of the dangerous place,  and we can thank hazard for the help!  1-22-2021, 5:48:09 PM
superAtacker (superAtacker) said aaaa 1-22-2021, 5:48:23 PM
nikita-k (nikita-k) said lol votes: yes: 1 (50%). no: 1 (50%). 1-22-2021, 5:49:54 PM
teja (teja) said noooooooooooooo 1-22-2021, 5:50:09 PM
superAtacker disconnected 1-22-2021, 5:50:26 PM
teja (teja) said how that much coins? 1-22-2021, 5:50:35 PM
teja (teja) said not fare i think? 1-22-2021, 5:50:47 PM
death: Oh flapjacks, dangerous place looks like a big bloody mess. hazard definitely pushed hard to use stepman's remains as a deceration 1-22-2021, 5:51:31 PM
death: A pool of red reminder liquid now forms under stepman's corpse. hazard has the credibility for their demise.  1-22-2021, 5:52:27 PM
killer3000 logged in. 1-22-2021, 5:53:30 PM
killer3000 lost connection 1-22-2021, 5:54:12 PM
nikita-k (nikita-k) said now the voting is in progress: how do you think i should do random online, ofline, chat, localchat, pm and teamchat sounds? tipe /vote yes or /vote no to submit your vote. thanx! 1-22-2021, 5:54:40 PM
death: Well, rathee doesn't exist anymore. Looks to be that hazard has ultimate victory. Clean up on under you is a huge cauldron of boiling water, it is better not to fall into it  1-22-2021, 5:55:51 PM
death: A pool of red reminder liquid now forms under rathee's corpse. the laws of gravity has the credibility for their demise.  1-22-2021, 5:55:51 PM
nikita-k disconnected 1-22-2021, 5:56:28 PM
teja (teja) said ranjeeth bro what? 1-22-2021, 5:57:05 PM
franklin logged in. 1-22-2021, 5:57:05 PM
nikita-k logged in. 1-22-2021, 5:57:32 PM
nikita-k (nikita-k) said votes: yes: 2 (66.7%). no: 1 (33.3%). 1-22-2021, 5:58:04 PM
magistral logged in. 1-22-2021, 5:59:12 PM
franklin disconnected 1-22-2021, 5:59:30 PM
franklin logged in. 1-22-2021, 5:59:38 PM
franklin disconnected 1-22-2021, 5:59:57 PM
abid logged in. 1-22-2021, 6:00:09 PM
stepman sent a Pm to nikita-k: no don't do this 1-22-2021, 6:00:59 PM
stepman sent a Pm to nikita-k: don't auction storm sniper 1-22-2021, 6:01:27 PM
nikita-k replied to stepman: ok 1-22-2021, 6:01:42 PM
nikita-k (nikita-k) said o votes: yes: 3 (75%). no: 1 (25%). 1-22-2021, 6:02:18 PM
nikita-k (nikita-k) said ll 1-22-2021, 6:02:23 PM
abid disconnected 1-22-2021, 6:03:13 PM
teja disconnected 1-22-2021, 6:03:22 PM
death: Rest  in piece, stepman. We'll sure miss you, guess we can thank hazard for what they did on dangerous place. 1-22-2021, 6:04:22 PM
death: ramil's empty_beer_bottle just completely and totally pulvarized stepman over exit! 1-22-2021, 6:05:03 PM
death: stepman laughs mockingly at the dying form of woman4 on zalp 1-22-2021, 6:07:03 PM
death: stepman just royally kicked car3's ass on zalp 1-22-2021, 6:07:10 PM
death: car1 was given what was coming to them, thank you stepman! 1-22-2021, 6:07:16 PM
death: Another one bites the dust, monster, you will be greatly missed on zalp, stepman? what have you done? 1-22-2021, 6:07:33 PM
death: hazard just royally kicked rathee's ass on dangerous place 1-22-2021, 6:07:37 PM
death: Man? what's this! doctor died? No! He's my friend! Or what... I mean, he's stepman's friend! But I still can't believe looking at how he killed them on zalp. 1-22-2021, 6:07:49 PM
death: tank was given what was coming to them, thank you stepman! 1-22-2021, 6:08:00 PM
death: OK, let's see what else stepman can do for soldier on zalp. I saw he killed them! 1-22-2021, 6:08:05 PM
magistral disconnected 1-22-2021, 6:08:21 PM
death: stepman just mauled robot_monster on zalp 1-22-2021, 6:08:28 PM
death: dragon died. Why? Because stepman owned them on zalp. 1-22-2021, 6:08:33 PM
death: horse was nuked off the zalp by stepman 1-22-2021, 6:08:47 PM
death: woman1 was nuked off the zalp by stepman 1-22-2021, 6:08:58 PM
nikita-k disconnected 1-22-2021, 6:09:02 PM
death: heavy hammer just completely and totally pulvarized rathee over Uncharted Nothingness! 1-22-2021, 6:09:05 PM
death: stepman just blasted cockroach away from zalp! 1-22-2021, 6:09:07 PM
death: gravaty just finished pulling the corpse of bluedragon to the ground of the zalp,  and we can thank stepman for the help!  1-22-2021, 6:09:46 PM
death: a bloody corpse of rathee now lies on dangerous place, thanks to hazard 1-22-2021, 6:10:53 PM
sgamer logged in. 1-22-2021, 6:12:08 PM
death: Stop crying, divine! Go kill stepman's storm_sniper! where he is, on viewing platform! 1-22-2021, 6:15:11 PM
death: divine was owned by the laws of gravity on store 1-22-2021, 6:15:26 PM
death: divine died. Why? Because stepman's storm_sniper owned them on viewing platform. 1-22-2021, 6:15:59 PM
death: stepman's storm_sniper just used the grounds of the to go to the boxing ring, press enter to teach divine a very important lesson!  1-22-2021, 6:16:22 PM
death: divine, You have a murderer on to go to the boxing ring, press enter, go ahead stepman's storm_sniper  1-22-2021, 6:17:04 PM
death: divine just got bashed by stepman's storm_sniper on the viewing platform 1-22-2021, 6:17:19 PM
death: Man? what's this! divine died? No! He's my friend! Or what... I mean, he's stepman's storm_sniper's friend! But I still can't believe looking at how he killed them on viewing platform. 1-22-2021, 6:18:15 PM
death: gravaty just finished pulling the corpse of divine to the ground of the viewing platform,  and we can thank stepman's storm_sniper for the help!  1-22-2021, 6:19:38 PM
death: Stop crying, divine! Go kill trainer! where he is, on boxing! 1-22-2021, 6:20:25 PM
death: Another one bites the dust, divine, you will be greatly missed on viewing platform, stepman's storm_sniper? what have you done? 1-22-2021, 6:20:47 PM
death: Rest  in piece, divine. We'll sure miss you, guess we can thank stepman's storm_sniper for what they did on to go to the boxing ring, press enter. 1-22-2021, 6:21:03 PM
death: Somebody call 9 1 1, oh wait, rain check. stepman's storm_sniper gives no shits. Peace out, divine 1-22-2021, 6:21:20 PM
death: because of the villany of stepman's storm_sniper, divine will no longer have a beating heart again, because it is broken on the viewing platform. 1-22-2021, 6:21:32 PM
death: divine's rocket just beat the shit out of stepman on viewing platform 1-22-2021, 6:21:34 PM
death: divine's rpg7 just neutralized stepman on viewing platform 1-22-2021, 6:22:20 PM
stepman (stepman) said s/uicide 1-22-2021, 6:22:44 PM
stepman (stepman) said s/uicide 1-22-2021, 6:22:47 PM
death: heavy hammer just put the smack down on stepman, thats good, but whi on viewing platform? 1-22-2021, 6:22:50 PM
death: because of the villany of divine's storm_sniper, stepman will no longer have a beating heart again, because it is broken on the viewing platform. 1-22-2021, 6:24:06 PM
death: divine was nuked out of viewing platform by stepman's rocket 1-22-2021, 6:24:28 PM
death: gravaty just finished pulling the corpse of divine to the ground of the to go to the boxing ring, press enter,  and we can thank stepman's storm_sniper for the help!  1-22-2021, 6:24:44 PM
death: stepman's storm_sniper just royally kicked divine's ass on to go to the boxing ring, press enter 1-22-2021, 6:24:58 PM
death: A new corpse of divine is flying on to go to the boxing ring, press enter, because stepman's storm_sniper made this to happen! 1-22-2021, 6:25:13 PM
death: divine's head was blown apart and now stepman's storm_sniper plays basketball today on viewing platform, up for a game? 1-22-2021, 6:26:57 PM
nikita-k logged in. 1-22-2021, 6:28:13 PM
stepman disconnected 1-22-2021, 6:28:20 PM
nikita-k (nikita-k) said hi 1-22-2021, 6:28:39 PM
sgamer disconnected 1-22-2021, 6:29:24 PM
sgamer logged in. 1-22-2021, 6:29:30 PM
magistral logged in. 1-22-2021, 6:29:57 PM
sgamer disconnected 1-22-2021, 6:30:06 PM
sgamer logged in. 1-22-2021, 6:30:09 PM
divine (sgamer) said The killer version 1.99.8 (Not Responding) 1-22-2021, 6:30:36 PM
sgamer disconnected 1-22-2021, 6:31:01 PM
magistral disconnected 1-22-2021, 6:31:51 PM
nikita-k disconnected 1-22-2021, 6:32:07 PM
stepman logged in. 1-22-2021, 6:33:53 PM
Johnny logged in. 1-22-2021, 6:34:20 PM
in team bestkiller, stepman (stepman) said good 1-22-2021, 6:36:36 PM
sgamer logged in. 1-22-2021, 6:36:57 PM
officer logged in. 1-22-2021, 6:37:14 PM
stepman disconnected 1-22-2021, 6:37:26 PM
superAtacker logged in. 1-22-2021, 6:39:52 PM
divine (sgamer) said superatacker came online 1-22-2021, 6:40:21 PM
divine (sgamer) said t w is lagi 1-22-2021, 6:40:28 PM
Johnny disconnected 1-22-2021, 6:40:43 PM
Johnny logged in. 1-22-2021, 6:40:51 PM
divine (sgamer) said rofl there are 13 teams. 0 with 1 members and 19 kills and 21732 points, leader nik. 1 with 1 members and 4795 kills and 3988054 points, leader ramil. 2 with 1 members and 203 kills and 26052 points, leader trevor. bestkiller with 5 members and 521 kills and 273332 points, leader stepman. gungsters with 1 members and 38 kills and 27381 points, leader tramp. killer with 3 members and 57 kills and 110967 points, leader dmitriy. leaders with 2 members and 1174 kills and 1045454 points, leader bolgelo. masters with 6 members and 492 kills and 283061 points, leader killer3000. tankists with 1 members and 24 kills and 17866 points, leader tank. tc with 1 members and 42 kills and 29268 points, leader fighter3. vlad with 2 members and 12 kills and 9379 points, leader vlados2008. zalp with 1 members and 40 kills and 31877 points, leader djtrevor. zalpers with 1 members and 0 kills and 9723 points, leader gamer.  1-22-2021, 6:42:42 PM
rathee lost connection 1-22-2021, 6:44:35 PM
death: hazard just condemned superAtacker to dangerous place s hell! 1-22-2021, 6:45:21 PM
death: hazard laughs mockingly at the dying form of superAtacker on dangerous place 1-22-2021, 6:46:19 PM
death: Man? what's this! tank died? No! He's my friend! Or what... I mean, he's divine's friend! But I still can't believe looking at how he killed them on zalp. 1-22-2021, 6:46:55 PM
officer (officer) said oooo 1-22-2021, 6:48:27 PM
death: gravaty just finished pulling the corpse of superAtacker to the ground of the under you is a huge cauldron of boiling water, it is better not to fall into it,  and we can thank hazard for the help!  1-22-2021, 6:49:01 PM
death: ownage! superAtacker managed to escape by killing the laws of gravity on the under you is a huge cauldron of boiling water, it is better not to fall into it 1-22-2021, 6:49:01 PM
officer disconnected 1-22-2021, 6:49:11 PM
superAtacker disconnected 1-22-2021, 6:49:13 PM
death: baibydragon, I believe divine had something to say, go meet him on zalp. 1-22-2021, 6:50:31 PM
divine (sgamer) said a 1-22-2021, 6:50:34 PM
magistral logged in. 1-22-2021, 6:50:48 PM
death: divine's head was blown apart and now ramil's the_legendary_sword plays basketball today on exit, up for a game? 1-22-2021, 6:51:54 PM
ramil (magistral) said 17322 health, 362 shielded shots. 1-22-2021, 6:51:57 PM
death: The zalp is full now with ramil's guts as sniper owned them! 1-22-2021, 6:51:58 PM
death: The zalp is full now with divine's guts as ramil's storm_sniper owned them! 1-22-2021, 6:52:22 PM
death: ramil just gave  snake a royal beating on zalp! 1-22-2021, 6:52:34 PM
death: ramil's missile just gave divine what for! he started ruining zalp! 1-22-2021, 6:53:00 PM
death: ramil died. Why? Because ramil's suicide bomb owned them on zalp. 1-22-2021, 6:53:12 PM
death: A new corpse of mortal is flying on zalp, because ramil's suicide bomb made this to happen! 1-22-2021, 6:53:15 PM
death: divine takes their last breath as ramil's suicide bomb blasts them in the face one last time on zalp. Brutallity! 1-22-2021, 6:53:38 PM
death: OK, let's see what else ramil's suicide bomb can do for ramil on zalp. I saw he killed them! 1-22-2021, 6:53:38 PM
death: ramil's suicide bomb killed woman1 on zalp. 1-22-2021, 6:53:40 PM
divine (sgamer) said nice 1-22-2021, 6:53:48 PM
death: ramil just totaled coyote's ass on zalp 1-22-2021, 6:54:03 PM
death: Is there a doctor on the zalp? divine has no paulse. Oh, there isn't? Okay. ramil's storm_sniper laughs. 1-22-2021, 6:54:15 PM
ramil (magistral) said waait 1-22-2021, 6:54:20 PM
ramil (magistral) said wait 1-22-2021, 6:54:22 PM
ramil (magistral) said a robot_monster, health 1000000, damage 40000 65000, distance 7, speed time 900, is below, in front and a little ways off to the left, 12 feet away.  1-22-2021, 6:54:26 PM
death: a bloody corpse of divine now lies on zalp, thanks to ramil's missile 1-22-2021, 6:54:54 PM
krish logged in. 1-22-2021, 6:55:13 PM
death: krish really made a mess of boar on the cage.  1-22-2021, 6:55:21 PM
death: robot_monster just got annihilated by ramil on zalp 1-22-2021, 6:55:23 PM
ramil (magistral) said please enter your message 1-22-2021, 6:55:31 PM
krish (krish) said lalalalla 1-22-2021, 6:55:35 PM
death: I think I just saw metallurgist's corpse flying as ramil owned them on zalp. 1-22-2021, 6:55:37 PM
krish (krish) said hi 1-22-2021, 6:55:41 PM
ramil (magistral) said agha 1-22-2021, 6:55:43 PM
ramil (magistral) said aha  1-22-2021, 6:55:46 PM
krish lost connection 1-22-2021, 6:55:54 PM
sgamer disconnected 1-22-2021, 6:55:57 PM
death: Rest  in piece, tank. We'll sure miss you, guess we can thank ramil for what they did on zalp. 1-22-2021, 6:55:57 PM
krish logged in. 1-22-2021, 6:56:07 PM
death: Damn, ramil, that was quite a vicious display of violence towards fly?, but worst of all, you done it on zalp! 1-22-2021, 6:56:17 PM
ramil (magistral) said lets fight 1-22-2021, 6:56:27 PM
death: Stay clear of zalp, woman3 has begun decaying. Thanks ramil 1-22-2021, 6:56:32 PM
krish lost connection 1-22-2021, 6:56:36 PM
death: excavator was nuked off the zalp by ramil 1-22-2021, 6:56:40 PM
krish logged in. 1-22-2021, 6:56:46 PM
krish (krish) said I voted 1-22-2021, 6:56:53 PM
death: Oops? Man down! That man is soldier. ramil isn't so kind on zalp. 1-22-2021, 6:56:55 PM
krish (krish) said your vote has been recorded. thanks! 1-22-2021, 6:56:55 PM
ramil (magistral) said good 1-22-2021, 6:57:02 PM
ramil (magistral) said ket fight 1-22-2021, 6:57:08 PM
ramil (magistral) said lets 1-22-2021, 6:57:11 PM
krish (krish) said aa 1-22-2021, 6:57:14 PM
krish lost connection 1-22-2021, 6:57:16 PM
death: because of the villany of ramil, glider will no longer have a beating heart again, because it is broken on the zalp. 1-22-2021, 6:57:17 PM
krish logged in. 1-22-2021, 6:57:28 PM
death: Is there a doctor on the zalp? ramil has no paulse. Oh, there isn't? Okay. ramil's suicide bomb laughs. 1-22-2021, 6:57:31 PM
death: Breaking news! Today, ramil's suicide bomb killed enemy8 so easy on zalp! isn't it a good news? 1-22-2021, 6:57:32 PM
krish (krish) said I am stuck 1-22-2021, 6:57:35 PM
ramil (magistral) said bye 1-22-2021, 6:57:39 PM
magistral disconnected 1-22-2021, 6:57:41 PM
krish (krish) said I am stuck 1-22-2021, 6:57:45 PM
krish (krish) said hep me 1-22-2021, 6:57:48 PM
death: Is there a doctor on the ? krish has no paulse. Oh, there isn't? Okay. heavy hammer laughs. 1-22-2021, 6:58:01 PM
krish lost connection 1-22-2021, 6:58:29 PM
Johnny disconnected 1-22-2021, 6:58:32 PM
krish logged in. 1-22-2021, 6:58:47 PM
krish disconnected 1-22-2021, 6:59:15 PM
krish logged in. 1-22-2021, 6:59:19 PM
krish (krish) said hi 1-22-2021, 6:59:39 PM
krish lost connection 1-22-2021, 6:59:56 PM
krish logged in. 1-22-2021, 7:00:28 PM
Alfina logged in. 1-22-2021, 7:01:36 PM
Alfina disconnected 1-22-2021, 7:01:52 PM
Alfina logged in. 1-22-2021, 7:02:01 PM
magistral logged in. 1-22-2021, 7:02:23 PM
magistral disconnected 1-22-2021, 7:02:25 PM
magistral logged in. 1-22-2021, 7:02:48 PM
ramil (magistral) said hi all 1-22-2021, 7:03:07 PM
krish disconnected 1-22-2021, 7:03:12 PM
death: moth was nuked out of zalp by ramil 1-22-2021, 7:03:44 PM
death: excavator really made a mess of ramil on the zalp.  1-22-2021, 7:03:59 PM
death: enemy3, I believe ramil had something to say, go meet him on zalp. 1-22-2021, 7:04:02 PM
death: zalp smells pretty dank. car1 needs a proper barrial by ramil 1-22-2021, 7:04:09 PM
death: ramil just gave enemy4 what for! he started ruining zalp! 1-22-2021, 7:04:37 PM
death: Oops? Man down! That man is woman3. ramil isn't so kind on zalp. 1-22-2021, 7:04:52 PM
death: laboratory_assistant was turned to pulp by ramil on zalp 1-22-2021, 7:05:24 PM
death: A pool of red reminder liquid now forms under enemy6's corpse. ramil has the credibility for their demise.  1-22-2021, 7:05:30 PM
death: There's a light at the end of the tunnel excavator, actually, fuck that. ramil ran you down on zalp. Sor'r'r'r'r'r'r'r'r'r'ry 1-22-2021, 7:05:36 PM
stepman logged in. 1-22-2021, 7:05:43 PM
death: because of the villany of ramil, enemy8 will no longer have a beating heart again, because it is broken on the zalp. 1-22-2021, 7:05:45 PM
ramil (magistral) said hi 1-22-2021, 7:05:45 PM
death: and the deathly scream of ramil pierces the air as robocop finishes them off on zalp! 1-22-2021, 7:06:05 PM
death: ramil just used the grounds of the zalp to teach robocop a very important lesson!  1-22-2021, 7:06:11 PM
death: ramil was given what was coming to them, thank you hazard! 1-22-2021, 7:06:59 PM
Alfina (Alfina) said How to play this game? 1-22-2021, 7:07:14 PM
death: ramil was owned by hazard on weapon_challenge 1-22-2021, 7:07:21 PM
magistral disconnected 1-22-2021, 7:07:26 PM
Alfina (Alfina) said How to see the players list? 1-22-2021, 7:08:16 PM
sgamer logged in. 1-22-2021, 7:11:33 PM
stepman disconnected 1-22-2021, 7:11:46 PM
Alfina (Alfina) said Help? 1-22-2021, 7:11:58 PM
Alfina (Alfina) said How to play this game? 1-22-2021, 7:12:06 PM
Alfina (Alfina) said How to see the players who are online now? 1-22-2021, 7:12:29 PM
divine (sgamer) said o hi  1-22-2021, 7:12:31 PM
Alfina (Alfina) said How to do a private message? 1-22-2021, 7:12:45 PM
divine sent a Pm to Alfina: hi 1-22-2021, 7:12:52 PM
Alfina replied to divine: Help me 1-22-2021, 7:13:00 PM
divine replied to Alfina: tell  1-22-2021, 7:13:08 PM
Alfina replied to divine: I'm a new to this game 1-22-2021, 7:13:11 PM
Alfina replied to divine: I don't know anything about this game 1-22-2021, 7:13:25 PM
divine replied to Alfina: yeah  i know 1-22-2021, 7:13:26 PM
divine replied to Alfina: ok ok  i will tell  1-22-2021, 7:13:36 PM
Alfina replied to divine: How to start a private conversation? 1-22-2021, 7:13:46 PM
divine replied to Alfina: /pm 1-22-2021, 7:13:56 PM
Alfina replied to divine: How to see a players list like the war and EK? 1-22-2021, 7:14:10 PM
divine replied to Alfina: 1s  type /help 1-22-2021, 7:14:15 PM
divine replied to Alfina: shift +t 1-22-2021, 7:14:29 PM
divine replied to Alfina: hey  come to stor  1-22-2021, 7:15:04 PM
Alfina replied to divine: How to check the map lists? 1-22-2021, 7:15:23 PM
divine replied to Alfina: ` 1-22-2021, 7:15:34 PM
divine replied to Alfina: type /suicide 1-22-2021, 7:15:44 PM
death: heavy hammer just beat the shit out of Alfina on weapon_challenge 1-22-2021, 7:16:02 PM
Alfina (Alfina) said sgamer 1-22-2021, 7:19:30 PM
Alfina (Alfina) said I can't start private conversation? 1-22-2021, 7:19:45 PM
Alfina (Alfina) said sgamer 1-22-2021, 7:23:47 PM
Alfina (Alfina) said Oh 1-22-2021, 7:30:49 PM
Alfina (Alfina) said Yes 1-22-2021, 7:32:37 PM
sgamer lost connection 1-22-2021, 7:34:07 PM
Alfina disconnected 1-22-2021, 7:34:37 PM
sgamer logged in. 1-22-2021, 7:45:45 PM
death: A new corpse of fly is flying on zalp, because divine made this to happen! 1-22-2021, 7:49:37 PM
death: gravaty just finished pulling the corpse of canine to the ground of the zalp,  and we can thank divine for the help!  1-22-2021, 7:49:49 PM
death: Is there a doctor on the zalp? bee has no paulse. Oh, there isn't? Okay. divine laughs. 1-22-2021, 7:50:02 PM
sgamer logged in. 1-22-2021, 7:50:30 PM
divine (sgamer) said a 1-22-2021, 7:50:38 PM
death: The zalp is full now with robot_monster's guts as divine owned them! 1-22-2021, 7:52:16 PM
divine (sgamer) said a 1-22-2021, 7:52:18 PM
death: divine just beat the shit out of leopard on zalp 1-22-2021, 7:52:44 PM
death: Rest  in piece, gangster. We'll sure miss you, guess we can thank divine for what they did on zalp. 1-22-2021, 7:52:54 PM
death: A new corpse of enemy5 is flying on zalp, because divine made this to happen! 1-22-2021, 7:53:07 PM
death: the zalp now contains loads of guts from matriarch, thanks to divine.  1-22-2021, 7:53:30 PM
death: the zalp now contains loads of guts from excavator, thanks to divine.  1-22-2021, 7:53:39 PM
divine (sgamer) said a 1-22-2021, 7:53:47 PM
death: the zalp now contains loads of guts from boss, thanks to divine.  1-22-2021, 7:54:01 PM
divine (sgamer) said a 1-22-2021, 7:54:08 PM
death: He shoots, he scores! monsterkiller's testicles went flying through the hoops on zalp. divine stands tall with quite the sinical smile. 1-22-2021, 7:54:22 PM
death: divine just royally kicked car's ass on zalp 1-22-2021, 7:54:28 PM
death: flamethrower got fucked up by divine on zalp. 1-22-2021, 7:54:49 PM
death: A new corpse of robotkiller is flying on zalp, because divine made this to happen! 1-22-2021, 7:55:11 PM
death: The zalp is full now with car4's guts as divine owned them! 1-22-2021, 7:55:23 PM
death: divine just gave  pan a royal beating on zalp! 1-22-2021, 7:55:34 PM
death: tank_aftomat just got creamed by divine on zalp 1-22-2021, 7:55:51 PM
death: divine just gave  scout a royal beating on zalp! 1-22-2021, 7:56:01 PM
death: giant just got their ass handed to them on a platter, happily served by divine, and he done it on zalp! 1-22-2021, 7:56:30 PM
divine (sgamer) said a 1-22-2021, 7:56:34 PM
death: polarbear, You have a murderer on zalp, go ahead divine  1-22-2021, 7:56:40 PM
death: A new corpse of divine is flying on zalp, because Amphibian made this to happen! 1-22-2021, 7:57:27 PM
death: Amphibian was nuked off the zalp by divine 1-22-2021, 7:57:31 PM
divine (sgamer) said rofl 1-22-2021, 7:57:36 PM
bolgelo logged in. 1-22-2021, 7:58:02 PM
vadimka logged in. 1-22-2021, 7:58:04 PM
vadimka (vadimka) said aaaaaaaaaaaaa 1-22-2021, 7:58:14 PM
death: I think I just saw vadimka's corpse flying as the laws of gravity owned them on main. 1-22-2021, 7:58:15 PM
bolgelo disconnected 1-22-2021, 7:58:20 PM
vadimka disconnected 1-22-2021, 7:58:33 PM
death: divine just neutralized cockroach on zalp 1-22-2021, 7:58:59 PM
death: behemoth was owned by divine on zalp 1-22-2021, 7:59:45 PM
divine (sgamer) said a 1-22-2021, 7:59:49 PM
death: gravaty just finished pulling the corpse of dragon to the ground of the zalp,  and we can thank divine for the help!  1-22-2021, 8:00:32 PM
death: Rest  in piece, mouse. We'll sure miss you, guess we can thank divine for what they did on zalp. 1-22-2021, 8:00:48 PM
death: Stop crying, shark! Go kill divine! where he is, on zalp! 1-22-2021, 8:01:11 PM
death: woman1 just got annihilated by divine on zalp 1-22-2021, 8:01:23 PM
death: divine just blasted trainer away from zalp! 1-22-2021, 8:01:30 PM
death: divine just condemned car2 to zalp s hell! 1-22-2021, 8:01:45 PM
death: divine's rocket just used the grounds of the zalp to teach tank a very important lesson!  1-22-2021, 8:02:04 PM
death: giant was nuked out of zalp by divine 1-22-2021, 8:02:22 PM
death: Anybody knows why scout died? I know! scout got owned by divine! Where? On zalp! 1-22-2021, 8:02:32 PM
death: divine just put the smack down on rat, thats good, but whi on zalp? 1-22-2021, 8:02:41 PM
death: woman1 was turned to pulp by divine on zalp 1-22-2021, 8:02:52 PM
death: Stay clear of zalp, destructor has begun decaying. Thanks divine 1-22-2021, 8:03:10 PM
death: Is there a doctor on the zalp? professor has no paulse. Oh, there isn't? Okay. divine laughs. 1-22-2021, 8:03:31 PM
death: bee was totaled by divine on zalp 1-22-2021, 8:03:38 PM
death: divine just blew goat's brains out on zalp. Somebody get a mo 1-22-2021, 8:03:43 PM
death: A new corpse of tank is flying on zalp, because divine made this to happen! 1-22-2021, 8:03:59 PM
death: Another one bites the dust, goat, you will be greatly missed on zalp, divine? what have you done? 1-22-2021, 8:04:08 PM
death: Oops? Man down! That man is trainer. divine isn't so kind on zalp. 1-22-2021, 8:04:26 PM
death: Damn, divine, that was quite a vicious display of violence towards woman2?, but worst of all, you done it on zalp! 1-22-2021, 8:04:42 PM
divine (sgamer) said a 1-22-2021, 8:04:44 PM
death: I think I just saw enemy8's corpse flying as divine owned them on zalp. 1-22-2021, 8:04:53 PM
death: Another one bites the dust! fly, have fun, I'm sure divine is on zalp 1-22-2021, 8:05:00 PM
death: trainer was just obliterated by the force of divine on zalp 1-22-2021, 8:05:19 PM
death: gorilla just got annihilated by divine on zalp 1-22-2021, 8:05:27 PM
death: and the deathly scream of enemy5 pierces the air as divine finishes them off on zalp! 1-22-2021, 8:05:35 PM
death: divine killed psychokiller on zalp. 1-22-2021, 8:05:42 PM
death: There's a light at the end of the tunnel robot, actually, fuck that. divine ran you down on zalp. Sor'r'r'r'r'r'r'r'r'r'ry 1-22-2021, 8:05:52 PM
death: divine just blasted robot away from zalp! 1-22-2021, 8:06:05 PM
death: Stop crying, surgeon! Go kill divine! where he is, on zalp! 1-22-2021, 8:06:13 PM
death: divine just gave  robot a royal beating on zalp! 1-22-2021, 8:06:22 PM
death: Stop crying, dentist! Go kill divine! where he is, on zalp! 1-22-2021, 8:06:37 PM
death: Oh flapjacks, zalp looks like a big bloody mess. divine definitely pushed hard to use worm's remains as a deceration 1-22-2021, 8:06:44 PM
death: The zalp is full now with worm's guts as divine owned them! 1-22-2021, 8:06:54 PM
artem logged in. 1-22-2021, 8:08:11 PM
death: A new corpse of x1 is flying on zalp, because divine made this to happen! 1-22-2021, 8:08:44 PM
death: divine just totaled coyote's ass on zalp 1-22-2021, 8:09:05 PM
death: duckling just got bashed by divine on the zalp 1-22-2021, 8:09:24 PM
artem (artem) said всем залп 1-22-2021, 8:09:35 PM
death: Oops? Man down! That man is laboratory_assistant. divine isn't so kind on zalp. 1-22-2021, 8:09:36 PM
death: a bloody corpse of mortal now lies on zalp, thanks to divine 1-22-2021, 8:10:43 PM
death: Anybody knows why robocop died? I know! robocop got owned by divine! Where? On zalp! 1-22-2021, 8:10:54 PM
death: the_strongest_giant was given what was coming to them, thank you divine! 1-22-2021, 8:11:16 PM
death: Stay clear of cage, coyote has begun decaying. Thanks artem 1-22-2021, 8:11:40 PM
death: artem just put hunter 6 feet under on cage 1-22-2021, 8:11:51 PM
death: Another one bites the dust! goat, have fun, I'm sure artem is on cage 1-22-2021, 8:11:59 PM
death: artem just royally kicked goat's ass on cage 1-22-2021, 8:12:09 PM
death: There's a light at the end of the tunnel leopard, actually, fuck that. divine ran you down on zalp. Sor'r'r'r'r'r'r'r'r'r'ry 1-22-2021, 8:12:19 PM
death: artem just beat the shit out of gorilla on cage 1-22-2021, 8:12:28 PM
death: divine just beat the shit out of duckling on zalp 1-22-2021, 8:12:29 PM
death: divine just blasted dog away from zalp! 1-22-2021, 8:12:42 PM
death: artem killed leopard on cage. 1-22-2021, 8:12:50 PM
death: storekeeper got fucked up by divine on zalp. 1-22-2021, 8:12:54 PM
death: Stay clear of cage, hunter has begun decaying. Thanks artem 1-22-2021, 8:12:56 PM
death: Oh flapjacks, cage looks like a big bloody mess. artem definitely pushed hard to use rabbit's remains as a deceration 1-22-2021, 8:13:02 PM
death: robot's head was blown apart and now divine plays basketball today on zalp, up for a game? 1-22-2021, 8:13:08 PM
death: divine just used the grounds of the zalp to teach train a very important lesson!  1-22-2021, 8:13:14 PM
death: artem just royally kicked dog's ass on cage 1-22-2021, 8:13:17 PM
death: trainer was turned to pulp by divine on zalp 1-22-2021, 8:13:24 PM
death: gravaty just finished pulling the corpse of polarbear to the ground of the cage,  and we can thank artem for the help!  1-22-2021, 8:13:26 PM
death: divine just gave  fly a royal beating on zalp! 1-22-2021, 8:13:29 PM
death: ownage! wolf managed to escape by killing artem on the cage 1-22-2021, 8:13:33 PM
death: the zalp now contains loads of guts from enemyboss, thanks to divine.  1-22-2021, 8:13:36 PM
death: divine just completely and totally pulvarized cockroach over zalp! 1-22-2021, 8:13:45 PM
death: Oops? Man down! That man is harvester. divine isn't so kind on zalp. 1-22-2021, 8:13:50 PM
death: the zalp now contains loads of guts from scout, thanks to divine.  1-22-2021, 8:14:00 PM
death: artem just completely and totally pulvarized gorilla over cage! 1-22-2021, 8:14:04 PM
death: worm died. Why? Because divine owned them on zalp. 1-22-2021, 8:14:12 PM
death: There's a light at the end of the tunnel car4, actually, fuck that. divine ran you down on zalp. Sor'r'r'r'r'r'r'r'r'r'ry 1-22-2021, 8:14:24 PM
death: leopard was owned by artem on cage 1-22-2021, 8:14:32 PM
death: He shoots, he scores! canine's testicles went flying through the hoops on zalp. divine stands tall with quite the sinical smile. 1-22-2021, 8:14:32 PM
death: stormtrooper has been terminated by divine on zalp 1-22-2021, 8:14:42 PM
death: Breaking news! Today, divine killed car3 so easy on zalp! isn't it a good news? 1-22-2021, 8:14:51 PM
death: divine just gave  monsterkiller a royal beating on zalp! 1-22-2021, 8:15:10 PM
death: gorilla got fucked up by artem on cage. 1-22-2021, 8:15:12 PM
death: artem just used the grounds of the cage to teach rabbit a very important lesson!  1-22-2021, 8:15:23 PM
death: divine just gave  cockroach a royal beating on zalp! 1-22-2021, 8:15:28 PM
death: robotkiller got fucked up by divine on zalp. 1-22-2021, 8:15:47 PM
death: gorilla really made a mess of artem on the cage.  1-22-2021, 8:16:31 PM
death: artem died. Why? Because divine's nuclear bomb owned them on cage. 1-22-2021, 8:16:48 PM
death: artem just condemned goat to cage s hell! 1-22-2021, 8:18:07 PM
death: wolf's head was blown apart and now artem plays basketball today on cage, up for a game? 1-22-2021, 8:18:17 PM
death: oy, where'd rabbit go? Do you happen to know, artem? 1-22-2021, 8:18:26 PM
death: Damn, artem, that was quite a vicious display of violence towards coyote?, but worst of all, you done it on cage! 1-22-2021, 8:18:47 PM
death: gravaty just finished pulling the corpse of cyborg to the ground of the zalp,  and we can thank divine for the help!  1-22-2021, 8:19:08 PM
death: Another one bites the dust, leopard, you will be greatly missed on cage, artem? what have you done? 1-22-2021, 8:19:21 PM
death: He shoots, he scores! securityguard's testicles went flying through the hoops on zalp. divine stands tall with quite the sinical smile. 1-22-2021, 8:19:22 PM
death: gravaty just finished pulling the corpse of dragon to the ground of the zalp,  and we can thank divine for the help!  1-22-2021, 8:19:37 PM
death: tushkano was totaled by divine on zalp 1-22-2021, 8:19:49 PM
death: Rest  in piece, flamethrower. We'll sure miss you, guess we can thank divine for what they did on zalp. 1-22-2021, 8:19:58 PM
death: robocop just got creamed by divine on zalp 1-22-2021, 8:20:06 PM
death: artem just completely and totally pulvarized lion over cage! 1-22-2021, 8:20:08 PM
death: a bloody corpse of psychokiller now lies on zalp, thanks to divine 1-22-2021, 8:20:18 PM
death: You know that particular element in physics where velocity increases as you fall? yeah, drone learned that really fuckin quick, and we can thank divine. 1-22-2021, 8:20:26 PM
death: duckling was owned by divine on zalp 1-22-2021, 8:20:41 PM
death: artem just blasted leopard away from cage! 1-22-2021, 8:20:50 PM
death: divine just gave  boss a royal beating on zalp! 1-22-2021, 8:20:59 PM
death: and the deathly scream of dog pierces the air as artem finishes them off on cage! 1-22-2021, 8:21:03 PM
death: oy, where'd woman2 go? Do you happen to know, divine? 1-22-2021, 8:21:14 PM
death: because of the villany of artem, boar will no longer have a beating heart again, because it is broken on the cage. 1-22-2021, 8:21:31 PM
death: You know that particular element in physics where velocity increases as you fall? yeah, divine learned that really fuckin quick, and we can thank Amphibian. 1-22-2021, 8:21:58 PM
death: and splat goes Amphibian, with divine standing over them on zalp with quite the smile 1-22-2021, 8:22:02 PM
death: a bloody corpse of lion now lies on cage, thanks to artem 1-22-2021, 8:22:09 PM
death: You know that particular element in physics where velocity increases as you fall? yeah, gorilla learned that really fuckin quick, and we can thank artem. 1-22-2021, 8:22:45 PM
death: because of the villany of artem, hunter will no longer have a beating heart again, because it is broken on the cage. 1-22-2021, 8:23:20 PM
death: goat was just obliterated by the force of artem on cage 1-22-2021, 8:23:31 PM
death: Breaking news! Today, artem killed polarbear so easy on cage! isn't it a good news? 1-22-2021, 8:23:36 PM
death: He shoots, he scores! behemoth's testicles went flying through the hoops on zalp. divine stands tall with quite the sinical smile. 1-22-2021, 8:23:47 PM
death: Stop crying, gorilla! Go kill divine! where he is, on zalp! 1-22-2021, 8:23:57 PM
death: I think I just saw bear's corpse flying as artem owned them on cage. 1-22-2021, 8:24:02 PM
death: Damn, artem, that was quite a vicious display of violence towards wolf?, but worst of all, you done it on cage! 1-22-2021, 8:24:14 PM
death: Rest  in piece, coyote. We'll sure miss you, guess we can thank artem for what they did on cage. 1-22-2021, 8:24:22 PM
death: military_guard really made a mess of divine on the zalp.  1-22-2021, 8:24:37 PM
death: dog, I believe artem had something to say, go meet him on cage. 1-22-2021, 8:24:37 PM
death: Another one bites the dust! bear, have fun, I'm sure artem is on cage 1-22-2021, 8:25:02 PM
death: A new freshly killed blood of car3 lies now on zalp, thanks divine! 1-22-2021, 8:25:06 PM
death: The zalp is full now with helicopter's guts as divine owned them! 1-22-2021, 8:25:15 PM
death: cock, You have a murderer on zalp, go ahead divine  1-22-2021, 8:25:22 PM
death: cage smells pretty dank. bear needs a proper barrial by artem 1-22-2021, 8:25:23 PM
death: Oh flapjacks, zalp looks like a big bloody mess. divine definitely pushed hard to use woman4's remains as a deceration 1-22-2021, 8:25:31 PM
death: tushkano was turned to pulp by divine on zalp 1-22-2021, 8:25:38 PM
death: gravaty just finished pulling the corpse of fireman to the ground of the zalp,  and we can thank divine for the help!  1-22-2021, 8:25:46 PM
death: pan was owned by divine on zalp 1-22-2021, 8:25:51 PM
death: gorilla was given what was coming to them, thank you artem! 1-22-2021, 8:25:56 PM
death: cock, I believe divine had something to say, go meet him on zalp. 1-22-2021, 8:26:00 PM
death: Another one bites the dust, polarbear, you will be greatly missed on cage, artem? what have you done? 1-22-2021, 8:26:11 PM
death: The zalp is full now with blaster's guts as divine owned them! 1-22-2021, 8:26:20 PM
divine (sgamer) said rofl 1-22-2021, 8:26:23 PM
death: artem laughs mockingly at the dying form of wolf on cage 1-22-2021, 8:26:28 PM
death: divine just beat the shit out of excavator on zalp 1-22-2021, 8:26:39 PM
death: tushkano takes their last breath as divine blasts them in the face one last time on zalp. Brutallity! 1-22-2021, 8:26:47 PM
death: I think I just saw polarbear's corpse flying as divine owned them on zalp. 1-22-2021, 8:26:55 PM
death: leopard takes their last breath as artem blasts them in the face one last time on cage. Brutallity! 1-22-2021, 8:26:57 PM
death: divine just gave  storekeeper a royal beating on zalp! 1-22-2021, 8:27:02 PM
death: artem takes their last breath as artem's rpg7 blasts them in the face one last time on cage. Brutallity! 1-22-2021, 8:27:20 PM
death: gangster really made a mess of divine on the zalp.  1-22-2021, 8:27:20 PM
death: artem's rpg7 just put dog 6 feet under on cage 1-22-2021, 8:27:21 PM
death: Damn, divine, that was quite a vicious display of violence towards woman4?, but worst of all, you done it on zalp! 1-22-2021, 8:27:31 PM
artem disconnected 1-22-2021, 8:27:31 PM
death: the zalp now contains loads of guts from stormtrooper, thanks to divine.  1-22-2021, 8:27:40 PM
death: divine just used the grounds of the zalp to teach drone a very important lesson!  1-22-2021, 8:28:31 PM
divine (sgamer) said a 1-22-2021, 8:28:37 PM
death: transformer just got creamed by divine on zalp 1-22-2021, 8:28:47 PM
death: Damn, divine, that was quite a vicious display of violence towards cat?, but worst of all, you done it on zalp! 1-22-2021, 8:28:55 PM
death: psycho, I believe divine had something to say, go meet him on zalp. 1-22-2021, 8:29:03 PM
death: divine just totaled canine's ass on zalp 1-22-2021, 8:29:14 PM
sgamer disconnected 1-22-2021, 8:30:24 PM
stepman logged in. 1-22-2021, 8:58:38 PM
stepman disconnected 1-22-2021, 9:02:15 PM
bolgelo logged in. 1-22-2021, 9:09:16 PM
bolgelo disconnected 1-22-2021, 9:09:22 PM
magistral logged in. 1-22-2021, 9:11:20 PM
magistral logged in. 1-22-2021, 9:11:45 PM
stepman logged in. 1-22-2021, 9:11:55 PM
ramil (magistral) said lags 1-22-2021, 9:11:59 PM
stepman disconnected 1-22-2021, 9:12:04 PM
magistral disconnected 1-22-2021, 9:20:06 PM
magistral logged in. 1-22-2021, 9:22:35 PM
magistral disconnected 1-22-2021, 9:24:22 PM
vadimka logged in. 1-22-2021, 9:25:41 PM
stepman logged in. 1-22-2021, 9:25:53 PM
death: stepman just beat the shit out of vampire on zalp 1-22-2021, 9:26:48 PM
death: OK, let's see what else stepman can do for car1 on zalp. I saw he killed them! 1-22-2021, 9:26:52 PM
death: stepman laughs mockingly at the dying form of rabbit on zalp 1-22-2021, 9:26:58 PM
death: transformer just got bashed by stepman on the zalp 1-22-2021, 9:27:09 PM
death: robocop was nuked out of zalp by stepman 1-22-2021, 9:27:31 PM
death: and splat goes dragon, with stepman standing over them on zalp with quite the smile 1-22-2021, 9:27:41 PM
death: enemy5 was turned to pulp by stepman on zalp 1-22-2021, 9:27:52 PM
death: OK, let's see what else stepman can do for tank_aftomat on zalp. I saw he killed them! 1-22-2021, 9:28:03 PM
death: Another one bites the dust! behemoth, have fun, I'm sure stepman is on zalp 1-22-2021, 9:28:56 PM
death: vadimka was just obliterated by the force of mortal on zalp 1-22-2021, 9:29:41 PM
death: zalp smells pretty dank. mortal needs a proper barrial by stepman 1-22-2021, 9:29:53 PM
death: the zalp now contains loads of guts from psycho, thanks to stepman.  1-22-2021, 9:30:01 PM
death: enemy2 just got bashed by vadimka on the zalp 1-22-2021, 9:30:30 PM
death: vadimka just mauled psycho on zalp 1-22-2021, 9:30:37 PM
death: and the deathly scream of stormtrooper pierces the air as vadimka finishes them off on zalp! 1-22-2021, 9:30:50 PM
death: vadimka killed welder on zalp. 1-22-2021, 9:31:00 PM
death: vadimka just beat the shit out of lamprey on zalp 1-22-2021, 9:31:15 PM
death: Another one bites the dust! cyborg, have fun, I'm sure vadimka is on zalp 1-22-2021, 9:31:21 PM
death: Oh flapjacks, zalp looks like a big bloody mess. vadimka definitely pushed hard to use gorilla's remains as a deceration 1-22-2021, 9:31:37 PM
death: stepman just gave cat what for! he started ruining zalp! 1-22-2021, 9:31:42 PM
death: Oh flapjacks, zalp looks like a big bloody mess. vadimka definitely pushed hard to use train's remains as a deceration 1-22-2021, 9:31:50 PM
death: Oops? Man down! That man is cat. vadimka isn't so kind on zalp. 1-22-2021, 9:31:57 PM
death: stepman just put monkey 6 feet under on zalp 1-22-2021, 9:32:07 PM
death: vadimka just neutralized horse on zalp 1-22-2021, 9:32:22 PM
death: Anybody knows why woman1 died? I know! woman1 got owned by vadimka! Where? On zalp! 1-22-2021, 9:32:27 PM
death: Rest  in piece, enemy8. We'll sure miss you, guess we can thank stepman for what they did on zalp. 1-22-2021, 9:32:39 PM
death: gravaty just finished pulling the corpse of enemy6 to the ground of the zalp,  and we can thank vadimka for the help!  1-22-2021, 9:32:46 PM
death: car was owned by vadimka on zalp 1-22-2021, 9:32:51 PM
death: stepman laughs mockingly at the dying form of horse on zalp 1-22-2021, 9:33:04 PM
death: leopard just got their ass handed to them on a platter, happily served by stepman, and he done it on zalp! 1-22-2021, 9:33:42 PM
death: psychic really made a mess of vadimka on the zalp.  1-22-2021, 9:33:47 PM
death: Stay clear of zalp, glider has begun decaying. Thanks vadimka 1-22-2021, 9:33:57 PM
death: ownage! manager managed to escape by killing vadimka on the zalp 1-22-2021, 9:34:02 PM
death: Man? what's this! matriarch died? No! He's my friend! Or what... I mean, he's stepman's friend! But I still can't believe looking at how he killed them on zalp. 1-22-2021, 9:34:10 PM
death: bee's head was blown apart and now vadimka plays basketball today on zalp, up for a game? 1-22-2021, 9:34:23 PM
death: enemy5 was owned by stepman on zalp 1-22-2021, 9:34:43 PM
death: vadimka, You have a murderer on zalp, go ahead the_strongest_giant  1-22-2021, 9:35:17 PM
death: He shoots, he scores! the_strongest_giant's testicles went flying through the hoops on zalp. stepman stands tall with quite the sinical smile. 1-22-2021, 9:35:47 PM
death: a bloody corpse of train now lies on zalp, thanks to vadimka 1-22-2021, 9:35:52 PM
death: welder was turned to pulp by stepman on zalp 1-22-2021, 9:36:01 PM
death: Anybody knows why car1 died? I know! car1 got owned by stepman! Where? On zalp! 1-22-2021, 9:36:06 PM
death: stepman just neutralized polarbear on zalp 1-22-2021, 9:36:12 PM
death: OK, let's see what else vadimka can do for trainer on zalp. I saw he killed them! 1-22-2021, 9:36:18 PM
death: vadimka just gave  woman1 a royal beating on zalp! 1-22-2021, 9:36:36 PM
death: stepman just neutralized car on zalp 1-22-2021, 9:36:44 PM
death: enemy8 was owned by stepman on zalp 1-22-2021, 9:36:49 PM
death: Damn, vadimka, that was quite a vicious display of violence towards boxer?, but worst of all, you done it on zalp! 1-22-2021, 9:37:00 PM
death: because of the villany of stepman, enemy6 will no longer have a beating heart again, because it is broken on the zalp. 1-22-2021, 9:37:14 PM
death: oy, where'd laboratory_assistant go? Do you happen to know, stepman? 1-22-2021, 9:37:32 PM
vadimka disconnected 1-22-2021, 9:37:42 PM
death: A new corpse of snake is flying on zalp, because stepman made this to happen! 1-22-2021, 9:37:42 PM
death: psycho, I believe stepman had something to say, go meet him on zalp. 1-22-2021, 9:37:58 PM
death: stepman just blew horse's brains out on zalp. Somebody get a mo 1-22-2021, 9:38:10 PM
death: stepman just totaled welder's ass on zalp 1-22-2021, 9:38:22 PM
death: There's a light at the end of the tunnel destructor, actually, fuck that. stepman ran you down on zalp. Sor'r'r'r'r'r'r'r'r'r'ry 1-22-2021, 9:38:42 PM
death: The zalp is full now with worm's guts as stepman owned them! 1-22-2021, 9:39:35 PM
death: a bloody corpse of stepman now lies on zalp, thanks to x1 1-22-2021, 9:39:59 PM
death: Another one bites the dust, x1, you will be greatly missed on zalp, stepman? what have you done? 1-22-2021, 9:40:05 PM
death: Well, stepman's helicopter 99 doesn't exist anymore. Looks to be that stepman's rocket has ultimate victory. Clean up on main  1-22-2021, 9:41:58 PM
death: stepman's head was blown apart and now stepman's mini missile plays basketball today on main, up for a game? 1-22-2021, 9:43:15 PM
superAtacker logged in. 1-22-2021, 9:46:05 PM
death: main smells pretty dank. stepman needs a proper barrial by heavy hammer 1-22-2021, 9:46:12 PM
vadimka logged in. 1-22-2021, 9:47:13 PM
death: stepman was nuked off the dangerous place by hazard 1-22-2021, 9:47:49 PM
vadimka disconnected 1-22-2021, 9:48:18 PM
death: Man? what's this! stepman died? No! He's my friend! Or what... I mean, he's the laws of gravity's friend! But I still can't believe looking at how he killed them on dangerous place. 1-22-2021, 9:49:09 PM
death: the dangerous place now contains loads of guts from stepman, thanks to hazard.  1-22-2021, 9:49:36 PM
death: Oops? Man down! That man is stepman. hazard isn't so kind on dangerous place. 1-22-2021, 9:50:14 PM
death: OK, let's see what else hazard can do for superAtacker on dangerous place. I saw he killed them! 1-22-2021, 9:50:47 PM
death: stepman, I believe hazard had something to say, go meet him on dangerous place. 1-22-2021, 9:51:02 PM
death: stepman really made a mess of hazard on the dangerous place.  1-22-2021, 9:51:59 PM
vadimka logged in. 1-22-2021, 9:53:26 PM
death: stepman was totaled by hazard on dangerous place 1-22-2021, 9:53:39 PM
death: Oops? Man down! That man is superAtacker. hazard isn't so kind on dangerous place. 1-22-2021, 9:54:20 PM
superAtacker disconnected 1-22-2021, 9:54:24 PM
death: stepman's rocket just completely and totally pulvarized stepman's remote gun 31 over main! 1-22-2021, 10:01:44 PM
death: stepman's remote gun 65 was totaled by stepman's rocket on main 1-22-2021, 10:02:13 PM
death: a bloody corpse of stepman's helicopter 74 now lies on main, thanks to vadimka's modern_sub_machine_gun_carbine 1-22-2021, 10:05:14 PM
laid logged in. 1-22-2021, 10:06:01 PM
death: stepman's robot 73 just got creamed by vadimka's modern_sub_machine_gun_carbine on main 1-22-2021, 10:06:01 PM
death: stepman was totaled by the laws of gravity on a tall center tower stairs 1-22-2021, 10:06:07 PM
laid (laid) said всем привет 1-22-2021, 10:06:31 PM
vadimka (vadimka) said zalp 1-22-2021, 10:06:36 PM
death: vadimka's modern_sub_machine_gun_carbine just condemned stepman's helicopter 77 to main s hell! 1-22-2021, 10:07:18 PM
death: vadimka's sky 436 mine just blew vadimka's brains out on top of the tall center tower. Somebody get a mo 1-22-2021, 10:07:27 PM
death: Well, vadimka doesn't exist anymore. Looks to be that the laws of gravity has ultimate victory. Clean up on top of the tall center tower  1-22-2021, 10:07:32 PM
death: Another one bites the dust! stepman, have fun, I'm sure the laws of gravity is on top of the tall center tower 1-22-2021, 10:07:44 PM
stepman disconnected 1-22-2021, 10:08:01 PM
death: Another one bites the dust! laid, have fun, I'm sure stun_grenade_tile is on stun! 1-22-2021, 10:08:31 PM
vadimka disconnected 1-22-2021, 10:08:41 PM
death: vadimka's robot 45 was just obliterated by the force of dead battery on main 1-22-2021, 10:08:41 PM
death: laid, I believe stun_grenade_tile had something to say, go meet him on stun!. 1-22-2021, 10:12:27 PM
best-killer logged in. 1-22-2021, 10:13:28 PM
death: gravaty just finished pulling the corpse of best-killer to the ground of the near the tall tall center tower, wich is going upp to the sky,  and we can thank the laws of gravity for the help!  1-22-2021, 10:13:50 PM
death: cage smells pretty dank. bear needs a proper barrial by laid 1-22-2021, 10:13:51 PM
death: gravaty just finished pulling the corpse of wolf to the ground of the cage,  and we can thank laid for the help!  1-22-2021, 10:14:02 PM
death: You know that particular element in physics where velocity increases as you fall? yeah, gorilla learned that really fuckin quick, and we can thank laid. 1-22-2021, 10:14:10 PM
death: A new corpse of wolf is flying on cage, because laid made this to happen! 1-22-2021, 10:14:18 PM
best-killer sent a Pm to laid: пойдём  втт 1-22-2021, 10:14:29 PM
death: gorilla just blew laid's brains out on cage. Somebody get a mo 1-22-2021, 10:14:42 PM
death: kirill3 was nuked off the kirill's_world by laid 1-22-2021, 10:15:49 PM
death: laid just put the smack down on kirill1, thats good, but whi on kirill's_world? 1-22-2021, 10:15:59 PM
death: the dangerous place now contains loads of guts from best-killer, thanks to hazard.  1-22-2021, 10:16:01 PM
best-killer (best-killer) said яфдз 1-22-2021, 10:16:14 PM
best-killer (best-killer) said zal; 1-22-2021, 10:16:20 PM
death: Damn, laid, that was quite a vicious display of violence towards kirill2?, but worst of all, you done it on kirill's_world! 1-22-2021, 10:16:22 PM
death: laid's head was blown apart and now kirill3 plays basketball today on kirill's_world, up for a game? 1-22-2021, 10:16:23 PM
best-killer (best-killer) said пойдём в ттъ 1-22-2021, 10:16:28 PM
death: and splat goes best-killer, with hazard standing over them on dangerous place with quite the smile 1-22-2021, 10:17:54 PM
death: hazard is so happy because he killed laid on the snow mountain! 1-22-2021, 10:18:32 PM
death: because of the villany of heavy hammer, laid will no longer have a beating heart again, because it is broken on the laberinth of def. 1-22-2021, 10:21:23 PM
death: I think I just saw laid's corpse flying as hazard owned them on weapon_challenge. 1-22-2021, 10:22:12 PM
krokodailtop logged in. 1-22-2021, 10:24:53 PM
best-killer disconnected 1-22-2021, 10:25:34 PM
death: laid died. Why? Because hazard owned them on weapon_challenge. 1-22-2021, 10:26:02 PM
death: trainer was owned by krokodailtop on boxing 1-22-2021, 10:26:43 PM
death: oy, where'd boxer go? Do you happen to know, krokodailtop? 1-22-2021, 10:26:53 PM
death: krokodailtop is so happy because he killed boxer on boxing! 1-22-2021, 10:26:58 PM
death: trainer's head was blown apart and now krokodailtop plays basketball today on boxing, up for a game? 1-22-2021, 10:27:08 PM
death: Another one bites the dust, laid, you will be greatly missed on dangerous place, hazard? what have you done? 1-22-2021, 10:27:09 PM
laid disconnected 1-22-2021, 10:27:14 PM
death: trainer's head was blown apart and now krokodailtop plays basketball today on boxing, up for a game? 1-22-2021, 10:27:17 PM
death: Another one bites the dust! boxer, have fun, I'm sure krokodailtop is on boxing 1-22-2021, 10:27:23 PM
death: I think I just saw boxer's corpse flying as krokodailtop owned them on boxing. 1-22-2021, 10:27:33 PM
death: boxer takes their last breath as krokodailtop blasts them in the face one last time on boxing. Brutallity! 1-22-2021, 10:27:38 PM
death: Oops? Man down! That man is boxer. krokodailtop isn't so kind on boxing. 1-22-2021, 10:27:44 PM
death: krokodailtop just condemned boxer to boxing s hell! 1-22-2021, 10:27:52 PM
death: ownage! boxer managed to escape by killing krokodailtop on the boxing 1-22-2021, 10:27:58 PM
death: trainer was owned by krokodailtop on boxing 1-22-2021, 10:28:06 PM
death: Oops? Man down! That man is boxer. krokodailtop isn't so kind on boxing. 1-22-2021, 10:28:08 PM
death: krokodailtop got fucked up by trainer on boxing. 1-22-2021, 10:28:24 PM
magistral logged in. 1-22-2021, 10:30:05 PM
ramil (magistral) said hi 1-22-2021, 10:30:11 PM
death: the laws of gravity just put the smack down on ramil, thats good, but whi on Hotel? 1-22-2021, 10:32:30 PM
vadimka logged in. 1-22-2021, 10:34:27 PM
ramil (magistral) said hi 1-22-2021, 10:34:30 PM
vadimka disconnected 1-22-2021, 10:34:37 PM
best-killer logged in. 1-22-2021, 10:36:02 PM
laid logged in. 1-22-2021, 10:36:16 PM
death: heavy hammer just put best-killer 6 feet under on main 1-22-2021, 10:37:15 PM
stepman logged in. 1-22-2021, 10:37:36 PM
best-killer (best-killer) said zalp 1-22-2021, 10:37:40 PM
best-killer (best-killer) said duura 1-22-2021, 10:38:00 PM
stepman (stepman) said zalp 1-22-2021, 10:38:03 PM
best-killer (best-killer) said dura 1-22-2021, 10:38:07 PM
best-killer (best-killer) said ramil 1-22-2021, 10:38:13 PM
stepman sent a Pm to best-killer: join to my team 1-22-2021, 10:38:27 PM
death: ramil just used the grounds of the sklad to teach cockroach a very important lesson!  1-22-2021, 10:38:37 PM
server notification: The 123 shelter has been created! 1-22-2021, 10:38:42 PM
ramil (magistral) said come all to main 1-22-2021, 10:39:17 PM
magistral disconnected 1-22-2021, 10:39:45 PM
krokodailtop disconnected 1-22-2021, 10:40:23 PM
krokodailtop logged in. 1-22-2021, 10:40:25 PM
best-killer lost connection 1-22-2021, 10:40:59 PM
death: stepman's missile just blasted laid away from in a deep lake! 1-22-2021, 10:41:24 PM
death: heavy hammer just beat the shit out of stepman on battlefield 1-22-2021, 10:41:42 PM
death: laid just got their ass handed to them on a platter, happily served by stepman's helicopter 77, and he done it on in a deep lake! 1-22-2021, 10:44:31 PM
best-killer logged in. 1-22-2021, 10:44:51 PM
death: a bloody corpse of stepman now lies on main, thanks to heavy hammer 1-22-2021, 10:44:54 PM
vadimka logged in. 1-22-2021, 10:45:56 PM
best-killer (best-killer) said zalp 1-22-2021, 10:46:07 PM
vadimka sent a Pm to best-killer: go tt 1-22-2021, 10:46:09 PM
death: stepman just neutralized coyote on cage 1-22-2021, 10:46:09 PM
death: OK, let's see what else stepman can do for boar on cage. I saw he killed them! 1-22-2021, 10:46:21 PM
best-killer replied to vadimka: ok 1-22-2021, 10:46:24 PM
death: because of the villany of stepman, hunter will no longer have a beating heart again, because it is broken on the cage. 1-22-2021, 10:46:28 PM
death: stepman just blasted bear away from cage! 1-22-2021, 10:46:32 PM
death: stepman was given what was coming to them, thank you gorilla! 1-22-2021, 10:46:34 PM
best-killer replied to vadimka: vse pro vse 1-22-2021, 10:46:37 PM
death: stepman's missile just put the smack down on laid, thats good, but whi on battlefield? 1-22-2021, 10:47:52 PM
death: krokodailtop got fucked up by heavy hammer on Uncharted Nothingness. 1-22-2021, 10:48:49 PM
death: stepman's missile just put best-killer 6 feet under on battlefield 1-22-2021, 10:49:04 PM
death: stepman really made a mess of heavy hammer on the battlefield.  1-22-2021, 10:49:44 PM
death: the laws of gravity just beat the shit out of vadimka on entrance to the store 1-22-2021, 10:49:51 PM
best-killer (best-killer) said .ыгшсшву 1-22-2021, 10:49:55 PM
death: heavy hammer just condemned best-killer to in a deep lake s hell! 1-22-2021, 10:50:03 PM
krokodailtop (krokodailtop) said залп 1-22-2021, 10:50:25 PM
death: heavy hammer killed stepman on safe zone. 1-22-2021, 10:50:34 PM
death: A pool of red reminder liquid now forms under krokodailtop's corpse. hazard has the credibility for their demise.  1-22-2021, 10:51:04 PM
death: oy, where'd krokodailtop go? Do you happen to know, hazard? 1-22-2021, 10:51:36 PM
death: battlefield smells pretty dank. best-killer needs a proper barrial by stepman's missile 1-22-2021, 10:51:49 PM
best-killer (best-killer) said suicide 1-22-2021, 10:52:09 PM
death: and the deathly scream of best-killer pierces the air as heavy hammer finishes them off on in a deep lake! 1-22-2021, 10:52:16 PM
death: heavy hammer just blasted best-killer away from battlefield! 1-22-2021, 10:53:42 PM
death: vadimka's robot 74 died. Why? Because best-killer's hand_cannon owned them on battles. 1-22-2021, 10:54:38 PM
krokodailtop lost connection 1-22-2021, 10:55:42 PM
in team bestkiller, stepman (stepman) said щит неведимка 1-22-2021, 10:55:53 PM
mihail logged in. 1-22-2021, 10:56:00 PM
death: vadimka got fucked up by best-killer's hand_cannon on battlefield. 1-22-2021, 10:56:07 PM
in team bestkiller, stepman (stepman) said одень щит не ведимку 1-22-2021, 10:56:07 PM
death: heavy hammer killed laid on press enter to get your reward. 1-22-2021, 10:56:16 PM
in team bestkiller, mihail (mihail) said а шо, файт в магазе? 1-22-2021, 10:57:32 PM
in team bestkiller, stepman (stepman) said чё 1-22-2021, 10:57:40 PM
death: Anybody knows why best-killer died? I know! best-killer got owned by stepman's missile! Where? On third north south road! 1-22-2021, 10:57:41 PM
in team bestkiller, stepman (stepman) said еееееееее 1-22-2021, 10:57:50 PM
death: the battles now contains loads of guts from stepman's robot 43, thanks to dead battery.  1-22-2021, 10:58:06 PM
mihail disconnected 1-22-2021, 10:58:21 PM
death: vadimka's modern_sub_machine_gun_carbine just royally kicked stepman's helicopter 36's ass on battles 1-22-2021, 10:58:28 PM
in team bestkiller, stepman (stepman) said ёбанный верталёт 1-22-2021, 10:58:43 PM
in team bestkiller, stepman (stepman) said зоцнутые 1-22-2021, 10:58:50 PM
in team bestkiller, vadimka (vadimka) said ggg 1-22-2021, 10:58:56 PM
death: laid was owned by hazard on dangerous place 1-22-2021, 10:59:08 PM
death: dead battery just blasted stepman's robot 46 away from battles! 1-22-2021, 10:59:21 PM
in team bestkiller, best-killer (best-killer) said так не кто не осрожается как ты степман 1-22-2021, 10:59:31 PM
death: stepman's storm_sniper laughs mockingly at the dying form of vadimka's helicopter 69 on battles 1-22-2021, 10:59:35 PM
in team bestkiller, stepman (stepman) said а чё 1-22-2021, 10:59:52 PM
death: vadimka's modern_sub_machine_gun_carbine just blew stepman's helicopter 44's brains out on battles. Somebody get a mo 1-22-2021, 10:59:54 PM
in team bestkiller, best-killer (best-killer) said надо подходить и ебало бить 1-22-2021, 10:59:55 PM
best-killer (best-killer) said .ыгшсшву 1-22-2021, 11:00:20 PM
death: heavy hammer just royally kicked best-killer's ass on a huge river 1-22-2021, 11:00:24 PM
death: Another one bites the dust! stepman, have fun, I'm sure heavy hammer is on battlefield 1-22-2021, 11:00:40 PM
death: A new corpse of laid is flying on weapon_challenge, because heavy hammer made this to happen! 1-22-2021, 11:02:20 PM
death: Anybody knows why gun died? I know! gun got owned by stepman! Where? On zalp! 1-22-2021, 11:02:25 PM
death: mortal just got bashed by stepman on the zalp 1-22-2021, 11:02:52 PM
death: stepman's robot 19's head was blown apart and now dead battery plays basketball today on battles, up for a game? 1-22-2021, 11:03:08 PM
death: gun just got their ass handed to them on a platter, happily served by stepman, and he done it on zalp! 1-22-2021, 11:03:28 PM
death: the zalp now contains loads of guts from stepman, thanks to robot_monster.  1-22-2021, 11:03:35 PM
death: stepman just condemned robot_monster to zalp s hell! 1-22-2021, 11:03:39 PM
death: laid just condemned goat to zalp s hell! 1-22-2021, 11:05:24 PM
death: A new corpse of laid is flying on zalp, because stepman's the_legendary_sword made this to happen! 1-22-2021, 11:05:32 PM
death: tyrant laughs mockingly at the dying form of stepman on zalp 1-22-2021, 11:05:54 PM
death: Oh flapjacks, zalp looks like a big bloody mess. stepman definitely pushed hard to use tyrant's remains as a deceration 1-22-2021, 11:05:59 PM
death: gravaty just finished pulling the corpse of laid to the ground of the press enter to enter to the bar,  and we can thank stepman's empty_beer_bottle for the help!  1-22-2021, 11:07:27 PM
in team bestkiller, stepman (stepman) said good 1-22-2021, 11:07:35 PM
in team bestkiller, vadimka (vadimka) said yes 1-22-2021, 11:07:40 PM
in team bestkiller, best-killer (best-killer) said help 1-22-2021, 11:07:51 PM
in team bestkiller, stepman (stepman) said what 1-22-2021, 11:07:56 PM
in team bestkiller, best-killer (best-killer) said дай те мне пустых бутылок 1-22-2021, 11:08:13 PM
bolgelo logged in. 1-22-2021, 11:09:57 PM
death: stepman was turned to pulp by heavy hammer on safe zone 1-22-2021, 11:10:29 PM
vadimka disconnected 1-22-2021, 11:10:34 PM
bolgelo disconnected 1-22-2021, 11:11:04 PM
death: gravaty just finished pulling the corpse of stepman to the ground of the store,  and we can thank the laws of gravity for the help!  1-22-2021, 11:11:06 PM
death: lion was given what was coming to them, thank you laid! 1-22-2021, 11:11:17 PM
best-killer disconnected 1-22-2021, 11:11:23 PM
death: leopard killed laid on cage. 1-22-2021, 11:11:23 PM
laid disconnected 1-22-2021, 11:11:41 PM
death: stepman's sky 436 mine killed stepman on safe zone. 1-22-2021, 11:12:18 PM
in team bestkiller, stepman (stepman) said where are you 1-22-2021, 11:13:01 PM
death: stepman died. Why? Because stepman's suicide bomb owned them on entrance to the store. 1-22-2021, 11:23:00 PM
death: stepman just got creamed by stepman's suicide bomb on battlefield 1-22-2021, 11:23:28 PM
death: stepman was given what was coming to them, thank you stepman's sky 436 mine! 1-22-2021, 11:23:43 PM
death: lion just got bashed by sky 436 mine on the cage 1-22-2021, 11:23:45 PM
death: stepman was given what was coming to them, thank you stepman's sky 436 mine! 1-22-2021, 11:24:41 PM
in team bestkiller, stepman (stepman) said zots 1-22-2021, 11:24:52 PM
death: stepman takes their last breath as heavy hammer blasts them in the face one last time on laberinth of def. Brutallity! 1-22-2021, 11:25:06 PM
death: hazard just put stepman 6 feet under on dangerous place 1-22-2021, 11:26:07 PM
death: Rest  in piece, stepman. We'll sure miss you, guess we can thank hazard for what they did on weapon_challenge. 1-22-2021, 11:29:27 PM
death: ownage! stepman's helicopter 16 managed to escape by killing stepman's modern_sub_machine_gun_carbine on the main 1-22-2021, 11:32:08 PM
death: oy, where'd stepman's robot 19 go? Do you happen to know, stepman's modern_sub_machine_gun_carbine? 1-22-2021, 11:32:27 PM
death: because of the villany of stepman's modern_sub_machine_gun_carbine, stepman's helicopter 51 will no longer have a beating heart again, because it is broken on the main. 1-22-2021, 11:34:22 PM
death: Somebody call 9 1 1, oh wait, rain check. stepman's modern_sub_machine_gun_carbine gives no shits. Peace out, stepman's helicopter 74 1-22-2021, 11:34:34 PM
death: Stop crying, stepman's turret 571! Go kill stepman's fnminimilight! where he is, on main! 1-22-2021, 11:37:59 PM
death: Another one bites the dust! stepman's robot 26, have fun, I'm sure stepman's fnminimilight is on main 1-22-2021, 11:39:00 PM
death: stepman's helicopter 43 was just obliterated by the force of stepman's fnminimilight on main 1-22-2021, 11:39:41 PM
death: Somebody call 9 1 1, oh wait, rain check. stepman's fnminimilight gives no shits. Peace out, stepman's helicopter 13 1-22-2021, 11:43:37 PM
death: stepman's fnminimilight just gave  stepman's helicopter 37 a royal beating on main! 1-22-2021, 11:45:33 PM
death: stepman's helicopter 22 has been terminated by stepman's fnminimilight on main 1-22-2021, 11:46:01 PM
death: stepman's fnminimilight just royally kicked stepman's helicopter 19's ass on main 1-22-2021, 11:47:15 PM
death: stepman's helicopter 28 was turned to pulp by stepman's modern_sub_machine_gun_carbine on main 1-22-2021, 11:48:01 PM
death: because of the villany of stepman's modern_sub_machine_gun_carbine, stepman's helicopter 46 will no longer have a beating heart again, because it is broken on the main. 1-22-2021, 11:48:24 PM
death: stepman's helicopter 41 just got their ass handed to them on a platter, happily served by stepman's modern_sub_machine_gun_carbine, and he done it on main! 1-22-2021, 11:49:54 PM
death: stepman's helicopter 41 just got creamed by stepman's modern_sub_machine_gun_carbine on main 1-22-2021, 11:50:13 PM
stepman disconnected 1-22-2021, 11:50:25 PM