
vladon(vladon) used a bullet_bomb_locator 8-30-2020, 10:10:43 AM
vladon(vladon) used a pack_of_5_mass_bomb 8-30-2020, 10:10:46 AM
vladon(vladon) used a pack_of_5_mass_bomb 8-30-2020, 10:10:46 AM
vladon(vladon) used a pack_of_20_missile_interceptor 8-30-2020, 10:10:48 AM
vladon(vladon) used a pack_of_20_missile_interceptor 8-30-2020, 10:10:49 AM
vladon(vladon) used a pack_of_20_missile_interceptor 8-30-2020, 10:10:49 AM
vladon(vladon) used a pack_of_20_fire_extinguisher 8-30-2020, 10:10:52 AM
vladon(vladon) used a pack_of_20_fire_extinguisher 8-30-2020, 10:10:52 AM
vladon(vladon) used a pack_of_20_fire_extinguisher 8-30-2020, 10:10:52 AM
vladon(vladon) used a pack_of_20_fire_extinguisher 8-30-2020, 10:10:53 AM
vladon(vladon) used a pack_of_15_stone 8-30-2020, 10:10:56 AM
vladon(vladon) used a pack_of_15_stone 8-30-2020, 10:10:56 AM
vladon(vladon) used a grenade_pack 8-30-2020, 10:10:59 AM
vladon(vladon) used a grenade_pack 8-30-2020, 10:10:59 AM
vladon(vladon) used a grenade_pack 8-30-2020, 10:11:00 AM
vladon(vladon) used a pack_of_20_bomb_defuser 8-30-2020, 10:11:04 AM
vladon(vladon) used a wirebomb 8-30-2020, 10:11:13 AM
vladon(vladon) used a impact_bomb 8-30-2020, 10:11:26 AM
vladon(vladon) used a impact_bomb 8-30-2020, 10:11:28 AM
vladon(vladon) used a impact_bomb 8-30-2020, 10:11:30 AM
vladon(vladon) used a stone 8-30-2020, 10:11:36 AM
vladon(vladon) used a stone 8-30-2020, 10:11:46 AM
vladon(vladon) used a stone 8-30-2020, 10:11:47 AM
vladon(vladon) used a stone 8-30-2020, 10:11:47 AM
vladon(vladon) used a stone 8-30-2020, 10:11:47 AM
vladon(vladon) used a stone 8-30-2020, 10:11:48 AM
vladon(vladon) used a stone 8-30-2020, 10:11:49 AM
vladon(vladon) used a stone 8-30-2020, 10:11:49 AM
vladon(vladon) used a stone 8-30-2020, 10:11:49 AM
vladon(vladon) used a stone 8-30-2020, 10:11:49 AM
vladon(vladon) used a stone 8-30-2020, 10:11:50 AM
vladon(vladon) used a stone 8-30-2020, 10:11:50 AM
vladon(vladon) used a stone 8-30-2020, 10:11:50 AM
vladon(vladon) used a stone 8-30-2020, 10:11:50 AM
vladon(vladon) used a stone 8-30-2020, 10:11:51 AM
vladon(vladon) used a stone 8-30-2020, 10:11:51 AM
vladon(vladon) used a stone 8-30-2020, 10:11:51 AM
vladon(vladon) used a stone 8-30-2020, 10:11:51 AM
vladon(vladon) used a stone 8-30-2020, 10:11:52 AM
vladon(vladon) used a stone 8-30-2020, 10:11:52 AM
vladon(vladon) used a stone 8-30-2020, 10:11:52 AM
vladon(vladon) used a stone 8-30-2020, 10:11:52 AM
vladon(vladon) used a stone 8-30-2020, 10:11:53 AM
vladon(vladon) used a stone 8-30-2020, 10:11:53 AM
vladon(vladon) used a stone 8-30-2020, 10:11:53 AM
vladon(vladon) used a stone 8-30-2020, 10:11:54 AM
vladon(vladon) used a stone 8-30-2020, 10:11:54 AM
vladon(vladon) used a stone 8-30-2020, 10:11:54 AM
vladon(vladon) used a stone 8-30-2020, 10:11:54 AM
vladon(vladon) used a stone 8-30-2020, 10:11:55 AM
vladon(vladon) used a stone 8-30-2020, 10:11:55 AM
vladon(vladon) used a stone 8-30-2020, 10:11:55 AM
vladon(vladon) used a stone 8-30-2020, 10:11:55 AM
vladon(vladon) used a stone 8-30-2020, 10:11:56 AM
vladon(vladon) used a stone 8-30-2020, 10:11:56 AM
vladon(vladon) used a stone 8-30-2020, 10:11:56 AM
vladon(vladon) used a stone 8-30-2020, 10:11:56 AM
vladon(vladon) used a stone 8-30-2020, 10:11:57 AM
vladon(vladon) used a stone 8-30-2020, 10:11:57 AM
vladon(vladon) used a stone 8-30-2020, 10:11:57 AM
vladon(vladon) used a stone 8-30-2020, 10:11:57 AM
vladon(vladon) used a stone 8-30-2020, 10:11:58 AM
vladon(vladon) used a stone 8-30-2020, 10:11:58 AM
vladon(vladon) used a stone 8-30-2020, 10:12:00 AM
vladon(vladon) used a stone 8-30-2020, 10:12:01 AM
vladon(vladon) used a stone 8-30-2020, 10:12:01 AM
vladon(vladon) used a stone 8-30-2020, 10:12:01 AM
vladon(vladon) used a stone 8-30-2020, 10:12:01 AM
vladon(vladon) used a stone 8-30-2020, 10:12:02 AM
vladon(vladon) used a stone 8-30-2020, 10:12:03 AM
vladon(vladon) used a beer_bottle 8-30-2020, 10:12:05 AM
vladon(vladon) used a beer_bottle 8-30-2020, 10:12:05 AM
vladon(vladon) used a beer_bottle 8-30-2020, 10:12:06 AM
vladon(vladon) used a beer_bottle 8-30-2020, 10:12:06 AM
vladon(vladon) used a beer_bottle 8-30-2020, 10:12:07 AM
vladon(vladon) used a beer_bottle 8-30-2020, 10:12:08 AM
vladon(vladon) used a beer_bottle 8-30-2020, 10:12:08 AM
vladon(vladon) used a beer_bottle 8-30-2020, 10:12:09 AM
vladon(vladon) used a beer_bottle 8-30-2020, 10:12:09 AM
vladon(vladon) used a stun_dart 8-30-2020, 10:12:15 AM
vladon(vladon) used a glock_17_pistol 8-30-2020, 10:12:19 AM
vladon(vladon) used a pack_of_10_motion_bomb 8-30-2020, 10:12:26 AM
vladon(vladon) used a pack_of_10_motion_bomb 8-30-2020, 10:12:26 AM
vladon(vladon) used a pack_of_10_motion_bomb 8-30-2020, 10:12:27 AM
vladon(vladon) used a hipersound_bomb 8-30-2020, 10:12:32 AM
vladon(vladon) used a hipersound_bomb 8-30-2020, 10:12:33 AM
vladon(vladon) used a hipersound_bomb 8-30-2020, 10:12:33 AM
vladon(vladon) used a hipersound_bomb 8-30-2020, 10:12:34 AM
vladon(vladon) used a hipersound_bomb 8-30-2020, 10:12:34 AM
vladon(vladon) used a health_drink 8-30-2020, 10:12:53 AM
vladon(vladon) used a health_drink 8-30-2020, 10:12:53 AM
vladon(vladon) used a health_drink 8-30-2020, 10:12:54 AM
vladon(vladon) used a health_drink 8-30-2020, 10:12:59 AM
vladon(vladon) used a health_drink 8-30-2020, 10:12:59 AM
vladon(vladon) used a hipersound_bomb 8-30-2020, 10:13:03 AM
vladon(vladon) used a health_drink 8-30-2020, 10:13:29 AM
vladon(vladon) used a health_drink 8-30-2020, 10:13:35 AM
vladon(vladon) used a hand_grenade 8-30-2020, 10:13:57 AM
vladon(vladon) used a pack_of_15_wirebomb 8-30-2020, 10:13:59 AM
vladon(vladon) used a pack_of_15_wirebomb 8-30-2020, 10:14:00 AM
vladon(vladon) used a pack_of_15_wirebomb 8-30-2020, 10:14:00 AM
vladon(vladon) used a pack_of_15_wirebomb 8-30-2020, 10:14:00 AM
vladon(vladon) used a pack_of_15_wirebomb 8-30-2020, 10:14:00 AM
vladon(vladon) used a pack_of_30_ammo_cyanide_pistol 8-30-2020, 10:14:03 AM
vladon(vladon) used a pack_of_30_ammo_cyanide_pistol 8-30-2020, 10:14:04 AM
vladon(vladon) used a pack_of_30_ammo_cyanide_pistol 8-30-2020, 10:14:04 AM
vladon(vladon) used a pack_of_30_ammo_cyanide_pistol 8-30-2020, 10:14:04 AM
vladon(vladon) used a pack_of_30_ammo_cyanide_pistol 8-30-2020, 10:14:04 AM
vladon(vladon) used a pack_of_30_ammo_cyanide_pistol 8-30-2020, 10:14:04 AM
vladon(vladon) used a pack_of_30_ammo_cyanide_pistol 8-30-2020, 10:14:04 AM
vladon(vladon) used a pack_of_30_ammo_cyanide_pistol 8-30-2020, 10:14:05 AM
vladon(vladon) used a pack_of_30_ammo_cyanide_pistol 8-30-2020, 10:14:05 AM
vladon(vladon) used a pack_of_30_ammo_cyanide_pistol 8-30-2020, 10:14:05 AM
vladon(vladon) used a pack_of_30_ammo_cyanide_pistol 8-30-2020, 10:14:05 AM
vladon(vladon) used a pack_of_30_ammo_cyanide_pistol 8-30-2020, 10:14:05 AM
vladon(vladon) used a pack_of_30_ammo_cyanide_pistol 8-30-2020, 10:14:06 AM
vladon(vladon) used a pack_of_30_ammo_cyanide_pistol 8-30-2020, 10:14:06 AM
vladon(vladon) used a pack_of_30_ammo_cyanide_pistol 8-30-2020, 10:14:06 AM
vladon(vladon) used a pack_of_30_ammo_cyanide_pistol 8-30-2020, 10:14:07 AM
vladon(vladon) used a pack_of_30_ammo_cyanide_pistol 8-30-2020, 10:14:07 AM
vladon(vladon) used a pack_of_30_ammo_cyanide_pistol 8-30-2020, 10:14:07 AM
vladon(vladon) used a remote_bomb 8-30-2020, 10:14:22 AM
vladon(vladon) used a remote_bomb 8-30-2020, 10:14:24 AM
vladon(vladon) used a remote_bomb 8-30-2020, 10:14:26 AM
vladon(vladon) used a remote_bomb 8-30-2020, 10:14:27 AM
vladon(vladon) used a remote_timebomb 8-30-2020, 10:14:38 AM
vladon(vladon) used a remote_timebomb 8-30-2020, 10:14:40 AM
vladon(vladon) used a pack_of_10_security_bomb 8-30-2020, 10:15:45 AM
vladon(vladon) used a pack_of_10_security_bomb 8-30-2020, 10:15:45 AM
vladon(vladon) used a pack_of_10_security_bomb 8-30-2020, 10:15:45 AM
vladon(vladon) used a pack_of_30_ammo_sky_28_laser 8-30-2020, 10:16:02 AM
vladon(vladon) used a remote_timebomb_controller 8-30-2020, 10:16:27 AM
vladon(vladon) used a fire_extinguisher 8-30-2020, 10:16:39 AM
vladon(vladon) used a shield 8-30-2020, 10:16:47 AM
vladon(vladon) used a shield 8-30-2020, 10:16:47 AM
vladon(vladon) used a shield 8-30-2020, 10:16:48 AM
vladon(vladon) used a health_drink 8-30-2020, 10:16:56 AM
vladon(vladon) used a health_drink 8-30-2020, 10:17:02 AM
vladon(vladon) used a health_drink 8-30-2020, 10:17:03 AM
vladon(vladon) used a health_drink 8-30-2020, 10:17:08 AM
vladon(vladon) used a item_grabber 8-30-2020, 10:17:36 AM
vladon(vladon) used a air_canister 8-30-2020, 10:19:27 AM
vladon(vladon) used a air_canister 8-30-2020, 10:19:27 AM
vladon(vladon) used a air_canister 8-30-2020, 10:19:27 AM
vladon(vladon) used a air_canister 8-30-2020, 10:19:27 AM
vladon(vladon) used a air_canister 8-30-2020, 10:19:28 AM
vladon(vladon) used a antibiotic_canister 8-30-2020, 10:19:44 AM
vladon(vladon) used a antibiotic_pack 8-30-2020, 10:19:49 AM
vladon(vladon) used a antibiotic_pack 8-30-2020, 10:19:49 AM
vladon(vladon) used a antibiotic_pack 8-30-2020, 10:19:50 AM
vladon(vladon) used a antibiotic 8-30-2020, 10:19:53 AM
vladon(vladon) used a antibiotic 8-30-2020, 10:19:54 AM
vladon(vladon) used a zulfikar 8-30-2020, 10:22:36 AM
vladon(vladon) used a aircraft 8-30-2020, 10:26:36 AM
vladon(vladon) used a cannon 8-30-2020, 10:27:09 AM
vladon(vladon) used a hand_grenade 8-30-2020, 10:29:39 AM
vladon(vladon) used a aircraft 8-30-2020, 10:29:50 AM
vladon(vladon) used a hand_grenade 8-30-2020, 10:30:33 AM
vladon(vladon) used a hand_grenade 8-30-2020, 10:30:33 AM
vladon(vladon) used a hand_grenade 8-30-2020, 10:30:33 AM
vladon(vladon) used a hand_grenade 8-30-2020, 10:30:33 AM
vladon(vladon) used a hand_grenade 8-30-2020, 10:30:34 AM
vladon(vladon) used a hand_grenade 8-30-2020, 10:30:34 AM
vladon(vladon) used a hand_grenade 8-30-2020, 10:30:34 AM
vladon(vladon) used a hand_grenade 8-30-2020, 10:30:34 AM
vladon(vladon) used a hand_grenade 8-30-2020, 10:30:35 AM
vladon(vladon) used a hand_grenade 8-30-2020, 10:30:35 AM
vladon(vladon) used a hand_grenade 8-30-2020, 10:32:10 AM
vladon(vladon) used a hand_grenade 8-30-2020, 10:32:10 AM
vladon(vladon) used a hand_grenade 8-30-2020, 10:32:10 AM
vladon(vladon) used a hand_grenade 8-30-2020, 10:32:10 AM
vladon(vladon) used a hand_grenade 8-30-2020, 10:32:10 AM
vladon(vladon) used a hand_grenade 8-30-2020, 10:32:10 AM
vladon(vladon) used a metal 8-30-2020, 10:32:19 AM
vladon(vladon) used a metal 8-30-2020, 10:32:19 AM
vladon(vladon) used a aircraft 8-30-2020, 10:33:36 AM
vladon(vladon) used a hand_grenade 8-30-2020, 10:34:07 AM
vladon(vladon) used a hand_grenade 8-30-2020, 10:34:07 AM
vladon(vladon) used a wood 8-30-2020, 10:38:28 AM
vladon(vladon) used a zulfikar 8-30-2020, 11:49:23 AM
vladon(vladon) used a cannon 8-30-2020, 11:50:11 AM
vladon(vladon) used a aircraft 8-30-2020, 11:50:39 AM
vladon(vladon) used a health_drink 8-30-2020, 11:50:46 AM
vladon(vladon) used a health_drink 8-30-2020, 11:50:52 AM
vladon(vladon) used a shield 8-30-2020, 11:50:54 AM
vladon(vladon) used a fuel_tank 8-30-2020, 11:51:06 AM
vladon(vladon) used a hand_grenade 8-30-2020, 11:51:24 AM
vladon(vladon) used a hand_grenade 8-30-2020, 11:51:26 AM
vladon(vladon) used a aircraft 8-30-2020, 11:52:25 AM
vladon(vladon) used a health_drink 8-30-2020, 11:52:34 AM
vladon(vladon) used a aircraft 8-30-2020, 11:53:41 AM
vladon(vladon) used a missile_interceptor 8-30-2020, 11:53:45 AM
vladon(vladon) used a guided_missile 8-30-2020, 11:53:48 AM
vladon(vladon) used a hand_grenade 8-30-2020, 11:56:53 AM
vladon(vladon) used a hand_grenade 8-30-2020, 11:56:55 AM
vladon(vladon) used a hand_grenade 8-30-2020, 11:56:56 AM
vladon(vladon) used a hand_grenade 8-30-2020, 11:56:57 AM
vladon(vladon) used a hand_grenade 8-30-2020, 11:57:02 AM
vladon(vladon) used a hand_grenade 8-30-2020, 11:57:02 AM
vladon(vladon) used a hand_grenade 8-30-2020, 11:57:03 AM
vladon(vladon) used a hand_grenade 8-30-2020, 11:57:03 AM
vladon(vladon) used a hand_grenade 8-30-2020, 11:57:04 AM
vladon(vladon) used a hand_grenade 8-30-2020, 11:57:04 AM
vladon(vladon) used a hand_grenade 8-30-2020, 11:57:05 AM
vladon(vladon) used a hand_grenade 8-30-2020, 11:57:05 AM
vladon(vladon) used a aircraft 8-30-2020, 11:57:19 AM
vladon(vladon) used a wood 8-30-2020, 11:58:52 AM
vladon(vladon) used a guided_missile 8-30-2020, 12:14:33 PM
vladon(vladon) used a guided_missile 8-30-2020, 12:14:51 PM
vladon(vladon) used a guided_missile 8-30-2020, 12:15:09 PM
vladon(vladon) used a helicopter 8-30-2020, 12:15:27 PM
vladon(vladon) used a helicopter 8-30-2020, 12:15:31 PM
vladon(vladon) used a helicopter 8-30-2020, 12:15:31 PM
vladon(vladon) used a health_drink 8-30-2020, 12:17:57 PM
vladon(vladon) used a shield 8-30-2020, 12:17:57 PM
vladon(vladon) used a shield 8-30-2020, 12:17:58 PM
vladon(vladon) used a shield 8-30-2020, 12:17:58 PM
vladon(vladon) used a shield 8-30-2020, 12:17:58 PM
vladon(vladon) used a guided_missile 8-30-2020, 12:19:23 PM
vladon(vladon) used a guided_missile 8-30-2020, 12:20:19 PM
vladon(vladon) used a guided_missile 8-30-2020, 12:20:20 PM
vladon(vladon) used a guided_missile 8-30-2020, 12:20:20 PM
vladon(vladon) used a shield 8-30-2020, 12:20:26 PM
vladon(vladon) used a shield 8-30-2020, 12:20:26 PM
vladon(vladon) used a shield 8-30-2020, 12:20:27 PM
vladon(vladon) used a shield 8-30-2020, 12:20:27 PM
vladon(vladon) used a shield 8-30-2020, 12:20:28 PM
vladon(vladon) used a shield 8-30-2020, 12:20:28 PM
vladon(vladon) used a shield 8-30-2020, 12:20:28 PM
vladon(vladon) used a shield 8-30-2020, 12:20:38 PM
vladon(vladon) used a shield 8-30-2020, 12:20:38 PM
vladon(vladon) used a shield 8-30-2020, 12:20:39 PM
vladon(vladon) used a shield 8-30-2020, 12:20:39 PM
vladon(vladon) used a shield 8-30-2020, 12:20:40 PM
vladon(vladon) used a shield 8-30-2020, 12:20:40 PM
vladon(vladon) used a shield 8-30-2020, 12:20:40 PM
vladon(vladon) used a shield 8-30-2020, 12:20:41 PM
vladon(vladon) used a shield 8-30-2020, 12:20:41 PM
vladon(vladon) used a shield 8-30-2020, 12:20:42 PM
vladon(vladon) used a shield 8-30-2020, 12:20:42 PM
vladon(vladon) used a shield 8-30-2020, 12:20:43 PM
vladon(vladon) used a shield 8-30-2020, 12:20:44 PM
vladon(vladon) used a shield 8-30-2020, 12:20:44 PM
vladon(vladon) used a shield 8-30-2020, 12:20:44 PM
vladon(vladon) used a shield 8-30-2020, 12:20:45 PM
vladon(vladon) used a shield 8-30-2020, 12:20:45 PM
vladon(vladon) used a shield 8-30-2020, 12:20:46 PM
vladon(vladon) used a shield 8-30-2020, 12:20:46 PM
vladon(vladon) used a shield 8-30-2020, 12:20:47 PM
vladon(vladon) used a shield 8-30-2020, 12:20:47 PM
vladon(vladon) used a shield 8-30-2020, 12:20:48 PM
vladon(vladon) used a shield 8-30-2020, 12:20:48 PM
vladon(vladon) used a shield 8-30-2020, 12:20:50 PM
vladon(vladon) used a guided_missile 8-30-2020, 2:26:11 PM
vladon(vladon) used a guided_missile 8-30-2020, 2:28:18 PM
vladon(vladon) used a missile_interceptor 8-30-2020, 2:29:20 PM
vladon(vladon) used a missile_interceptor 8-30-2020, 2:29:20 PM
vladon(vladon) used a missile_interceptor 8-30-2020, 2:29:21 PM
vladon(vladon) used a guided_missile 8-30-2020, 2:29:23 PM
vladon(vladon) used a guided_missile 8-30-2020, 2:29:31 PM
vladon(vladon) used a guided_missile 8-30-2020, 2:29:32 PM
vladon(vladon) used a shield 8-30-2020, 2:29:50 PM
vladon(vladon) used a shield 8-30-2020, 2:29:51 PM
vladon(vladon) used a shield 8-30-2020, 2:29:51 PM
vladon(vladon) used a health_drink 8-30-2020, 2:29:52 PM
vladon(vladon) used a health_drink 8-30-2020, 2:29:56 PM
vladon(vladon) used a health_drink 8-30-2020, 2:29:57 PM
vladon(vladon) used a health_drink 8-30-2020, 2:29:58 PM
vladon(vladon) used a health_drink 8-30-2020, 2:30:01 PM
vladon(vladon) used a health_drink 8-30-2020, 2:30:02 PM
vladon(vladon) used a health_drink 8-30-2020, 2:30:06 PM
vladon(vladon) used a health_drink 8-30-2020, 2:30:09 PM
vladon(vladon) used a health_drink 8-30-2020, 2:30:10 PM
vladon(vladon) used a health_drink 8-30-2020, 2:30:13 PM
vladon(vladon) used a health_drink 8-30-2020, 2:30:13 PM
vladon(vladon) used a health_drink 8-30-2020, 2:30:27 PM
vladon(vladon) used a health_drink 8-30-2020, 2:30:28 PM
vladon(vladon) used a health_drink 8-30-2020, 2:30:32 PM
vladon(vladon) used a health_drink 8-30-2020, 2:30:33 PM
vladon(vladon) used a health_drink 8-30-2020, 2:30:37 PM
vladon(vladon) used a missile_interceptor 8-30-2020, 2:31:56 PM
vladon(vladon) used a missile_interceptor 8-30-2020, 2:31:56 PM
vladon(vladon) used a missile_interceptor 8-30-2020, 2:32:22 PM
vladon(vladon) used a missile_interceptor 8-30-2020, 2:32:23 PM
vladon(vladon) used a missile_interceptor 8-30-2020, 2:32:25 PM
vladon(vladon) used a guided_missile 8-30-2020, 2:32:28 PM
vladon(vladon) used a aircraft 8-30-2020, 2:33:07 PM
vladon(vladon) used a guided_missile 8-30-2020, 2:33:09 PM
vladon(vladon) used a health_drink 8-30-2020, 2:33:23 PM
vladon(vladon) used a shield 8-30-2020, 2:33:25 PM
vladon(vladon) used a missile_interceptor 8-30-2020, 2:33:43 PM
vladon(vladon) used a missile_interceptor 8-30-2020, 2:33:43 PM
vladon(vladon) used a missile_interceptor 8-30-2020, 2:33:45 PM
vladon(vladon) used a aircraft 8-30-2020, 2:35:10 PM
vladon(vladon) used a aircraft 8-30-2020, 4:58:09 PM
vladon(vladon) used a cannon 8-30-2020, 5:00:42 PM
vladon(vladon) used a zulfikar 8-30-2020, 5:01:10 PM
vladon(vladon) used a grenade_pack 8-30-2020, 5:01:42 PM
vladon(vladon) used a ags30 8-30-2020, 5:04:00 PM
vladon(vladon) used a gp30 8-30-2020, 5:04:04 PM
vladon(vladon) used a gp30 8-30-2020, 5:04:06 PM
vladon(vladon) used a rpg7 8-30-2020, 5:04:11 PM
vladon(vladon) used a rocket_launcher 8-30-2020, 5:04:22 PM
vladon(vladon) used a m79_grenade_launcher 8-30-2020, 5:04:33 PM
vladon(vladon) used a hipersound_bomb 8-30-2020, 5:04:50 PM
vladon(vladon) used a stp429_mini_missile 8-30-2020, 5:04:57 PM
vladon(vladon) used a cyanide_pistol 8-30-2020, 5:06:44 PM
vladon(vladon) used a rpg7_ammo_pack 8-30-2020, 5:06:56 PM
vladon(vladon) used a rpg7_ammo_pack 8-30-2020, 5:06:57 PM
vladon(vladon) used a rpg7_ammo_pack 8-30-2020, 5:06:57 PM
vladon(vladon) used a rpg7_ammo_pack 8-30-2020, 5:06:57 PM
vladon(vladon) used a rpg7_ammo_pack 8-30-2020, 5:06:57 PM
vladon(vladon) used a rpg7_ammo_pack 8-30-2020, 5:06:57 PM
vladon(vladon) used a rpg7_ammo_pack 8-30-2020, 5:06:58 PM
vladon(vladon) used a rpg7_ammo_pack 8-30-2020, 5:06:58 PM
vladon(vladon) used a rpg7_ammo_pack 8-30-2020, 5:06:58 PM
vladon(vladon) used a rpg7_ammo_pack 8-30-2020, 5:06:58 PM
vladon(vladon) used a rpg7_ammo_pack 8-30-2020, 5:06:58 PM
vladon(vladon) used a rpg7_ammo_pack 8-30-2020, 5:06:59 PM
vladon(vladon) used a rpg7_ammo_pack 8-30-2020, 5:07:07 PM
vladon(vladon) used a rpg7_ammo_pack 8-30-2020, 5:07:07 PM
vladon(vladon) used a rpg7_ammo_pack 8-30-2020, 5:07:07 PM
vladon(vladon) used a rpg7_ammo_pack 8-30-2020, 5:07:08 PM
vladon(vladon) used a rpg7_ammo_pack 8-30-2020, 5:07:08 PM
vladon(vladon) used a rpg7_ammo_pack 8-30-2020, 5:07:08 PM
vladon(vladon) used a rpg7_ammo_pack 8-30-2020, 5:07:09 PM
vladon(vladon) used a rpg7_ammo_pack 8-30-2020, 5:07:09 PM
vladon(vladon) used a rpg7_ammo_pack 8-30-2020, 5:07:09 PM
vladon(vladon) used a rpg7_ammo_pack 8-30-2020, 5:07:09 PM
vladon(vladon) used a rpg7_ammo_pack 8-30-2020, 5:07:09 PM
vladon(vladon) used a rpg7_ammo_pack 8-30-2020, 5:07:09 PM
vladon(vladon) used a rpg7_ammo_pack 8-30-2020, 5:07:10 PM
vladon(vladon) used a rpg7_ammo_pack 8-30-2020, 5:07:10 PM
vladon(vladon) used a rpg7_ammo_pack 8-30-2020, 5:07:10 PM
vladon(vladon) used a rpg7_ammo_pack 8-30-2020, 5:07:10 PM
vladon(vladon) used a rpg7_ammo_pack 8-30-2020, 5:07:11 PM
vladon(vladon) used a rpg7_ammo_pack 8-30-2020, 5:07:11 PM
vladon(vladon) used a rpg7_ammo_pack 8-30-2020, 5:07:11 PM
vladon(vladon) used a rpg7_ammo_pack 8-30-2020, 5:07:12 PM
vladon(vladon) used a rpg7_ammo_pack 8-30-2020, 5:07:12 PM
vladon(vladon) used a rpg7_ammo_pack 8-30-2020, 5:07:12 PM
vladon(vladon) used a rpg7_ammo_pack 8-30-2020, 5:07:12 PM
vladon(vladon) used a rpg7_ammo_pack 8-30-2020, 5:07:12 PM
vladon(vladon) used a rpg7_ammo_pack 8-30-2020, 5:07:12 PM
vladon(vladon) used a rpg7_ammo_pack 8-30-2020, 5:07:13 PM
vladon(vladon) used a rpg7_ammo_pack 8-30-2020, 5:07:13 PM
vladon(vladon) used a rpg7_ammo_pack 8-30-2020, 5:07:13 PM
vladon(vladon) used a rpg7_ammo_pack 8-30-2020, 5:07:13 PM
vladon(vladon) used a rpg7_ammo_pack 8-30-2020, 5:07:13 PM
vladon(vladon) used a rpg7_ammo_pack 8-30-2020, 5:07:13 PM
vladon(vladon) used a rpg7_ammo_pack 8-30-2020, 5:07:13 PM
vladon(vladon) used a rpg7_ammo_pack 8-30-2020, 5:07:14 PM
vladon(vladon) used a rpg7_ammo_pack 8-30-2020, 5:07:14 PM
vladon(vladon) used a rpg7_ammo_pack 8-30-2020, 5:07:14 PM
vladon(vladon) used a rpg7_ammo_pack 8-30-2020, 5:07:14 PM
vladon(vladon) used a rpg7_ammo_pack 8-30-2020, 5:07:14 PM
vladon(vladon) used a rpg7_ammo_pack 8-30-2020, 5:07:14 PM
vladon(vladon) used a rpg7_ammo_pack 8-30-2020, 5:07:14 PM
vladon(vladon) used a rpg7_ammo_pack 8-30-2020, 5:07:15 PM
vladon(vladon) used a rpg7_ammo_pack 8-30-2020, 5:07:15 PM
vladon(vladon) used a rpg7_ammo_pack 8-30-2020, 5:07:15 PM
vladon(vladon) used a rpg7_ammo_pack 8-30-2020, 5:07:15 PM
vladon(vladon) used a rpg7_ammo_pack 8-30-2020, 5:07:15 PM
vladon(vladon) used a rpg7_ammo_pack 8-30-2020, 5:07:15 PM
vladon(vladon) used a rpg7_ammo_pack 8-30-2020, 5:07:16 PM
vladon(vladon) used a rpg7_ammo_pack 8-30-2020, 5:07:16 PM
vladon(vladon) used a rpg7_ammo_pack 8-30-2020, 5:07:16 PM
vladon(vladon) used a rpg7_ammo_pack 8-30-2020, 5:07:16 PM
vladon(vladon) used a rpg7_ammo_pack 8-30-2020, 5:07:16 PM
vladon(vladon) used a rpg7_ammo_pack 8-30-2020, 5:07:16 PM
vladon(vladon) used a rpg7_ammo_pack 8-30-2020, 5:07:17 PM
vladon(vladon) used a rpg7_ammo_pack 8-30-2020, 5:07:17 PM
vladon(vladon) used a rpg7_ammo_pack 8-30-2020, 5:07:17 PM
vladon(vladon) used a rpg7_ammo_pack 8-30-2020, 5:07:17 PM
vladon(vladon) used a rpg7_ammo_pack 8-30-2020, 5:07:17 PM
vladon(vladon) used a rpg7_ammo_pack 8-30-2020, 5:07:17 PM
vladon(vladon) used a rpg7_ammo_pack 8-30-2020, 5:07:18 PM
vladon(vladon) used a rpg7_ammo_pack 8-30-2020, 5:07:18 PM
vladon(vladon) used a rpg7_ammo_pack 8-30-2020, 5:07:18 PM
vladon(vladon) used a rpg7_ammo_pack 8-30-2020, 5:07:18 PM
vladon(vladon) used a rpg7_ammo_pack 8-30-2020, 5:07:18 PM
vladon(vladon) used a rpg7_ammo_pack 8-30-2020, 5:07:18 PM
vladon(vladon) used a rpg7_ammo_pack 8-30-2020, 5:07:18 PM
vladon(vladon) used a rpg7_ammo_pack 8-30-2020, 5:07:18 PM
vladon(vladon) used a rpg7_ammo_pack 8-30-2020, 5:07:19 PM
vladon(vladon) used a rpg7_ammo_pack 8-30-2020, 5:07:19 PM
vladon(vladon) used a rpg7_ammo_pack 8-30-2020, 5:07:19 PM
vladon(vladon) used a rpg7_ammo_pack 8-30-2020, 5:07:19 PM
vladon(vladon) used a rpg7_ammo_pack 8-30-2020, 5:07:19 PM
vladon(vladon) used a rpg7_ammo_pack 8-30-2020, 5:07:19 PM
vladon(vladon) used a rpg7_ammo_pack 8-30-2020, 5:07:19 PM
vladon(vladon) used a rpg7_ammo_pack 8-30-2020, 5:07:19 PM
vladon(vladon) used a rpg7_ammo_pack 8-30-2020, 5:07:19 PM
vladon(vladon) used a rpg7_ammo_pack 8-30-2020, 5:07:20 PM
vladon(vladon) used a rpg7_ammo_pack 8-30-2020, 5:07:20 PM
vladon(vladon) used a rpg7_ammo_pack 8-30-2020, 5:07:20 PM
vladon(vladon) used a rpg7_ammo_pack 8-30-2020, 5:07:20 PM
vladon(vladon) used a rpg7_ammo_pack 8-30-2020, 5:07:20 PM
vladon(vladon) used a rpg7_ammo_pack 8-30-2020, 5:07:20 PM
vladon(vladon) used a rpg7_ammo_pack 8-30-2020, 5:07:21 PM
vladon(vladon) used a rpg7_ammo_pack 8-30-2020, 5:07:21 PM
vladon(vladon) used a rpg7_ammo_pack 8-30-2020, 5:07:21 PM
vladon(vladon) used a rpg7_ammo_pack 8-30-2020, 5:07:21 PM
vladon(vladon) used a rpg7_ammo_pack 8-30-2020, 5:07:22 PM
vladon(vladon) used a rpg7_ammo_pack 8-30-2020, 5:07:22 PM
vladon(vladon) used a rpg7_ammo_pack 8-30-2020, 5:07:22 PM
vladon(vladon) used a rpg7_ammo_pack 8-30-2020, 5:07:22 PM
vladon(vladon) used a rpg7_ammo_pack 8-30-2020, 5:07:22 PM
vladon(vladon) used a rpg7_ammo_pack 8-30-2020, 5:07:23 PM
vladon(vladon) used a rpg7_ammo_pack 8-30-2020, 5:07:23 PM
vladon(vladon) used a rpg7_ammo_pack 8-30-2020, 5:07:23 PM
vladon(vladon) used a rpg7_ammo_pack 8-30-2020, 5:07:23 PM
vladon(vladon) used a rpg7_ammo_pack 8-30-2020, 5:07:23 PM
vladon(vladon) used a rpg7_ammo_pack 8-30-2020, 5:07:23 PM
vladon(vladon) used a rpg7_ammo_pack 8-30-2020, 5:07:23 PM
vladon(vladon) used a rpg7_ammo_pack 8-30-2020, 5:07:24 PM
vladon(vladon) used a rpg7_ammo_pack 8-30-2020, 5:07:24 PM
vladon(vladon) used a rpg7_ammo_pack 8-30-2020, 5:07:24 PM
vladon(vladon) used a rpg7_ammo_pack 8-30-2020, 5:07:24 PM
vladon(vladon) used a rpg7_ammo_pack 8-30-2020, 5:07:24 PM
vladon(vladon) used a rpg7_ammo_pack 8-30-2020, 5:07:24 PM
vladon(vladon) used a rpg7_ammo_pack 8-30-2020, 5:07:24 PM
vladon(vladon) used a rpg7_ammo_pack 8-30-2020, 5:07:24 PM
vladon(vladon) used a rpg7_ammo_pack 8-30-2020, 5:07:24 PM
vladon(vladon) used a rpg7_ammo_pack 8-30-2020, 5:07:25 PM
vladon(vladon) used a rpg7_ammo_pack 8-30-2020, 5:07:25 PM
vladon(vladon) used a rpg7_ammo_pack 8-30-2020, 5:07:26 PM
vladon(vladon) used a rpg7_ammo_pack 8-30-2020, 5:07:26 PM
vladon(vladon) used a rpg7_ammo_pack 8-30-2020, 5:07:26 PM
vladon(vladon) used a rpg7_ammo_pack 8-30-2020, 5:07:26 PM
vladon(vladon) used a rpg7_ammo_pack 8-30-2020, 5:07:26 PM
vladon(vladon) used a rpg7_ammo_pack 8-30-2020, 5:07:27 PM
vladon(vladon) used a rpg7_ammo_pack 8-30-2020, 5:07:27 PM
vladon(vladon) used a rpg7_ammo_pack 8-30-2020, 5:07:27 PM
vladon(vladon) used a rpg7_ammo_pack 8-30-2020, 5:07:27 PM
vladon(vladon) used a rpg7_ammo_pack 8-30-2020, 5:07:28 PM
vladon(vladon) used a rpg7_ammo_pack 8-30-2020, 5:07:28 PM
vladon(vladon) used a rpg7_ammo_pack 8-30-2020, 5:07:28 PM
vladon(vladon) used a rpg7_ammo_pack 8-30-2020, 5:07:28 PM
vladon(vladon) used a rpg7_ammo_pack 8-30-2020, 5:07:28 PM
vladon(vladon) used a rpg7_ammo_pack 8-30-2020, 5:07:29 PM
vladon(vladon) used a rpg7_ammo_pack 8-30-2020, 5:07:29 PM
vladon(vladon) used a rpg7_ammo_pack 8-30-2020, 5:07:29 PM
vladon(vladon) used a rpg7_ammo_pack 8-30-2020, 5:07:30 PM
vladon(vladon) used a rpg7_ammo_pack 8-30-2020, 5:07:30 PM
vladon(vladon) used a rpg7_ammo_pack 8-30-2020, 5:07:30 PM
vladon(vladon) used a rpg7_ammo_pack 8-30-2020, 5:07:30 PM
vladon(vladon) used a rpg7_ammo_pack 8-30-2020, 5:07:30 PM
vladon(vladon) used a rpg7_ammo_pack 8-30-2020, 5:07:30 PM
vladon(vladon) used a rpg7_ammo_pack 8-30-2020, 5:07:31 PM
vladon(vladon) used a rpg7_ammo_pack 8-30-2020, 5:07:31 PM
vladon(vladon) used a rpg7_ammo_pack 8-30-2020, 5:07:31 PM
vladon(vladon) used a rpg7_ammo_pack 8-30-2020, 5:07:31 PM
vladon(vladon) used a rpg7_ammo_pack 8-30-2020, 5:07:31 PM
vladon(vladon) used a rpg7_ammo_pack 8-30-2020, 5:07:32 PM
vladon(vladon) used a rpg7_ammo_pack 8-30-2020, 5:07:32 PM
vladon(vladon) used a rpg7_ammo_pack 8-30-2020, 5:07:32 PM
vladon(vladon) used a rpg7_ammo_pack 8-30-2020, 5:07:32 PM
vladon(vladon) used a rpg7_ammo_pack 8-30-2020, 5:07:32 PM
vladon(vladon) used a rpg7_ammo_pack 8-30-2020, 5:07:32 PM
vladon(vladon) used a rpg7_ammo_pack 8-30-2020, 5:07:33 PM
vladon(vladon) used a rpg7_ammo_pack 8-30-2020, 5:07:33 PM
vladon(vladon) used a rpg7_ammo_pack 8-30-2020, 5:07:33 PM
vladon(vladon) used a rpg7_ammo_pack 8-30-2020, 5:07:33 PM
vladon(vladon) used a rpg7_ammo_pack 8-30-2020, 5:07:33 PM
vladon(vladon) used a rpg7_ammo_pack 8-30-2020, 5:07:34 PM
vladon(vladon) used a rpg7_ammo_pack 8-30-2020, 5:07:34 PM
vladon(vladon) used a rpg7_ammo_pack 8-30-2020, 5:07:34 PM
vladon(vladon) used a rpg7_ammo_pack 8-30-2020, 5:07:34 PM
vladon(vladon) used a rpg7_ammo_pack 8-30-2020, 5:07:34 PM
vladon(vladon) used a rpg7_ammo_pack 8-30-2020, 5:07:34 PM
vladon(vladon) used a rpg7_ammo_pack 8-30-2020, 5:07:35 PM
vladon(vladon) used a rpg7_ammo_pack 8-30-2020, 5:07:35 PM
vladon(vladon) used a rpg7_ammo_pack 8-30-2020, 5:07:35 PM
vladon(vladon) used a rpg7_ammo_pack 8-30-2020, 5:07:35 PM
vladon(vladon) used a rpg7_ammo_pack 8-30-2020, 5:07:35 PM
vladon(vladon) used a rpg7_ammo_pack 8-30-2020, 5:07:36 PM
vladon(vladon) used a rpg7_ammo_pack 8-30-2020, 5:07:36 PM
vladon(vladon) used a rpg7_ammo_pack 8-30-2020, 5:07:36 PM
vladon(vladon) used a rpg7_ammo_pack 8-30-2020, 5:07:41 PM
vladon(vladon) used a rpg7_ammo_pack 8-30-2020, 5:07:41 PM
vladon(vladon) used a rpg7_ammo_pack 8-30-2020, 5:07:42 PM
vladon(vladon) used a rpg7_ammo_pack 8-30-2020, 5:07:42 PM
vladon(vladon) used a rpg7_ammo_pack 8-30-2020, 5:07:42 PM
vladon(vladon) used a rpg7_ammo_pack 8-30-2020, 5:07:42 PM
vladon(vladon) used a rpg7_ammo_pack 8-30-2020, 5:07:42 PM
vladon(vladon) used a rpg7_ammo_pack 8-30-2020, 5:07:42 PM
vladon(vladon) used a rpg7_ammo_pack 8-30-2020, 5:07:43 PM
vladon(vladon) used a rpg7_ammo_pack 8-30-2020, 5:07:43 PM
vladon(vladon) used a rpg7_ammo_pack 8-30-2020, 5:07:43 PM
vladon(vladon) used a rpg7_ammo_pack 8-30-2020, 5:07:43 PM
vladon(vladon) used a rpg7_ammo_pack 8-30-2020, 5:07:45 PM
vladon(vladon) used a rpg7_ammo_pack 8-30-2020, 5:07:45 PM
vladon(vladon) used a rpg7_ammo_pack 8-30-2020, 5:07:45 PM
vladon(vladon) used a rpg7_ammo_pack 8-30-2020, 5:07:46 PM
vladon(vladon) used a rpg7_ammo_pack 8-30-2020, 5:07:46 PM
vladon(vladon) used a rpg7_ammo_pack 8-30-2020, 5:07:46 PM
vladon(vladon) used a rpg7_ammo_pack 8-30-2020, 5:07:46 PM
vladon(vladon) used a rpg7_ammo_pack 8-30-2020, 5:07:46 PM
vladon(vladon) used a rpg7_ammo_pack 8-30-2020, 5:07:46 PM
vladon(vladon) used a rpg7_ammo_pack 8-30-2020, 5:07:47 PM
vladon(vladon) used a rpg7_ammo_pack 8-30-2020, 5:07:47 PM
vladon(vladon) used a rpg7_ammo_pack 8-30-2020, 5:07:47 PM
vladon(vladon) used a rpg7_ammo_pack 8-30-2020, 5:07:47 PM
vladon(vladon) used a rpg7_ammo_pack 8-30-2020, 5:07:47 PM
vladon(vladon) used a rpg7_ammo_pack 8-30-2020, 5:07:47 PM
vladon(vladon) used a rpg7_ammo_pack 8-30-2020, 5:07:47 PM
vladon(vladon) used a rpg7_ammo_pack 8-30-2020, 5:07:47 PM
vladon(vladon) used a rpg7_ammo_pack 8-30-2020, 5:07:47 PM
vladon(vladon) used a rpg7_ammo_pack 8-30-2020, 5:07:48 PM
vladon(vladon) used a rpg7_ammo_pack 8-30-2020, 5:07:48 PM
vladon(vladon) used a rpg7_ammo_pack 8-30-2020, 5:07:48 PM
vladon(vladon) used a rpg7_ammo_pack 8-30-2020, 5:07:48 PM
vladon(vladon) used a rpg7_ammo_pack 8-30-2020, 5:07:48 PM
vladon(vladon) used a rpg7_ammo_pack 8-30-2020, 5:07:48 PM
vladon(vladon) used a rpg7_ammo_pack 8-30-2020, 5:07:48 PM
vladon(vladon) used a rpg7_ammo_pack 8-30-2020, 5:07:48 PM
vladon(vladon) used a rpg7_ammo_pack 8-30-2020, 5:07:48 PM
vladon(vladon) used a rpg7_ammo_pack 8-30-2020, 5:07:49 PM
vladon(vladon) used a rpg7_ammo_pack 8-30-2020, 5:07:49 PM
vladon(vladon) used a rpg7_ammo_pack 8-30-2020, 5:07:49 PM
vladon(vladon) used a rpg7_ammo_pack 8-30-2020, 5:07:49 PM
vladon(vladon) used a rpg7_ammo_pack 8-30-2020, 5:07:49 PM
vladon(vladon) used a rpg7_ammo_pack 8-30-2020, 5:07:49 PM
vladon(vladon) used a rpg7_ammo_pack 8-30-2020, 5:07:49 PM
vladon(vladon) used a rpg7_ammo_pack 8-30-2020, 5:07:49 PM
vladon(vladon) used a rpg7_ammo_pack 8-30-2020, 5:07:50 PM
vladon(vladon) used a rpg7_ammo_pack 8-30-2020, 5:07:50 PM
vladon(vladon) used a rpg7_ammo_pack 8-30-2020, 5:07:50 PM
vladon(vladon) used a rpg7_ammo_pack 8-30-2020, 5:07:50 PM
vladon(vladon) used a rpg7_ammo_pack 8-30-2020, 5:07:50 PM
vladon(vladon) used a rpg7_ammo_pack 8-30-2020, 5:07:50 PM
vladon(vladon) used a rpg7_ammo_pack 8-30-2020, 5:07:50 PM
vladon(vladon) used a rpg7_ammo_pack 8-30-2020, 5:07:50 PM
vladon(vladon) used a rpg7_ammo_pack 8-30-2020, 5:07:50 PM
vladon(vladon) used a rpg7_ammo_pack 8-30-2020, 5:07:50 PM
vladon(vladon) used a rpg7_ammo_pack 8-30-2020, 5:07:51 PM
vladon(vladon) used a rpg7_ammo_pack 8-30-2020, 5:07:51 PM
vladon(vladon) used a rpg7_ammo_pack 8-30-2020, 5:07:51 PM
vladon(vladon) used a rpg7_ammo_pack 8-30-2020, 5:07:51 PM
vladon(vladon) used a rpg7_ammo_pack 8-30-2020, 5:07:51 PM
vladon(vladon) used a rpg7_ammo_pack 8-30-2020, 5:07:51 PM
vladon(vladon) used a rpg7_ammo_pack 8-30-2020, 5:07:51 PM
vladon(vladon) used a rpg7_ammo_pack 8-30-2020, 5:07:51 PM
vladon(vladon) used a rpg7_ammo_pack 8-30-2020, 5:07:51 PM
vladon(vladon) used a rpg7_ammo_pack 8-30-2020, 5:07:51 PM
vladon(vladon) used a rpg7_ammo_pack 8-30-2020, 5:07:51 PM
vladon(vladon) used a rpg7_ammo_pack 8-30-2020, 5:07:52 PM
vladon(vladon) used a rpg7_ammo_pack 8-30-2020, 5:07:52 PM
vladon(vladon) used a rpg7_ammo_pack 8-30-2020, 5:07:52 PM
vladon(vladon) used a rpg7_ammo_pack 8-30-2020, 5:07:52 PM
vladon(vladon) used a rpg7_ammo_pack 8-30-2020, 5:07:52 PM
vladon(vladon) used a rpg7_ammo_pack 8-30-2020, 5:07:52 PM
vladon(vladon) used a rpg7_ammo_pack 8-30-2020, 5:07:52 PM
vladon(vladon) used a rpg7_ammo_pack 8-30-2020, 5:07:52 PM
vladon(vladon) used a rpg7_ammo_pack 8-30-2020, 5:07:52 PM
vladon(vladon) used a rpg7_ammo_pack 8-30-2020, 5:07:52 PM
vladon(vladon) used a rpg7_ammo_pack 8-30-2020, 5:07:52 PM
vladon(vladon) used a rpg7_ammo_pack 8-30-2020, 5:07:53 PM
vladon(vladon) used a rpg7_ammo_pack 8-30-2020, 5:07:53 PM
vladon(vladon) used a rpg7_ammo_pack 8-30-2020, 5:07:53 PM
vladon(vladon) used a rpg7_ammo_pack 8-30-2020, 5:07:53 PM
vladon(vladon) used a rpg7_ammo_pack 8-30-2020, 5:07:53 PM
vladon(vladon) used a rpg7_ammo_pack 8-30-2020, 5:07:53 PM
vladon(vladon) used a rpg7_ammo_pack 8-30-2020, 5:08:01 PM
vladon(vladon) used a rpg7_ammo_pack 8-30-2020, 5:08:01 PM
vladon(vladon) used a rpg7_ammo_pack 8-30-2020, 5:08:02 PM
vladon(vladon) used a rpg7_ammo_pack 8-30-2020, 5:08:02 PM
vladon(vladon) used a rpg7_ammo_pack 8-30-2020, 5:08:02 PM
vladon(vladon) used a rpg7_ammo_pack 8-30-2020, 5:08:02 PM
vladon(vladon) used a rpg7_ammo_pack 8-30-2020, 5:08:02 PM
vladon(vladon) used a rpg7_ammo_pack 8-30-2020, 5:08:02 PM
vladon(vladon) used a rpg7_ammo_pack 8-30-2020, 5:08:03 PM
vladon(vladon) used a rpg7_ammo_pack 8-30-2020, 5:08:03 PM
vladon(vladon) used a rpg7_ammo_pack 8-30-2020, 5:08:03 PM
vladon(vladon) used a rpg7_ammo_pack 8-30-2020, 5:08:03 PM
vladon(vladon) used a rpg7_ammo_pack 8-30-2020, 5:08:03 PM
vladon(vladon) used a rpg7_ammo_pack 8-30-2020, 5:08:03 PM
vladon(vladon) used a rpg7_ammo_pack 8-30-2020, 5:08:03 PM
vladon(vladon) used a rpg7_ammo_pack 8-30-2020, 5:08:03 PM
vladon(vladon) used a rpg7_ammo_pack 8-30-2020, 5:08:03 PM
vladon(vladon) used a rpg7_ammo_pack 8-30-2020, 5:08:04 PM
vladon(vladon) used a rpg7_ammo_pack 8-30-2020, 5:08:04 PM
vladon(vladon) used a rpg7_ammo_pack 8-30-2020, 5:08:04 PM
vladon(vladon) used a rpg7_ammo_pack 8-30-2020, 5:08:04 PM
vladon(vladon) used a rpg7_ammo_pack 8-30-2020, 5:08:04 PM
vladon(vladon) used a rpg7_ammo_pack 8-30-2020, 5:08:04 PM
vladon(vladon) used a rpg7_ammo_pack 8-30-2020, 5:08:04 PM
vladon(vladon) used a rpg7_ammo_pack 8-30-2020, 5:08:04 PM
vladon(vladon) used a rpg7_ammo_pack 8-30-2020, 5:08:04 PM
vladon(vladon) used a rpg7_ammo_pack 8-30-2020, 5:08:04 PM
vladon(vladon) used a rpg7_ammo_pack 8-30-2020, 5:08:05 PM
vladon(vladon) used a rpg7_ammo_pack 8-30-2020, 5:08:05 PM
vladon(vladon) used a rpg7_ammo_pack 8-30-2020, 5:08:05 PM
vladon(vladon) used a rpg7_ammo_pack 8-30-2020, 5:08:05 PM
vladon(vladon) used a rpg7_ammo_pack 8-30-2020, 5:08:05 PM
vladon(vladon) used a rpg7_ammo_pack 8-30-2020, 5:08:05 PM
vladon(vladon) used a rpg7_ammo_pack 8-30-2020, 5:08:05 PM
vladon(vladon) used a rpg7_ammo_pack 8-30-2020, 5:08:06 PM
vladon(vladon) used a rpg7_ammo_pack 8-30-2020, 5:08:06 PM
vladon(vladon) used a rpg7_ammo_pack 8-30-2020, 5:08:06 PM
vladon(vladon) used a rpg7_ammo_pack 8-30-2020, 5:08:06 PM
vladon(vladon) used a rpg7_ammo_pack 8-30-2020, 5:08:06 PM
vladon(vladon) used a rpg7_ammo_pack 8-30-2020, 5:08:06 PM
vladon(vladon) used a rpg7_ammo_pack 8-30-2020, 5:08:06 PM
vladon(vladon) used a rpg7_ammo_pack 8-30-2020, 5:08:06 PM
vladon(vladon) used a rpg7_ammo_pack 8-30-2020, 5:08:06 PM
vladon(vladon) used a rpg7_ammo_pack 8-30-2020, 5:08:07 PM
vladon(vladon) used a rpg7_ammo_pack 8-30-2020, 5:08:07 PM
vladon(vladon) used a rpg7_ammo_pack 8-30-2020, 5:08:07 PM
vladon(vladon) used a rpg7_ammo_pack 8-30-2020, 5:08:07 PM
vladon(vladon) used a rpg7_ammo_pack 8-30-2020, 5:08:18 PM
vladon(vladon) used a rpg7_ammo_pack 8-30-2020, 5:08:18 PM
vladon(vladon) used a rpg7_ammo_pack 8-30-2020, 5:08:18 PM
vladon(vladon) used a rpg7_ammo_pack 8-30-2020, 5:08:18 PM
vladon(vladon) used a rpg7_ammo_pack 8-30-2020, 5:08:19 PM
vladon(vladon) used a rpg7_ammo_pack 8-30-2020, 5:08:19 PM
vladon(vladon) used a rpg7_ammo_pack 8-30-2020, 5:08:20 PM
vladon(vladon) used a rpg7_ammo_pack 8-30-2020, 5:08:20 PM
vladon(vladon) used a pack_of_20_ammo_m79_grenade_launcher 8-30-2020, 5:08:31 PM
vladon(vladon) used a pack_of_20_ammo_m79_grenade_launcher 8-30-2020, 5:08:32 PM
vladon(vladon) used a pack_of_20_ammo_m79_grenade_launcher 8-30-2020, 5:08:32 PM
vladon(vladon) used a pack_of_20_ammo_m79_grenade_launcher 8-30-2020, 5:08:32 PM
vladon(vladon) used a pack_of_20_ammo_m79_grenade_launcher 8-30-2020, 5:08:33 PM
vladon(vladon) used a pack_of_20_ammo_m79_grenade_launcher 8-30-2020, 5:08:33 PM
vladon(vladon) used a pack_of_20_ammo_m79_grenade_launcher 8-30-2020, 5:08:33 PM
vladon(vladon) used a pack_of_20_ammo_m79_grenade_launcher 8-30-2020, 5:08:33 PM
vladon(vladon) used a pack_of_20_ammo_m79_grenade_launcher 8-30-2020, 5:08:33 PM
vladon(vladon) used a pack_of_20_ammo_m79_grenade_launcher 8-30-2020, 5:08:34 PM
vladon(vladon) used a pack_of_20_ammo_m79_grenade_launcher 8-30-2020, 5:08:34 PM
vladon(vladon) used a pack_of_20_ammo_m79_grenade_launcher 8-30-2020, 5:08:35 PM
vladon(vladon) used a pack_of_20_ammo_m79_grenade_launcher 8-30-2020, 5:08:35 PM
vladon(vladon) used a pack_of_20_ammo_m79_grenade_launcher 8-30-2020, 5:08:41 PM
vladon(vladon) used a pack_of_20_ammo_m79_grenade_launcher 8-30-2020, 5:08:41 PM
vladon(vladon) used a pack_of_20_ammo_m79_grenade_launcher 8-30-2020, 5:08:41 PM
vladon(vladon) used a pack_of_20_ammo_m79_grenade_launcher 8-30-2020, 5:08:41 PM
vladon(vladon) used a pack_of_20_ammo_m79_grenade_launcher 8-30-2020, 5:08:41 PM
vladon(vladon) used a pack_of_20_ammo_m79_grenade_launcher 8-30-2020, 5:08:42 PM
vladon(vladon) used a pack_of_20_ammo_m79_grenade_launcher 8-30-2020, 5:08:42 PM
vladon(vladon) used a pack_of_20_ammo_m79_grenade_launcher 8-30-2020, 5:08:42 PM
vladon(vladon) used a pack_of_20_ammo_m79_grenade_launcher 8-30-2020, 5:08:43 PM
vladon(vladon) used a pack_of_20_ammo_m79_grenade_launcher 8-30-2020, 5:08:43 PM
vladon(vladon) used a pack_of_20_ammo_m79_grenade_launcher 8-30-2020, 5:08:43 PM
vladon(vladon) used a pack_of_20_ammo_m79_grenade_launcher 8-30-2020, 5:08:44 PM
vladon(vladon) used a pack_of_20_ammo_m79_grenade_launcher 8-30-2020, 5:08:44 PM
vladon(vladon) used a pack_of_20_ammo_m79_grenade_launcher 8-30-2020, 5:08:45 PM
vladon(vladon) used a pack_of_20_ammo_m79_grenade_launcher 8-30-2020, 5:08:45 PM
vladon(vladon) used a pack_of_20_ammo_m79_grenade_launcher 8-30-2020, 5:08:45 PM
vladon(vladon) used a pack_of_20_ammo_m79_grenade_launcher 8-30-2020, 5:08:58 PM
vladon(vladon) used a pack_of_20_ammo_m79_grenade_launcher 8-30-2020, 5:08:58 PM
vladon(vladon) used a pack_of_20_ammo_m79_grenade_launcher 8-30-2020, 5:08:58 PM
vladon(vladon) used a pack_of_20_ammo_m79_grenade_launcher 8-30-2020, 5:08:59 PM
vladon(vladon) used a pack_of_20_ammo_m79_grenade_launcher 8-30-2020, 5:08:59 PM
vladon(vladon) used a pack_of_20_ammo_m79_grenade_launcher 8-30-2020, 5:08:59 PM
vladon(vladon) used a pack_of_20_ammo_m79_grenade_launcher 8-30-2020, 5:08:59 PM
vladon(vladon) used a pack_of_20_ammo_m79_grenade_launcher 8-30-2020, 5:09:00 PM
vladon(vladon) used a pack_of_20_ammo_m79_grenade_launcher 8-30-2020, 5:09:00 PM
vladon(vladon) used a pack_of_20_ammo_m79_grenade_launcher 8-30-2020, 5:09:00 PM
vladon(vladon) used a pack_of_20_ammo_m79_grenade_launcher 8-30-2020, 5:09:00 PM
vladon(vladon) used a pack_of_20_ammo_m79_grenade_launcher 8-30-2020, 5:09:01 PM
vladon(vladon) used a pack_of_20_ammo_m79_grenade_launcher 8-30-2020, 5:09:01 PM
vladon(vladon) used a pack_of_20_ammo_m79_grenade_launcher 8-30-2020, 5:09:01 PM
vladon(vladon) used a pack_of_20_ammo_m79_grenade_launcher 8-30-2020, 5:09:01 PM
vladon(vladon) used a pack_of_20_ammo_m79_grenade_launcher 8-30-2020, 5:09:01 PM
vladon(vladon) used a pack_of_20_ammo_m79_grenade_launcher 8-30-2020, 5:09:01 PM
vladon(vladon) used a pack_of_20_ammo_m79_grenade_launcher 8-30-2020, 5:09:02 PM
vladon(vladon) used a pack_of_20_ammo_m79_grenade_launcher 8-30-2020, 5:09:02 PM
vladon(vladon) used a pack_of_20_ammo_m79_grenade_launcher 8-30-2020, 5:09:02 PM
vladon(vladon) used a pack_of_20_ammo_m79_grenade_launcher 8-30-2020, 5:09:02 PM
vladon(vladon) used a pack_of_20_ammo_m79_grenade_launcher 8-30-2020, 5:09:02 PM
vladon(vladon) used a pack_of_20_ammo_m79_grenade_launcher 8-30-2020, 5:09:03 PM
vladon(vladon) used a pack_of_20_ammo_m79_grenade_launcher 8-30-2020, 5:09:03 PM
vladon(vladon) used a pack_of_20_ammo_m79_grenade_launcher 8-30-2020, 5:09:03 PM
vladon(vladon) used a pack_of_20_ammo_m79_grenade_launcher 8-30-2020, 5:09:03 PM
vladon(vladon) used a pack_of_20_ammo_m79_grenade_launcher 8-30-2020, 5:09:03 PM
vladon(vladon) used a pack_of_20_ammo_m79_grenade_launcher 8-30-2020, 5:09:04 PM
vladon(vladon) used a pack_of_20_ammo_m79_grenade_launcher 8-30-2020, 5:09:04 PM
vladon(vladon) used a pack_of_20_ammo_m79_grenade_launcher 8-30-2020, 5:09:04 PM
vladon(vladon) used a pack_of_20_ammo_m79_grenade_launcher 8-30-2020, 5:09:05 PM
vladon(vladon) used a pack_of_20_ammo_m79_grenade_launcher 8-30-2020, 5:09:05 PM
vladon(vladon) used a pack_of_20_ammo_m79_grenade_launcher 8-30-2020, 5:09:05 PM
vladon(vladon) used a pack_of_20_ammo_m79_grenade_launcher 8-30-2020, 5:09:05 PM
vladon(vladon) used a pack_of_20_ammo_m79_grenade_launcher 8-30-2020, 5:09:06 PM
vladon(vladon) used a pack_of_20_ammo_m79_grenade_launcher 8-30-2020, 5:09:06 PM
vladon(vladon) used a pack_of_20_ammo_m79_grenade_launcher 8-30-2020, 5:09:06 PM
vladon(vladon) used a pack_of_20_ammo_m79_grenade_launcher 8-30-2020, 5:09:07 PM
vladon(vladon) used a pack_of_20_ammo_m79_grenade_launcher 8-30-2020, 5:09:07 PM
vladon(vladon) used a pack_of_20_ammo_m79_grenade_launcher 8-30-2020, 5:09:07 PM
vladon(vladon) used a pack_of_20_ammo_m79_grenade_launcher 8-30-2020, 5:09:08 PM
vladon(vladon) used a pack_of_20_ammo_m79_grenade_launcher 8-30-2020, 5:09:08 PM
vladon(vladon) used a pack_of_20_ammo_m79_grenade_launcher 8-30-2020, 5:09:08 PM
vladon(vladon) used a pack_of_20_ammo_m79_grenade_launcher 8-30-2020, 5:09:08 PM
vladon(vladon) used a pack_of_20_ammo_m79_grenade_launcher 8-30-2020, 5:09:08 PM
vladon(vladon) used a pack_of_20_ammo_m79_grenade_launcher 8-30-2020, 5:09:09 PM
vladon(vladon) used a pack_of_20_ammo_m79_grenade_launcher 8-30-2020, 5:09:09 PM
vladon(vladon) used a pack_of_20_ammo_m79_grenade_launcher 8-30-2020, 5:09:09 PM
vladon(vladon) used a pack_of_20_ammo_m79_grenade_launcher 8-30-2020, 5:09:10 PM
vladon(vladon) used a pack_of_20_ammo_m79_grenade_launcher 8-30-2020, 5:09:10 PM
vladon(vladon) used a pack_of_20_ammo_m79_grenade_launcher 8-30-2020, 5:09:10 PM
vladon(vladon) used a pack_of_20_ammo_m79_grenade_launcher 8-30-2020, 5:09:17 PM
vladon(vladon) used a pack_of_20_ammo_m79_grenade_launcher 8-30-2020, 5:09:17 PM
vladon(vladon) used a pack_of_20_ammo_m79_grenade_launcher 8-30-2020, 5:09:18 PM
vladon(vladon) used a pack_of_20_ammo_m79_grenade_launcher 8-30-2020, 5:09:18 PM
vladon(vladon) used a pack_of_20_ammo_m79_grenade_launcher 8-30-2020, 5:09:18 PM
vladon(vladon) used a pack_of_20_ammo_m79_grenade_launcher 8-30-2020, 5:09:18 PM
vladon(vladon) used a pack_of_20_ammo_m79_grenade_launcher 8-30-2020, 5:09:19 PM
vladon(vladon) used a pack_of_20_ammo_m79_grenade_launcher 8-30-2020, 5:09:19 PM
vladon(vladon) used a pack_of_20_ammo_m79_grenade_launcher 8-30-2020, 5:09:19 PM
vladon(vladon) used a pack_of_20_ammo_m79_grenade_launcher 8-30-2020, 5:09:19 PM
vladon(vladon) used a pack_of_20_ammo_m79_grenade_launcher 8-30-2020, 5:09:19 PM
vladon(vladon) used a pack_of_20_ammo_m79_grenade_launcher 8-30-2020, 5:09:20 PM
vladon(vladon) used a pack_of_20_ammo_m79_grenade_launcher 8-30-2020, 5:09:20 PM
vladon(vladon) used a pack_of_20_ammo_m79_grenade_launcher 8-30-2020, 5:09:20 PM
vladon(vladon) used a pack_of_20_ammo_m79_grenade_launcher 8-30-2020, 5:09:20 PM
vladon(vladon) used a pack_of_20_ammo_m79_grenade_launcher 8-30-2020, 5:09:20 PM
vladon(vladon) used a pack_of_20_ammo_m79_grenade_launcher 8-30-2020, 5:09:21 PM
vladon(vladon) used a pack_of_20_ammo_m79_grenade_launcher 8-30-2020, 5:09:21 PM
vladon(vladon) used a pack_of_20_ammo_m79_grenade_launcher 8-30-2020, 5:09:21 PM
vladon(vladon) used a pack_of_20_ammo_m79_grenade_launcher 8-30-2020, 5:09:21 PM
vladon(vladon) used a pack_of_20_ammo_m79_grenade_launcher 8-30-2020, 5:09:21 PM
vladon(vladon) used a pack_of_20_ammo_m79_grenade_launcher 8-30-2020, 5:09:22 PM
vladon(vladon) used a pack_of_20_ammo_m79_grenade_launcher 8-30-2020, 5:09:22 PM
vladon(vladon) used a pack_of_20_ammo_m79_grenade_launcher 8-30-2020, 5:09:22 PM
vladon(vladon) used a pack_of_20_ammo_m79_grenade_launcher 8-30-2020, 5:09:22 PM
vladon(vladon) used a pack_of_6_ammo_gp30 8-30-2020, 5:09:37 PM
vladon(vladon) used a pack_of_6_ammo_gp30 8-30-2020, 5:09:37 PM
vladon(vladon) used a pack_of_6_ammo_gp30 8-30-2020, 5:09:38 PM
vladon(vladon) used a pack_of_6_ammo_gp30 8-30-2020, 5:09:38 PM
vladon(vladon) used a pack_of_6_ammo_gp30 8-30-2020, 5:09:45 PM
vladon(vladon) used a pack_of_6_ammo_gp30 8-30-2020, 5:09:46 PM
vladon(vladon) used a pack_of_6_ammo_gp30 8-30-2020, 5:09:46 PM
vladon(vladon) used a pack_of_6_ammo_gp30 8-30-2020, 5:09:46 PM
vladon(vladon) used a pack_of_6_ammo_gp30 8-30-2020, 5:09:47 PM
vladon(vladon) used a pack_of_6_ammo_gp30 8-30-2020, 5:09:47 PM
vladon(vladon) used a pack_of_6_ammo_gp30 8-30-2020, 5:09:47 PM
vladon(vladon) used a pack_of_6_ammo_gp30 8-30-2020, 5:09:47 PM
vladon(vladon) used a pack_of_6_ammo_gp30 8-30-2020, 5:09:47 PM
vladon(vladon) used a pack_of_6_ammo_gp30 8-30-2020, 5:09:48 PM
vladon(vladon) used a pack_of_6_ammo_gp30 8-30-2020, 5:09:48 PM
vladon(vladon) used a pack_of_6_ammo_gp30 8-30-2020, 5:09:48 PM
vladon(vladon) used a pack_of_6_ammo_gp30 8-30-2020, 5:09:48 PM
vladon(vladon) used a pack_of_6_ammo_gp30 8-30-2020, 5:09:48 PM
vladon(vladon) used a pack_of_6_ammo_gp30 8-30-2020, 5:09:48 PM
vladon(vladon) used a pack_of_6_ammo_gp30 8-30-2020, 5:09:49 PM
vladon(vladon) used a pack_of_6_ammo_gp30 8-30-2020, 5:09:49 PM
vladon(vladon) used a pack_of_6_ammo_gp30 8-30-2020, 5:09:49 PM
vladon(vladon) used a pack_of_6_ammo_gp30 8-30-2020, 5:09:49 PM
vladon(vladon) used a pack_of_6_ammo_gp30 8-30-2020, 5:09:50 PM
vladon(vladon) used a pack_of_6_ammo_gp30 8-30-2020, 5:09:50 PM
vladon(vladon) used a pack_of_6_ammo_gp30 8-30-2020, 5:09:51 PM
vladon(vladon) used a pack_of_6_ammo_gp30 8-30-2020, 5:09:51 PM
vladon(vladon) used a pack_of_6_ammo_gp30 8-30-2020, 5:10:18 PM
vladon(vladon) used a pack_of_6_ammo_gp30 8-30-2020, 5:10:19 PM
vladon(vladon) used a pack_of_6_ammo_gp30 8-30-2020, 5:10:19 PM
vladon(vladon) used a pack_of_6_ammo_gp30 8-30-2020, 5:10:19 PM
vladon(vladon) used a pack_of_6_ammo_gp30 8-30-2020, 5:10:20 PM
vladon(vladon) used a pack_of_6_ammo_gp30 8-30-2020, 5:10:20 PM
vladon(vladon) used a pack_of_6_ammo_gp30 8-30-2020, 5:10:20 PM
vladon(vladon) used a pack_of_6_ammo_gp30 8-30-2020, 5:10:21 PM
vladon(vladon) used a pack_of_6_ammo_gp30 8-30-2020, 5:10:21 PM
vladon(vladon) used a pack_of_6_ammo_gp30 8-30-2020, 5:10:21 PM
vladon(vladon) used a pack_of_6_ammo_gp30 8-30-2020, 5:10:21 PM
vladon(vladon) used a pack_of_6_ammo_gp30 8-30-2020, 5:10:22 PM
vladon(vladon) used a pack_of_6_ammo_gp30 8-30-2020, 5:10:22 PM
vladon(vladon) used a pack_of_6_ammo_gp30 8-30-2020, 5:10:22 PM
vladon(vladon) used a pack_of_6_ammo_gp30 8-30-2020, 5:10:22 PM
vladon(vladon) used a pack_of_6_ammo_gp30 8-30-2020, 5:10:23 PM
vladon(vladon) used a pack_of_6_ammo_gp30 8-30-2020, 5:10:23 PM
vladon(vladon) used a pack_of_6_ammo_gp30 8-30-2020, 5:10:23 PM
vladon(vladon) used a pack_of_6_ammo_gp30 8-30-2020, 5:10:23 PM
vladon(vladon) used a pack_of_6_ammo_gp30 8-30-2020, 5:10:23 PM
vladon(vladon) used a pack_of_6_ammo_gp30 8-30-2020, 5:10:24 PM
vladon(vladon) used a pack_of_6_ammo_gp30 8-30-2020, 5:10:24 PM
vladon(vladon) used a pack_of_6_ammo_gp30 8-30-2020, 5:10:24 PM
vladon(vladon) used a pack_of_6_ammo_gp30 8-30-2020, 5:10:24 PM
vladon(vladon) used a pack_of_6_ammo_gp30 8-30-2020, 5:10:24 PM
vladon(vladon) used a pack_of_6_ammo_gp30 8-30-2020, 5:10:25 PM
vladon(vladon) used a pack_of_6_ammo_gp30 8-30-2020, 5:10:25 PM
vladon(vladon) used a pack_of_6_ammo_gp30 8-30-2020, 5:10:25 PM
vladon(vladon) used a pack_of_6_ammo_gp30 8-30-2020, 5:10:25 PM
vladon(vladon) used a pack_of_6_ammo_gp30 8-30-2020, 5:10:26 PM
vladon(vladon) used a pack_of_6_ammo_gp30 8-30-2020, 5:10:26 PM
vladon(vladon) used a pack_of_6_ammo_gp30 8-30-2020, 5:10:26 PM
vladon(vladon) used a pack_of_6_ammo_gp30 8-30-2020, 5:10:26 PM
vladon(vladon) used a pack_of_6_ammo_gp30 8-30-2020, 5:10:26 PM
vladon(vladon) used a pack_of_6_ammo_gp30 8-30-2020, 5:10:30 PM
vladon(vladon) used a pack_of_6_ammo_gp30 8-30-2020, 5:10:30 PM
vladon(vladon) used a pack_of_6_ammo_gp30 8-30-2020, 5:10:30 PM
vladon(vladon) used a pack_of_6_ammo_gp30 8-30-2020, 5:10:31 PM
vladon(vladon) used a pack_of_6_ammo_gp30 8-30-2020, 5:10:31 PM
vladon(vladon) used a pack_of_6_ammo_gp30 8-30-2020, 5:10:31 PM
vladon(vladon) used a pack_of_6_ammo_gp30 8-30-2020, 5:10:31 PM
vladon(vladon) used a pack_of_6_ammo_gp30 8-30-2020, 5:10:32 PM
vladon(vladon) used a pack_of_6_ammo_gp30 8-30-2020, 5:10:36 PM
vladon(vladon) used a pack_of_6_ammo_gp30 8-30-2020, 5:10:37 PM
vladon(vladon) used a pack_of_6_ammo_gp30 8-30-2020, 5:10:37 PM
vladon(vladon) used a pack_of_6_ammo_gp30 8-30-2020, 5:10:37 PM
vladon(vladon) used a pack_of_6_ammo_gp30 8-30-2020, 5:10:37 PM
vladon(vladon) used a pack_of_6_ammo_gp30 8-30-2020, 5:10:38 PM
vladon(vladon) used a pack_of_6_ammo_gp30 8-30-2020, 5:10:38 PM
vladon(vladon) used a pack_of_6_ammo_gp30 8-30-2020, 5:10:38 PM
vladon(vladon) used a pack_of_6_ammo_gp30 8-30-2020, 5:10:39 PM
vladon(vladon) used a pack_of_6_ammo_gp30 8-30-2020, 5:10:39 PM
vladon(vladon) used a pack_of_6_ammo_gp30 8-30-2020, 5:10:39 PM
vladon(vladon) used a pack_of_6_ammo_gp30 8-30-2020, 5:10:39 PM
vladon(vladon) used a pack_of_6_ammo_gp30 8-30-2020, 5:10:39 PM
vladon(vladon) used a pack_of_6_ammo_gp30 8-30-2020, 5:10:40 PM
vladon(vladon) used a pack_of_6_ammo_gp30 8-30-2020, 5:10:40 PM
vladon(vladon) used a pack_of_6_ammo_gp30 8-30-2020, 5:10:40 PM
vladon(vladon) used a pack_of_6_ammo_gp30 8-30-2020, 5:10:40 PM
vladon(vladon) used a pack_of_6_ammo_gp30 8-30-2020, 5:10:40 PM
vladon(vladon) used a pack_of_6_ammo_gp30 8-30-2020, 5:10:41 PM
vladon(vladon) used a pack_of_6_ammo_gp30 8-30-2020, 5:10:41 PM
vladon(vladon) used a pack_of_6_ammo_gp30 8-30-2020, 5:10:41 PM
vladon(vladon) used a pack_of_6_ammo_gp30 8-30-2020, 5:10:42 PM
vladon(vladon) used a pack_of_6_ammo_gp30 8-30-2020, 5:10:42 PM
vladon(vladon) used a pack_of_6_ammo_gp30 8-30-2020, 5:10:43 PM
vladon(vladon) used a pack_of_6_ammo_gp30 8-30-2020, 5:10:43 PM
vladon(vladon) used a pack_of_6_ammo_gp30 8-30-2020, 5:10:43 PM
vladon(vladon) used a pack_of_6_ammo_gp30 8-30-2020, 5:10:44 PM
vladon(vladon) used a pack_of_6_ammo_gp30 8-30-2020, 5:10:44 PM
vladon(vladon) used a pack_of_6_ammo_gp30 8-30-2020, 5:10:44 PM
vladon(vladon) used a pack_of_6_ammo_gp30 8-30-2020, 5:10:44 PM
vladon(vladon) used a pack_of_6_ammo_gp30 8-30-2020, 5:10:45 PM
vladon(vladon) used a pack_of_6_ammo_gp30 8-30-2020, 5:10:45 PM
vladon(vladon) used a pack_of_6_ammo_gp30 8-30-2020, 5:10:45 PM
vladon(vladon) used a pack_of_6_ammo_gp30 8-30-2020, 5:10:45 PM
vladon(vladon) used a pack_of_6_ammo_gp30 8-30-2020, 5:10:46 PM
vladon(vladon) used a pack_of_6_ammo_gp30 8-30-2020, 5:10:46 PM
vladon(vladon) used a pack_of_6_ammo_gp30 8-30-2020, 5:10:46 PM
vladon(vladon) used a pack_of_6_ammo_gp30 8-30-2020, 5:10:53 PM
vladon(vladon) used a pack_of_6_ammo_gp30 8-30-2020, 5:10:53 PM
vladon(vladon) used a pack_of_6_ammo_gp30 8-30-2020, 5:10:53 PM
vladon(vladon) used a pack_of_6_ammo_gp30 8-30-2020, 5:11:02 PM
vladon(vladon) used a pack_of_6_ammo_gp30 8-30-2020, 5:11:02 PM
vladon(vladon) used a pack_of_6_ammo_gp30 8-30-2020, 5:11:02 PM
vladon(vladon) used a pack_of_6_ammo_gp30 8-30-2020, 5:11:03 PM
vladon(vladon) used a pack_of_20_ammo_ags30 8-30-2020, 5:11:19 PM
vladon(vladon) used a pack_of_20_ammo_ags30 8-30-2020, 5:11:20 PM
vladon(vladon) used a pack_of_20_ammo_ags30 8-30-2020, 5:11:20 PM
vladon(vladon) used a pack_of_20_ammo_ags30 8-30-2020, 5:11:20 PM
vladon(vladon) used a pack_of_20_ammo_ags30 8-30-2020, 5:11:20 PM
vladon(vladon) used a pack_of_20_ammo_ags30 8-30-2020, 5:11:38 PM
vladon(vladon) used a pack_of_20_ammo_ags30 8-30-2020, 5:11:38 PM
vladon(vladon) used a pack_of_20_ammo_ags30 8-30-2020, 5:11:38 PM
vladon(vladon) used a pack_of_20_ammo_ags30 8-30-2020, 5:11:38 PM
vladon(vladon) used a pack_of_20_ammo_ags30 8-30-2020, 5:11:39 PM
vladon(vladon) used a pack_of_20_ammo_ags30 8-30-2020, 5:11:39 PM
vladon(vladon) used a pack_of_20_ammo_ags30 8-30-2020, 5:11:39 PM
vladon(vladon) used a pack_of_20_ammo_ags30 8-30-2020, 5:11:40 PM
vladon(vladon) used a pack_of_20_ammo_ags30 8-30-2020, 5:11:40 PM
vladon(vladon) used a pack_of_20_ammo_ags30 8-30-2020, 5:11:40 PM
vladon(vladon) used a pack_of_20_ammo_ags30 8-30-2020, 5:11:41 PM
vladon(vladon) used a pack_of_20_ammo_ags30 8-30-2020, 5:11:41 PM
vladon(vladon) used a pack_of_20_ammo_ags30 8-30-2020, 5:11:41 PM
vladon(vladon) used a pack_of_20_ammo_ags30 8-30-2020, 5:11:42 PM
vladon(vladon) used a pack_of_20_ammo_ags30 8-30-2020, 5:11:42 PM
vladon(vladon) used a pack_of_20_ammo_ags30 8-30-2020, 5:11:42 PM
vladon(vladon) used a pack_of_20_ammo_ags30 8-30-2020, 5:11:43 PM
vladon(vladon) used a pack_of_20_ammo_ags30 8-30-2020, 5:11:43 PM
vladon(vladon) used a pack_of_20_ammo_ags30 8-30-2020, 5:11:43 PM
vladon(vladon) used a pack_of_20_ammo_ags30 8-30-2020, 5:11:43 PM
vladon(vladon) used a pack_of_20_ammo_ags30 8-30-2020, 5:11:44 PM
vladon(vladon) used a pack_of_20_ammo_ags30 8-30-2020, 5:11:44 PM
vladon(vladon) used a pack_of_20_ammo_ags30 8-30-2020, 5:11:44 PM
vladon(vladon) used a pack_of_20_ammo_ags30 8-30-2020, 5:11:44 PM
vladon(vladon) used a pack_of_20_ammo_ags30 8-30-2020, 5:11:45 PM
vladon(vladon) used a pack_of_20_ammo_ags30 8-30-2020, 5:11:45 PM
vladon(vladon) used a pack_of_20_ammo_ags30 8-30-2020, 5:11:45 PM
vladon(vladon) used a pack_of_20_ammo_ags30 8-30-2020, 5:11:45 PM
vladon(vladon) used a pack_of_20_ammo_ags30 8-30-2020, 5:11:46 PM
vladon(vladon) used a pack_of_20_ammo_ags30 8-30-2020, 5:11:46 PM
vladon(vladon) used a pack_of_20_ammo_ags30 8-30-2020, 5:11:46 PM
vladon(vladon) used a pack_of_20_ammo_ags30 8-30-2020, 5:11:46 PM
vladon(vladon) used a pack_of_20_ammo_ags30 8-30-2020, 5:11:47 PM
vladon(vladon) used a pack_of_20_ammo_ags30 8-30-2020, 5:11:47 PM
vladon(vladon) used a pack_of_20_ammo_ags30 8-30-2020, 5:11:47 PM
vladon(vladon) used a pack_of_20_ammo_ags30 8-30-2020, 5:11:47 PM
vladon(vladon) used a pack_of_20_ammo_ags30 8-30-2020, 5:11:48 PM
vladon(vladon) used a pack_of_20_ammo_ags30 8-30-2020, 5:11:48 PM
vladon(vladon) used a pack_of_20_ammo_ags30 8-30-2020, 5:11:49 PM
vladon(vladon) used a pack_of_20_ammo_ags30 8-30-2020, 5:11:49 PM
vladon(vladon) used a pack_of_20_ammo_ags30 8-30-2020, 5:11:49 PM
vladon(vladon) used a pack_of_20_ammo_ags30 8-30-2020, 5:11:49 PM
vladon(vladon) used a pack_of_20_ammo_ags30 8-30-2020, 5:11:50 PM
vladon(vladon) used a pack_of_20_ammo_ags30 8-30-2020, 5:11:50 PM
vladon(vladon) used a pack_of_20_ammo_ags30 8-30-2020, 5:11:50 PM
vladon(vladon) used a pack_of_20_ammo_ags30 8-30-2020, 5:11:50 PM
vladon(vladon) used a pack_of_20_ammo_ags30 8-30-2020, 5:11:50 PM
vladon(vladon) used a pack_of_20_ammo_ags30 8-30-2020, 5:11:51 PM
vladon(vladon) used a pack_of_20_ammo_ags30 8-30-2020, 5:11:51 PM
vladon(vladon) used a pack_of_20_ammo_ags30 8-30-2020, 5:11:51 PM
vladon(vladon) used a pack_of_20_ammo_ags30 8-30-2020, 5:11:51 PM
vladon(vladon) used a pack_of_20_ammo_ags30 8-30-2020, 5:11:51 PM
vladon(vladon) used a pack_of_20_ammo_ags30 8-30-2020, 5:11:52 PM
vladon(vladon) used a pack_of_20_ammo_ags30 8-30-2020, 5:11:52 PM
vladon(vladon) used a pack_of_20_ammo_ags30 8-30-2020, 5:11:52 PM
vladon(vladon) used a pack_of_20_ammo_ags30 8-30-2020, 5:11:53 PM
vladon(vladon) used a pack_of_20_ammo_ags30 8-30-2020, 5:11:53 PM
vladon(vladon) used a pack_of_20_ammo_ags30 8-30-2020, 5:11:53 PM
vladon(vladon) used a pack_of_20_ammo_ags30 8-30-2020, 5:11:53 PM
vladon(vladon) used a pack_of_20_ammo_ags30 8-30-2020, 5:11:54 PM
vladon(vladon) used a pack_of_20_ammo_ags30 8-30-2020, 5:11:54 PM
vladon(vladon) used a pack_of_20_ammo_ags30 8-30-2020, 5:13:29 PM
vladon(vladon) used a pack_of_20_ammo_ags30 8-30-2020, 5:13:30 PM
vladon(vladon) used a pack_of_20_ammo_ags30 8-30-2020, 5:13:30 PM
vladon(vladon) used a pack_of_20_ammo_ags30 8-30-2020, 5:13:30 PM
vladon(vladon) used a pack_of_20_ammo_ags30 8-30-2020, 5:13:31 PM
vladon(vladon) used a pack_of_20_ammo_ags30 8-30-2020, 5:13:31 PM
vladon(vladon) used a pack_of_20_ammo_ags30 8-30-2020, 5:13:31 PM
vladon(vladon) used a pack_of_20_ammo_ags30 8-30-2020, 5:13:32 PM
vladon(vladon) used a pack_of_20_ammo_ags30 8-30-2020, 5:13:32 PM
vladon(vladon) used a pack_of_20_ammo_ags30 8-30-2020, 5:13:32 PM
vladon(vladon) used a pack_of_20_ammo_ags30 8-30-2020, 5:13:33 PM
vladon(vladon) used a pack_of_20_ammo_ags30 8-30-2020, 5:13:33 PM
vladon(vladon) used a health_drink 8-30-2020, 5:13:40 PM
vladon(vladon) used a health_drink 8-30-2020, 5:13:40 PM
vladon(vladon) used a health_drink 8-30-2020, 5:13:41 PM
vladon(vladon) used a health_drink 8-30-2020, 5:13:42 PM
vladon(vladon) used a health_drink 8-30-2020, 5:13:43 PM
vladon(vladon) used a health_drink 8-30-2020, 5:13:44 PM
vladon(vladon) used a health_drink 8-30-2020, 5:13:44 PM
vladon(vladon) used a health_drink 8-30-2020, 5:13:51 PM
vladon(vladon) used a health_drink 8-30-2020, 5:13:52 PM
vladon(vladon) used a health_drink 8-30-2020, 5:13:52 PM
vladon(vladon) used a health_drink 8-30-2020, 5:13:57 PM
vladon(vladon) used a health_drink 8-30-2020, 5:13:58 PM
vladon(vladon) used a health_drink 8-30-2020, 5:14:03 PM
vladon(vladon) used a health_drink 8-30-2020, 5:14:03 PM
vladon(vladon) used a health_drink 8-30-2020, 5:14:05 PM
vladon(vladon) used a health_drink 8-30-2020, 5:14:10 PM
vladon(vladon) used a health_drink 8-30-2020, 5:14:10 PM
vladon(vladon) used a aircraft 8-30-2020, 5:15:19 PM
vladon(vladon) used a aircraft 8-30-2020, 5:15:19 PM
vladon(vladon) used a aircraft 8-30-2020, 5:15:20 PM
vladon(vladon) used a aircraft 8-30-2020, 5:15:20 PM
vladon(vladon) used a aircraft 8-30-2020, 5:15:21 PM
vladon(vladon) used a aircraft 8-30-2020, 5:15:21 PM
vladon(vladon) used a guided_missile 8-30-2020, 5:20:26 PM
vladon(vladon) used a fuel_tank 8-30-2020, 6:02:57 PM
vladon(vladon) used a fuel_tank 8-30-2020, 6:03:05 PM
vladon(vladon) used a aircraft 8-30-2020, 6:03:06 PM
vladon(vladon) used a stp429_mini_missile 8-30-2020, 6:03:14 PM
vladon(vladon) used a hand_grenade 8-30-2020, 6:04:07 PM
vladon(vladon) used a hand_grenade 8-30-2020, 6:04:07 PM
vladon(vladon) used a hand_grenade 8-30-2020, 6:04:07 PM
vladon(vladon) used a hand_grenade 8-30-2020, 6:04:07 PM
vladon(vladon) used a hand_grenade 8-30-2020, 6:04:08 PM
vladon(vladon) used a hand_grenade 8-30-2020, 6:04:08 PM
vladon(vladon) used a hand_grenade 8-30-2020, 6:04:08 PM
vladon(vladon) used a hand_grenade 8-30-2020, 6:04:09 PM
vladon(vladon) used a hand_grenade 8-30-2020, 6:04:09 PM
vladon(vladon) used a hand_grenade 8-30-2020, 6:04:09 PM
vladon(vladon) used a hand_grenade 8-30-2020, 6:04:10 PM
vladon(vladon) used a hand_grenade 8-30-2020, 6:04:10 PM
vladon(vladon) used a hand_grenade 8-30-2020, 6:04:11 PM
vladon(vladon) used a guided_missile 8-30-2020, 6:06:36 PM
vladon(vladon) used a guided_missile 8-30-2020, 6:07:39 PM
vladon(vladon) used a aircraft 8-30-2020, 6:08:12 PM
vladon(vladon) used a hand_grenade 8-30-2020, 6:09:09 PM
vladon(vladon) used a hand_grenade 8-30-2020, 6:09:09 PM
vladon(vladon) used a stp429_mini_missile 8-30-2020, 6:09:12 PM
vladon(vladon) used a guided_missile 8-30-2020, 6:09:18 PM
vladon(vladon) used a guided_missile 8-30-2020, 6:10:06 PM
vladon(vladon) used a stp429_mini_missile 8-30-2020, 6:10:08 PM
vladon(vladon) used a hand_grenade 8-30-2020, 6:10:12 PM
vladon(vladon) used a hand_grenade 8-30-2020, 6:10:12 PM
vladon(vladon) used a hand_grenade 8-30-2020, 6:10:13 PM
vladon(vladon) used a hand_grenade 8-30-2020, 6:10:13 PM
vladon(vladon) used a hand_grenade 8-30-2020, 6:10:13 PM
vladon(vladon) used a hand_grenade 8-30-2020, 6:10:14 PM
vladon(vladon) used a hand_grenade 8-30-2020, 6:10:14 PM
vladon(vladon) used a hand_grenade 8-30-2020, 6:10:14 PM
vladon(vladon) used a hand_grenade 8-30-2020, 6:10:15 PM
vladon(vladon) used a hand_grenade 8-30-2020, 6:10:15 PM
vladon(vladon) used a hand_grenade 8-30-2020, 6:10:15 PM
vladon(vladon) used a hand_grenade 8-30-2020, 6:10:15 PM
vladon(vladon) used a hand_grenade 8-30-2020, 6:10:15 PM
vladon(vladon) used a hand_grenade 8-30-2020, 6:10:16 PM
vladon(vladon) used a hand_grenade 8-30-2020, 6:10:16 PM
vladon(vladon) used a hand_grenade 8-30-2020, 6:10:17 PM
vladon(vladon) used a hand_grenade 8-30-2020, 6:10:17 PM
vladon(vladon) used a hand_grenade 8-30-2020, 6:10:17 PM
vladon(vladon) used a hand_grenade 8-30-2020, 6:10:18 PM
vladon(vladon) used a hand_grenade 8-30-2020, 6:10:18 PM
vladon(vladon) used a hand_grenade 8-30-2020, 6:10:18 PM
vladon(vladon) used a hand_grenade 8-30-2020, 6:10:18 PM
vladon(vladon) used a hand_grenade 8-30-2020, 6:10:19 PM
vladon(vladon) used a hand_grenade 8-30-2020, 6:10:19 PM
vladon(vladon) used a hand_grenade 8-30-2020, 6:10:19 PM
vladon(vladon) used a hand_grenade 8-30-2020, 6:10:19 PM
vladon(vladon) used a hand_grenade 8-30-2020, 6:10:20 PM
vladon(vladon) used a hand_grenade 8-30-2020, 6:10:21 PM
vladon(vladon) used a hand_grenade 8-30-2020, 6:10:21 PM
vladon(vladon) used a hand_grenade 8-30-2020, 6:10:21 PM
vladon(vladon) used a hand_grenade 8-30-2020, 6:10:22 PM
vladon(vladon) used a hand_grenade 8-30-2020, 6:10:22 PM
vladon(vladon) used a hand_grenade 8-30-2020, 6:10:22 PM
vladon(vladon) used a hand_grenade 8-30-2020, 6:10:23 PM
vladon(vladon) used a shield 8-30-2020, 6:10:46 PM
vladon(vladon) used a shield 8-30-2020, 6:10:47 PM
vladon(vladon) used a shield 8-30-2020, 6:10:56 PM
vladon(vladon) used a shield 8-30-2020, 6:10:57 PM
vladon(vladon) used a shield 8-30-2020, 6:10:57 PM
vladon(vladon) used a shield 8-30-2020, 6:10:57 PM
vladon(vladon) used a shield 8-30-2020, 6:11:00 PM
vladon(vladon) used a shield 8-30-2020, 6:11:01 PM
vladon(vladon) used a shield 8-30-2020, 6:11:01 PM
vladon(vladon) used a shield 8-30-2020, 6:11:02 PM
vladon(vladon) used a shield 8-30-2020, 6:11:02 PM
vladon(vladon) used a shield 8-30-2020, 6:11:02 PM
vladon(vladon) used a shield 8-30-2020, 6:11:06 PM
vladon(vladon) used a shield 8-30-2020, 6:11:06 PM
vladon(vladon) used a shield 8-30-2020, 6:11:07 PM
vladon(vladon) used a shield 8-30-2020, 6:11:07 PM
vladon(vladon) used a shield 8-30-2020, 6:11:08 PM
vladon(vladon) used a shield 8-30-2020, 6:11:08 PM
vladon(vladon) used a shield 8-30-2020, 6:11:09 PM
vladon(vladon) used a shield 8-30-2020, 6:11:09 PM
vladon(vladon) used a shield 8-30-2020, 6:11:09 PM
vladon(vladon) used a shield 8-30-2020, 6:11:10 PM
vladon(vladon) used a shield 8-30-2020, 6:11:10 PM
vladon(vladon) used a shield 8-30-2020, 6:11:11 PM
vladon(vladon) used a tk_ultra_health_potion 8-30-2020, 6:11:14 PM
vladon(vladon) used a nuclear_bomb 8-30-2020, 6:13:01 PM
vladon(vladon) used a stp429_mini_missile 8-30-2020, 6:15:15 PM
vladon(vladon) used a aircraft 8-30-2020, 6:15:39 PM
vladon(vladon) used a aircraft 8-30-2020, 6:15:39 PM
vladon(vladon) used a guided_missile 8-30-2020, 6:16:34 PM
vladon(vladon) used a guided_missile 8-30-2020, 6:17:46 PM
vladon(vladon) used a guided_missile 8-30-2020, 6:17:58 PM
vladon(vladon) used a health_drink 8-30-2020, 6:18:25 PM
vladon(vladon) used a health_drink 8-30-2020, 6:18:25 PM
vladon(vladon) used a health_drink 8-30-2020, 6:18:33 PM
vladon(vladon) used a health_drink 8-30-2020, 6:18:33 PM
vladon(vladon) used a cannon 8-30-2020, 6:18:47 PM
vladon(vladon) used a guided_missile 8-30-2020, 6:19:02 PM
vladon(vladon) used a wood 8-30-2020, 6:19:28 PM
vladon(vladon) used a aircraft 8-30-2020, 6:20:15 PM
vladon(vladon) used a guided_missile 8-30-2020, 6:20:17 PM
vladon(vladon) used a guided_missile 8-30-2020, 6:20:53 PM
vladon(vladon) used a guided_missile 8-30-2020, 6:21:59 PM
vladon(vladon) used a guided_missile 8-30-2020, 6:22:05 PM
vladon(vladon) used a guided_missile 8-30-2020, 6:22:07 PM
vladon(vladon) used a guided_missile 8-30-2020, 6:22:37 PM
vladon(vladon) used a guided_missile 8-30-2020, 6:22:53 PM
vladon(vladon) used a guided_missile 8-30-2020, 6:23:33 PM
vladon(vladon) used a guided_missile 8-30-2020, 6:23:51 PM
vladon(vladon) used a guided_missile 8-30-2020, 6:24:08 PM
vladon(vladon) used a guided_missile 8-30-2020, 6:24:35 PM
vladon(vladon) used a aircraft 8-30-2020, 6:24:39 PM
vladon(vladon) used a fuel_tank 8-30-2020, 6:24:41 PM
vladon(vladon) used a metal 8-30-2020, 6:24:43 PM
vladon(vladon) used a guided_missile 8-30-2020, 6:24:56 PM
vladon(vladon) used a guided_missile 8-30-2020, 6:25:03 PM
vladon(vladon) used a aircraft 8-30-2020, 6:26:08 PM
vladon(vladon) used a guided_missile 8-30-2020, 6:26:23 PM
vladon(vladon) used a guided_missile 8-30-2020, 6:27:09 PM
vladon(vladon) used a aircraft 8-30-2020, 6:27:45 PM
vladon(vladon) used a health_drink 8-30-2020, 6:27:48 PM
vladon(vladon) used a health_drink 8-30-2020, 6:27:48 PM
vladon(vladon) used a health_drink 8-30-2020, 6:27:54 PM
vladon(vladon) used a health_drink 8-30-2020, 6:27:59 PM
vladon(vladon) used a health_drink 8-30-2020, 6:28:05 PM
vladon(vladon) used a health_drink 8-30-2020, 6:28:09 PM
vladon(vladon) used a health_drink 8-30-2020, 6:28:09 PM
vladon(vladon) used a guided_missile 8-30-2020, 6:28:14 PM
vladon(vladon) used a guided_missile 8-30-2020, 6:28:18 PM
vladon(vladon) used a guided_missile 8-30-2020, 6:28:19 PM
vladon(vladon) used a guided_missile 8-30-2020, 6:28:21 PM
vladon(vladon) used a health_drink 8-30-2020, 6:28:25 PM
vladon(vladon) used a health_drink 8-30-2020, 6:28:26 PM
vladon(vladon) used a missile_interceptor 8-30-2020, 6:28:27 PM
vladon(vladon) used a missile_interceptor 8-30-2020, 6:28:27 PM
vladon(vladon) used a health_drink 8-30-2020, 6:28:28 PM
vladon(vladon) used a health_drink 8-30-2020, 6:28:28 PM
vladon(vladon) used a health_drink 8-30-2020, 6:28:29 PM
vladon(vladon) used a guided_missile 8-30-2020, 6:28:33 PM
vladon(vladon) used a health_drink 8-30-2020, 6:28:40 PM
vladon(vladon) used a health_drink 8-30-2020, 6:28:42 PM
vladon(vladon) used a missile_interceptor 8-30-2020, 6:28:45 PM
vladon(vladon) used a missile_interceptor 8-30-2020, 6:28:45 PM
vladon(vladon) used a missile_interceptor 8-30-2020, 6:28:46 PM
vladon(vladon) used a missile_interceptor 8-30-2020, 6:28:47 PM
vladon(vladon) used a missile_interceptor 8-30-2020, 6:28:47 PM
vladon(vladon) used a missile_interceptor 8-30-2020, 6:28:48 PM
vladon(vladon) used a missile_interceptor 8-30-2020, 6:28:49 PM
vladon(vladon) used a missile_interceptor 8-30-2020, 6:28:49 PM
vladon(vladon) used a missile_interceptor 8-30-2020, 6:28:50 PM
vladon(vladon) used a missile_interceptor 8-30-2020, 6:28:51 PM
vladon(vladon) used a missile_interceptor 8-30-2020, 6:28:52 PM
vladon(vladon) used a missile_interceptor 8-30-2020, 6:28:53 PM
vladon(vladon) used a missile_interceptor 8-30-2020, 6:28:54 PM
vladon(vladon) used a missile_interceptor 8-30-2020, 6:28:54 PM
vladon(vladon) used a missile_interceptor 8-30-2020, 6:28:56 PM
vladon(vladon) used a missile_interceptor 8-30-2020, 6:28:57 PM
vladon(vladon) used a missile_interceptor 8-30-2020, 6:28:57 PM
vladon(vladon) used a shield 8-30-2020, 6:28:58 PM
vladon(vladon) used a guided_missile 8-30-2020, 6:29:06 PM
vladon(vladon) used a guided_missile 8-30-2020, 6:29:12 PM
vladon(vladon) used a guided_missile 8-30-2020, 6:29:14 PM
vladon(vladon) used a guided_missile 8-30-2020, 6:29:28 PM
vladon(vladon) used a missile_interceptor 8-30-2020, 6:29:32 PM
vladon(vladon) used a guided_missile 8-30-2020, 6:29:50 PM
vladon(vladon) used a guided_missile 8-30-2020, 6:29:54 PM
vladon(vladon) used a guided_missile 8-30-2020, 6:29:55 PM
vladon(vladon) used a guided_missile 8-30-2020, 6:29:56 PM
vladon(vladon) used a guided_missile 8-30-2020, 6:29:57 PM
vladon(vladon) used a guided_missile 8-30-2020, 6:30:00 PM
vladon(vladon) used a guided_missile 8-30-2020, 6:30:01 PM
vladon(vladon) used a guided_missile 8-30-2020, 6:30:02 PM
vladon(vladon) used a guided_missile 8-30-2020, 6:30:03 PM
vladon(vladon) used a missile_interceptor 8-30-2020, 6:30:14 PM
vladon(vladon) used a missile_interceptor 8-30-2020, 6:30:15 PM
vladon(vladon) used a missile_interceptor 8-30-2020, 6:30:15 PM
vladon(vladon) used a missile_interceptor 8-30-2020, 6:30:17 PM
vladon(vladon) used a guided_missile 8-30-2020, 6:30:27 PM
vladon(vladon) used a guided_missile 8-30-2020, 6:30:36 PM
vladon(vladon) used a missile_interceptor 8-30-2020, 6:30:46 PM
vladon(vladon) used a missile_interceptor 8-30-2020, 6:30:47 PM
vladon(vladon) used a aircraft 8-30-2020, 6:31:21 PM
vladon(vladon) used a aircraft 8-30-2020, 6:31:22 PM
vladon(vladon) used a aircraft 8-30-2020, 6:31:22 PM
vladon(vladon) used a guided_missile 8-30-2020, 6:31:25 PM
vladon(vladon) used a guided_missile 8-30-2020, 6:31:30 PM
vladon(vladon) used a guided_missile 8-30-2020, 6:31:31 PM
vladon(vladon) used a guided_missile 8-30-2020, 6:31:32 PM
vladon(vladon) used a guided_missile 8-30-2020, 6:31:44 PM
vladon(vladon) used a health_drink 8-30-2020, 6:31:58 PM
vladon(vladon) used a health_drink 8-30-2020, 6:31:59 PM
vladon(vladon) used a fuel_tank 8-30-2020, 6:32:03 PM
vladon(vladon) used a hand_grenade 8-30-2020, 6:32:05 PM
vladon(vladon) used a metal 8-30-2020, 6:32:07 PM
vladon(vladon) used a metal 8-30-2020, 6:32:07 PM
vladon(vladon) used a guided_missile 8-30-2020, 6:32:19 PM
vladon(vladon) used a guided_missile 8-30-2020, 6:32:26 PM
vladon(vladon) used a guided_missile 8-30-2020, 6:32:27 PM
vladon(vladon) used a guided_missile 8-30-2020, 6:32:28 PM
vladon(vladon) used a guided_missile 8-30-2020, 6:32:39 PM
vladon(vladon) used a guided_missile 8-30-2020, 6:33:34 PM
vladon(vladon) used a guided_missile 8-30-2020, 6:33:46 PM
vladon(vladon) used a guided_missile 8-30-2020, 6:34:12 PM
vladon(vladon) used a hand_grenade 8-30-2020, 6:34:22 PM
vladon(vladon) used a hand_grenade 8-30-2020, 6:34:22 PM
vladon(vladon) used a hand_grenade 8-30-2020, 6:34:49 PM
vladon(vladon) used a hand_grenade 8-30-2020, 6:34:49 PM
vladon(vladon) used a hand_grenade 8-30-2020, 6:34:50 PM
vladon(vladon) used a guided_missile 8-30-2020, 6:35:05 PM
vladon(vladon) used a guided_missile 8-30-2020, 6:35:54 PM
vladon(vladon) used a guided_missile 8-30-2020, 6:36:01 PM
vladon(vladon) used a guided_missile 8-30-2020, 6:36:12 PM
vladon(vladon) used a missile_interceptor 8-30-2020, 6:36:19 PM
vladon(vladon) used a guided_missile 8-30-2020, 6:36:20 PM
vladon(vladon) used a guided_missile 8-30-2020, 6:36:26 PM
vladon(vladon) used a guided_missile 8-30-2020, 6:36:26 PM
vladon(vladon) used a guided_missile 8-30-2020, 6:36:27 PM
vladon(vladon) used a guided_missile 8-30-2020, 6:36:36 PM
vladon(vladon) used a aircraft 8-30-2020, 6:38:02 PM
vladon(vladon) used a guided_missile 8-30-2020, 6:38:15 PM
vladon(vladon) used a guided_missile 8-30-2020, 6:38:25 PM
vladon(vladon) used a guided_missile 8-30-2020, 6:38:25 PM
vladon(vladon) used a guided_missile 8-30-2020, 6:38:25 PM
vladon(vladon) used a guided_missile 8-30-2020, 6:38:26 PM
vladon(vladon) used a guided_missile 8-30-2020, 6:38:56 PM
vladon(vladon) used a guided_missile 8-30-2020, 6:39:07 PM
vladon(vladon) used a guided_missile 8-30-2020, 6:39:16 PM
vladon(vladon) used a aircraft 8-30-2020, 6:39:40 PM
vladon(vladon) used a aircraft 8-30-2020, 6:39:40 PM
vladon(vladon) used a health_drink 8-30-2020, 6:39:41 PM
vladon(vladon) used a health_drink 8-30-2020, 6:39:42 PM
vladon(vladon) used a health_drink 8-30-2020, 6:39:42 PM
vladon(vladon) used a health_drink 8-30-2020, 6:39:47 PM
vladon(vladon) used a health_drink 8-30-2020, 6:39:47 PM
vladon(vladon) used a health_drink 8-30-2020, 6:39:48 PM
vladon(vladon) used a health_drink 8-30-2020, 6:39:53 PM
vladon(vladon) used a health_drink 8-30-2020, 6:39:54 PM
vladon(vladon) used a health_drink 8-30-2020, 6:39:54 PM
vladon(vladon) used a health_drink 8-30-2020, 6:39:55 PM
vladon(vladon) used a health_drink 8-30-2020, 6:39:56 PM
vladon(vladon) used a guided_missile 8-30-2020, 6:39:57 PM
vladon(vladon) used a missile_interceptor 8-30-2020, 6:40:00 PM
vladon(vladon) used a missile_interceptor 8-30-2020, 6:40:01 PM
vladon(vladon) used a missile_interceptor 8-30-2020, 6:40:01 PM
vladon(vladon) used a armored_tank 8-30-2020, 6:40:10 PM
vladon(vladon) used a armored_tank 8-30-2020, 6:40:10 PM
vladon(vladon) used a armored_tank 8-30-2020, 6:40:11 PM
vladon(vladon) used a armored_tank 8-30-2020, 6:40:12 PM
vladon(vladon) used a armored_tank 8-30-2020, 6:40:14 PM
vladon(vladon) used a armored_tank 8-30-2020, 6:40:16 PM
vladon(vladon) used a guided_missile 8-30-2020, 6:40:43 PM
vladon(vladon) used a guided_missile 8-30-2020, 6:40:48 PM
vladon(vladon) used a guided_missile 8-30-2020, 6:40:49 PM
vladon(vladon) used a guided_missile 8-30-2020, 6:40:50 PM
vladon(vladon) used a aircraft 8-30-2020, 6:47:56 PM
vladon(vladon) used a health_drink 8-30-2020, 6:50:24 PM
vladon(vladon) used a health_drink 8-30-2020, 6:50:24 PM
vladon(vladon) used a health_drink 8-30-2020, 6:50:25 PM
vladon(vladon) used a health_drink 8-30-2020, 6:50:25 PM
vladon(vladon) used a health_drink 8-30-2020, 6:50:26 PM
vladon(vladon) used a missile_interceptor 8-30-2020, 6:50:28 PM
vladon(vladon) used a missile_interceptor 8-30-2020, 6:50:28 PM
vladon(vladon) used a missile_interceptor 8-30-2020, 6:50:28 PM
vladon(vladon) used a missile_interceptor 8-30-2020, 6:50:29 PM
vladon(vladon) used a missile_interceptor 8-30-2020, 6:50:29 PM
vladon(vladon) used a missile_interceptor 8-30-2020, 6:50:30 PM
vladon(vladon) used a missile_interceptor 8-30-2020, 6:50:31 PM
vladon(vladon) used a missile_interceptor 8-30-2020, 6:50:32 PM
vladon(vladon) used a missile_interceptor 8-30-2020, 6:50:32 PM
vladon(vladon) used a health_drink 8-30-2020, 6:50:33 PM
vladon(vladon) used a health_drink 8-30-2020, 6:50:34 PM
vladon(vladon) used a health_drink 8-30-2020, 6:50:38 PM
vladon(vladon) used a health_drink 8-30-2020, 6:50:38 PM
vladon(vladon) used a health_drink 8-30-2020, 6:50:39 PM
vladon(vladon) used a health_drink 8-30-2020, 6:50:39 PM
vladon(vladon) used a health_drink 8-30-2020, 6:50:40 PM
vladon(vladon) used a health_drink 8-30-2020, 6:50:41 PM
vladon(vladon) used a health_drink 8-30-2020, 6:50:50 PM
vladon(vladon) used a health_drink 8-30-2020, 6:50:50 PM
vladon(vladon) used a health_drink 8-30-2020, 6:50:58 PM
vladon(vladon) used a health_drink 8-30-2020, 6:50:58 PM
vladon(vladon) used a hand_grenade 8-30-2020, 6:51:13 PM
vladon(vladon) used a hand_grenade 8-30-2020, 6:51:13 PM
vladon(vladon) used a hand_grenade 8-30-2020, 6:51:13 PM
vladon(vladon) used a hand_grenade 8-30-2020, 6:51:17 PM
vladon(vladon) used a hand_grenade 8-30-2020, 6:51:18 PM
vladon(vladon) used a hand_grenade 8-30-2020, 6:51:18 PM
vladon(vladon) used a hand_grenade 8-30-2020, 6:51:18 PM
vladon(vladon) used a hand_grenade 8-30-2020, 6:51:19 PM
vladon(vladon) used a hand_grenade 8-30-2020, 6:51:19 PM
vladon(vladon) used a hand_grenade 8-30-2020, 6:51:19 PM
vladon(vladon) used a hand_grenade 8-30-2020, 6:51:20 PM
vladon(vladon) used a hand_grenade 8-30-2020, 6:51:20 PM
vladon(vladon) used a hand_grenade 8-30-2020, 6:51:20 PM
vladon(vladon) used a hand_grenade 8-30-2020, 6:51:22 PM
vladon(vladon) used a hand_grenade 8-30-2020, 6:51:22 PM
vladon(vladon) used a hand_grenade 8-30-2020, 6:51:22 PM
vladon(vladon) used a hand_grenade 8-30-2020, 6:51:22 PM
vladon(vladon) used a hand_grenade 8-30-2020, 6:51:23 PM
vladon(vladon) used a hand_grenade 8-30-2020, 6:51:24 PM
vladon(vladon) used a hand_grenade 8-30-2020, 6:51:24 PM
vladon(vladon) used a hand_grenade 8-30-2020, 6:51:24 PM
vladon(vladon) used a hand_grenade 8-30-2020, 6:51:25 PM
vladon(vladon) used a hand_grenade 8-30-2020, 6:51:25 PM
vladon(vladon) used a hand_grenade 8-30-2020, 6:51:25 PM
vladon(vladon) used a hand_grenade 8-30-2020, 6:51:25 PM
vladon(vladon) used a hand_grenade 8-30-2020, 6:51:26 PM
vladon(vladon) used a hand_grenade 8-30-2020, 6:51:26 PM
vladon(vladon) used a health_drink 8-30-2020, 6:51:36 PM
vladon(vladon) used a fuel_tank 8-30-2020, 6:51:39 PM
vladon(vladon) used a fuel_tank 8-30-2020, 6:51:39 PM
vladon(vladon) used a fuel_tank 8-30-2020, 6:51:39 PM
vladon(vladon) used a missile_interceptor 8-30-2020, 6:51:40 PM
vladon(vladon) used a guided_missile 8-30-2020, 6:51:41 PM
vladon(vladon) used a health_drink 8-30-2020, 6:51:43 PM
vladon(vladon) used a health_drink 8-30-2020, 6:51:44 PM
vladon(vladon) used a health_drink 8-30-2020, 6:51:49 PM
vladon(vladon) used a health_drink 8-30-2020, 6:51:57 PM
vladon(vladon) used a missile_interceptor 8-30-2020, 6:52:43 PM
vladon(vladon) used a carrier_missile 8-30-2020, 6:53:36 PM
vladon(vladon) used a carrier_missile 8-30-2020, 6:54:37 PM
vladon(vladon) used a guided_missile 8-30-2020, 7:22:38 PM
vladon(vladon) used a fuel_tank 8-30-2020, 7:22:55 PM
vladon(vladon) used a health_drink 8-30-2020, 7:22:57 PM
vladon(vladon) used a health_drink 8-30-2020, 7:22:58 PM
vladon(vladon) used a aircraft 8-30-2020, 7:23:05 PM
vladon(vladon) used a health_drink 8-30-2020, 7:23:07 PM
vladon(vladon) used a health_drink 8-30-2020, 7:23:07 PM
vladon(vladon) used a guided_missile 8-30-2020, 7:23:13 PM
vladon(vladon) used a missile_interceptor 8-30-2020, 7:23:19 PM
vladon(vladon) used a missile_interceptor 8-30-2020, 7:23:20 PM
vladon(vladon) used a aircraft 8-30-2020, 7:23:31 PM
vladon(vladon) used a health_drink 8-30-2020, 7:23:52 PM
vladon(vladon) used a health_drink 8-30-2020, 7:23:52 PM
vladon(vladon) used a fuel_tank 8-30-2020, 7:24:06 PM
vladon(vladon) used a missile_interceptor 8-30-2020, 7:24:07 PM
vladon(vladon) used a missile_interceptor 8-30-2020, 7:24:08 PM
vladon(vladon) used a missile_interceptor 8-30-2020, 7:24:09 PM
vladon(vladon) used a missile_interceptor 8-30-2020, 7:24:10 PM
vladon(vladon) used a missile_interceptor 8-30-2020, 7:24:11 PM
vladon(vladon) used a missile_interceptor 8-30-2020, 7:24:12 PM
vladon(vladon) used a missile_interceptor 8-30-2020, 7:24:12 PM
vladon(vladon) used a missile_interceptor 8-30-2020, 7:24:14 PM
vladon(vladon) used a health_drink 8-30-2020, 7:24:15 PM
vladon(vladon) used a missile_interceptor 8-30-2020, 7:24:17 PM
vladon(vladon) used a missile_interceptor 8-30-2020, 7:24:17 PM
vladon(vladon) used a missile_interceptor 8-30-2020, 7:24:19 PM
vladon(vladon) used a health_drink 8-30-2020, 7:24:22 PM
vladon(vladon) used a health_drink 8-30-2020, 7:24:38 PM
vladon(vladon) used a health_drink 8-30-2020, 7:24:38 PM
vladon(vladon) used a health_drink 8-30-2020, 7:24:43 PM
vladon(vladon) used a health_drink 8-30-2020, 7:24:44 PM
vladon(vladon) used a guided_missile 8-30-2020, 7:24:48 PM
vladon(vladon) used a aircraft 8-30-2020, 7:24:54 PM
vladon(vladon) used a health_drink 8-30-2020, 7:24:55 PM
vladon(vladon) used a health_drink 8-30-2020, 7:24:55 PM
vladon(vladon) used a health_drink 8-30-2020, 7:24:56 PM
vladon(vladon) used a health_drink 8-30-2020, 7:25:02 PM
vladon(vladon) used a health_drink 8-30-2020, 7:25:12 PM
vladon(vladon) used a health_drink 8-30-2020, 7:25:12 PM
vladon(vladon) used a health_drink 8-30-2020, 7:25:13 PM
vladon(vladon) used a missile_interceptor 8-30-2020, 7:25:20 PM
vladon(vladon) used a missile_interceptor 8-30-2020, 7:25:29 PM
vladon(vladon) used a missile_interceptor 8-30-2020, 7:25:30 PM
vladon(vladon) used a missile_interceptor 8-30-2020, 7:25:31 PM
vladon(vladon) used a missile_interceptor 8-30-2020, 7:25:32 PM
vladon(vladon) used a missile_interceptor 8-30-2020, 7:25:33 PM
vladon(vladon) used a aircraft 8-30-2020, 7:26:20 PM
vladon(vladon) used a guided_missile 8-30-2020, 7:26:38 PM
vladon(vladon) used a aircraft 8-30-2020, 7:27:00 PM
vladon(vladon) used a aircraft 8-30-2020, 7:27:00 PM
vladon(vladon) used a health_drink 8-30-2020, 7:27:11 PM
vladon(vladon) used a health_drink 8-30-2020, 7:27:11 PM
vladon(vladon) used a health_drink 8-30-2020, 7:27:27 PM
vladon(vladon) used a health_drink 8-30-2020, 7:27:28 PM
vladon(vladon) used a guided_missile 8-30-2020, 7:27:35 PM
vladon(vladon) used a guided_missile 8-30-2020, 7:28:18 PM
vladon(vladon) used a guided_missile 8-30-2020, 7:28:22 PM
vladon(vladon) used a guided_missile 8-30-2020, 7:28:23 PM
vladon(vladon) used a guided_missile 8-30-2020, 7:28:24 PM
vladon(vladon) used a missile_interceptor 8-30-2020, 7:28:31 PM
vladon(vladon) used a missile_interceptor 8-30-2020, 7:28:35 PM
vladon(vladon) used a missile_interceptor 8-30-2020, 7:28:36 PM
vladon(vladon) used a missile_interceptor 8-30-2020, 7:28:36 PM
vladon(vladon) used a aircraft 8-30-2020, 7:28:50 PM
vladon(vladon) used a guided_missile 8-30-2020, 7:28:54 PM
vladon(vladon) used a guided_missile 8-30-2020, 7:28:59 PM
vladon(vladon) used a guided_missile 8-30-2020, 7:29:04 PM
vladon(vladon) used a guided_missile 8-30-2020, 7:29:09 PM
vladon(vladon) used a guided_missile 8-30-2020, 7:29:09 PM
vladon(vladon) used a guided_missile 8-30-2020, 7:29:10 PM
vladon(vladon) used a guided_missile 8-30-2020, 7:29:10 PM
vladon(vladon) used a guided_missile 8-30-2020, 7:29:13 PM
vladon(vladon) used a health_drink 8-30-2020, 7:29:23 PM
vladon(vladon) used a health_drink 8-30-2020, 7:29:23 PM
vladon(vladon) used a health_drink 8-30-2020, 7:29:26 PM
vladon(vladon) used a shield 8-30-2020, 7:29:28 PM
vladon(vladon) used a health_drink 8-30-2020, 7:29:43 PM
vladon(vladon) used a health_drink 8-30-2020, 7:29:43 PM
vladon(vladon) used a health_drink 8-30-2020, 7:29:44 PM
vladon(vladon) used a guided_missile 8-30-2020, 7:29:46 PM
vladon(vladon) used a health_drink 8-30-2020, 7:29:49 PM
vladon(vladon) used a health_drink 8-30-2020, 7:29:49 PM
vladon(vladon) used a health_drink 8-30-2020, 7:29:50 PM
vladon(vladon) used a health_drink 8-30-2020, 7:29:50 PM
vladon(vladon) used a health_drink 8-30-2020, 7:29:51 PM
vladon(vladon) used a health_drink 8-30-2020, 7:29:57 PM
vladon(vladon) used a health_drink 8-30-2020, 7:29:57 PM
vladon(vladon) used a health_drink 8-30-2020, 7:30:05 PM
vladon(vladon) used a missile_interceptor 8-30-2020, 7:30:08 PM
vladon(vladon) used a aircraft 8-30-2020, 7:30:09 PM
vladon(vladon) used a missile_interceptor 8-30-2020, 7:30:14 PM
vladon(vladon) used a guided_missile 8-30-2020, 7:30:16 PM
vladon(vladon) used a guided_missile 8-30-2020, 7:30:30 PM
vladon(vladon) used a guided_missile 8-30-2020, 7:30:33 PM
vladon(vladon) used a guided_missile 8-30-2020, 7:30:34 PM
vladon(vladon) used a guided_missile 8-30-2020, 7:30:35 PM
vladon(vladon) used a guided_missile 8-30-2020, 7:30:36 PM
vladon(vladon) used a missile_interceptor 8-30-2020, 7:30:41 PM
vladon(vladon) used a missile_interceptor 8-30-2020, 7:30:42 PM
vladon(vladon) used a missile_interceptor 8-30-2020, 7:30:43 PM
vladon(vladon) used a guided_missile 8-30-2020, 7:30:47 PM
vladon(vladon) used a missile_interceptor 8-30-2020, 7:30:50 PM
vladon(vladon) used a aircraft 8-30-2020, 7:30:52 PM
vladon(vladon) used a aircraft 8-30-2020, 7:30:52 PM
vladon(vladon) used a health_drink 8-30-2020, 7:30:54 PM
vladon(vladon) used a health_drink 8-30-2020, 7:30:54 PM
vladon(vladon) used a health_drink 8-30-2020, 7:30:55 PM
vladon(vladon) used a guided_missile 8-30-2020, 7:31:02 PM
vladon(vladon) used a health_drink 8-30-2020, 7:31:11 PM
vladon(vladon) used a health_drink 8-30-2020, 7:31:11 PM
vladon(vladon) used a health_drink 8-30-2020, 7:31:16 PM
vladon(vladon) used a health_drink 8-30-2020, 7:31:17 PM
vladon(vladon) used a health_drink 8-30-2020, 7:31:21 PM
vladon(vladon) used a health_drink 8-30-2020, 7:31:21 PM
vladon(vladon) used a health_drink 8-30-2020, 7:31:46 PM
vladon(vladon) used a health_drink 8-30-2020, 7:31:46 PM
vladon(vladon) used a health_drink 8-30-2020, 7:32:06 PM
vladon(vladon) used a hand_grenade 8-30-2020, 7:32:16 PM
vladon(vladon) used a hand_grenade 8-30-2020, 7:32:16 PM
vladon(vladon) used a hand_grenade 8-30-2020, 7:32:16 PM
vladon(vladon) used a hand_grenade 8-30-2020, 7:32:16 PM
vladon(vladon) used a hand_grenade 8-30-2020, 7:32:17 PM
vladon(vladon) used a aircraft 8-30-2020, 7:32:38 PM
vladon(vladon) used a health_drink 8-30-2020, 7:32:40 PM
vladon(vladon) used a health_drink 8-30-2020, 7:33:39 PM
vladon(vladon) used a health_drink 8-30-2020, 7:33:58 PM
vladon(vladon) used a health_drink 8-30-2020, 7:33:58 PM
vladon(vladon) used a health_drink 8-30-2020, 7:34:07 PM
vladon(vladon) used a health_drink 8-30-2020, 7:34:08 PM
vladon(vladon) used a health_drink 8-30-2020, 7:34:13 PM
vladon(vladon) used a health_drink 8-30-2020, 7:34:13 PM
vladon(vladon) used a health_drink 8-30-2020, 7:34:19 PM
vladon(vladon) used a health_drink 8-30-2020, 8:05:57 PM
vladon(vladon) used a health_drink 8-30-2020, 8:05:58 PM
vladon(vladon) used a shield 8-30-2020, 8:05:59 PM
vladon(vladon) used a guided_missile 8-30-2020, 8:07:00 PM
vladon(vladon) used a aircraft 8-30-2020, 8:07:29 PM
vladon(vladon) used a guided_missile 8-30-2020, 8:08:43 PM
vladon(vladon) used a guided_missile 8-30-2020, 8:08:48 PM
vladon(vladon) used a guided_missile 8-30-2020, 8:08:48 PM
vladon(vladon) used a guided_missile 8-30-2020, 8:08:49 PM
vladon(vladon) used a guided_missile 8-30-2020, 8:08:49 PM
vladon(vladon) used a guided_missile 8-30-2020, 8:08:50 PM
vladon(vladon) used a guided_missile 8-30-2020, 8:08:50 PM
vladon(vladon) used a missile_interceptor 8-30-2020, 8:08:58 PM
vladon(vladon) used a aircraft 8-30-2020, 8:09:02 PM
vladon(vladon) used a aircraft 8-30-2020, 8:09:03 PM
vladon(vladon) used a aircraft 8-30-2020, 8:09:03 PM
vladon(vladon) used a missile_interceptor 8-30-2020, 8:09:04 PM
vladon(vladon) used a missile_interceptor 8-30-2020, 8:09:05 PM
vladon(vladon) used a missile_interceptor 8-30-2020, 8:09:06 PM
vladon(vladon) used a health_drink 8-30-2020, 8:09:07 PM
vladon(vladon) used a health_drink 8-30-2020, 8:09:08 PM
vladon(vladon) used a health_drink 8-30-2020, 8:09:10 PM
vladon(vladon) used a guided_missile 8-30-2020, 8:09:12 PM
vladon(vladon) used a guided_missile 8-30-2020, 8:09:31 PM
vladon(vladon) used a health_drink 8-30-2020, 8:09:33 PM
vladon(vladon) used a health_drink 8-30-2020, 8:09:34 PM
vladon(vladon) used a health_drink 8-30-2020, 8:09:34 PM
vladon(vladon) used a health_drink 8-30-2020, 8:09:36 PM
vladon(vladon) used a missile_interceptor 8-30-2020, 8:09:37 PM
vladon(vladon) used a health_drink 8-30-2020, 8:09:39 PM
vladon(vladon) used a health_drink 8-30-2020, 8:09:40 PM
vladon(vladon) used a guided_missile 8-30-2020, 8:09:41 PM
vladon(vladon) used a guided_missile 8-30-2020, 8:10:04 PM
vladon(vladon) used a missile_interceptor 8-30-2020, 8:10:19 PM
vladon(vladon) used a missile_interceptor 8-30-2020, 8:10:20 PM
vladon(vladon) used a missile_interceptor 8-30-2020, 8:10:21 PM
vladon(vladon) used a missile_interceptor 8-30-2020, 8:10:21 PM
vladon(vladon) used a fuel_tank 8-30-2020, 8:10:24 PM
vladon(vladon) used a guided_missile 8-30-2020, 8:10:26 PM
vladon(vladon) used a missile_interceptor 8-30-2020, 8:10:30 PM
vladon(vladon) used a missile_interceptor 8-30-2020, 8:10:31 PM
vladon(vladon) used a missile_interceptor 8-30-2020, 8:10:32 PM
vladon(vladon) used a missile_interceptor 8-30-2020, 8:10:32 PM
vladon(vladon) used a guided_missile 8-30-2020, 8:11:10 PM
vladon(vladon) used a health_drink 8-30-2020, 8:14:39 PM
vladon(vladon) used a health_drink 8-30-2020, 8:14:40 PM
vladon(vladon) used a aircraft 8-30-2020, 8:14:42 PM
vladon(vladon) used a missile_interceptor 8-30-2020, 8:14:44 PM
vladon(vladon) used a health_drink 8-30-2020, 8:14:44 PM
vladon(vladon) used a health_drink 8-30-2020, 8:14:45 PM
vladon(vladon) used a health_drink 8-30-2020, 8:14:45 PM
vladon(vladon) used a health_drink 8-30-2020, 8:14:46 PM
vladon(vladon) used a guided_missile 8-30-2020, 8:14:49 PM
vladon(vladon) used a missile_interceptor 8-30-2020, 8:14:53 PM
vladon(vladon) used a missile_interceptor 8-30-2020, 8:14:54 PM
vladon(vladon) used a missile_interceptor 8-30-2020, 8:14:55 PM
vladon(vladon) used a health_drink 8-30-2020, 8:14:56 PM
vladon(vladon) used a missile_interceptor 8-30-2020, 8:14:57 PM
vladon(vladon) used a missile_interceptor 8-30-2020, 8:14:58 PM
vladon(vladon) used a missile_interceptor 8-30-2020, 8:14:59 PM
vladon(vladon) used a missile_interceptor 8-30-2020, 8:15:00 PM
vladon(vladon) used a missile_interceptor 8-30-2020, 8:15:01 PM
vladon(vladon) used a missile_interceptor 8-30-2020, 8:15:02 PM
vladon(vladon) used a missile_interceptor 8-30-2020, 8:15:02 PM
vladon(vladon) used a missile_interceptor 8-30-2020, 8:15:03 PM
vladon(vladon) used a missile_interceptor 8-30-2020, 8:15:04 PM
vladon(vladon) used a missile_interceptor 8-30-2020, 8:15:38 PM
vladon(vladon) used a guided_missile 8-30-2020, 8:15:39 PM
vladon(vladon) used a missile_interceptor 8-30-2020, 8:15:42 PM
vladon(vladon) used a missile_interceptor 8-30-2020, 8:15:43 PM
vladon(vladon) used a missile_interceptor 8-30-2020, 8:15:44 PM
vladon(vladon) used a missile_interceptor 8-30-2020, 8:15:45 PM
vladon(vladon) used a missile_interceptor 8-30-2020, 8:15:55 PM
vladon(vladon) used a missile_interceptor 8-30-2020, 8:15:56 PM
vladon(vladon) used a guided_missile 8-30-2020, 8:16:00 PM
vladon(vladon) used a guided_missile 8-30-2020, 8:16:04 PM
vladon(vladon) used a guided_missile 8-30-2020, 8:16:04 PM
vladon(vladon) used a guided_missile 8-30-2020, 8:16:05 PM
vladon(vladon) used a guided_missile 8-30-2020, 8:16:06 PM
vladon(vladon) used a guided_missile 8-30-2020, 8:16:13 PM
vladon(vladon) used a missile_interceptor 8-30-2020, 8:16:15 PM
vladon(vladon) used a missile_interceptor 8-30-2020, 8:16:17 PM
vladon(vladon) used a guided_missile 8-30-2020, 8:16:24 PM
vladon(vladon) used a fuel_tank 8-30-2020, 8:16:34 PM
vladon(vladon) used a guided_missile 8-30-2020, 8:16:42 PM
vladon(vladon) used a guided_missile 8-30-2020, 8:16:51 PM
vladon(vladon) used a guided_missile 8-30-2020, 8:16:54 PM
vladon(vladon) used a guided_missile 8-30-2020, 8:16:55 PM
vladon(vladon) used a guided_missile 8-30-2020, 8:16:56 PM
vladon(vladon) used a guided_missile 8-30-2020, 8:16:56 PM
vladon(vladon) used a guided_missile 8-30-2020, 8:16:57 PM
vladon(vladon) used a guided_missile 8-30-2020, 8:17:03 PM
vladon(vladon) used a guided_missile 8-30-2020, 8:17:04 PM
vladon(vladon) used a missile_interceptor 8-30-2020, 8:17:24 PM
vladon(vladon) used a guided_missile 8-30-2020, 8:17:39 PM
vladon(vladon) used a fuel_tank 8-30-2020, 8:18:06 PM
vladon(vladon) used a fuel_tank 8-30-2020, 8:18:06 PM
vladon(vladon) used a fuel_tank 8-30-2020, 8:18:07 PM
vladon(vladon) used a health_drink 8-30-2020, 8:18:08 PM
vladon(vladon) used a health_drink 8-30-2020, 8:18:09 PM
vladon(vladon) used a health_drink 8-30-2020, 8:18:09 PM
vladon(vladon) used a aircraft 8-30-2020, 8:18:11 PM
vladon(vladon) used a guided_missile 8-30-2020, 8:18:18 PM
vladon(vladon) used a health_drink 8-30-2020, 8:18:21 PM
vladon(vladon) used a health_drink 8-30-2020, 8:18:22 PM
vladon(vladon) used a health_drink 8-30-2020, 8:18:27 PM
vladon(vladon) used a health_drink 8-30-2020, 8:18:28 PM
vladon(vladon) used a missile_interceptor 8-30-2020, 8:18:31 PM
vladon(vladon) used a health_drink 8-30-2020, 8:18:32 PM
vladon(vladon) used a health_drink 8-30-2020, 8:18:33 PM
vladon(vladon) used a missile_interceptor 8-30-2020, 8:18:34 PM
vladon(vladon) used a missile_interceptor 8-30-2020, 8:18:35 PM
vladon(vladon) used a missile_interceptor 8-30-2020, 8:18:35 PM
vladon(vladon) used a missile_interceptor 8-30-2020, 8:18:36 PM
vladon(vladon) used a missile_interceptor 8-30-2020, 8:19:06 PM
vladon(vladon) used a missile_interceptor 8-30-2020, 8:19:07 PM
vladon(vladon) used a guided_missile 8-30-2020, 8:19:08 PM
vladon(vladon) used a health_drink 8-30-2020, 8:19:23 PM
vladon(vladon) used a aircraft 8-30-2020, 8:19:42 PM
vladon(vladon) used a aircraft 8-30-2020, 8:19:43 PM
vladon(vladon) used a health_drink 8-30-2020, 8:19:49 PM
vladon(vladon) used a health_drink 8-30-2020, 8:19:53 PM
vladon(vladon) used a health_drink 8-30-2020, 8:19:53 PM
vladon(vladon) used a health_drink 8-30-2020, 8:19:57 PM
vladon(vladon) used a health_drink 8-30-2020, 8:19:57 PM
vladon(vladon) used a health_drink 8-30-2020, 8:20:02 PM
vladon(vladon) used a health_drink 8-30-2020, 8:20:02 PM
vladon(vladon) used a missile_interceptor 8-30-2020, 8:20:26 PM
vladon(vladon) used a missile_interceptor 8-30-2020, 8:20:27 PM
vladon(vladon) used a health_drink 8-30-2020, 8:21:10 PM
vladon(vladon) used a health_drink 8-30-2020, 8:21:10 PM
vladon(vladon) used a metal 8-30-2020, 8:21:24 PM
vladon(vladon) used a health_drink 8-30-2020, 8:21:31 PM
vladon(vladon) used a health_drink 8-30-2020, 8:23:27 PM
vladon(vladon) used a health_drink 8-30-2020, 8:23:27 PM
vladon(vladon) used a health_drink 8-30-2020, 8:28:36 PM
vladon(vladon) used a health_drink 8-30-2020, 8:28:36 PM
vladon(vladon) used a health_drink 8-30-2020, 8:28:36 PM
vladon(vladon) used a health_drink 8-30-2020, 8:28:37 PM
vladon(vladon) used a health_drink 8-30-2020, 8:28:38 PM
vladon(vladon) used a health_drink 8-30-2020, 8:28:39 PM
vladon(vladon) used a carrier_missile 8-30-2020, 8:28:50 PM
vladon(vladon) used a carrier_missile 8-30-2020, 8:30:19 PM
vladon(vladon) used a health_drink 8-30-2020, 8:31:04 PM
vladon(vladon) used a health_drink 8-30-2020, 8:31:04 PM
vladon(vladon) used a health_drink 8-30-2020, 8:31:10 PM
vladon(vladon) used a health_drink 8-30-2020, 8:31:10 PM
vladon(vladon) used a hand_grenade 8-30-2020, 8:31:11 PM
vladon(vladon) used a hand_grenade 8-30-2020, 8:31:11 PM
vladon(vladon) used a health_drink 8-30-2020, 8:31:15 PM
vladon(vladon) used a health_drink 8-30-2020, 8:31:15 PM
vladon(vladon) used a stp429_mini_missile 8-30-2020, 8:31:17 PM
vladon(vladon) used a stp429_mini_missile 8-30-2020, 8:31:18 PM
vladon(vladon) used a health_drink 8-30-2020, 8:31:20 PM
vladon(vladon) used a health_drink 8-30-2020, 8:31:20 PM
vladon(vladon) used a health_drink 8-30-2020, 8:31:23 PM
vladon(vladon) used a health_drink 8-30-2020, 8:31:24 PM
vladon(vladon) used a carrier_missile 8-30-2020, 8:33:11 PM
vladon(vladon) used a aircraft 8-30-2020, 8:33:48 PM
vladon(vladon) used a health_drink 8-30-2020, 8:34:35 PM
vladon(vladon) used a metal 8-30-2020, 8:34:39 PM
vladon(vladon) used a metal 8-30-2020, 8:34:39 PM
vladon(vladon) used a fuel_tank 8-30-2020, 8:34:44 PM
vladon(vladon) used a item_grabber 8-30-2020, 8:34:59 PM
vladon(vladon) used a aircraft 8-30-2020, 8:36:57 PM
vladon(vladon) used a hand_grenade 8-30-2020, 8:37:53 PM
vladon(vladon) used a hand_grenade 8-30-2020, 8:37:54 PM
vladon(vladon) used a hand_grenade 8-30-2020, 8:37:54 PM
vladon(vladon) used a hand_grenade 8-30-2020, 8:37:54 PM
vladon(vladon) used a hand_grenade 8-30-2020, 8:37:55 PM
vladon(vladon) used a hand_grenade 8-30-2020, 8:37:55 PM
vladon(vladon) used a hand_grenade 8-30-2020, 8:37:55 PM
vladon(vladon) used a hand_grenade 8-30-2020, 8:37:56 PM
vladon(vladon) used a hand_grenade 8-30-2020, 8:37:56 PM
vladon(vladon) used a hand_grenade 8-30-2020, 8:37:56 PM
vladon(vladon) used a zulfikar 8-30-2020, 8:40:47 PM
vladon(vladon) used a cannon 8-30-2020, 8:41:06 PM
vladon(vladon) used a hand_grenade 8-30-2020, 8:41:23 PM
vladon(vladon) used a guided_missile 8-30-2020, 8:42:13 PM
vladon(vladon) used a helicopter 8-30-2020, 8:42:19 PM
vladon(vladon) used a guided_missile 8-30-2020, 8:42:37 PM
vladon(vladon) used a helicopter 8-30-2020, 8:42:40 PM
vladon(vladon) used a health_drink 8-30-2020, 8:43:36 PM
vladon(vladon) used a health_drink 8-30-2020, 8:43:37 PM
vladon(vladon) used a health_drink 8-30-2020, 8:43:37 PM
vladon(vladon) used a guided_missile 8-30-2020, 8:43:40 PM
vladon(vladon) used a guided_missile 8-30-2020, 8:43:41 PM
vladon(vladon) used a guided_missile 8-30-2020, 8:43:41 PM
vladon(vladon) used a missile_interceptor 8-30-2020, 8:44:08 PM
vladon(vladon) used a item_grabber 8-30-2020, 8:45:41 PM
vladon(vladon) used a item_grabber 8-30-2020, 8:45:41 PM
vladon(vladon) used a item_grabber 8-30-2020, 8:45:41 PM
vladon(vladon) used a item_grabber 8-30-2020, 8:45:42 PM
vladon(vladon) used a health_drink 8-30-2020, 8:46:15 PM
vladon(vladon) used a health_drink 8-30-2020, 8:46:15 PM
vladon(vladon) used a aircraft 8-30-2020, 8:47:07 PM
vladon(vladon) used a aircraft 8-30-2020, 8:47:07 PM
vladon(vladon) used a health_drink 8-30-2020, 8:47:58 PM
vladon(vladon) used a health_drink 8-30-2020, 8:47:58 PM
vladon(vladon) used a health_drink 8-30-2020, 8:48:15 PM
vladon(vladon) used a helicopter 8-30-2020, 8:49:04 PM
vladon(vladon) used a aircraft 8-30-2020, 8:49:08 PM
vladon(vladon) used a aircraft 8-30-2020, 8:49:08 PM
vladon(vladon) used a helicopter 8-30-2020, 8:49:13 PM
vladon(vladon) used a helicopter 8-30-2020, 8:49:14 PM
vladon(vladon) used a guided_missile 8-30-2020, 8:50:01 PM
vladon(vladon) used a metal 8-30-2020, 8:50:05 PM
vladon(vladon) used a metal 8-30-2020, 8:50:06 PM
vladon(vladon) used a guided_missile 8-30-2020, 8:50:06 PM
vladon(vladon) used a guided_missile 8-30-2020, 8:50:16 PM
vladon(vladon) used a helicopter 8-30-2020, 8:50:31 PM
vladon(vladon) used a helicopter 8-30-2020, 8:51:02 PM
vladon(vladon) used a shield 8-30-2020, 8:52:06 PM
vladon(vladon) used a shield 8-30-2020, 8:52:06 PM
vladon(vladon) used a shield 8-30-2020, 8:52:07 PM
vladon(vladon) used a shield 8-30-2020, 8:52:07 PM
vladon(vladon) used a shield 8-30-2020, 8:52:08 PM
vladon(vladon) used a shield 8-30-2020, 8:52:20 PM
vladon(vladon) used a shield 8-30-2020, 8:52:21 PM
vladon(vladon) used a shield 8-30-2020, 8:52:22 PM
vladon(vladon) used a shield 8-30-2020, 8:52:22 PM
vladon(vladon) used a shield 8-30-2020, 8:52:23 PM
vladon(vladon) used a shield 8-30-2020, 8:52:24 PM
vladon(vladon) used a shield 8-30-2020, 8:52:24 PM
vladon(vladon) used a shield 8-30-2020, 8:52:25 PM
vladon(vladon) used a shield 8-30-2020, 8:52:25 PM
vladon(vladon) used a shield 8-30-2020, 8:52:26 PM
vladon(vladon) used a shield 8-30-2020, 8:52:26 PM
vladon(vladon) used a health_drink 8-30-2020, 8:52:27 PM
vladon(vladon) used a health_drink 8-30-2020, 8:52:27 PM
vladon(vladon) used a health_drink 8-30-2020, 8:52:35 PM
vladon(vladon) used a health_drink 8-30-2020, 8:52:36 PM
vladon(vladon) used a health_drink 8-30-2020, 8:52:57 PM
vladon(vladon) used a health_drink 8-30-2020, 8:52:58 PM
vladon(vladon) used a health_drink 8-30-2020, 8:52:59 PM
vladon(vladon) used a health_drink 8-30-2020, 8:53:00 PM
vladon(vladon) used a health_drink 8-30-2020, 8:53:01 PM
vladon(vladon) used a cannon 8-30-2020, 8:53:49 PM
vladon(vladon) used a cannon 8-30-2020, 8:53:49 PM
vladon(vladon) used a cannon 8-30-2020, 8:53:49 PM
vladon(vladon) used a health_drink 8-30-2020, 8:56:21 PM
vladon(vladon) used a health_drink 8-30-2020, 8:56:21 PM
vladon(vladon) used a health_drink 8-30-2020, 8:56:22 PM
vladon(vladon) used a health_drink 8-30-2020, 8:56:23 PM
vladon(vladon) used a health_drink 8-30-2020, 8:57:09 PM
vladon(vladon) used a health_drink 8-30-2020, 8:57:09 PM
vladon(vladon) used a health_drink 8-30-2020, 8:57:10 PM
vladon(vladon) used a health_drink 8-30-2020, 8:57:13 PM
vladon(vladon) used a health_drink 8-30-2020, 8:57:13 PM
vladon(vladon) used a health_drink 8-30-2020, 8:57:14 PM
vladon(vladon) used a health_drink 8-30-2020, 8:57:14 PM
vladon(vladon) used a health_drink 8-30-2020, 8:57:15 PM
vladon(vladon) used a health_drink 8-30-2020, 8:57:16 PM
vladon(vladon) used a health_drink 8-30-2020, 8:57:17 PM
vladon(vladon) used a health_drink 8-30-2020, 8:57:17 PM
vladon(vladon) used a health_drink 8-30-2020, 8:57:35 PM
vladon(vladon) used a health_drink 8-30-2020, 8:57:36 PM
vladon(vladon) used a health_drink 8-30-2020, 8:57:36 PM
vladon(vladon) used a shield 8-30-2020, 8:57:37 PM
vladon(vladon) used a health_drink 8-30-2020, 8:57:38 PM
vladon(vladon) used a health_drink 8-30-2020, 8:57:39 PM
vladon(vladon) used a health_drink 8-30-2020, 8:57:39 PM
vladon(vladon) used a health_drink 8-30-2020, 8:57:40 PM
vladon(vladon) used a health_drink 8-30-2020, 8:57:40 PM
vladon(vladon) used a health_drink 8-30-2020, 8:57:40 PM
vladon(vladon) used a health_drink 8-30-2020, 8:57:41 PM
vladon(vladon) used a health_drink 8-30-2020, 8:57:42 PM
vladon(vladon) used a hand_grenade 8-30-2020, 8:57:42 PM
vladon(vladon) used a hand_grenade 8-30-2020, 8:57:43 PM
vladon(vladon) used a hand_grenade 8-30-2020, 8:57:43 PM
vladon(vladon) used a hand_grenade 8-30-2020, 8:57:43 PM
vladon(vladon) used a hand_grenade 8-30-2020, 8:57:43 PM
vladon(vladon) used a hand_grenade 8-30-2020, 8:57:44 PM
vladon(vladon) used a hand_grenade 8-30-2020, 8:57:44 PM
vladon(vladon) used a hand_grenade 8-30-2020, 8:57:44 PM
vladon(vladon) used a hand_grenade 8-30-2020, 8:57:44 PM
vladon(vladon) used a hand_grenade 8-30-2020, 8:57:44 PM
vladon(vladon) used a hand_grenade 8-30-2020, 8:57:45 PM
vladon(vladon) used a hand_grenade 8-30-2020, 8:57:45 PM
vladon(vladon) used a hand_grenade 8-30-2020, 8:57:45 PM
vladon(vladon) used a hand_grenade 8-30-2020, 8:57:46 PM
vladon(vladon) used a hand_grenade 8-30-2020, 8:57:46 PM
vladon(vladon) used a hand_grenade 8-30-2020, 8:57:46 PM
vladon(vladon) used a hand_grenade 8-30-2020, 8:57:46 PM
vladon(vladon) used a hand_grenade 8-30-2020, 8:57:46 PM
vladon(vladon) used a health_drink 8-30-2020, 8:57:50 PM
vladon(vladon) used a shield 8-30-2020, 8:57:55 PM
vladon(vladon) used a shield 8-30-2020, 8:57:56 PM
vladon(vladon) used a shield 8-30-2020, 8:57:57 PM
vladon(vladon) used a shield 8-30-2020, 8:57:57 PM
vladon(vladon) used a shield 8-30-2020, 8:57:58 PM
vladon(vladon) used a shield 8-30-2020, 8:57:58 PM
vladon(vladon) used a shield 8-30-2020, 8:57:59 PM
vladon(vladon) used a shield 8-30-2020, 8:57:59 PM
vladon(vladon) used a shield 8-30-2020, 8:58:00 PM
vladon(vladon) used a shield 8-30-2020, 8:58:00 PM
vladon(vladon) used a shield 8-30-2020, 8:58:00 PM
vladon(vladon) used a shield 8-30-2020, 8:58:01 PM
vladon(vladon) used a shield 8-30-2020, 8:58:01 PM
vladon(vladon) used a shield 8-30-2020, 8:58:02 PM
vladon(vladon) used a shield 8-30-2020, 8:58:03 PM
vladon(vladon) used a shield 8-30-2020, 8:58:03 PM
vladon(vladon) used a shield 8-30-2020, 8:58:04 PM
vladon(vladon) used a shield 8-30-2020, 8:58:04 PM
vladon(vladon) used a shield 8-30-2020, 8:58:04 PM
vladon(vladon) used a shield 8-30-2020, 8:58:05 PM
vladon(vladon) used a shield 8-30-2020, 8:58:05 PM
vladon(vladon) used a shield 8-30-2020, 8:58:06 PM
vladon(vladon) used a shield 8-30-2020, 8:58:06 PM
vladon(vladon) used a shield 8-30-2020, 8:58:07 PM
vladon(vladon) used a shield 8-30-2020, 8:58:07 PM
vladon(vladon) used a shield 8-30-2020, 8:58:07 PM
vladon(vladon) used a shield 8-30-2020, 8:58:08 PM
vladon(vladon) used a shield 8-30-2020, 8:58:08 PM
vladon(vladon) used a shield 8-30-2020, 8:58:09 PM
vladon(vladon) used a shield 8-30-2020, 8:58:09 PM
vladon(vladon) used a shield 8-30-2020, 8:58:10 PM
vladon(vladon) used a shield 8-30-2020, 8:58:11 PM
vladon(vladon) used a shield 8-30-2020, 8:58:12 PM
vladon(vladon) used a shield 8-30-2020, 8:58:13 PM
vladon(vladon) used a shield 8-30-2020, 8:58:13 PM
vladon(vladon) used a shield 8-30-2020, 8:58:14 PM
vladon(vladon) used a hand_grenade 8-30-2020, 8:58:47 PM
vladon(vladon) used a hand_grenade 8-30-2020, 8:58:48 PM
vladon(vladon) used a hand_grenade 8-30-2020, 8:58:48 PM
vladon(vladon) used a hand_grenade 8-30-2020, 8:58:49 PM
vladon(vladon) used a hand_grenade 8-30-2020, 8:58:50 PM
vladon(vladon) used a shield 8-30-2020, 8:59:03 PM
vladon(vladon) used a shield 8-30-2020, 8:59:04 PM
vladon(vladon) used a shield 8-30-2020, 8:59:04 PM
vladon(vladon) used a shield 8-30-2020, 8:59:04 PM
vladon(vladon) used a shield 8-30-2020, 8:59:05 PM
vladon(vladon) used a shield 8-30-2020, 8:59:06 PM
vladon(vladon) used a shield 8-30-2020, 8:59:07 PM
vladon(vladon) used a health_drink 8-30-2020, 8:59:08 PM
vladon(vladon) used a aircraft 8-30-2020, 8:59:21 PM
vladon(vladon) used a aircraft 8-30-2020, 8:59:21 PM
vladon(vladon) used a aircraft 8-30-2020, 8:59:22 PM
vladon(vladon) used a aircraft 8-30-2020, 8:59:22 PM
vladon(vladon) used a aircraft 8-30-2020, 8:59:23 PM
vladon(vladon) used a aircraft 8-30-2020, 8:59:24 PM
vladon(vladon) used a guided_missile 8-30-2020, 8:59:26 PM
vladon(vladon) used a missile_interceptor 8-30-2020, 8:59:36 PM
vladon(vladon) used a missile_interceptor 8-30-2020, 8:59:36 PM
vladon(vladon) used a missile_interceptor 8-30-2020, 8:59:36 PM
vladon(vladon) used a missile_interceptor 8-30-2020, 8:59:37 PM
vladon(vladon) used a missile_interceptor 8-30-2020, 8:59:38 PM
vladon(vladon) used a missile_interceptor 8-30-2020, 8:59:38 PM
vladon(vladon) used a missile_interceptor 8-30-2020, 8:59:38 PM
vladon(vladon) used a helicopter 8-30-2020, 8:59:43 PM
vladon(vladon) used a helicopter 8-30-2020, 8:59:43 PM
vladon(vladon) used a hand_grenade 8-30-2020, 8:59:58 PM
vladon(vladon) used a hand_grenade 8-30-2020, 8:59:58 PM
vladon(vladon) used a hand_grenade 8-30-2020, 8:59:58 PM
vladon(vladon) used a hand_grenade 8-30-2020, 8:59:59 PM
vladon(vladon) used a hand_grenade 8-30-2020, 8:59:59 PM
vladon(vladon) used a hand_grenade 8-30-2020, 8:59:59 PM
vladon(vladon) used a hand_grenade 8-30-2020, 8:59:59 PM
vladon(vladon) used a hand_grenade 8-30-2020, 9:00:00 PM
vladon(vladon) used a hand_grenade 8-30-2020, 9:00:00 PM
vladon(vladon) used a hand_grenade 8-30-2020, 9:00:00 PM
vladon(vladon) used a hand_grenade 8-30-2020, 9:00:01 PM
vladon(vladon) used a hand_grenade 8-30-2020, 9:00:01 PM
vladon(vladon) used a hand_grenade 8-30-2020, 9:00:01 PM
vladon(vladon) used a hand_grenade 8-30-2020, 9:00:01 PM
vladon(vladon) used a aircraft 8-30-2020, 9:00:21 PM
vladon(vladon) used a aircraft 8-30-2020, 9:00:21 PM
vladon(vladon) used a aircraft 8-30-2020, 9:00:22 PM
vladon(vladon) used a aircraft 8-30-2020, 9:00:22 PM
vladon(vladon) used a aircraft 8-30-2020, 9:00:22 PM
vladon(vladon) used a guided_missile 8-30-2020, 9:00:25 PM
vladon(vladon) used a robocop 8-30-2020, 9:01:15 PM
vladon(vladon) used a hand_grenade 8-30-2020, 9:01:46 PM
vladon(vladon) used a hand_grenade 8-30-2020, 9:01:47 PM
vladon(vladon) used a hand_grenade 8-30-2020, 9:01:47 PM
vladon(vladon) used a hand_grenade 8-30-2020, 9:01:48 PM
vladon(vladon) used a hand_grenade 8-30-2020, 9:01:48 PM
vladon(vladon) used a hand_grenade 8-30-2020, 9:01:48 PM
vladon(vladon) used a hand_grenade 8-30-2020, 9:01:49 PM
vladon(vladon) used a hand_grenade 8-30-2020, 9:01:49 PM
vladon(vladon) used a hand_grenade 8-30-2020, 9:01:49 PM
vladon(vladon) used a hand_grenade 8-30-2020, 9:01:49 PM
vladon(vladon) used a hand_grenade 8-30-2020, 9:01:50 PM
vladon(vladon) used a hand_grenade 8-30-2020, 9:01:50 PM
vladon(vladon) used a hand_grenade 8-30-2020, 9:01:51 PM
vladon(vladon) used a hand_grenade 8-30-2020, 9:01:51 PM
vladon(vladon) used a hand_grenade 8-30-2020, 9:01:51 PM
vladon(vladon) used a hand_grenade 8-30-2020, 9:01:51 PM
vladon(vladon) used a hand_grenade 8-30-2020, 9:01:52 PM
vladon(vladon) used a hand_grenade 8-30-2020, 9:01:52 PM
vladon(vladon) used a hand_grenade 8-30-2020, 9:01:53 PM
vladon(vladon) used a hand_grenade 8-30-2020, 9:01:53 PM
vladon(vladon) used a hand_grenade 8-30-2020, 9:01:53 PM
vladon(vladon) used a hand_grenade 8-30-2020, 9:01:53 PM
vladon(vladon) used a hand_grenade 8-30-2020, 9:01:58 PM
vladon(vladon) used a hand_grenade 8-30-2020, 9:01:58 PM
vladon(vladon) used a hand_grenade 8-30-2020, 9:01:58 PM
vladon(vladon) used a hand_grenade 8-30-2020, 9:01:59 PM
vladon(vladon) used a aircraft 8-30-2020, 9:02:17 PM
vladon(vladon) used a guided_missile 8-30-2020, 9:02:19 PM
vladon(vladon) used a guided_missile 8-30-2020, 9:02:30 PM
vladon(vladon) used a health_drink 8-30-2020, 9:02:52 PM
vladon(vladon) used a health_drink 8-30-2020, 9:02:53 PM
vladon(vladon) used a health_drink 8-30-2020, 9:02:53 PM
vladon(vladon) used a aircraft 8-30-2020, 9:05:58 PM
vladon(vladon) used a aircraft 8-30-2020, 9:05:58 PM
vladon(vladon) used a aircraft 8-30-2020, 9:05:59 PM
vladon(vladon) used a health_drink 8-30-2020, 9:06:48 PM
vladon(vladon) used a health_drink 8-30-2020, 9:06:48 PM
vladon(vladon) used a health_drink 8-30-2020, 9:06:51 PM
vladon(vladon) used a health_drink 8-30-2020, 9:06:52 PM
vladon(vladon) used a health_drink 8-30-2020, 9:06:56 PM
vladon(vladon) used a health_drink 8-30-2020, 9:06:56 PM
vladon(vladon) used a health_drink 8-30-2020, 9:07:01 PM
vladon(vladon) used a health_drink 8-30-2020, 9:07:01 PM
vladon(vladon) used a health_drink 8-30-2020, 9:07:07 PM
vladon(vladon) used a health_drink 8-30-2020, 9:07:07 PM
vladon(vladon) used a health_drink 8-30-2020, 9:07:10 PM
vladon(vladon) used a health_drink 8-30-2020, 9:07:11 PM
vladon(vladon) used a health_drink 8-30-2020, 9:07:15 PM
vladon(vladon) used a health_drink 8-30-2020, 9:07:16 PM
vladon(vladon) used a aircraft 8-30-2020, 9:08:28 PM
vladon(vladon) used a aircraft 8-30-2020, 9:08:29 PM
vladon(vladon) used a guided_missile 8-30-2020, 9:08:34 PM
vladon(vladon) used a guided_missile 8-30-2020, 9:08:34 PM
vladon(vladon) used a guided_missile 8-30-2020, 9:08:35 PM
vladon(vladon) used a hand_grenade 8-30-2020, 9:08:40 PM
vladon(vladon) used a hand_grenade 8-30-2020, 9:08:41 PM
vladon(vladon) used a hand_grenade 8-30-2020, 9:08:41 PM
vladon(vladon) used a aircraft 8-30-2020, 9:08:51 PM
vladon(vladon) used a aircraft 8-30-2020, 9:08:51 PM
vladon(vladon) used a health_drink 8-30-2020, 9:08:53 PM
vladon(vladon) used a health_drink 8-30-2020, 9:08:53 PM
vladon(vladon) used a health_drink 8-30-2020, 9:08:53 PM
vladon(vladon) used a health_drink 8-30-2020, 9:08:57 PM
vladon(vladon) used a health_drink 8-30-2020, 9:09:09 PM
vladon(vladon) used a health_drink 8-30-2020, 9:09:09 PM
vladon(vladon) used a missile_interceptor 8-30-2020, 9:09:13 PM
vladon(vladon) used a health_drink 8-30-2020, 9:09:14 PM
vladon(vladon) used a guided_missile 8-30-2020, 9:09:15 PM
vladon(vladon) used a health_drink 8-30-2020, 9:09:18 PM
vladon(vladon) used a health_drink 8-30-2020, 9:09:19 PM
vladon(vladon) used a health_drink 8-30-2020, 9:09:38 PM
vladon(vladon) used a health_drink 8-30-2020, 9:09:39 PM
vladon(vladon) used a aircraft 8-30-2020, 9:09:40 PM
vladon(vladon) used a aircraft 8-30-2020, 9:09:41 PM
vladon(vladon) used a health_drink 8-30-2020, 9:09:45 PM
vladon(vladon) used a health_drink 8-30-2020, 9:09:45 PM
vladon(vladon) used a health_drink 8-30-2020, 9:09:48 PM
vladon(vladon) used a health_drink 8-30-2020, 9:09:48 PM
vladon(vladon) used a health_drink 8-30-2020, 9:09:49 PM
vladon(vladon) used a health_drink 8-30-2020, 9:23:58 PM
vladon(vladon) used a health_drink 8-30-2020, 9:23:58 PM
vladon(vladon) used a health_drink 8-30-2020, 9:24:10 PM
vladon(vladon) used a health_drink 8-30-2020, 9:24:10 PM
vladon(vladon) used a health_drink 8-30-2020, 9:24:29 PM
vladon(vladon) used a aircraft 8-30-2020, 9:24:31 PM
vladon(vladon) used a aircraft 8-30-2020, 9:24:31 PM
vladon(vladon) used a health_drink 8-30-2020, 9:24:33 PM
vladon(vladon) used a health_drink 8-30-2020, 9:24:34 PM
vladon(vladon) used a guided_missile 8-30-2020, 9:24:36 PM
vladon(vladon) used a health_drink 8-30-2020, 9:24:44 PM
vladon(vladon) used a aircraft 8-30-2020, 9:25:04 PM
vladon(vladon) used a aircraft 8-30-2020, 9:25:05 PM
vladon(vladon) used a health_drink 8-30-2020, 9:25:05 PM
vladon(vladon) used a health_drink 8-30-2020, 9:25:05 PM
vladon(vladon) used a health_drink 8-30-2020, 9:25:06 PM
vladon(vladon) used a health_drink 8-30-2020, 9:25:07 PM
vladon(vladon) used a health_drink 8-30-2020, 9:25:07 PM
vladon(vladon) used a health_drink 8-30-2020, 9:25:08 PM
vladon(vladon) used a health_drink 8-30-2020, 9:25:09 PM
vladon(vladon) used a guided_missile 8-30-2020, 9:25:10 PM
vladon(vladon) used a health_drink 8-30-2020, 9:25:17 PM
vladon(vladon) used a health_drink 8-30-2020, 9:25:18 PM
vladon(vladon) used a health_drink 8-30-2020, 9:25:19 PM
vladon(vladon) used a missile_interceptor 8-30-2020, 9:25:27 PM
vladon(vladon) used a missile_interceptor 8-30-2020, 9:25:28 PM
vladon(vladon) used a missile_interceptor 8-30-2020, 9:25:28 PM
vladon(vladon) used a missile_interceptor 8-30-2020, 9:25:29 PM
vladon(vladon) used a missile_interceptor 8-30-2020, 9:25:30 PM
vladon(vladon) used a missile_interceptor 8-30-2020, 9:25:31 PM
vladon(vladon) used a missile_interceptor 8-30-2020, 9:25:32 PM
vladon(vladon) used a missile_interceptor 8-30-2020, 9:25:33 PM
vladon(vladon) used a missile_interceptor 8-30-2020, 9:25:34 PM
vladon(vladon) used a missile_interceptor 8-30-2020, 9:25:35 PM
vladon(vladon) used a missile_interceptor 8-30-2020, 9:25:36 PM
vladon(vladon) used a missile_interceptor 8-30-2020, 9:25:37 PM
vladon(vladon) used a missile_interceptor 8-30-2020, 9:25:38 PM
vladon(vladon) used a missile_interceptor 8-30-2020, 9:25:39 PM
vladon(vladon) used a missile_interceptor 8-30-2020, 9:25:40 PM
vladon(vladon) used a missile_interceptor 8-30-2020, 9:25:41 PM
vladon(vladon) used a missile_interceptor 8-30-2020, 9:25:41 PM
vladon(vladon) used a missile_interceptor 8-30-2020, 9:25:42 PM
vladon(vladon) used a missile_interceptor 8-30-2020, 9:25:44 PM
vladon(vladon) used a guided_missile 8-30-2020, 9:25:48 PM
vladon(vladon) used a frequency_scrambler 8-30-2020, 9:26:05 PM
vladon(vladon) used a frequency_scrambler 8-30-2020, 9:26:06 PM
vladon(vladon) used a frequency_scrambler 8-30-2020, 9:26:07 PM
vladon(vladon) used a frequency_scrambler 8-30-2020, 9:26:07 PM
vladon(vladon) used a hand_cannon 8-30-2020, 9:26:28 PM
vladon(vladon) used a hand_cannon 8-30-2020, 9:26:28 PM
vladon(vladon) used a hand_cannon 8-30-2020, 9:26:28 PM
vladon(vladon) used a hand_cannon 8-30-2020, 9:26:28 PM
vladon(vladon) used a hand_cannon 8-30-2020, 9:26:29 PM
vladon(vladon) used a frequency_scrambler 8-30-2020, 9:27:19 PM
vladon(vladon) used a frequency_scrambler 8-30-2020, 9:27:20 PM
vladon(vladon) used a frequency_scrambler 8-30-2020, 9:27:20 PM
vladon(vladon) used a frequency_scrambler 8-30-2020, 9:27:20 PM
vladon(vladon) used a aircraft 8-30-2020, 9:27:41 PM
vladon(vladon) used a aircraft 8-30-2020, 9:27:41 PM
vladon(vladon) used a aircraft 8-30-2020, 9:27:42 PM
vladon(vladon) used a hand_grenade 8-30-2020, 9:27:46 PM
vladon(vladon) used a hand_grenade 8-30-2020, 9:27:46 PM
vladon(vladon) used a hand_grenade 8-30-2020, 9:27:47 PM
vladon(vladon) used a hand_grenade 8-30-2020, 9:27:47 PM
vladon(vladon) used a guided_missile 8-30-2020, 9:27:49 PM
vladon(vladon) used a guided_missile 8-30-2020, 9:28:46 PM
vladon(vladon) used a health_drink 8-30-2020, 9:28:54 PM
vladon(vladon) used a aircraft 8-30-2020, 9:28:54 PM
vladon(vladon) used a aircraft 8-30-2020, 9:28:54 PM
vladon(vladon) used a aircraft 8-30-2020, 9:28:55 PM
vladon(vladon) used a aircraft 8-30-2020, 9:28:56 PM
vladon(vladon) used a health_drink 8-30-2020, 9:28:57 PM
vladon(vladon) used a health_drink 8-30-2020, 9:28:57 PM
vladon(vladon) used a health_drink 8-30-2020, 9:28:58 PM
vladon(vladon) used a health_drink 8-30-2020, 9:28:58 PM
vladon(vladon) used a health_drink 8-30-2020, 9:29:05 PM
vladon(vladon) used a health_drink 8-30-2020, 9:29:05 PM
vladon(vladon) used a guided_missile 8-30-2020, 9:29:08 PM
vladon(vladon) used a health_drink 8-30-2020, 9:29:11 PM
vladon(vladon) used a health_drink 8-30-2020, 9:29:11 PM
vladon(vladon) used a health_drink 8-30-2020, 9:29:12 PM
vladon(vladon) used a health_drink 8-30-2020, 9:29:12 PM
vladon(vladon) used a health_drink 8-30-2020, 9:29:13 PM
vladon(vladon) used a health_drink 8-30-2020, 9:29:15 PM
vladon(vladon) used a health_drink 8-30-2020, 9:29:16 PM
vladon(vladon) used a health_drink 8-30-2020, 9:29:17 PM
vladon(vladon) used a health_drink 8-30-2020, 9:29:18 PM
vladon(vladon) used a health_drink 8-30-2020, 9:29:19 PM
vladon(vladon) used a health_drink 8-30-2020, 9:29:20 PM
vladon(vladon) used a health_drink 8-30-2020, 9:29:22 PM
vladon(vladon) used a health_drink 8-30-2020, 9:29:23 PM
vladon(vladon) used a guided_missile 8-30-2020, 9:29:27 PM
vladon(vladon) used a health_drink 8-30-2020, 9:29:30 PM
vladon(vladon) used a health_drink 8-30-2020, 9:29:31 PM
vladon(vladon) used a health_drink 8-30-2020, 9:29:32 PM
vladon(vladon) used a missile_interceptor 8-30-2020, 9:29:37 PM
vladon(vladon) used a missile_interceptor 8-30-2020, 9:29:52 PM
vladon(vladon) used a guided_missile 8-30-2020, 9:31:54 PM
vladon(vladon) used a guided_missile 8-30-2020, 9:32:08 PM
vladon(vladon) used a guided_missile 8-30-2020, 9:32:13 PM
vladon(vladon) used a guided_missile 8-30-2020, 9:32:18 PM
vladon(vladon) used a hand_grenade 8-30-2020, 9:32:46 PM
vladon(vladon) used a hand_grenade 8-30-2020, 9:32:47 PM
vladon(vladon) used a hand_grenade 8-30-2020, 9:32:47 PM
vladon(vladon) used a hand_grenade 8-30-2020, 9:32:47 PM
vladon(vladon) used a hand_grenade 8-30-2020, 9:32:47 PM
vladon(vladon) used a hand_grenade 8-30-2020, 9:32:48 PM
vladon(vladon) used a hand_grenade 8-30-2020, 9:32:48 PM
vladon(vladon) used a hand_grenade 8-30-2020, 9:32:48 PM
vladon(vladon) used a hand_grenade 8-30-2020, 9:32:49 PM
vladon(vladon) used a hand_grenade 8-30-2020, 9:32:49 PM
vladon(vladon) used a hand_grenade 8-30-2020, 9:32:50 PM
vladon(vladon) used a hand_grenade 8-30-2020, 9:32:50 PM
vladon(vladon) used a hand_grenade 8-30-2020, 9:32:50 PM
vladon(vladon) used a hand_grenade 8-30-2020, 9:32:50 PM
vladon(vladon) used a hand_grenade 8-30-2020, 9:32:51 PM
vladon(vladon) used a hand_grenade 8-30-2020, 9:32:51 PM
vladon(vladon) used a hand_grenade 8-30-2020, 9:32:51 PM
vladon(vladon) used a hand_grenade 8-30-2020, 9:32:51 PM
vladon(vladon) used a hand_grenade 8-30-2020, 9:32:51 PM
vladon(vladon) used a hand_grenade 8-30-2020, 9:32:52 PM
vladon(vladon) used a hand_grenade 8-30-2020, 9:32:52 PM
vladon(vladon) used a hand_grenade 8-30-2020, 9:32:53 PM
vladon(vladon) used a hand_grenade 8-30-2020, 9:32:53 PM
vladon(vladon) used a hand_grenade 8-30-2020, 9:32:54 PM
vladon(vladon) used a hand_grenade 8-30-2020, 9:32:55 PM
vladon(vladon) used a hand_grenade 8-30-2020, 9:32:55 PM
vladon(vladon) used a hand_grenade 8-30-2020, 9:32:55 PM
vladon(vladon) used a hand_grenade 8-30-2020, 9:32:55 PM
vladon(vladon) used a hand_grenade 8-30-2020, 9:32:55 PM
vladon(vladon) used a hand_grenade 8-30-2020, 9:32:56 PM
vladon(vladon) used a hand_grenade 8-30-2020, 9:32:56 PM
vladon(vladon) used a hand_grenade 8-30-2020, 9:32:56 PM
vladon(vladon) used a hand_grenade 8-30-2020, 9:32:57 PM
vladon(vladon) used a hand_grenade 8-30-2020, 9:32:57 PM
vladon(vladon) used a hand_grenade 8-30-2020, 9:32:57 PM
vladon(vladon) used a hand_grenade 8-30-2020, 9:32:57 PM
vladon(vladon) used a hand_grenade 8-30-2020, 9:32:58 PM
vladon(vladon) used a hand_grenade 8-30-2020, 9:32:58 PM
vladon(vladon) used a hand_grenade 8-30-2020, 9:32:58 PM
vladon(vladon) used a hand_grenade 8-30-2020, 9:32:59 PM
vladon(vladon) used a hand_grenade 8-30-2020, 9:32:59 PM
vladon(vladon) used a hand_grenade 8-30-2020, 9:32:59 PM
vladon(vladon) used a hand_grenade 8-30-2020, 9:32:59 PM
vladon(vladon) used a hand_grenade 8-30-2020, 9:33:00 PM
vladon(vladon) used a hand_grenade 8-30-2020, 9:33:00 PM
vladon(vladon) used a hand_grenade 8-30-2020, 9:33:00 PM
vladon(vladon) used a hand_grenade 8-30-2020, 9:33:00 PM
vladon(vladon) used a hand_grenade 8-30-2020, 9:33:01 PM
vladon(vladon) used a metal 8-30-2020, 9:33:19 PM
vladon(vladon) used a guided_missile 8-30-2020, 9:34:07 PM
vladon(vladon) used a guided_missile 8-30-2020, 9:34:17 PM
vladon(vladon) used a guided_missile 8-30-2020, 9:34:41 PM
vladon(vladon) used a guided_missile 8-30-2020, 9:34:46 PM
vladon(vladon) used a guided_missile 8-30-2020, 9:34:47 PM
vladon(vladon) used a guided_missile 8-30-2020, 9:34:47 PM
vladon(vladon) used a guided_missile 8-30-2020, 9:34:48 PM
vladon(vladon) used a guided_missile 8-30-2020, 9:35:07 PM
vladon(vladon) used a guided_missile 8-30-2020, 9:35:13 PM
vladon(vladon) used a guided_missile 8-30-2020, 9:35:19 PM
vladon(vladon) used a health_drink 8-30-2020, 9:35:24 PM
vladon(vladon) used a health_drink 8-30-2020, 9:35:25 PM
vladon(vladon) used a health_drink 8-30-2020, 9:35:40 PM
vladon(vladon) used a guided_missile 8-30-2020, 9:35:59 PM
vladon(vladon) used a guided_missile 8-30-2020, 9:36:20 PM
vladon(vladon) used a guided_missile 8-30-2020, 9:36:43 PM
vladon(vladon) used a guided_missile 8-30-2020, 9:37:55 PM
vladon(vladon) used a hand_grenade 8-30-2020, 9:39:17 PM
vladon(vladon) used a hand_grenade 8-30-2020, 9:39:18 PM
vladon(vladon) used a hand_grenade 8-30-2020, 9:39:18 PM
vladon(vladon) used a hand_grenade 8-30-2020, 9:39:18 PM
vladon(vladon) used a hand_grenade 8-30-2020, 9:39:18 PM
vladon(vladon) used a hand_grenade 8-30-2020, 9:39:18 PM
vladon(vladon) used a hand_grenade 8-30-2020, 9:39:19 PM
vladon(vladon) used a wood 8-30-2020, 9:42:33 PM
vladon(vladon) used a wood 8-30-2020, 9:42:46 PM
vladon(vladon) used a wood 8-30-2020, 9:43:23 PM
vladon(vladon) used a health_drink 8-30-2020, 9:44:19 PM
vladon(vladon) used a health_drink 8-30-2020, 9:44:20 PM
vladon(vladon) used a health_drink 8-30-2020, 9:44:43 PM
vladon(vladon) used a shield 8-30-2020, 9:44:49 PM
vladon(vladon) used a shield 8-30-2020, 9:44:49 PM
vladon(vladon) used a health_drink 8-30-2020, 9:44:50 PM
vladon(vladon) used a health_drink 8-30-2020, 9:44:50 PM
vladon(vladon) used a health_drink 8-30-2020, 9:45:02 PM
vladon(vladon) used a health_drink 8-30-2020, 9:45:03 PM
vladon(vladon) used a health_drink 8-30-2020, 9:45:05 PM
vladon(vladon) used a health_drink 8-30-2020, 9:45:07 PM
vladon(vladon) used a health_drink 8-30-2020, 9:45:10 PM
vladon(vladon) used a health_drink 8-30-2020, 9:45:11 PM
vladon(vladon) used a health_drink 8-30-2020, 9:45:15 PM
vladon(vladon) used a health_drink 8-30-2020, 9:45:16 PM
vladon(vladon) used a health_drink 8-30-2020, 9:45:20 PM
vladon(vladon) used a health_drink 8-30-2020, 9:45:21 PM
vladon(vladon) used a health_drink 8-30-2020, 9:45:31 PM
vladon(vladon) used a aircraft 8-30-2020, 9:45:45 PM
vladon(vladon) used a suicide_bomb 8-30-2020, 9:45:48 PM
vladon(vladon) used a aircraft 8-30-2020, 9:45:53 PM
vladon(vladon) used a aircraft 8-30-2020, 9:45:53 PM
vladon(vladon) used a health_drink 8-30-2020, 9:47:44 PM
vladon(vladon) used a health_drink 8-30-2020, 9:47:44 PM
vladon(vladon) used a shield 8-30-2020, 9:47:45 PM
vladon(vladon) used a shield 8-30-2020, 9:47:46 PM
vladon(vladon) used a shield 8-30-2020, 9:47:46 PM
vladon(vladon) used a shield 8-30-2020, 9:47:47 PM
vladon(vladon) used a shield 8-30-2020, 9:47:48 PM
vladon(vladon) used a shield 8-30-2020, 9:47:48 PM
vladon(vladon) used a shield 8-30-2020, 9:47:49 PM
vladon(vladon) used a shield 8-30-2020, 9:47:49 PM
vladon(vladon) used a aircraft 8-30-2020, 9:47:51 PM
vladon(vladon) used a aircraft 8-30-2020, 9:47:51 PM
vladon(vladon) used a aircraft 8-30-2020, 9:47:51 PM
vladon(vladon) used a aircraft 8-30-2020, 9:47:52 PM
vladon(vladon) used a aircraft 8-30-2020, 9:47:52 PM
vladon(vladon) used a health_drink 8-30-2020, 9:47:56 PM
vladon(vladon) used a health_drink 8-30-2020, 9:47:57 PM
vladon(vladon) used a health_drink 8-30-2020, 9:47:57 PM
vladon(vladon) used a health_drink 8-30-2020, 9:47:58 PM
vladon(vladon) used a health_drink 8-30-2020, 9:48:00 PM
vladon(vladon) used a health_drink 8-30-2020, 9:48:01 PM
vladon(vladon) used a health_drink 8-30-2020, 9:48:04 PM
vladon(vladon) used a health_drink 8-30-2020, 9:48:07 PM
vladon(vladon) used a health_drink 8-30-2020, 9:48:07 PM
vladon(vladon) used a health_drink 8-30-2020, 9:48:08 PM
vladon(vladon) used a health_drink 8-30-2020, 9:48:09 PM
vladon(vladon) used a health_drink 8-30-2020, 9:48:09 PM
vladon(vladon) used a health_drink 8-30-2020, 9:48:16 PM
vladon(vladon) used a health_drink 8-30-2020, 9:48:16 PM
vladon(vladon) used a health_drink 8-30-2020, 9:48:17 PM
vladon(vladon) used a shield 8-30-2020, 9:48:21 PM
vladon(vladon) used a shield 8-30-2020, 9:48:22 PM
vladon(vladon) used a shield 8-30-2020, 9:48:22 PM
vladon(vladon) used a shield 8-30-2020, 9:48:23 PM
vladon(vladon) used a shield 8-30-2020, 9:48:23 PM
vladon(vladon) used a shield 8-30-2020, 9:48:23 PM
vladon(vladon) used a shield 8-30-2020, 9:48:24 PM
vladon(vladon) used a shield 8-30-2020, 9:48:24 PM
vladon(vladon) used a shield 8-30-2020, 9:48:24 PM
vladon(vladon) used a shield 8-30-2020, 9:48:25 PM
vladon(vladon) used a shield 8-30-2020, 9:48:25 PM
vladon(vladon) used a guided_missile 8-30-2020, 9:48:36 PM
vladon(vladon) used a metal 8-30-2020, 9:48:45 PM
vladon(vladon) used a guided_missile 8-30-2020, 9:48:46 PM