
mrido(roflgamer) used a tk_ultra_health_potion 2-13-2021, 7:34:16 AM
mrido(roflgamer) used a tk_ultra_health_potion 2-13-2021, 7:34:16 AM
mrido(roflgamer) used a tk_ultra_health_potion 2-13-2021, 7:34:16 AM
mrido(roflgamer) used a carrier_missile 2-13-2021, 7:34:29 AM
mrido(roflgamer) used a cannon 2-13-2021, 7:34:33 AM
mrido(roflgamer) used a suicide_bomb 2-13-2021, 7:35:24 AM
mrido(roflgamer) used a suicide_bomb 2-13-2021, 7:35:24 AM
mrido(roflgamer) used a tk_ultra_health_potion 2-13-2021, 7:35:44 AM
mrido(roflgamer) used a tk_ultra_health_potion 2-13-2021, 7:35:44 AM
mrido(roflgamer) used a tk_ultra_health_potion 2-13-2021, 7:35:44 AM
mrido(roflgamer) used a carrier_missile 2-13-2021, 7:35:52 AM
mrido(roflgamer) used a invisibility_shield 2-13-2021, 7:36:44 AM
mrido(roflgamer) used a wood 2-13-2021, 7:36:49 AM
mrido(roflgamer) used a wood 2-13-2021, 9:08:08 AM
mrido(roflgamer) used a invisibility_shield 2-13-2021, 9:10:06 AM
mrido(roflgamer) used a fuel_tank 2-13-2021, 9:10:14 AM
mrido(roflgamer) used a fuel_tank 2-13-2021, 9:10:14 AM
mrido(roflgamer) used a remote_timebomb 2-13-2021, 9:14:41 AM
mrido(roflgamer) used a remote_timebomb 2-13-2021, 9:14:43 AM
mrido(roflgamer) used a remote_timebomb 2-13-2021, 9:14:43 AM
mrido(roflgamer) used a remote_timebomb 2-13-2021, 9:14:45 AM
mrido(roflgamer) used a remote_timebomb 2-13-2021, 9:14:45 AM
mrido(roflgamer) used a remote_timebomb 2-13-2021, 9:14:46 AM
mrido(roflgamer) used a remote_timebomb 2-13-2021, 9:14:46 AM
mrido(roflgamer) used a remote_timebomb 2-13-2021, 9:14:48 AM
mrido(roflgamer) used a remote_timebomb 2-13-2021, 9:14:48 AM
mrido(roflgamer) used a cannon_ammo_pack 2-13-2021, 9:16:13 AM
mrido(roflgamer) used a cannon_ammo_pack 2-13-2021, 9:16:13 AM
mrido(roflgamer) used a cannon_ammo_pack 2-13-2021, 9:16:13 AM
mrido(roflgamer) used a cannon_ammo_pack 2-13-2021, 9:16:14 AM
mrido(roflgamer) used a cannon_ammo_pack 2-13-2021, 9:16:14 AM
mrido(roflgamer) used a cannon_ammo_pack 2-13-2021, 9:16:14 AM
mrido(roflgamer) used a cannon_ammo_pack 2-13-2021, 9:16:14 AM
mrido(roflgamer) used a cannon_ammo_pack 2-13-2021, 9:16:14 AM
mrido(roflgamer) used a cannon_ammo_pack 2-13-2021, 9:16:14 AM
mrido(roflgamer) used a cannon_ammo_pack 2-13-2021, 9:16:15 AM
mrido(roflgamer) used a cannon 2-13-2021, 9:16:19 AM
mrido(roflgamer) used a air_canister 2-13-2021, 9:16:54 AM
mrido(roflgamer) used a tk_ultra_health_potion 2-13-2021, 9:17:00 AM
mrido(roflgamer) used a tk_ultra_health_potion 2-13-2021, 9:17:00 AM
mrido(roflgamer) used a aircraft 2-13-2021, 9:23:48 AM
mrido(roflgamer) used a aircraft 2-13-2021, 9:23:48 AM
mrido(roflgamer) used a aircraft 2-13-2021, 9:23:49 AM
mrido(roflgamer) used a aircraft 2-13-2021, 9:23:49 AM
mrido(roflgamer) used a aircraft 2-13-2021, 9:23:50 AM
mrido(roflgamer) used a guided_missile 2-13-2021, 9:24:02 AM
mrido(roflgamer) used a guided_missile 2-13-2021, 9:24:02 AM
mrido(roflgamer) used a guided_missile 2-13-2021, 9:24:05 AM
mrido(roflgamer) used a guided_missile 2-13-2021, 9:24:06 AM
mrido(roflgamer) used a guided_missile 2-13-2021, 9:24:06 AM
mrido(roflgamer) used a guided_missile 2-13-2021, 9:24:06 AM
mrido(roflgamer) used a guided_missile 2-13-2021, 9:24:07 AM
mrido(roflgamer) used a guided_missile 2-13-2021, 9:24:07 AM
mrido(roflgamer) used a guided_missile 2-13-2021, 9:24:07 AM
mrido(roflgamer) used a guided_missile 2-13-2021, 9:24:08 AM
mrido(roflgamer) used a guided_missile 2-13-2021, 9:24:08 AM
mrido(roflgamer) used a guided_missile 2-13-2021, 9:24:13 AM
mrido(roflgamer) used a guided_missile 2-13-2021, 9:24:13 AM
mrido(roflgamer) used a guided_missile 2-13-2021, 9:24:13 AM
mrido(roflgamer) used a guided_missile 2-13-2021, 9:24:14 AM
mrido(roflgamer) used a guided_missile 2-13-2021, 9:24:14 AM
mrido(roflgamer) used a guided_missile 2-13-2021, 9:24:14 AM
mrido(roflgamer) used a guided_missile 2-13-2021, 9:24:16 AM
mrido(roflgamer) used a guided_missile 2-13-2021, 9:24:16 AM
mrido(roflgamer) used a guided_missile 2-13-2021, 9:24:17 AM
mrido(roflgamer) used a guided_missile 2-13-2021, 9:24:17 AM
mrido(roflgamer) used a guided_missile 2-13-2021, 9:24:18 AM
mrido(roflgamer) used a guided_missile 2-13-2021, 9:24:18 AM
mrido(roflgamer) used a guided_missile 2-13-2021, 9:24:18 AM
mrido(roflgamer) used a guided_missile 2-13-2021, 9:24:19 AM
mrido(roflgamer) used a guided_missile 2-13-2021, 9:24:19 AM
mrido(roflgamer) used a guided_missile 2-13-2021, 9:24:19 AM
mrido(roflgamer) used a guided_missile 2-13-2021, 9:24:20 AM
mrido(roflgamer) used a guided_missile 2-13-2021, 9:24:20 AM
mrido(roflgamer) used a guided_missile 2-13-2021, 9:24:20 AM
mrido(roflgamer) used a guided_missile 2-13-2021, 9:24:27 AM
mrido(roflgamer) used a guided_missile 2-13-2021, 9:24:27 AM
mrido(roflgamer) used a guided_missile 2-13-2021, 9:25:46 AM
mrido(roflgamer) used a guided_missile 2-13-2021, 9:25:46 AM
mrido(roflgamer) used a guided_missile 2-13-2021, 9:25:53 AM
mrido(roflgamer) used a guided_missile 2-13-2021, 9:25:53 AM
mrido(roflgamer) used a guided_missile 2-13-2021, 9:25:58 AM
mrido(roflgamer) used a guided_missile 2-13-2021, 9:25:58 AM
mrido(roflgamer) used a guided_missile 2-13-2021, 9:25:59 AM
mrido(roflgamer) used a guided_missile 2-13-2021, 9:25:59 AM
mrido(roflgamer) used a guided_missile 2-13-2021, 9:26:03 AM
mrido(roflgamer) used a guided_missile 2-13-2021, 9:26:03 AM
mrido(roflgamer) used a guided_missile 2-13-2021, 9:26:04 AM
mrido(roflgamer) used a guided_missile 2-13-2021, 9:26:04 AM
mrido(roflgamer) used a guided_missile 2-13-2021, 9:26:05 AM
mrido(roflgamer) used a guided_missile 2-13-2021, 9:26:05 AM
mrido(roflgamer) used a guided_missile 2-13-2021, 9:26:05 AM
mrido(roflgamer) used a guided_missile 2-13-2021, 9:26:05 AM
mrido(roflgamer) used a suicide_bomb 2-13-2021, 9:28:51 AM
mrido(roflgamer) used a armored_tank 2-13-2021, 9:32:34 AM
mrido(roflgamer) used a armored_tank 2-13-2021, 9:32:35 AM
mrido(roflgamer) used a mass_bomb 2-13-2021, 9:32:35 AM
mrido(roflgamer) used a mass_bomb 2-13-2021, 9:32:35 AM
mrido(roflgamer) used a mass_bomb 2-13-2021, 9:32:35 AM
mrido(roflgamer) used a mass_bomb 2-13-2021, 9:32:36 AM
mrido(roflgamer) used a mass_bomb 2-13-2021, 9:32:36 AM
mrido(roflgamer) used a mass_bomb 2-13-2021, 9:32:36 AM
mrido(roflgamer) used a mass_bomb 2-13-2021, 9:32:36 AM
mrido(roflgamer) used a mass_bomb 2-13-2021, 9:32:36 AM
mrido(roflgamer) used a mass_bomb 2-13-2021, 9:32:37 AM
mrido(roflgamer) used a mass_bomb 2-13-2021, 9:32:37 AM
mrido(roflgamer) used a mass_bomb 2-13-2021, 9:32:37 AM
mrido(roflgamer) used a mass_bomb 2-13-2021, 9:32:37 AM
mrido(roflgamer) used a mass_bomb 2-13-2021, 9:32:38 AM
mrido(roflgamer) used a mass_bomb 2-13-2021, 9:32:38 AM
mrido(roflgamer) used a mass_bomb 2-13-2021, 9:32:38 AM
mrido(roflgamer) used a mass_bomb 2-13-2021, 9:32:39 AM
mrido(roflgamer) used a mass_bomb 2-13-2021, 9:32:39 AM
mrido(roflgamer) used a mass_bomb 2-13-2021, 9:32:39 AM
mrido(roflgamer) used a mass_bomb 2-13-2021, 9:32:39 AM
mrido(roflgamer) used a mass_bomb 2-13-2021, 9:32:40 AM
mrido(roflgamer) used a mass_bomb 2-13-2021, 9:32:40 AM
mrido(roflgamer) used a mass_bomb 2-13-2021, 9:32:40 AM
mrido(roflgamer) used a mass_bomb 2-13-2021, 9:32:40 AM
mrido(roflgamer) used a mass_bomb 2-13-2021, 9:32:41 AM
mrido(roflgamer) used a tk_ultra_health_potion 2-13-2021, 9:34:30 AM
mrido(roflgamer) used a tk_ultra_health_potion 2-13-2021, 9:34:30 AM
mrido(roflgamer) used a armored_tank 2-13-2021, 9:36:20 AM
mrido(roflgamer) used a armored_tank 2-13-2021, 9:36:20 AM
mrido(roflgamer) used a mass_bomb 2-13-2021, 9:36:21 AM
mrido(roflgamer) used a mass_bomb 2-13-2021, 9:36:21 AM
mrido(roflgamer) used a mass_bomb 2-13-2021, 9:36:21 AM
mrido(roflgamer) used a mass_bomb 2-13-2021, 9:36:21 AM
mrido(roflgamer) used a mass_bomb 2-13-2021, 9:36:22 AM
mrido(roflgamer) used a mass_bomb 2-13-2021, 9:36:22 AM
mrido(roflgamer) used a mass_bomb 2-13-2021, 9:36:22 AM
mrido(roflgamer) used a mass_bomb 2-13-2021, 9:36:22 AM
mrido(roflgamer) used a mass_bomb 2-13-2021, 9:36:22 AM
mrido(roflgamer) used a mass_bomb 2-13-2021, 9:36:23 AM
mrido(roflgamer) used a mass_bomb 2-13-2021, 9:36:23 AM
mrido(roflgamer) used a mass_bomb 2-13-2021, 9:36:23 AM
mrido(roflgamer) used a mass_bomb 2-13-2021, 9:36:24 AM
mrido(roflgamer) used a mass_bomb 2-13-2021, 9:36:24 AM
mrido(roflgamer) used a mass_bomb 2-13-2021, 9:36:24 AM
mrido(roflgamer) used a mass_bomb 2-13-2021, 9:36:24 AM
mrido(roflgamer) used a mass_bomb 2-13-2021, 9:36:24 AM
mrido(roflgamer) used a mass_bomb 2-13-2021, 9:36:24 AM
mrido(roflgamer) used a mass_bomb 2-13-2021, 9:36:25 AM
mrido(roflgamer) used a mass_bomb 2-13-2021, 9:36:25 AM
mrido(roflgamer) used a mass_bomb 2-13-2021, 9:36:25 AM
mrido(roflgamer) used a mass_bomb 2-13-2021, 9:36:25 AM
mrido(roflgamer) used a mass_bomb 2-13-2021, 9:36:25 AM
mrido(roflgamer) used a mass_bomb 2-13-2021, 9:36:26 AM
mrido(roflgamer) used a mass_bomb 2-13-2021, 9:36:26 AM
mrido(roflgamer) used a mass_bomb 2-13-2021, 9:36:26 AM
mrido(roflgamer) used a mass_bomb 2-13-2021, 9:36:26 AM
mrido(roflgamer) used a mass_bomb 2-13-2021, 9:36:27 AM
mrido(roflgamer) used a mass_bomb 2-13-2021, 9:36:27 AM
mrido(roflgamer) used a mass_bomb 2-13-2021, 9:36:27 AM
mrido(roflgamer) used a mass_bomb 2-13-2021, 9:36:27 AM
mrido(roflgamer) used a mass_bomb 2-13-2021, 9:36:27 AM
mrido(roflgamer) used a mass_bomb 2-13-2021, 9:36:28 AM
mrido(roflgamer) used a mass_bomb 2-13-2021, 9:36:28 AM
mrido(roflgamer) used a mass_bomb 2-13-2021, 9:36:28 AM
mrido(roflgamer) used a mass_bomb 2-13-2021, 9:36:28 AM
mrido(roflgamer) used a mass_bomb 2-13-2021, 9:36:29 AM
mrido(roflgamer) used a mass_bomb 2-13-2021, 9:36:29 AM
mrido(roflgamer) used a mass_bomb 2-13-2021, 9:36:29 AM
mrido(roflgamer) used a mass_bomb 2-13-2021, 9:36:29 AM
mrido(roflgamer) used a mass_bomb 2-13-2021, 9:36:30 AM
mrido(roflgamer) used a mass_bomb 2-13-2021, 9:36:30 AM
mrido(roflgamer) used a mass_bomb 2-13-2021, 9:36:30 AM
mrido(roflgamer) used a mass_bomb 2-13-2021, 9:36:31 AM
mrido(roflgamer) used a armored_tank 2-13-2021, 9:38:43 AM
mrido(roflgamer) used a armored_tank 2-13-2021, 9:38:44 AM
mrido(roflgamer) used a mass_bomb 2-13-2021, 9:38:44 AM
mrido(roflgamer) used a mass_bomb 2-13-2021, 9:38:44 AM
mrido(roflgamer) used a mass_bomb 2-13-2021, 9:38:44 AM
mrido(roflgamer) used a mass_bomb 2-13-2021, 9:38:44 AM
mrido(roflgamer) used a mass_bomb 2-13-2021, 9:38:44 AM
mrido(roflgamer) used a mass_bomb 2-13-2021, 9:38:44 AM
mrido(roflgamer) used a mass_bomb 2-13-2021, 9:38:45 AM
mrido(roflgamer) used a mass_bomb 2-13-2021, 9:38:45 AM
mrido(roflgamer) used a mass_bomb 2-13-2021, 9:38:45 AM
mrido(roflgamer) used a mass_bomb 2-13-2021, 9:38:45 AM
mrido(roflgamer) used a mass_bomb 2-13-2021, 9:38:46 AM
mrido(roflgamer) used a mass_bomb 2-13-2021, 9:38:46 AM
mrido(roflgamer) used a mass_bomb 2-13-2021, 9:38:46 AM
mrido(roflgamer) used a mass_bomb 2-13-2021, 9:38:46 AM
mrido(roflgamer) used a mass_bomb 2-13-2021, 9:38:47 AM
mrido(roflgamer) used a mass_bomb 2-13-2021, 9:38:47 AM
mrido(roflgamer) used a mass_bomb 2-13-2021, 9:38:47 AM
mrido(roflgamer) used a mass_bomb 2-13-2021, 9:38:47 AM
mrido(roflgamer) used a mass_bomb 2-13-2021, 9:38:48 AM
mrido(roflgamer) used a mass_bomb 2-13-2021, 9:38:48 AM
mrido(roflgamer) used a mass_bomb 2-13-2021, 9:38:48 AM
mrido(roflgamer) used a mass_bomb 2-13-2021, 9:38:49 AM
mrido(roflgamer) used a mass_bomb 2-13-2021, 9:38:49 AM
mrido(roflgamer) used a mass_bomb 2-13-2021, 9:38:49 AM
mrido(roflgamer) used a mass_bomb 2-13-2021, 9:38:49 AM
mrido(roflgamer) used a mass_bomb 2-13-2021, 9:38:50 AM
mrido(roflgamer) used a mass_bomb 2-13-2021, 9:38:50 AM
mrido(roflgamer) used a mass_bomb 2-13-2021, 9:38:50 AM
mrido(roflgamer) used a mass_bomb 2-13-2021, 9:38:50 AM
mrido(roflgamer) used a mass_bomb 2-13-2021, 9:38:51 AM
mrido(roflgamer) used a mass_bomb 2-13-2021, 9:38:51 AM
mrido(roflgamer) used a mass_bomb 2-13-2021, 9:38:51 AM
mrido(roflgamer) used a mass_bomb 2-13-2021, 9:38:51 AM
mrido(roflgamer) used a mass_bomb 2-13-2021, 9:38:51 AM
mrido(roflgamer) used a mass_bomb 2-13-2021, 9:38:52 AM
mrido(roflgamer) used a mass_bomb 2-13-2021, 9:38:52 AM
mrido(roflgamer) used a mass_bomb 2-13-2021, 9:38:52 AM
mrido(roflgamer) used a mass_bomb 2-13-2021, 9:38:53 AM
mrido(roflgamer) used a mass_bomb 2-13-2021, 9:38:53 AM
mrido(roflgamer) used a mass_bomb 2-13-2021, 9:38:53 AM
mrido(roflgamer) used a mass_bomb 2-13-2021, 9:38:53 AM
mrido(roflgamer) used a mass_bomb 2-13-2021, 9:38:54 AM
mrido(roflgamer) used a mass_bomb 2-13-2021, 9:38:54 AM
mrido(roflgamer) used a mass_bomb 2-13-2021, 9:38:54 AM
mrido(roflgamer) used a mass_bomb 2-13-2021, 9:38:59 AM
mrido(roflgamer) used a armored_tank 2-13-2021, 9:41:03 AM
mrido(roflgamer) used a armored_tank 2-13-2021, 9:41:03 AM
mrido(roflgamer) used a mass_bomb 2-13-2021, 9:41:04 AM
mrido(roflgamer) used a mass_bomb 2-13-2021, 9:41:04 AM
mrido(roflgamer) used a mass_bomb 2-13-2021, 9:41:04 AM
mrido(roflgamer) used a mass_bomb 2-13-2021, 9:41:05 AM
mrido(roflgamer) used a mass_bomb 2-13-2021, 9:41:05 AM
mrido(roflgamer) used a mass_bomb 2-13-2021, 9:41:05 AM
mrido(roflgamer) used a mass_bomb 2-13-2021, 9:41:05 AM
mrido(roflgamer) used a mass_bomb 2-13-2021, 9:41:06 AM
mrido(roflgamer) used a mass_bomb 2-13-2021, 9:41:06 AM
mrido(roflgamer) used a mass_bomb 2-13-2021, 9:41:06 AM
mrido(roflgamer) used a mass_bomb 2-13-2021, 9:41:06 AM
mrido(roflgamer) used a mass_bomb 2-13-2021, 9:41:07 AM
mrido(roflgamer) used a mass_bomb 2-13-2021, 9:41:07 AM
mrido(roflgamer) used a mass_bomb 2-13-2021, 9:41:07 AM
mrido(roflgamer) used a mass_bomb 2-13-2021, 9:41:08 AM
mrido(roflgamer) used a mass_bomb 2-13-2021, 9:41:08 AM
mrido(roflgamer) used a mass_bomb 2-13-2021, 9:41:08 AM
mrido(roflgamer) used a mass_bomb 2-13-2021, 9:41:08 AM
mrido(roflgamer) used a mass_bomb 2-13-2021, 9:41:09 AM
mrido(roflgamer) used a mass_bomb 2-13-2021, 9:41:09 AM
mrido(roflgamer) used a mass_bomb 2-13-2021, 9:41:09 AM
mrido(roflgamer) used a mass_bomb 2-13-2021, 9:41:10 AM
mrido(roflgamer) used a mass_bomb 2-13-2021, 9:41:10 AM
mrido(roflgamer) used a mass_bomb 2-13-2021, 9:41:10 AM
mrido(roflgamer) used a mass_bomb 2-13-2021, 9:41:10 AM
mrido(roflgamer) used a mass_bomb 2-13-2021, 9:41:11 AM
mrido(roflgamer) used a mass_bomb 2-13-2021, 9:41:11 AM
mrido(roflgamer) used a mass_bomb 2-13-2021, 9:41:11 AM
mrido(roflgamer) used a armored_tank 2-13-2021, 9:42:25 AM
mrido(roflgamer) used a mass_bomb 2-13-2021, 9:42:27 AM
mrido(roflgamer) used a mass_bomb 2-13-2021, 9:42:27 AM
mrido(roflgamer) used a mass_bomb 2-13-2021, 9:42:27 AM
mrido(roflgamer) used a mass_bomb 2-13-2021, 9:42:27 AM
mrido(roflgamer) used a mass_bomb 2-13-2021, 9:42:28 AM
mrido(roflgamer) used a mass_bomb 2-13-2021, 9:42:28 AM
mrido(roflgamer) used a mass_bomb 2-13-2021, 9:42:28 AM
mrido(roflgamer) used a mass_bomb 2-13-2021, 9:42:28 AM
mrido(roflgamer) used a mass_bomb 2-13-2021, 9:42:28 AM
mrido(roflgamer) used a mass_bomb 2-13-2021, 9:42:28 AM
mrido(roflgamer) used a mass_bomb 2-13-2021, 9:42:29 AM
mrido(roflgamer) used a mass_bomb 2-13-2021, 9:42:29 AM
mrido(roflgamer) used a mass_bomb 2-13-2021, 9:42:29 AM
mrido(roflgamer) used a mass_bomb 2-13-2021, 9:42:29 AM
mrido(roflgamer) used a mass_bomb 2-13-2021, 9:42:29 AM
mrido(roflgamer) used a mass_bomb 2-13-2021, 9:42:30 AM
mrido(roflgamer) used a mass_bomb 2-13-2021, 9:42:30 AM
mrido(roflgamer) used a mass_bomb 2-13-2021, 9:42:30 AM
mrido(roflgamer) used a mass_bomb 2-13-2021, 9:42:30 AM
mrido(roflgamer) used a mass_bomb 2-13-2021, 9:42:31 AM
mrido(roflgamer) used a mass_bomb 2-13-2021, 9:42:31 AM
mrido(roflgamer) used a mass_bomb 2-13-2021, 9:42:31 AM
mrido(roflgamer) used a mass_bomb 2-13-2021, 9:42:31 AM
mrido(roflgamer) used a mass_bomb 2-13-2021, 9:42:32 AM
mrido(roflgamer) used a mass_bomb 2-13-2021, 9:42:32 AM
mrido(roflgamer) used a mass_bomb 2-13-2021, 9:42:33 AM
mrido(roflgamer) used a mass_bomb 2-13-2021, 9:42:33 AM
mrido(roflgamer) used a mass_bomb 2-13-2021, 9:42:33 AM
mrido(roflgamer) used a mass_bomb 2-13-2021, 9:42:33 AM
mrido(roflgamer) used a mass_bomb 2-13-2021, 9:42:34 AM
mrido(roflgamer) used a mass_bomb 2-13-2021, 9:42:34 AM
mrido(roflgamer) used a mass_bomb 2-13-2021, 9:42:34 AM
mrido(roflgamer) used a mass_bomb 2-13-2021, 9:42:35 AM
mrido(roflgamer) used a mass_bomb 2-13-2021, 9:42:35 AM
mrido(roflgamer) used a mass_bomb 2-13-2021, 9:42:35 AM
mrido(roflgamer) used a mass_bomb 2-13-2021, 9:42:35 AM
mrido(roflgamer) used a mass_bomb 2-13-2021, 9:42:35 AM
mrido(roflgamer) used a mass_bomb 2-13-2021, 9:42:36 AM
mrido(roflgamer) used a mass_bomb 2-13-2021, 9:42:36 AM
mrido(roflgamer) used a mass_bomb 2-13-2021, 9:42:36 AM
mrido(roflgamer) used a mass_bomb 2-13-2021, 9:42:36 AM
mrido(roflgamer) used a mass_bomb 2-13-2021, 9:42:37 AM
mrido(roflgamer) used a mass_bomb 2-13-2021, 9:42:37 AM
mrido(roflgamer) used a mass_bomb 2-13-2021, 9:42:37 AM
mrido(roflgamer) used a armored_tank 2-13-2021, 9:43:21 AM
mrido(roflgamer) used a mass_bomb 2-13-2021, 9:43:21 AM
mrido(roflgamer) used a mass_bomb 2-13-2021, 9:43:22 AM
mrido(roflgamer) used a mass_bomb 2-13-2021, 9:43:22 AM
mrido(roflgamer) used a mass_bomb 2-13-2021, 9:43:22 AM
mrido(roflgamer) used a mass_bomb 2-13-2021, 9:43:22 AM
mrido(roflgamer) used a mass_bomb 2-13-2021, 9:43:23 AM
mrido(roflgamer) used a mass_bomb 2-13-2021, 9:43:23 AM
mrido(roflgamer) used a mass_bomb 2-13-2021, 9:43:23 AM
mrido(roflgamer) used a mass_bomb 2-13-2021, 9:43:23 AM
mrido(roflgamer) used a mass_bomb 2-13-2021, 9:43:24 AM
mrido(roflgamer) used a mass_bomb 2-13-2021, 9:43:24 AM
mrido(roflgamer) used a mass_bomb 2-13-2021, 9:43:24 AM
mrido(roflgamer) used a mass_bomb 2-13-2021, 9:43:24 AM
mrido(roflgamer) used a mass_bomb 2-13-2021, 9:43:25 AM
mrido(roflgamer) used a mass_bomb 2-13-2021, 9:43:25 AM
mrido(roflgamer) used a mass_bomb 2-13-2021, 9:43:25 AM
mrido(roflgamer) used a mass_bomb 2-13-2021, 9:43:25 AM
mrido(roflgamer) used a mass_bomb 2-13-2021, 9:43:26 AM
mrido(roflgamer) used a mass_bomb 2-13-2021, 9:43:26 AM
mrido(roflgamer) used a mass_bomb 2-13-2021, 9:43:26 AM
mrido(roflgamer) used a mass_bomb 2-13-2021, 9:43:26 AM
mrido(roflgamer) used a mass_bomb 2-13-2021, 9:43:27 AM
mrido(roflgamer) used a mass_bomb 2-13-2021, 9:43:27 AM
mrido(roflgamer) used a mass_bomb 2-13-2021, 9:43:27 AM
mrido(roflgamer) used a mass_bomb 2-13-2021, 9:43:28 AM
mrido(roflgamer) used a mass_bomb 2-13-2021, 9:43:28 AM
mrido(roflgamer) used a mass_bomb 2-13-2021, 9:43:28 AM
mrido(roflgamer) used a mass_bomb 2-13-2021, 9:43:28 AM
mrido(roflgamer) used a mass_bomb 2-13-2021, 9:43:29 AM
mrido(roflgamer) used a mass_bomb 2-13-2021, 9:43:30 AM
mrido(roflgamer) used a mass_bomb 2-13-2021, 9:43:30 AM
mrido(roflgamer) used a mass_bomb 2-13-2021, 9:43:31 AM
mrido(roflgamer) used a mass_bomb 2-13-2021, 9:43:31 AM
mrido(roflgamer) used a armored_tank 2-13-2021, 9:44:48 AM
mrido(roflgamer) used a armored_tank 2-13-2021, 9:44:48 AM
mrido(roflgamer) used a armored_tank 2-13-2021, 9:44:49 AM
mrido(roflgamer) used a mass_bomb 2-13-2021, 9:44:49 AM
mrido(roflgamer) used a mass_bomb 2-13-2021, 9:44:49 AM
mrido(roflgamer) used a mass_bomb 2-13-2021, 9:44:49 AM
mrido(roflgamer) used a mass_bomb 2-13-2021, 9:44:50 AM
mrido(roflgamer) used a mass_bomb 2-13-2021, 9:44:50 AM
mrido(roflgamer) used a mass_bomb 2-13-2021, 9:44:50 AM
mrido(roflgamer) used a mass_bomb 2-13-2021, 9:44:50 AM
mrido(roflgamer) used a mass_bomb 2-13-2021, 9:44:50 AM
mrido(roflgamer) used a mass_bomb 2-13-2021, 9:44:51 AM
mrido(roflgamer) used a mass_bomb 2-13-2021, 9:44:51 AM
mrido(roflgamer) used a mass_bomb 2-13-2021, 9:44:51 AM
mrido(roflgamer) used a mass_bomb 2-13-2021, 9:44:51 AM
mrido(roflgamer) used a mass_bomb 2-13-2021, 9:44:52 AM
mrido(roflgamer) used a mass_bomb 2-13-2021, 9:44:52 AM
mrido(roflgamer) used a mass_bomb 2-13-2021, 9:44:52 AM
mrido(roflgamer) used a mass_bomb 2-13-2021, 9:44:52 AM
mrido(roflgamer) used a mass_bomb 2-13-2021, 9:44:53 AM
mrido(roflgamer) used a mass_bomb 2-13-2021, 9:44:53 AM
mrido(roflgamer) used a mass_bomb 2-13-2021, 9:44:53 AM
mrido(roflgamer) used a mass_bomb 2-13-2021, 9:44:53 AM
mrido(roflgamer) used a mass_bomb 2-13-2021, 9:44:54 AM
mrido(roflgamer) used a mass_bomb 2-13-2021, 9:44:54 AM
mrido(roflgamer) used a mass_bomb 2-13-2021, 9:44:54 AM
mrido(roflgamer) used a mass_bomb 2-13-2021, 9:44:54 AM
mrido(roflgamer) used a mass_bomb 2-13-2021, 9:44:55 AM
mrido(roflgamer) used a mass_bomb 2-13-2021, 9:44:55 AM
mrido(roflgamer) used a mass_bomb 2-13-2021, 9:44:55 AM
mrido(roflgamer) used a mass_bomb 2-13-2021, 9:44:56 AM
mrido(roflgamer) used a mass_bomb 2-13-2021, 9:44:56 AM
mrido(roflgamer) used a mass_bomb 2-13-2021, 9:44:56 AM
mrido(roflgamer) used a mass_bomb 2-13-2021, 9:44:56 AM
mrido(roflgamer) used a mass_bomb 2-13-2021, 9:44:57 AM
mrido(roflgamer) used a mass_bomb 2-13-2021, 9:44:57 AM
mrido(roflgamer) used a mass_bomb 2-13-2021, 9:44:57 AM
mrido(roflgamer) used a mass_bomb 2-13-2021, 9:44:57 AM
mrido(roflgamer) used a mass_bomb 2-13-2021, 9:44:58 AM
mrido(roflgamer) used a mass_bomb 2-13-2021, 9:44:58 AM
mrido(roflgamer) used a mass_bomb 2-13-2021, 9:44:58 AM
mrido(roflgamer) used a mass_bomb 2-13-2021, 9:44:59 AM
mrido(roflgamer) used a mass_bomb 2-13-2021, 9:44:59 AM
mrido(roflgamer) used a mass_bomb 2-13-2021, 9:44:59 AM
mrido(roflgamer) used a mass_bomb 2-13-2021, 9:45:00 AM
mrido(roflgamer) used a mass_bomb 2-13-2021, 9:45:02 AM
mrido(roflgamer) used a mass_bomb 2-13-2021, 9:45:03 AM
mrido(roflgamer) used a mass_bomb 2-13-2021, 9:45:03 AM
mrido(roflgamer) used a mass_bomb 2-13-2021, 9:45:03 AM
mrido(roflgamer) used a mass_bomb 2-13-2021, 9:45:04 AM
mrido(roflgamer) used a armored_tank 2-13-2021, 9:45:55 AM
mrido(roflgamer) used a armored_tank 2-13-2021, 9:45:55 AM
mrido(roflgamer) used a armored_tank 2-13-2021, 9:45:56 AM
mrido(roflgamer) used a mass_bomb 2-13-2021, 9:45:56 AM
mrido(roflgamer) used a mass_bomb 2-13-2021, 9:45:56 AM
mrido(roflgamer) used a mass_bomb 2-13-2021, 9:45:57 AM
mrido(roflgamer) used a mass_bomb 2-13-2021, 9:45:57 AM
mrido(roflgamer) used a mass_bomb 2-13-2021, 9:45:57 AM
mrido(roflgamer) used a mass_bomb 2-13-2021, 9:45:57 AM
mrido(roflgamer) used a mass_bomb 2-13-2021, 9:45:58 AM
mrido(roflgamer) used a mass_bomb 2-13-2021, 9:45:58 AM
mrido(roflgamer) used a mass_bomb 2-13-2021, 9:45:58 AM
mrido(roflgamer) used a mass_bomb 2-13-2021, 9:45:58 AM
mrido(roflgamer) used a mass_bomb 2-13-2021, 9:45:59 AM
mrido(roflgamer) used a mass_bomb 2-13-2021, 9:45:59 AM
mrido(roflgamer) used a mass_bomb 2-13-2021, 9:45:59 AM
mrido(roflgamer) used a mass_bomb 2-13-2021, 9:46:00 AM
mrido(roflgamer) used a mass_bomb 2-13-2021, 9:46:01 AM
mrido(roflgamer) used a mass_bomb 2-13-2021, 9:46:01 AM
mrido(roflgamer) used a mass_bomb 2-13-2021, 9:46:01 AM
mrido(roflgamer) used a mass_bomb 2-13-2021, 9:46:03 AM
mrido(roflgamer) used a mass_bomb 2-13-2021, 9:46:03 AM
mrido(roflgamer) used a mass_bomb 2-13-2021, 9:46:03 AM
mrido(roflgamer) used a mass_bomb 2-13-2021, 9:46:03 AM
mrido(roflgamer) used a mass_bomb 2-13-2021, 9:46:04 AM
mrido(roflgamer) used a mass_bomb 2-13-2021, 9:46:04 AM
mrido(roflgamer) used a mass_bomb 2-13-2021, 9:46:04 AM
mrido(roflgamer) used a mass_bomb 2-13-2021, 9:46:04 AM
mrido(roflgamer) used a mass_bomb 2-13-2021, 9:46:05 AM
mrido(roflgamer) used a mass_bomb 2-13-2021, 9:46:06 AM
mrido(roflgamer) used a mass_bomb 2-13-2021, 9:46:06 AM
mrido(roflgamer) used a mass_bomb 2-13-2021, 9:46:07 AM
mrido(roflgamer) used a mass_bomb 2-13-2021, 9:46:07 AM
mrido(roflgamer) used a mass_bomb 2-13-2021, 9:46:07 AM
mrido(roflgamer) used a mass_bomb 2-13-2021, 9:46:13 AM
mrido(roflgamer) used a mass_bomb 2-13-2021, 9:46:14 AM
mrido(roflgamer) used a mass_bomb 2-13-2021, 9:46:14 AM
mrido(roflgamer) used a mass_bomb 2-13-2021, 9:46:14 AM
mrido(roflgamer) used a mass_bomb 2-13-2021, 9:46:15 AM
mrido(roflgamer) used a mass_bomb 2-13-2021, 9:46:15 AM
mrido(roflgamer) used a mass_bomb 2-13-2021, 9:46:15 AM
mrido(roflgamer) used a mass_bomb 2-13-2021, 9:46:15 AM
mrido(roflgamer) used a mass_bomb 2-13-2021, 9:46:16 AM
mrido(roflgamer) used a mass_bomb 2-13-2021, 9:46:16 AM
mrido(roflgamer) used a mass_bomb 2-13-2021, 9:46:16 AM
mrido(roflgamer) used a mass_bomb 2-13-2021, 9:46:16 AM
mrido(roflgamer) used a mass_bomb 2-13-2021, 9:46:18 AM
mrido(roflgamer) used a mass_bomb 2-13-2021, 9:46:18 AM
mrido(roflgamer) used a mass_bomb 2-13-2021, 9:46:19 AM
mrido(roflgamer) used a mass_bomb 2-13-2021, 9:46:19 AM
mrido(roflgamer) used a mass_bomb 2-13-2021, 9:46:19 AM
mrido(roflgamer) used a mass_bomb 2-13-2021, 9:46:19 AM
mrido(roflgamer) used a mass_bomb 2-13-2021, 9:46:20 AM
mrido(roflgamer) used a mass_bomb 2-13-2021, 9:46:20 AM
mrido(roflgamer) used a mass_bomb 2-13-2021, 9:46:20 AM
mrido(roflgamer) used a mass_bomb 2-13-2021, 9:46:20 AM
mrido(roflgamer) used a mass_bomb 2-13-2021, 9:46:21 AM
mrido(roflgamer) used a mass_bomb 2-13-2021, 9:46:22 AM
mrido(roflgamer) used a mass_bomb 2-13-2021, 9:46:22 AM
mrido(roflgamer) used a mass_bomb 2-13-2021, 9:46:22 AM
mrido(roflgamer) used a mass_bomb 2-13-2021, 9:46:22 AM
mrido(roflgamer) used a mass_bomb 2-13-2021, 9:46:23 AM
mrido(roflgamer) used a mass_bomb 2-13-2021, 9:46:24 AM
mrido(roflgamer) used a mass_bomb 2-13-2021, 9:46:24 AM
mrido(roflgamer) used a mass_bomb 2-13-2021, 9:46:24 AM
mrido(roflgamer) used a mass_bomb 2-13-2021, 9:46:25 AM
mrido(roflgamer) used a mass_bomb 2-13-2021, 9:46:25 AM
mrido(roflgamer) used a mass_bomb 2-13-2021, 9:46:25 AM
mrido(roflgamer) used a mass_bomb 2-13-2021, 9:46:26 AM
mrido(roflgamer) used a mass_bomb 2-13-2021, 9:46:26 AM
mrido(roflgamer) used a mass_bomb 2-13-2021, 9:46:27 AM
mrido(roflgamer) used a mass_bomb 2-13-2021, 9:46:27 AM
mrido(roflgamer) used a mass_bomb 2-13-2021, 9:46:27 AM
mrido(roflgamer) used a mass_bomb 2-13-2021, 9:46:27 AM
mrido(roflgamer) used a mass_bomb 2-13-2021, 9:46:28 AM
mrido(roflgamer) used a mass_bomb 2-13-2021, 9:46:28 AM
mrido(roflgamer) used a mass_bomb 2-13-2021, 9:46:28 AM
mrido(roflgamer) used a mass_bomb 2-13-2021, 9:46:29 AM
mrido(roflgamer) used a mass_bomb 2-13-2021, 9:46:29 AM
mrido(roflgamer) used a mass_bomb 2-13-2021, 9:46:29 AM
mrido(roflgamer) used a mass_bomb 2-13-2021, 9:46:30 AM
mrido(roflgamer) used a mass_bomb 2-13-2021, 9:46:30 AM
mrido(roflgamer) used a mass_bomb 2-13-2021, 9:46:30 AM
mrido(roflgamer) used a mass_bomb 2-13-2021, 9:46:30 AM
mrido(roflgamer) used a mass_bomb 2-13-2021, 9:46:31 AM
mrido(roflgamer) used a mass_bomb 2-13-2021, 9:46:32 AM
mrido(roflgamer) used a mass_bomb 2-13-2021, 9:46:32 AM
mrido(roflgamer) used a mass_bomb 2-13-2021, 9:46:33 AM
mrido(roflgamer) used a mass_bomb 2-13-2021, 9:46:33 AM
mrido(roflgamer) used a mass_bomb 2-13-2021, 9:46:33 AM
mrido(roflgamer) used a mass_bomb 2-13-2021, 9:46:33 AM
mrido(roflgamer) used a mass_bomb 2-13-2021, 9:46:34 AM
mrido(roflgamer) used a mass_bomb 2-13-2021, 9:46:34 AM
mrido(roflgamer) used a mass_bomb 2-13-2021, 9:46:35 AM
mrido(roflgamer) used a mass_bomb 2-13-2021, 9:46:35 AM
mrido(roflgamer) used a mass_bomb 2-13-2021, 9:46:35 AM
mrido(roflgamer) used a mass_bomb 2-13-2021, 9:46:36 AM
mrido(roflgamer) used a mass_bomb 2-13-2021, 9:46:36 AM
mrido(roflgamer) used a mass_bomb 2-13-2021, 9:46:37 AM
mrido(roflgamer) used a mass_bomb 2-13-2021, 9:46:37 AM
mrido(roflgamer) used a mass_bomb 2-13-2021, 9:46:38 AM
mrido(roflgamer) used a mass_bomb 2-13-2021, 9:46:38 AM
mrido(roflgamer) used a mass_bomb 2-13-2021, 9:46:38 AM
mrido(roflgamer) used a mass_bomb 2-13-2021, 9:46:38 AM
mrido(roflgamer) used a mass_bomb 2-13-2021, 9:46:39 AM
mrido(roflgamer) used a mass_bomb 2-13-2021, 9:46:40 AM
mrido(roflgamer) used a mass_bomb 2-13-2021, 9:46:40 AM
mrido(roflgamer) used a mass_bomb 2-13-2021, 9:46:40 AM
mrido(roflgamer) used a mass_bomb 2-13-2021, 9:46:40 AM
mrido(roflgamer) used a mass_bomb 2-13-2021, 9:46:41 AM
mrido(roflgamer) used a mass_bomb 2-13-2021, 9:46:41 AM
mrido(roflgamer) used a mass_bomb 2-13-2021, 9:46:41 AM
mrido(roflgamer) used a mass_bomb 2-13-2021, 9:46:41 AM
mrido(roflgamer) used a mass_bomb 2-13-2021, 9:46:42 AM
mrido(roflgamer) used a mass_bomb 2-13-2021, 9:46:42 AM
mrido(roflgamer) used a mass_bomb 2-13-2021, 9:46:42 AM
mrido(roflgamer) used a mass_bomb 2-13-2021, 9:46:43 AM
mrido(roflgamer) used a mass_bomb 2-13-2021, 9:46:43 AM
mrido(roflgamer) used a mass_bomb 2-13-2021, 9:46:43 AM
mrido(roflgamer) used a mass_bomb 2-13-2021, 9:46:43 AM
mrido(roflgamer) used a mass_bomb 2-13-2021, 9:46:44 AM
mrido(roflgamer) used a mass_bomb 2-13-2021, 9:46:44 AM
mrido(roflgamer) used a mass_bomb 2-13-2021, 9:46:44 AM
mrido(roflgamer) used a mass_bomb 2-13-2021, 9:46:45 AM
mrido(roflgamer) used a mass_bomb 2-13-2021, 9:46:45 AM
mrido(roflgamer) used a mass_bomb 2-13-2021, 9:46:45 AM
mrido(roflgamer) used a mass_bomb 2-13-2021, 9:46:45 AM
mrido(roflgamer) used a mass_bomb 2-13-2021, 9:46:51 AM
mrido(roflgamer) used a tk_ultra_health_potion 2-13-2021, 9:47:33 AM
mrido(roflgamer) used a tk_ultra_health_potion 2-13-2021, 9:47:33 AM
mrido(roflgamer) used a armored_tank 2-13-2021, 9:47:35 AM
mrido(roflgamer) used a armored_tank 2-13-2021, 9:47:35 AM
mrido(roflgamer) used a mass_bomb 2-13-2021, 9:47:36 AM
mrido(roflgamer) used a mass_bomb 2-13-2021, 9:47:37 AM
mrido(roflgamer) used a mass_bomb 2-13-2021, 9:47:37 AM
mrido(roflgamer) used a mass_bomb 2-13-2021, 9:47:37 AM
mrido(roflgamer) used a mass_bomb 2-13-2021, 9:47:37 AM
mrido(roflgamer) used a mass_bomb 2-13-2021, 9:47:38 AM
mrido(roflgamer) used a mass_bomb 2-13-2021, 9:47:38 AM
mrido(roflgamer) used a mass_bomb 2-13-2021, 9:47:38 AM
mrido(roflgamer) used a mass_bomb 2-13-2021, 9:47:38 AM
mrido(roflgamer) used a mass_bomb 2-13-2021, 9:47:39 AM
mrido(roflgamer) used a mass_bomb 2-13-2021, 9:47:39 AM
mrido(roflgamer) used a mass_bomb 2-13-2021, 9:47:39 AM
mrido(roflgamer) used a mass_bomb 2-13-2021, 9:47:39 AM
mrido(roflgamer) used a mass_bomb 2-13-2021, 9:47:40 AM
mrido(roflgamer) used a mass_bomb 2-13-2021, 9:47:40 AM
mrido(roflgamer) used a mass_bomb 2-13-2021, 9:47:40 AM
mrido(roflgamer) used a mass_bomb 2-13-2021, 9:47:41 AM
mrido(roflgamer) used a mass_bomb 2-13-2021, 9:47:41 AM
mrido(roflgamer) used a mass_bomb 2-13-2021, 9:47:41 AM
mrido(roflgamer) used a mass_bomb 2-13-2021, 9:47:42 AM
mrido(roflgamer) used a mass_bomb 2-13-2021, 9:47:42 AM
mrido(roflgamer) used a mass_bomb 2-13-2021, 9:47:42 AM
mrido(roflgamer) used a mass_bomb 2-13-2021, 9:47:42 AM
mrido(roflgamer) used a mass_bomb 2-13-2021, 9:47:43 AM
mrido(roflgamer) used a mass_bomb 2-13-2021, 9:47:43 AM
mrido(roflgamer) used a mass_bomb 2-13-2021, 9:47:43 AM
mrido(roflgamer) used a mass_bomb 2-13-2021, 9:47:43 AM
mrido(roflgamer) used a mass_bomb 2-13-2021, 9:47:44 AM
mrido(roflgamer) used a mass_bomb 2-13-2021, 9:47:44 AM
mrido(roflgamer) used a mass_bomb 2-13-2021, 9:47:44 AM
mrido(roflgamer) used a mass_bomb 2-13-2021, 9:47:44 AM
mrido(roflgamer) used a mass_bomb 2-13-2021, 9:47:45 AM
mrido(roflgamer) used a mass_bomb 2-13-2021, 9:47:45 AM
mrido(roflgamer) used a mass_bomb 2-13-2021, 9:47:45 AM
mrido(roflgamer) used a mass_bomb 2-13-2021, 9:47:46 AM
mrido(roflgamer) used a mass_bomb 2-13-2021, 9:47:46 AM
mrido(roflgamer) used a mass_bomb 2-13-2021, 9:47:46 AM
mrido(roflgamer) used a mass_bomb 2-13-2021, 9:47:46 AM
mrido(roflgamer) used a mass_bomb 2-13-2021, 9:47:47 AM
mrido(roflgamer) used a mass_bomb 2-13-2021, 9:47:47 AM
mrido(roflgamer) used a mass_bomb 2-13-2021, 9:47:50 AM
mrido(roflgamer) used a mass_bomb 2-13-2021, 9:47:51 AM
mrido(roflgamer) used a mass_bomb 2-13-2021, 9:47:54 AM
mrido(roflgamer) used a mass_bomb 2-13-2021, 9:47:55 AM
mrido(roflgamer) used a mass_bomb 2-13-2021, 9:47:55 AM
mrido(roflgamer) used a mass_bomb 2-13-2021, 9:47:56 AM
mrido(roflgamer) used a mass_bomb 2-13-2021, 9:47:56 AM
mrido(roflgamer) used a mass_bomb 2-13-2021, 9:47:57 AM
mrido(roflgamer) used a mass_bomb 2-13-2021, 9:47:57 AM
mrido(roflgamer) used a mass_bomb 2-13-2021, 9:47:58 AM
mrido(roflgamer) used a mass_bomb 2-13-2021, 9:47:58 AM
mrido(roflgamer) used a mass_bomb 2-13-2021, 9:47:58 AM
mrido(roflgamer) used a mass_bomb 2-13-2021, 9:47:59 AM
mrido(roflgamer) used a mass_bomb 2-13-2021, 9:47:59 AM
mrido(roflgamer) used a mass_bomb 2-13-2021, 9:47:59 AM
mrido(roflgamer) used a mass_bomb 2-13-2021, 9:48:00 AM
mrido(roflgamer) used a mass_bomb 2-13-2021, 9:48:00 AM
mrido(roflgamer) used a mass_bomb 2-13-2021, 9:48:00 AM
mrido(roflgamer) used a mass_bomb 2-13-2021, 9:48:00 AM
mrido(roflgamer) used a mass_bomb 2-13-2021, 9:48:00 AM
mrido(roflgamer) used a mass_bomb 2-13-2021, 9:48:01 AM
mrido(roflgamer) used a mass_bomb 2-13-2021, 9:48:01 AM
mrido(roflgamer) used a mass_bomb 2-13-2021, 9:48:01 AM
mrido(roflgamer) used a mass_bomb 2-13-2021, 9:48:01 AM
mrido(roflgamer) used a mass_bomb 2-13-2021, 9:48:01 AM
mrido(roflgamer) used a mass_bomb 2-13-2021, 9:48:02 AM
mrido(roflgamer) used a mass_bomb 2-13-2021, 9:48:02 AM
mrido(roflgamer) used a mass_bomb 2-13-2021, 9:48:02 AM
mrido(roflgamer) used a mass_bomb 2-13-2021, 9:48:02 AM
mrido(roflgamer) used a mass_bomb 2-13-2021, 9:48:02 AM
mrido(roflgamer) used a mass_bomb 2-13-2021, 9:48:03 AM
mrido(roflgamer) used a mass_bomb 2-13-2021, 9:48:03 AM
mrido(roflgamer) used a mass_bomb 2-13-2021, 9:48:03 AM
mrido(roflgamer) used a mass_bomb 2-13-2021, 9:48:04 AM
mrido(roflgamer) used a mass_bomb 2-13-2021, 9:48:04 AM
mrido(roflgamer) used a mass_bomb 2-13-2021, 9:48:04 AM
mrido(roflgamer) used a mass_bomb 2-13-2021, 9:48:05 AM
mrido(roflgamer) used a mass_bomb 2-13-2021, 9:48:05 AM
mrido(roflgamer) used a metal 2-13-2021, 9:48:07 AM
mrido(roflgamer) used a mass_bomb 2-13-2021, 9:48:08 AM
mrido(roflgamer) used a mass_bomb 2-13-2021, 9:48:08 AM
mrido(roflgamer) used a mass_bomb 2-13-2021, 9:48:08 AM
mrido(roflgamer) used a mass_bomb 2-13-2021, 9:48:08 AM
mrido(roflgamer) used a mass_bomb 2-13-2021, 9:48:09 AM
mrido(roflgamer) used a mass_bomb 2-13-2021, 9:48:09 AM
mrido(roflgamer) used a mass_bomb 2-13-2021, 9:48:09 AM
mrido(roflgamer) used a mass_bomb 2-13-2021, 9:48:09 AM
mrido(roflgamer) used a mass_bomb 2-13-2021, 9:48:11 AM
mrido(roflgamer) used a mass_bomb 2-13-2021, 9:48:11 AM
mrido(roflgamer) used a mass_bomb 2-13-2021, 9:48:11 AM
mrido(roflgamer) used a mass_bomb 2-13-2021, 9:48:11 AM
mrido(roflgamer) used a mass_bomb 2-13-2021, 9:48:11 AM
mrido(roflgamer) used a mass_bomb 2-13-2021, 9:48:12 AM
mrido(roflgamer) used a mass_bomb 2-13-2021, 9:48:12 AM
mrido(roflgamer) used a mass_bomb 2-13-2021, 9:48:12 AM
mrido(roflgamer) used a mass_bomb 2-13-2021, 9:48:13 AM
mrido(roflgamer) used a mass_bomb 2-13-2021, 9:48:13 AM
mrido(roflgamer) used a mass_bomb 2-13-2021, 9:48:13 AM
mrido(roflgamer) used a mass_bomb 2-13-2021, 9:48:13 AM
mrido(roflgamer) used a mass_bomb 2-13-2021, 9:48:14 AM
mrido(roflgamer) used a mass_bomb 2-13-2021, 9:48:14 AM
mrido(roflgamer) used a mass_bomb 2-13-2021, 9:48:14 AM
mrido(roflgamer) used a mass_bomb 2-13-2021, 9:48:14 AM
mrido(roflgamer) used a mass_bomb 2-13-2021, 9:48:15 AM
mrido(roflgamer) used a mass_bomb 2-13-2021, 9:48:15 AM
mrido(roflgamer) used a mass_bomb 2-13-2021, 9:48:15 AM
mrido(roflgamer) used a mass_bomb 2-13-2021, 9:48:15 AM
mrido(roflgamer) used a mass_bomb 2-13-2021, 9:48:16 AM
mrido(roflgamer) used a mass_bomb 2-13-2021, 9:48:16 AM
mrido(roflgamer) used a mass_bomb 2-13-2021, 9:48:16 AM
mrido(roflgamer) used a mass_bomb 2-13-2021, 9:48:17 AM
mrido(roflgamer) used a mass_bomb 2-13-2021, 9:48:17 AM
mrido(roflgamer) used a mass_bomb 2-13-2021, 9:48:17 AM
mrido(roflgamer) used a mass_bomb 2-13-2021, 9:48:17 AM
mrido(roflgamer) used a mass_bomb 2-13-2021, 9:48:18 AM
mrido(roflgamer) used a mass_bomb 2-13-2021, 9:48:19 AM
mrido(roflgamer) used a mass_bomb 2-13-2021, 9:48:19 AM
mrido(roflgamer) used a mass_bomb 2-13-2021, 9:48:19 AM
mrido(roflgamer) used a mass_bomb 2-13-2021, 9:48:20 AM
mrido(roflgamer) used a mass_bomb 2-13-2021, 9:48:20 AM
mrido(roflgamer) used a mass_bomb 2-13-2021, 9:48:20 AM
mrido(roflgamer) used a metal 2-13-2021, 9:48:21 AM
mrido(roflgamer) used a mass_bomb 2-13-2021, 9:48:21 AM
mrido(roflgamer) used a mass_bomb 2-13-2021, 9:48:21 AM
mrido(roflgamer) used a mass_bomb 2-13-2021, 9:48:22 AM
mrido(roflgamer) used a mass_bomb 2-13-2021, 9:48:22 AM
mrido(roflgamer) used a mass_bomb 2-13-2021, 9:48:22 AM
mrido(roflgamer) used a mass_bomb 2-13-2021, 9:48:23 AM
mrido(roflgamer) used a mass_bomb 2-13-2021, 9:48:23 AM
mrido(roflgamer) used a mass_bomb 2-13-2021, 9:48:23 AM
mrido(roflgamer) used a mass_bomb 2-13-2021, 9:48:23 AM
mrido(roflgamer) used a mass_bomb 2-13-2021, 9:48:24 AM
mrido(roflgamer) used a mass_bomb 2-13-2021, 9:48:24 AM
mrido(roflgamer) used a mass_bomb 2-13-2021, 9:48:25 AM
mrido(roflgamer) used a mass_bomb 2-13-2021, 9:48:25 AM
mrido(roflgamer) used a mass_bomb 2-13-2021, 9:48:25 AM
mrido(roflgamer) used a mass_bomb 2-13-2021, 9:48:26 AM
mrido(roflgamer) used a mass_bomb 2-13-2021, 9:48:26 AM
mrido(roflgamer) used a mass_bomb 2-13-2021, 9:48:26 AM
mrido(roflgamer) used a mass_bomb 2-13-2021, 9:48:27 AM
mrido(roflgamer) used a mass_bomb 2-13-2021, 9:48:27 AM
mrido(roflgamer) used a mass_bomb 2-13-2021, 9:48:27 AM
mrido(roflgamer) used a mass_bomb 2-13-2021, 9:48:28 AM
mrido(roflgamer) used a mass_bomb 2-13-2021, 9:48:28 AM
mrido(roflgamer) used a mass_bomb 2-13-2021, 9:48:28 AM
mrido(roflgamer) used a mass_bomb 2-13-2021, 9:48:28 AM
mrido(roflgamer) used a mass_bomb 2-13-2021, 9:48:28 AM
mrido(roflgamer) used a mass_bomb 2-13-2021, 9:48:29 AM
mrido(roflgamer) used a mass_bomb 2-13-2021, 9:48:29 AM
mrido(roflgamer) used a mass_bomb 2-13-2021, 9:48:29 AM
mrido(roflgamer) used a mass_bomb 2-13-2021, 9:48:30 AM
mrido(roflgamer) used a mass_bomb 2-13-2021, 9:48:30 AM
mrido(roflgamer) used a mass_bomb 2-13-2021, 9:48:30 AM
mrido(roflgamer) used a mass_bomb 2-13-2021, 9:48:30 AM
mrido(roflgamer) used a mass_bomb 2-13-2021, 9:48:31 AM
mrido(roflgamer) used a mass_bomb 2-13-2021, 9:48:31 AM
mrido(roflgamer) used a mass_bomb 2-13-2021, 9:48:31 AM
mrido(roflgamer) used a mass_bomb 2-13-2021, 9:48:31 AM
mrido(roflgamer) used a mass_bomb 2-13-2021, 9:48:32 AM
mrido(roflgamer) used a mass_bomb 2-13-2021, 9:48:32 AM
mrido(roflgamer) used a mass_bomb 2-13-2021, 9:48:32 AM
mrido(roflgamer) used a mass_bomb 2-13-2021, 9:48:32 AM
mrido(roflgamer) used a mass_bomb 2-13-2021, 9:48:32 AM
mrido(roflgamer) used a mass_bomb 2-13-2021, 9:48:33 AM
mrido(roflgamer) used a metal 2-13-2021, 9:48:35 AM
mrido(roflgamer) used a metal 2-13-2021, 9:48:36 AM
mrido(roflgamer) used a metal 2-13-2021, 9:48:36 AM
mrido(roflgamer) used a mass_bomb 2-13-2021, 9:48:36 AM
mrido(roflgamer) used a mass_bomb 2-13-2021, 9:48:37 AM
mrido(roflgamer) used a mass_bomb 2-13-2021, 9:48:37 AM
mrido(roflgamer) used a mass_bomb 2-13-2021, 9:48:37 AM
mrido(roflgamer) used a mass_bomb 2-13-2021, 9:48:38 AM
mrido(roflgamer) used a mass_bomb 2-13-2021, 9:48:38 AM
mrido(roflgamer) used a mass_bomb 2-13-2021, 9:48:38 AM
mrido(roflgamer) used a mass_bomb 2-13-2021, 9:48:38 AM
mrido(roflgamer) used a mass_bomb 2-13-2021, 9:48:39 AM
mrido(roflgamer) used a mass_bomb 2-13-2021, 9:48:39 AM
mrido(roflgamer) used a mass_bomb 2-13-2021, 9:48:39 AM
mrido(roflgamer) used a mass_bomb 2-13-2021, 9:48:40 AM
mrido(roflgamer) used a mass_bomb 2-13-2021, 9:48:40 AM
mrido(roflgamer) used a mass_bomb 2-13-2021, 9:48:40 AM
mrido(roflgamer) used a mass_bomb 2-13-2021, 9:48:41 AM
mrido(roflgamer) used a mass_bomb 2-13-2021, 9:48:41 AM
mrido(roflgamer) used a mass_bomb 2-13-2021, 9:48:41 AM
mrido(roflgamer) used a mass_bomb 2-13-2021, 9:48:42 AM
mrido(roflgamer) used a mass_bomb 2-13-2021, 9:48:42 AM
mrido(roflgamer) used a mass_bomb 2-13-2021, 9:48:42 AM
mrido(roflgamer) used a mass_bomb 2-13-2021, 9:48:42 AM
mrido(roflgamer) used a mass_bomb 2-13-2021, 9:48:42 AM
mrido(roflgamer) used a mass_bomb 2-13-2021, 9:48:43 AM
mrido(roflgamer) used a mass_bomb 2-13-2021, 9:48:43 AM
mrido(roflgamer) used a mass_bomb 2-13-2021, 9:48:43 AM
mrido(roflgamer) used a mass_bomb 2-13-2021, 9:48:43 AM
mrido(roflgamer) used a mass_bomb 2-13-2021, 9:48:44 AM
mrido(roflgamer) used a mass_bomb 2-13-2021, 9:48:44 AM
mrido(roflgamer) used a mass_bomb 2-13-2021, 9:48:44 AM
mrido(roflgamer) used a mass_bomb 2-13-2021, 9:48:45 AM
mrido(roflgamer) used a mass_bomb 2-13-2021, 9:48:45 AM
mrido(roflgamer) used a mass_bomb 2-13-2021, 9:48:45 AM
mrido(roflgamer) used a mass_bomb 2-13-2021, 9:48:45 AM
mrido(roflgamer) used a mass_bomb 2-13-2021, 9:48:46 AM
mrido(roflgamer) used a mass_bomb 2-13-2021, 9:48:46 AM
mrido(roflgamer) used a mass_bomb 2-13-2021, 9:48:47 AM
mrido(roflgamer) used a mass_bomb 2-13-2021, 9:48:48 AM
mrido(roflgamer) used a mass_bomb 2-13-2021, 9:48:48 AM
mrido(roflgamer) used a mass_bomb 2-13-2021, 9:48:49 AM
mrido(roflgamer) used a mass_bomb 2-13-2021, 9:48:49 AM
mrido(roflgamer) used a armored_tank 2-13-2021, 9:49:20 AM
mrido(roflgamer) used a armored_tank 2-13-2021, 9:49:21 AM
mrido(roflgamer) used a mass_bomb 2-13-2021, 9:49:22 AM
mrido(roflgamer) used a mass_bomb 2-13-2021, 9:49:22 AM
mrido(roflgamer) used a mass_bomb 2-13-2021, 9:49:22 AM
mrido(roflgamer) used a mass_bomb 2-13-2021, 9:49:22 AM
mrido(roflgamer) used a mass_bomb 2-13-2021, 9:49:22 AM
mrido(roflgamer) used a mass_bomb 2-13-2021, 9:49:23 AM
mrido(roflgamer) used a mass_bomb 2-13-2021, 9:49:23 AM
mrido(roflgamer) used a mass_bomb 2-13-2021, 9:49:23 AM
mrido(roflgamer) used a mass_bomb 2-13-2021, 9:49:24 AM
mrido(roflgamer) used a mass_bomb 2-13-2021, 9:49:24 AM
mrido(roflgamer) used a mass_bomb 2-13-2021, 9:49:24 AM
mrido(roflgamer) used a mass_bomb 2-13-2021, 9:49:25 AM
mrido(roflgamer) used a mass_bomb 2-13-2021, 9:49:25 AM
mrido(roflgamer) used a mass_bomb 2-13-2021, 9:49:25 AM
mrido(roflgamer) used a mass_bomb 2-13-2021, 9:49:25 AM
mrido(roflgamer) used a mass_bomb 2-13-2021, 9:49:26 AM
mrido(roflgamer) used a mass_bomb 2-13-2021, 9:49:26 AM
mrido(roflgamer) used a mass_bomb 2-13-2021, 9:49:26 AM
mrido(roflgamer) used a mass_bomb 2-13-2021, 9:49:26 AM
mrido(roflgamer) used a mass_bomb 2-13-2021, 9:49:27 AM
mrido(roflgamer) used a mass_bomb 2-13-2021, 9:49:27 AM
mrido(roflgamer) used a mass_bomb 2-13-2021, 9:49:27 AM
mrido(roflgamer) used a mass_bomb 2-13-2021, 9:49:27 AM
mrido(roflgamer) used a mass_bomb 2-13-2021, 9:49:28 AM
mrido(roflgamer) used a mass_bomb 2-13-2021, 9:49:28 AM
mrido(roflgamer) used a mass_bomb 2-13-2021, 9:49:28 AM
mrido(roflgamer) used a mass_bomb 2-13-2021, 9:49:29 AM
mrido(roflgamer) used a mass_bomb 2-13-2021, 9:49:29 AM
mrido(roflgamer) used a mass_bomb 2-13-2021, 9:49:29 AM
mrido(roflgamer) used a mass_bomb 2-13-2021, 9:49:29 AM
mrido(roflgamer) used a mass_bomb 2-13-2021, 9:49:30 AM
mrido(roflgamer) used a mass_bomb 2-13-2021, 9:49:30 AM
mrido(roflgamer) used a mass_bomb 2-13-2021, 9:49:30 AM
mrido(roflgamer) used a mass_bomb 2-13-2021, 9:49:30 AM
mrido(roflgamer) used a mass_bomb 2-13-2021, 9:49:31 AM
mrido(roflgamer) used a mass_bomb 2-13-2021, 9:49:31 AM
mrido(roflgamer) used a mass_bomb 2-13-2021, 9:49:31 AM
mrido(roflgamer) used a mass_bomb 2-13-2021, 9:49:32 AM
mrido(roflgamer) used a mass_bomb 2-13-2021, 9:49:32 AM
mrido(roflgamer) used a mass_bomb 2-13-2021, 9:49:32 AM
mrido(roflgamer) used a mass_bomb 2-13-2021, 9:49:32 AM
mrido(roflgamer) used a mass_bomb 2-13-2021, 9:49:35 AM
mrido(roflgamer) used a mass_bomb 2-13-2021, 9:49:35 AM
mrido(roflgamer) used a mass_bomb 2-13-2021, 9:51:38 AM
mrido(roflgamer) used a armored_tank 2-13-2021, 9:51:48 AM
mrido(roflgamer) used a armored_tank 2-13-2021, 9:51:48 AM
mrido(roflgamer) used a armored_tank 2-13-2021, 9:51:49 AM
mrido(roflgamer) used a mass_bomb 2-13-2021, 9:51:49 AM
mrido(roflgamer) used a mass_bomb 2-13-2021, 9:51:50 AM
mrido(roflgamer) used a mass_bomb 2-13-2021, 9:51:50 AM
mrido(roflgamer) used a mass_bomb 2-13-2021, 9:51:50 AM
mrido(roflgamer) used a mass_bomb 2-13-2021, 9:51:50 AM
mrido(roflgamer) used a mass_bomb 2-13-2021, 9:51:51 AM
mrido(roflgamer) used a mass_bomb 2-13-2021, 9:51:51 AM
mrido(roflgamer) used a mass_bomb 2-13-2021, 9:51:51 AM
mrido(roflgamer) used a mass_bomb 2-13-2021, 9:51:51 AM
mrido(roflgamer) used a mass_bomb 2-13-2021, 9:51:52 AM
mrido(roflgamer) used a mass_bomb 2-13-2021, 9:51:52 AM
mrido(roflgamer) used a mass_bomb 2-13-2021, 9:51:52 AM
mrido(roflgamer) used a mass_bomb 2-13-2021, 9:51:53 AM
mrido(roflgamer) used a mass_bomb 2-13-2021, 9:51:53 AM
mrido(roflgamer) used a mass_bomb 2-13-2021, 9:51:53 AM
mrido(roflgamer) used a mass_bomb 2-13-2021, 9:51:53 AM
mrido(roflgamer) used a mass_bomb 2-13-2021, 9:51:54 AM
mrido(roflgamer) used a mass_bomb 2-13-2021, 9:51:54 AM
mrido(roflgamer) used a mass_bomb 2-13-2021, 9:51:54 AM
mrido(roflgamer) used a mass_bomb 2-13-2021, 9:51:55 AM
mrido(roflgamer) used a mass_bomb 2-13-2021, 9:51:55 AM
mrido(roflgamer) used a mass_bomb 2-13-2021, 9:51:55 AM
mrido(roflgamer) used a mass_bomb 2-13-2021, 9:51:55 AM
mrido(roflgamer) used a mass_bomb 2-13-2021, 9:51:56 AM
mrido(roflgamer) used a mass_bomb 2-13-2021, 9:51:56 AM
mrido(roflgamer) used a mass_bomb 2-13-2021, 9:51:56 AM
mrido(roflgamer) used a mass_bomb 2-13-2021, 9:51:57 AM
mrido(roflgamer) used a mass_bomb 2-13-2021, 9:51:57 AM
mrido(roflgamer) used a mass_bomb 2-13-2021, 9:51:57 AM
mrido(roflgamer) used a mass_bomb 2-13-2021, 9:51:58 AM
mrido(roflgamer) used a mass_bomb 2-13-2021, 9:51:58 AM
mrido(roflgamer) used a mass_bomb 2-13-2021, 9:51:58 AM
mrido(roflgamer) used a mass_bomb 2-13-2021, 9:51:58 AM
mrido(roflgamer) used a mass_bomb 2-13-2021, 9:51:59 AM
mrido(roflgamer) used a mass_bomb 2-13-2021, 9:51:59 AM
mrido(roflgamer) used a mass_bomb 2-13-2021, 9:51:59 AM
mrido(roflgamer) used a mass_bomb 2-13-2021, 9:52:00 AM
mrido(roflgamer) used a mass_bomb 2-13-2021, 9:52:00 AM
mrido(roflgamer) used a mass_bomb 2-13-2021, 9:52:00 AM
mrido(roflgamer) used a mass_bomb 2-13-2021, 9:52:00 AM
mrido(roflgamer) used a mass_bomb 2-13-2021, 9:52:01 AM
mrido(roflgamer) used a mass_bomb 2-13-2021, 9:52:01 AM
mrido(roflgamer) used a mass_bomb 2-13-2021, 9:52:01 AM
mrido(roflgamer) used a mass_bomb 2-13-2021, 9:52:01 AM
mrido(roflgamer) used a mass_bomb 2-13-2021, 9:52:02 AM
mrido(roflgamer) used a mass_bomb 2-13-2021, 9:52:02 AM
mrido(roflgamer) used a mass_bomb 2-13-2021, 9:52:02 AM
mrido(roflgamer) used a mass_bomb 2-13-2021, 9:52:02 AM
mrido(roflgamer) used a mass_bomb 2-13-2021, 9:52:03 AM
mrido(roflgamer) used a mass_bomb 2-13-2021, 9:52:03 AM
mrido(roflgamer) used a mass_bomb 2-13-2021, 9:52:03 AM
mrido(roflgamer) used a mass_bomb 2-13-2021, 9:52:03 AM
mrido(roflgamer) used a mass_bomb 2-13-2021, 9:52:04 AM
mrido(roflgamer) used a mass_bomb 2-13-2021, 9:52:04 AM
mrido(roflgamer) used a mass_bomb 2-13-2021, 9:52:04 AM
mrido(roflgamer) used a mass_bomb 2-13-2021, 9:52:04 AM
mrido(roflgamer) used a mass_bomb 2-13-2021, 9:52:05 AM
mrido(roflgamer) used a mass_bomb 2-13-2021, 9:52:05 AM
mrido(roflgamer) used a mass_bomb 2-13-2021, 9:52:05 AM
mrido(roflgamer) used a mass_bomb 2-13-2021, 9:52:05 AM
mrido(roflgamer) used a mass_bomb 2-13-2021, 9:52:05 AM
mrido(roflgamer) used a mass_bomb 2-13-2021, 9:52:06 AM
mrido(roflgamer) used a mass_bomb 2-13-2021, 9:52:06 AM
mrido(roflgamer) used a metal 2-13-2021, 9:52:06 AM
mrido(roflgamer) used a mass_bomb 2-13-2021, 9:52:08 AM
mrido(roflgamer) used a mass_bomb 2-13-2021, 9:52:08 AM
mrido(roflgamer) used a mass_bomb 2-13-2021, 9:52:08 AM
mrido(roflgamer) used a mass_bomb 2-13-2021, 9:52:09 AM
mrido(roflgamer) used a armored_tank 2-13-2021, 9:52:34 AM
mrido(roflgamer) used a armored_tank 2-13-2021, 9:52:35 AM
mrido(roflgamer) used a guided_missile 2-13-2021, 9:52:35 AM
mrido(roflgamer) used a guided_missile 2-13-2021, 9:52:35 AM
mrido(roflgamer) used a guided_missile 2-13-2021, 9:52:40 AM
mrido(roflgamer) used a guided_missile 2-13-2021, 9:52:40 AM
mrido(roflgamer) used a guided_missile 2-13-2021, 9:52:40 AM
mrido(roflgamer) used a guided_missile 2-13-2021, 9:52:41 AM
mrido(roflgamer) used a guided_missile 2-13-2021, 9:52:42 AM
mrido(roflgamer) used a guided_missile 2-13-2021, 9:52:42 AM
mrido(roflgamer) used a guided_missile 2-13-2021, 9:52:42 AM
mrido(roflgamer) used a guided_missile 2-13-2021, 9:52:46 AM
mrido(roflgamer) used a guided_missile 2-13-2021, 9:52:46 AM
mrido(roflgamer) used a guided_missile 2-13-2021, 9:52:47 AM
mrido(roflgamer) used a guided_missile 2-13-2021, 9:52:47 AM
mrido(roflgamer) used a guided_missile 2-13-2021, 9:52:47 AM
mrido(roflgamer) used a guided_missile 2-13-2021, 9:52:48 AM
mrido(roflgamer) used a guided_missile 2-13-2021, 9:52:48 AM
mrido(roflgamer) used a guided_missile 2-13-2021, 9:52:48 AM
mrido(roflgamer) used a guided_missile 2-13-2021, 9:52:48 AM
mrido(roflgamer) used a guided_missile 2-13-2021, 9:52:48 AM
mrido(roflgamer) used a guided_missile 2-13-2021, 9:53:06 AM
mrido(roflgamer) used a guided_missile 2-13-2021, 9:53:09 AM
mrido(roflgamer) used a guided_missile 2-13-2021, 9:53:09 AM
mrido(roflgamer) used a guided_missile 2-13-2021, 9:53:09 AM
mrido(roflgamer) used a guided_missile 2-13-2021, 9:53:10 AM
mrido(roflgamer) used a guided_missile 2-13-2021, 9:53:10 AM
mrido(roflgamer) used a guided_missile 2-13-2021, 9:53:10 AM
mrido(roflgamer) used a guided_missile 2-13-2021, 9:53:11 AM
mrido(roflgamer) used a guided_missile 2-13-2021, 9:53:11 AM
mrido(roflgamer) used a guided_missile 2-13-2021, 9:53:12 AM
mrido(roflgamer) used a guided_missile 2-13-2021, 9:53:12 AM
mrido(roflgamer) used a metal 2-13-2021, 9:53:13 AM
mrido(roflgamer) used a guided_missile 2-13-2021, 9:53:20 AM
mrido(roflgamer) used a guided_missile 2-13-2021, 9:53:21 AM
mrido(roflgamer) used a guided_missile 2-13-2021, 9:53:23 AM
mrido(roflgamer) used a guided_missile 2-13-2021, 9:53:23 AM
mrido(roflgamer) used a guided_missile 2-13-2021, 9:53:25 AM
mrido(roflgamer) used a guided_missile 2-13-2021, 9:53:25 AM
mrido(roflgamer) used a guided_missile 2-13-2021, 9:53:26 AM
mrido(roflgamer) used a guided_missile 2-13-2021, 9:53:29 AM
mrido(roflgamer) used a guided_missile 2-13-2021, 9:53:29 AM
mrido(roflgamer) used a guided_missile 2-13-2021, 9:53:32 AM
mrido(roflgamer) used a guided_missile 2-13-2021, 9:53:36 AM
mrido(roflgamer) used a guided_missile 2-13-2021, 9:53:37 AM
mrido(roflgamer) used a guided_missile 2-13-2021, 9:53:48 AM
mrido(roflgamer) used a guided_missile 2-13-2021, 9:53:50 AM
mrido(roflgamer) used a guided_missile 2-13-2021, 9:53:52 AM
mrido(roflgamer) used a guided_missile 2-13-2021, 9:53:54 AM
mrido(roflgamer) used a guided_missile 2-13-2021, 9:53:55 AM
mrido(roflgamer) used a guided_missile 2-13-2021, 9:53:57 AM
mrido(roflgamer) used a guided_missile 2-13-2021, 9:53:59 AM
mrido(roflgamer) used a guided_missile 2-13-2021, 9:54:00 AM
mrido(roflgamer) used a guided_missile 2-13-2021, 9:54:03 AM
mrido(roflgamer) used a guided_missile 2-13-2021, 9:54:03 AM
mrido(roflgamer) used a guided_missile 2-13-2021, 9:54:05 AM
mrido(roflgamer) used a guided_missile 2-13-2021, 9:54:06 AM
mrido(roflgamer) used a guided_missile 2-13-2021, 9:54:06 AM
mrido(roflgamer) used a guided_missile 2-13-2021, 9:54:06 AM
mrido(roflgamer) used a guided_missile 2-13-2021, 9:54:08 AM
mrido(roflgamer) used a guided_missile 2-13-2021, 9:54:08 AM
mrido(roflgamer) used a guided_missile 2-13-2021, 9:54:09 AM
mrido(roflgamer) used a guided_missile 2-13-2021, 9:54:09 AM
mrido(roflgamer) used a guided_missile 2-13-2021, 9:54:10 AM
mrido(roflgamer) used a guided_missile 2-13-2021, 9:54:10 AM
mrido(roflgamer) used a guided_missile 2-13-2021, 9:54:10 AM
mrido(roflgamer) used a guided_missile 2-13-2021, 9:54:11 AM
mrido(roflgamer) used a guided_missile 2-13-2021, 9:54:11 AM
mrido(roflgamer) used a guided_missile 2-13-2021, 9:54:12 AM
mrido(roflgamer) used a guided_missile 2-13-2021, 9:54:13 AM
mrido(roflgamer) used a guided_missile 2-13-2021, 9:54:13 AM
mrido(roflgamer) used a guided_missile 2-13-2021, 9:54:16 AM
mrido(roflgamer) used a guided_missile 2-13-2021, 9:54:16 AM
mrido(roflgamer) used a guided_missile 2-13-2021, 9:54:16 AM
mrido(roflgamer) used a guided_missile 2-13-2021, 9:54:17 AM
mrido(roflgamer) used a guided_missile 2-13-2021, 9:54:17 AM
mrido(roflgamer) used a guided_missile 2-13-2021, 9:54:18 AM
mrido(roflgamer) used a guided_missile 2-13-2021, 9:54:18 AM
mrido(roflgamer) used a guided_missile 2-13-2021, 9:54:18 AM
mrido(roflgamer) used a guided_missile 2-13-2021, 9:54:19 AM
mrido(roflgamer) used a guided_missile 2-13-2021, 9:54:19 AM
mrido(roflgamer) used a guided_missile 2-13-2021, 9:54:19 AM
mrido(roflgamer) used a guided_missile 2-13-2021, 9:54:21 AM
mrido(roflgamer) used a guided_missile 2-13-2021, 9:54:22 AM
mrido(roflgamer) used a guided_missile 2-13-2021, 9:54:24 AM
mrido(roflgamer) used a guided_missile 2-13-2021, 9:54:25 AM
mrido(roflgamer) used a guided_missile 2-13-2021, 9:54:25 AM
mrido(roflgamer) used a guided_missile 2-13-2021, 9:54:25 AM
mrido(roflgamer) used a guided_missile 2-13-2021, 9:54:26 AM
mrido(roflgamer) used a guided_missile 2-13-2021, 9:54:27 AM
mrido(roflgamer) used a guided_missile 2-13-2021, 9:54:27 AM
mrido(roflgamer) used a guided_missile 2-13-2021, 9:54:27 AM
mrido(roflgamer) used a guided_missile 2-13-2021, 9:54:28 AM
mrido(roflgamer) used a guided_missile 2-13-2021, 9:54:28 AM
mrido(roflgamer) used a guided_missile 2-13-2021, 9:54:30 AM
mrido(roflgamer) used a guided_missile 2-13-2021, 9:54:30 AM
mrido(roflgamer) used a guided_missile 2-13-2021, 9:54:31 AM
mrido(roflgamer) used a guided_missile 2-13-2021, 9:54:31 AM
mrido(roflgamer) used a guided_missile 2-13-2021, 9:54:31 AM
mrido(roflgamer) used a guided_missile 2-13-2021, 9:54:32 AM
mrido(roflgamer) used a guided_missile 2-13-2021, 9:54:32 AM
mrido(roflgamer) used a guided_missile 2-13-2021, 9:54:32 AM
mrido(roflgamer) used a guided_missile 2-13-2021, 9:54:33 AM
mrido(roflgamer) used a guided_missile 2-13-2021, 9:54:33 AM
mrido(roflgamer) used a guided_missile 2-13-2021, 9:54:33 AM
mrido(roflgamer) used a guided_missile 2-13-2021, 9:54:34 AM
mrido(roflgamer) used a guided_missile 2-13-2021, 9:54:36 AM
mrido(roflgamer) used a guided_missile 2-13-2021, 9:54:36 AM
mrido(roflgamer) used a guided_missile 2-13-2021, 9:54:36 AM
mrido(roflgamer) used a guided_missile 2-13-2021, 9:54:37 AM
mrido(roflgamer) used a guided_missile 2-13-2021, 9:54:37 AM
mrido(roflgamer) used a guided_missile 2-13-2021, 9:54:37 AM
mrido(roflgamer) used a guided_missile 2-13-2021, 9:54:38 AM
mrido(roflgamer) used a guided_missile 2-13-2021, 9:54:38 AM
mrido(roflgamer) used a guided_missile 2-13-2021, 9:54:40 AM
mrido(roflgamer) used a guided_missile 2-13-2021, 9:54:40 AM
mrido(roflgamer) used a metal 2-13-2021, 9:54:41 AM
mrido(roflgamer) used a guided_missile 2-13-2021, 9:54:48 AM
mrido(roflgamer) used a guided_missile 2-13-2021, 9:54:48 AM
mrido(roflgamer) used a guided_missile 2-13-2021, 9:54:53 AM
mrido(roflgamer) used a guided_missile 2-13-2021, 9:54:53 AM
mrido(roflgamer) used a guided_missile 2-13-2021, 9:54:54 AM
mrido(roflgamer) used a guided_missile 2-13-2021, 9:54:56 AM
mrido(roflgamer) used a guided_missile 2-13-2021, 9:54:56 AM
mrido(roflgamer) used a guided_missile 2-13-2021, 9:54:56 AM
mrido(roflgamer) used a guided_missile 2-13-2021, 9:55:03 AM
mrido(roflgamer) used a guided_missile 2-13-2021, 9:55:03 AM
mrido(roflgamer) used a metal 2-13-2021, 9:55:06 AM
mrido(roflgamer) used a guided_missile 2-13-2021, 9:55:08 AM
mrido(roflgamer) used a guided_missile 2-13-2021, 9:55:08 AM
mrido(roflgamer) used a guided_missile 2-13-2021, 9:55:09 AM
mrido(roflgamer) used a guided_missile 2-13-2021, 9:55:09 AM
mrido(roflgamer) used a metal 2-13-2021, 9:55:11 AM
mrido(roflgamer) used a metal 2-13-2021, 9:55:11 AM
mrido(roflgamer) used a guided_missile 2-13-2021, 9:55:15 AM
mrido(roflgamer) used a guided_missile 2-13-2021, 9:55:15 AM
mrido(roflgamer) used a guided_missile 2-13-2021, 9:55:21 AM
mrido(roflgamer) used a guided_missile 2-13-2021, 9:55:21 AM
mrido(roflgamer) used a guided_missile 2-13-2021, 9:55:21 AM
mrido(roflgamer) used a guided_missile 2-13-2021, 9:55:22 AM
mrido(roflgamer) used a guided_missile 2-13-2021, 9:55:22 AM
mrido(roflgamer) used a guided_missile 2-13-2021, 9:55:24 AM
mrido(roflgamer) used a guided_missile 2-13-2021, 9:55:24 AM
mrido(roflgamer) used a guided_missile 2-13-2021, 9:55:25 AM
mrido(roflgamer) used a guided_missile 2-13-2021, 9:55:27 AM
mrido(roflgamer) used a guided_missile 2-13-2021, 9:55:31 AM
mrido(roflgamer) used a guided_missile 2-13-2021, 9:55:31 AM
mrido(roflgamer) used a guided_missile 2-13-2021, 9:55:32 AM
mrido(roflgamer) used a guided_missile 2-13-2021, 9:55:33 AM
mrido(roflgamer) used a guided_missile 2-13-2021, 9:55:33 AM
mrido(roflgamer) used a guided_missile 2-13-2021, 9:55:33 AM
mrido(roflgamer) used a guided_missile 2-13-2021, 9:55:40 AM
mrido(roflgamer) used a guided_missile 2-13-2021, 9:55:40 AM
mrido(roflgamer) used a guided_missile 2-13-2021, 9:55:40 AM
mrido(roflgamer) used a guided_missile 2-13-2021, 9:55:46 AM
mrido(roflgamer) used a guided_missile 2-13-2021, 9:55:46 AM
mrido(roflgamer) used a guided_missile 2-13-2021, 9:55:46 AM
mrido(roflgamer) used a guided_missile 2-13-2021, 9:55:47 AM
mrido(roflgamer) used a guided_missile 2-13-2021, 9:55:47 AM
mrido(roflgamer) used a mass_bomb 2-13-2021, 9:55:50 AM
mrido(roflgamer) used a mass_bomb 2-13-2021, 9:55:51 AM
mrido(roflgamer) used a mass_bomb 2-13-2021, 9:55:51 AM
mrido(roflgamer) used a mass_bomb 2-13-2021, 9:55:51 AM
mrido(roflgamer) used a mass_bomb 2-13-2021, 9:55:51 AM
mrido(roflgamer) used a mass_bomb 2-13-2021, 9:55:51 AM
mrido(roflgamer) used a mass_bomb 2-13-2021, 9:55:52 AM
mrido(roflgamer) used a mass_bomb 2-13-2021, 9:55:52 AM
mrido(roflgamer) used a mass_bomb 2-13-2021, 9:55:52 AM
mrido(roflgamer) used a mass_bomb 2-13-2021, 9:55:52 AM
mrido(roflgamer) used a mass_bomb 2-13-2021, 9:55:52 AM
mrido(roflgamer) used a mass_bomb 2-13-2021, 9:55:53 AM
mrido(roflgamer) used a mass_bomb 2-13-2021, 9:55:53 AM
mrido(roflgamer) used a mass_bomb 2-13-2021, 9:55:53 AM
mrido(roflgamer) used a mass_bomb 2-13-2021, 9:55:53 AM
mrido(roflgamer) used a guided_missile 2-13-2021, 9:55:54 AM
mrido(roflgamer) used a guided_missile 2-13-2021, 9:55:54 AM
mrido(roflgamer) used a mass_bomb 2-13-2021, 9:55:57 AM
mrido(roflgamer) used a mass_bomb 2-13-2021, 9:55:57 AM
mrido(roflgamer) used a mass_bomb 2-13-2021, 9:55:57 AM
mrido(roflgamer) used a mass_bomb 2-13-2021, 9:55:57 AM
mrido(roflgamer) used a mass_bomb 2-13-2021, 9:55:58 AM
mrido(roflgamer) used a mass_bomb 2-13-2021, 9:55:58 AM
mrido(roflgamer) used a mass_bomb 2-13-2021, 9:55:58 AM
mrido(roflgamer) used a mass_bomb 2-13-2021, 9:55:58 AM
mrido(roflgamer) used a mass_bomb 2-13-2021, 9:55:58 AM
mrido(roflgamer) used a mass_bomb 2-13-2021, 9:55:59 AM
mrido(roflgamer) used a mass_bomb 2-13-2021, 9:55:59 AM
mrido(roflgamer) used a metal 2-13-2021, 9:55:59 AM
mrido(roflgamer) used a metal 2-13-2021, 9:56:00 AM
mrido(roflgamer) used a metal 2-13-2021, 9:56:00 AM
mrido(roflgamer) used a metal 2-13-2021, 9:56:00 AM
mrido(roflgamer) used a mass_bomb 2-13-2021, 9:56:06 AM
mrido(roflgamer) used a mass_bomb 2-13-2021, 9:56:06 AM
mrido(roflgamer) used a guided_missile 2-13-2021, 9:56:07 AM
mrido(roflgamer) used a guided_missile 2-13-2021, 9:56:08 AM
mrido(roflgamer) used a metal 2-13-2021, 9:56:11 AM
mrido(roflgamer) used a guided_missile 2-13-2021, 9:56:12 AM
mrido(roflgamer) used a guided_missile 2-13-2021, 9:56:12 AM
mrido(roflgamer) used a guided_missile 2-13-2021, 9:56:14 AM
mrido(roflgamer) used a guided_missile 2-13-2021, 9:56:14 AM
mrido(roflgamer) used a guided_missile 2-13-2021, 9:56:16 AM
mrido(roflgamer) used a guided_missile 2-13-2021, 9:56:16 AM
mrido(roflgamer) used a guided_missile 2-13-2021, 9:56:18 AM
mrido(roflgamer) used a guided_missile 2-13-2021, 9:56:20 AM
mrido(roflgamer) used a guided_missile 2-13-2021, 9:56:21 AM
mrido(roflgamer) used a guided_missile 2-13-2021, 9:56:23 AM
mrido(roflgamer) used a guided_missile 2-13-2021, 9:56:24 AM
mrido(roflgamer) used a guided_missile 2-13-2021, 9:56:25 AM
mrido(roflgamer) used a guided_missile 2-13-2021, 9:56:27 AM
mrido(roflgamer) used a guided_missile 2-13-2021, 9:56:28 AM
mrido(roflgamer) used a guided_missile 2-13-2021, 9:56:30 AM
mrido(roflgamer) used a guided_missile 2-13-2021, 9:56:31 AM
mrido(roflgamer) used a guided_missile 2-13-2021, 9:56:33 AM
mrido(roflgamer) used a guided_missile 2-13-2021, 9:56:34 AM
mrido(roflgamer) used a guided_missile 2-13-2021, 9:56:35 AM
mrido(roflgamer) used a guided_missile 2-13-2021, 9:56:36 AM
mrido(roflgamer) used a guided_missile 2-13-2021, 9:56:37 AM
mrido(roflgamer) used a guided_missile 2-13-2021, 9:56:39 AM
mrido(roflgamer) used a guided_missile 2-13-2021, 9:56:40 AM
mrido(roflgamer) used a guided_missile 2-13-2021, 9:56:41 AM
mrido(roflgamer) used a guided_missile 2-13-2021, 9:56:41 AM
mrido(roflgamer) used a guided_missile 2-13-2021, 9:56:41 AM
mrido(roflgamer) used a guided_missile 2-13-2021, 9:56:42 AM
mrido(roflgamer) used a guided_missile 2-13-2021, 9:56:42 AM
mrido(roflgamer) used a guided_missile 2-13-2021, 9:56:43 AM
mrido(roflgamer) used a mass_bomb 2-13-2021, 9:56:45 AM
mrido(roflgamer) used a mass_bomb 2-13-2021, 9:56:45 AM
mrido(roflgamer) used a mass_bomb 2-13-2021, 9:56:45 AM
mrido(roflgamer) used a mass_bomb 2-13-2021, 9:56:46 AM
mrido(roflgamer) used a mass_bomb 2-13-2021, 9:56:46 AM
mrido(roflgamer) used a mass_bomb 2-13-2021, 9:56:47 AM
mrido(roflgamer) used a mass_bomb 2-13-2021, 9:56:47 AM
mrido(roflgamer) used a mass_bomb 2-13-2021, 9:56:47 AM
mrido(roflgamer) used a mass_bomb 2-13-2021, 9:56:47 AM
mrido(roflgamer) used a mass_bomb 2-13-2021, 9:56:47 AM
mrido(roflgamer) used a mass_bomb 2-13-2021, 9:56:47 AM
mrido(roflgamer) used a mass_bomb 2-13-2021, 9:56:48 AM
mrido(roflgamer) used a guided_missile 2-13-2021, 9:56:48 AM
mrido(roflgamer) used a mass_bomb 2-13-2021, 9:56:50 AM
mrido(roflgamer) used a mass_bomb 2-13-2021, 9:56:50 AM
mrido(roflgamer) used a mass_bomb 2-13-2021, 9:56:50 AM
mrido(roflgamer) used a mass_bomb 2-13-2021, 9:56:51 AM
mrido(roflgamer) used a mass_bomb 2-13-2021, 9:56:51 AM
mrido(roflgamer) used a mass_bomb 2-13-2021, 9:56:51 AM
mrido(roflgamer) used a mass_bomb 2-13-2021, 9:56:51 AM
mrido(roflgamer) used a mass_bomb 2-13-2021, 9:56:52 AM
mrido(roflgamer) used a mass_bomb 2-13-2021, 9:56:52 AM
mrido(roflgamer) used a mass_bomb 2-13-2021, 9:56:52 AM
mrido(roflgamer) used a mass_bomb 2-13-2021, 9:56:52 AM
mrido(roflgamer) used a mass_bomb 2-13-2021, 9:56:53 AM
mrido(roflgamer) used a mass_bomb 2-13-2021, 9:56:53 AM
mrido(roflgamer) used a mass_bomb 2-13-2021, 9:56:53 AM
mrido(roflgamer) used a mass_bomb 2-13-2021, 9:56:53 AM
mrido(roflgamer) used a mass_bomb 2-13-2021, 9:56:54 AM
mrido(roflgamer) used a mass_bomb 2-13-2021, 9:56:54 AM
mrido(roflgamer) used a mass_bomb 2-13-2021, 9:56:54 AM
mrido(roflgamer) used a mass_bomb 2-13-2021, 9:56:55 AM
mrido(roflgamer) used a mass_bomb 2-13-2021, 9:56:55 AM
mrido(roflgamer) used a mass_bomb 2-13-2021, 9:56:55 AM
mrido(roflgamer) used a mass_bomb 2-13-2021, 9:56:55 AM
mrido(roflgamer) used a mass_bomb 2-13-2021, 9:56:55 AM
mrido(roflgamer) used a mass_bomb 2-13-2021, 9:56:56 AM
mrido(roflgamer) used a aircraft 2-13-2021, 10:35:58 AM
mrido(roflgamer) used a suicide_bomb 2-13-2021, 10:36:18 AM
mrido(roflgamer) used a aircraft 2-13-2021, 10:36:40 AM
mrido(roflgamer) used a aircraft 2-13-2021, 10:36:40 AM
mrido(roflgamer) used a aircraft 2-13-2021, 10:36:41 AM
mrido(roflgamer) used a aircraft 2-13-2021, 10:36:41 AM
mrido(roflgamer) used a aircraft 2-13-2021, 10:36:42 AM
mrido(roflgamer) used a guided_missile 2-13-2021, 10:37:09 AM
mrido(roflgamer) used a suicide_bomb 2-13-2021, 10:37:53 AM
mrido(roflgamer) used a suicide_bomb 2-13-2021, 10:37:55 AM
mrido(roflgamer) used a suicide_bomb 2-13-2021, 10:37:56 AM
mrido(roflgamer) used a suicide_bomb 2-13-2021, 10:37:57 AM
mrido(roflgamer) used a suicide_bomb 2-13-2021, 10:37:57 AM
mrido(roflgamer) used a suicide_bomb 2-13-2021, 10:37:58 AM
mrido(roflgamer) used a suicide_bomb 2-13-2021, 10:37:59 AM
mrido(roflgamer) used a suicide_bomb 2-13-2021, 10:37:59 AM
mrido(roflgamer) used a suicide_bomb 2-13-2021, 10:37:59 AM
mrido(roflgamer) used a suicide_bomb 2-13-2021, 10:37:59 AM
mrido(roflgamer) used a suicide_bomb 2-13-2021, 10:38:00 AM
mrido(roflgamer) used a suicide_bomb 2-13-2021, 10:38:00 AM
mrido(roflgamer) used a suicide_bomb 2-13-2021, 10:38:00 AM
mrido(roflgamer) used a suicide_bomb 2-13-2021, 10:38:01 AM
mrido(roflgamer) used a suicide_bomb 2-13-2021, 10:38:01 AM
mrido(roflgamer) used a suicide_bomb 2-13-2021, 10:38:01 AM
mrido(roflgamer) used a suicide_bomb 2-13-2021, 10:38:01 AM
mrido(roflgamer) used a suicide_bomb 2-13-2021, 10:38:02 AM
mrido(roflgamer) used a carrier_missile 2-13-2021, 10:39:34 AM
mrido(roflgamer) used a carrier_missile 2-13-2021, 10:39:38 AM
mrido(roflgamer) used a carrier_missile 2-13-2021, 10:39:48 AM
mrido(roflgamer) used a carrier_missile 2-13-2021, 10:39:57 AM
mrido(roflgamer) used a carrier_missile 2-13-2021, 10:40:04 AM
mrido(roflgamer) used a suicide_bomb 2-13-2021, 10:40:49 AM
mrido(roflgamer) used a health_drink 2-13-2021, 10:43:26 AM
mrido(roflgamer) used a the_legendary_sword 2-13-2021, 10:44:17 AM
mrido(roflgamer) used a tk_ultra_health_potion 2-13-2021, 10:44:19 AM
mrido(roflgamer) used a tk_ultra_health_potion 2-13-2021, 10:44:19 AM
mrido(roflgamer) used a invisibility_shield 2-13-2021, 10:46:06 AM
mrido(roflgamer) used a wood 2-13-2021, 10:46:10 AM
mrido(roflgamer) used a coin 2-13-2021, 10:47:36 AM
mrido(roflgamer) used a armored_tank 2-13-2021, 10:48:19 AM
mrido(roflgamer) used a suicide_bomb 2-13-2021, 10:48:28 AM
mrido(roflgamer) used a suicide_bomb 2-13-2021, 10:48:55 AM
mrido(roflgamer) used a aircraft 2-13-2021, 10:49:22 AM
mrido(roflgamer) used a aircraft 2-13-2021, 10:49:22 AM
mrido(roflgamer) used a aircraft 2-13-2021, 10:49:23 AM
mrido(roflgamer) used a aircraft 2-13-2021, 10:49:23 AM
mrido(roflgamer) used a aircraft 2-13-2021, 10:49:24 AM
mrido(roflgamer) used a aircraft 2-13-2021, 10:49:24 AM
mrido(roflgamer) used a aircraft 2-13-2021, 10:49:24 AM
mrido(roflgamer) used a aircraft 2-13-2021, 10:50:53 AM
mrido(roflgamer) used a aircraft 2-13-2021, 10:50:59 AM
mrido(roflgamer) used a guided_missile 2-13-2021, 10:51:23 AM
mrido(roflgamer) used a guided_missile 2-13-2021, 10:51:23 AM
mrido(roflgamer) used a guided_missile 2-13-2021, 10:51:28 AM
mrido(roflgamer) used a guided_missile 2-13-2021, 10:51:28 AM
mrido(roflgamer) used a guided_missile 2-13-2021, 10:51:29 AM
mrido(roflgamer) used a guided_missile 2-13-2021, 10:51:29 AM
mrido(roflgamer) used a guided_missile 2-13-2021, 10:51:29 AM
mrido(roflgamer) used a guided_missile 2-13-2021, 10:51:35 AM
mrido(roflgamer) used a suicide_bomb 2-13-2021, 10:52:05 AM
mrido(roflgamer) used a suicide_bomb 2-13-2021, 10:52:05 AM
mrido(roflgamer) used a suicide_bomb 2-13-2021, 10:52:05 AM
mrido(roflgamer) used a suicide_bomb 2-13-2021, 10:52:05 AM
mrido(roflgamer) used a suicide_bomb 2-13-2021, 10:52:06 AM
mrido(roflgamer) used a suicide_bomb 2-13-2021, 10:52:06 AM
mrido(roflgamer) used a suicide_bomb 2-13-2021, 10:52:06 AM
mrido(roflgamer) used a suicide_bomb 2-13-2021, 10:52:07 AM
mrido(roflgamer) used a suicide_bomb 2-13-2021, 10:52:07 AM
mrido(roflgamer) used a suicide_bomb 2-13-2021, 10:52:07 AM
mrido(roflgamer) used a suicide_bomb 2-13-2021, 10:52:07 AM
mrido(roflgamer) used a suicide_bomb 2-13-2021, 10:52:08 AM
mrido(roflgamer) used a suicide_bomb 2-13-2021, 10:52:08 AM
mrido(roflgamer) used a suicide_bomb 2-13-2021, 10:52:08 AM
mrido(roflgamer) used a suicide_bomb 2-13-2021, 10:52:08 AM
mrido(roflgamer) used a suicide_bomb 2-13-2021, 10:52:09 AM
mrido(roflgamer) used a suicide_bomb 2-13-2021, 10:52:09 AM
mrido(roflgamer) used a suicide_bomb 2-13-2021, 10:52:09 AM
mrido(roflgamer) used a suicide_bomb 2-13-2021, 10:52:10 AM
mrido(roflgamer) used a suicide_bomb 2-13-2021, 10:52:10 AM
mrido(roflgamer) used a suicide_bomb 2-13-2021, 10:52:10 AM
mrido(roflgamer) used a suicide_bomb 2-13-2021, 10:52:10 AM
mrido(roflgamer) used a suicide_bomb 2-13-2021, 10:52:11 AM
mrido(roflgamer) used a suicide_bomb 2-13-2021, 10:52:11 AM
mrido(roflgamer) used a cannon 2-13-2021, 1:32:34 PM
mrido(roflgamer) used a zulfikar 2-13-2021, 1:32:49 PM
mrido(roflgamer) used a tk_ultra_health_potion 2-13-2021, 1:34:41 PM
mrido(roflgamer) used a tk_ultra_health_potion 2-13-2021, 1:34:41 PM
mrido(roflgamer) used a tk_ultra_health_potion 2-13-2021, 1:34:41 PM
mrido(roflgamer) used a the_legendary_sword 2-13-2021, 1:34:50 PM
mrido(roflgamer) used a aircraft 2-13-2021, 1:36:16 PM
mrido(roflgamer) used a aircraft 2-13-2021, 1:36:16 PM
mrido(roflgamer) used a aircraft 2-13-2021, 1:36:17 PM
mrido(roflgamer) used a guided_missile 2-13-2021, 1:42:20 PM
mrido(roflgamer) used a guided_missile 2-13-2021, 1:42:55 PM
mrido(roflgamer) used a aircraft 2-13-2021, 1:44:42 PM
mrido(roflgamer) used a aircraft 2-13-2021, 1:44:42 PM
mrido(roflgamer) used a aircraft 2-13-2021, 1:44:42 PM
mrido(roflgamer) used a aircraft 2-13-2021, 1:44:42 PM
mrido(roflgamer) used a guided_missile 2-13-2021, 1:44:53 PM
mrido(roflgamer) used a guided_missile 2-13-2021, 1:45:03 PM
mrido(roflgamer) used a guided_missile 2-13-2021, 1:45:03 PM
mrido(roflgamer) used a guided_missile 2-13-2021, 1:45:14 PM
mrido(roflgamer) used a guided_missile 2-13-2021, 1:45:14 PM
mrido(roflgamer) used a guided_missile 2-13-2021, 1:45:14 PM
mrido(roflgamer) used a guided_missile 2-13-2021, 1:45:18 PM
mrido(roflgamer) used a guided_missile 2-13-2021, 1:45:18 PM
mrido(roflgamer) used a guided_missile 2-13-2021, 1:45:18 PM
mrido(roflgamer) used a guided_missile 2-13-2021, 1:45:19 PM
mrido(roflgamer) used a guided_missile 2-13-2021, 1:45:19 PM
mrido(roflgamer) used a guided_missile 2-13-2021, 1:45:20 PM
mrido(roflgamer) used a guided_missile 2-13-2021, 1:45:20 PM
mrido(roflgamer) used a guided_missile 2-13-2021, 1:45:20 PM
mrido(roflgamer) used a guided_missile 2-13-2021, 1:45:21 PM
mrido(roflgamer) used a guided_missile 2-13-2021, 1:45:21 PM
mrido(roflgamer) used a guided_missile 2-13-2021, 1:45:36 PM
mrido(roflgamer) used a guided_missile 2-13-2021, 1:45:37 PM
mrido(roflgamer) used a guided_missile 2-13-2021, 1:45:37 PM
mrido(roflgamer) used a guided_missile 2-13-2021, 1:45:48 PM
mrido(roflgamer) used a guided_missile 2-13-2021, 1:45:48 PM
mrido(roflgamer) used a guided_missile 2-13-2021, 1:45:48 PM
mrido(roflgamer) used a guided_missile 2-13-2021, 1:45:48 PM
mrido(roflgamer) used a guided_missile 2-13-2021, 1:45:48 PM
mrido(roflgamer) used a guided_missile 2-13-2021, 1:45:48 PM
mrido(roflgamer) used a armored_tank 2-13-2021, 1:46:00 PM
mrido(roflgamer) used a armored_tank 2-13-2021, 1:46:01 PM
mrido(roflgamer) used a armored_tank 2-13-2021, 1:46:01 PM
mrido(roflgamer) used a suicide_bomb 2-13-2021, 1:47:32 PM
mrido(roflgamer) used a suicide_bomb 2-13-2021, 1:47:33 PM
mrido(roflgamer) used a suicide_bomb 2-13-2021, 1:47:33 PM
mrido(roflgamer) used a suicide_bomb 2-13-2021, 1:47:33 PM
mrido(roflgamer) used a suicide_bomb 2-13-2021, 1:47:33 PM
mrido(roflgamer) used a concussive_grenade 2-13-2021, 1:48:29 PM
mrido(roflgamer) used a tk_ultra_health_potion 2-13-2021, 1:48:37 PM
mrido(roflgamer) used a tk_ultra_health_potion 2-13-2021, 1:48:37 PM
mrido(roflgamer) used a tk_ultra_health_potion 2-13-2021, 1:48:38 PM
mrido(roflgamer) used a armored_tank 2-13-2021, 1:48:52 PM
mrido(roflgamer) used a armored_tank 2-13-2021, 1:48:52 PM
mrido(roflgamer) used a armored_tank 2-13-2021, 1:48:52 PM
mrido(roflgamer) used a concussive_grenade 2-13-2021, 1:49:39 PM
mrido(roflgamer) used a invisibility_shield 2-13-2021, 1:50:30 PM
mrido(roflgamer) used a invisibility_shield 2-13-2021, 1:50:31 PM
mrido(roflgamer) used a helicopter 2-13-2021, 1:52:57 PM
mrido(roflgamer) used a aircraft 2-13-2021, 1:53:42 PM
mrido(roflgamer) used a aircraft 2-13-2021, 1:53:42 PM
mrido(roflgamer) used a aircraft 2-13-2021, 1:53:42 PM
mrido(roflgamer) used a aircraft 2-13-2021, 1:53:45 PM
mrido(roflgamer) used a suicide_bomb 2-13-2021, 1:53:46 PM
mrido(roflgamer) used a suicide_bomb 2-13-2021, 1:53:47 PM
mrido(roflgamer) used a suicide_bomb 2-13-2021, 1:53:47 PM
mrido(roflgamer) used a suicide_bomb 2-13-2021, 1:53:47 PM
mrido(roflgamer) used a tk_ultra_health_potion 2-13-2021, 1:55:40 PM
mrido(roflgamer) used a tk_ultra_health_potion 2-13-2021, 1:55:40 PM
mrido(roflgamer) used a aircraft 2-13-2021, 1:55:45 PM
mrido(roflgamer) used a aircraft 2-13-2021, 1:55:46 PM
mrido(roflgamer) used a aircraft 2-13-2021, 1:55:46 PM
mrido(roflgamer) used a carrier_missile 2-13-2021, 1:56:11 PM
mrido(roflgamer) used a carrier_missile 2-13-2021, 1:56:13 PM
mrido(roflgamer) used a mass_bomb 2-13-2021, 1:57:34 PM
mrido(roflgamer) used a mass_bomb 2-13-2021, 1:57:35 PM
mrido(roflgamer) used a mass_bomb 2-13-2021, 1:57:35 PM
mrido(roflgamer) used a mass_bomb 2-13-2021, 1:57:35 PM
mrido(roflgamer) used a mass_bomb 2-13-2021, 1:57:35 PM
mrido(roflgamer) used a mass_bomb 2-13-2021, 1:57:36 PM
mrido(roflgamer) used a mass_bomb 2-13-2021, 1:57:36 PM
mrido(roflgamer) used a mass_bomb 2-13-2021, 1:57:36 PM
mrido(roflgamer) used a mass_bomb 2-13-2021, 1:57:37 PM
mrido(roflgamer) used a mass_bomb 2-13-2021, 1:57:37 PM
mrido(roflgamer) used a mass_bomb 2-13-2021, 1:57:37 PM
mrido(roflgamer) used a mass_bomb 2-13-2021, 1:57:37 PM
mrido(roflgamer) used a mass_bomb 2-13-2021, 1:57:37 PM
mrido(roflgamer) used a mass_bomb 2-13-2021, 1:57:38 PM
mrido(roflgamer) used a mass_bomb 2-13-2021, 1:57:38 PM
mrido(roflgamer) used a mass_bomb 2-13-2021, 1:57:39 PM
mrido(roflgamer) used a mass_bomb 2-13-2021, 1:57:39 PM
mrido(roflgamer) used a mass_bomb 2-13-2021, 1:57:39 PM
mrido(roflgamer) used a mass_bomb 2-13-2021, 1:57:39 PM
mrido(roflgamer) used a mass_bomb 2-13-2021, 1:57:40 PM
mrido(roflgamer) used a mass_bomb 2-13-2021, 1:57:40 PM
mrido(roflgamer) used a mass_bomb 2-13-2021, 1:57:40 PM
mrido(roflgamer) used a mass_bomb 2-13-2021, 1:57:40 PM
mrido(roflgamer) used a mass_bomb 2-13-2021, 1:57:41 PM
mrido(roflgamer) used a mass_bomb 2-13-2021, 1:57:41 PM
mrido(roflgamer) used a mass_bomb 2-13-2021, 1:57:41 PM
mrido(roflgamer) used a mass_bomb 2-13-2021, 1:57:42 PM
mrido(roflgamer) used a mass_bomb 2-13-2021, 1:57:42 PM
mrido(roflgamer) used a mass_bomb 2-13-2021, 1:57:42 PM
mrido(roflgamer) used a mass_bomb 2-13-2021, 1:57:43 PM
mrido(roflgamer) used a mass_bomb 2-13-2021, 1:57:43 PM
mrido(roflgamer) used a mass_bomb 2-13-2021, 1:57:43 PM
mrido(roflgamer) used a mass_bomb 2-13-2021, 1:57:44 PM
mrido(roflgamer) used a mass_bomb 2-13-2021, 1:57:44 PM
mrido(roflgamer) used a mass_bomb 2-13-2021, 1:57:44 PM
mrido(roflgamer) used a mass_bomb 2-13-2021, 1:57:44 PM
mrido(roflgamer) used a mass_bomb 2-13-2021, 1:57:45 PM
mrido(roflgamer) used a mass_bomb 2-13-2021, 1:57:45 PM
mrido(roflgamer) used a mass_bomb 2-13-2021, 1:57:45 PM
mrido(roflgamer) used a mass_bomb 2-13-2021, 1:57:45 PM
mrido(roflgamer) used a mass_bomb 2-13-2021, 1:57:46 PM
mrido(roflgamer) used a mass_bomb 2-13-2021, 1:57:46 PM
mrido(roflgamer) used a mass_bomb 2-13-2021, 1:57:47 PM
mrido(roflgamer) used a mass_bomb 2-13-2021, 1:57:47 PM
mrido(roflgamer) used a mass_bomb 2-13-2021, 1:57:47 PM
mrido(roflgamer) used a mass_bomb 2-13-2021, 1:57:48 PM
mrido(roflgamer) used a mass_bomb 2-13-2021, 1:57:48 PM
mrido(roflgamer) used a mass_bomb 2-13-2021, 1:57:48 PM
mrido(roflgamer) used a mass_bomb 2-13-2021, 1:57:48 PM
mrido(roflgamer) used a mass_bomb 2-13-2021, 1:57:49 PM
mrido(roflgamer) used a mass_bomb 2-13-2021, 1:57:49 PM
mrido(roflgamer) used a mass_bomb 2-13-2021, 1:57:49 PM
mrido(roflgamer) used a mass_bomb 2-13-2021, 1:57:50 PM
mrido(roflgamer) used a mass_bomb 2-13-2021, 1:57:50 PM
mrido(roflgamer) used a mass_bomb 2-13-2021, 1:57:50 PM
mrido(roflgamer) used a mass_bomb 2-13-2021, 1:57:51 PM
mrido(roflgamer) used a mass_bomb 2-13-2021, 1:57:51 PM
mrido(roflgamer) used a mass_bomb 2-13-2021, 1:57:51 PM
mrido(roflgamer) used a mass_bomb 2-13-2021, 1:57:51 PM
mrido(roflgamer) used a mass_bomb 2-13-2021, 1:57:52 PM
mrido(roflgamer) used a mass_bomb 2-13-2021, 1:57:52 PM
mrido(roflgamer) used a mass_bomb 2-13-2021, 1:57:53 PM
mrido(roflgamer) used a mass_bomb 2-13-2021, 1:57:54 PM
mrido(roflgamer) used a mass_bomb 2-13-2021, 1:57:54 PM
mrido(roflgamer) used a mass_bomb 2-13-2021, 1:57:54 PM
mrido(roflgamer) used a mass_bomb 2-13-2021, 1:57:54 PM
mrido(roflgamer) used a mass_bomb 2-13-2021, 1:57:55 PM
mrido(roflgamer) used a mass_bomb 2-13-2021, 1:57:55 PM
mrido(roflgamer) used a mass_bomb 2-13-2021, 1:57:55 PM
mrido(roflgamer) used a mass_bomb 2-13-2021, 1:57:56 PM
mrido(roflgamer) used a mass_bomb 2-13-2021, 1:57:56 PM
mrido(roflgamer) used a mass_bomb 2-13-2021, 1:57:56 PM
mrido(roflgamer) used a mass_bomb 2-13-2021, 1:57:56 PM
mrido(roflgamer) used a mass_bomb 2-13-2021, 1:57:57 PM
mrido(roflgamer) used a mass_bomb 2-13-2021, 1:57:57 PM
mrido(roflgamer) used a mass_bomb 2-13-2021, 1:57:57 PM
mrido(roflgamer) used a mass_bomb 2-13-2021, 1:57:57 PM
mrido(roflgamer) used a mass_bomb 2-13-2021, 1:57:58 PM
mrido(roflgamer) used a mass_bomb 2-13-2021, 1:57:58 PM
mrido(roflgamer) used a mass_bomb 2-13-2021, 1:57:58 PM
mrido(roflgamer) used a mass_bomb 2-13-2021, 1:57:59 PM
mrido(roflgamer) used a mass_bomb 2-13-2021, 1:57:59 PM
mrido(roflgamer) used a mass_bomb 2-13-2021, 1:57:59 PM
mrido(roflgamer) used a mass_bomb 2-13-2021, 1:57:59 PM
mrido(roflgamer) used a mass_bomb 2-13-2021, 1:58:00 PM
mrido(roflgamer) used a mass_bomb 2-13-2021, 1:58:00 PM
mrido(roflgamer) used a mass_bomb 2-13-2021, 1:58:00 PM
mrido(roflgamer) used a mass_bomb 2-13-2021, 1:58:01 PM
mrido(roflgamer) used a mass_bomb 2-13-2021, 1:58:01 PM
mrido(roflgamer) used a mass_bomb 2-13-2021, 1:58:01 PM
mrido(roflgamer) used a mass_bomb 2-13-2021, 1:58:01 PM
mrido(roflgamer) used a mass_bomb 2-13-2021, 1:58:02 PM
mrido(roflgamer) used a mass_bomb 2-13-2021, 1:58:02 PM
mrido(roflgamer) used a mass_bomb 2-13-2021, 1:58:02 PM
mrido(roflgamer) used a mass_bomb 2-13-2021, 1:58:03 PM
mrido(roflgamer) used a mass_bomb 2-13-2021, 1:58:03 PM
mrido(roflgamer) used a mass_bomb 2-13-2021, 1:58:03 PM
mrido(roflgamer) used a mass_bomb 2-13-2021, 1:58:04 PM
mrido(roflgamer) used a mass_bomb 2-13-2021, 1:58:04 PM
mrido(roflgamer) used a mass_bomb 2-13-2021, 1:58:04 PM
mrido(roflgamer) used a mass_bomb 2-13-2021, 1:58:05 PM
mrido(roflgamer) used a mass_bomb 2-13-2021, 1:58:05 PM
mrido(roflgamer) used a mass_bomb 2-13-2021, 1:58:05 PM
mrido(roflgamer) used a mass_bomb 2-13-2021, 1:58:06 PM
mrido(roflgamer) used a mass_bomb 2-13-2021, 1:58:06 PM
mrido(roflgamer) used a mass_bomb 2-13-2021, 1:58:06 PM
mrido(roflgamer) used a mass_bomb 2-13-2021, 1:58:07 PM
mrido(roflgamer) used a mass_bomb 2-13-2021, 1:58:07 PM
mrido(roflgamer) used a mass_bomb 2-13-2021, 1:58:07 PM
mrido(roflgamer) used a mass_bomb 2-13-2021, 1:58:08 PM
mrido(roflgamer) used a mass_bomb 2-13-2021, 1:58:08 PM
mrido(roflgamer) used a mass_bomb 2-13-2021, 1:58:08 PM
mrido(roflgamer) used a mass_bomb 2-13-2021, 1:58:08 PM
mrido(roflgamer) used a mass_bomb 2-13-2021, 1:58:09 PM
mrido(roflgamer) used a mass_bomb 2-13-2021, 1:58:09 PM
mrido(roflgamer) used a mass_bomb 2-13-2021, 1:58:09 PM
mrido(roflgamer) used a mass_bomb 2-13-2021, 1:58:10 PM
mrido(roflgamer) used a mass_bomb 2-13-2021, 1:58:10 PM
mrido(roflgamer) used a mass_bomb 2-13-2021, 1:58:10 PM
mrido(roflgamer) used a mass_bomb 2-13-2021, 1:58:11 PM
mrido(roflgamer) used a mass_bomb 2-13-2021, 1:58:11 PM
mrido(roflgamer) used a mass_bomb 2-13-2021, 1:58:11 PM
mrido(roflgamer) used a mass_bomb 2-13-2021, 1:58:12 PM
mrido(roflgamer) used a mass_bomb 2-13-2021, 1:58:12 PM
mrido(roflgamer) used a mass_bomb 2-13-2021, 1:58:12 PM
mrido(roflgamer) used a mass_bomb 2-13-2021, 1:58:13 PM
mrido(roflgamer) used a mass_bomb 2-13-2021, 1:58:13 PM
mrido(roflgamer) used a mass_bomb 2-13-2021, 1:58:13 PM
mrido(roflgamer) used a mass_bomb 2-13-2021, 1:58:13 PM
mrido(roflgamer) used a mass_bomb 2-13-2021, 1:58:14 PM
mrido(roflgamer) used a mass_bomb 2-13-2021, 1:58:14 PM
mrido(roflgamer) used a mass_bomb 2-13-2021, 1:58:14 PM
mrido(roflgamer) used a mass_bomb 2-13-2021, 1:58:14 PM
mrido(roflgamer) used a mass_bomb 2-13-2021, 1:58:15 PM
mrido(roflgamer) used a mass_bomb 2-13-2021, 1:58:15 PM
mrido(roflgamer) used a mass_bomb 2-13-2021, 1:58:15 PM
mrido(roflgamer) used a mass_bomb 2-13-2021, 1:58:16 PM
mrido(roflgamer) used a mass_bomb 2-13-2021, 1:58:16 PM
mrido(roflgamer) used a mass_bomb 2-13-2021, 1:58:16 PM
mrido(roflgamer) used a mass_bomb 2-13-2021, 1:58:17 PM
mrido(roflgamer) used a mass_bomb 2-13-2021, 1:58:17 PM
mrido(roflgamer) used a mass_bomb 2-13-2021, 1:58:17 PM
mrido(roflgamer) used a mass_bomb 2-13-2021, 1:58:17 PM
mrido(roflgamer) used a mass_bomb 2-13-2021, 1:58:18 PM
mrido(roflgamer) used a mass_bomb 2-13-2021, 1:58:18 PM
mrido(roflgamer) used a mass_bomb 2-13-2021, 1:58:18 PM
mrido(roflgamer) used a mass_bomb 2-13-2021, 1:58:19 PM
mrido(roflgamer) used a mass_bomb 2-13-2021, 1:58:19 PM
mrido(roflgamer) used a mass_bomb 2-13-2021, 1:58:19 PM
mrido(roflgamer) used a mass_bomb 2-13-2021, 1:58:19 PM
mrido(roflgamer) used a mass_bomb 2-13-2021, 1:58:20 PM
mrido(roflgamer) used a mass_bomb 2-13-2021, 1:58:20 PM
mrido(roflgamer) used a mass_bomb 2-13-2021, 1:58:23 PM
mrido(roflgamer) used a mass_bomb 2-13-2021, 1:58:24 PM
mrido(roflgamer) used a mass_bomb 2-13-2021, 1:58:25 PM
mrido(roflgamer) used a mass_bomb 2-13-2021, 1:58:26 PM
mrido(roflgamer) used a mass_bomb 2-13-2021, 1:58:26 PM
mrido(roflgamer) used a mass_bomb 2-13-2021, 1:58:26 PM
mrido(roflgamer) used a mass_bomb 2-13-2021, 1:58:26 PM
mrido(roflgamer) used a mass_bomb 2-13-2021, 1:58:27 PM
mrido(roflgamer) used a mass_bomb 2-13-2021, 1:58:27 PM
mrido(roflgamer) used a mass_bomb 2-13-2021, 1:58:28 PM
mrido(roflgamer) used a mass_bomb 2-13-2021, 1:58:28 PM
mrido(roflgamer) used a aircraft 2-13-2021, 1:58:55 PM
mrido(roflgamer) used a aircraft 2-13-2021, 1:58:55 PM
mrido(roflgamer) used a aircraft 2-13-2021, 1:58:56 PM
mrido(roflgamer) used a aircraft 2-13-2021, 1:58:56 PM
mrido(roflgamer) used a aircraft 2-13-2021, 1:58:56 PM
mrido(roflgamer) used a aircraft 2-13-2021, 1:58:57 PM
mrido(roflgamer) used a mass_bomb 2-13-2021, 1:59:20 PM
mrido(roflgamer) used a mass_bomb 2-13-2021, 1:59:20 PM
mrido(roflgamer) used a mass_bomb 2-13-2021, 1:59:20 PM
mrido(roflgamer) used a mass_bomb 2-13-2021, 1:59:20 PM
mrido(roflgamer) used a mass_bomb 2-13-2021, 1:59:21 PM
mrido(roflgamer) used a mass_bomb 2-13-2021, 1:59:21 PM
mrido(roflgamer) used a mass_bomb 2-13-2021, 1:59:21 PM
mrido(roflgamer) used a mass_bomb 2-13-2021, 1:59:22 PM
mrido(roflgamer) used a mass_bomb 2-13-2021, 1:59:22 PM
mrido(roflgamer) used a mass_bomb 2-13-2021, 1:59:22 PM
mrido(roflgamer) used a mass_bomb 2-13-2021, 1:59:22 PM
mrido(roflgamer) used a mass_bomb 2-13-2021, 1:59:31 PM
mrido(roflgamer) used a mass_bomb 2-13-2021, 1:59:31 PM
mrido(roflgamer) used a mass_bomb 2-13-2021, 1:59:31 PM
mrido(roflgamer) used a mass_bomb 2-13-2021, 1:59:31 PM
mrido(roflgamer) used a mass_bomb 2-13-2021, 1:59:32 PM
mrido(roflgamer) used a mass_bomb 2-13-2021, 1:59:32 PM
mrido(roflgamer) used a mass_bomb 2-13-2021, 1:59:32 PM
mrido(roflgamer) used a mass_bomb 2-13-2021, 1:59:32 PM
mrido(roflgamer) used a mass_bomb 2-13-2021, 1:59:33 PM
mrido(roflgamer) used a mass_bomb 2-13-2021, 1:59:33 PM
mrido(roflgamer) used a mass_bomb 2-13-2021, 1:59:34 PM
mrido(roflgamer) used a mass_bomb 2-13-2021, 1:59:34 PM
mrido(roflgamer) used a mass_bomb 2-13-2021, 1:59:34 PM
mrido(roflgamer) used a mass_bomb 2-13-2021, 1:59:34 PM
mrido(roflgamer) used a mass_bomb 2-13-2021, 1:59:35 PM
mrido(roflgamer) used a mass_bomb 2-13-2021, 1:59:36 PM
mrido(roflgamer) used a mass_bomb 2-13-2021, 1:59:36 PM
mrido(roflgamer) used a mass_bomb 2-13-2021, 1:59:36 PM
mrido(roflgamer) used a mass_bomb 2-13-2021, 1:59:37 PM
mrido(roflgamer) used a mass_bomb 2-13-2021, 1:59:37 PM
mrido(roflgamer) used a mass_bomb 2-13-2021, 1:59:37 PM
mrido(roflgamer) used a mass_bomb 2-13-2021, 1:59:37 PM
mrido(roflgamer) used a mass_bomb 2-13-2021, 1:59:38 PM
mrido(roflgamer) used a mass_bomb 2-13-2021, 1:59:38 PM
mrido(roflgamer) used a mass_bomb 2-13-2021, 1:59:38 PM
mrido(roflgamer) used a mass_bomb 2-13-2021, 1:59:38 PM
mrido(roflgamer) used a mass_bomb 2-13-2021, 1:59:40 PM
mrido(roflgamer) used a mass_bomb 2-13-2021, 1:59:40 PM
mrido(roflgamer) used a mass_bomb 2-13-2021, 1:59:40 PM
mrido(roflgamer) used a mass_bomb 2-13-2021, 1:59:40 PM
mrido(roflgamer) used a mass_bomb 2-13-2021, 1:59:41 PM
mrido(roflgamer) used a mass_bomb 2-13-2021, 1:59:41 PM
mrido(roflgamer) used a mass_bomb 2-13-2021, 1:59:41 PM
mrido(roflgamer) used a mass_bomb 2-13-2021, 1:59:41 PM
mrido(roflgamer) used a mass_bomb 2-13-2021, 1:59:42 PM
mrido(roflgamer) used a mass_bomb 2-13-2021, 1:59:42 PM
mrido(roflgamer) used a mass_bomb 2-13-2021, 1:59:42 PM
mrido(roflgamer) used a mass_bomb 2-13-2021, 1:59:42 PM
mrido(roflgamer) used a mass_bomb 2-13-2021, 1:59:43 PM
mrido(roflgamer) used a mass_bomb 2-13-2021, 1:59:43 PM
mrido(roflgamer) used a mass_bomb 2-13-2021, 1:59:43 PM
mrido(roflgamer) used a mass_bomb 2-13-2021, 1:59:43 PM
mrido(roflgamer) used a mass_bomb 2-13-2021, 1:59:44 PM
mrido(roflgamer) used a mass_bomb 2-13-2021, 1:59:44 PM
mrido(roflgamer) used a mass_bomb 2-13-2021, 1:59:44 PM
mrido(roflgamer) used a mass_bomb 2-13-2021, 1:59:44 PM
mrido(roflgamer) used a mass_bomb 2-13-2021, 1:59:45 PM
mrido(roflgamer) used a mass_bomb 2-13-2021, 1:59:45 PM
mrido(roflgamer) used a mass_bomb 2-13-2021, 1:59:45 PM
mrido(roflgamer) used a mass_bomb 2-13-2021, 1:59:45 PM
mrido(roflgamer) used a mass_bomb 2-13-2021, 1:59:46 PM
mrido(roflgamer) used a mass_bomb 2-13-2021, 1:59:46 PM
mrido(roflgamer) used a mass_bomb 2-13-2021, 1:59:46 PM
mrido(roflgamer) used a mass_bomb 2-13-2021, 1:59:46 PM
mrido(roflgamer) used a mass_bomb 2-13-2021, 1:59:47 PM
mrido(roflgamer) used a mass_bomb 2-13-2021, 1:59:47 PM
mrido(roflgamer) used a cannon 2-13-2021, 2:03:38 PM
mrido(roflgamer) used a armored_tank 2-13-2021, 2:04:40 PM
mrido(roflgamer) used a armored_tank 2-13-2021, 2:04:40 PM
mrido(roflgamer) used a mass_bomb 2-13-2021, 2:04:41 PM
mrido(roflgamer) used a mass_bomb 2-13-2021, 2:04:41 PM
mrido(roflgamer) used a mass_bomb 2-13-2021, 2:04:41 PM
mrido(roflgamer) used a mass_bomb 2-13-2021, 2:04:42 PM
mrido(roflgamer) used a mass_bomb 2-13-2021, 2:04:42 PM
mrido(roflgamer) used a mass_bomb 2-13-2021, 2:04:42 PM
mrido(roflgamer) used a mass_bomb 2-13-2021, 2:04:42 PM
mrido(roflgamer) used a mass_bomb 2-13-2021, 2:04:43 PM
mrido(roflgamer) used a mass_bomb 2-13-2021, 2:04:43 PM
mrido(roflgamer) used a mass_bomb 2-13-2021, 2:04:43 PM
mrido(roflgamer) used a mass_bomb 2-13-2021, 2:04:44 PM
mrido(roflgamer) used a mass_bomb 2-13-2021, 2:04:44 PM
mrido(roflgamer) used a mass_bomb 2-13-2021, 2:04:44 PM
mrido(roflgamer) used a mass_bomb 2-13-2021, 2:04:44 PM
mrido(roflgamer) used a mass_bomb 2-13-2021, 2:04:45 PM
mrido(roflgamer) used a mass_bomb 2-13-2021, 2:04:45 PM
mrido(roflgamer) used a mass_bomb 2-13-2021, 2:04:45 PM
mrido(roflgamer) used a mass_bomb 2-13-2021, 2:04:45 PM
mrido(roflgamer) used a mass_bomb 2-13-2021, 2:04:46 PM
mrido(roflgamer) used a mass_bomb 2-13-2021, 2:04:46 PM
mrido(roflgamer) used a mass_bomb 2-13-2021, 2:04:46 PM
mrido(roflgamer) used a mass_bomb 2-13-2021, 2:04:47 PM
mrido(roflgamer) used a mass_bomb 2-13-2021, 2:04:47 PM
mrido(roflgamer) used a mass_bomb 2-13-2021, 2:04:47 PM
mrido(roflgamer) used a mass_bomb 2-13-2021, 2:04:47 PM
mrido(roflgamer) used a mass_bomb 2-13-2021, 2:04:48 PM
mrido(roflgamer) used a mass_bomb 2-13-2021, 2:04:48 PM
mrido(roflgamer) used a mass_bomb 2-13-2021, 2:04:48 PM
mrido(roflgamer) used a mass_bomb 2-13-2021, 2:04:48 PM
mrido(roflgamer) used a mass_bomb 2-13-2021, 2:04:49 PM
mrido(roflgamer) used a mass_bomb 2-13-2021, 2:04:49 PM
mrido(roflgamer) used a mass_bomb 2-13-2021, 2:04:49 PM
mrido(roflgamer) used a mass_bomb 2-13-2021, 2:04:50 PM
mrido(roflgamer) used a mass_bomb 2-13-2021, 2:04:50 PM
mrido(roflgamer) used a mass_bomb 2-13-2021, 2:04:50 PM
mrido(roflgamer) used a mass_bomb 2-13-2021, 2:04:50 PM
mrido(roflgamer) used a mass_bomb 2-13-2021, 2:04:51 PM
mrido(roflgamer) used a mass_bomb 2-13-2021, 2:04:51 PM
mrido(roflgamer) used a mass_bomb 2-13-2021, 2:04:51 PM
mrido(roflgamer) used a mass_bomb 2-13-2021, 2:04:52 PM
mrido(roflgamer) used a mass_bomb 2-13-2021, 2:04:52 PM
mrido(roflgamer) used a mass_bomb 2-13-2021, 2:04:52 PM
mrido(roflgamer) used a mass_bomb 2-13-2021, 2:04:52 PM
mrido(roflgamer) used a mass_bomb 2-13-2021, 2:04:56 PM
mrido(roflgamer) used a mass_bomb 2-13-2021, 2:04:56 PM
mrido(roflgamer) used a mass_bomb 2-13-2021, 2:04:57 PM
mrido(roflgamer) used a mass_bomb 2-13-2021, 2:04:57 PM
mrido(roflgamer) used a metal 2-13-2021, 2:05:06 PM
mrido(roflgamer) used a mega_suicider 2-13-2021, 2:05:27 PM
mrido(roflgamer) used a aircraft 2-13-2021, 2:05:49 PM
mrido(roflgamer) used a aircraft 2-13-2021, 2:05:50 PM
mrido(roflgamer) used a wood 2-13-2021, 2:06:00 PM
mrido(roflgamer) used a wood 2-13-2021, 2:06:06 PM
mrido(roflgamer) used a wood 2-13-2021, 2:06:33 PM
mrido(roflgamer) used a wood 2-13-2021, 2:06:37 PM
mrido(roflgamer) used a wood 2-13-2021, 2:07:03 PM
mrido(roflgamer) used a suicide_bomb 2-13-2021, 2:07:34 PM
mrido(roflgamer) used a suicide_bomb 2-13-2021, 2:07:40 PM
mrido(roflgamer) used a suicide_bomb 2-13-2021, 2:08:04 PM
mrido(roflgamer) used a suicide_bomb 2-13-2021, 2:08:08 PM
mrido(roflgamer) used a suicide_bomb 2-13-2021, 2:08:15 PM
mrido(roflgamer) used a coin 2-13-2021, 2:08:49 PM
mrido(roflgamer) used a coin 2-13-2021, 2:08:50 PM
mrido(roflgamer) used a coin 2-13-2021, 2:08:51 PM
mrido(roflgamer) used a remote_gun 2-13-2021, 2:09:12 PM
mrido(roflgamer) used a rocket_launcher 2-13-2021, 2:09:19 PM
mrido(roflgamer) used a suicide_bomb 2-13-2021, 2:09:57 PM
mrido(roflgamer) used a wood 2-13-2021, 2:10:05 PM
mrido(roflgamer) used a suicide_bomb 2-13-2021, 2:10:11 PM
mrido(roflgamer) used a suicide_bomb 2-13-2021, 2:10:20 PM
mrido(roflgamer) used a suicide_bomb 2-13-2021, 2:10:25 PM
mrido(roflgamer) used a suicide_bomb 2-13-2021, 2:10:31 PM
mrido(roflgamer) used a suicide_bomb 2-13-2021, 2:10:39 PM
mrido(roflgamer) used a music_box 2-13-2021, 2:11:09 PM
mrido(roflgamer) used a ultrabomb_locator 2-13-2021, 2:13:07 PM
mrido(roflgamer) used a ultrabomb_locator 2-13-2021, 2:13:07 PM
mrido(roflgamer) used a ultrabomb_locator 2-13-2021, 2:13:08 PM
mrido(roflgamer) used a ultrabomb_locator 2-13-2021, 2:13:08 PM
mrido(roflgamer) used a ultrabomb_locator 2-13-2021, 2:13:08 PM
mrido(roflgamer) used a ultrabomb_locator 2-13-2021, 2:13:08 PM
mrido(roflgamer) used a ultrabomb_locator 2-13-2021, 2:13:08 PM
mrido(roflgamer) used a ultrabomb_locator 2-13-2021, 2:13:08 PM
mrido(roflgamer) used a ultrabomb_locator 2-13-2021, 2:13:08 PM
mrido(roflgamer) used a ultrabomb_locator 2-13-2021, 2:13:09 PM
mrido(roflgamer) used a ultrabomb_locator 2-13-2021, 2:13:09 PM
mrido(roflgamer) used a ultrabomb_locator 2-13-2021, 2:13:09 PM
mrido(roflgamer) used a ultrabomb_locator 2-13-2021, 2:13:09 PM
mrido(roflgamer) used a ultrabomb_locator 2-13-2021, 2:13:09 PM
mrido(roflgamer) used a ultrabomb_locator 2-13-2021, 2:13:09 PM
mrido(roflgamer) used a ultrabomb_locator 2-13-2021, 2:13:10 PM
mrido(roflgamer) used a ultrabomb_locator 2-13-2021, 2:13:10 PM
mrido(roflgamer) used a ultrabomb_locator 2-13-2021, 2:13:10 PM
mrido(roflgamer) used a ultrabomb_locator 2-13-2021, 2:13:10 PM
mrido(roflgamer) used a ultrabomb_locator 2-13-2021, 2:13:10 PM
mrido(roflgamer) used a ultrabomb_locator 2-13-2021, 2:13:10 PM
mrido(roflgamer) used a ultrabomb_locator 2-13-2021, 2:13:11 PM
mrido(roflgamer) used a ultrabomb_locator 2-13-2021, 2:13:11 PM
mrido(roflgamer) used a ultrabomb_locator 2-13-2021, 2:13:11 PM
mrido(roflgamer) used a ultrabomb_locator 2-13-2021, 2:13:11 PM
mrido(roflgamer) used a ultrabomb_locator 2-13-2021, 2:13:11 PM
mrido(roflgamer) used a ultrabomb_locator 2-13-2021, 2:13:11 PM
mrido(roflgamer) used a ultrabomb_locator 2-13-2021, 2:13:12 PM
mrido(roflgamer) used a ultrabomb_locator 2-13-2021, 2:13:12 PM
mrido(roflgamer) used a ultrabomb_locator 2-13-2021, 2:13:12 PM
mrido(roflgamer) used a ultrabomb_locator 2-13-2021, 2:13:12 PM
mrido(roflgamer) used a ultrabomb_locator 2-13-2021, 2:13:12 PM
mrido(roflgamer) used a ultrabomb_locator 2-13-2021, 2:13:12 PM
mrido(roflgamer) used a ultrabomb_locator 2-13-2021, 2:13:13 PM
mrido(roflgamer) used a ultrabomb_locator 2-13-2021, 2:13:13 PM
mrido(roflgamer) used a ultrabomb_locator 2-13-2021, 2:13:13 PM
mrido(roflgamer) used a ultrabomb_locator 2-13-2021, 2:13:13 PM
mrido(roflgamer) used a ultrabomb_locator 2-13-2021, 2:13:13 PM
mrido(roflgamer) used a ultrabomb_locator 2-13-2021, 2:13:13 PM
mrido(roflgamer) used a ultrabomb_locator 2-13-2021, 2:13:14 PM
mrido(roflgamer) used a ultrabomb_locator 2-13-2021, 2:13:14 PM
mrido(roflgamer) used a ultrabomb_locator 2-13-2021, 2:13:14 PM
mrido(roflgamer) used a ultrabomb_locator 2-13-2021, 2:13:14 PM
mrido(roflgamer) used a ultrabomb_locator 2-13-2021, 2:13:14 PM
mrido(roflgamer) used a ultrabomb_locator 2-13-2021, 2:13:14 PM
mrido(roflgamer) used a ultrabomb_locator 2-13-2021, 2:13:15 PM
mrido(roflgamer) used a ultrabomb_locator 2-13-2021, 2:13:15 PM
mrido(roflgamer) used a ultrabomb_locator 2-13-2021, 2:13:15 PM
mrido(roflgamer) used a ultrabomb_locator 2-13-2021, 2:13:15 PM
mrido(roflgamer) used a ultrabomb_locator 2-13-2021, 2:13:15 PM
mrido(roflgamer) used a ultrabomb_locator 2-13-2021, 2:13:15 PM
mrido(roflgamer) used a ultrabomb_locator 2-13-2021, 2:13:16 PM
mrido(roflgamer) used a ultrabomb_locator 2-13-2021, 2:13:16 PM
mrido(roflgamer) used a ultrabomb_locator 2-13-2021, 2:13:16 PM
mrido(roflgamer) used a ultrabomb_locator 2-13-2021, 2:13:16 PM
mrido(roflgamer) used a ultrabomb_locator 2-13-2021, 2:13:16 PM
mrido(roflgamer) used a ultrabomb_locator 2-13-2021, 2:13:16 PM
mrido(roflgamer) used a ultrabomb_locator 2-13-2021, 2:13:16 PM
mrido(roflgamer) used a ultrabomb_locator 2-13-2021, 2:13:16 PM
mrido(roflgamer) used a ultrabomb_locator 2-13-2021, 2:13:17 PM
mrido(roflgamer) used a ultrabomb_locator 2-13-2021, 2:13:17 PM
mrido(roflgamer) used a ultrabomb_locator 2-13-2021, 2:13:17 PM
mrido(roflgamer) used a ultrabomb_locator 2-13-2021, 2:13:17 PM
mrido(roflgamer) used a ultrabomb_locator 2-13-2021, 2:13:17 PM
mrido(roflgamer) used a ultrabomb_locator 2-13-2021, 2:13:17 PM
mrido(roflgamer) used a ultrabomb_locator 2-13-2021, 2:13:27 PM
mrido(roflgamer) used a ultrabomb_locator 2-13-2021, 2:13:27 PM
mrido(roflgamer) used a ultrabomb_locator 2-13-2021, 2:13:27 PM
mrido(roflgamer) used a ultrabomb_locator 2-13-2021, 2:13:27 PM
mrido(roflgamer) used a ultrabomb_locator 2-13-2021, 2:13:28 PM
mrido(roflgamer) used a ultrabomb_locator 2-13-2021, 2:13:28 PM
mrido(roflgamer) used a ultrabomb_locator 2-13-2021, 2:13:28 PM
mrido(roflgamer) used a ultrabomb_locator 2-13-2021, 2:13:28 PM
mrido(roflgamer) used a ultrabomb_locator 2-13-2021, 2:13:28 PM
mrido(roflgamer) used a ultrabomb_locator 2-13-2021, 2:13:28 PM
mrido(roflgamer) used a ultrabomb_locator 2-13-2021, 2:13:29 PM
mrido(roflgamer) used a ultrabomb_locator 2-13-2021, 2:13:29 PM
mrido(roflgamer) used a ultrabomb_locator 2-13-2021, 2:13:29 PM
mrido(roflgamer) used a ultrabomb_locator 2-13-2021, 2:13:39 PM
mrido(roflgamer) used a aircraft 2-13-2021, 2:25:17 PM
mrido(roflgamer) used a aircraft 2-13-2021, 2:25:17 PM
mrido(roflgamer) used a aircraft 2-13-2021, 2:25:18 PM
mrido(roflgamer) used a aircraft 2-13-2021, 2:25:18 PM
mrido(roflgamer) used a aircraft 2-13-2021, 2:25:19 PM
mrido(roflgamer) used a aircraft 2-13-2021, 2:25:19 PM
mrido(roflgamer) used a aircraft 2-13-2021, 2:25:19 PM
mrido(roflgamer) used a mass_bomb 2-13-2021, 2:25:32 PM
mrido(roflgamer) used a mass_bomb 2-13-2021, 2:25:35 PM
mrido(roflgamer) used a mass_bomb 2-13-2021, 2:25:35 PM
mrido(roflgamer) used a mass_bomb 2-13-2021, 2:25:35 PM
mrido(roflgamer) used a mass_bomb 2-13-2021, 2:25:36 PM
mrido(roflgamer) used a mass_bomb 2-13-2021, 2:25:36 PM
mrido(roflgamer) used a mass_bomb 2-13-2021, 2:25:36 PM
mrido(roflgamer) used a mass_bomb 2-13-2021, 2:25:36 PM
mrido(roflgamer) used a mass_bomb 2-13-2021, 2:25:36 PM
mrido(roflgamer) used a mass_bomb 2-13-2021, 2:25:36 PM
mrido(roflgamer) used a mass_bomb 2-13-2021, 2:25:37 PM
mrido(roflgamer) used a mass_bomb 2-13-2021, 2:25:37 PM
mrido(roflgamer) used a mass_bomb 2-13-2021, 2:25:37 PM
mrido(roflgamer) used a mass_bomb 2-13-2021, 2:25:39 PM
mrido(roflgamer) used a mass_bomb 2-13-2021, 2:25:39 PM
mrido(roflgamer) used a mass_bomb 2-13-2021, 2:25:39 PM
mrido(roflgamer) used a mass_bomb 2-13-2021, 2:25:42 PM
mrido(roflgamer) used a mass_bomb 2-13-2021, 2:25:42 PM
mrido(roflgamer) used a mass_bomb 2-13-2021, 2:25:42 PM
mrido(roflgamer) used a mass_bomb 2-13-2021, 2:25:43 PM
mrido(roflgamer) used a mass_bomb 2-13-2021, 2:25:43 PM
mrido(roflgamer) used a aircraft 2-13-2021, 2:28:20 PM
mrido(roflgamer) used a aircraft 2-13-2021, 2:28:20 PM
mrido(roflgamer) used a aircraft 2-13-2021, 2:28:20 PM
mrido(roflgamer) used a aircraft 2-13-2021, 2:28:20 PM
mrido(roflgamer) used a aircraft 2-13-2021, 2:28:21 PM
mrido(roflgamer) used a aircraft 2-13-2021, 2:28:21 PM
mrido(roflgamer) used a aircraft 2-13-2021, 2:28:22 PM
mrido(roflgamer) used a aircraft 2-13-2021, 2:28:22 PM
mrido(roflgamer) used a mass_bomb 2-13-2021, 2:29:01 PM
mrido(roflgamer) used a mass_bomb 2-13-2021, 2:29:01 PM
mrido(roflgamer) used a mass_bomb 2-13-2021, 2:29:01 PM
mrido(roflgamer) used a mass_bomb 2-13-2021, 2:29:01 PM
mrido(roflgamer) used a mass_bomb 2-13-2021, 2:29:01 PM
mrido(roflgamer) used a mass_bomb 2-13-2021, 2:29:02 PM
mrido(roflgamer) used a mass_bomb 2-13-2021, 2:29:03 PM
mrido(roflgamer) used a mass_bomb 2-13-2021, 2:29:03 PM
mrido(roflgamer) used a mass_bomb 2-13-2021, 2:29:03 PM
mrido(roflgamer) used a mass_bomb 2-13-2021, 2:29:03 PM
mrido(roflgamer) used a mass_bomb 2-13-2021, 2:29:04 PM
mrido(roflgamer) used a mass_bomb 2-13-2021, 2:29:04 PM
mrido(roflgamer) used a mass_bomb 2-13-2021, 2:29:04 PM
mrido(roflgamer) used a mass_bomb 2-13-2021, 2:29:04 PM
mrido(roflgamer) used a mass_bomb 2-13-2021, 2:29:05 PM
mrido(roflgamer) used a mass_bomb 2-13-2021, 2:29:05 PM
mrido(roflgamer) used a mass_bomb 2-13-2021, 2:29:06 PM
mrido(roflgamer) used a mass_bomb 2-13-2021, 2:29:06 PM
mrido(roflgamer) used a mass_bomb 2-13-2021, 2:29:07 PM
mrido(roflgamer) used a mass_bomb 2-13-2021, 2:29:07 PM
mrido(roflgamer) used a mass_bomb 2-13-2021, 2:29:07 PM
mrido(roflgamer) used a mass_bomb 2-13-2021, 2:29:08 PM
mrido(roflgamer) used a mass_bomb 2-13-2021, 2:29:08 PM
mrido(roflgamer) used a mass_bomb 2-13-2021, 2:29:08 PM
mrido(roflgamer) used a mass_bomb 2-13-2021, 2:29:09 PM
mrido(roflgamer) used a mass_bomb 2-13-2021, 2:29:09 PM
mrido(roflgamer) used a mass_bomb 2-13-2021, 2:29:09 PM
mrido(roflgamer) used a mass_bomb 2-13-2021, 2:29:10 PM
mrido(roflgamer) used a mass_bomb 2-13-2021, 2:29:10 PM
mrido(roflgamer) used a mass_bomb 2-13-2021, 2:29:10 PM
mrido(roflgamer) used a mass_bomb 2-13-2021, 2:29:11 PM
mrido(roflgamer) used a mass_bomb 2-13-2021, 2:29:11 PM
mrido(roflgamer) used a mass_bomb 2-13-2021, 2:29:11 PM
mrido(roflgamer) used a armored_tank 2-13-2021, 2:35:37 PM
mrido(roflgamer) used a armored_tank 2-13-2021, 2:35:38 PM
mrido(roflgamer) used a mass_bomb 2-13-2021, 2:35:38 PM
mrido(roflgamer) used a mass_bomb 2-13-2021, 2:35:38 PM
mrido(roflgamer) used a mass_bomb 2-13-2021, 2:35:38 PM
mrido(roflgamer) used a mass_bomb 2-13-2021, 2:35:39 PM
mrido(roflgamer) used a mass_bomb 2-13-2021, 2:35:39 PM
mrido(roflgamer) used a mass_bomb 2-13-2021, 2:35:39 PM
mrido(roflgamer) used a mass_bomb 2-13-2021, 2:35:39 PM
mrido(roflgamer) used a mass_bomb 2-13-2021, 2:35:40 PM
mrido(roflgamer) used a mass_bomb 2-13-2021, 2:35:40 PM
mrido(roflgamer) used a mass_bomb 2-13-2021, 2:35:40 PM
mrido(roflgamer) used a mass_bomb 2-13-2021, 2:35:40 PM
mrido(roflgamer) used a mass_bomb 2-13-2021, 2:35:41 PM
mrido(roflgamer) used a mass_bomb 2-13-2021, 2:35:41 PM
mrido(roflgamer) used a mass_bomb 2-13-2021, 2:35:41 PM
mrido(roflgamer) used a mass_bomb 2-13-2021, 2:35:41 PM
mrido(roflgamer) used a mass_bomb 2-13-2021, 2:35:42 PM
mrido(roflgamer) used a mass_bomb 2-13-2021, 2:35:42 PM
mrido(roflgamer) used a mass_bomb 2-13-2021, 2:35:42 PM
mrido(roflgamer) used a mass_bomb 2-13-2021, 2:35:43 PM
mrido(roflgamer) used a mass_bomb 2-13-2021, 2:35:43 PM
mrido(roflgamer) used a mass_bomb 2-13-2021, 2:35:43 PM
mrido(roflgamer) used a mass_bomb 2-13-2021, 2:35:43 PM
mrido(roflgamer) used a mass_bomb 2-13-2021, 2:35:44 PM
mrido(roflgamer) used a mass_bomb 2-13-2021, 2:35:44 PM
mrido(roflgamer) used a mass_bomb 2-13-2021, 2:35:44 PM
mrido(roflgamer) used a mass_bomb 2-13-2021, 2:35:45 PM
mrido(roflgamer) used a mass_bomb 2-13-2021, 2:35:47 PM
mrido(roflgamer) used a mass_bomb 2-13-2021, 2:35:47 PM
mrido(roflgamer) used a mass_bomb 2-13-2021, 2:35:47 PM
mrido(roflgamer) used a mass_bomb 2-13-2021, 2:35:48 PM
mrido(roflgamer) used a mass_bomb 2-13-2021, 2:35:48 PM
mrido(roflgamer) used a metal 2-13-2021, 2:35:59 PM
mrido(roflgamer) used a tk_ultra_health_potion 2-13-2021, 2:38:13 PM
mrido(roflgamer) used a tk_ultra_health_potion 2-13-2021, 2:38:13 PM
mrido(roflgamer) used a mass_bomb 2-13-2021, 2:38:20 PM
mrido(roflgamer) used a mass_bomb 2-13-2021, 2:38:20 PM
mrido(roflgamer) used a mass_bomb 2-13-2021, 2:38:21 PM
mrido(roflgamer) used a mass_bomb 2-13-2021, 2:38:21 PM
mrido(roflgamer) used a mass_bomb 2-13-2021, 2:38:21 PM
mrido(roflgamer) used a mass_bomb 2-13-2021, 2:38:21 PM
mrido(roflgamer) used a mass_bomb 2-13-2021, 2:38:22 PM
mrido(roflgamer) used a mass_bomb 2-13-2021, 2:38:22 PM
mrido(roflgamer) used a mass_bomb 2-13-2021, 2:38:22 PM
mrido(roflgamer) used a mass_bomb 2-13-2021, 2:38:22 PM
mrido(roflgamer) used a mass_bomb 2-13-2021, 2:38:23 PM
mrido(roflgamer) used a mass_bomb 2-13-2021, 2:38:23 PM
mrido(roflgamer) used a mass_bomb 2-13-2021, 2:38:23 PM
mrido(roflgamer) used a mass_bomb 2-13-2021, 2:38:24 PM
mrido(roflgamer) used a mass_bomb 2-13-2021, 2:38:24 PM
mrido(roflgamer) used a mass_bomb 2-13-2021, 2:38:24 PM
mrido(roflgamer) used a mass_bomb 2-13-2021, 2:38:25 PM
mrido(roflgamer) used a mass_bomb 2-13-2021, 2:38:25 PM
mrido(roflgamer) used a mass_bomb 2-13-2021, 2:38:25 PM
mrido(roflgamer) used a mass_bomb 2-13-2021, 2:38:25 PM
mrido(roflgamer) used a mass_bomb 2-13-2021, 2:38:26 PM
mrido(roflgamer) used a mass_bomb 2-13-2021, 2:38:26 PM
mrido(roflgamer) used a mass_bomb 2-13-2021, 2:38:26 PM
mrido(roflgamer) used a mass_bomb 2-13-2021, 2:38:26 PM
mrido(roflgamer) used a mass_bomb 2-13-2021, 2:38:27 PM
mrido(roflgamer) used a mass_bomb 2-13-2021, 2:38:27 PM
mrido(roflgamer) used a mass_bomb 2-13-2021, 2:38:27 PM
mrido(roflgamer) used a mass_bomb 2-13-2021, 2:38:28 PM
mrido(roflgamer) used a mass_bomb 2-13-2021, 2:38:29 PM
mrido(roflgamer) used a mass_bomb 2-13-2021, 2:38:29 PM
mrido(roflgamer) used a mass_bomb 2-13-2021, 2:38:29 PM
mrido(roflgamer) used a mass_bomb 2-13-2021, 2:38:30 PM
mrido(roflgamer) used a mass_bomb 2-13-2021, 2:38:30 PM
mrido(roflgamer) used a armored_tank 2-13-2021, 2:40:03 PM
mrido(roflgamer) used a armored_tank 2-13-2021, 2:40:03 PM
mrido(roflgamer) used a armored_tank 2-13-2021, 2:40:03 PM
mrido(roflgamer) used a mass_bomb 2-13-2021, 2:40:04 PM
mrido(roflgamer) used a mass_bomb 2-13-2021, 2:40:04 PM
mrido(roflgamer) used a mass_bomb 2-13-2021, 2:40:04 PM
mrido(roflgamer) used a mass_bomb 2-13-2021, 2:40:04 PM
mrido(roflgamer) used a mass_bomb 2-13-2021, 2:40:04 PM
mrido(roflgamer) used a mass_bomb 2-13-2021, 2:40:05 PM
mrido(roflgamer) used a mass_bomb 2-13-2021, 2:40:05 PM
mrido(roflgamer) used a mass_bomb 2-13-2021, 2:40:06 PM
mrido(roflgamer) used a mass_bomb 2-13-2021, 2:40:06 PM
mrido(roflgamer) used a mass_bomb 2-13-2021, 2:40:06 PM
mrido(roflgamer) used a mass_bomb 2-13-2021, 2:40:06 PM
mrido(roflgamer) used a mass_bomb 2-13-2021, 2:40:07 PM
mrido(roflgamer) used a mass_bomb 2-13-2021, 2:40:07 PM
mrido(roflgamer) used a mass_bomb 2-13-2021, 2:40:07 PM
mrido(roflgamer) used a mass_bomb 2-13-2021, 2:40:07 PM
mrido(roflgamer) used a mass_bomb 2-13-2021, 2:40:08 PM
mrido(roflgamer) used a mass_bomb 2-13-2021, 2:40:08 PM
mrido(roflgamer) used a mass_bomb 2-13-2021, 2:40:13 PM
mrido(roflgamer) used a mass_bomb 2-13-2021, 2:40:17 PM
mrido(roflgamer) used a mass_bomb 2-13-2021, 2:40:17 PM
mrido(roflgamer) used a mass_bomb 2-13-2021, 2:40:22 PM
mrido(roflgamer) used a mass_bomb 2-13-2021, 2:40:22 PM
mrido(roflgamer) used a mass_bomb 2-13-2021, 2:40:30 PM
mrido(roflgamer) used a mass_bomb 2-13-2021, 2:40:30 PM
mrido(roflgamer) used a mass_bomb 2-13-2021, 2:40:31 PM
mrido(roflgamer) used a mass_bomb 2-13-2021, 2:40:31 PM
mrido(roflgamer) used a mass_bomb 2-13-2021, 2:40:31 PM
mrido(roflgamer) used a mass_bomb 2-13-2021, 2:40:31 PM
mrido(roflgamer) used a mass_bomb 2-13-2021, 2:40:31 PM
mrido(roflgamer) used a mass_bomb 2-13-2021, 2:40:32 PM
mrido(roflgamer) used a mass_bomb 2-13-2021, 2:40:32 PM
mrido(roflgamer) used a mass_bomb 2-13-2021, 2:40:32 PM
mrido(roflgamer) used a mass_bomb 2-13-2021, 2:40:32 PM
mrido(roflgamer) used a mass_bomb 2-13-2021, 2:40:33 PM
mrido(roflgamer) used a mass_bomb 2-13-2021, 2:40:33 PM
mrido(roflgamer) used a mass_bomb 2-13-2021, 2:40:33 PM
mrido(roflgamer) used a mass_bomb 2-13-2021, 2:40:34 PM
mrido(roflgamer) used a mass_bomb 2-13-2021, 2:40:34 PM
mrido(roflgamer) used a mass_bomb 2-13-2021, 2:40:34 PM
mrido(roflgamer) used a mass_bomb 2-13-2021, 2:40:34 PM
mrido(roflgamer) used a mass_bomb 2-13-2021, 2:40:35 PM
mrido(roflgamer) used a mass_bomb 2-13-2021, 2:40:35 PM
mrido(roflgamer) used a mass_bomb 2-13-2021, 2:40:35 PM
mrido(roflgamer) used a mass_bomb 2-13-2021, 2:40:36 PM
mrido(roflgamer) used a mass_bomb 2-13-2021, 2:40:36 PM
mrido(roflgamer) used a mass_bomb 2-13-2021, 2:40:36 PM
mrido(roflgamer) used a mass_bomb 2-13-2021, 2:40:37 PM
mrido(roflgamer) used a mass_bomb 2-13-2021, 2:40:37 PM
mrido(roflgamer) used a mass_bomb 2-13-2021, 2:40:37 PM
mrido(roflgamer) used a mass_bomb 2-13-2021, 2:40:38 PM
mrido(roflgamer) used a mass_bomb 2-13-2021, 2:40:38 PM
mrido(roflgamer) used a mass_bomb 2-13-2021, 2:40:38 PM
mrido(roflgamer) used a mass_bomb 2-13-2021, 2:40:38 PM
mrido(roflgamer) used a mass_bomb 2-13-2021, 2:40:39 PM
mrido(roflgamer) used a mass_bomb 2-13-2021, 2:40:39 PM
mrido(roflgamer) used a mass_bomb 2-13-2021, 2:40:39 PM
mrido(roflgamer) used a mass_bomb 2-13-2021, 2:40:39 PM
mrido(roflgamer) used a mass_bomb 2-13-2021, 2:40:40 PM
mrido(roflgamer) used a mass_bomb 2-13-2021, 2:40:40 PM
mrido(roflgamer) used a mass_bomb 2-13-2021, 2:40:40 PM
mrido(roflgamer) used a mass_bomb 2-13-2021, 2:40:41 PM
mrido(roflgamer) used a mass_bomb 2-13-2021, 2:40:41 PM
mrido(roflgamer) used a mass_bomb 2-13-2021, 2:40:42 PM
mrido(roflgamer) used a mass_bomb 2-13-2021, 2:40:43 PM
mrido(roflgamer) used a mass_bomb 2-13-2021, 2:40:43 PM
mrido(roflgamer) used a mass_bomb 2-13-2021, 2:40:43 PM
mrido(roflgamer) used a mass_bomb 2-13-2021, 2:40:43 PM
mrido(roflgamer) used a mass_bomb 2-13-2021, 2:40:43 PM
mrido(roflgamer) used a mass_bomb 2-13-2021, 2:40:44 PM
mrido(roflgamer) used a mass_bomb 2-13-2021, 2:40:44 PM
mrido(roflgamer) used a mass_bomb 2-13-2021, 2:40:48 PM
mrido(roflgamer) used a mass_bomb 2-13-2021, 2:40:48 PM
mrido(roflgamer) used a mass_bomb 2-13-2021, 2:40:48 PM
mrido(roflgamer) used a mass_bomb 2-13-2021, 2:40:48 PM
mrido(roflgamer) used a mass_bomb 2-13-2021, 2:40:49 PM
mrido(roflgamer) used a mass_bomb 2-13-2021, 2:40:49 PM
mrido(roflgamer) used a aircraft 2-13-2021, 5:01:01 PM
mrido(roflgamer) used a aircraft 2-13-2021, 5:01:01 PM
mrido(roflgamer) used a aircraft 2-13-2021, 5:01:02 PM
mrido(roflgamer) used a aircraft 2-13-2021, 5:01:02 PM
mrido(roflgamer) used a aircraft 2-13-2021, 5:01:03 PM
mrido(roflgamer) used a mass_bomb 2-13-2021, 5:01:47 PM
mrido(roflgamer) used a mass_bomb 2-13-2021, 5:01:47 PM
mrido(roflgamer) used a mass_bomb 2-13-2021, 5:01:47 PM
mrido(roflgamer) used a mass_bomb 2-13-2021, 5:01:48 PM
mrido(roflgamer) used a mass_bomb 2-13-2021, 5:01:48 PM
mrido(roflgamer) used a mass_bomb 2-13-2021, 5:01:48 PM
mrido(roflgamer) used a mass_bomb 2-13-2021, 5:01:49 PM
mrido(roflgamer) used a mass_bomb 2-13-2021, 5:01:49 PM
mrido(roflgamer) used a mass_bomb 2-13-2021, 5:01:50 PM
mrido(roflgamer) used a mass_bomb 2-13-2021, 5:01:50 PM
mrido(roflgamer) used a mass_bomb 2-13-2021, 5:01:50 PM
mrido(roflgamer) used a mass_bomb 2-13-2021, 5:01:51 PM
mrido(roflgamer) used a mass_bomb 2-13-2021, 5:01:51 PM
mrido(roflgamer) used a mass_bomb 2-13-2021, 5:01:51 PM
mrido(roflgamer) used a mass_bomb 2-13-2021, 5:01:51 PM
mrido(roflgamer) used a mass_bomb 2-13-2021, 5:01:52 PM
mrido(roflgamer) used a mass_bomb 2-13-2021, 5:01:52 PM
mrido(roflgamer) used a mass_bomb 2-13-2021, 5:01:53 PM
mrido(roflgamer) used a mass_bomb 2-13-2021, 5:01:53 PM
mrido(roflgamer) used a mass_bomb 2-13-2021, 5:01:54 PM
mrido(roflgamer) used a mass_bomb 2-13-2021, 5:01:54 PM
mrido(roflgamer) used a mass_bomb 2-13-2021, 5:01:54 PM
mrido(roflgamer) used a mass_bomb 2-13-2021, 5:01:54 PM
mrido(roflgamer) used a mass_bomb 2-13-2021, 5:01:55 PM
mrido(roflgamer) used a mass_bomb 2-13-2021, 5:01:55 PM
mrido(roflgamer) used a mass_bomb 2-13-2021, 5:01:55 PM
mrido(roflgamer) used a mass_bomb 2-13-2021, 5:01:56 PM
mrido(roflgamer) used a mass_bomb 2-13-2021, 5:01:56 PM
mrido(roflgamer) used a mass_bomb 2-13-2021, 5:01:56 PM
mrido(roflgamer) used a mass_bomb 2-13-2021, 5:02:12 PM
mrido(roflgamer) used a mass_bomb 2-13-2021, 5:02:12 PM
mrido(roflgamer) used a mass_bomb 2-13-2021, 5:02:12 PM
mrido(roflgamer) used a mass_bomb 2-13-2021, 5:02:12 PM
mrido(roflgamer) used a mass_bomb 2-13-2021, 5:02:13 PM
mrido(roflgamer) used a mass_bomb 2-13-2021, 5:02:13 PM
mrido(roflgamer) used a mass_bomb 2-13-2021, 5:02:15 PM
mrido(roflgamer) used a mass_bomb 2-13-2021, 5:02:15 PM
mrido(roflgamer) used a mass_bomb 2-13-2021, 5:02:15 PM
mrido(roflgamer) used a mass_bomb 2-13-2021, 5:02:15 PM
mrido(roflgamer) used a mass_bomb 2-13-2021, 5:02:15 PM
mrido(roflgamer) used a mass_bomb 2-13-2021, 5:02:16 PM
mrido(roflgamer) used a mass_bomb 2-13-2021, 5:02:16 PM
mrido(roflgamer) used a mass_bomb 2-13-2021, 5:02:16 PM
mrido(roflgamer) used a mass_bomb 2-13-2021, 5:02:16 PM
mrido(roflgamer) used a mass_bomb 2-13-2021, 5:02:17 PM
mrido(roflgamer) used a mass_bomb 2-13-2021, 5:02:17 PM
mrido(roflgamer) used a mass_bomb 2-13-2021, 5:02:17 PM
mrido(roflgamer) used a mass_bomb 2-13-2021, 5:02:17 PM
mrido(roflgamer) used a mass_bomb 2-13-2021, 5:02:18 PM
mrido(roflgamer) used a mass_bomb 2-13-2021, 5:02:18 PM
mrido(roflgamer) used a mass_bomb 2-13-2021, 5:02:18 PM
mrido(roflgamer) used a mass_bomb 2-13-2021, 5:02:19 PM
mrido(roflgamer) used a mass_bomb 2-13-2021, 5:02:19 PM
mrido(roflgamer) used a mass_bomb 2-13-2021, 5:02:19 PM
mrido(roflgamer) used a mass_bomb 2-13-2021, 5:02:19 PM
mrido(roflgamer) used a mass_bomb 2-13-2021, 5:02:20 PM
mrido(roflgamer) used a mass_bomb 2-13-2021, 5:02:20 PM
mrido(roflgamer) used a mass_bomb 2-13-2021, 5:02:20 PM
mrido(roflgamer) used a mass_bomb 2-13-2021, 5:02:20 PM
mrido(roflgamer) used a mass_bomb 2-13-2021, 5:02:21 PM
mrido(roflgamer) used a mass_bomb 2-13-2021, 5:02:21 PM
mrido(roflgamer) used a mass_bomb 2-13-2021, 5:02:21 PM
mrido(roflgamer) used a mass_bomb 2-13-2021, 5:02:22 PM
mrido(roflgamer) used a mass_bomb 2-13-2021, 5:02:23 PM
mrido(roflgamer) used a mass_bomb 2-13-2021, 5:02:23 PM
mrido(roflgamer) used a mass_bomb 2-13-2021, 5:02:23 PM
mrido(roflgamer) used a mass_bomb 2-13-2021, 5:02:23 PM
mrido(roflgamer) used a suicide_bomb 2-13-2021, 5:03:39 PM
mrido(roflgamer) used a armored_tank 2-13-2021, 5:05:56 PM
mrido(roflgamer) used a armored_tank 2-13-2021, 5:05:56 PM
mrido(roflgamer) used a armored_tank 2-13-2021, 5:06:11 PM
mrido(roflgamer) used a wood 2-13-2021, 5:06:38 PM
mrido(roflgamer) used a coin 2-13-2021, 5:06:57 PM
mrido(roflgamer) used a coin 2-13-2021, 5:07:09 PM
mrido(roflgamer) used a coin 2-13-2021, 5:07:10 PM
mrido(roflgamer) used a coin 2-13-2021, 5:07:12 PM
mrido(roflgamer) used a coin 2-13-2021, 5:07:16 PM
mrido(roflgamer) used a suicide_bomb 2-13-2021, 5:07:28 PM
mrido(roflgamer) used a the_legendary_sword 2-13-2021, 5:08:22 PM
mrido(roflgamer) used a tk_ultra_health_potion 2-13-2021, 5:09:21 PM
mrido(roflgamer) used a tk_ultra_health_potion 2-13-2021, 5:09:21 PM
mrido(roflgamer) used a health_drink 2-13-2021, 5:10:54 PM
mrido(roflgamer) used a health_drink 2-13-2021, 5:10:55 PM
mrido(roflgamer) used a health_drink 2-13-2021, 5:10:59 PM
mrido(roflgamer) used a health_drink 2-13-2021, 5:11:00 PM
mrido(roflgamer) used a health_drink 2-13-2021, 5:11:01 PM
mrido(roflgamer) used a health_drink 2-13-2021, 5:11:03 PM
mrido(roflgamer) used a health_drink 2-13-2021, 5:11:04 PM
mrido(roflgamer) used a health_drink 2-13-2021, 5:11:04 PM
mrido(roflgamer) used a health_drink 2-13-2021, 5:11:05 PM
mrido(roflgamer) used a health_drink 2-13-2021, 5:11:05 PM
mrido(roflgamer) used a health_drink 2-13-2021, 5:11:05 PM
mrido(roflgamer) used a health_drink 2-13-2021, 5:11:06 PM
mrido(roflgamer) used a health_drink 2-13-2021, 5:11:17 PM
mrido(roflgamer) used a health_drink 2-13-2021, 5:11:18 PM
mrido(roflgamer) used a health_drink 2-13-2021, 5:11:20 PM
mrido(roflgamer) used a health_drink 2-13-2021, 5:11:20 PM
mrido(roflgamer) used a health_drink 2-13-2021, 5:11:24 PM
mrido(roflgamer) used a health_drink 2-13-2021, 5:11:25 PM
mrido(roflgamer) used a armored_tank 2-13-2021, 5:11:49 PM
mrido(roflgamer) used a mass_bomb 2-13-2021, 5:11:50 PM
mrido(roflgamer) used a mass_bomb 2-13-2021, 5:11:50 PM
mrido(roflgamer) used a mass_bomb 2-13-2021, 5:11:50 PM
mrido(roflgamer) used a mass_bomb 2-13-2021, 5:11:50 PM
mrido(roflgamer) used a mass_bomb 2-13-2021, 5:11:51 PM
mrido(roflgamer) used a mass_bomb 2-13-2021, 5:11:51 PM
mrido(roflgamer) used a mass_bomb 2-13-2021, 5:11:51 PM
mrido(roflgamer) used a mass_bomb 2-13-2021, 5:11:51 PM
mrido(roflgamer) used a mass_bomb 2-13-2021, 5:11:52 PM
mrido(roflgamer) used a mass_bomb 2-13-2021, 5:11:52 PM
mrido(roflgamer) used a mass_bomb 2-13-2021, 5:11:52 PM
mrido(roflgamer) used a mass_bomb 2-13-2021, 5:11:52 PM
mrido(roflgamer) used a mass_bomb 2-13-2021, 5:11:53 PM
mrido(roflgamer) used a mass_bomb 2-13-2021, 5:11:53 PM
mrido(roflgamer) used a mass_bomb 2-13-2021, 5:11:55 PM
mrido(roflgamer) used a mass_bomb 2-13-2021, 5:11:55 PM
mrido(roflgamer) used a mass_bomb 2-13-2021, 5:11:55 PM
mrido(roflgamer) used a mass_bomb 2-13-2021, 5:11:55 PM
mrido(roflgamer) used a mass_bomb 2-13-2021, 5:11:55 PM
mrido(roflgamer) used a mass_bomb 2-13-2021, 5:11:56 PM
mrido(roflgamer) used a mass_bomb 2-13-2021, 5:11:56 PM
mrido(roflgamer) used a mass_bomb 2-13-2021, 5:11:58 PM
mrido(roflgamer) used a mass_bomb 2-13-2021, 5:11:59 PM
mrido(roflgamer) used a mass_bomb 2-13-2021, 5:11:59 PM
mrido(roflgamer) used a mass_bomb 2-13-2021, 5:11:59 PM
mrido(roflgamer) used a mass_bomb 2-13-2021, 5:12:00 PM
mrido(roflgamer) used a mass_bomb 2-13-2021, 5:12:00 PM
mrido(roflgamer) used a metal 2-13-2021, 5:12:10 PM
mrido(roflgamer) used a mass_bomb 2-13-2021, 5:12:26 PM
mrido(roflgamer) used a mass_bomb 2-13-2021, 5:12:26 PM
mrido(roflgamer) used a mass_bomb 2-13-2021, 5:12:26 PM
mrido(roflgamer) used a mass_bomb 2-13-2021, 5:12:26 PM
mrido(roflgamer) used a mass_bomb 2-13-2021, 5:12:28 PM
mrido(roflgamer) used a mass_bomb 2-13-2021, 5:12:28 PM
mrido(roflgamer) used a mass_bomb 2-13-2021, 5:12:28 PM
mrido(roflgamer) used a mass_bomb 2-13-2021, 5:12:34 PM
mrido(roflgamer) used a mass_bomb 2-13-2021, 5:12:34 PM
mrido(roflgamer) used a mass_bomb 2-13-2021, 5:12:34 PM
mrido(roflgamer) used a mass_bomb 2-13-2021, 5:12:34 PM
mrido(roflgamer) used a mass_bomb 2-13-2021, 5:12:35 PM
mrido(roflgamer) used a mass_bomb 2-13-2021, 5:12:35 PM
mrido(roflgamer) used a mass_bomb 2-13-2021, 5:12:35 PM
mrido(roflgamer) used a mass_bomb 2-13-2021, 5:12:38 PM
mrido(roflgamer) used a mass_bomb 2-13-2021, 5:12:38 PM
mrido(roflgamer) used a mass_bomb 2-13-2021, 5:12:38 PM
mrido(roflgamer) used a metal 2-13-2021, 5:12:40 PM
mrido(roflgamer) used a mass_bomb 2-13-2021, 5:12:40 PM
mrido(roflgamer) used a mass_bomb 2-13-2021, 5:12:40 PM
mrido(roflgamer) used a mass_bomb 2-13-2021, 5:12:41 PM
mrido(roflgamer) used a mass_bomb 2-13-2021, 5:12:41 PM
mrido(roflgamer) used a mass_bomb 2-13-2021, 5:12:41 PM
mrido(roflgamer) used a mass_bomb 2-13-2021, 5:12:42 PM
mrido(roflgamer) used a mass_bomb 2-13-2021, 5:12:42 PM
mrido(roflgamer) used a mass_bomb 2-13-2021, 5:12:42 PM
mrido(roflgamer) used a mass_bomb 2-13-2021, 5:12:42 PM
mrido(roflgamer) used a mass_bomb 2-13-2021, 5:12:43 PM
mrido(roflgamer) used a mass_bomb 2-13-2021, 5:12:43 PM
mrido(roflgamer) used a mass_bomb 2-13-2021, 5:12:43 PM
mrido(roflgamer) used a mass_bomb 2-13-2021, 5:12:44 PM
mrido(roflgamer) used a mass_bomb 2-13-2021, 5:12:44 PM
mrido(roflgamer) used a mass_bomb 2-13-2021, 5:12:44 PM
mrido(roflgamer) used a mass_bomb 2-13-2021, 5:12:45 PM
mrido(roflgamer) used a mass_bomb 2-13-2021, 5:12:45 PM
mrido(roflgamer) used a mass_bomb 2-13-2021, 5:12:45 PM
mrido(roflgamer) used a mass_bomb 2-13-2021, 5:12:48 PM
mrido(roflgamer) used a mass_bomb 2-13-2021, 5:12:48 PM
mrido(roflgamer) used a mass_bomb 2-13-2021, 5:12:48 PM
mrido(roflgamer) used a mass_bomb 2-13-2021, 5:12:48 PM
mrido(roflgamer) used a mass_bomb 2-13-2021, 5:12:49 PM
mrido(roflgamer) used a mass_bomb 2-13-2021, 5:12:49 PM
mrido(roflgamer) used a mass_bomb 2-13-2021, 5:12:49 PM
mrido(roflgamer) used a mass_bomb 2-13-2021, 5:12:50 PM
mrido(roflgamer) used a mass_bomb 2-13-2021, 5:12:50 PM
mrido(roflgamer) used a mass_bomb 2-13-2021, 5:12:50 PM
mrido(roflgamer) used a mass_bomb 2-13-2021, 5:12:51 PM
mrido(roflgamer) used a mass_bomb 2-13-2021, 5:12:58 PM
mrido(roflgamer) used a mass_bomb 2-13-2021, 5:12:59 PM
mrido(roflgamer) used a mass_bomb 2-13-2021, 5:12:59 PM
mrido(roflgamer) used a mass_bomb 2-13-2021, 5:13:00 PM
mrido(roflgamer) used a mass_bomb 2-13-2021, 5:13:00 PM
mrido(roflgamer) used a metal 2-13-2021, 5:13:02 PM
mrido(roflgamer) used a mass_bomb 2-13-2021, 5:13:02 PM
mrido(roflgamer) used a mass_bomb 2-13-2021, 5:13:02 PM
mrido(roflgamer) used a mass_bomb 2-13-2021, 5:13:03 PM
mrido(roflgamer) used a mass_bomb 2-13-2021, 5:13:04 PM
mrido(roflgamer) used a mass_bomb 2-13-2021, 5:13:04 PM
mrido(roflgamer) used a mass_bomb 2-13-2021, 5:13:05 PM
mrido(roflgamer) used a mass_bomb 2-13-2021, 5:13:05 PM
mrido(roflgamer) used a mass_bomb 2-13-2021, 5:13:08 PM
mrido(roflgamer) used a mass_bomb 2-13-2021, 5:13:08 PM
mrido(roflgamer) used a mass_bomb 2-13-2021, 5:13:08 PM
mrido(roflgamer) used a mass_bomb 2-13-2021, 5:13:08 PM
mrido(roflgamer) used a mass_bomb 2-13-2021, 5:13:09 PM
mrido(roflgamer) used a mass_bomb 2-13-2021, 5:13:09 PM
mrido(roflgamer) used a mass_bomb 2-13-2021, 5:13:09 PM
mrido(roflgamer) used a mass_bomb 2-13-2021, 5:13:11 PM
mrido(roflgamer) used a mass_bomb 2-13-2021, 5:13:11 PM
mrido(roflgamer) used a mass_bomb 2-13-2021, 5:13:15 PM
mrido(roflgamer) used a mass_bomb 2-13-2021, 5:13:15 PM
mrido(roflgamer) used a mass_bomb 2-13-2021, 5:13:15 PM
mrido(roflgamer) used a mass_bomb 2-13-2021, 5:13:16 PM
mrido(roflgamer) used a mass_bomb 2-13-2021, 5:13:16 PM
mrido(roflgamer) used a mass_bomb 2-13-2021, 5:13:17 PM
mrido(roflgamer) used a mass_bomb 2-13-2021, 5:13:17 PM
mrido(roflgamer) used a mass_bomb 2-13-2021, 5:13:18 PM
mrido(roflgamer) used a mass_bomb 2-13-2021, 5:13:19 PM
mrido(roflgamer) used a metal 2-13-2021, 5:13:20 PM
mrido(roflgamer) used a mass_bomb 2-13-2021, 5:13:21 PM
mrido(roflgamer) used a mass_bomb 2-13-2021, 5:13:21 PM
mrido(roflgamer) used a mass_bomb 2-13-2021, 5:13:21 PM
mrido(roflgamer) used a mass_bomb 2-13-2021, 5:13:22 PM
mrido(roflgamer) used a mass_bomb 2-13-2021, 5:13:22 PM
mrido(roflgamer) used a mass_bomb 2-13-2021, 5:13:22 PM
mrido(roflgamer) used a mass_bomb 2-13-2021, 5:13:23 PM
mrido(roflgamer) used a mass_bomb 2-13-2021, 5:13:23 PM
mrido(roflgamer) used a mass_bomb 2-13-2021, 5:13:23 PM
mrido(roflgamer) used a mass_bomb 2-13-2021, 5:13:24 PM
mrido(roflgamer) used a mass_bomb 2-13-2021, 5:13:24 PM
mrido(roflgamer) used a mass_bomb 2-13-2021, 5:13:25 PM
mrido(roflgamer) used a mass_bomb 2-13-2021, 5:13:25 PM
mrido(roflgamer) used a mass_bomb 2-13-2021, 5:13:26 PM
mrido(roflgamer) used a mass_bomb 2-13-2021, 5:13:26 PM
mrido(roflgamer) used a mass_bomb 2-13-2021, 5:13:26 PM
mrido(roflgamer) used a mass_bomb 2-13-2021, 5:13:26 PM
mrido(roflgamer) used a mass_bomb 2-13-2021, 5:13:27 PM
mrido(roflgamer) used a mass_bomb 2-13-2021, 5:13:27 PM
mrido(roflgamer) used a mass_bomb 2-13-2021, 5:13:28 PM
mrido(roflgamer) used a mass_bomb 2-13-2021, 5:13:28 PM
mrido(roflgamer) used a mass_bomb 2-13-2021, 5:13:28 PM
mrido(roflgamer) used a mass_bomb 2-13-2021, 5:13:29 PM
mrido(roflgamer) used a mass_bomb 2-13-2021, 5:13:29 PM
mrido(roflgamer) used a mass_bomb 2-13-2021, 5:13:30 PM
mrido(roflgamer) used a mass_bomb 2-13-2021, 5:13:30 PM
mrido(roflgamer) used a mass_bomb 2-13-2021, 5:13:30 PM
mrido(roflgamer) used a mass_bomb 2-13-2021, 5:13:31 PM
mrido(roflgamer) used a mass_bomb 2-13-2021, 5:13:31 PM
mrido(roflgamer) used a mass_bomb 2-13-2021, 5:13:31 PM
mrido(roflgamer) used a mass_bomb 2-13-2021, 5:13:32 PM
mrido(roflgamer) used a mass_bomb 2-13-2021, 5:13:32 PM
mrido(roflgamer) used a mass_bomb 2-13-2021, 5:13:32 PM
mrido(roflgamer) used a mass_bomb 2-13-2021, 5:13:32 PM
mrido(roflgamer) used a mass_bomb 2-13-2021, 5:13:33 PM
mrido(roflgamer) used a mass_bomb 2-13-2021, 5:13:33 PM
mrido(roflgamer) used a metal 2-13-2021, 5:13:34 PM
mrido(roflgamer) used a mass_bomb 2-13-2021, 5:13:34 PM
mrido(roflgamer) used a mass_bomb 2-13-2021, 5:13:34 PM
mrido(roflgamer) used a mass_bomb 2-13-2021, 5:13:35 PM
mrido(roflgamer) used a mass_bomb 2-13-2021, 5:13:35 PM
mrido(roflgamer) used a mass_bomb 2-13-2021, 5:13:35 PM
mrido(roflgamer) used a mass_bomb 2-13-2021, 5:13:35 PM
mrido(roflgamer) used a mass_bomb 2-13-2021, 5:13:36 PM
mrido(roflgamer) used a mass_bomb 2-13-2021, 5:13:36 PM
mrido(roflgamer) used a mass_bomb 2-13-2021, 5:13:36 PM
mrido(roflgamer) used a mass_bomb 2-13-2021, 5:13:36 PM
mrido(roflgamer) used a mass_bomb 2-13-2021, 5:13:37 PM
mrido(roflgamer) used a mass_bomb 2-13-2021, 5:13:37 PM
mrido(roflgamer) used a mass_bomb 2-13-2021, 5:13:37 PM
mrido(roflgamer) used a mass_bomb 2-13-2021, 5:13:38 PM
mrido(roflgamer) used a mass_bomb 2-13-2021, 5:13:38 PM
mrido(roflgamer) used a mass_bomb 2-13-2021, 5:13:38 PM
mrido(roflgamer) used a mass_bomb 2-13-2021, 5:13:39 PM
mrido(roflgamer) used a mass_bomb 2-13-2021, 5:13:39 PM
mrido(roflgamer) used a mass_bomb 2-13-2021, 5:13:41 PM
mrido(roflgamer) used a mass_bomb 2-13-2021, 5:13:41 PM
mrido(roflgamer) used a mass_bomb 2-13-2021, 5:13:43 PM
mrido(roflgamer) used a mass_bomb 2-13-2021, 5:13:43 PM
mrido(roflgamer) used a mass_bomb 2-13-2021, 5:13:45 PM
mrido(roflgamer) used a mass_bomb 2-13-2021, 5:13:45 PM
mrido(roflgamer) used a mass_bomb 2-13-2021, 5:13:47 PM
mrido(roflgamer) used a mass_bomb 2-13-2021, 5:13:48 PM
mrido(roflgamer) used a mass_bomb 2-13-2021, 5:13:48 PM
mrido(roflgamer) used a mass_bomb 2-13-2021, 5:13:48 PM
mrido(roflgamer) used a mass_bomb 2-13-2021, 5:13:48 PM
mrido(roflgamer) used a metal 2-13-2021, 5:13:50 PM
mrido(roflgamer) used a mass_bomb 2-13-2021, 5:13:55 PM
mrido(roflgamer) used a mass_bomb 2-13-2021, 5:13:55 PM
mrido(roflgamer) used a mass_bomb 2-13-2021, 5:13:56 PM
mrido(roflgamer) used a mass_bomb 2-13-2021, 5:13:57 PM
mrido(roflgamer) used a mass_bomb 2-13-2021, 5:13:59 PM
mrido(roflgamer) used a mass_bomb 2-13-2021, 5:13:59 PM
mrido(roflgamer) used a mass_bomb 2-13-2021, 5:13:59 PM
mrido(roflgamer) used a mass_bomb 2-13-2021, 5:14:00 PM
mrido(roflgamer) used a mass_bomb 2-13-2021, 5:14:00 PM
mrido(roflgamer) used a mass_bomb 2-13-2021, 5:14:00 PM
mrido(roflgamer) used a mass_bomb 2-13-2021, 5:14:00 PM
mrido(roflgamer) used a mass_bomb 2-13-2021, 5:14:01 PM
mrido(roflgamer) used a mass_bomb 2-13-2021, 5:14:01 PM
mrido(roflgamer) used a mass_bomb 2-13-2021, 5:14:01 PM
mrido(roflgamer) used a mass_bomb 2-13-2021, 5:14:01 PM
mrido(roflgamer) used a mass_bomb 2-13-2021, 5:14:02 PM
mrido(roflgamer) used a mass_bomb 2-13-2021, 5:14:02 PM
mrido(roflgamer) used a mass_bomb 2-13-2021, 5:14:02 PM
mrido(roflgamer) used a mass_bomb 2-13-2021, 5:14:03 PM
mrido(roflgamer) used a mass_bomb 2-13-2021, 5:14:03 PM
mrido(roflgamer) used a mass_bomb 2-13-2021, 5:14:03 PM
mrido(roflgamer) used a mass_bomb 2-13-2021, 5:14:04 PM
mrido(roflgamer) used a mass_bomb 2-13-2021, 5:14:04 PM
mrido(roflgamer) used a mass_bomb 2-13-2021, 5:14:04 PM
mrido(roflgamer) used a mass_bomb 2-13-2021, 5:14:04 PM
mrido(roflgamer) used a mass_bomb 2-13-2021, 5:14:05 PM
mrido(roflgamer) used a mass_bomb 2-13-2021, 5:14:05 PM
mrido(roflgamer) used a mass_bomb 2-13-2021, 5:14:06 PM
mrido(roflgamer) used a mass_bomb 2-13-2021, 5:14:07 PM
mrido(roflgamer) used a mass_bomb 2-13-2021, 5:14:07 PM
mrido(roflgamer) used a mass_bomb 2-13-2021, 5:14:08 PM
mrido(roflgamer) used a mass_bomb 2-13-2021, 5:14:09 PM
mrido(roflgamer) used a mass_bomb 2-13-2021, 5:14:09 PM
mrido(roflgamer) used a mass_bomb 2-13-2021, 5:14:09 PM
mrido(roflgamer) used a mass_bomb 2-13-2021, 5:14:09 PM
mrido(roflgamer) used a mass_bomb 2-13-2021, 5:14:10 PM
mrido(roflgamer) used a mass_bomb 2-13-2021, 5:14:10 PM
mrido(roflgamer) used a mass_bomb 2-13-2021, 5:14:10 PM
mrido(roflgamer) used a mass_bomb 2-13-2021, 5:14:11 PM
mrido(roflgamer) used a mass_bomb 2-13-2021, 5:14:11 PM
mrido(roflgamer) used a mass_bomb 2-13-2021, 5:14:11 PM
mrido(roflgamer) used a mass_bomb 2-13-2021, 5:14:11 PM
mrido(roflgamer) used a mass_bomb 2-13-2021, 5:14:12 PM
mrido(roflgamer) used a mass_bomb 2-13-2021, 5:14:12 PM
mrido(roflgamer) used a mass_bomb 2-13-2021, 5:14:12 PM
mrido(roflgamer) used a mass_bomb 2-13-2021, 5:14:12 PM
mrido(roflgamer) used a mass_bomb 2-13-2021, 5:14:14 PM
mrido(roflgamer) used a mass_bomb 2-13-2021, 5:14:14 PM
mrido(roflgamer) used a metal 2-13-2021, 5:14:14 PM
mrido(roflgamer) used a mass_bomb 2-13-2021, 5:14:15 PM
mrido(roflgamer) used a mass_bomb 2-13-2021, 5:14:15 PM
mrido(roflgamer) used a mass_bomb 2-13-2021, 5:14:15 PM
mrido(roflgamer) used a mass_bomb 2-13-2021, 5:14:16 PM
mrido(roflgamer) used a mass_bomb 2-13-2021, 5:14:16 PM
mrido(roflgamer) used a mass_bomb 2-13-2021, 5:14:16 PM
mrido(roflgamer) used a mass_bomb 2-13-2021, 5:14:18 PM
mrido(roflgamer) used a mass_bomb 2-13-2021, 5:14:18 PM
mrido(roflgamer) used a mass_bomb 2-13-2021, 5:14:19 PM
mrido(roflgamer) used a mass_bomb 2-13-2021, 5:14:19 PM
mrido(roflgamer) used a mass_bomb 2-13-2021, 5:14:20 PM
mrido(roflgamer) used a mass_bomb 2-13-2021, 5:14:20 PM
mrido(roflgamer) used a mass_bomb 2-13-2021, 5:14:21 PM
mrido(roflgamer) used a mass_bomb 2-13-2021, 5:14:21 PM
mrido(roflgamer) used a mass_bomb 2-13-2021, 5:14:22 PM
mrido(roflgamer) used a mass_bomb 2-13-2021, 5:14:22 PM
mrido(roflgamer) used a mass_bomb 2-13-2021, 5:14:23 PM
mrido(roflgamer) used a mass_bomb 2-13-2021, 5:14:24 PM
mrido(roflgamer) used a mass_bomb 2-13-2021, 5:14:25 PM
mrido(roflgamer) used a mass_bomb 2-13-2021, 5:14:25 PM
mrido(roflgamer) used a mass_bomb 2-13-2021, 5:14:25 PM
mrido(roflgamer) used a mass_bomb 2-13-2021, 5:14:25 PM
mrido(roflgamer) used a mass_bomb 2-13-2021, 5:14:26 PM
mrido(roflgamer) used a mass_bomb 2-13-2021, 5:14:26 PM
mrido(roflgamer) used a mass_bomb 2-13-2021, 5:14:26 PM
mrido(roflgamer) used a metal 2-13-2021, 5:14:28 PM
mrido(roflgamer) used a mass_bomb 2-13-2021, 5:14:29 PM
mrido(roflgamer) used a mass_bomb 2-13-2021, 5:14:29 PM
mrido(roflgamer) used a mass_bomb 2-13-2021, 5:14:34 PM
mrido(roflgamer) used a mass_bomb 2-13-2021, 5:14:34 PM
mrido(roflgamer) used a mass_bomb 2-13-2021, 5:14:34 PM
mrido(roflgamer) used a mass_bomb 2-13-2021, 5:14:35 PM
mrido(roflgamer) used a mass_bomb 2-13-2021, 5:14:35 PM
mrido(roflgamer) used a mass_bomb 2-13-2021, 5:14:35 PM
mrido(roflgamer) used a mass_bomb 2-13-2021, 5:14:36 PM
mrido(roflgamer) used a mass_bomb 2-13-2021, 5:14:36 PM
mrido(roflgamer) used a mass_bomb 2-13-2021, 5:14:36 PM
mrido(roflgamer) used a mass_bomb 2-13-2021, 5:14:37 PM
mrido(roflgamer) used a mass_bomb 2-13-2021, 5:14:37 PM
mrido(roflgamer) used a mass_bomb 2-13-2021, 5:14:39 PM
mrido(roflgamer) used a mass_bomb 2-13-2021, 5:14:39 PM
mrido(roflgamer) used a mass_bomb 2-13-2021, 5:14:40 PM
mrido(roflgamer) used a mass_bomb 2-13-2021, 5:14:41 PM
mrido(roflgamer) used a mass_bomb 2-13-2021, 5:14:41 PM
mrido(roflgamer) used a mass_bomb 2-13-2021, 5:14:41 PM
mrido(roflgamer) used a mass_bomb 2-13-2021, 5:14:42 PM
mrido(roflgamer) used a mass_bomb 2-13-2021, 5:14:43 PM
mrido(roflgamer) used a mass_bomb 2-13-2021, 5:14:43 PM
mrido(roflgamer) used a mass_bomb 2-13-2021, 5:14:43 PM
mrido(roflgamer) used a mass_bomb 2-13-2021, 5:14:43 PM
mrido(roflgamer) used a mass_bomb 2-13-2021, 5:14:44 PM
mrido(roflgamer) used a mass_bomb 2-13-2021, 5:14:44 PM
mrido(roflgamer) used a mass_bomb 2-13-2021, 5:14:47 PM
mrido(roflgamer) used a mass_bomb 2-13-2021, 5:14:47 PM
mrido(roflgamer) used a mass_bomb 2-13-2021, 5:14:48 PM
mrido(roflgamer) used a mass_bomb 2-13-2021, 5:14:48 PM
mrido(roflgamer) used a mass_bomb 2-13-2021, 5:14:48 PM
mrido(roflgamer) used a mass_bomb 2-13-2021, 5:14:48 PM
mrido(roflgamer) used a mass_bomb 2-13-2021, 5:14:49 PM
mrido(roflgamer) used a mass_bomb 2-13-2021, 5:14:49 PM
mrido(roflgamer) used a mass_bomb 2-13-2021, 5:14:49 PM
mrido(roflgamer) used a mass_bomb 2-13-2021, 5:14:49 PM
mrido(roflgamer) used a mass_bomb 2-13-2021, 5:14:50 PM
mrido(roflgamer) used a metal 2-13-2021, 5:14:51 PM
mrido(roflgamer) used a metal 2-13-2021, 5:14:52 PM
mrido(roflgamer) used a mass_bomb 2-13-2021, 5:14:58 PM
mrido(roflgamer) used a mass_bomb 2-13-2021, 5:14:58 PM
mrido(roflgamer) used a mass_bomb 2-13-2021, 5:14:59 PM
mrido(roflgamer) used a mass_bomb 2-13-2021, 5:14:59 PM
mrido(roflgamer) used a mass_bomb 2-13-2021, 5:14:59 PM
mrido(roflgamer) used a mass_bomb 2-13-2021, 5:15:00 PM
mrido(roflgamer) used a mass_bomb 2-13-2021, 5:15:00 PM
mrido(roflgamer) used a mass_bomb 2-13-2021, 5:15:00 PM
mrido(roflgamer) used a mass_bomb 2-13-2021, 5:15:00 PM
mrido(roflgamer) used a mass_bomb 2-13-2021, 5:15:01 PM
mrido(roflgamer) used a mass_bomb 2-13-2021, 5:15:01 PM
mrido(roflgamer) used a mass_bomb 2-13-2021, 5:15:01 PM
mrido(roflgamer) used a mass_bomb 2-13-2021, 5:15:01 PM
mrido(roflgamer) used a mass_bomb 2-13-2021, 5:15:03 PM
mrido(roflgamer) used a mass_bomb 2-13-2021, 5:15:03 PM
mrido(roflgamer) used a mass_bomb 2-13-2021, 5:15:03 PM
mrido(roflgamer) used a mass_bomb 2-13-2021, 5:15:03 PM
mrido(roflgamer) used a mass_bomb 2-13-2021, 5:15:04 PM
mrido(roflgamer) used a mass_bomb 2-13-2021, 5:15:04 PM
mrido(roflgamer) used a mass_bomb 2-13-2021, 5:15:04 PM
mrido(roflgamer) used a mass_bomb 2-13-2021, 5:15:05 PM
mrido(roflgamer) used a mass_bomb 2-13-2021, 5:15:05 PM
mrido(roflgamer) used a mass_bomb 2-13-2021, 5:15:05 PM
mrido(roflgamer) used a mass_bomb 2-13-2021, 5:15:06 PM
mrido(roflgamer) used a mass_bomb 2-13-2021, 5:15:06 PM
mrido(roflgamer) used a mass_bomb 2-13-2021, 5:15:07 PM
mrido(roflgamer) used a mass_bomb 2-13-2021, 5:15:07 PM
mrido(roflgamer) used a mass_bomb 2-13-2021, 5:15:07 PM
mrido(roflgamer) used a mass_bomb 2-13-2021, 5:15:07 PM
mrido(roflgamer) used a mass_bomb 2-13-2021, 5:15:08 PM
mrido(roflgamer) used a mass_bomb 2-13-2021, 5:15:08 PM
mrido(roflgamer) used a mass_bomb 2-13-2021, 5:15:08 PM
mrido(roflgamer) used a mass_bomb 2-13-2021, 5:15:09 PM
mrido(roflgamer) used a mass_bomb 2-13-2021, 5:15:09 PM
mrido(roflgamer) used a mass_bomb 2-13-2021, 5:15:09 PM
mrido(roflgamer) used a mass_bomb 2-13-2021, 5:15:09 PM
mrido(roflgamer) used a metal 2-13-2021, 5:15:10 PM
mrido(roflgamer) used a mass_bomb 2-13-2021, 5:15:10 PM
mrido(roflgamer) used a mass_bomb 2-13-2021, 5:15:10 PM
mrido(roflgamer) used a mass_bomb 2-13-2021, 5:15:11 PM
mrido(roflgamer) used a mass_bomb 2-13-2021, 5:15:11 PM
mrido(roflgamer) used a mass_bomb 2-13-2021, 5:15:11 PM
mrido(roflgamer) used a mass_bomb 2-13-2021, 5:15:12 PM
mrido(roflgamer) used a mass_bomb 2-13-2021, 5:15:12 PM
mrido(roflgamer) used a mass_bomb 2-13-2021, 5:15:12 PM
mrido(roflgamer) used a mass_bomb 2-13-2021, 5:15:12 PM
mrido(roflgamer) used a mass_bomb 2-13-2021, 5:15:13 PM
mrido(roflgamer) used a mass_bomb 2-13-2021, 5:15:13 PM
mrido(roflgamer) used a mass_bomb 2-13-2021, 5:15:14 PM
mrido(roflgamer) used a mass_bomb 2-13-2021, 5:15:14 PM
mrido(roflgamer) used a mass_bomb 2-13-2021, 5:15:14 PM
mrido(roflgamer) used a mass_bomb 2-13-2021, 5:15:14 PM
mrido(roflgamer) used a mass_bomb 2-13-2021, 5:15:15 PM
mrido(roflgamer) used a mass_bomb 2-13-2021, 5:15:15 PM
mrido(roflgamer) used a mass_bomb 2-13-2021, 5:15:15 PM
mrido(roflgamer) used a mass_bomb 2-13-2021, 5:15:16 PM
mrido(roflgamer) used a mass_bomb 2-13-2021, 5:15:16 PM
mrido(roflgamer) used a mass_bomb 2-13-2021, 5:15:16 PM
mrido(roflgamer) used a mass_bomb 2-13-2021, 5:15:16 PM
mrido(roflgamer) used a mass_bomb 2-13-2021, 5:15:17 PM
mrido(roflgamer) used a mass_bomb 2-13-2021, 5:15:17 PM
mrido(roflgamer) used a mass_bomb 2-13-2021, 5:15:17 PM
mrido(roflgamer) used a mass_bomb 2-13-2021, 5:15:18 PM
mrido(roflgamer) used a mass_bomb 2-13-2021, 5:15:18 PM
mrido(roflgamer) used a mass_bomb 2-13-2021, 5:15:18 PM
mrido(roflgamer) used a mass_bomb 2-13-2021, 5:15:18 PM
mrido(roflgamer) used a mass_bomb 2-13-2021, 5:15:19 PM
mrido(roflgamer) used a mass_bomb 2-13-2021, 5:15:19 PM
mrido(roflgamer) used a mass_bomb 2-13-2021, 5:15:19 PM
mrido(roflgamer) used a mass_bomb 2-13-2021, 5:15:19 PM
mrido(roflgamer) used a mass_bomb 2-13-2021, 5:15:20 PM
mrido(roflgamer) used a mass_bomb 2-13-2021, 5:15:20 PM
mrido(roflgamer) used a mass_bomb 2-13-2021, 5:15:20 PM
mrido(roflgamer) used a mass_bomb 2-13-2021, 5:15:21 PM
mrido(roflgamer) used a mass_bomb 2-13-2021, 5:15:21 PM
mrido(roflgamer) used a mass_bomb 2-13-2021, 5:15:21 PM
mrido(roflgamer) used a mass_bomb 2-13-2021, 5:15:21 PM
mrido(roflgamer) used a metal 2-13-2021, 5:15:22 PM
mrido(roflgamer) used a mass_bomb 2-13-2021, 5:15:28 PM
mrido(roflgamer) used a mass_bomb 2-13-2021, 5:15:28 PM
mrido(roflgamer) used a mass_bomb 2-13-2021, 5:15:28 PM
mrido(roflgamer) used a mass_bomb 2-13-2021, 5:15:28 PM
mrido(roflgamer) used a metal 2-13-2021, 5:15:44 PM
mrido(roflgamer) used a mass_bomb 2-13-2021, 5:15:49 PM
mrido(roflgamer) used a mass_bomb 2-13-2021, 5:15:49 PM
mrido(roflgamer) used a mass_bomb 2-13-2021, 5:15:49 PM
mrido(roflgamer) used a mass_bomb 2-13-2021, 5:15:50 PM
mrido(roflgamer) used a mass_bomb 2-13-2021, 5:15:50 PM
mrido(roflgamer) used a mass_bomb 2-13-2021, 5:15:50 PM
mrido(roflgamer) used a mass_bomb 2-13-2021, 5:15:51 PM
mrido(roflgamer) used a mass_bomb 2-13-2021, 5:15:51 PM
mrido(roflgamer) used a mass_bomb 2-13-2021, 5:15:51 PM
mrido(roflgamer) used a mass_bomb 2-13-2021, 5:15:52 PM
mrido(roflgamer) used a mass_bomb 2-13-2021, 5:15:52 PM
mrido(roflgamer) used a mass_bomb 2-13-2021, 5:15:52 PM
mrido(roflgamer) used a mass_bomb 2-13-2021, 5:15:53 PM
mrido(roflgamer) used a mass_bomb 2-13-2021, 5:15:53 PM
mrido(roflgamer) used a mass_bomb 2-13-2021, 5:15:54 PM
mrido(roflgamer) used a mass_bomb 2-13-2021, 5:15:54 PM
mrido(roflgamer) used a mass_bomb 2-13-2021, 5:15:54 PM
mrido(roflgamer) used a mass_bomb 2-13-2021, 5:15:55 PM
mrido(roflgamer) used a mass_bomb 2-13-2021, 5:15:55 PM
mrido(roflgamer) used a mass_bomb 2-13-2021, 5:15:55 PM
mrido(roflgamer) used a mass_bomb 2-13-2021, 5:15:56 PM
mrido(roflgamer) used a mass_bomb 2-13-2021, 5:15:56 PM
mrido(roflgamer) used a mass_bomb 2-13-2021, 5:15:56 PM
mrido(roflgamer) used a mass_bomb 2-13-2021, 5:15:57 PM
mrido(roflgamer) used a mass_bomb 2-13-2021, 5:15:57 PM
mrido(roflgamer) used a aircraft 2-13-2021, 5:16:10 PM
mrido(roflgamer) used a aircraft 2-13-2021, 5:16:10 PM
mrido(roflgamer) used a aircraft 2-13-2021, 5:16:10 PM
mrido(roflgamer) used a aircraft 2-13-2021, 5:16:11 PM
mrido(roflgamer) used a guided_missile 2-13-2021, 5:16:29 PM
mrido(roflgamer) used a guided_missile 2-13-2021, 5:16:29 PM
mrido(roflgamer) used a guided_missile 2-13-2021, 5:16:30 PM
mrido(roflgamer) used a guided_missile 2-13-2021, 5:16:30 PM
mrido(roflgamer) used a guided_missile 2-13-2021, 5:16:31 PM
mrido(roflgamer) used a guided_missile 2-13-2021, 5:16:31 PM
mrido(roflgamer) used a guided_missile 2-13-2021, 5:16:32 PM
mrido(roflgamer) used a guided_missile 2-13-2021, 5:16:32 PM
mrido(roflgamer) used a mass_bomb 2-13-2021, 5:16:40 PM
mrido(roflgamer) used a mass_bomb 2-13-2021, 5:16:40 PM
mrido(roflgamer) used a mass_bomb 2-13-2021, 5:16:40 PM
mrido(roflgamer) used a mass_bomb 2-13-2021, 5:16:40 PM
mrido(roflgamer) used a mass_bomb 2-13-2021, 5:16:41 PM
mrido(roflgamer) used a mass_bomb 2-13-2021, 5:16:41 PM
mrido(roflgamer) used a mass_bomb 2-13-2021, 5:16:41 PM
mrido(roflgamer) used a mass_bomb 2-13-2021, 5:16:41 PM
mrido(roflgamer) used a mass_bomb 2-13-2021, 5:16:42 PM
mrido(roflgamer) used a suicide_bomb 2-13-2021, 5:16:42 PM
mrido(roflgamer) used a mass_bomb 2-13-2021, 5:16:42 PM
mrido(roflgamer) used a mass_bomb 2-13-2021, 5:16:42 PM
mrido(roflgamer) used a mass_bomb 2-13-2021, 5:16:42 PM
mrido(roflgamer) used a suicide_bomb 2-13-2021, 5:16:43 PM