
AnhSon(AnhSon) used a shield 2-7-2021, 3:01:25 AM
AnhSon(AnhSon) used a shield 2-7-2021, 3:01:25 AM
AnhSon(AnhSon) used a shield 2-7-2021, 3:01:25 AM
AnhSon(AnhSon) used a shield 2-7-2021, 3:01:26 AM
AnhSon(AnhSon) used a shield 2-7-2021, 3:01:26 AM
AnhSon(AnhSon) used a shield 2-7-2021, 3:01:26 AM
AnhSon(AnhSon) used a shield 2-7-2021, 3:01:26 AM
AnhSon(AnhSon) used a shield 2-7-2021, 3:01:27 AM
AnhSon(AnhSon) used a shield 2-7-2021, 3:01:27 AM
AnhSon(AnhSon) used a shield 2-7-2021, 3:01:27 AM
AnhSon(AnhSon) used a tk_ultra_health_potion 2-7-2021, 3:01:33 AM
AnhSon(AnhSon) used a tk_ultra_health_potion 2-7-2021, 3:01:33 AM
AnhSon(AnhSon) used a tk_ultra_health_potion 2-7-2021, 3:01:33 AM
AnhSon(AnhSon) used a tk_ultra_health_potion 2-7-2021, 3:01:53 AM
AnhSon(AnhSon) used a tk_ultra_health_potion 2-7-2021, 3:01:56 AM
AnhSon(AnhSon) used a tk_ultra_health_potion 2-7-2021, 3:01:58 AM
AnhSon(AnhSon) used a tk_ultra_health_potion 2-7-2021, 3:01:59 AM
AnhSon(AnhSon) used a tk_ultra_health_potion 2-7-2021, 3:01:59 AM
AnhSon(AnhSon) used a tk_ultra_health_potion 2-7-2021, 3:01:59 AM
AnhSon(AnhSon) used a tk_ultra_health_potion 2-7-2021, 3:02:00 AM
AnhSon(AnhSon) used a tk_ultra_health_potion 2-7-2021, 3:02:04 AM
AnhSon(AnhSon) used a long_sword 2-7-2021, 3:02:06 AM
AnhSon(AnhSon) used a long_sword 2-7-2021, 3:02:06 AM
AnhSon(AnhSon) used a long_sword 2-7-2021, 3:02:06 AM
AnhSon(AnhSon) used a empty_apple_juice 2-7-2021, 3:02:16 AM
AnhSon(AnhSon) used a empty_beer_bottle 2-7-2021, 3:02:37 AM
AnhSon(AnhSon) used a empty_beer_bottle 2-7-2021, 3:02:37 AM
AnhSon(AnhSon) used a empty_beer_bottle 2-7-2021, 3:02:37 AM
AnhSon(AnhSon) used a empty_beer_bottle 2-7-2021, 3:02:38 AM
AnhSon(AnhSon) used a empty_beer_bottle 2-7-2021, 3:02:38 AM
AnhSon(AnhSon) used a empty_beer_bottle 2-7-2021, 3:02:38 AM
AnhSon(AnhSon) used a empty_beer_bottle 2-7-2021, 3:02:45 AM
AnhSon(AnhSon) used a empty_beer_bottle 2-7-2021, 3:02:45 AM
AnhSon(AnhSon) used a empty_beer_bottle 2-7-2021, 3:02:46 AM
AnhSon(AnhSon) used a empty_beer_bottle 2-7-2021, 3:02:46 AM
AnhSon(AnhSon) used a empty_beer_bottle 2-7-2021, 3:02:46 AM
AnhSon(AnhSon) used a empty_beer_bottle 2-7-2021, 3:02:46 AM
AnhSon(AnhSon) used a empty_beer_bottle 2-7-2021, 3:02:46 AM
AnhSon(AnhSon) used a empty_beer_bottle 2-7-2021, 3:02:47 AM
AnhSon(AnhSon) used a empty_beer_bottle 2-7-2021, 3:02:47 AM
AnhSon(AnhSon) used a empty_beer_bottle 2-7-2021, 3:02:47 AM
AnhSon(AnhSon) used a empty_beer_bottle 2-7-2021, 3:02:47 AM
AnhSon(AnhSon) used a empty_beer_bottle 2-7-2021, 3:02:55 AM
AnhSon(AnhSon) used a empty_beer_bottle 2-7-2021, 3:02:55 AM
AnhSon(AnhSon) used a empty_beer_bottle 2-7-2021, 3:02:57 AM
AnhSon(AnhSon) used a empty_beer_bottle 2-7-2021, 3:02:58 AM
AnhSon(AnhSon) used a empty_beer_bottle 2-7-2021, 3:02:58 AM
AnhSon(AnhSon) used a empty_beer_bottle 2-7-2021, 3:02:58 AM
AnhSon(AnhSon) used a empty_beer_bottle 2-7-2021, 3:02:58 AM
AnhSon(AnhSon) used a empty_beer_bottle 2-7-2021, 3:02:58 AM
AnhSon(AnhSon) used a empty_beer_bottle 2-7-2021, 3:02:58 AM
AnhSon(AnhSon) used a empty_beer_bottle 2-7-2021, 3:02:59 AM
AnhSon(AnhSon) used a health_drink 2-7-2021, 3:03:04 AM
AnhSon(AnhSon) used a health_drink 2-7-2021, 3:03:04 AM
AnhSon(AnhSon) used a health_drink 2-7-2021, 3:03:05 AM
AnhSon(AnhSon) used a health_drink 2-7-2021, 3:03:05 AM
AnhSon(AnhSon) used a health_drink 2-7-2021, 3:03:12 AM
AnhSon(AnhSon) used a health_drink 2-7-2021, 3:03:12 AM
AnhSon(AnhSon) used a health_drink 2-7-2021, 3:03:13 AM
AnhSon(AnhSon) used a health_drink 2-7-2021, 3:03:22 AM
AnhSon(AnhSon) used a health_drink 2-7-2021, 3:03:22 AM
AnhSon(AnhSon) used a health_drink 2-7-2021, 3:03:22 AM
AnhSon(AnhSon) used a health_drink 2-7-2021, 3:03:35 AM
AnhSon(AnhSon) used a health_drink 2-7-2021, 3:03:36 AM
AnhSon(AnhSon) used a health_drink 2-7-2021, 3:03:36 AM
AnhSon(AnhSon) used a health_drink 2-7-2021, 3:03:36 AM
AnhSon(AnhSon) used a health_drink 2-7-2021, 3:03:37 AM
AnhSon(AnhSon) used a health_drink 2-7-2021, 3:03:37 AM
AnhSon(AnhSon) used a health_drink 2-7-2021, 3:03:37 AM
AnhSon(AnhSon) used a shield 2-7-2021, 3:03:59 AM
AnhSon(AnhSon) used a shield 2-7-2021, 3:03:59 AM
AnhSon(AnhSon) used a shield 2-7-2021, 3:03:59 AM
AnhSon(AnhSon) used a shield 2-7-2021, 3:03:59 AM
AnhSon(AnhSon) used a shield 2-7-2021, 3:03:59 AM
AnhSon(AnhSon) used a shield 2-7-2021, 3:03:59 AM
AnhSon(AnhSon) used a shield 2-7-2021, 3:03:59 AM
AnhSon(AnhSon) used a shield 2-7-2021, 3:04:00 AM
AnhSon(AnhSon) used a shield 2-7-2021, 3:04:00 AM
AnhSon(AnhSon) used a shield 2-7-2021, 3:04:00 AM
AnhSon(AnhSon) used a shield 2-7-2021, 3:04:00 AM
AnhSon(AnhSon) used a shield 2-7-2021, 3:04:00 AM
AnhSon(AnhSon) used a shield 2-7-2021, 3:04:01 AM
AnhSon(AnhSon) used a shield 2-7-2021, 3:04:01 AM
AnhSon(AnhSon) used a shield 2-7-2021, 3:04:01 AM
AnhSon(AnhSon) used a shield 2-7-2021, 3:04:01 AM
AnhSon(AnhSon) used a shield 2-7-2021, 3:04:01 AM
AnhSon(AnhSon) used a shield 2-7-2021, 3:04:01 AM
AnhSon(AnhSon) used a shield 2-7-2021, 3:04:01 AM
AnhSon(AnhSon) used a shield 2-7-2021, 3:04:02 AM
AnhSon(AnhSon) used a shield 2-7-2021, 3:04:02 AM
AnhSon(AnhSon) used a shield 2-7-2021, 3:04:02 AM
AnhSon(AnhSon) used a shield 2-7-2021, 3:04:02 AM
AnhSon(AnhSon) used a shield 2-7-2021, 3:04:02 AM
AnhSon(AnhSon) used a shield 2-7-2021, 3:04:02 AM
AnhSon(AnhSon) used a shield 2-7-2021, 3:04:02 AM
AnhSon(AnhSon) used a shield 2-7-2021, 3:04:03 AM
AnhSon(AnhSon) used a shield 2-7-2021, 3:04:03 AM
AnhSon(AnhSon) used a shield 2-7-2021, 3:04:03 AM
AnhSon(AnhSon) used a shield 2-7-2021, 3:04:04 AM
AnhSon(AnhSon) used a shield 2-7-2021, 3:04:04 AM
AnhSon(AnhSon) used a tk_ultra_health_potion 2-7-2021, 3:04:14 AM
AnhSon(AnhSon) used a tk_ultra_health_potion 2-7-2021, 3:04:14 AM
AnhSon(AnhSon) used a tk_ultra_health_potion 2-7-2021, 3:04:35 AM
AnhSon(AnhSon) used a tk_ultra_health_potion 2-7-2021, 3:04:36 AM
AnhSon(AnhSon) used a tk_ultra_health_potion 2-7-2021, 3:04:36 AM
AnhSon(AnhSon) used a tk_ultra_health_potion 2-7-2021, 3:04:39 AM
AnhSon(AnhSon) used a tk_ultra_health_potion 2-7-2021, 3:04:39 AM
AnhSon(AnhSon) used a tk_ultra_health_potion 2-7-2021, 3:04:40 AM
AnhSon(AnhSon) used a tk_ultra_health_potion 2-7-2021, 3:04:41 AM
AnhSon(AnhSon) used a tk_ultra_health_potion 2-7-2021, 3:04:41 AM
AnhSon(AnhSon) used a tk_ultra_health_potion 2-7-2021, 3:04:42 AM
AnhSon(AnhSon) used a tk_ultra_health_potion 2-7-2021, 3:04:42 AM
AnhSon(AnhSon) used a tk_ultra_health_potion 2-7-2021, 3:04:42 AM
AnhSon(AnhSon) used a tk_ultra_health_potion 2-7-2021, 3:04:43 AM
AnhSon(AnhSon) used a tk_ultra_health_potion 2-7-2021, 3:04:43 AM
AnhSon(AnhSon) used a tk_ultra_health_potion 2-7-2021, 3:04:43 AM
AnhSon(AnhSon) used a tk_ultra_health_potion 2-7-2021, 3:04:44 AM
AnhSon(AnhSon) used a tk_ultra_health_potion 2-7-2021, 3:04:44 AM
AnhSon(AnhSon) used a tk_ultra_health_potion 2-7-2021, 3:04:44 AM
AnhSon(AnhSon) used a empty_beer_bottle 2-7-2021, 3:05:00 AM
AnhSon(AnhSon) used a empty_beer_bottle 2-7-2021, 3:05:01 AM
AnhSon(AnhSon) used a empty_beer_bottle 2-7-2021, 3:05:01 AM
AnhSon(AnhSon) used a empty_beer_bottle 2-7-2021, 3:05:01 AM
AnhSon(AnhSon) used a empty_beer_bottle 2-7-2021, 3:05:01 AM
AnhSon(AnhSon) used a empty_beer_bottle 2-7-2021, 3:05:12 AM
AnhSon(AnhSon) used a empty_beer_bottle 2-7-2021, 3:05:12 AM
AnhSon(AnhSon) used a empty_beer_bottle 2-7-2021, 3:05:12 AM
AnhSon(AnhSon) used a empty_beer_bottle 2-7-2021, 3:05:12 AM
AnhSon(AnhSon) used a empty_beer_bottle 2-7-2021, 3:05:12 AM
AnhSon(AnhSon) used a empty_beer_bottle 2-7-2021, 3:05:47 AM
AnhSon(AnhSon) used a empty_beer_bottle 2-7-2021, 3:05:47 AM
AnhSon(AnhSon) used a empty_beer_bottle 2-7-2021, 3:05:47 AM
AnhSon(AnhSon) used a empty_beer_bottle 2-7-2021, 3:05:47 AM
AnhSon(AnhSon) used a empty_beer_bottle 2-7-2021, 3:05:47 AM
AnhSon(AnhSon) used a empty_beer_bottle 2-7-2021, 3:05:48 AM
AnhSon(AnhSon) used a health_drink 2-7-2021, 3:06:46 AM
AnhSon(AnhSon) used a health_drink 2-7-2021, 3:06:47 AM
AnhSon(AnhSon) used a health_drink 2-7-2021, 3:06:47 AM
AnhSon(AnhSon) used a health_drink 2-7-2021, 3:06:47 AM
AnhSon(AnhSon) used a health_drink 2-7-2021, 3:06:55 AM
AnhSon(AnhSon) used a health_drink 2-7-2021, 3:06:55 AM
AnhSon(AnhSon) used a health_drink 2-7-2021, 3:06:56 AM
AnhSon(AnhSon) used a health_drink 2-7-2021, 3:06:56 AM
AnhSon(AnhSon) used a health_drink 2-7-2021, 3:06:56 AM
AnhSon(AnhSon) used a health_drink 2-7-2021, 3:06:56 AM
AnhSon(AnhSon) used a health_drink 2-7-2021, 3:06:56 AM
AnhSon(AnhSon) used a shield 2-7-2021, 3:07:16 AM
AnhSon(AnhSon) used a shield 2-7-2021, 3:07:16 AM
AnhSon(AnhSon) used a shield 2-7-2021, 3:07:16 AM
AnhSon(AnhSon) used a shield 2-7-2021, 3:07:17 AM
AnhSon(AnhSon) used a shield 2-7-2021, 3:07:17 AM
AnhSon(AnhSon) used a shield 2-7-2021, 3:07:17 AM
AnhSon(AnhSon) used a shield 2-7-2021, 3:07:17 AM
AnhSon(AnhSon) used a shield 2-7-2021, 3:07:17 AM
AnhSon(AnhSon) used a shield 2-7-2021, 3:07:17 AM
AnhSon(AnhSon) used a shield 2-7-2021, 3:07:18 AM
AnhSon(AnhSon) used a shield 2-7-2021, 3:07:18 AM
AnhSon(AnhSon) used a shield 2-7-2021, 3:07:18 AM
AnhSon(AnhSon) used a shield 2-7-2021, 3:07:18 AM
AnhSon(AnhSon) used a shield 2-7-2021, 3:07:18 AM
AnhSon(AnhSon) used a shield 2-7-2021, 3:07:18 AM
AnhSon(AnhSon) used a shield 2-7-2021, 3:07:19 AM
AnhSon(AnhSon) used a shield 2-7-2021, 3:07:19 AM
AnhSon(AnhSon) used a shield 2-7-2021, 3:07:19 AM
AnhSon(AnhSon) used a shield 2-7-2021, 3:07:19 AM
AnhSon(AnhSon) used a shield 2-7-2021, 3:07:19 AM
AnhSon(AnhSon) used a shield 2-7-2021, 3:07:19 AM
AnhSon(AnhSon) used a shield 2-7-2021, 3:07:20 AM
AnhSon(AnhSon) used a shield 2-7-2021, 3:07:20 AM
AnhSon(AnhSon) used a shield 2-7-2021, 3:07:20 AM
AnhSon(AnhSon) used a shield 2-7-2021, 3:07:20 AM
AnhSon(AnhSon) used a shield 2-7-2021, 3:07:20 AM
AnhSon(AnhSon) used a shield 2-7-2021, 3:07:21 AM
AnhSon(AnhSon) used a shield 2-7-2021, 3:07:21 AM
AnhSon(AnhSon) used a health_drink 2-7-2021, 3:07:35 AM
AnhSon(AnhSon) used a health_drink 2-7-2021, 3:07:35 AM
AnhSon(AnhSon) used a health_drink 2-7-2021, 3:07:35 AM
AnhSon(AnhSon) used a health_drink 2-7-2021, 3:07:35 AM
AnhSon(AnhSon) used a health_drink 2-7-2021, 3:07:35 AM
AnhSon(AnhSon) used a health_drink 2-7-2021, 3:07:37 AM
AnhSon(AnhSon) used a health_drink 2-7-2021, 3:07:37 AM
AnhSon(AnhSon) used a health_drink 2-7-2021, 3:07:38 AM
AnhSon(AnhSon) used a health_drink 2-7-2021, 3:07:38 AM
AnhSon(AnhSon) used a health_drink 2-7-2021, 3:07:38 AM
AnhSon(AnhSon) used a health_drink 2-7-2021, 3:07:40 AM
AnhSon(AnhSon) used a health_drink 2-7-2021, 3:07:41 AM
AnhSon(AnhSon) used a health_drink 2-7-2021, 3:07:41 AM
AnhSon(AnhSon) used a health_drink 2-7-2021, 3:07:41 AM
AnhSon(AnhSon) used a health_drink 2-7-2021, 3:07:43 AM
AnhSon(AnhSon) used a health_drink 2-7-2021, 3:07:43 AM
AnhSon(AnhSon) used a health_drink 2-7-2021, 3:07:44 AM
AnhSon(AnhSon) used a health_drink 2-7-2021, 3:07:44 AM
AnhSon(AnhSon) used a health_drink 2-7-2021, 3:07:44 AM
AnhSon(AnhSon) used a health_drink 2-7-2021, 3:07:45 AM
AnhSon(AnhSon) used a health_drink 2-7-2021, 3:07:46 AM
AnhSon(AnhSon) used a health_drink 2-7-2021, 3:07:46 AM
AnhSon(AnhSon) used a health_drink 2-7-2021, 3:07:46 AM
AnhSon(AnhSon) used a health_drink 2-7-2021, 3:07:47 AM
AnhSon(AnhSon) used a health_drink 2-7-2021, 3:07:47 AM
AnhSon(AnhSon) used a health_drink 2-7-2021, 3:07:47 AM
AnhSon(AnhSon) used a health_drink 2-7-2021, 3:07:50 AM
AnhSon(AnhSon) used a empty_beer_bottle 2-7-2021, 3:08:15 AM
AnhSon(AnhSon) used a empty_beer_bottle 2-7-2021, 3:08:15 AM
AnhSon(AnhSon) used a empty_beer_bottle 2-7-2021, 3:08:15 AM
AnhSon(AnhSon) used a empty_beer_bottle 2-7-2021, 3:08:16 AM
AnhSon(AnhSon) used a empty_beer_bottle 2-7-2021, 3:08:16 AM
AnhSon(AnhSon) used a empty_beer_bottle 2-7-2021, 3:08:16 AM
AnhSon(AnhSon) used a empty_beer_bottle 2-7-2021, 3:08:17 AM
AnhSon(AnhSon) used a empty_beer_bottle 2-7-2021, 3:08:17 AM
AnhSon(AnhSon) used a empty_beer_bottle 2-7-2021, 3:08:29 AM
AnhSon(AnhSon) used a empty_beer_bottle 2-7-2021, 3:08:29 AM
AnhSon(AnhSon) used a empty_beer_bottle 2-7-2021, 3:08:29 AM
AnhSon(AnhSon) used a empty_beer_bottle 2-7-2021, 3:08:29 AM
AnhSon(AnhSon) used a empty_beer_bottle 2-7-2021, 3:08:30 AM
AnhSon(AnhSon) used a empty_beer_bottle 2-7-2021, 3:08:52 AM
AnhSon(AnhSon) used a empty_beer_bottle 2-7-2021, 3:08:53 AM
AnhSon(AnhSon) used a empty_beer_bottle 2-7-2021, 3:08:53 AM
AnhSon(AnhSon) used a empty_beer_bottle 2-7-2021, 3:08:53 AM
AnhSon(AnhSon) used a empty_beer_bottle 2-7-2021, 3:08:53 AM
AnhSon(AnhSon) used a empty_beer_bottle 2-7-2021, 3:08:53 AM
AnhSon(AnhSon) used a empty_beer_bottle 2-7-2021, 3:08:54 AM
AnhSon(AnhSon) used a empty_beer_bottle 2-7-2021, 3:08:54 AM
AnhSon(AnhSon) used a empty_beer_bottle 2-7-2021, 3:08:54 AM
AnhSon(AnhSon) used a empty_beer_bottle 2-7-2021, 3:08:55 AM
AnhSon(AnhSon) used a empty_beer_bottle 2-7-2021, 3:08:55 AM
AnhSon(AnhSon) used a empty_beer_bottle 2-7-2021, 3:08:55 AM
AnhSon(AnhSon) used a empty_beer_bottle 2-7-2021, 3:08:55 AM
AnhSon(AnhSon) used a shield 2-7-2021, 3:09:20 AM
AnhSon(AnhSon) used a shield 2-7-2021, 3:09:20 AM
AnhSon(AnhSon) used a shield 2-7-2021, 3:09:20 AM
AnhSon(AnhSon) used a shield 2-7-2021, 3:09:20 AM
AnhSon(AnhSon) used a shield 2-7-2021, 3:09:20 AM
AnhSon(AnhSon) used a shield 2-7-2021, 3:09:21 AM
AnhSon(AnhSon) used a shield 2-7-2021, 3:09:21 AM
AnhSon(AnhSon) used a shield 2-7-2021, 3:09:21 AM
AnhSon(AnhSon) used a shield 2-7-2021, 3:09:22 AM
AnhSon(AnhSon) used a shield 2-7-2021, 3:09:22 AM
AnhSon(AnhSon) used a shield 2-7-2021, 3:09:22 AM
AnhSon(AnhSon) used a shield 2-7-2021, 3:09:22 AM
AnhSon(AnhSon) used a shield 2-7-2021, 3:09:22 AM
AnhSon(AnhSon) used a shield 2-7-2021, 3:09:22 AM
AnhSon(AnhSon) used a shield 2-7-2021, 3:09:22 AM
AnhSon(AnhSon) used a shield 2-7-2021, 3:09:23 AM
AnhSon(AnhSon) used a shield 2-7-2021, 3:09:23 AM
AnhSon(AnhSon) used a shield 2-7-2021, 3:09:23 AM
AnhSon(AnhSon) used a shield 2-7-2021, 3:09:24 AM
AnhSon(AnhSon) used a shield 2-7-2021, 3:09:24 AM
AnhSon(AnhSon) used a shield 2-7-2021, 3:09:24 AM
AnhSon(AnhSon) used a shield 2-7-2021, 3:09:25 AM
AnhSon(AnhSon) used a shield 2-7-2021, 3:09:25 AM
AnhSon(AnhSon) used a shield 2-7-2021, 3:09:25 AM
AnhSon(AnhSon) used a shield 2-7-2021, 3:09:25 AM
AnhSon(AnhSon) used a shield 2-7-2021, 3:09:25 AM
AnhSon(AnhSon) used a shield 2-7-2021, 3:09:25 AM
AnhSon(AnhSon) used a shield 2-7-2021, 3:09:26 AM
AnhSon(AnhSon) used a shield 2-7-2021, 3:09:26 AM
AnhSon(AnhSon) used a shield 2-7-2021, 3:09:26 AM
AnhSon(AnhSon) used a tk_ultra_health_potion 2-7-2021, 3:09:41 AM
AnhSon(AnhSon) used a tk_ultra_health_potion 2-7-2021, 3:09:41 AM
AnhSon(AnhSon) used a tk_ultra_health_potion 2-7-2021, 3:10:41 AM
AnhSon(AnhSon) used a tk_ultra_health_potion 2-7-2021, 3:10:41 AM
AnhSon(AnhSon) used a tk_ultra_health_potion 2-7-2021, 3:10:41 AM
AnhSon(AnhSon) used a empty_beer_bottle 2-7-2021, 3:11:39 AM
AnhSon(AnhSon) used a empty_beer_bottle 2-7-2021, 3:11:40 AM
AnhSon(AnhSon) used a empty_beer_bottle 2-7-2021, 3:11:40 AM
AnhSon(AnhSon) used a empty_beer_bottle 2-7-2021, 3:11:44 AM
AnhSon(AnhSon) used a empty_beer_bottle 2-7-2021, 3:11:44 AM
AnhSon(AnhSon) used a empty_beer_bottle 2-7-2021, 3:11:44 AM
AnhSon(AnhSon) used a empty_beer_bottle 2-7-2021, 3:11:45 AM
AnhSon(AnhSon) used a empty_beer_bottle 2-7-2021, 3:11:45 AM
AnhSon(AnhSon) used a empty_beer_bottle 2-7-2021, 3:11:45 AM
AnhSon(AnhSon) used a empty_beer_bottle 2-7-2021, 3:11:45 AM
AnhSon(AnhSon) used a empty_beer_bottle 2-7-2021, 3:11:46 AM
AnhSon(AnhSon) used a empty_beer_bottle 2-7-2021, 3:11:46 AM
AnhSon(AnhSon) used a empty_beer_bottle 2-7-2021, 3:11:49 AM
AnhSon(AnhSon) used a empty_beer_bottle 2-7-2021, 3:11:50 AM
AnhSon(AnhSon) used a empty_beer_bottle 2-7-2021, 3:11:50 AM
AnhSon(AnhSon) used a empty_beer_bottle 2-7-2021, 3:11:50 AM
AnhSon(AnhSon) used a empty_beer_bottle 2-7-2021, 3:11:50 AM
AnhSon(AnhSon) used a empty_beer_bottle 2-7-2021, 3:11:50 AM
AnhSon(AnhSon) used a health_drink 2-7-2021, 3:12:06 AM
AnhSon(AnhSon) used a health_drink 2-7-2021, 3:12:07 AM
AnhSon(AnhSon) used a health_drink 2-7-2021, 3:12:07 AM
AnhSon(AnhSon) used a health_drink 2-7-2021, 3:12:07 AM
AnhSon(AnhSon) used a health_drink 2-7-2021, 3:12:07 AM
AnhSon(AnhSon) used a health_drink 2-7-2021, 3:12:14 AM
AnhSon(AnhSon) used a health_drink 2-7-2021, 3:12:15 AM
AnhSon(AnhSon) used a health_drink 2-7-2021, 3:12:15 AM
AnhSon(AnhSon) used a health_drink 2-7-2021, 3:12:15 AM
AnhSon(AnhSon) used a health_drink 2-7-2021, 3:12:43 AM
AnhSon(AnhSon) used a health_drink 2-7-2021, 3:12:43 AM
AnhSon(AnhSon) used a health_drink 2-7-2021, 3:12:44 AM
AnhSon(AnhSon) used a health_drink 2-7-2021, 3:12:44 AM
AnhSon(AnhSon) used a health_drink 2-7-2021, 3:12:44 AM
AnhSon(AnhSon) used a health_drink 2-7-2021, 3:12:44 AM
AnhSon(AnhSon) used a health_drink 2-7-2021, 3:13:03 AM
AnhSon(AnhSon) used a health_drink 2-7-2021, 3:13:03 AM
AnhSon(AnhSon) used a health_drink 2-7-2021, 3:13:03 AM
AnhSon(AnhSon) used a health_drink 2-7-2021, 3:13:14 AM
AnhSon(AnhSon) used a health_drink 2-7-2021, 3:13:14 AM
AnhSon(AnhSon) used a health_drink 2-7-2021, 3:13:14 AM
AnhSon(AnhSon) used a health_drink 2-7-2021, 3:13:15 AM
AnhSon(AnhSon) used a health_drink 2-7-2021, 3:13:15 AM
AnhSon(AnhSon) used a health_drink 2-7-2021, 3:13:34 AM
AnhSon(AnhSon) used a health_drink 2-7-2021, 3:13:34 AM
AnhSon(AnhSon) used a health_drink 2-7-2021, 3:13:34 AM
AnhSon(AnhSon) used a health_drink 2-7-2021, 3:13:34 AM
AnhSon(AnhSon) used a health_drink 2-7-2021, 3:13:34 AM
AnhSon(AnhSon) used a health_drink 2-7-2021, 3:13:45 AM
AnhSon(AnhSon) used a health_drink 2-7-2021, 3:13:45 AM
AnhSon(AnhSon) used a health_drink 2-7-2021, 3:13:46 AM
AnhSon(AnhSon) used a empty_beer_bottle 2-7-2021, 3:14:01 AM
AnhSon(AnhSon) used a shield 2-7-2021, 3:14:18 AM
AnhSon(AnhSon) used a shield 2-7-2021, 3:14:18 AM
AnhSon(AnhSon) used a shield 2-7-2021, 3:14:19 AM
AnhSon(AnhSon) used a shield 2-7-2021, 3:14:19 AM
AnhSon(AnhSon) used a shield 2-7-2021, 3:14:19 AM
AnhSon(AnhSon) used a shield 2-7-2021, 3:14:19 AM
AnhSon(AnhSon) used a shield 2-7-2021, 3:14:20 AM
AnhSon(AnhSon) used a shield 2-7-2021, 3:14:20 AM
AnhSon(AnhSon) used a shield 2-7-2021, 3:14:20 AM
AnhSon(AnhSon) used a shield 2-7-2021, 3:14:20 AM
AnhSon(AnhSon) used a shield 2-7-2021, 3:14:20 AM
AnhSon(AnhSon) used a shield 2-7-2021, 3:14:21 AM
AnhSon(AnhSon) used a shield 2-7-2021, 3:14:21 AM
AnhSon(AnhSon) used a shield 2-7-2021, 3:14:21 AM
AnhSon(AnhSon) used a shield 2-7-2021, 3:14:21 AM
AnhSon(AnhSon) used a shield 2-7-2021, 3:14:21 AM
AnhSon(AnhSon) used a shield 2-7-2021, 3:14:21 AM
AnhSon(AnhSon) used a shield 2-7-2021, 3:14:22 AM
AnhSon(AnhSon) used a shield 2-7-2021, 3:14:22 AM
AnhSon(AnhSon) used a shield 2-7-2021, 3:14:22 AM
AnhSon(AnhSon) used a shield 2-7-2021, 3:14:22 AM
AnhSon(AnhSon) used a shield 2-7-2021, 3:14:22 AM
AnhSon(AnhSon) used a shield 2-7-2021, 3:14:23 AM
AnhSon(AnhSon) used a shield 2-7-2021, 3:14:23 AM
AnhSon(AnhSon) used a shield 2-7-2021, 3:14:23 AM
AnhSon(AnhSon) used a shield 2-7-2021, 3:14:23 AM
AnhSon(AnhSon) used a shield 2-7-2021, 3:14:23 AM
AnhSon(AnhSon) used a shield 2-7-2021, 3:14:23 AM
AnhSon(AnhSon) used a shield 2-7-2021, 3:14:24 AM
AnhSon(AnhSon) used a shield 2-7-2021, 3:14:24 AM
AnhSon(AnhSon) used a shield 2-7-2021, 3:14:24 AM
AnhSon(AnhSon) used a tk_ultra_health_potion 2-7-2021, 3:14:28 AM
AnhSon(AnhSon) used a tk_ultra_health_potion 2-7-2021, 3:14:28 AM
AnhSon(AnhSon) used a tk_ultra_health_potion 2-7-2021, 3:14:28 AM
AnhSon(AnhSon) used a open_beer_bottle 2-7-2021, 3:14:45 AM
AnhSon(AnhSon) used a open_beer_bottle 2-7-2021, 3:14:45 AM
AnhSon(AnhSon) used a open_beer_bottle 2-7-2021, 3:14:46 AM
AnhSon(AnhSon) used a open_beer_bottle 2-7-2021, 3:14:46 AM
AnhSon(AnhSon) used a open_beer_bottle 2-7-2021, 3:14:46 AM
AnhSon(AnhSon) used a open_beer_bottle 2-7-2021, 3:14:46 AM
AnhSon(AnhSon) used a open_beer_bottle 2-7-2021, 3:14:47 AM
AnhSon(AnhSon) used a open_beer_bottle 2-7-2021, 3:14:48 AM
AnhSon(AnhSon) used a open_beer_bottle 2-7-2021, 3:14:48 AM
AnhSon(AnhSon) used a open_beer_bottle 2-7-2021, 3:14:48 AM
AnhSon(AnhSon) used a open_beer_bottle 2-7-2021, 3:14:48 AM
AnhSon(AnhSon) used a open_beer_bottle 2-7-2021, 3:14:49 AM
AnhSon(AnhSon) used a open_beer_bottle 2-7-2021, 3:14:49 AM
AnhSon(AnhSon) used a open_beer_bottle 2-7-2021, 3:14:49 AM
AnhSon(AnhSon) used a open_beer_bottle 2-7-2021, 3:14:50 AM
AnhSon(AnhSon) used a open_beer_bottle 2-7-2021, 3:14:50 AM
AnhSon(AnhSon) used a open_beer_bottle 2-7-2021, 3:14:50 AM
AnhSon(AnhSon) used a open_beer_bottle 2-7-2021, 3:14:50 AM
AnhSon(AnhSon) used a open_beer_bottle 2-7-2021, 3:14:51 AM
AnhSon(AnhSon) used a open_beer_bottle 2-7-2021, 3:14:51 AM
AnhSon(AnhSon) used a open_beer_bottle 2-7-2021, 3:14:51 AM
AnhSon(AnhSon) used a open_beer_bottle 2-7-2021, 3:14:52 AM
AnhSon(AnhSon) used a open_beer_bottle 2-7-2021, 3:14:54 AM
AnhSon(AnhSon) used a tk_ultra_health_potion 2-7-2021, 3:15:02 AM
AnhSon(AnhSon) used a tk_ultra_health_potion 2-7-2021, 3:15:02 AM
AnhSon(AnhSon) used a tk_ultra_health_potion 2-7-2021, 3:15:02 AM
AnhSon(AnhSon) used a long_sword 2-7-2021, 3:16:23 AM
AnhSon(AnhSon) used a long_sword 2-7-2021, 3:16:23 AM
AnhSon(AnhSon) used a long_sword 2-7-2021, 3:16:24 AM
AnhSon(AnhSon) used a empty_beer_bottle 2-7-2021, 3:16:37 AM
AnhSon(AnhSon) used a empty_beer_bottle 2-7-2021, 3:16:38 AM
AnhSon(AnhSon) used a empty_beer_bottle 2-7-2021, 3:16:38 AM
AnhSon(AnhSon) used a empty_beer_bottle 2-7-2021, 3:16:38 AM
AnhSon(AnhSon) used a empty_beer_bottle 2-7-2021, 3:16:38 AM
AnhSon(AnhSon) used a empty_beer_bottle 2-7-2021, 3:16:38 AM
AnhSon(AnhSon) used a empty_beer_bottle 2-7-2021, 3:16:38 AM
AnhSon(AnhSon) used a empty_beer_bottle 2-7-2021, 3:16:38 AM
AnhSon(AnhSon) used a empty_beer_bottle 2-7-2021, 3:16:38 AM
AnhSon(AnhSon) used a empty_beer_bottle 2-7-2021, 3:16:39 AM
AnhSon(AnhSon) used a empty_beer_bottle 2-7-2021, 3:16:39 AM
AnhSon(AnhSon) used a empty_beer_bottle 2-7-2021, 3:16:44 AM
AnhSon(AnhSon) used a empty_beer_bottle 2-7-2021, 3:16:44 AM
AnhSon(AnhSon) used a empty_beer_bottle 2-7-2021, 3:16:44 AM
AnhSon(AnhSon) used a empty_beer_bottle 2-7-2021, 3:16:45 AM
AnhSon(AnhSon) used a empty_beer_bottle 2-7-2021, 3:16:45 AM
AnhSon(AnhSon) used a empty_beer_bottle 2-7-2021, 3:16:45 AM
AnhSon(AnhSon) used a empty_beer_bottle 2-7-2021, 3:16:45 AM
AnhSon(AnhSon) used a empty_beer_bottle 2-7-2021, 3:16:45 AM
AnhSon(AnhSon) used a empty_beer_bottle 2-7-2021, 3:16:45 AM
AnhSon(AnhSon) used a empty_beer_bottle 2-7-2021, 3:16:45 AM
AnhSon(AnhSon) used a empty_beer_bottle 2-7-2021, 3:16:50 AM
AnhSon(AnhSon) used a empty_beer_bottle 2-7-2021, 3:16:51 AM
AnhSon(AnhSon) used a empty_beer_bottle 2-7-2021, 3:16:51 AM
AnhSon(AnhSon) used a empty_beer_bottle 2-7-2021, 3:16:51 AM
AnhSon(AnhSon) used a empty_beer_bottle 2-7-2021, 3:16:51 AM
AnhSon(AnhSon) used a empty_beer_bottle 2-7-2021, 3:16:51 AM
AnhSon(AnhSon) used a empty_beer_bottle 2-7-2021, 3:16:51 AM
AnhSon(AnhSon) used a health_drink 2-7-2021, 3:18:12 AM
AnhSon(AnhSon) used a health_drink 2-7-2021, 3:18:12 AM
AnhSon(AnhSon) used a empty_beer_bottle 2-7-2021, 3:18:29 AM
AnhSon(AnhSon) used a empty_beer_bottle 2-7-2021, 3:18:30 AM
AnhSon(AnhSon) used a empty_beer_bottle 2-7-2021, 3:18:30 AM
AnhSon(AnhSon) used a empty_beer_bottle 2-7-2021, 3:18:31 AM
AnhSon(AnhSon) used a empty_beer_bottle 2-7-2021, 3:18:31 AM
AnhSon(AnhSon) used a empty_beer_bottle 2-7-2021, 3:18:31 AM
AnhSon(AnhSon) used a empty_beer_bottle 2-7-2021, 3:18:31 AM
AnhSon(AnhSon) used a empty_beer_bottle 2-7-2021, 3:18:31 AM
AnhSon(AnhSon) used a empty_beer_bottle 2-7-2021, 3:18:31 AM
AnhSon(AnhSon) used a health_drink 2-7-2021, 3:18:41 AM
AnhSon(AnhSon) used a health_drink 2-7-2021, 3:18:42 AM
AnhSon(AnhSon) used a health_drink 2-7-2021, 3:18:42 AM
AnhSon(AnhSon) used a health_drink 2-7-2021, 3:18:42 AM
AnhSon(AnhSon) used a health_drink 2-7-2021, 3:19:01 AM
AnhSon(AnhSon) used a health_drink 2-7-2021, 3:19:01 AM
AnhSon(AnhSon) used a health_drink 2-7-2021, 3:19:02 AM
AnhSon(AnhSon) used a health_drink 2-7-2021, 3:19:02 AM
AnhSon(AnhSon) used a health_drink 2-7-2021, 3:19:02 AM
AnhSon(AnhSon) used a shield 2-7-2021, 3:19:19 AM
AnhSon(AnhSon) used a shield 2-7-2021, 3:19:19 AM
AnhSon(AnhSon) used a shield 2-7-2021, 3:19:19 AM
AnhSon(AnhSon) used a shield 2-7-2021, 3:19:19 AM
AnhSon(AnhSon) used a shield 2-7-2021, 3:19:19 AM
AnhSon(AnhSon) used a shield 2-7-2021, 3:19:19 AM
AnhSon(AnhSon) used a shield 2-7-2021, 3:19:20 AM
AnhSon(AnhSon) used a shield 2-7-2021, 3:19:20 AM
AnhSon(AnhSon) used a shield 2-7-2021, 3:19:20 AM
AnhSon(AnhSon) used a shield 2-7-2021, 3:19:20 AM
AnhSon(AnhSon) used a shield 2-7-2021, 3:19:20 AM
AnhSon(AnhSon) used a shield 2-7-2021, 3:19:21 AM
AnhSon(AnhSon) used a shield 2-7-2021, 3:19:21 AM
AnhSon(AnhSon) used a shield 2-7-2021, 3:19:21 AM
AnhSon(AnhSon) used a shield 2-7-2021, 3:19:21 AM
AnhSon(AnhSon) used a shield 2-7-2021, 3:19:22 AM
AnhSon(AnhSon) used a shield 2-7-2021, 3:19:22 AM
AnhSon(AnhSon) used a shield 2-7-2021, 3:19:22 AM
AnhSon(AnhSon) used a shield 2-7-2021, 3:19:22 AM
AnhSon(AnhSon) used a shield 2-7-2021, 3:19:22 AM
AnhSon(AnhSon) used a shield 2-7-2021, 3:19:22 AM
AnhSon(AnhSon) used a shield 2-7-2021, 3:19:23 AM
AnhSon(AnhSon) used a shield 2-7-2021, 3:19:23 AM
AnhSon(AnhSon) used a shield 2-7-2021, 3:19:23 AM
AnhSon(AnhSon) used a shield 2-7-2021, 3:19:23 AM
AnhSon(AnhSon) used a shield 2-7-2021, 3:19:23 AM
AnhSon(AnhSon) used a shield 2-7-2021, 3:19:24 AM
AnhSon(AnhSon) used a shield 2-7-2021, 3:19:24 AM
AnhSon(AnhSon) used a shield 2-7-2021, 3:19:24 AM
AnhSon(AnhSon) used a shield 2-7-2021, 3:19:24 AM
AnhSon(AnhSon) used a shield 2-7-2021, 3:19:24 AM
AnhSon(AnhSon) used a shield 2-7-2021, 3:19:25 AM
AnhSon(AnhSon) used a tk_ultra_health_potion 2-7-2021, 3:19:28 AM
AnhSon(AnhSon) used a tk_ultra_health_potion 2-7-2021, 3:19:28 AM
AnhSon(AnhSon) used a tk_ultra_health_potion 2-7-2021, 3:21:44 AM
AnhSon(AnhSon) used a tk_ultra_health_potion 2-7-2021, 3:21:44 AM
AnhSon(AnhSon) used a health_drink 2-7-2021, 3:23:55 AM
AnhSon(AnhSon) used a health_drink 2-7-2021, 3:23:55 AM
AnhSon(AnhSon) used a health_drink 2-7-2021, 3:23:55 AM
AnhSon(AnhSon) used a health_drink 2-7-2021, 3:24:07 AM
AnhSon(AnhSon) used a health_drink 2-7-2021, 3:24:08 AM
AnhSon(AnhSon) used a health_drink 2-7-2021, 3:24:08 AM
AnhSon(AnhSon) used a health_drink 2-7-2021, 3:24:09 AM
AnhSon(AnhSon) used a health_drink 2-7-2021, 3:24:50 AM
AnhSon(AnhSon) used a health_drink 2-7-2021, 3:24:50 AM
AnhSon(AnhSon) used a health_drink 2-7-2021, 3:24:50 AM
AnhSon(AnhSon) used a health_drink 2-7-2021, 3:25:10 AM
AnhSon(AnhSon) used a health_drink 2-7-2021, 3:25:10 AM
AnhSon(AnhSon) used a health_drink 2-7-2021, 3:25:10 AM
AnhSon(AnhSon) used a health_drink 2-7-2021, 3:25:11 AM
AnhSon(AnhSon) used a health_drink 2-7-2021, 3:25:41 AM
AnhSon(AnhSon) used a health_drink 2-7-2021, 3:25:41 AM
AnhSon(AnhSon) used a health_drink 2-7-2021, 3:25:41 AM
AnhSon(AnhSon) used a health_drink 2-7-2021, 3:25:42 AM
AnhSon(AnhSon) used a health_drink 2-7-2021, 3:25:43 AM
AnhSon(AnhSon) used a health_drink 2-7-2021, 3:25:44 AM
AnhSon(AnhSon) used a health_drink 2-7-2021, 3:25:44 AM
AnhSon(AnhSon) used a health_drink 2-7-2021, 3:25:44 AM
AnhSon(AnhSon) used a health_drink 2-7-2021, 3:25:45 AM
AnhSon(AnhSon) used a health_drink 2-7-2021, 3:25:45 AM
AnhSon(AnhSon) used a health_drink 2-7-2021, 3:25:45 AM
AnhSon(AnhSon) used a health_drink 2-7-2021, 3:25:45 AM
AnhSon(AnhSon) used a health_drink 2-7-2021, 3:25:46 AM
AnhSon(AnhSon) used a health_drink 2-7-2021, 3:25:46 AM
AnhSon(AnhSon) used a health_drink 2-7-2021, 3:26:24 AM
AnhSon(AnhSon) used a health_drink 2-7-2021, 3:26:24 AM
AnhSon(AnhSon) used a health_drink 2-7-2021, 3:26:24 AM
AnhSon(AnhSon) used a health_drink 2-7-2021, 3:26:24 AM
AnhSon(AnhSon) used a health_drink 2-7-2021, 3:26:48 AM
AnhSon(AnhSon) used a health_drink 2-7-2021, 3:26:49 AM
AnhSon(AnhSon) used a health_drink 2-7-2021, 3:26:49 AM
AnhSon(AnhSon) used a health_drink 2-7-2021, 3:26:49 AM
AnhSon(AnhSon) used a health_drink 2-7-2021, 3:26:49 AM
AnhSon(AnhSon) used a health_drink 2-7-2021, 3:26:50 AM
AnhSon(AnhSon) used a health_drink 2-7-2021, 3:27:22 AM
AnhSon(AnhSon) used a health_drink 2-7-2021, 3:27:22 AM
AnhSon(AnhSon) used a health_drink 2-7-2021, 3:27:22 AM
AnhSon(AnhSon) used a health_drink 2-7-2021, 3:27:22 AM
AnhSon(AnhSon) used a health_drink 2-7-2021, 3:27:23 AM
AnhSon(AnhSon) used a health_drink 2-7-2021, 3:27:23 AM
AnhSon(AnhSon) used a health_drink 2-7-2021, 3:27:23 AM
AnhSon(AnhSon) used a health_drink 2-7-2021, 3:27:23 AM
AnhSon(AnhSon) used a health_drink 2-7-2021, 3:27:32 AM
AnhSon(AnhSon) used a health_drink 2-7-2021, 3:27:33 AM
AnhSon(AnhSon) used a health_drink 2-7-2021, 3:27:33 AM
AnhSon(AnhSon) used a health_drink 2-7-2021, 3:27:33 AM
AnhSon(AnhSon) used a health_drink 2-7-2021, 3:27:34 AM
AnhSon(AnhSon) used a health_drink 2-7-2021, 3:28:00 AM
AnhSon(AnhSon) used a health_drink 2-7-2021, 3:28:00 AM
AnhSon(AnhSon) used a health_drink 2-7-2021, 3:28:00 AM
AnhSon(AnhSon) used a health_drink 2-7-2021, 3:28:00 AM
AnhSon(AnhSon) used a health_drink 2-7-2021, 3:28:14 AM
AnhSon(AnhSon) used a health_drink 2-7-2021, 3:28:14 AM
AnhSon(AnhSon) used a health_drink 2-7-2021, 3:28:14 AM
AnhSon(AnhSon) used a health_drink 2-7-2021, 3:28:15 AM
AnhSon(AnhSon) used a health_drink 2-7-2021, 3:28:15 AM
AnhSon(AnhSon) used a health_drink 2-7-2021, 3:28:15 AM
AnhSon(AnhSon) used a health_drink 2-7-2021, 3:28:36 AM
AnhSon(AnhSon) used a health_drink 2-7-2021, 3:28:37 AM
AnhSon(AnhSon) used a health_drink 2-7-2021, 3:28:37 AM
AnhSon(AnhSon) used a health_drink 2-7-2021, 3:28:37 AM
AnhSon(AnhSon) used a health_drink 2-7-2021, 3:28:37 AM
AnhSon(AnhSon) used a health_drink 2-7-2021, 3:28:41 AM
AnhSon(AnhSon) used a health_drink 2-7-2021, 3:28:41 AM
AnhSon(AnhSon) used a health_drink 2-7-2021, 3:28:41 AM
AnhSon(AnhSon) used a health_drink 2-7-2021, 3:28:42 AM
AnhSon(AnhSon) used a health_drink 2-7-2021, 3:28:42 AM
AnhSon(AnhSon) used a health_drink 2-7-2021, 3:28:42 AM
AnhSon(AnhSon) used a health_drink 2-7-2021, 3:29:09 AM
AnhSon(AnhSon) used a health_drink 2-7-2021, 3:29:09 AM
AnhSon(AnhSon) used a health_drink 2-7-2021, 3:29:09 AM
AnhSon(AnhSon) used a health_drink 2-7-2021, 3:29:09 AM
AnhSon(AnhSon) used a health_drink 2-7-2021, 3:29:09 AM
AnhSon(AnhSon) used a health_drink 2-7-2021, 3:29:34 AM
AnhSon(AnhSon) used a health_drink 2-7-2021, 3:29:34 AM
AnhSon(AnhSon) used a health_drink 2-7-2021, 3:29:50 AM
AnhSon(AnhSon) used a health_drink 2-7-2021, 3:29:51 AM
AnhSon(AnhSon) used a health_drink 2-7-2021, 3:29:51 AM
AnhSon(AnhSon) used a health_drink 2-7-2021, 3:29:51 AM
AnhSon(AnhSon) used a health_drink 2-7-2021, 3:29:51 AM
AnhSon(AnhSon) used a health_drink 2-7-2021, 3:29:52 AM
AnhSon(AnhSon) used a health_drink 2-7-2021, 3:29:52 AM
AnhSon(AnhSon) used a health_drink 2-7-2021, 3:30:07 AM
AnhSon(AnhSon) used a health_drink 2-7-2021, 3:30:07 AM
AnhSon(AnhSon) used a health_drink 2-7-2021, 3:30:27 AM
AnhSon(AnhSon) used a health_drink 2-7-2021, 3:30:27 AM
AnhSon(AnhSon) used a health_drink 2-7-2021, 3:30:27 AM
AnhSon(AnhSon) used a health_drink 2-7-2021, 3:30:37 AM
AnhSon(AnhSon) used a health_drink 2-7-2021, 3:30:37 AM
AnhSon(AnhSon) used a health_drink 2-7-2021, 3:30:38 AM
AnhSon(AnhSon) used a health_drink 2-7-2021, 3:30:38 AM
AnhSon(AnhSon) used a health_drink 2-7-2021, 3:30:42 AM
AnhSon(AnhSon) used a health_drink 2-7-2021, 3:30:42 AM
AnhSon(AnhSon) used a health_drink 2-7-2021, 3:30:43 AM
AnhSon(AnhSon) used a health_drink 2-7-2021, 3:30:56 AM
AnhSon(AnhSon) used a health_drink 2-7-2021, 3:30:56 AM
AnhSon(AnhSon) used a health_drink 2-7-2021, 3:30:56 AM
AnhSon(AnhSon) used a health_drink 2-7-2021, 3:31:22 AM
AnhSon(AnhSon) used a health_drink 2-7-2021, 3:31:22 AM
AnhSon(AnhSon) used a health_drink 2-7-2021, 3:31:22 AM
AnhSon(AnhSon) used a health_drink 2-7-2021, 3:31:29 AM
AnhSon(AnhSon) used a health_drink 2-7-2021, 3:31:29 AM
AnhSon(AnhSon) used a health_drink 2-7-2021, 3:31:29 AM
AnhSon(AnhSon) used a health_drink 2-7-2021, 3:31:29 AM
AnhSon(AnhSon) used a health_drink 2-7-2021, 3:31:30 AM
AnhSon(AnhSon) used a health_drink 2-7-2021, 3:31:49 AM
AnhSon(AnhSon) used a health_drink 2-7-2021, 3:31:50 AM
AnhSon(AnhSon) used a health_drink 2-7-2021, 3:31:50 AM
AnhSon(AnhSon) used a health_drink 2-7-2021, 3:31:50 AM
AnhSon(AnhSon) used a health_drink 2-7-2021, 3:32:15 AM
AnhSon(AnhSon) used a health_drink 2-7-2021, 3:32:22 AM
AnhSon(AnhSon) used a health_drink 2-7-2021, 3:32:22 AM
AnhSon(AnhSon) used a health_drink 2-7-2021, 3:32:23 AM
AnhSon(AnhSon) used a health_drink 2-7-2021, 3:32:23 AM
AnhSon(AnhSon) used a health_drink 2-7-2021, 3:32:23 AM
AnhSon(AnhSon) used a health_drink 2-7-2021, 3:32:35 AM
AnhSon(AnhSon) used a health_drink 2-7-2021, 3:32:35 AM
AnhSon(AnhSon) used a health_drink 2-7-2021, 3:32:35 AM
AnhSon(AnhSon) used a empty_beer_bottle 2-7-2021, 3:37:03 AM
AnhSon(AnhSon) used a empty_beer_bottle 2-7-2021, 3:39:04 AM
AnhSon(AnhSon) used a empty_beer_bottle 2-7-2021, 3:39:47 AM
AnhSon(AnhSon) used a beer_bottle 2-7-2021, 3:40:23 AM
AnhSon(AnhSon) used a open_beer_bottle 2-7-2021, 3:40:25 AM
AnhSon(AnhSon) used a open_beer_bottle 2-7-2021, 3:40:32 AM
AnhSon(AnhSon) used a open_beer_bottle 2-7-2021, 3:40:32 AM
AnhSon(AnhSon) used a open_beer_bottle 2-7-2021, 3:40:36 AM
AnhSon(AnhSon) used a open_beer_bottle 2-7-2021, 3:40:44 AM
AnhSon(AnhSon) used a open_beer_bottle 2-7-2021, 3:43:18 AM
AnhSon(AnhSon) used a open_beer_bottle 2-7-2021, 3:43:18 AM
AnhSon(AnhSon) used a open_beer_bottle 2-7-2021, 3:43:19 AM
AnhSon(AnhSon) used a open_beer_bottle 2-7-2021, 3:43:20 AM
AnhSon(AnhSon) used a open_beer_bottle 2-7-2021, 3:43:20 AM
AnhSon(AnhSon) used a open_beer_bottle 2-7-2021, 3:43:20 AM
AnhSon(AnhSon) used a open_beer_bottle 2-7-2021, 3:43:21 AM
AnhSon(AnhSon) used a open_beer_bottle 2-7-2021, 3:43:21 AM
AnhSon(AnhSon) used a open_beer_bottle 2-7-2021, 3:43:22 AM
AnhSon(AnhSon) used a coin 2-7-2021, 3:44:07 AM
AnhSon(AnhSon) used a coin 2-7-2021, 3:44:16 AM
AnhSon(AnhSon) used a coin 2-7-2021, 3:47:13 AM
AnhSon(AnhSon) used a beer_bottle 2-7-2021, 3:47:39 AM
AnhSon(AnhSon) used a open_beer_bottle 2-7-2021, 3:47:40 AM
AnhSon(AnhSon) used a open_beer_bottle 2-7-2021, 3:47:40 AM
AnhSon(AnhSon) used a open_beer_bottle 2-7-2021, 3:47:41 AM
AnhSon(AnhSon) used a open_beer_bottle 2-7-2021, 3:47:41 AM
AnhSon(AnhSon) used a open_beer_bottle 2-7-2021, 3:47:42 AM
AnhSon(AnhSon) used a open_beer_bottle 2-7-2021, 3:47:42 AM
AnhSon(AnhSon) used a open_beer_bottle 2-7-2021, 3:47:42 AM
AnhSon(AnhSon) used a open_beer_bottle 2-7-2021, 3:47:43 AM
AnhSon(AnhSon) used a open_beer_bottle 2-7-2021, 3:47:43 AM
AnhSon(AnhSon) used a open_beer_bottle 2-7-2021, 3:47:43 AM
AnhSon(AnhSon) used a open_beer_bottle 2-7-2021, 3:47:44 AM
AnhSon(AnhSon) used a open_beer_bottle 2-7-2021, 3:47:44 AM
AnhSon(AnhSon) used a open_beer_bottle 2-7-2021, 3:47:44 AM
AnhSon(AnhSon) used a open_beer_bottle 2-7-2021, 3:47:44 AM
AnhSon(AnhSon) used a open_beer_bottle 2-7-2021, 3:47:45 AM
AnhSon(AnhSon) used a open_beer_bottle 2-7-2021, 3:47:45 AM
AnhSon(AnhSon) used a open_beer_bottle 2-7-2021, 3:47:45 AM
AnhSon(AnhSon) used a open_beer_bottle 2-7-2021, 3:47:45 AM
AnhSon(AnhSon) used a open_beer_bottle 2-7-2021, 3:47:46 AM
AnhSon(AnhSon) used a open_beer_bottle 2-7-2021, 3:47:46 AM
AnhSon(AnhSon) used a open_beer_bottle 2-7-2021, 3:47:46 AM
AnhSon(AnhSon) used a open_beer_bottle 2-7-2021, 3:47:47 AM
AnhSon(AnhSon) used a open_beer_bottle 2-7-2021, 3:47:47 AM
AnhSon(AnhSon) used a open_beer_bottle 2-7-2021, 3:47:47 AM
AnhSon(AnhSon) used a open_beer_bottle 2-7-2021, 3:47:47 AM
AnhSon(AnhSon) used a open_beer_bottle 2-7-2021, 3:47:48 AM
AnhSon(AnhSon) used a open_beer_bottle 2-7-2021, 3:47:49 AM
AnhSon(AnhSon) used a open_beer_bottle 2-7-2021, 3:47:49 AM
AnhSon(AnhSon) used a open_beer_bottle 2-7-2021, 3:47:49 AM
AnhSon(AnhSon) used a open_beer_bottle 2-7-2021, 3:47:50 AM
AnhSon(AnhSon) used a open_beer_bottle 2-7-2021, 3:47:50 AM
AnhSon(AnhSon) used a open_beer_bottle 2-7-2021, 3:47:50 AM
AnhSon(AnhSon) used a open_beer_bottle 2-7-2021, 3:47:51 AM
AnhSon(AnhSon) used a shield 2-7-2021, 7:43:56 AM
AnhSon(AnhSon) used a shield 2-7-2021, 7:43:57 AM
AnhSon(AnhSon) used a shield 2-7-2021, 7:43:57 AM
AnhSon(AnhSon) used a shield 2-7-2021, 7:43:57 AM
AnhSon(AnhSon) used a shield 2-7-2021, 7:43:57 AM
AnhSon(AnhSon) used a shield 2-7-2021, 7:43:57 AM
AnhSon(AnhSon) used a shield 2-7-2021, 7:43:58 AM
AnhSon(AnhSon) used a shield 2-7-2021, 7:43:58 AM
AnhSon(AnhSon) used a shield 2-7-2021, 7:43:58 AM
AnhSon(AnhSon) used a shield 2-7-2021, 7:43:58 AM
AnhSon(AnhSon) used a shield 2-7-2021, 7:43:58 AM
AnhSon(AnhSon) used a shield 2-7-2021, 7:43:58 AM
AnhSon(AnhSon) used a shield 2-7-2021, 7:43:58 AM
AnhSon(AnhSon) used a shield 2-7-2021, 7:43:58 AM
AnhSon(AnhSon) used a shield 2-7-2021, 7:43:59 AM
AnhSon(AnhSon) used a shield 2-7-2021, 7:43:59 AM
AnhSon(AnhSon) used a shield 2-7-2021, 7:43:59 AM
AnhSon(AnhSon) used a shield 2-7-2021, 7:43:59 AM
AnhSon(AnhSon) used a shield 2-7-2021, 7:43:59 AM
AnhSon(AnhSon) used a shield 2-7-2021, 7:43:59 AM
AnhSon(AnhSon) used a shield 2-7-2021, 7:44:00 AM
AnhSon(AnhSon) used a shield 2-7-2021, 7:44:00 AM
AnhSon(AnhSon) used a shield 2-7-2021, 7:44:00 AM
AnhSon(AnhSon) used a shield 2-7-2021, 7:44:00 AM
AnhSon(AnhSon) used a shield 2-7-2021, 7:44:01 AM
AnhSon(AnhSon) used a shield 2-7-2021, 7:44:01 AM
AnhSon(AnhSon) used a shield 2-7-2021, 7:44:01 AM
AnhSon(AnhSon) used a shield 2-7-2021, 7:44:01 AM
AnhSon(AnhSon) used a shield 2-7-2021, 7:44:01 AM
AnhSon(AnhSon) used a shield 2-7-2021, 7:44:01 AM
AnhSon(AnhSon) used a shield 2-7-2021, 7:44:02 AM
AnhSon(AnhSon) used a shield 2-7-2021, 7:44:02 AM
AnhSon(AnhSon) used a shield 2-7-2021, 7:44:02 AM
AnhSon(AnhSon) used a tk_ultra_health_potion 2-7-2021, 7:44:11 AM
AnhSon(AnhSon) used a tk_ultra_health_potion 2-7-2021, 7:44:48 AM
AnhSon(AnhSon) used a tk_ultra_health_potion 2-7-2021, 7:44:48 AM
AnhSon(AnhSon) used a long_sword 2-7-2021, 7:44:51 AM
AnhSon(AnhSon) used a long_sword 2-7-2021, 7:44:51 AM
AnhSon(AnhSon) used a long_sword 2-7-2021, 7:44:53 AM
AnhSon(AnhSon) used a health_drink 2-7-2021, 7:46:14 AM
AnhSon(AnhSon) used a health_drink 2-7-2021, 7:46:14 AM
AnhSon(AnhSon) used a health_drink 2-7-2021, 7:46:14 AM
AnhSon(AnhSon) used a health_drink 2-7-2021, 7:46:15 AM
AnhSon(AnhSon) used a health_drink 2-7-2021, 7:46:24 AM
AnhSon(AnhSon) used a health_drink 2-7-2021, 7:46:24 AM
AnhSon(AnhSon) used a health_drink 2-7-2021, 7:46:24 AM
AnhSon(AnhSon) used a health_drink 2-7-2021, 7:46:36 AM
AnhSon(AnhSon) used a health_drink 2-7-2021, 7:46:36 AM
AnhSon(AnhSon) used a health_drink 2-7-2021, 7:46:36 AM
AnhSon(AnhSon) used a health_drink 2-7-2021, 7:46:45 AM
AnhSon(AnhSon) used a health_drink 2-7-2021, 7:46:45 AM
AnhSon(AnhSon) used a health_drink 2-7-2021, 7:46:45 AM
AnhSon(AnhSon) used a health_drink 2-7-2021, 7:47:03 AM
AnhSon(AnhSon) used a health_drink 2-7-2021, 7:47:03 AM
AnhSon(AnhSon) used a health_drink 2-7-2021, 7:47:04 AM
AnhSon(AnhSon) used a health_drink 2-7-2021, 7:47:04 AM
AnhSon(AnhSon) used a health_drink 2-7-2021, 7:47:04 AM
AnhSon(AnhSon) used a health_drink 2-7-2021, 7:47:05 AM
AnhSon(AnhSon) used a health_drink 2-7-2021, 7:47:42 AM
AnhSon(AnhSon) used a health_drink 2-7-2021, 7:47:42 AM
AnhSon(AnhSon) used a health_drink 2-7-2021, 7:47:45 AM
AnhSon(AnhSon) used a health_drink 2-7-2021, 7:47:45 AM
AnhSon(AnhSon) used a health_drink 2-7-2021, 7:47:46 AM
AnhSon(AnhSon) used a health_drink 2-7-2021, 7:47:46 AM
AnhSon(AnhSon) used a health_drink 2-7-2021, 7:47:46 AM
AnhSon(AnhSon) used a health_drink 2-7-2021, 7:47:47 AM
AnhSon(AnhSon) used a health_drink 2-7-2021, 7:48:01 AM
AnhSon(AnhSon) used a health_drink 2-7-2021, 7:48:02 AM
AnhSon(AnhSon) used a health_drink 2-7-2021, 7:48:02 AM
AnhSon(AnhSon) used a health_drink 2-7-2021, 7:48:02 AM
AnhSon(AnhSon) used a health_drink 2-7-2021, 7:49:01 AM
AnhSon(AnhSon) used a health_drink 2-7-2021, 7:49:01 AM
AnhSon(AnhSon) used a health_drink 2-7-2021, 7:49:01 AM
AnhSon(AnhSon) used a health_drink 2-7-2021, 7:49:01 AM
AnhSon(AnhSon) used a health_drink 2-7-2021, 7:49:01 AM
AnhSon(AnhSon) used a health_drink 2-7-2021, 7:49:02 AM
AnhSon(AnhSon) used a health_drink 2-7-2021, 7:50:03 AM
AnhSon(AnhSon) used a health_drink 2-7-2021, 7:50:03 AM
AnhSon(AnhSon) used a health_drink 2-7-2021, 7:50:04 AM
AnhSon(AnhSon) used a health_drink 2-7-2021, 7:50:27 AM
AnhSon(AnhSon) used a health_drink 2-7-2021, 7:50:27 AM
AnhSon(AnhSon) used a health_drink 2-7-2021, 7:50:27 AM
AnhSon(AnhSon) used a health_drink 2-7-2021, 7:50:28 AM
AnhSon(AnhSon) used a health_drink 2-7-2021, 7:51:10 AM
AnhSon(AnhSon) used a health_drink 2-7-2021, 7:51:11 AM
AnhSon(AnhSon) used a health_drink 2-7-2021, 7:51:11 AM
AnhSon(AnhSon) used a health_drink 2-7-2021, 7:51:11 AM
AnhSon(AnhSon) used a health_drink 2-7-2021, 7:51:18 AM
AnhSon(AnhSon) used a health_drink 2-7-2021, 7:51:19 AM
AnhSon(AnhSon) used a health_drink 2-7-2021, 7:51:20 AM
AnhSon(AnhSon) used a health_drink 2-7-2021, 7:51:20 AM
AnhSon(AnhSon) used a health_drink 2-7-2021, 7:51:20 AM
AnhSon(AnhSon) used a health_drink 2-7-2021, 7:51:20 AM
AnhSon(AnhSon) used a empty_beer_bottle 2-7-2021, 7:53:17 AM
AnhSon(AnhSon) used a empty_beer_bottle 2-7-2021, 7:53:18 AM
AnhSon(AnhSon) used a empty_beer_bottle 2-7-2021, 7:53:18 AM
AnhSon(AnhSon) used a empty_beer_bottle 2-7-2021, 7:53:18 AM
AnhSon(AnhSon) used a empty_beer_bottle 2-7-2021, 7:53:19 AM
AnhSon(AnhSon) used a throwing_star 2-7-2021, 7:54:50 AM
AnhSon(AnhSon) used a throwing_knives 2-7-2021, 7:54:56 AM
AnhSon(AnhSon) used a throwing_knives 2-7-2021, 7:54:56 AM
AnhSon(AnhSon) used a throwing_knives 2-7-2021, 7:54:56 AM
AnhSon(AnhSon) used a throwing_knives 2-7-2021, 7:54:57 AM
AnhSon(AnhSon) used a long_sword 2-7-2021, 7:56:38 AM
AnhSon(AnhSon) used a long_sword 2-7-2021, 7:56:38 AM
AnhSon(AnhSon) used a long_sword 2-7-2021, 7:56:39 AM
AnhSon(AnhSon) used a long_sword 2-7-2021, 7:56:40 AM
AnhSon(AnhSon) used a shield 2-7-2021, 7:57:37 AM
AnhSon(AnhSon) used a shield 2-7-2021, 7:57:37 AM
AnhSon(AnhSon) used a shield 2-7-2021, 7:57:37 AM
AnhSon(AnhSon) used a shield 2-7-2021, 7:57:37 AM
AnhSon(AnhSon) used a shield 2-7-2021, 7:57:38 AM
AnhSon(AnhSon) used a shield 2-7-2021, 7:57:38 AM
AnhSon(AnhSon) used a shield 2-7-2021, 7:57:38 AM
AnhSon(AnhSon) used a shield 2-7-2021, 7:57:38 AM
AnhSon(AnhSon) used a shield 2-7-2021, 7:57:38 AM
AnhSon(AnhSon) used a shield 2-7-2021, 7:57:38 AM
AnhSon(AnhSon) used a shield 2-7-2021, 7:57:39 AM
AnhSon(AnhSon) used a shield 2-7-2021, 7:57:39 AM
AnhSon(AnhSon) used a shield 2-7-2021, 7:57:39 AM
AnhSon(AnhSon) used a shield 2-7-2021, 7:57:40 AM
AnhSon(AnhSon) used a shield 2-7-2021, 7:57:40 AM
AnhSon(AnhSon) used a shield 2-7-2021, 7:57:40 AM
AnhSon(AnhSon) used a shield 2-7-2021, 7:57:40 AM
AnhSon(AnhSon) used a shield 2-7-2021, 7:57:40 AM
AnhSon(AnhSon) used a shield 2-7-2021, 7:57:40 AM
AnhSon(AnhSon) used a shield 2-7-2021, 7:57:41 AM
AnhSon(AnhSon) used a shield 2-7-2021, 7:57:41 AM
AnhSon(AnhSon) used a shield 2-7-2021, 7:57:41 AM
AnhSon(AnhSon) used a shield 2-7-2021, 7:57:53 AM
AnhSon(AnhSon) used a shield 2-7-2021, 7:57:53 AM
AnhSon(AnhSon) used a shield 2-7-2021, 7:57:53 AM
AnhSon(AnhSon) used a shield 2-7-2021, 7:57:53 AM
AnhSon(AnhSon) used a shield 2-7-2021, 7:57:53 AM
AnhSon(AnhSon) used a shield 2-7-2021, 7:57:54 AM
AnhSon(AnhSon) used a shield 2-7-2021, 7:57:54 AM
AnhSon(AnhSon) used a shield 2-7-2021, 7:57:54 AM
AnhSon(AnhSon) used a shield 2-7-2021, 7:57:54 AM
AnhSon(AnhSon) used a shield 2-7-2021, 7:57:55 AM
AnhSon(AnhSon) used a tk_ultra_health_potion 2-7-2021, 7:58:04 AM
AnhSon(AnhSon) used a tk_ultra_health_potion 2-7-2021, 7:58:04 AM
AnhSon(AnhSon) used a tk_ultra_health_potion 2-7-2021, 7:58:04 AM
AnhSon(AnhSon) used a tk_ultra_health_potion 2-7-2021, 7:59:06 AM
AnhSon(AnhSon) used a tk_ultra_health_potion 2-7-2021, 7:59:07 AM
AnhSon(AnhSon) used a tk_ultra_health_potion 2-7-2021, 7:59:07 AM
AnhSon(AnhSon) used a long_sword 2-7-2021, 7:59:39 AM
AnhSon(AnhSon) used a long_sword 2-7-2021, 7:59:39 AM
AnhSon(AnhSon) used a long_sword 2-7-2021, 7:59:39 AM
AnhSon(AnhSon) used a long_sword 2-7-2021, 7:59:40 AM
AnhSon(AnhSon) used a shield 2-7-2021, 8:03:14 AM
AnhSon(AnhSon) used a shield 2-7-2021, 8:03:15 AM
AnhSon(AnhSon) used a shield 2-7-2021, 8:03:15 AM
AnhSon(AnhSon) used a shield 2-7-2021, 8:03:15 AM
AnhSon(AnhSon) used a shield 2-7-2021, 8:03:15 AM
AnhSon(AnhSon) used a shield 2-7-2021, 8:03:15 AM
AnhSon(AnhSon) used a shield 2-7-2021, 8:03:15 AM
AnhSon(AnhSon) used a shield 2-7-2021, 8:03:16 AM
AnhSon(AnhSon) used a shield 2-7-2021, 8:03:16 AM
AnhSon(AnhSon) used a shield 2-7-2021, 8:03:16 AM
AnhSon(AnhSon) used a shield 2-7-2021, 8:03:16 AM
AnhSon(AnhSon) used a shield 2-7-2021, 8:03:16 AM
AnhSon(AnhSon) used a shield 2-7-2021, 8:03:16 AM
AnhSon(AnhSon) used a shield 2-7-2021, 8:03:17 AM
AnhSon(AnhSon) used a shield 2-7-2021, 8:03:17 AM
AnhSon(AnhSon) used a shield 2-7-2021, 8:03:17 AM
AnhSon(AnhSon) used a shield 2-7-2021, 8:03:18 AM
AnhSon(AnhSon) used a shield 2-7-2021, 8:03:18 AM
AnhSon(AnhSon) used a tk_ultra_health_potion 2-7-2021, 8:03:20 AM
AnhSon(AnhSon) used a tk_ultra_health_potion 2-7-2021, 8:03:20 AM
AnhSon(AnhSon) used a tk_ultra_health_potion 2-7-2021, 8:03:20 AM
AnhSon(AnhSon) used a tk_ultra_health_potion 2-7-2021, 8:04:16 AM
AnhSon(AnhSon) used a tk_ultra_health_potion 2-7-2021, 8:04:16 AM
AnhSon(AnhSon) used a long_sword 2-7-2021, 8:04:39 AM
AnhSon(AnhSon) used a long_sword 2-7-2021, 8:04:39 AM
AnhSon(AnhSon) used a long_sword 2-7-2021, 8:04:39 AM
AnhSon(AnhSon) used a empty_beer_bottle 2-7-2021, 8:05:30 AM
AnhSon(AnhSon) used a empty_beer_bottle 2-7-2021, 8:05:31 AM
AnhSon(AnhSon) used a shield 2-7-2021, 8:05:59 AM
AnhSon(AnhSon) used a shield 2-7-2021, 8:05:59 AM
AnhSon(AnhSon) used a shield 2-7-2021, 8:05:59 AM
AnhSon(AnhSon) used a shield 2-7-2021, 8:05:59 AM
AnhSon(AnhSon) used a shield 2-7-2021, 8:05:59 AM
AnhSon(AnhSon) used a shield 2-7-2021, 8:06:00 AM
AnhSon(AnhSon) used a shield 2-7-2021, 8:06:00 AM
AnhSon(AnhSon) used a shield 2-7-2021, 8:06:00 AM
AnhSon(AnhSon) used a shield 2-7-2021, 8:06:00 AM
AnhSon(AnhSon) used a shield 2-7-2021, 8:06:00 AM
AnhSon(AnhSon) used a shield 2-7-2021, 8:06:00 AM
AnhSon(AnhSon) used a shield 2-7-2021, 8:06:00 AM
AnhSon(AnhSon) used a shield 2-7-2021, 8:06:01 AM
AnhSon(AnhSon) used a shield 2-7-2021, 8:06:01 AM
AnhSon(AnhSon) used a shield 2-7-2021, 8:06:01 AM
AnhSon(AnhSon) used a shield 2-7-2021, 8:06:01 AM
AnhSon(AnhSon) used a shield 2-7-2021, 8:06:01 AM
AnhSon(AnhSon) used a shield 2-7-2021, 8:06:01 AM
AnhSon(AnhSon) used a shield 2-7-2021, 8:06:01 AM
AnhSon(AnhSon) used a shield 2-7-2021, 8:06:01 AM
AnhSon(AnhSon) used a shield 2-7-2021, 8:06:02 AM
AnhSon(AnhSon) used a shield 2-7-2021, 8:06:02 AM
AnhSon(AnhSon) used a shield 2-7-2021, 8:06:02 AM
AnhSon(AnhSon) used a shield 2-7-2021, 8:06:02 AM
AnhSon(AnhSon) used a shield 2-7-2021, 8:06:02 AM
AnhSon(AnhSon) used a shield 2-7-2021, 8:06:02 AM
AnhSon(AnhSon) used a shield 2-7-2021, 8:06:03 AM
AnhSon(AnhSon) used a shield 2-7-2021, 8:06:03 AM
AnhSon(AnhSon) used a shield 2-7-2021, 8:06:03 AM
AnhSon(AnhSon) used a shield 2-7-2021, 8:06:04 AM
AnhSon(AnhSon) used a tk_ultra_health_potion 2-7-2021, 8:06:12 AM
AnhSon(AnhSon) used a tk_ultra_health_potion 2-7-2021, 8:06:12 AM
AnhSon(AnhSon) used a tk_ultra_health_potion 2-7-2021, 8:06:12 AM
AnhSon(AnhSon) used a tk_ultra_health_potion 2-7-2021, 8:06:36 AM
AnhSon(AnhSon) used a tk_ultra_health_potion 2-7-2021, 8:06:37 AM
AnhSon(AnhSon) used a tk_ultra_health_potion 2-7-2021, 8:06:37 AM
AnhSon(AnhSon) used a tk_ultra_health_potion 2-7-2021, 8:06:37 AM
AnhSon(AnhSon) used a tk_ultra_health_potion 2-7-2021, 8:06:38 AM
AnhSon(AnhSon) used a tk_ultra_health_potion 2-7-2021, 8:06:45 AM
AnhSon(AnhSon) used a tk_ultra_health_potion 2-7-2021, 8:06:45 AM
AnhSon(AnhSon) used a tk_ultra_health_potion 2-7-2021, 8:06:45 AM
AnhSon(AnhSon) used a long_sword 2-7-2021, 8:06:49 AM
AnhSon(AnhSon) used a long_sword 2-7-2021, 8:06:49 AM
AnhSon(AnhSon) used a long_sword 2-7-2021, 8:06:49 AM
AnhSon(AnhSon) used a health_drink 2-7-2021, 8:10:59 AM
AnhSon(AnhSon) used a health_drink 2-7-2021, 8:11:00 AM
AnhSon(AnhSon) used a health_drink 2-7-2021, 8:11:00 AM
AnhSon(AnhSon) used a health_drink 2-7-2021, 8:11:00 AM
AnhSon(AnhSon) used a health_drink 2-7-2021, 8:11:01 AM
AnhSon(AnhSon) used a health_drink 2-7-2021, 8:11:01 AM
AnhSon(AnhSon) used a health_drink 2-7-2021, 8:11:28 AM
AnhSon(AnhSon) used a health_drink 2-7-2021, 8:11:28 AM
AnhSon(AnhSon) used a health_drink 2-7-2021, 8:11:29 AM
AnhSon(AnhSon) used a health_drink 2-7-2021, 8:11:29 AM
AnhSon(AnhSon) used a health_drink 2-7-2021, 8:11:29 AM
AnhSon(AnhSon) used a health_drink 2-7-2021, 8:11:49 AM
AnhSon(AnhSon) used a health_drink 2-7-2021, 8:11:50 AM
AnhSon(AnhSon) used a health_drink 2-7-2021, 8:11:50 AM
AnhSon(AnhSon) used a health_drink 2-7-2021, 8:11:59 AM
AnhSon(AnhSon) used a health_drink 2-7-2021, 8:11:59 AM
AnhSon(AnhSon) used a health_drink 2-7-2021, 8:12:00 AM
AnhSon(AnhSon) used a health_drink 2-7-2021, 8:12:00 AM
AnhSon(AnhSon) used a health_drink 2-7-2021, 8:12:53 AM
AnhSon(AnhSon) used a health_drink 2-7-2021, 8:12:53 AM
AnhSon(AnhSon) used a health_drink 2-7-2021, 8:12:53 AM
AnhSon(AnhSon) used a health_drink 2-7-2021, 8:12:54 AM
AnhSon(AnhSon) used a health_drink 2-7-2021, 8:13:41 AM
AnhSon(AnhSon) used a health_drink 2-7-2021, 8:13:41 AM
AnhSon(AnhSon) used a health_drink 2-7-2021, 8:13:42 AM
AnhSon(AnhSon) used a health_drink 2-7-2021, 8:13:42 AM
AnhSon(AnhSon) used a health_drink 2-7-2021, 8:13:42 AM
AnhSon(AnhSon) used a health_drink 2-7-2021, 8:13:42 AM
AnhSon(AnhSon) used a health_drink 2-7-2021, 8:14:26 AM
AnhSon(AnhSon) used a health_drink 2-7-2021, 8:14:27 AM
AnhSon(AnhSon) used a health_drink 2-7-2021, 8:14:28 AM
AnhSon(AnhSon) used a health_drink 2-7-2021, 8:14:28 AM
AnhSon(AnhSon) used a health_drink 2-7-2021, 8:14:29 AM
AnhSon(AnhSon) used a health_drink 2-7-2021, 8:14:29 AM
AnhSon(AnhSon) used a health_drink 2-7-2021, 8:14:29 AM
AnhSon(AnhSon) used a health_drink 2-7-2021, 8:14:29 AM
AnhSon(AnhSon) used a health_drink 2-7-2021, 8:14:29 AM
AnhSon(AnhSon) used a throwing_knives 2-7-2021, 8:15:04 AM
AnhSon(AnhSon) used a throwing_knives 2-7-2021, 8:15:04 AM
AnhSon(AnhSon) used a throwing_knives 2-7-2021, 8:15:04 AM
AnhSon(AnhSon) used a throwing_knives 2-7-2021, 8:15:05 AM
AnhSon(AnhSon) used a long_sword 2-7-2021, 12:58:47 PM
AnhSon(AnhSon) used a long_sword 2-7-2021, 12:58:47 PM
AnhSon(AnhSon) used a health_drink 2-7-2021, 12:59:00 PM
AnhSon(AnhSon) used a health_drink 2-7-2021, 12:59:01 PM
AnhSon(AnhSon) used a health_drink 2-7-2021, 12:59:01 PM
AnhSon(AnhSon) used a throwing_knives 2-7-2021, 1:00:26 PM
AnhSon(AnhSon) used a throwing_knives 2-7-2021, 1:00:28 PM
AnhSon(AnhSon) used a long_sword 2-7-2021, 1:01:30 PM
AnhSon(AnhSon) used a long_sword 2-7-2021, 1:01:31 PM
AnhSon(AnhSon) used a rocket_launcher 2-7-2021, 1:05:00 PM
AnhSon(AnhSon) used a rocket_launcher 2-7-2021, 1:05:01 PM
AnhSon(AnhSon) used a rocket_launcher 2-7-2021, 1:05:01 PM
AnhSon(AnhSon) used a rocket_launcher 2-7-2021, 1:05:02 PM
AnhSon(AnhSon) used a shield 2-7-2021, 1:08:36 PM
AnhSon(AnhSon) used a shield 2-7-2021, 1:08:37 PM
AnhSon(AnhSon) used a shield 2-7-2021, 1:08:37 PM
AnhSon(AnhSon) used a shield 2-7-2021, 1:08:37 PM
AnhSon(AnhSon) used a shield 2-7-2021, 1:08:37 PM
AnhSon(AnhSon) used a shield 2-7-2021, 1:08:38 PM
AnhSon(AnhSon) used a shield 2-7-2021, 1:08:38 PM
AnhSon(AnhSon) used a shield 2-7-2021, 1:08:38 PM
AnhSon(AnhSon) used a shield 2-7-2021, 1:08:38 PM
AnhSon(AnhSon) used a shield 2-7-2021, 1:08:39 PM
AnhSon(AnhSon) used a shield 2-7-2021, 1:08:39 PM
AnhSon(AnhSon) used a shield 2-7-2021, 1:08:39 PM
AnhSon(AnhSon) used a shield 2-7-2021, 1:08:39 PM
AnhSon(AnhSon) used a shield 2-7-2021, 1:08:39 PM
AnhSon(AnhSon) used a shield 2-7-2021, 1:08:39 PM
AnhSon(AnhSon) used a shield 2-7-2021, 1:08:39 PM
AnhSon(AnhSon) used a shield 2-7-2021, 1:08:40 PM
AnhSon(AnhSon) used a shield 2-7-2021, 1:08:40 PM
AnhSon(AnhSon) used a shield 2-7-2021, 1:08:40 PM
AnhSon(AnhSon) used a shield 2-7-2021, 1:08:40 PM
AnhSon(AnhSon) used a shield 2-7-2021, 1:08:40 PM
AnhSon(AnhSon) used a shield 2-7-2021, 1:08:40 PM
AnhSon(AnhSon) used a shield 2-7-2021, 1:08:40 PM
AnhSon(AnhSon) used a shield 2-7-2021, 1:08:41 PM
AnhSon(AnhSon) used a shield 2-7-2021, 1:08:41 PM
AnhSon(AnhSon) used a shield 2-7-2021, 1:08:41 PM
AnhSon(AnhSon) used a shield 2-7-2021, 1:08:41 PM
AnhSon(AnhSon) used a shield 2-7-2021, 1:08:42 PM
AnhSon(AnhSon) used a shield 2-7-2021, 1:08:42 PM
AnhSon(AnhSon) used a shield 2-7-2021, 1:08:42 PM
AnhSon(AnhSon) used a shield 2-7-2021, 1:08:42 PM
AnhSon(AnhSon) used a tk_ultra_health_potion 2-7-2021, 1:08:48 PM
AnhSon(AnhSon) used a tk_ultra_health_potion 2-7-2021, 1:08:48 PM
AnhSon(AnhSon) used a tk_ultra_health_potion 2-7-2021, 1:08:48 PM
AnhSon(AnhSon) used a tk_ultra_health_potion 2-7-2021, 1:09:11 PM
AnhSon(AnhSon) used a tk_ultra_health_potion 2-7-2021, 1:09:11 PM
AnhSon(AnhSon) used a tk_ultra_health_potion 2-7-2021, 1:09:14 PM
AnhSon(AnhSon) used a tk_ultra_health_potion 2-7-2021, 1:09:18 PM
AnhSon(AnhSon) used a health_drink 2-7-2021, 1:10:58 PM
AnhSon(AnhSon) used a health_drink 2-7-2021, 1:10:59 PM
AnhSon(AnhSon) used a health_drink 2-7-2021, 1:10:59 PM
AnhSon(AnhSon) used a health_drink 2-7-2021, 1:11:13 PM
AnhSon(AnhSon) used a health_drink 2-7-2021, 1:11:59 PM
AnhSon(AnhSon) used a health_drink 2-7-2021, 1:11:59 PM
AnhSon(AnhSon) used a health_drink 2-7-2021, 1:11:59 PM
AnhSon(AnhSon) used a health_drink 2-7-2021, 1:12:00 PM
AnhSon(AnhSon) used a health_drink 2-7-2021, 1:12:00 PM
AnhSon(AnhSon) used a health_drink 2-7-2021, 1:12:14 PM
AnhSon(AnhSon) used a health_drink 2-7-2021, 1:12:14 PM
AnhSon(AnhSon) used a health_drink 2-7-2021, 1:12:14 PM
AnhSon(AnhSon) used a health_drink 2-7-2021, 1:12:43 PM
AnhSon(AnhSon) used a health_drink 2-7-2021, 1:12:43 PM
AnhSon(AnhSon) used a health_drink 2-7-2021, 1:12:44 PM
AnhSon(AnhSon) used a health_drink 2-7-2021, 1:13:39 PM
AnhSon(AnhSon) used a health_drink 2-7-2021, 1:13:39 PM
AnhSon(AnhSon) used a health_drink 2-7-2021, 1:13:39 PM
AnhSon(AnhSon) used a health_drink 2-7-2021, 1:13:48 PM
AnhSon(AnhSon) used a health_drink 2-7-2021, 1:13:48 PM
AnhSon(AnhSon) used a health_drink 2-7-2021, 1:13:48 PM
AnhSon(AnhSon) used a health_drink 2-7-2021, 1:14:07 PM
AnhSon(AnhSon) used a health_drink 2-7-2021, 1:14:07 PM
AnhSon(AnhSon) used a health_drink 2-7-2021, 1:14:08 PM
AnhSon(AnhSon) used a health_drink 2-7-2021, 1:14:08 PM
AnhSon(AnhSon) used a health_drink 2-7-2021, 1:14:25 PM
AnhSon(AnhSon) used a health_drink 2-7-2021, 1:14:25 PM
AnhSon(AnhSon) used a health_drink 2-7-2021, 1:14:27 PM
AnhSon(AnhSon) used a health_drink 2-7-2021, 1:14:55 PM
AnhSon(AnhSon) used a health_drink 2-7-2021, 1:14:55 PM
AnhSon(AnhSon) used a health_drink 2-7-2021, 1:14:56 PM
AnhSon(AnhSon) used a health_drink 2-7-2021, 1:15:15 PM
AnhSon(AnhSon) used a health_drink 2-7-2021, 1:15:16 PM
AnhSon(AnhSon) used a health_drink 2-7-2021, 1:15:16 PM
AnhSon(AnhSon) used a health_drink 2-7-2021, 1:15:37 PM
AnhSon(AnhSon) used a health_drink 2-7-2021, 1:15:38 PM
AnhSon(AnhSon) used a health_drink 2-7-2021, 1:15:38 PM
AnhSon(AnhSon) used a health_drink 2-7-2021, 1:15:46 PM
AnhSon(AnhSon) used a health_drink 2-7-2021, 1:15:46 PM
AnhSon(AnhSon) used a health_drink 2-7-2021, 1:15:46 PM
AnhSon(AnhSon) used a health_drink 2-7-2021, 1:16:08 PM
AnhSon(AnhSon) used a health_drink 2-7-2021, 1:16:12 PM
AnhSon(AnhSon) used a health_drink 2-7-2021, 1:16:12 PM
AnhSon(AnhSon) used a health_drink 2-7-2021, 1:16:12 PM
AnhSon(AnhSon) used a health_drink 2-7-2021, 1:16:12 PM
AnhSon(AnhSon) used a health_drink 2-7-2021, 1:16:13 PM
AnhSon(AnhSon) used a health_drink 2-7-2021, 1:16:13 PM
AnhSon(AnhSon) used a health_drink 2-7-2021, 1:16:13 PM
AnhSon(AnhSon) used a health_drink 2-7-2021, 1:16:13 PM
AnhSon(AnhSon) used a rocket_launcher 2-7-2021, 1:17:13 PM
AnhSon(AnhSon) used a rocket_launcher 2-7-2021, 1:19:10 PM
AnhSon(AnhSon) used a rocket_launcher 2-7-2021, 1:19:10 PM
AnhSon(AnhSon) used a rocket_launcher 2-7-2021, 1:19:11 PM
AnhSon(AnhSon) used a rocket_launcher 2-7-2021, 1:19:12 PM
AnhSon(AnhSon) used a long_sword 2-7-2021, 1:20:43 PM
AnhSon(AnhSon) used a long_sword 2-7-2021, 1:20:43 PM
AnhSon(AnhSon) used a long_sword 2-7-2021, 1:20:43 PM
AnhSon(AnhSon) used a tk_ultra_health_potion 2-7-2021, 1:23:12 PM
AnhSon(AnhSon) used a tk_ultra_health_potion 2-7-2021, 1:23:12 PM
AnhSon(AnhSon) used a tk_ultra_health_potion 2-7-2021, 1:23:12 PM
AnhSon(AnhSon) used a tk_ultra_health_potion 2-7-2021, 1:23:13 PM
AnhSon(AnhSon) used a health_drink 2-7-2021, 1:23:17 PM
AnhSon(AnhSon) used a health_drink 2-7-2021, 1:23:18 PM
AnhSon(AnhSon) used a health_drink 2-7-2021, 1:23:18 PM
AnhSon(AnhSon) used a health_drink 2-7-2021, 1:23:18 PM
AnhSon(AnhSon) used a health_drink 2-7-2021, 1:23:18 PM
AnhSon(AnhSon) used a health_drink 2-7-2021, 1:23:19 PM
AnhSon(AnhSon) used a health_drink 2-7-2021, 1:23:31 PM
AnhSon(AnhSon) used a health_drink 2-7-2021, 1:23:31 PM
AnhSon(AnhSon) used a health_drink 2-7-2021, 1:23:32 PM
AnhSon(AnhSon) used a throwing_knives 2-7-2021, 1:25:58 PM
AnhSon(AnhSon) used a throwing_knives 2-7-2021, 1:25:58 PM
AnhSon(AnhSon) used a throwing_knives 2-7-2021, 1:25:58 PM
AnhSon(AnhSon) used a long_sword 2-7-2021, 1:27:50 PM
AnhSon(AnhSon) used a long_sword 2-7-2021, 1:27:50 PM
AnhSon(AnhSon) used a long_sword 2-7-2021, 1:29:09 PM
AnhSon(AnhSon) used a long_sword 2-7-2021, 1:29:09 PM
AnhSon(AnhSon) used a long_sword 2-7-2021, 1:29:10 PM
AnhSon(AnhSon) used a shield 2-7-2021, 1:31:02 PM
AnhSon(AnhSon) used a shield 2-7-2021, 1:31:02 PM
AnhSon(AnhSon) used a shield 2-7-2021, 1:31:02 PM
AnhSon(AnhSon) used a shield 2-7-2021, 1:31:02 PM
AnhSon(AnhSon) used a shield 2-7-2021, 1:31:02 PM
AnhSon(AnhSon) used a shield 2-7-2021, 1:31:02 PM
AnhSon(AnhSon) used a shield 2-7-2021, 1:31:03 PM
AnhSon(AnhSon) used a shield 2-7-2021, 1:31:03 PM
AnhSon(AnhSon) used a shield 2-7-2021, 1:31:03 PM
AnhSon(AnhSon) used a shield 2-7-2021, 1:31:03 PM
AnhSon(AnhSon) used a shield 2-7-2021, 1:31:03 PM
AnhSon(AnhSon) used a shield 2-7-2021, 1:31:04 PM
AnhSon(AnhSon) used a shield 2-7-2021, 1:31:04 PM
AnhSon(AnhSon) used a shield 2-7-2021, 1:31:04 PM
AnhSon(AnhSon) used a shield 2-7-2021, 1:31:04 PM
AnhSon(AnhSon) used a shield 2-7-2021, 1:31:04 PM
AnhSon(AnhSon) used a shield 2-7-2021, 1:31:04 PM
AnhSon(AnhSon) used a shield 2-7-2021, 1:31:05 PM
AnhSon(AnhSon) used a shield 2-7-2021, 1:31:05 PM
AnhSon(AnhSon) used a shield 2-7-2021, 1:31:05 PM
AnhSon(AnhSon) used a shield 2-7-2021, 1:31:05 PM
AnhSon(AnhSon) used a shield 2-7-2021, 1:31:05 PM
AnhSon(AnhSon) used a shield 2-7-2021, 1:31:06 PM
AnhSon(AnhSon) used a shield 2-7-2021, 1:31:06 PM
AnhSon(AnhSon) used a shield 2-7-2021, 1:31:06 PM
AnhSon(AnhSon) used a shield 2-7-2021, 1:31:06 PM
AnhSon(AnhSon) used a shield 2-7-2021, 1:31:06 PM
AnhSon(AnhSon) used a shield 2-7-2021, 1:31:07 PM
AnhSon(AnhSon) used a shield 2-7-2021, 1:31:07 PM
AnhSon(AnhSon) used a shield 2-7-2021, 1:31:07 PM
AnhSon(AnhSon) used a tk_ultra_health_potion 2-7-2021, 1:31:11 PM
AnhSon(AnhSon) used a tk_ultra_health_potion 2-7-2021, 1:31:12 PM
AnhSon(AnhSon) used a tk_ultra_health_potion 2-7-2021, 1:31:12 PM
AnhSon(AnhSon) used a tk_ultra_health_potion 2-7-2021, 1:31:30 PM
AnhSon(AnhSon) used a tk_ultra_health_potion 2-7-2021, 1:31:30 PM
AnhSon(AnhSon) used a tk_ultra_health_potion 2-7-2021, 1:31:33 PM
AnhSon(AnhSon) used a tk_ultra_health_potion 2-7-2021, 1:31:33 PM
AnhSon(AnhSon) used a tk_ultra_health_potion 2-7-2021, 1:31:34 PM
AnhSon(AnhSon) used a tk_ultra_health_potion 2-7-2021, 1:31:37 PM
AnhSon(AnhSon) used a tk_ultra_health_potion 2-7-2021, 1:31:39 PM
AnhSon(AnhSon) used a tk_ultra_health_potion 2-7-2021, 1:31:39 PM
AnhSon(AnhSon) used a tk_ultra_health_potion 2-7-2021, 1:31:40 PM
AnhSon(AnhSon) used a tk_ultra_health_potion 2-7-2021, 1:31:40 PM
AnhSon(AnhSon) used a tk_ultra_health_potion 2-7-2021, 1:31:40 PM
AnhSon(AnhSon) used a tk_ultra_health_potion 2-7-2021, 1:31:41 PM
AnhSon(AnhSon) used a tk_ultra_health_potion 2-7-2021, 1:31:42 PM
AnhSon(AnhSon) used a tk_ultra_health_potion 2-7-2021, 1:31:42 PM
AnhSon(AnhSon) used a tk_ultra_health_potion 2-7-2021, 1:31:42 PM
AnhSon(AnhSon) used a dead_goat 2-7-2021, 1:36:01 PM
AnhSon(AnhSon) used a dead_goat 2-7-2021, 1:36:01 PM
AnhSon(AnhSon) used a dead_goat 2-7-2021, 1:36:01 PM
AnhSon(AnhSon) used a dead_goat 2-7-2021, 1:36:01 PM
AnhSon(AnhSon) used a dead_goat 2-7-2021, 1:36:02 PM
AnhSon(AnhSon) used a dead_goat 2-7-2021, 1:36:02 PM
AnhSon(AnhSon) used a dead_goat 2-7-2021, 1:36:02 PM
AnhSon(AnhSon) used a dead_goat 2-7-2021, 1:36:02 PM
AnhSon(AnhSon) used a dead_goat 2-7-2021, 1:36:02 PM
AnhSon(AnhSon) used a dead_goat 2-7-2021, 1:36:03 PM
AnhSon(AnhSon) used a dead_goat 2-7-2021, 1:36:03 PM
AnhSon(AnhSon) used a dead_goat 2-7-2021, 1:36:03 PM
AnhSon(AnhSon) used a dead_goat 2-7-2021, 1:36:03 PM
AnhSon(AnhSon) used a dead_goat 2-7-2021, 1:36:03 PM
AnhSon(AnhSon) used a dead_goat 2-7-2021, 1:36:03 PM
AnhSon(AnhSon) used a dead_goat 2-7-2021, 1:36:03 PM
AnhSon(AnhSon) used a dead_goat 2-7-2021, 1:36:04 PM
AnhSon(AnhSon) used a dead_goat 2-7-2021, 1:36:04 PM
AnhSon(AnhSon) used a dead_goat 2-7-2021, 1:36:04 PM
AnhSon(AnhSon) used a dead_goat 2-7-2021, 1:36:04 PM
AnhSon(AnhSon) used a dead_goat 2-7-2021, 1:36:04 PM
AnhSon(AnhSon) used a dead_goat 2-7-2021, 1:36:04 PM
AnhSon(AnhSon) used a dead_goat 2-7-2021, 1:36:04 PM
AnhSon(AnhSon) used a dead_goat 2-7-2021, 1:36:05 PM
AnhSon(AnhSon) used a dead_goat 2-7-2021, 1:36:05 PM
AnhSon(AnhSon) used a dead_goat 2-7-2021, 1:36:05 PM
AnhSon(AnhSon) used a dead_goat 2-7-2021, 1:36:05 PM
AnhSon(AnhSon) used a dead_goat 2-7-2021, 1:36:05 PM
AnhSon(AnhSon) used a dead_goat 2-7-2021, 1:36:05 PM
AnhSon(AnhSon) used a dead_goat 2-7-2021, 1:36:06 PM
AnhSon(AnhSon) used a dead_goat 2-7-2021, 1:36:06 PM
AnhSon(AnhSon) used a dead_goat 2-7-2021, 1:36:06 PM
AnhSon(AnhSon) used a dead_goat 2-7-2021, 1:36:06 PM
AnhSon(AnhSon) used a dead_goat 2-7-2021, 1:36:06 PM
AnhSon(AnhSon) used a dead_goat 2-7-2021, 1:36:06 PM
AnhSon(AnhSon) used a dead_goat 2-7-2021, 1:36:07 PM
AnhSon(AnhSon) used a dead_goat 2-7-2021, 1:36:07 PM
AnhSon(AnhSon) used a dead_goat 2-7-2021, 1:36:07 PM
AnhSon(AnhSon) used a dead_goat 2-7-2021, 1:36:07 PM
AnhSon(AnhSon) used a dead_goat 2-7-2021, 1:36:07 PM
AnhSon(AnhSon) used a dead_goat 2-7-2021, 1:36:07 PM
AnhSon(AnhSon) used a dead_goat 2-7-2021, 1:36:08 PM
AnhSon(AnhSon) used a dead_goat 2-7-2021, 1:36:08 PM
AnhSon(AnhSon) used a dead_goat 2-7-2021, 1:36:08 PM
AnhSon(AnhSon) used a dead_goat 2-7-2021, 1:36:08 PM
AnhSon(AnhSon) used a dead_goat 2-7-2021, 1:36:08 PM
AnhSon(AnhSon) used a dead_goat 2-7-2021, 1:36:08 PM
AnhSon(AnhSon) used a dead_goat 2-7-2021, 1:36:09 PM
AnhSon(AnhSon) used a dead_goat 2-7-2021, 1:36:09 PM
AnhSon(AnhSon) used a dead_goat 2-7-2021, 1:36:09 PM
AnhSon(AnhSon) used a dead_goat 2-7-2021, 1:36:09 PM
AnhSon(AnhSon) used a dead_goat 2-7-2021, 1:36:09 PM
AnhSon(AnhSon) used a dead_goat 2-7-2021, 1:36:09 PM
AnhSon(AnhSon) used a dead_goat 2-7-2021, 1:36:09 PM
AnhSon(AnhSon) used a dead_goat 2-7-2021, 1:36:10 PM
AnhSon(AnhSon) used a dead_goat 2-7-2021, 1:36:10 PM
AnhSon(AnhSon) used a dead_goat 2-7-2021, 1:36:10 PM
AnhSon(AnhSon) used a dead_goat 2-7-2021, 1:36:10 PM
AnhSon(AnhSon) used a dead_goat 2-7-2021, 1:36:12 PM
AnhSon(AnhSon) used a dead_goat 2-7-2021, 1:36:13 PM
AnhSon(AnhSon) used a dead_goat 2-7-2021, 1:36:13 PM
AnhSon(AnhSon) used a dead_goat 2-7-2021, 1:36:13 PM
AnhSon(AnhSon) used a dead_goat 2-7-2021, 1:36:13 PM
AnhSon(AnhSon) used a dead_goat 2-7-2021, 1:36:13 PM
AnhSon(AnhSon) used a dead_goat 2-7-2021, 1:36:14 PM
AnhSon(AnhSon) used a dead_goat 2-7-2021, 1:36:14 PM
AnhSon(AnhSon) used a dead_goat 2-7-2021, 1:36:14 PM
AnhSon(AnhSon) used a dead_goat 2-7-2021, 1:36:14 PM
AnhSon(AnhSon) used a dead_goat 2-7-2021, 1:36:14 PM
AnhSon(AnhSon) used a dead_goat 2-7-2021, 1:36:15 PM
AnhSon(AnhSon) used a dead_goat 2-7-2021, 1:36:15 PM
AnhSon(AnhSon) used a dead_goat 2-7-2021, 1:36:15 PM
AnhSon(AnhSon) used a dead_goat 2-7-2021, 1:36:15 PM
AnhSon(AnhSon) used a dead_goat 2-7-2021, 1:36:15 PM
AnhSon(AnhSon) used a dead_goat 2-7-2021, 1:36:16 PM
AnhSon(AnhSon) used a dead_goat 2-7-2021, 1:36:16 PM
AnhSon(AnhSon) used a dead_goat 2-7-2021, 1:36:16 PM
AnhSon(AnhSon) used a dead_goat 2-7-2021, 1:36:16 PM
AnhSon(AnhSon) used a dead_goat 2-7-2021, 1:36:16 PM
AnhSon(AnhSon) used a dead_goat 2-7-2021, 1:36:16 PM
AnhSon(AnhSon) used a dead_goat 2-7-2021, 1:36:16 PM
AnhSon(AnhSon) used a dead_goat 2-7-2021, 1:36:17 PM
AnhSon(AnhSon) used a dead_goat 2-7-2021, 1:36:17 PM
AnhSon(AnhSon) used a dead_goat 2-7-2021, 1:36:17 PM
AnhSon(AnhSon) used a dead_goat 2-7-2021, 1:36:17 PM
AnhSon(AnhSon) used a dead_goat 2-7-2021, 1:36:17 PM
AnhSon(AnhSon) used a dead_goat 2-7-2021, 1:36:17 PM
AnhSon(AnhSon) used a dead_goat 2-7-2021, 1:36:18 PM
AnhSon(AnhSon) used a dead_goat 2-7-2021, 1:36:18 PM
AnhSon(AnhSon) used a dead_goat 2-7-2021, 1:36:18 PM
AnhSon(AnhSon) used a dead_goat 2-7-2021, 1:36:18 PM
AnhSon(AnhSon) used a dead_goat 2-7-2021, 1:36:18 PM
AnhSon(AnhSon) used a dead_goat 2-7-2021, 1:36:18 PM
AnhSon(AnhSon) used a dead_goat 2-7-2021, 1:36:19 PM
AnhSon(AnhSon) used a dead_goat 2-7-2021, 1:36:19 PM
AnhSon(AnhSon) used a dead_goat 2-7-2021, 1:36:19 PM
AnhSon(AnhSon) used a dead_goat 2-7-2021, 1:36:19 PM
AnhSon(AnhSon) used a dead_goat 2-7-2021, 1:36:19 PM
AnhSon(AnhSon) used a dead_goat 2-7-2021, 1:36:19 PM
AnhSon(AnhSon) used a dead_goat 2-7-2021, 1:36:20 PM
AnhSon(AnhSon) used a dead_goat 2-7-2021, 1:36:20 PM
AnhSon(AnhSon) used a dead_goat 2-7-2021, 1:36:20 PM
AnhSon(AnhSon) used a dead_goat 2-7-2021, 1:36:20 PM
AnhSon(AnhSon) used a dead_goat 2-7-2021, 1:36:20 PM
AnhSon(AnhSon) used a dead_goat 2-7-2021, 1:36:20 PM
AnhSon(AnhSon) used a dead_goat 2-7-2021, 1:36:21 PM
AnhSon(AnhSon) used a dead_goat 2-7-2021, 1:36:21 PM
AnhSon(AnhSon) used a dead_goat 2-7-2021, 1:36:21 PM
AnhSon(AnhSon) used a dead_goat 2-7-2021, 1:36:21 PM
AnhSon(AnhSon) used a dead_goat 2-7-2021, 1:36:22 PM
AnhSon(AnhSon) used a dead_goat 2-7-2021, 1:36:22 PM
AnhSon(AnhSon) used a dead_goat 2-7-2021, 1:36:22 PM
AnhSon(AnhSon) used a dead_goat 2-7-2021, 1:36:22 PM
AnhSon(AnhSon) used a dead_goat 2-7-2021, 1:36:22 PM
AnhSon(AnhSon) used a dead_goat 2-7-2021, 1:36:23 PM
AnhSon(AnhSon) used a dead_goat 2-7-2021, 1:36:23 PM
AnhSon(AnhSon) used a dead_goat 2-7-2021, 1:36:23 PM
AnhSon(AnhSon) used a dead_goat 2-7-2021, 1:36:23 PM
AnhSon(AnhSon) used a dead_goat 2-7-2021, 1:36:23 PM
AnhSon(AnhSon) used a dead_goat 2-7-2021, 1:36:24 PM
AnhSon(AnhSon) used a dead_goat 2-7-2021, 1:36:24 PM
AnhSon(AnhSon) used a dead_goat 2-7-2021, 1:36:24 PM
AnhSon(AnhSon) used a dead_goat 2-7-2021, 1:36:24 PM
AnhSon(AnhSon) used a dead_goat 2-7-2021, 1:36:24 PM
AnhSon(AnhSon) used a dead_goat 2-7-2021, 1:36:24 PM
AnhSon(AnhSon) used a dead_goat 2-7-2021, 1:36:25 PM
AnhSon(AnhSon) used a dead_goat 2-7-2021, 1:36:25 PM
AnhSon(AnhSon) used a dead_goat 2-7-2021, 1:36:25 PM
AnhSon(AnhSon) used a dead_goat 2-7-2021, 1:36:25 PM
AnhSon(AnhSon) used a dead_goat 2-7-2021, 1:36:26 PM
AnhSon(AnhSon) used a dead_goat 2-7-2021, 1:36:26 PM
AnhSon(AnhSon) used a dead_goat 2-7-2021, 1:36:26 PM
AnhSon(AnhSon) used a dead_goat 2-7-2021, 1:36:26 PM
AnhSon(AnhSon) used a dead_goat 2-7-2021, 1:36:26 PM
AnhSon(AnhSon) used a dead_goat 2-7-2021, 1:36:26 PM
AnhSon(AnhSon) used a dead_goat 2-7-2021, 1:36:27 PM
AnhSon(AnhSon) used a dead_goat 2-7-2021, 1:36:27 PM
AnhSon(AnhSon) used a dead_goat 2-7-2021, 1:36:27 PM
AnhSon(AnhSon) used a dead_goat 2-7-2021, 1:36:27 PM
AnhSon(AnhSon) used a dead_goat 2-7-2021, 1:36:28 PM
AnhSon(AnhSon) used a dead_goat 2-7-2021, 1:36:28 PM
AnhSon(AnhSon) used a dead_goat 2-7-2021, 1:36:28 PM
AnhSon(AnhSon) used a dead_goat 2-7-2021, 1:36:28 PM
AnhSon(AnhSon) used a dead_goat 2-7-2021, 1:36:28 PM
AnhSon(AnhSon) used a dead_goat 2-7-2021, 1:36:28 PM
AnhSon(AnhSon) used a dead_goat 2-7-2021, 1:36:29 PM
AnhSon(AnhSon) used a dead_goat 2-7-2021, 1:36:29 PM
AnhSon(AnhSon) used a dead_goat 2-7-2021, 1:36:29 PM
AnhSon(AnhSon) used a dead_goat 2-7-2021, 1:36:29 PM
AnhSon(AnhSon) used a dead_goat 2-7-2021, 1:36:29 PM
AnhSon(AnhSon) used a dead_goat 2-7-2021, 1:36:29 PM
AnhSon(AnhSon) used a dead_goat 2-7-2021, 1:36:30 PM
AnhSon(AnhSon) used a dead_goat 2-7-2021, 1:36:30 PM
AnhSon(AnhSon) used a dead_goat 2-7-2021, 1:36:30 PM
AnhSon(AnhSon) used a dead_goat 2-7-2021, 1:36:30 PM
AnhSon(AnhSon) used a dead_goat 2-7-2021, 1:36:30 PM
AnhSon(AnhSon) used a dead_goat 2-7-2021, 1:36:30 PM
AnhSon(AnhSon) used a dead_goat 2-7-2021, 1:36:30 PM
AnhSon(AnhSon) used a dead_goat 2-7-2021, 1:36:31 PM
AnhSon(AnhSon) used a dead_goat 2-7-2021, 1:36:31 PM
AnhSon(AnhSon) used a dead_goat 2-7-2021, 1:36:31 PM
AnhSon(AnhSon) used a dead_goat 2-7-2021, 1:36:31 PM
AnhSon(AnhSon) used a dead_goat 2-7-2021, 1:36:31 PM
AnhSon(AnhSon) used a dead_goat 2-7-2021, 1:36:32 PM
AnhSon(AnhSon) used a dead_goat 2-7-2021, 1:36:32 PM
AnhSon(AnhSon) used a dead_goat 2-7-2021, 1:36:32 PM
AnhSon(AnhSon) used a dead_goat 2-7-2021, 1:36:32 PM
AnhSon(AnhSon) used a dead_goat 2-7-2021, 1:36:32 PM
AnhSon(AnhSon) used a dead_goat 2-7-2021, 1:36:32 PM
AnhSon(AnhSon) used a dead_goat 2-7-2021, 1:36:33 PM
AnhSon(AnhSon) used a dead_goat 2-7-2021, 1:36:33 PM
AnhSon(AnhSon) used a dead_goat 2-7-2021, 1:36:33 PM
AnhSon(AnhSon) used a dead_goat 2-7-2021, 1:36:33 PM
AnhSon(AnhSon) used a dead_goat 2-7-2021, 1:36:33 PM
AnhSon(AnhSon) used a dead_goat 2-7-2021, 1:36:33 PM
AnhSon(AnhSon) used a dead_goat 2-7-2021, 1:36:34 PM
AnhSon(AnhSon) used a dead_goat 2-7-2021, 1:36:34 PM
AnhSon(AnhSon) used a dead_goat 2-7-2021, 1:36:34 PM
AnhSon(AnhSon) used a dead_goat 2-7-2021, 1:36:34 PM
AnhSon(AnhSon) used a dead_goat 2-7-2021, 1:36:34 PM
AnhSon(AnhSon) used a dead_goat 2-7-2021, 1:36:34 PM
AnhSon(AnhSon) used a dead_goat 2-7-2021, 1:36:35 PM
AnhSon(AnhSon) used a dead_goat 2-7-2021, 1:36:35 PM
AnhSon(AnhSon) used a dead_goat 2-7-2021, 1:36:35 PM
AnhSon(AnhSon) used a dead_goat 2-7-2021, 1:36:35 PM
AnhSon(AnhSon) used a dead_goat 2-7-2021, 1:36:35 PM
AnhSon(AnhSon) used a dead_goat 2-7-2021, 1:36:36 PM
AnhSon(AnhSon) used a dead_goat 2-7-2021, 1:36:36 PM
AnhSon(AnhSon) used a dead_goat 2-7-2021, 1:36:36 PM
AnhSon(AnhSon) used a dead_goat 2-7-2021, 1:36:36 PM
AnhSon(AnhSon) used a dead_goat 2-7-2021, 1:36:36 PM
AnhSon(AnhSon) used a dead_goat 2-7-2021, 1:36:36 PM
AnhSon(AnhSon) used a dead_goat 2-7-2021, 1:36:37 PM
AnhSon(AnhSon) used a dead_goat 2-7-2021, 1:36:37 PM
AnhSon(AnhSon) used a dead_boar 2-7-2021, 1:37:44 PM
AnhSon(AnhSon) used a dead_boar 2-7-2021, 1:37:44 PM
AnhSon(AnhSon) used a dead_boar 2-7-2021, 1:37:44 PM
AnhSon(AnhSon) used a dead_boar 2-7-2021, 1:37:45 PM
AnhSon(AnhSon) used a dead_boar 2-7-2021, 1:37:45 PM
AnhSon(AnhSon) used a dead_boar 2-7-2021, 1:37:45 PM
AnhSon(AnhSon) used a dead_boar 2-7-2021, 1:37:45 PM
AnhSon(AnhSon) used a dead_boar 2-7-2021, 1:37:46 PM
AnhSon(AnhSon) used a dead_boar 2-7-2021, 1:37:46 PM
AnhSon(AnhSon) used a dead_boar 2-7-2021, 1:37:46 PM
AnhSon(AnhSon) used a dead_boar 2-7-2021, 1:37:46 PM
AnhSon(AnhSon) used a dead_boar 2-7-2021, 1:37:47 PM
AnhSon(AnhSon) used a dead_boar 2-7-2021, 1:37:47 PM
AnhSon(AnhSon) used a dead_boar 2-7-2021, 1:37:47 PM
AnhSon(AnhSon) used a dead_boar 2-7-2021, 1:37:47 PM
AnhSon(AnhSon) used a dead_boar 2-7-2021, 1:37:48 PM
AnhSon(AnhSon) used a dead_boar 2-7-2021, 1:37:48 PM
AnhSon(AnhSon) used a dead_boar 2-7-2021, 1:37:48 PM
AnhSon(AnhSon) used a dead_boar 2-7-2021, 1:37:48 PM
AnhSon(AnhSon) used a dead_boar 2-7-2021, 1:37:48 PM
AnhSon(AnhSon) used a dead_boar 2-7-2021, 1:37:49 PM
AnhSon(AnhSon) used a dead_boar 2-7-2021, 1:37:49 PM
AnhSon(AnhSon) used a dead_boar 2-7-2021, 1:37:49 PM
AnhSon(AnhSon) used a dead_boar 2-7-2021, 1:37:49 PM
AnhSon(AnhSon) used a dead_boar 2-7-2021, 1:37:49 PM
AnhSon(AnhSon) used a dead_boar 2-7-2021, 1:37:49 PM
AnhSon(AnhSon) used a dead_boar 2-7-2021, 1:37:50 PM
AnhSon(AnhSon) used a dead_boar 2-7-2021, 1:37:50 PM
AnhSon(AnhSon) used a dead_boar 2-7-2021, 1:37:50 PM
AnhSon(AnhSon) used a dead_boar 2-7-2021, 1:37:50 PM
AnhSon(AnhSon) used a dead_boar 2-7-2021, 1:37:50 PM
AnhSon(AnhSon) used a dead_boar 2-7-2021, 1:37:51 PM
AnhSon(AnhSon) used a dead_boar 2-7-2021, 1:37:51 PM
AnhSon(AnhSon) used a dead_boar 2-7-2021, 1:37:51 PM
AnhSon(AnhSon) used a dead_boar 2-7-2021, 1:37:51 PM
AnhSon(AnhSon) used a dead_boar 2-7-2021, 1:37:51 PM
AnhSon(AnhSon) used a dead_boar 2-7-2021, 1:37:52 PM
AnhSon(AnhSon) used a dead_boar 2-7-2021, 1:37:52 PM
AnhSon(AnhSon) used a dead_boar 2-7-2021, 1:37:52 PM
AnhSon(AnhSon) used a dead_boar 2-7-2021, 1:37:52 PM
AnhSon(AnhSon) used a dead_boar 2-7-2021, 1:37:52 PM
AnhSon(AnhSon) used a dead_boar 2-7-2021, 1:37:53 PM
AnhSon(AnhSon) used a dead_boar 2-7-2021, 1:37:53 PM
AnhSon(AnhSon) used a dead_boar 2-7-2021, 1:37:53 PM
AnhSon(AnhSon) used a dead_boar 2-7-2021, 1:37:53 PM
AnhSon(AnhSon) used a dead_boar 2-7-2021, 1:37:53 PM
AnhSon(AnhSon) used a dead_boar 2-7-2021, 1:37:54 PM
AnhSon(AnhSon) used a dead_boar 2-7-2021, 1:37:54 PM
AnhSon(AnhSon) used a dead_boar 2-7-2021, 1:37:54 PM
AnhSon(AnhSon) used a dead_boar 2-7-2021, 1:37:54 PM
AnhSon(AnhSon) used a dead_boar 2-7-2021, 1:37:55 PM
AnhSon(AnhSon) used a dead_boar 2-7-2021, 1:37:55 PM
AnhSon(AnhSon) used a dead_boar 2-7-2021, 1:37:55 PM
AnhSon(AnhSon) used a dead_boar 2-7-2021, 1:37:55 PM
AnhSon(AnhSon) used a dead_boar 2-7-2021, 1:37:55 PM
AnhSon(AnhSon) used a dead_boar 2-7-2021, 1:37:56 PM
AnhSon(AnhSon) used a dead_boar 2-7-2021, 1:37:56 PM
AnhSon(AnhSon) used a dead_boar 2-7-2021, 1:37:56 PM
AnhSon(AnhSon) used a dead_boar 2-7-2021, 1:37:56 PM
AnhSon(AnhSon) used a dead_boar 2-7-2021, 1:37:56 PM
AnhSon(AnhSon) used a dead_boar 2-7-2021, 1:37:57 PM
AnhSon(AnhSon) used a dead_boar 2-7-2021, 1:37:57 PM
AnhSon(AnhSon) used a dead_boar 2-7-2021, 1:37:57 PM
AnhSon(AnhSon) used a dead_boar 2-7-2021, 1:37:57 PM
AnhSon(AnhSon) used a dead_boar 2-7-2021, 1:37:57 PM
AnhSon(AnhSon) used a dead_boar 2-7-2021, 1:37:58 PM
AnhSon(AnhSon) used a dead_boar 2-7-2021, 1:37:58 PM
AnhSon(AnhSon) used a dead_boar 2-7-2021, 1:37:58 PM
AnhSon(AnhSon) used a dead_boar 2-7-2021, 1:37:58 PM
AnhSon(AnhSon) used a dead_boar 2-7-2021, 1:37:58 PM
AnhSon(AnhSon) used a dead_boar 2-7-2021, 1:37:59 PM
AnhSon(AnhSon) used a dead_boar 2-7-2021, 1:37:59 PM
AnhSon(AnhSon) used a dead_boar 2-7-2021, 1:37:59 PM
AnhSon(AnhSon) used a dead_boar 2-7-2021, 1:37:59 PM
AnhSon(AnhSon) used a dead_boar 2-7-2021, 1:37:59 PM
AnhSon(AnhSon) used a dead_boar 2-7-2021, 1:38:00 PM
AnhSon(AnhSon) used a dead_boar 2-7-2021, 1:38:00 PM
AnhSon(AnhSon) used a dead_boar 2-7-2021, 1:38:00 PM
AnhSon(AnhSon) used a dead_boar 2-7-2021, 1:38:00 PM
AnhSon(AnhSon) used a dead_boar 2-7-2021, 1:38:00 PM
AnhSon(AnhSon) used a dead_boar 2-7-2021, 1:38:01 PM
AnhSon(AnhSon) used a dead_boar 2-7-2021, 1:38:01 PM
AnhSon(AnhSon) used a dead_boar 2-7-2021, 1:38:01 PM
AnhSon(AnhSon) used a dead_boar 2-7-2021, 1:38:01 PM
AnhSon(AnhSon) used a dead_boar 2-7-2021, 1:38:01 PM
AnhSon(AnhSon) used a dead_boar 2-7-2021, 1:38:02 PM
AnhSon(AnhSon) used a dead_boar 2-7-2021, 1:38:02 PM
AnhSon(AnhSon) used a dead_boar 2-7-2021, 1:38:02 PM
AnhSon(AnhSon) used a dead_boar 2-7-2021, 1:38:02 PM
AnhSon(AnhSon) used a dead_boar 2-7-2021, 1:38:03 PM
AnhSon(AnhSon) used a dead_boar 2-7-2021, 1:38:03 PM
AnhSon(AnhSon) used a dead_boar 2-7-2021, 1:38:03 PM
AnhSon(AnhSon) used a dead_boar 2-7-2021, 1:38:03 PM
AnhSon(AnhSon) used a dead_boar 2-7-2021, 1:38:03 PM
AnhSon(AnhSon) used a dead_boar 2-7-2021, 1:38:04 PM
AnhSon(AnhSon) used a dead_boar 2-7-2021, 1:38:04 PM
AnhSon(AnhSon) used a dead_boar 2-7-2021, 1:38:04 PM
AnhSon(AnhSon) used a dead_boar 2-7-2021, 1:38:04 PM
AnhSon(AnhSon) used a dead_boar 2-7-2021, 1:38:04 PM
AnhSon(AnhSon) used a dead_boar 2-7-2021, 1:38:05 PM
AnhSon(AnhSon) used a dead_boar 2-7-2021, 1:38:05 PM
AnhSon(AnhSon) used a dead_boar 2-7-2021, 1:38:05 PM
AnhSon(AnhSon) used a dead_boar 2-7-2021, 1:38:05 PM
AnhSon(AnhSon) used a dead_boar 2-7-2021, 1:38:06 PM
AnhSon(AnhSon) used a dead_boar 2-7-2021, 1:38:06 PM
AnhSon(AnhSon) used a dead_boar 2-7-2021, 1:38:06 PM
AnhSon(AnhSon) used a dead_boar 2-7-2021, 1:38:07 PM
AnhSon(AnhSon) used a dead_boar 2-7-2021, 1:38:07 PM
AnhSon(AnhSon) used a dead_boar 2-7-2021, 1:38:07 PM
AnhSon(AnhSon) used a dead_boar 2-7-2021, 1:38:07 PM
AnhSon(AnhSon) used a dead_boar 2-7-2021, 1:38:08 PM
AnhSon(AnhSon) used a dead_boar 2-7-2021, 1:38:08 PM
AnhSon(AnhSon) used a dead_boar 2-7-2021, 1:38:08 PM
AnhSon(AnhSon) used a dead_boar 2-7-2021, 1:38:09 PM
AnhSon(AnhSon) used a dead_boar 2-7-2021, 1:38:09 PM
AnhSon(AnhSon) used a dead_boar 2-7-2021, 1:38:09 PM
AnhSon(AnhSon) used a dead_boar 2-7-2021, 1:38:09 PM
AnhSon(AnhSon) used a dead_boar 2-7-2021, 1:38:10 PM
AnhSon(AnhSon) used a dead_boar 2-7-2021, 1:38:10 PM
AnhSon(AnhSon) used a dead_boar 2-7-2021, 1:38:12 PM
AnhSon(AnhSon) used a dead_boar 2-7-2021, 1:38:12 PM
AnhSon(AnhSon) used a dead_boar 2-7-2021, 1:38:12 PM
AnhSon(AnhSon) used a dead_boar 2-7-2021, 1:38:12 PM
AnhSon(AnhSon) used a dead_boar 2-7-2021, 1:38:13 PM
AnhSon(AnhSon) used a dead_boar 2-7-2021, 1:38:13 PM
AnhSon(AnhSon) used a dead_boar 2-7-2021, 1:38:13 PM
AnhSon(AnhSon) used a dead_boar 2-7-2021, 1:38:13 PM
AnhSon(AnhSon) used a dead_boar 2-7-2021, 1:38:13 PM
AnhSon(AnhSon) used a dead_boar 2-7-2021, 1:38:13 PM
AnhSon(AnhSon) used a dead_boar 2-7-2021, 1:38:14 PM
AnhSon(AnhSon) used a dead_boar 2-7-2021, 1:38:14 PM
AnhSon(AnhSon) used a dead_boar 2-7-2021, 1:38:14 PM
AnhSon(AnhSon) used a dead_boar 2-7-2021, 1:38:15 PM
AnhSon(AnhSon) used a dead_boar 2-7-2021, 1:38:15 PM
AnhSon(AnhSon) used a dead_boar 2-7-2021, 1:38:15 PM
AnhSon(AnhSon) used a dead_boar 2-7-2021, 1:38:15 PM
AnhSon(AnhSon) used a dead_boar 2-7-2021, 1:38:15 PM
AnhSon(AnhSon) used a dead_boar 2-7-2021, 1:38:16 PM
AnhSon(AnhSon) used a dead_boar 2-7-2021, 1:38:16 PM
AnhSon(AnhSon) used a dead_boar 2-7-2021, 1:38:16 PM
AnhSon(AnhSon) used a dead_boar 2-7-2021, 1:38:17 PM
AnhSon(AnhSon) used a dead_boar 2-7-2021, 1:38:17 PM
AnhSon(AnhSon) used a dead_boar 2-7-2021, 1:38:17 PM
AnhSon(AnhSon) used a dead_boar 2-7-2021, 1:38:17 PM
AnhSon(AnhSon) used a dead_boar 2-7-2021, 1:38:18 PM
AnhSon(AnhSon) used a dead_boar 2-7-2021, 1:38:18 PM
AnhSon(AnhSon) used a dead_boar 2-7-2021, 1:38:18 PM
AnhSon(AnhSon) used a dead_boar 2-7-2021, 1:38:18 PM
AnhSon(AnhSon) used a dead_boar 2-7-2021, 1:38:19 PM
AnhSon(AnhSon) used a dead_boar 2-7-2021, 1:38:19 PM
AnhSon(AnhSon) used a dead_boar 2-7-2021, 1:38:19 PM
AnhSon(AnhSon) used a dead_boar 2-7-2021, 1:38:19 PM
AnhSon(AnhSon) used a dead_boar 2-7-2021, 1:38:20 PM
AnhSon(AnhSon) used a dead_boar 2-7-2021, 1:38:20 PM
AnhSon(AnhSon) used a dead_boar 2-7-2021, 1:38:20 PM
AnhSon(AnhSon) used a dead_boar 2-7-2021, 1:38:21 PM
AnhSon(AnhSon) used a dead_boar 2-7-2021, 1:38:21 PM
AnhSon(AnhSon) used a dead_boar 2-7-2021, 1:38:21 PM
AnhSon(AnhSon) used a dead_boar 2-7-2021, 1:38:21 PM
AnhSon(AnhSon) used a dead_boar 2-7-2021, 1:38:21 PM
AnhSon(AnhSon) used a dead_boar 2-7-2021, 1:38:22 PM
AnhSon(AnhSon) used a dead_boar 2-7-2021, 1:38:22 PM
AnhSon(AnhSon) used a dead_boar 2-7-2021, 1:38:22 PM
AnhSon(AnhSon) used a dead_boar 2-7-2021, 1:38:22 PM
AnhSon(AnhSon) used a dead_boar 2-7-2021, 1:38:22 PM
AnhSon(AnhSon) used a dead_boar 2-7-2021, 1:38:23 PM
AnhSon(AnhSon) used a dead_boar 2-7-2021, 1:38:23 PM
AnhSon(AnhSon) used a dead_boar 2-7-2021, 1:38:23 PM
AnhSon(AnhSon) used a dead_boar 2-7-2021, 1:38:23 PM
AnhSon(AnhSon) used a dead_boar 2-7-2021, 1:38:23 PM
AnhSon(AnhSon) used a dead_boar 2-7-2021, 1:38:23 PM
AnhSon(AnhSon) used a dead_boar 2-7-2021, 1:38:24 PM
AnhSon(AnhSon) used a dead_boar 2-7-2021, 1:38:24 PM
AnhSon(AnhSon) used a dead_boar 2-7-2021, 1:38:24 PM
AnhSon(AnhSon) used a dead_boar 2-7-2021, 1:38:24 PM
AnhSon(AnhSon) used a dead_boar 2-7-2021, 1:38:24 PM
AnhSon(AnhSon) used a skinned_boar 2-7-2021, 1:38:38 PM
AnhSon(AnhSon) used a skinned_boar 2-7-2021, 1:38:38 PM
AnhSon(AnhSon) used a skinned_boar 2-7-2021, 1:38:38 PM
AnhSon(AnhSon) used a skinned_boar 2-7-2021, 1:38:38 PM
AnhSon(AnhSon) used a skinned_boar 2-7-2021, 1:38:39 PM
AnhSon(AnhSon) used a skinned_boar 2-7-2021, 1:38:39 PM
AnhSon(AnhSon) used a skinned_boar 2-7-2021, 1:38:39 PM
AnhSon(AnhSon) used a skinned_boar 2-7-2021, 1:38:39 PM
AnhSon(AnhSon) used a skinned_boar 2-7-2021, 1:38:39 PM
AnhSon(AnhSon) used a skinned_boar 2-7-2021, 1:38:39 PM
AnhSon(AnhSon) used a skinned_boar 2-7-2021, 1:38:40 PM
AnhSon(AnhSon) used a skinned_boar 2-7-2021, 1:38:40 PM
AnhSon(AnhSon) used a skinned_boar 2-7-2021, 1:38:40 PM
AnhSon(AnhSon) used a skinned_boar 2-7-2021, 1:38:40 PM
AnhSon(AnhSon) used a skinned_boar 2-7-2021, 1:38:40 PM
AnhSon(AnhSon) used a skinned_boar 2-7-2021, 1:38:40 PM
AnhSon(AnhSon) used a skinned_boar 2-7-2021, 1:38:41 PM
AnhSon(AnhSon) used a skinned_boar 2-7-2021, 1:38:41 PM
AnhSon(AnhSon) used a skinned_boar 2-7-2021, 1:38:41 PM
AnhSon(AnhSon) used a skinned_boar 2-7-2021, 1:38:41 PM
AnhSon(AnhSon) used a skinned_boar 2-7-2021, 1:38:41 PM
AnhSon(AnhSon) used a skinned_boar 2-7-2021, 1:38:41 PM
AnhSon(AnhSon) used a skinned_boar 2-7-2021, 1:38:42 PM
AnhSon(AnhSon) used a skinned_boar 2-7-2021, 1:38:42 PM
AnhSon(AnhSon) used a skinned_boar 2-7-2021, 1:38:42 PM
AnhSon(AnhSon) used a skinned_boar 2-7-2021, 1:38:42 PM
AnhSon(AnhSon) used a skinned_boar 2-7-2021, 1:38:42 PM
AnhSon(AnhSon) used a skinned_boar 2-7-2021, 1:38:43 PM
AnhSon(AnhSon) used a skinned_boar 2-7-2021, 1:38:43 PM
AnhSon(AnhSon) used a skinned_boar 2-7-2021, 1:38:43 PM
AnhSon(AnhSon) used a skinned_boar 2-7-2021, 1:38:43 PM
AnhSon(AnhSon) used a skinned_boar 2-7-2021, 1:38:43 PM
AnhSon(AnhSon) used a skinned_boar 2-7-2021, 1:38:44 PM
AnhSon(AnhSon) used a skinned_boar 2-7-2021, 1:38:44 PM
AnhSon(AnhSon) used a skinned_boar 2-7-2021, 1:38:44 PM
AnhSon(AnhSon) used a skinned_boar 2-7-2021, 1:38:44 PM
AnhSon(AnhSon) used a skinned_boar 2-7-2021, 1:38:45 PM
AnhSon(AnhSon) used a skinned_boar 2-7-2021, 1:38:45 PM
AnhSon(AnhSon) used a skinned_boar 2-7-2021, 1:38:45 PM
AnhSon(AnhSon) used a skinned_boar 2-7-2021, 1:38:45 PM
AnhSon(AnhSon) used a skinned_boar 2-7-2021, 1:38:45 PM
AnhSon(AnhSon) used a skinned_boar 2-7-2021, 1:38:45 PM
AnhSon(AnhSon) used a skinned_boar 2-7-2021, 1:38:46 PM
AnhSon(AnhSon) used a skinned_boar 2-7-2021, 1:38:46 PM
AnhSon(AnhSon) used a skinned_boar 2-7-2021, 1:38:46 PM
AnhSon(AnhSon) used a skinned_boar 2-7-2021, 1:38:46 PM
AnhSon(AnhSon) used a skinned_boar 2-7-2021, 1:38:46 PM
AnhSon(AnhSon) used a skinned_boar 2-7-2021, 1:38:46 PM
AnhSon(AnhSon) used a skinned_boar 2-7-2021, 1:38:47 PM
AnhSon(AnhSon) used a skinned_boar 2-7-2021, 1:38:47 PM
AnhSon(AnhSon) used a skinned_boar 2-7-2021, 1:38:47 PM
AnhSon(AnhSon) used a skinned_boar 2-7-2021, 1:38:47 PM
AnhSon(AnhSon) used a skinned_boar 2-7-2021, 1:38:47 PM
AnhSon(AnhSon) used a skinned_boar 2-7-2021, 1:38:47 PM
AnhSon(AnhSon) used a skinned_boar 2-7-2021, 1:38:48 PM
AnhSon(AnhSon) used a skinned_boar 2-7-2021, 1:38:48 PM
AnhSon(AnhSon) used a skinned_boar 2-7-2021, 1:38:48 PM
AnhSon(AnhSon) used a skinned_boar 2-7-2021, 1:38:48 PM
AnhSon(AnhSon) used a skinned_boar 2-7-2021, 1:38:48 PM
AnhSon(AnhSon) used a skinned_boar 2-7-2021, 1:38:49 PM
AnhSon(AnhSon) used a skinned_boar 2-7-2021, 1:38:49 PM
AnhSon(AnhSon) used a skinned_boar 2-7-2021, 1:38:49 PM
AnhSon(AnhSon) used a skinned_boar 2-7-2021, 1:38:49 PM
AnhSon(AnhSon) used a skinned_boar 2-7-2021, 1:38:49 PM
AnhSon(AnhSon) used a skinned_boar 2-7-2021, 1:38:50 PM
AnhSon(AnhSon) used a skinned_boar 2-7-2021, 1:38:50 PM
AnhSon(AnhSon) used a skinned_boar 2-7-2021, 1:38:50 PM
AnhSon(AnhSon) used a skinned_boar 2-7-2021, 1:38:50 PM
AnhSon(AnhSon) used a skinned_boar 2-7-2021, 1:38:51 PM
AnhSon(AnhSon) used a skinned_boar 2-7-2021, 1:38:51 PM
AnhSon(AnhSon) used a skinned_boar 2-7-2021, 1:38:51 PM
AnhSon(AnhSon) used a skinned_boar 2-7-2021, 1:38:51 PM
AnhSon(AnhSon) used a skinned_boar 2-7-2021, 1:38:52 PM
AnhSon(AnhSon) used a skinned_boar 2-7-2021, 1:38:53 PM
AnhSon(AnhSon) used a skinned_boar 2-7-2021, 1:38:53 PM
AnhSon(AnhSon) used a skinned_boar 2-7-2021, 1:38:54 PM
AnhSon(AnhSon) used a skinned_boar 2-7-2021, 1:38:54 PM
AnhSon(AnhSon) used a skinned_boar 2-7-2021, 1:38:54 PM
AnhSon(AnhSon) used a skinned_boar 2-7-2021, 1:38:54 PM
AnhSon(AnhSon) used a skinned_boar 2-7-2021, 1:38:55 PM
AnhSon(AnhSon) used a skinned_boar 2-7-2021, 1:38:55 PM
AnhSon(AnhSon) used a skinned_boar 2-7-2021, 1:38:55 PM
AnhSon(AnhSon) used a skinned_boar 2-7-2021, 1:38:55 PM
AnhSon(AnhSon) used a skinned_boar 2-7-2021, 1:38:55 PM
AnhSon(AnhSon) used a skinned_boar 2-7-2021, 1:38:55 PM
AnhSon(AnhSon) used a skinned_boar 2-7-2021, 1:38:56 PM
AnhSon(AnhSon) used a skinned_boar 2-7-2021, 1:38:56 PM
AnhSon(AnhSon) used a skinned_boar 2-7-2021, 1:38:56 PM
AnhSon(AnhSon) used a skinned_boar 2-7-2021, 1:38:56 PM
AnhSon(AnhSon) used a skinned_boar 2-7-2021, 1:38:56 PM
AnhSon(AnhSon) used a skinned_boar 2-7-2021, 1:38:57 PM
AnhSon(AnhSon) used a skinned_boar 2-7-2021, 1:38:57 PM
AnhSon(AnhSon) used a skinned_boar 2-7-2021, 1:38:57 PM
AnhSon(AnhSon) used a skinned_boar 2-7-2021, 1:38:57 PM
AnhSon(AnhSon) used a skinned_boar 2-7-2021, 1:38:57 PM
AnhSon(AnhSon) used a skinned_boar 2-7-2021, 1:38:57 PM
AnhSon(AnhSon) used a skinned_boar 2-7-2021, 1:38:58 PM
AnhSon(AnhSon) used a skinned_boar 2-7-2021, 1:38:58 PM
AnhSon(AnhSon) used a skinned_boar 2-7-2021, 1:38:58 PM
AnhSon(AnhSon) used a skinned_boar 2-7-2021, 1:38:58 PM
AnhSon(AnhSon) used a skinned_boar 2-7-2021, 1:38:58 PM
AnhSon(AnhSon) used a skinned_boar 2-7-2021, 1:38:59 PM
AnhSon(AnhSon) used a skinned_boar 2-7-2021, 1:38:59 PM
AnhSon(AnhSon) used a skinned_boar 2-7-2021, 1:38:59 PM
AnhSon(AnhSon) used a skinned_boar 2-7-2021, 1:38:59 PM
AnhSon(AnhSon) used a skinned_boar 2-7-2021, 1:38:59 PM
AnhSon(AnhSon) used a skinned_boar 2-7-2021, 1:39:00 PM
AnhSon(AnhSon) used a skinned_boar 2-7-2021, 1:39:00 PM
AnhSon(AnhSon) used a skinned_boar 2-7-2021, 1:39:00 PM
AnhSon(AnhSon) used a skinned_boar 2-7-2021, 1:39:00 PM
AnhSon(AnhSon) used a skinned_boar 2-7-2021, 1:39:01 PM
AnhSon(AnhSon) used a skinned_boar 2-7-2021, 1:39:01 PM
AnhSon(AnhSon) used a skinned_boar 2-7-2021, 1:39:01 PM
AnhSon(AnhSon) used a skinned_boar 2-7-2021, 1:39:01 PM
AnhSon(AnhSon) used a skinned_boar 2-7-2021, 1:39:01 PM
AnhSon(AnhSon) used a skinned_boar 2-7-2021, 1:39:01 PM
AnhSon(AnhSon) used a skinned_boar 2-7-2021, 1:39:02 PM
AnhSon(AnhSon) used a skinned_boar 2-7-2021, 1:39:02 PM
AnhSon(AnhSon) used a skinned_boar 2-7-2021, 1:39:02 PM
AnhSon(AnhSon) used a skinned_boar 2-7-2021, 1:39:02 PM
AnhSon(AnhSon) used a skinned_boar 2-7-2021, 1:39:02 PM
AnhSon(AnhSon) used a skinned_boar 2-7-2021, 1:39:02 PM
AnhSon(AnhSon) used a skinned_boar 2-7-2021, 1:39:03 PM
AnhSon(AnhSon) used a skinned_boar 2-7-2021, 1:39:03 PM
AnhSon(AnhSon) used a skinned_boar 2-7-2021, 1:39:03 PM
AnhSon(AnhSon) used a skinned_boar 2-7-2021, 1:39:03 PM
AnhSon(AnhSon) used a skinned_boar 2-7-2021, 1:39:03 PM
AnhSon(AnhSon) used a skinned_boar 2-7-2021, 1:39:04 PM
AnhSon(AnhSon) used a skinned_boar 2-7-2021, 1:39:04 PM
AnhSon(AnhSon) used a skinned_boar 2-7-2021, 1:39:04 PM
AnhSon(AnhSon) used a skinned_boar 2-7-2021, 1:39:04 PM
AnhSon(AnhSon) used a skinned_boar 2-7-2021, 1:39:04 PM
AnhSon(AnhSon) used a skinned_boar 2-7-2021, 1:39:04 PM
AnhSon(AnhSon) used a skinned_boar 2-7-2021, 1:39:05 PM
AnhSon(AnhSon) used a skinned_boar 2-7-2021, 1:39:05 PM
AnhSon(AnhSon) used a skinned_boar 2-7-2021, 1:39:05 PM
AnhSon(AnhSon) used a skinned_boar 2-7-2021, 1:39:05 PM
AnhSon(AnhSon) used a skinned_boar 2-7-2021, 1:39:05 PM
AnhSon(AnhSon) used a skinned_boar 2-7-2021, 1:39:07 PM
AnhSon(AnhSon) used a skinned_boar 2-7-2021, 1:39:07 PM
AnhSon(AnhSon) used a skinned_boar 2-7-2021, 1:39:07 PM
AnhSon(AnhSon) used a skinned_boar 2-7-2021, 1:39:07 PM
AnhSon(AnhSon) used a skinned_boar 2-7-2021, 1:39:07 PM
AnhSon(AnhSon) used a skinned_boar 2-7-2021, 1:39:08 PM
AnhSon(AnhSon) used a skinned_boar 2-7-2021, 1:39:08 PM
AnhSon(AnhSon) used a skinned_boar 2-7-2021, 1:39:08 PM
AnhSon(AnhSon) used a skinned_boar 2-7-2021, 1:39:08 PM
AnhSon(AnhSon) used a skinned_boar 2-7-2021, 1:39:08 PM
AnhSon(AnhSon) used a skinned_boar 2-7-2021, 1:39:09 PM
AnhSon(AnhSon) used a skinned_boar 2-7-2021, 1:39:09 PM
AnhSon(AnhSon) used a skinned_boar 2-7-2021, 1:39:09 PM
AnhSon(AnhSon) used a skinned_boar 2-7-2021, 1:39:09 PM
AnhSon(AnhSon) used a skinned_boar 2-7-2021, 1:39:09 PM
AnhSon(AnhSon) used a skinned_boar 2-7-2021, 1:39:09 PM
AnhSon(AnhSon) used a skinned_boar 2-7-2021, 1:39:09 PM
AnhSon(AnhSon) used a skinned_boar 2-7-2021, 1:39:10 PM
AnhSon(AnhSon) used a skinned_boar 2-7-2021, 1:39:10 PM
AnhSon(AnhSon) used a skinned_boar 2-7-2021, 1:39:10 PM
AnhSon(AnhSon) used a skinned_boar 2-7-2021, 1:39:10 PM
AnhSon(AnhSon) used a skinned_boar 2-7-2021, 1:39:10 PM
AnhSon(AnhSon) used a skinned_boar 2-7-2021, 1:39:10 PM
AnhSon(AnhSon) used a skinned_boar 2-7-2021, 1:39:11 PM
AnhSon(AnhSon) used a skinned_boar 2-7-2021, 1:39:11 PM
AnhSon(AnhSon) used a skinned_boar 2-7-2021, 1:39:11 PM
AnhSon(AnhSon) used a skinned_boar 2-7-2021, 1:39:11 PM
AnhSon(AnhSon) used a skinned_boar 2-7-2021, 1:39:11 PM
AnhSon(AnhSon) used a skinned_boar 2-7-2021, 1:39:11 PM
AnhSon(AnhSon) used a skinned_boar 2-7-2021, 1:39:12 PM
AnhSon(AnhSon) used a skinned_boar 2-7-2021, 1:39:12 PM
AnhSon(AnhSon) used a skinned_boar 2-7-2021, 1:39:12 PM
AnhSon(AnhSon) used a skinned_boar 2-7-2021, 1:39:12 PM
AnhSon(AnhSon) used a skinned_boar 2-7-2021, 1:39:12 PM
AnhSon(AnhSon) used a skinned_boar 2-7-2021, 1:39:12 PM
AnhSon(AnhSon) used a skinned_boar 2-7-2021, 1:39:13 PM
AnhSon(AnhSon) used a skinned_boar 2-7-2021, 1:39:13 PM
AnhSon(AnhSon) used a skinned_boar 2-7-2021, 1:39:13 PM
AnhSon(AnhSon) used a skinned_boar 2-7-2021, 1:39:13 PM
AnhSon(AnhSon) used a pack_of_100_ammo_throwing_knives 2-7-2021, 1:43:19 PM
AnhSon(AnhSon) used a pack_of_100_ammo_throwing_knives 2-7-2021, 1:43:20 PM
AnhSon(AnhSon) used a pack_of_100_ammo_throwing_knives 2-7-2021, 1:43:20 PM
AnhSon(AnhSon) used a pack_of_100_ammo_throwing_knives 2-7-2021, 1:43:20 PM
AnhSon(AnhSon) used a pack_of_100_ammo_throwing_knives 2-7-2021, 1:43:20 PM
AnhSon(AnhSon) used a pack_of_100_ammo_throwing_knives 2-7-2021, 1:43:20 PM
AnhSon(AnhSon) used a pack_of_100_ammo_throwing_knives 2-7-2021, 1:43:20 PM
AnhSon(AnhSon) used a pack_of_100_ammo_throwing_knives 2-7-2021, 1:43:20 PM
AnhSon(AnhSon) used a pack_of_100_ammo_throwing_knives 2-7-2021, 1:43:21 PM
AnhSon(AnhSon) used a pack_of_100_ammo_throwing_knives 2-7-2021, 1:43:21 PM
AnhSon(AnhSon) used a pack_of_100_ammo_throwing_knives 2-7-2021, 1:43:21 PM
AnhSon(AnhSon) used a pack_of_100_ammo_throwing_knives 2-7-2021, 1:43:21 PM
AnhSon(AnhSon) used a pack_of_100_ammo_throwing_knives 2-7-2021, 1:43:22 PM
AnhSon(AnhSon) used a pack_of_100_ammo_throwing_knives 2-7-2021, 1:43:22 PM
AnhSon(AnhSon) used a pack_of_100_ammo_throwing_knives 2-7-2021, 1:43:22 PM
AnhSon(AnhSon) used a pack_of_100_ammo_throwing_knives 2-7-2021, 1:43:22 PM
AnhSon(AnhSon) used a pack_of_100_ammo_throwing_knives 2-7-2021, 1:43:22 PM
AnhSon(AnhSon) used a pack_of_100_ammo_throwing_knives 2-7-2021, 1:43:22 PM
AnhSon(AnhSon) used a pack_of_100_ammo_throwing_knives 2-7-2021, 1:43:22 PM
AnhSon(AnhSon) used a pack_of_100_ammo_throwing_knives 2-7-2021, 1:43:22 PM
AnhSon(AnhSon) used a pack_of_100_ammo_throwing_knives 2-7-2021, 1:43:23 PM
AnhSon(AnhSon) used a pack_of_100_ammo_throwing_knives 2-7-2021, 1:43:23 PM
AnhSon(AnhSon) used a pack_of_100_ammo_throwing_knives 2-7-2021, 1:43:23 PM
AnhSon(AnhSon) used a pack_of_100_ammo_throwing_knives 2-7-2021, 1:43:23 PM
AnhSon(AnhSon) used a pack_of_100_ammo_throwing_knives 2-7-2021, 1:43:23 PM
AnhSon(AnhSon) used a pack_of_100_ammo_throwing_knives 2-7-2021, 1:43:23 PM
AnhSon(AnhSon) used a pack_of_100_ammo_throwing_knives 2-7-2021, 1:43:24 PM
AnhSon(AnhSon) used a pack_of_100_ammo_throwing_knives 2-7-2021, 1:43:24 PM
AnhSon(AnhSon) used a pack_of_100_ammo_throwing_knives 2-7-2021, 1:43:24 PM
AnhSon(AnhSon) used a pack_of_100_ammo_throwing_knives 2-7-2021, 1:43:24 PM
AnhSon(AnhSon) used a pack_of_100_ammo_throwing_knives 2-7-2021, 1:43:24 PM
AnhSon(AnhSon) used a pack_of_100_ammo_throwing_knives 2-7-2021, 1:43:24 PM
AnhSon(AnhSon) used a pack_of_100_ammo_throwing_knives 2-7-2021, 1:43:24 PM
AnhSon(AnhSon) used a pack_of_100_ammo_throwing_knives 2-7-2021, 1:43:25 PM
AnhSon(AnhSon) used a pack_of_100_ammo_throwing_knives 2-7-2021, 1:43:25 PM
AnhSon(AnhSon) used a pack_of_100_ammo_throwing_knives 2-7-2021, 1:43:25 PM
AnhSon(AnhSon) used a pack_of_100_ammo_throwing_knives 2-7-2021, 1:43:25 PM
AnhSon(AnhSon) used a pack_of_100_ammo_throwing_knives 2-7-2021, 1:43:25 PM
AnhSon(AnhSon) used a pack_of_100_ammo_throwing_knives 2-7-2021, 1:43:25 PM
AnhSon(AnhSon) used a pack_of_100_ammo_throwing_knives 2-7-2021, 1:43:25 PM
AnhSon(AnhSon) used a pack_of_100_ammo_throwing_knives 2-7-2021, 1:43:26 PM
AnhSon(AnhSon) used a pack_of_100_ammo_throwing_knives 2-7-2021, 1:43:26 PM
AnhSon(AnhSon) used a pack_of_100_ammo_throwing_knives 2-7-2021, 1:43:26 PM
AnhSon(AnhSon) used a pack_of_100_ammo_throwing_knives 2-7-2021, 1:43:26 PM
AnhSon(AnhSon) used a pack_of_100_ammo_throwing_knives 2-7-2021, 1:43:27 PM
AnhSon(AnhSon) used a pack_of_100_ammo_throwing_knives 2-7-2021, 1:43:27 PM
AnhSon(AnhSon) used a pack_of_100_ammo_throwing_knives 2-7-2021, 1:43:27 PM
AnhSon(AnhSon) used a pack_of_100_ammo_throwing_knives 2-7-2021, 1:43:27 PM
AnhSon(AnhSon) used a pack_of_100_ammo_throwing_knives 2-7-2021, 1:43:27 PM
AnhSon(AnhSon) used a pack_of_100_ammo_throwing_knives 2-7-2021, 1:43:27 PM
AnhSon(AnhSon) used a pack_of_100_ammo_throwing_knives 2-7-2021, 1:43:28 PM
AnhSon(AnhSon) used a pack_of_100_ammo_throwing_knives 2-7-2021, 1:43:28 PM
AnhSon(AnhSon) used a pack_of_100_ammo_throwing_knives 2-7-2021, 1:43:28 PM
AnhSon(AnhSon) used a pack_of_100_ammo_throwing_knives 2-7-2021, 1:43:28 PM
AnhSon(AnhSon) used a pack_of_100_ammo_throwing_knives 2-7-2021, 1:43:28 PM
AnhSon(AnhSon) used a pack_of_100_ammo_throwing_knives 2-7-2021, 1:43:28 PM
AnhSon(AnhSon) used a pack_of_100_ammo_throwing_knives 2-7-2021, 1:43:28 PM
AnhSon(AnhSon) used a pack_of_100_ammo_throwing_knives 2-7-2021, 1:43:29 PM
AnhSon(AnhSon) used a pack_of_100_ammo_throwing_knives 2-7-2021, 1:43:29 PM
AnhSon(AnhSon) used a pack_of_100_ammo_throwing_knives 2-7-2021, 1:43:29 PM
AnhSon(AnhSon) used a pack_of_100_ammo_throwing_knives 2-7-2021, 1:43:29 PM
AnhSon(AnhSon) used a pack_of_100_ammo_throwing_knives 2-7-2021, 1:43:29 PM
AnhSon(AnhSon) used a pack_of_100_ammo_throwing_knives 2-7-2021, 1:43:29 PM
AnhSon(AnhSon) used a pack_of_100_ammo_throwing_knives 2-7-2021, 1:43:30 PM
AnhSon(AnhSon) used a pack_of_100_ammo_throwing_knives 2-7-2021, 1:43:30 PM
AnhSon(AnhSon) used a pack_of_100_ammo_throwing_knives 2-7-2021, 1:43:30 PM
AnhSon(AnhSon) used a pack_of_100_ammo_throwing_knives 2-7-2021, 1:43:30 PM
AnhSon(AnhSon) used a pack_of_100_ammo_throwing_knives 2-7-2021, 1:43:30 PM
AnhSon(AnhSon) used a pack_of_100_ammo_throwing_knives 2-7-2021, 1:43:30 PM
AnhSon(AnhSon) used a pack_of_100_ammo_throwing_knives 2-7-2021, 1:43:31 PM
AnhSon(AnhSon) used a pack_of_100_ammo_throwing_knives 2-7-2021, 1:43:31 PM
AnhSon(AnhSon) used a pack_of_100_ammo_throwing_knives 2-7-2021, 1:43:31 PM
AnhSon(AnhSon) used a pack_of_100_ammo_throwing_knives 2-7-2021, 1:43:31 PM
AnhSon(AnhSon) used a pack_of_100_ammo_throwing_knives 2-7-2021, 1:43:31 PM
AnhSon(AnhSon) used a pack_of_100_ammo_throwing_knives 2-7-2021, 1:43:31 PM
AnhSon(AnhSon) used a pack_of_100_ammo_throwing_knives 2-7-2021, 1:43:32 PM
AnhSon(AnhSon) used a pack_of_100_ammo_throwing_knives 2-7-2021, 1:43:32 PM
AnhSon(AnhSon) used a pack_of_100_ammo_throwing_knives 2-7-2021, 1:43:32 PM
AnhSon(AnhSon) used a pack_of_100_ammo_throwing_knives 2-7-2021, 1:43:32 PM
AnhSon(AnhSon) used a throwing_knives 2-7-2021, 1:43:37 PM
AnhSon(AnhSon) used a throwing_knives 2-7-2021, 1:43:37 PM
AnhSon(AnhSon) used a long_sword 2-7-2021, 1:46:08 PM
AnhSon(AnhSon) used a long_sword 2-7-2021, 1:46:09 PM
AnhSon(AnhSon) used a long_sword 2-7-2021, 1:46:10 PM
AnhSon(AnhSon) used a shield 2-7-2021, 1:48:07 PM
AnhSon(AnhSon) used a shield 2-7-2021, 1:48:07 PM
AnhSon(AnhSon) used a shield 2-7-2021, 1:48:07 PM
AnhSon(AnhSon) used a shield 2-7-2021, 1:48:08 PM
AnhSon(AnhSon) used a shield 2-7-2021, 1:48:08 PM
AnhSon(AnhSon) used a shield 2-7-2021, 1:48:08 PM
AnhSon(AnhSon) used a shield 2-7-2021, 1:48:08 PM
AnhSon(AnhSon) used a shield 2-7-2021, 1:48:09 PM
AnhSon(AnhSon) used a shield 2-7-2021, 1:48:09 PM
AnhSon(AnhSon) used a shield 2-7-2021, 1:48:09 PM
AnhSon(AnhSon) used a shield 2-7-2021, 1:48:09 PM
AnhSon(AnhSon) used a shield 2-7-2021, 1:48:09 PM
AnhSon(AnhSon) used a shield 2-7-2021, 1:48:09 PM
AnhSon(AnhSon) used a shield 2-7-2021, 1:48:10 PM
AnhSon(AnhSon) used a shield 2-7-2021, 1:48:10 PM
AnhSon(AnhSon) used a shield 2-7-2021, 1:48:10 PM
AnhSon(AnhSon) used a shield 2-7-2021, 1:48:10 PM
AnhSon(AnhSon) used a shield 2-7-2021, 1:48:10 PM
AnhSon(AnhSon) used a shield 2-7-2021, 1:48:11 PM
AnhSon(AnhSon) used a shield 2-7-2021, 1:48:11 PM
AnhSon(AnhSon) used a shield 2-7-2021, 1:48:11 PM
AnhSon(AnhSon) used a shield 2-7-2021, 1:48:11 PM
AnhSon(AnhSon) used a shield 2-7-2021, 1:48:11 PM
AnhSon(AnhSon) used a shield 2-7-2021, 1:48:11 PM
AnhSon(AnhSon) used a shield 2-7-2021, 1:48:12 PM
AnhSon(AnhSon) used a shield 2-7-2021, 1:48:12 PM
AnhSon(AnhSon) used a shield 2-7-2021, 1:48:12 PM
AnhSon(AnhSon) used a shield 2-7-2021, 1:48:12 PM
AnhSon(AnhSon) used a shield 2-7-2021, 1:48:12 PM
AnhSon(AnhSon) used a shield 2-7-2021, 1:48:12 PM
AnhSon(AnhSon) used a shield 2-7-2021, 1:48:12 PM
AnhSon(AnhSon) used a shield 2-7-2021, 1:48:13 PM
AnhSon(AnhSon) used a shield 2-7-2021, 1:48:13 PM
AnhSon(AnhSon) used a tk_ultra_health_potion 2-7-2021, 1:48:19 PM
AnhSon(AnhSon) used a tk_ultra_health_potion 2-7-2021, 1:48:19 PM
AnhSon(AnhSon) used a tk_ultra_health_potion 2-7-2021, 1:48:41 PM
AnhSon(AnhSon) used a tk_ultra_health_potion 2-7-2021, 1:48:41 PM
AnhSon(AnhSon) used a tk_ultra_health_potion 2-7-2021, 1:48:44 PM
AnhSon(AnhSon) used a tk_ultra_health_potion 2-7-2021, 1:48:45 PM
AnhSon(AnhSon) used a tk_ultra_health_potion 2-7-2021, 1:48:45 PM
AnhSon(AnhSon) used a tk_ultra_health_potion 2-7-2021, 1:48:46 PM
AnhSon(AnhSon) used a tk_ultra_health_potion 2-7-2021, 1:48:47 PM
AnhSon(AnhSon) used a tk_ultra_health_potion 2-7-2021, 1:48:51 PM
AnhSon(AnhSon) used a tk_ultra_health_potion 2-7-2021, 1:48:51 PM
AnhSon(AnhSon) used a tk_ultra_health_potion 2-7-2021, 1:48:52 PM
AnhSon(AnhSon) used a long_sword 2-7-2021, 1:49:27 PM
AnhSon(AnhSon) used a long_sword 2-7-2021, 1:49:27 PM
AnhSon(AnhSon) used a long_sword 2-7-2021, 1:49:28 PM
AnhSon(AnhSon) used a long_sword 2-7-2021, 1:49:28 PM
AnhSon(AnhSon) used a health_drink 2-7-2021, 1:51:55 PM
AnhSon(AnhSon) used a health_drink 2-7-2021, 1:51:55 PM
AnhSon(AnhSon) used a health_drink 2-7-2021, 1:51:55 PM
AnhSon(AnhSon) used a health_drink 2-7-2021, 1:51:55 PM
AnhSon(AnhSon) used a health_drink 2-7-2021, 1:51:56 PM
AnhSon(AnhSon) used a long_sword 2-7-2021, 1:52:06 PM
AnhSon(AnhSon) used a long_sword 2-7-2021, 1:52:06 PM
AnhSon(AnhSon) used a long_sword 2-7-2021, 1:52:07 PM
AnhSon(AnhSon) used a shield 2-7-2021, 1:53:24 PM
AnhSon(AnhSon) used a shield 2-7-2021, 1:53:24 PM
AnhSon(AnhSon) used a shield 2-7-2021, 1:53:25 PM
AnhSon(AnhSon) used a shield 2-7-2021, 1:53:25 PM
AnhSon(AnhSon) used a shield 2-7-2021, 1:53:25 PM
AnhSon(AnhSon) used a shield 2-7-2021, 1:53:25 PM
AnhSon(AnhSon) used a shield 2-7-2021, 1:53:25 PM
AnhSon(AnhSon) used a shield 2-7-2021, 1:53:25 PM
AnhSon(AnhSon) used a shield 2-7-2021, 1:53:26 PM
AnhSon(AnhSon) used a shield 2-7-2021, 1:53:26 PM
AnhSon(AnhSon) used a shield 2-7-2021, 1:53:26 PM
AnhSon(AnhSon) used a shield 2-7-2021, 1:53:26 PM
AnhSon(AnhSon) used a shield 2-7-2021, 1:53:27 PM
AnhSon(AnhSon) used a shield 2-7-2021, 1:53:27 PM
AnhSon(AnhSon) used a shield 2-7-2021, 1:53:27 PM
AnhSon(AnhSon) used a shield 2-7-2021, 1:53:27 PM
AnhSon(AnhSon) used a shield 2-7-2021, 1:53:27 PM
AnhSon(AnhSon) used a shield 2-7-2021, 1:53:27 PM
AnhSon(AnhSon) used a shield 2-7-2021, 1:53:28 PM
AnhSon(AnhSon) used a shield 2-7-2021, 1:53:28 PM
AnhSon(AnhSon) used a shield 2-7-2021, 1:53:28 PM
AnhSon(AnhSon) used a shield 2-7-2021, 1:53:28 PM
AnhSon(AnhSon) used a shield 2-7-2021, 1:53:29 PM
AnhSon(AnhSon) used a shield 2-7-2021, 1:53:29 PM
AnhSon(AnhSon) used a shield 2-7-2021, 1:53:30 PM
AnhSon(AnhSon) used a shield 2-7-2021, 1:53:30 PM
AnhSon(AnhSon) used a shield 2-7-2021, 1:53:30 PM
AnhSon(AnhSon) used a shield 2-7-2021, 1:53:30 PM
AnhSon(AnhSon) used a shield 2-7-2021, 1:53:30 PM
AnhSon(AnhSon) used a shield 2-7-2021, 1:53:30 PM
AnhSon(AnhSon) used a shield 2-7-2021, 1:53:31 PM
AnhSon(AnhSon) used a shield 2-7-2021, 1:53:31 PM
AnhSon(AnhSon) used a tk_ultra_health_potion 2-7-2021, 1:53:37 PM
AnhSon(AnhSon) used a tk_ultra_health_potion 2-7-2021, 1:53:37 PM
AnhSon(AnhSon) used a tk_ultra_health_potion 2-7-2021, 1:53:37 PM
AnhSon(AnhSon) used a tk_ultra_health_potion 2-7-2021, 1:56:23 PM
AnhSon(AnhSon) used a tk_ultra_health_potion 2-7-2021, 1:56:23 PM
AnhSon(AnhSon) used a tk_ultra_health_potion 2-7-2021, 1:56:23 PM
AnhSon(AnhSon) used a frequency_scrambler 2-7-2021, 1:58:57 PM
AnhSon(AnhSon) used a empty_beer_bottle 2-7-2021, 1:59:20 PM
AnhSon(AnhSon) used a empty_beer_bottle 2-7-2021, 1:59:20 PM
AnhSon(AnhSon) used a empty_beer_bottle 2-7-2021, 1:59:20 PM
AnhSon(AnhSon) used a empty_beer_bottle 2-7-2021, 1:59:20 PM
AnhSon(AnhSon) used a empty_beer_bottle 2-7-2021, 1:59:20 PM
AnhSon(AnhSon) used a empty_beer_bottle 2-7-2021, 1:59:21 PM
AnhSon(AnhSon) used a empty_beer_bottle 2-7-2021, 1:59:21 PM
AnhSon(AnhSon) used a empty_beer_bottle 2-7-2021, 1:59:21 PM
AnhSon(AnhSon) used a empty_beer_bottle 2-7-2021, 1:59:21 PM
AnhSon(AnhSon) used a empty_beer_bottle 2-7-2021, 1:59:21 PM
AnhSon(AnhSon) used a empty_beer_bottle 2-7-2021, 1:59:21 PM
AnhSon(AnhSon) used a empty_beer_bottle 2-7-2021, 1:59:21 PM
AnhSon(AnhSon) used a empty_beer_bottle 2-7-2021, 1:59:22 PM
AnhSon(AnhSon) used a empty_beer_bottle 2-7-2021, 1:59:22 PM
AnhSon(AnhSon) used a empty_beer_bottle 2-7-2021, 1:59:22 PM
AnhSon(AnhSon) used a empty_beer_bottle 2-7-2021, 1:59:22 PM
AnhSon(AnhSon) used a empty_beer_bottle 2-7-2021, 1:59:22 PM
AnhSon(AnhSon) used a empty_beer_bottle 2-7-2021, 1:59:22 PM
AnhSon(AnhSon) used a empty_beer_bottle 2-7-2021, 1:59:22 PM
AnhSon(AnhSon) used a empty_beer_bottle 2-7-2021, 1:59:23 PM
AnhSon(AnhSon) used a empty_beer_bottle 2-7-2021, 1:59:23 PM
AnhSon(AnhSon) used a empty_beer_bottle 2-7-2021, 1:59:23 PM
AnhSon(AnhSon) used a empty_beer_bottle 2-7-2021, 1:59:23 PM
AnhSon(AnhSon) used a empty_beer_bottle 2-7-2021, 1:59:23 PM
AnhSon(AnhSon) used a empty_beer_bottle 2-7-2021, 1:59:23 PM
AnhSon(AnhSon) used a empty_beer_bottle 2-7-2021, 1:59:24 PM
AnhSon(AnhSon) used a empty_beer_bottle 2-7-2021, 1:59:24 PM
AnhSon(AnhSon) used a empty_beer_bottle 2-7-2021, 1:59:37 PM
AnhSon(AnhSon) used a empty_beer_bottle 2-7-2021, 1:59:37 PM
AnhSon(AnhSon) used a empty_beer_bottle 2-7-2021, 1:59:37 PM
AnhSon(AnhSon) used a empty_beer_bottle 2-7-2021, 1:59:37 PM
AnhSon(AnhSon) used a empty_beer_bottle 2-7-2021, 1:59:37 PM
AnhSon(AnhSon) used a empty_beer_bottle 2-7-2021, 1:59:37 PM
AnhSon(AnhSon) used a empty_beer_bottle 2-7-2021, 1:59:37 PM
AnhSon(AnhSon) used a empty_beer_bottle 2-7-2021, 1:59:37 PM
AnhSon(AnhSon) used a empty_beer_bottle 2-7-2021, 1:59:38 PM
AnhSon(AnhSon) used a empty_beer_bottle 2-7-2021, 1:59:38 PM
AnhSon(AnhSon) used a empty_beer_bottle 2-7-2021, 1:59:38 PM
AnhSon(AnhSon) used a pack_of_20_missile_interceptor 2-7-2021, 2:05:06 PM
AnhSon(AnhSon) used a shield 2-7-2021, 2:06:10 PM
AnhSon(AnhSon) used a shield 2-7-2021, 2:06:10 PM
AnhSon(AnhSon) used a shield 2-7-2021, 2:06:10 PM
AnhSon(AnhSon) used a shield 2-7-2021, 2:06:11 PM
AnhSon(AnhSon) used a shield 2-7-2021, 2:06:11 PM
AnhSon(AnhSon) used a shield 2-7-2021, 2:06:11 PM
AnhSon(AnhSon) used a shield 2-7-2021, 2:06:11 PM
AnhSon(AnhSon) used a shield 2-7-2021, 2:06:11 PM
AnhSon(AnhSon) used a shield 2-7-2021, 2:06:12 PM
AnhSon(AnhSon) used a shield 2-7-2021, 2:06:12 PM
AnhSon(AnhSon) used a shield 2-7-2021, 2:06:12 PM
AnhSon(AnhSon) used a shield 2-7-2021, 2:06:12 PM
AnhSon(AnhSon) used a shield 2-7-2021, 2:06:12 PM
AnhSon(AnhSon) used a shield 2-7-2021, 2:06:13 PM
AnhSon(AnhSon) used a shield 2-7-2021, 2:06:13 PM
AnhSon(AnhSon) used a shield 2-7-2021, 2:06:13 PM
AnhSon(AnhSon) used a shield 2-7-2021, 2:06:13 PM
AnhSon(AnhSon) used a shield 2-7-2021, 2:06:13 PM
AnhSon(AnhSon) used a shield 2-7-2021, 2:06:14 PM
AnhSon(AnhSon) used a shield 2-7-2021, 2:06:14 PM
AnhSon(AnhSon) used a shield 2-7-2021, 2:06:14 PM
AnhSon(AnhSon) used a shield 2-7-2021, 2:06:14 PM
AnhSon(AnhSon) used a shield 2-7-2021, 2:06:14 PM
AnhSon(AnhSon) used a shield 2-7-2021, 2:06:15 PM
AnhSon(AnhSon) used a shield 2-7-2021, 2:06:15 PM
AnhSon(AnhSon) used a shield 2-7-2021, 2:06:15 PM
AnhSon(AnhSon) used a shield 2-7-2021, 2:06:15 PM
AnhSon(AnhSon) used a shield 2-7-2021, 2:06:15 PM
AnhSon(AnhSon) used a shield 2-7-2021, 2:06:15 PM
AnhSon(AnhSon) used a shield 2-7-2021, 2:06:16 PM
AnhSon(AnhSon) used a shield 2-7-2021, 2:06:16 PM
AnhSon(AnhSon) used a shield 2-7-2021, 2:06:16 PM
AnhSon(AnhSon) used a tk_ultra_health_potion 2-7-2021, 2:06:22 PM
AnhSon(AnhSon) used a tk_ultra_health_potion 2-7-2021, 2:06:22 PM
AnhSon(AnhSon) used a tk_ultra_health_potion 2-7-2021, 2:06:23 PM
AnhSon(AnhSon) used a tk_ultra_health_potion 2-7-2021, 2:06:54 PM
AnhSon(AnhSon) used a tk_ultra_health_potion 2-7-2021, 2:06:55 PM
AnhSon(AnhSon) used a tk_ultra_health_potion 2-7-2021, 2:06:55 PM
AnhSon(AnhSon) used a empty_beer_bottle 2-7-2021, 2:14:19 PM
AnhSon(AnhSon) used a empty_beer_bottle 2-7-2021, 2:22:31 PM
AnhSon(AnhSon) used a empty_beer_bottle 2-7-2021, 2:22:31 PM
AnhSon(AnhSon) used a tk_ultra_health_potion 2-7-2021, 3:36:46 PM
AnhSon(AnhSon) used a tk_ultra_health_potion 2-7-2021, 4:01:19 PM
AnhSon(AnhSon) used a tk_ultra_health_potion 2-7-2021, 4:01:19 PM
AnhSon(AnhSon) used a tk_ultra_health_potion 2-7-2021, 4:01:19 PM
AnhSon(AnhSon) used a tk_ultra_health_potion 2-7-2021, 4:01:35 PM
AnhSon(AnhSon) used a tk_ultra_health_potion 2-7-2021, 4:01:35 PM
AnhSon(AnhSon) used a tk_ultra_health_potion 2-7-2021, 4:01:35 PM
AnhSon(AnhSon) used a tk_ultra_health_potion 2-7-2021, 4:02:07 PM
AnhSon(AnhSon) used a tk_ultra_health_potion 2-7-2021, 4:02:07 PM
AnhSon(AnhSon) used a empty_beer_bottle 2-7-2021, 4:17:48 PM
AnhSon(AnhSon) used a empty_beer_bottle 2-7-2021, 4:17:48 PM