
MonkeyDLuffy(MonkeyDLuffy) used a long_sword 2-7-2021, 3:32:07 AM
MonkeyDLuffy(MonkeyDLuffy) used a throwing_knives 2-7-2021, 3:32:10 AM
MonkeyDLuffy(MonkeyDLuffy) used a shotgun 2-7-2021, 3:37:57 AM
MonkeyDLuffy(MonkeyDLuffy) used a shotgun_ammo_pack 2-7-2021, 3:38:39 AM
MonkeyDLuffy(MonkeyDLuffy) used a shotgun_ammo_pack 2-7-2021, 3:38:39 AM
MonkeyDLuffy(MonkeyDLuffy) used a shotgun_ammo_pack 2-7-2021, 3:38:39 AM
MonkeyDLuffy(MonkeyDLuffy) used a shotgun_ammo_pack 2-7-2021, 3:38:40 AM
MonkeyDLuffy(MonkeyDLuffy) used a shotgun_ammo_pack 2-7-2021, 3:38:40 AM
MonkeyDLuffy(MonkeyDLuffy) used a shotgun_ammo_pack 2-7-2021, 3:38:40 AM
MonkeyDLuffy(MonkeyDLuffy) used a shotgun_ammo_pack 2-7-2021, 3:38:40 AM
MonkeyDLuffy(MonkeyDLuffy) used a shotgun_ammo_pack 2-7-2021, 3:38:40 AM
MonkeyDLuffy(MonkeyDLuffy) used a shotgun_ammo_pack 2-7-2021, 3:38:40 AM
MonkeyDLuffy(MonkeyDLuffy) used a shotgun_ammo_pack 2-7-2021, 3:38:40 AM
MonkeyDLuffy(MonkeyDLuffy) used a antibiotic 2-7-2021, 3:39:04 AM
MonkeyDLuffy(MonkeyDLuffy) used a antibiotic 2-7-2021, 3:39:05 AM
MonkeyDLuffy(MonkeyDLuffy) used a antibiotic 2-7-2021, 3:39:14 AM
MonkeyDLuffy(MonkeyDLuffy) used a antibiotic 2-7-2021, 3:39:15 AM
MonkeyDLuffy(MonkeyDLuffy) used a antibiotic 2-7-2021, 3:39:16 AM
MonkeyDLuffy(MonkeyDLuffy) used a antibiotic 2-7-2021, 3:39:27 AM
MonkeyDLuffy(MonkeyDLuffy) used a antibiotic 2-7-2021, 3:39:27 AM
MonkeyDLuffy(MonkeyDLuffy) used a antibiotic 2-7-2021, 3:39:53 AM
MonkeyDLuffy(MonkeyDLuffy) used a antibiotic 2-7-2021, 3:39:53 AM
MonkeyDLuffy(MonkeyDLuffy) used a antibiotic 2-7-2021, 3:40:04 AM
MonkeyDLuffy(MonkeyDLuffy) used a antibiotic 2-7-2021, 3:40:10 AM
MonkeyDLuffy(MonkeyDLuffy) used a antibiotic 2-7-2021, 3:40:11 AM
MonkeyDLuffy(MonkeyDLuffy) used a antibiotic 2-7-2021, 3:40:11 AM
MonkeyDLuffy(MonkeyDLuffy) used a antibiotic 2-7-2021, 3:40:13 AM
MonkeyDLuffy(MonkeyDLuffy) used a antibiotic 2-7-2021, 3:40:13 AM
MonkeyDLuffy(MonkeyDLuffy) used a antibiotic 2-7-2021, 3:40:13 AM
MonkeyDLuffy(MonkeyDLuffy) used a antibiotic 2-7-2021, 3:40:14 AM
MonkeyDLuffy(MonkeyDLuffy) used a antibiotic 2-7-2021, 3:41:09 AM
MonkeyDLuffy(MonkeyDLuffy) used a antibiotic 2-7-2021, 3:41:09 AM
MonkeyDLuffy(MonkeyDLuffy) used a antibiotic 2-7-2021, 3:41:26 AM
MonkeyDLuffy(MonkeyDLuffy) used a antibiotic 2-7-2021, 3:41:28 AM
MonkeyDLuffy(MonkeyDLuffy) used a antibiotic 2-7-2021, 3:41:28 AM
MonkeyDLuffy(MonkeyDLuffy) used a antibiotic 2-7-2021, 3:41:31 AM
MonkeyDLuffy(MonkeyDLuffy) used a antibiotic 2-7-2021, 3:41:31 AM
MonkeyDLuffy(MonkeyDLuffy) used a antibiotic 2-7-2021, 3:41:49 AM
MonkeyDLuffy(MonkeyDLuffy) used a antibiotic 2-7-2021, 3:41:52 AM
MonkeyDLuffy(MonkeyDLuffy) used a antibiotic 2-7-2021, 3:41:52 AM
MonkeyDLuffy(MonkeyDLuffy) used a antibiotic 2-7-2021, 3:41:53 AM
MonkeyDLuffy(MonkeyDLuffy) used a dead_rabbit 2-7-2021, 3:42:15 AM
MonkeyDLuffy(MonkeyDLuffy) used a antibiotic 2-7-2021, 3:42:21 AM
MonkeyDLuffy(MonkeyDLuffy) used a antibiotic 2-7-2021, 3:42:21 AM
MonkeyDLuffy(MonkeyDLuffy) used a antibiotic 2-7-2021, 3:42:22 AM
MonkeyDLuffy(MonkeyDLuffy) used a antibiotic 2-7-2021, 3:42:24 AM
MonkeyDLuffy(MonkeyDLuffy) used a antibiotic 2-7-2021, 3:42:25 AM
MonkeyDLuffy(MonkeyDLuffy) used a antibiotic 2-7-2021, 3:42:26 AM
MonkeyDLuffy(MonkeyDLuffy) used a antibiotic 2-7-2021, 3:42:42 AM
MonkeyDLuffy(MonkeyDLuffy) used a antibiotic 2-7-2021, 3:42:42 AM
MonkeyDLuffy(MonkeyDLuffy) used a antibiotic 2-7-2021, 3:42:42 AM
MonkeyDLuffy(MonkeyDLuffy) used a antibiotic 2-7-2021, 3:43:04 AM
MonkeyDLuffy(MonkeyDLuffy) used a antibiotic 2-7-2021, 3:43:28 AM
MonkeyDLuffy(MonkeyDLuffy) used a antibiotic 2-7-2021, 3:43:29 AM
MonkeyDLuffy(MonkeyDLuffy) used a antibiotic 2-7-2021, 3:43:40 AM
MonkeyDLuffy(MonkeyDLuffy) used a antibiotic 2-7-2021, 3:43:46 AM
MonkeyDLuffy(MonkeyDLuffy) used a antibiotic 2-7-2021, 3:43:47 AM
MonkeyDLuffy(MonkeyDLuffy) used a antibiotic 2-7-2021, 3:43:50 AM
MonkeyDLuffy(MonkeyDLuffy) used a antibiotic 2-7-2021, 3:43:51 AM
MonkeyDLuffy(MonkeyDLuffy) used a antibiotic 2-7-2021, 3:44:48 AM
MonkeyDLuffy(MonkeyDLuffy) used a antibiotic 2-7-2021, 3:44:49 AM
MonkeyDLuffy(MonkeyDLuffy) used a antibiotic 2-7-2021, 3:47:06 AM
MonkeyDLuffy(MonkeyDLuffy) used a antibiotic 2-7-2021, 3:47:07 AM
MonkeyDLuffy(MonkeyDLuffy) used a antibiotic 2-7-2021, 3:47:07 AM
MonkeyDLuffy(MonkeyDLuffy) used a antibiotic 2-7-2021, 3:48:27 AM
MonkeyDLuffy(MonkeyDLuffy) used a antibiotic 2-7-2021, 3:48:28 AM
MonkeyDLuffy(MonkeyDLuffy) used a antibiotic_canister 2-7-2021, 3:54:37 AM
MonkeyDLuffy(MonkeyDLuffy) used a tk_ultra_health_potion 2-7-2021, 3:58:10 AM
MonkeyDLuffy(MonkeyDLuffy) used a tk_ultra_health_potion 2-7-2021, 3:58:29 AM
MonkeyDLuffy(MonkeyDLuffy) used a tk_ultra_health_potion 2-7-2021, 3:58:31 AM
MonkeyDLuffy(MonkeyDLuffy) used a tk_ultra_health_potion 2-7-2021, 3:58:32 AM
MonkeyDLuffy(MonkeyDLuffy) used a shield 2-7-2021, 3:58:53 AM
MonkeyDLuffy(MonkeyDLuffy) used a shield 2-7-2021, 3:58:55 AM
MonkeyDLuffy(MonkeyDLuffy) used a shield 2-7-2021, 3:58:55 AM
MonkeyDLuffy(MonkeyDLuffy) used a shield 2-7-2021, 3:58:56 AM
MonkeyDLuffy(MonkeyDLuffy) used a shield 2-7-2021, 3:58:56 AM
MonkeyDLuffy(MonkeyDLuffy) used a shield 2-7-2021, 3:58:56 AM
MonkeyDLuffy(MonkeyDLuffy) used a shield 2-7-2021, 3:58:57 AM
MonkeyDLuffy(MonkeyDLuffy) used a shield 2-7-2021, 3:58:57 AM
MonkeyDLuffy(MonkeyDLuffy) used a shield 2-7-2021, 3:58:57 AM
MonkeyDLuffy(MonkeyDLuffy) used a shield 2-7-2021, 3:58:57 AM
MonkeyDLuffy(MonkeyDLuffy) used a shield 2-7-2021, 3:58:57 AM
MonkeyDLuffy(MonkeyDLuffy) used a shield 2-7-2021, 3:58:58 AM
MonkeyDLuffy(MonkeyDLuffy) used a shield 2-7-2021, 3:58:58 AM
MonkeyDLuffy(MonkeyDLuffy) used a shield 2-7-2021, 3:58:58 AM
MonkeyDLuffy(MonkeyDLuffy) used a shield 2-7-2021, 3:58:58 AM
MonkeyDLuffy(MonkeyDLuffy) used a shield 2-7-2021, 3:58:58 AM
MonkeyDLuffy(MonkeyDLuffy) used a shield 2-7-2021, 3:58:58 AM
MonkeyDLuffy(MonkeyDLuffy) used a shield 2-7-2021, 3:58:59 AM
MonkeyDLuffy(MonkeyDLuffy) used a shield 2-7-2021, 3:58:59 AM
MonkeyDLuffy(MonkeyDLuffy) used a shield 2-7-2021, 3:58:59 AM
MonkeyDLuffy(MonkeyDLuffy) used a shield 2-7-2021, 3:59:21 AM
MonkeyDLuffy(MonkeyDLuffy) used a shield 2-7-2021, 3:59:21 AM
MonkeyDLuffy(MonkeyDLuffy) used a shield 2-7-2021, 3:59:21 AM
MonkeyDLuffy(MonkeyDLuffy) used a shield 2-7-2021, 3:59:21 AM
MonkeyDLuffy(MonkeyDLuffy) used a shield 2-7-2021, 3:59:21 AM
MonkeyDLuffy(MonkeyDLuffy) used a shield 2-7-2021, 3:59:22 AM
MonkeyDLuffy(MonkeyDLuffy) used a shield 2-7-2021, 3:59:22 AM
MonkeyDLuffy(MonkeyDLuffy) used a shield 2-7-2021, 3:59:22 AM
MonkeyDLuffy(MonkeyDLuffy) used a shield 2-7-2021, 3:59:23 AM
MonkeyDLuffy(MonkeyDLuffy) used a shield 2-7-2021, 3:59:23 AM
MonkeyDLuffy(MonkeyDLuffy) used a shield 2-7-2021, 3:59:23 AM
MonkeyDLuffy(MonkeyDLuffy) used a shield 2-7-2021, 3:59:24 AM
MonkeyDLuffy(MonkeyDLuffy) used a shield 2-7-2021, 3:59:24 AM
MonkeyDLuffy(MonkeyDLuffy) used a shield 2-7-2021, 3:59:25 AM
MonkeyDLuffy(MonkeyDLuffy) used a shield 2-7-2021, 3:59:26 AM
MonkeyDLuffy(MonkeyDLuffy) used a tk_ultra_health_potion 2-7-2021, 4:00:55 AM
MonkeyDLuffy(MonkeyDLuffy) used a dead_boar 2-7-2021, 4:04:28 AM
MonkeyDLuffy(MonkeyDLuffy) used a dead_boar 2-7-2021, 4:04:29 AM
MonkeyDLuffy(MonkeyDLuffy) used a dead_boar 2-7-2021, 4:04:29 AM
MonkeyDLuffy(MonkeyDLuffy) used a dead_boar 2-7-2021, 4:04:29 AM
MonkeyDLuffy(MonkeyDLuffy) used a dead_boar 2-7-2021, 4:04:29 AM
MonkeyDLuffy(MonkeyDLuffy) used a dead_boar 2-7-2021, 4:04:30 AM
MonkeyDLuffy(MonkeyDLuffy) used a dead_boar 2-7-2021, 4:04:30 AM
MonkeyDLuffy(MonkeyDLuffy) used a dead_boar 2-7-2021, 4:04:30 AM
MonkeyDLuffy(MonkeyDLuffy) used a dead_boar 2-7-2021, 4:04:30 AM
MonkeyDLuffy(MonkeyDLuffy) used a dead_boar 2-7-2021, 4:04:30 AM
MonkeyDLuffy(MonkeyDLuffy) used a dead_boar 2-7-2021, 4:04:31 AM
MonkeyDLuffy(MonkeyDLuffy) used a dead_boar 2-7-2021, 4:04:31 AM
MonkeyDLuffy(MonkeyDLuffy) used a dead_boar 2-7-2021, 4:04:31 AM
MonkeyDLuffy(MonkeyDLuffy) used a dead_boar 2-7-2021, 4:04:33 AM
MonkeyDLuffy(MonkeyDLuffy) used a dead_boar 2-7-2021, 4:04:33 AM
MonkeyDLuffy(MonkeyDLuffy) used a dead_boar 2-7-2021, 4:04:33 AM
MonkeyDLuffy(MonkeyDLuffy) used a dead_boar 2-7-2021, 4:04:34 AM
MonkeyDLuffy(MonkeyDLuffy) used a dead_boar 2-7-2021, 4:04:34 AM
MonkeyDLuffy(MonkeyDLuffy) used a dead_boar 2-7-2021, 4:04:34 AM
MonkeyDLuffy(MonkeyDLuffy) used a dead_boar 2-7-2021, 4:04:34 AM
MonkeyDLuffy(MonkeyDLuffy) used a dead_boar 2-7-2021, 4:04:34 AM
MonkeyDLuffy(MonkeyDLuffy) used a dead_boar 2-7-2021, 4:04:35 AM
MonkeyDLuffy(MonkeyDLuffy) used a dead_boar 2-7-2021, 4:04:35 AM
MonkeyDLuffy(MonkeyDLuffy) used a dead_boar 2-7-2021, 4:04:35 AM
MonkeyDLuffy(MonkeyDLuffy) used a dead_boar 2-7-2021, 4:04:35 AM
MonkeyDLuffy(MonkeyDLuffy) used a dead_boar 2-7-2021, 4:04:35 AM
MonkeyDLuffy(MonkeyDLuffy) used a dead_boar 2-7-2021, 4:04:36 AM
MonkeyDLuffy(MonkeyDLuffy) used a dead_boar 2-7-2021, 4:04:36 AM
MonkeyDLuffy(MonkeyDLuffy) used a dead_boar 2-7-2021, 4:04:36 AM
MonkeyDLuffy(MonkeyDLuffy) used a dead_boar 2-7-2021, 4:04:36 AM
MonkeyDLuffy(MonkeyDLuffy) used a dead_boar 2-7-2021, 4:04:36 AM
MonkeyDLuffy(MonkeyDLuffy) used a dead_boar 2-7-2021, 4:04:37 AM
MonkeyDLuffy(MonkeyDLuffy) used a dead_boar 2-7-2021, 4:04:37 AM
MonkeyDLuffy(MonkeyDLuffy) used a dead_boar 2-7-2021, 4:04:37 AM
MonkeyDLuffy(MonkeyDLuffy) used a dead_boar 2-7-2021, 4:04:37 AM
MonkeyDLuffy(MonkeyDLuffy) used a dead_boar 2-7-2021, 4:04:37 AM
MonkeyDLuffy(MonkeyDLuffy) used a shield 2-7-2021, 4:07:42 AM
MonkeyDLuffy(MonkeyDLuffy) used a shield 2-7-2021, 4:07:42 AM
MonkeyDLuffy(MonkeyDLuffy) used a shield 2-7-2021, 4:07:42 AM
MonkeyDLuffy(MonkeyDLuffy) used a shield 2-7-2021, 4:07:43 AM
MonkeyDLuffy(MonkeyDLuffy) used a shield 2-7-2021, 4:09:56 AM
MonkeyDLuffy(MonkeyDLuffy) used a shield 2-7-2021, 4:09:56 AM
MonkeyDLuffy(MonkeyDLuffy) used a shield 2-7-2021, 4:09:56 AM
MonkeyDLuffy(MonkeyDLuffy) used a shield 2-7-2021, 4:09:56 AM
MonkeyDLuffy(MonkeyDLuffy) used a shield 2-7-2021, 4:09:56 AM
MonkeyDLuffy(MonkeyDLuffy) used a shield 2-7-2021, 4:09:57 AM
MonkeyDLuffy(MonkeyDLuffy) used a shield 2-7-2021, 4:09:57 AM
MonkeyDLuffy(MonkeyDLuffy) used a shield 2-7-2021, 4:09:57 AM
MonkeyDLuffy(MonkeyDLuffy) used a shield 2-7-2021, 4:09:58 AM
MonkeyDLuffy(MonkeyDLuffy) used a shield 2-7-2021, 4:09:58 AM
MonkeyDLuffy(MonkeyDLuffy) used a shield 2-7-2021, 4:09:58 AM
MonkeyDLuffy(MonkeyDLuffy) used a shield 2-7-2021, 4:09:59 AM
MonkeyDLuffy(MonkeyDLuffy) used a shield 2-7-2021, 4:09:59 AM
MonkeyDLuffy(MonkeyDLuffy) used a gp30 2-7-2021, 4:40:23 AM
MonkeyDLuffy(MonkeyDLuffy) used a open_beer_bottle 2-7-2021, 4:43:01 AM
MonkeyDLuffy(MonkeyDLuffy) used a open_beer_bottle 2-7-2021, 4:43:02 AM
MonkeyDLuffy(MonkeyDLuffy) used a open_beer_bottle 2-7-2021, 4:43:03 AM
MonkeyDLuffy(MonkeyDLuffy) used a open_beer_bottle 2-7-2021, 4:44:09 AM
MonkeyDLuffy(MonkeyDLuffy) used a open_beer_bottle 2-7-2021, 4:44:10 AM
MonkeyDLuffy(MonkeyDLuffy) used a open_beer_bottle 2-7-2021, 4:44:12 AM
MonkeyDLuffy(MonkeyDLuffy) used a open_beer_bottle 2-7-2021, 4:44:12 AM
MonkeyDLuffy(MonkeyDLuffy) used a open_beer_bottle 2-7-2021, 4:44:13 AM
MonkeyDLuffy(MonkeyDLuffy) used a open_beer_bottle 2-7-2021, 4:44:14 AM
MonkeyDLuffy(MonkeyDLuffy) used a open_beer_bottle 2-7-2021, 4:44:14 AM
MonkeyDLuffy(MonkeyDLuffy) used a open_beer_bottle 2-7-2021, 4:44:15 AM
MonkeyDLuffy(MonkeyDLuffy) used a open_beer_bottle 2-7-2021, 4:44:16 AM
MonkeyDLuffy(MonkeyDLuffy) used a shield 2-7-2021, 4:58:00 AM
MonkeyDLuffy(MonkeyDLuffy) used a shield 2-7-2021, 4:58:00 AM
MonkeyDLuffy(MonkeyDLuffy) used a shield 2-7-2021, 4:58:01 AM
MonkeyDLuffy(MonkeyDLuffy) used a shield 2-7-2021, 4:58:01 AM
MonkeyDLuffy(MonkeyDLuffy) used a shield 2-7-2021, 4:58:01 AM
MonkeyDLuffy(MonkeyDLuffy) used a shield 2-7-2021, 4:58:01 AM
MonkeyDLuffy(MonkeyDLuffy) used a shield 2-7-2021, 4:58:01 AM
MonkeyDLuffy(MonkeyDLuffy) used a shield 2-7-2021, 4:58:02 AM
MonkeyDLuffy(MonkeyDLuffy) used a shield 2-7-2021, 4:58:02 AM
MonkeyDLuffy(MonkeyDLuffy) used a shield 2-7-2021, 4:58:02 AM
MonkeyDLuffy(MonkeyDLuffy) used a shield 2-7-2021, 4:58:02 AM
MonkeyDLuffy(MonkeyDLuffy) used a shield 2-7-2021, 4:58:03 AM
MonkeyDLuffy(MonkeyDLuffy) used a shield 2-7-2021, 4:58:03 AM
MonkeyDLuffy(MonkeyDLuffy) used a shield 2-7-2021, 4:58:03 AM
MonkeyDLuffy(MonkeyDLuffy) used a shield 2-7-2021, 4:58:03 AM
MonkeyDLuffy(MonkeyDLuffy) used a shield 2-7-2021, 4:58:04 AM
MonkeyDLuffy(MonkeyDLuffy) used a shield 2-7-2021, 4:58:04 AM
MonkeyDLuffy(MonkeyDLuffy) used a shield 2-7-2021, 4:58:04 AM
MonkeyDLuffy(MonkeyDLuffy) used a shield 2-7-2021, 4:58:04 AM
MonkeyDLuffy(MonkeyDLuffy) used a shield 2-7-2021, 4:58:04 AM
MonkeyDLuffy(MonkeyDLuffy) used a shield 2-7-2021, 4:58:05 AM
MonkeyDLuffy(MonkeyDLuffy) used a shield 2-7-2021, 4:58:05 AM
MonkeyDLuffy(MonkeyDLuffy) used a shield 2-7-2021, 4:58:05 AM
MonkeyDLuffy(MonkeyDLuffy) used a shield 2-7-2021, 4:58:05 AM
MonkeyDLuffy(MonkeyDLuffy) used a shield 2-7-2021, 4:58:06 AM
MonkeyDLuffy(MonkeyDLuffy) used a shield 2-7-2021, 4:58:06 AM
MonkeyDLuffy(MonkeyDLuffy) used a shield 2-7-2021, 4:58:06 AM
MonkeyDLuffy(MonkeyDLuffy) used a shield 2-7-2021, 4:58:07 AM
MonkeyDLuffy(MonkeyDLuffy) used a fnminimilight 2-7-2021, 4:59:01 AM
MonkeyDLuffy(MonkeyDLuffy) used a fnminimilight_ammo_pack 2-7-2021, 4:59:29 AM
MonkeyDLuffy(MonkeyDLuffy) used a fnminimilight_ammo_pack 2-7-2021, 4:59:29 AM
MonkeyDLuffy(MonkeyDLuffy) used a fnminimilight_ammo_pack 2-7-2021, 4:59:29 AM
MonkeyDLuffy(MonkeyDLuffy) used a fnminimilight_ammo_pack 2-7-2021, 4:59:30 AM
MonkeyDLuffy(MonkeyDLuffy) used a fnminimilight_ammo_pack 2-7-2021, 4:59:30 AM
MonkeyDLuffy(MonkeyDLuffy) used a fnminimilight_ammo_pack 2-7-2021, 4:59:30 AM
MonkeyDLuffy(MonkeyDLuffy) used a fnminimilight_ammo_pack 2-7-2021, 4:59:30 AM
MonkeyDLuffy(MonkeyDLuffy) used a fnminimilight_ammo_pack 2-7-2021, 4:59:30 AM
MonkeyDLuffy(MonkeyDLuffy) used a fnminimilight_ammo_pack 2-7-2021, 4:59:30 AM
MonkeyDLuffy(MonkeyDLuffy) used a fnminimilight_ammo_pack 2-7-2021, 4:59:31 AM
MonkeyDLuffy(MonkeyDLuffy) used a fnminimilight_ammo_pack 2-7-2021, 4:59:31 AM
MonkeyDLuffy(MonkeyDLuffy) used a fnminimilight_ammo_pack 2-7-2021, 4:59:31 AM
MonkeyDLuffy(MonkeyDLuffy) used a fnminimilight_ammo_pack 2-7-2021, 4:59:31 AM
MonkeyDLuffy(MonkeyDLuffy) used a fnminimilight_ammo_pack 2-7-2021, 4:59:31 AM
MonkeyDLuffy(MonkeyDLuffy) used a fnminimilight_ammo_pack 2-7-2021, 4:59:31 AM
MonkeyDLuffy(MonkeyDLuffy) used a fnminimilight_ammo_pack 2-7-2021, 4:59:32 AM
MonkeyDLuffy(MonkeyDLuffy) used a fnminimilight_ammo_pack 2-7-2021, 4:59:32 AM
MonkeyDLuffy(MonkeyDLuffy) used a fnminimilight_ammo_pack 2-7-2021, 4:59:32 AM
MonkeyDLuffy(MonkeyDLuffy) used a fnminimilight_ammo_pack 2-7-2021, 4:59:32 AM
MonkeyDLuffy(MonkeyDLuffy) used a fnminimilight_ammo_pack 2-7-2021, 4:59:32 AM
MonkeyDLuffy(MonkeyDLuffy) used a antibiotic_pack 2-7-2021, 4:59:47 AM
MonkeyDLuffy(MonkeyDLuffy) used a antibiotic_pack 2-7-2021, 4:59:48 AM
MonkeyDLuffy(MonkeyDLuffy) used a antibiotic 2-7-2021, 4:59:51 AM
MonkeyDLuffy(MonkeyDLuffy) used a antibiotic 2-7-2021, 4:59:51 AM
MonkeyDLuffy(MonkeyDLuffy) used a antibiotic 2-7-2021, 5:00:02 AM
MonkeyDLuffy(MonkeyDLuffy) used a antibiotic 2-7-2021, 5:00:03 AM
MonkeyDLuffy(MonkeyDLuffy) used a shield 2-7-2021, 5:00:06 AM
MonkeyDLuffy(MonkeyDLuffy) used a antibiotic 2-7-2021, 5:00:20 AM
MonkeyDLuffy(MonkeyDLuffy) used a antibiotic 2-7-2021, 5:00:20 AM
MonkeyDLuffy(MonkeyDLuffy) used a shield 2-7-2021, 5:00:22 AM
MonkeyDLuffy(MonkeyDLuffy) used a shield 2-7-2021, 5:00:22 AM
MonkeyDLuffy(MonkeyDLuffy) used a antibiotic 2-7-2021, 5:01:11 AM
MonkeyDLuffy(MonkeyDLuffy) used a antibiotic 2-7-2021, 5:01:15 AM
MonkeyDLuffy(MonkeyDLuffy) used a antibiotic 2-7-2021, 5:01:15 AM
MonkeyDLuffy(MonkeyDLuffy) used a shield 2-7-2021, 5:01:16 AM
MonkeyDLuffy(MonkeyDLuffy) used a shield 2-7-2021, 5:01:17 AM
MonkeyDLuffy(MonkeyDLuffy) used a dead_boar 2-7-2021, 5:01:21 AM
MonkeyDLuffy(MonkeyDLuffy) used a dead_boar 2-7-2021, 5:01:22 AM
MonkeyDLuffy(MonkeyDLuffy) used a dead_boar 2-7-2021, 5:01:22 AM
MonkeyDLuffy(MonkeyDLuffy) used a dead_boar 2-7-2021, 5:01:22 AM
MonkeyDLuffy(MonkeyDLuffy) used a dead_boar 2-7-2021, 5:01:22 AM
MonkeyDLuffy(MonkeyDLuffy) used a dead_boar 2-7-2021, 5:01:23 AM
MonkeyDLuffy(MonkeyDLuffy) used a dead_boar 2-7-2021, 5:01:23 AM
MonkeyDLuffy(MonkeyDLuffy) used a dead_boar 2-7-2021, 5:01:23 AM
MonkeyDLuffy(MonkeyDLuffy) used a dead_boar 2-7-2021, 5:01:23 AM
MonkeyDLuffy(MonkeyDLuffy) used a dead_boar 2-7-2021, 5:01:24 AM
MonkeyDLuffy(MonkeyDLuffy) used a dead_boar 2-7-2021, 5:01:24 AM
MonkeyDLuffy(MonkeyDLuffy) used a dead_boar 2-7-2021, 5:01:24 AM
MonkeyDLuffy(MonkeyDLuffy) used a dead_boar 2-7-2021, 5:01:24 AM
MonkeyDLuffy(MonkeyDLuffy) used a dead_boar 2-7-2021, 5:01:24 AM
MonkeyDLuffy(MonkeyDLuffy) used a dead_boar 2-7-2021, 5:01:25 AM
MonkeyDLuffy(MonkeyDLuffy) used a dead_boar 2-7-2021, 5:01:25 AM
MonkeyDLuffy(MonkeyDLuffy) used a shield 2-7-2021, 5:02:07 AM
MonkeyDLuffy(MonkeyDLuffy) used a antibiotic 2-7-2021, 5:02:07 AM
MonkeyDLuffy(MonkeyDLuffy) used a antibiotic 2-7-2021, 5:02:08 AM
MonkeyDLuffy(MonkeyDLuffy) used a dead_wolf 2-7-2021, 5:02:16 AM
MonkeyDLuffy(MonkeyDLuffy) used a dead_wolf 2-7-2021, 5:02:17 AM
MonkeyDLuffy(MonkeyDLuffy) used a dead_wolf 2-7-2021, 5:02:17 AM
MonkeyDLuffy(MonkeyDLuffy) used a dead_wolf 2-7-2021, 5:02:18 AM
MonkeyDLuffy(MonkeyDLuffy) used a dead_wolf 2-7-2021, 5:02:18 AM
MonkeyDLuffy(MonkeyDLuffy) used a dead_wolf 2-7-2021, 5:02:18 AM
MonkeyDLuffy(MonkeyDLuffy) used a dead_wolf 2-7-2021, 5:02:18 AM
MonkeyDLuffy(MonkeyDLuffy) used a dead_wolf 2-7-2021, 5:02:18 AM
MonkeyDLuffy(MonkeyDLuffy) used a dead_wolf 2-7-2021, 5:02:19 AM
MonkeyDLuffy(MonkeyDLuffy) used a dead_wolf 2-7-2021, 5:02:19 AM
MonkeyDLuffy(MonkeyDLuffy) used a dead_wolf 2-7-2021, 5:02:19 AM
MonkeyDLuffy(MonkeyDLuffy) used a dead_wolf 2-7-2021, 5:02:19 AM
MonkeyDLuffy(MonkeyDLuffy) used a dead_wolf 2-7-2021, 5:02:19 AM
MonkeyDLuffy(MonkeyDLuffy) used a dead_wolf 2-7-2021, 5:02:20 AM
MonkeyDLuffy(MonkeyDLuffy) used a dead_wolf 2-7-2021, 5:02:20 AM
MonkeyDLuffy(MonkeyDLuffy) used a dead_wolf 2-7-2021, 5:02:20 AM
MonkeyDLuffy(MonkeyDLuffy) used a dead_wolf 2-7-2021, 5:02:20 AM
MonkeyDLuffy(MonkeyDLuffy) used a dead_wolf 2-7-2021, 5:02:20 AM
MonkeyDLuffy(MonkeyDLuffy) used a dead_wolf 2-7-2021, 5:02:21 AM
MonkeyDLuffy(MonkeyDLuffy) used a dead_wolf 2-7-2021, 5:02:21 AM
MonkeyDLuffy(MonkeyDLuffy) used a dead_wolf 2-7-2021, 5:02:21 AM
MonkeyDLuffy(MonkeyDLuffy) used a shotgun 2-7-2021, 5:02:33 AM
MonkeyDLuffy(MonkeyDLuffy) used a throwing_knives 2-7-2021, 5:02:44 AM
MonkeyDLuffy(MonkeyDLuffy) used a gp30 2-7-2021, 5:02:54 AM
MonkeyDLuffy(MonkeyDLuffy) used a shield 2-7-2021, 5:03:13 AM
MonkeyDLuffy(MonkeyDLuffy) used a antibiotic 2-7-2021, 5:03:14 AM
MonkeyDLuffy(MonkeyDLuffy) used a antibiotic 2-7-2021, 5:03:14 AM
MonkeyDLuffy(MonkeyDLuffy) used a dead_wolf 2-7-2021, 5:03:15 AM
MonkeyDLuffy(MonkeyDLuffy) used a dead_wolf 2-7-2021, 5:03:15 AM
MonkeyDLuffy(MonkeyDLuffy) used a dead_wolf 2-7-2021, 5:03:15 AM
MonkeyDLuffy(MonkeyDLuffy) used a dead_wolf 2-7-2021, 5:03:16 AM
MonkeyDLuffy(MonkeyDLuffy) used a dead_wolf 2-7-2021, 5:03:16 AM
MonkeyDLuffy(MonkeyDLuffy) used a dead_wolf 2-7-2021, 5:03:17 AM
MonkeyDLuffy(MonkeyDLuffy) used a dead_wolf 2-7-2021, 5:03:17 AM
MonkeyDLuffy(MonkeyDLuffy) used a dead_wolf 2-7-2021, 5:03:17 AM
MonkeyDLuffy(MonkeyDLuffy) used a dead_wolf 2-7-2021, 5:03:17 AM
MonkeyDLuffy(MonkeyDLuffy) used a dead_wolf 2-7-2021, 5:03:17 AM
MonkeyDLuffy(MonkeyDLuffy) used a dead_wolf 2-7-2021, 5:03:18 AM
MonkeyDLuffy(MonkeyDLuffy) used a dead_wolf 2-7-2021, 5:03:18 AM
MonkeyDLuffy(MonkeyDLuffy) used a dead_wolf 2-7-2021, 5:03:18 AM
MonkeyDLuffy(MonkeyDLuffy) used a dead_wolf 2-7-2021, 5:03:18 AM
MonkeyDLuffy(MonkeyDLuffy) used a dead_wolf 2-7-2021, 5:03:18 AM
MonkeyDLuffy(MonkeyDLuffy) used a dead_wolf 2-7-2021, 5:03:19 AM
MonkeyDLuffy(MonkeyDLuffy) used a dead_wolf 2-7-2021, 5:03:19 AM
MonkeyDLuffy(MonkeyDLuffy) used a dead_wolf 2-7-2021, 5:03:19 AM
MonkeyDLuffy(MonkeyDLuffy) used a dead_wolf 2-7-2021, 5:03:19 AM
MonkeyDLuffy(MonkeyDLuffy) used a dead_wolf 2-7-2021, 5:03:19 AM
MonkeyDLuffy(MonkeyDLuffy) used a dead_wolf 2-7-2021, 5:03:20 AM
MonkeyDLuffy(MonkeyDLuffy) used a dead_wolf 2-7-2021, 5:03:20 AM
MonkeyDLuffy(MonkeyDLuffy) used a dead_wolf 2-7-2021, 5:03:20 AM
MonkeyDLuffy(MonkeyDLuffy) used a dead_wolf 2-7-2021, 5:03:20 AM
MonkeyDLuffy(MonkeyDLuffy) used a dead_wolf 2-7-2021, 5:03:20 AM
MonkeyDLuffy(MonkeyDLuffy) used a dead_wolf 2-7-2021, 5:03:21 AM
MonkeyDLuffy(MonkeyDLuffy) used a dead_wolf 2-7-2021, 5:03:21 AM
MonkeyDLuffy(MonkeyDLuffy) used a dead_wolf 2-7-2021, 5:03:21 AM
MonkeyDLuffy(MonkeyDLuffy) used a dead_wolf 2-7-2021, 5:03:21 AM
MonkeyDLuffy(MonkeyDLuffy) used a dead_wolf 2-7-2021, 5:03:22 AM
MonkeyDLuffy(MonkeyDLuffy) used a dead_wolf 2-7-2021, 5:03:22 AM
MonkeyDLuffy(MonkeyDLuffy) used a dead_wolf 2-7-2021, 5:03:22 AM
MonkeyDLuffy(MonkeyDLuffy) used a dead_wolf 2-7-2021, 5:03:22 AM
MonkeyDLuffy(MonkeyDLuffy) used a dead_wolf 2-7-2021, 5:03:22 AM
MonkeyDLuffy(MonkeyDLuffy) used a dead_wolf 2-7-2021, 5:03:22 AM
MonkeyDLuffy(MonkeyDLuffy) used a dead_wolf 2-7-2021, 5:03:23 AM
MonkeyDLuffy(MonkeyDLuffy) used a dead_wolf 2-7-2021, 5:03:23 AM
MonkeyDLuffy(MonkeyDLuffy) used a dead_wolf 2-7-2021, 5:03:23 AM
MonkeyDLuffy(MonkeyDLuffy) used a dead_wolf 2-7-2021, 5:03:23 AM
MonkeyDLuffy(MonkeyDLuffy) used a dead_wolf 2-7-2021, 5:03:23 AM
MonkeyDLuffy(MonkeyDLuffy) used a dead_wolf 2-7-2021, 5:03:23 AM
MonkeyDLuffy(MonkeyDLuffy) used a dead_wolf 2-7-2021, 5:03:24 AM
MonkeyDLuffy(MonkeyDLuffy) used a dead_wolf 2-7-2021, 5:03:24 AM
MonkeyDLuffy(MonkeyDLuffy) used a dead_wolf 2-7-2021, 5:03:24 AM
MonkeyDLuffy(MonkeyDLuffy) used a dead_wolf 2-7-2021, 5:03:24 AM
MonkeyDLuffy(MonkeyDLuffy) used a dead_wolf 2-7-2021, 5:03:24 AM
MonkeyDLuffy(MonkeyDLuffy) used a dead_wolf 2-7-2021, 5:03:24 AM
MonkeyDLuffy(MonkeyDLuffy) used a dead_wolf 2-7-2021, 5:03:25 AM
MonkeyDLuffy(MonkeyDLuffy) used a dead_wolf 2-7-2021, 5:03:25 AM
MonkeyDLuffy(MonkeyDLuffy) used a dead_wolf 2-7-2021, 5:03:25 AM
MonkeyDLuffy(MonkeyDLuffy) used a dead_wolf 2-7-2021, 5:03:25 AM
MonkeyDLuffy(MonkeyDLuffy) used a dead_wolf 2-7-2021, 5:03:26 AM
MonkeyDLuffy(MonkeyDLuffy) used a dead_wolf 2-7-2021, 5:03:26 AM
MonkeyDLuffy(MonkeyDLuffy) used a dead_wolf 2-7-2021, 5:03:26 AM
MonkeyDLuffy(MonkeyDLuffy) used a dead_wolf 2-7-2021, 5:03:26 AM
MonkeyDLuffy(MonkeyDLuffy) used a dead_wolf 2-7-2021, 5:03:26 AM
MonkeyDLuffy(MonkeyDLuffy) used a dead_wolf 2-7-2021, 5:03:26 AM
MonkeyDLuffy(MonkeyDLuffy) used a dead_wolf 2-7-2021, 5:03:26 AM
MonkeyDLuffy(MonkeyDLuffy) used a dead_wolf 2-7-2021, 5:03:26 AM
MonkeyDLuffy(MonkeyDLuffy) used a dead_wolf 2-7-2021, 5:03:27 AM
MonkeyDLuffy(MonkeyDLuffy) used a dead_wolf 2-7-2021, 5:03:27 AM
MonkeyDLuffy(MonkeyDLuffy) used a dead_wolf 2-7-2021, 5:03:27 AM
MonkeyDLuffy(MonkeyDLuffy) used a dead_wolf 2-7-2021, 5:03:27 AM
MonkeyDLuffy(MonkeyDLuffy) used a dead_wolf 2-7-2021, 5:03:27 AM
MonkeyDLuffy(MonkeyDLuffy) used a dead_wolf 2-7-2021, 5:03:27 AM
MonkeyDLuffy(MonkeyDLuffy) used a dead_wolf 2-7-2021, 5:03:28 AM
MonkeyDLuffy(MonkeyDLuffy) used a dead_wolf 2-7-2021, 5:03:28 AM
MonkeyDLuffy(MonkeyDLuffy) used a dead_wolf 2-7-2021, 5:03:28 AM
MonkeyDLuffy(MonkeyDLuffy) used a dead_wolf 2-7-2021, 5:03:28 AM
MonkeyDLuffy(MonkeyDLuffy) used a dead_wolf 2-7-2021, 5:03:28 AM
MonkeyDLuffy(MonkeyDLuffy) used a dead_wolf 2-7-2021, 5:03:29 AM
MonkeyDLuffy(MonkeyDLuffy) used a dead_wolf 2-7-2021, 5:03:29 AM
MonkeyDLuffy(MonkeyDLuffy) used a dead_wolf 2-7-2021, 5:03:29 AM
MonkeyDLuffy(MonkeyDLuffy) used a dead_wolf 2-7-2021, 5:03:29 AM
MonkeyDLuffy(MonkeyDLuffy) used a dead_wolf 2-7-2021, 5:03:29 AM
MonkeyDLuffy(MonkeyDLuffy) used a dead_wolf 2-7-2021, 5:03:29 AM
MonkeyDLuffy(MonkeyDLuffy) used a dead_wolf 2-7-2021, 5:03:30 AM
MonkeyDLuffy(MonkeyDLuffy) used a dead_wolf 2-7-2021, 5:03:30 AM
MonkeyDLuffy(MonkeyDLuffy) used a dead_wolf 2-7-2021, 5:03:30 AM
MonkeyDLuffy(MonkeyDLuffy) used a dead_wolf 2-7-2021, 5:03:30 AM
MonkeyDLuffy(MonkeyDLuffy) used a dead_wolf 2-7-2021, 5:03:30 AM
MonkeyDLuffy(MonkeyDLuffy) used a dead_wolf 2-7-2021, 5:03:30 AM
MonkeyDLuffy(MonkeyDLuffy) used a dead_wolf 2-7-2021, 5:03:31 AM
MonkeyDLuffy(MonkeyDLuffy) used a dead_wolf 2-7-2021, 5:03:31 AM
MonkeyDLuffy(MonkeyDLuffy) used a dead_wolf 2-7-2021, 5:03:31 AM
MonkeyDLuffy(MonkeyDLuffy) used a dead_wolf 2-7-2021, 5:03:31 AM
MonkeyDLuffy(MonkeyDLuffy) used a dead_wolf 2-7-2021, 5:03:31 AM
MonkeyDLuffy(MonkeyDLuffy) used a skinned_wolf 2-7-2021, 5:03:40 AM
MonkeyDLuffy(MonkeyDLuffy) used a skinned_wolf 2-7-2021, 5:03:40 AM
MonkeyDLuffy(MonkeyDLuffy) used a skinned_wolf 2-7-2021, 5:03:40 AM
MonkeyDLuffy(MonkeyDLuffy) used a skinned_wolf 2-7-2021, 5:03:40 AM
MonkeyDLuffy(MonkeyDLuffy) used a skinned_wolf 2-7-2021, 5:03:40 AM
MonkeyDLuffy(MonkeyDLuffy) used a skinned_wolf 2-7-2021, 5:03:41 AM
MonkeyDLuffy(MonkeyDLuffy) used a skinned_wolf 2-7-2021, 5:03:41 AM
MonkeyDLuffy(MonkeyDLuffy) used a skinned_wolf 2-7-2021, 5:03:41 AM
MonkeyDLuffy(MonkeyDLuffy) used a skinned_wolf 2-7-2021, 5:03:41 AM
MonkeyDLuffy(MonkeyDLuffy) used a skinned_wolf 2-7-2021, 5:03:41 AM
MonkeyDLuffy(MonkeyDLuffy) used a skinned_wolf 2-7-2021, 5:03:42 AM
MonkeyDLuffy(MonkeyDLuffy) used a skinned_wolf 2-7-2021, 5:03:42 AM
MonkeyDLuffy(MonkeyDLuffy) used a skinned_wolf 2-7-2021, 5:03:42 AM
MonkeyDLuffy(MonkeyDLuffy) used a skinned_wolf 2-7-2021, 5:03:42 AM
MonkeyDLuffy(MonkeyDLuffy) used a skinned_wolf 2-7-2021, 5:03:42 AM
MonkeyDLuffy(MonkeyDLuffy) used a skinned_wolf 2-7-2021, 5:03:43 AM
MonkeyDLuffy(MonkeyDLuffy) used a skinned_wolf 2-7-2021, 5:03:43 AM
MonkeyDLuffy(MonkeyDLuffy) used a skinned_wolf 2-7-2021, 5:03:43 AM
MonkeyDLuffy(MonkeyDLuffy) used a skinned_wolf 2-7-2021, 5:03:43 AM
MonkeyDLuffy(MonkeyDLuffy) used a skinned_wolf 2-7-2021, 5:03:43 AM
MonkeyDLuffy(MonkeyDLuffy) used a skinned_wolf 2-7-2021, 5:03:44 AM
MonkeyDLuffy(MonkeyDLuffy) used a skinned_wolf 2-7-2021, 5:03:44 AM
MonkeyDLuffy(MonkeyDLuffy) used a skinned_wolf 2-7-2021, 5:03:44 AM
MonkeyDLuffy(MonkeyDLuffy) used a skinned_wolf 2-7-2021, 5:03:44 AM
MonkeyDLuffy(MonkeyDLuffy) used a skinned_wolf 2-7-2021, 5:03:44 AM
MonkeyDLuffy(MonkeyDLuffy) used a skinned_wolf 2-7-2021, 5:03:45 AM
MonkeyDLuffy(MonkeyDLuffy) used a skinned_wolf 2-7-2021, 5:03:45 AM
MonkeyDLuffy(MonkeyDLuffy) used a skinned_wolf 2-7-2021, 5:03:45 AM
MonkeyDLuffy(MonkeyDLuffy) used a skinned_wolf 2-7-2021, 5:03:45 AM
MonkeyDLuffy(MonkeyDLuffy) used a skinned_wolf 2-7-2021, 5:03:45 AM
MonkeyDLuffy(MonkeyDLuffy) used a skinned_wolf 2-7-2021, 5:03:46 AM
MonkeyDLuffy(MonkeyDLuffy) used a skinned_wolf 2-7-2021, 5:03:46 AM
MonkeyDLuffy(MonkeyDLuffy) used a skinned_wolf 2-7-2021, 5:03:46 AM
MonkeyDLuffy(MonkeyDLuffy) used a skinned_wolf 2-7-2021, 5:03:46 AM
MonkeyDLuffy(MonkeyDLuffy) used a skinned_wolf 2-7-2021, 5:03:47 AM
MonkeyDLuffy(MonkeyDLuffy) used a skinned_wolf 2-7-2021, 5:03:47 AM
MonkeyDLuffy(MonkeyDLuffy) used a skinned_wolf 2-7-2021, 5:03:47 AM
MonkeyDLuffy(MonkeyDLuffy) used a skinned_wolf 2-7-2021, 5:03:47 AM
MonkeyDLuffy(MonkeyDLuffy) used a skinned_wolf 2-7-2021, 5:03:47 AM
MonkeyDLuffy(MonkeyDLuffy) used a skinned_wolf 2-7-2021, 5:03:48 AM
MonkeyDLuffy(MonkeyDLuffy) used a skinned_wolf 2-7-2021, 5:03:48 AM
MonkeyDLuffy(MonkeyDLuffy) used a skinned_wolf 2-7-2021, 5:03:48 AM
MonkeyDLuffy(MonkeyDLuffy) used a skinned_wolf 2-7-2021, 5:03:48 AM
MonkeyDLuffy(MonkeyDLuffy) used a skinned_wolf 2-7-2021, 5:03:48 AM
MonkeyDLuffy(MonkeyDLuffy) used a skinned_wolf 2-7-2021, 5:03:49 AM
MonkeyDLuffy(MonkeyDLuffy) used a skinned_wolf 2-7-2021, 5:03:49 AM
MonkeyDLuffy(MonkeyDLuffy) used a skinned_wolf 2-7-2021, 5:03:49 AM
MonkeyDLuffy(MonkeyDLuffy) used a skinned_wolf 2-7-2021, 5:03:49 AM
MonkeyDLuffy(MonkeyDLuffy) used a skinned_wolf 2-7-2021, 5:03:50 AM
MonkeyDLuffy(MonkeyDLuffy) used a skinned_wolf 2-7-2021, 5:03:50 AM
MonkeyDLuffy(MonkeyDLuffy) used a skinned_wolf 2-7-2021, 5:03:50 AM
MonkeyDLuffy(MonkeyDLuffy) used a skinned_wolf 2-7-2021, 5:03:50 AM
MonkeyDLuffy(MonkeyDLuffy) used a skinned_wolf 2-7-2021, 5:03:50 AM
MonkeyDLuffy(MonkeyDLuffy) used a skinned_wolf 2-7-2021, 5:03:51 AM
MonkeyDLuffy(MonkeyDLuffy) used a skinned_wolf 2-7-2021, 5:03:51 AM
MonkeyDLuffy(MonkeyDLuffy) used a skinned_wolf 2-7-2021, 5:03:51 AM
MonkeyDLuffy(MonkeyDLuffy) used a skinned_wolf 2-7-2021, 5:03:51 AM
MonkeyDLuffy(MonkeyDLuffy) used a skinned_wolf 2-7-2021, 5:03:51 AM
MonkeyDLuffy(MonkeyDLuffy) used a skinned_wolf 2-7-2021, 5:03:52 AM
MonkeyDLuffy(MonkeyDLuffy) used a skinned_wolf 2-7-2021, 5:03:52 AM
MonkeyDLuffy(MonkeyDLuffy) used a skinned_wolf 2-7-2021, 5:03:52 AM
MonkeyDLuffy(MonkeyDLuffy) used a skinned_wolf 2-7-2021, 5:03:52 AM
MonkeyDLuffy(MonkeyDLuffy) used a skinned_wolf 2-7-2021, 5:03:52 AM
MonkeyDLuffy(MonkeyDLuffy) used a skinned_wolf 2-7-2021, 5:03:53 AM
MonkeyDLuffy(MonkeyDLuffy) used a skinned_wolf 2-7-2021, 5:03:53 AM
MonkeyDLuffy(MonkeyDLuffy) used a skinned_wolf 2-7-2021, 5:03:53 AM
MonkeyDLuffy(MonkeyDLuffy) used a skinned_wolf 2-7-2021, 5:03:53 AM
MonkeyDLuffy(MonkeyDLuffy) used a skinned_wolf 2-7-2021, 5:03:54 AM
MonkeyDLuffy(MonkeyDLuffy) used a skinned_wolf 2-7-2021, 5:03:54 AM
MonkeyDLuffy(MonkeyDLuffy) used a skinned_wolf 2-7-2021, 5:03:54 AM
MonkeyDLuffy(MonkeyDLuffy) used a skinned_wolf 2-7-2021, 5:03:54 AM
MonkeyDLuffy(MonkeyDLuffy) used a skinned_wolf 2-7-2021, 5:03:54 AM
MonkeyDLuffy(MonkeyDLuffy) used a skinned_wolf 2-7-2021, 5:03:55 AM
MonkeyDLuffy(MonkeyDLuffy) used a skinned_wolf 2-7-2021, 5:03:55 AM
MonkeyDLuffy(MonkeyDLuffy) used a skinned_wolf 2-7-2021, 5:03:55 AM
MonkeyDLuffy(MonkeyDLuffy) used a skinned_wolf 2-7-2021, 5:03:55 AM
MonkeyDLuffy(MonkeyDLuffy) used a skinned_wolf 2-7-2021, 5:03:55 AM
MonkeyDLuffy(MonkeyDLuffy) used a skinned_wolf 2-7-2021, 5:03:56 AM
MonkeyDLuffy(MonkeyDLuffy) used a skinned_wolf 2-7-2021, 5:03:56 AM
MonkeyDLuffy(MonkeyDLuffy) used a skinned_wolf 2-7-2021, 5:03:56 AM
MonkeyDLuffy(MonkeyDLuffy) used a skinned_wolf 2-7-2021, 5:03:56 AM
MonkeyDLuffy(MonkeyDLuffy) used a skinned_wolf 2-7-2021, 5:03:57 AM
MonkeyDLuffy(MonkeyDLuffy) used a skinned_wolf 2-7-2021, 5:03:57 AM
MonkeyDLuffy(MonkeyDLuffy) used a skinned_wolf 2-7-2021, 5:03:57 AM
MonkeyDLuffy(MonkeyDLuffy) used a skinned_wolf 2-7-2021, 5:03:57 AM
MonkeyDLuffy(MonkeyDLuffy) used a skinned_wolf 2-7-2021, 5:03:57 AM
MonkeyDLuffy(MonkeyDLuffy) used a skinned_wolf 2-7-2021, 5:03:58 AM
MonkeyDLuffy(MonkeyDLuffy) used a skinned_wolf 2-7-2021, 5:03:58 AM
MonkeyDLuffy(MonkeyDLuffy) used a skinned_wolf 2-7-2021, 5:03:58 AM
MonkeyDLuffy(MonkeyDLuffy) used a skinned_wolf 2-7-2021, 5:03:58 AM
MonkeyDLuffy(MonkeyDLuffy) used a skinned_wolf 2-7-2021, 5:03:58 AM
MonkeyDLuffy(MonkeyDLuffy) used a skinned_wolf 2-7-2021, 5:03:59 AM
MonkeyDLuffy(MonkeyDLuffy) used a skinned_wolf 2-7-2021, 5:03:59 AM
MonkeyDLuffy(MonkeyDLuffy) used a skinned_wolf 2-7-2021, 5:03:59 AM
MonkeyDLuffy(MonkeyDLuffy) used a skinned_wolf 2-7-2021, 5:03:59 AM
MonkeyDLuffy(MonkeyDLuffy) used a skinned_wolf 2-7-2021, 5:03:59 AM
MonkeyDLuffy(MonkeyDLuffy) used a skinned_wolf 2-7-2021, 5:04:00 AM
MonkeyDLuffy(MonkeyDLuffy) used a skinned_wolf 2-7-2021, 5:04:00 AM
MonkeyDLuffy(MonkeyDLuffy) used a skinned_wolf 2-7-2021, 5:04:00 AM
MonkeyDLuffy(MonkeyDLuffy) used a skinned_wolf 2-7-2021, 5:04:00 AM
MonkeyDLuffy(MonkeyDLuffy) used a skinned_wolf 2-7-2021, 5:04:00 AM
MonkeyDLuffy(MonkeyDLuffy) used a skinned_wolf 2-7-2021, 5:04:01 AM
MonkeyDLuffy(MonkeyDLuffy) used a skinned_wolf 2-7-2021, 5:04:01 AM
MonkeyDLuffy(MonkeyDLuffy) used a skinned_wolf 2-7-2021, 5:04:01 AM
MonkeyDLuffy(MonkeyDLuffy) used a skinned_wolf 2-7-2021, 5:04:01 AM
MonkeyDLuffy(MonkeyDLuffy) used a skinned_wolf 2-7-2021, 5:04:01 AM
MonkeyDLuffy(MonkeyDLuffy) used a skinned_wolf 2-7-2021, 5:04:02 AM
MonkeyDLuffy(MonkeyDLuffy) used a skinned_wolf 2-7-2021, 5:04:02 AM
MonkeyDLuffy(MonkeyDLuffy) used a skinned_wolf 2-7-2021, 5:04:02 AM
MonkeyDLuffy(MonkeyDLuffy) used a skinned_wolf 2-7-2021, 5:04:02 AM
MonkeyDLuffy(MonkeyDLuffy) used a skinned_wolf 2-7-2021, 5:04:02 AM
MonkeyDLuffy(MonkeyDLuffy) used a skinned_wolf 2-7-2021, 5:04:03 AM
MonkeyDLuffy(MonkeyDLuffy) used a skinned_wolf 2-7-2021, 5:04:03 AM
MonkeyDLuffy(MonkeyDLuffy) used a skinned_wolf 2-7-2021, 5:04:03 AM
MonkeyDLuffy(MonkeyDLuffy) used a skinned_wolf 2-7-2021, 5:04:03 AM
MonkeyDLuffy(MonkeyDLuffy) used a skinned_wolf 2-7-2021, 5:04:03 AM
MonkeyDLuffy(MonkeyDLuffy) used a skinned_wolf 2-7-2021, 5:04:04 AM
MonkeyDLuffy(MonkeyDLuffy) used a skinned_wolf 2-7-2021, 5:04:04 AM
MonkeyDLuffy(MonkeyDLuffy) used a skinned_wolf 2-7-2021, 5:04:04 AM
MonkeyDLuffy(MonkeyDLuffy) used a skinned_wolf 2-7-2021, 5:04:04 AM
MonkeyDLuffy(MonkeyDLuffy) used a skinned_wolf 2-7-2021, 5:04:04 AM
MonkeyDLuffy(MonkeyDLuffy) used a skinned_wolf 2-7-2021, 5:04:05 AM
MonkeyDLuffy(MonkeyDLuffy) used a skinned_wolf 2-7-2021, 5:04:05 AM
MonkeyDLuffy(MonkeyDLuffy) used a skinned_wolf 2-7-2021, 5:04:05 AM
MonkeyDLuffy(MonkeyDLuffy) used a skinned_wolf 2-7-2021, 5:04:05 AM
MonkeyDLuffy(MonkeyDLuffy) used a skinned_wolf 2-7-2021, 5:04:06 AM
MonkeyDLuffy(MonkeyDLuffy) used a skinned_wolf 2-7-2021, 5:04:06 AM
MonkeyDLuffy(MonkeyDLuffy) used a skinned_wolf 2-7-2021, 5:04:06 AM
MonkeyDLuffy(MonkeyDLuffy) used a skinned_wolf 2-7-2021, 5:04:06 AM
MonkeyDLuffy(MonkeyDLuffy) used a skinned_wolf 2-7-2021, 5:04:06 AM
MonkeyDLuffy(MonkeyDLuffy) used a skinned_wolf 2-7-2021, 5:04:07 AM
MonkeyDLuffy(MonkeyDLuffy) used a skinned_wolf 2-7-2021, 5:04:07 AM
MonkeyDLuffy(MonkeyDLuffy) used a skinned_wolf 2-7-2021, 5:04:07 AM
MonkeyDLuffy(MonkeyDLuffy) used a skinned_wolf 2-7-2021, 5:04:07 AM
MonkeyDLuffy(MonkeyDLuffy) used a dead_bear 2-7-2021, 5:04:11 AM
MonkeyDLuffy(MonkeyDLuffy) used a dead_bear 2-7-2021, 5:04:12 AM
MonkeyDLuffy(MonkeyDLuffy) used a dead_bear 2-7-2021, 5:04:12 AM
MonkeyDLuffy(MonkeyDLuffy) used a dead_bear 2-7-2021, 5:04:12 AM
MonkeyDLuffy(MonkeyDLuffy) used a dead_bear 2-7-2021, 5:04:12 AM
MonkeyDLuffy(MonkeyDLuffy) used a dead_bear 2-7-2021, 5:04:12 AM
MonkeyDLuffy(MonkeyDLuffy) used a dead_bear 2-7-2021, 5:04:13 AM
MonkeyDLuffy(MonkeyDLuffy) used a dead_bear 2-7-2021, 5:04:13 AM
MonkeyDLuffy(MonkeyDLuffy) used a dead_bear 2-7-2021, 5:04:13 AM
MonkeyDLuffy(MonkeyDLuffy) used a dead_bear 2-7-2021, 5:04:13 AM
MonkeyDLuffy(MonkeyDLuffy) used a dead_bear 2-7-2021, 5:04:14 AM
MonkeyDLuffy(MonkeyDLuffy) used a dead_bear 2-7-2021, 5:04:14 AM
MonkeyDLuffy(MonkeyDLuffy) used a dead_bear 2-7-2021, 5:04:14 AM
MonkeyDLuffy(MonkeyDLuffy) used a dead_bear 2-7-2021, 5:04:14 AM
MonkeyDLuffy(MonkeyDLuffy) used a dead_bear 2-7-2021, 5:04:14 AM
MonkeyDLuffy(MonkeyDLuffy) used a dead_bear 2-7-2021, 5:04:15 AM
MonkeyDLuffy(MonkeyDLuffy) used a dead_bear 2-7-2021, 5:04:15 AM
MonkeyDLuffy(MonkeyDLuffy) used a dead_bear 2-7-2021, 5:04:15 AM
MonkeyDLuffy(MonkeyDLuffy) used a dead_bear 2-7-2021, 5:04:15 AM
MonkeyDLuffy(MonkeyDLuffy) used a dead_bear 2-7-2021, 5:04:15 AM
MonkeyDLuffy(MonkeyDLuffy) used a dead_bear 2-7-2021, 5:04:16 AM
MonkeyDLuffy(MonkeyDLuffy) used a dead_bear 2-7-2021, 5:04:16 AM
MonkeyDLuffy(MonkeyDLuffy) used a dead_bear 2-7-2021, 5:04:16 AM
MonkeyDLuffy(MonkeyDLuffy) used a dead_bear 2-7-2021, 5:04:16 AM
MonkeyDLuffy(MonkeyDLuffy) used a dead_bear 2-7-2021, 5:04:16 AM
MonkeyDLuffy(MonkeyDLuffy) used a dead_bear 2-7-2021, 5:04:17 AM
MonkeyDLuffy(MonkeyDLuffy) used a shield 2-7-2021, 5:04:17 AM
MonkeyDLuffy(MonkeyDLuffy) used a antibiotic 2-7-2021, 5:04:18 AM
MonkeyDLuffy(MonkeyDLuffy) used a antibiotic 2-7-2021, 5:04:18 AM
MonkeyDLuffy(MonkeyDLuffy) used a dead_bear 2-7-2021, 5:04:19 AM
MonkeyDLuffy(MonkeyDLuffy) used a dead_bear 2-7-2021, 5:04:19 AM
MonkeyDLuffy(MonkeyDLuffy) used a dead_bear 2-7-2021, 5:04:19 AM
MonkeyDLuffy(MonkeyDLuffy) used a dead_bear 2-7-2021, 5:04:19 AM
MonkeyDLuffy(MonkeyDLuffy) used a dead_bear 2-7-2021, 5:04:20 AM
MonkeyDLuffy(MonkeyDLuffy) used a dead_bear 2-7-2021, 5:04:20 AM
MonkeyDLuffy(MonkeyDLuffy) used a dead_bear 2-7-2021, 5:04:21 AM
MonkeyDLuffy(MonkeyDLuffy) used a dead_bear 2-7-2021, 5:04:21 AM
MonkeyDLuffy(MonkeyDLuffy) used a dead_bear 2-7-2021, 5:04:21 AM
MonkeyDLuffy(MonkeyDLuffy) used a dead_bear 2-7-2021, 5:04:21 AM
MonkeyDLuffy(MonkeyDLuffy) used a dead_bear 2-7-2021, 5:04:21 AM
MonkeyDLuffy(MonkeyDLuffy) used a dead_bear 2-7-2021, 5:04:22 AM
MonkeyDLuffy(MonkeyDLuffy) used a dead_bear 2-7-2021, 5:04:22 AM
MonkeyDLuffy(MonkeyDLuffy) used a dead_bear 2-7-2021, 5:04:22 AM
MonkeyDLuffy(MonkeyDLuffy) used a dead_bear 2-7-2021, 5:04:22 AM
MonkeyDLuffy(MonkeyDLuffy) used a dead_bear 2-7-2021, 5:04:22 AM
MonkeyDLuffy(MonkeyDLuffy) used a dead_bear 2-7-2021, 5:04:23 AM
MonkeyDLuffy(MonkeyDLuffy) used a dead_bear 2-7-2021, 5:04:23 AM
MonkeyDLuffy(MonkeyDLuffy) used a dead_bear 2-7-2021, 5:04:23 AM
MonkeyDLuffy(MonkeyDLuffy) used a dead_bear 2-7-2021, 5:04:23 AM
MonkeyDLuffy(MonkeyDLuffy) used a dead_bear 2-7-2021, 5:04:23 AM
MonkeyDLuffy(MonkeyDLuffy) used a dead_bear 2-7-2021, 5:04:24 AM
MonkeyDLuffy(MonkeyDLuffy) used a dead_bear 2-7-2021, 5:04:24 AM
MonkeyDLuffy(MonkeyDLuffy) used a dead_bear 2-7-2021, 5:04:24 AM
MonkeyDLuffy(MonkeyDLuffy) used a dead_bear 2-7-2021, 5:04:24 AM
MonkeyDLuffy(MonkeyDLuffy) used a dead_bear 2-7-2021, 5:04:24 AM
MonkeyDLuffy(MonkeyDLuffy) used a dead_bear 2-7-2021, 5:04:25 AM
MonkeyDLuffy(MonkeyDLuffy) used a dead_bear 2-7-2021, 5:04:25 AM
MonkeyDLuffy(MonkeyDLuffy) used a dead_bear 2-7-2021, 5:04:25 AM
MonkeyDLuffy(MonkeyDLuffy) used a dead_bear 2-7-2021, 5:04:25 AM
MonkeyDLuffy(MonkeyDLuffy) used a dead_bear 2-7-2021, 5:04:26 AM
MonkeyDLuffy(MonkeyDLuffy) used a dead_bear 2-7-2021, 5:04:26 AM
MonkeyDLuffy(MonkeyDLuffy) used a dead_bear 2-7-2021, 5:04:26 AM
MonkeyDLuffy(MonkeyDLuffy) used a dead_bear 2-7-2021, 5:04:26 AM
MonkeyDLuffy(MonkeyDLuffy) used a dead_bear 2-7-2021, 5:04:26 AM
MonkeyDLuffy(MonkeyDLuffy) used a dead_bear 2-7-2021, 5:04:27 AM
MonkeyDLuffy(MonkeyDLuffy) used a dead_bear 2-7-2021, 5:04:27 AM
MonkeyDLuffy(MonkeyDLuffy) used a dead_bear 2-7-2021, 5:04:27 AM
MonkeyDLuffy(MonkeyDLuffy) used a dead_bear 2-7-2021, 5:04:27 AM
MonkeyDLuffy(MonkeyDLuffy) used a dead_bear 2-7-2021, 5:04:27 AM
MonkeyDLuffy(MonkeyDLuffy) used a dead_bear 2-7-2021, 5:04:28 AM
MonkeyDLuffy(MonkeyDLuffy) used a dead_bear 2-7-2021, 5:04:28 AM
MonkeyDLuffy(MonkeyDLuffy) used a dead_bear 2-7-2021, 5:04:28 AM
MonkeyDLuffy(MonkeyDLuffy) used a dead_bear 2-7-2021, 5:04:28 AM
MonkeyDLuffy(MonkeyDLuffy) used a dead_bear 2-7-2021, 5:04:29 AM
MonkeyDLuffy(MonkeyDLuffy) used a dead_bear 2-7-2021, 5:04:29 AM
MonkeyDLuffy(MonkeyDLuffy) used a dead_bear 2-7-2021, 5:04:29 AM
MonkeyDLuffy(MonkeyDLuffy) used a dead_bear 2-7-2021, 5:04:29 AM
MonkeyDLuffy(MonkeyDLuffy) used a dead_bear 2-7-2021, 5:04:29 AM
MonkeyDLuffy(MonkeyDLuffy) used a dead_bear 2-7-2021, 5:04:30 AM
MonkeyDLuffy(MonkeyDLuffy) used a dead_bear 2-7-2021, 5:04:30 AM
MonkeyDLuffy(MonkeyDLuffy) used a dead_bear 2-7-2021, 5:04:30 AM
MonkeyDLuffy(MonkeyDLuffy) used a dead_bear 2-7-2021, 5:04:30 AM
MonkeyDLuffy(MonkeyDLuffy) used a dead_bear 2-7-2021, 5:04:30 AM
MonkeyDLuffy(MonkeyDLuffy) used a dead_bear 2-7-2021, 5:04:30 AM
MonkeyDLuffy(MonkeyDLuffy) used a dead_bear 2-7-2021, 5:04:31 AM
MonkeyDLuffy(MonkeyDLuffy) used a dead_bear 2-7-2021, 5:04:31 AM
MonkeyDLuffy(MonkeyDLuffy) used a dead_bear 2-7-2021, 5:04:31 AM
MonkeyDLuffy(MonkeyDLuffy) used a dead_bear 2-7-2021, 5:04:31 AM
MonkeyDLuffy(MonkeyDLuffy) used a dead_bear 2-7-2021, 5:04:31 AM
MonkeyDLuffy(MonkeyDLuffy) used a dead_bear 2-7-2021, 5:04:31 AM
MonkeyDLuffy(MonkeyDLuffy) used a dead_bear 2-7-2021, 5:04:32 AM
MonkeyDLuffy(MonkeyDLuffy) used a dead_bear 2-7-2021, 5:04:32 AM
MonkeyDLuffy(MonkeyDLuffy) used a dead_bear 2-7-2021, 5:04:32 AM
MonkeyDLuffy(MonkeyDLuffy) used a dead_bear 2-7-2021, 5:04:32 AM
MonkeyDLuffy(MonkeyDLuffy) used a dead_bear 2-7-2021, 5:04:32 AM
MonkeyDLuffy(MonkeyDLuffy) used a dead_bear 2-7-2021, 5:04:32 AM
MonkeyDLuffy(MonkeyDLuffy) used a dead_bear 2-7-2021, 5:04:32 AM
MonkeyDLuffy(MonkeyDLuffy) used a dead_bear 2-7-2021, 5:04:33 AM
MonkeyDLuffy(MonkeyDLuffy) used a dead_bear 2-7-2021, 5:04:33 AM
MonkeyDLuffy(MonkeyDLuffy) used a dead_bear 2-7-2021, 5:04:33 AM
MonkeyDLuffy(MonkeyDLuffy) used a dead_bear 2-7-2021, 5:04:35 AM
MonkeyDLuffy(MonkeyDLuffy) used a dead_bear 2-7-2021, 5:04:35 AM
MonkeyDLuffy(MonkeyDLuffy) used a dead_bear 2-7-2021, 5:04:35 AM
MonkeyDLuffy(MonkeyDLuffy) used a dead_bear 2-7-2021, 5:04:35 AM
MonkeyDLuffy(MonkeyDLuffy) used a dead_bear 2-7-2021, 5:04:36 AM
MonkeyDLuffy(MonkeyDLuffy) used a dead_bear 2-7-2021, 5:04:36 AM
MonkeyDLuffy(MonkeyDLuffy) used a dead_bear 2-7-2021, 5:04:36 AM
MonkeyDLuffy(MonkeyDLuffy) used a dead_bear 2-7-2021, 5:04:36 AM
MonkeyDLuffy(MonkeyDLuffy) used a dead_bear 2-7-2021, 5:04:37 AM
MonkeyDLuffy(MonkeyDLuffy) used a dead_bear 2-7-2021, 5:04:37 AM
MonkeyDLuffy(MonkeyDLuffy) used a dead_bear 2-7-2021, 5:04:37 AM
MonkeyDLuffy(MonkeyDLuffy) used a dead_bear 2-7-2021, 5:04:37 AM
MonkeyDLuffy(MonkeyDLuffy) used a dead_bear 2-7-2021, 5:04:37 AM
MonkeyDLuffy(MonkeyDLuffy) used a dead_bear 2-7-2021, 5:04:38 AM
MonkeyDLuffy(MonkeyDLuffy) used a dead_bear 2-7-2021, 5:04:38 AM
MonkeyDLuffy(MonkeyDLuffy) used a dead_bear 2-7-2021, 5:04:38 AM
MonkeyDLuffy(MonkeyDLuffy) used a dead_bear 2-7-2021, 5:04:38 AM
MonkeyDLuffy(MonkeyDLuffy) used a dead_bear 2-7-2021, 5:04:38 AM
MonkeyDLuffy(MonkeyDLuffy) used a dead_bear 2-7-2021, 5:04:39 AM
MonkeyDLuffy(MonkeyDLuffy) used a dead_bear 2-7-2021, 5:04:39 AM
MonkeyDLuffy(MonkeyDLuffy) used a dead_bear 2-7-2021, 5:04:39 AM
MonkeyDLuffy(MonkeyDLuffy) used a dead_bear 2-7-2021, 5:04:39 AM
MonkeyDLuffy(MonkeyDLuffy) used a dead_bear 2-7-2021, 5:04:40 AM
MonkeyDLuffy(MonkeyDLuffy) used a dead_bear 2-7-2021, 5:04:40 AM
MonkeyDLuffy(MonkeyDLuffy) used a dead_bear 2-7-2021, 5:04:40 AM
MonkeyDLuffy(MonkeyDLuffy) used a dead_bear 2-7-2021, 5:04:41 AM
MonkeyDLuffy(MonkeyDLuffy) used a dead_bear 2-7-2021, 5:04:41 AM
MonkeyDLuffy(MonkeyDLuffy) used a dead_bear 2-7-2021, 5:04:41 AM
MonkeyDLuffy(MonkeyDLuffy) used a antibiotic 2-7-2021, 5:04:43 AM
MonkeyDLuffy(MonkeyDLuffy) used a dead_bear 2-7-2021, 5:04:43 AM
MonkeyDLuffy(MonkeyDLuffy) used a dead_bear 2-7-2021, 5:04:44 AM
MonkeyDLuffy(MonkeyDLuffy) used a dead_bear 2-7-2021, 5:04:44 AM
MonkeyDLuffy(MonkeyDLuffy) used a dead_bear 2-7-2021, 5:04:44 AM
MonkeyDLuffy(MonkeyDLuffy) used a dead_bear 2-7-2021, 5:04:45 AM
MonkeyDLuffy(MonkeyDLuffy) used a dead_bear 2-7-2021, 5:04:45 AM
MonkeyDLuffy(MonkeyDLuffy) used a dead_bear 2-7-2021, 5:04:45 AM
MonkeyDLuffy(MonkeyDLuffy) used a dead_bear 2-7-2021, 5:04:45 AM
MonkeyDLuffy(MonkeyDLuffy) used a dead_bear 2-7-2021, 5:04:45 AM
MonkeyDLuffy(MonkeyDLuffy) used a dead_bear 2-7-2021, 5:04:46 AM
MonkeyDLuffy(MonkeyDLuffy) used a dead_bear 2-7-2021, 5:04:46 AM
MonkeyDLuffy(MonkeyDLuffy) used a dead_bear 2-7-2021, 5:04:46 AM
MonkeyDLuffy(MonkeyDLuffy) used a dead_bear 2-7-2021, 5:04:46 AM
MonkeyDLuffy(MonkeyDLuffy) used a dead_bear 2-7-2021, 5:04:46 AM
MonkeyDLuffy(MonkeyDLuffy) used a dead_bear 2-7-2021, 5:04:47 AM
MonkeyDLuffy(MonkeyDLuffy) used a dead_bear 2-7-2021, 5:04:47 AM
MonkeyDLuffy(MonkeyDLuffy) used a dead_bear 2-7-2021, 5:04:47 AM
MonkeyDLuffy(MonkeyDLuffy) used a dead_bear 2-7-2021, 5:04:47 AM
MonkeyDLuffy(MonkeyDLuffy) used a dead_bear 2-7-2021, 5:04:47 AM
MonkeyDLuffy(MonkeyDLuffy) used a dead_bear 2-7-2021, 5:04:48 AM
MonkeyDLuffy(MonkeyDLuffy) used a dead_bear 2-7-2021, 5:04:48 AM
MonkeyDLuffy(MonkeyDLuffy) used a dead_bear 2-7-2021, 5:04:48 AM
MonkeyDLuffy(MonkeyDLuffy) used a dead_bear 2-7-2021, 5:04:48 AM
MonkeyDLuffy(MonkeyDLuffy) used a dead_bear 2-7-2021, 5:04:49 AM
MonkeyDLuffy(MonkeyDLuffy) used a dead_bear 2-7-2021, 5:04:49 AM
MonkeyDLuffy(MonkeyDLuffy) used a dead_bear 2-7-2021, 5:04:49 AM
MonkeyDLuffy(MonkeyDLuffy) used a dead_bear 2-7-2021, 5:04:49 AM
MonkeyDLuffy(MonkeyDLuffy) used a dead_bear 2-7-2021, 5:04:49 AM
MonkeyDLuffy(MonkeyDLuffy) used a dead_bear 2-7-2021, 5:04:50 AM
MonkeyDLuffy(MonkeyDLuffy) used a dead_bear 2-7-2021, 5:04:50 AM
MonkeyDLuffy(MonkeyDLuffy) used a dead_bear 2-7-2021, 5:04:50 AM
MonkeyDLuffy(MonkeyDLuffy) used a dead_bear 2-7-2021, 5:04:50 AM
MonkeyDLuffy(MonkeyDLuffy) used a dead_bear 2-7-2021, 5:04:51 AM
MonkeyDLuffy(MonkeyDLuffy) used a dead_bear 2-7-2021, 5:04:51 AM
MonkeyDLuffy(MonkeyDLuffy) used a dead_bear 2-7-2021, 5:04:51 AM
MonkeyDLuffy(MonkeyDLuffy) used a dead_bear 2-7-2021, 5:04:51 AM
MonkeyDLuffy(MonkeyDLuffy) used a dead_bear 2-7-2021, 5:04:51 AM
MonkeyDLuffy(MonkeyDLuffy) used a dead_bear 2-7-2021, 5:04:52 AM
MonkeyDLuffy(MonkeyDLuffy) used a dead_bear 2-7-2021, 5:04:52 AM
MonkeyDLuffy(MonkeyDLuffy) used a dead_bear 2-7-2021, 5:04:52 AM
MonkeyDLuffy(MonkeyDLuffy) used a dead_bear 2-7-2021, 5:04:52 AM
MonkeyDLuffy(MonkeyDLuffy) used a dead_bear 2-7-2021, 5:04:52 AM
MonkeyDLuffy(MonkeyDLuffy) used a dead_bear 2-7-2021, 5:04:53 AM
MonkeyDLuffy(MonkeyDLuffy) used a dead_bear 2-7-2021, 5:04:53 AM
MonkeyDLuffy(MonkeyDLuffy) used a dead_bear 2-7-2021, 5:04:53 AM
MonkeyDLuffy(MonkeyDLuffy) used a dead_bear 2-7-2021, 5:04:54 AM
MonkeyDLuffy(MonkeyDLuffy) used a dead_bear 2-7-2021, 5:04:54 AM
MonkeyDLuffy(MonkeyDLuffy) used a dead_bear 2-7-2021, 5:04:54 AM
MonkeyDLuffy(MonkeyDLuffy) used a dead_bear 2-7-2021, 5:04:54 AM
MonkeyDLuffy(MonkeyDLuffy) used a dead_bear 2-7-2021, 5:04:54 AM
MonkeyDLuffy(MonkeyDLuffy) used a dead_bear 2-7-2021, 5:04:55 AM
MonkeyDLuffy(MonkeyDLuffy) used a dead_bear 2-7-2021, 5:04:55 AM
MonkeyDLuffy(MonkeyDLuffy) used a dead_bear 2-7-2021, 5:04:55 AM
MonkeyDLuffy(MonkeyDLuffy) used a dead_bear 2-7-2021, 5:04:55 AM
MonkeyDLuffy(MonkeyDLuffy) used a dead_bear 2-7-2021, 5:04:56 AM
MonkeyDLuffy(MonkeyDLuffy) used a dead_bear 2-7-2021, 5:04:56 AM
MonkeyDLuffy(MonkeyDLuffy) used a dead_bear 2-7-2021, 5:04:56 AM
MonkeyDLuffy(MonkeyDLuffy) used a dead_bear 2-7-2021, 5:04:56 AM
MonkeyDLuffy(MonkeyDLuffy) used a dead_bear 2-7-2021, 5:04:56 AM
MonkeyDLuffy(MonkeyDLuffy) used a dead_bear 2-7-2021, 5:04:57 AM
MonkeyDLuffy(MonkeyDLuffy) used a dead_bear 2-7-2021, 5:04:57 AM
MonkeyDLuffy(MonkeyDLuffy) used a dead_bear 2-7-2021, 5:04:57 AM
MonkeyDLuffy(MonkeyDLuffy) used a dead_bear 2-7-2021, 5:04:57 AM
MonkeyDLuffy(MonkeyDLuffy) used a dead_bear 2-7-2021, 5:04:57 AM
MonkeyDLuffy(MonkeyDLuffy) used a dead_bear 2-7-2021, 5:04:58 AM
MonkeyDLuffy(MonkeyDLuffy) used a dead_bear 2-7-2021, 5:04:58 AM
MonkeyDLuffy(MonkeyDLuffy) used a dead_bear 2-7-2021, 5:04:58 AM
MonkeyDLuffy(MonkeyDLuffy) used a dead_bear 2-7-2021, 5:04:58 AM
MonkeyDLuffy(MonkeyDLuffy) used a dead_bear 2-7-2021, 5:04:58 AM
MonkeyDLuffy(MonkeyDLuffy) used a dead_bear 2-7-2021, 5:04:59 AM
MonkeyDLuffy(MonkeyDLuffy) used a dead_bear 2-7-2021, 5:04:59 AM
MonkeyDLuffy(MonkeyDLuffy) used a dead_bear 2-7-2021, 5:04:59 AM
MonkeyDLuffy(MonkeyDLuffy) used a dead_bear 2-7-2021, 5:05:00 AM
MonkeyDLuffy(MonkeyDLuffy) used a dead_bear 2-7-2021, 5:05:00 AM
MonkeyDLuffy(MonkeyDLuffy) used a dead_bear 2-7-2021, 5:05:00 AM
MonkeyDLuffy(MonkeyDLuffy) used a dead_bear 2-7-2021, 5:05:00 AM
MonkeyDLuffy(MonkeyDLuffy) used a dead_bear 2-7-2021, 5:05:00 AM
MonkeyDLuffy(MonkeyDLuffy) used a dead_bear 2-7-2021, 5:05:01 AM
MonkeyDLuffy(MonkeyDLuffy) used a dead_bear 2-7-2021, 5:05:01 AM
MonkeyDLuffy(MonkeyDLuffy) used a dead_bear 2-7-2021, 5:05:01 AM
MonkeyDLuffy(MonkeyDLuffy) used a dead_bear 2-7-2021, 5:05:01 AM
MonkeyDLuffy(MonkeyDLuffy) used a dead_bear 2-7-2021, 5:05:02 AM
MonkeyDLuffy(MonkeyDLuffy) used a dead_bear 2-7-2021, 5:05:02 AM
MonkeyDLuffy(MonkeyDLuffy) used a dead_bear 2-7-2021, 5:05:02 AM
MonkeyDLuffy(MonkeyDLuffy) used a dead_bear 2-7-2021, 5:05:02 AM
MonkeyDLuffy(MonkeyDLuffy) used a dead_bear 2-7-2021, 5:05:02 AM
MonkeyDLuffy(MonkeyDLuffy) used a dead_bear 2-7-2021, 5:05:03 AM
MonkeyDLuffy(MonkeyDLuffy) used a dead_bear 2-7-2021, 5:05:03 AM
MonkeyDLuffy(MonkeyDLuffy) used a dead_bear 2-7-2021, 5:05:03 AM
MonkeyDLuffy(MonkeyDLuffy) used a dead_bear 2-7-2021, 5:05:03 AM
MonkeyDLuffy(MonkeyDLuffy) used a dead_bear 2-7-2021, 5:05:03 AM
MonkeyDLuffy(MonkeyDLuffy) used a dead_bear 2-7-2021, 5:05:04 AM
MonkeyDLuffy(MonkeyDLuffy) used a dead_bear 2-7-2021, 5:05:04 AM
MonkeyDLuffy(MonkeyDLuffy) used a dead_bear 2-7-2021, 5:05:04 AM
MonkeyDLuffy(MonkeyDLuffy) used a dead_bear 2-7-2021, 5:05:04 AM
MonkeyDLuffy(MonkeyDLuffy) used a dead_bear 2-7-2021, 5:05:04 AM
MonkeyDLuffy(MonkeyDLuffy) used a dead_bear 2-7-2021, 5:05:05 AM
MonkeyDLuffy(MonkeyDLuffy) used a dead_bear 2-7-2021, 5:05:05 AM
MonkeyDLuffy(MonkeyDLuffy) used a dead_bear 2-7-2021, 5:05:05 AM
MonkeyDLuffy(MonkeyDLuffy) used a dead_bear 2-7-2021, 5:05:05 AM
MonkeyDLuffy(MonkeyDLuffy) used a dead_bear 2-7-2021, 5:05:05 AM
MonkeyDLuffy(MonkeyDLuffy) used a dead_bear 2-7-2021, 5:05:06 AM
MonkeyDLuffy(MonkeyDLuffy) used a dead_bear 2-7-2021, 5:05:06 AM
MonkeyDLuffy(MonkeyDLuffy) used a dead_bear 2-7-2021, 5:05:06 AM
MonkeyDLuffy(MonkeyDLuffy) used a dead_bear 2-7-2021, 5:05:06 AM
MonkeyDLuffy(MonkeyDLuffy) used a dead_bear 2-7-2021, 5:05:06 AM
MonkeyDLuffy(MonkeyDLuffy) used a dead_bear 2-7-2021, 5:05:06 AM
MonkeyDLuffy(MonkeyDLuffy) used a dead_bear 2-7-2021, 5:05:07 AM
MonkeyDLuffy(MonkeyDLuffy) used a dead_bear 2-7-2021, 5:05:07 AM
MonkeyDLuffy(MonkeyDLuffy) used a dead_bear 2-7-2021, 5:05:07 AM
MonkeyDLuffy(MonkeyDLuffy) used a dead_bear 2-7-2021, 5:05:07 AM
MonkeyDLuffy(MonkeyDLuffy) used a dead_bear 2-7-2021, 5:05:07 AM
MonkeyDLuffy(MonkeyDLuffy) used a dead_bear 2-7-2021, 5:05:07 AM
MonkeyDLuffy(MonkeyDLuffy) used a dead_bear 2-7-2021, 5:05:07 AM
MonkeyDLuffy(MonkeyDLuffy) used a dead_bear 2-7-2021, 5:05:08 AM
MonkeyDLuffy(MonkeyDLuffy) used a dead_bear 2-7-2021, 5:05:08 AM
MonkeyDLuffy(MonkeyDLuffy) used a dead_bear 2-7-2021, 5:05:08 AM
MonkeyDLuffy(MonkeyDLuffy) used a dead_bear 2-7-2021, 5:05:08 AM
MonkeyDLuffy(MonkeyDLuffy) used a dead_bear 2-7-2021, 5:05:08 AM
MonkeyDLuffy(MonkeyDLuffy) used a dead_bear 2-7-2021, 5:05:08 AM
MonkeyDLuffy(MonkeyDLuffy) used a dead_bear 2-7-2021, 5:05:09 AM
MonkeyDLuffy(MonkeyDLuffy) used a dead_bear 2-7-2021, 5:05:09 AM
MonkeyDLuffy(MonkeyDLuffy) used a dead_bear 2-7-2021, 5:05:09 AM
MonkeyDLuffy(MonkeyDLuffy) used a dead_bear 2-7-2021, 5:05:09 AM
MonkeyDLuffy(MonkeyDLuffy) used a dead_bear 2-7-2021, 5:05:09 AM
MonkeyDLuffy(MonkeyDLuffy) used a dead_bear 2-7-2021, 5:05:09 AM
MonkeyDLuffy(MonkeyDLuffy) used a dead_bear 2-7-2021, 5:05:09 AM
MonkeyDLuffy(MonkeyDLuffy) used a dead_bear 2-7-2021, 5:05:10 AM
MonkeyDLuffy(MonkeyDLuffy) used a dead_bear 2-7-2021, 5:05:10 AM
MonkeyDLuffy(MonkeyDLuffy) used a dead_bear 2-7-2021, 5:05:10 AM
MonkeyDLuffy(MonkeyDLuffy) used a dead_bear 2-7-2021, 5:05:10 AM
MonkeyDLuffy(MonkeyDLuffy) used a dead_bear 2-7-2021, 5:05:10 AM
MonkeyDLuffy(MonkeyDLuffy) used a dead_bear 2-7-2021, 5:05:11 AM
MonkeyDLuffy(MonkeyDLuffy) used a dead_bear 2-7-2021, 5:05:11 AM
MonkeyDLuffy(MonkeyDLuffy) used a dead_bear 2-7-2021, 5:05:11 AM
MonkeyDLuffy(MonkeyDLuffy) used a dead_bear 2-7-2021, 5:05:11 AM
MonkeyDLuffy(MonkeyDLuffy) used a dead_bear 2-7-2021, 5:05:11 AM
MonkeyDLuffy(MonkeyDLuffy) used a dead_bear 2-7-2021, 5:05:12 AM
MonkeyDLuffy(MonkeyDLuffy) used a dead_bear 2-7-2021, 5:05:12 AM
MonkeyDLuffy(MonkeyDLuffy) used a dead_bear 2-7-2021, 5:05:12 AM
MonkeyDLuffy(MonkeyDLuffy) used a dead_bear 2-7-2021, 5:05:12 AM
MonkeyDLuffy(MonkeyDLuffy) used a dead_bear 2-7-2021, 5:05:12 AM
MonkeyDLuffy(MonkeyDLuffy) used a dead_bear 2-7-2021, 5:05:13 AM
MonkeyDLuffy(MonkeyDLuffy) used a dead_bear 2-7-2021, 5:05:13 AM
MonkeyDLuffy(MonkeyDLuffy) used a dead_bear 2-7-2021, 5:05:13 AM
MonkeyDLuffy(MonkeyDLuffy) used a dead_bear 2-7-2021, 5:05:13 AM
MonkeyDLuffy(MonkeyDLuffy) used a dead_bear 2-7-2021, 5:05:13 AM
MonkeyDLuffy(MonkeyDLuffy) used a dead_bear 2-7-2021, 5:05:14 AM
MonkeyDLuffy(MonkeyDLuffy) used a dead_bear 2-7-2021, 5:05:14 AM
MonkeyDLuffy(MonkeyDLuffy) used a dead_bear 2-7-2021, 5:05:14 AM
MonkeyDLuffy(MonkeyDLuffy) used a dead_bear 2-7-2021, 5:05:14 AM
MonkeyDLuffy(MonkeyDLuffy) used a dead_bear 2-7-2021, 5:05:14 AM
MonkeyDLuffy(MonkeyDLuffy) used a dead_bear 2-7-2021, 5:05:15 AM
MonkeyDLuffy(MonkeyDLuffy) used a dead_bear 2-7-2021, 5:05:15 AM
MonkeyDLuffy(MonkeyDLuffy) used a dead_bear 2-7-2021, 5:05:15 AM
MonkeyDLuffy(MonkeyDLuffy) used a dead_bear 2-7-2021, 5:05:15 AM
MonkeyDLuffy(MonkeyDLuffy) used a dead_bear 2-7-2021, 5:05:15 AM
MonkeyDLuffy(MonkeyDLuffy) used a dead_bear 2-7-2021, 5:05:16 AM
MonkeyDLuffy(MonkeyDLuffy) used a dead_bear 2-7-2021, 5:05:16 AM
MonkeyDLuffy(MonkeyDLuffy) used a dead_bear 2-7-2021, 5:05:16 AM
MonkeyDLuffy(MonkeyDLuffy) used a dead_bear 2-7-2021, 5:05:16 AM
MonkeyDLuffy(MonkeyDLuffy) used a dead_bear 2-7-2021, 5:05:16 AM
MonkeyDLuffy(MonkeyDLuffy) used a dead_bear 2-7-2021, 5:05:16 AM
MonkeyDLuffy(MonkeyDLuffy) used a dead_bear 2-7-2021, 5:05:18 AM
MonkeyDLuffy(MonkeyDLuffy) used a dead_bear 2-7-2021, 5:05:18 AM
MonkeyDLuffy(MonkeyDLuffy) used a dead_bear 2-7-2021, 5:05:18 AM
MonkeyDLuffy(MonkeyDLuffy) used a dead_bear 2-7-2021, 5:05:18 AM
MonkeyDLuffy(MonkeyDLuffy) used a dead_bear 2-7-2021, 5:05:18 AM
MonkeyDLuffy(MonkeyDLuffy) used a dead_bear 2-7-2021, 5:05:19 AM
MonkeyDLuffy(MonkeyDLuffy) used a dead_bear 2-7-2021, 5:05:19 AM
MonkeyDLuffy(MonkeyDLuffy) used a dead_bear 2-7-2021, 5:05:19 AM
MonkeyDLuffy(MonkeyDLuffy) used a dead_bear 2-7-2021, 5:05:19 AM
MonkeyDLuffy(MonkeyDLuffy) used a dead_bear 2-7-2021, 5:05:19 AM
MonkeyDLuffy(MonkeyDLuffy) used a dead_bear 2-7-2021, 5:05:19 AM
MonkeyDLuffy(MonkeyDLuffy) used a dead_bear 2-7-2021, 5:05:20 AM
MonkeyDLuffy(MonkeyDLuffy) used a dead_bear 2-7-2021, 5:05:20 AM
MonkeyDLuffy(MonkeyDLuffy) used a dead_bear 2-7-2021, 5:05:20 AM
MonkeyDLuffy(MonkeyDLuffy) used a dead_bear 2-7-2021, 5:05:20 AM
MonkeyDLuffy(MonkeyDLuffy) used a dead_bear 2-7-2021, 5:05:21 AM
MonkeyDLuffy(MonkeyDLuffy) used a dead_bear 2-7-2021, 5:05:21 AM
MonkeyDLuffy(MonkeyDLuffy) used a dead_bear 2-7-2021, 5:05:21 AM
MonkeyDLuffy(MonkeyDLuffy) used a dead_bear 2-7-2021, 5:05:21 AM
MonkeyDLuffy(MonkeyDLuffy) used a dead_bear 2-7-2021, 5:05:22 AM
MonkeyDLuffy(MonkeyDLuffy) used a dead_bear 2-7-2021, 5:05:22 AM
MonkeyDLuffy(MonkeyDLuffy) used a dead_bear 2-7-2021, 5:05:22 AM
MonkeyDLuffy(MonkeyDLuffy) used a dead_bear 2-7-2021, 5:05:23 AM
MonkeyDLuffy(MonkeyDLuffy) used a dead_bear 2-7-2021, 5:05:23 AM
MonkeyDLuffy(MonkeyDLuffy) used a dead_bear 2-7-2021, 5:05:23 AM
MonkeyDLuffy(MonkeyDLuffy) used a dead_bear 2-7-2021, 5:05:23 AM
MonkeyDLuffy(MonkeyDLuffy) used a dead_bear 2-7-2021, 5:05:23 AM
MonkeyDLuffy(MonkeyDLuffy) used a dead_bear 2-7-2021, 5:05:23 AM
MonkeyDLuffy(MonkeyDLuffy) used a dead_bear 2-7-2021, 5:05:24 AM
MonkeyDLuffy(MonkeyDLuffy) used a dead_bear 2-7-2021, 5:05:24 AM
MonkeyDLuffy(MonkeyDLuffy) used a dead_bear 2-7-2021, 5:05:24 AM
MonkeyDLuffy(MonkeyDLuffy) used a dead_bear 2-7-2021, 5:05:24 AM
MonkeyDLuffy(MonkeyDLuffy) used a dead_bear 2-7-2021, 5:05:24 AM
MonkeyDLuffy(MonkeyDLuffy) used a dead_bear 2-7-2021, 5:05:24 AM
MonkeyDLuffy(MonkeyDLuffy) used a dead_bear 2-7-2021, 5:05:25 AM
MonkeyDLuffy(MonkeyDLuffy) used a dead_bear 2-7-2021, 5:05:25 AM
MonkeyDLuffy(MonkeyDLuffy) used a dead_bear 2-7-2021, 5:05:25 AM
MonkeyDLuffy(MonkeyDLuffy) used a dead_bear 2-7-2021, 5:05:25 AM
MonkeyDLuffy(MonkeyDLuffy) used a dead_bear 2-7-2021, 5:05:26 AM
MonkeyDLuffy(MonkeyDLuffy) used a dead_bear 2-7-2021, 5:05:26 AM
MonkeyDLuffy(MonkeyDLuffy) used a dead_bear 2-7-2021, 5:05:26 AM
MonkeyDLuffy(MonkeyDLuffy) used a dead_bear 2-7-2021, 5:05:26 AM
MonkeyDLuffy(MonkeyDLuffy) used a dead_bear 2-7-2021, 5:05:27 AM
MonkeyDLuffy(MonkeyDLuffy) used a dead_bear 2-7-2021, 5:05:27 AM
MonkeyDLuffy(MonkeyDLuffy) used a dead_bear 2-7-2021, 5:05:27 AM
MonkeyDLuffy(MonkeyDLuffy) used a dead_bear 2-7-2021, 5:05:27 AM
MonkeyDLuffy(MonkeyDLuffy) used a dead_bear 2-7-2021, 5:05:27 AM
MonkeyDLuffy(MonkeyDLuffy) used a dead_bear 2-7-2021, 5:05:27 AM
MonkeyDLuffy(MonkeyDLuffy) used a dead_bear 2-7-2021, 5:05:28 AM
MonkeyDLuffy(MonkeyDLuffy) used a dead_bear 2-7-2021, 5:05:28 AM
MonkeyDLuffy(MonkeyDLuffy) used a dead_bear 2-7-2021, 5:05:28 AM
MonkeyDLuffy(MonkeyDLuffy) used a dead_bear 2-7-2021, 5:05:28 AM
MonkeyDLuffy(MonkeyDLuffy) used a dead_bear 2-7-2021, 5:05:28 AM
MonkeyDLuffy(MonkeyDLuffy) used a dead_bear 2-7-2021, 5:05:29 AM
MonkeyDLuffy(MonkeyDLuffy) used a dead_bear 2-7-2021, 5:05:29 AM
MonkeyDLuffy(MonkeyDLuffy) used a dead_bear 2-7-2021, 5:05:29 AM
MonkeyDLuffy(MonkeyDLuffy) used a dead_bear 2-7-2021, 5:05:29 AM
MonkeyDLuffy(MonkeyDLuffy) used a dead_bear 2-7-2021, 5:05:29 AM
MonkeyDLuffy(MonkeyDLuffy) used a dead_bear 2-7-2021, 5:05:30 AM
MonkeyDLuffy(MonkeyDLuffy) used a dead_bear 2-7-2021, 5:05:30 AM
MonkeyDLuffy(MonkeyDLuffy) used a dead_bear 2-7-2021, 5:05:30 AM
MonkeyDLuffy(MonkeyDLuffy) used a dead_bear 2-7-2021, 5:05:30 AM
MonkeyDLuffy(MonkeyDLuffy) used a dead_bear 2-7-2021, 5:05:30 AM
MonkeyDLuffy(MonkeyDLuffy) used a dead_bear 2-7-2021, 5:05:31 AM
MonkeyDLuffy(MonkeyDLuffy) used a dead_bear 2-7-2021, 5:05:31 AM
MonkeyDLuffy(MonkeyDLuffy) used a dead_bear 2-7-2021, 5:05:31 AM
MonkeyDLuffy(MonkeyDLuffy) used a dead_bear 2-7-2021, 5:05:31 AM
MonkeyDLuffy(MonkeyDLuffy) used a dead_bear 2-7-2021, 5:05:31 AM
MonkeyDLuffy(MonkeyDLuffy) used a dead_bear 2-7-2021, 5:05:32 AM
MonkeyDLuffy(MonkeyDLuffy) used a dead_bear 2-7-2021, 5:05:32 AM
MonkeyDLuffy(MonkeyDLuffy) used a dead_bear 2-7-2021, 5:05:32 AM
MonkeyDLuffy(MonkeyDLuffy) used a dead_bear 2-7-2021, 5:05:32 AM
MonkeyDLuffy(MonkeyDLuffy) used a dead_bear 2-7-2021, 5:05:32 AM
MonkeyDLuffy(MonkeyDLuffy) used a dead_bear 2-7-2021, 5:05:33 AM
MonkeyDLuffy(MonkeyDLuffy) used a dead_bear 2-7-2021, 5:05:33 AM
MonkeyDLuffy(MonkeyDLuffy) used a dead_bear 2-7-2021, 5:05:33 AM
MonkeyDLuffy(MonkeyDLuffy) used a dead_bear 2-7-2021, 5:05:33 AM
MonkeyDLuffy(MonkeyDLuffy) used a dead_bear 2-7-2021, 5:05:33 AM
MonkeyDLuffy(MonkeyDLuffy) used a dead_bear 2-7-2021, 5:05:34 AM
MonkeyDLuffy(MonkeyDLuffy) used a dead_bear 2-7-2021, 5:05:34 AM
MonkeyDLuffy(MonkeyDLuffy) used a dead_bear 2-7-2021, 5:05:34 AM
MonkeyDLuffy(MonkeyDLuffy) used a dead_bear 2-7-2021, 5:05:34 AM
MonkeyDLuffy(MonkeyDLuffy) used a dead_bear 2-7-2021, 5:05:35 AM
MonkeyDLuffy(MonkeyDLuffy) used a dead_bear 2-7-2021, 5:05:35 AM
MonkeyDLuffy(MonkeyDLuffy) used a dead_bear 2-7-2021, 5:05:35 AM
MonkeyDLuffy(MonkeyDLuffy) used a dead_bear 2-7-2021, 5:05:35 AM
MonkeyDLuffy(MonkeyDLuffy) used a dead_bear 2-7-2021, 5:05:35 AM
MonkeyDLuffy(MonkeyDLuffy) used a dead_bear 2-7-2021, 5:05:36 AM
MonkeyDLuffy(MonkeyDLuffy) used a dead_bear 2-7-2021, 5:05:36 AM
MonkeyDLuffy(MonkeyDLuffy) used a dead_bear 2-7-2021, 5:05:36 AM
MonkeyDLuffy(MonkeyDLuffy) used a dead_bear 2-7-2021, 5:05:36 AM
MonkeyDLuffy(MonkeyDLuffy) used a dead_bear 2-7-2021, 5:05:36 AM
MonkeyDLuffy(MonkeyDLuffy) used a dead_bear 2-7-2021, 5:05:37 AM
MonkeyDLuffy(MonkeyDLuffy) used a dead_bear 2-7-2021, 5:05:37 AM
MonkeyDLuffy(MonkeyDLuffy) used a dead_bear 2-7-2021, 5:05:37 AM
MonkeyDLuffy(MonkeyDLuffy) used a dead_bear 2-7-2021, 5:05:37 AM
MonkeyDLuffy(MonkeyDLuffy) used a dead_bear 2-7-2021, 5:05:37 AM
MonkeyDLuffy(MonkeyDLuffy) used a dead_bear 2-7-2021, 5:05:38 AM
MonkeyDLuffy(MonkeyDLuffy) used a dead_bear 2-7-2021, 5:05:38 AM
MonkeyDLuffy(MonkeyDLuffy) used a dead_bear 2-7-2021, 5:05:38 AM
MonkeyDLuffy(MonkeyDLuffy) used a dead_bear 2-7-2021, 5:05:38 AM
MonkeyDLuffy(MonkeyDLuffy) used a dead_bear 2-7-2021, 5:05:38 AM
MonkeyDLuffy(MonkeyDLuffy) used a dead_bear 2-7-2021, 5:05:39 AM
MonkeyDLuffy(MonkeyDLuffy) used a dead_bear 2-7-2021, 5:05:39 AM
MonkeyDLuffy(MonkeyDLuffy) used a dead_bear 2-7-2021, 5:05:39 AM
MonkeyDLuffy(MonkeyDLuffy) used a dead_bear 2-7-2021, 5:05:39 AM
MonkeyDLuffy(MonkeyDLuffy) used a dead_bear 2-7-2021, 5:05:39 AM
MonkeyDLuffy(MonkeyDLuffy) used a dead_bear 2-7-2021, 5:05:40 AM
MonkeyDLuffy(MonkeyDLuffy) used a dead_bear 2-7-2021, 5:05:40 AM
MonkeyDLuffy(MonkeyDLuffy) used a dead_bear 2-7-2021, 5:05:40 AM
MonkeyDLuffy(MonkeyDLuffy) used a dead_bear 2-7-2021, 5:05:40 AM
MonkeyDLuffy(MonkeyDLuffy) used a dead_bear 2-7-2021, 5:05:40 AM
MonkeyDLuffy(MonkeyDLuffy) used a dead_bear 2-7-2021, 5:05:41 AM
MonkeyDLuffy(MonkeyDLuffy) used a dead_bear 2-7-2021, 5:05:41 AM
MonkeyDLuffy(MonkeyDLuffy) used a dead_bear 2-7-2021, 5:05:41 AM
MonkeyDLuffy(MonkeyDLuffy) used a dead_bear 2-7-2021, 5:05:41 AM
MonkeyDLuffy(MonkeyDLuffy) used a dead_bear 2-7-2021, 5:05:41 AM
MonkeyDLuffy(MonkeyDLuffy) used a dead_bear 2-7-2021, 5:05:42 AM
MonkeyDLuffy(MonkeyDLuffy) used a dead_bear 2-7-2021, 5:05:42 AM
MonkeyDLuffy(MonkeyDLuffy) used a dead_bear 2-7-2021, 5:05:42 AM
MonkeyDLuffy(MonkeyDLuffy) used a dead_bear 2-7-2021, 5:05:42 AM
MonkeyDLuffy(MonkeyDLuffy) used a dead_bear 2-7-2021, 5:05:42 AM
MonkeyDLuffy(MonkeyDLuffy) used a dead_bear 2-7-2021, 5:05:43 AM
MonkeyDLuffy(MonkeyDLuffy) used a dead_bear 2-7-2021, 5:05:43 AM
MonkeyDLuffy(MonkeyDLuffy) used a dead_bear 2-7-2021, 5:05:43 AM
MonkeyDLuffy(MonkeyDLuffy) used a dead_bear 2-7-2021, 5:05:43 AM
MonkeyDLuffy(MonkeyDLuffy) used a dead_bear 2-7-2021, 5:05:44 AM
MonkeyDLuffy(MonkeyDLuffy) used a dead_bear 2-7-2021, 5:05:44 AM
MonkeyDLuffy(MonkeyDLuffy) used a dead_bear 2-7-2021, 5:05:44 AM
MonkeyDLuffy(MonkeyDLuffy) used a dead_bear 2-7-2021, 5:05:44 AM
MonkeyDLuffy(MonkeyDLuffy) used a dead_bear 2-7-2021, 5:05:44 AM
MonkeyDLuffy(MonkeyDLuffy) used a dead_bear 2-7-2021, 5:05:45 AM
MonkeyDLuffy(MonkeyDLuffy) used a dead_bear 2-7-2021, 5:05:45 AM
MonkeyDLuffy(MonkeyDLuffy) used a dead_bear 2-7-2021, 5:05:45 AM
MonkeyDLuffy(MonkeyDLuffy) used a dead_bear 2-7-2021, 5:05:45 AM
MonkeyDLuffy(MonkeyDLuffy) used a dead_bear 2-7-2021, 5:05:45 AM
MonkeyDLuffy(MonkeyDLuffy) used a dead_bear 2-7-2021, 5:05:46 AM
MonkeyDLuffy(MonkeyDLuffy) used a dead_bear 2-7-2021, 5:05:46 AM
MonkeyDLuffy(MonkeyDLuffy) used a dead_bear 2-7-2021, 5:05:46 AM
MonkeyDLuffy(MonkeyDLuffy) used a dead_bear 2-7-2021, 5:05:47 AM
MonkeyDLuffy(MonkeyDLuffy) used a dead_bear 2-7-2021, 5:05:47 AM
MonkeyDLuffy(MonkeyDLuffy) used a dead_bear 2-7-2021, 5:05:47 AM
MonkeyDLuffy(MonkeyDLuffy) used a dead_bear 2-7-2021, 5:05:47 AM
MonkeyDLuffy(MonkeyDLuffy) used a dead_bear 2-7-2021, 5:05:47 AM
MonkeyDLuffy(MonkeyDLuffy) used a dead_bear 2-7-2021, 5:05:48 AM
MonkeyDLuffy(MonkeyDLuffy) used a dead_bear 2-7-2021, 5:05:48 AM
MonkeyDLuffy(MonkeyDLuffy) used a dead_bear 2-7-2021, 5:05:48 AM
MonkeyDLuffy(MonkeyDLuffy) used a dead_bear 2-7-2021, 5:05:48 AM
MonkeyDLuffy(MonkeyDLuffy) used a dead_bear 2-7-2021, 5:05:48 AM
MonkeyDLuffy(MonkeyDLuffy) used a dead_bear 2-7-2021, 5:05:49 AM
MonkeyDLuffy(MonkeyDLuffy) used a dead_bear 2-7-2021, 5:05:49 AM
MonkeyDLuffy(MonkeyDLuffy) used a dead_bear 2-7-2021, 5:05:49 AM
MonkeyDLuffy(MonkeyDLuffy) used a dead_bear 2-7-2021, 5:05:49 AM
MonkeyDLuffy(MonkeyDLuffy) used a dead_bear 2-7-2021, 5:05:49 AM
MonkeyDLuffy(MonkeyDLuffy) used a dead_bear 2-7-2021, 5:05:50 AM
MonkeyDLuffy(MonkeyDLuffy) used a dead_bear 2-7-2021, 5:05:50 AM
MonkeyDLuffy(MonkeyDLuffy) used a dead_bear 2-7-2021, 5:05:50 AM
MonkeyDLuffy(MonkeyDLuffy) used a dead_bear 2-7-2021, 5:05:50 AM
MonkeyDLuffy(MonkeyDLuffy) used a dead_bear 2-7-2021, 5:05:51 AM
MonkeyDLuffy(MonkeyDLuffy) used a dead_bear 2-7-2021, 5:05:51 AM
MonkeyDLuffy(MonkeyDLuffy) used a dead_bear 2-7-2021, 5:05:51 AM
MonkeyDLuffy(MonkeyDLuffy) used a dead_bear 2-7-2021, 5:05:51 AM
MonkeyDLuffy(MonkeyDLuffy) used a dead_bear 2-7-2021, 5:05:51 AM
MonkeyDLuffy(MonkeyDLuffy) used a dead_bear 2-7-2021, 5:05:52 AM
MonkeyDLuffy(MonkeyDLuffy) used a dead_bear 2-7-2021, 5:05:52 AM
MonkeyDLuffy(MonkeyDLuffy) used a dead_bear 2-7-2021, 5:05:52 AM
MonkeyDLuffy(MonkeyDLuffy) used a dead_bear 2-7-2021, 5:05:52 AM
MonkeyDLuffy(MonkeyDLuffy) used a dead_bear 2-7-2021, 5:05:53 AM
MonkeyDLuffy(MonkeyDLuffy) used a dead_bear 2-7-2021, 5:05:53 AM
MonkeyDLuffy(MonkeyDLuffy) used a dead_bear 2-7-2021, 5:05:53 AM
MonkeyDLuffy(MonkeyDLuffy) used a dead_bear 2-7-2021, 5:05:53 AM
MonkeyDLuffy(MonkeyDLuffy) used a dead_bear 2-7-2021, 5:05:53 AM
MonkeyDLuffy(MonkeyDLuffy) used a dead_bear 2-7-2021, 5:05:54 AM
MonkeyDLuffy(MonkeyDLuffy) used a dead_bear 2-7-2021, 5:05:54 AM
MonkeyDLuffy(MonkeyDLuffy) used a dead_bear 2-7-2021, 5:05:54 AM
MonkeyDLuffy(MonkeyDLuffy) used a dead_bear 2-7-2021, 5:05:54 AM
MonkeyDLuffy(MonkeyDLuffy) used a dead_bear 2-7-2021, 5:05:54 AM
MonkeyDLuffy(MonkeyDLuffy) used a dead_bear 2-7-2021, 5:05:55 AM
MonkeyDLuffy(MonkeyDLuffy) used a dead_bear 2-7-2021, 5:05:55 AM
MonkeyDLuffy(MonkeyDLuffy) used a dead_bear 2-7-2021, 5:05:55 AM
MonkeyDLuffy(MonkeyDLuffy) used a dead_bear 2-7-2021, 5:05:55 AM
MonkeyDLuffy(MonkeyDLuffy) used a dead_bear 2-7-2021, 5:05:56 AM
MonkeyDLuffy(MonkeyDLuffy) used a dead_bear 2-7-2021, 5:05:56 AM
MonkeyDLuffy(MonkeyDLuffy) used a dead_bear 2-7-2021, 5:05:56 AM
MonkeyDLuffy(MonkeyDLuffy) used a dead_bear 2-7-2021, 5:05:56 AM
MonkeyDLuffy(MonkeyDLuffy) used a dead_bear 2-7-2021, 5:05:56 AM
MonkeyDLuffy(MonkeyDLuffy) used a dead_bear 2-7-2021, 5:05:57 AM
MonkeyDLuffy(MonkeyDLuffy) used a dead_bear 2-7-2021, 5:05:57 AM
MonkeyDLuffy(MonkeyDLuffy) used a dead_bear 2-7-2021, 5:05:57 AM
MonkeyDLuffy(MonkeyDLuffy) used a dead_bear 2-7-2021, 5:05:57 AM
MonkeyDLuffy(MonkeyDLuffy) used a dead_bear 2-7-2021, 5:05:57 AM
MonkeyDLuffy(MonkeyDLuffy) used a dead_bear 2-7-2021, 5:05:58 AM
MonkeyDLuffy(MonkeyDLuffy) used a dead_bear 2-7-2021, 5:05:58 AM
MonkeyDLuffy(MonkeyDLuffy) used a dead_bear 2-7-2021, 5:05:58 AM
MonkeyDLuffy(MonkeyDLuffy) used a dead_bear 2-7-2021, 5:05:58 AM
MonkeyDLuffy(MonkeyDLuffy) used a dead_bear 2-7-2021, 5:05:58 AM
MonkeyDLuffy(MonkeyDLuffy) used a dead_bear 2-7-2021, 5:05:59 AM
MonkeyDLuffy(MonkeyDLuffy) used a dead_bear 2-7-2021, 5:05:59 AM
MonkeyDLuffy(MonkeyDLuffy) used a dead_bear 2-7-2021, 5:05:59 AM
MonkeyDLuffy(MonkeyDLuffy) used a dead_bear 2-7-2021, 5:05:59 AM
MonkeyDLuffy(MonkeyDLuffy) used a dead_bear 2-7-2021, 5:05:59 AM
MonkeyDLuffy(MonkeyDLuffy) used a dead_bear 2-7-2021, 5:06:00 AM
MonkeyDLuffy(MonkeyDLuffy) used a dead_bear 2-7-2021, 5:06:00 AM
MonkeyDLuffy(MonkeyDLuffy) used a dead_bear 2-7-2021, 5:06:00 AM
MonkeyDLuffy(MonkeyDLuffy) used a dead_bear 2-7-2021, 5:06:00 AM
MonkeyDLuffy(MonkeyDLuffy) used a dead_bear 2-7-2021, 5:06:01 AM
MonkeyDLuffy(MonkeyDLuffy) used a dead_bear 2-7-2021, 5:06:01 AM
MonkeyDLuffy(MonkeyDLuffy) used a dead_bear 2-7-2021, 5:06:01 AM
MonkeyDLuffy(MonkeyDLuffy) used a dead_bear 2-7-2021, 5:06:01 AM
MonkeyDLuffy(MonkeyDLuffy) used a dead_bear 2-7-2021, 5:06:01 AM
MonkeyDLuffy(MonkeyDLuffy) used a dead_bear 2-7-2021, 5:06:02 AM
MonkeyDLuffy(MonkeyDLuffy) used a dead_bear 2-7-2021, 5:06:02 AM
MonkeyDLuffy(MonkeyDLuffy) used a dead_bear 2-7-2021, 5:06:02 AM
MonkeyDLuffy(MonkeyDLuffy) used a dead_bear 2-7-2021, 5:06:02 AM
MonkeyDLuffy(MonkeyDLuffy) used a dead_bear 2-7-2021, 5:06:02 AM
MonkeyDLuffy(MonkeyDLuffy) used a dead_bear 2-7-2021, 5:06:03 AM
MonkeyDLuffy(MonkeyDLuffy) used a dead_bear 2-7-2021, 5:06:03 AM
MonkeyDLuffy(MonkeyDLuffy) used a dead_bear 2-7-2021, 5:06:03 AM
MonkeyDLuffy(MonkeyDLuffy) used a dead_bear 2-7-2021, 5:06:04 AM
MonkeyDLuffy(MonkeyDLuffy) used a dead_bear 2-7-2021, 5:06:04 AM
MonkeyDLuffy(MonkeyDLuffy) used a dead_bear 2-7-2021, 5:06:04 AM
MonkeyDLuffy(MonkeyDLuffy) used a dead_bear 2-7-2021, 5:06:04 AM
MonkeyDLuffy(MonkeyDLuffy) used a dead_bear 2-7-2021, 5:06:04 AM
MonkeyDLuffy(MonkeyDLuffy) used a dead_bear 2-7-2021, 5:06:05 AM
MonkeyDLuffy(MonkeyDLuffy) used a dead_bear 2-7-2021, 5:06:05 AM
MonkeyDLuffy(MonkeyDLuffy) used a dead_bear 2-7-2021, 5:06:05 AM
MonkeyDLuffy(MonkeyDLuffy) used a dead_bear 2-7-2021, 5:06:05 AM
MonkeyDLuffy(MonkeyDLuffy) used a antibiotic 2-7-2021, 5:06:06 AM
MonkeyDLuffy(MonkeyDLuffy) used a dead_bear 2-7-2021, 5:06:06 AM
MonkeyDLuffy(MonkeyDLuffy) used a dead_bear 2-7-2021, 5:06:07 AM
MonkeyDLuffy(MonkeyDLuffy) used a dead_bear 2-7-2021, 5:06:07 AM
MonkeyDLuffy(MonkeyDLuffy) used a dead_bear 2-7-2021, 5:06:07 AM
MonkeyDLuffy(MonkeyDLuffy) used a dead_bear 2-7-2021, 5:06:07 AM
MonkeyDLuffy(MonkeyDLuffy) used a dead_bear 2-7-2021, 5:06:08 AM
MonkeyDLuffy(MonkeyDLuffy) used a dead_bear 2-7-2021, 5:06:08 AM
MonkeyDLuffy(MonkeyDLuffy) used a dead_bear 2-7-2021, 5:06:09 AM
MonkeyDLuffy(MonkeyDLuffy) used a dead_bear 2-7-2021, 5:06:09 AM
MonkeyDLuffy(MonkeyDLuffy) used a dead_bear 2-7-2021, 5:06:09 AM
MonkeyDLuffy(MonkeyDLuffy) used a dead_bear 2-7-2021, 5:06:09 AM
MonkeyDLuffy(MonkeyDLuffy) used a dead_bear 2-7-2021, 5:06:10 AM
MonkeyDLuffy(MonkeyDLuffy) used a dead_bear 2-7-2021, 5:06:10 AM
MonkeyDLuffy(MonkeyDLuffy) used a dead_bear 2-7-2021, 5:06:11 AM
MonkeyDLuffy(MonkeyDLuffy) used a dead_bear 2-7-2021, 5:06:11 AM
MonkeyDLuffy(MonkeyDLuffy) used a dead_bear 2-7-2021, 5:06:11 AM
MonkeyDLuffy(MonkeyDLuffy) used a dead_bear 2-7-2021, 5:06:11 AM
MonkeyDLuffy(MonkeyDLuffy) used a dead_bear 2-7-2021, 5:06:12 AM
MonkeyDLuffy(MonkeyDLuffy) used a dead_bear 2-7-2021, 5:06:12 AM
MonkeyDLuffy(MonkeyDLuffy) used a dead_bear 2-7-2021, 5:06:12 AM
MonkeyDLuffy(MonkeyDLuffy) used a dead_bear 2-7-2021, 5:06:12 AM
MonkeyDLuffy(MonkeyDLuffy) used a dead_bear 2-7-2021, 5:06:17 AM
MonkeyDLuffy(MonkeyDLuffy) used a dead_bear 2-7-2021, 5:06:18 AM
MonkeyDLuffy(MonkeyDLuffy) used a dead_bear 2-7-2021, 5:06:18 AM
MonkeyDLuffy(MonkeyDLuffy) used a dead_bear 2-7-2021, 5:06:18 AM
MonkeyDLuffy(MonkeyDLuffy) used a antibiotic 2-7-2021, 5:06:19 AM
MonkeyDLuffy(MonkeyDLuffy) used a antibiotic 2-7-2021, 5:06:20 AM
MonkeyDLuffy(MonkeyDLuffy) used a antibiotic 2-7-2021, 5:06:20 AM
MonkeyDLuffy(MonkeyDLuffy) used a dead_bear 2-7-2021, 5:06:21 AM
MonkeyDLuffy(MonkeyDLuffy) used a dead_bear 2-7-2021, 5:06:21 AM
MonkeyDLuffy(MonkeyDLuffy) used a dead_bear 2-7-2021, 5:06:21 AM
MonkeyDLuffy(MonkeyDLuffy) used a dead_bear 2-7-2021, 5:06:22 AM
MonkeyDLuffy(MonkeyDLuffy) used a dead_bear 2-7-2021, 5:06:22 AM
MonkeyDLuffy(MonkeyDLuffy) used a dead_bear 2-7-2021, 5:06:22 AM
MonkeyDLuffy(MonkeyDLuffy) used a dead_bear 2-7-2021, 5:06:22 AM
MonkeyDLuffy(MonkeyDLuffy) used a dead_bear 2-7-2021, 5:06:22 AM
MonkeyDLuffy(MonkeyDLuffy) used a dead_bear 2-7-2021, 5:06:23 AM
MonkeyDLuffy(MonkeyDLuffy) used a dead_bear 2-7-2021, 5:06:23 AM
MonkeyDLuffy(MonkeyDLuffy) used a dead_bear 2-7-2021, 5:06:23 AM
MonkeyDLuffy(MonkeyDLuffy) used a dead_bear 2-7-2021, 5:06:23 AM
MonkeyDLuffy(MonkeyDLuffy) used a dead_bear 2-7-2021, 5:06:23 AM
MonkeyDLuffy(MonkeyDLuffy) used a dead_bear 2-7-2021, 5:06:24 AM
MonkeyDLuffy(MonkeyDLuffy) used a dead_bear 2-7-2021, 5:06:24 AM
MonkeyDLuffy(MonkeyDLuffy) used a dead_bear 2-7-2021, 5:06:24 AM
MonkeyDLuffy(MonkeyDLuffy) used a dead_bear 2-7-2021, 5:06:24 AM
MonkeyDLuffy(MonkeyDLuffy) used a dead_bear 2-7-2021, 5:06:24 AM
MonkeyDLuffy(MonkeyDLuffy) used a antibiotic 2-7-2021, 5:06:25 AM
MonkeyDLuffy(MonkeyDLuffy) used a antibiotic 2-7-2021, 5:06:27 AM
MonkeyDLuffy(MonkeyDLuffy) used a dead_bear 2-7-2021, 5:06:28 AM
MonkeyDLuffy(MonkeyDLuffy) used a dead_bear 2-7-2021, 5:06:28 AM
MonkeyDLuffy(MonkeyDLuffy) used a dead_bear 2-7-2021, 5:06:28 AM
MonkeyDLuffy(MonkeyDLuffy) used a dead_bear 2-7-2021, 5:06:28 AM
MonkeyDLuffy(MonkeyDLuffy) used a dead_bear 2-7-2021, 5:06:28 AM
MonkeyDLuffy(MonkeyDLuffy) used a dead_bear 2-7-2021, 5:06:29 AM
MonkeyDLuffy(MonkeyDLuffy) used a dead_bear 2-7-2021, 5:06:29 AM
MonkeyDLuffy(MonkeyDLuffy) used a dead_bear 2-7-2021, 5:06:29 AM
MonkeyDLuffy(MonkeyDLuffy) used a dead_bear 2-7-2021, 5:06:29 AM
MonkeyDLuffy(MonkeyDLuffy) used a dead_bear 2-7-2021, 5:06:30 AM
MonkeyDLuffy(MonkeyDLuffy) used a dead_bear 2-7-2021, 5:06:30 AM
MonkeyDLuffy(MonkeyDLuffy) used a dead_bear 2-7-2021, 5:06:30 AM
MonkeyDLuffy(MonkeyDLuffy) used a dead_bear 2-7-2021, 5:06:30 AM
MonkeyDLuffy(MonkeyDLuffy) used a dead_bear 2-7-2021, 5:06:30 AM
MonkeyDLuffy(MonkeyDLuffy) used a dead_bear 2-7-2021, 5:06:31 AM
MonkeyDLuffy(MonkeyDLuffy) used a dead_bear 2-7-2021, 5:06:31 AM
MonkeyDLuffy(MonkeyDLuffy) used a dead_bear 2-7-2021, 5:06:31 AM
MonkeyDLuffy(MonkeyDLuffy) used a dead_bear 2-7-2021, 5:06:31 AM
MonkeyDLuffy(MonkeyDLuffy) used a dead_bear 2-7-2021, 5:06:31 AM
MonkeyDLuffy(MonkeyDLuffy) used a dead_bear 2-7-2021, 5:06:32 AM
MonkeyDLuffy(MonkeyDLuffy) used a dead_bear 2-7-2021, 5:06:32 AM
MonkeyDLuffy(MonkeyDLuffy) used a dead_bear 2-7-2021, 5:06:32 AM
MonkeyDLuffy(MonkeyDLuffy) used a dead_bear 2-7-2021, 5:06:32 AM
MonkeyDLuffy(MonkeyDLuffy) used a dead_bear 2-7-2021, 5:06:32 AM
MonkeyDLuffy(MonkeyDLuffy) used a dead_bear 2-7-2021, 5:06:33 AM
MonkeyDLuffy(MonkeyDLuffy) used a dead_bear 2-7-2021, 5:06:33 AM
MonkeyDLuffy(MonkeyDLuffy) used a dead_bear 2-7-2021, 5:06:33 AM
MonkeyDLuffy(MonkeyDLuffy) used a dead_bear 2-7-2021, 5:06:33 AM
MonkeyDLuffy(MonkeyDLuffy) used a dead_bear 2-7-2021, 5:06:33 AM
MonkeyDLuffy(MonkeyDLuffy) used a dead_bear 2-7-2021, 5:06:34 AM
MonkeyDLuffy(MonkeyDLuffy) used a dead_bear 2-7-2021, 5:06:34 AM
MonkeyDLuffy(MonkeyDLuffy) used a dead_bear 2-7-2021, 5:06:34 AM
MonkeyDLuffy(MonkeyDLuffy) used a dead_bear 2-7-2021, 5:06:34 AM
MonkeyDLuffy(MonkeyDLuffy) used a dead_bear 2-7-2021, 5:06:34 AM
MonkeyDLuffy(MonkeyDLuffy) used a dead_bear 2-7-2021, 5:06:35 AM
MonkeyDLuffy(MonkeyDLuffy) used a dead_bear 2-7-2021, 5:06:35 AM
MonkeyDLuffy(MonkeyDLuffy) used a dead_bear 2-7-2021, 5:06:35 AM
MonkeyDLuffy(MonkeyDLuffy) used a dead_bear 2-7-2021, 5:06:35 AM
MonkeyDLuffy(MonkeyDLuffy) used a dead_bear 2-7-2021, 5:06:35 AM
MonkeyDLuffy(MonkeyDLuffy) used a dead_bear 2-7-2021, 5:06:36 AM
MonkeyDLuffy(MonkeyDLuffy) used a dead_bear 2-7-2021, 5:06:36 AM
MonkeyDLuffy(MonkeyDLuffy) used a dead_bear 2-7-2021, 5:06:36 AM
MonkeyDLuffy(MonkeyDLuffy) used a dead_bear 2-7-2021, 5:06:36 AM
MonkeyDLuffy(MonkeyDLuffy) used a dead_bear 2-7-2021, 5:06:37 AM
MonkeyDLuffy(MonkeyDLuffy) used a dead_bear 2-7-2021, 5:06:37 AM
MonkeyDLuffy(MonkeyDLuffy) used a dead_bear 2-7-2021, 5:06:37 AM
MonkeyDLuffy(MonkeyDLuffy) used a dead_bear 2-7-2021, 5:06:37 AM
MonkeyDLuffy(MonkeyDLuffy) used a dead_bear 2-7-2021, 5:06:37 AM
MonkeyDLuffy(MonkeyDLuffy) used a dead_bear 2-7-2021, 5:06:38 AM
MonkeyDLuffy(MonkeyDLuffy) used a dead_bear 2-7-2021, 5:06:38 AM
MonkeyDLuffy(MonkeyDLuffy) used a dead_bear 2-7-2021, 5:06:38 AM
MonkeyDLuffy(MonkeyDLuffy) used a dead_bear 2-7-2021, 5:06:38 AM
MonkeyDLuffy(MonkeyDLuffy) used a dead_bear 2-7-2021, 5:06:38 AM
MonkeyDLuffy(MonkeyDLuffy) used a dead_bear 2-7-2021, 5:06:39 AM
MonkeyDLuffy(MonkeyDLuffy) used a dead_bear 2-7-2021, 5:06:39 AM
MonkeyDLuffy(MonkeyDLuffy) used a dead_bear 2-7-2021, 5:06:39 AM
MonkeyDLuffy(MonkeyDLuffy) used a dead_bear 2-7-2021, 5:06:39 AM
MonkeyDLuffy(MonkeyDLuffy) used a dead_bear 2-7-2021, 5:06:39 AM
MonkeyDLuffy(MonkeyDLuffy) used a dead_bear 2-7-2021, 5:06:40 AM
MonkeyDLuffy(MonkeyDLuffy) used a dead_bear 2-7-2021, 5:06:40 AM
MonkeyDLuffy(MonkeyDLuffy) used a dead_bear 2-7-2021, 5:06:40 AM
MonkeyDLuffy(MonkeyDLuffy) used a dead_bear 2-7-2021, 5:06:40 AM
MonkeyDLuffy(MonkeyDLuffy) used a dead_bear 2-7-2021, 5:06:41 AM
MonkeyDLuffy(MonkeyDLuffy) used a antibiotic 2-7-2021, 5:06:47 AM
MonkeyDLuffy(MonkeyDLuffy) used a dead_rabbit 2-7-2021, 5:06:48 AM
MonkeyDLuffy(MonkeyDLuffy) used a dead_rabbit 2-7-2021, 5:06:48 AM
MonkeyDLuffy(MonkeyDLuffy) used a dead_rabbit 2-7-2021, 5:06:49 AM
MonkeyDLuffy(MonkeyDLuffy) used a dead_rabbit 2-7-2021, 5:06:49 AM
MonkeyDLuffy(MonkeyDLuffy) used a dead_goat 2-7-2021, 5:06:57 AM
MonkeyDLuffy(MonkeyDLuffy) used a dead_goat 2-7-2021, 5:06:57 AM
MonkeyDLuffy(MonkeyDLuffy) used a dead_goat 2-7-2021, 5:06:57 AM
MonkeyDLuffy(MonkeyDLuffy) used a dead_goat 2-7-2021, 5:06:58 AM
MonkeyDLuffy(MonkeyDLuffy) used a dead_goat 2-7-2021, 5:06:58 AM
MonkeyDLuffy(MonkeyDLuffy) used a dead_goat 2-7-2021, 5:06:58 AM
MonkeyDLuffy(MonkeyDLuffy) used a dead_goat 2-7-2021, 5:06:58 AM
MonkeyDLuffy(MonkeyDLuffy) used a dead_goat 2-7-2021, 5:06:58 AM
MonkeyDLuffy(MonkeyDLuffy) used a dead_goat 2-7-2021, 5:06:59 AM
MonkeyDLuffy(MonkeyDLuffy) used a dead_goat 2-7-2021, 5:06:59 AM
MonkeyDLuffy(MonkeyDLuffy) used a dead_goat 2-7-2021, 5:06:59 AM
MonkeyDLuffy(MonkeyDLuffy) used a dead_goat 2-7-2021, 5:06:59 AM
MonkeyDLuffy(MonkeyDLuffy) used a dead_goat 2-7-2021, 5:06:59 AM
MonkeyDLuffy(MonkeyDLuffy) used a dead_goat 2-7-2021, 5:07:00 AM
MonkeyDLuffy(MonkeyDLuffy) used a dead_goat 2-7-2021, 5:07:00 AM
MonkeyDLuffy(MonkeyDLuffy) used a dead_goat 2-7-2021, 5:07:00 AM
MonkeyDLuffy(MonkeyDLuffy) used a dead_goat 2-7-2021, 5:07:00 AM
MonkeyDLuffy(MonkeyDLuffy) used a dead_goat 2-7-2021, 5:07:00 AM
MonkeyDLuffy(MonkeyDLuffy) used a dead_goat 2-7-2021, 5:07:01 AM
MonkeyDLuffy(MonkeyDLuffy) used a dead_goat 2-7-2021, 5:07:01 AM
MonkeyDLuffy(MonkeyDLuffy) used a dead_goat 2-7-2021, 5:07:01 AM
MonkeyDLuffy(MonkeyDLuffy) used a dead_goat 2-7-2021, 5:07:01 AM
MonkeyDLuffy(MonkeyDLuffy) used a dead_goat 2-7-2021, 5:07:01 AM
MonkeyDLuffy(MonkeyDLuffy) used a dead_goat 2-7-2021, 5:07:02 AM
MonkeyDLuffy(MonkeyDLuffy) used a dead_goat 2-7-2021, 5:07:02 AM
MonkeyDLuffy(MonkeyDLuffy) used a dead_goat 2-7-2021, 5:07:02 AM
MonkeyDLuffy(MonkeyDLuffy) used a antibiotic 2-7-2021, 5:07:03 AM
MonkeyDLuffy(MonkeyDLuffy) used a dead_goat 2-7-2021, 5:07:04 AM
MonkeyDLuffy(MonkeyDLuffy) used a dead_goat 2-7-2021, 5:07:04 AM
MonkeyDLuffy(MonkeyDLuffy) used a dead_goat 2-7-2021, 5:07:04 AM
MonkeyDLuffy(MonkeyDLuffy) used a dead_goat 2-7-2021, 5:07:04 AM
MonkeyDLuffy(MonkeyDLuffy) used a dead_goat 2-7-2021, 5:07:05 AM
MonkeyDLuffy(MonkeyDLuffy) used a dead_goat 2-7-2021, 5:07:05 AM
MonkeyDLuffy(MonkeyDLuffy) used a dead_goat 2-7-2021, 5:07:06 AM
MonkeyDLuffy(MonkeyDLuffy) used a dead_goat 2-7-2021, 5:07:06 AM
MonkeyDLuffy(MonkeyDLuffy) used a dead_goat 2-7-2021, 5:07:06 AM
MonkeyDLuffy(MonkeyDLuffy) used a dead_goat 2-7-2021, 5:07:06 AM
MonkeyDLuffy(MonkeyDLuffy) used a dead_goat 2-7-2021, 5:07:06 AM
MonkeyDLuffy(MonkeyDLuffy) used a dead_goat 2-7-2021, 5:07:07 AM
MonkeyDLuffy(MonkeyDLuffy) used a dead_goat 2-7-2021, 5:07:07 AM
MonkeyDLuffy(MonkeyDLuffy) used a dead_goat 2-7-2021, 5:07:07 AM
MonkeyDLuffy(MonkeyDLuffy) used a dead_goat 2-7-2021, 5:07:07 AM
MonkeyDLuffy(MonkeyDLuffy) used a dead_goat 2-7-2021, 5:07:07 AM
MonkeyDLuffy(MonkeyDLuffy) used a dead_goat 2-7-2021, 5:07:08 AM
MonkeyDLuffy(MonkeyDLuffy) used a dead_goat 2-7-2021, 5:07:08 AM
MonkeyDLuffy(MonkeyDLuffy) used a dead_goat 2-7-2021, 5:07:08 AM
MonkeyDLuffy(MonkeyDLuffy) used a dead_goat 2-7-2021, 5:07:08 AM
MonkeyDLuffy(MonkeyDLuffy) used a dead_goat 2-7-2021, 5:07:08 AM
MonkeyDLuffy(MonkeyDLuffy) used a dead_goat 2-7-2021, 5:07:08 AM
MonkeyDLuffy(MonkeyDLuffy) used a dead_goat 2-7-2021, 5:07:09 AM
MonkeyDLuffy(MonkeyDLuffy) used a dead_goat 2-7-2021, 5:07:09 AM
MonkeyDLuffy(MonkeyDLuffy) used a dead_goat 2-7-2021, 5:07:09 AM
MonkeyDLuffy(MonkeyDLuffy) used a dead_goat 2-7-2021, 5:07:09 AM
MonkeyDLuffy(MonkeyDLuffy) used a dead_goat 2-7-2021, 5:07:09 AM
MonkeyDLuffy(MonkeyDLuffy) used a dead_goat 2-7-2021, 5:07:10 AM
MonkeyDLuffy(MonkeyDLuffy) used a antibiotic 2-7-2021, 5:07:10 AM
MonkeyDLuffy(MonkeyDLuffy) used a dead_goat 2-7-2021, 5:07:11 AM
MonkeyDLuffy(MonkeyDLuffy) used a dead_goat 2-7-2021, 5:07:12 AM
MonkeyDLuffy(MonkeyDLuffy) used a dead_goat 2-7-2021, 5:07:12 AM
MonkeyDLuffy(MonkeyDLuffy) used a dead_goat 2-7-2021, 5:07:12 AM
MonkeyDLuffy(MonkeyDLuffy) used a dead_goat 2-7-2021, 5:07:12 AM
MonkeyDLuffy(MonkeyDLuffy) used a dead_goat 2-7-2021, 5:07:13 AM
MonkeyDLuffy(MonkeyDLuffy) used a dead_goat 2-7-2021, 5:07:13 AM
MonkeyDLuffy(MonkeyDLuffy) used a dead_goat 2-7-2021, 5:07:13 AM
MonkeyDLuffy(MonkeyDLuffy) used a dead_goat 2-7-2021, 5:07:13 AM
MonkeyDLuffy(MonkeyDLuffy) used a dead_goat 2-7-2021, 5:07:13 AM
MonkeyDLuffy(MonkeyDLuffy) used a dead_goat 2-7-2021, 5:07:14 AM
MonkeyDLuffy(MonkeyDLuffy) used a dead_goat 2-7-2021, 5:07:14 AM
MonkeyDLuffy(MonkeyDLuffy) used a dead_goat 2-7-2021, 5:07:14 AM
MonkeyDLuffy(MonkeyDLuffy) used a dead_goat 2-7-2021, 5:07:15 AM
MonkeyDLuffy(MonkeyDLuffy) used a dead_goat 2-7-2021, 5:07:15 AM
MonkeyDLuffy(MonkeyDLuffy) used a dead_goat 2-7-2021, 5:07:15 AM
MonkeyDLuffy(MonkeyDLuffy) used a dead_goat 2-7-2021, 5:07:15 AM
MonkeyDLuffy(MonkeyDLuffy) used a dead_goat 2-7-2021, 5:07:15 AM
MonkeyDLuffy(MonkeyDLuffy) used a dead_goat 2-7-2021, 5:07:16 AM
MonkeyDLuffy(MonkeyDLuffy) used a dead_goat 2-7-2021, 5:07:16 AM
MonkeyDLuffy(MonkeyDLuffy) used a dead_goat 2-7-2021, 5:07:16 AM
MonkeyDLuffy(MonkeyDLuffy) used a dead_goat 2-7-2021, 5:07:16 AM
MonkeyDLuffy(MonkeyDLuffy) used a dead_goat 2-7-2021, 5:07:16 AM
MonkeyDLuffy(MonkeyDLuffy) used a dead_goat 2-7-2021, 5:07:17 AM
MonkeyDLuffy(MonkeyDLuffy) used a dead_goat 2-7-2021, 5:07:17 AM
MonkeyDLuffy(MonkeyDLuffy) used a dead_goat 2-7-2021, 5:07:17 AM
MonkeyDLuffy(MonkeyDLuffy) used a dead_goat 2-7-2021, 5:07:17 AM
MonkeyDLuffy(MonkeyDLuffy) used a dead_goat 2-7-2021, 5:07:17 AM
MonkeyDLuffy(MonkeyDLuffy) used a dead_goat 2-7-2021, 5:07:18 AM
MonkeyDLuffy(MonkeyDLuffy) used a dead_goat 2-7-2021, 5:07:18 AM
MonkeyDLuffy(MonkeyDLuffy) used a dead_goat 2-7-2021, 5:07:18 AM
MonkeyDLuffy(MonkeyDLuffy) used a dead_goat 2-7-2021, 5:07:18 AM
MonkeyDLuffy(MonkeyDLuffy) used a dead_goat 2-7-2021, 5:07:18 AM
MonkeyDLuffy(MonkeyDLuffy) used a dead_goat 2-7-2021, 5:07:19 AM
MonkeyDLuffy(MonkeyDLuffy) used a dead_goat 2-7-2021, 5:07:19 AM
MonkeyDLuffy(MonkeyDLuffy) used a dead_goat 2-7-2021, 5:07:19 AM
MonkeyDLuffy(MonkeyDLuffy) used a dead_goat 2-7-2021, 5:07:19 AM
MonkeyDLuffy(MonkeyDLuffy) used a dead_goat 2-7-2021, 5:07:19 AM
MonkeyDLuffy(MonkeyDLuffy) used a dead_goat 2-7-2021, 5:07:20 AM
MonkeyDLuffy(MonkeyDLuffy) used a dead_goat 2-7-2021, 5:07:20 AM
MonkeyDLuffy(MonkeyDLuffy) used a dead_goat 2-7-2021, 5:07:20 AM
MonkeyDLuffy(MonkeyDLuffy) used a dead_goat 2-7-2021, 5:07:20 AM
MonkeyDLuffy(MonkeyDLuffy) used a dead_goat 2-7-2021, 5:07:20 AM
MonkeyDLuffy(MonkeyDLuffy) used a dead_goat 2-7-2021, 5:07:21 AM
MonkeyDLuffy(MonkeyDLuffy) used a dead_goat 2-7-2021, 5:07:21 AM
MonkeyDLuffy(MonkeyDLuffy) used a dead_goat 2-7-2021, 5:07:21 AM
MonkeyDLuffy(MonkeyDLuffy) used a dead_goat 2-7-2021, 5:07:21 AM
MonkeyDLuffy(MonkeyDLuffy) used a dead_goat 2-7-2021, 5:07:21 AM
MonkeyDLuffy(MonkeyDLuffy) used a dead_goat 2-7-2021, 5:07:22 AM
MonkeyDLuffy(MonkeyDLuffy) used a dead_goat 2-7-2021, 5:07:22 AM
MonkeyDLuffy(MonkeyDLuffy) used a dead_goat 2-7-2021, 5:07:22 AM
MonkeyDLuffy(MonkeyDLuffy) used a dead_goat 2-7-2021, 5:07:22 AM
MonkeyDLuffy(MonkeyDLuffy) used a dead_goat 2-7-2021, 5:07:22 AM
MonkeyDLuffy(MonkeyDLuffy) used a dead_goat 2-7-2021, 5:07:23 AM
MonkeyDLuffy(MonkeyDLuffy) used a dead_goat 2-7-2021, 5:07:23 AM
MonkeyDLuffy(MonkeyDLuffy) used a dead_goat 2-7-2021, 5:07:23 AM
MonkeyDLuffy(MonkeyDLuffy) used a dead_goat 2-7-2021, 5:07:23 AM
MonkeyDLuffy(MonkeyDLuffy) used a dead_goat 2-7-2021, 5:07:23 AM
MonkeyDLuffy(MonkeyDLuffy) used a dead_goat 2-7-2021, 5:07:24 AM
MonkeyDLuffy(MonkeyDLuffy) used a dead_goat 2-7-2021, 5:07:24 AM
MonkeyDLuffy(MonkeyDLuffy) used a dead_goat 2-7-2021, 5:07:24 AM
MonkeyDLuffy(MonkeyDLuffy) used a antibiotic 2-7-2021, 5:07:36 AM
MonkeyDLuffy(MonkeyDLuffy) used a antibiotic 2-7-2021, 5:07:36 AM
MonkeyDLuffy(MonkeyDLuffy) used a dead_boar 2-7-2021, 5:07:38 AM
MonkeyDLuffy(MonkeyDLuffy) used a dead_boar 2-7-2021, 5:07:38 AM
MonkeyDLuffy(MonkeyDLuffy) used a dead_boar 2-7-2021, 5:07:39 AM
MonkeyDLuffy(MonkeyDLuffy) used a dead_boar 2-7-2021, 5:07:39 AM
MonkeyDLuffy(MonkeyDLuffy) used a dead_boar 2-7-2021, 5:07:39 AM
MonkeyDLuffy(MonkeyDLuffy) used a dead_boar 2-7-2021, 5:07:39 AM
MonkeyDLuffy(MonkeyDLuffy) used a dead_boar 2-7-2021, 5:07:39 AM
MonkeyDLuffy(MonkeyDLuffy) used a dead_boar 2-7-2021, 5:07:40 AM
MonkeyDLuffy(MonkeyDLuffy) used a dead_boar 2-7-2021, 5:07:40 AM
MonkeyDLuffy(MonkeyDLuffy) used a dead_boar 2-7-2021, 5:07:40 AM
MonkeyDLuffy(MonkeyDLuffy) used a dead_boar 2-7-2021, 5:07:40 AM
MonkeyDLuffy(MonkeyDLuffy) used a dead_boar 2-7-2021, 5:07:41 AM
MonkeyDLuffy(MonkeyDLuffy) used a dead_boar 2-7-2021, 5:07:41 AM
MonkeyDLuffy(MonkeyDLuffy) used a dead_boar 2-7-2021, 5:07:41 AM
MonkeyDLuffy(MonkeyDLuffy) used a dead_boar 2-7-2021, 5:07:42 AM
MonkeyDLuffy(MonkeyDLuffy) used a dead_boar 2-7-2021, 5:07:42 AM
MonkeyDLuffy(MonkeyDLuffy) used a dead_boar 2-7-2021, 5:07:42 AM
MonkeyDLuffy(MonkeyDLuffy) used a dead_boar 2-7-2021, 5:07:42 AM
MonkeyDLuffy(MonkeyDLuffy) used a dead_boar 2-7-2021, 5:07:42 AM
MonkeyDLuffy(MonkeyDLuffy) used a dead_boar 2-7-2021, 5:07:42 AM
MonkeyDLuffy(MonkeyDLuffy) used a dead_boar 2-7-2021, 5:07:43 AM
MonkeyDLuffy(MonkeyDLuffy) used a dead_boar 2-7-2021, 5:07:43 AM
MonkeyDLuffy(MonkeyDLuffy) used a dead_boar 2-7-2021, 5:07:43 AM
MonkeyDLuffy(MonkeyDLuffy) used a dead_boar 2-7-2021, 5:07:43 AM
MonkeyDLuffy(MonkeyDLuffy) used a dead_boar 2-7-2021, 5:07:43 AM
MonkeyDLuffy(MonkeyDLuffy) used a dead_boar 2-7-2021, 5:07:44 AM
MonkeyDLuffy(MonkeyDLuffy) used a dead_boar 2-7-2021, 5:07:44 AM
MonkeyDLuffy(MonkeyDLuffy) used a dead_boar 2-7-2021, 5:07:44 AM
MonkeyDLuffy(MonkeyDLuffy) used a dead_boar 2-7-2021, 5:07:44 AM
MonkeyDLuffy(MonkeyDLuffy) used a dead_boar 2-7-2021, 5:07:44 AM
MonkeyDLuffy(MonkeyDLuffy) used a dead_boar 2-7-2021, 5:07:45 AM
MonkeyDLuffy(MonkeyDLuffy) used a dead_boar 2-7-2021, 5:07:45 AM
MonkeyDLuffy(MonkeyDLuffy) used a dead_boar 2-7-2021, 5:07:45 AM
MonkeyDLuffy(MonkeyDLuffy) used a dead_boar 2-7-2021, 5:07:45 AM
MonkeyDLuffy(MonkeyDLuffy) used a dead_boar 2-7-2021, 5:07:45 AM
MonkeyDLuffy(MonkeyDLuffy) used a dead_boar 2-7-2021, 5:07:46 AM
MonkeyDLuffy(MonkeyDLuffy) used a dead_boar 2-7-2021, 5:07:46 AM
MonkeyDLuffy(MonkeyDLuffy) used a dead_boar 2-7-2021, 5:07:46 AM
MonkeyDLuffy(MonkeyDLuffy) used a dead_boar 2-7-2021, 5:07:46 AM
MonkeyDLuffy(MonkeyDLuffy) used a dead_boar 2-7-2021, 5:07:46 AM
MonkeyDLuffy(MonkeyDLuffy) used a dead_boar 2-7-2021, 5:07:47 AM
MonkeyDLuffy(MonkeyDLuffy) used a dead_boar 2-7-2021, 5:07:47 AM
MonkeyDLuffy(MonkeyDLuffy) used a dead_boar 2-7-2021, 5:07:47 AM
MonkeyDLuffy(MonkeyDLuffy) used a dead_boar 2-7-2021, 5:07:47 AM
MonkeyDLuffy(MonkeyDLuffy) used a dead_boar 2-7-2021, 5:07:47 AM
MonkeyDLuffy(MonkeyDLuffy) used a dead_boar 2-7-2021, 5:07:48 AM
MonkeyDLuffy(MonkeyDLuffy) used a dead_boar 2-7-2021, 5:07:48 AM
MonkeyDLuffy(MonkeyDLuffy) used a dead_boar 2-7-2021, 5:07:48 AM
MonkeyDLuffy(MonkeyDLuffy) used a dead_boar 2-7-2021, 5:07:48 AM
MonkeyDLuffy(MonkeyDLuffy) used a dead_boar 2-7-2021, 5:07:48 AM
MonkeyDLuffy(MonkeyDLuffy) used a dead_boar 2-7-2021, 5:07:49 AM
MonkeyDLuffy(MonkeyDLuffy) used a dead_boar 2-7-2021, 5:07:49 AM
MonkeyDLuffy(MonkeyDLuffy) used a dead_boar 2-7-2021, 5:07:49 AM
MonkeyDLuffy(MonkeyDLuffy) used a dead_boar 2-7-2021, 5:07:49 AM
MonkeyDLuffy(MonkeyDLuffy) used a dead_boar 2-7-2021, 5:07:49 AM
MonkeyDLuffy(MonkeyDLuffy) used a dead_boar 2-7-2021, 5:07:50 AM
MonkeyDLuffy(MonkeyDLuffy) used a dead_boar 2-7-2021, 5:07:50 AM
MonkeyDLuffy(MonkeyDLuffy) used a dead_boar 2-7-2021, 5:07:54 AM
MonkeyDLuffy(MonkeyDLuffy) used a dead_boar 2-7-2021, 5:07:55 AM
MonkeyDLuffy(MonkeyDLuffy) used a dead_boar 2-7-2021, 5:07:55 AM
MonkeyDLuffy(MonkeyDLuffy) used a antibiotic 2-7-2021, 5:08:09 AM
MonkeyDLuffy(MonkeyDLuffy) used a dead_boar 2-7-2021, 5:08:10 AM
MonkeyDLuffy(MonkeyDLuffy) used a dead_boar 2-7-2021, 5:08:10 AM
MonkeyDLuffy(MonkeyDLuffy) used a dead_boar 2-7-2021, 5:08:10 AM
MonkeyDLuffy(MonkeyDLuffy) used a dead_boar 2-7-2021, 5:08:11 AM
MonkeyDLuffy(MonkeyDLuffy) used a dead_boar 2-7-2021, 5:08:11 AM
MonkeyDLuffy(MonkeyDLuffy) used a dead_boar 2-7-2021, 5:08:11 AM
MonkeyDLuffy(MonkeyDLuffy) used a dead_boar 2-7-2021, 5:08:11 AM
MonkeyDLuffy(MonkeyDLuffy) used a dead_boar 2-7-2021, 5:08:12 AM
MonkeyDLuffy(MonkeyDLuffy) used a dead_boar 2-7-2021, 5:08:12 AM
MonkeyDLuffy(MonkeyDLuffy) used a dead_boar 2-7-2021, 5:08:12 AM
MonkeyDLuffy(MonkeyDLuffy) used a dead_boar 2-7-2021, 5:08:12 AM
MonkeyDLuffy(MonkeyDLuffy) used a dead_boar 2-7-2021, 5:08:12 AM
MonkeyDLuffy(MonkeyDLuffy) used a dead_boar 2-7-2021, 5:08:13 AM
MonkeyDLuffy(MonkeyDLuffy) used a dead_boar 2-7-2021, 5:08:13 AM
MonkeyDLuffy(MonkeyDLuffy) used a dead_boar 2-7-2021, 5:08:13 AM
MonkeyDLuffy(MonkeyDLuffy) used a dead_boar 2-7-2021, 5:08:14 AM
MonkeyDLuffy(MonkeyDLuffy) used a dead_boar 2-7-2021, 5:08:14 AM
MonkeyDLuffy(MonkeyDLuffy) used a dead_boar 2-7-2021, 5:08:14 AM
MonkeyDLuffy(MonkeyDLuffy) used a dead_boar 2-7-2021, 5:08:14 AM
MonkeyDLuffy(MonkeyDLuffy) used a dead_boar 2-7-2021, 5:08:15 AM
MonkeyDLuffy(MonkeyDLuffy) used a dead_boar 2-7-2021, 5:08:15 AM
MonkeyDLuffy(MonkeyDLuffy) used a dead_boar 2-7-2021, 5:08:15 AM
MonkeyDLuffy(MonkeyDLuffy) used a dead_boar 2-7-2021, 5:08:15 AM
MonkeyDLuffy(MonkeyDLuffy) used a dead_boar 2-7-2021, 5:08:16 AM
MonkeyDLuffy(MonkeyDLuffy) used a dead_boar 2-7-2021, 5:08:16 AM
MonkeyDLuffy(MonkeyDLuffy) used a dead_boar 2-7-2021, 5:08:16 AM
MonkeyDLuffy(MonkeyDLuffy) used a dead_boar 2-7-2021, 5:08:16 AM
MonkeyDLuffy(MonkeyDLuffy) used a dead_boar 2-7-2021, 5:08:16 AM
MonkeyDLuffy(MonkeyDLuffy) used a dead_boar 2-7-2021, 5:08:17 AM
MonkeyDLuffy(MonkeyDLuffy) used a dead_boar 2-7-2021, 5:08:17 AM
MonkeyDLuffy(MonkeyDLuffy) used a dead_boar 2-7-2021, 5:08:17 AM
MonkeyDLuffy(MonkeyDLuffy) used a dead_boar 2-7-2021, 5:08:17 AM
MonkeyDLuffy(MonkeyDLuffy) used a dead_boar 2-7-2021, 5:08:18 AM
MonkeyDLuffy(MonkeyDLuffy) used a dead_boar 2-7-2021, 5:08:18 AM
MonkeyDLuffy(MonkeyDLuffy) used a dead_boar 2-7-2021, 5:08:18 AM
MonkeyDLuffy(MonkeyDLuffy) used a dead_boar 2-7-2021, 5:08:19 AM
MonkeyDLuffy(MonkeyDLuffy) used a dead_boar 2-7-2021, 5:08:19 AM
MonkeyDLuffy(MonkeyDLuffy) used a dead_boar 2-7-2021, 5:08:19 AM
MonkeyDLuffy(MonkeyDLuffy) used a dead_boar 2-7-2021, 5:08:20 AM
MonkeyDLuffy(MonkeyDLuffy) used a dead_boar 2-7-2021, 5:08:20 AM
MonkeyDLuffy(MonkeyDLuffy) used a dead_boar 2-7-2021, 5:08:20 AM
MonkeyDLuffy(MonkeyDLuffy) used a dead_boar 2-7-2021, 5:08:20 AM
MonkeyDLuffy(MonkeyDLuffy) used a dead_boar 2-7-2021, 5:08:21 AM
MonkeyDLuffy(MonkeyDLuffy) used a dead_boar 2-7-2021, 5:08:21 AM
MonkeyDLuffy(MonkeyDLuffy) used a dead_boar 2-7-2021, 5:08:21 AM
MonkeyDLuffy(MonkeyDLuffy) used a dead_boar 2-7-2021, 5:08:22 AM
MonkeyDLuffy(MonkeyDLuffy) used a dead_boar 2-7-2021, 5:08:22 AM
MonkeyDLuffy(MonkeyDLuffy) used a dead_boar 2-7-2021, 5:08:22 AM
MonkeyDLuffy(MonkeyDLuffy) used a dead_boar 2-7-2021, 5:08:22 AM
MonkeyDLuffy(MonkeyDLuffy) used a antibiotic 2-7-2021, 5:20:07 AM
MonkeyDLuffy(MonkeyDLuffy) used a dead_boar 2-7-2021, 5:20:10 AM
MonkeyDLuffy(MonkeyDLuffy) used a dead_boar 2-7-2021, 5:20:11 AM
MonkeyDLuffy(MonkeyDLuffy) used a dead_boar 2-7-2021, 5:20:11 AM
MonkeyDLuffy(MonkeyDLuffy) used a dead_boar 2-7-2021, 5:20:12 AM
MonkeyDLuffy(MonkeyDLuffy) used a shield 2-7-2021, 5:20:19 AM
MonkeyDLuffy(MonkeyDLuffy) used a shield 2-7-2021, 5:20:19 AM
MonkeyDLuffy(MonkeyDLuffy) used a dead_boar 2-7-2021, 5:20:21 AM
MonkeyDLuffy(MonkeyDLuffy) used a dead_boar 2-7-2021, 5:20:21 AM
MonkeyDLuffy(MonkeyDLuffy) used a dead_boar 2-7-2021, 5:20:21 AM
MonkeyDLuffy(MonkeyDLuffy) used a dead_boar 2-7-2021, 5:20:22 AM
MonkeyDLuffy(MonkeyDLuffy) used a dead_boar 2-7-2021, 5:20:22 AM
MonkeyDLuffy(MonkeyDLuffy) used a dead_boar 2-7-2021, 5:20:22 AM
MonkeyDLuffy(MonkeyDLuffy) used a dead_boar 2-7-2021, 5:20:22 AM
MonkeyDLuffy(MonkeyDLuffy) used a dead_boar 2-7-2021, 5:20:22 AM
MonkeyDLuffy(MonkeyDLuffy) used a dead_boar 2-7-2021, 5:20:28 AM
MonkeyDLuffy(MonkeyDLuffy) used a dead_boar 2-7-2021, 5:20:28 AM
MonkeyDLuffy(MonkeyDLuffy) used a dead_boar 2-7-2021, 5:20:29 AM
MonkeyDLuffy(MonkeyDLuffy) used a dead_boar 2-7-2021, 5:20:29 AM
MonkeyDLuffy(MonkeyDLuffy) used a dead_boar 2-7-2021, 5:20:29 AM
MonkeyDLuffy(MonkeyDLuffy) used a dead_boar 2-7-2021, 5:20:29 AM
MonkeyDLuffy(MonkeyDLuffy) used a dead_boar 2-7-2021, 5:20:29 AM
MonkeyDLuffy(MonkeyDLuffy) used a dead_boar 2-7-2021, 5:20:29 AM
MonkeyDLuffy(MonkeyDLuffy) used a dead_boar 2-7-2021, 5:20:30 AM
MonkeyDLuffy(MonkeyDLuffy) used a dead_boar 2-7-2021, 5:20:30 AM
MonkeyDLuffy(MonkeyDLuffy) used a dead_boar 2-7-2021, 5:20:30 AM
MonkeyDLuffy(MonkeyDLuffy) used a antibiotic 2-7-2021, 5:20:31 AM
MonkeyDLuffy(MonkeyDLuffy) used a dead_boar 2-7-2021, 5:20:32 AM
MonkeyDLuffy(MonkeyDLuffy) used a dead_boar 2-7-2021, 5:20:32 AM
MonkeyDLuffy(MonkeyDLuffy) used a dead_boar 2-7-2021, 5:20:32 AM
MonkeyDLuffy(MonkeyDLuffy) used a dead_boar 2-7-2021, 5:20:32 AM
MonkeyDLuffy(MonkeyDLuffy) used a dead_boar 2-7-2021, 5:20:33 AM
MonkeyDLuffy(MonkeyDLuffy) used a dead_boar 2-7-2021, 5:20:33 AM
MonkeyDLuffy(MonkeyDLuffy) used a dead_boar 2-7-2021, 5:20:34 AM
MonkeyDLuffy(MonkeyDLuffy) used a dead_boar 2-7-2021, 5:20:34 AM
MonkeyDLuffy(MonkeyDLuffy) used a dead_boar 2-7-2021, 5:20:34 AM
MonkeyDLuffy(MonkeyDLuffy) used a dead_boar 2-7-2021, 5:20:34 AM
MonkeyDLuffy(MonkeyDLuffy) used a dead_boar 2-7-2021, 5:20:35 AM
MonkeyDLuffy(MonkeyDLuffy) used a dead_boar 2-7-2021, 5:20:35 AM
MonkeyDLuffy(MonkeyDLuffy) used a dead_boar 2-7-2021, 5:20:35 AM
MonkeyDLuffy(MonkeyDLuffy) used a dead_boar 2-7-2021, 5:20:35 AM
MonkeyDLuffy(MonkeyDLuffy) used a dead_boar 2-7-2021, 5:20:35 AM
MonkeyDLuffy(MonkeyDLuffy) used a dead_boar 2-7-2021, 5:20:36 AM
MonkeyDLuffy(MonkeyDLuffy) used a dead_boar 2-7-2021, 5:20:36 AM
MonkeyDLuffy(MonkeyDLuffy) used a dead_boar 2-7-2021, 5:20:36 AM
MonkeyDLuffy(MonkeyDLuffy) used a dead_boar 2-7-2021, 5:20:36 AM
MonkeyDLuffy(MonkeyDLuffy) used a dead_boar 2-7-2021, 5:20:36 AM
MonkeyDLuffy(MonkeyDLuffy) used a dead_boar 2-7-2021, 5:20:37 AM
MonkeyDLuffy(MonkeyDLuffy) used a dead_boar 2-7-2021, 5:20:37 AM
MonkeyDLuffy(MonkeyDLuffy) used a dead_boar 2-7-2021, 5:20:37 AM
MonkeyDLuffy(MonkeyDLuffy) used a dead_boar 2-7-2021, 5:20:37 AM
MonkeyDLuffy(MonkeyDLuffy) used a dead_boar 2-7-2021, 5:20:37 AM
MonkeyDLuffy(MonkeyDLuffy) used a dead_boar 2-7-2021, 5:20:38 AM
MonkeyDLuffy(MonkeyDLuffy) used a dead_boar 2-7-2021, 5:20:38 AM
MonkeyDLuffy(MonkeyDLuffy) used a dead_boar 2-7-2021, 5:20:38 AM
MonkeyDLuffy(MonkeyDLuffy) used a dead_boar 2-7-2021, 5:20:38 AM
MonkeyDLuffy(MonkeyDLuffy) used a dead_boar 2-7-2021, 5:20:38 AM
MonkeyDLuffy(MonkeyDLuffy) used a dead_boar 2-7-2021, 5:20:39 AM
MonkeyDLuffy(MonkeyDLuffy) used a dead_boar 2-7-2021, 5:20:39 AM
MonkeyDLuffy(MonkeyDLuffy) used a dead_boar 2-7-2021, 5:20:39 AM
MonkeyDLuffy(MonkeyDLuffy) used a dead_boar 2-7-2021, 5:20:39 AM
MonkeyDLuffy(MonkeyDLuffy) used a dead_boar 2-7-2021, 5:20:40 AM
MonkeyDLuffy(MonkeyDLuffy) used a dead_boar 2-7-2021, 5:20:40 AM
MonkeyDLuffy(MonkeyDLuffy) used a dead_boar 2-7-2021, 5:20:40 AM
MonkeyDLuffy(MonkeyDLuffy) used a dead_boar 2-7-2021, 5:20:40 AM
MonkeyDLuffy(MonkeyDLuffy) used a dead_boar 2-7-2021, 5:20:40 AM
MonkeyDLuffy(MonkeyDLuffy) used a dead_boar 2-7-2021, 5:20:41 AM
MonkeyDLuffy(MonkeyDLuffy) used a dead_boar 2-7-2021, 5:20:41 AM
MonkeyDLuffy(MonkeyDLuffy) used a dead_boar 2-7-2021, 5:20:41 AM
MonkeyDLuffy(MonkeyDLuffy) used a dead_boar 2-7-2021, 5:20:41 AM
MonkeyDLuffy(MonkeyDLuffy) used a dead_boar 2-7-2021, 5:20:41 AM
MonkeyDLuffy(MonkeyDLuffy) used a dead_boar 2-7-2021, 5:20:42 AM
MonkeyDLuffy(MonkeyDLuffy) used a dead_boar 2-7-2021, 5:20:42 AM
MonkeyDLuffy(MonkeyDLuffy) used a dead_boar 2-7-2021, 5:20:42 AM
MonkeyDLuffy(MonkeyDLuffy) used a dead_boar 2-7-2021, 5:20:42 AM
MonkeyDLuffy(MonkeyDLuffy) used a dead_boar 2-7-2021, 5:20:42 AM
MonkeyDLuffy(MonkeyDLuffy) used a dead_boar 2-7-2021, 5:20:43 AM
MonkeyDLuffy(MonkeyDLuffy) used a dead_boar 2-7-2021, 5:20:43 AM
MonkeyDLuffy(MonkeyDLuffy) used a dead_boar 2-7-2021, 5:20:43 AM
MonkeyDLuffy(MonkeyDLuffy) used a dead_boar 2-7-2021, 5:20:43 AM
MonkeyDLuffy(MonkeyDLuffy) used a dead_boar 2-7-2021, 5:20:43 AM
MonkeyDLuffy(MonkeyDLuffy) used a dead_boar 2-7-2021, 5:20:44 AM
MonkeyDLuffy(MonkeyDLuffy) used a dead_boar 2-7-2021, 5:20:44 AM
MonkeyDLuffy(MonkeyDLuffy) used a dead_boar 2-7-2021, 5:20:44 AM
MonkeyDLuffy(MonkeyDLuffy) used a dead_boar 2-7-2021, 5:20:44 AM
MonkeyDLuffy(MonkeyDLuffy) used a dead_boar 2-7-2021, 5:20:44 AM
MonkeyDLuffy(MonkeyDLuffy) used a dead_boar 2-7-2021, 5:20:45 AM
MonkeyDLuffy(MonkeyDLuffy) used a long_sword 2-7-2021, 5:20:47 AM
MonkeyDLuffy(MonkeyDLuffy) used a throwing_knives 2-7-2021, 5:20:52 AM
MonkeyDLuffy(MonkeyDLuffy) used a shotgun 2-7-2021, 5:20:58 AM
MonkeyDLuffy(MonkeyDLuffy) used a fnminimilight 2-7-2021, 5:21:04 AM
MonkeyDLuffy(MonkeyDLuffy) used a shield 2-7-2021, 5:21:15 AM
MonkeyDLuffy(MonkeyDLuffy) used a shield 2-7-2021, 5:21:18 AM
MonkeyDLuffy(MonkeyDLuffy) used a antibiotic 2-7-2021, 5:21:19 AM
MonkeyDLuffy(MonkeyDLuffy) used a dead_boar 2-7-2021, 5:21:20 AM
MonkeyDLuffy(MonkeyDLuffy) used a dead_boar 2-7-2021, 5:21:20 AM
MonkeyDLuffy(MonkeyDLuffy) used a dead_boar 2-7-2021, 5:21:20 AM
MonkeyDLuffy(MonkeyDLuffy) used a dead_boar 2-7-2021, 5:21:20 AM
MonkeyDLuffy(MonkeyDLuffy) used a dead_boar 2-7-2021, 5:21:21 AM
MonkeyDLuffy(MonkeyDLuffy) used a dead_boar 2-7-2021, 5:21:21 AM
MonkeyDLuffy(MonkeyDLuffy) used a dead_boar 2-7-2021, 5:21:21 AM
MonkeyDLuffy(MonkeyDLuffy) used a dead_boar 2-7-2021, 5:21:21 AM
MonkeyDLuffy(MonkeyDLuffy) used a dead_boar 2-7-2021, 5:21:21 AM
MonkeyDLuffy(MonkeyDLuffy) used a dead_boar 2-7-2021, 5:21:22 AM
MonkeyDLuffy(MonkeyDLuffy) used a dead_boar 2-7-2021, 5:21:22 AM
MonkeyDLuffy(MonkeyDLuffy) used a dead_boar 2-7-2021, 5:21:22 AM
MonkeyDLuffy(MonkeyDLuffy) used a dead_boar 2-7-2021, 5:21:22 AM
MonkeyDLuffy(MonkeyDLuffy) used a dead_boar 2-7-2021, 5:21:22 AM
MonkeyDLuffy(MonkeyDLuffy) used a dead_boar 2-7-2021, 5:21:23 AM
MonkeyDLuffy(MonkeyDLuffy) used a dead_boar 2-7-2021, 5:21:23 AM
MonkeyDLuffy(MonkeyDLuffy) used a dead_boar 2-7-2021, 5:21:23 AM
MonkeyDLuffy(MonkeyDLuffy) used a dead_boar 2-7-2021, 5:21:23 AM
MonkeyDLuffy(MonkeyDLuffy) used a dead_boar 2-7-2021, 5:21:23 AM
MonkeyDLuffy(MonkeyDLuffy) used a dead_boar 2-7-2021, 5:21:24 AM
MonkeyDLuffy(MonkeyDLuffy) used a dead_boar 2-7-2021, 5:21:24 AM
MonkeyDLuffy(MonkeyDLuffy) used a dead_boar 2-7-2021, 5:21:24 AM
MonkeyDLuffy(MonkeyDLuffy) used a dead_boar 2-7-2021, 5:21:24 AM
MonkeyDLuffy(MonkeyDLuffy) used a dead_boar 2-7-2021, 5:21:25 AM
MonkeyDLuffy(MonkeyDLuffy) used a dead_boar 2-7-2021, 5:21:25 AM
MonkeyDLuffy(MonkeyDLuffy) used a dead_boar 2-7-2021, 5:21:25 AM
MonkeyDLuffy(MonkeyDLuffy) used a dead_boar 2-7-2021, 5:21:25 AM
MonkeyDLuffy(MonkeyDLuffy) used a dead_boar 2-7-2021, 5:21:25 AM
MonkeyDLuffy(MonkeyDLuffy) used a dead_boar 2-7-2021, 5:21:25 AM
MonkeyDLuffy(MonkeyDLuffy) used a dead_boar 2-7-2021, 5:21:26 AM
MonkeyDLuffy(MonkeyDLuffy) used a dead_boar 2-7-2021, 5:21:26 AM
MonkeyDLuffy(MonkeyDLuffy) used a dead_boar 2-7-2021, 5:21:26 AM
MonkeyDLuffy(MonkeyDLuffy) used a dead_boar 2-7-2021, 5:21:26 AM
MonkeyDLuffy(MonkeyDLuffy) used a dead_boar 2-7-2021, 5:21:27 AM
MonkeyDLuffy(MonkeyDLuffy) used a dead_boar 2-7-2021, 5:21:27 AM
MonkeyDLuffy(MonkeyDLuffy) used a dead_boar 2-7-2021, 5:21:27 AM
MonkeyDLuffy(MonkeyDLuffy) used a dead_boar 2-7-2021, 5:21:27 AM
MonkeyDLuffy(MonkeyDLuffy) used a dead_boar 2-7-2021, 5:21:27 AM
MonkeyDLuffy(MonkeyDLuffy) used a dead_boar 2-7-2021, 5:21:27 AM
MonkeyDLuffy(MonkeyDLuffy) used a dead_boar 2-7-2021, 5:21:28 AM
MonkeyDLuffy(MonkeyDLuffy) used a dead_boar 2-7-2021, 5:21:28 AM
MonkeyDLuffy(MonkeyDLuffy) used a dead_boar 2-7-2021, 5:21:28 AM
MonkeyDLuffy(MonkeyDLuffy) used a dead_boar 2-7-2021, 5:21:28 AM
MonkeyDLuffy(MonkeyDLuffy) used a dead_boar 2-7-2021, 5:21:28 AM
MonkeyDLuffy(MonkeyDLuffy) used a dead_boar 2-7-2021, 5:21:29 AM
MonkeyDLuffy(MonkeyDLuffy) used a dead_boar 2-7-2021, 5:21:29 AM
MonkeyDLuffy(MonkeyDLuffy) used a dead_boar 2-7-2021, 5:21:29 AM
MonkeyDLuffy(MonkeyDLuffy) used a dead_boar 2-7-2021, 5:21:29 AM
MonkeyDLuffy(MonkeyDLuffy) used a dead_boar 2-7-2021, 5:21:29 AM
MonkeyDLuffy(MonkeyDLuffy) used a dead_boar 2-7-2021, 5:21:30 AM
MonkeyDLuffy(MonkeyDLuffy) used a dead_boar 2-7-2021, 5:21:30 AM
MonkeyDLuffy(MonkeyDLuffy) used a dead_boar 2-7-2021, 5:21:30 AM
MonkeyDLuffy(MonkeyDLuffy) used a dead_boar 2-7-2021, 5:21:30 AM
MonkeyDLuffy(MonkeyDLuffy) used a dead_boar 2-7-2021, 5:21:30 AM
MonkeyDLuffy(MonkeyDLuffy) used a dead_boar 2-7-2021, 5:21:31 AM
MonkeyDLuffy(MonkeyDLuffy) used a dead_boar 2-7-2021, 5:21:31 AM
MonkeyDLuffy(MonkeyDLuffy) used a dead_boar 2-7-2021, 5:21:31 AM
MonkeyDLuffy(MonkeyDLuffy) used a dead_boar 2-7-2021, 5:21:31 AM
MonkeyDLuffy(MonkeyDLuffy) used a dead_boar 2-7-2021, 5:21:31 AM
MonkeyDLuffy(MonkeyDLuffy) used a dead_boar 2-7-2021, 5:21:32 AM
MonkeyDLuffy(MonkeyDLuffy) used a dead_boar 2-7-2021, 5:21:32 AM
MonkeyDLuffy(MonkeyDLuffy) used a dead_boar 2-7-2021, 5:21:32 AM
MonkeyDLuffy(MonkeyDLuffy) used a dead_boar 2-7-2021, 5:21:32 AM
MonkeyDLuffy(MonkeyDLuffy) used a dead_boar 2-7-2021, 5:21:33 AM
MonkeyDLuffy(MonkeyDLuffy) used a dead_boar 2-7-2021, 5:21:33 AM
MonkeyDLuffy(MonkeyDLuffy) used a dead_boar 2-7-2021, 5:21:33 AM
MonkeyDLuffy(MonkeyDLuffy) used a dead_boar 2-7-2021, 5:21:33 AM
MonkeyDLuffy(MonkeyDLuffy) used a dead_boar 2-7-2021, 5:21:33 AM
MonkeyDLuffy(MonkeyDLuffy) used a dead_boar 2-7-2021, 5:21:34 AM
MonkeyDLuffy(MonkeyDLuffy) used a dead_boar 2-7-2021, 5:21:34 AM
MonkeyDLuffy(MonkeyDLuffy) used a dead_boar 2-7-2021, 5:21:34 AM
MonkeyDLuffy(MonkeyDLuffy) used a dead_boar 2-7-2021, 5:21:34 AM
MonkeyDLuffy(MonkeyDLuffy) used a dead_boar 2-7-2021, 5:21:34 AM
MonkeyDLuffy(MonkeyDLuffy) used a dead_boar 2-7-2021, 5:21:35 AM
MonkeyDLuffy(MonkeyDLuffy) used a dead_boar 2-7-2021, 5:21:35 AM
MonkeyDLuffy(MonkeyDLuffy) used a dead_boar 2-7-2021, 5:21:35 AM
MonkeyDLuffy(MonkeyDLuffy) used a dead_boar 2-7-2021, 5:21:35 AM
MonkeyDLuffy(MonkeyDLuffy) used a dead_boar 2-7-2021, 5:21:35 AM
MonkeyDLuffy(MonkeyDLuffy) used a dead_boar 2-7-2021, 5:21:36 AM
MonkeyDLuffy(MonkeyDLuffy) used a dead_boar 2-7-2021, 5:21:36 AM
MonkeyDLuffy(MonkeyDLuffy) used a dead_boar 2-7-2021, 5:21:36 AM
MonkeyDLuffy(MonkeyDLuffy) used a dead_boar 2-7-2021, 5:21:36 AM
MonkeyDLuffy(MonkeyDLuffy) used a dead_boar 2-7-2021, 5:21:37 AM
MonkeyDLuffy(MonkeyDLuffy) used a dead_boar 2-7-2021, 5:21:37 AM
MonkeyDLuffy(MonkeyDLuffy) used a dead_boar 2-7-2021, 5:21:37 AM
MonkeyDLuffy(MonkeyDLuffy) used a dead_boar 2-7-2021, 5:21:37 AM
MonkeyDLuffy(MonkeyDLuffy) used a dead_boar 2-7-2021, 5:21:37 AM
MonkeyDLuffy(MonkeyDLuffy) used a dead_boar 2-7-2021, 5:21:38 AM
MonkeyDLuffy(MonkeyDLuffy) used a dead_boar 2-7-2021, 5:21:38 AM
MonkeyDLuffy(MonkeyDLuffy) used a dead_boar 2-7-2021, 5:21:38 AM
MonkeyDLuffy(MonkeyDLuffy) used a dead_boar 2-7-2021, 5:21:38 AM
MonkeyDLuffy(MonkeyDLuffy) used a dead_boar 2-7-2021, 5:21:38 AM
MonkeyDLuffy(MonkeyDLuffy) used a dead_boar 2-7-2021, 5:21:39 AM
MonkeyDLuffy(MonkeyDLuffy) used a dead_boar 2-7-2021, 5:21:39 AM
MonkeyDLuffy(MonkeyDLuffy) used a dead_boar 2-7-2021, 5:21:39 AM
MonkeyDLuffy(MonkeyDLuffy) used a dead_boar 2-7-2021, 5:21:39 AM
MonkeyDLuffy(MonkeyDLuffy) used a dead_boar 2-7-2021, 5:21:40 AM
MonkeyDLuffy(MonkeyDLuffy) used a dead_boar 2-7-2021, 5:21:40 AM
MonkeyDLuffy(MonkeyDLuffy) used a dead_boar 2-7-2021, 5:21:40 AM
MonkeyDLuffy(MonkeyDLuffy) used a dead_boar 2-7-2021, 5:21:40 AM
MonkeyDLuffy(MonkeyDLuffy) used a dead_boar 2-7-2021, 5:21:40 AM
MonkeyDLuffy(MonkeyDLuffy) used a dead_boar 2-7-2021, 5:21:40 AM
MonkeyDLuffy(MonkeyDLuffy) used a dead_boar 2-7-2021, 5:21:41 AM
MonkeyDLuffy(MonkeyDLuffy) used a dead_boar 2-7-2021, 5:21:41 AM
MonkeyDLuffy(MonkeyDLuffy) used a dead_boar 2-7-2021, 5:21:41 AM
MonkeyDLuffy(MonkeyDLuffy) used a dead_boar 2-7-2021, 5:21:41 AM
MonkeyDLuffy(MonkeyDLuffy) used a dead_boar 2-7-2021, 5:21:41 AM
MonkeyDLuffy(MonkeyDLuffy) used a dead_boar 2-7-2021, 5:21:42 AM
MonkeyDLuffy(MonkeyDLuffy) used a dead_boar 2-7-2021, 5:21:42 AM
MonkeyDLuffy(MonkeyDLuffy) used a dead_boar 2-7-2021, 5:21:42 AM
MonkeyDLuffy(MonkeyDLuffy) used a dead_boar 2-7-2021, 5:21:42 AM
MonkeyDLuffy(MonkeyDLuffy) used a dead_boar 2-7-2021, 5:21:43 AM
MonkeyDLuffy(MonkeyDLuffy) used a dead_boar 2-7-2021, 5:21:43 AM
MonkeyDLuffy(MonkeyDLuffy) used a dead_boar 2-7-2021, 5:21:43 AM
MonkeyDLuffy(MonkeyDLuffy) used a dead_boar 2-7-2021, 5:21:43 AM
MonkeyDLuffy(MonkeyDLuffy) used a dead_boar 2-7-2021, 5:21:43 AM
MonkeyDLuffy(MonkeyDLuffy) used a dead_boar 2-7-2021, 5:21:44 AM
MonkeyDLuffy(MonkeyDLuffy) used a dead_boar 2-7-2021, 5:21:44 AM
MonkeyDLuffy(MonkeyDLuffy) used a dead_boar 2-7-2021, 5:21:44 AM
MonkeyDLuffy(MonkeyDLuffy) used a dead_boar 2-7-2021, 5:21:44 AM
MonkeyDLuffy(MonkeyDLuffy) used a dead_boar 2-7-2021, 5:21:44 AM
MonkeyDLuffy(MonkeyDLuffy) used a dead_boar 2-7-2021, 5:21:45 AM
MonkeyDLuffy(MonkeyDLuffy) used a dead_boar 2-7-2021, 5:21:45 AM
MonkeyDLuffy(MonkeyDLuffy) used a dead_boar 2-7-2021, 5:21:45 AM
MonkeyDLuffy(MonkeyDLuffy) used a dead_boar 2-7-2021, 5:21:45 AM
MonkeyDLuffy(MonkeyDLuffy) used a dead_boar 2-7-2021, 5:21:45 AM
MonkeyDLuffy(MonkeyDLuffy) used a dead_boar 2-7-2021, 5:21:46 AM
MonkeyDLuffy(MonkeyDLuffy) used a dead_boar 2-7-2021, 5:21:46 AM
MonkeyDLuffy(MonkeyDLuffy) used a dead_boar 2-7-2021, 5:21:46 AM
MonkeyDLuffy(MonkeyDLuffy) used a dead_boar 2-7-2021, 5:21:46 AM
MonkeyDLuffy(MonkeyDLuffy) used a dead_boar 2-7-2021, 5:21:46 AM
MonkeyDLuffy(MonkeyDLuffy) used a dead_boar 2-7-2021, 5:21:47 AM
MonkeyDLuffy(MonkeyDLuffy) used a dead_boar 2-7-2021, 5:21:47 AM
MonkeyDLuffy(MonkeyDLuffy) used a fire_starter 2-7-2021, 5:22:05 AM
MonkeyDLuffy(MonkeyDLuffy) used a fire_starter 2-7-2021, 5:22:08 AM
MonkeyDLuffy(MonkeyDLuffy) used a shield 2-7-2021, 5:22:20 AM
MonkeyDLuffy(MonkeyDLuffy) used a antibiotic 2-7-2021, 5:22:21 AM
MonkeyDLuffy(MonkeyDLuffy) used a dead_boar 2-7-2021, 5:22:22 AM
MonkeyDLuffy(MonkeyDLuffy) used a dead_boar 2-7-2021, 5:22:22 AM
MonkeyDLuffy(MonkeyDLuffy) used a dead_boar 2-7-2021, 5:22:22 AM
MonkeyDLuffy(MonkeyDLuffy) used a dead_boar 2-7-2021, 5:22:22 AM
MonkeyDLuffy(MonkeyDLuffy) used a dead_boar 2-7-2021, 5:22:23 AM
MonkeyDLuffy(MonkeyDLuffy) used a dead_boar 2-7-2021, 5:22:23 AM
MonkeyDLuffy(MonkeyDLuffy) used a dead_boar 2-7-2021, 5:22:24 AM
MonkeyDLuffy(MonkeyDLuffy) used a dead_boar 2-7-2021, 5:22:24 AM
MonkeyDLuffy(MonkeyDLuffy) used a dead_boar 2-7-2021, 5:22:24 AM
MonkeyDLuffy(MonkeyDLuffy) used a antibiotic 2-7-2021, 5:22:26 AM
MonkeyDLuffy(MonkeyDLuffy) used a antibiotic 2-7-2021, 5:22:28 AM
MonkeyDLuffy(MonkeyDLuffy) used a shield 2-7-2021, 5:22:35 AM
MonkeyDLuffy(MonkeyDLuffy) used a dead_boar 2-7-2021, 5:22:37 AM
MonkeyDLuffy(MonkeyDLuffy) used a dead_boar 2-7-2021, 5:22:37 AM
MonkeyDLuffy(MonkeyDLuffy) used a dead_boar 2-7-2021, 5:22:37 AM
MonkeyDLuffy(MonkeyDLuffy) used a dead_boar 2-7-2021, 5:22:37 AM
MonkeyDLuffy(MonkeyDLuffy) used a dead_boar 2-7-2021, 5:22:38 AM
MonkeyDLuffy(MonkeyDLuffy) used a dead_boar 2-7-2021, 5:22:38 AM
MonkeyDLuffy(MonkeyDLuffy) used a dead_boar 2-7-2021, 5:22:38 AM
MonkeyDLuffy(MonkeyDLuffy) used a dead_boar 2-7-2021, 5:22:38 AM
MonkeyDLuffy(MonkeyDLuffy) used a dead_boar 2-7-2021, 5:22:38 AM
MonkeyDLuffy(MonkeyDLuffy) used a dead_boar 2-7-2021, 5:22:38 AM
MonkeyDLuffy(MonkeyDLuffy) used a dead_boar 2-7-2021, 5:22:39 AM
MonkeyDLuffy(MonkeyDLuffy) used a dead_boar 2-7-2021, 5:22:39 AM
MonkeyDLuffy(MonkeyDLuffy) used a dead_boar 2-7-2021, 5:22:39 AM
MonkeyDLuffy(MonkeyDLuffy) used a dead_boar 2-7-2021, 5:22:39 AM
MonkeyDLuffy(MonkeyDLuffy) used a dead_boar 2-7-2021, 5:22:39 AM
MonkeyDLuffy(MonkeyDLuffy) used a dead_boar 2-7-2021, 5:22:40 AM
MonkeyDLuffy(MonkeyDLuffy) used a dead_boar 2-7-2021, 5:22:40 AM
MonkeyDLuffy(MonkeyDLuffy) used a dead_boar 2-7-2021, 5:22:40 AM
MonkeyDLuffy(MonkeyDLuffy) used a dead_boar 2-7-2021, 5:22:40 AM
MonkeyDLuffy(MonkeyDLuffy) used a dead_boar 2-7-2021, 5:22:40 AM
MonkeyDLuffy(MonkeyDLuffy) used a dead_boar 2-7-2021, 5:22:40 AM
MonkeyDLuffy(MonkeyDLuffy) used a dead_boar 2-7-2021, 5:22:41 AM
MonkeyDLuffy(MonkeyDLuffy) used a dead_boar 2-7-2021, 5:22:41 AM
MonkeyDLuffy(MonkeyDLuffy) used a dead_boar 2-7-2021, 5:22:41 AM
MonkeyDLuffy(MonkeyDLuffy) used a dead_boar 2-7-2021, 5:22:41 AM
MonkeyDLuffy(MonkeyDLuffy) used a dead_boar 2-7-2021, 5:22:41 AM
MonkeyDLuffy(MonkeyDLuffy) used a dead_boar 2-7-2021, 5:22:42 AM
MonkeyDLuffy(MonkeyDLuffy) used a dead_boar 2-7-2021, 5:22:42 AM
MonkeyDLuffy(MonkeyDLuffy) used a dead_boar 2-7-2021, 5:22:42 AM
MonkeyDLuffy(MonkeyDLuffy) used a dead_boar 2-7-2021, 5:22:42 AM
MonkeyDLuffy(MonkeyDLuffy) used a dead_boar 2-7-2021, 5:22:42 AM
MonkeyDLuffy(MonkeyDLuffy) used a dead_boar 2-7-2021, 5:22:43 AM
MonkeyDLuffy(MonkeyDLuffy) used a dead_boar 2-7-2021, 5:22:43 AM
MonkeyDLuffy(MonkeyDLuffy) used a dead_boar 2-7-2021, 5:22:43 AM
MonkeyDLuffy(MonkeyDLuffy) used a dead_boar 2-7-2021, 5:22:43 AM
MonkeyDLuffy(MonkeyDLuffy) used a dead_boar 2-7-2021, 5:22:43 AM
MonkeyDLuffy(MonkeyDLuffy) used a dead_boar 2-7-2021, 5:22:43 AM
MonkeyDLuffy(MonkeyDLuffy) used a dead_boar 2-7-2021, 5:22:44 AM
MonkeyDLuffy(MonkeyDLuffy) used a dead_boar 2-7-2021, 5:22:44 AM
MonkeyDLuffy(MonkeyDLuffy) used a dead_boar 2-7-2021, 5:22:44 AM
MonkeyDLuffy(MonkeyDLuffy) used a dead_boar 2-7-2021, 5:22:44 AM
MonkeyDLuffy(MonkeyDLuffy) used a dead_boar 2-7-2021, 5:22:44 AM
MonkeyDLuffy(MonkeyDLuffy) used a dead_boar 2-7-2021, 5:22:45 AM
MonkeyDLuffy(MonkeyDLuffy) used a dead_boar 2-7-2021, 5:22:45 AM
MonkeyDLuffy(MonkeyDLuffy) used a dead_boar 2-7-2021, 5:22:45 AM
MonkeyDLuffy(MonkeyDLuffy) used a dead_boar 2-7-2021, 5:22:45 AM
MonkeyDLuffy(MonkeyDLuffy) used a dead_boar 2-7-2021, 5:22:45 AM
MonkeyDLuffy(MonkeyDLuffy) used a dead_boar 2-7-2021, 5:22:46 AM
MonkeyDLuffy(MonkeyDLuffy) used a dead_boar 2-7-2021, 5:22:46 AM
MonkeyDLuffy(MonkeyDLuffy) used a dead_boar 2-7-2021, 5:22:46 AM
MonkeyDLuffy(MonkeyDLuffy) used a dead_boar 2-7-2021, 5:22:46 AM
MonkeyDLuffy(MonkeyDLuffy) used a dead_boar 2-7-2021, 5:22:46 AM
MonkeyDLuffy(MonkeyDLuffy) used a dead_boar 2-7-2021, 5:22:47 AM
MonkeyDLuffy(MonkeyDLuffy) used a dead_boar 2-7-2021, 5:22:47 AM
MonkeyDLuffy(MonkeyDLuffy) used a dead_boar 2-7-2021, 5:22:47 AM
MonkeyDLuffy(MonkeyDLuffy) used a dead_boar 2-7-2021, 5:22:47 AM
MonkeyDLuffy(MonkeyDLuffy) used a dead_boar 2-7-2021, 5:22:47 AM
MonkeyDLuffy(MonkeyDLuffy) used a dead_boar 2-7-2021, 5:22:47 AM
MonkeyDLuffy(MonkeyDLuffy) used a dead_boar 2-7-2021, 5:22:48 AM
MonkeyDLuffy(MonkeyDLuffy) used a dead_boar 2-7-2021, 5:23:06 AM
MonkeyDLuffy(MonkeyDLuffy) used a dead_boar 2-7-2021, 5:23:07 AM
MonkeyDLuffy(MonkeyDLuffy) used a dead_boar 2-7-2021, 5:23:07 AM
MonkeyDLuffy(MonkeyDLuffy) used a dead_boar 2-7-2021, 5:23:07 AM
MonkeyDLuffy(MonkeyDLuffy) used a dead_boar 2-7-2021, 5:23:07 AM
MonkeyDLuffy(MonkeyDLuffy) used a dead_boar 2-7-2021, 5:23:07 AM
MonkeyDLuffy(MonkeyDLuffy) used a dead_boar 2-7-2021, 5:23:08 AM
MonkeyDLuffy(MonkeyDLuffy) used a dead_boar 2-7-2021, 5:23:08 AM
MonkeyDLuffy(MonkeyDLuffy) used a dead_boar 2-7-2021, 5:23:08 AM
MonkeyDLuffy(MonkeyDLuffy) used a dead_boar 2-7-2021, 5:23:08 AM
MonkeyDLuffy(MonkeyDLuffy) used a dead_boar 2-7-2021, 5:23:08 AM
MonkeyDLuffy(MonkeyDLuffy) used a dead_boar 2-7-2021, 5:23:08 AM
MonkeyDLuffy(MonkeyDLuffy) used a dead_boar 2-7-2021, 5:23:09 AM
MonkeyDLuffy(MonkeyDLuffy) used a dead_boar 2-7-2021, 5:23:09 AM
MonkeyDLuffy(MonkeyDLuffy) used a dead_boar 2-7-2021, 5:23:09 AM
MonkeyDLuffy(MonkeyDLuffy) used a dead_boar 2-7-2021, 5:23:09 AM
MonkeyDLuffy(MonkeyDLuffy) used a dead_boar 2-7-2021, 5:23:09 AM
MonkeyDLuffy(MonkeyDLuffy) used a dead_boar 2-7-2021, 5:23:10 AM
MonkeyDLuffy(MonkeyDLuffy) used a dead_boar 2-7-2021, 5:23:10 AM
MonkeyDLuffy(MonkeyDLuffy) used a dead_boar 2-7-2021, 5:23:10 AM
MonkeyDLuffy(MonkeyDLuffy) used a dead_boar 2-7-2021, 5:23:10 AM
MonkeyDLuffy(MonkeyDLuffy) used a dead_boar 2-7-2021, 5:23:10 AM
MonkeyDLuffy(MonkeyDLuffy) used a dead_boar 2-7-2021, 5:23:11 AM
MonkeyDLuffy(MonkeyDLuffy) used a dead_boar 2-7-2021, 5:31:32 AM
MonkeyDLuffy(MonkeyDLuffy) used a dead_boar 2-7-2021, 5:31:33 AM
MonkeyDLuffy(MonkeyDLuffy) used a dead_boar 2-7-2021, 5:31:34 AM
MonkeyDLuffy(MonkeyDLuffy) used a dead_boar 2-7-2021, 5:31:34 AM
MonkeyDLuffy(MonkeyDLuffy) used a dead_boar 2-7-2021, 5:31:34 AM
MonkeyDLuffy(MonkeyDLuffy) used a dead_boar 2-7-2021, 5:31:35 AM
MonkeyDLuffy(MonkeyDLuffy) used a dead_boar 2-7-2021, 5:31:35 AM
MonkeyDLuffy(MonkeyDLuffy) used a dead_boar 2-7-2021, 5:31:35 AM
MonkeyDLuffy(MonkeyDLuffy) used a dead_boar 2-7-2021, 5:31:35 AM
MonkeyDLuffy(MonkeyDLuffy) used a dead_boar 2-7-2021, 5:31:36 AM
MonkeyDLuffy(MonkeyDLuffy) used a dead_boar 2-7-2021, 5:31:36 AM
MonkeyDLuffy(MonkeyDLuffy) used a dead_boar 2-7-2021, 5:31:36 AM
MonkeyDLuffy(MonkeyDLuffy) used a dead_boar 2-7-2021, 5:31:36 AM
MonkeyDLuffy(MonkeyDLuffy) used a dead_boar 2-7-2021, 5:31:37 AM
MonkeyDLuffy(MonkeyDLuffy) used a dead_boar 2-7-2021, 5:31:37 AM
MonkeyDLuffy(MonkeyDLuffy) used a dead_boar 2-7-2021, 5:31:37 AM
MonkeyDLuffy(MonkeyDLuffy) used a dead_boar 2-7-2021, 5:31:37 AM
MonkeyDLuffy(MonkeyDLuffy) used a dead_boar 2-7-2021, 5:31:38 AM
MonkeyDLuffy(MonkeyDLuffy) used a dead_boar 2-7-2021, 5:31:38 AM
MonkeyDLuffy(MonkeyDLuffy) used a dead_boar 2-7-2021, 5:31:38 AM
MonkeyDLuffy(MonkeyDLuffy) used a dead_boar 2-7-2021, 5:31:38 AM
MonkeyDLuffy(MonkeyDLuffy) used a dead_boar 2-7-2021, 5:31:39 AM
MonkeyDLuffy(MonkeyDLuffy) used a dead_boar 2-7-2021, 5:31:39 AM
MonkeyDLuffy(MonkeyDLuffy) used a dead_boar 2-7-2021, 5:31:39 AM
MonkeyDLuffy(MonkeyDLuffy) used a dead_boar 2-7-2021, 5:31:39 AM
MonkeyDLuffy(MonkeyDLuffy) used a dead_boar 2-7-2021, 5:31:40 AM
MonkeyDLuffy(MonkeyDLuffy) used a dead_boar 2-7-2021, 5:31:40 AM
MonkeyDLuffy(MonkeyDLuffy) used a dead_boar 2-7-2021, 5:31:40 AM
MonkeyDLuffy(MonkeyDLuffy) used a dead_boar 2-7-2021, 5:31:41 AM
MonkeyDLuffy(MonkeyDLuffy) used a dead_boar 2-7-2021, 5:31:41 AM
MonkeyDLuffy(MonkeyDLuffy) used a dead_boar 2-7-2021, 5:31:41 AM
MonkeyDLuffy(MonkeyDLuffy) used a dead_boar 2-7-2021, 5:31:41 AM
MonkeyDLuffy(MonkeyDLuffy) used a dead_boar 2-7-2021, 5:31:41 AM
MonkeyDLuffy(MonkeyDLuffy) used a dead_boar 2-7-2021, 5:31:42 AM
MonkeyDLuffy(MonkeyDLuffy) used a dead_boar 2-7-2021, 5:31:42 AM
MonkeyDLuffy(MonkeyDLuffy) used a dead_boar 2-7-2021, 5:31:42 AM
MonkeyDLuffy(MonkeyDLuffy) used a dead_boar 2-7-2021, 5:31:42 AM
MonkeyDLuffy(MonkeyDLuffy) used a dead_boar 2-7-2021, 5:31:43 AM
MonkeyDLuffy(MonkeyDLuffy) used a dead_boar 2-7-2021, 5:31:43 AM
MonkeyDLuffy(MonkeyDLuffy) used a dead_boar 2-7-2021, 5:31:43 AM
MonkeyDLuffy(MonkeyDLuffy) used a dead_boar 2-7-2021, 5:31:43 AM
MonkeyDLuffy(MonkeyDLuffy) used a dead_boar 2-7-2021, 5:31:44 AM
MonkeyDLuffy(MonkeyDLuffy) used a dead_boar 2-7-2021, 5:31:44 AM
MonkeyDLuffy(MonkeyDLuffy) used a dead_boar 2-7-2021, 5:31:44 AM
MonkeyDLuffy(MonkeyDLuffy) used a dead_boar 2-7-2021, 5:31:44 AM
MonkeyDLuffy(MonkeyDLuffy) used a dead_boar 2-7-2021, 5:31:45 AM
MonkeyDLuffy(MonkeyDLuffy) used a dead_boar 2-7-2021, 5:31:45 AM
MonkeyDLuffy(MonkeyDLuffy) used a dead_boar 2-7-2021, 5:31:45 AM
MonkeyDLuffy(MonkeyDLuffy) used a dead_boar 2-7-2021, 5:31:45 AM
MonkeyDLuffy(MonkeyDLuffy) used a dead_boar 2-7-2021, 5:31:46 AM
MonkeyDLuffy(MonkeyDLuffy) used a dead_boar 2-7-2021, 5:31:46 AM
MonkeyDLuffy(MonkeyDLuffy) used a dead_boar 2-7-2021, 5:31:46 AM
MonkeyDLuffy(MonkeyDLuffy) used a dead_boar 2-7-2021, 5:31:46 AM
MonkeyDLuffy(MonkeyDLuffy) used a dead_boar 2-7-2021, 5:31:47 AM
MonkeyDLuffy(MonkeyDLuffy) used a dead_boar 2-7-2021, 5:31:47 AM
MonkeyDLuffy(MonkeyDLuffy) used a dead_boar 2-7-2021, 5:31:47 AM
MonkeyDLuffy(MonkeyDLuffy) used a dead_boar 2-7-2021, 5:31:48 AM
MonkeyDLuffy(MonkeyDLuffy) used a dead_boar 2-7-2021, 5:31:48 AM
MonkeyDLuffy(MonkeyDLuffy) used a dead_boar 2-7-2021, 5:31:48 AM
MonkeyDLuffy(MonkeyDLuffy) used a dead_boar 2-7-2021, 5:31:48 AM
MonkeyDLuffy(MonkeyDLuffy) used a dead_boar 2-7-2021, 5:31:49 AM
MonkeyDLuffy(MonkeyDLuffy) used a dead_boar 2-7-2021, 5:31:49 AM
MonkeyDLuffy(MonkeyDLuffy) used a dead_boar 2-7-2021, 5:31:49 AM
MonkeyDLuffy(MonkeyDLuffy) used a dead_boar 2-7-2021, 5:31:49 AM
MonkeyDLuffy(MonkeyDLuffy) used a dead_boar 2-7-2021, 5:31:50 AM
MonkeyDLuffy(MonkeyDLuffy) used a dead_boar 2-7-2021, 5:31:50 AM
MonkeyDLuffy(MonkeyDLuffy) used a dead_boar 2-7-2021, 5:31:50 AM
MonkeyDLuffy(MonkeyDLuffy) used a dead_boar 2-7-2021, 5:31:50 AM
MonkeyDLuffy(MonkeyDLuffy) used a dead_boar 2-7-2021, 5:31:50 AM
MonkeyDLuffy(MonkeyDLuffy) used a dead_boar 2-7-2021, 5:31:51 AM
MonkeyDLuffy(MonkeyDLuffy) used a dead_boar 2-7-2021, 5:31:51 AM
MonkeyDLuffy(MonkeyDLuffy) used a dead_boar 2-7-2021, 5:31:51 AM
MonkeyDLuffy(MonkeyDLuffy) used a dead_boar 2-7-2021, 5:31:51 AM
MonkeyDLuffy(MonkeyDLuffy) used a dead_boar 2-7-2021, 5:31:52 AM
MonkeyDLuffy(MonkeyDLuffy) used a dead_boar 2-7-2021, 5:31:52 AM
MonkeyDLuffy(MonkeyDLuffy) used a dead_boar 2-7-2021, 5:31:52 AM
MonkeyDLuffy(MonkeyDLuffy) used a shield 2-7-2021, 5:32:20 AM
MonkeyDLuffy(MonkeyDLuffy) used a long_sword 2-7-2021, 5:32:25 AM
MonkeyDLuffy(MonkeyDLuffy) used a throwing_knives 2-7-2021, 5:32:34 AM
MonkeyDLuffy(MonkeyDLuffy) used a shotgun 2-7-2021, 5:32:42 AM
MonkeyDLuffy(MonkeyDLuffy) used a fnminimilight 2-7-2021, 5:32:50 AM
MonkeyDLuffy(MonkeyDLuffy) used a dead_boar 2-7-2021, 5:33:02 AM
MonkeyDLuffy(MonkeyDLuffy) used a dead_boar 2-7-2021, 5:33:03 AM
MonkeyDLuffy(MonkeyDLuffy) used a dead_boar 2-7-2021, 5:33:04 AM
MonkeyDLuffy(MonkeyDLuffy) used a dead_boar 2-7-2021, 5:33:04 AM
MonkeyDLuffy(MonkeyDLuffy) used a dead_boar 2-7-2021, 5:33:04 AM
MonkeyDLuffy(MonkeyDLuffy) used a dead_boar 2-7-2021, 5:33:04 AM
MonkeyDLuffy(MonkeyDLuffy) used a dead_boar 2-7-2021, 5:33:05 AM
MonkeyDLuffy(MonkeyDLuffy) used a dead_boar 2-7-2021, 5:33:05 AM
MonkeyDLuffy(MonkeyDLuffy) used a dead_boar 2-7-2021, 5:33:05 AM
MonkeyDLuffy(MonkeyDLuffy) used a dead_boar 2-7-2021, 5:33:05 AM
MonkeyDLuffy(MonkeyDLuffy) used a dead_boar 2-7-2021, 5:33:06 AM
MonkeyDLuffy(MonkeyDLuffy) used a dead_boar 2-7-2021, 5:33:06 AM
MonkeyDLuffy(MonkeyDLuffy) used a dead_boar 2-7-2021, 5:33:06 AM
MonkeyDLuffy(MonkeyDLuffy) used a dead_boar 2-7-2021, 5:33:06 AM
MonkeyDLuffy(MonkeyDLuffy) used a dead_boar 2-7-2021, 5:33:07 AM
MonkeyDLuffy(MonkeyDLuffy) used a dead_boar 2-7-2021, 5:33:07 AM
MonkeyDLuffy(MonkeyDLuffy) used a dead_boar 2-7-2021, 5:33:07 AM
MonkeyDLuffy(MonkeyDLuffy) used a dead_boar 2-7-2021, 5:33:07 AM
MonkeyDLuffy(MonkeyDLuffy) used a dead_boar 2-7-2021, 5:33:08 AM
MonkeyDLuffy(MonkeyDLuffy) used a dead_boar 2-7-2021, 5:33:08 AM
MonkeyDLuffy(MonkeyDLuffy) used a dead_boar 2-7-2021, 5:33:08 AM
MonkeyDLuffy(MonkeyDLuffy) used a dead_boar 2-7-2021, 5:33:08 AM
MonkeyDLuffy(MonkeyDLuffy) used a dead_boar 2-7-2021, 5:33:08 AM
MonkeyDLuffy(MonkeyDLuffy) used a dead_boar 2-7-2021, 5:33:09 AM
MonkeyDLuffy(MonkeyDLuffy) used a dead_boar 2-7-2021, 5:33:09 AM
MonkeyDLuffy(MonkeyDLuffy) used a dead_boar 2-7-2021, 5:33:09 AM
MonkeyDLuffy(MonkeyDLuffy) used a gp30 2-7-2021, 5:33:15 AM
MonkeyDLuffy(MonkeyDLuffy) used a dead_boar 2-7-2021, 5:33:26 AM
MonkeyDLuffy(MonkeyDLuffy) used a dead_boar 2-7-2021, 5:33:27 AM
MonkeyDLuffy(MonkeyDLuffy) used a dead_boar 2-7-2021, 5:33:27 AM
MonkeyDLuffy(MonkeyDLuffy) used a dead_boar 2-7-2021, 5:33:28 AM
MonkeyDLuffy(MonkeyDLuffy) used a dead_boar 2-7-2021, 5:33:28 AM
MonkeyDLuffy(MonkeyDLuffy) used a dead_boar 2-7-2021, 5:33:29 AM
MonkeyDLuffy(MonkeyDLuffy) used a dead_boar 2-7-2021, 5:33:29 AM
MonkeyDLuffy(MonkeyDLuffy) used a dead_boar 2-7-2021, 5:33:29 AM
MonkeyDLuffy(MonkeyDLuffy) used a dead_boar 2-7-2021, 5:33:30 AM
MonkeyDLuffy(MonkeyDLuffy) used a dead_boar 2-7-2021, 5:33:30 AM
MonkeyDLuffy(MonkeyDLuffy) used a dead_boar 2-7-2021, 5:33:30 AM
MonkeyDLuffy(MonkeyDLuffy) used a dead_boar 2-7-2021, 5:33:30 AM
MonkeyDLuffy(MonkeyDLuffy) used a dead_boar 2-7-2021, 5:33:31 AM
MonkeyDLuffy(MonkeyDLuffy) used a dead_boar 2-7-2021, 5:33:31 AM
MonkeyDLuffy(MonkeyDLuffy) used a dead_boar 2-7-2021, 5:33:31 AM
MonkeyDLuffy(MonkeyDLuffy) used a dead_boar 2-7-2021, 5:33:32 AM
MonkeyDLuffy(MonkeyDLuffy) used a dead_boar 2-7-2021, 5:33:32 AM
MonkeyDLuffy(MonkeyDLuffy) used a dead_boar 2-7-2021, 5:33:32 AM
MonkeyDLuffy(MonkeyDLuffy) used a dead_boar 2-7-2021, 5:33:32 AM
MonkeyDLuffy(MonkeyDLuffy) used a dead_boar 2-7-2021, 5:33:33 AM
MonkeyDLuffy(MonkeyDLuffy) used a dead_boar 2-7-2021, 5:33:34 AM
MonkeyDLuffy(MonkeyDLuffy) used a dead_boar 2-7-2021, 5:33:34 AM
MonkeyDLuffy(MonkeyDLuffy) used a dead_boar 2-7-2021, 5:33:34 AM
MonkeyDLuffy(MonkeyDLuffy) used a dead_boar 2-7-2021, 5:33:34 AM
MonkeyDLuffy(MonkeyDLuffy) used a dead_boar 2-7-2021, 5:33:34 AM
MonkeyDLuffy(MonkeyDLuffy) used a dead_boar 2-7-2021, 5:33:35 AM
MonkeyDLuffy(MonkeyDLuffy) used a dead_boar 2-7-2021, 5:33:35 AM
MonkeyDLuffy(MonkeyDLuffy) used a dead_boar 2-7-2021, 5:33:35 AM
MonkeyDLuffy(MonkeyDLuffy) used a dead_boar 2-7-2021, 5:33:35 AM
MonkeyDLuffy(MonkeyDLuffy) used a dead_boar 2-7-2021, 5:33:36 AM
MonkeyDLuffy(MonkeyDLuffy) used a dead_boar 2-7-2021, 5:33:36 AM
MonkeyDLuffy(MonkeyDLuffy) used a dead_boar 2-7-2021, 5:33:36 AM
MonkeyDLuffy(MonkeyDLuffy) used a dead_boar 2-7-2021, 5:33:36 AM
MonkeyDLuffy(MonkeyDLuffy) used a dead_boar 2-7-2021, 5:33:36 AM
MonkeyDLuffy(MonkeyDLuffy) used a dead_boar 2-7-2021, 5:33:37 AM
MonkeyDLuffy(MonkeyDLuffy) used a dead_boar 2-7-2021, 5:33:37 AM
MonkeyDLuffy(MonkeyDLuffy) used a dead_boar 2-7-2021, 5:33:37 AM
MonkeyDLuffy(MonkeyDLuffy) used a dead_boar 2-7-2021, 5:33:37 AM
MonkeyDLuffy(MonkeyDLuffy) used a dead_boar 2-7-2021, 5:33:37 AM
MonkeyDLuffy(MonkeyDLuffy) used a dead_boar 2-7-2021, 5:33:38 AM
MonkeyDLuffy(MonkeyDLuffy) used a dead_boar 2-7-2021, 5:33:38 AM
MonkeyDLuffy(MonkeyDLuffy) used a dead_boar 2-7-2021, 5:33:38 AM
MonkeyDLuffy(MonkeyDLuffy) used a dead_boar 2-7-2021, 5:33:38 AM
MonkeyDLuffy(MonkeyDLuffy) used a dead_boar 2-7-2021, 5:33:38 AM
MonkeyDLuffy(MonkeyDLuffy) used a dead_boar 2-7-2021, 5:33:39 AM
MonkeyDLuffy(MonkeyDLuffy) used a dead_boar 2-7-2021, 5:33:39 AM
MonkeyDLuffy(MonkeyDLuffy) used a dead_boar 2-7-2021, 5:33:39 AM
MonkeyDLuffy(MonkeyDLuffy) used a dead_boar 2-7-2021, 5:33:40 AM
MonkeyDLuffy(MonkeyDLuffy) used a dead_boar 2-7-2021, 5:33:40 AM
MonkeyDLuffy(MonkeyDLuffy) used a dead_boar 2-7-2021, 5:33:40 AM
MonkeyDLuffy(MonkeyDLuffy) used a dead_boar 2-7-2021, 5:33:40 AM
MonkeyDLuffy(MonkeyDLuffy) used a dead_boar 2-7-2021, 5:33:40 AM
MonkeyDLuffy(MonkeyDLuffy) used a dead_boar 2-7-2021, 5:33:40 AM
MonkeyDLuffy(MonkeyDLuffy) used a dead_boar 2-7-2021, 5:33:41 AM
MonkeyDLuffy(MonkeyDLuffy) used a dead_boar 2-7-2021, 5:33:41 AM
MonkeyDLuffy(MonkeyDLuffy) used a dead_boar 2-7-2021, 5:33:41 AM
MonkeyDLuffy(MonkeyDLuffy) used a dead_boar 2-7-2021, 5:33:41 AM
MonkeyDLuffy(MonkeyDLuffy) used a dead_boar 2-7-2021, 5:33:41 AM
MonkeyDLuffy(MonkeyDLuffy) used a dead_boar 2-7-2021, 5:33:41 AM
MonkeyDLuffy(MonkeyDLuffy) used a dead_boar 2-7-2021, 5:33:42 AM
MonkeyDLuffy(MonkeyDLuffy) used a dead_boar 2-7-2021, 5:33:42 AM
MonkeyDLuffy(MonkeyDLuffy) used a dead_boar 2-7-2021, 5:33:42 AM
MonkeyDLuffy(MonkeyDLuffy) used a dead_boar 2-7-2021, 5:33:42 AM
MonkeyDLuffy(MonkeyDLuffy) used a dead_boar 2-7-2021, 5:33:43 AM
MonkeyDLuffy(MonkeyDLuffy) used a dead_boar 2-7-2021, 5:33:43 AM
MonkeyDLuffy(MonkeyDLuffy) used a dead_boar 2-7-2021, 5:33:43 AM
MonkeyDLuffy(MonkeyDLuffy) used a dead_boar 2-7-2021, 5:33:43 AM
MonkeyDLuffy(MonkeyDLuffy) used a dead_boar 2-7-2021, 5:33:46 AM
MonkeyDLuffy(MonkeyDLuffy) used a dead_boar 2-7-2021, 5:33:47 AM
MonkeyDLuffy(MonkeyDLuffy) used a dead_boar 2-7-2021, 5:33:47 AM
MonkeyDLuffy(MonkeyDLuffy) used a dead_boar 2-7-2021, 5:33:47 AM
MonkeyDLuffy(MonkeyDLuffy) used a dead_boar 2-7-2021, 5:33:47 AM
MonkeyDLuffy(MonkeyDLuffy) used a dead_boar 2-7-2021, 5:33:47 AM
MonkeyDLuffy(MonkeyDLuffy) used a dead_boar 2-7-2021, 5:33:48 AM
MonkeyDLuffy(MonkeyDLuffy) used a dead_boar 2-7-2021, 5:33:48 AM
MonkeyDLuffy(MonkeyDLuffy) used a dead_boar 2-7-2021, 5:33:48 AM
MonkeyDLuffy(MonkeyDLuffy) used a dead_boar 2-7-2021, 5:33:48 AM
MonkeyDLuffy(MonkeyDLuffy) used a dead_boar 2-7-2021, 5:33:49 AM
MonkeyDLuffy(MonkeyDLuffy) used a dead_boar 2-7-2021, 5:33:49 AM
MonkeyDLuffy(MonkeyDLuffy) used a dead_boar 2-7-2021, 5:33:49 AM
MonkeyDLuffy(MonkeyDLuffy) used a dead_boar 2-7-2021, 5:33:53 AM
MonkeyDLuffy(MonkeyDLuffy) used a dead_boar 2-7-2021, 5:33:53 AM
MonkeyDLuffy(MonkeyDLuffy) used a dead_boar 2-7-2021, 5:33:53 AM
MonkeyDLuffy(MonkeyDLuffy) used a dead_boar 2-7-2021, 5:33:54 AM
MonkeyDLuffy(MonkeyDLuffy) used a dead_boar 2-7-2021, 5:33:54 AM
MonkeyDLuffy(MonkeyDLuffy) used a dead_boar 2-7-2021, 5:33:54 AM
MonkeyDLuffy(MonkeyDLuffy) used a dead_boar 2-7-2021, 5:33:55 AM
MonkeyDLuffy(MonkeyDLuffy) used a dead_boar 2-7-2021, 5:33:55 AM
MonkeyDLuffy(MonkeyDLuffy) used a dead_boar 2-7-2021, 5:33:55 AM
MonkeyDLuffy(MonkeyDLuffy) used a dead_boar 2-7-2021, 5:33:55 AM
MonkeyDLuffy(MonkeyDLuffy) used a dead_boar 2-7-2021, 5:33:55 AM
MonkeyDLuffy(MonkeyDLuffy) used a dead_boar 2-7-2021, 5:33:56 AM
MonkeyDLuffy(MonkeyDLuffy) used a dead_boar 2-7-2021, 5:33:56 AM
MonkeyDLuffy(MonkeyDLuffy) used a dead_boar 2-7-2021, 5:33:56 AM
MonkeyDLuffy(MonkeyDLuffy) used a dead_boar 2-7-2021, 5:33:56 AM
MonkeyDLuffy(MonkeyDLuffy) used a dead_boar 2-7-2021, 5:33:56 AM
MonkeyDLuffy(MonkeyDLuffy) used a dead_boar 2-7-2021, 5:33:56 AM
MonkeyDLuffy(MonkeyDLuffy) used a dead_boar 2-7-2021, 5:33:57 AM
MonkeyDLuffy(MonkeyDLuffy) used a dead_boar 2-7-2021, 5:33:57 AM
MonkeyDLuffy(MonkeyDLuffy) used a dead_boar 2-7-2021, 5:33:57 AM
MonkeyDLuffy(MonkeyDLuffy) used a dead_boar 2-7-2021, 5:33:57 AM
MonkeyDLuffy(MonkeyDLuffy) used a dead_boar 2-7-2021, 5:33:57 AM
MonkeyDLuffy(MonkeyDLuffy) used a dead_boar 2-7-2021, 5:33:58 AM
MonkeyDLuffy(MonkeyDLuffy) used a dead_boar 2-7-2021, 5:33:58 AM
MonkeyDLuffy(MonkeyDLuffy) used a dead_boar 2-7-2021, 5:33:58 AM
MonkeyDLuffy(MonkeyDLuffy) used a dead_boar 2-7-2021, 5:33:58 AM
MonkeyDLuffy(MonkeyDLuffy) used a dead_boar 2-7-2021, 5:33:58 AM
MonkeyDLuffy(MonkeyDLuffy) used a dead_boar 2-7-2021, 5:33:59 AM
MonkeyDLuffy(MonkeyDLuffy) used a dead_boar 2-7-2021, 5:33:59 AM
MonkeyDLuffy(MonkeyDLuffy) used a dead_boar 2-7-2021, 5:33:59 AM
MonkeyDLuffy(MonkeyDLuffy) used a dead_boar 2-7-2021, 5:33:59 AM
MonkeyDLuffy(MonkeyDLuffy) used a dead_boar 2-7-2021, 5:33:59 AM
MonkeyDLuffy(MonkeyDLuffy) used a dead_boar 2-7-2021, 5:34:00 AM
MonkeyDLuffy(MonkeyDLuffy) used a dead_boar 2-7-2021, 5:34:00 AM
MonkeyDLuffy(MonkeyDLuffy) used a dead_boar 2-7-2021, 5:34:00 AM
MonkeyDLuffy(MonkeyDLuffy) used a dead_boar 2-7-2021, 5:34:00 AM
MonkeyDLuffy(MonkeyDLuffy) used a dead_boar 2-7-2021, 5:34:00 AM
MonkeyDLuffy(MonkeyDLuffy) used a dead_boar 2-7-2021, 5:34:01 AM
MonkeyDLuffy(MonkeyDLuffy) used a dead_boar 2-7-2021, 5:34:01 AM
MonkeyDLuffy(MonkeyDLuffy) used a dead_boar 2-7-2021, 5:34:01 AM
MonkeyDLuffy(MonkeyDLuffy) used a dead_boar 2-7-2021, 5:34:01 AM
MonkeyDLuffy(MonkeyDLuffy) used a dead_boar 2-7-2021, 5:34:01 AM
MonkeyDLuffy(MonkeyDLuffy) used a dead_boar 2-7-2021, 5:34:02 AM
MonkeyDLuffy(MonkeyDLuffy) used a dead_boar 2-7-2021, 5:34:02 AM
MonkeyDLuffy(MonkeyDLuffy) used a dead_boar 2-7-2021, 5:34:02 AM
MonkeyDLuffy(MonkeyDLuffy) used a dead_boar 2-7-2021, 5:34:02 AM
MonkeyDLuffy(MonkeyDLuffy) used a dead_boar 2-7-2021, 5:34:02 AM
MonkeyDLuffy(MonkeyDLuffy) used a dead_boar 2-7-2021, 5:34:03 AM
MonkeyDLuffy(MonkeyDLuffy) used a dead_boar 2-7-2021, 5:34:03 AM
MonkeyDLuffy(MonkeyDLuffy) used a dead_boar 2-7-2021, 5:34:03 AM
MonkeyDLuffy(MonkeyDLuffy) used a dead_boar 2-7-2021, 5:34:03 AM
MonkeyDLuffy(MonkeyDLuffy) used a dead_boar 2-7-2021, 5:34:03 AM
MonkeyDLuffy(MonkeyDLuffy) used a dead_boar 2-7-2021, 5:34:04 AM
MonkeyDLuffy(MonkeyDLuffy) used a dead_boar 2-7-2021, 5:34:04 AM
MonkeyDLuffy(MonkeyDLuffy) used a dead_boar 2-7-2021, 5:34:04 AM
MonkeyDLuffy(MonkeyDLuffy) used a dead_boar 2-7-2021, 5:34:04 AM
MonkeyDLuffy(MonkeyDLuffy) used a dead_boar 2-7-2021, 5:34:04 AM
MonkeyDLuffy(MonkeyDLuffy) used a dead_boar 2-7-2021, 5:34:05 AM
MonkeyDLuffy(MonkeyDLuffy) used a dead_boar 2-7-2021, 5:34:05 AM
MonkeyDLuffy(MonkeyDLuffy) used a dead_boar 2-7-2021, 5:34:05 AM
MonkeyDLuffy(MonkeyDLuffy) used a dead_boar 2-7-2021, 5:34:05 AM
MonkeyDLuffy(MonkeyDLuffy) used a dead_boar 2-7-2021, 5:34:05 AM
MonkeyDLuffy(MonkeyDLuffy) used a dead_boar 2-7-2021, 5:34:06 AM
MonkeyDLuffy(MonkeyDLuffy) used a dead_boar 2-7-2021, 5:34:06 AM
MonkeyDLuffy(MonkeyDLuffy) used a dead_boar 2-7-2021, 5:34:06 AM
MonkeyDLuffy(MonkeyDLuffy) used a dead_boar 2-7-2021, 5:34:06 AM
MonkeyDLuffy(MonkeyDLuffy) used a dead_boar 2-7-2021, 5:34:06 AM
MonkeyDLuffy(MonkeyDLuffy) used a dead_boar 2-7-2021, 5:34:07 AM
MonkeyDLuffy(MonkeyDLuffy) used a dead_boar 2-7-2021, 5:34:07 AM
MonkeyDLuffy(MonkeyDLuffy) used a dead_boar 2-7-2021, 5:34:07 AM
MonkeyDLuffy(MonkeyDLuffy) used a dead_boar 2-7-2021, 5:34:07 AM
MonkeyDLuffy(MonkeyDLuffy) used a dead_boar 2-7-2021, 5:34:07 AM
MonkeyDLuffy(MonkeyDLuffy) used a dead_boar 2-7-2021, 5:34:08 AM
MonkeyDLuffy(MonkeyDLuffy) used a dead_boar 2-7-2021, 5:34:08 AM
MonkeyDLuffy(MonkeyDLuffy) used a dead_boar 2-7-2021, 5:34:08 AM
MonkeyDLuffy(MonkeyDLuffy) used a dead_boar 2-7-2021, 5:34:08 AM
MonkeyDLuffy(MonkeyDLuffy) used a dead_boar 2-7-2021, 5:34:08 AM
MonkeyDLuffy(MonkeyDLuffy) used a dead_boar 2-7-2021, 5:34:09 AM
MonkeyDLuffy(MonkeyDLuffy) used a dead_boar 2-7-2021, 5:34:09 AM
MonkeyDLuffy(MonkeyDLuffy) used a dead_boar 2-7-2021, 5:34:09 AM
MonkeyDLuffy(MonkeyDLuffy) used a dead_boar 2-7-2021, 5:34:09 AM
MonkeyDLuffy(MonkeyDLuffy) used a dead_boar 2-7-2021, 5:34:10 AM
MonkeyDLuffy(MonkeyDLuffy) used a dead_boar 2-7-2021, 5:34:10 AM
MonkeyDLuffy(MonkeyDLuffy) used a dead_boar 2-7-2021, 5:34:10 AM
MonkeyDLuffy(MonkeyDLuffy) used a dead_boar 2-7-2021, 5:34:11 AM
MonkeyDLuffy(MonkeyDLuffy) used a dead_boar 2-7-2021, 5:34:11 AM
MonkeyDLuffy(MonkeyDLuffy) used a dead_boar 2-7-2021, 5:34:11 AM
MonkeyDLuffy(MonkeyDLuffy) used a dead_boar 2-7-2021, 5:34:11 AM
MonkeyDLuffy(MonkeyDLuffy) used a dead_boar 2-7-2021, 5:34:12 AM
MonkeyDLuffy(MonkeyDLuffy) used a dead_boar 2-7-2021, 5:34:12 AM
MonkeyDLuffy(MonkeyDLuffy) used a dead_boar 2-7-2021, 5:34:12 AM
MonkeyDLuffy(MonkeyDLuffy) used a dead_boar 2-7-2021, 5:34:12 AM
MonkeyDLuffy(MonkeyDLuffy) used a dead_boar 2-7-2021, 5:34:12 AM
MonkeyDLuffy(MonkeyDLuffy) used a dead_boar 2-7-2021, 5:34:13 AM
MonkeyDLuffy(MonkeyDLuffy) used a dead_boar 2-7-2021, 5:34:13 AM
MonkeyDLuffy(MonkeyDLuffy) used a dead_boar 2-7-2021, 5:34:13 AM
MonkeyDLuffy(MonkeyDLuffy) used a dead_boar 2-7-2021, 5:34:13 AM
MonkeyDLuffy(MonkeyDLuffy) used a dead_boar 2-7-2021, 5:34:14 AM
MonkeyDLuffy(MonkeyDLuffy) used a dead_boar 2-7-2021, 5:34:14 AM
MonkeyDLuffy(MonkeyDLuffy) used a dead_boar 2-7-2021, 5:34:14 AM
MonkeyDLuffy(MonkeyDLuffy) used a dead_boar 2-7-2021, 5:34:14 AM
MonkeyDLuffy(MonkeyDLuffy) used a dead_boar 2-7-2021, 5:34:14 AM
MonkeyDLuffy(MonkeyDLuffy) used a dead_boar 2-7-2021, 5:34:15 AM
MonkeyDLuffy(MonkeyDLuffy) used a dead_boar 2-7-2021, 5:34:15 AM
MonkeyDLuffy(MonkeyDLuffy) used a dead_boar 2-7-2021, 5:34:15 AM
MonkeyDLuffy(MonkeyDLuffy) used a dead_boar 2-7-2021, 5:34:15 AM
MonkeyDLuffy(MonkeyDLuffy) used a dead_boar 2-7-2021, 5:34:15 AM
MonkeyDLuffy(MonkeyDLuffy) used a dead_boar 2-7-2021, 5:34:15 AM
MonkeyDLuffy(MonkeyDLuffy) used a dead_boar 2-7-2021, 5:34:16 AM
MonkeyDLuffy(MonkeyDLuffy) used a dead_boar 2-7-2021, 5:34:16 AM
MonkeyDLuffy(MonkeyDLuffy) used a dead_boar 2-7-2021, 5:34:16 AM
MonkeyDLuffy(MonkeyDLuffy) used a dead_boar 2-7-2021, 5:34:16 AM
MonkeyDLuffy(MonkeyDLuffy) used a dead_boar 2-7-2021, 5:34:16 AM
MonkeyDLuffy(MonkeyDLuffy) used a dead_boar 2-7-2021, 5:34:17 AM
MonkeyDLuffy(MonkeyDLuffy) used a dead_boar 2-7-2021, 5:34:17 AM
MonkeyDLuffy(MonkeyDLuffy) used a dead_boar 2-7-2021, 5:34:17 AM
MonkeyDLuffy(MonkeyDLuffy) used a dead_boar 2-7-2021, 5:34:17 AM
MonkeyDLuffy(MonkeyDLuffy) used a dead_boar 2-7-2021, 5:34:18 AM
MonkeyDLuffy(MonkeyDLuffy) used a dead_boar 2-7-2021, 5:34:18 AM
MonkeyDLuffy(MonkeyDLuffy) used a dead_boar 2-7-2021, 5:34:18 AM
MonkeyDLuffy(MonkeyDLuffy) used a dead_boar 2-7-2021, 5:34:18 AM
MonkeyDLuffy(MonkeyDLuffy) used a dead_boar 2-7-2021, 5:34:18 AM
MonkeyDLuffy(MonkeyDLuffy) used a dead_boar 2-7-2021, 5:34:18 AM
MonkeyDLuffy(MonkeyDLuffy) used a dead_boar 2-7-2021, 5:34:19 AM
MonkeyDLuffy(MonkeyDLuffy) used a dead_boar 2-7-2021, 5:34:19 AM
MonkeyDLuffy(MonkeyDLuffy) used a dead_boar 2-7-2021, 5:34:19 AM
MonkeyDLuffy(MonkeyDLuffy) used a dead_boar 2-7-2021, 5:34:19 AM
MonkeyDLuffy(MonkeyDLuffy) used a dead_boar 2-7-2021, 5:34:19 AM
MonkeyDLuffy(MonkeyDLuffy) used a dead_boar 2-7-2021, 5:34:20 AM
MonkeyDLuffy(MonkeyDLuffy) used a dead_boar 2-7-2021, 5:34:20 AM
MonkeyDLuffy(MonkeyDLuffy) used a dead_boar 2-7-2021, 5:34:20 AM
MonkeyDLuffy(MonkeyDLuffy) used a dead_boar 2-7-2021, 5:34:20 AM
MonkeyDLuffy(MonkeyDLuffy) used a dead_boar 2-7-2021, 5:34:21 AM
MonkeyDLuffy(MonkeyDLuffy) used a dead_boar 2-7-2021, 5:34:21 AM
MonkeyDLuffy(MonkeyDLuffy) used a dead_boar 2-7-2021, 5:34:21 AM
MonkeyDLuffy(MonkeyDLuffy) used a dead_boar 2-7-2021, 5:34:21 AM
MonkeyDLuffy(MonkeyDLuffy) used a dead_boar 2-7-2021, 5:34:21 AM
MonkeyDLuffy(MonkeyDLuffy) used a dead_boar 2-7-2021, 5:34:22 AM
MonkeyDLuffy(MonkeyDLuffy) used a dead_boar 2-7-2021, 5:34:22 AM
MonkeyDLuffy(MonkeyDLuffy) used a dead_boar 2-7-2021, 5:34:22 AM
MonkeyDLuffy(MonkeyDLuffy) used a dead_boar 2-7-2021, 5:34:22 AM
MonkeyDLuffy(MonkeyDLuffy) used a dead_boar 2-7-2021, 5:34:22 AM
MonkeyDLuffy(MonkeyDLuffy) used a dead_boar 2-7-2021, 5:34:23 AM
MonkeyDLuffy(MonkeyDLuffy) used a dead_boar 2-7-2021, 5:34:23 AM
MonkeyDLuffy(MonkeyDLuffy) used a dead_boar 2-7-2021, 5:34:23 AM
MonkeyDLuffy(MonkeyDLuffy) used a dead_boar 2-7-2021, 5:34:23 AM
MonkeyDLuffy(MonkeyDLuffy) used a dead_boar 2-7-2021, 5:34:23 AM
MonkeyDLuffy(MonkeyDLuffy) used a dead_boar 2-7-2021, 5:34:24 AM
MonkeyDLuffy(MonkeyDLuffy) used a dead_boar 2-7-2021, 5:34:24 AM
MonkeyDLuffy(MonkeyDLuffy) used a dead_boar 2-7-2021, 5:34:24 AM
MonkeyDLuffy(MonkeyDLuffy) used a dead_boar 2-7-2021, 5:34:24 AM
MonkeyDLuffy(MonkeyDLuffy) used a dead_boar 2-7-2021, 5:34:24 AM
MonkeyDLuffy(MonkeyDLuffy) used a dead_boar 2-7-2021, 5:34:24 AM
MonkeyDLuffy(MonkeyDLuffy) used a skinned_goat 2-7-2021, 5:34:30 AM
MonkeyDLuffy(MonkeyDLuffy) used a skinned_goat 2-7-2021, 5:34:30 AM
MonkeyDLuffy(MonkeyDLuffy) used a skinned_goat 2-7-2021, 5:34:31 AM
MonkeyDLuffy(MonkeyDLuffy) used a skinned_goat 2-7-2021, 5:34:31 AM
MonkeyDLuffy(MonkeyDLuffy) used a skinned_goat 2-7-2021, 5:34:31 AM
MonkeyDLuffy(MonkeyDLuffy) used a skinned_goat 2-7-2021, 5:34:31 AM
MonkeyDLuffy(MonkeyDLuffy) used a skinned_goat 2-7-2021, 5:34:32 AM
MonkeyDLuffy(MonkeyDLuffy) used a skinned_goat 2-7-2021, 5:34:32 AM
MonkeyDLuffy(MonkeyDLuffy) used a skinned_goat 2-7-2021, 5:34:32 AM
MonkeyDLuffy(MonkeyDLuffy) used a skinned_goat 2-7-2021, 5:34:32 AM
MonkeyDLuffy(MonkeyDLuffy) used a skinned_goat 2-7-2021, 5:34:33 AM
MonkeyDLuffy(MonkeyDLuffy) used a skinned_goat 2-7-2021, 5:34:33 AM
MonkeyDLuffy(MonkeyDLuffy) used a skinned_goat 2-7-2021, 5:34:33 AM
MonkeyDLuffy(MonkeyDLuffy) used a skinned_goat 2-7-2021, 5:34:33 AM
MonkeyDLuffy(MonkeyDLuffy) used a skinned_goat 2-7-2021, 5:34:33 AM
MonkeyDLuffy(MonkeyDLuffy) used a skinned_goat 2-7-2021, 5:34:34 AM
MonkeyDLuffy(MonkeyDLuffy) used a skinned_goat 2-7-2021, 5:34:34 AM
MonkeyDLuffy(MonkeyDLuffy) used a skinned_goat 2-7-2021, 5:34:34 AM
MonkeyDLuffy(MonkeyDLuffy) used a skinned_goat 2-7-2021, 5:34:34 AM
MonkeyDLuffy(MonkeyDLuffy) used a skinned_goat 2-7-2021, 5:34:35 AM
MonkeyDLuffy(MonkeyDLuffy) used a skinned_goat 2-7-2021, 5:34:35 AM
MonkeyDLuffy(MonkeyDLuffy) used a skinned_goat 2-7-2021, 5:34:35 AM
MonkeyDLuffy(MonkeyDLuffy) used a skinned_goat 2-7-2021, 5:34:35 AM
MonkeyDLuffy(MonkeyDLuffy) used a skinned_goat 2-7-2021, 5:34:35 AM
MonkeyDLuffy(MonkeyDLuffy) used a skinned_goat 2-7-2021, 5:34:36 AM
MonkeyDLuffy(MonkeyDLuffy) used a skinned_goat 2-7-2021, 5:34:36 AM
MonkeyDLuffy(MonkeyDLuffy) used a skinned_goat 2-7-2021, 5:34:36 AM
MonkeyDLuffy(MonkeyDLuffy) used a skinned_goat 2-7-2021, 5:34:36 AM
MonkeyDLuffy(MonkeyDLuffy) used a skinned_goat 2-7-2021, 5:34:37 AM
MonkeyDLuffy(MonkeyDLuffy) used a skinned_goat 2-7-2021, 5:34:37 AM
MonkeyDLuffy(MonkeyDLuffy) used a skinned_goat 2-7-2021, 5:34:37 AM
MonkeyDLuffy(MonkeyDLuffy) used a skinned_goat 2-7-2021, 5:34:37 AM
MonkeyDLuffy(MonkeyDLuffy) used a skinned_goat 2-7-2021, 5:34:37 AM
MonkeyDLuffy(MonkeyDLuffy) used a skinned_goat 2-7-2021, 5:34:38 AM
MonkeyDLuffy(MonkeyDLuffy) used a skinned_goat 2-7-2021, 5:34:38 AM
MonkeyDLuffy(MonkeyDLuffy) used a skinned_goat 2-7-2021, 5:34:38 AM
MonkeyDLuffy(MonkeyDLuffy) used a skinned_goat 2-7-2021, 5:34:38 AM
MonkeyDLuffy(MonkeyDLuffy) used a skinned_goat 2-7-2021, 5:34:39 AM
MonkeyDLuffy(MonkeyDLuffy) used a skinned_goat 2-7-2021, 5:34:39 AM
MonkeyDLuffy(MonkeyDLuffy) used a skinned_goat 2-7-2021, 5:34:39 AM
MonkeyDLuffy(MonkeyDLuffy) used a skinned_goat 2-7-2021, 5:34:39 AM
MonkeyDLuffy(MonkeyDLuffy) used a skinned_goat 2-7-2021, 5:34:39 AM
MonkeyDLuffy(MonkeyDLuffy) used a skinned_goat 2-7-2021, 5:34:40 AM
MonkeyDLuffy(MonkeyDLuffy) used a skinned_goat 2-7-2021, 5:34:40 AM
MonkeyDLuffy(MonkeyDLuffy) used a skinned_goat 2-7-2021, 5:34:40 AM
MonkeyDLuffy(MonkeyDLuffy) used a skinned_goat 2-7-2021, 5:34:40 AM
MonkeyDLuffy(MonkeyDLuffy) used a skinned_goat 2-7-2021, 5:34:41 AM
MonkeyDLuffy(MonkeyDLuffy) used a skinned_goat 2-7-2021, 5:34:41 AM
MonkeyDLuffy(MonkeyDLuffy) used a skinned_goat 2-7-2021, 5:34:41 AM
MonkeyDLuffy(MonkeyDLuffy) used a skinned_goat 2-7-2021, 5:34:41 AM
MonkeyDLuffy(MonkeyDLuffy) used a skinned_goat 2-7-2021, 5:34:42 AM
MonkeyDLuffy(MonkeyDLuffy) used a skinned_goat 2-7-2021, 5:34:42 AM
MonkeyDLuffy(MonkeyDLuffy) used a skinned_goat 2-7-2021, 5:34:42 AM
MonkeyDLuffy(MonkeyDLuffy) used a skinned_goat 2-7-2021, 5:34:42 AM
MonkeyDLuffy(MonkeyDLuffy) used a skinned_goat 2-7-2021, 5:34:43 AM
MonkeyDLuffy(MonkeyDLuffy) used a skinned_goat 2-7-2021, 5:34:43 AM
MonkeyDLuffy(MonkeyDLuffy) used a skinned_goat 2-7-2021, 5:34:43 AM
MonkeyDLuffy(MonkeyDLuffy) used a skinned_goat 2-7-2021, 5:34:43 AM
MonkeyDLuffy(MonkeyDLuffy) used a skinned_goat 2-7-2021, 5:34:43 AM
MonkeyDLuffy(MonkeyDLuffy) used a skinned_goat 2-7-2021, 5:34:44 AM
MonkeyDLuffy(MonkeyDLuffy) used a skinned_goat 2-7-2021, 5:34:44 AM
MonkeyDLuffy(MonkeyDLuffy) used a skinned_goat 2-7-2021, 5:34:44 AM
MonkeyDLuffy(MonkeyDLuffy) used a skinned_goat 2-7-2021, 5:34:44 AM
MonkeyDLuffy(MonkeyDLuffy) used a skinned_goat 2-7-2021, 5:34:45 AM
MonkeyDLuffy(MonkeyDLuffy) used a skinned_goat 2-7-2021, 5:34:45 AM
MonkeyDLuffy(MonkeyDLuffy) used a skinned_goat 2-7-2021, 5:34:45 AM
MonkeyDLuffy(MonkeyDLuffy) used a skinned_goat 2-7-2021, 5:34:46 AM
MonkeyDLuffy(MonkeyDLuffy) used a skinned_goat 2-7-2021, 5:34:46 AM
MonkeyDLuffy(MonkeyDLuffy) used a skinned_goat 2-7-2021, 5:34:46 AM
MonkeyDLuffy(MonkeyDLuffy) used a skinned_goat 2-7-2021, 5:34:46 AM
MonkeyDLuffy(MonkeyDLuffy) used a skinned_goat 2-7-2021, 5:34:46 AM
MonkeyDLuffy(MonkeyDLuffy) used a skinned_goat 2-7-2021, 5:34:46 AM
MonkeyDLuffy(MonkeyDLuffy) used a skinned_goat 2-7-2021, 5:34:47 AM
MonkeyDLuffy(MonkeyDLuffy) used a skinned_goat 2-7-2021, 5:34:47 AM
MonkeyDLuffy(MonkeyDLuffy) used a skinned_goat 2-7-2021, 5:34:47 AM
MonkeyDLuffy(MonkeyDLuffy) used a skinned_goat 2-7-2021, 5:34:47 AM
MonkeyDLuffy(MonkeyDLuffy) used a skinned_goat 2-7-2021, 5:34:47 AM
MonkeyDLuffy(MonkeyDLuffy) used a skinned_goat 2-7-2021, 5:34:48 AM
MonkeyDLuffy(MonkeyDLuffy) used a skinned_goat 2-7-2021, 5:34:48 AM
MonkeyDLuffy(MonkeyDLuffy) used a skinned_goat 2-7-2021, 5:34:48 AM
MonkeyDLuffy(MonkeyDLuffy) used a skinned_goat 2-7-2021, 5:34:48 AM
MonkeyDLuffy(MonkeyDLuffy) used a skinned_goat 2-7-2021, 5:34:49 AM
MonkeyDLuffy(MonkeyDLuffy) used a skinned_goat 2-7-2021, 5:34:49 AM
MonkeyDLuffy(MonkeyDLuffy) used a skinned_goat 2-7-2021, 5:34:49 AM
MonkeyDLuffy(MonkeyDLuffy) used a skinned_goat 2-7-2021, 5:34:49 AM
MonkeyDLuffy(MonkeyDLuffy) used a skinned_goat 2-7-2021, 5:34:49 AM
MonkeyDLuffy(MonkeyDLuffy) used a skinned_goat 2-7-2021, 5:34:50 AM
MonkeyDLuffy(MonkeyDLuffy) used a skinned_goat 2-7-2021, 5:34:50 AM
MonkeyDLuffy(MonkeyDLuffy) used a skinned_goat 2-7-2021, 5:34:50 AM
MonkeyDLuffy(MonkeyDLuffy) used a skinned_goat 2-7-2021, 5:34:50 AM
MonkeyDLuffy(MonkeyDLuffy) used a skinned_goat 2-7-2021, 5:34:51 AM
MonkeyDLuffy(MonkeyDLuffy) used a skinned_goat 2-7-2021, 5:34:51 AM
MonkeyDLuffy(MonkeyDLuffy) used a skinned_goat 2-7-2021, 5:34:51 AM
MonkeyDLuffy(MonkeyDLuffy) used a skinned_goat 2-7-2021, 5:34:51 AM
MonkeyDLuffy(MonkeyDLuffy) used a skinned_goat 2-7-2021, 5:34:51 AM
MonkeyDLuffy(MonkeyDLuffy) used a skinned_goat 2-7-2021, 5:34:52 AM
MonkeyDLuffy(MonkeyDLuffy) used a skinned_goat 2-7-2021, 5:34:52 AM
MonkeyDLuffy(MonkeyDLuffy) used a skinned_goat 2-7-2021, 5:34:52 AM
MonkeyDLuffy(MonkeyDLuffy) used a skinned_goat 2-7-2021, 5:34:52 AM
MonkeyDLuffy(MonkeyDLuffy) used a skinned_goat 2-7-2021, 5:34:53 AM
MonkeyDLuffy(MonkeyDLuffy) used a skinned_goat 2-7-2021, 5:34:53 AM
MonkeyDLuffy(MonkeyDLuffy) used a skinned_goat 2-7-2021, 5:34:53 AM
MonkeyDLuffy(MonkeyDLuffy) used a skinned_goat 2-7-2021, 5:34:53 AM
MonkeyDLuffy(MonkeyDLuffy) used a skinned_goat 2-7-2021, 5:34:54 AM
MonkeyDLuffy(MonkeyDLuffy) used a skinned_goat 2-7-2021, 5:34:54 AM
MonkeyDLuffy(MonkeyDLuffy) used a skinned_goat 2-7-2021, 5:34:54 AM
MonkeyDLuffy(MonkeyDLuffy) used a skinned_goat 2-7-2021, 5:34:54 AM
MonkeyDLuffy(MonkeyDLuffy) used a skinned_goat 2-7-2021, 5:34:55 AM
MonkeyDLuffy(MonkeyDLuffy) used a skinned_goat 2-7-2021, 5:34:55 AM
MonkeyDLuffy(MonkeyDLuffy) used a skinned_goat 2-7-2021, 5:34:55 AM
MonkeyDLuffy(MonkeyDLuffy) used a skinned_goat 2-7-2021, 5:34:55 AM
MonkeyDLuffy(MonkeyDLuffy) used a skinned_goat 2-7-2021, 5:34:55 AM
MonkeyDLuffy(MonkeyDLuffy) used a skinned_goat 2-7-2021, 5:34:56 AM
MonkeyDLuffy(MonkeyDLuffy) used a skinned_goat 2-7-2021, 5:34:56 AM
MonkeyDLuffy(MonkeyDLuffy) used a skinned_goat 2-7-2021, 5:34:56 AM
MonkeyDLuffy(MonkeyDLuffy) used a skinned_goat 2-7-2021, 5:34:56 AM
MonkeyDLuffy(MonkeyDLuffy) used a skinned_goat 2-7-2021, 5:34:57 AM
MonkeyDLuffy(MonkeyDLuffy) used a skinned_goat 2-7-2021, 5:34:57 AM
MonkeyDLuffy(MonkeyDLuffy) used a skinned_goat 2-7-2021, 5:34:57 AM
MonkeyDLuffy(MonkeyDLuffy) used a skinned_goat 2-7-2021, 5:34:57 AM
MonkeyDLuffy(MonkeyDLuffy) used a skinned_goat 2-7-2021, 5:34:58 AM
MonkeyDLuffy(MonkeyDLuffy) used a skinned_goat 2-7-2021, 5:34:58 AM
MonkeyDLuffy(MonkeyDLuffy) used a skinned_goat 2-7-2021, 5:34:58 AM
MonkeyDLuffy(MonkeyDLuffy) used a skinned_goat 2-7-2021, 5:34:58 AM
MonkeyDLuffy(MonkeyDLuffy) used a skinned_goat 2-7-2021, 5:34:58 AM
MonkeyDLuffy(MonkeyDLuffy) used a skinned_goat 2-7-2021, 5:34:59 AM
MonkeyDLuffy(MonkeyDLuffy) used a skinned_goat 2-7-2021, 5:34:59 AM
MonkeyDLuffy(MonkeyDLuffy) used a skinned_goat 2-7-2021, 5:34:59 AM
MonkeyDLuffy(MonkeyDLuffy) used a skinned_goat 2-7-2021, 5:34:59 AM
MonkeyDLuffy(MonkeyDLuffy) used a skinned_goat 2-7-2021, 5:35:00 AM
MonkeyDLuffy(MonkeyDLuffy) used a skinned_goat 2-7-2021, 5:35:00 AM
MonkeyDLuffy(MonkeyDLuffy) used a skinned_goat 2-7-2021, 5:35:00 AM
MonkeyDLuffy(MonkeyDLuffy) used a skinned_goat 2-7-2021, 5:35:00 AM
MonkeyDLuffy(MonkeyDLuffy) used a skinned_goat 2-7-2021, 5:35:00 AM
MonkeyDLuffy(MonkeyDLuffy) used a skinned_goat 2-7-2021, 5:35:01 AM
MonkeyDLuffy(MonkeyDLuffy) used a skinned_goat 2-7-2021, 5:35:01 AM
MonkeyDLuffy(MonkeyDLuffy) used a skinned_goat 2-7-2021, 5:35:01 AM
MonkeyDLuffy(MonkeyDLuffy) used a skinned_goat 2-7-2021, 5:35:01 AM
MonkeyDLuffy(MonkeyDLuffy) used a skinned_goat 2-7-2021, 5:35:02 AM
MonkeyDLuffy(MonkeyDLuffy) used a skinned_goat 2-7-2021, 5:35:02 AM
MonkeyDLuffy(MonkeyDLuffy) used a skinned_goat 2-7-2021, 5:35:02 AM
MonkeyDLuffy(MonkeyDLuffy) used a skinned_goat 2-7-2021, 5:35:02 AM
MonkeyDLuffy(MonkeyDLuffy) used a skinned_goat 2-7-2021, 5:35:02 AM
MonkeyDLuffy(MonkeyDLuffy) used a skinned_goat 2-7-2021, 5:35:03 AM
MonkeyDLuffy(MonkeyDLuffy) used a skinned_goat 2-7-2021, 5:35:03 AM
MonkeyDLuffy(MonkeyDLuffy) used a skinned_goat 2-7-2021, 5:35:03 AM
MonkeyDLuffy(MonkeyDLuffy) used a skinned_goat 2-7-2021, 5:35:03 AM
MonkeyDLuffy(MonkeyDLuffy) used a skinned_goat 2-7-2021, 5:35:03 AM
MonkeyDLuffy(MonkeyDLuffy) used a skinned_goat 2-7-2021, 5:35:04 AM
MonkeyDLuffy(MonkeyDLuffy) used a skinned_goat 2-7-2021, 5:35:04 AM
MonkeyDLuffy(MonkeyDLuffy) used a skinned_goat 2-7-2021, 5:35:04 AM
MonkeyDLuffy(MonkeyDLuffy) used a skinned_goat 2-7-2021, 5:35:04 AM
MonkeyDLuffy(MonkeyDLuffy) used a skinned_goat 2-7-2021, 5:35:05 AM
MonkeyDLuffy(MonkeyDLuffy) used a skinned_goat 2-7-2021, 5:35:05 AM
MonkeyDLuffy(MonkeyDLuffy) used a skinned_goat 2-7-2021, 5:35:05 AM
MonkeyDLuffy(MonkeyDLuffy) used a skinned_goat 2-7-2021, 5:35:05 AM
MonkeyDLuffy(MonkeyDLuffy) used a skinned_goat 2-7-2021, 5:35:05 AM
MonkeyDLuffy(MonkeyDLuffy) used a skinned_goat 2-7-2021, 5:35:06 AM
MonkeyDLuffy(MonkeyDLuffy) used a skinned_goat 2-7-2021, 5:35:06 AM
MonkeyDLuffy(MonkeyDLuffy) used a skinned_goat 2-7-2021, 5:35:06 AM
MonkeyDLuffy(MonkeyDLuffy) used a skinned_goat 2-7-2021, 5:35:06 AM
MonkeyDLuffy(MonkeyDLuffy) used a skinned_goat 2-7-2021, 5:35:07 AM
MonkeyDLuffy(MonkeyDLuffy) used a skinned_goat 2-7-2021, 5:35:07 AM
MonkeyDLuffy(MonkeyDLuffy) used a skinned_goat 2-7-2021, 5:35:07 AM
MonkeyDLuffy(MonkeyDLuffy) used a skinned_goat 2-7-2021, 5:35:07 AM
MonkeyDLuffy(MonkeyDLuffy) used a skinned_goat 2-7-2021, 5:35:07 AM
MonkeyDLuffy(MonkeyDLuffy) used a skinned_goat 2-7-2021, 5:35:08 AM
MonkeyDLuffy(MonkeyDLuffy) used a skinned_goat 2-7-2021, 5:35:08 AM
MonkeyDLuffy(MonkeyDLuffy) used a skinned_goat 2-7-2021, 5:35:08 AM
MonkeyDLuffy(MonkeyDLuffy) used a skinned_goat 2-7-2021, 5:35:08 AM
MonkeyDLuffy(MonkeyDLuffy) used a skinned_goat 2-7-2021, 5:35:08 AM
MonkeyDLuffy(MonkeyDLuffy) used a skinned_goat 2-7-2021, 5:35:09 AM
MonkeyDLuffy(MonkeyDLuffy) used a skinned_goat 2-7-2021, 5:35:09 AM
MonkeyDLuffy(MonkeyDLuffy) used a skinned_goat 2-7-2021, 5:35:09 AM
MonkeyDLuffy(MonkeyDLuffy) used a skinned_goat 2-7-2021, 5:35:09 AM
MonkeyDLuffy(MonkeyDLuffy) used a skinned_goat 2-7-2021, 5:35:10 AM
MonkeyDLuffy(MonkeyDLuffy) used a skinned_goat 2-7-2021, 5:35:10 AM
MonkeyDLuffy(MonkeyDLuffy) used a skinned_goat 2-7-2021, 5:35:10 AM
MonkeyDLuffy(MonkeyDLuffy) used a skinned_goat 2-7-2021, 5:35:10 AM
MonkeyDLuffy(MonkeyDLuffy) used a skinned_goat 2-7-2021, 5:35:11 AM
MonkeyDLuffy(MonkeyDLuffy) used a skinned_goat 2-7-2021, 5:35:11 AM
MonkeyDLuffy(MonkeyDLuffy) used a skinned_goat 2-7-2021, 5:35:11 AM
MonkeyDLuffy(MonkeyDLuffy) used a skinned_goat 2-7-2021, 5:35:11 AM
MonkeyDLuffy(MonkeyDLuffy) used a skinned_goat 2-7-2021, 5:35:11 AM
MonkeyDLuffy(MonkeyDLuffy) used a skinned_goat 2-7-2021, 5:35:12 AM
MonkeyDLuffy(MonkeyDLuffy) used a skinned_goat 2-7-2021, 5:35:12 AM
MonkeyDLuffy(MonkeyDLuffy) used a skinned_goat 2-7-2021, 5:35:12 AM
MonkeyDLuffy(MonkeyDLuffy) used a skinned_goat 2-7-2021, 5:35:12 AM
MonkeyDLuffy(MonkeyDLuffy) used a skinned_goat 2-7-2021, 5:35:12 AM
MonkeyDLuffy(MonkeyDLuffy) used a skinned_goat 2-7-2021, 5:35:13 AM
MonkeyDLuffy(MonkeyDLuffy) used a skinned_goat 2-7-2021, 5:35:13 AM
MonkeyDLuffy(MonkeyDLuffy) used a skinned_goat 2-7-2021, 5:35:13 AM
MonkeyDLuffy(MonkeyDLuffy) used a skinned_goat 2-7-2021, 5:35:13 AM
MonkeyDLuffy(MonkeyDLuffy) used a skinned_goat 2-7-2021, 5:35:14 AM
MonkeyDLuffy(MonkeyDLuffy) used a skinned_goat 2-7-2021, 5:35:14 AM
MonkeyDLuffy(MonkeyDLuffy) used a skinned_goat 2-7-2021, 5:35:14 AM
MonkeyDLuffy(MonkeyDLuffy) used a skinned_goat 2-7-2021, 5:35:14 AM
MonkeyDLuffy(MonkeyDLuffy) used a skinned_goat 2-7-2021, 5:35:15 AM
MonkeyDLuffy(MonkeyDLuffy) used a skinned_goat 2-7-2021, 5:35:15 AM
MonkeyDLuffy(MonkeyDLuffy) used a skinned_goat 2-7-2021, 5:35:15 AM
MonkeyDLuffy(MonkeyDLuffy) used a skinned_goat 2-7-2021, 5:35:15 AM
MonkeyDLuffy(MonkeyDLuffy) used a skinned_goat 2-7-2021, 5:35:15 AM
MonkeyDLuffy(MonkeyDLuffy) used a skinned_goat 2-7-2021, 5:35:16 AM
MonkeyDLuffy(MonkeyDLuffy) used a skinned_bear 2-7-2021, 5:35:23 AM
MonkeyDLuffy(MonkeyDLuffy) used a skinned_bear 2-7-2021, 5:35:23 AM
MonkeyDLuffy(MonkeyDLuffy) used a skinned_bear 2-7-2021, 5:35:24 AM
MonkeyDLuffy(MonkeyDLuffy) used a skinned_bear 2-7-2021, 5:35:24 AM
MonkeyDLuffy(MonkeyDLuffy) used a skinned_bear 2-7-2021, 5:35:24 AM
MonkeyDLuffy(MonkeyDLuffy) used a skinned_bear 2-7-2021, 5:35:24 AM
MonkeyDLuffy(MonkeyDLuffy) used a skinned_bear 2-7-2021, 5:35:24 AM
MonkeyDLuffy(MonkeyDLuffy) used a skinned_bear 2-7-2021, 5:35:25 AM
MonkeyDLuffy(MonkeyDLuffy) used a skinned_bear 2-7-2021, 5:35:25 AM
MonkeyDLuffy(MonkeyDLuffy) used a skinned_bear 2-7-2021, 5:35:25 AM
MonkeyDLuffy(MonkeyDLuffy) used a skinned_bear 2-7-2021, 5:35:25 AM
MonkeyDLuffy(MonkeyDLuffy) used a skinned_bear 2-7-2021, 5:35:26 AM
MonkeyDLuffy(MonkeyDLuffy) used a skinned_bear 2-7-2021, 5:35:26 AM
MonkeyDLuffy(MonkeyDLuffy) used a skinned_bear 2-7-2021, 5:35:26 AM
MonkeyDLuffy(MonkeyDLuffy) used a skinned_bear 2-7-2021, 5:35:26 AM
MonkeyDLuffy(MonkeyDLuffy) used a skinned_bear 2-7-2021, 5:35:26 AM
MonkeyDLuffy(MonkeyDLuffy) used a skinned_bear 2-7-2021, 5:35:27 AM
MonkeyDLuffy(MonkeyDLuffy) used a skinned_bear 2-7-2021, 5:35:27 AM
MonkeyDLuffy(MonkeyDLuffy) used a skinned_bear 2-7-2021, 5:35:27 AM
MonkeyDLuffy(MonkeyDLuffy) used a skinned_bear 2-7-2021, 5:35:27 AM
MonkeyDLuffy(MonkeyDLuffy) used a skinned_bear 2-7-2021, 5:35:28 AM
MonkeyDLuffy(MonkeyDLuffy) used a skinned_bear 2-7-2021, 5:35:28 AM
MonkeyDLuffy(MonkeyDLuffy) used a skinned_bear 2-7-2021, 5:35:28 AM
MonkeyDLuffy(MonkeyDLuffy) used a skinned_bear 2-7-2021, 5:35:28 AM
MonkeyDLuffy(MonkeyDLuffy) used a skinned_bear 2-7-2021, 5:35:29 AM
MonkeyDLuffy(MonkeyDLuffy) used a skinned_bear 2-7-2021, 5:35:29 AM
MonkeyDLuffy(MonkeyDLuffy) used a skinned_bear 2-7-2021, 5:35:29 AM
MonkeyDLuffy(MonkeyDLuffy) used a skinned_bear 2-7-2021, 5:35:29 AM
MonkeyDLuffy(MonkeyDLuffy) used a skinned_bear 2-7-2021, 5:35:29 AM
MonkeyDLuffy(MonkeyDLuffy) used a skinned_bear 2-7-2021, 5:35:30 AM
MonkeyDLuffy(MonkeyDLuffy) used a skinned_bear 2-7-2021, 5:35:30 AM
MonkeyDLuffy(MonkeyDLuffy) used a skinned_bear 2-7-2021, 5:35:30 AM
MonkeyDLuffy(MonkeyDLuffy) used a skinned_bear 2-7-2021, 5:35:30 AM
MonkeyDLuffy(MonkeyDLuffy) used a skinned_bear 2-7-2021, 5:35:31 AM
MonkeyDLuffy(MonkeyDLuffy) used a skinned_bear 2-7-2021, 5:35:31 AM
MonkeyDLuffy(MonkeyDLuffy) used a skinned_bear 2-7-2021, 5:35:31 AM
MonkeyDLuffy(MonkeyDLuffy) used a skinned_bear 2-7-2021, 5:35:31 AM
MonkeyDLuffy(MonkeyDLuffy) used a skinned_bear 2-7-2021, 5:35:32 AM
MonkeyDLuffy(MonkeyDLuffy) used a skinned_bear 2-7-2021, 5:35:32 AM
MonkeyDLuffy(MonkeyDLuffy) used a skinned_bear 2-7-2021, 5:35:32 AM
MonkeyDLuffy(MonkeyDLuffy) used a skinned_bear 2-7-2021, 5:35:32 AM
MonkeyDLuffy(MonkeyDLuffy) used a skinned_bear 2-7-2021, 5:35:32 AM
MonkeyDLuffy(MonkeyDLuffy) used a skinned_bear 2-7-2021, 5:35:33 AM
MonkeyDLuffy(MonkeyDLuffy) used a skinned_bear 2-7-2021, 5:35:33 AM
MonkeyDLuffy(MonkeyDLuffy) used a skinned_bear 2-7-2021, 5:35:33 AM
MonkeyDLuffy(MonkeyDLuffy) used a skinned_bear 2-7-2021, 5:35:33 AM
MonkeyDLuffy(MonkeyDLuffy) used a skinned_bear 2-7-2021, 5:35:33 AM
MonkeyDLuffy(MonkeyDLuffy) used a skinned_bear 2-7-2021, 5:35:34 AM
MonkeyDLuffy(MonkeyDLuffy) used a skinned_bear 2-7-2021, 5:35:34 AM
MonkeyDLuffy(MonkeyDLuffy) used a skinned_bear 2-7-2021, 5:35:34 AM
MonkeyDLuffy(MonkeyDLuffy) used a skinned_bear 2-7-2021, 5:35:34 AM
MonkeyDLuffy(MonkeyDLuffy) used a skinned_bear 2-7-2021, 5:35:35 AM
MonkeyDLuffy(MonkeyDLuffy) used a skinned_bear 2-7-2021, 5:35:35 AM
MonkeyDLuffy(MonkeyDLuffy) used a skinned_bear 2-7-2021, 5:35:35 AM
MonkeyDLuffy(MonkeyDLuffy) used a skinned_bear 2-7-2021, 5:35:35 AM
MonkeyDLuffy(MonkeyDLuffy) used a skinned_bear 2-7-2021, 5:35:35 AM
MonkeyDLuffy(MonkeyDLuffy) used a skinned_bear 2-7-2021, 5:35:36 AM
MonkeyDLuffy(MonkeyDLuffy) used a skinned_bear 2-7-2021, 5:35:36 AM
MonkeyDLuffy(MonkeyDLuffy) used a skinned_bear 2-7-2021, 5:35:36 AM
MonkeyDLuffy(MonkeyDLuffy) used a skinned_bear 2-7-2021, 5:35:36 AM
MonkeyDLuffy(MonkeyDLuffy) used a skinned_bear 2-7-2021, 5:35:36 AM
MonkeyDLuffy(MonkeyDLuffy) used a skinned_bear 2-7-2021, 5:35:37 AM
MonkeyDLuffy(MonkeyDLuffy) used a skinned_bear 2-7-2021, 5:35:37 AM
MonkeyDLuffy(MonkeyDLuffy) used a skinned_bear 2-7-2021, 5:35:37 AM
MonkeyDLuffy(MonkeyDLuffy) used a skinned_bear 2-7-2021, 5:35:37 AM
MonkeyDLuffy(MonkeyDLuffy) used a skinned_bear 2-7-2021, 5:35:38 AM
MonkeyDLuffy(MonkeyDLuffy) used a skinned_bear 2-7-2021, 5:35:38 AM
MonkeyDLuffy(MonkeyDLuffy) used a skinned_bear 2-7-2021, 5:35:38 AM
MonkeyDLuffy(MonkeyDLuffy) used a skinned_bear 2-7-2021, 5:35:38 AM
MonkeyDLuffy(MonkeyDLuffy) used a skinned_bear 2-7-2021, 5:35:38 AM
MonkeyDLuffy(MonkeyDLuffy) used a skinned_bear 2-7-2021, 5:35:39 AM
MonkeyDLuffy(MonkeyDLuffy) used a skinned_bear 2-7-2021, 5:35:39 AM
MonkeyDLuffy(MonkeyDLuffy) used a skinned_bear 2-7-2021, 5:35:39 AM
MonkeyDLuffy(MonkeyDLuffy) used a skinned_bear 2-7-2021, 5:35:39 AM
MonkeyDLuffy(MonkeyDLuffy) used a skinned_bear 2-7-2021, 5:35:40 AM
MonkeyDLuffy(MonkeyDLuffy) used a skinned_bear 2-7-2021, 5:35:40 AM
MonkeyDLuffy(MonkeyDLuffy) used a skinned_bear 2-7-2021, 5:35:40 AM
MonkeyDLuffy(MonkeyDLuffy) used a skinned_bear 2-7-2021, 5:35:40 AM
MonkeyDLuffy(MonkeyDLuffy) used a skinned_bear 2-7-2021, 5:35:41 AM
MonkeyDLuffy(MonkeyDLuffy) used a skinned_bear 2-7-2021, 5:35:41 AM
MonkeyDLuffy(MonkeyDLuffy) used a skinned_bear 2-7-2021, 5:35:41 AM
MonkeyDLuffy(MonkeyDLuffy) used a skinned_bear 2-7-2021, 5:35:41 AM
MonkeyDLuffy(MonkeyDLuffy) used a skinned_bear 2-7-2021, 5:35:42 AM
MonkeyDLuffy(MonkeyDLuffy) used a skinned_bear 2-7-2021, 5:35:42 AM
MonkeyDLuffy(MonkeyDLuffy) used a skinned_bear 2-7-2021, 5:35:42 AM
MonkeyDLuffy(MonkeyDLuffy) used a skinned_bear 2-7-2021, 5:35:42 AM
MonkeyDLuffy(MonkeyDLuffy) used a skinned_bear 2-7-2021, 5:35:43 AM
MonkeyDLuffy(MonkeyDLuffy) used a skinned_bear 2-7-2021, 5:35:43 AM
MonkeyDLuffy(MonkeyDLuffy) used a skinned_bear 2-7-2021, 5:35:43 AM
MonkeyDLuffy(MonkeyDLuffy) used a skinned_bear 2-7-2021, 5:35:43 AM
MonkeyDLuffy(MonkeyDLuffy) used a skinned_bear 2-7-2021, 5:35:44 AM
MonkeyDLuffy(MonkeyDLuffy) used a skinned_bear 2-7-2021, 5:35:44 AM
MonkeyDLuffy(MonkeyDLuffy) used a skinned_bear 2-7-2021, 5:35:44 AM
MonkeyDLuffy(MonkeyDLuffy) used a skinned_bear 2-7-2021, 5:35:44 AM
MonkeyDLuffy(MonkeyDLuffy) used a skinned_bear 2-7-2021, 5:35:44 AM
MonkeyDLuffy(MonkeyDLuffy) used a skinned_bear 2-7-2021, 5:35:45 AM
MonkeyDLuffy(MonkeyDLuffy) used a skinned_bear 2-7-2021, 5:35:45 AM
MonkeyDLuffy(MonkeyDLuffy) used a skinned_bear 2-7-2021, 5:35:45 AM
MonkeyDLuffy(MonkeyDLuffy) used a skinned_bear 2-7-2021, 5:35:46 AM
MonkeyDLuffy(MonkeyDLuffy) used a skinned_bear 2-7-2021, 5:35:46 AM
MonkeyDLuffy(MonkeyDLuffy) used a skinned_bear 2-7-2021, 5:35:46 AM
MonkeyDLuffy(MonkeyDLuffy) used a skinned_bear 2-7-2021, 5:35:46 AM
MonkeyDLuffy(MonkeyDLuffy) used a skinned_bear 2-7-2021, 5:35:47 AM
MonkeyDLuffy(MonkeyDLuffy) used a skinned_bear 2-7-2021, 5:35:47 AM
MonkeyDLuffy(MonkeyDLuffy) used a skinned_bear 2-7-2021, 5:35:47 AM
MonkeyDLuffy(MonkeyDLuffy) used a skinned_bear 2-7-2021, 5:35:47 AM
MonkeyDLuffy(MonkeyDLuffy) used a skinned_bear 2-7-2021, 5:35:48 AM
MonkeyDLuffy(MonkeyDLuffy) used a skinned_bear 2-7-2021, 5:35:48 AM
MonkeyDLuffy(MonkeyDLuffy) used a skinned_bear 2-7-2021, 5:35:48 AM
MonkeyDLuffy(MonkeyDLuffy) used a skinned_bear 2-7-2021, 5:35:48 AM
MonkeyDLuffy(MonkeyDLuffy) used a skinned_bear 2-7-2021, 5:35:49 AM
MonkeyDLuffy(MonkeyDLuffy) used a skinned_bear 2-7-2021, 5:35:49 AM
MonkeyDLuffy(MonkeyDLuffy) used a skinned_bear 2-7-2021, 5:35:49 AM
MonkeyDLuffy(MonkeyDLuffy) used a skinned_bear 2-7-2021, 5:35:49 AM
MonkeyDLuffy(MonkeyDLuffy) used a skinned_bear 2-7-2021, 5:35:50 AM
MonkeyDLuffy(MonkeyDLuffy) used a skinned_bear 2-7-2021, 5:35:50 AM
MonkeyDLuffy(MonkeyDLuffy) used a skinned_bear 2-7-2021, 5:35:50 AM
MonkeyDLuffy(MonkeyDLuffy) used a skinned_bear 2-7-2021, 5:35:50 AM
MonkeyDLuffy(MonkeyDLuffy) used a skinned_bear 2-7-2021, 5:35:51 AM
MonkeyDLuffy(MonkeyDLuffy) used a skinned_bear 2-7-2021, 5:35:51 AM
MonkeyDLuffy(MonkeyDLuffy) used a skinned_bear 2-7-2021, 5:35:51 AM
MonkeyDLuffy(MonkeyDLuffy) used a skinned_bear 2-7-2021, 5:35:51 AM
MonkeyDLuffy(MonkeyDLuffy) used a skinned_bear 2-7-2021, 5:35:52 AM
MonkeyDLuffy(MonkeyDLuffy) used a skinned_bear 2-7-2021, 5:35:52 AM
MonkeyDLuffy(MonkeyDLuffy) used a skinned_bear 2-7-2021, 5:35:52 AM
MonkeyDLuffy(MonkeyDLuffy) used a skinned_bear 2-7-2021, 5:35:52 AM
MonkeyDLuffy(MonkeyDLuffy) used a skinned_bear 2-7-2021, 5:35:52 AM
MonkeyDLuffy(MonkeyDLuffy) used a skinned_bear 2-7-2021, 5:35:53 AM
MonkeyDLuffy(MonkeyDLuffy) used a skinned_bear 2-7-2021, 5:35:53 AM
MonkeyDLuffy(MonkeyDLuffy) used a skinned_bear 2-7-2021, 5:35:53 AM
MonkeyDLuffy(MonkeyDLuffy) used a skinned_bear 2-7-2021, 5:35:53 AM
MonkeyDLuffy(MonkeyDLuffy) used a skinned_bear 2-7-2021, 5:35:54 AM
MonkeyDLuffy(MonkeyDLuffy) used a skinned_bear 2-7-2021, 5:35:54 AM
MonkeyDLuffy(MonkeyDLuffy) used a skinned_bear 2-7-2021, 5:35:54 AM
MonkeyDLuffy(MonkeyDLuffy) used a skinned_bear 2-7-2021, 5:35:54 AM
MonkeyDLuffy(MonkeyDLuffy) used a skinned_bear 2-7-2021, 5:35:55 AM
MonkeyDLuffy(MonkeyDLuffy) used a skinned_bear 2-7-2021, 5:35:55 AM
MonkeyDLuffy(MonkeyDLuffy) used a skinned_bear 2-7-2021, 5:35:55 AM
MonkeyDLuffy(MonkeyDLuffy) used a skinned_bear 2-7-2021, 5:35:55 AM
MonkeyDLuffy(MonkeyDLuffy) used a skinned_bear 2-7-2021, 5:35:56 AM
MonkeyDLuffy(MonkeyDLuffy) used a skinned_bear 2-7-2021, 5:35:56 AM
MonkeyDLuffy(MonkeyDLuffy) used a skinned_bear 2-7-2021, 5:35:56 AM
MonkeyDLuffy(MonkeyDLuffy) used a skinned_bear 2-7-2021, 5:35:56 AM
MonkeyDLuffy(MonkeyDLuffy) used a skinned_bear 2-7-2021, 5:35:57 AM
MonkeyDLuffy(MonkeyDLuffy) used a skinned_bear 2-7-2021, 5:35:57 AM
MonkeyDLuffy(MonkeyDLuffy) used a skinned_bear 2-7-2021, 5:35:57 AM
MonkeyDLuffy(MonkeyDLuffy) used a skinned_bear 2-7-2021, 5:35:57 AM
MonkeyDLuffy(MonkeyDLuffy) used a skinned_bear 2-7-2021, 5:35:57 AM
MonkeyDLuffy(MonkeyDLuffy) used a skinned_bear 2-7-2021, 5:35:58 AM
MonkeyDLuffy(MonkeyDLuffy) used a skinned_bear 2-7-2021, 5:35:58 AM
MonkeyDLuffy(MonkeyDLuffy) used a skinned_bear 2-7-2021, 5:35:58 AM
MonkeyDLuffy(MonkeyDLuffy) used a skinned_bear 2-7-2021, 5:35:58 AM
MonkeyDLuffy(MonkeyDLuffy) used a skinned_bear 2-7-2021, 5:35:59 AM
MonkeyDLuffy(MonkeyDLuffy) used a skinned_bear 2-7-2021, 5:35:59 AM
MonkeyDLuffy(MonkeyDLuffy) used a skinned_bear 2-7-2021, 5:35:59 AM
MonkeyDLuffy(MonkeyDLuffy) used a skinned_bear 2-7-2021, 5:35:59 AM
MonkeyDLuffy(MonkeyDLuffy) used a skinned_bear 2-7-2021, 5:36:00 AM
MonkeyDLuffy(MonkeyDLuffy) used a skinned_bear 2-7-2021, 5:36:00 AM
MonkeyDLuffy(MonkeyDLuffy) used a skinned_bear 2-7-2021, 5:36:00 AM
MonkeyDLuffy(MonkeyDLuffy) used a skinned_bear 2-7-2021, 5:36:00 AM
MonkeyDLuffy(MonkeyDLuffy) used a skinned_bear 2-7-2021, 5:36:01 AM
MonkeyDLuffy(MonkeyDLuffy) used a skinned_bear 2-7-2021, 5:36:01 AM
MonkeyDLuffy(MonkeyDLuffy) used a skinned_bear 2-7-2021, 5:36:01 AM
MonkeyDLuffy(MonkeyDLuffy) used a skinned_bear 2-7-2021, 5:36:01 AM
MonkeyDLuffy(MonkeyDLuffy) used a skinned_bear 2-7-2021, 5:36:02 AM
MonkeyDLuffy(MonkeyDLuffy) used a skinned_bear 2-7-2021, 5:36:02 AM
MonkeyDLuffy(MonkeyDLuffy) used a skinned_bear 2-7-2021, 5:36:02 AM
MonkeyDLuffy(MonkeyDLuffy) used a skinned_bear 2-7-2021, 5:36:02 AM
MonkeyDLuffy(MonkeyDLuffy) used a skinned_bear 2-7-2021, 5:36:02 AM
MonkeyDLuffy(MonkeyDLuffy) used a skinned_bear 2-7-2021, 5:36:03 AM
MonkeyDLuffy(MonkeyDLuffy) used a skinned_bear 2-7-2021, 5:36:03 AM
MonkeyDLuffy(MonkeyDLuffy) used a skinned_bear 2-7-2021, 5:36:03 AM
MonkeyDLuffy(MonkeyDLuffy) used a skinned_bear 2-7-2021, 5:36:03 AM
MonkeyDLuffy(MonkeyDLuffy) used a skinned_bear 2-7-2021, 5:36:04 AM
MonkeyDLuffy(MonkeyDLuffy) used a skinned_bear 2-7-2021, 5:36:04 AM
MonkeyDLuffy(MonkeyDLuffy) used a skinned_bear 2-7-2021, 5:36:04 AM
MonkeyDLuffy(MonkeyDLuffy) used a skinned_bear 2-7-2021, 5:36:04 AM
MonkeyDLuffy(MonkeyDLuffy) used a skinned_bear 2-7-2021, 5:36:05 AM
MonkeyDLuffy(MonkeyDLuffy) used a skinned_bear 2-7-2021, 5:36:05 AM
MonkeyDLuffy(MonkeyDLuffy) used a skinned_bear 2-7-2021, 5:36:05 AM
MonkeyDLuffy(MonkeyDLuffy) used a skinned_bear 2-7-2021, 5:36:05 AM
MonkeyDLuffy(MonkeyDLuffy) used a skinned_bear 2-7-2021, 5:36:06 AM
MonkeyDLuffy(MonkeyDLuffy) used a skinned_bear 2-7-2021, 5:36:06 AM
MonkeyDLuffy(MonkeyDLuffy) used a skinned_bear 2-7-2021, 5:36:06 AM
MonkeyDLuffy(MonkeyDLuffy) used a skinned_bear 2-7-2021, 5:36:06 AM
MonkeyDLuffy(MonkeyDLuffy) used a skinned_bear 2-7-2021, 5:36:06 AM
MonkeyDLuffy(MonkeyDLuffy) used a skinned_bear 2-7-2021, 5:36:07 AM
MonkeyDLuffy(MonkeyDLuffy) used a skinned_bear 2-7-2021, 5:36:07 AM
MonkeyDLuffy(MonkeyDLuffy) used a skinned_bear 2-7-2021, 5:36:07 AM
MonkeyDLuffy(MonkeyDLuffy) used a skinned_bear 2-7-2021, 5:36:07 AM
MonkeyDLuffy(MonkeyDLuffy) used a skinned_bear 2-7-2021, 5:36:08 AM
MonkeyDLuffy(MonkeyDLuffy) used a skinned_bear 2-7-2021, 5:36:08 AM
MonkeyDLuffy(MonkeyDLuffy) used a skinned_bear 2-7-2021, 5:36:08 AM
MonkeyDLuffy(MonkeyDLuffy) used a skinned_bear 2-7-2021, 5:36:08 AM
MonkeyDLuffy(MonkeyDLuffy) used a skinned_bear 2-7-2021, 5:36:09 AM
MonkeyDLuffy(MonkeyDLuffy) used a skinned_bear 2-7-2021, 5:36:09 AM
MonkeyDLuffy(MonkeyDLuffy) used a skinned_bear 2-7-2021, 5:36:09 AM
MonkeyDLuffy(MonkeyDLuffy) used a skinned_bear 2-7-2021, 5:36:09 AM
MonkeyDLuffy(MonkeyDLuffy) used a skinned_bear 2-7-2021, 5:36:09 AM
MonkeyDLuffy(MonkeyDLuffy) used a skinned_bear 2-7-2021, 5:36:10 AM
MonkeyDLuffy(MonkeyDLuffy) used a skinned_bear 2-7-2021, 5:36:10 AM
MonkeyDLuffy(MonkeyDLuffy) used a skinned_bear 2-7-2021, 5:36:10 AM
MonkeyDLuffy(MonkeyDLuffy) used a skinned_bear 2-7-2021, 5:36:10 AM
MonkeyDLuffy(MonkeyDLuffy) used a skinned_bear 2-7-2021, 5:36:11 AM
MonkeyDLuffy(MonkeyDLuffy) used a skinned_bear 2-7-2021, 5:36:11 AM
MonkeyDLuffy(MonkeyDLuffy) used a skinned_bear 2-7-2021, 5:36:11 AM
MonkeyDLuffy(MonkeyDLuffy) used a skinned_bear 2-7-2021, 5:36:11 AM
MonkeyDLuffy(MonkeyDLuffy) used a skinned_bear 2-7-2021, 5:36:12 AM
MonkeyDLuffy(MonkeyDLuffy) used a skinned_bear 2-7-2021, 5:36:12 AM
MonkeyDLuffy(MonkeyDLuffy) used a skinned_bear 2-7-2021, 5:36:12 AM
MonkeyDLuffy(MonkeyDLuffy) used a skinned_bear 2-7-2021, 5:36:12 AM
MonkeyDLuffy(MonkeyDLuffy) used a skinned_bear 2-7-2021, 5:36:13 AM
MonkeyDLuffy(MonkeyDLuffy) used a skinned_bear 2-7-2021, 5:36:13 AM
MonkeyDLuffy(MonkeyDLuffy) used a skinned_bear 2-7-2021, 5:36:13 AM
MonkeyDLuffy(MonkeyDLuffy) used a skinned_bear 2-7-2021, 5:36:13 AM
MonkeyDLuffy(MonkeyDLuffy) used a skinned_bear 2-7-2021, 5:36:14 AM
MonkeyDLuffy(MonkeyDLuffy) used a skinned_bear 2-7-2021, 5:36:14 AM
MonkeyDLuffy(MonkeyDLuffy) used a skinned_bear 2-7-2021, 5:36:14 AM
MonkeyDLuffy(MonkeyDLuffy) used a skinned_bear 2-7-2021, 5:36:14 AM
MonkeyDLuffy(MonkeyDLuffy) used a skinned_bear 2-7-2021, 5:36:15 AM
MonkeyDLuffy(MonkeyDLuffy) used a skinned_bear 2-7-2021, 5:36:15 AM
MonkeyDLuffy(MonkeyDLuffy) used a skinned_bear 2-7-2021, 5:36:15 AM
MonkeyDLuffy(MonkeyDLuffy) used a skinned_bear 2-7-2021, 5:36:16 AM
MonkeyDLuffy(MonkeyDLuffy) used a skinned_bear 2-7-2021, 5:36:16 AM
MonkeyDLuffy(MonkeyDLuffy) used a skinned_bear 2-7-2021, 5:36:16 AM
MonkeyDLuffy(MonkeyDLuffy) used a skinned_bear 2-7-2021, 5:36:16 AM
MonkeyDLuffy(MonkeyDLuffy) used a skinned_bear 2-7-2021, 5:36:17 AM
MonkeyDLuffy(MonkeyDLuffy) used a skinned_bear 2-7-2021, 5:36:17 AM
MonkeyDLuffy(MonkeyDLuffy) used a skinned_bear 2-7-2021, 5:36:17 AM
MonkeyDLuffy(MonkeyDLuffy) used a skinned_bear 2-7-2021, 5:36:17 AM
MonkeyDLuffy(MonkeyDLuffy) used a skinned_bear 2-7-2021, 5:36:18 AM
MonkeyDLuffy(MonkeyDLuffy) used a skinned_bear 2-7-2021, 5:36:18 AM
MonkeyDLuffy(MonkeyDLuffy) used a skinned_bear 2-7-2021, 5:36:18 AM
MonkeyDLuffy(MonkeyDLuffy) used a skinned_bear 2-7-2021, 5:36:18 AM
MonkeyDLuffy(MonkeyDLuffy) used a skinned_bear 2-7-2021, 5:36:18 AM
MonkeyDLuffy(MonkeyDLuffy) used a skinned_bear 2-7-2021, 5:36:19 AM
MonkeyDLuffy(MonkeyDLuffy) used a skinned_bear 2-7-2021, 5:36:19 AM
MonkeyDLuffy(MonkeyDLuffy) used a skinned_bear 2-7-2021, 5:36:19 AM
MonkeyDLuffy(MonkeyDLuffy) used a skinned_bear 2-7-2021, 5:36:19 AM
MonkeyDLuffy(MonkeyDLuffy) used a skinned_bear 2-7-2021, 5:36:20 AM
MonkeyDLuffy(MonkeyDLuffy) used a skinned_bear 2-7-2021, 5:36:20 AM
MonkeyDLuffy(MonkeyDLuffy) used a skinned_bear 2-7-2021, 5:36:20 AM
MonkeyDLuffy(MonkeyDLuffy) used a skinned_bear 2-7-2021, 5:36:20 AM
MonkeyDLuffy(MonkeyDLuffy) used a skinned_bear 2-7-2021, 5:36:21 AM
MonkeyDLuffy(MonkeyDLuffy) used a skinned_bear 2-7-2021, 5:36:21 AM
MonkeyDLuffy(MonkeyDLuffy) used a skinned_bear 2-7-2021, 5:36:21 AM
MonkeyDLuffy(MonkeyDLuffy) used a skinned_bear 2-7-2021, 5:36:21 AM
MonkeyDLuffy(MonkeyDLuffy) used a skinned_bear 2-7-2021, 5:36:22 AM
MonkeyDLuffy(MonkeyDLuffy) used a skinned_bear 2-7-2021, 5:36:22 AM
MonkeyDLuffy(MonkeyDLuffy) used a skinned_bear 2-7-2021, 5:36:22 AM
MonkeyDLuffy(MonkeyDLuffy) used a skinned_bear 2-7-2021, 5:36:22 AM
MonkeyDLuffy(MonkeyDLuffy) used a skinned_bear 2-7-2021, 5:36:25 AM
MonkeyDLuffy(MonkeyDLuffy) used a skinned_bear 2-7-2021, 5:36:25 AM
MonkeyDLuffy(MonkeyDLuffy) used a skinned_bear 2-7-2021, 5:36:25 AM
MonkeyDLuffy(MonkeyDLuffy) used a skinned_bear 2-7-2021, 5:36:25 AM
MonkeyDLuffy(MonkeyDLuffy) used a skinned_bear 2-7-2021, 5:36:26 AM
MonkeyDLuffy(MonkeyDLuffy) used a skinned_bear 2-7-2021, 5:36:26 AM
MonkeyDLuffy(MonkeyDLuffy) used a skinned_bear 2-7-2021, 5:36:26 AM
MonkeyDLuffy(MonkeyDLuffy) used a skinned_bear 2-7-2021, 5:36:26 AM
MonkeyDLuffy(MonkeyDLuffy) used a skinned_bear 2-7-2021, 5:36:26 AM
MonkeyDLuffy(MonkeyDLuffy) used a skinned_bear 2-7-2021, 5:36:27 AM
MonkeyDLuffy(MonkeyDLuffy) used a skinned_bear 2-7-2021, 5:36:27 AM
MonkeyDLuffy(MonkeyDLuffy) used a skinned_bear 2-7-2021, 5:36:27 AM
MonkeyDLuffy(MonkeyDLuffy) used a skinned_bear 2-7-2021, 5:36:27 AM
MonkeyDLuffy(MonkeyDLuffy) used a skinned_bear 2-7-2021, 5:36:28 AM
MonkeyDLuffy(MonkeyDLuffy) used a skinned_bear 2-7-2021, 5:36:28 AM
MonkeyDLuffy(MonkeyDLuffy) used a skinned_bear 2-7-2021, 5:36:28 AM
MonkeyDLuffy(MonkeyDLuffy) used a skinned_bear 2-7-2021, 5:36:28 AM
MonkeyDLuffy(MonkeyDLuffy) used a skinned_bear 2-7-2021, 5:36:29 AM
MonkeyDLuffy(MonkeyDLuffy) used a skinned_bear 2-7-2021, 5:36:29 AM
MonkeyDLuffy(MonkeyDLuffy) used a skinned_bear 2-7-2021, 5:36:29 AM
MonkeyDLuffy(MonkeyDLuffy) used a skinned_bear 2-7-2021, 5:36:29 AM
MonkeyDLuffy(MonkeyDLuffy) used a skinned_bear 2-7-2021, 5:36:30 AM
MonkeyDLuffy(MonkeyDLuffy) used a skinned_bear 2-7-2021, 5:36:30 AM
MonkeyDLuffy(MonkeyDLuffy) used a skinned_bear 2-7-2021, 5:36:30 AM
MonkeyDLuffy(MonkeyDLuffy) used a skinned_bear 2-7-2021, 5:36:30 AM
MonkeyDLuffy(MonkeyDLuffy) used a skinned_bear 2-7-2021, 5:36:31 AM
MonkeyDLuffy(MonkeyDLuffy) used a skinned_bear 2-7-2021, 5:36:31 AM
MonkeyDLuffy(MonkeyDLuffy) used a skinned_bear 2-7-2021, 5:36:31 AM
MonkeyDLuffy(MonkeyDLuffy) used a skinned_bear 2-7-2021, 5:36:31 AM
MonkeyDLuffy(MonkeyDLuffy) used a skinned_bear 2-7-2021, 5:36:31 AM
MonkeyDLuffy(MonkeyDLuffy) used a skinned_bear 2-7-2021, 5:36:32 AM
MonkeyDLuffy(MonkeyDLuffy) used a skinned_bear 2-7-2021, 5:36:32 AM
MonkeyDLuffy(MonkeyDLuffy) used a skinned_bear 2-7-2021, 5:36:32 AM
MonkeyDLuffy(MonkeyDLuffy) used a skinned_bear 2-7-2021, 5:36:32 AM
MonkeyDLuffy(MonkeyDLuffy) used a skinned_bear 2-7-2021, 5:36:33 AM
MonkeyDLuffy(MonkeyDLuffy) used a skinned_bear 2-7-2021, 5:36:33 AM
MonkeyDLuffy(MonkeyDLuffy) used a skinned_bear 2-7-2021, 5:36:33 AM
MonkeyDLuffy(MonkeyDLuffy) used a skinned_bear 2-7-2021, 5:36:33 AM
MonkeyDLuffy(MonkeyDLuffy) used a skinned_bear 2-7-2021, 5:36:34 AM
MonkeyDLuffy(MonkeyDLuffy) used a skinned_bear 2-7-2021, 5:36:34 AM
MonkeyDLuffy(MonkeyDLuffy) used a skinned_bear 2-7-2021, 5:36:34 AM
MonkeyDLuffy(MonkeyDLuffy) used a skinned_bear 2-7-2021, 5:36:34 AM
MonkeyDLuffy(MonkeyDLuffy) used a skinned_bear 2-7-2021, 5:36:35 AM
MonkeyDLuffy(MonkeyDLuffy) used a skinned_bear 2-7-2021, 5:36:35 AM
MonkeyDLuffy(MonkeyDLuffy) used a skinned_bear 2-7-2021, 5:36:35 AM
MonkeyDLuffy(MonkeyDLuffy) used a skinned_bear 2-7-2021, 5:36:35 AM
MonkeyDLuffy(MonkeyDLuffy) used a skinned_bear 2-7-2021, 5:36:36 AM
MonkeyDLuffy(MonkeyDLuffy) used a skinned_bear 2-7-2021, 5:36:36 AM
MonkeyDLuffy(MonkeyDLuffy) used a skinned_bear 2-7-2021, 5:36:36 AM
MonkeyDLuffy(MonkeyDLuffy) used a skinned_bear 2-7-2021, 5:36:37 AM
MonkeyDLuffy(MonkeyDLuffy) used a skinned_bear 2-7-2021, 5:36:37 AM
MonkeyDLuffy(MonkeyDLuffy) used a skinned_bear 2-7-2021, 5:36:38 AM
MonkeyDLuffy(MonkeyDLuffy) used a skinned_bear 2-7-2021, 5:36:38 AM
MonkeyDLuffy(MonkeyDLuffy) used a skinned_bear 2-7-2021, 5:36:38 AM
MonkeyDLuffy(MonkeyDLuffy) used a skinned_bear 2-7-2021, 5:36:39 AM
MonkeyDLuffy(MonkeyDLuffy) used a skinned_bear 2-7-2021, 5:36:39 AM
MonkeyDLuffy(MonkeyDLuffy) used a skinned_bear 2-7-2021, 5:36:39 AM
MonkeyDLuffy(MonkeyDLuffy) used a skinned_bear 2-7-2021, 5:36:39 AM
MonkeyDLuffy(MonkeyDLuffy) used a skinned_bear 2-7-2021, 5:36:40 AM
MonkeyDLuffy(MonkeyDLuffy) used a skinned_bear 2-7-2021, 5:36:40 AM
MonkeyDLuffy(MonkeyDLuffy) used a skinned_bear 2-7-2021, 5:36:40 AM
MonkeyDLuffy(MonkeyDLuffy) used a skinned_bear 2-7-2021, 5:36:41 AM
MonkeyDLuffy(MonkeyDLuffy) used a skinned_bear 2-7-2021, 5:36:41 AM
MonkeyDLuffy(MonkeyDLuffy) used a skinned_bear 2-7-2021, 5:36:41 AM
MonkeyDLuffy(MonkeyDLuffy) used a skinned_bear 2-7-2021, 5:36:42 AM
MonkeyDLuffy(MonkeyDLuffy) used a skinned_bear 2-7-2021, 5:36:42 AM
MonkeyDLuffy(MonkeyDLuffy) used a skinned_bear 2-7-2021, 5:36:42 AM
MonkeyDLuffy(MonkeyDLuffy) used a skinned_bear 2-7-2021, 5:36:43 AM
MonkeyDLuffy(MonkeyDLuffy) used a skinned_bear 2-7-2021, 5:36:43 AM
MonkeyDLuffy(MonkeyDLuffy) used a skinned_bear 2-7-2021, 5:36:43 AM
MonkeyDLuffy(MonkeyDLuffy) used a skinned_bear 2-7-2021, 5:36:43 AM
MonkeyDLuffy(MonkeyDLuffy) used a skinned_bear 2-7-2021, 5:36:43 AM
MonkeyDLuffy(MonkeyDLuffy) used a skinned_bear 2-7-2021, 5:36:44 AM
MonkeyDLuffy(MonkeyDLuffy) used a skinned_bear 2-7-2021, 5:36:44 AM
MonkeyDLuffy(MonkeyDLuffy) used a skinned_bear 2-7-2021, 5:36:44 AM
MonkeyDLuffy(MonkeyDLuffy) used a skinned_bear 2-7-2021, 5:36:44 AM
MonkeyDLuffy(MonkeyDLuffy) used a skinned_bear 2-7-2021, 5:36:44 AM
MonkeyDLuffy(MonkeyDLuffy) used a skinned_bear 2-7-2021, 5:36:45 AM
MonkeyDLuffy(MonkeyDLuffy) used a skinned_bear 2-7-2021, 5:36:45 AM
MonkeyDLuffy(MonkeyDLuffy) used a skinned_bear 2-7-2021, 5:36:45 AM
MonkeyDLuffy(MonkeyDLuffy) used a skinned_bear 2-7-2021, 5:36:45 AM
MonkeyDLuffy(MonkeyDLuffy) used a skinned_bear 2-7-2021, 5:36:46 AM
MonkeyDLuffy(MonkeyDLuffy) used a skinned_bear 2-7-2021, 5:36:46 AM
MonkeyDLuffy(MonkeyDLuffy) used a skinned_bear 2-7-2021, 5:36:46 AM
MonkeyDLuffy(MonkeyDLuffy) used a skinned_bear 2-7-2021, 5:36:46 AM
MonkeyDLuffy(MonkeyDLuffy) used a skinned_bear 2-7-2021, 5:36:47 AM
MonkeyDLuffy(MonkeyDLuffy) used a skinned_bear 2-7-2021, 5:36:47 AM
MonkeyDLuffy(MonkeyDLuffy) used a skinned_bear 2-7-2021, 5:36:47 AM
MonkeyDLuffy(MonkeyDLuffy) used a skinned_bear 2-7-2021, 5:36:47 AM
MonkeyDLuffy(MonkeyDLuffy) used a skinned_bear 2-7-2021, 5:36:48 AM
MonkeyDLuffy(MonkeyDLuffy) used a skinned_bear 2-7-2021, 5:36:48 AM
MonkeyDLuffy(MonkeyDLuffy) used a skinned_bear 2-7-2021, 5:36:48 AM
MonkeyDLuffy(MonkeyDLuffy) used a skinned_bear 2-7-2021, 5:36:48 AM
MonkeyDLuffy(MonkeyDLuffy) used a skinned_bear 2-7-2021, 5:36:49 AM
MonkeyDLuffy(MonkeyDLuffy) used a skinned_bear 2-7-2021, 5:36:49 AM
MonkeyDLuffy(MonkeyDLuffy) used a skinned_bear 2-7-2021, 5:36:49 AM
MonkeyDLuffy(MonkeyDLuffy) used a skinned_bear 2-7-2021, 5:36:49 AM
MonkeyDLuffy(MonkeyDLuffy) used a skinned_bear 2-7-2021, 5:36:50 AM
MonkeyDLuffy(MonkeyDLuffy) used a skinned_bear 2-7-2021, 5:36:50 AM
MonkeyDLuffy(MonkeyDLuffy) used a skinned_bear 2-7-2021, 5:36:50 AM
MonkeyDLuffy(MonkeyDLuffy) used a skinned_bear 2-7-2021, 5:36:50 AM
MonkeyDLuffy(MonkeyDLuffy) used a skinned_bear 2-7-2021, 5:36:50 AM
MonkeyDLuffy(MonkeyDLuffy) used a skinned_bear 2-7-2021, 5:36:51 AM
MonkeyDLuffy(MonkeyDLuffy) used a skinned_bear 2-7-2021, 5:36:51 AM
MonkeyDLuffy(MonkeyDLuffy) used a skinned_bear 2-7-2021, 5:36:51 AM
MonkeyDLuffy(MonkeyDLuffy) used a skinned_bear 2-7-2021, 5:36:51 AM
MonkeyDLuffy(MonkeyDLuffy) used a skinned_bear 2-7-2021, 5:36:51 AM
MonkeyDLuffy(MonkeyDLuffy) used a skinned_bear 2-7-2021, 5:36:52 AM
MonkeyDLuffy(MonkeyDLuffy) used a skinned_bear 2-7-2021, 5:36:52 AM
MonkeyDLuffy(MonkeyDLuffy) used a skinned_bear 2-7-2021, 5:36:52 AM
MonkeyDLuffy(MonkeyDLuffy) used a skinned_bear 2-7-2021, 5:36:52 AM
MonkeyDLuffy(MonkeyDLuffy) used a skinned_bear 2-7-2021, 5:36:53 AM
MonkeyDLuffy(MonkeyDLuffy) used a skinned_bear 2-7-2021, 5:36:53 AM
MonkeyDLuffy(MonkeyDLuffy) used a skinned_bear 2-7-2021, 5:36:53 AM
MonkeyDLuffy(MonkeyDLuffy) used a skinned_bear 2-7-2021, 5:36:53 AM
MonkeyDLuffy(MonkeyDLuffy) used a skinned_bear 2-7-2021, 5:36:54 AM
MonkeyDLuffy(MonkeyDLuffy) used a skinned_bear 2-7-2021, 5:36:54 AM
MonkeyDLuffy(MonkeyDLuffy) used a skinned_bear 2-7-2021, 5:36:54 AM
MonkeyDLuffy(MonkeyDLuffy) used a skinned_bear 2-7-2021, 5:36:54 AM
MonkeyDLuffy(MonkeyDLuffy) used a skinned_bear 2-7-2021, 5:36:55 AM
MonkeyDLuffy(MonkeyDLuffy) used a skinned_bear 2-7-2021, 5:36:55 AM
MonkeyDLuffy(MonkeyDLuffy) used a skinned_bear 2-7-2021, 5:36:55 AM
MonkeyDLuffy(MonkeyDLuffy) used a skinned_bear 2-7-2021, 5:36:55 AM
MonkeyDLuffy(MonkeyDLuffy) used a skinned_bear 2-7-2021, 5:36:55 AM
MonkeyDLuffy(MonkeyDLuffy) used a skinned_bear 2-7-2021, 5:36:56 AM
MonkeyDLuffy(MonkeyDLuffy) used a skinned_bear 2-7-2021, 5:36:56 AM
MonkeyDLuffy(MonkeyDLuffy) used a skinned_bear 2-7-2021, 5:36:56 AM
MonkeyDLuffy(MonkeyDLuffy) used a skinned_bear 2-7-2021, 5:36:56 AM
MonkeyDLuffy(MonkeyDLuffy) used a skinned_bear 2-7-2021, 5:36:57 AM
MonkeyDLuffy(MonkeyDLuffy) used a skinned_bear 2-7-2021, 5:36:57 AM
MonkeyDLuffy(MonkeyDLuffy) used a skinned_bear 2-7-2021, 5:36:57 AM
MonkeyDLuffy(MonkeyDLuffy) used a skinned_bear 2-7-2021, 5:36:57 AM
MonkeyDLuffy(MonkeyDLuffy) used a skinned_bear 2-7-2021, 5:36:58 AM
MonkeyDLuffy(MonkeyDLuffy) used a skinned_bear 2-7-2021, 5:36:58 AM
MonkeyDLuffy(MonkeyDLuffy) used a skinned_bear 2-7-2021, 5:36:58 AM
MonkeyDLuffy(MonkeyDLuffy) used a skinned_bear 2-7-2021, 5:36:58 AM
MonkeyDLuffy(MonkeyDLuffy) used a skinned_bear 2-7-2021, 5:36:58 AM
MonkeyDLuffy(MonkeyDLuffy) used a skinned_bear 2-7-2021, 5:36:59 AM
MonkeyDLuffy(MonkeyDLuffy) used a skinned_bear 2-7-2021, 5:36:59 AM
MonkeyDLuffy(MonkeyDLuffy) used a skinned_bear 2-7-2021, 5:36:59 AM
MonkeyDLuffy(MonkeyDLuffy) used a skinned_bear 2-7-2021, 5:36:59 AM
MonkeyDLuffy(MonkeyDLuffy) used a skinned_bear 2-7-2021, 5:37:00 AM
MonkeyDLuffy(MonkeyDLuffy) used a skinned_bear 2-7-2021, 5:37:00 AM
MonkeyDLuffy(MonkeyDLuffy) used a skinned_bear 2-7-2021, 5:37:00 AM
MonkeyDLuffy(MonkeyDLuffy) used a skinned_bear 2-7-2021, 5:37:00 AM
MonkeyDLuffy(MonkeyDLuffy) used a skinned_bear 2-7-2021, 5:37:00 AM
MonkeyDLuffy(MonkeyDLuffy) used a skinned_bear 2-7-2021, 5:37:01 AM
MonkeyDLuffy(MonkeyDLuffy) used a skinned_bear 2-7-2021, 5:37:01 AM
MonkeyDLuffy(MonkeyDLuffy) used a skinned_bear 2-7-2021, 5:37:01 AM
MonkeyDLuffy(MonkeyDLuffy) used a skinned_bear 2-7-2021, 5:37:01 AM
MonkeyDLuffy(MonkeyDLuffy) used a skinned_bear 2-7-2021, 5:37:02 AM
MonkeyDLuffy(MonkeyDLuffy) used a skinned_bear 2-7-2021, 5:37:02 AM
MonkeyDLuffy(MonkeyDLuffy) used a skinned_bear 2-7-2021, 5:37:02 AM
MonkeyDLuffy(MonkeyDLuffy) used a skinned_bear 2-7-2021, 5:37:02 AM
MonkeyDLuffy(MonkeyDLuffy) used a skinned_bear 2-7-2021, 5:37:03 AM
MonkeyDLuffy(MonkeyDLuffy) used a skinned_bear 2-7-2021, 5:37:03 AM
MonkeyDLuffy(MonkeyDLuffy) used a skinned_bear 2-7-2021, 5:37:03 AM
MonkeyDLuffy(MonkeyDLuffy) used a skinned_bear 2-7-2021, 5:37:03 AM
MonkeyDLuffy(MonkeyDLuffy) used a skinned_bear 2-7-2021, 5:37:03 AM
MonkeyDLuffy(MonkeyDLuffy) used a skinned_bear 2-7-2021, 5:37:04 AM
MonkeyDLuffy(MonkeyDLuffy) used a skinned_bear 2-7-2021, 5:37:04 AM
MonkeyDLuffy(MonkeyDLuffy) used a skinned_bear 2-7-2021, 5:37:04 AM
MonkeyDLuffy(MonkeyDLuffy) used a skinned_bear 2-7-2021, 5:37:04 AM
MonkeyDLuffy(MonkeyDLuffy) used a skinned_bear 2-7-2021, 5:37:05 AM
MonkeyDLuffy(MonkeyDLuffy) used a skinned_bear 2-7-2021, 5:37:05 AM
MonkeyDLuffy(MonkeyDLuffy) used a skinned_bear 2-7-2021, 5:37:05 AM
MonkeyDLuffy(MonkeyDLuffy) used a skinned_bear 2-7-2021, 5:37:05 AM
MonkeyDLuffy(MonkeyDLuffy) used a skinned_bear 2-7-2021, 5:37:05 AM
MonkeyDLuffy(MonkeyDLuffy) used a skinned_bear 2-7-2021, 5:37:06 AM
MonkeyDLuffy(MonkeyDLuffy) used a skinned_bear 2-7-2021, 5:37:06 AM
MonkeyDLuffy(MonkeyDLuffy) used a skinned_bear 2-7-2021, 5:37:06 AM
MonkeyDLuffy(MonkeyDLuffy) used a skinned_bear 2-7-2021, 5:37:06 AM
MonkeyDLuffy(MonkeyDLuffy) used a skinned_bear 2-7-2021, 5:37:07 AM
MonkeyDLuffy(MonkeyDLuffy) used a skinned_bear 2-7-2021, 5:37:07 AM
MonkeyDLuffy(MonkeyDLuffy) used a skinned_bear 2-7-2021, 5:37:07 AM
MonkeyDLuffy(MonkeyDLuffy) used a skinned_bear 2-7-2021, 5:37:07 AM
MonkeyDLuffy(MonkeyDLuffy) used a skinned_bear 2-7-2021, 5:37:08 AM
MonkeyDLuffy(MonkeyDLuffy) used a skinned_bear 2-7-2021, 5:37:08 AM
MonkeyDLuffy(MonkeyDLuffy) used a skinned_bear 2-7-2021, 5:37:08 AM
MonkeyDLuffy(MonkeyDLuffy) used a skinned_bear 2-7-2021, 5:37:08 AM
MonkeyDLuffy(MonkeyDLuffy) used a skinned_bear 2-7-2021, 5:37:08 AM
MonkeyDLuffy(MonkeyDLuffy) used a skinned_bear 2-7-2021, 5:37:09 AM
MonkeyDLuffy(MonkeyDLuffy) used a skinned_bear 2-7-2021, 5:37:09 AM
MonkeyDLuffy(MonkeyDLuffy) used a skinned_bear 2-7-2021, 5:37:10 AM
MonkeyDLuffy(MonkeyDLuffy) used a skinned_bear 2-7-2021, 5:37:10 AM
MonkeyDLuffy(MonkeyDLuffy) used a skinned_bear 2-7-2021, 5:37:10 AM
MonkeyDLuffy(MonkeyDLuffy) used a skinned_bear 2-7-2021, 5:37:11 AM
MonkeyDLuffy(MonkeyDLuffy) used a skinned_bear 2-7-2021, 5:37:11 AM
MonkeyDLuffy(MonkeyDLuffy) used a skinned_bear 2-7-2021, 5:37:11 AM
MonkeyDLuffy(MonkeyDLuffy) used a skinned_bear 2-7-2021, 5:37:11 AM
MonkeyDLuffy(MonkeyDLuffy) used a skinned_bear 2-7-2021, 5:37:12 AM
MonkeyDLuffy(MonkeyDLuffy) used a skinned_bear 2-7-2021, 5:37:12 AM
MonkeyDLuffy(MonkeyDLuffy) used a skinned_bear 2-7-2021, 5:37:12 AM
MonkeyDLuffy(MonkeyDLuffy) used a skinned_bear 2-7-2021, 5:37:12 AM
MonkeyDLuffy(MonkeyDLuffy) used a skinned_bear 2-7-2021, 5:37:13 AM
MonkeyDLuffy(MonkeyDLuffy) used a skinned_bear 2-7-2021, 5:37:13 AM
MonkeyDLuffy(MonkeyDLuffy) used a skinned_bear 2-7-2021, 5:37:13 AM
MonkeyDLuffy(MonkeyDLuffy) used a skinned_bear 2-7-2021, 5:37:13 AM
MonkeyDLuffy(MonkeyDLuffy) used a skinned_bear 2-7-2021, 5:37:14 AM
MonkeyDLuffy(MonkeyDLuffy) used a skinned_bear 2-7-2021, 5:37:14 AM
MonkeyDLuffy(MonkeyDLuffy) used a skinned_bear 2-7-2021, 5:37:15 AM
MonkeyDLuffy(MonkeyDLuffy) used a skinned_bear 2-7-2021, 5:37:15 AM
MonkeyDLuffy(MonkeyDLuffy) used a skinned_bear 2-7-2021, 5:37:15 AM
MonkeyDLuffy(MonkeyDLuffy) used a skinned_bear 2-7-2021, 5:37:15 AM
MonkeyDLuffy(MonkeyDLuffy) used a skinned_bear 2-7-2021, 5:37:16 AM
MonkeyDLuffy(MonkeyDLuffy) used a skinned_bear 2-7-2021, 5:37:16 AM
MonkeyDLuffy(MonkeyDLuffy) used a skinned_bear 2-7-2021, 5:37:16 AM
MonkeyDLuffy(MonkeyDLuffy) used a skinned_bear 2-7-2021, 5:37:16 AM
MonkeyDLuffy(MonkeyDLuffy) used a skinned_bear 2-7-2021, 5:37:17 AM
MonkeyDLuffy(MonkeyDLuffy) used a skinned_bear 2-7-2021, 5:37:17 AM
MonkeyDLuffy(MonkeyDLuffy) used a skinned_bear 2-7-2021, 5:37:17 AM
MonkeyDLuffy(MonkeyDLuffy) used a skinned_bear 2-7-2021, 5:37:17 AM
MonkeyDLuffy(MonkeyDLuffy) used a skinned_bear 2-7-2021, 5:37:18 AM
MonkeyDLuffy(MonkeyDLuffy) used a skinned_bear 2-7-2021, 5:37:18 AM
MonkeyDLuffy(MonkeyDLuffy) used a skinned_bear 2-7-2021, 5:37:18 AM
MonkeyDLuffy(MonkeyDLuffy) used a skinned_bear 2-7-2021, 5:37:18 AM
MonkeyDLuffy(MonkeyDLuffy) used a skinned_bear 2-7-2021, 5:37:19 AM
MonkeyDLuffy(MonkeyDLuffy) used a skinned_bear 2-7-2021, 5:37:21 AM
MonkeyDLuffy(MonkeyDLuffy) used a skinned_bear 2-7-2021, 5:37:22 AM
MonkeyDLuffy(MonkeyDLuffy) used a skinned_bear 2-7-2021, 5:37:22 AM
MonkeyDLuffy(MonkeyDLuffy) used a skinned_bear 2-7-2021, 5:37:22 AM
MonkeyDLuffy(MonkeyDLuffy) used a skinned_bear 2-7-2021, 5:37:22 AM
MonkeyDLuffy(MonkeyDLuffy) used a skinned_bear 2-7-2021, 5:37:23 AM
MonkeyDLuffy(MonkeyDLuffy) used a skinned_bear 2-7-2021, 5:37:23 AM
MonkeyDLuffy(MonkeyDLuffy) used a skinned_bear 2-7-2021, 5:37:24 AM
MonkeyDLuffy(MonkeyDLuffy) used a skinned_bear 2-7-2021, 5:37:24 AM
MonkeyDLuffy(MonkeyDLuffy) used a skinned_bear 2-7-2021, 5:37:24 AM
MonkeyDLuffy(MonkeyDLuffy) used a skinned_bear 2-7-2021, 5:37:24 AM
MonkeyDLuffy(MonkeyDLuffy) used a skinned_bear 2-7-2021, 5:37:25 AM
MonkeyDLuffy(MonkeyDLuffy) used a skinned_bear 2-7-2021, 5:37:25 AM
MonkeyDLuffy(MonkeyDLuffy) used a skinned_bear 2-7-2021, 5:37:25 AM
MonkeyDLuffy(MonkeyDLuffy) used a skinned_bear 2-7-2021, 5:37:25 AM
MonkeyDLuffy(MonkeyDLuffy) used a skinned_bear 2-7-2021, 5:37:26 AM
MonkeyDLuffy(MonkeyDLuffy) used a skinned_bear 2-7-2021, 5:37:26 AM
MonkeyDLuffy(MonkeyDLuffy) used a skinned_bear 2-7-2021, 5:37:26 AM
MonkeyDLuffy(MonkeyDLuffy) used a skinned_bear 2-7-2021, 5:37:26 AM
MonkeyDLuffy(MonkeyDLuffy) used a skinned_bear 2-7-2021, 5:37:27 AM
MonkeyDLuffy(MonkeyDLuffy) used a skinned_bear 2-7-2021, 5:37:27 AM
MonkeyDLuffy(MonkeyDLuffy) used a skinned_bear 2-7-2021, 5:37:27 AM
MonkeyDLuffy(MonkeyDLuffy) used a skinned_bear 2-7-2021, 5:37:27 AM
MonkeyDLuffy(MonkeyDLuffy) used a skinned_bear 2-7-2021, 5:37:28 AM
MonkeyDLuffy(MonkeyDLuffy) used a skinned_bear 2-7-2021, 5:37:28 AM
MonkeyDLuffy(MonkeyDLuffy) used a skinned_bear 2-7-2021, 5:37:28 AM
MonkeyDLuffy(MonkeyDLuffy) used a skinned_bear 2-7-2021, 5:37:28 AM
MonkeyDLuffy(MonkeyDLuffy) used a skinned_bear 2-7-2021, 5:37:29 AM
MonkeyDLuffy(MonkeyDLuffy) used a skinned_bear 2-7-2021, 5:37:29 AM
MonkeyDLuffy(MonkeyDLuffy) used a skinned_bear 2-7-2021, 5:37:29 AM
MonkeyDLuffy(MonkeyDLuffy) used a skinned_bear 2-7-2021, 5:37:29 AM
MonkeyDLuffy(MonkeyDLuffy) used a skinned_bear 2-7-2021, 5:37:30 AM
MonkeyDLuffy(MonkeyDLuffy) used a skinned_bear 2-7-2021, 5:37:30 AM
MonkeyDLuffy(MonkeyDLuffy) used a skinned_bear 2-7-2021, 5:37:30 AM
MonkeyDLuffy(MonkeyDLuffy) used a skinned_bear 2-7-2021, 5:37:30 AM
MonkeyDLuffy(MonkeyDLuffy) used a skinned_bear 2-7-2021, 5:37:31 AM
MonkeyDLuffy(MonkeyDLuffy) used a skinned_bear 2-7-2021, 5:37:31 AM
MonkeyDLuffy(MonkeyDLuffy) used a skinned_bear 2-7-2021, 5:37:31 AM
MonkeyDLuffy(MonkeyDLuffy) used a skinned_bear 2-7-2021, 5:37:32 AM
MonkeyDLuffy(MonkeyDLuffy) used a skinned_bear 2-7-2021, 5:37:32 AM
MonkeyDLuffy(MonkeyDLuffy) used a skinned_bear 2-7-2021, 5:37:32 AM
MonkeyDLuffy(MonkeyDLuffy) used a skinned_bear 2-7-2021, 5:37:32 AM
MonkeyDLuffy(MonkeyDLuffy) used a skinned_bear 2-7-2021, 5:37:33 AM
MonkeyDLuffy(MonkeyDLuffy) used a skinned_bear 2-7-2021, 5:37:33 AM
MonkeyDLuffy(MonkeyDLuffy) used a skinned_bear 2-7-2021, 5:37:33 AM
MonkeyDLuffy(MonkeyDLuffy) used a skinned_bear 2-7-2021, 5:37:33 AM
MonkeyDLuffy(MonkeyDLuffy) used a skinned_bear 2-7-2021, 5:37:33 AM
MonkeyDLuffy(MonkeyDLuffy) used a skinned_bear 2-7-2021, 5:37:34 AM
MonkeyDLuffy(MonkeyDLuffy) used a skinned_bear 2-7-2021, 5:37:34 AM
MonkeyDLuffy(MonkeyDLuffy) used a skinned_bear 2-7-2021, 5:37:34 AM
MonkeyDLuffy(MonkeyDLuffy) used a skinned_bear 2-7-2021, 5:37:34 AM
MonkeyDLuffy(MonkeyDLuffy) used a skinned_bear 2-7-2021, 5:37:35 AM
MonkeyDLuffy(MonkeyDLuffy) used a skinned_bear 2-7-2021, 5:37:35 AM
MonkeyDLuffy(MonkeyDLuffy) used a skinned_bear 2-7-2021, 5:37:35 AM
MonkeyDLuffy(MonkeyDLuffy) used a skinned_bear 2-7-2021, 5:37:35 AM
MonkeyDLuffy(MonkeyDLuffy) used a skinned_bear 2-7-2021, 5:37:36 AM
MonkeyDLuffy(MonkeyDLuffy) used a skinned_bear 2-7-2021, 5:37:36 AM
MonkeyDLuffy(MonkeyDLuffy) used a skinned_bear 2-7-2021, 5:37:36 AM
MonkeyDLuffy(MonkeyDLuffy) used a skinned_bear 2-7-2021, 5:37:36 AM
MonkeyDLuffy(MonkeyDLuffy) used a skinned_bear 2-7-2021, 5:37:37 AM
MonkeyDLuffy(MonkeyDLuffy) used a skinned_bear 2-7-2021, 5:37:38 AM
MonkeyDLuffy(MonkeyDLuffy) used a skinned_bear 2-7-2021, 5:37:38 AM
MonkeyDLuffy(MonkeyDLuffy) used a skinned_bear 2-7-2021, 5:37:38 AM
MonkeyDLuffy(MonkeyDLuffy) used a skinned_bear 2-7-2021, 5:37:43 AM
MonkeyDLuffy(MonkeyDLuffy) used a skinned_bear 2-7-2021, 5:37:43 AM
MonkeyDLuffy(MonkeyDLuffy) used a skinned_bear 2-7-2021, 5:37:44 AM
MonkeyDLuffy(MonkeyDLuffy) used a skinned_bear 2-7-2021, 5:37:44 AM
MonkeyDLuffy(MonkeyDLuffy) used a skinned_bear 2-7-2021, 5:37:45 AM
MonkeyDLuffy(MonkeyDLuffy) used a skinned_bear 2-7-2021, 5:37:45 AM
MonkeyDLuffy(MonkeyDLuffy) used a skinned_bear 2-7-2021, 5:37:45 AM
MonkeyDLuffy(MonkeyDLuffy) used a skinned_bear 2-7-2021, 5:37:46 AM
MonkeyDLuffy(MonkeyDLuffy) used a skinned_bear 2-7-2021, 5:37:46 AM
MonkeyDLuffy(MonkeyDLuffy) used a skinned_bear 2-7-2021, 5:37:46 AM
MonkeyDLuffy(MonkeyDLuffy) used a skinned_bear 2-7-2021, 5:37:47 AM
MonkeyDLuffy(MonkeyDLuffy) used a skinned_bear 2-7-2021, 5:37:47 AM
MonkeyDLuffy(MonkeyDLuffy) used a skinned_bear 2-7-2021, 5:37:47 AM
MonkeyDLuffy(MonkeyDLuffy) used a skinned_bear 2-7-2021, 5:37:47 AM
MonkeyDLuffy(MonkeyDLuffy) used a skinned_bear 2-7-2021, 5:37:48 AM
MonkeyDLuffy(MonkeyDLuffy) used a skinned_bear 2-7-2021, 5:37:48 AM
MonkeyDLuffy(MonkeyDLuffy) used a skinned_bear 2-7-2021, 5:37:48 AM
MonkeyDLuffy(MonkeyDLuffy) used a skinned_bear 2-7-2021, 5:37:48 AM
MonkeyDLuffy(MonkeyDLuffy) used a skinned_bear 2-7-2021, 5:37:48 AM
MonkeyDLuffy(MonkeyDLuffy) used a skinned_bear 2-7-2021, 5:37:49 AM
MonkeyDLuffy(MonkeyDLuffy) used a skinned_bear 2-7-2021, 5:37:49 AM
MonkeyDLuffy(MonkeyDLuffy) used a skinned_bear 2-7-2021, 5:37:49 AM
MonkeyDLuffy(MonkeyDLuffy) used a skinned_bear 2-7-2021, 5:37:49 AM
MonkeyDLuffy(MonkeyDLuffy) used a skinned_bear 2-7-2021, 5:37:50 AM
MonkeyDLuffy(MonkeyDLuffy) used a skinned_bear 2-7-2021, 5:37:50 AM
MonkeyDLuffy(MonkeyDLuffy) used a skinned_bear 2-7-2021, 5:37:50 AM
MonkeyDLuffy(MonkeyDLuffy) used a skinned_bear 2-7-2021, 5:37:51 AM
MonkeyDLuffy(MonkeyDLuffy) used a skinned_bear 2-7-2021, 5:37:51 AM
MonkeyDLuffy(MonkeyDLuffy) used a skinned_bear 2-7-2021, 5:37:51 AM
MonkeyDLuffy(MonkeyDLuffy) used a skinned_bear 2-7-2021, 5:37:51 AM
MonkeyDLuffy(MonkeyDLuffy) used a skinned_bear 2-7-2021, 5:37:52 AM
MonkeyDLuffy(MonkeyDLuffy) used a skinned_bear 2-7-2021, 5:37:52 AM
MonkeyDLuffy(MonkeyDLuffy) used a skinned_bear 2-7-2021, 5:37:52 AM
MonkeyDLuffy(MonkeyDLuffy) used a skinned_bear 2-7-2021, 5:37:52 AM
MonkeyDLuffy(MonkeyDLuffy) used a skinned_bear 2-7-2021, 5:37:53 AM
MonkeyDLuffy(MonkeyDLuffy) used a skinned_bear 2-7-2021, 5:37:53 AM
MonkeyDLuffy(MonkeyDLuffy) used a skinned_bear 2-7-2021, 5:37:53 AM
MonkeyDLuffy(MonkeyDLuffy) used a skinned_bear 2-7-2021, 5:37:53 AM
MonkeyDLuffy(MonkeyDLuffy) used a skinned_bear 2-7-2021, 5:37:54 AM
MonkeyDLuffy(MonkeyDLuffy) used a skinned_bear 2-7-2021, 5:37:54 AM
MonkeyDLuffy(MonkeyDLuffy) used a skinned_bear 2-7-2021, 5:37:54 AM
MonkeyDLuffy(MonkeyDLuffy) used a skinned_bear 2-7-2021, 5:37:54 AM
MonkeyDLuffy(MonkeyDLuffy) used a skinned_bear 2-7-2021, 5:37:55 AM
MonkeyDLuffy(MonkeyDLuffy) used a skinned_bear 2-7-2021, 5:37:55 AM
MonkeyDLuffy(MonkeyDLuffy) used a skinned_bear 2-7-2021, 5:37:55 AM
MonkeyDLuffy(MonkeyDLuffy) used a skinned_bear 2-7-2021, 5:37:55 AM
MonkeyDLuffy(MonkeyDLuffy) used a skinned_bear 2-7-2021, 5:37:55 AM
MonkeyDLuffy(MonkeyDLuffy) used a skinned_bear 2-7-2021, 5:37:56 AM
MonkeyDLuffy(MonkeyDLuffy) used a skinned_bear 2-7-2021, 5:37:56 AM
MonkeyDLuffy(MonkeyDLuffy) used a skinned_bear 2-7-2021, 5:37:56 AM
MonkeyDLuffy(MonkeyDLuffy) used a skinned_bear 2-7-2021, 5:37:56 AM
MonkeyDLuffy(MonkeyDLuffy) used a skinned_bear 2-7-2021, 5:37:57 AM
MonkeyDLuffy(MonkeyDLuffy) used a skinned_bear 2-7-2021, 5:37:57 AM
MonkeyDLuffy(MonkeyDLuffy) used a skinned_bear 2-7-2021, 5:37:57 AM
MonkeyDLuffy(MonkeyDLuffy) used a skinned_bear 2-7-2021, 5:37:57 AM
MonkeyDLuffy(MonkeyDLuffy) used a skinned_bear 2-7-2021, 5:37:57 AM
MonkeyDLuffy(MonkeyDLuffy) used a skinned_bear 2-7-2021, 5:37:58 AM
MonkeyDLuffy(MonkeyDLuffy) used a skinned_bear 2-7-2021, 5:37:58 AM
MonkeyDLuffy(MonkeyDLuffy) used a skinned_bear 2-7-2021, 5:37:58 AM
MonkeyDLuffy(MonkeyDLuffy) used a skinned_bear 2-7-2021, 5:37:58 AM
MonkeyDLuffy(MonkeyDLuffy) used a skinned_bear 2-7-2021, 5:37:59 AM
MonkeyDLuffy(MonkeyDLuffy) used a skinned_bear 2-7-2021, 5:37:59 AM
MonkeyDLuffy(MonkeyDLuffy) used a skinned_bear 2-7-2021, 5:37:59 AM
MonkeyDLuffy(MonkeyDLuffy) used a skinned_bear 2-7-2021, 5:37:59 AM
MonkeyDLuffy(MonkeyDLuffy) used a skinned_bear 2-7-2021, 5:38:00 AM
MonkeyDLuffy(MonkeyDLuffy) used a skinned_bear 2-7-2021, 5:38:00 AM
MonkeyDLuffy(MonkeyDLuffy) used a skinned_bear 2-7-2021, 5:38:00 AM
MonkeyDLuffy(MonkeyDLuffy) used a skinned_bear 2-7-2021, 5:38:00 AM
MonkeyDLuffy(MonkeyDLuffy) used a skinned_bear 2-7-2021, 5:38:01 AM
MonkeyDLuffy(MonkeyDLuffy) used a skinned_bear 2-7-2021, 5:38:01 AM
MonkeyDLuffy(MonkeyDLuffy) used a skinned_bear 2-7-2021, 5:38:01 AM
MonkeyDLuffy(MonkeyDLuffy) used a skinned_bear 2-7-2021, 5:38:01 AM
MonkeyDLuffy(MonkeyDLuffy) used a skinned_bear 2-7-2021, 5:38:01 AM
MonkeyDLuffy(MonkeyDLuffy) used a skinned_bear 2-7-2021, 5:38:02 AM
MonkeyDLuffy(MonkeyDLuffy) used a skinned_bear 2-7-2021, 5:38:02 AM
MonkeyDLuffy(MonkeyDLuffy) used a skinned_bear 2-7-2021, 5:38:02 AM
MonkeyDLuffy(MonkeyDLuffy) used a skinned_bear 2-7-2021, 5:38:02 AM
MonkeyDLuffy(MonkeyDLuffy) used a skinned_bear 2-7-2021, 5:38:03 AM
MonkeyDLuffy(MonkeyDLuffy) used a skinned_bear 2-7-2021, 5:38:03 AM
MonkeyDLuffy(MonkeyDLuffy) used a skinned_bear 2-7-2021, 5:38:03 AM
MonkeyDLuffy(MonkeyDLuffy) used a skinned_bear 2-7-2021, 5:38:03 AM
MonkeyDLuffy(MonkeyDLuffy) used a skinned_bear 2-7-2021, 5:38:04 AM
MonkeyDLuffy(MonkeyDLuffy) used a skinned_bear 2-7-2021, 5:38:04 AM
MonkeyDLuffy(MonkeyDLuffy) used a skinned_bear 2-7-2021, 5:38:04 AM
MonkeyDLuffy(MonkeyDLuffy) used a skinned_bear 2-7-2021, 5:38:04 AM
MonkeyDLuffy(MonkeyDLuffy) used a skinned_bear 2-7-2021, 5:38:05 AM
MonkeyDLuffy(MonkeyDLuffy) used a skinned_bear 2-7-2021, 5:38:05 AM
MonkeyDLuffy(MonkeyDLuffy) used a skinned_bear 2-7-2021, 5:38:06 AM
MonkeyDLuffy(MonkeyDLuffy) used a skinned_bear 2-7-2021, 5:38:06 AM
MonkeyDLuffy(MonkeyDLuffy) used a skinned_bear 2-7-2021, 5:38:06 AM
MonkeyDLuffy(MonkeyDLuffy) used a skinned_bear 2-7-2021, 5:38:06 AM
MonkeyDLuffy(MonkeyDLuffy) used a skinned_bear 2-7-2021, 5:38:06 AM
MonkeyDLuffy(MonkeyDLuffy) used a skinned_bear 2-7-2021, 5:38:07 AM
MonkeyDLuffy(MonkeyDLuffy) used a skinned_bear 2-7-2021, 5:38:07 AM
MonkeyDLuffy(MonkeyDLuffy) used a skinned_bear 2-7-2021, 5:38:07 AM
MonkeyDLuffy(MonkeyDLuffy) used a skinned_bear 2-7-2021, 5:38:07 AM
MonkeyDLuffy(MonkeyDLuffy) used a skinned_bear 2-7-2021, 5:38:08 AM
MonkeyDLuffy(MonkeyDLuffy) used a skinned_bear 2-7-2021, 5:38:08 AM
MonkeyDLuffy(MonkeyDLuffy) used a skinned_bear 2-7-2021, 5:38:08 AM
MonkeyDLuffy(MonkeyDLuffy) used a skinned_bear 2-7-2021, 5:38:08 AM
MonkeyDLuffy(MonkeyDLuffy) used a skinned_bear 2-7-2021, 5:38:09 AM
MonkeyDLuffy(MonkeyDLuffy) used a skinned_boar 2-7-2021, 5:38:17 AM
MonkeyDLuffy(MonkeyDLuffy) used a skinned_boar 2-7-2021, 5:38:17 AM
MonkeyDLuffy(MonkeyDLuffy) used a skinned_boar 2-7-2021, 5:38:18 AM
MonkeyDLuffy(MonkeyDLuffy) used a skinned_boar 2-7-2021, 5:38:18 AM
MonkeyDLuffy(MonkeyDLuffy) used a skinned_boar 2-7-2021, 5:38:18 AM
MonkeyDLuffy(MonkeyDLuffy) used a skinned_boar 2-7-2021, 5:38:18 AM
MonkeyDLuffy(MonkeyDLuffy) used a skinned_boar 2-7-2021, 5:38:19 AM
MonkeyDLuffy(MonkeyDLuffy) used a skinned_boar 2-7-2021, 5:38:19 AM
MonkeyDLuffy(MonkeyDLuffy) used a skinned_boar 2-7-2021, 5:38:19 AM
MonkeyDLuffy(MonkeyDLuffy) used a skinned_boar 2-7-2021, 5:38:19 AM
MonkeyDLuffy(MonkeyDLuffy) used a skinned_boar 2-7-2021, 5:38:20 AM
MonkeyDLuffy(MonkeyDLuffy) used a skinned_boar 2-7-2021, 5:38:20 AM
MonkeyDLuffy(MonkeyDLuffy) used a skinned_boar 2-7-2021, 5:38:20 AM
MonkeyDLuffy(MonkeyDLuffy) used a skinned_boar 2-7-2021, 5:38:20 AM
MonkeyDLuffy(MonkeyDLuffy) used a skinned_boar 2-7-2021, 5:38:20 AM
MonkeyDLuffy(MonkeyDLuffy) used a skinned_boar 2-7-2021, 5:38:21 AM
MonkeyDLuffy(MonkeyDLuffy) used a skinned_boar 2-7-2021, 5:38:21 AM
MonkeyDLuffy(MonkeyDLuffy) used a skinned_boar 2-7-2021, 5:38:21 AM
MonkeyDLuffy(MonkeyDLuffy) used a skinned_boar 2-7-2021, 5:38:21 AM
MonkeyDLuffy(MonkeyDLuffy) used a skinned_boar 2-7-2021, 5:38:22 AM
MonkeyDLuffy(MonkeyDLuffy) used a skinned_boar 2-7-2021, 5:38:22 AM
MonkeyDLuffy(MonkeyDLuffy) used a skinned_boar 2-7-2021, 5:38:22 AM
MonkeyDLuffy(MonkeyDLuffy) used a skinned_boar 2-7-2021, 5:38:22 AM
MonkeyDLuffy(MonkeyDLuffy) used a skinned_boar 2-7-2021, 5:38:23 AM
MonkeyDLuffy(MonkeyDLuffy) used a skinned_boar 2-7-2021, 5:38:23 AM
MonkeyDLuffy(MonkeyDLuffy) used a skinned_boar 2-7-2021, 5:38:23 AM
MonkeyDLuffy(MonkeyDLuffy) used a skinned_boar 2-7-2021, 5:38:23 AM
MonkeyDLuffy(MonkeyDLuffy) used a skinned_boar 2-7-2021, 5:38:23 AM
MonkeyDLuffy(MonkeyDLuffy) used a skinned_boar 2-7-2021, 5:38:24 AM
MonkeyDLuffy(MonkeyDLuffy) used a skinned_boar 2-7-2021, 5:38:24 AM
MonkeyDLuffy(MonkeyDLuffy) used a skinned_boar 2-7-2021, 5:38:24 AM
MonkeyDLuffy(MonkeyDLuffy) used a skinned_boar 2-7-2021, 5:38:24 AM
MonkeyDLuffy(MonkeyDLuffy) used a skinned_boar 2-7-2021, 5:38:25 AM
MonkeyDLuffy(MonkeyDLuffy) used a skinned_boar 2-7-2021, 5:38:25 AM
MonkeyDLuffy(MonkeyDLuffy) used a skinned_boar 2-7-2021, 5:38:25 AM
MonkeyDLuffy(MonkeyDLuffy) used a skinned_boar 2-7-2021, 5:38:25 AM
MonkeyDLuffy(MonkeyDLuffy) used a skinned_boar 2-7-2021, 5:38:26 AM
MonkeyDLuffy(MonkeyDLuffy) used a skinned_boar 2-7-2021, 5:38:26 AM
MonkeyDLuffy(MonkeyDLuffy) used a skinned_boar 2-7-2021, 5:38:26 AM
MonkeyDLuffy(MonkeyDLuffy) used a skinned_boar 2-7-2021, 5:38:26 AM
MonkeyDLuffy(MonkeyDLuffy) used a skinned_boar 2-7-2021, 5:38:27 AM
MonkeyDLuffy(MonkeyDLuffy) used a skinned_boar 2-7-2021, 5:38:27 AM
MonkeyDLuffy(MonkeyDLuffy) used a skinned_boar 2-7-2021, 5:38:27 AM
MonkeyDLuffy(MonkeyDLuffy) used a skinned_boar 2-7-2021, 5:38:27 AM
MonkeyDLuffy(MonkeyDLuffy) used a skinned_boar 2-7-2021, 5:38:27 AM
MonkeyDLuffy(MonkeyDLuffy) used a skinned_boar 2-7-2021, 5:38:28 AM
MonkeyDLuffy(MonkeyDLuffy) used a skinned_boar 2-7-2021, 5:38:28 AM
MonkeyDLuffy(MonkeyDLuffy) used a skinned_boar 2-7-2021, 5:38:28 AM
MonkeyDLuffy(MonkeyDLuffy) used a skinned_boar 2-7-2021, 5:38:28 AM
MonkeyDLuffy(MonkeyDLuffy) used a skinned_boar 2-7-2021, 5:38:29 AM
MonkeyDLuffy(MonkeyDLuffy) used a skinned_boar 2-7-2021, 5:38:29 AM
MonkeyDLuffy(MonkeyDLuffy) used a skinned_boar 2-7-2021, 5:38:29 AM
MonkeyDLuffy(MonkeyDLuffy) used a skinned_boar 2-7-2021, 5:38:29 AM
MonkeyDLuffy(MonkeyDLuffy) used a skinned_boar 2-7-2021, 5:38:30 AM
MonkeyDLuffy(MonkeyDLuffy) used a skinned_boar 2-7-2021, 5:38:30 AM
MonkeyDLuffy(MonkeyDLuffy) used a skinned_boar 2-7-2021, 5:38:30 AM
MonkeyDLuffy(MonkeyDLuffy) used a skinned_boar 2-7-2021, 5:38:30 AM
MonkeyDLuffy(MonkeyDLuffy) used a skinned_boar 2-7-2021, 5:38:31 AM
MonkeyDLuffy(MonkeyDLuffy) used a skinned_boar 2-7-2021, 5:38:31 AM
MonkeyDLuffy(MonkeyDLuffy) used a skinned_boar 2-7-2021, 5:38:31 AM
MonkeyDLuffy(MonkeyDLuffy) used a skinned_boar 2-7-2021, 5:38:31 AM
MonkeyDLuffy(MonkeyDLuffy) used a skinned_boar 2-7-2021, 5:38:31 AM
MonkeyDLuffy(MonkeyDLuffy) used a skinned_boar 2-7-2021, 5:38:32 AM
MonkeyDLuffy(MonkeyDLuffy) used a skinned_boar 2-7-2021, 5:38:32 AM
MonkeyDLuffy(MonkeyDLuffy) used a skinned_boar 2-7-2021, 5:38:32 AM
MonkeyDLuffy(MonkeyDLuffy) used a skinned_boar 2-7-2021, 5:38:32 AM
MonkeyDLuffy(MonkeyDLuffy) used a skinned_boar 2-7-2021, 5:38:33 AM
MonkeyDLuffy(MonkeyDLuffy) used a skinned_boar 2-7-2021, 5:38:33 AM
MonkeyDLuffy(MonkeyDLuffy) used a skinned_boar 2-7-2021, 5:38:33 AM
MonkeyDLuffy(MonkeyDLuffy) used a skinned_boar 2-7-2021, 5:38:33 AM
MonkeyDLuffy(MonkeyDLuffy) used a skinned_boar 2-7-2021, 5:38:33 AM
MonkeyDLuffy(MonkeyDLuffy) used a skinned_boar 2-7-2021, 5:38:34 AM
MonkeyDLuffy(MonkeyDLuffy) used a skinned_boar 2-7-2021, 5:38:34 AM
MonkeyDLuffy(MonkeyDLuffy) used a skinned_boar 2-7-2021, 5:38:34 AM
MonkeyDLuffy(MonkeyDLuffy) used a skinned_boar 2-7-2021, 5:38:34 AM
MonkeyDLuffy(MonkeyDLuffy) used a skinned_boar 2-7-2021, 5:38:34 AM
MonkeyDLuffy(MonkeyDLuffy) used a skinned_boar 2-7-2021, 5:38:34 AM
MonkeyDLuffy(MonkeyDLuffy) used a skinned_boar 2-7-2021, 5:38:35 AM
MonkeyDLuffy(MonkeyDLuffy) used a skinned_boar 2-7-2021, 5:38:35 AM
MonkeyDLuffy(MonkeyDLuffy) used a skinned_boar 2-7-2021, 5:38:35 AM
MonkeyDLuffy(MonkeyDLuffy) used a skinned_boar 2-7-2021, 5:38:35 AM
MonkeyDLuffy(MonkeyDLuffy) used a skinned_boar 2-7-2021, 5:38:35 AM
MonkeyDLuffy(MonkeyDLuffy) used a skinned_boar 2-7-2021, 5:38:36 AM
MonkeyDLuffy(MonkeyDLuffy) used a skinned_boar 2-7-2021, 5:38:36 AM
MonkeyDLuffy(MonkeyDLuffy) used a skinned_boar 2-7-2021, 5:38:36 AM
MonkeyDLuffy(MonkeyDLuffy) used a skinned_boar 2-7-2021, 5:38:36 AM
MonkeyDLuffy(MonkeyDLuffy) used a skinned_boar 2-7-2021, 5:38:37 AM
MonkeyDLuffy(MonkeyDLuffy) used a skinned_boar 2-7-2021, 5:38:37 AM
MonkeyDLuffy(MonkeyDLuffy) used a skinned_boar 2-7-2021, 5:38:37 AM
MonkeyDLuffy(MonkeyDLuffy) used a skinned_boar 2-7-2021, 5:38:37 AM
MonkeyDLuffy(MonkeyDLuffy) used a skinned_boar 2-7-2021, 5:38:37 AM
MonkeyDLuffy(MonkeyDLuffy) used a skinned_boar 2-7-2021, 5:38:38 AM
MonkeyDLuffy(MonkeyDLuffy) used a skinned_boar 2-7-2021, 5:38:38 AM
MonkeyDLuffy(MonkeyDLuffy) used a skinned_boar 2-7-2021, 5:38:38 AM
MonkeyDLuffy(MonkeyDLuffy) used a skinned_boar 2-7-2021, 5:38:38 AM
MonkeyDLuffy(MonkeyDLuffy) used a skinned_boar 2-7-2021, 5:38:38 AM
MonkeyDLuffy(MonkeyDLuffy) used a skinned_boar 2-7-2021, 5:38:39 AM
MonkeyDLuffy(MonkeyDLuffy) used a skinned_boar 2-7-2021, 5:38:39 AM
MonkeyDLuffy(MonkeyDLuffy) used a skinned_boar 2-7-2021, 5:38:39 AM
MonkeyDLuffy(MonkeyDLuffy) used a skinned_boar 2-7-2021, 5:38:39 AM
MonkeyDLuffy(MonkeyDLuffy) used a skinned_boar 2-7-2021, 5:38:40 AM
MonkeyDLuffy(MonkeyDLuffy) used a skinned_boar 2-7-2021, 5:38:40 AM
MonkeyDLuffy(MonkeyDLuffy) used a skinned_boar 2-7-2021, 5:38:40 AM
MonkeyDLuffy(MonkeyDLuffy) used a skinned_boar 2-7-2021, 5:38:40 AM
MonkeyDLuffy(MonkeyDLuffy) used a skinned_boar 2-7-2021, 5:38:40 AM
MonkeyDLuffy(MonkeyDLuffy) used a skinned_boar 2-7-2021, 5:38:41 AM
MonkeyDLuffy(MonkeyDLuffy) used a skinned_boar 2-7-2021, 5:38:41 AM
MonkeyDLuffy(MonkeyDLuffy) used a skinned_boar 2-7-2021, 5:38:41 AM
MonkeyDLuffy(MonkeyDLuffy) used a skinned_boar 2-7-2021, 5:38:42 AM
MonkeyDLuffy(MonkeyDLuffy) used a skinned_boar 2-7-2021, 5:38:42 AM
MonkeyDLuffy(MonkeyDLuffy) used a skinned_boar 2-7-2021, 5:38:42 AM
MonkeyDLuffy(MonkeyDLuffy) used a skinned_boar 2-7-2021, 5:38:42 AM
MonkeyDLuffy(MonkeyDLuffy) used a skinned_boar 2-7-2021, 5:38:43 AM
MonkeyDLuffy(MonkeyDLuffy) used a skinned_boar 2-7-2021, 5:38:43 AM
MonkeyDLuffy(MonkeyDLuffy) used a skinned_boar 2-7-2021, 5:38:43 AM
MonkeyDLuffy(MonkeyDLuffy) used a skinned_boar 2-7-2021, 5:38:44 AM
MonkeyDLuffy(MonkeyDLuffy) used a skinned_boar 2-7-2021, 5:38:44 AM
MonkeyDLuffy(MonkeyDLuffy) used a skinned_boar 2-7-2021, 5:38:44 AM
MonkeyDLuffy(MonkeyDLuffy) used a skinned_boar 2-7-2021, 5:38:45 AM
MonkeyDLuffy(MonkeyDLuffy) used a skinned_boar 2-7-2021, 5:38:45 AM
MonkeyDLuffy(MonkeyDLuffy) used a skinned_boar 2-7-2021, 5:38:45 AM
MonkeyDLuffy(MonkeyDLuffy) used a skinned_boar 2-7-2021, 5:38:45 AM
MonkeyDLuffy(MonkeyDLuffy) used a skinned_boar 2-7-2021, 5:38:45 AM
MonkeyDLuffy(MonkeyDLuffy) used a skinned_boar 2-7-2021, 5:38:46 AM
MonkeyDLuffy(MonkeyDLuffy) used a skinned_boar 2-7-2021, 5:38:46 AM
MonkeyDLuffy(MonkeyDLuffy) used a skinned_boar 2-7-2021, 5:38:46 AM
MonkeyDLuffy(MonkeyDLuffy) used a skinned_boar 2-7-2021, 5:38:46 AM
MonkeyDLuffy(MonkeyDLuffy) used a skinned_boar 2-7-2021, 5:38:47 AM
MonkeyDLuffy(MonkeyDLuffy) used a skinned_boar 2-7-2021, 5:38:47 AM
MonkeyDLuffy(MonkeyDLuffy) used a skinned_boar 2-7-2021, 5:38:47 AM
MonkeyDLuffy(MonkeyDLuffy) used a skinned_boar 2-7-2021, 5:38:47 AM
MonkeyDLuffy(MonkeyDLuffy) used a skinned_boar 2-7-2021, 5:38:48 AM
MonkeyDLuffy(MonkeyDLuffy) used a skinned_boar 2-7-2021, 5:38:48 AM
MonkeyDLuffy(MonkeyDLuffy) used a skinned_boar 2-7-2021, 5:38:48 AM
MonkeyDLuffy(MonkeyDLuffy) used a skinned_boar 2-7-2021, 5:38:48 AM
MonkeyDLuffy(MonkeyDLuffy) used a skinned_boar 2-7-2021, 5:38:48 AM
MonkeyDLuffy(MonkeyDLuffy) used a skinned_boar 2-7-2021, 5:38:49 AM
MonkeyDLuffy(MonkeyDLuffy) used a skinned_boar 2-7-2021, 5:38:49 AM
MonkeyDLuffy(MonkeyDLuffy) used a skinned_boar 2-7-2021, 5:38:49 AM
MonkeyDLuffy(MonkeyDLuffy) used a skinned_boar 2-7-2021, 5:38:49 AM
MonkeyDLuffy(MonkeyDLuffy) used a skinned_boar 2-7-2021, 5:38:50 AM
MonkeyDLuffy(MonkeyDLuffy) used a skinned_boar 2-7-2021, 5:38:50 AM
MonkeyDLuffy(MonkeyDLuffy) used a skinned_boar 2-7-2021, 5:38:50 AM
MonkeyDLuffy(MonkeyDLuffy) used a skinned_boar 2-7-2021, 5:38:50 AM
MonkeyDLuffy(MonkeyDLuffy) used a skinned_boar 2-7-2021, 5:38:50 AM
MonkeyDLuffy(MonkeyDLuffy) used a skinned_boar 2-7-2021, 5:38:51 AM
MonkeyDLuffy(MonkeyDLuffy) used a skinned_boar 2-7-2021, 5:38:51 AM
MonkeyDLuffy(MonkeyDLuffy) used a skinned_boar 2-7-2021, 5:38:51 AM
MonkeyDLuffy(MonkeyDLuffy) used a skinned_boar 2-7-2021, 5:38:52 AM
MonkeyDLuffy(MonkeyDLuffy) used a skinned_boar 2-7-2021, 5:38:52 AM
MonkeyDLuffy(MonkeyDLuffy) used a skinned_boar 2-7-2021, 5:38:52 AM
MonkeyDLuffy(MonkeyDLuffy) used a skinned_boar 2-7-2021, 5:38:52 AM
MonkeyDLuffy(MonkeyDLuffy) used a skinned_boar 2-7-2021, 5:38:53 AM
MonkeyDLuffy(MonkeyDLuffy) used a skinned_boar 2-7-2021, 5:38:53 AM
MonkeyDLuffy(MonkeyDLuffy) used a skinned_boar 2-7-2021, 5:38:53 AM
MonkeyDLuffy(MonkeyDLuffy) used a skinned_boar 2-7-2021, 5:38:53 AM
MonkeyDLuffy(MonkeyDLuffy) used a skinned_boar 2-7-2021, 5:38:53 AM
MonkeyDLuffy(MonkeyDLuffy) used a skinned_boar 2-7-2021, 5:38:54 AM
MonkeyDLuffy(MonkeyDLuffy) used a skinned_boar 2-7-2021, 5:38:54 AM
MonkeyDLuffy(MonkeyDLuffy) used a skinned_boar 2-7-2021, 5:38:54 AM
MonkeyDLuffy(MonkeyDLuffy) used a skinned_boar 2-7-2021, 5:38:54 AM
MonkeyDLuffy(MonkeyDLuffy) used a skinned_boar 2-7-2021, 5:38:55 AM
MonkeyDLuffy(MonkeyDLuffy) used a skinned_boar 2-7-2021, 5:38:55 AM
MonkeyDLuffy(MonkeyDLuffy) used a skinned_boar 2-7-2021, 5:38:55 AM
MonkeyDLuffy(MonkeyDLuffy) used a skinned_boar 2-7-2021, 5:38:56 AM
MonkeyDLuffy(MonkeyDLuffy) used a skinned_boar 2-7-2021, 5:38:56 AM
MonkeyDLuffy(MonkeyDLuffy) used a skinned_boar 2-7-2021, 5:38:56 AM
MonkeyDLuffy(MonkeyDLuffy) used a skinned_boar 2-7-2021, 5:38:56 AM
MonkeyDLuffy(MonkeyDLuffy) used a skinned_boar 2-7-2021, 5:38:56 AM
MonkeyDLuffy(MonkeyDLuffy) used a skinned_boar 2-7-2021, 5:38:57 AM
MonkeyDLuffy(MonkeyDLuffy) used a skinned_boar 2-7-2021, 5:38:57 AM
MonkeyDLuffy(MonkeyDLuffy) used a skinned_boar 2-7-2021, 5:38:57 AM
MonkeyDLuffy(MonkeyDLuffy) used a skinned_boar 2-7-2021, 5:38:57 AM
MonkeyDLuffy(MonkeyDLuffy) used a skinned_boar 2-7-2021, 5:38:58 AM
MonkeyDLuffy(MonkeyDLuffy) used a skinned_boar 2-7-2021, 5:38:58 AM
MonkeyDLuffy(MonkeyDLuffy) used a skinned_boar 2-7-2021, 5:38:58 AM
MonkeyDLuffy(MonkeyDLuffy) used a skinned_boar 2-7-2021, 5:38:58 AM
MonkeyDLuffy(MonkeyDLuffy) used a skinned_boar 2-7-2021, 5:38:58 AM
MonkeyDLuffy(MonkeyDLuffy) used a skinned_boar 2-7-2021, 5:38:59 AM
MonkeyDLuffy(MonkeyDLuffy) used a skinned_boar 2-7-2021, 5:38:59 AM
MonkeyDLuffy(MonkeyDLuffy) used a skinned_boar 2-7-2021, 5:38:59 AM
MonkeyDLuffy(MonkeyDLuffy) used a skinned_boar 2-7-2021, 5:38:59 AM
MonkeyDLuffy(MonkeyDLuffy) used a skinned_boar 2-7-2021, 5:39:00 AM
MonkeyDLuffy(MonkeyDLuffy) used a skinned_boar 2-7-2021, 5:39:00 AM
MonkeyDLuffy(MonkeyDLuffy) used a skinned_boar 2-7-2021, 5:39:00 AM
MonkeyDLuffy(MonkeyDLuffy) used a skinned_boar 2-7-2021, 5:39:00 AM
MonkeyDLuffy(MonkeyDLuffy) used a skinned_boar 2-7-2021, 5:39:00 AM
MonkeyDLuffy(MonkeyDLuffy) used a skinned_boar 2-7-2021, 5:39:01 AM
MonkeyDLuffy(MonkeyDLuffy) used a skinned_boar 2-7-2021, 5:39:01 AM
MonkeyDLuffy(MonkeyDLuffy) used a skinned_boar 2-7-2021, 5:39:01 AM
MonkeyDLuffy(MonkeyDLuffy) used a skinned_boar 2-7-2021, 5:39:01 AM
MonkeyDLuffy(MonkeyDLuffy) used a skinned_boar 2-7-2021, 5:39:02 AM
MonkeyDLuffy(MonkeyDLuffy) used a skinned_boar 2-7-2021, 5:39:02 AM
MonkeyDLuffy(MonkeyDLuffy) used a skinned_boar 2-7-2021, 5:39:02 AM
MonkeyDLuffy(MonkeyDLuffy) used a skinned_boar 2-7-2021, 5:39:02 AM
MonkeyDLuffy(MonkeyDLuffy) used a skinned_boar 2-7-2021, 5:39:02 AM
MonkeyDLuffy(MonkeyDLuffy) used a skinned_boar 2-7-2021, 5:39:03 AM
MonkeyDLuffy(MonkeyDLuffy) used a skinned_boar 2-7-2021, 5:39:03 AM
MonkeyDLuffy(MonkeyDLuffy) used a skinned_boar 2-7-2021, 5:39:03 AM
MonkeyDLuffy(MonkeyDLuffy) used a skinned_boar 2-7-2021, 5:39:03 AM
MonkeyDLuffy(MonkeyDLuffy) used a skinned_boar 2-7-2021, 5:39:04 AM
MonkeyDLuffy(MonkeyDLuffy) used a skinned_boar 2-7-2021, 5:39:04 AM
MonkeyDLuffy(MonkeyDLuffy) used a skinned_boar 2-7-2021, 5:39:04 AM
MonkeyDLuffy(MonkeyDLuffy) used a skinned_boar 2-7-2021, 5:39:04 AM
MonkeyDLuffy(MonkeyDLuffy) used a skinned_boar 2-7-2021, 5:39:04 AM
MonkeyDLuffy(MonkeyDLuffy) used a skinned_boar 2-7-2021, 5:39:05 AM
MonkeyDLuffy(MonkeyDLuffy) used a skinned_boar 2-7-2021, 5:39:05 AM
MonkeyDLuffy(MonkeyDLuffy) used a skinned_boar 2-7-2021, 5:39:05 AM
MonkeyDLuffy(MonkeyDLuffy) used a skinned_boar 2-7-2021, 5:39:05 AM
MonkeyDLuffy(MonkeyDLuffy) used a skinned_boar 2-7-2021, 5:39:05 AM
MonkeyDLuffy(MonkeyDLuffy) used a skinned_boar 2-7-2021, 5:39:06 AM
MonkeyDLuffy(MonkeyDLuffy) used a skinned_boar 2-7-2021, 5:39:06 AM
MonkeyDLuffy(MonkeyDLuffy) used a skinned_boar 2-7-2021, 5:39:06 AM
MonkeyDLuffy(MonkeyDLuffy) used a skinned_boar 2-7-2021, 5:39:06 AM
MonkeyDLuffy(MonkeyDLuffy) used a skinned_boar 2-7-2021, 5:39:07 AM
MonkeyDLuffy(MonkeyDLuffy) used a skinned_boar 2-7-2021, 5:39:07 AM
MonkeyDLuffy(MonkeyDLuffy) used a skinned_boar 2-7-2021, 5:39:07 AM
MonkeyDLuffy(MonkeyDLuffy) used a skinned_boar 2-7-2021, 5:39:07 AM
MonkeyDLuffy(MonkeyDLuffy) used a skinned_boar 2-7-2021, 5:39:07 AM
MonkeyDLuffy(MonkeyDLuffy) used a skinned_boar 2-7-2021, 5:43:03 AM
MonkeyDLuffy(MonkeyDLuffy) used a skinned_boar 2-7-2021, 5:43:03 AM
MonkeyDLuffy(MonkeyDLuffy) used a skinned_boar 2-7-2021, 5:43:03 AM
MonkeyDLuffy(MonkeyDLuffy) used a skinned_boar 2-7-2021, 5:43:03 AM
MonkeyDLuffy(MonkeyDLuffy) used a skinned_boar 2-7-2021, 5:43:04 AM
MonkeyDLuffy(MonkeyDLuffy) used a skinned_boar 2-7-2021, 5:43:04 AM
MonkeyDLuffy(MonkeyDLuffy) used a skinned_boar 2-7-2021, 5:43:04 AM
MonkeyDLuffy(MonkeyDLuffy) used a skinned_boar 2-7-2021, 5:43:04 AM
MonkeyDLuffy(MonkeyDLuffy) used a skinned_boar 2-7-2021, 5:43:05 AM
MonkeyDLuffy(MonkeyDLuffy) used a skinned_boar 2-7-2021, 5:43:05 AM
MonkeyDLuffy(MonkeyDLuffy) used a skinned_boar 2-7-2021, 5:43:05 AM
MonkeyDLuffy(MonkeyDLuffy) used a skinned_boar 2-7-2021, 5:43:05 AM
MonkeyDLuffy(MonkeyDLuffy) used a skinned_boar 2-7-2021, 5:43:05 AM
MonkeyDLuffy(MonkeyDLuffy) used a skinned_boar 2-7-2021, 5:43:06 AM
MonkeyDLuffy(MonkeyDLuffy) used a skinned_boar 2-7-2021, 5:43:06 AM
MonkeyDLuffy(MonkeyDLuffy) used a skinned_boar 2-7-2021, 5:43:06 AM
MonkeyDLuffy(MonkeyDLuffy) used a skinned_boar 2-7-2021, 5:43:06 AM
MonkeyDLuffy(MonkeyDLuffy) used a skinned_boar 2-7-2021, 5:43:06 AM
MonkeyDLuffy(MonkeyDLuffy) used a skinned_boar 2-7-2021, 5:43:07 AM
MonkeyDLuffy(MonkeyDLuffy) used a skinned_boar 2-7-2021, 5:43:07 AM
MonkeyDLuffy(MonkeyDLuffy) used a skinned_boar 2-7-2021, 5:43:07 AM
MonkeyDLuffy(MonkeyDLuffy) used a skinned_boar 2-7-2021, 5:43:07 AM
MonkeyDLuffy(MonkeyDLuffy) used a skinned_boar 2-7-2021, 5:43:07 AM
MonkeyDLuffy(MonkeyDLuffy) used a skinned_boar 2-7-2021, 5:43:08 AM
MonkeyDLuffy(MonkeyDLuffy) used a skinned_boar 2-7-2021, 5:43:08 AM
MonkeyDLuffy(MonkeyDLuffy) used a skinned_boar 2-7-2021, 5:43:08 AM
MonkeyDLuffy(MonkeyDLuffy) used a skinned_boar 2-7-2021, 5:43:08 AM
MonkeyDLuffy(MonkeyDLuffy) used a skinned_boar 2-7-2021, 5:43:09 AM
MonkeyDLuffy(MonkeyDLuffy) used a skinned_boar 2-7-2021, 5:43:09 AM
MonkeyDLuffy(MonkeyDLuffy) used a skinned_boar 2-7-2021, 5:43:09 AM
MonkeyDLuffy(MonkeyDLuffy) used a skinned_boar 2-7-2021, 5:43:09 AM
MonkeyDLuffy(MonkeyDLuffy) used a skinned_boar 2-7-2021, 5:43:09 AM
MonkeyDLuffy(MonkeyDLuffy) used a skinned_boar 2-7-2021, 5:43:10 AM
MonkeyDLuffy(MonkeyDLuffy) used a skinned_boar 2-7-2021, 5:43:10 AM
MonkeyDLuffy(MonkeyDLuffy) used a skinned_boar 2-7-2021, 5:43:10 AM
MonkeyDLuffy(MonkeyDLuffy) used a skinned_boar 2-7-2021, 5:43:10 AM
MonkeyDLuffy(MonkeyDLuffy) used a skinned_boar 2-7-2021, 5:43:10 AM
MonkeyDLuffy(MonkeyDLuffy) used a skinned_boar 2-7-2021, 5:43:11 AM
MonkeyDLuffy(MonkeyDLuffy) used a skinned_boar 2-7-2021, 5:43:11 AM
MonkeyDLuffy(MonkeyDLuffy) used a skinned_boar 2-7-2021, 5:43:11 AM
MonkeyDLuffy(MonkeyDLuffy) used a skinned_boar 2-7-2021, 5:43:11 AM
MonkeyDLuffy(MonkeyDLuffy) used a skinned_boar 2-7-2021, 5:43:12 AM
MonkeyDLuffy(MonkeyDLuffy) used a skinned_boar 2-7-2021, 5:43:12 AM
MonkeyDLuffy(MonkeyDLuffy) used a skinned_boar 2-7-2021, 5:43:12 AM
MonkeyDLuffy(MonkeyDLuffy) used a skinned_boar 2-7-2021, 5:43:12 AM
MonkeyDLuffy(MonkeyDLuffy) used a skinned_boar 2-7-2021, 5:43:12 AM
MonkeyDLuffy(MonkeyDLuffy) used a skinned_boar 2-7-2021, 5:43:13 AM
MonkeyDLuffy(MonkeyDLuffy) used a skinned_boar 2-7-2021, 5:43:13 AM
MonkeyDLuffy(MonkeyDLuffy) used a skinned_boar 2-7-2021, 5:43:13 AM
MonkeyDLuffy(MonkeyDLuffy) used a skinned_boar 2-7-2021, 5:43:13 AM
MonkeyDLuffy(MonkeyDLuffy) used a skinned_boar 2-7-2021, 5:43:14 AM
MonkeyDLuffy(MonkeyDLuffy) used a skinned_boar 2-7-2021, 5:43:14 AM
MonkeyDLuffy(MonkeyDLuffy) used a skinned_boar 2-7-2021, 5:43:14 AM
MonkeyDLuffy(MonkeyDLuffy) used a skinned_boar 2-7-2021, 5:43:14 AM
MonkeyDLuffy(MonkeyDLuffy) used a skinned_boar 2-7-2021, 5:43:14 AM
MonkeyDLuffy(MonkeyDLuffy) used a skinned_boar 2-7-2021, 5:43:15 AM
MonkeyDLuffy(MonkeyDLuffy) used a skinned_boar 2-7-2021, 5:43:15 AM
MonkeyDLuffy(MonkeyDLuffy) used a skinned_boar 2-7-2021, 5:43:15 AM
MonkeyDLuffy(MonkeyDLuffy) used a skinned_boar 2-7-2021, 5:43:15 AM
MonkeyDLuffy(MonkeyDLuffy) used a skinned_boar 2-7-2021, 5:43:15 AM
MonkeyDLuffy(MonkeyDLuffy) used a skinned_boar 2-7-2021, 5:43:16 AM
MonkeyDLuffy(MonkeyDLuffy) used a skinned_boar 2-7-2021, 5:43:16 AM
MonkeyDLuffy(MonkeyDLuffy) used a skinned_boar 2-7-2021, 5:43:16 AM
MonkeyDLuffy(MonkeyDLuffy) used a skinned_boar 2-7-2021, 5:43:16 AM
MonkeyDLuffy(MonkeyDLuffy) used a skinned_boar 2-7-2021, 5:43:16 AM
MonkeyDLuffy(MonkeyDLuffy) used a skinned_boar 2-7-2021, 5:43:17 AM
MonkeyDLuffy(MonkeyDLuffy) used a skinned_boar 2-7-2021, 5:43:17 AM
MonkeyDLuffy(MonkeyDLuffy) used a skinned_boar 2-7-2021, 5:43:17 AM
MonkeyDLuffy(MonkeyDLuffy) used a skinned_boar 2-7-2021, 5:43:17 AM
MonkeyDLuffy(MonkeyDLuffy) used a skinned_boar 2-7-2021, 5:43:18 AM
MonkeyDLuffy(MonkeyDLuffy) used a skinned_boar 2-7-2021, 5:43:18 AM
MonkeyDLuffy(MonkeyDLuffy) used a skinned_boar 2-7-2021, 5:43:18 AM
MonkeyDLuffy(MonkeyDLuffy) used a skinned_boar 2-7-2021, 5:43:23 AM
MonkeyDLuffy(MonkeyDLuffy) used a skinned_boar 2-7-2021, 5:43:23 AM
MonkeyDLuffy(MonkeyDLuffy) used a skinned_boar 2-7-2021, 5:43:23 AM
MonkeyDLuffy(MonkeyDLuffy) used a skinned_boar 2-7-2021, 5:43:24 AM
MonkeyDLuffy(MonkeyDLuffy) used a skinned_boar 2-7-2021, 5:43:24 AM
MonkeyDLuffy(MonkeyDLuffy) used a skinned_boar 2-7-2021, 5:43:24 AM
MonkeyDLuffy(MonkeyDLuffy) used a skinned_boar 2-7-2021, 5:43:25 AM
MonkeyDLuffy(MonkeyDLuffy) used a skinned_boar 2-7-2021, 5:43:25 AM
MonkeyDLuffy(MonkeyDLuffy) used a skinned_boar 2-7-2021, 5:43:25 AM
MonkeyDLuffy(MonkeyDLuffy) used a skinned_boar 2-7-2021, 5:43:25 AM
MonkeyDLuffy(MonkeyDLuffy) used a skinned_boar 2-7-2021, 5:43:25 AM
MonkeyDLuffy(MonkeyDLuffy) used a skinned_boar 2-7-2021, 5:43:25 AM
MonkeyDLuffy(MonkeyDLuffy) used a skinned_boar 2-7-2021, 5:43:26 AM
MonkeyDLuffy(MonkeyDLuffy) used a skinned_boar 2-7-2021, 5:43:27 AM
MonkeyDLuffy(MonkeyDLuffy) used a skinned_boar 2-7-2021, 5:43:27 AM
MonkeyDLuffy(MonkeyDLuffy) used a skinned_boar 2-7-2021, 5:43:27 AM
MonkeyDLuffy(MonkeyDLuffy) used a skinned_boar 2-7-2021, 5:43:27 AM
MonkeyDLuffy(MonkeyDLuffy) used a skinned_boar 2-7-2021, 5:43:27 AM
MonkeyDLuffy(MonkeyDLuffy) used a skinned_boar 2-7-2021, 5:43:28 AM
MonkeyDLuffy(MonkeyDLuffy) used a skinned_boar 2-7-2021, 5:43:28 AM
MonkeyDLuffy(MonkeyDLuffy) used a skinned_boar 2-7-2021, 5:43:29 AM
MonkeyDLuffy(MonkeyDLuffy) used a skinned_boar 2-7-2021, 5:43:29 AM
MonkeyDLuffy(MonkeyDLuffy) used a skinned_boar 2-7-2021, 5:43:30 AM
MonkeyDLuffy(MonkeyDLuffy) used a skinned_boar 2-7-2021, 5:43:30 AM
MonkeyDLuffy(MonkeyDLuffy) used a skinned_boar 2-7-2021, 5:43:30 AM
MonkeyDLuffy(MonkeyDLuffy) used a skinned_boar 2-7-2021, 5:43:30 AM
MonkeyDLuffy(MonkeyDLuffy) used a skinned_boar 2-7-2021, 5:43:30 AM
MonkeyDLuffy(MonkeyDLuffy) used a skinned_boar 2-7-2021, 5:43:31 AM
MonkeyDLuffy(MonkeyDLuffy) used a skinned_boar 2-7-2021, 5:43:31 AM
MonkeyDLuffy(MonkeyDLuffy) used a skinned_boar 2-7-2021, 5:43:31 AM
MonkeyDLuffy(MonkeyDLuffy) used a skinned_boar 2-7-2021, 5:43:31 AM
MonkeyDLuffy(MonkeyDLuffy) used a skinned_boar 2-7-2021, 5:43:31 AM
MonkeyDLuffy(MonkeyDLuffy) used a skinned_boar 2-7-2021, 5:43:32 AM
MonkeyDLuffy(MonkeyDLuffy) used a skinned_boar 2-7-2021, 5:43:32 AM
MonkeyDLuffy(MonkeyDLuffy) used a skinned_boar 2-7-2021, 5:43:51 AM
MonkeyDLuffy(MonkeyDLuffy) used a skinned_boar 2-7-2021, 5:43:52 AM
MonkeyDLuffy(MonkeyDLuffy) used a skinned_boar 2-7-2021, 5:43:52 AM
MonkeyDLuffy(MonkeyDLuffy) used a skinned_boar 2-7-2021, 5:43:52 AM
MonkeyDLuffy(MonkeyDLuffy) used a skinned_boar 2-7-2021, 5:43:52 AM
MonkeyDLuffy(MonkeyDLuffy) used a skinned_boar 2-7-2021, 5:43:53 AM
MonkeyDLuffy(MonkeyDLuffy) used a skinned_boar 2-7-2021, 5:43:53 AM
MonkeyDLuffy(MonkeyDLuffy) used a skinned_boar 2-7-2021, 5:43:53 AM
MonkeyDLuffy(MonkeyDLuffy) used a skinned_boar 2-7-2021, 5:43:53 AM
MonkeyDLuffy(MonkeyDLuffy) used a skinned_boar 2-7-2021, 5:43:53 AM
MonkeyDLuffy(MonkeyDLuffy) used a skinned_boar 2-7-2021, 5:43:54 AM
MonkeyDLuffy(MonkeyDLuffy) used a skinned_boar 2-7-2021, 5:43:54 AM
MonkeyDLuffy(MonkeyDLuffy) used a skinned_boar 2-7-2021, 5:43:54 AM
MonkeyDLuffy(MonkeyDLuffy) used a skinned_boar 2-7-2021, 5:43:54 AM
MonkeyDLuffy(MonkeyDLuffy) used a skinned_boar 2-7-2021, 5:43:55 AM
MonkeyDLuffy(MonkeyDLuffy) used a skinned_boar 2-7-2021, 5:43:55 AM
MonkeyDLuffy(MonkeyDLuffy) used a skinned_boar 2-7-2021, 5:43:55 AM
MonkeyDLuffy(MonkeyDLuffy) used a skinned_boar 2-7-2021, 5:43:55 AM
MonkeyDLuffy(MonkeyDLuffy) used a skinned_boar 2-7-2021, 5:43:55 AM
MonkeyDLuffy(MonkeyDLuffy) used a skinned_boar 2-7-2021, 5:43:56 AM
MonkeyDLuffy(MonkeyDLuffy) used a skinned_boar 2-7-2021, 5:43:56 AM
MonkeyDLuffy(MonkeyDLuffy) used a skinned_boar 2-7-2021, 5:43:56 AM
MonkeyDLuffy(MonkeyDLuffy) used a skinned_boar 2-7-2021, 5:43:56 AM
MonkeyDLuffy(MonkeyDLuffy) used a skinned_boar 2-7-2021, 5:43:56 AM
MonkeyDLuffy(MonkeyDLuffy) used a skinned_boar 2-7-2021, 5:43:57 AM
MonkeyDLuffy(MonkeyDLuffy) used a skinned_boar 2-7-2021, 5:43:57 AM
MonkeyDLuffy(MonkeyDLuffy) used a skinned_boar 2-7-2021, 5:43:58 AM
MonkeyDLuffy(MonkeyDLuffy) used a skinned_boar 2-7-2021, 5:43:58 AM
MonkeyDLuffy(MonkeyDLuffy) used a skinned_boar 2-7-2021, 5:43:58 AM
MonkeyDLuffy(MonkeyDLuffy) used a skinned_boar 2-7-2021, 5:43:59 AM
MonkeyDLuffy(MonkeyDLuffy) used a skinned_boar 2-7-2021, 5:43:59 AM
MonkeyDLuffy(MonkeyDLuffy) used a skinned_boar 2-7-2021, 5:43:59 AM
MonkeyDLuffy(MonkeyDLuffy) used a skinned_boar 2-7-2021, 5:43:59 AM
MonkeyDLuffy(MonkeyDLuffy) used a skinned_boar 2-7-2021, 5:44:00 AM
MonkeyDLuffy(MonkeyDLuffy) used a skinned_boar 2-7-2021, 5:44:00 AM
MonkeyDLuffy(MonkeyDLuffy) used a skinned_boar 2-7-2021, 5:44:00 AM
MonkeyDLuffy(MonkeyDLuffy) used a skinned_boar 2-7-2021, 5:44:01 AM
MonkeyDLuffy(MonkeyDLuffy) used a skinned_boar 2-7-2021, 5:44:01 AM
MonkeyDLuffy(MonkeyDLuffy) used a skinned_boar 2-7-2021, 5:44:01 AM
MonkeyDLuffy(MonkeyDLuffy) used a skinned_boar 2-7-2021, 5:44:01 AM
MonkeyDLuffy(MonkeyDLuffy) used a skinned_boar 2-7-2021, 5:44:01 AM
MonkeyDLuffy(MonkeyDLuffy) used a skinned_boar 2-7-2021, 5:44:02 AM
MonkeyDLuffy(MonkeyDLuffy) used a skinned_boar 2-7-2021, 5:44:02 AM
MonkeyDLuffy(MonkeyDLuffy) used a skinned_boar 2-7-2021, 5:44:02 AM
MonkeyDLuffy(MonkeyDLuffy) used a skinned_boar 2-7-2021, 5:44:02 AM
MonkeyDLuffy(MonkeyDLuffy) used a skinned_boar 2-7-2021, 5:44:03 AM
MonkeyDLuffy(MonkeyDLuffy) used a skinned_boar 2-7-2021, 5:44:03 AM
MonkeyDLuffy(MonkeyDLuffy) used a skinned_boar 2-7-2021, 5:44:03 AM
MonkeyDLuffy(MonkeyDLuffy) used a skinned_boar 2-7-2021, 5:44:03 AM
MonkeyDLuffy(MonkeyDLuffy) used a skinned_boar 2-7-2021, 5:44:04 AM
MonkeyDLuffy(MonkeyDLuffy) used a skinned_boar 2-7-2021, 5:44:04 AM
MonkeyDLuffy(MonkeyDLuffy) used a skinned_boar 2-7-2021, 5:44:04 AM
MonkeyDLuffy(MonkeyDLuffy) used a skinned_boar 2-7-2021, 5:44:04 AM
MonkeyDLuffy(MonkeyDLuffy) used a skinned_boar 2-7-2021, 5:44:05 AM
MonkeyDLuffy(MonkeyDLuffy) used a skinned_boar 2-7-2021, 5:44:05 AM
MonkeyDLuffy(MonkeyDLuffy) used a skinned_boar 2-7-2021, 5:44:05 AM
MonkeyDLuffy(MonkeyDLuffy) used a skinned_boar 2-7-2021, 5:44:05 AM
MonkeyDLuffy(MonkeyDLuffy) used a skinned_boar 2-7-2021, 5:44:06 AM
MonkeyDLuffy(MonkeyDLuffy) used a skinned_boar 2-7-2021, 5:44:06 AM
MonkeyDLuffy(MonkeyDLuffy) used a skinned_boar 2-7-2021, 5:44:06 AM
MonkeyDLuffy(MonkeyDLuffy) used a skinned_boar 2-7-2021, 5:44:06 AM
MonkeyDLuffy(MonkeyDLuffy) used a skinned_boar 2-7-2021, 5:44:07 AM
MonkeyDLuffy(MonkeyDLuffy) used a skinned_boar 2-7-2021, 5:44:07 AM
MonkeyDLuffy(MonkeyDLuffy) used a skinned_boar 2-7-2021, 5:44:07 AM
MonkeyDLuffy(MonkeyDLuffy) used a skinned_boar 2-7-2021, 5:44:07 AM
MonkeyDLuffy(MonkeyDLuffy) used a skinned_boar 2-7-2021, 5:44:07 AM
MonkeyDLuffy(MonkeyDLuffy) used a skinned_boar 2-7-2021, 5:44:08 AM
MonkeyDLuffy(MonkeyDLuffy) used a skinned_boar 2-7-2021, 5:44:08 AM
MonkeyDLuffy(MonkeyDLuffy) used a skinned_boar 2-7-2021, 5:44:08 AM
MonkeyDLuffy(MonkeyDLuffy) used a skinned_boar 2-7-2021, 5:44:08 AM
MonkeyDLuffy(MonkeyDLuffy) used a skinned_boar 2-7-2021, 5:44:08 AM
MonkeyDLuffy(MonkeyDLuffy) used a skinned_boar 2-7-2021, 5:44:09 AM
MonkeyDLuffy(MonkeyDLuffy) used a skinned_boar 2-7-2021, 5:44:09 AM
MonkeyDLuffy(MonkeyDLuffy) used a skinned_boar 2-7-2021, 5:44:09 AM
MonkeyDLuffy(MonkeyDLuffy) used a skinned_boar 2-7-2021, 5:44:09 AM
MonkeyDLuffy(MonkeyDLuffy) used a skinned_boar 2-7-2021, 5:44:09 AM
MonkeyDLuffy(MonkeyDLuffy) used a skinned_boar 2-7-2021, 5:44:10 AM
MonkeyDLuffy(MonkeyDLuffy) used a skinned_boar 2-7-2021, 5:44:10 AM
MonkeyDLuffy(MonkeyDLuffy) used a skinned_boar 2-7-2021, 5:44:10 AM
MonkeyDLuffy(MonkeyDLuffy) used a skinned_boar 2-7-2021, 5:44:10 AM
MonkeyDLuffy(MonkeyDLuffy) used a skinned_boar 2-7-2021, 5:44:11 AM
MonkeyDLuffy(MonkeyDLuffy) used a skinned_boar 2-7-2021, 5:44:11 AM
MonkeyDLuffy(MonkeyDLuffy) used a skinned_boar 2-7-2021, 5:44:11 AM
MonkeyDLuffy(MonkeyDLuffy) used a skinned_boar 2-7-2021, 5:44:11 AM
MonkeyDLuffy(MonkeyDLuffy) used a skinned_boar 2-7-2021, 5:44:11 AM
MonkeyDLuffy(MonkeyDLuffy) used a skinned_boar 2-7-2021, 5:44:11 AM
MonkeyDLuffy(MonkeyDLuffy) used a skinned_boar 2-7-2021, 5:44:12 AM
MonkeyDLuffy(MonkeyDLuffy) used a skinned_boar 2-7-2021, 5:44:12 AM
MonkeyDLuffy(MonkeyDLuffy) used a skinned_boar 2-7-2021, 5:44:12 AM
MonkeyDLuffy(MonkeyDLuffy) used a skinned_boar 2-7-2021, 5:44:12 AM
MonkeyDLuffy(MonkeyDLuffy) used a skinned_boar 2-7-2021, 5:44:13 AM
MonkeyDLuffy(MonkeyDLuffy) used a skinned_boar 2-7-2021, 5:44:13 AM
MonkeyDLuffy(MonkeyDLuffy) used a skinned_boar 2-7-2021, 5:44:13 AM
MonkeyDLuffy(MonkeyDLuffy) used a skinned_boar 2-7-2021, 5:44:14 AM
MonkeyDLuffy(MonkeyDLuffy) used a skinned_boar 2-7-2021, 5:44:14 AM
MonkeyDLuffy(MonkeyDLuffy) used a skinned_boar 2-7-2021, 5:44:14 AM
MonkeyDLuffy(MonkeyDLuffy) used a skinned_boar 2-7-2021, 5:44:14 AM
MonkeyDLuffy(MonkeyDLuffy) used a skinned_boar 2-7-2021, 5:44:14 AM
MonkeyDLuffy(MonkeyDLuffy) used a skinned_boar 2-7-2021, 5:44:15 AM
MonkeyDLuffy(MonkeyDLuffy) used a skinned_boar 2-7-2021, 5:44:15 AM
MonkeyDLuffy(MonkeyDLuffy) used a skinned_boar 2-7-2021, 5:44:15 AM
MonkeyDLuffy(MonkeyDLuffy) used a skinned_boar 2-7-2021, 5:44:15 AM
MonkeyDLuffy(MonkeyDLuffy) used a skinned_boar 2-7-2021, 5:44:15 AM
MonkeyDLuffy(MonkeyDLuffy) used a skinned_boar 2-7-2021, 5:44:16 AM
MonkeyDLuffy(MonkeyDLuffy) used a skinned_boar 2-7-2021, 5:44:16 AM
MonkeyDLuffy(MonkeyDLuffy) used a skinned_boar 2-7-2021, 5:44:16 AM
MonkeyDLuffy(MonkeyDLuffy) used a skinned_boar 2-7-2021, 5:44:16 AM
MonkeyDLuffy(MonkeyDLuffy) used a skinned_boar 2-7-2021, 5:44:17 AM
MonkeyDLuffy(MonkeyDLuffy) used a skinned_boar 2-7-2021, 5:44:17 AM
MonkeyDLuffy(MonkeyDLuffy) used a skinned_boar 2-7-2021, 5:44:17 AM
MonkeyDLuffy(MonkeyDLuffy) used a skinned_boar 2-7-2021, 5:44:17 AM
MonkeyDLuffy(MonkeyDLuffy) used a skinned_boar 2-7-2021, 5:44:17 AM
MonkeyDLuffy(MonkeyDLuffy) used a skinned_boar 2-7-2021, 5:44:18 AM
MonkeyDLuffy(MonkeyDLuffy) used a skinned_boar 2-7-2021, 5:44:18 AM
MonkeyDLuffy(MonkeyDLuffy) used a skinned_boar 2-7-2021, 5:44:18 AM
MonkeyDLuffy(MonkeyDLuffy) used a dead_rabbit 2-7-2021, 5:50:11 AM
MonkeyDLuffy(MonkeyDLuffy) used a pack_of_100_ammo_throwing_knives 2-7-2021, 5:51:25 AM
MonkeyDLuffy(MonkeyDLuffy) used a pack_of_100_ammo_throwing_knives 2-7-2021, 5:51:26 AM
MonkeyDLuffy(MonkeyDLuffy) used a pack_of_100_ammo_throwing_knives 2-7-2021, 5:51:26 AM
MonkeyDLuffy(MonkeyDLuffy) used a pack_of_100_ammo_throwing_knives 2-7-2021, 5:51:26 AM
MonkeyDLuffy(MonkeyDLuffy) used a pack_of_100_ammo_throwing_knives 2-7-2021, 5:51:26 AM
MonkeyDLuffy(MonkeyDLuffy) used a pack_of_100_ammo_throwing_knives 2-7-2021, 5:51:26 AM
MonkeyDLuffy(MonkeyDLuffy) used a pack_of_100_ammo_throwing_knives 2-7-2021, 5:51:27 AM
MonkeyDLuffy(MonkeyDLuffy) used a pack_of_100_ammo_throwing_knives 2-7-2021, 5:51:27 AM
MonkeyDLuffy(MonkeyDLuffy) used a pack_of_100_ammo_throwing_knives 2-7-2021, 5:51:28 AM
MonkeyDLuffy(MonkeyDLuffy) used a pack_of_100_ammo_throwing_knives 2-7-2021, 5:51:28 AM
MonkeyDLuffy(MonkeyDLuffy) used a pack_of_100_ammo_throwing_knives 2-7-2021, 5:51:28 AM
MonkeyDLuffy(MonkeyDLuffy) used a fire_starter 2-7-2021, 5:51:44 AM
MonkeyDLuffy(MonkeyDLuffy) used a awp_ammo_pack 2-7-2021, 5:52:32 AM
MonkeyDLuffy(MonkeyDLuffy) used a awp_ammo_pack 2-7-2021, 5:52:32 AM
MonkeyDLuffy(MonkeyDLuffy) used a awp_ammo_pack 2-7-2021, 5:52:32 AM
MonkeyDLuffy(MonkeyDLuffy) used a awp_ammo_pack 2-7-2021, 5:52:33 AM
MonkeyDLuffy(MonkeyDLuffy) used a awp_ammo_pack 2-7-2021, 5:52:33 AM
MonkeyDLuffy(MonkeyDLuffy) used a awp_ammo_pack 2-7-2021, 5:52:33 AM
MonkeyDLuffy(MonkeyDLuffy) used a awp_ammo_pack 2-7-2021, 5:52:33 AM
MonkeyDLuffy(MonkeyDLuffy) used a awp_ammo_pack 2-7-2021, 5:52:33 AM
MonkeyDLuffy(MonkeyDLuffy) used a awp_ammo_pack 2-7-2021, 5:52:33 AM
MonkeyDLuffy(MonkeyDLuffy) used a awp_ammo_pack 2-7-2021, 5:52:34 AM
MonkeyDLuffy(MonkeyDLuffy) used a awp_ammo_pack 2-7-2021, 5:52:34 AM
MonkeyDLuffy(MonkeyDLuffy) used a awp 2-7-2021, 5:52:38 AM
MonkeyDLuffy(MonkeyDLuffy) used a awp_ammo_pack 2-7-2021, 5:53:48 AM
MonkeyDLuffy(MonkeyDLuffy) used a awp_ammo_pack 2-7-2021, 5:53:49 AM
MonkeyDLuffy(MonkeyDLuffy) used a awp_ammo_pack 2-7-2021, 5:53:49 AM
MonkeyDLuffy(MonkeyDLuffy) used a awp_ammo_pack 2-7-2021, 5:53:49 AM
MonkeyDLuffy(MonkeyDLuffy) used a awp_ammo_pack 2-7-2021, 5:53:49 AM
MonkeyDLuffy(MonkeyDLuffy) used a awp_ammo_pack 2-7-2021, 5:53:49 AM
MonkeyDLuffy(MonkeyDLuffy) used a awp_ammo_pack 2-7-2021, 5:53:49 AM
MonkeyDLuffy(MonkeyDLuffy) used a awp_ammo_pack 2-7-2021, 5:53:50 AM
MonkeyDLuffy(MonkeyDLuffy) used a awp_ammo_pack 2-7-2021, 5:53:50 AM
MonkeyDLuffy(MonkeyDLuffy) used a awp_ammo_pack 2-7-2021, 5:53:50 AM
MonkeyDLuffy(MonkeyDLuffy) used a awp_ammo_pack 2-7-2021, 5:53:50 AM
MonkeyDLuffy(MonkeyDLuffy) used a dead_bear 2-7-2021, 5:55:27 AM
MonkeyDLuffy(MonkeyDLuffy) used a dead_bear 2-7-2021, 5:55:28 AM
MonkeyDLuffy(MonkeyDLuffy) used a dead_bear 2-7-2021, 5:55:28 AM
MonkeyDLuffy(MonkeyDLuffy) used a dead_bear 2-7-2021, 5:55:28 AM
MonkeyDLuffy(MonkeyDLuffy) used a dead_bear 2-7-2021, 5:55:29 AM
MonkeyDLuffy(MonkeyDLuffy) used a dead_bear 2-7-2021, 5:55:29 AM
MonkeyDLuffy(MonkeyDLuffy) used a dead_bear 2-7-2021, 5:55:29 AM
MonkeyDLuffy(MonkeyDLuffy) used a dead_bear 2-7-2021, 5:55:41 AM
MonkeyDLuffy(MonkeyDLuffy) used a dead_bear 2-7-2021, 5:55:42 AM
MonkeyDLuffy(MonkeyDLuffy) used a dead_bear 2-7-2021, 5:55:42 AM
MonkeyDLuffy(MonkeyDLuffy) used a dead_bear 2-7-2021, 5:55:42 AM
MonkeyDLuffy(MonkeyDLuffy) used a dead_bear 2-7-2021, 5:55:42 AM
MonkeyDLuffy(MonkeyDLuffy) used a dead_bear 2-7-2021, 5:55:43 AM
MonkeyDLuffy(MonkeyDLuffy) used a dead_bear 2-7-2021, 5:55:43 AM
MonkeyDLuffy(MonkeyDLuffy) used a dead_bear 2-7-2021, 5:55:43 AM
MonkeyDLuffy(MonkeyDLuffy) used a dead_bear 2-7-2021, 5:55:43 AM
MonkeyDLuffy(MonkeyDLuffy) used a dead_bear 2-7-2021, 5:55:43 AM
MonkeyDLuffy(MonkeyDLuffy) used a dead_bear 2-7-2021, 5:55:44 AM
MonkeyDLuffy(MonkeyDLuffy) used a dead_bear 2-7-2021, 5:55:44 AM
MonkeyDLuffy(MonkeyDLuffy) used a dead_bear 2-7-2021, 5:55:44 AM
MonkeyDLuffy(MonkeyDLuffy) used a dead_bear 2-7-2021, 5:55:44 AM
MonkeyDLuffy(MonkeyDLuffy) used a dead_bear 2-7-2021, 5:55:44 AM
MonkeyDLuffy(MonkeyDLuffy) used a dead_bear 2-7-2021, 5:55:45 AM
MonkeyDLuffy(MonkeyDLuffy) used a dead_bear 2-7-2021, 5:55:45 AM
MonkeyDLuffy(MonkeyDLuffy) used a dead_bear 2-7-2021, 5:55:46 AM
MonkeyDLuffy(MonkeyDLuffy) used a dead_bear 2-7-2021, 5:55:46 AM
MonkeyDLuffy(MonkeyDLuffy) used a dead_bear 2-7-2021, 5:55:46 AM
MonkeyDLuffy(MonkeyDLuffy) used a dead_bear 2-7-2021, 5:55:46 AM
MonkeyDLuffy(MonkeyDLuffy) used a dead_bear 2-7-2021, 5:55:47 AM
MonkeyDLuffy(MonkeyDLuffy) used a dead_bear 2-7-2021, 5:55:47 AM
MonkeyDLuffy(MonkeyDLuffy) used a dead_bear 2-7-2021, 5:55:47 AM
MonkeyDLuffy(MonkeyDLuffy) used a dead_bear 2-7-2021, 5:55:47 AM
MonkeyDLuffy(MonkeyDLuffy) used a dead_bear 2-7-2021, 5:55:48 AM
MonkeyDLuffy(MonkeyDLuffy) used a dead_bear 2-7-2021, 5:55:48 AM
MonkeyDLuffy(MonkeyDLuffy) used a dead_bear 2-7-2021, 5:55:48 AM
MonkeyDLuffy(MonkeyDLuffy) used a dead_bear 2-7-2021, 5:55:48 AM
MonkeyDLuffy(MonkeyDLuffy) used a dead_bear 2-7-2021, 5:55:49 AM
MonkeyDLuffy(MonkeyDLuffy) used a dead_bear 2-7-2021, 5:55:49 AM
MonkeyDLuffy(MonkeyDLuffy) used a dead_bear 2-7-2021, 5:55:49 AM
MonkeyDLuffy(MonkeyDLuffy) used a dead_bear 2-7-2021, 5:55:49 AM
MonkeyDLuffy(MonkeyDLuffy) used a dead_bear 2-7-2021, 5:55:49 AM
MonkeyDLuffy(MonkeyDLuffy) used a dead_bear 2-7-2021, 5:55:50 AM
MonkeyDLuffy(MonkeyDLuffy) used a dead_bear 2-7-2021, 5:55:50 AM
MonkeyDLuffy(MonkeyDLuffy) used a dead_bear 2-7-2021, 5:55:50 AM
MonkeyDLuffy(MonkeyDLuffy) used a dead_bear 2-7-2021, 5:55:50 AM
MonkeyDLuffy(MonkeyDLuffy) used a dead_bear 2-7-2021, 5:55:51 AM
MonkeyDLuffy(MonkeyDLuffy) used a dead_bear 2-7-2021, 5:55:51 AM
MonkeyDLuffy(MonkeyDLuffy) used a dead_bear 2-7-2021, 5:55:51 AM
MonkeyDLuffy(MonkeyDLuffy) used a dead_bear 2-7-2021, 5:55:51 AM
MonkeyDLuffy(MonkeyDLuffy) used a dead_bear 2-7-2021, 5:55:52 AM
MonkeyDLuffy(MonkeyDLuffy) used a dead_bear 2-7-2021, 5:55:52 AM
MonkeyDLuffy(MonkeyDLuffy) used a dead_bear 2-7-2021, 5:55:52 AM
MonkeyDLuffy(MonkeyDLuffy) used a dead_bear 2-7-2021, 5:55:52 AM
MonkeyDLuffy(MonkeyDLuffy) used a dead_bear 2-7-2021, 5:55:52 AM
MonkeyDLuffy(MonkeyDLuffy) used a dead_bear 2-7-2021, 5:55:53 AM
MonkeyDLuffy(MonkeyDLuffy) used a dead_bear 2-7-2021, 5:55:53 AM
MonkeyDLuffy(MonkeyDLuffy) used a dead_bear 2-7-2021, 5:55:53 AM
MonkeyDLuffy(MonkeyDLuffy) used a dead_bear 2-7-2021, 5:55:53 AM
MonkeyDLuffy(MonkeyDLuffy) used a dead_bear 2-7-2021, 5:55:54 AM
MonkeyDLuffy(MonkeyDLuffy) used a dead_bear 2-7-2021, 5:55:54 AM
MonkeyDLuffy(MonkeyDLuffy) used a dead_bear 2-7-2021, 5:55:54 AM
MonkeyDLuffy(MonkeyDLuffy) used a dead_bear 2-7-2021, 5:55:54 AM
MonkeyDLuffy(MonkeyDLuffy) used a dead_bear 2-7-2021, 5:55:55 AM
MonkeyDLuffy(MonkeyDLuffy) used a dead_bear 2-7-2021, 5:55:55 AM
MonkeyDLuffy(MonkeyDLuffy) used a dead_bear 2-7-2021, 5:55:55 AM
MonkeyDLuffy(MonkeyDLuffy) used a dead_bear 2-7-2021, 5:55:55 AM
MonkeyDLuffy(MonkeyDLuffy) used a dead_bear 2-7-2021, 5:55:56 AM
MonkeyDLuffy(MonkeyDLuffy) used a dead_bear 2-7-2021, 5:55:56 AM
MonkeyDLuffy(MonkeyDLuffy) used a dead_bear 2-7-2021, 5:55:56 AM
MonkeyDLuffy(MonkeyDLuffy) used a dead_bear 2-7-2021, 5:55:56 AM
MonkeyDLuffy(MonkeyDLuffy) used a dead_bear 2-7-2021, 5:55:57 AM
MonkeyDLuffy(MonkeyDLuffy) used a dead_bear 2-7-2021, 5:55:57 AM
MonkeyDLuffy(MonkeyDLuffy) used a dead_bear 2-7-2021, 5:55:57 AM
MonkeyDLuffy(MonkeyDLuffy) used a dead_bear 2-7-2021, 5:55:57 AM
MonkeyDLuffy(MonkeyDLuffy) used a dead_bear 2-7-2021, 5:55:58 AM
MonkeyDLuffy(MonkeyDLuffy) used a dead_bear 2-7-2021, 5:55:58 AM
MonkeyDLuffy(MonkeyDLuffy) used a dead_bear 2-7-2021, 5:55:58 AM
MonkeyDLuffy(MonkeyDLuffy) used a dead_bear 2-7-2021, 5:55:58 AM
MonkeyDLuffy(MonkeyDLuffy) used a dead_bear 2-7-2021, 5:55:58 AM
MonkeyDLuffy(MonkeyDLuffy) used a dead_bear 2-7-2021, 5:55:59 AM
MonkeyDLuffy(MonkeyDLuffy) used a dead_bear 2-7-2021, 5:55:59 AM
MonkeyDLuffy(MonkeyDLuffy) used a dead_bear 2-7-2021, 5:55:59 AM
MonkeyDLuffy(MonkeyDLuffy) used a dead_bear 2-7-2021, 5:55:59 AM
MonkeyDLuffy(MonkeyDLuffy) used a dead_bear 2-7-2021, 5:56:00 AM
MonkeyDLuffy(MonkeyDLuffy) used a dead_bear 2-7-2021, 5:56:00 AM
MonkeyDLuffy(MonkeyDLuffy) used a dead_bear 2-7-2021, 5:56:00 AM
MonkeyDLuffy(MonkeyDLuffy) used a dead_bear 2-7-2021, 5:56:00 AM
MonkeyDLuffy(MonkeyDLuffy) used a dead_bear 2-7-2021, 5:58:04 AM
MonkeyDLuffy(MonkeyDLuffy) used a dead_bear 2-7-2021, 5:58:04 AM
MonkeyDLuffy(MonkeyDLuffy) used a dead_bear 2-7-2021, 5:58:04 AM
MonkeyDLuffy(MonkeyDLuffy) used a dead_bear 2-7-2021, 5:58:05 AM
MonkeyDLuffy(MonkeyDLuffy) used a dead_bear 2-7-2021, 5:58:05 AM
MonkeyDLuffy(MonkeyDLuffy) used a dead_bear 2-7-2021, 5:58:05 AM
MonkeyDLuffy(MonkeyDLuffy) used a dead_bear 2-7-2021, 5:58:05 AM
MonkeyDLuffy(MonkeyDLuffy) used a dead_bear 2-7-2021, 5:58:06 AM
MonkeyDLuffy(MonkeyDLuffy) used a dead_bear 2-7-2021, 5:58:06 AM
MonkeyDLuffy(MonkeyDLuffy) used a dead_bear 2-7-2021, 5:58:06 AM
MonkeyDLuffy(MonkeyDLuffy) used a dead_bear 2-7-2021, 5:58:06 AM
MonkeyDLuffy(MonkeyDLuffy) used a dead_bear 2-7-2021, 5:58:06 AM
MonkeyDLuffy(MonkeyDLuffy) used a dead_bear 2-7-2021, 5:58:07 AM
MonkeyDLuffy(MonkeyDLuffy) used a dead_bear 2-7-2021, 5:58:07 AM
MonkeyDLuffy(MonkeyDLuffy) used a dead_bear 2-7-2021, 5:58:07 AM
MonkeyDLuffy(MonkeyDLuffy) used a dead_bear 2-7-2021, 5:58:07 AM
MonkeyDLuffy(MonkeyDLuffy) used a dead_bear 2-7-2021, 5:58:07 AM
MonkeyDLuffy(MonkeyDLuffy) used a dead_bear 2-7-2021, 5:58:07 AM
MonkeyDLuffy(MonkeyDLuffy) used a dead_bear 2-7-2021, 5:58:08 AM
MonkeyDLuffy(MonkeyDLuffy) used a dead_bear 2-7-2021, 5:58:08 AM
MonkeyDLuffy(MonkeyDLuffy) used a dead_bear 2-7-2021, 5:58:08 AM
MonkeyDLuffy(MonkeyDLuffy) used a dead_bear 2-7-2021, 5:58:08 AM
MonkeyDLuffy(MonkeyDLuffy) used a dead_bear 2-7-2021, 5:58:08 AM
MonkeyDLuffy(MonkeyDLuffy) used a dead_bear 2-7-2021, 5:58:08 AM
MonkeyDLuffy(MonkeyDLuffy) used a dead_bear 2-7-2021, 5:58:09 AM
MonkeyDLuffy(MonkeyDLuffy) used a dead_bear 2-7-2021, 5:58:09 AM
MonkeyDLuffy(MonkeyDLuffy) used a dead_bear 2-7-2021, 5:58:09 AM
MonkeyDLuffy(MonkeyDLuffy) used a dead_bear 2-7-2021, 5:58:09 AM
MonkeyDLuffy(MonkeyDLuffy) used a dead_bear 2-7-2021, 5:58:09 AM
MonkeyDLuffy(MonkeyDLuffy) used a dead_bear 2-7-2021, 5:58:09 AM
MonkeyDLuffy(MonkeyDLuffy) used a dead_bear 2-7-2021, 5:58:10 AM
MonkeyDLuffy(MonkeyDLuffy) used a dead_bear 2-7-2021, 5:58:10 AM
MonkeyDLuffy(MonkeyDLuffy) used a dead_bear 2-7-2021, 5:58:10 AM
MonkeyDLuffy(MonkeyDLuffy) used a dead_bear 2-7-2021, 5:58:10 AM
MonkeyDLuffy(MonkeyDLuffy) used a dead_bear 2-7-2021, 5:58:10 AM
MonkeyDLuffy(MonkeyDLuffy) used a dead_bear 2-7-2021, 5:58:10 AM
MonkeyDLuffy(MonkeyDLuffy) used a dead_bear 2-7-2021, 5:58:54 AM
MonkeyDLuffy(MonkeyDLuffy) used a dead_bear 2-7-2021, 5:58:54 AM
MonkeyDLuffy(MonkeyDLuffy) used a dead_bear 2-7-2021, 5:58:54 AM
MonkeyDLuffy(MonkeyDLuffy) used a dead_bear 2-7-2021, 5:58:55 AM
MonkeyDLuffy(MonkeyDLuffy) used a dead_bear 2-7-2021, 5:58:55 AM
MonkeyDLuffy(MonkeyDLuffy) used a dead_bear 2-7-2021, 5:58:55 AM
MonkeyDLuffy(MonkeyDLuffy) used a dead_bear 2-7-2021, 5:58:55 AM
MonkeyDLuffy(MonkeyDLuffy) used a dead_bear 2-7-2021, 5:58:56 AM
MonkeyDLuffy(MonkeyDLuffy) used a dead_bear 2-7-2021, 5:58:56 AM
MonkeyDLuffy(MonkeyDLuffy) used a dead_bear 2-7-2021, 5:58:56 AM
MonkeyDLuffy(MonkeyDLuffy) used a dead_bear 2-7-2021, 5:58:56 AM
MonkeyDLuffy(MonkeyDLuffy) used a dead_bear 2-7-2021, 5:58:57 AM
MonkeyDLuffy(MonkeyDLuffy) used a dead_bear 2-7-2021, 5:58:57 AM
MonkeyDLuffy(MonkeyDLuffy) used a dead_bear 2-7-2021, 5:58:59 AM
MonkeyDLuffy(MonkeyDLuffy) used a dead_bear 2-7-2021, 5:58:59 AM
MonkeyDLuffy(MonkeyDLuffy) used a dead_bear 2-7-2021, 5:58:59 AM
MonkeyDLuffy(MonkeyDLuffy) used a dead_bear 2-7-2021, 5:58:59 AM
MonkeyDLuffy(MonkeyDLuffy) used a dead_bear 2-7-2021, 5:59:00 AM
MonkeyDLuffy(MonkeyDLuffy) used a dead_bear 2-7-2021, 5:59:00 AM
MonkeyDLuffy(MonkeyDLuffy) used a dead_bear 2-7-2021, 5:59:00 AM
MonkeyDLuffy(MonkeyDLuffy) used a dead_bear 2-7-2021, 5:59:01 AM
MonkeyDLuffy(MonkeyDLuffy) used a dead_bear 2-7-2021, 5:59:01 AM
MonkeyDLuffy(MonkeyDLuffy) used a dead_bear 2-7-2021, 5:59:01 AM
MonkeyDLuffy(MonkeyDLuffy) used a dead_bear 2-7-2021, 5:59:01 AM
MonkeyDLuffy(MonkeyDLuffy) used a dead_bear 2-7-2021, 5:59:01 AM
MonkeyDLuffy(MonkeyDLuffy) used a dead_bear 2-7-2021, 5:59:02 AM
MonkeyDLuffy(MonkeyDLuffy) used a dead_bear 2-7-2021, 5:59:02 AM
MonkeyDLuffy(MonkeyDLuffy) used a dead_bear 2-7-2021, 5:59:02 AM
MonkeyDLuffy(MonkeyDLuffy) used a dead_bear 2-7-2021, 5:59:02 AM
MonkeyDLuffy(MonkeyDLuffy) used a dead_bear 2-7-2021, 5:59:02 AM
MonkeyDLuffy(MonkeyDLuffy) used a dead_bear 2-7-2021, 5:59:03 AM
MonkeyDLuffy(MonkeyDLuffy) used a dead_bear 2-7-2021, 5:59:03 AM
MonkeyDLuffy(MonkeyDLuffy) used a dead_bear 2-7-2021, 5:59:03 AM
MonkeyDLuffy(MonkeyDLuffy) used a dead_bear 2-7-2021, 5:59:04 AM
MonkeyDLuffy(MonkeyDLuffy) used a dead_bear 2-7-2021, 5:59:04 AM
MonkeyDLuffy(MonkeyDLuffy) used a dead_bear 2-7-2021, 5:59:04 AM
MonkeyDLuffy(MonkeyDLuffy) used a dead_bear 2-7-2021, 5:59:04 AM
MonkeyDLuffy(MonkeyDLuffy) used a dead_bear 2-7-2021, 5:59:04 AM
MonkeyDLuffy(MonkeyDLuffy) used a dead_bear 2-7-2021, 5:59:05 AM
MonkeyDLuffy(MonkeyDLuffy) used a dead_bear 2-7-2021, 5:59:05 AM
MonkeyDLuffy(MonkeyDLuffy) used a dead_bear 2-7-2021, 5:59:05 AM
MonkeyDLuffy(MonkeyDLuffy) used a dead_bear 2-7-2021, 5:59:05 AM
MonkeyDLuffy(MonkeyDLuffy) used a dead_bear 2-7-2021, 5:59:06 AM
MonkeyDLuffy(MonkeyDLuffy) used a dead_bear 2-7-2021, 5:59:06 AM
MonkeyDLuffy(MonkeyDLuffy) used a dead_bear 2-7-2021, 5:59:06 AM
MonkeyDLuffy(MonkeyDLuffy) used a dead_bear 2-7-2021, 5:59:06 AM
MonkeyDLuffy(MonkeyDLuffy) used a dead_bear 2-7-2021, 5:59:07 AM
MonkeyDLuffy(MonkeyDLuffy) used a dead_bear 2-7-2021, 5:59:07 AM
MonkeyDLuffy(MonkeyDLuffy) used a dead_bear 2-7-2021, 5:59:07 AM
MonkeyDLuffy(MonkeyDLuffy) used a dead_bear 2-7-2021, 5:59:07 AM
MonkeyDLuffy(MonkeyDLuffy) used a dead_bear 2-7-2021, 5:59:07 AM
MonkeyDLuffy(MonkeyDLuffy) used a dead_bear 2-7-2021, 5:59:08 AM
MonkeyDLuffy(MonkeyDLuffy) used a dead_bear 2-7-2021, 5:59:08 AM
MonkeyDLuffy(MonkeyDLuffy) used a dead_bear 2-7-2021, 5:59:08 AM
MonkeyDLuffy(MonkeyDLuffy) used a dead_bear 2-7-2021, 5:59:08 AM
MonkeyDLuffy(MonkeyDLuffy) used a dead_bear 2-7-2021, 5:59:09 AM
MonkeyDLuffy(MonkeyDLuffy) used a dead_bear 2-7-2021, 5:59:52 AM
MonkeyDLuffy(MonkeyDLuffy) used a dead_bear 2-7-2021, 5:59:52 AM
MonkeyDLuffy(MonkeyDLuffy) used a dead_bear 2-7-2021, 5:59:52 AM
MonkeyDLuffy(MonkeyDLuffy) used a dead_bear 2-7-2021, 5:59:53 AM
MonkeyDLuffy(MonkeyDLuffy) used a dead_bear 2-7-2021, 5:59:53 AM
MonkeyDLuffy(MonkeyDLuffy) used a dead_bear 2-7-2021, 5:59:53 AM
MonkeyDLuffy(MonkeyDLuffy) used a dead_bear 2-7-2021, 5:59:54 AM
MonkeyDLuffy(MonkeyDLuffy) used a dead_bear 2-7-2021, 5:59:54 AM
MonkeyDLuffy(MonkeyDLuffy) used a dead_bear 2-7-2021, 5:59:54 AM
MonkeyDLuffy(MonkeyDLuffy) used a dead_bear 2-7-2021, 5:59:54 AM
MonkeyDLuffy(MonkeyDLuffy) used a pack_of_5_barricade_bomb 2-7-2021, 6:13:33 AM
MonkeyDLuffy(MonkeyDLuffy) used a pack_of_20_bomb_defuser 2-7-2021, 6:13:36 AM
MonkeyDLuffy(MonkeyDLuffy) used a pack_of_15_shield 2-7-2021, 6:13:41 AM
MonkeyDLuffy(MonkeyDLuffy) used a pack_of_6_ammo_gp30 2-7-2021, 6:17:25 AM
MonkeyDLuffy(MonkeyDLuffy) used a pack_of_6_ammo_gp30 2-7-2021, 6:17:26 AM
MonkeyDLuffy(MonkeyDLuffy) used a pack_of_6_ammo_gp30 2-7-2021, 6:17:26 AM
MonkeyDLuffy(MonkeyDLuffy) used a pack_of_6_ammo_gp30 2-7-2021, 6:17:26 AM
MonkeyDLuffy(MonkeyDLuffy) used a pack_of_6_ammo_gp30 2-7-2021, 6:17:26 AM
MonkeyDLuffy(MonkeyDLuffy) used a pack_of_6_ammo_gp30 2-7-2021, 6:17:26 AM
MonkeyDLuffy(MonkeyDLuffy) used a pack_of_6_ammo_gp30 2-7-2021, 6:17:27 AM
MonkeyDLuffy(MonkeyDLuffy) used a pack_of_6_ammo_gp30 2-7-2021, 6:17:27 AM
MonkeyDLuffy(MonkeyDLuffy) used a pack_of_6_ammo_gp30 2-7-2021, 6:17:27 AM
MonkeyDLuffy(MonkeyDLuffy) used a pack_of_6_ammo_gp30 2-7-2021, 6:17:27 AM
MonkeyDLuffy(MonkeyDLuffy) used a pack_of_6_ammo_gp30 2-7-2021, 6:17:27 AM
MonkeyDLuffy(MonkeyDLuffy) used a pack_of_6_ammo_gp30 2-7-2021, 6:17:28 AM
MonkeyDLuffy(MonkeyDLuffy) used a pack_of_6_ammo_gp30 2-7-2021, 6:17:28 AM
MonkeyDLuffy(MonkeyDLuffy) used a pack_of_6_ammo_gp30 2-7-2021, 6:17:28 AM
MonkeyDLuffy(MonkeyDLuffy) used a pack_of_6_ammo_gp30 2-7-2021, 6:17:28 AM
MonkeyDLuffy(MonkeyDLuffy) used a pack_of_6_ammo_gp30 2-7-2021, 6:17:28 AM
MonkeyDLuffy(MonkeyDLuffy) used a pack_of_6_ammo_gp30 2-7-2021, 6:17:28 AM
MonkeyDLuffy(MonkeyDLuffy) used a pack_of_6_ammo_gp30 2-7-2021, 6:17:29 AM
MonkeyDLuffy(MonkeyDLuffy) used a pack_of_6_ammo_gp30 2-7-2021, 6:17:29 AM
MonkeyDLuffy(MonkeyDLuffy) used a pack_of_6_ammo_gp30 2-7-2021, 6:17:29 AM
MonkeyDLuffy(MonkeyDLuffy) used a pack_of_6_ammo_gp30 2-7-2021, 6:17:29 AM
MonkeyDLuffy(MonkeyDLuffy) used a pack_of_6_ammo_gp30 2-7-2021, 6:17:29 AM
MonkeyDLuffy(MonkeyDLuffy) used a pack_of_6_ammo_gp30 2-7-2021, 6:17:29 AM
MonkeyDLuffy(MonkeyDLuffy) used a pack_of_6_ammo_gp30 2-7-2021, 6:17:30 AM
MonkeyDLuffy(MonkeyDLuffy) used a pack_of_6_ammo_gp30 2-7-2021, 6:17:30 AM
MonkeyDLuffy(MonkeyDLuffy) used a pack_of_6_ammo_gp30 2-7-2021, 6:17:30 AM
MonkeyDLuffy(MonkeyDLuffy) used a pack_of_6_ammo_gp30 2-7-2021, 6:17:30 AM
MonkeyDLuffy(MonkeyDLuffy) used a pack_of_6_ammo_gp30 2-7-2021, 6:17:30 AM
MonkeyDLuffy(MonkeyDLuffy) used a pack_of_6_ammo_gp30 2-7-2021, 6:17:31 AM
MonkeyDLuffy(MonkeyDLuffy) used a pack_of_6_ammo_gp30 2-7-2021, 6:17:31 AM
MonkeyDLuffy(MonkeyDLuffy) used a pack_of_6_ammo_gp30 2-7-2021, 6:17:31 AM
MonkeyDLuffy(MonkeyDLuffy) used a pack_of_6_ammo_gp30 2-7-2021, 6:17:31 AM
MonkeyDLuffy(MonkeyDLuffy) used a pack_of_6_ammo_gp30 2-7-2021, 6:17:32 AM
MonkeyDLuffy(MonkeyDLuffy) used a shield 2-7-2021, 6:22:06 AM
MonkeyDLuffy(MonkeyDLuffy) used a shield 2-7-2021, 6:22:06 AM
MonkeyDLuffy(MonkeyDLuffy) used a shield 2-7-2021, 6:22:06 AM
MonkeyDLuffy(MonkeyDLuffy) used a shield 2-7-2021, 6:22:07 AM
MonkeyDLuffy(MonkeyDLuffy) used a shield 2-7-2021, 6:22:07 AM
MonkeyDLuffy(MonkeyDLuffy) used a shield 2-7-2021, 6:22:07 AM
MonkeyDLuffy(MonkeyDLuffy) used a shield 2-7-2021, 6:22:07 AM
MonkeyDLuffy(MonkeyDLuffy) used a shield 2-7-2021, 6:22:08 AM
MonkeyDLuffy(MonkeyDLuffy) used a shield 2-7-2021, 6:22:08 AM
MonkeyDLuffy(MonkeyDLuffy) used a shield 2-7-2021, 6:22:08 AM
MonkeyDLuffy(MonkeyDLuffy) used a shield 2-7-2021, 6:22:08 AM
MonkeyDLuffy(MonkeyDLuffy) used a shield 2-7-2021, 6:22:09 AM
MonkeyDLuffy(MonkeyDLuffy) used a shield 2-7-2021, 6:22:09 AM
MonkeyDLuffy(MonkeyDLuffy) used a shield 2-7-2021, 6:22:09 AM
MonkeyDLuffy(MonkeyDLuffy) used a shield 2-7-2021, 6:22:11 AM
MonkeyDLuffy(MonkeyDLuffy) used a antibiotic 2-7-2021, 6:22:19 AM
MonkeyDLuffy(MonkeyDLuffy) used a antibiotic 2-7-2021, 6:22:20 AM
MonkeyDLuffy(MonkeyDLuffy) used a antibiotic 2-7-2021, 6:22:30 AM
MonkeyDLuffy(MonkeyDLuffy) used a antibiotic 2-7-2021, 6:22:31 AM
MonkeyDLuffy(MonkeyDLuffy) used a antibiotic 2-7-2021, 6:22:32 AM
MonkeyDLuffy(MonkeyDLuffy) used a antibiotic 2-7-2021, 6:22:32 AM
MonkeyDLuffy(MonkeyDLuffy) used a antibiotic 2-7-2021, 6:22:33 AM
MonkeyDLuffy(MonkeyDLuffy) used a antibiotic 2-7-2021, 6:22:34 AM
MonkeyDLuffy(MonkeyDLuffy) used a antibiotic 2-7-2021, 6:22:34 AM
MonkeyDLuffy(MonkeyDLuffy) used a antibiotic 2-7-2021, 6:22:35 AM
MonkeyDLuffy(MonkeyDLuffy) used a antibiotic 2-7-2021, 6:22:35 AM
MonkeyDLuffy(MonkeyDLuffy) used a antibiotic 2-7-2021, 6:22:36 AM
MonkeyDLuffy(MonkeyDLuffy) used a antibiotic 2-7-2021, 6:22:42 AM
MonkeyDLuffy(MonkeyDLuffy) used a antibiotic 2-7-2021, 6:22:42 AM
MonkeyDLuffy(MonkeyDLuffy) used a antibiotic 2-7-2021, 6:22:42 AM
MonkeyDLuffy(MonkeyDLuffy) used a antibiotic 2-7-2021, 6:22:43 AM
MonkeyDLuffy(MonkeyDLuffy) used a antibiotic 2-7-2021, 6:22:43 AM
MonkeyDLuffy(MonkeyDLuffy) used a dead_bear 2-7-2021, 6:27:26 AM
MonkeyDLuffy(MonkeyDLuffy) used a dead_bear 2-7-2021, 6:27:26 AM
MonkeyDLuffy(MonkeyDLuffy) used a dead_bear 2-7-2021, 6:27:26 AM
MonkeyDLuffy(MonkeyDLuffy) used a dead_bear 2-7-2021, 6:27:27 AM
MonkeyDLuffy(MonkeyDLuffy) used a dead_bear 2-7-2021, 6:27:27 AM
MonkeyDLuffy(MonkeyDLuffy) used a dead_bear 2-7-2021, 6:27:27 AM
MonkeyDLuffy(MonkeyDLuffy) used a dead_bear 2-7-2021, 6:27:27 AM
MonkeyDLuffy(MonkeyDLuffy) used a dead_bear 2-7-2021, 6:27:28 AM
MonkeyDLuffy(MonkeyDLuffy) used a dead_bear 2-7-2021, 6:27:28 AM
MonkeyDLuffy(MonkeyDLuffy) used a dead_bear 2-7-2021, 6:27:28 AM
MonkeyDLuffy(MonkeyDLuffy) used a dead_bear 2-7-2021, 6:27:28 AM
MonkeyDLuffy(MonkeyDLuffy) used a dead_bear 2-7-2021, 6:27:30 AM
MonkeyDLuffy(MonkeyDLuffy) used a dead_bear 2-7-2021, 6:27:30 AM
MonkeyDLuffy(MonkeyDLuffy) used a dead_bear 2-7-2021, 6:27:30 AM
MonkeyDLuffy(MonkeyDLuffy) used a dead_bear 2-7-2021, 6:27:30 AM
MonkeyDLuffy(MonkeyDLuffy) used a dead_bear 2-7-2021, 6:27:30 AM
MonkeyDLuffy(MonkeyDLuffy) used a dead_bear 2-7-2021, 6:27:30 AM
MonkeyDLuffy(MonkeyDLuffy) used a dead_bear 2-7-2021, 6:27:30 AM
MonkeyDLuffy(MonkeyDLuffy) used a dead_bear 2-7-2021, 6:27:30 AM
MonkeyDLuffy(MonkeyDLuffy) used a dead_bear 2-7-2021, 6:27:31 AM
MonkeyDLuffy(MonkeyDLuffy) used a dead_bear 2-7-2021, 6:27:31 AM
MonkeyDLuffy(MonkeyDLuffy) used a dead_bear 2-7-2021, 6:27:31 AM
MonkeyDLuffy(MonkeyDLuffy) used a dead_bear 2-7-2021, 6:27:32 AM
MonkeyDLuffy(MonkeyDLuffy) used a dead_bear 2-7-2021, 6:27:32 AM
MonkeyDLuffy(MonkeyDLuffy) used a dead_bear 2-7-2021, 6:27:32 AM
MonkeyDLuffy(MonkeyDLuffy) used a dead_bear 2-7-2021, 6:27:32 AM
MonkeyDLuffy(MonkeyDLuffy) used a dead_bear 2-7-2021, 6:27:32 AM
MonkeyDLuffy(MonkeyDLuffy) used a dead_bear 2-7-2021, 6:27:32 AM
MonkeyDLuffy(MonkeyDLuffy) used a dead_bear 2-7-2021, 6:27:33 AM
MonkeyDLuffy(MonkeyDLuffy) used a dead_bear 2-7-2021, 6:27:33 AM
MonkeyDLuffy(MonkeyDLuffy) used a dead_bear 2-7-2021, 6:27:33 AM
MonkeyDLuffy(MonkeyDLuffy) used a dead_bear 2-7-2021, 6:27:33 AM
MonkeyDLuffy(MonkeyDLuffy) used a dead_bear 2-7-2021, 6:27:33 AM
MonkeyDLuffy(MonkeyDLuffy) used a dead_bear 2-7-2021, 6:27:33 AM
MonkeyDLuffy(MonkeyDLuffy) used a dead_bear 2-7-2021, 6:27:34 AM
MonkeyDLuffy(MonkeyDLuffy) used a dead_bear 2-7-2021, 6:27:34 AM
MonkeyDLuffy(MonkeyDLuffy) used a dead_bear 2-7-2021, 6:27:53 AM
MonkeyDLuffy(MonkeyDLuffy) used a dead_bear 2-7-2021, 6:27:53 AM
MonkeyDLuffy(MonkeyDLuffy) used a hand_cannon 2-7-2021, 6:28:15 AM
MonkeyDLuffy(MonkeyDLuffy) used a empty_beer_bottle 2-7-2021, 6:32:06 AM
MonkeyDLuffy(MonkeyDLuffy) used a dead_bear 2-7-2021, 6:32:23 AM
MonkeyDLuffy(MonkeyDLuffy) used a dead_bear 2-7-2021, 6:32:23 AM
MonkeyDLuffy(MonkeyDLuffy) used a dead_bear 2-7-2021, 6:32:24 AM
MonkeyDLuffy(MonkeyDLuffy) used a dead_bear 2-7-2021, 6:32:24 AM
MonkeyDLuffy(MonkeyDLuffy) used a dead_bear 2-7-2021, 6:32:24 AM
MonkeyDLuffy(MonkeyDLuffy) used a dead_bear 2-7-2021, 6:32:24 AM
MonkeyDLuffy(MonkeyDLuffy) used a dead_bear 2-7-2021, 6:32:25 AM
MonkeyDLuffy(MonkeyDLuffy) used a dead_bear 2-7-2021, 6:32:25 AM
MonkeyDLuffy(MonkeyDLuffy) used a dead_bear 2-7-2021, 6:32:26 AM
MonkeyDLuffy(MonkeyDLuffy) used a dead_bear 2-7-2021, 6:32:26 AM
MonkeyDLuffy(MonkeyDLuffy) used a dead_bear 2-7-2021, 6:32:26 AM
MonkeyDLuffy(MonkeyDLuffy) used a dead_bear 2-7-2021, 6:32:26 AM
MonkeyDLuffy(MonkeyDLuffy) used a dead_bear 2-7-2021, 6:32:26 AM
MonkeyDLuffy(MonkeyDLuffy) used a dead_bear 2-7-2021, 6:32:27 AM
MonkeyDLuffy(MonkeyDLuffy) used a dead_bear 2-7-2021, 6:32:27 AM
MonkeyDLuffy(MonkeyDLuffy) used a dead_bear 2-7-2021, 6:32:27 AM
MonkeyDLuffy(MonkeyDLuffy) used a dead_bear 2-7-2021, 6:32:27 AM
MonkeyDLuffy(MonkeyDLuffy) used a dead_bear 2-7-2021, 6:32:28 AM
MonkeyDLuffy(MonkeyDLuffy) used a dead_bear 2-7-2021, 6:32:28 AM
MonkeyDLuffy(MonkeyDLuffy) used a dead_bear 2-7-2021, 6:32:28 AM
MonkeyDLuffy(MonkeyDLuffy) used a dead_bear 2-7-2021, 6:32:28 AM
MonkeyDLuffy(MonkeyDLuffy) used a dead_bear 2-7-2021, 6:32:28 AM
MonkeyDLuffy(MonkeyDLuffy) used a dead_bear 2-7-2021, 6:32:29 AM
MonkeyDLuffy(MonkeyDLuffy) used a dead_bear 2-7-2021, 6:32:29 AM
MonkeyDLuffy(MonkeyDLuffy) used a dead_bear 2-7-2021, 6:32:29 AM
MonkeyDLuffy(MonkeyDLuffy) used a dead_bear 2-7-2021, 6:32:29 AM
MonkeyDLuffy(MonkeyDLuffy) used a dead_bear 2-7-2021, 6:32:29 AM
MonkeyDLuffy(MonkeyDLuffy) used a dead_bear 2-7-2021, 6:32:30 AM
MonkeyDLuffy(MonkeyDLuffy) used a dead_bear 2-7-2021, 6:32:30 AM
MonkeyDLuffy(MonkeyDLuffy) used a dead_bear 2-7-2021, 6:32:30 AM
MonkeyDLuffy(MonkeyDLuffy) used a dead_bear 2-7-2021, 6:32:30 AM
MonkeyDLuffy(MonkeyDLuffy) used a dead_bear 2-7-2021, 6:32:31 AM
MonkeyDLuffy(MonkeyDLuffy) used a dead_bear 2-7-2021, 6:32:31 AM
MonkeyDLuffy(MonkeyDLuffy) used a dead_bear 2-7-2021, 6:32:31 AM
MonkeyDLuffy(MonkeyDLuffy) used a dead_bear 2-7-2021, 6:32:31 AM
MonkeyDLuffy(MonkeyDLuffy) used a dead_bear 2-7-2021, 6:32:31 AM
MonkeyDLuffy(MonkeyDLuffy) used a dead_bear 2-7-2021, 6:32:32 AM
MonkeyDLuffy(MonkeyDLuffy) used a dead_bear 2-7-2021, 6:32:32 AM
MonkeyDLuffy(MonkeyDLuffy) used a dead_bear 2-7-2021, 6:32:32 AM
MonkeyDLuffy(MonkeyDLuffy) used a dead_bear 2-7-2021, 6:32:34 AM
MonkeyDLuffy(MonkeyDLuffy) used a dead_bear 2-7-2021, 6:32:34 AM
MonkeyDLuffy(MonkeyDLuffy) used a dead_bear 2-7-2021, 6:32:34 AM
MonkeyDLuffy(MonkeyDLuffy) used a dead_bear 2-7-2021, 6:32:34 AM
MonkeyDLuffy(MonkeyDLuffy) used a dead_bear 2-7-2021, 6:32:42 AM
MonkeyDLuffy(MonkeyDLuffy) used a dead_bear 2-7-2021, 6:32:42 AM
MonkeyDLuffy(MonkeyDLuffy) used a dead_bear 2-7-2021, 6:32:42 AM
MonkeyDLuffy(MonkeyDLuffy) used a dead_bear 2-7-2021, 6:32:43 AM
MonkeyDLuffy(MonkeyDLuffy) used a dead_bear 2-7-2021, 6:32:43 AM
MonkeyDLuffy(MonkeyDLuffy) used a dead_bear 2-7-2021, 6:32:43 AM
MonkeyDLuffy(MonkeyDLuffy) used a dead_bear 2-7-2021, 6:32:43 AM
MonkeyDLuffy(MonkeyDLuffy) used a dead_bear 2-7-2021, 6:32:43 AM
MonkeyDLuffy(MonkeyDLuffy) used a dead_bear 2-7-2021, 6:32:44 AM
MonkeyDLuffy(MonkeyDLuffy) used a dead_bear 2-7-2021, 6:32:44 AM
MonkeyDLuffy(MonkeyDLuffy) used a dead_bear 2-7-2021, 6:32:44 AM
MonkeyDLuffy(MonkeyDLuffy) used a dead_bear 2-7-2021, 6:32:44 AM
MonkeyDLuffy(MonkeyDLuffy) used a dead_bear 2-7-2021, 6:32:45 AM
MonkeyDLuffy(MonkeyDLuffy) used a dead_bear 2-7-2021, 6:32:45 AM
MonkeyDLuffy(MonkeyDLuffy) used a dead_bear 2-7-2021, 6:32:45 AM
MonkeyDLuffy(MonkeyDLuffy) used a dead_bear 2-7-2021, 6:32:45 AM
MonkeyDLuffy(MonkeyDLuffy) used a dead_bear 2-7-2021, 6:32:46 AM
MonkeyDLuffy(MonkeyDLuffy) used a dead_bear 2-7-2021, 6:32:46 AM
MonkeyDLuffy(MonkeyDLuffy) used a dead_bear 2-7-2021, 6:32:46 AM
MonkeyDLuffy(MonkeyDLuffy) used a dead_bear 2-7-2021, 6:32:46 AM
MonkeyDLuffy(MonkeyDLuffy) used a dead_bear 2-7-2021, 6:32:46 AM
MonkeyDLuffy(MonkeyDLuffy) used a dead_bear 2-7-2021, 6:32:47 AM
MonkeyDLuffy(MonkeyDLuffy) used a dead_bear 2-7-2021, 6:32:53 AM
MonkeyDLuffy(MonkeyDLuffy) used a dead_bear 2-7-2021, 6:32:53 AM
MonkeyDLuffy(MonkeyDLuffy) used a dead_bear 2-7-2021, 6:32:54 AM
MonkeyDLuffy(MonkeyDLuffy) used a dead_bear 2-7-2021, 6:32:54 AM
MonkeyDLuffy(MonkeyDLuffy) used a dead_bear 2-7-2021, 6:32:54 AM
MonkeyDLuffy(MonkeyDLuffy) used a dead_bear 2-7-2021, 6:32:54 AM
MonkeyDLuffy(MonkeyDLuffy) used a dead_bear 2-7-2021, 6:33:15 AM
MonkeyDLuffy(MonkeyDLuffy) used a dead_bear 2-7-2021, 6:33:16 AM
MonkeyDLuffy(MonkeyDLuffy) used a dead_bear 2-7-2021, 6:33:16 AM
MonkeyDLuffy(MonkeyDLuffy) used a dead_bear 2-7-2021, 6:33:16 AM
MonkeyDLuffy(MonkeyDLuffy) used a dead_bear 2-7-2021, 6:33:16 AM
MonkeyDLuffy(MonkeyDLuffy) used a dead_bear 2-7-2021, 6:33:17 AM
MonkeyDLuffy(MonkeyDLuffy) used a dead_bear 2-7-2021, 6:33:17 AM
MonkeyDLuffy(MonkeyDLuffy) used a dead_bear 2-7-2021, 6:33:17 AM
MonkeyDLuffy(MonkeyDLuffy) used a dead_bear 2-7-2021, 6:33:18 AM
MonkeyDLuffy(MonkeyDLuffy) used a dead_bear 2-7-2021, 6:33:18 AM
MonkeyDLuffy(MonkeyDLuffy) used a dead_bear 2-7-2021, 6:33:18 AM
MonkeyDLuffy(MonkeyDLuffy) used a dead_bear 2-7-2021, 6:33:18 AM
MonkeyDLuffy(MonkeyDLuffy) used a dead_bear 2-7-2021, 6:33:18 AM
MonkeyDLuffy(MonkeyDLuffy) used a dead_bear 2-7-2021, 6:33:18 AM
MonkeyDLuffy(MonkeyDLuffy) used a dead_bear 2-7-2021, 6:33:19 AM
MonkeyDLuffy(MonkeyDLuffy) used a dead_bear 2-7-2021, 6:33:20 AM
MonkeyDLuffy(MonkeyDLuffy) used a dead_bear 2-7-2021, 6:33:20 AM
MonkeyDLuffy(MonkeyDLuffy) used a dead_bear 2-7-2021, 6:33:20 AM
MonkeyDLuffy(MonkeyDLuffy) used a dead_bear 2-7-2021, 6:33:20 AM
MonkeyDLuffy(MonkeyDLuffy) used a dead_bear 2-7-2021, 6:33:20 AM
MonkeyDLuffy(MonkeyDLuffy) used a dead_bear 2-7-2021, 6:33:21 AM
MonkeyDLuffy(MonkeyDLuffy) used a dead_bear 2-7-2021, 6:33:21 AM
MonkeyDLuffy(MonkeyDLuffy) used a dead_bear 2-7-2021, 6:33:49 AM
MonkeyDLuffy(MonkeyDLuffy) used a dead_bear 2-7-2021, 6:33:50 AM
MonkeyDLuffy(MonkeyDLuffy) used a dead_bear 2-7-2021, 6:33:50 AM
MonkeyDLuffy(MonkeyDLuffy) used a dead_bear 2-7-2021, 6:33:50 AM
MonkeyDLuffy(MonkeyDLuffy) used a dead_bear 2-7-2021, 6:33:51 AM
MonkeyDLuffy(MonkeyDLuffy) used a dead_bear 2-7-2021, 6:33:51 AM
MonkeyDLuffy(MonkeyDLuffy) used a dead_bear 2-7-2021, 6:33:51 AM
MonkeyDLuffy(MonkeyDLuffy) used a dead_bear 2-7-2021, 6:33:52 AM
MonkeyDLuffy(MonkeyDLuffy) used a dead_bear 2-7-2021, 6:33:52 AM
MonkeyDLuffy(MonkeyDLuffy) used a dead_bear 2-7-2021, 6:33:52 AM
MonkeyDLuffy(MonkeyDLuffy) used a dead_bear 2-7-2021, 6:33:52 AM
MonkeyDLuffy(MonkeyDLuffy) used a dead_bear 2-7-2021, 6:33:53 AM
MonkeyDLuffy(MonkeyDLuffy) used a dead_bear 2-7-2021, 6:33:53 AM
MonkeyDLuffy(MonkeyDLuffy) used a dead_bear 2-7-2021, 6:33:53 AM
MonkeyDLuffy(MonkeyDLuffy) used a dead_bear 2-7-2021, 6:33:53 AM
MonkeyDLuffy(MonkeyDLuffy) used a dead_bear 2-7-2021, 6:33:53 AM
MonkeyDLuffy(MonkeyDLuffy) used a dead_bear 2-7-2021, 6:33:54 AM
MonkeyDLuffy(MonkeyDLuffy) used a dead_bear 2-7-2021, 6:33:54 AM
MonkeyDLuffy(MonkeyDLuffy) used a dead_bear 2-7-2021, 6:33:54 AM
MonkeyDLuffy(MonkeyDLuffy) used a dead_bear 2-7-2021, 6:33:55 AM
MonkeyDLuffy(MonkeyDLuffy) used a dead_bear 2-7-2021, 6:33:55 AM
MonkeyDLuffy(MonkeyDLuffy) used a dead_bear 2-7-2021, 6:33:55 AM
MonkeyDLuffy(MonkeyDLuffy) used a dead_bear 2-7-2021, 6:33:55 AM
MonkeyDLuffy(MonkeyDLuffy) used a dead_bear 2-7-2021, 6:33:55 AM
MonkeyDLuffy(MonkeyDLuffy) used a dead_bear 2-7-2021, 6:33:55 AM
MonkeyDLuffy(MonkeyDLuffy) used a dead_bear 2-7-2021, 6:33:55 AM
MonkeyDLuffy(MonkeyDLuffy) used a dead_bear 2-7-2021, 6:33:56 AM
MonkeyDLuffy(MonkeyDLuffy) used a dead_bear 2-7-2021, 6:33:56 AM
MonkeyDLuffy(MonkeyDLuffy) used a dead_bear 2-7-2021, 6:33:56 AM
MonkeyDLuffy(MonkeyDLuffy) used a dead_bear 2-7-2021, 6:33:57 AM
MonkeyDLuffy(MonkeyDLuffy) used a dead_bear 2-7-2021, 6:33:57 AM
MonkeyDLuffy(MonkeyDLuffy) used a dead_bear 2-7-2021, 6:33:57 AM
MonkeyDLuffy(MonkeyDLuffy) used a dead_bear 2-7-2021, 6:33:57 AM
MonkeyDLuffy(MonkeyDLuffy) used a dead_bear 2-7-2021, 6:33:57 AM
MonkeyDLuffy(MonkeyDLuffy) used a dead_bear 2-7-2021, 6:33:58 AM
MonkeyDLuffy(MonkeyDLuffy) used a dead_bear 2-7-2021, 6:33:58 AM
MonkeyDLuffy(MonkeyDLuffy) used a dead_bear 2-7-2021, 6:33:58 AM
MonkeyDLuffy(MonkeyDLuffy) used a dead_bear 2-7-2021, 6:33:58 AM
MonkeyDLuffy(MonkeyDLuffy) used a dead_bear 2-7-2021, 6:33:58 AM
MonkeyDLuffy(MonkeyDLuffy) used a dead_bear 2-7-2021, 6:33:58 AM
MonkeyDLuffy(MonkeyDLuffy) used a dead_bear 2-7-2021, 6:33:59 AM
MonkeyDLuffy(MonkeyDLuffy) used a dead_bear 2-7-2021, 6:33:59 AM
MonkeyDLuffy(MonkeyDLuffy) used a dead_bear 2-7-2021, 6:33:59 AM
MonkeyDLuffy(MonkeyDLuffy) used a dead_bear 2-7-2021, 6:33:59 AM
MonkeyDLuffy(MonkeyDLuffy) used a dead_bear 2-7-2021, 6:33:59 AM
MonkeyDLuffy(MonkeyDLuffy) used a dead_bear 2-7-2021, 6:33:59 AM
MonkeyDLuffy(MonkeyDLuffy) used a dead_bear 2-7-2021, 6:34:00 AM
MonkeyDLuffy(MonkeyDLuffy) used a dead_gorilla 2-7-2021, 6:34:05 AM
MonkeyDLuffy(MonkeyDLuffy) used a dead_gorilla 2-7-2021, 6:34:05 AM
MonkeyDLuffy(MonkeyDLuffy) used a dead_gorilla 2-7-2021, 6:34:05 AM
MonkeyDLuffy(MonkeyDLuffy) used a dead_gorilla 2-7-2021, 6:34:05 AM
MonkeyDLuffy(MonkeyDLuffy) used a dead_gorilla 2-7-2021, 6:34:06 AM
MonkeyDLuffy(MonkeyDLuffy) used a dead_gorilla 2-7-2021, 6:34:06 AM
MonkeyDLuffy(MonkeyDLuffy) used a dead_gorilla 2-7-2021, 6:34:06 AM
MonkeyDLuffy(MonkeyDLuffy) used a dead_gorilla 2-7-2021, 6:34:06 AM
MonkeyDLuffy(MonkeyDLuffy) used a dead_gorilla 2-7-2021, 6:34:07 AM
MonkeyDLuffy(MonkeyDLuffy) used a dead_gorilla 2-7-2021, 6:34:07 AM
MonkeyDLuffy(MonkeyDLuffy) used a dead_gorilla 2-7-2021, 6:34:07 AM
MonkeyDLuffy(MonkeyDLuffy) used a dead_gorilla 2-7-2021, 6:34:07 AM
MonkeyDLuffy(MonkeyDLuffy) used a dead_gorilla 2-7-2021, 6:34:07 AM
MonkeyDLuffy(MonkeyDLuffy) used a dead_gorilla 2-7-2021, 6:34:08 AM
MonkeyDLuffy(MonkeyDLuffy) used a dead_gorilla 2-7-2021, 6:34:08 AM
MonkeyDLuffy(MonkeyDLuffy) used a dead_gorilla 2-7-2021, 6:34:08 AM
MonkeyDLuffy(MonkeyDLuffy) used a dead_gorilla 2-7-2021, 6:34:08 AM
MonkeyDLuffy(MonkeyDLuffy) used a dead_gorilla 2-7-2021, 6:34:08 AM
MonkeyDLuffy(MonkeyDLuffy) used a dead_gorilla 2-7-2021, 6:34:13 AM
MonkeyDLuffy(MonkeyDLuffy) used a dead_gorilla 2-7-2021, 6:34:13 AM
MonkeyDLuffy(MonkeyDLuffy) used a dead_gorilla 2-7-2021, 6:34:13 AM
MonkeyDLuffy(MonkeyDLuffy) used a dead_gorilla 2-7-2021, 6:34:13 AM
MonkeyDLuffy(MonkeyDLuffy) used a dead_gorilla 2-7-2021, 6:34:13 AM
MonkeyDLuffy(MonkeyDLuffy) used a dead_gorilla 2-7-2021, 6:34:14 AM
MonkeyDLuffy(MonkeyDLuffy) used a dead_gorilla 2-7-2021, 6:34:14 AM
MonkeyDLuffy(MonkeyDLuffy) used a dead_gorilla 2-7-2021, 6:34:14 AM
MonkeyDLuffy(MonkeyDLuffy) used a dead_gorilla 2-7-2021, 6:34:14 AM
MonkeyDLuffy(MonkeyDLuffy) used a dead_gorilla 2-7-2021, 6:34:15 AM
MonkeyDLuffy(MonkeyDLuffy) used a dead_gorilla 2-7-2021, 6:34:15 AM
MonkeyDLuffy(MonkeyDLuffy) used a dead_gorilla 2-7-2021, 6:34:15 AM
MonkeyDLuffy(MonkeyDLuffy) used a dead_gorilla 2-7-2021, 6:34:15 AM
MonkeyDLuffy(MonkeyDLuffy) used a dead_gorilla 2-7-2021, 6:34:16 AM
MonkeyDLuffy(MonkeyDLuffy) used a dead_gorilla 2-7-2021, 6:34:16 AM
MonkeyDLuffy(MonkeyDLuffy) used a dead_gorilla 2-7-2021, 6:34:16 AM
MonkeyDLuffy(MonkeyDLuffy) used a dead_gorilla 2-7-2021, 6:34:17 AM
MonkeyDLuffy(MonkeyDLuffy) used a dead_gorilla 2-7-2021, 6:34:17 AM
MonkeyDLuffy(MonkeyDLuffy) used a dead_gorilla 2-7-2021, 6:34:17 AM
MonkeyDLuffy(MonkeyDLuffy) used a dead_gorilla 2-7-2021, 6:34:17 AM
MonkeyDLuffy(MonkeyDLuffy) used a dead_gorilla 2-7-2021, 6:34:18 AM
MonkeyDLuffy(MonkeyDLuffy) used a dead_gorilla 2-7-2021, 6:34:18 AM
MonkeyDLuffy(MonkeyDLuffy) used a dead_gorilla 2-7-2021, 6:34:18 AM
MonkeyDLuffy(MonkeyDLuffy) used a dead_gorilla 2-7-2021, 6:34:18 AM
MonkeyDLuffy(MonkeyDLuffy) used a dead_gorilla 2-7-2021, 6:34:18 AM
MonkeyDLuffy(MonkeyDLuffy) used a dead_gorilla 2-7-2021, 6:34:19 AM
MonkeyDLuffy(MonkeyDLuffy) used a dead_gorilla 2-7-2021, 6:34:19 AM
MonkeyDLuffy(MonkeyDLuffy) used a dead_gorilla 2-7-2021, 6:34:19 AM
MonkeyDLuffy(MonkeyDLuffy) used a dead_gorilla 2-7-2021, 6:34:19 AM
MonkeyDLuffy(MonkeyDLuffy) used a dead_gorilla 2-7-2021, 6:34:20 AM
MonkeyDLuffy(MonkeyDLuffy) used a dead_gorilla 2-7-2021, 6:34:20 AM
MonkeyDLuffy(MonkeyDLuffy) used a dead_gorilla 2-7-2021, 6:34:20 AM
MonkeyDLuffy(MonkeyDLuffy) used a dead_gorilla 2-7-2021, 6:34:20 AM
MonkeyDLuffy(MonkeyDLuffy) used a dead_gorilla 2-7-2021, 6:34:21 AM
MonkeyDLuffy(MonkeyDLuffy) used a dead_gorilla 2-7-2021, 6:34:21 AM
MonkeyDLuffy(MonkeyDLuffy) used a dead_gorilla 2-7-2021, 6:34:21 AM
MonkeyDLuffy(MonkeyDLuffy) used a dead_gorilla 2-7-2021, 6:34:21 AM
MonkeyDLuffy(MonkeyDLuffy) used a dead_gorilla 2-7-2021, 6:34:22 AM
MonkeyDLuffy(MonkeyDLuffy) used a dead_gorilla 2-7-2021, 6:34:22 AM
MonkeyDLuffy(MonkeyDLuffy) used a dead_gorilla 2-7-2021, 6:34:22 AM
MonkeyDLuffy(MonkeyDLuffy) used a dead_gorilla 2-7-2021, 6:34:22 AM
MonkeyDLuffy(MonkeyDLuffy) used a dead_gorilla 2-7-2021, 6:34:22 AM
MonkeyDLuffy(MonkeyDLuffy) used a dead_gorilla 2-7-2021, 6:34:23 AM
MonkeyDLuffy(MonkeyDLuffy) used a dead_gorilla 2-7-2021, 6:34:23 AM
MonkeyDLuffy(MonkeyDLuffy) used a dead_gorilla 2-7-2021, 6:34:23 AM
MonkeyDLuffy(MonkeyDLuffy) used a dead_gorilla 2-7-2021, 6:34:23 AM
MonkeyDLuffy(MonkeyDLuffy) used a dead_gorilla 2-7-2021, 6:34:24 AM
MonkeyDLuffy(MonkeyDLuffy) used a dead_gorilla 2-7-2021, 6:34:24 AM
MonkeyDLuffy(MonkeyDLuffy) used a dead_gorilla 2-7-2021, 6:34:24 AM
MonkeyDLuffy(MonkeyDLuffy) used a dead_gorilla 2-7-2021, 6:34:24 AM
MonkeyDLuffy(MonkeyDLuffy) used a dead_gorilla 2-7-2021, 6:34:25 AM
MonkeyDLuffy(MonkeyDLuffy) used a dead_gorilla 2-7-2021, 6:34:25 AM
MonkeyDLuffy(MonkeyDLuffy) used a dead_gorilla 2-7-2021, 6:34:25 AM
MonkeyDLuffy(MonkeyDLuffy) used a dead_gorilla 2-7-2021, 6:34:25 AM
MonkeyDLuffy(MonkeyDLuffy) used a dead_gorilla 2-7-2021, 6:34:25 AM
MonkeyDLuffy(MonkeyDLuffy) used a dead_gorilla 2-7-2021, 6:34:26 AM
MonkeyDLuffy(MonkeyDLuffy) used a dead_gorilla 2-7-2021, 6:34:26 AM
MonkeyDLuffy(MonkeyDLuffy) used a dead_gorilla 2-7-2021, 6:34:26 AM
MonkeyDLuffy(MonkeyDLuffy) used a dead_gorilla 2-7-2021, 6:34:26 AM
MonkeyDLuffy(MonkeyDLuffy) used a dead_gorilla 2-7-2021, 6:34:27 AM
MonkeyDLuffy(MonkeyDLuffy) used a dead_gorilla 2-7-2021, 6:34:27 AM
MonkeyDLuffy(MonkeyDLuffy) used a dead_gorilla 2-7-2021, 6:34:27 AM
MonkeyDLuffy(MonkeyDLuffy) used a dead_gorilla 2-7-2021, 6:34:27 AM
MonkeyDLuffy(MonkeyDLuffy) used a dead_gorilla 2-7-2021, 6:34:28 AM
MonkeyDLuffy(MonkeyDLuffy) used a dead_gorilla 2-7-2021, 6:34:28 AM
MonkeyDLuffy(MonkeyDLuffy) used a dead_gorilla 2-7-2021, 6:34:28 AM
MonkeyDLuffy(MonkeyDLuffy) used a dead_gorilla 2-7-2021, 6:34:28 AM
MonkeyDLuffy(MonkeyDLuffy) used a dead_gorilla 2-7-2021, 6:34:29 AM
MonkeyDLuffy(MonkeyDLuffy) used a dead_gorilla 2-7-2021, 6:34:29 AM
MonkeyDLuffy(MonkeyDLuffy) used a dead_gorilla 2-7-2021, 6:34:29 AM
MonkeyDLuffy(MonkeyDLuffy) used a dead_gorilla 2-7-2021, 6:34:29 AM
MonkeyDLuffy(MonkeyDLuffy) used a dead_gorilla 2-7-2021, 6:34:29 AM
MonkeyDLuffy(MonkeyDLuffy) used a dead_gorilla 2-7-2021, 6:34:30 AM
MonkeyDLuffy(MonkeyDLuffy) used a dead_gorilla 2-7-2021, 6:34:30 AM
MonkeyDLuffy(MonkeyDLuffy) used a dead_gorilla 2-7-2021, 6:34:30 AM
MonkeyDLuffy(MonkeyDLuffy) used a dead_gorilla 2-7-2021, 6:34:30 AM
MonkeyDLuffy(MonkeyDLuffy) used a dead_gorilla 2-7-2021, 6:34:31 AM
MonkeyDLuffy(MonkeyDLuffy) used a dead_gorilla 2-7-2021, 6:34:31 AM
MonkeyDLuffy(MonkeyDLuffy) used a dead_gorilla 2-7-2021, 6:34:31 AM
MonkeyDLuffy(MonkeyDLuffy) used a skinned_gorilla 2-7-2021, 6:34:49 AM
MonkeyDLuffy(MonkeyDLuffy) used a skinned_gorilla 2-7-2021, 6:34:49 AM
MonkeyDLuffy(MonkeyDLuffy) used a skinned_gorilla 2-7-2021, 6:34:49 AM
MonkeyDLuffy(MonkeyDLuffy) used a skinned_gorilla 2-7-2021, 6:34:49 AM
MonkeyDLuffy(MonkeyDLuffy) used a skinned_gorilla 2-7-2021, 6:34:49 AM
MonkeyDLuffy(MonkeyDLuffy) used a skinned_gorilla 2-7-2021, 6:34:50 AM
MonkeyDLuffy(MonkeyDLuffy) used a skinned_gorilla 2-7-2021, 6:34:50 AM
MonkeyDLuffy(MonkeyDLuffy) used a skinned_gorilla 2-7-2021, 6:34:50 AM
MonkeyDLuffy(MonkeyDLuffy) used a skinned_gorilla 2-7-2021, 6:34:53 AM
MonkeyDLuffy(MonkeyDLuffy) used a skinned_gorilla 2-7-2021, 6:34:53 AM
MonkeyDLuffy(MonkeyDLuffy) used a skinned_gorilla 2-7-2021, 6:34:53 AM
MonkeyDLuffy(MonkeyDLuffy) used a skinned_gorilla 2-7-2021, 6:34:53 AM
MonkeyDLuffy(MonkeyDLuffy) used a skinned_gorilla 2-7-2021, 6:34:54 AM
MonkeyDLuffy(MonkeyDLuffy) used a skinned_gorilla 2-7-2021, 6:34:54 AM
MonkeyDLuffy(MonkeyDLuffy) used a skinned_gorilla 2-7-2021, 6:34:54 AM
MonkeyDLuffy(MonkeyDLuffy) used a skinned_gorilla 2-7-2021, 6:34:54 AM
MonkeyDLuffy(MonkeyDLuffy) used a skinned_gorilla 2-7-2021, 6:34:54 AM
MonkeyDLuffy(MonkeyDLuffy) used a skinned_gorilla 2-7-2021, 6:34:55 AM
MonkeyDLuffy(MonkeyDLuffy) used a skinned_gorilla 2-7-2021, 6:34:55 AM
MonkeyDLuffy(MonkeyDLuffy) used a skinned_gorilla 2-7-2021, 6:34:55 AM
MonkeyDLuffy(MonkeyDLuffy) used a skinned_gorilla 2-7-2021, 6:34:55 AM
MonkeyDLuffy(MonkeyDLuffy) used a skinned_gorilla 2-7-2021, 6:34:56 AM
MonkeyDLuffy(MonkeyDLuffy) used a skinned_gorilla 2-7-2021, 6:34:56 AM
MonkeyDLuffy(MonkeyDLuffy) used a skinned_gorilla 2-7-2021, 6:34:56 AM
MonkeyDLuffy(MonkeyDLuffy) used a skinned_gorilla 2-7-2021, 6:34:56 AM
MonkeyDLuffy(MonkeyDLuffy) used a skinned_gorilla 2-7-2021, 6:34:57 AM
MonkeyDLuffy(MonkeyDLuffy) used a skinned_gorilla 2-7-2021, 6:34:57 AM
MonkeyDLuffy(MonkeyDLuffy) used a skinned_gorilla 2-7-2021, 6:34:57 AM
MonkeyDLuffy(MonkeyDLuffy) used a skinned_gorilla 2-7-2021, 6:34:58 AM
MonkeyDLuffy(MonkeyDLuffy) used a skinned_gorilla 2-7-2021, 6:34:58 AM
MonkeyDLuffy(MonkeyDLuffy) used a skinned_gorilla 2-7-2021, 6:34:58 AM
MonkeyDLuffy(MonkeyDLuffy) used a skinned_gorilla 2-7-2021, 6:34:58 AM
MonkeyDLuffy(MonkeyDLuffy) used a skinned_gorilla 2-7-2021, 6:34:58 AM
MonkeyDLuffy(MonkeyDLuffy) used a skinned_gorilla 2-7-2021, 6:34:59 AM
MonkeyDLuffy(MonkeyDLuffy) used a skinned_gorilla 2-7-2021, 6:34:59 AM
MonkeyDLuffy(MonkeyDLuffy) used a skinned_gorilla 2-7-2021, 6:34:59 AM
MonkeyDLuffy(MonkeyDLuffy) used a skinned_gorilla 2-7-2021, 6:34:59 AM
MonkeyDLuffy(MonkeyDLuffy) used a skinned_gorilla 2-7-2021, 6:35:00 AM
MonkeyDLuffy(MonkeyDLuffy) used a skinned_gorilla 2-7-2021, 6:35:00 AM
MonkeyDLuffy(MonkeyDLuffy) used a skinned_gorilla 2-7-2021, 6:35:00 AM
MonkeyDLuffy(MonkeyDLuffy) used a skinned_gorilla 2-7-2021, 6:35:00 AM
MonkeyDLuffy(MonkeyDLuffy) used a skinned_gorilla 2-7-2021, 6:35:01 AM
MonkeyDLuffy(MonkeyDLuffy) used a skinned_gorilla 2-7-2021, 6:35:01 AM
MonkeyDLuffy(MonkeyDLuffy) used a skinned_gorilla 2-7-2021, 6:35:01 AM
MonkeyDLuffy(MonkeyDLuffy) used a skinned_gorilla 2-7-2021, 6:35:01 AM
MonkeyDLuffy(MonkeyDLuffy) used a skinned_gorilla 2-7-2021, 6:35:01 AM
MonkeyDLuffy(MonkeyDLuffy) used a skinned_gorilla 2-7-2021, 6:35:02 AM
MonkeyDLuffy(MonkeyDLuffy) used a skinned_gorilla 2-7-2021, 6:35:02 AM
MonkeyDLuffy(MonkeyDLuffy) used a skinned_gorilla 2-7-2021, 6:35:02 AM
MonkeyDLuffy(MonkeyDLuffy) used a skinned_gorilla 2-7-2021, 6:35:02 AM
MonkeyDLuffy(MonkeyDLuffy) used a skinned_gorilla 2-7-2021, 6:35:02 AM
MonkeyDLuffy(MonkeyDLuffy) used a skinned_gorilla 2-7-2021, 6:35:03 AM
MonkeyDLuffy(MonkeyDLuffy) used a skinned_gorilla 2-7-2021, 6:35:03 AM
MonkeyDLuffy(MonkeyDLuffy) used a skinned_gorilla 2-7-2021, 6:35:03 AM
MonkeyDLuffy(MonkeyDLuffy) used a skinned_gorilla 2-7-2021, 6:35:03 AM
MonkeyDLuffy(MonkeyDLuffy) used a skinned_gorilla 2-7-2021, 6:35:03 AM
MonkeyDLuffy(MonkeyDLuffy) used a skinned_gorilla 2-7-2021, 6:35:03 AM
MonkeyDLuffy(MonkeyDLuffy) used a skinned_gorilla 2-7-2021, 6:35:04 AM
MonkeyDLuffy(MonkeyDLuffy) used a skinned_gorilla 2-7-2021, 6:35:04 AM
MonkeyDLuffy(MonkeyDLuffy) used a skinned_gorilla 2-7-2021, 6:35:04 AM
MonkeyDLuffy(MonkeyDLuffy) used a skinned_gorilla 2-7-2021, 6:35:04 AM
MonkeyDLuffy(MonkeyDLuffy) used a skinned_gorilla 2-7-2021, 6:35:04 AM
MonkeyDLuffy(MonkeyDLuffy) used a skinned_gorilla 2-7-2021, 6:35:05 AM
MonkeyDLuffy(MonkeyDLuffy) used a skinned_gorilla 2-7-2021, 6:35:05 AM
MonkeyDLuffy(MonkeyDLuffy) used a skinned_gorilla 2-7-2021, 6:35:05 AM
MonkeyDLuffy(MonkeyDLuffy) used a skinned_gorilla 2-7-2021, 6:35:05 AM
MonkeyDLuffy(MonkeyDLuffy) used a skinned_gorilla 2-7-2021, 6:35:05 AM
MonkeyDLuffy(MonkeyDLuffy) used a skinned_gorilla 2-7-2021, 6:35:06 AM
MonkeyDLuffy(MonkeyDLuffy) used a skinned_gorilla 2-7-2021, 6:35:06 AM
MonkeyDLuffy(MonkeyDLuffy) used a skinned_gorilla 2-7-2021, 6:35:06 AM
MonkeyDLuffy(MonkeyDLuffy) used a skinned_gorilla 2-7-2021, 6:35:06 AM
MonkeyDLuffy(MonkeyDLuffy) used a skinned_gorilla 2-7-2021, 6:35:07 AM
MonkeyDLuffy(MonkeyDLuffy) used a skinned_gorilla 2-7-2021, 6:35:07 AM
MonkeyDLuffy(MonkeyDLuffy) used a skinned_gorilla 2-7-2021, 6:35:08 AM
MonkeyDLuffy(MonkeyDLuffy) used a skinned_gorilla 2-7-2021, 6:35:08 AM
MonkeyDLuffy(MonkeyDLuffy) used a skinned_gorilla 2-7-2021, 6:35:08 AM
MonkeyDLuffy(MonkeyDLuffy) used a skinned_gorilla 2-7-2021, 6:35:08 AM
MonkeyDLuffy(MonkeyDLuffy) used a skinned_gorilla 2-7-2021, 6:35:08 AM
MonkeyDLuffy(MonkeyDLuffy) used a skinned_gorilla 2-7-2021, 6:35:08 AM
MonkeyDLuffy(MonkeyDLuffy) used a skinned_gorilla 2-7-2021, 6:35:08 AM
MonkeyDLuffy(MonkeyDLuffy) used a skinned_gorilla 2-7-2021, 6:35:08 AM
MonkeyDLuffy(MonkeyDLuffy) used a skinned_gorilla 2-7-2021, 6:35:08 AM
MonkeyDLuffy(MonkeyDLuffy) used a skinned_gorilla 2-7-2021, 6:35:09 AM
MonkeyDLuffy(MonkeyDLuffy) used a skinned_gorilla 2-7-2021, 6:35:09 AM
MonkeyDLuffy(MonkeyDLuffy) used a skinned_gorilla 2-7-2021, 6:35:09 AM
MonkeyDLuffy(MonkeyDLuffy) used a skinned_gorilla 2-7-2021, 6:35:09 AM
MonkeyDLuffy(MonkeyDLuffy) used a skinned_gorilla 2-7-2021, 6:35:09 AM
MonkeyDLuffy(MonkeyDLuffy) used a skinned_gorilla 2-7-2021, 6:35:09 AM
MonkeyDLuffy(MonkeyDLuffy) used a skinned_gorilla 2-7-2021, 6:35:10 AM
MonkeyDLuffy(MonkeyDLuffy) used a skinned_gorilla 2-7-2021, 6:35:10 AM
MonkeyDLuffy(MonkeyDLuffy) used a skinned_gorilla 2-7-2021, 6:35:10 AM
MonkeyDLuffy(MonkeyDLuffy) used a skinned_gorilla 2-7-2021, 6:35:10 AM
MonkeyDLuffy(MonkeyDLuffy) used a skinned_gorilla 2-7-2021, 6:35:10 AM
MonkeyDLuffy(MonkeyDLuffy) used a skinned_gorilla 2-7-2021, 6:35:11 AM
MonkeyDLuffy(MonkeyDLuffy) used a skinned_gorilla 2-7-2021, 6:35:11 AM
MonkeyDLuffy(MonkeyDLuffy) used a skinned_gorilla 2-7-2021, 6:35:11 AM
MonkeyDLuffy(MonkeyDLuffy) used a skinned_gorilla 2-7-2021, 6:35:11 AM
MonkeyDLuffy(MonkeyDLuffy) used a skinned_gorilla 2-7-2021, 6:35:11 AM
MonkeyDLuffy(MonkeyDLuffy) used a skinned_gorilla 2-7-2021, 6:35:12 AM
MonkeyDLuffy(MonkeyDLuffy) used a skinned_gorilla 2-7-2021, 6:35:12 AM
MonkeyDLuffy(MonkeyDLuffy) used a skinned_gorilla 2-7-2021, 6:35:12 AM
MonkeyDLuffy(MonkeyDLuffy) used a skinned_gorilla 2-7-2021, 6:35:12 AM
MonkeyDLuffy(MonkeyDLuffy) used a skinned_gorilla 2-7-2021, 6:35:12 AM
MonkeyDLuffy(MonkeyDLuffy) used a skinned_gorilla 2-7-2021, 6:35:12 AM
MonkeyDLuffy(MonkeyDLuffy) used a skinned_gorilla 2-7-2021, 6:35:13 AM
MonkeyDLuffy(MonkeyDLuffy) used a skinned_gorilla 2-7-2021, 6:35:13 AM
MonkeyDLuffy(MonkeyDLuffy) used a skinned_gorilla 2-7-2021, 6:35:13 AM
MonkeyDLuffy(MonkeyDLuffy) used a skinned_gorilla 2-7-2021, 6:35:13 AM
MonkeyDLuffy(MonkeyDLuffy) used a skinned_gorilla 2-7-2021, 6:35:13 AM
MonkeyDLuffy(MonkeyDLuffy) used a skinned_gorilla 2-7-2021, 6:35:14 AM
MonkeyDLuffy(MonkeyDLuffy) used a skinned_gorilla 2-7-2021, 6:35:14 AM
MonkeyDLuffy(MonkeyDLuffy) used a skinned_gorilla 2-7-2021, 6:35:14 AM
MonkeyDLuffy(MonkeyDLuffy) used a skinned_gorilla 2-7-2021, 6:35:14 AM
MonkeyDLuffy(MonkeyDLuffy) used a skinned_gorilla 2-7-2021, 6:35:14 AM
MonkeyDLuffy(MonkeyDLuffy) used a skinned_gorilla 2-7-2021, 6:35:15 AM
MonkeyDLuffy(MonkeyDLuffy) used a skinned_gorilla 2-7-2021, 6:35:15 AM
MonkeyDLuffy(MonkeyDLuffy) used a skinned_gorilla 2-7-2021, 6:35:15 AM
MonkeyDLuffy(MonkeyDLuffy) used a skinned_gorilla 2-7-2021, 6:35:15 AM
MonkeyDLuffy(MonkeyDLuffy) used a skinned_gorilla 2-7-2021, 6:35:15 AM
MonkeyDLuffy(MonkeyDLuffy) used a skinned_gorilla 2-7-2021, 6:35:16 AM
MonkeyDLuffy(MonkeyDLuffy) used a skinned_gorilla 2-7-2021, 6:35:16 AM
MonkeyDLuffy(MonkeyDLuffy) used a skinned_gorilla 2-7-2021, 6:35:16 AM
MonkeyDLuffy(MonkeyDLuffy) used a skinned_gorilla 2-7-2021, 6:35:17 AM
MonkeyDLuffy(MonkeyDLuffy) used a skinned_gorilla 2-7-2021, 6:35:17 AM
MonkeyDLuffy(MonkeyDLuffy) used a skinned_gorilla 2-7-2021, 6:35:17 AM
MonkeyDLuffy(MonkeyDLuffy) used a skinned_gorilla 2-7-2021, 6:35:17 AM
MonkeyDLuffy(MonkeyDLuffy) used a skinned_gorilla 2-7-2021, 6:35:17 AM
MonkeyDLuffy(MonkeyDLuffy) used a skinned_gorilla 2-7-2021, 6:35:17 AM
MonkeyDLuffy(MonkeyDLuffy) used a skinned_gorilla 2-7-2021, 6:35:17 AM
MonkeyDLuffy(MonkeyDLuffy) used a skinned_gorilla 2-7-2021, 6:35:18 AM
MonkeyDLuffy(MonkeyDLuffy) used a skinned_gorilla 2-7-2021, 6:35:18 AM
MonkeyDLuffy(MonkeyDLuffy) used a skinned_gorilla 2-7-2021, 6:35:18 AM
MonkeyDLuffy(MonkeyDLuffy) used a skinned_gorilla 2-7-2021, 6:35:18 AM
MonkeyDLuffy(MonkeyDLuffy) used a skinned_gorilla 2-7-2021, 6:35:18 AM
MonkeyDLuffy(MonkeyDLuffy) used a skinned_gorilla 2-7-2021, 6:35:19 AM
MonkeyDLuffy(MonkeyDLuffy) used a skinned_gorilla 2-7-2021, 6:35:19 AM
MonkeyDLuffy(MonkeyDLuffy) used a skinned_gorilla 2-7-2021, 6:35:19 AM
MonkeyDLuffy(MonkeyDLuffy) used a skinned_gorilla 2-7-2021, 6:35:19 AM
MonkeyDLuffy(MonkeyDLuffy) used a skinned_gorilla 2-7-2021, 6:35:19 AM
MonkeyDLuffy(MonkeyDLuffy) used a skinned_gorilla 2-7-2021, 6:35:20 AM
MonkeyDLuffy(MonkeyDLuffy) used a skinned_gorilla 2-7-2021, 6:35:20 AM
MonkeyDLuffy(MonkeyDLuffy) used a skinned_gorilla 2-7-2021, 6:35:20 AM
MonkeyDLuffy(MonkeyDLuffy) used a skinned_gorilla 2-7-2021, 6:35:20 AM
MonkeyDLuffy(MonkeyDLuffy) used a skinned_gorilla 2-7-2021, 6:35:20 AM
MonkeyDLuffy(MonkeyDLuffy) used a skinned_gorilla 2-7-2021, 6:35:21 AM
MonkeyDLuffy(MonkeyDLuffy) used a skinned_gorilla 2-7-2021, 6:35:21 AM
MonkeyDLuffy(MonkeyDLuffy) used a skinned_gorilla 2-7-2021, 6:35:21 AM
MonkeyDLuffy(MonkeyDLuffy) used a skinned_gorilla 2-7-2021, 6:35:21 AM
MonkeyDLuffy(MonkeyDLuffy) used a skinned_gorilla 2-7-2021, 6:35:21 AM
MonkeyDLuffy(MonkeyDLuffy) used a skinned_gorilla 2-7-2021, 6:35:22 AM
MonkeyDLuffy(MonkeyDLuffy) used a skinned_gorilla 2-7-2021, 6:35:22 AM
MonkeyDLuffy(MonkeyDLuffy) used a skinned_gorilla 2-7-2021, 6:35:22 AM
MonkeyDLuffy(MonkeyDLuffy) used a skinned_gorilla 2-7-2021, 6:35:22 AM
MonkeyDLuffy(MonkeyDLuffy) used a skinned_gorilla 2-7-2021, 6:35:22 AM
MonkeyDLuffy(MonkeyDLuffy) used a skinned_gorilla 2-7-2021, 6:35:23 AM
MonkeyDLuffy(MonkeyDLuffy) used a skinned_gorilla 2-7-2021, 6:35:23 AM
MonkeyDLuffy(MonkeyDLuffy) used a skinned_gorilla 2-7-2021, 6:35:23 AM
MonkeyDLuffy(MonkeyDLuffy) used a skinned_gorilla 2-7-2021, 6:35:23 AM
MonkeyDLuffy(MonkeyDLuffy) used a skinned_gorilla 2-7-2021, 6:35:23 AM
MonkeyDLuffy(MonkeyDLuffy) used a skinned_gorilla 2-7-2021, 6:35:24 AM
MonkeyDLuffy(MonkeyDLuffy) used a skinned_gorilla 2-7-2021, 6:35:24 AM
MonkeyDLuffy(MonkeyDLuffy) used a skinned_gorilla 2-7-2021, 6:35:24 AM
MonkeyDLuffy(MonkeyDLuffy) used a skinned_gorilla 2-7-2021, 6:35:24 AM
MonkeyDLuffy(MonkeyDLuffy) used a skinned_gorilla 2-7-2021, 6:35:24 AM
MonkeyDLuffy(MonkeyDLuffy) used a skinned_gorilla 2-7-2021, 6:35:25 AM
MonkeyDLuffy(MonkeyDLuffy) used a skinned_gorilla 2-7-2021, 6:35:25 AM
MonkeyDLuffy(MonkeyDLuffy) used a skinned_gorilla 2-7-2021, 6:35:25 AM
MonkeyDLuffy(MonkeyDLuffy) used a skinned_gorilla 2-7-2021, 6:35:25 AM
MonkeyDLuffy(MonkeyDLuffy) used a skinned_gorilla 2-7-2021, 6:35:26 AM
MonkeyDLuffy(MonkeyDLuffy) used a skinned_gorilla 2-7-2021, 6:35:26 AM
MonkeyDLuffy(MonkeyDLuffy) used a skinned_gorilla 2-7-2021, 6:35:26 AM
MonkeyDLuffy(MonkeyDLuffy) used a skinned_gorilla 2-7-2021, 6:35:27 AM
MonkeyDLuffy(MonkeyDLuffy) used a skinned_gorilla 2-7-2021, 6:35:27 AM
MonkeyDLuffy(MonkeyDLuffy) used a skinned_gorilla 2-7-2021, 6:35:27 AM
MonkeyDLuffy(MonkeyDLuffy) used a skinned_gorilla 2-7-2021, 6:35:27 AM
MonkeyDLuffy(MonkeyDLuffy) used a skinned_gorilla 2-7-2021, 6:35:28 AM
MonkeyDLuffy(MonkeyDLuffy) used a skinned_gorilla 2-7-2021, 6:35:28 AM
MonkeyDLuffy(MonkeyDLuffy) used a skinned_gorilla 2-7-2021, 6:35:28 AM
MonkeyDLuffy(MonkeyDLuffy) used a skinned_gorilla 2-7-2021, 6:35:28 AM
MonkeyDLuffy(MonkeyDLuffy) used a skinned_gorilla 2-7-2021, 6:35:28 AM
MonkeyDLuffy(MonkeyDLuffy) used a skinned_gorilla 2-7-2021, 6:35:29 AM
MonkeyDLuffy(MonkeyDLuffy) used a skinned_gorilla 2-7-2021, 6:35:29 AM
MonkeyDLuffy(MonkeyDLuffy) used a skinned_gorilla 2-7-2021, 6:35:29 AM
MonkeyDLuffy(MonkeyDLuffy) used a skinned_gorilla 2-7-2021, 6:35:29 AM
MonkeyDLuffy(MonkeyDLuffy) used a skinned_gorilla 2-7-2021, 6:35:29 AM
MonkeyDLuffy(MonkeyDLuffy) used a skinned_gorilla 2-7-2021, 6:35:30 AM
MonkeyDLuffy(MonkeyDLuffy) used a skinned_gorilla 2-7-2021, 6:35:30 AM
MonkeyDLuffy(MonkeyDLuffy) used a skinned_gorilla 2-7-2021, 6:35:30 AM
MonkeyDLuffy(MonkeyDLuffy) used a skinned_gorilla 2-7-2021, 6:35:30 AM
MonkeyDLuffy(MonkeyDLuffy) used a skinned_bear 2-7-2021, 6:35:46 AM
MonkeyDLuffy(MonkeyDLuffy) used a skinned_bear 2-7-2021, 6:35:46 AM
MonkeyDLuffy(MonkeyDLuffy) used a skinned_bear 2-7-2021, 6:35:46 AM
MonkeyDLuffy(MonkeyDLuffy) used a skinned_bear 2-7-2021, 6:35:46 AM
MonkeyDLuffy(MonkeyDLuffy) used a skinned_bear 2-7-2021, 6:35:47 AM
MonkeyDLuffy(MonkeyDLuffy) used a skinned_bear 2-7-2021, 6:36:05 AM
MonkeyDLuffy(MonkeyDLuffy) used a skinned_bear 2-7-2021, 6:36:05 AM
MonkeyDLuffy(MonkeyDLuffy) used a skinned_bear 2-7-2021, 6:36:05 AM
MonkeyDLuffy(MonkeyDLuffy) used a skinned_bear 2-7-2021, 6:36:05 AM
MonkeyDLuffy(MonkeyDLuffy) used a skinned_bear 2-7-2021, 6:36:06 AM
MonkeyDLuffy(MonkeyDLuffy) used a skinned_bear 2-7-2021, 6:36:06 AM
MonkeyDLuffy(MonkeyDLuffy) used a skinned_bear 2-7-2021, 6:36:06 AM
MonkeyDLuffy(MonkeyDLuffy) used a skinned_bear 2-7-2021, 6:36:06 AM
MonkeyDLuffy(MonkeyDLuffy) used a skinned_bear 2-7-2021, 6:36:06 AM
MonkeyDLuffy(MonkeyDLuffy) used a skinned_bear 2-7-2021, 6:36:07 AM
MonkeyDLuffy(MonkeyDLuffy) used a skinned_bear 2-7-2021, 6:36:07 AM
MonkeyDLuffy(MonkeyDLuffy) used a skinned_bear 2-7-2021, 6:36:50 AM
MonkeyDLuffy(MonkeyDLuffy) used a skinned_bear 2-7-2021, 6:36:51 AM
MonkeyDLuffy(MonkeyDLuffy) used a skinned_bear 2-7-2021, 6:36:51 AM
MonkeyDLuffy(MonkeyDLuffy) used a skinned_bear 2-7-2021, 6:36:51 AM
MonkeyDLuffy(MonkeyDLuffy) used a skinned_bear 2-7-2021, 6:36:52 AM
MonkeyDLuffy(MonkeyDLuffy) used a skinned_bear 2-7-2021, 6:36:52 AM
MonkeyDLuffy(MonkeyDLuffy) used a skinned_bear 2-7-2021, 6:36:52 AM
MonkeyDLuffy(MonkeyDLuffy) used a skinned_bear 2-7-2021, 6:36:52 AM
MonkeyDLuffy(MonkeyDLuffy) used a skinned_bear 2-7-2021, 6:36:53 AM
MonkeyDLuffy(MonkeyDLuffy) used a skinned_bear 2-7-2021, 6:36:53 AM
MonkeyDLuffy(MonkeyDLuffy) used a skinned_bear 2-7-2021, 6:36:53 AM
MonkeyDLuffy(MonkeyDLuffy) used a skinned_bear 2-7-2021, 6:36:54 AM
MonkeyDLuffy(MonkeyDLuffy) used a skinned_bear 2-7-2021, 6:36:54 AM
MonkeyDLuffy(MonkeyDLuffy) used a skinned_bear 2-7-2021, 6:36:54 AM
MonkeyDLuffy(MonkeyDLuffy) used a skinned_bear 2-7-2021, 6:36:54 AM
MonkeyDLuffy(MonkeyDLuffy) used a skinned_bear 2-7-2021, 6:36:54 AM
MonkeyDLuffy(MonkeyDLuffy) used a skinned_bear 2-7-2021, 6:36:55 AM
MonkeyDLuffy(MonkeyDLuffy) used a skinned_bear 2-7-2021, 6:36:55 AM
MonkeyDLuffy(MonkeyDLuffy) used a skinned_bear 2-7-2021, 6:36:55 AM
MonkeyDLuffy(MonkeyDLuffy) used a skinned_bear 2-7-2021, 6:36:55 AM
MonkeyDLuffy(MonkeyDLuffy) used a skinned_bear 2-7-2021, 6:36:55 AM
MonkeyDLuffy(MonkeyDLuffy) used a skinned_bear 2-7-2021, 6:36:56 AM
MonkeyDLuffy(MonkeyDLuffy) used a skinned_bear 2-7-2021, 6:36:56 AM
MonkeyDLuffy(MonkeyDLuffy) used a skinned_bear 2-7-2021, 6:36:56 AM
MonkeyDLuffy(MonkeyDLuffy) used a skinned_bear 2-7-2021, 6:36:56 AM
MonkeyDLuffy(MonkeyDLuffy) used a skinned_bear 2-7-2021, 6:36:56 AM
MonkeyDLuffy(MonkeyDLuffy) used a skinned_bear 2-7-2021, 6:36:56 AM
MonkeyDLuffy(MonkeyDLuffy) used a skinned_bear 2-7-2021, 6:36:57 AM
MonkeyDLuffy(MonkeyDLuffy) used a skinned_bear 2-7-2021, 6:36:57 AM
MonkeyDLuffy(MonkeyDLuffy) used a skinned_bear 2-7-2021, 6:36:57 AM
MonkeyDLuffy(MonkeyDLuffy) used a skinned_bear 2-7-2021, 6:36:57 AM
MonkeyDLuffy(MonkeyDLuffy) used a skinned_bear 2-7-2021, 6:36:57 AM
MonkeyDLuffy(MonkeyDLuffy) used a skinned_bear 2-7-2021, 6:36:58 AM
MonkeyDLuffy(MonkeyDLuffy) used a skinned_bear 2-7-2021, 6:36:58 AM
MonkeyDLuffy(MonkeyDLuffy) used a skinned_bear 2-7-2021, 6:36:58 AM
MonkeyDLuffy(MonkeyDLuffy) used a skinned_bear 2-7-2021, 6:36:58 AM
MonkeyDLuffy(MonkeyDLuffy) used a skinned_bear 2-7-2021, 6:36:58 AM
MonkeyDLuffy(MonkeyDLuffy) used a skinned_bear 2-7-2021, 6:36:59 AM
MonkeyDLuffy(MonkeyDLuffy) used a skinned_bear 2-7-2021, 6:36:59 AM
MonkeyDLuffy(MonkeyDLuffy) used a skinned_bear 2-7-2021, 6:36:59 AM
MonkeyDLuffy(MonkeyDLuffy) used a skinned_bear 2-7-2021, 6:36:59 AM
MonkeyDLuffy(MonkeyDLuffy) used a skinned_bear 2-7-2021, 6:36:59 AM
MonkeyDLuffy(MonkeyDLuffy) used a skinned_bear 2-7-2021, 6:37:00 AM
MonkeyDLuffy(MonkeyDLuffy) used a skinned_bear 2-7-2021, 6:37:00 AM
MonkeyDLuffy(MonkeyDLuffy) used a skinned_bear 2-7-2021, 6:37:00 AM
MonkeyDLuffy(MonkeyDLuffy) used a skinned_bear 2-7-2021, 6:37:00 AM
MonkeyDLuffy(MonkeyDLuffy) used a skinned_bear 2-7-2021, 6:37:00 AM
MonkeyDLuffy(MonkeyDLuffy) used a skinned_bear 2-7-2021, 6:37:01 AM
MonkeyDLuffy(MonkeyDLuffy) used a skinned_bear 2-7-2021, 6:37:01 AM
MonkeyDLuffy(MonkeyDLuffy) used a skinned_bear 2-7-2021, 6:37:01 AM
MonkeyDLuffy(MonkeyDLuffy) used a skinned_bear 2-7-2021, 6:37:01 AM
MonkeyDLuffy(MonkeyDLuffy) used a skinned_bear 2-7-2021, 6:37:01 AM
MonkeyDLuffy(MonkeyDLuffy) used a skinned_bear 2-7-2021, 6:37:02 AM
MonkeyDLuffy(MonkeyDLuffy) used a skinned_bear 2-7-2021, 6:37:02 AM
MonkeyDLuffy(MonkeyDLuffy) used a skinned_bear 2-7-2021, 6:37:02 AM
MonkeyDLuffy(MonkeyDLuffy) used a skinned_bear 2-7-2021, 6:37:03 AM
MonkeyDLuffy(MonkeyDLuffy) used a skinned_bear 2-7-2021, 6:37:03 AM
MonkeyDLuffy(MonkeyDLuffy) used a skinned_bear 2-7-2021, 6:37:03 AM
MonkeyDLuffy(MonkeyDLuffy) used a skinned_bear 2-7-2021, 6:37:04 AM
MonkeyDLuffy(MonkeyDLuffy) used a skinned_bear 2-7-2021, 6:37:04 AM
MonkeyDLuffy(MonkeyDLuffy) used a skinned_bear 2-7-2021, 6:37:04 AM
MonkeyDLuffy(MonkeyDLuffy) used a skinned_bear 2-7-2021, 6:37:04 AM
MonkeyDLuffy(MonkeyDLuffy) used a skinned_bear 2-7-2021, 6:37:05 AM
MonkeyDLuffy(MonkeyDLuffy) used a skinned_bear 2-7-2021, 6:37:05 AM
MonkeyDLuffy(MonkeyDLuffy) used a skinned_bear 2-7-2021, 6:37:05 AM
MonkeyDLuffy(MonkeyDLuffy) used a skinned_bear 2-7-2021, 6:37:05 AM
MonkeyDLuffy(MonkeyDLuffy) used a skinned_bear 2-7-2021, 6:37:05 AM
MonkeyDLuffy(MonkeyDLuffy) used a skinned_bear 2-7-2021, 6:37:06 AM
MonkeyDLuffy(MonkeyDLuffy) used a skinned_bear 2-7-2021, 6:37:06 AM
MonkeyDLuffy(MonkeyDLuffy) used a skinned_bear 2-7-2021, 6:37:06 AM
MonkeyDLuffy(MonkeyDLuffy) used a skinned_bear 2-7-2021, 6:37:06 AM
MonkeyDLuffy(MonkeyDLuffy) used a skinned_bear 2-7-2021, 6:37:07 AM
MonkeyDLuffy(MonkeyDLuffy) used a skinned_bear 2-7-2021, 6:37:07 AM
MonkeyDLuffy(MonkeyDLuffy) used a skinned_bear 2-7-2021, 6:37:07 AM
MonkeyDLuffy(MonkeyDLuffy) used a skinned_bear 2-7-2021, 6:37:07 AM
MonkeyDLuffy(MonkeyDLuffy) used a skinned_bear 2-7-2021, 6:37:08 AM
MonkeyDLuffy(MonkeyDLuffy) used a skinned_bear 2-7-2021, 6:37:08 AM
MonkeyDLuffy(MonkeyDLuffy) used a skinned_bear 2-7-2021, 6:37:08 AM
MonkeyDLuffy(MonkeyDLuffy) used a skinned_bear 2-7-2021, 6:37:08 AM
MonkeyDLuffy(MonkeyDLuffy) used a skinned_bear 2-7-2021, 6:37:08 AM
MonkeyDLuffy(MonkeyDLuffy) used a skinned_bear 2-7-2021, 6:37:09 AM
MonkeyDLuffy(MonkeyDLuffy) used a skinned_bear 2-7-2021, 6:37:09 AM
MonkeyDLuffy(MonkeyDLuffy) used a skinned_bear 2-7-2021, 6:37:09 AM
MonkeyDLuffy(MonkeyDLuffy) used a skinned_bear 2-7-2021, 6:37:09 AM
MonkeyDLuffy(MonkeyDLuffy) used a skinned_bear 2-7-2021, 6:37:10 AM
MonkeyDLuffy(MonkeyDLuffy) used a skinned_bear 2-7-2021, 6:37:10 AM
MonkeyDLuffy(MonkeyDLuffy) used a skinned_bear 2-7-2021, 6:37:14 AM
MonkeyDLuffy(MonkeyDLuffy) used a skinned_bear 2-7-2021, 6:37:14 AM
MonkeyDLuffy(MonkeyDLuffy) used a skinned_bear 2-7-2021, 6:37:14 AM
MonkeyDLuffy(MonkeyDLuffy) used a skinned_bear 2-7-2021, 6:37:14 AM
MonkeyDLuffy(MonkeyDLuffy) used a skinned_bear 2-7-2021, 6:37:15 AM
MonkeyDLuffy(MonkeyDLuffy) used a skinned_bear 2-7-2021, 6:37:15 AM
MonkeyDLuffy(MonkeyDLuffy) used a skinned_bear 2-7-2021, 6:37:15 AM
MonkeyDLuffy(MonkeyDLuffy) used a skinned_bear 2-7-2021, 6:37:15 AM
MonkeyDLuffy(MonkeyDLuffy) used a skinned_bear 2-7-2021, 6:37:16 AM
MonkeyDLuffy(MonkeyDLuffy) used a skinned_bear 2-7-2021, 6:37:16 AM
MonkeyDLuffy(MonkeyDLuffy) used a skinned_bear 2-7-2021, 6:37:16 AM
MonkeyDLuffy(MonkeyDLuffy) used a skinned_bear 2-7-2021, 6:37:32 AM
MonkeyDLuffy(MonkeyDLuffy) used a skinned_bear 2-7-2021, 6:37:33 AM
MonkeyDLuffy(MonkeyDLuffy) used a skinned_bear 2-7-2021, 6:37:33 AM
MonkeyDLuffy(MonkeyDLuffy) used a skinned_bear 2-7-2021, 6:37:33 AM
MonkeyDLuffy(MonkeyDLuffy) used a skinned_bear 2-7-2021, 6:37:33 AM
MonkeyDLuffy(MonkeyDLuffy) used a skinned_bear 2-7-2021, 6:37:34 AM
MonkeyDLuffy(MonkeyDLuffy) used a skinned_bear 2-7-2021, 6:37:34 AM
MonkeyDLuffy(MonkeyDLuffy) used a skinned_bear 2-7-2021, 6:37:39 AM
MonkeyDLuffy(MonkeyDLuffy) used a skinned_bear 2-7-2021, 6:37:40 AM
MonkeyDLuffy(MonkeyDLuffy) used a skinned_bear 2-7-2021, 6:37:40 AM
MonkeyDLuffy(MonkeyDLuffy) used a skinned_bear 2-7-2021, 6:37:40 AM
MonkeyDLuffy(MonkeyDLuffy) used a skinned_bear 2-7-2021, 6:37:40 AM
MonkeyDLuffy(MonkeyDLuffy) used a skinned_bear 2-7-2021, 6:37:41 AM
MonkeyDLuffy(MonkeyDLuffy) used a skinned_bear 2-7-2021, 6:37:41 AM
MonkeyDLuffy(MonkeyDLuffy) used a skinned_bear 2-7-2021, 6:37:41 AM
MonkeyDLuffy(MonkeyDLuffy) used a skinned_bear 2-7-2021, 6:37:41 AM
MonkeyDLuffy(MonkeyDLuffy) used a skinned_bear 2-7-2021, 6:37:42 AM
MonkeyDLuffy(MonkeyDLuffy) used a skinned_bear 2-7-2021, 6:37:42 AM
MonkeyDLuffy(MonkeyDLuffy) used a skinned_bear 2-7-2021, 6:37:42 AM
MonkeyDLuffy(MonkeyDLuffy) used a skinned_bear 2-7-2021, 6:37:43 AM
MonkeyDLuffy(MonkeyDLuffy) used a skinned_bear 2-7-2021, 6:37:43 AM
MonkeyDLuffy(MonkeyDLuffy) used a skinned_bear 2-7-2021, 6:37:43 AM
MonkeyDLuffy(MonkeyDLuffy) used a skinned_bear 2-7-2021, 6:37:43 AM
MonkeyDLuffy(MonkeyDLuffy) used a skinned_bear 2-7-2021, 6:37:44 AM
MonkeyDLuffy(MonkeyDLuffy) used a skinned_bear 2-7-2021, 6:37:44 AM
MonkeyDLuffy(MonkeyDLuffy) used a skinned_bear 2-7-2021, 6:37:44 AM
MonkeyDLuffy(MonkeyDLuffy) used a skinned_bear 2-7-2021, 6:37:45 AM
MonkeyDLuffy(MonkeyDLuffy) used a skinned_bear 2-7-2021, 6:37:45 AM
MonkeyDLuffy(MonkeyDLuffy) used a skinned_bear 2-7-2021, 6:37:45 AM
MonkeyDLuffy(MonkeyDLuffy) used a skinned_bear 2-7-2021, 6:37:45 AM
MonkeyDLuffy(MonkeyDLuffy) used a skinned_bear 2-7-2021, 6:37:45 AM
MonkeyDLuffy(MonkeyDLuffy) used a skinned_bear 2-7-2021, 6:37:46 AM
MonkeyDLuffy(MonkeyDLuffy) used a skinned_bear 2-7-2021, 6:37:46 AM
MonkeyDLuffy(MonkeyDLuffy) used a skinned_bear 2-7-2021, 6:37:46 AM
MonkeyDLuffy(MonkeyDLuffy) used a skinned_bear 2-7-2021, 6:37:46 AM
MonkeyDLuffy(MonkeyDLuffy) used a skinned_bear 2-7-2021, 6:37:47 AM
MonkeyDLuffy(MonkeyDLuffy) used a skinned_bear 2-7-2021, 6:37:47 AM
MonkeyDLuffy(MonkeyDLuffy) used a skinned_bear 2-7-2021, 6:37:47 AM
MonkeyDLuffy(MonkeyDLuffy) used a skinned_bear 2-7-2021, 6:37:48 AM
MonkeyDLuffy(MonkeyDLuffy) used a skinned_bear 2-7-2021, 6:37:48 AM
MonkeyDLuffy(MonkeyDLuffy) used a skinned_bear 2-7-2021, 6:37:48 AM
MonkeyDLuffy(MonkeyDLuffy) used a skinned_bear 2-7-2021, 6:37:48 AM
MonkeyDLuffy(MonkeyDLuffy) used a skinned_bear 2-7-2021, 6:37:48 AM
MonkeyDLuffy(MonkeyDLuffy) used a skinned_bear 2-7-2021, 6:37:49 AM
MonkeyDLuffy(MonkeyDLuffy) used a skinned_bear 2-7-2021, 6:37:49 AM
MonkeyDLuffy(MonkeyDLuffy) used a skinned_bear 2-7-2021, 6:37:49 AM
MonkeyDLuffy(MonkeyDLuffy) used a skinned_bear 2-7-2021, 6:37:49 AM
MonkeyDLuffy(MonkeyDLuffy) used a skinned_bear 2-7-2021, 6:37:50 AM
MonkeyDLuffy(MonkeyDLuffy) used a skinned_bear 2-7-2021, 6:37:50 AM
MonkeyDLuffy(MonkeyDLuffy) used a skinned_bear 2-7-2021, 6:37:50 AM
MonkeyDLuffy(MonkeyDLuffy) used a skinned_bear 2-7-2021, 6:37:50 AM
MonkeyDLuffy(MonkeyDLuffy) used a skinned_bear 2-7-2021, 6:37:51 AM
MonkeyDLuffy(MonkeyDLuffy) used a skinned_bear 2-7-2021, 6:37:51 AM
MonkeyDLuffy(MonkeyDLuffy) used a skinned_bear 2-7-2021, 6:37:57 AM
MonkeyDLuffy(MonkeyDLuffy) used a skinned_bear 2-7-2021, 6:37:57 AM
MonkeyDLuffy(MonkeyDLuffy) used a skinned_bear 2-7-2021, 6:37:57 AM
MonkeyDLuffy(MonkeyDLuffy) used a skinned_bear 2-7-2021, 6:37:58 AM
MonkeyDLuffy(MonkeyDLuffy) used a skinned_bear 2-7-2021, 6:37:58 AM
MonkeyDLuffy(MonkeyDLuffy) used a skinned_bear 2-7-2021, 6:37:59 AM
MonkeyDLuffy(MonkeyDLuffy) used a skinned_bear 2-7-2021, 6:37:59 AM
MonkeyDLuffy(MonkeyDLuffy) used a skinned_bear 2-7-2021, 6:38:00 AM
MonkeyDLuffy(MonkeyDLuffy) used a skinned_bear 2-7-2021, 6:38:00 AM
MonkeyDLuffy(MonkeyDLuffy) used a skinned_bear 2-7-2021, 6:38:00 AM
MonkeyDLuffy(MonkeyDLuffy) used a skinned_bear 2-7-2021, 6:38:00 AM
MonkeyDLuffy(MonkeyDLuffy) used a skinned_bear 2-7-2021, 6:38:00 AM
MonkeyDLuffy(MonkeyDLuffy) used a skinned_bear 2-7-2021, 6:38:01 AM
MonkeyDLuffy(MonkeyDLuffy) used a skinned_bear 2-7-2021, 6:38:01 AM
MonkeyDLuffy(MonkeyDLuffy) used a skinned_bear 2-7-2021, 6:38:07 AM
MonkeyDLuffy(MonkeyDLuffy) used a skinned_bear 2-7-2021, 6:38:08 AM
MonkeyDLuffy(MonkeyDLuffy) used a skinned_bear 2-7-2021, 6:38:08 AM
MonkeyDLuffy(MonkeyDLuffy) used a skinned_bear 2-7-2021, 6:38:08 AM
MonkeyDLuffy(MonkeyDLuffy) used a skinned_bear 2-7-2021, 6:38:08 AM
MonkeyDLuffy(MonkeyDLuffy) used a skinned_bear 2-7-2021, 6:38:09 AM
MonkeyDLuffy(MonkeyDLuffy) used a skinned_bear 2-7-2021, 6:38:09 AM
MonkeyDLuffy(MonkeyDLuffy) used a skinned_bear 2-7-2021, 6:38:09 AM
MonkeyDLuffy(MonkeyDLuffy) used a skinned_bear 2-7-2021, 6:38:09 AM
MonkeyDLuffy(MonkeyDLuffy) used a skinned_bear 2-7-2021, 6:38:10 AM
MonkeyDLuffy(MonkeyDLuffy) used a skinned_bear 2-7-2021, 6:38:10 AM
MonkeyDLuffy(MonkeyDLuffy) used a skinned_bear 2-7-2021, 6:38:10 AM
MonkeyDLuffy(MonkeyDLuffy) used a skinned_bear 2-7-2021, 6:38:11 AM
MonkeyDLuffy(MonkeyDLuffy) used a skinned_bear 2-7-2021, 6:38:11 AM
MonkeyDLuffy(MonkeyDLuffy) used a skinned_bear 2-7-2021, 6:38:11 AM
MonkeyDLuffy(MonkeyDLuffy) used a skinned_bear 2-7-2021, 6:38:12 AM
MonkeyDLuffy(MonkeyDLuffy) used a skinned_bear 2-7-2021, 6:38:12 AM
MonkeyDLuffy(MonkeyDLuffy) used a skinned_bear 2-7-2021, 6:38:12 AM
MonkeyDLuffy(MonkeyDLuffy) used a skinned_bear 2-7-2021, 6:38:12 AM
MonkeyDLuffy(MonkeyDLuffy) used a skinned_bear 2-7-2021, 6:38:12 AM
MonkeyDLuffy(MonkeyDLuffy) used a skinned_bear 2-7-2021, 6:38:13 AM
MonkeyDLuffy(MonkeyDLuffy) used a skinned_bear 2-7-2021, 6:38:13 AM
MonkeyDLuffy(MonkeyDLuffy) used a skinned_bear 2-7-2021, 6:38:13 AM
MonkeyDLuffy(MonkeyDLuffy) used a skinned_bear 2-7-2021, 6:38:13 AM
MonkeyDLuffy(MonkeyDLuffy) used a skinned_bear 2-7-2021, 6:38:14 AM
MonkeyDLuffy(MonkeyDLuffy) used a skinned_bear 2-7-2021, 6:38:14 AM
MonkeyDLuffy(MonkeyDLuffy) used a skinned_bear 2-7-2021, 6:38:14 AM
MonkeyDLuffy(MonkeyDLuffy) used a skinned_bear 2-7-2021, 6:38:15 AM
MonkeyDLuffy(MonkeyDLuffy) used a skinned_bear 2-7-2021, 6:38:15 AM
MonkeyDLuffy(MonkeyDLuffy) used a skinned_bear 2-7-2021, 6:38:15 AM
MonkeyDLuffy(MonkeyDLuffy) used a skinned_bear 2-7-2021, 6:38:15 AM
MonkeyDLuffy(MonkeyDLuffy) used a skinned_bear 2-7-2021, 6:38:15 AM
MonkeyDLuffy(MonkeyDLuffy) used a skinned_bear 2-7-2021, 6:38:16 AM
MonkeyDLuffy(MonkeyDLuffy) used a skinned_bear 2-7-2021, 6:38:16 AM
MonkeyDLuffy(MonkeyDLuffy) used a skinned_bear 2-7-2021, 6:38:16 AM
MonkeyDLuffy(MonkeyDLuffy) used a skinned_bear 2-7-2021, 6:38:16 AM
MonkeyDLuffy(MonkeyDLuffy) used a skinned_bear 2-7-2021, 6:38:16 AM
MonkeyDLuffy(MonkeyDLuffy) used a skinned_bear 2-7-2021, 6:38:17 AM
MonkeyDLuffy(MonkeyDLuffy) used a skinned_bear 2-7-2021, 6:38:17 AM
MonkeyDLuffy(MonkeyDLuffy) used a skinned_bear 2-7-2021, 6:38:17 AM
MonkeyDLuffy(MonkeyDLuffy) used a skinned_bear 2-7-2021, 6:38:17 AM
MonkeyDLuffy(MonkeyDLuffy) used a skinned_bear 2-7-2021, 6:38:17 AM
MonkeyDLuffy(MonkeyDLuffy) used a skinned_bear 2-7-2021, 6:38:18 AM
MonkeyDLuffy(MonkeyDLuffy) used a skinned_bear 2-7-2021, 6:38:18 AM
MonkeyDLuffy(MonkeyDLuffy) used a skinned_bear 2-7-2021, 6:38:18 AM
MonkeyDLuffy(MonkeyDLuffy) used a skinned_bear 2-7-2021, 6:38:18 AM
MonkeyDLuffy(MonkeyDLuffy) used a skinned_bear 2-7-2021, 6:38:18 AM
MonkeyDLuffy(MonkeyDLuffy) used a skinned_bear 2-7-2021, 6:38:18 AM
MonkeyDLuffy(MonkeyDLuffy) used a skinned_bear 2-7-2021, 6:38:19 AM
MonkeyDLuffy(MonkeyDLuffy) used a skinned_bear 2-7-2021, 6:38:19 AM
MonkeyDLuffy(MonkeyDLuffy) used a skinned_bear 2-7-2021, 6:38:19 AM
MonkeyDLuffy(MonkeyDLuffy) used a skinned_bear 2-7-2021, 6:38:19 AM
MonkeyDLuffy(MonkeyDLuffy) used a skinned_bear 2-7-2021, 6:38:20 AM
MonkeyDLuffy(MonkeyDLuffy) used a skinned_bear 2-7-2021, 6:38:20 AM
MonkeyDLuffy(MonkeyDLuffy) used a skinned_bear 2-7-2021, 6:38:20 AM
MonkeyDLuffy(MonkeyDLuffy) used a skinned_bear 2-7-2021, 6:38:20 AM
MonkeyDLuffy(MonkeyDLuffy) used a skinned_bear 2-7-2021, 6:38:20 AM
MonkeyDLuffy(MonkeyDLuffy) used a skinned_bear 2-7-2021, 6:38:21 AM
MonkeyDLuffy(MonkeyDLuffy) used a skinned_bear 2-7-2021, 6:38:21 AM
MonkeyDLuffy(MonkeyDLuffy) used a skinned_bear 2-7-2021, 6:38:21 AM
MonkeyDLuffy(MonkeyDLuffy) used a skinned_bear 2-7-2021, 6:38:21 AM
MonkeyDLuffy(MonkeyDLuffy) used a skinned_bear 2-7-2021, 6:38:21 AM
MonkeyDLuffy(MonkeyDLuffy) used a skinned_bear 2-7-2021, 6:38:22 AM
MonkeyDLuffy(MonkeyDLuffy) used a skinned_bear 2-7-2021, 6:38:22 AM
MonkeyDLuffy(MonkeyDLuffy) used a skinned_bear 2-7-2021, 6:38:22 AM
MonkeyDLuffy(MonkeyDLuffy) used a skinned_bear 2-7-2021, 6:38:22 AM
MonkeyDLuffy(MonkeyDLuffy) used a skinned_bear 2-7-2021, 6:38:22 AM
MonkeyDLuffy(MonkeyDLuffy) used a skinned_bear 2-7-2021, 6:38:23 AM
MonkeyDLuffy(MonkeyDLuffy) used a skinned_bear 2-7-2021, 6:38:23 AM
MonkeyDLuffy(MonkeyDLuffy) used a skinned_bear 2-7-2021, 6:38:23 AM
MonkeyDLuffy(MonkeyDLuffy) used a skinned_bear 2-7-2021, 6:38:23 AM
MonkeyDLuffy(MonkeyDLuffy) used a skinned_bear 2-7-2021, 6:38:23 AM
MonkeyDLuffy(MonkeyDLuffy) used a skinned_bear 2-7-2021, 6:38:24 AM
MonkeyDLuffy(MonkeyDLuffy) used a skinned_bear 2-7-2021, 6:38:24 AM
MonkeyDLuffy(MonkeyDLuffy) used a skinned_bear 2-7-2021, 6:38:24 AM
MonkeyDLuffy(MonkeyDLuffy) used a skinned_bear 2-7-2021, 6:38:24 AM
MonkeyDLuffy(MonkeyDLuffy) used a skinned_bear 2-7-2021, 6:38:25 AM
MonkeyDLuffy(MonkeyDLuffy) used a skinned_bear 2-7-2021, 6:38:25 AM
MonkeyDLuffy(MonkeyDLuffy) used a skinned_bear 2-7-2021, 6:38:25 AM
MonkeyDLuffy(MonkeyDLuffy) used a skinned_bear 2-7-2021, 6:38:25 AM
MonkeyDLuffy(MonkeyDLuffy) used a skinned_bear 2-7-2021, 6:38:25 AM
MonkeyDLuffy(MonkeyDLuffy) used a skinned_bear 2-7-2021, 6:38:26 AM
MonkeyDLuffy(MonkeyDLuffy) used a skinned_bear 2-7-2021, 6:38:26 AM
MonkeyDLuffy(MonkeyDLuffy) used a skinned_bear 2-7-2021, 6:38:26 AM
MonkeyDLuffy(MonkeyDLuffy) used a skinned_bear 2-7-2021, 6:38:26 AM
MonkeyDLuffy(MonkeyDLuffy) used a skinned_bear 2-7-2021, 6:38:26 AM
MonkeyDLuffy(MonkeyDLuffy) used a skinned_bear 2-7-2021, 6:38:27 AM
MonkeyDLuffy(MonkeyDLuffy) used a skinned_bear 2-7-2021, 6:38:27 AM
MonkeyDLuffy(MonkeyDLuffy) used a skinned_bear 2-7-2021, 6:38:27 AM
MonkeyDLuffy(MonkeyDLuffy) used a skinned_bear 2-7-2021, 6:38:27 AM
MonkeyDLuffy(MonkeyDLuffy) used a skinned_bear 2-7-2021, 6:38:27 AM
MonkeyDLuffy(MonkeyDLuffy) used a skinned_bear 2-7-2021, 6:38:28 AM
MonkeyDLuffy(MonkeyDLuffy) used a skinned_bear 2-7-2021, 6:38:28 AM
MonkeyDLuffy(MonkeyDLuffy) used a skinned_bear 2-7-2021, 6:38:28 AM
MonkeyDLuffy(MonkeyDLuffy) used a skinned_bear 2-7-2021, 6:38:28 AM
MonkeyDLuffy(MonkeyDLuffy) used a skinned_bear 2-7-2021, 6:38:29 AM
MonkeyDLuffy(MonkeyDLuffy) used a skinned_bear 2-7-2021, 6:38:29 AM
MonkeyDLuffy(MonkeyDLuffy) used a skinned_bear 2-7-2021, 6:38:29 AM
MonkeyDLuffy(MonkeyDLuffy) used a skinned_bear 2-7-2021, 6:38:29 AM
MonkeyDLuffy(MonkeyDLuffy) used a skinned_bear 2-7-2021, 6:38:29 AM
MonkeyDLuffy(MonkeyDLuffy) used a skinned_bear 2-7-2021, 6:38:30 AM
MonkeyDLuffy(MonkeyDLuffy) used a skinned_bear 2-7-2021, 6:38:30 AM
MonkeyDLuffy(MonkeyDLuffy) used a skinned_bear 2-7-2021, 6:38:30 AM
MonkeyDLuffy(MonkeyDLuffy) used a skinned_bear 2-7-2021, 6:38:30 AM
MonkeyDLuffy(MonkeyDLuffy) used a skinned_bear 2-7-2021, 6:38:30 AM
MonkeyDLuffy(MonkeyDLuffy) used a skinned_bear 2-7-2021, 6:38:31 AM
MonkeyDLuffy(MonkeyDLuffy) used a skinned_bear 2-7-2021, 6:38:31 AM
MonkeyDLuffy(MonkeyDLuffy) used a skinned_bear 2-7-2021, 6:38:31 AM
MonkeyDLuffy(MonkeyDLuffy) used a skinned_bear 2-7-2021, 6:38:31 AM
MonkeyDLuffy(MonkeyDLuffy) used a skinned_bear 2-7-2021, 6:38:31 AM
MonkeyDLuffy(MonkeyDLuffy) used a skinned_bear 2-7-2021, 6:38:32 AM
MonkeyDLuffy(MonkeyDLuffy) used a skinned_bear 2-7-2021, 6:38:32 AM
MonkeyDLuffy(MonkeyDLuffy) used a skinned_bear 2-7-2021, 6:38:32 AM
MonkeyDLuffy(MonkeyDLuffy) used a skinned_bear 2-7-2021, 6:38:32 AM
MonkeyDLuffy(MonkeyDLuffy) used a skinned_bear 2-7-2021, 6:38:32 AM
MonkeyDLuffy(MonkeyDLuffy) used a skinned_bear 2-7-2021, 6:38:33 AM
MonkeyDLuffy(MonkeyDLuffy) used a skinned_bear 2-7-2021, 6:38:33 AM
MonkeyDLuffy(MonkeyDLuffy) used a skinned_bear 2-7-2021, 6:38:33 AM
MonkeyDLuffy(MonkeyDLuffy) used a skinned_bear 2-7-2021, 6:38:33 AM
MonkeyDLuffy(MonkeyDLuffy) used a skinned_bear 2-7-2021, 6:38:33 AM
MonkeyDLuffy(MonkeyDLuffy) used a skinned_bear 2-7-2021, 6:38:34 AM
MonkeyDLuffy(MonkeyDLuffy) used a skinned_bear 2-7-2021, 6:38:34 AM
MonkeyDLuffy(MonkeyDLuffy) used a skinned_bear 2-7-2021, 6:38:34 AM
MonkeyDLuffy(MonkeyDLuffy) used a skinned_bear 2-7-2021, 6:38:34 AM
MonkeyDLuffy(MonkeyDLuffy) used a skinned_bear 2-7-2021, 6:38:34 AM
MonkeyDLuffy(MonkeyDLuffy) used a skinned_bear 2-7-2021, 6:38:35 AM
MonkeyDLuffy(MonkeyDLuffy) used a skinned_bear 2-7-2021, 6:38:35 AM
MonkeyDLuffy(MonkeyDLuffy) used a skinned_bear 2-7-2021, 6:38:35 AM
MonkeyDLuffy(MonkeyDLuffy) used a skinned_bear 2-7-2021, 6:38:35 AM
MonkeyDLuffy(MonkeyDLuffy) used a skinned_bear 2-7-2021, 6:38:35 AM
MonkeyDLuffy(MonkeyDLuffy) used a skinned_bear 2-7-2021, 6:38:36 AM
MonkeyDLuffy(MonkeyDLuffy) used a skinned_bear 2-7-2021, 6:38:36 AM
MonkeyDLuffy(MonkeyDLuffy) used a skinned_bear 2-7-2021, 6:38:36 AM
MonkeyDLuffy(MonkeyDLuffy) used a skinned_bear 2-7-2021, 6:38:36 AM
MonkeyDLuffy(MonkeyDLuffy) used a skinned_bear 2-7-2021, 6:38:36 AM
MonkeyDLuffy(MonkeyDLuffy) used a skinned_bear 2-7-2021, 6:38:36 AM
MonkeyDLuffy(MonkeyDLuffy) used a skinned_bear 2-7-2021, 6:38:37 AM
MonkeyDLuffy(MonkeyDLuffy) used a skinned_bear 2-7-2021, 6:38:37 AM
MonkeyDLuffy(MonkeyDLuffy) used a skinned_bear 2-7-2021, 6:38:37 AM
MonkeyDLuffy(MonkeyDLuffy) used a skinned_bear 2-7-2021, 6:38:37 AM
MonkeyDLuffy(MonkeyDLuffy) used a skinned_bear 2-7-2021, 6:38:38 AM
MonkeyDLuffy(MonkeyDLuffy) used a skinned_bear 2-7-2021, 6:38:38 AM
MonkeyDLuffy(MonkeyDLuffy) used a skinned_bear 2-7-2021, 6:38:38 AM
MonkeyDLuffy(MonkeyDLuffy) used a skinned_bear 2-7-2021, 6:38:38 AM
MonkeyDLuffy(MonkeyDLuffy) used a skinned_bear 2-7-2021, 6:38:38 AM
MonkeyDLuffy(MonkeyDLuffy) used a skinned_bear 2-7-2021, 6:38:38 AM
MonkeyDLuffy(MonkeyDLuffy) used a skinned_bear 2-7-2021, 6:38:39 AM
MonkeyDLuffy(MonkeyDLuffy) used a skinned_bear 2-7-2021, 6:38:39 AM
MonkeyDLuffy(MonkeyDLuffy) used a skinned_bear 2-7-2021, 6:38:39 AM
MonkeyDLuffy(MonkeyDLuffy) used a skinned_bear 2-7-2021, 6:38:39 AM
MonkeyDLuffy(MonkeyDLuffy) used a skinned_bear 2-7-2021, 6:38:39 AM
MonkeyDLuffy(MonkeyDLuffy) used a skinned_bear 2-7-2021, 6:38:40 AM
MonkeyDLuffy(MonkeyDLuffy) used a skinned_bear 2-7-2021, 6:38:40 AM
MonkeyDLuffy(MonkeyDLuffy) used a skinned_bear 2-7-2021, 6:38:40 AM
MonkeyDLuffy(MonkeyDLuffy) used a skinned_bear 2-7-2021, 6:38:40 AM
MonkeyDLuffy(MonkeyDLuffy) used a skinned_bear 2-7-2021, 6:38:40 AM
MonkeyDLuffy(MonkeyDLuffy) used a skinned_bear 2-7-2021, 6:38:41 AM
MonkeyDLuffy(MonkeyDLuffy) used a skinned_bear 2-7-2021, 6:38:41 AM
MonkeyDLuffy(MonkeyDLuffy) used a skinned_bear 2-7-2021, 6:38:41 AM
MonkeyDLuffy(MonkeyDLuffy) used a skinned_bear 2-7-2021, 6:38:41 AM
MonkeyDLuffy(MonkeyDLuffy) used a skinned_bear 2-7-2021, 6:38:41 AM
MonkeyDLuffy(MonkeyDLuffy) used a skinned_bear 2-7-2021, 6:38:42 AM
MonkeyDLuffy(MonkeyDLuffy) used a skinned_bear 2-7-2021, 6:38:42 AM
MonkeyDLuffy(MonkeyDLuffy) used a skinned_bear 2-7-2021, 6:38:42 AM
MonkeyDLuffy(MonkeyDLuffy) used a skinned_bear 2-7-2021, 6:38:42 AM
MonkeyDLuffy(MonkeyDLuffy) used a skinned_bear 2-7-2021, 6:38:42 AM
MonkeyDLuffy(MonkeyDLuffy) used a skinned_bear 2-7-2021, 6:38:42 AM
MonkeyDLuffy(MonkeyDLuffy) used a skinned_bear 2-7-2021, 6:38:43 AM
MonkeyDLuffy(MonkeyDLuffy) used a skinned_bear 2-7-2021, 6:38:43 AM
MonkeyDLuffy(MonkeyDLuffy) used a skinned_bear 2-7-2021, 6:38:43 AM
MonkeyDLuffy(MonkeyDLuffy) used a skinned_bear 2-7-2021, 6:38:43 AM
MonkeyDLuffy(MonkeyDLuffy) used a skinned_bear 2-7-2021, 6:38:43 AM
MonkeyDLuffy(MonkeyDLuffy) used a skinned_bear 2-7-2021, 6:38:44 AM
MonkeyDLuffy(MonkeyDLuffy) used a skinned_bear 2-7-2021, 6:38:44 AM
MonkeyDLuffy(MonkeyDLuffy) used a skinned_bear 2-7-2021, 6:38:44 AM
MonkeyDLuffy(MonkeyDLuffy) used a skinned_bear 2-7-2021, 6:38:44 AM
MonkeyDLuffy(MonkeyDLuffy) used a skinned_bear 2-7-2021, 6:38:44 AM
MonkeyDLuffy(MonkeyDLuffy) used a skinned_bear 2-7-2021, 6:38:45 AM
MonkeyDLuffy(MonkeyDLuffy) used a skinned_bear 2-7-2021, 6:38:45 AM
MonkeyDLuffy(MonkeyDLuffy) used a skinned_bear 2-7-2021, 6:38:45 AM
MonkeyDLuffy(MonkeyDLuffy) used a skinned_bear 2-7-2021, 6:38:45 AM
MonkeyDLuffy(MonkeyDLuffy) used a skinned_bear 2-7-2021, 6:38:45 AM
MonkeyDLuffy(MonkeyDLuffy) used a skinned_bear 2-7-2021, 6:38:46 AM
MonkeyDLuffy(MonkeyDLuffy) used a skinned_bear 2-7-2021, 6:38:47 AM
MonkeyDLuffy(MonkeyDLuffy) used a skinned_bear 2-7-2021, 6:38:48 AM
MonkeyDLuffy(MonkeyDLuffy) used a skinned_bear 2-7-2021, 6:38:48 AM
MonkeyDLuffy(MonkeyDLuffy) used a skinned_bear 2-7-2021, 6:38:48 AM
MonkeyDLuffy(MonkeyDLuffy) used a skinned_bear 2-7-2021, 6:38:48 AM
MonkeyDLuffy(MonkeyDLuffy) used a skinned_bear 2-7-2021, 6:38:49 AM
MonkeyDLuffy(MonkeyDLuffy) used a skinned_bear 2-7-2021, 6:38:49 AM
MonkeyDLuffy(MonkeyDLuffy) used a skinned_bear 2-7-2021, 6:38:50 AM
MonkeyDLuffy(MonkeyDLuffy) used a skinned_bear 2-7-2021, 6:38:50 AM
MonkeyDLuffy(MonkeyDLuffy) used a skinned_bear 2-7-2021, 6:38:50 AM
MonkeyDLuffy(MonkeyDLuffy) used a skinned_bear 2-7-2021, 6:38:50 AM
MonkeyDLuffy(MonkeyDLuffy) used a skinned_bear 2-7-2021, 6:38:51 AM
MonkeyDLuffy(MonkeyDLuffy) used a skinned_bear 2-7-2021, 6:38:51 AM
MonkeyDLuffy(MonkeyDLuffy) used a skinned_bear 2-7-2021, 6:38:51 AM
MonkeyDLuffy(MonkeyDLuffy) used a skinned_bear 2-7-2021, 6:38:51 AM
MonkeyDLuffy(MonkeyDLuffy) used a skinned_bear 2-7-2021, 6:38:51 AM
MonkeyDLuffy(MonkeyDLuffy) used a skinned_bear 2-7-2021, 6:38:52 AM
MonkeyDLuffy(MonkeyDLuffy) used a skinned_bear 2-7-2021, 6:38:52 AM
MonkeyDLuffy(MonkeyDLuffy) used a skinned_bear 2-7-2021, 6:38:52 AM
MonkeyDLuffy(MonkeyDLuffy) used a skinned_bear 2-7-2021, 6:38:52 AM
MonkeyDLuffy(MonkeyDLuffy) used a skinned_bear 2-7-2021, 6:38:52 AM
MonkeyDLuffy(MonkeyDLuffy) used a skinned_bear 2-7-2021, 6:38:53 AM
MonkeyDLuffy(MonkeyDLuffy) used a skinned_bear 2-7-2021, 6:38:53 AM
MonkeyDLuffy(MonkeyDLuffy) used a skinned_bear 2-7-2021, 6:42:16 AM
MonkeyDLuffy(MonkeyDLuffy) used a skinned_bear 2-7-2021, 6:42:16 AM
MonkeyDLuffy(MonkeyDLuffy) used a skinned_bear 2-7-2021, 6:42:16 AM
MonkeyDLuffy(MonkeyDLuffy) used a skinned_bear 2-7-2021, 6:42:16 AM
MonkeyDLuffy(MonkeyDLuffy) used a skinned_bear 2-7-2021, 6:42:17 AM
MonkeyDLuffy(MonkeyDLuffy) used a skinned_bear 2-7-2021, 6:42:17 AM
MonkeyDLuffy(MonkeyDLuffy) used a skinned_bear 2-7-2021, 6:42:17 AM
MonkeyDLuffy(MonkeyDLuffy) used a skinned_bear 2-7-2021, 6:42:17 AM
MonkeyDLuffy(MonkeyDLuffy) used a skinned_bear 2-7-2021, 6:42:18 AM
MonkeyDLuffy(MonkeyDLuffy) used a skinned_bear 2-7-2021, 6:42:18 AM
MonkeyDLuffy(MonkeyDLuffy) used a skinned_bear 2-7-2021, 6:42:18 AM
MonkeyDLuffy(MonkeyDLuffy) used a skinned_bear 2-7-2021, 6:42:18 AM
MonkeyDLuffy(MonkeyDLuffy) used a skinned_bear 2-7-2021, 6:42:18 AM
MonkeyDLuffy(MonkeyDLuffy) used a skinned_bear 2-7-2021, 6:42:19 AM
MonkeyDLuffy(MonkeyDLuffy) used a skinned_bear 2-7-2021, 6:42:19 AM
MonkeyDLuffy(MonkeyDLuffy) used a skinned_bear 2-7-2021, 6:42:19 AM
MonkeyDLuffy(MonkeyDLuffy) used a skinned_bear 2-7-2021, 6:42:19 AM
MonkeyDLuffy(MonkeyDLuffy) used a skinned_bear 2-7-2021, 6:42:20 AM
MonkeyDLuffy(MonkeyDLuffy) used a skinned_bear 2-7-2021, 6:42:20 AM
MonkeyDLuffy(MonkeyDLuffy) used a skinned_bear 2-7-2021, 6:42:20 AM
MonkeyDLuffy(MonkeyDLuffy) used a skinned_bear 2-7-2021, 6:42:20 AM
MonkeyDLuffy(MonkeyDLuffy) used a skinned_bear 2-7-2021, 6:42:20 AM
MonkeyDLuffy(MonkeyDLuffy) used a skinned_bear 2-7-2021, 6:42:20 AM
MonkeyDLuffy(MonkeyDLuffy) used a skinned_bear 2-7-2021, 6:42:20 AM
MonkeyDLuffy(MonkeyDLuffy) used a skinned_bear 2-7-2021, 6:42:21 AM
MonkeyDLuffy(MonkeyDLuffy) used a skinned_bear 2-7-2021, 6:42:21 AM
MonkeyDLuffy(MonkeyDLuffy) used a skinned_bear 2-7-2021, 6:42:21 AM
MonkeyDLuffy(MonkeyDLuffy) used a skinned_bear 2-7-2021, 6:42:21 AM
MonkeyDLuffy(MonkeyDLuffy) used a skinned_bear 2-7-2021, 6:42:21 AM
MonkeyDLuffy(MonkeyDLuffy) used a skinned_bear 2-7-2021, 6:42:22 AM
MonkeyDLuffy(MonkeyDLuffy) used a skinned_bear 2-7-2021, 6:42:22 AM
MonkeyDLuffy(MonkeyDLuffy) used a skinned_bear 2-7-2021, 6:42:22 AM
MonkeyDLuffy(MonkeyDLuffy) used a skinned_bear 2-7-2021, 6:42:22 AM
MonkeyDLuffy(MonkeyDLuffy) used a skinned_bear 2-7-2021, 6:42:22 AM
MonkeyDLuffy(MonkeyDLuffy) used a skinned_bear 2-7-2021, 6:42:23 AM
MonkeyDLuffy(MonkeyDLuffy) used a skinned_bear 2-7-2021, 6:42:23 AM
MonkeyDLuffy(MonkeyDLuffy) used a skinned_bear 2-7-2021, 6:42:23 AM
MonkeyDLuffy(MonkeyDLuffy) used a skinned_bear 2-7-2021, 6:42:23 AM
MonkeyDLuffy(MonkeyDLuffy) used a skinned_bear 2-7-2021, 6:42:23 AM
MonkeyDLuffy(MonkeyDLuffy) used a skinned_bear 2-7-2021, 6:42:23 AM
MonkeyDLuffy(MonkeyDLuffy) used a skinned_bear 2-7-2021, 6:42:24 AM
MonkeyDLuffy(MonkeyDLuffy) used a skinned_bear 2-7-2021, 6:42:24 AM
MonkeyDLuffy(MonkeyDLuffy) used a skinned_bear 2-7-2021, 6:42:24 AM
MonkeyDLuffy(MonkeyDLuffy) used a skinned_bear 2-7-2021, 6:42:24 AM
MonkeyDLuffy(MonkeyDLuffy) used a skinned_bear 2-7-2021, 6:42:24 AM
MonkeyDLuffy(MonkeyDLuffy) used a skinned_bear 2-7-2021, 6:42:25 AM
MonkeyDLuffy(MonkeyDLuffy) used a skinned_bear 2-7-2021, 6:42:25 AM
MonkeyDLuffy(MonkeyDLuffy) used a skinned_bear 2-7-2021, 6:42:25 AM
MonkeyDLuffy(MonkeyDLuffy) used a skinned_bear 2-7-2021, 6:42:25 AM
MonkeyDLuffy(MonkeyDLuffy) used a skinned_bear 2-7-2021, 6:42:25 AM
MonkeyDLuffy(MonkeyDLuffy) used a skinned_bear 2-7-2021, 6:42:26 AM
MonkeyDLuffy(MonkeyDLuffy) used a skinned_bear 2-7-2021, 6:42:26 AM
MonkeyDLuffy(MonkeyDLuffy) used a skinned_bear 2-7-2021, 6:42:26 AM
MonkeyDLuffy(MonkeyDLuffy) used a skinned_bear 2-7-2021, 6:42:26 AM
MonkeyDLuffy(MonkeyDLuffy) used a skinned_bear 2-7-2021, 6:42:26 AM
MonkeyDLuffy(MonkeyDLuffy) used a skinned_bear 2-7-2021, 6:42:26 AM
MonkeyDLuffy(MonkeyDLuffy) used a skinned_bear 2-7-2021, 6:42:27 AM
MonkeyDLuffy(MonkeyDLuffy) used a skinned_bear 2-7-2021, 6:42:27 AM
MonkeyDLuffy(MonkeyDLuffy) used a skinned_bear 2-7-2021, 6:42:27 AM
MonkeyDLuffy(MonkeyDLuffy) used a bear_skin 2-7-2021, 6:42:52 AM
MonkeyDLuffy(MonkeyDLuffy) used a bear_skin 2-7-2021, 6:42:53 AM
MonkeyDLuffy(MonkeyDLuffy) used a bear_skin 2-7-2021, 6:42:53 AM
MonkeyDLuffy(MonkeyDLuffy) used a bear_skin 2-7-2021, 6:42:53 AM
MonkeyDLuffy(MonkeyDLuffy) used a bear_skin 2-7-2021, 6:42:53 AM
MonkeyDLuffy(MonkeyDLuffy) used a boar_skin 2-7-2021, 6:43:02 AM
MonkeyDLuffy(MonkeyDLuffy) used a boar_skin 2-7-2021, 6:43:03 AM
MonkeyDLuffy(MonkeyDLuffy) used a boar_skin 2-7-2021, 6:43:03 AM
MonkeyDLuffy(MonkeyDLuffy) used a boar_skin 2-7-2021, 6:43:03 AM
MonkeyDLuffy(MonkeyDLuffy) used a boar_skin 2-7-2021, 6:43:03 AM
MonkeyDLuffy(MonkeyDLuffy) used a boar_skin 2-7-2021, 6:43:03 AM
MonkeyDLuffy(MonkeyDLuffy) used a fire_starter 2-7-2021, 6:44:11 AM
MonkeyDLuffy(MonkeyDLuffy) used a warp_box 2-7-2021, 6:50:56 AM
MonkeyDLuffy(MonkeyDLuffy) used a item_grabber 2-7-2021, 6:52:05 AM
MonkeyDLuffy(MonkeyDLuffy) used a fire_starter 2-7-2021, 6:59:31 AM
MonkeyDLuffy(MonkeyDLuffy) used a cutted_gorilla_meat 2-7-2021, 6:59:35 AM
MonkeyDLuffy(MonkeyDLuffy) used a cutted_gorilla_meat 2-7-2021, 6:59:35 AM
MonkeyDLuffy(MonkeyDLuffy) used a cutted_gorilla_meat 2-7-2021, 6:59:35 AM
MonkeyDLuffy(MonkeyDLuffy) used a cutted_gorilla_meat 2-7-2021, 6:59:36 AM
MonkeyDLuffy(MonkeyDLuffy) used a cutted_gorilla_meat 2-7-2021, 6:59:36 AM
MonkeyDLuffy(MonkeyDLuffy) used a cutted_gorilla_meat 2-7-2021, 6:59:36 AM
MonkeyDLuffy(MonkeyDLuffy) used a cutted_gorilla_meat 2-7-2021, 6:59:36 AM
MonkeyDLuffy(MonkeyDLuffy) used a cutted_gorilla_meat 2-7-2021, 6:59:37 AM
MonkeyDLuffy(MonkeyDLuffy) used a cutted_gorilla_meat 2-7-2021, 6:59:37 AM
MonkeyDLuffy(MonkeyDLuffy) used a cutted_gorilla_meat 2-7-2021, 6:59:37 AM
MonkeyDLuffy(MonkeyDLuffy) used a cutted_gorilla_meat 2-7-2021, 6:59:37 AM
MonkeyDLuffy(MonkeyDLuffy) used a cutted_gorilla_meat 2-7-2021, 6:59:38 AM
MonkeyDLuffy(MonkeyDLuffy) used a cutted_gorilla_meat 2-7-2021, 6:59:38 AM
MonkeyDLuffy(MonkeyDLuffy) used a cutted_gorilla_meat 2-7-2021, 6:59:38 AM
MonkeyDLuffy(MonkeyDLuffy) used a cutted_gorilla_meat 2-7-2021, 6:59:38 AM
MonkeyDLuffy(MonkeyDLuffy) used a cutted_gorilla_meat 2-7-2021, 6:59:38 AM
MonkeyDLuffy(MonkeyDLuffy) used a cutted_gorilla_meat 2-7-2021, 6:59:39 AM
MonkeyDLuffy(MonkeyDLuffy) used a cutted_gorilla_meat 2-7-2021, 6:59:39 AM
MonkeyDLuffy(MonkeyDLuffy) used a cutted_gorilla_meat 2-7-2021, 6:59:39 AM
MonkeyDLuffy(MonkeyDLuffy) used a cutted_gorilla_meat 2-7-2021, 6:59:39 AM
MonkeyDLuffy(MonkeyDLuffy) used a cutted_gorilla_meat 2-7-2021, 6:59:40 AM
MonkeyDLuffy(MonkeyDLuffy) used a cutted_gorilla_meat 2-7-2021, 6:59:40 AM
MonkeyDLuffy(MonkeyDLuffy) used a cutted_gorilla_meat 2-7-2021, 6:59:40 AM
MonkeyDLuffy(MonkeyDLuffy) used a cutted_gorilla_meat 2-7-2021, 6:59:40 AM
MonkeyDLuffy(MonkeyDLuffy) used a cutted_gorilla_meat 2-7-2021, 6:59:41 AM
MonkeyDLuffy(MonkeyDLuffy) used a cutted_gorilla_meat 2-7-2021, 6:59:41 AM
MonkeyDLuffy(MonkeyDLuffy) used a cutted_gorilla_meat 2-7-2021, 6:59:41 AM
MonkeyDLuffy(MonkeyDLuffy) used a cutted_gorilla_meat 2-7-2021, 6:59:41 AM
MonkeyDLuffy(MonkeyDLuffy) used a cutted_gorilla_meat 2-7-2021, 6:59:41 AM
MonkeyDLuffy(MonkeyDLuffy) used a cutted_gorilla_meat 2-7-2021, 6:59:42 AM
MonkeyDLuffy(MonkeyDLuffy) used a cutted_gorilla_meat 2-7-2021, 6:59:42 AM
MonkeyDLuffy(MonkeyDLuffy) used a cutted_gorilla_meat 2-7-2021, 6:59:42 AM
MonkeyDLuffy(MonkeyDLuffy) used a cutted_gorilla_meat 2-7-2021, 6:59:42 AM
MonkeyDLuffy(MonkeyDLuffy) used a cutted_gorilla_meat 2-7-2021, 6:59:42 AM
MonkeyDLuffy(MonkeyDLuffy) used a cutted_gorilla_meat 2-7-2021, 6:59:43 AM
MonkeyDLuffy(MonkeyDLuffy) used a cutted_gorilla_meat 2-7-2021, 6:59:43 AM
MonkeyDLuffy(MonkeyDLuffy) used a cutted_gorilla_meat 2-7-2021, 6:59:43 AM
MonkeyDLuffy(MonkeyDLuffy) used a cutted_gorilla_meat 2-7-2021, 6:59:43 AM
MonkeyDLuffy(MonkeyDLuffy) used a cutted_gorilla_meat 2-7-2021, 6:59:44 AM
MonkeyDLuffy(MonkeyDLuffy) used a cutted_gorilla_meat 2-7-2021, 6:59:51 AM
MonkeyDLuffy(MonkeyDLuffy) used a cutted_gorilla_meat 2-7-2021, 6:59:51 AM
MonkeyDLuffy(MonkeyDLuffy) used a cutted_gorilla_meat 2-7-2021, 6:59:51 AM
MonkeyDLuffy(MonkeyDLuffy) used a cutted_gorilla_meat 2-7-2021, 6:59:52 AM
MonkeyDLuffy(MonkeyDLuffy) used a cutted_gorilla_meat 2-7-2021, 6:59:52 AM
MonkeyDLuffy(MonkeyDLuffy) used a cutted_gorilla_meat 2-7-2021, 6:59:52 AM
MonkeyDLuffy(MonkeyDLuffy) used a cutted_gorilla_meat 2-7-2021, 6:59:52 AM
MonkeyDLuffy(MonkeyDLuffy) used a cutted_gorilla_meat 2-7-2021, 6:59:53 AM
MonkeyDLuffy(MonkeyDLuffy) used a cutted_gorilla_meat 2-7-2021, 6:59:54 AM
MonkeyDLuffy(MonkeyDLuffy) used a cutted_gorilla_meat 2-7-2021, 6:59:55 AM
MonkeyDLuffy(MonkeyDLuffy) used a cutted_gorilla_meat 2-7-2021, 6:59:55 AM
MonkeyDLuffy(MonkeyDLuffy) used a cutted_gorilla_meat 2-7-2021, 6:59:55 AM
MonkeyDLuffy(MonkeyDLuffy) used a cutted_gorilla_meat 2-7-2021, 6:59:55 AM
MonkeyDLuffy(MonkeyDLuffy) used a cutted_gorilla_meat 2-7-2021, 6:59:58 AM
MonkeyDLuffy(MonkeyDLuffy) used a cutted_gorilla_meat 2-7-2021, 6:59:58 AM
MonkeyDLuffy(MonkeyDLuffy) used a cutted_gorilla_meat 2-7-2021, 6:59:59 AM
MonkeyDLuffy(MonkeyDLuffy) used a cutted_gorilla_meat 2-7-2021, 6:59:59 AM
MonkeyDLuffy(MonkeyDLuffy) used a cutted_gorilla_meat 2-7-2021, 7:00:03 AM
MonkeyDLuffy(MonkeyDLuffy) used a cutted_gorilla_meat 2-7-2021, 7:00:03 AM
MonkeyDLuffy(MonkeyDLuffy) used a cutted_gorilla_meat 2-7-2021, 7:00:04 AM
MonkeyDLuffy(MonkeyDLuffy) used a cutted_gorilla_meat 2-7-2021, 7:00:04 AM
MonkeyDLuffy(MonkeyDLuffy) used a cutted_gorilla_meat 2-7-2021, 7:00:04 AM
MonkeyDLuffy(MonkeyDLuffy) used a cutted_gorilla_meat 2-7-2021, 7:00:04 AM
MonkeyDLuffy(MonkeyDLuffy) used a cutted_gorilla_meat 2-7-2021, 7:00:04 AM
MonkeyDLuffy(MonkeyDLuffy) used a cutted_gorilla_meat 2-7-2021, 7:00:04 AM
MonkeyDLuffy(MonkeyDLuffy) used a cutted_gorilla_meat 2-7-2021, 7:00:05 AM
MonkeyDLuffy(MonkeyDLuffy) used a cutted_gorilla_meat 2-7-2021, 7:00:05 AM
MonkeyDLuffy(MonkeyDLuffy) used a cutted_gorilla_meat 2-7-2021, 7:00:05 AM
MonkeyDLuffy(MonkeyDLuffy) used a cutted_gorilla_meat 2-7-2021, 7:00:05 AM
MonkeyDLuffy(MonkeyDLuffy) used a cutted_gorilla_meat 2-7-2021, 7:00:06 AM
MonkeyDLuffy(MonkeyDLuffy) used a cutted_gorilla_meat 2-7-2021, 7:00:06 AM
MonkeyDLuffy(MonkeyDLuffy) used a cutted_gorilla_meat 2-7-2021, 7:00:06 AM
MonkeyDLuffy(MonkeyDLuffy) used a cutted_gorilla_meat 2-7-2021, 7:00:06 AM
MonkeyDLuffy(MonkeyDLuffy) used a cutted_gorilla_meat 2-7-2021, 7:00:06 AM
MonkeyDLuffy(MonkeyDLuffy) used a cutted_gorilla_meat 2-7-2021, 7:00:06 AM
MonkeyDLuffy(MonkeyDLuffy) used a cutted_gorilla_meat 2-7-2021, 7:00:07 AM
MonkeyDLuffy(MonkeyDLuffy) used a cutted_gorilla_meat 2-7-2021, 7:00:07 AM
MonkeyDLuffy(MonkeyDLuffy) used a cutted_gorilla_meat 2-7-2021, 7:00:07 AM
MonkeyDLuffy(MonkeyDLuffy) used a cutted_gorilla_meat 2-7-2021, 7:00:07 AM
MonkeyDLuffy(MonkeyDLuffy) used a cutted_gorilla_meat 2-7-2021, 7:00:08 AM
MonkeyDLuffy(MonkeyDLuffy) used a cutted_gorilla_meat 2-7-2021, 7:00:08 AM
MonkeyDLuffy(MonkeyDLuffy) used a cutted_gorilla_meat 2-7-2021, 7:00:08 AM
MonkeyDLuffy(MonkeyDLuffy) used a cutted_gorilla_meat 2-7-2021, 7:00:08 AM
MonkeyDLuffy(MonkeyDLuffy) used a cutted_gorilla_meat 2-7-2021, 7:00:08 AM
MonkeyDLuffy(MonkeyDLuffy) used a cutted_gorilla_meat 2-7-2021, 7:00:09 AM
MonkeyDLuffy(MonkeyDLuffy) used a cutted_gorilla_meat 2-7-2021, 7:00:09 AM
MonkeyDLuffy(MonkeyDLuffy) used a cutted_gorilla_meat 2-7-2021, 7:00:09 AM
MonkeyDLuffy(MonkeyDLuffy) used a cutted_gorilla_meat 2-7-2021, 7:00:09 AM
MonkeyDLuffy(MonkeyDLuffy) used a cutted_gorilla_meat 2-7-2021, 7:00:10 AM
MonkeyDLuffy(MonkeyDLuffy) used a cutted_gorilla_meat 2-7-2021, 7:00:10 AM
MonkeyDLuffy(MonkeyDLuffy) used a cutted_gorilla_meat 2-7-2021, 7:00:10 AM
MonkeyDLuffy(MonkeyDLuffy) used a cutted_gorilla_meat 2-7-2021, 7:00:10 AM
MonkeyDLuffy(MonkeyDLuffy) used a cutted_gorilla_meat 2-7-2021, 7:00:10 AM
MonkeyDLuffy(MonkeyDLuffy) used a cutted_gorilla_meat 2-7-2021, 7:00:11 AM
MonkeyDLuffy(MonkeyDLuffy) used a cutted_gorilla_meat 2-7-2021, 7:00:11 AM
MonkeyDLuffy(MonkeyDLuffy) used a cutted_gorilla_meat 2-7-2021, 7:00:11 AM
MonkeyDLuffy(MonkeyDLuffy) used a cutted_gorilla_meat 2-7-2021, 7:00:11 AM
MonkeyDLuffy(MonkeyDLuffy) used a cutted_gorilla_meat 2-7-2021, 7:00:12 AM
MonkeyDLuffy(MonkeyDLuffy) used a cutted_gorilla_meat 2-7-2021, 7:00:12 AM
MonkeyDLuffy(MonkeyDLuffy) used a cutted_gorilla_meat 2-7-2021, 7:00:12 AM
MonkeyDLuffy(MonkeyDLuffy) used a cutted_gorilla_meat 2-7-2021, 7:00:12 AM
MonkeyDLuffy(MonkeyDLuffy) used a cutted_gorilla_meat 2-7-2021, 7:00:12 AM
MonkeyDLuffy(MonkeyDLuffy) used a cutted_gorilla_meat 2-7-2021, 7:00:13 AM
MonkeyDLuffy(MonkeyDLuffy) used a cutted_gorilla_meat 2-7-2021, 7:00:16 AM
MonkeyDLuffy(MonkeyDLuffy) used a cutted_gorilla_meat 2-7-2021, 7:00:16 AM
MonkeyDLuffy(MonkeyDLuffy) used a cutted_gorilla_meat 2-7-2021, 7:00:16 AM
MonkeyDLuffy(MonkeyDLuffy) used a cutted_gorilla_meat 2-7-2021, 7:00:17 AM
MonkeyDLuffy(MonkeyDLuffy) used a cutted_gorilla_meat 2-7-2021, 7:00:17 AM
MonkeyDLuffy(MonkeyDLuffy) used a cutted_gorilla_meat 2-7-2021, 7:00:17 AM
MonkeyDLuffy(MonkeyDLuffy) used a cutted_gorilla_meat 2-7-2021, 7:00:17 AM
MonkeyDLuffy(MonkeyDLuffy) used a cutted_gorilla_meat 2-7-2021, 7:00:18 AM
MonkeyDLuffy(MonkeyDLuffy) used a cutted_gorilla_meat 2-7-2021, 7:00:18 AM
MonkeyDLuffy(MonkeyDLuffy) used a cutted_gorilla_meat 2-7-2021, 7:00:18 AM
MonkeyDLuffy(MonkeyDLuffy) used a cutted_gorilla_meat 2-7-2021, 7:00:18 AM
MonkeyDLuffy(MonkeyDLuffy) used a cutted_gorilla_meat 2-7-2021, 7:00:18 AM
MonkeyDLuffy(MonkeyDLuffy) used a cutted_gorilla_meat 2-7-2021, 7:00:19 AM
MonkeyDLuffy(MonkeyDLuffy) used a cutted_gorilla_meat 2-7-2021, 7:00:19 AM
MonkeyDLuffy(MonkeyDLuffy) used a cutted_gorilla_meat 2-7-2021, 7:00:19 AM
MonkeyDLuffy(MonkeyDLuffy) used a cutted_gorilla_meat 2-7-2021, 7:00:19 AM
MonkeyDLuffy(MonkeyDLuffy) used a cutted_gorilla_meat 2-7-2021, 7:00:20 AM
MonkeyDLuffy(MonkeyDLuffy) used a cutted_gorilla_meat 2-7-2021, 7:00:20 AM
MonkeyDLuffy(MonkeyDLuffy) used a cutted_gorilla_meat 2-7-2021, 7:00:20 AM
MonkeyDLuffy(MonkeyDLuffy) used a cutted_gorilla_meat 2-7-2021, 7:00:20 AM
MonkeyDLuffy(MonkeyDLuffy) used a cutted_gorilla_meat 2-7-2021, 7:00:20 AM
MonkeyDLuffy(MonkeyDLuffy) used a cutted_gorilla_meat 2-7-2021, 7:00:21 AM
MonkeyDLuffy(MonkeyDLuffy) used a cutted_gorilla_meat 2-7-2021, 7:00:21 AM
MonkeyDLuffy(MonkeyDLuffy) used a cutted_gorilla_meat 2-7-2021, 7:00:21 AM
MonkeyDLuffy(MonkeyDLuffy) used a cutted_gorilla_meat 2-7-2021, 7:00:21 AM
MonkeyDLuffy(MonkeyDLuffy) used a cutted_gorilla_meat 2-7-2021, 7:00:21 AM
MonkeyDLuffy(MonkeyDLuffy) used a cutted_gorilla_meat 2-7-2021, 7:00:22 AM
MonkeyDLuffy(MonkeyDLuffy) used a cutted_gorilla_meat 2-7-2021, 7:00:22 AM
MonkeyDLuffy(MonkeyDLuffy) used a cutted_gorilla_meat 2-7-2021, 7:00:22 AM
MonkeyDLuffy(MonkeyDLuffy) used a cutted_gorilla_meat 2-7-2021, 7:00:22 AM
MonkeyDLuffy(MonkeyDLuffy) used a cutted_gorilla_meat 2-7-2021, 7:00:23 AM
MonkeyDLuffy(MonkeyDLuffy) used a cutted_gorilla_meat 2-7-2021, 7:00:23 AM
MonkeyDLuffy(MonkeyDLuffy) used a cutted_gorilla_meat 2-7-2021, 7:00:23 AM
MonkeyDLuffy(MonkeyDLuffy) used a cutted_gorilla_meat 2-7-2021, 7:00:23 AM
MonkeyDLuffy(MonkeyDLuffy) used a cutted_gorilla_meat 2-7-2021, 7:00:24 AM
MonkeyDLuffy(MonkeyDLuffy) used a cutted_gorilla_meat 2-7-2021, 7:00:24 AM
MonkeyDLuffy(MonkeyDLuffy) used a cutted_gorilla_meat 2-7-2021, 7:00:24 AM
MonkeyDLuffy(MonkeyDLuffy) used a cutted_gorilla_meat 2-7-2021, 7:00:24 AM
MonkeyDLuffy(MonkeyDLuffy) used a cutted_gorilla_meat 2-7-2021, 7:00:25 AM
MonkeyDLuffy(MonkeyDLuffy) used a cutted_gorilla_meat 2-7-2021, 7:00:25 AM
MonkeyDLuffy(MonkeyDLuffy) used a cutted_gorilla_meat 2-7-2021, 7:00:25 AM
MonkeyDLuffy(MonkeyDLuffy) used a cutted_gorilla_meat 2-7-2021, 7:00:25 AM
MonkeyDLuffy(MonkeyDLuffy) used a cutted_gorilla_meat 2-7-2021, 7:00:25 AM
MonkeyDLuffy(MonkeyDLuffy) used a cutted_gorilla_meat 2-7-2021, 7:00:26 AM
MonkeyDLuffy(MonkeyDLuffy) used a cutted_gorilla_meat 2-7-2021, 7:00:26 AM
MonkeyDLuffy(MonkeyDLuffy) used a cutted_gorilla_meat 2-7-2021, 7:00:26 AM
MonkeyDLuffy(MonkeyDLuffy) used a cutted_gorilla_meat 2-7-2021, 7:00:26 AM
MonkeyDLuffy(MonkeyDLuffy) used a cutted_gorilla_meat 2-7-2021, 7:00:26 AM
MonkeyDLuffy(MonkeyDLuffy) used a cutted_gorilla_meat 2-7-2021, 7:00:26 AM
MonkeyDLuffy(MonkeyDLuffy) used a cutted_gorilla_meat 2-7-2021, 7:00:27 AM
MonkeyDLuffy(MonkeyDLuffy) used a cutted_gorilla_meat 2-7-2021, 7:00:27 AM
MonkeyDLuffy(MonkeyDLuffy) used a cutted_gorilla_meat 2-7-2021, 7:00:27 AM
MonkeyDLuffy(MonkeyDLuffy) used a cutted_gorilla_meat 2-7-2021, 7:00:27 AM
MonkeyDLuffy(MonkeyDLuffy) used a cutted_gorilla_meat 2-7-2021, 7:00:27 AM
MonkeyDLuffy(MonkeyDLuffy) used a cutted_gorilla_meat 2-7-2021, 7:00:27 AM
MonkeyDLuffy(MonkeyDLuffy) used a cutted_gorilla_meat 2-7-2021, 7:00:28 AM
MonkeyDLuffy(MonkeyDLuffy) used a cutted_gorilla_meat 2-7-2021, 7:00:28 AM
MonkeyDLuffy(MonkeyDLuffy) used a cutted_gorilla_meat 2-7-2021, 7:00:28 AM
MonkeyDLuffy(MonkeyDLuffy) used a cutted_gorilla_meat 2-7-2021, 7:00:28 AM
MonkeyDLuffy(MonkeyDLuffy) used a cutted_gorilla_meat 2-7-2021, 7:00:28 AM
MonkeyDLuffy(MonkeyDLuffy) used a cutted_gorilla_meat 2-7-2021, 7:00:28 AM
MonkeyDLuffy(MonkeyDLuffy) used a cutted_gorilla_meat 2-7-2021, 7:00:29 AM
MonkeyDLuffy(MonkeyDLuffy) used a cutted_gorilla_meat 2-7-2021, 7:00:29 AM
MonkeyDLuffy(MonkeyDLuffy) used a cutted_gorilla_meat 2-7-2021, 7:00:29 AM
MonkeyDLuffy(MonkeyDLuffy) used a cutted_gorilla_meat 2-7-2021, 7:00:29 AM
MonkeyDLuffy(MonkeyDLuffy) used a cutted_gorilla_meat 2-7-2021, 7:00:29 AM
MonkeyDLuffy(MonkeyDLuffy) used a cutted_gorilla_meat 2-7-2021, 7:00:29 AM
MonkeyDLuffy(MonkeyDLuffy) used a cutted_gorilla_meat 2-7-2021, 7:00:30 AM
MonkeyDLuffy(MonkeyDLuffy) used a cutted_gorilla_meat 2-7-2021, 7:00:30 AM
MonkeyDLuffy(MonkeyDLuffy) used a cutted_gorilla_meat 2-7-2021, 7:00:30 AM
MonkeyDLuffy(MonkeyDLuffy) used a cutted_gorilla_meat 2-7-2021, 7:00:30 AM
MonkeyDLuffy(MonkeyDLuffy) used a cutted_gorilla_meat 2-7-2021, 7:00:30 AM
MonkeyDLuffy(MonkeyDLuffy) used a cutted_gorilla_meat 2-7-2021, 7:00:30 AM
MonkeyDLuffy(MonkeyDLuffy) used a cutted_gorilla_meat 2-7-2021, 7:00:31 AM
MonkeyDLuffy(MonkeyDLuffy) used a cutted_gorilla_meat 2-7-2021, 7:00:31 AM
MonkeyDLuffy(MonkeyDLuffy) used a cutted_gorilla_meat 2-7-2021, 7:00:31 AM
MonkeyDLuffy(MonkeyDLuffy) used a cutted_gorilla_meat 2-7-2021, 7:00:31 AM
MonkeyDLuffy(MonkeyDLuffy) used a cutted_gorilla_meat 2-7-2021, 7:00:31 AM
MonkeyDLuffy(MonkeyDLuffy) used a cutted_gorilla_meat 2-7-2021, 7:00:31 AM
MonkeyDLuffy(MonkeyDLuffy) used a cutted_gorilla_meat 2-7-2021, 7:00:32 AM
MonkeyDLuffy(MonkeyDLuffy) used a cutted_gorilla_meat 2-7-2021, 7:00:32 AM
MonkeyDLuffy(MonkeyDLuffy) used a cutted_gorilla_meat 2-7-2021, 7:00:32 AM
MonkeyDLuffy(MonkeyDLuffy) used a cutted_gorilla_meat 2-7-2021, 7:00:32 AM
MonkeyDLuffy(MonkeyDLuffy) used a cutted_gorilla_meat 2-7-2021, 7:00:32 AM
MonkeyDLuffy(MonkeyDLuffy) used a cutted_gorilla_meat 2-7-2021, 7:00:32 AM
MonkeyDLuffy(MonkeyDLuffy) used a cutted_gorilla_meat 2-7-2021, 7:00:33 AM
MonkeyDLuffy(MonkeyDLuffy) used a cutted_gorilla_meat 2-7-2021, 7:00:33 AM
MonkeyDLuffy(MonkeyDLuffy) used a cutted_gorilla_meat 2-7-2021, 7:00:33 AM
MonkeyDLuffy(MonkeyDLuffy) used a cutted_gorilla_meat 2-7-2021, 7:00:33 AM
MonkeyDLuffy(MonkeyDLuffy) used a cutted_gorilla_meat 2-7-2021, 7:00:33 AM
MonkeyDLuffy(MonkeyDLuffy) used a cutted_gorilla_meat 2-7-2021, 7:00:34 AM
MonkeyDLuffy(MonkeyDLuffy) used a cutted_gorilla_meat 2-7-2021, 7:00:34 AM
MonkeyDLuffy(MonkeyDLuffy) used a cutted_gorilla_meat 2-7-2021, 7:00:34 AM
MonkeyDLuffy(MonkeyDLuffy) used a cutted_gorilla_meat 2-7-2021, 7:00:34 AM
MonkeyDLuffy(MonkeyDLuffy) used a cutted_gorilla_meat 2-7-2021, 7:00:34 AM
MonkeyDLuffy(MonkeyDLuffy) used a cutted_gorilla_meat 2-7-2021, 7:00:34 AM
MonkeyDLuffy(MonkeyDLuffy) used a cutted_gorilla_meat 2-7-2021, 7:00:35 AM
MonkeyDLuffy(MonkeyDLuffy) used a cutted_gorilla_meat 2-7-2021, 7:00:35 AM
MonkeyDLuffy(MonkeyDLuffy) used a cutted_gorilla_meat 2-7-2021, 7:00:35 AM
MonkeyDLuffy(MonkeyDLuffy) used a cutted_gorilla_meat 2-7-2021, 7:00:35 AM
MonkeyDLuffy(MonkeyDLuffy) used a cutted_gorilla_meat 2-7-2021, 7:00:35 AM
MonkeyDLuffy(MonkeyDLuffy) used a cutted_gorilla_meat 2-7-2021, 7:00:35 AM
MonkeyDLuffy(MonkeyDLuffy) used a cutted_gorilla_meat 2-7-2021, 7:00:36 AM
MonkeyDLuffy(MonkeyDLuffy) used a cutted_gorilla_meat 2-7-2021, 7:00:36 AM
MonkeyDLuffy(MonkeyDLuffy) used a cutted_gorilla_meat 2-7-2021, 7:00:36 AM
MonkeyDLuffy(MonkeyDLuffy) used a cutted_gorilla_meat 2-7-2021, 7:00:36 AM
MonkeyDLuffy(MonkeyDLuffy) used a cutted_gorilla_meat 2-7-2021, 7:00:37 AM
MonkeyDLuffy(MonkeyDLuffy) used a cutted_gorilla_meat 2-7-2021, 7:00:37 AM
MonkeyDLuffy(MonkeyDLuffy) used a cutted_gorilla_meat 2-7-2021, 7:00:37 AM
MonkeyDLuffy(MonkeyDLuffy) used a cutted_gorilla_meat 2-7-2021, 7:00:37 AM
MonkeyDLuffy(MonkeyDLuffy) used a cutted_gorilla_meat 2-7-2021, 7:00:37 AM
MonkeyDLuffy(MonkeyDLuffy) used a cutted_gorilla_meat 2-7-2021, 7:00:38 AM
MonkeyDLuffy(MonkeyDLuffy) used a cutted_gorilla_meat 2-7-2021, 7:00:38 AM
MonkeyDLuffy(MonkeyDLuffy) used a cutted_gorilla_meat 2-7-2021, 7:00:38 AM
MonkeyDLuffy(MonkeyDLuffy) used a cutted_gorilla_meat 2-7-2021, 7:00:38 AM
MonkeyDLuffy(MonkeyDLuffy) used a cutted_gorilla_meat 2-7-2021, 7:00:39 AM
MonkeyDLuffy(MonkeyDLuffy) used a cutted_gorilla_meat 2-7-2021, 7:00:39 AM
MonkeyDLuffy(MonkeyDLuffy) used a cutted_gorilla_meat 2-7-2021, 7:00:39 AM
MonkeyDLuffy(MonkeyDLuffy) used a cutted_gorilla_meat 2-7-2021, 7:00:40 AM
MonkeyDLuffy(MonkeyDLuffy) used a cutted_gorilla_meat 2-7-2021, 7:00:40 AM
MonkeyDLuffy(MonkeyDLuffy) used a cutted_gorilla_meat 2-7-2021, 7:00:40 AM
MonkeyDLuffy(MonkeyDLuffy) used a cutted_gorilla_meat 2-7-2021, 7:00:40 AM
MonkeyDLuffy(MonkeyDLuffy) used a cutted_gorilla_meat 2-7-2021, 7:00:40 AM
MonkeyDLuffy(MonkeyDLuffy) used a cutted_gorilla_meat 2-7-2021, 7:00:40 AM
MonkeyDLuffy(MonkeyDLuffy) used a cutted_gorilla_meat 2-7-2021, 7:00:41 AM
MonkeyDLuffy(MonkeyDLuffy) used a cutted_gorilla_meat 2-7-2021, 7:00:41 AM
MonkeyDLuffy(MonkeyDLuffy) used a cutted_gorilla_meat 2-7-2021, 7:00:41 AM
MonkeyDLuffy(MonkeyDLuffy) used a cutted_gorilla_meat 2-7-2021, 7:00:41 AM
MonkeyDLuffy(MonkeyDLuffy) used a cutted_gorilla_meat 2-7-2021, 7:00:44 AM
MonkeyDLuffy(MonkeyDLuffy) used a cutted_gorilla_meat 2-7-2021, 7:00:44 AM
MonkeyDLuffy(MonkeyDLuffy) used a cutted_gorilla_meat 2-7-2021, 7:00:45 AM
MonkeyDLuffy(MonkeyDLuffy) used a cutted_gorilla_meat 2-7-2021, 7:00:47 AM
MonkeyDLuffy(MonkeyDLuffy) used a cutted_gorilla_meat 2-7-2021, 7:00:47 AM
MonkeyDLuffy(MonkeyDLuffy) used a cutted_gorilla_meat 2-7-2021, 7:00:47 AM
MonkeyDLuffy(MonkeyDLuffy) used a cutted_gorilla_meat 2-7-2021, 7:00:47 AM
MonkeyDLuffy(MonkeyDLuffy) used a cutted_gorilla_meat 2-7-2021, 7:00:47 AM
MonkeyDLuffy(MonkeyDLuffy) used a cutted_gorilla_meat 2-7-2021, 7:00:48 AM
MonkeyDLuffy(MonkeyDLuffy) used a cutted_gorilla_meat 2-7-2021, 7:00:48 AM
MonkeyDLuffy(MonkeyDLuffy) used a cutted_gorilla_meat 2-7-2021, 7:00:48 AM
MonkeyDLuffy(MonkeyDLuffy) used a cutted_gorilla_meat 2-7-2021, 7:00:48 AM
MonkeyDLuffy(MonkeyDLuffy) used a cutted_gorilla_meat 2-7-2021, 7:00:49 AM
MonkeyDLuffy(MonkeyDLuffy) used a cutted_gorilla_meat 2-7-2021, 7:00:49 AM
MonkeyDLuffy(MonkeyDLuffy) used a cutted_gorilla_meat 2-7-2021, 7:00:49 AM
MonkeyDLuffy(MonkeyDLuffy) used a cutted_gorilla_meat 2-7-2021, 7:00:50 AM
MonkeyDLuffy(MonkeyDLuffy) used a cutted_gorilla_meat 2-7-2021, 7:00:50 AM
MonkeyDLuffy(MonkeyDLuffy) used a cutted_gorilla_meat 2-7-2021, 7:00:51 AM
MonkeyDLuffy(MonkeyDLuffy) used a cutted_gorilla_meat 2-7-2021, 7:00:51 AM
MonkeyDLuffy(MonkeyDLuffy) used a cutted_gorilla_meat 2-7-2021, 7:00:51 AM
MonkeyDLuffy(MonkeyDLuffy) used a cutted_gorilla_meat 2-7-2021, 7:00:51 AM
MonkeyDLuffy(MonkeyDLuffy) used a cutted_gorilla_meat 2-7-2021, 7:00:51 AM
MonkeyDLuffy(MonkeyDLuffy) used a cutted_gorilla_meat 2-7-2021, 7:00:52 AM
MonkeyDLuffy(MonkeyDLuffy) used a cutted_gorilla_meat 2-7-2021, 7:00:52 AM
MonkeyDLuffy(MonkeyDLuffy) used a cutted_gorilla_meat 2-7-2021, 7:00:52 AM
MonkeyDLuffy(MonkeyDLuffy) used a cutted_gorilla_meat 2-7-2021, 7:00:52 AM
MonkeyDLuffy(MonkeyDLuffy) used a cutted_gorilla_meat 2-7-2021, 7:00:53 AM
MonkeyDLuffy(MonkeyDLuffy) used a cutted_gorilla_meat 2-7-2021, 7:00:53 AM
MonkeyDLuffy(MonkeyDLuffy) used a cutted_gorilla_meat 2-7-2021, 7:00:53 AM
MonkeyDLuffy(MonkeyDLuffy) used a cutted_gorilla_meat 2-7-2021, 7:00:53 AM
MonkeyDLuffy(MonkeyDLuffy) used a cutted_gorilla_meat 2-7-2021, 7:00:53 AM
MonkeyDLuffy(MonkeyDLuffy) used a cutted_gorilla_meat 2-7-2021, 7:00:54 AM
MonkeyDLuffy(MonkeyDLuffy) used a cutted_gorilla_meat 2-7-2021, 7:00:54 AM
MonkeyDLuffy(MonkeyDLuffy) used a cutted_gorilla_meat 2-7-2021, 7:00:54 AM
MonkeyDLuffy(MonkeyDLuffy) used a cutted_gorilla_meat 2-7-2021, 7:00:54 AM
MonkeyDLuffy(MonkeyDLuffy) used a cutted_gorilla_meat 2-7-2021, 7:00:55 AM
MonkeyDLuffy(MonkeyDLuffy) used a cutted_gorilla_meat 2-7-2021, 7:00:55 AM
MonkeyDLuffy(MonkeyDLuffy) used a cutted_gorilla_meat 2-7-2021, 7:00:55 AM
MonkeyDLuffy(MonkeyDLuffy) used a cutted_gorilla_meat 2-7-2021, 7:00:55 AM
MonkeyDLuffy(MonkeyDLuffy) used a cutted_gorilla_meat 2-7-2021, 7:00:55 AM
MonkeyDLuffy(MonkeyDLuffy) used a cutted_gorilla_meat 2-7-2021, 7:00:56 AM
MonkeyDLuffy(MonkeyDLuffy) used a cutted_gorilla_meat 2-7-2021, 7:00:56 AM
MonkeyDLuffy(MonkeyDLuffy) used a cutted_gorilla_meat 2-7-2021, 7:00:56 AM
MonkeyDLuffy(MonkeyDLuffy) used a cutted_gorilla_meat 2-7-2021, 7:00:56 AM
MonkeyDLuffy(MonkeyDLuffy) used a cutted_gorilla_meat 2-7-2021, 7:00:57 AM
MonkeyDLuffy(MonkeyDLuffy) used a cutted_gorilla_meat 2-7-2021, 7:00:57 AM
MonkeyDLuffy(MonkeyDLuffy) used a cutted_gorilla_meat 2-7-2021, 7:00:57 AM
MonkeyDLuffy(MonkeyDLuffy) used a cutted_gorilla_meat 2-7-2021, 7:00:57 AM
MonkeyDLuffy(MonkeyDLuffy) used a cutted_gorilla_meat 2-7-2021, 7:00:57 AM
MonkeyDLuffy(MonkeyDLuffy) used a cutted_gorilla_meat 2-7-2021, 7:00:58 AM
MonkeyDLuffy(MonkeyDLuffy) used a cutted_gorilla_meat 2-7-2021, 7:00:58 AM
MonkeyDLuffy(MonkeyDLuffy) used a cutted_gorilla_meat 2-7-2021, 7:00:58 AM
MonkeyDLuffy(MonkeyDLuffy) used a cutted_gorilla_meat 2-7-2021, 7:00:58 AM
MonkeyDLuffy(MonkeyDLuffy) used a cutted_gorilla_meat 2-7-2021, 7:00:59 AM
MonkeyDLuffy(MonkeyDLuffy) used a cutted_gorilla_meat 2-7-2021, 7:01:03 AM
MonkeyDLuffy(MonkeyDLuffy) used a cutted_wolf_meat 2-7-2021, 7:01:09 AM
MonkeyDLuffy(MonkeyDLuffy) used a cutted_wolf_meat 2-7-2021, 7:01:09 AM
MonkeyDLuffy(MonkeyDLuffy) used a cutted_wolf_meat 2-7-2021, 7:01:09 AM
MonkeyDLuffy(MonkeyDLuffy) used a cutted_wolf_meat 2-7-2021, 7:01:09 AM
MonkeyDLuffy(MonkeyDLuffy) used a cutted_wolf_meat 2-7-2021, 7:01:10 AM
MonkeyDLuffy(MonkeyDLuffy) used a cutted_wolf_meat 2-7-2021, 7:01:10 AM
MonkeyDLuffy(MonkeyDLuffy) used a cutted_wolf_meat 2-7-2021, 7:01:10 AM
MonkeyDLuffy(MonkeyDLuffy) used a cutted_wolf_meat 2-7-2021, 7:01:10 AM
MonkeyDLuffy(MonkeyDLuffy) used a cutted_wolf_meat 2-7-2021, 7:01:10 AM
MonkeyDLuffy(MonkeyDLuffy) used a cutted_wolf_meat 2-7-2021, 7:01:11 AM
MonkeyDLuffy(MonkeyDLuffy) used a cutted_wolf_meat 2-7-2021, 7:01:11 AM
MonkeyDLuffy(MonkeyDLuffy) used a cutted_wolf_meat 2-7-2021, 7:01:11 AM
MonkeyDLuffy(MonkeyDLuffy) used a cutted_wolf_meat 2-7-2021, 7:01:13 AM
MonkeyDLuffy(MonkeyDLuffy) used a fire_starter 2-7-2021, 7:01:21 AM
MonkeyDLuffy(MonkeyDLuffy) used a cutted_wolf_meat 2-7-2021, 7:01:24 AM
MonkeyDLuffy(MonkeyDLuffy) used a cutted_wolf_meat 2-7-2021, 7:01:24 AM
MonkeyDLuffy(MonkeyDLuffy) used a cutted_wolf_meat 2-7-2021, 7:01:25 AM
MonkeyDLuffy(MonkeyDLuffy) used a cutted_wolf_meat 2-7-2021, 7:01:25 AM
MonkeyDLuffy(MonkeyDLuffy) used a cutted_wolf_meat 2-7-2021, 7:01:25 AM
MonkeyDLuffy(MonkeyDLuffy) used a cutted_wolf_meat 2-7-2021, 7:01:25 AM
MonkeyDLuffy(MonkeyDLuffy) used a cutted_wolf_meat 2-7-2021, 7:01:26 AM
MonkeyDLuffy(MonkeyDLuffy) used a cutted_wolf_meat 2-7-2021, 7:01:26 AM
MonkeyDLuffy(MonkeyDLuffy) used a cutted_wolf_meat 2-7-2021, 7:01:26 AM
MonkeyDLuffy(MonkeyDLuffy) used a cutted_wolf_meat 2-7-2021, 7:01:26 AM
MonkeyDLuffy(MonkeyDLuffy) used a cutted_wolf_meat 2-7-2021, 7:01:26 AM
MonkeyDLuffy(MonkeyDLuffy) used a cutted_wolf_meat 2-7-2021, 7:01:26 AM
MonkeyDLuffy(MonkeyDLuffy) used a cutted_wolf_meat 2-7-2021, 7:01:27 AM
MonkeyDLuffy(MonkeyDLuffy) used a cutted_wolf_meat 2-7-2021, 7:01:27 AM
MonkeyDLuffy(MonkeyDLuffy) used a cutted_wolf_meat 2-7-2021, 7:01:27 AM
MonkeyDLuffy(MonkeyDLuffy) used a cutted_wolf_meat 2-7-2021, 7:01:27 AM
MonkeyDLuffy(MonkeyDLuffy) used a cutted_wolf_meat 2-7-2021, 7:01:27 AM
MonkeyDLuffy(MonkeyDLuffy) used a cutted_wolf_meat 2-7-2021, 7:01:28 AM
MonkeyDLuffy(MonkeyDLuffy) used a cutted_wolf_meat 2-7-2021, 7:01:28 AM
MonkeyDLuffy(MonkeyDLuffy) used a cutted_wolf_meat 2-7-2021, 7:01:28 AM
MonkeyDLuffy(MonkeyDLuffy) used a cutted_wolf_meat 2-7-2021, 7:01:28 AM
MonkeyDLuffy(MonkeyDLuffy) used a cutted_wolf_meat 2-7-2021, 7:01:28 AM
MonkeyDLuffy(MonkeyDLuffy) used a cutted_wolf_meat 2-7-2021, 7:01:29 AM
MonkeyDLuffy(MonkeyDLuffy) used a cutted_wolf_meat 2-7-2021, 7:01:29 AM
MonkeyDLuffy(MonkeyDLuffy) used a cutted_wolf_meat 2-7-2021, 7:01:29 AM
MonkeyDLuffy(MonkeyDLuffy) used a cutted_wolf_meat 2-7-2021, 7:01:29 AM
MonkeyDLuffy(MonkeyDLuffy) used a cutted_wolf_meat 2-7-2021, 7:01:29 AM
MonkeyDLuffy(MonkeyDLuffy) used a cutted_wolf_meat 2-7-2021, 7:01:30 AM
MonkeyDLuffy(MonkeyDLuffy) used a cutted_wolf_meat 2-7-2021, 7:01:30 AM
MonkeyDLuffy(MonkeyDLuffy) used a cutted_wolf_meat 2-7-2021, 7:01:30 AM
MonkeyDLuffy(MonkeyDLuffy) used a cutted_wolf_meat 2-7-2021, 7:01:30 AM
MonkeyDLuffy(MonkeyDLuffy) used a cutted_wolf_meat 2-7-2021, 7:01:31 AM
MonkeyDLuffy(MonkeyDLuffy) used a cutted_wolf_meat 2-7-2021, 7:01:31 AM
MonkeyDLuffy(MonkeyDLuffy) used a cutted_wolf_meat 2-7-2021, 7:01:31 AM
MonkeyDLuffy(MonkeyDLuffy) used a cutted_wolf_meat 2-7-2021, 7:01:31 AM
MonkeyDLuffy(MonkeyDLuffy) used a cutted_wolf_meat 2-7-2021, 7:01:31 AM
MonkeyDLuffy(MonkeyDLuffy) used a cutted_wolf_meat 2-7-2021, 7:01:32 AM
MonkeyDLuffy(MonkeyDLuffy) used a cutted_wolf_meat 2-7-2021, 7:01:32 AM
MonkeyDLuffy(MonkeyDLuffy) used a cutted_wolf_meat 2-7-2021, 7:01:32 AM
MonkeyDLuffy(MonkeyDLuffy) used a cutted_wolf_meat 2-7-2021, 7:01:32 AM
MonkeyDLuffy(MonkeyDLuffy) used a cutted_wolf_meat 2-7-2021, 7:01:33 AM
MonkeyDLuffy(MonkeyDLuffy) used a cutted_wolf_meat 2-7-2021, 7:01:33 AM
MonkeyDLuffy(MonkeyDLuffy) used a cutted_wolf_meat 2-7-2021, 7:01:33 AM
MonkeyDLuffy(MonkeyDLuffy) used a cutted_wolf_meat 2-7-2021, 7:01:33 AM
MonkeyDLuffy(MonkeyDLuffy) used a cutted_wolf_meat 2-7-2021, 7:01:34 AM
MonkeyDLuffy(MonkeyDLuffy) used a cutted_wolf_meat 2-7-2021, 7:01:34 AM
MonkeyDLuffy(MonkeyDLuffy) used a cutted_wolf_meat 2-7-2021, 7:01:34 AM
MonkeyDLuffy(MonkeyDLuffy) used a cutted_wolf_meat 2-7-2021, 7:01:34 AM
MonkeyDLuffy(MonkeyDLuffy) used a cutted_wolf_meat 2-7-2021, 7:01:34 AM
MonkeyDLuffy(MonkeyDLuffy) used a cutted_wolf_meat 2-7-2021, 7:01:35 AM
MonkeyDLuffy(MonkeyDLuffy) used a cutted_wolf_meat 2-7-2021, 7:01:35 AM
MonkeyDLuffy(MonkeyDLuffy) used a cutted_wolf_meat 2-7-2021, 7:01:35 AM
MonkeyDLuffy(MonkeyDLuffy) used a cutted_wolf_meat 2-7-2021, 7:01:35 AM
MonkeyDLuffy(MonkeyDLuffy) used a cutted_wolf_meat 2-7-2021, 7:01:36 AM
MonkeyDLuffy(MonkeyDLuffy) used a cutted_wolf_meat 2-7-2021, 7:01:36 AM
MonkeyDLuffy(MonkeyDLuffy) used a cutted_wolf_meat 2-7-2021, 7:01:36 AM
MonkeyDLuffy(MonkeyDLuffy) used a cutted_wolf_meat 2-7-2021, 7:01:36 AM
MonkeyDLuffy(MonkeyDLuffy) used a cutted_wolf_meat 2-7-2021, 7:01:37 AM
MonkeyDLuffy(MonkeyDLuffy) used a cutted_wolf_meat 2-7-2021, 7:01:37 AM
MonkeyDLuffy(MonkeyDLuffy) used a cutted_wolf_meat 2-7-2021, 7:01:37 AM
MonkeyDLuffy(MonkeyDLuffy) used a cutted_wolf_meat 2-7-2021, 7:01:37 AM
MonkeyDLuffy(MonkeyDLuffy) used a cutted_wolf_meat 2-7-2021, 7:01:37 AM
MonkeyDLuffy(MonkeyDLuffy) used a cutted_wolf_meat 2-7-2021, 7:01:38 AM
MonkeyDLuffy(MonkeyDLuffy) used a cutted_wolf_meat 2-7-2021, 7:01:38 AM
MonkeyDLuffy(MonkeyDLuffy) used a cutted_wolf_meat 2-7-2021, 7:01:38 AM
MonkeyDLuffy(MonkeyDLuffy) used a cutted_wolf_meat 2-7-2021, 7:01:38 AM
MonkeyDLuffy(MonkeyDLuffy) used a cutted_wolf_meat 2-7-2021, 7:01:39 AM
MonkeyDLuffy(MonkeyDLuffy) used a cutted_wolf_meat 2-7-2021, 7:01:39 AM
MonkeyDLuffy(MonkeyDLuffy) used a cutted_wolf_meat 2-7-2021, 7:01:39 AM
MonkeyDLuffy(MonkeyDLuffy) used a cutted_wolf_meat 2-7-2021, 7:01:39 AM
MonkeyDLuffy(MonkeyDLuffy) used a cutted_wolf_meat 2-7-2021, 7:01:44 AM
MonkeyDLuffy(MonkeyDLuffy) used a cutted_wolf_meat 2-7-2021, 7:01:44 AM
MonkeyDLuffy(MonkeyDLuffy) used a cutted_wolf_meat 2-7-2021, 7:01:44 AM
MonkeyDLuffy(MonkeyDLuffy) used a cutted_wolf_meat 2-7-2021, 7:01:45 AM
MonkeyDLuffy(MonkeyDLuffy) used a cutted_wolf_meat 2-7-2021, 7:01:45 AM
MonkeyDLuffy(MonkeyDLuffy) used a cutted_wolf_meat 2-7-2021, 7:01:45 AM
MonkeyDLuffy(MonkeyDLuffy) used a cutted_wolf_meat 2-7-2021, 7:01:46 AM
MonkeyDLuffy(MonkeyDLuffy) used a cutted_wolf_meat 2-7-2021, 7:01:46 AM
MonkeyDLuffy(MonkeyDLuffy) used a cutted_wolf_meat 2-7-2021, 7:01:46 AM
MonkeyDLuffy(MonkeyDLuffy) used a cutted_wolf_meat 2-7-2021, 7:01:46 AM
MonkeyDLuffy(MonkeyDLuffy) used a cutted_wolf_meat 2-7-2021, 7:01:46 AM
MonkeyDLuffy(MonkeyDLuffy) used a cutted_wolf_meat 2-7-2021, 7:01:47 AM
MonkeyDLuffy(MonkeyDLuffy) used a cutted_wolf_meat 2-7-2021, 7:01:47 AM
MonkeyDLuffy(MonkeyDLuffy) used a cutted_wolf_meat 2-7-2021, 7:01:47 AM
MonkeyDLuffy(MonkeyDLuffy) used a cutted_wolf_meat 2-7-2021, 7:01:47 AM
MonkeyDLuffy(MonkeyDLuffy) used a cutted_wolf_meat 2-7-2021, 7:01:47 AM
MonkeyDLuffy(MonkeyDLuffy) used a cutted_wolf_meat 2-7-2021, 7:01:48 AM
MonkeyDLuffy(MonkeyDLuffy) used a cutted_wolf_meat 2-7-2021, 7:01:48 AM
MonkeyDLuffy(MonkeyDLuffy) used a cutted_wolf_meat 2-7-2021, 7:01:48 AM
MonkeyDLuffy(MonkeyDLuffy) used a cutted_wolf_meat 2-7-2021, 7:01:48 AM
MonkeyDLuffy(MonkeyDLuffy) used a cutted_wolf_meat 2-7-2021, 7:01:49 AM
MonkeyDLuffy(MonkeyDLuffy) used a cutted_wolf_meat 2-7-2021, 7:01:49 AM
MonkeyDLuffy(MonkeyDLuffy) used a cutted_wolf_meat 2-7-2021, 7:01:49 AM
MonkeyDLuffy(MonkeyDLuffy) used a cutted_wolf_meat 2-7-2021, 7:01:50 AM
MonkeyDLuffy(MonkeyDLuffy) used a cutted_wolf_meat 2-7-2021, 7:01:50 AM
MonkeyDLuffy(MonkeyDLuffy) used a cutted_wolf_meat 2-7-2021, 7:01:50 AM
MonkeyDLuffy(MonkeyDLuffy) used a cutted_wolf_meat 2-7-2021, 7:01:51 AM
MonkeyDLuffy(MonkeyDLuffy) used a cutted_wolf_meat 2-7-2021, 7:01:51 AM
MonkeyDLuffy(MonkeyDLuffy) used a cutted_wolf_meat 2-7-2021, 7:01:51 AM
MonkeyDLuffy(MonkeyDLuffy) used a cutted_wolf_meat 2-7-2021, 7:01:51 AM
MonkeyDLuffy(MonkeyDLuffy) used a cutted_wolf_meat 2-7-2021, 7:01:52 AM
MonkeyDLuffy(MonkeyDLuffy) used a cutted_wolf_meat 2-7-2021, 7:01:52 AM
MonkeyDLuffy(MonkeyDLuffy) used a cutted_wolf_meat 2-7-2021, 7:01:52 AM
MonkeyDLuffy(MonkeyDLuffy) used a cutted_wolf_meat 2-7-2021, 7:01:52 AM
MonkeyDLuffy(MonkeyDLuffy) used a cutted_wolf_meat 2-7-2021, 7:01:53 AM
MonkeyDLuffy(MonkeyDLuffy) used a cutted_wolf_meat 2-7-2021, 7:01:53 AM
MonkeyDLuffy(MonkeyDLuffy) used a cutted_wolf_meat 2-7-2021, 7:01:53 AM
MonkeyDLuffy(MonkeyDLuffy) used a cutted_wolf_meat 2-7-2021, 7:01:53 AM
MonkeyDLuffy(MonkeyDLuffy) used a cutted_wolf_meat 2-7-2021, 7:01:53 AM
MonkeyDLuffy(MonkeyDLuffy) used a cutted_wolf_meat 2-7-2021, 7:01:54 AM
MonkeyDLuffy(MonkeyDLuffy) used a cutted_wolf_meat 2-7-2021, 7:01:54 AM
MonkeyDLuffy(MonkeyDLuffy) used a cutted_wolf_meat 2-7-2021, 7:01:54 AM
MonkeyDLuffy(MonkeyDLuffy) used a cutted_wolf_meat 2-7-2021, 7:01:55 AM
MonkeyDLuffy(MonkeyDLuffy) used a cutted_wolf_meat 2-7-2021, 7:01:55 AM
MonkeyDLuffy(MonkeyDLuffy) used a cutted_wolf_meat 2-7-2021, 7:01:56 AM
MonkeyDLuffy(MonkeyDLuffy) used a cutted_wolf_meat 2-7-2021, 7:01:56 AM
MonkeyDLuffy(MonkeyDLuffy) used a cutted_wolf_meat 2-7-2021, 7:01:56 AM
MonkeyDLuffy(MonkeyDLuffy) used a cutted_wolf_meat 2-7-2021, 7:01:56 AM
MonkeyDLuffy(MonkeyDLuffy) used a cutted_wolf_meat 2-7-2021, 7:01:57 AM
MonkeyDLuffy(MonkeyDLuffy) used a cutted_wolf_meat 2-7-2021, 7:01:57 AM
MonkeyDLuffy(MonkeyDLuffy) used a cutted_wolf_meat 2-7-2021, 7:01:57 AM
MonkeyDLuffy(MonkeyDLuffy) used a cutted_wolf_meat 2-7-2021, 7:01:57 AM
MonkeyDLuffy(MonkeyDLuffy) used a cutted_wolf_meat 2-7-2021, 7:01:57 AM
MonkeyDLuffy(MonkeyDLuffy) used a cutted_wolf_meat 2-7-2021, 7:01:58 AM
MonkeyDLuffy(MonkeyDLuffy) used a cutted_wolf_meat 2-7-2021, 7:01:58 AM
MonkeyDLuffy(MonkeyDLuffy) used a cutted_wolf_meat 2-7-2021, 7:01:58 AM
MonkeyDLuffy(MonkeyDLuffy) used a cutted_wolf_meat 2-7-2021, 7:01:58 AM
MonkeyDLuffy(MonkeyDLuffy) used a cutted_wolf_meat 2-7-2021, 7:01:59 AM
MonkeyDLuffy(MonkeyDLuffy) used a cutted_wolf_meat 2-7-2021, 7:01:59 AM
MonkeyDLuffy(MonkeyDLuffy) used a cutted_wolf_meat 2-7-2021, 7:01:59 AM
MonkeyDLuffy(MonkeyDLuffy) used a cutted_wolf_meat 2-7-2021, 7:01:59 AM
MonkeyDLuffy(MonkeyDLuffy) used a cutted_wolf_meat 2-7-2021, 7:01:59 AM
MonkeyDLuffy(MonkeyDLuffy) used a cutted_wolf_meat 2-7-2021, 7:02:00 AM
MonkeyDLuffy(MonkeyDLuffy) used a cutted_wolf_meat 2-7-2021, 7:02:00 AM
MonkeyDLuffy(MonkeyDLuffy) used a cutted_wolf_meat 2-7-2021, 7:02:00 AM
MonkeyDLuffy(MonkeyDLuffy) used a cutted_wolf_meat 2-7-2021, 7:02:00 AM
MonkeyDLuffy(MonkeyDLuffy) used a cutted_wolf_meat 2-7-2021, 7:02:01 AM
MonkeyDLuffy(MonkeyDLuffy) used a cutted_wolf_meat 2-7-2021, 7:02:01 AM
MonkeyDLuffy(MonkeyDLuffy) used a cutted_wolf_meat 2-7-2021, 7:02:01 AM
MonkeyDLuffy(MonkeyDLuffy) used a cutted_wolf_meat 2-7-2021, 7:02:01 AM
MonkeyDLuffy(MonkeyDLuffy) used a cutted_wolf_meat 2-7-2021, 7:02:02 AM
MonkeyDLuffy(MonkeyDLuffy) used a cutted_wolf_meat 2-7-2021, 7:02:02 AM
MonkeyDLuffy(MonkeyDLuffy) used a cutted_wolf_meat 2-7-2021, 7:02:02 AM
MonkeyDLuffy(MonkeyDLuffy) used a cutted_wolf_meat 2-7-2021, 7:02:02 AM
MonkeyDLuffy(MonkeyDLuffy) used a cutted_wolf_meat 2-7-2021, 7:02:02 AM
MonkeyDLuffy(MonkeyDLuffy) used a cutted_wolf_meat 2-7-2021, 7:02:05 AM
MonkeyDLuffy(MonkeyDLuffy) used a cutted_wolf_meat 2-7-2021, 7:02:05 AM
MonkeyDLuffy(MonkeyDLuffy) used a cutted_wolf_meat 2-7-2021, 7:02:06 AM
MonkeyDLuffy(MonkeyDLuffy) used a cutted_wolf_meat 2-7-2021, 7:02:06 AM
MonkeyDLuffy(MonkeyDLuffy) used a cutted_wolf_meat 2-7-2021, 7:02:06 AM
MonkeyDLuffy(MonkeyDLuffy) used a cutted_wolf_meat 2-7-2021, 7:02:09 AM
MonkeyDLuffy(MonkeyDLuffy) used a cutted_wolf_meat 2-7-2021, 7:02:09 AM
MonkeyDLuffy(MonkeyDLuffy) used a cutted_wolf_meat 2-7-2021, 7:02:09 AM
MonkeyDLuffy(MonkeyDLuffy) used a cutted_wolf_meat 2-7-2021, 7:02:10 AM
MonkeyDLuffy(MonkeyDLuffy) used a cutted_wolf_meat 2-7-2021, 7:02:10 AM
MonkeyDLuffy(MonkeyDLuffy) used a cutted_wolf_meat 2-7-2021, 7:02:10 AM
MonkeyDLuffy(MonkeyDLuffy) used a cutted_wolf_meat 2-7-2021, 7:02:10 AM
MonkeyDLuffy(MonkeyDLuffy) used a cutted_wolf_meat 2-7-2021, 7:02:11 AM
MonkeyDLuffy(MonkeyDLuffy) used a cutted_wolf_meat 2-7-2021, 7:02:11 AM
MonkeyDLuffy(MonkeyDLuffy) used a cutted_wolf_meat 2-7-2021, 7:02:11 AM
MonkeyDLuffy(MonkeyDLuffy) used a cutted_wolf_meat 2-7-2021, 7:02:11 AM
MonkeyDLuffy(MonkeyDLuffy) used a cutted_wolf_meat 2-7-2021, 7:02:11 AM
MonkeyDLuffy(MonkeyDLuffy) used a cutted_wolf_meat 2-7-2021, 7:02:12 AM
MonkeyDLuffy(MonkeyDLuffy) used a cutted_wolf_meat 2-7-2021, 7:02:12 AM
MonkeyDLuffy(MonkeyDLuffy) used a cutted_wolf_meat 2-7-2021, 7:02:12 AM
MonkeyDLuffy(MonkeyDLuffy) used a cutted_wolf_meat 2-7-2021, 7:02:12 AM
MonkeyDLuffy(MonkeyDLuffy) used a cutted_wolf_meat 2-7-2021, 7:02:12 AM
MonkeyDLuffy(MonkeyDLuffy) used a cutted_wolf_meat 2-7-2021, 7:02:13 AM
MonkeyDLuffy(MonkeyDLuffy) used a cutted_wolf_meat 2-7-2021, 7:02:13 AM
MonkeyDLuffy(MonkeyDLuffy) used a cutted_wolf_meat 2-7-2021, 7:02:13 AM
MonkeyDLuffy(MonkeyDLuffy) used a cutted_wolf_meat 2-7-2021, 7:02:13 AM
MonkeyDLuffy(MonkeyDLuffy) used a cutted_wolf_meat 2-7-2021, 7:02:14 AM
MonkeyDLuffy(MonkeyDLuffy) used a cutted_wolf_meat 2-7-2021, 7:02:14 AM
MonkeyDLuffy(MonkeyDLuffy) used a cutted_wolf_meat 2-7-2021, 7:02:14 AM
MonkeyDLuffy(MonkeyDLuffy) used a cutted_wolf_meat 2-7-2021, 7:02:14 AM
MonkeyDLuffy(MonkeyDLuffy) used a cutted_wolf_meat 2-7-2021, 7:02:14 AM
MonkeyDLuffy(MonkeyDLuffy) used a cutted_wolf_meat 2-7-2021, 7:02:15 AM
MonkeyDLuffy(MonkeyDLuffy) used a cutted_wolf_meat 2-7-2021, 7:02:15 AM
MonkeyDLuffy(MonkeyDLuffy) used a cutted_wolf_meat 2-7-2021, 7:02:15 AM
MonkeyDLuffy(MonkeyDLuffy) used a cutted_wolf_meat 2-7-2021, 7:02:15 AM
MonkeyDLuffy(MonkeyDLuffy) used a cutted_wolf_meat 2-7-2021, 7:02:16 AM
MonkeyDLuffy(MonkeyDLuffy) used a cutted_wolf_meat 2-7-2021, 7:02:16 AM
MonkeyDLuffy(MonkeyDLuffy) used a cutted_wolf_meat 2-7-2021, 7:02:16 AM
MonkeyDLuffy(MonkeyDLuffy) used a cutted_wolf_meat 2-7-2021, 7:02:16 AM
MonkeyDLuffy(MonkeyDLuffy) used a cutted_wolf_meat 2-7-2021, 7:02:16 AM
MonkeyDLuffy(MonkeyDLuffy) used a cutted_wolf_meat 2-7-2021, 7:02:16 AM
MonkeyDLuffy(MonkeyDLuffy) used a cutted_wolf_meat 2-7-2021, 7:02:17 AM
MonkeyDLuffy(MonkeyDLuffy) used a cutted_wolf_meat 2-7-2021, 7:02:17 AM
MonkeyDLuffy(MonkeyDLuffy) used a cutted_wolf_meat 2-7-2021, 7:02:17 AM
MonkeyDLuffy(MonkeyDLuffy) used a cutted_wolf_meat 2-7-2021, 7:02:17 AM
MonkeyDLuffy(MonkeyDLuffy) used a cutted_wolf_meat 2-7-2021, 7:02:18 AM
MonkeyDLuffy(MonkeyDLuffy) used a cutted_wolf_meat 2-7-2021, 7:02:18 AM
MonkeyDLuffy(MonkeyDLuffy) used a cutted_wolf_meat 2-7-2021, 7:02:18 AM
MonkeyDLuffy(MonkeyDLuffy) used a cutted_wolf_meat 2-7-2021, 7:02:18 AM
MonkeyDLuffy(MonkeyDLuffy) used a cutted_wolf_meat 2-7-2021, 7:02:18 AM
MonkeyDLuffy(MonkeyDLuffy) used a cutted_wolf_meat 2-7-2021, 7:02:19 AM
MonkeyDLuffy(MonkeyDLuffy) used a cutted_wolf_meat 2-7-2021, 7:02:19 AM
MonkeyDLuffy(MonkeyDLuffy) used a cutted_wolf_meat 2-7-2021, 7:02:19 AM
MonkeyDLuffy(MonkeyDLuffy) used a cutted_wolf_meat 2-7-2021, 7:02:19 AM
MonkeyDLuffy(MonkeyDLuffy) used a cutted_wolf_meat 2-7-2021, 7:02:20 AM
MonkeyDLuffy(MonkeyDLuffy) used a cutted_wolf_meat 2-7-2021, 7:02:20 AM
MonkeyDLuffy(MonkeyDLuffy) used a cutted_wolf_meat 2-7-2021, 7:02:20 AM
MonkeyDLuffy(MonkeyDLuffy) used a cutted_wolf_meat 2-7-2021, 7:02:21 AM
MonkeyDLuffy(MonkeyDLuffy) used a cutted_wolf_meat 2-7-2021, 7:02:21 AM
MonkeyDLuffy(MonkeyDLuffy) used a cutted_wolf_meat 2-7-2021, 7:02:21 AM
MonkeyDLuffy(MonkeyDLuffy) used a cutted_wolf_meat 2-7-2021, 7:02:21 AM
MonkeyDLuffy(MonkeyDLuffy) used a cutted_wolf_meat 2-7-2021, 7:02:21 AM
MonkeyDLuffy(MonkeyDLuffy) used a cutted_wolf_meat 2-7-2021, 7:02:22 AM
MonkeyDLuffy(MonkeyDLuffy) used a cutted_wolf_meat 2-7-2021, 7:02:22 AM
MonkeyDLuffy(MonkeyDLuffy) used a cutted_wolf_meat 2-7-2021, 7:02:22 AM
MonkeyDLuffy(MonkeyDLuffy) used a cutted_wolf_meat 2-7-2021, 7:02:22 AM
MonkeyDLuffy(MonkeyDLuffy) used a cutted_wolf_meat 2-7-2021, 7:02:23 AM
MonkeyDLuffy(MonkeyDLuffy) used a cutted_wolf_meat 2-7-2021, 7:02:23 AM
MonkeyDLuffy(MonkeyDLuffy) used a cutted_wolf_meat 2-7-2021, 7:02:23 AM
MonkeyDLuffy(MonkeyDLuffy) used a cutted_wolf_meat 2-7-2021, 7:02:23 AM
MonkeyDLuffy(MonkeyDLuffy) used a cutted_wolf_meat 2-7-2021, 7:02:23 AM
MonkeyDLuffy(MonkeyDLuffy) used a cutted_wolf_meat 2-7-2021, 7:02:24 AM
MonkeyDLuffy(MonkeyDLuffy) used a cutted_wolf_meat 2-7-2021, 7:02:24 AM
MonkeyDLuffy(MonkeyDLuffy) used a cutted_wolf_meat 2-7-2021, 7:02:24 AM
MonkeyDLuffy(MonkeyDLuffy) used a cutted_wolf_meat 2-7-2021, 7:02:24 AM
MonkeyDLuffy(MonkeyDLuffy) used a cutted_wolf_meat 2-7-2021, 7:02:25 AM
MonkeyDLuffy(MonkeyDLuffy) used a cutted_wolf_meat 2-7-2021, 7:02:25 AM
MonkeyDLuffy(MonkeyDLuffy) used a cutted_wolf_meat 2-7-2021, 7:02:25 AM
MonkeyDLuffy(MonkeyDLuffy) used a cutted_wolf_meat 2-7-2021, 7:02:25 AM
MonkeyDLuffy(MonkeyDLuffy) used a cutted_wolf_meat 2-7-2021, 7:02:25 AM
MonkeyDLuffy(MonkeyDLuffy) used a cutted_wolf_meat 2-7-2021, 7:02:26 AM
MonkeyDLuffy(MonkeyDLuffy) used a cutted_wolf_meat 2-7-2021, 7:02:26 AM
MonkeyDLuffy(MonkeyDLuffy) used a cutted_wolf_meat 2-7-2021, 7:02:26 AM
MonkeyDLuffy(MonkeyDLuffy) used a cutted_wolf_meat 2-7-2021, 7:02:26 AM
MonkeyDLuffy(MonkeyDLuffy) used a cutted_wolf_meat 2-7-2021, 7:02:27 AM
MonkeyDLuffy(MonkeyDLuffy) used a cutted_wolf_meat 2-7-2021, 7:02:27 AM
MonkeyDLuffy(MonkeyDLuffy) used a cutted_wolf_meat 2-7-2021, 7:02:27 AM
MonkeyDLuffy(MonkeyDLuffy) used a cutted_wolf_meat 2-7-2021, 7:02:27 AM
MonkeyDLuffy(MonkeyDLuffy) used a cutted_wolf_meat 2-7-2021, 7:02:27 AM
MonkeyDLuffy(MonkeyDLuffy) used a cutted_wolf_meat 2-7-2021, 7:02:28 AM
MonkeyDLuffy(MonkeyDLuffy) used a cutted_wolf_meat 2-7-2021, 7:02:28 AM
MonkeyDLuffy(MonkeyDLuffy) used a cutted_wolf_meat 2-7-2021, 7:02:28 AM
MonkeyDLuffy(MonkeyDLuffy) used a cutted_wolf_meat 2-7-2021, 7:02:28 AM
MonkeyDLuffy(MonkeyDLuffy) used a cutted_wolf_meat 2-7-2021, 7:02:28 AM
MonkeyDLuffy(MonkeyDLuffy) used a cutted_wolf_meat 2-7-2021, 7:02:29 AM
MonkeyDLuffy(MonkeyDLuffy) used a cutted_wolf_meat 2-7-2021, 7:02:29 AM
MonkeyDLuffy(MonkeyDLuffy) used a cutted_wolf_meat 2-7-2021, 7:02:29 AM
MonkeyDLuffy(MonkeyDLuffy) used a cutted_wolf_meat 2-7-2021, 7:02:29 AM
MonkeyDLuffy(MonkeyDLuffy) used a cutted_wolf_meat 2-7-2021, 7:02:30 AM
MonkeyDLuffy(MonkeyDLuffy) used a cutted_wolf_meat 2-7-2021, 7:02:30 AM
MonkeyDLuffy(MonkeyDLuffy) used a cutted_wolf_meat 2-7-2021, 7:02:30 AM
MonkeyDLuffy(MonkeyDLuffy) used a cutted_wolf_meat 2-7-2021, 7:02:30 AM
MonkeyDLuffy(MonkeyDLuffy) used a cutted_wolf_meat 2-7-2021, 7:02:31 AM
MonkeyDLuffy(MonkeyDLuffy) used a cutted_wolf_meat 2-7-2021, 7:02:31 AM
MonkeyDLuffy(MonkeyDLuffy) used a cutted_wolf_meat 2-7-2021, 7:02:31 AM
MonkeyDLuffy(MonkeyDLuffy) used a cutted_wolf_meat 2-7-2021, 7:02:31 AM
MonkeyDLuffy(MonkeyDLuffy) used a cutted_wolf_meat 2-7-2021, 7:02:31 AM
MonkeyDLuffy(MonkeyDLuffy) used a cutted_wolf_meat 2-7-2021, 7:02:32 AM
MonkeyDLuffy(MonkeyDLuffy) used a cutted_wolf_meat 2-7-2021, 7:02:32 AM
MonkeyDLuffy(MonkeyDLuffy) used a cutted_wolf_meat 2-7-2021, 7:02:32 AM
MonkeyDLuffy(MonkeyDLuffy) used a cutted_wolf_meat 2-7-2021, 7:02:32 AM
MonkeyDLuffy(MonkeyDLuffy) used a cutted_wolf_meat 2-7-2021, 7:02:33 AM
MonkeyDLuffy(MonkeyDLuffy) used a cutted_wolf_meat 2-7-2021, 7:02:33 AM
MonkeyDLuffy(MonkeyDLuffy) used a cutted_wolf_meat 2-7-2021, 7:02:33 AM
MonkeyDLuffy(MonkeyDLuffy) used a cutted_wolf_meat 2-7-2021, 7:02:33 AM
MonkeyDLuffy(MonkeyDLuffy) used a cutted_wolf_meat 2-7-2021, 7:02:33 AM
MonkeyDLuffy(MonkeyDLuffy) used a cutted_wolf_meat 2-7-2021, 7:02:34 AM
MonkeyDLuffy(MonkeyDLuffy) used a cutted_wolf_meat 2-7-2021, 7:02:34 AM
MonkeyDLuffy(MonkeyDLuffy) used a cutted_wolf_meat 2-7-2021, 7:02:35 AM
MonkeyDLuffy(MonkeyDLuffy) used a cutted_wolf_meat 2-7-2021, 7:02:35 AM
MonkeyDLuffy(MonkeyDLuffy) used a cutted_wolf_meat 2-7-2021, 7:02:35 AM
MonkeyDLuffy(MonkeyDLuffy) used a cutted_wolf_meat 2-7-2021, 7:02:35 AM
MonkeyDLuffy(MonkeyDLuffy) used a cutted_wolf_meat 2-7-2021, 7:02:35 AM
MonkeyDLuffy(MonkeyDLuffy) used a cutted_wolf_meat 2-7-2021, 7:02:35 AM
MonkeyDLuffy(MonkeyDLuffy) used a cutted_wolf_meat 2-7-2021, 7:02:35 AM
MonkeyDLuffy(MonkeyDLuffy) used a cutted_wolf_meat 2-7-2021, 7:02:36 AM
MonkeyDLuffy(MonkeyDLuffy) used a cutted_wolf_meat 2-7-2021, 7:02:36 AM
MonkeyDLuffy(MonkeyDLuffy) used a cutted_wolf_meat 2-7-2021, 7:02:36 AM
MonkeyDLuffy(MonkeyDLuffy) used a cutted_wolf_meat 2-7-2021, 7:02:36 AM
MonkeyDLuffy(MonkeyDLuffy) used a cutted_wolf_meat 2-7-2021, 7:02:37 AM
MonkeyDLuffy(MonkeyDLuffy) used a cutted_wolf_meat 2-7-2021, 7:02:37 AM
MonkeyDLuffy(MonkeyDLuffy) used a cutted_wolf_meat 2-7-2021, 7:02:37 AM
MonkeyDLuffy(MonkeyDLuffy) used a cutted_wolf_meat 2-7-2021, 7:02:37 AM
MonkeyDLuffy(MonkeyDLuffy) used a cutted_wolf_meat 2-7-2021, 7:02:37 AM
MonkeyDLuffy(MonkeyDLuffy) used a cutted_wolf_meat 2-7-2021, 7:02:38 AM
MonkeyDLuffy(MonkeyDLuffy) used a cutted_wolf_meat 2-7-2021, 7:02:38 AM
MonkeyDLuffy(MonkeyDLuffy) used a cutted_wolf_meat 2-7-2021, 7:02:38 AM
MonkeyDLuffy(MonkeyDLuffy) used a cutted_wolf_meat 2-7-2021, 7:02:38 AM
MonkeyDLuffy(MonkeyDLuffy) used a cutted_wolf_meat 2-7-2021, 7:02:39 AM
MonkeyDLuffy(MonkeyDLuffy) used a cutted_wolf_meat 2-7-2021, 7:02:39 AM
MonkeyDLuffy(MonkeyDLuffy) used a cutted_wolf_meat 2-7-2021, 7:02:39 AM
MonkeyDLuffy(MonkeyDLuffy) used a cutted_wolf_meat 2-7-2021, 7:02:39 AM
MonkeyDLuffy(MonkeyDLuffy) used a cutted_wolf_meat 2-7-2021, 7:02:39 AM
MonkeyDLuffy(MonkeyDLuffy) used a cutted_wolf_meat 2-7-2021, 7:02:40 AM
MonkeyDLuffy(MonkeyDLuffy) used a cutted_wolf_meat 2-7-2021, 7:02:40 AM
MonkeyDLuffy(MonkeyDLuffy) used a cutted_wolf_meat 2-7-2021, 7:02:40 AM
MonkeyDLuffy(MonkeyDLuffy) used a cutted_wolf_meat 2-7-2021, 7:02:40 AM
MonkeyDLuffy(MonkeyDLuffy) used a cutted_wolf_meat 2-7-2021, 7:02:40 AM
MonkeyDLuffy(MonkeyDLuffy) used a cutted_wolf_meat 2-7-2021, 7:02:41 AM
MonkeyDLuffy(MonkeyDLuffy) used a cutted_wolf_meat 2-7-2021, 7:02:41 AM
MonkeyDLuffy(MonkeyDLuffy) used a cutted_wolf_meat 2-7-2021, 7:02:41 AM
MonkeyDLuffy(MonkeyDLuffy) used a cutted_wolf_meat 2-7-2021, 7:02:41 AM
MonkeyDLuffy(MonkeyDLuffy) used a cutted_wolf_meat 2-7-2021, 7:02:42 AM
MonkeyDLuffy(MonkeyDLuffy) used a cutted_wolf_meat 2-7-2021, 7:02:42 AM
MonkeyDLuffy(MonkeyDLuffy) used a cutted_wolf_meat 2-7-2021, 7:02:42 AM
MonkeyDLuffy(MonkeyDLuffy) used a cutted_wolf_meat 2-7-2021, 7:02:42 AM
MonkeyDLuffy(MonkeyDLuffy) used a cutted_wolf_meat 2-7-2021, 7:02:42 AM
MonkeyDLuffy(MonkeyDLuffy) used a cutted_wolf_meat 2-7-2021, 7:02:43 AM
MonkeyDLuffy(MonkeyDLuffy) used a cutted_wolf_meat 2-7-2021, 7:02:43 AM
MonkeyDLuffy(MonkeyDLuffy) used a cutted_wolf_meat 2-7-2021, 7:02:43 AM
MonkeyDLuffy(MonkeyDLuffy) used a cutted_wolf_meat 2-7-2021, 7:02:43 AM
MonkeyDLuffy(MonkeyDLuffy) used a cutted_wolf_meat 2-7-2021, 7:02:43 AM
MonkeyDLuffy(MonkeyDLuffy) used a cutted_wolf_meat 2-7-2021, 7:02:44 AM
MonkeyDLuffy(MonkeyDLuffy) used a cutted_wolf_meat 2-7-2021, 7:02:44 AM
MonkeyDLuffy(MonkeyDLuffy) used a cutted_wolf_meat 2-7-2021, 7:02:44 AM
MonkeyDLuffy(MonkeyDLuffy) used a cutted_bear_meat 2-7-2021, 7:02:50 AM
MonkeyDLuffy(MonkeyDLuffy) used a cutted_bear_meat 2-7-2021, 7:02:51 AM
MonkeyDLuffy(MonkeyDLuffy) used a cutted_bear_meat 2-7-2021, 7:02:51 AM
MonkeyDLuffy(MonkeyDLuffy) used a cutted_bear_meat 2-7-2021, 7:02:51 AM
MonkeyDLuffy(MonkeyDLuffy) used a cutted_bear_meat 2-7-2021, 7:02:51 AM
MonkeyDLuffy(MonkeyDLuffy) used a cutted_bear_meat 2-7-2021, 7:02:51 AM
MonkeyDLuffy(MonkeyDLuffy) used a cutted_bear_meat 2-7-2021, 7:02:52 AM
MonkeyDLuffy(MonkeyDLuffy) used a cutted_bear_meat 2-7-2021, 7:02:52 AM
MonkeyDLuffy(MonkeyDLuffy) used a cutted_bear_meat 2-7-2021, 7:02:52 AM
MonkeyDLuffy(MonkeyDLuffy) used a cutted_bear_meat 2-7-2021, 7:02:52 AM
MonkeyDLuffy(MonkeyDLuffy) used a cutted_bear_meat 2-7-2021, 7:02:53 AM
MonkeyDLuffy(MonkeyDLuffy) used a cutted_bear_meat 2-7-2021, 7:02:53 AM
MonkeyDLuffy(MonkeyDLuffy) used a cutted_bear_meat 2-7-2021, 7:02:53 AM
MonkeyDLuffy(MonkeyDLuffy) used a cutted_bear_meat 2-7-2021, 7:02:53 AM
MonkeyDLuffy(MonkeyDLuffy) used a cutted_bear_meat 2-7-2021, 7:02:53 AM
MonkeyDLuffy(MonkeyDLuffy) used a cutted_bear_meat 2-7-2021, 7:02:54 AM
MonkeyDLuffy(MonkeyDLuffy) used a cutted_bear_meat 2-7-2021, 7:02:54 AM
MonkeyDLuffy(MonkeyDLuffy) used a cutted_bear_meat 2-7-2021, 7:02:54 AM
MonkeyDLuffy(MonkeyDLuffy) used a cutted_bear_meat 2-7-2021, 7:02:54 AM
MonkeyDLuffy(MonkeyDLuffy) used a cutted_bear_meat 2-7-2021, 7:02:55 AM
MonkeyDLuffy(MonkeyDLuffy) used a cutted_bear_meat 2-7-2021, 7:02:55 AM
MonkeyDLuffy(MonkeyDLuffy) used a cutted_bear_meat 2-7-2021, 7:02:55 AM
MonkeyDLuffy(MonkeyDLuffy) used a cutted_bear_meat 2-7-2021, 7:02:55 AM
MonkeyDLuffy(MonkeyDLuffy) used a cutted_bear_meat 2-7-2021, 7:02:55 AM
MonkeyDLuffy(MonkeyDLuffy) used a cutted_bear_meat 2-7-2021, 7:02:56 AM
MonkeyDLuffy(MonkeyDLuffy) used a cutted_bear_meat 2-7-2021, 7:02:56 AM
MonkeyDLuffy(MonkeyDLuffy) used a cutted_bear_meat 2-7-2021, 7:02:56 AM
MonkeyDLuffy(MonkeyDLuffy) used a cutted_bear_meat 2-7-2021, 7:02:56 AM
MonkeyDLuffy(MonkeyDLuffy) used a cutted_bear_meat 2-7-2021, 7:02:56 AM
MonkeyDLuffy(MonkeyDLuffy) used a cutted_bear_meat 2-7-2021, 7:02:57 AM
MonkeyDLuffy(MonkeyDLuffy) used a cutted_bear_meat 2-7-2021, 7:02:57 AM
MonkeyDLuffy(MonkeyDLuffy) used a cutted_bear_meat 2-7-2021, 7:02:57 AM
MonkeyDLuffy(MonkeyDLuffy) used a cutted_bear_meat 2-7-2021, 7:02:57 AM
MonkeyDLuffy(MonkeyDLuffy) used a cutted_bear_meat 2-7-2021, 7:02:57 AM
MonkeyDLuffy(MonkeyDLuffy) used a cutted_bear_meat 2-7-2021, 7:02:58 AM
MonkeyDLuffy(MonkeyDLuffy) used a cutted_bear_meat 2-7-2021, 7:02:58 AM
MonkeyDLuffy(MonkeyDLuffy) used a cutted_bear_meat 2-7-2021, 7:02:58 AM
MonkeyDLuffy(MonkeyDLuffy) used a cutted_bear_meat 2-7-2021, 7:02:58 AM
MonkeyDLuffy(MonkeyDLuffy) used a cutted_bear_meat 2-7-2021, 7:02:58 AM
MonkeyDLuffy(MonkeyDLuffy) used a cutted_bear_meat 2-7-2021, 7:02:59 AM
MonkeyDLuffy(MonkeyDLuffy) used a cutted_bear_meat 2-7-2021, 7:02:59 AM
MonkeyDLuffy(MonkeyDLuffy) used a cutted_bear_meat 2-7-2021, 7:02:59 AM
MonkeyDLuffy(MonkeyDLuffy) used a cutted_bear_meat 2-7-2021, 7:02:59 AM
MonkeyDLuffy(MonkeyDLuffy) used a cutted_bear_meat 2-7-2021, 7:03:00 AM
MonkeyDLuffy(MonkeyDLuffy) used a cutted_bear_meat 2-7-2021, 7:03:00 AM
MonkeyDLuffy(MonkeyDLuffy) used a cutted_bear_meat 2-7-2021, 7:03:00 AM
MonkeyDLuffy(MonkeyDLuffy) used a cutted_bear_meat 2-7-2021, 7:03:00 AM
MonkeyDLuffy(MonkeyDLuffy) used a cutted_bear_meat 2-7-2021, 7:03:00 AM
MonkeyDLuffy(MonkeyDLuffy) used a cutted_bear_meat 2-7-2021, 7:03:01 AM
MonkeyDLuffy(MonkeyDLuffy) used a cutted_bear_meat 2-7-2021, 7:03:01 AM
MonkeyDLuffy(MonkeyDLuffy) used a cutted_bear_meat 2-7-2021, 7:03:01 AM
MonkeyDLuffy(MonkeyDLuffy) used a cutted_bear_meat 2-7-2021, 7:03:01 AM
MonkeyDLuffy(MonkeyDLuffy) used a cutted_bear_meat 2-7-2021, 7:03:01 AM
MonkeyDLuffy(MonkeyDLuffy) used a cutted_bear_meat 2-7-2021, 7:03:02 AM
MonkeyDLuffy(MonkeyDLuffy) used a cutted_bear_meat 2-7-2021, 7:03:02 AM
MonkeyDLuffy(MonkeyDLuffy) used a cutted_bear_meat 2-7-2021, 7:03:02 AM
MonkeyDLuffy(MonkeyDLuffy) used a cutted_bear_meat 2-7-2021, 7:03:02 AM
MonkeyDLuffy(MonkeyDLuffy) used a cutted_bear_meat 2-7-2021, 7:03:03 AM
MonkeyDLuffy(MonkeyDLuffy) used a cutted_bear_meat 2-7-2021, 7:03:03 AM
MonkeyDLuffy(MonkeyDLuffy) used a cutted_bear_meat 2-7-2021, 7:03:03 AM
MonkeyDLuffy(MonkeyDLuffy) used a cutted_bear_meat 2-7-2021, 7:03:03 AM
MonkeyDLuffy(MonkeyDLuffy) used a pack_of_10_antibiotic 2-7-2021, 7:04:43 AM
MonkeyDLuffy(MonkeyDLuffy) used a pack_of_10_security_bomb 2-7-2021, 7:04:58 AM
MonkeyDLuffy(MonkeyDLuffy) used a pack_of_10_security_bomb 2-7-2021, 7:04:58 AM
MonkeyDLuffy(MonkeyDLuffy) used a pack_of_10_motion_bomb 2-7-2021, 7:05:04 AM
MonkeyDLuffy(MonkeyDLuffy) used a pack_of_10_motion_bomb 2-7-2021, 7:05:05 AM
MonkeyDLuffy(MonkeyDLuffy) used a pack_of_10_motion_bomb 2-7-2021, 7:05:05 AM
MonkeyDLuffy(MonkeyDLuffy) used a pack_of_20_missile_interceptor 2-7-2021, 7:05:13 AM
MonkeyDLuffy(MonkeyDLuffy) used a pack_of_20_missile_interceptor 2-7-2021, 7:05:14 AM
MonkeyDLuffy(MonkeyDLuffy) used a pack_of_5_mass_bomb 2-7-2021, 7:05:18 AM
MonkeyDLuffy(MonkeyDLuffy) used a pack_of_5_barricade_bomb 2-7-2021, 7:05:22 AM
MonkeyDLuffy(MonkeyDLuffy) used a pack_of_20_fire_extinguisher 2-7-2021, 7:05:26 AM
MonkeyDLuffy(MonkeyDLuffy) used a pack_of_15_shield 2-7-2021, 7:05:31 AM
MonkeyDLuffy(MonkeyDLuffy) used a pack_of_15_shield 2-7-2021, 7:05:31 AM
MonkeyDLuffy(MonkeyDLuffy) used a pack_of_15_shield 2-7-2021, 7:05:31 AM
MonkeyDLuffy(MonkeyDLuffy) used a pack_of_15_shield 2-7-2021, 7:05:32 AM
MonkeyDLuffy(MonkeyDLuffy) used a shield 2-7-2021, 7:05:35 AM
MonkeyDLuffy(MonkeyDLuffy) used a empty_beer_bottle 2-7-2021, 7:09:16 AM
MonkeyDLuffy(MonkeyDLuffy) used a metal_pack 2-7-2021, 7:11:51 AM
MonkeyDLuffy(MonkeyDLuffy) used a metal_pack 2-7-2021, 7:11:51 AM
MonkeyDLuffy(MonkeyDLuffy) used a antibiotic 2-7-2021, 7:12:23 AM
MonkeyDLuffy(MonkeyDLuffy) used a antibiotic 2-7-2021, 7:12:23 AM
MonkeyDLuffy(MonkeyDLuffy) used a antibiotic 2-7-2021, 7:13:36 AM
MonkeyDLuffy(MonkeyDLuffy) used a antibiotic 2-7-2021, 7:13:36 AM
MonkeyDLuffy(MonkeyDLuffy) used a antibiotic 2-7-2021, 7:13:37 AM
MonkeyDLuffy(MonkeyDLuffy) used a antibiotic 2-7-2021, 7:13:42 AM
MonkeyDLuffy(MonkeyDLuffy) used a shield 2-7-2021, 7:23:08 AM
MonkeyDLuffy(MonkeyDLuffy) used a shield 2-7-2021, 7:23:08 AM
MonkeyDLuffy(MonkeyDLuffy) used a shield 2-7-2021, 7:23:09 AM
MonkeyDLuffy(MonkeyDLuffy) used a shield 2-7-2021, 7:23:09 AM
MonkeyDLuffy(MonkeyDLuffy) used a shield 2-7-2021, 7:23:09 AM
MonkeyDLuffy(MonkeyDLuffy) used a shield 2-7-2021, 7:23:10 AM
MonkeyDLuffy(MonkeyDLuffy) used a shield 2-7-2021, 7:23:10 AM
MonkeyDLuffy(MonkeyDLuffy) used a shield 2-7-2021, 7:23:10 AM
MonkeyDLuffy(MonkeyDLuffy) used a shield 2-7-2021, 7:23:10 AM
MonkeyDLuffy(MonkeyDLuffy) used a shield 2-7-2021, 7:23:10 AM
MonkeyDLuffy(MonkeyDLuffy) used a shield 2-7-2021, 7:23:10 AM
MonkeyDLuffy(MonkeyDLuffy) used a shield 2-7-2021, 7:23:11 AM
MonkeyDLuffy(MonkeyDLuffy) used a shield 2-7-2021, 7:23:11 AM
MonkeyDLuffy(MonkeyDLuffy) used a shield 2-7-2021, 7:23:11 AM
MonkeyDLuffy(MonkeyDLuffy) used a shield 2-7-2021, 7:23:11 AM
MonkeyDLuffy(MonkeyDLuffy) used a shield 2-7-2021, 7:23:11 AM
MonkeyDLuffy(MonkeyDLuffy) used a shield 2-7-2021, 7:23:11 AM
MonkeyDLuffy(MonkeyDLuffy) used a shield 2-7-2021, 7:23:12 AM
MonkeyDLuffy(MonkeyDLuffy) used a shield 2-7-2021, 7:23:12 AM
MonkeyDLuffy(MonkeyDLuffy) used a shield 2-7-2021, 7:23:12 AM
MonkeyDLuffy(MonkeyDLuffy) used a shield 2-7-2021, 7:23:12 AM
MonkeyDLuffy(MonkeyDLuffy) used a shield 2-7-2021, 7:23:13 AM
MonkeyDLuffy(MonkeyDLuffy) used a shield 2-7-2021, 7:23:13 AM
MonkeyDLuffy(MonkeyDLuffy) used a shield 2-7-2021, 7:23:13 AM
MonkeyDLuffy(MonkeyDLuffy) used a shield 2-7-2021, 7:23:13 AM
MonkeyDLuffy(MonkeyDLuffy) used a antibiotic 2-7-2021, 7:24:05 AM
MonkeyDLuffy(MonkeyDLuffy) used a antibiotic 2-7-2021, 7:24:05 AM
MonkeyDLuffy(MonkeyDLuffy) used a antibiotic 2-7-2021, 7:24:07 AM
MonkeyDLuffy(MonkeyDLuffy) used a shield 2-7-2021, 7:24:08 AM
MonkeyDLuffy(MonkeyDLuffy) used a dead_rabbit 2-7-2021, 7:24:26 AM
MonkeyDLuffy(MonkeyDLuffy) used a antibiotic 2-7-2021, 7:24:27 AM
MonkeyDLuffy(MonkeyDLuffy) used a antibiotic 2-7-2021, 7:24:28 AM
MonkeyDLuffy(MonkeyDLuffy) used a dead_lion 2-7-2021, 7:24:33 AM
MonkeyDLuffy(MonkeyDLuffy) used a dead_lion 2-7-2021, 7:24:34 AM
MonkeyDLuffy(MonkeyDLuffy) used a dead_lion 2-7-2021, 7:24:34 AM
MonkeyDLuffy(MonkeyDLuffy) used a dead_lion 2-7-2021, 7:24:34 AM
MonkeyDLuffy(MonkeyDLuffy) used a dead_lion 2-7-2021, 7:24:34 AM
MonkeyDLuffy(MonkeyDLuffy) used a dead_lion 2-7-2021, 7:24:34 AM
MonkeyDLuffy(MonkeyDLuffy) used a dead_lion 2-7-2021, 7:24:35 AM
MonkeyDLuffy(MonkeyDLuffy) used a dead_lion 2-7-2021, 7:24:35 AM
MonkeyDLuffy(MonkeyDLuffy) used a dead_lion 2-7-2021, 7:24:35 AM
MonkeyDLuffy(MonkeyDLuffy) used a dead_lion 2-7-2021, 7:24:35 AM
MonkeyDLuffy(MonkeyDLuffy) used a dead_lion 2-7-2021, 7:24:35 AM
MonkeyDLuffy(MonkeyDLuffy) used a dead_lion 2-7-2021, 7:24:36 AM
MonkeyDLuffy(MonkeyDLuffy) used a dead_lion 2-7-2021, 7:24:36 AM
MonkeyDLuffy(MonkeyDLuffy) used a dead_lion 2-7-2021, 7:24:36 AM
MonkeyDLuffy(MonkeyDLuffy) used a dead_lion 2-7-2021, 7:24:36 AM
MonkeyDLuffy(MonkeyDLuffy) used a dead_lion 2-7-2021, 7:24:36 AM
MonkeyDLuffy(MonkeyDLuffy) used a dead_lion 2-7-2021, 7:24:36 AM
MonkeyDLuffy(MonkeyDLuffy) used a dead_lion 2-7-2021, 7:24:37 AM
MonkeyDLuffy(MonkeyDLuffy) used a dead_lion 2-7-2021, 7:24:37 AM
MonkeyDLuffy(MonkeyDLuffy) used a dead_lion 2-7-2021, 7:24:37 AM
MonkeyDLuffy(MonkeyDLuffy) used a dead_lion 2-7-2021, 7:24:37 AM
MonkeyDLuffy(MonkeyDLuffy) used a dead_lion 2-7-2021, 7:24:38 AM
MonkeyDLuffy(MonkeyDLuffy) used a dead_lion 2-7-2021, 7:24:38 AM
MonkeyDLuffy(MonkeyDLuffy) used a dead_lion 2-7-2021, 7:24:38 AM
MonkeyDLuffy(MonkeyDLuffy) used a dead_lion 2-7-2021, 7:24:38 AM
MonkeyDLuffy(MonkeyDLuffy) used a dead_lion 2-7-2021, 7:24:38 AM
MonkeyDLuffy(MonkeyDLuffy) used a dead_lion 2-7-2021, 7:24:39 AM
MonkeyDLuffy(MonkeyDLuffy) used a dead_lion 2-7-2021, 7:24:39 AM
MonkeyDLuffy(MonkeyDLuffy) used a dead_lion 2-7-2021, 7:24:39 AM
MonkeyDLuffy(MonkeyDLuffy) used a dead_lion 2-7-2021, 7:24:39 AM
MonkeyDLuffy(MonkeyDLuffy) used a dead_lion 2-7-2021, 7:24:39 AM
MonkeyDLuffy(MonkeyDLuffy) used a dead_lion 2-7-2021, 7:24:40 AM
MonkeyDLuffy(MonkeyDLuffy) used a dead_lion 2-7-2021, 7:24:40 AM
MonkeyDLuffy(MonkeyDLuffy) used a dead_lion 2-7-2021, 7:24:40 AM
MonkeyDLuffy(MonkeyDLuffy) used a dead_lion 2-7-2021, 7:24:40 AM
MonkeyDLuffy(MonkeyDLuffy) used a dead_lion 2-7-2021, 7:24:40 AM
MonkeyDLuffy(MonkeyDLuffy) used a dead_lion 2-7-2021, 7:24:40 AM
MonkeyDLuffy(MonkeyDLuffy) used a dead_lion 2-7-2021, 7:24:41 AM
MonkeyDLuffy(MonkeyDLuffy) used a dead_lion 2-7-2021, 7:24:41 AM
MonkeyDLuffy(MonkeyDLuffy) used a dead_lion 2-7-2021, 7:24:41 AM
MonkeyDLuffy(MonkeyDLuffy) used a dead_lion 2-7-2021, 7:24:41 AM
MonkeyDLuffy(MonkeyDLuffy) used a dead_lion 2-7-2021, 7:24:42 AM
MonkeyDLuffy(MonkeyDLuffy) used a dead_lion 2-7-2021, 7:24:42 AM
MonkeyDLuffy(MonkeyDLuffy) used a dead_lion 2-7-2021, 7:24:42 AM
MonkeyDLuffy(MonkeyDLuffy) used a dead_lion 2-7-2021, 7:24:42 AM
MonkeyDLuffy(MonkeyDLuffy) used a dead_lion 2-7-2021, 7:24:42 AM
MonkeyDLuffy(MonkeyDLuffy) used a dead_lion 2-7-2021, 7:24:43 AM
MonkeyDLuffy(MonkeyDLuffy) used a dead_lion 2-7-2021, 7:24:43 AM
MonkeyDLuffy(MonkeyDLuffy) used a dead_lion 2-7-2021, 7:24:43 AM
MonkeyDLuffy(MonkeyDLuffy) used a dead_lion 2-7-2021, 7:24:43 AM
MonkeyDLuffy(MonkeyDLuffy) used a dead_lion 2-7-2021, 7:24:43 AM
MonkeyDLuffy(MonkeyDLuffy) used a dead_lion 2-7-2021, 7:24:44 AM
MonkeyDLuffy(MonkeyDLuffy) used a dead_lion 2-7-2021, 7:24:44 AM
MonkeyDLuffy(MonkeyDLuffy) used a dead_lion 2-7-2021, 7:24:44 AM
MonkeyDLuffy(MonkeyDLuffy) used a dead_lion 2-7-2021, 7:24:44 AM
MonkeyDLuffy(MonkeyDLuffy) used a dead_lion 2-7-2021, 7:24:44 AM
MonkeyDLuffy(MonkeyDLuffy) used a dead_lion 2-7-2021, 7:24:45 AM
MonkeyDLuffy(MonkeyDLuffy) used a dead_lion 2-7-2021, 7:24:45 AM
MonkeyDLuffy(MonkeyDLuffy) used a dead_lion 2-7-2021, 7:24:45 AM
MonkeyDLuffy(MonkeyDLuffy) used a antibiotic 2-7-2021, 7:24:46 AM
MonkeyDLuffy(MonkeyDLuffy) used a antibiotic 2-7-2021, 7:24:47 AM
MonkeyDLuffy(MonkeyDLuffy) used a antibiotic 2-7-2021, 7:24:48 AM
MonkeyDLuffy(MonkeyDLuffy) used a dead_lion 2-7-2021, 7:24:50 AM
MonkeyDLuffy(MonkeyDLuffy) used a dead_lion 2-7-2021, 7:24:50 AM
MonkeyDLuffy(MonkeyDLuffy) used a dead_lion 2-7-2021, 7:24:50 AM
MonkeyDLuffy(MonkeyDLuffy) used a dead_lion 2-7-2021, 7:24:51 AM
MonkeyDLuffy(MonkeyDLuffy) used a dead_lion 2-7-2021, 7:24:51 AM
MonkeyDLuffy(MonkeyDLuffy) used a dead_lion 2-7-2021, 7:24:51 AM
MonkeyDLuffy(MonkeyDLuffy) used a dead_lion 2-7-2021, 7:24:51 AM
MonkeyDLuffy(MonkeyDLuffy) used a dead_lion 2-7-2021, 7:24:52 AM
MonkeyDLuffy(MonkeyDLuffy) used a dead_lion 2-7-2021, 7:24:52 AM
MonkeyDLuffy(MonkeyDLuffy) used a dead_lion 2-7-2021, 7:24:52 AM
MonkeyDLuffy(MonkeyDLuffy) used a dead_lion 2-7-2021, 7:24:52 AM
MonkeyDLuffy(MonkeyDLuffy) used a dead_lion 2-7-2021, 7:24:53 AM
MonkeyDLuffy(MonkeyDLuffy) used a dead_lion 2-7-2021, 7:24:53 AM
MonkeyDLuffy(MonkeyDLuffy) used a dead_lion 2-7-2021, 7:24:53 AM
MonkeyDLuffy(MonkeyDLuffy) used a dead_lion 2-7-2021, 7:24:53 AM
MonkeyDLuffy(MonkeyDLuffy) used a dead_lion 2-7-2021, 7:24:53 AM
MonkeyDLuffy(MonkeyDLuffy) used a dead_lion 2-7-2021, 7:24:54 AM
MonkeyDLuffy(MonkeyDLuffy) used a dead_lion 2-7-2021, 7:24:54 AM
MonkeyDLuffy(MonkeyDLuffy) used a dead_lion 2-7-2021, 7:24:54 AM
MonkeyDLuffy(MonkeyDLuffy) used a dead_lion 2-7-2021, 7:24:54 AM
MonkeyDLuffy(MonkeyDLuffy) used a dead_lion 2-7-2021, 7:24:54 AM
MonkeyDLuffy(MonkeyDLuffy) used a dead_lion 2-7-2021, 7:24:55 AM
MonkeyDLuffy(MonkeyDLuffy) used a dead_lion 2-7-2021, 7:24:55 AM
MonkeyDLuffy(MonkeyDLuffy) used a dead_lion 2-7-2021, 7:24:55 AM
MonkeyDLuffy(MonkeyDLuffy) used a dead_lion 2-7-2021, 7:24:55 AM
MonkeyDLuffy(MonkeyDLuffy) used a dead_lion 2-7-2021, 7:24:56 AM
MonkeyDLuffy(MonkeyDLuffy) used a dead_lion 2-7-2021, 7:24:56 AM
MonkeyDLuffy(MonkeyDLuffy) used a dead_lion 2-7-2021, 7:24:56 AM
MonkeyDLuffy(MonkeyDLuffy) used a dead_lion 2-7-2021, 7:24:56 AM
MonkeyDLuffy(MonkeyDLuffy) used a dead_lion 2-7-2021, 7:24:56 AM
MonkeyDLuffy(MonkeyDLuffy) used a dead_lion 2-7-2021, 7:24:57 AM
MonkeyDLuffy(MonkeyDLuffy) used a dead_lion 2-7-2021, 7:24:57 AM
MonkeyDLuffy(MonkeyDLuffy) used a dead_lion 2-7-2021, 7:24:57 AM
MonkeyDLuffy(MonkeyDLuffy) used a dead_lion 2-7-2021, 7:24:57 AM
MonkeyDLuffy(MonkeyDLuffy) used a dead_lion 2-7-2021, 7:24:57 AM
MonkeyDLuffy(MonkeyDLuffy) used a dead_lion 2-7-2021, 7:24:58 AM
MonkeyDLuffy(MonkeyDLuffy) used a dead_lion 2-7-2021, 7:24:58 AM
MonkeyDLuffy(MonkeyDLuffy) used a dead_lion 2-7-2021, 7:24:58 AM
MonkeyDLuffy(MonkeyDLuffy) used a dead_lion 2-7-2021, 7:24:58 AM
MonkeyDLuffy(MonkeyDLuffy) used a dead_lion 2-7-2021, 7:24:59 AM
MonkeyDLuffy(MonkeyDLuffy) used a dead_lion 2-7-2021, 7:24:59 AM
MonkeyDLuffy(MonkeyDLuffy) used a dead_lion 2-7-2021, 7:24:59 AM
MonkeyDLuffy(MonkeyDLuffy) used a dead_lion 2-7-2021, 7:24:59 AM
MonkeyDLuffy(MonkeyDLuffy) used a dead_lion 2-7-2021, 7:24:59 AM
MonkeyDLuffy(MonkeyDLuffy) used a dead_lion 2-7-2021, 7:25:00 AM
MonkeyDLuffy(MonkeyDLuffy) used a dead_lion 2-7-2021, 7:25:00 AM
MonkeyDLuffy(MonkeyDLuffy) used a dead_lion 2-7-2021, 7:25:00 AM
MonkeyDLuffy(MonkeyDLuffy) used a dead_lion 2-7-2021, 7:25:00 AM
MonkeyDLuffy(MonkeyDLuffy) used a dead_lion 2-7-2021, 7:25:01 AM
MonkeyDLuffy(MonkeyDLuffy) used a dead_lion 2-7-2021, 7:25:01 AM
MonkeyDLuffy(MonkeyDLuffy) used a dead_lion 2-7-2021, 7:25:01 AM
MonkeyDLuffy(MonkeyDLuffy) used a dead_lion 2-7-2021, 7:25:01 AM
MonkeyDLuffy(MonkeyDLuffy) used a dead_lion 2-7-2021, 7:25:01 AM
MonkeyDLuffy(MonkeyDLuffy) used a dead_lion 2-7-2021, 7:25:02 AM
MonkeyDLuffy(MonkeyDLuffy) used a dead_lion 2-7-2021, 7:25:02 AM
MonkeyDLuffy(MonkeyDLuffy) used a dead_lion 2-7-2021, 7:25:02 AM
MonkeyDLuffy(MonkeyDLuffy) used a dead_lion 2-7-2021, 7:25:02 AM
MonkeyDLuffy(MonkeyDLuffy) used a dead_lion 2-7-2021, 7:25:03 AM
MonkeyDLuffy(MonkeyDLuffy) used a dead_lion 2-7-2021, 7:25:03 AM
MonkeyDLuffy(MonkeyDLuffy) used a dead_lion 2-7-2021, 7:25:03 AM
MonkeyDLuffy(MonkeyDLuffy) used a dead_lion 2-7-2021, 7:25:03 AM
MonkeyDLuffy(MonkeyDLuffy) used a dead_lion 2-7-2021, 7:25:04 AM
MonkeyDLuffy(MonkeyDLuffy) used a dead_lion 2-7-2021, 7:25:04 AM
MonkeyDLuffy(MonkeyDLuffy) used a dead_lion 2-7-2021, 7:25:04 AM
MonkeyDLuffy(MonkeyDLuffy) used a dead_lion 2-7-2021, 7:25:04 AM
MonkeyDLuffy(MonkeyDLuffy) used a dead_lion 2-7-2021, 7:25:04 AM
MonkeyDLuffy(MonkeyDLuffy) used a dead_lion 2-7-2021, 7:25:05 AM
MonkeyDLuffy(MonkeyDLuffy) used a dead_lion 2-7-2021, 7:25:05 AM
MonkeyDLuffy(MonkeyDLuffy) used a dead_lion 2-7-2021, 7:25:05 AM
MonkeyDLuffy(MonkeyDLuffy) used a dead_lion 2-7-2021, 7:25:05 AM
MonkeyDLuffy(MonkeyDLuffy) used a dead_lion 2-7-2021, 7:25:06 AM
MonkeyDLuffy(MonkeyDLuffy) used a dead_lion 2-7-2021, 7:25:06 AM
MonkeyDLuffy(MonkeyDLuffy) used a dead_lion 2-7-2021, 7:25:06 AM
MonkeyDLuffy(MonkeyDLuffy) used a dead_lion 2-7-2021, 7:25:06 AM
MonkeyDLuffy(MonkeyDLuffy) used a dead_lion 2-7-2021, 7:25:07 AM
MonkeyDLuffy(MonkeyDLuffy) used a dead_lion 2-7-2021, 7:25:07 AM
MonkeyDLuffy(MonkeyDLuffy) used a dead_lion 2-7-2021, 7:25:07 AM
MonkeyDLuffy(MonkeyDLuffy) used a dead_lion 2-7-2021, 7:25:07 AM
MonkeyDLuffy(MonkeyDLuffy) used a dead_lion 2-7-2021, 7:25:07 AM
MonkeyDLuffy(MonkeyDLuffy) used a dead_lion 2-7-2021, 7:25:08 AM
MonkeyDLuffy(MonkeyDLuffy) used a dead_lion 2-7-2021, 7:25:08 AM
MonkeyDLuffy(MonkeyDLuffy) used a dead_lion 2-7-2021, 7:25:08 AM
MonkeyDLuffy(MonkeyDLuffy) used a dead_lion 2-7-2021, 7:25:08 AM
MonkeyDLuffy(MonkeyDLuffy) used a dead_lion 2-7-2021, 7:25:09 AM
MonkeyDLuffy(MonkeyDLuffy) used a dead_lion 2-7-2021, 7:25:09 AM
MonkeyDLuffy(MonkeyDLuffy) used a dead_lion 2-7-2021, 7:25:09 AM
MonkeyDLuffy(MonkeyDLuffy) used a dead_lion 2-7-2021, 7:25:09 AM
MonkeyDLuffy(MonkeyDLuffy) used a dead_lion 2-7-2021, 7:25:10 AM
MonkeyDLuffy(MonkeyDLuffy) used a dead_lion 2-7-2021, 7:25:10 AM
MonkeyDLuffy(MonkeyDLuffy) used a dead_lion 2-7-2021, 7:25:10 AM
MonkeyDLuffy(MonkeyDLuffy) used a dead_lion 2-7-2021, 7:25:10 AM
MonkeyDLuffy(MonkeyDLuffy) used a dead_lion 2-7-2021, 7:25:11 AM
MonkeyDLuffy(MonkeyDLuffy) used a dead_lion 2-7-2021, 7:25:11 AM
MonkeyDLuffy(MonkeyDLuffy) used a dead_lion 2-7-2021, 7:25:11 AM
MonkeyDLuffy(MonkeyDLuffy) used a dead_lion 2-7-2021, 7:25:11 AM
MonkeyDLuffy(MonkeyDLuffy) used a dead_lion 2-7-2021, 7:25:12 AM
MonkeyDLuffy(MonkeyDLuffy) used a dead_lion 2-7-2021, 7:25:12 AM
MonkeyDLuffy(MonkeyDLuffy) used a dead_lion 2-7-2021, 7:25:12 AM
MonkeyDLuffy(MonkeyDLuffy) used a dead_lion 2-7-2021, 7:25:12 AM
MonkeyDLuffy(MonkeyDLuffy) used a dead_lion 2-7-2021, 7:25:12 AM
MonkeyDLuffy(MonkeyDLuffy) used a dead_lion 2-7-2021, 7:25:13 AM
MonkeyDLuffy(MonkeyDLuffy) used a dead_lion 2-7-2021, 7:25:13 AM
MonkeyDLuffy(MonkeyDLuffy) used a dead_lion 2-7-2021, 7:25:13 AM
MonkeyDLuffy(MonkeyDLuffy) used a dead_lion 2-7-2021, 7:25:13 AM
MonkeyDLuffy(MonkeyDLuffy) used a dead_lion 2-7-2021, 7:25:14 AM
MonkeyDLuffy(MonkeyDLuffy) used a dead_lion 2-7-2021, 7:25:14 AM
MonkeyDLuffy(MonkeyDLuffy) used a dead_lion 2-7-2021, 7:25:14 AM
MonkeyDLuffy(MonkeyDLuffy) used a dead_lion 2-7-2021, 7:25:14 AM
MonkeyDLuffy(MonkeyDLuffy) used a dead_lion 2-7-2021, 7:25:15 AM
MonkeyDLuffy(MonkeyDLuffy) used a dead_lion 2-7-2021, 7:25:15 AM
MonkeyDLuffy(MonkeyDLuffy) used a dead_lion 2-7-2021, 7:25:15 AM
MonkeyDLuffy(MonkeyDLuffy) used a dead_lion 2-7-2021, 7:25:15 AM
MonkeyDLuffy(MonkeyDLuffy) used a dead_lion 2-7-2021, 7:25:15 AM
MonkeyDLuffy(MonkeyDLuffy) used a dead_lion 2-7-2021, 7:25:16 AM
MonkeyDLuffy(MonkeyDLuffy) used a dead_lion 2-7-2021, 7:25:16 AM
MonkeyDLuffy(MonkeyDLuffy) used a dead_lion 2-7-2021, 7:25:16 AM
MonkeyDLuffy(MonkeyDLuffy) used a dead_lion 2-7-2021, 7:25:16 AM
MonkeyDLuffy(MonkeyDLuffy) used a dead_lion 2-7-2021, 7:25:17 AM
MonkeyDLuffy(MonkeyDLuffy) used a dead_lion 2-7-2021, 7:25:17 AM
MonkeyDLuffy(MonkeyDLuffy) used a dead_lion 2-7-2021, 7:25:17 AM
MonkeyDLuffy(MonkeyDLuffy) used a dead_lion 2-7-2021, 7:25:17 AM
MonkeyDLuffy(MonkeyDLuffy) used a dead_lion 2-7-2021, 7:25:18 AM
MonkeyDLuffy(MonkeyDLuffy) used a dead_lion 2-7-2021, 7:25:18 AM
MonkeyDLuffy(MonkeyDLuffy) used a dead_lion 2-7-2021, 7:25:18 AM
MonkeyDLuffy(MonkeyDLuffy) used a dead_lion 2-7-2021, 7:25:18 AM
MonkeyDLuffy(MonkeyDLuffy) used a dead_lion 2-7-2021, 7:25:18 AM
MonkeyDLuffy(MonkeyDLuffy) used a dead_lion 2-7-2021, 7:25:19 AM
MonkeyDLuffy(MonkeyDLuffy) used a dead_lion 2-7-2021, 7:25:19 AM
MonkeyDLuffy(MonkeyDLuffy) used a dead_lion 2-7-2021, 7:25:19 AM
MonkeyDLuffy(MonkeyDLuffy) used a dead_lion 2-7-2021, 7:25:19 AM
MonkeyDLuffy(MonkeyDLuffy) used a dead_lion 2-7-2021, 7:25:19 AM
MonkeyDLuffy(MonkeyDLuffy) used a dead_lion 2-7-2021, 7:25:20 AM
MonkeyDLuffy(MonkeyDLuffy) used a dead_lion 2-7-2021, 7:25:20 AM
MonkeyDLuffy(MonkeyDLuffy) used a dead_lion 2-7-2021, 7:25:20 AM
MonkeyDLuffy(MonkeyDLuffy) used a dead_lion 2-7-2021, 7:25:20 AM
MonkeyDLuffy(MonkeyDLuffy) used a dead_lion 2-7-2021, 7:25:20 AM
MonkeyDLuffy(MonkeyDLuffy) used a dead_lion 2-7-2021, 7:25:21 AM
MonkeyDLuffy(MonkeyDLuffy) used a dead_lion 2-7-2021, 7:25:21 AM
MonkeyDLuffy(MonkeyDLuffy) used a dead_lion 2-7-2021, 7:25:21 AM
MonkeyDLuffy(MonkeyDLuffy) used a antibiotic 2-7-2021, 7:25:24 AM
MonkeyDLuffy(MonkeyDLuffy) used a dead_lion 2-7-2021, 7:25:25 AM
MonkeyDLuffy(MonkeyDLuffy) used a dead_lion 2-7-2021, 7:25:25 AM
MonkeyDLuffy(MonkeyDLuffy) used a dead_lion 2-7-2021, 7:25:26 AM
MonkeyDLuffy(MonkeyDLuffy) used a dead_lion 2-7-2021, 7:25:26 AM
MonkeyDLuffy(MonkeyDLuffy) used a dead_lion 2-7-2021, 7:25:27 AM
MonkeyDLuffy(MonkeyDLuffy) used a dead_lion 2-7-2021, 7:25:27 AM
MonkeyDLuffy(MonkeyDLuffy) used a dead_lion 2-7-2021, 7:25:27 AM
MonkeyDLuffy(MonkeyDLuffy) used a dead_lion 2-7-2021, 7:25:27 AM
MonkeyDLuffy(MonkeyDLuffy) used a dead_lion 2-7-2021, 7:25:28 AM
MonkeyDLuffy(MonkeyDLuffy) used a dead_lion 2-7-2021, 7:25:28 AM
MonkeyDLuffy(MonkeyDLuffy) used a dead_lion 2-7-2021, 7:25:28 AM
MonkeyDLuffy(MonkeyDLuffy) used a dead_lion 2-7-2021, 7:25:28 AM
MonkeyDLuffy(MonkeyDLuffy) used a dead_lion 2-7-2021, 7:25:28 AM
MonkeyDLuffy(MonkeyDLuffy) used a dead_lion 2-7-2021, 7:25:29 AM
MonkeyDLuffy(MonkeyDLuffy) used a dead_lion 2-7-2021, 7:25:29 AM
MonkeyDLuffy(MonkeyDLuffy) used a dead_lion 2-7-2021, 7:25:29 AM
MonkeyDLuffy(MonkeyDLuffy) used a dead_lion 2-7-2021, 7:25:29 AM
MonkeyDLuffy(MonkeyDLuffy) used a dead_lion 2-7-2021, 7:25:29 AM
MonkeyDLuffy(MonkeyDLuffy) used a dead_lion 2-7-2021, 7:25:30 AM
MonkeyDLuffy(MonkeyDLuffy) used a dead_lion 2-7-2021, 7:25:30 AM
MonkeyDLuffy(MonkeyDLuffy) used a dead_lion 2-7-2021, 7:25:30 AM
MonkeyDLuffy(MonkeyDLuffy) used a dead_lion 2-7-2021, 7:25:30 AM
MonkeyDLuffy(MonkeyDLuffy) used a dead_lion 2-7-2021, 7:25:31 AM
MonkeyDLuffy(MonkeyDLuffy) used a dead_lion 2-7-2021, 7:25:31 AM
MonkeyDLuffy(MonkeyDLuffy) used a dead_lion 2-7-2021, 7:25:31 AM
MonkeyDLuffy(MonkeyDLuffy) used a dead_lion 2-7-2021, 7:25:31 AM
MonkeyDLuffy(MonkeyDLuffy) used a dead_lion 2-7-2021, 7:25:31 AM
MonkeyDLuffy(MonkeyDLuffy) used a dead_lion 2-7-2021, 7:25:32 AM
MonkeyDLuffy(MonkeyDLuffy) used a dead_lion 2-7-2021, 7:25:32 AM
MonkeyDLuffy(MonkeyDLuffy) used a dead_lion 2-7-2021, 7:25:32 AM
MonkeyDLuffy(MonkeyDLuffy) used a dead_lion 2-7-2021, 7:25:32 AM
MonkeyDLuffy(MonkeyDLuffy) used a dead_lion 2-7-2021, 7:25:32 AM
MonkeyDLuffy(MonkeyDLuffy) used a dead_lion 2-7-2021, 7:25:33 AM
MonkeyDLuffy(MonkeyDLuffy) used a dead_lion 2-7-2021, 7:25:33 AM
MonkeyDLuffy(MonkeyDLuffy) used a dead_lion 2-7-2021, 7:25:33 AM
MonkeyDLuffy(MonkeyDLuffy) used a dead_lion 2-7-2021, 7:25:33 AM
MonkeyDLuffy(MonkeyDLuffy) used a dead_lion 2-7-2021, 7:25:34 AM
MonkeyDLuffy(MonkeyDLuffy) used a dead_lion 2-7-2021, 7:25:34 AM
MonkeyDLuffy(MonkeyDLuffy) used a dead_lion 2-7-2021, 7:25:34 AM
MonkeyDLuffy(MonkeyDLuffy) used a dead_lion 2-7-2021, 7:25:34 AM
MonkeyDLuffy(MonkeyDLuffy) used a dead_lion 2-7-2021, 7:25:34 AM
MonkeyDLuffy(MonkeyDLuffy) used a dead_lion 2-7-2021, 7:25:35 AM
MonkeyDLuffy(MonkeyDLuffy) used a dead_lion 2-7-2021, 7:25:35 AM
MonkeyDLuffy(MonkeyDLuffy) used a dead_lion 2-7-2021, 7:25:35 AM
MonkeyDLuffy(MonkeyDLuffy) used a dead_lion 2-7-2021, 7:25:35 AM
MonkeyDLuffy(MonkeyDLuffy) used a dead_lion 2-7-2021, 7:25:35 AM
MonkeyDLuffy(MonkeyDLuffy) used a dead_lion 2-7-2021, 7:25:36 AM
MonkeyDLuffy(MonkeyDLuffy) used a dead_lion 2-7-2021, 7:25:36 AM
MonkeyDLuffy(MonkeyDLuffy) used a dead_lion 2-7-2021, 7:25:36 AM
MonkeyDLuffy(MonkeyDLuffy) used a dead_lion 2-7-2021, 7:25:36 AM
MonkeyDLuffy(MonkeyDLuffy) used a dead_lion 2-7-2021, 7:25:36 AM
MonkeyDLuffy(MonkeyDLuffy) used a dead_lion 2-7-2021, 7:25:37 AM
MonkeyDLuffy(MonkeyDLuffy) used a dead_lion 2-7-2021, 7:25:37 AM
MonkeyDLuffy(MonkeyDLuffy) used a dead_lion 2-7-2021, 7:25:37 AM
MonkeyDLuffy(MonkeyDLuffy) used a dead_lion 2-7-2021, 7:25:37 AM
MonkeyDLuffy(MonkeyDLuffy) used a dead_lion 2-7-2021, 7:25:38 AM
MonkeyDLuffy(MonkeyDLuffy) used a dead_lion 2-7-2021, 7:25:38 AM
MonkeyDLuffy(MonkeyDLuffy) used a dead_lion 2-7-2021, 7:25:38 AM
MonkeyDLuffy(MonkeyDLuffy) used a dead_lion 2-7-2021, 7:25:38 AM
MonkeyDLuffy(MonkeyDLuffy) used a dead_lion 2-7-2021, 7:25:38 AM
MonkeyDLuffy(MonkeyDLuffy) used a dead_lion 2-7-2021, 7:25:39 AM
MonkeyDLuffy(MonkeyDLuffy) used a dead_lion 2-7-2021, 7:25:39 AM
MonkeyDLuffy(MonkeyDLuffy) used a dead_lion 2-7-2021, 7:25:39 AM
MonkeyDLuffy(MonkeyDLuffy) used a dead_lion 2-7-2021, 7:25:39 AM
MonkeyDLuffy(MonkeyDLuffy) used a dead_lion 2-7-2021, 7:25:40 AM
MonkeyDLuffy(MonkeyDLuffy) used a dead_lion 2-7-2021, 7:25:40 AM
MonkeyDLuffy(MonkeyDLuffy) used a dead_lion 2-7-2021, 7:25:40 AM
MonkeyDLuffy(MonkeyDLuffy) used a dead_lion 2-7-2021, 7:25:40 AM
MonkeyDLuffy(MonkeyDLuffy) used a dead_lion 2-7-2021, 7:25:40 AM
MonkeyDLuffy(MonkeyDLuffy) used a dead_lion 2-7-2021, 7:25:41 AM
MonkeyDLuffy(MonkeyDLuffy) used a dead_lion 2-7-2021, 7:25:41 AM
MonkeyDLuffy(MonkeyDLuffy) used a dead_lion 2-7-2021, 7:25:41 AM
MonkeyDLuffy(MonkeyDLuffy) used a dead_lion 2-7-2021, 7:25:41 AM
MonkeyDLuffy(MonkeyDLuffy) used a dead_lion 2-7-2021, 7:25:41 AM
MonkeyDLuffy(MonkeyDLuffy) used a dead_lion 2-7-2021, 7:25:42 AM
MonkeyDLuffy(MonkeyDLuffy) used a dead_lion 2-7-2021, 7:25:42 AM
MonkeyDLuffy(MonkeyDLuffy) used a dead_lion 2-7-2021, 7:25:42 AM
MonkeyDLuffy(MonkeyDLuffy) used a dead_lion 2-7-2021, 7:25:42 AM
MonkeyDLuffy(MonkeyDLuffy) used a dead_lion 2-7-2021, 7:25:42 AM
MonkeyDLuffy(MonkeyDLuffy) used a dead_lion 2-7-2021, 7:25:43 AM
MonkeyDLuffy(MonkeyDLuffy) used a dead_lion 2-7-2021, 7:25:43 AM
MonkeyDLuffy(MonkeyDLuffy) used a dead_lion 2-7-2021, 7:25:43 AM
MonkeyDLuffy(MonkeyDLuffy) used a dead_lion 2-7-2021, 7:25:43 AM
MonkeyDLuffy(MonkeyDLuffy) used a dead_lion 2-7-2021, 7:25:43 AM
MonkeyDLuffy(MonkeyDLuffy) used a dead_lion 2-7-2021, 7:25:44 AM
MonkeyDLuffy(MonkeyDLuffy) used a dead_lion 2-7-2021, 7:25:44 AM
MonkeyDLuffy(MonkeyDLuffy) used a dead_lion 2-7-2021, 7:25:44 AM
MonkeyDLuffy(MonkeyDLuffy) used a dead_lion 2-7-2021, 7:25:44 AM
MonkeyDLuffy(MonkeyDLuffy) used a dead_lion 2-7-2021, 7:25:45 AM
MonkeyDLuffy(MonkeyDLuffy) used a dead_lion 2-7-2021, 7:25:45 AM
MonkeyDLuffy(MonkeyDLuffy) used a dead_lion 2-7-2021, 7:25:45 AM
MonkeyDLuffy(MonkeyDLuffy) used a dead_lion 2-7-2021, 7:25:45 AM
MonkeyDLuffy(MonkeyDLuffy) used a dead_lion 2-7-2021, 7:25:46 AM
MonkeyDLuffy(MonkeyDLuffy) used a dead_lion 2-7-2021, 7:25:46 AM
MonkeyDLuffy(MonkeyDLuffy) used a dead_lion 2-7-2021, 7:25:46 AM
MonkeyDLuffy(MonkeyDLuffy) used a dead_lion 2-7-2021, 7:25:46 AM
MonkeyDLuffy(MonkeyDLuffy) used a dead_lion 2-7-2021, 7:25:46 AM
MonkeyDLuffy(MonkeyDLuffy) used a dead_lion 2-7-2021, 7:25:47 AM
MonkeyDLuffy(MonkeyDLuffy) used a dead_lion 2-7-2021, 7:25:47 AM
MonkeyDLuffy(MonkeyDLuffy) used a dead_lion 2-7-2021, 7:25:47 AM
MonkeyDLuffy(MonkeyDLuffy) used a dead_lion 2-7-2021, 7:25:47 AM
MonkeyDLuffy(MonkeyDLuffy) used a dead_lion 2-7-2021, 7:25:48 AM
MonkeyDLuffy(MonkeyDLuffy) used a dead_lion 2-7-2021, 7:25:48 AM
MonkeyDLuffy(MonkeyDLuffy) used a dead_lion 2-7-2021, 7:25:48 AM
MonkeyDLuffy(MonkeyDLuffy) used a dead_lion 2-7-2021, 7:25:48 AM
MonkeyDLuffy(MonkeyDLuffy) used a dead_lion 2-7-2021, 7:25:48 AM
MonkeyDLuffy(MonkeyDLuffy) used a dead_lion 2-7-2021, 7:25:49 AM
MonkeyDLuffy(MonkeyDLuffy) used a dead_lion 2-7-2021, 7:25:49 AM
MonkeyDLuffy(MonkeyDLuffy) used a dead_lion 2-7-2021, 7:25:49 AM
MonkeyDLuffy(MonkeyDLuffy) used a dead_lion 2-7-2021, 7:25:49 AM
MonkeyDLuffy(MonkeyDLuffy) used a dead_lion 2-7-2021, 7:25:50 AM
MonkeyDLuffy(MonkeyDLuffy) used a dead_lion 2-7-2021, 7:25:50 AM
MonkeyDLuffy(MonkeyDLuffy) used a dead_lion 2-7-2021, 7:25:51 AM
MonkeyDLuffy(MonkeyDLuffy) used a dead_lion 2-7-2021, 7:25:51 AM
MonkeyDLuffy(MonkeyDLuffy) used a dead_lion 2-7-2021, 7:25:51 AM
MonkeyDLuffy(MonkeyDLuffy) used a dead_lion 2-7-2021, 7:25:51 AM
MonkeyDLuffy(MonkeyDLuffy) used a dead_lion 2-7-2021, 7:25:52 AM
MonkeyDLuffy(MonkeyDLuffy) used a dead_lion 2-7-2021, 7:25:52 AM
MonkeyDLuffy(MonkeyDLuffy) used a dead_lion 2-7-2021, 7:25:52 AM
MonkeyDLuffy(MonkeyDLuffy) used a dead_lion 2-7-2021, 7:25:52 AM
MonkeyDLuffy(MonkeyDLuffy) used a dead_lion 2-7-2021, 7:25:53 AM
MonkeyDLuffy(MonkeyDLuffy) used a dead_lion 2-7-2021, 7:25:53 AM
MonkeyDLuffy(MonkeyDLuffy) used a dead_lion 2-7-2021, 7:25:53 AM
MonkeyDLuffy(MonkeyDLuffy) used a dead_lion 2-7-2021, 7:25:53 AM
MonkeyDLuffy(MonkeyDLuffy) used a dead_lion 2-7-2021, 7:25:53 AM
MonkeyDLuffy(MonkeyDLuffy) used a dead_lion 2-7-2021, 7:25:54 AM
MonkeyDLuffy(MonkeyDLuffy) used a dead_lion 2-7-2021, 7:25:54 AM
MonkeyDLuffy(MonkeyDLuffy) used a dead_lion 2-7-2021, 7:25:54 AM
MonkeyDLuffy(MonkeyDLuffy) used a dead_lion 2-7-2021, 7:25:54 AM
MonkeyDLuffy(MonkeyDLuffy) used a dead_lion 2-7-2021, 7:25:55 AM
MonkeyDLuffy(MonkeyDLuffy) used a dead_lion 2-7-2021, 7:25:55 AM
MonkeyDLuffy(MonkeyDLuffy) used a dead_lion 2-7-2021, 7:25:55 AM
MonkeyDLuffy(MonkeyDLuffy) used a dead_lion 2-7-2021, 7:25:55 AM
MonkeyDLuffy(MonkeyDLuffy) used a dead_lion 2-7-2021, 7:25:55 AM
MonkeyDLuffy(MonkeyDLuffy) used a dead_lion 2-7-2021, 7:25:56 AM
MonkeyDLuffy(MonkeyDLuffy) used a dead_lion 2-7-2021, 7:25:56 AM
MonkeyDLuffy(MonkeyDLuffy) used a dead_lion 2-7-2021, 7:25:56 AM
MonkeyDLuffy(MonkeyDLuffy) used a dead_lion 2-7-2021, 7:25:56 AM
MonkeyDLuffy(MonkeyDLuffy) used a dead_lion 2-7-2021, 7:25:57 AM
MonkeyDLuffy(MonkeyDLuffy) used a dead_lion 2-7-2021, 7:25:57 AM
MonkeyDLuffy(MonkeyDLuffy) used a dead_lion 2-7-2021, 7:25:57 AM
MonkeyDLuffy(MonkeyDLuffy) used a dead_lion 2-7-2021, 7:25:57 AM
MonkeyDLuffy(MonkeyDLuffy) used a dead_lion 2-7-2021, 7:25:57 AM
MonkeyDLuffy(MonkeyDLuffy) used a dead_lion 2-7-2021, 7:25:58 AM
MonkeyDLuffy(MonkeyDLuffy) used a dead_lion 2-7-2021, 7:25:58 AM
MonkeyDLuffy(MonkeyDLuffy) used a dead_lion 2-7-2021, 7:25:58 AM
MonkeyDLuffy(MonkeyDLuffy) used a dead_lion 2-7-2021, 7:25:58 AM
MonkeyDLuffy(MonkeyDLuffy) used a dead_lion 2-7-2021, 7:25:59 AM
MonkeyDLuffy(MonkeyDLuffy) used a dead_lion 2-7-2021, 7:25:59 AM
MonkeyDLuffy(MonkeyDLuffy) used a dead_lion 2-7-2021, 7:25:59 AM
MonkeyDLuffy(MonkeyDLuffy) used a dead_lion 2-7-2021, 7:25:59 AM
MonkeyDLuffy(MonkeyDLuffy) used a dead_lion 2-7-2021, 7:25:59 AM
MonkeyDLuffy(MonkeyDLuffy) used a dead_lion 2-7-2021, 7:26:00 AM
MonkeyDLuffy(MonkeyDLuffy) used a tk_ultra_health_potion 2-7-2021, 7:26:11 AM
MonkeyDLuffy(MonkeyDLuffy) used a shield 2-7-2021, 7:26:17 AM
MonkeyDLuffy(MonkeyDLuffy) used a shield 2-7-2021, 7:26:17 AM
MonkeyDLuffy(MonkeyDLuffy) used a shield 2-7-2021, 7:26:18 AM
MonkeyDLuffy(MonkeyDLuffy) used a shield 2-7-2021, 7:28:56 AM
MonkeyDLuffy(MonkeyDLuffy) used a shield 2-7-2021, 7:28:56 AM
MonkeyDLuffy(MonkeyDLuffy) used a shield 2-7-2021, 7:28:56 AM
MonkeyDLuffy(MonkeyDLuffy) used a shield 2-7-2021, 7:28:56 AM
MonkeyDLuffy(MonkeyDLuffy) used a shield 2-7-2021, 7:29:41 AM
MonkeyDLuffy(MonkeyDLuffy) used a shield 2-7-2021, 7:29:41 AM
MonkeyDLuffy(MonkeyDLuffy) used a shield 2-7-2021, 7:29:41 AM
MonkeyDLuffy(MonkeyDLuffy) used a shield 2-7-2021, 7:29:41 AM
MonkeyDLuffy(MonkeyDLuffy) used a shield 2-7-2021, 7:29:42 AM
MonkeyDLuffy(MonkeyDLuffy) used a shield 2-7-2021, 7:29:42 AM
MonkeyDLuffy(MonkeyDLuffy) used a shield 2-7-2021, 7:29:42 AM
MonkeyDLuffy(MonkeyDLuffy) used a shield 2-7-2021, 7:29:43 AM
MonkeyDLuffy(MonkeyDLuffy) used a shield 2-7-2021, 7:29:43 AM
MonkeyDLuffy(MonkeyDLuffy) used a shield 2-7-2021, 7:29:43 AM
MonkeyDLuffy(MonkeyDLuffy) used a shield 2-7-2021, 7:29:43 AM
MonkeyDLuffy(MonkeyDLuffy) used a shield 2-7-2021, 7:29:43 AM
MonkeyDLuffy(MonkeyDLuffy) used a shield 2-7-2021, 7:29:43 AM
MonkeyDLuffy(MonkeyDLuffy) used a shield 2-7-2021, 7:29:44 AM
MonkeyDLuffy(MonkeyDLuffy) used a shield 2-7-2021, 7:29:44 AM
MonkeyDLuffy(MonkeyDLuffy) used a shield 2-7-2021, 7:29:44 AM
MonkeyDLuffy(MonkeyDLuffy) used a shield 2-7-2021, 7:29:44 AM
MonkeyDLuffy(MonkeyDLuffy) used a shield 2-7-2021, 7:29:45 AM
MonkeyDLuffy(MonkeyDLuffy) used a shield 2-7-2021, 7:29:45 AM
MonkeyDLuffy(MonkeyDLuffy) used a shield 2-7-2021, 7:29:45 AM
MonkeyDLuffy(MonkeyDLuffy) used a shield 2-7-2021, 7:29:46 AM
MonkeyDLuffy(MonkeyDLuffy) used a shield 2-7-2021, 7:29:46 AM
MonkeyDLuffy(MonkeyDLuffy) used a shield 2-7-2021, 7:29:46 AM
MonkeyDLuffy(MonkeyDLuffy) used a shield 2-7-2021, 7:29:46 AM
MonkeyDLuffy(MonkeyDLuffy) used a shield 2-7-2021, 7:29:46 AM
MonkeyDLuffy(MonkeyDLuffy) used a shield 2-7-2021, 7:29:47 AM
MonkeyDLuffy(MonkeyDLuffy) used a shield 2-7-2021, 7:29:47 AM
MonkeyDLuffy(MonkeyDLuffy) used a shield 2-7-2021, 7:29:47 AM
MonkeyDLuffy(MonkeyDLuffy) used a shield 2-7-2021, 7:29:47 AM
MonkeyDLuffy(MonkeyDLuffy) used a shield 2-7-2021, 7:29:48 AM
MonkeyDLuffy(MonkeyDLuffy) used a shield 2-7-2021, 7:29:48 AM
MonkeyDLuffy(MonkeyDLuffy) used a shield 2-7-2021, 7:29:48 AM
MonkeyDLuffy(MonkeyDLuffy) used a shield 2-7-2021, 7:29:49 AM
MonkeyDLuffy(MonkeyDLuffy) used a shield 2-7-2021, 7:29:49 AM
MonkeyDLuffy(MonkeyDLuffy) used a antibiotic 2-7-2021, 7:29:50 AM
MonkeyDLuffy(MonkeyDLuffy) used a antibiotic 2-7-2021, 7:29:51 AM
MonkeyDLuffy(MonkeyDLuffy) used a antibiotic 2-7-2021, 7:29:59 AM
MonkeyDLuffy(MonkeyDLuffy) used a antibiotic 2-7-2021, 7:30:01 AM
MonkeyDLuffy(MonkeyDLuffy) used a antibiotic 2-7-2021, 7:30:03 AM
MonkeyDLuffy(MonkeyDLuffy) used a antibiotic 2-7-2021, 7:30:03 AM
MonkeyDLuffy(MonkeyDLuffy) used a antibiotic 2-7-2021, 7:30:04 AM
MonkeyDLuffy(MonkeyDLuffy) used a antibiotic 2-7-2021, 7:30:05 AM
MonkeyDLuffy(MonkeyDLuffy) used a shield 2-7-2021, 7:30:30 AM
MonkeyDLuffy(MonkeyDLuffy) used a antibiotic 2-7-2021, 7:30:31 AM
MonkeyDLuffy(MonkeyDLuffy) used a antibiotic 2-7-2021, 7:30:44 AM
MonkeyDLuffy(MonkeyDLuffy) used a antibiotic 2-7-2021, 7:30:45 AM
MonkeyDLuffy(MonkeyDLuffy) used a antibiotic 2-7-2021, 7:30:46 AM
MonkeyDLuffy(MonkeyDLuffy) used a antibiotic 2-7-2021, 7:30:46 AM
MonkeyDLuffy(MonkeyDLuffy) used a antibiotic 2-7-2021, 7:33:08 AM
MonkeyDLuffy(MonkeyDLuffy) used a shield 2-7-2021, 7:33:10 AM
MonkeyDLuffy(MonkeyDLuffy) used a shield 2-7-2021, 7:33:10 AM
MonkeyDLuffy(MonkeyDLuffy) used a turret 2-7-2021, 7:37:19 AM
MonkeyDLuffy(MonkeyDLuffy) used a shield 2-7-2021, 7:37:56 AM
MonkeyDLuffy(MonkeyDLuffy) used a shield 2-7-2021, 7:37:57 AM
MonkeyDLuffy(MonkeyDLuffy) used a shield 2-7-2021, 7:37:57 AM
MonkeyDLuffy(MonkeyDLuffy) used a shield 2-7-2021, 7:37:57 AM
MonkeyDLuffy(MonkeyDLuffy) used a shield 2-7-2021, 7:37:57 AM
MonkeyDLuffy(MonkeyDLuffy) used a shield 2-7-2021, 7:37:57 AM
MonkeyDLuffy(MonkeyDLuffy) used a shield 2-7-2021, 7:37:58 AM
MonkeyDLuffy(MonkeyDLuffy) used a shield 2-7-2021, 7:37:58 AM
MonkeyDLuffy(MonkeyDLuffy) used a shield 2-7-2021, 7:37:58 AM
MonkeyDLuffy(MonkeyDLuffy) used a shield 2-7-2021, 7:37:58 AM
MonkeyDLuffy(MonkeyDLuffy) used a shield 2-7-2021, 7:37:59 AM
MonkeyDLuffy(MonkeyDLuffy) used a shield 2-7-2021, 7:37:59 AM
MonkeyDLuffy(MonkeyDLuffy) used a shield 2-7-2021, 7:37:59 AM
MonkeyDLuffy(MonkeyDLuffy) used a shield 2-7-2021, 7:37:59 AM
MonkeyDLuffy(MonkeyDLuffy) used a shield 2-7-2021, 7:37:59 AM
MonkeyDLuffy(MonkeyDLuffy) used a shield 2-7-2021, 7:37:59 AM
MonkeyDLuffy(MonkeyDLuffy) used a shield 2-7-2021, 7:38:00 AM
MonkeyDLuffy(MonkeyDLuffy) used a shield 2-7-2021, 7:38:00 AM
MonkeyDLuffy(MonkeyDLuffy) used a shield 2-7-2021, 7:38:00 AM
MonkeyDLuffy(MonkeyDLuffy) used a shield 2-7-2021, 7:38:00 AM
MonkeyDLuffy(MonkeyDLuffy) used a shield 2-7-2021, 7:38:00 AM
MonkeyDLuffy(MonkeyDLuffy) used a shield 2-7-2021, 7:38:00 AM
MonkeyDLuffy(MonkeyDLuffy) used a shield 2-7-2021, 7:38:00 AM
MonkeyDLuffy(MonkeyDLuffy) used a shield 2-7-2021, 7:38:01 AM
MonkeyDLuffy(MonkeyDLuffy) used a shield 2-7-2021, 7:38:01 AM
MonkeyDLuffy(MonkeyDLuffy) used a shield 2-7-2021, 7:38:01 AM
MonkeyDLuffy(MonkeyDLuffy) used a shield 2-7-2021, 7:38:02 AM
MonkeyDLuffy(MonkeyDLuffy) used a shield 2-7-2021, 7:38:02 AM
MonkeyDLuffy(MonkeyDLuffy) used a antibiotic 2-7-2021, 7:38:03 AM
MonkeyDLuffy(MonkeyDLuffy) used a antibiotic 2-7-2021, 7:38:03 AM
MonkeyDLuffy(MonkeyDLuffy) used a antibiotic 2-7-2021, 7:38:32 AM
MonkeyDLuffy(MonkeyDLuffy) used a antibiotic 2-7-2021, 7:38:53 AM
MonkeyDLuffy(MonkeyDLuffy) used a antibiotic 2-7-2021, 7:38:54 AM
MonkeyDLuffy(MonkeyDLuffy) used a antibiotic 2-7-2021, 7:39:11 AM
MonkeyDLuffy(MonkeyDLuffy) used a antibiotic 2-7-2021, 7:39:12 AM
MonkeyDLuffy(MonkeyDLuffy) used a antibiotic 2-7-2021, 7:39:13 AM
MonkeyDLuffy(MonkeyDLuffy) used a antibiotic 2-7-2021, 7:39:13 AM
MonkeyDLuffy(MonkeyDLuffy) used a antibiotic 2-7-2021, 7:39:14 AM
MonkeyDLuffy(MonkeyDLuffy) used a tk_ultra_health_potion 2-7-2021, 7:41:04 AM
MonkeyDLuffy(MonkeyDLuffy) used a antibiotic 2-7-2021, 7:43:23 AM
MonkeyDLuffy(MonkeyDLuffy) used a shield 2-7-2021, 7:43:33 AM
MonkeyDLuffy(MonkeyDLuffy) used a shield 2-7-2021, 7:43:34 AM
MonkeyDLuffy(MonkeyDLuffy) used a shield 2-7-2021, 7:43:34 AM
MonkeyDLuffy(MonkeyDLuffy) used a shield 2-7-2021, 7:43:34 AM
MonkeyDLuffy(MonkeyDLuffy) used a antibiotic 2-7-2021, 7:44:26 AM
MonkeyDLuffy(MonkeyDLuffy) used a antibiotic 2-7-2021, 7:44:26 AM
MonkeyDLuffy(MonkeyDLuffy) used a antibiotic 2-7-2021, 7:44:27 AM
MonkeyDLuffy(MonkeyDLuffy) used a antibiotic 2-7-2021, 7:44:43 AM
MonkeyDLuffy(MonkeyDLuffy) used a antibiotic 2-7-2021, 7:44:43 AM
MonkeyDLuffy(MonkeyDLuffy) used a antibiotic 2-7-2021, 7:44:45 AM
MonkeyDLuffy(MonkeyDLuffy) used a antibiotic 2-7-2021, 7:44:46 AM
MonkeyDLuffy(MonkeyDLuffy) used a antibiotic 2-7-2021, 7:44:46 AM
MonkeyDLuffy(MonkeyDLuffy) used a antibiotic 2-7-2021, 7:45:04 AM
MonkeyDLuffy(MonkeyDLuffy) used a antibiotic 2-7-2021, 7:45:07 AM
MonkeyDLuffy(MonkeyDLuffy) used a antibiotic 2-7-2021, 7:45:07 AM
MonkeyDLuffy(MonkeyDLuffy) used a tk_ultra_health_potion 2-7-2021, 7:45:28 AM
MonkeyDLuffy(MonkeyDLuffy) used a shield 2-7-2021, 7:45:47 AM
MonkeyDLuffy(MonkeyDLuffy) used a shield 2-7-2021, 7:45:47 AM
MonkeyDLuffy(MonkeyDLuffy) used a shield 2-7-2021, 7:45:48 AM
MonkeyDLuffy(MonkeyDLuffy) used a shield 2-7-2021, 7:45:48 AM
MonkeyDLuffy(MonkeyDLuffy) used a shield 2-7-2021, 7:45:48 AM
MonkeyDLuffy(MonkeyDLuffy) used a shield 2-7-2021, 7:45:48 AM
MonkeyDLuffy(MonkeyDLuffy) used a shield 2-7-2021, 7:45:49 AM
MonkeyDLuffy(MonkeyDLuffy) used a shield 2-7-2021, 7:45:49 AM
MonkeyDLuffy(MonkeyDLuffy) used a shield 2-7-2021, 7:45:49 AM
MonkeyDLuffy(MonkeyDLuffy) used a shield 2-7-2021, 7:45:49 AM
MonkeyDLuffy(MonkeyDLuffy) used a shield 2-7-2021, 7:45:49 AM
MonkeyDLuffy(MonkeyDLuffy) used a shield 2-7-2021, 7:45:50 AM
MonkeyDLuffy(MonkeyDLuffy) used a shield 2-7-2021, 7:45:50 AM
MonkeyDLuffy(MonkeyDLuffy) used a shield 2-7-2021, 7:45:50 AM
MonkeyDLuffy(MonkeyDLuffy) used a shield 2-7-2021, 7:45:50 AM
MonkeyDLuffy(MonkeyDLuffy) used a shield 2-7-2021, 7:45:50 AM
MonkeyDLuffy(MonkeyDLuffy) used a shield 2-7-2021, 7:45:51 AM
MonkeyDLuffy(MonkeyDLuffy) used a shield 2-7-2021, 7:45:51 AM
MonkeyDLuffy(MonkeyDLuffy) used a shield 2-7-2021, 7:45:51 AM
MonkeyDLuffy(MonkeyDLuffy) used a shield 2-7-2021, 7:45:52 AM
MonkeyDLuffy(MonkeyDLuffy) used a shield 2-7-2021, 7:45:52 AM
MonkeyDLuffy(MonkeyDLuffy) used a shield 2-7-2021, 7:45:52 AM
MonkeyDLuffy(MonkeyDLuffy) used a shield 2-7-2021, 7:45:52 AM
MonkeyDLuffy(MonkeyDLuffy) used a shield 2-7-2021, 7:45:53 AM
MonkeyDLuffy(MonkeyDLuffy) used a shield 2-7-2021, 7:45:53 AM
MonkeyDLuffy(MonkeyDLuffy) used a shield 2-7-2021, 7:45:53 AM
MonkeyDLuffy(MonkeyDLuffy) used a shield 2-7-2021, 7:45:53 AM
MonkeyDLuffy(MonkeyDLuffy) used a shield 2-7-2021, 7:52:58 AM
MonkeyDLuffy(MonkeyDLuffy) used a shield 2-7-2021, 7:52:59 AM
MonkeyDLuffy(MonkeyDLuffy) used a shield 2-7-2021, 7:52:59 AM
MonkeyDLuffy(MonkeyDLuffy) used a shield 2-7-2021, 7:52:59 AM
MonkeyDLuffy(MonkeyDLuffy) used a shield 2-7-2021, 7:52:59 AM
MonkeyDLuffy(MonkeyDLuffy) used a shield 2-7-2021, 7:53:00 AM
MonkeyDLuffy(MonkeyDLuffy) used a shield 2-7-2021, 7:53:00 AM
MonkeyDLuffy(MonkeyDLuffy) used a shield 2-7-2021, 7:53:00 AM
MonkeyDLuffy(MonkeyDLuffy) used a shield 2-7-2021, 7:53:01 AM
MonkeyDLuffy(MonkeyDLuffy) used a shield 2-7-2021, 7:53:01 AM
MonkeyDLuffy(MonkeyDLuffy) used a shield 2-7-2021, 7:53:01 AM
MonkeyDLuffy(MonkeyDLuffy) used a shield 2-7-2021, 7:53:01 AM
MonkeyDLuffy(MonkeyDLuffy) used a shield 2-7-2021, 7:53:01 AM
MonkeyDLuffy(MonkeyDLuffy) used a shield 2-7-2021, 7:53:02 AM
MonkeyDLuffy(MonkeyDLuffy) used a shield 2-7-2021, 7:53:02 AM
MonkeyDLuffy(MonkeyDLuffy) used a shield 2-7-2021, 7:53:02 AM
MonkeyDLuffy(MonkeyDLuffy) used a shield 2-7-2021, 7:53:02 AM
MonkeyDLuffy(MonkeyDLuffy) used a shield 2-7-2021, 7:53:03 AM
MonkeyDLuffy(MonkeyDLuffy) used a shield 2-7-2021, 7:53:03 AM
MonkeyDLuffy(MonkeyDLuffy) used a shield 2-7-2021, 7:53:03 AM
MonkeyDLuffy(MonkeyDLuffy) used a shield 2-7-2021, 7:53:04 AM
MonkeyDLuffy(MonkeyDLuffy) used a shield 2-7-2021, 7:53:04 AM
MonkeyDLuffy(MonkeyDLuffy) used a shield 2-7-2021, 7:53:04 AM
MonkeyDLuffy(MonkeyDLuffy) used a shield 2-7-2021, 7:53:04 AM
MonkeyDLuffy(MonkeyDLuffy) used a shield 2-7-2021, 7:53:04 AM
MonkeyDLuffy(MonkeyDLuffy) used a shield 2-7-2021, 7:53:05 AM
MonkeyDLuffy(MonkeyDLuffy) used a shield 2-7-2021, 7:53:05 AM
MonkeyDLuffy(MonkeyDLuffy) used a shield 2-7-2021, 7:53:05 AM
MonkeyDLuffy(MonkeyDLuffy) used a shield 2-7-2021, 7:53:06 AM
MonkeyDLuffy(MonkeyDLuffy) used a antibiotic 2-7-2021, 7:53:07 AM
MonkeyDLuffy(MonkeyDLuffy) used a antibiotic 2-7-2021, 7:53:07 AM
MonkeyDLuffy(MonkeyDLuffy) used a antibiotic 2-7-2021, 7:53:07 AM
MonkeyDLuffy(MonkeyDLuffy) used a shield 2-7-2021, 8:00:12 AM
MonkeyDLuffy(MonkeyDLuffy) used a shield 2-7-2021, 8:00:13 AM
MonkeyDLuffy(MonkeyDLuffy) used a antibiotic 2-7-2021, 8:00:13 AM
MonkeyDLuffy(MonkeyDLuffy) used a antibiotic 2-7-2021, 8:00:14 AM
MonkeyDLuffy(MonkeyDLuffy) used a antibiotic 2-7-2021, 8:00:24 AM
MonkeyDLuffy(MonkeyDLuffy) used a antibiotic 2-7-2021, 8:00:33 AM
MonkeyDLuffy(MonkeyDLuffy) used a antibiotic 2-7-2021, 8:00:34 AM
MonkeyDLuffy(MonkeyDLuffy) used a antibiotic 2-7-2021, 8:00:34 AM
MonkeyDLuffy(MonkeyDLuffy) used a antibiotic 2-7-2021, 8:00:34 AM
MonkeyDLuffy(MonkeyDLuffy) used a shield 2-7-2021, 8:01:30 AM
MonkeyDLuffy(MonkeyDLuffy) used a dead_lion 2-7-2021, 8:01:38 AM
MonkeyDLuffy(MonkeyDLuffy) used a dead_lion 2-7-2021, 8:01:38 AM
MonkeyDLuffy(MonkeyDLuffy) used a dead_lion 2-7-2021, 8:01:39 AM
MonkeyDLuffy(MonkeyDLuffy) used a dead_lion 2-7-2021, 8:01:39 AM
MonkeyDLuffy(MonkeyDLuffy) used a dead_lion 2-7-2021, 8:01:39 AM
MonkeyDLuffy(MonkeyDLuffy) used a dead_lion 2-7-2021, 8:01:40 AM
MonkeyDLuffy(MonkeyDLuffy) used a dead_lion 2-7-2021, 8:01:40 AM
MonkeyDLuffy(MonkeyDLuffy) used a dead_lion 2-7-2021, 8:01:40 AM
MonkeyDLuffy(MonkeyDLuffy) used a dead_lion 2-7-2021, 8:01:41 AM
MonkeyDLuffy(MonkeyDLuffy) used a dead_lion 2-7-2021, 8:01:41 AM
MonkeyDLuffy(MonkeyDLuffy) used a dead_lion 2-7-2021, 8:01:41 AM
MonkeyDLuffy(MonkeyDLuffy) used a dead_lion 2-7-2021, 8:01:42 AM
MonkeyDLuffy(MonkeyDLuffy) used a dead_lion 2-7-2021, 8:01:42 AM
MonkeyDLuffy(MonkeyDLuffy) used a dead_lion 2-7-2021, 8:01:42 AM
MonkeyDLuffy(MonkeyDLuffy) used a dead_lion 2-7-2021, 8:01:42 AM
MonkeyDLuffy(MonkeyDLuffy) used a dead_lion 2-7-2021, 8:01:43 AM
MonkeyDLuffy(MonkeyDLuffy) used a dead_lion 2-7-2021, 8:01:43 AM
MonkeyDLuffy(MonkeyDLuffy) used a dead_lion 2-7-2021, 8:01:43 AM
MonkeyDLuffy(MonkeyDLuffy) used a dead_lion 2-7-2021, 8:01:43 AM
MonkeyDLuffy(MonkeyDLuffy) used a dead_lion 2-7-2021, 8:01:43 AM
MonkeyDLuffy(MonkeyDLuffy) used a dead_lion 2-7-2021, 8:01:44 AM
MonkeyDLuffy(MonkeyDLuffy) used a dead_lion 2-7-2021, 8:01:44 AM
MonkeyDLuffy(MonkeyDLuffy) used a dead_lion 2-7-2021, 8:01:44 AM
MonkeyDLuffy(MonkeyDLuffy) used a dead_lion 2-7-2021, 8:01:44 AM
MonkeyDLuffy(MonkeyDLuffy) used a dead_lion 2-7-2021, 8:01:44 AM
MonkeyDLuffy(MonkeyDLuffy) used a dead_lion 2-7-2021, 8:01:44 AM
MonkeyDLuffy(MonkeyDLuffy) used a dead_lion 2-7-2021, 8:01:45 AM
MonkeyDLuffy(MonkeyDLuffy) used a dead_lion 2-7-2021, 8:01:45 AM
MonkeyDLuffy(MonkeyDLuffy) used a dead_lion 2-7-2021, 8:01:45 AM
MonkeyDLuffy(MonkeyDLuffy) used a dead_lion 2-7-2021, 8:01:45 AM
MonkeyDLuffy(MonkeyDLuffy) used a dead_lion 2-7-2021, 8:01:45 AM
MonkeyDLuffy(MonkeyDLuffy) used a dead_lion 2-7-2021, 8:01:46 AM
MonkeyDLuffy(MonkeyDLuffy) used a dead_lion 2-7-2021, 8:01:46 AM
MonkeyDLuffy(MonkeyDLuffy) used a dead_lion 2-7-2021, 8:01:46 AM
MonkeyDLuffy(MonkeyDLuffy) used a dead_lion 2-7-2021, 8:01:46 AM
MonkeyDLuffy(MonkeyDLuffy) used a dead_lion 2-7-2021, 8:01:46 AM
MonkeyDLuffy(MonkeyDLuffy) used a dead_lion 2-7-2021, 8:01:47 AM
MonkeyDLuffy(MonkeyDLuffy) used a dead_lion 2-7-2021, 8:01:47 AM
MonkeyDLuffy(MonkeyDLuffy) used a dead_lion 2-7-2021, 8:01:47 AM
MonkeyDLuffy(MonkeyDLuffy) used a dead_lion 2-7-2021, 8:01:47 AM
MonkeyDLuffy(MonkeyDLuffy) used a dead_lion 2-7-2021, 8:01:47 AM
MonkeyDLuffy(MonkeyDLuffy) used a dead_lion 2-7-2021, 8:01:48 AM
MonkeyDLuffy(MonkeyDLuffy) used a dead_lion 2-7-2021, 8:01:48 AM
MonkeyDLuffy(MonkeyDLuffy) used a dead_lion 2-7-2021, 8:01:48 AM
MonkeyDLuffy(MonkeyDLuffy) used a dead_lion 2-7-2021, 8:01:48 AM
MonkeyDLuffy(MonkeyDLuffy) used a dead_lion 2-7-2021, 8:01:48 AM
MonkeyDLuffy(MonkeyDLuffy) used a dead_lion 2-7-2021, 8:01:49 AM
MonkeyDLuffy(MonkeyDLuffy) used a dead_lion 2-7-2021, 8:01:49 AM
MonkeyDLuffy(MonkeyDLuffy) used a dead_lion 2-7-2021, 8:01:49 AM
MonkeyDLuffy(MonkeyDLuffy) used a dead_lion 2-7-2021, 8:01:49 AM
MonkeyDLuffy(MonkeyDLuffy) used a dead_lion 2-7-2021, 8:01:54 AM
MonkeyDLuffy(MonkeyDLuffy) used a dead_lion 2-7-2021, 8:01:55 AM
MonkeyDLuffy(MonkeyDLuffy) used a dead_lion 2-7-2021, 8:01:55 AM
MonkeyDLuffy(MonkeyDLuffy) used a dead_lion 2-7-2021, 8:01:55 AM
MonkeyDLuffy(MonkeyDLuffy) used a dead_lion 2-7-2021, 8:01:56 AM
MonkeyDLuffy(MonkeyDLuffy) used a dead_lion 2-7-2021, 8:01:56 AM
MonkeyDLuffy(MonkeyDLuffy) used a dead_lion 2-7-2021, 8:01:56 AM
MonkeyDLuffy(MonkeyDLuffy) used a dead_lion 2-7-2021, 8:01:56 AM
MonkeyDLuffy(MonkeyDLuffy) used a dead_lion 2-7-2021, 8:01:57 AM
MonkeyDLuffy(MonkeyDLuffy) used a dead_lion 2-7-2021, 8:01:57 AM
MonkeyDLuffy(MonkeyDLuffy) used a dead_lion 2-7-2021, 8:01:57 AM
MonkeyDLuffy(MonkeyDLuffy) used a dead_lion 2-7-2021, 8:01:57 AM
MonkeyDLuffy(MonkeyDLuffy) used a dead_lion 2-7-2021, 8:01:57 AM
MonkeyDLuffy(MonkeyDLuffy) used a dead_lion 2-7-2021, 8:01:57 AM
MonkeyDLuffy(MonkeyDLuffy) used a dead_lion 2-7-2021, 8:01:58 AM
MonkeyDLuffy(MonkeyDLuffy) used a dead_lion 2-7-2021, 8:01:58 AM
MonkeyDLuffy(MonkeyDLuffy) used a dead_lion 2-7-2021, 8:01:58 AM
MonkeyDLuffy(MonkeyDLuffy) used a dead_lion 2-7-2021, 8:01:58 AM
MonkeyDLuffy(MonkeyDLuffy) used a dead_lion 2-7-2021, 8:01:58 AM
MonkeyDLuffy(MonkeyDLuffy) used a dead_lion 2-7-2021, 8:01:59 AM
MonkeyDLuffy(MonkeyDLuffy) used a dead_lion 2-7-2021, 8:01:59 AM
MonkeyDLuffy(MonkeyDLuffy) used a dead_lion 2-7-2021, 8:01:59 AM
MonkeyDLuffy(MonkeyDLuffy) used a dead_lion 2-7-2021, 8:01:59 AM
MonkeyDLuffy(MonkeyDLuffy) used a dead_lion 2-7-2021, 8:01:59 AM
MonkeyDLuffy(MonkeyDLuffy) used a dead_lion 2-7-2021, 8:01:59 AM
MonkeyDLuffy(MonkeyDLuffy) used a dead_lion 2-7-2021, 8:02:00 AM
MonkeyDLuffy(MonkeyDLuffy) used a dead_lion 2-7-2021, 8:02:00 AM
MonkeyDLuffy(MonkeyDLuffy) used a dead_lion 2-7-2021, 8:02:00 AM
MonkeyDLuffy(MonkeyDLuffy) used a dead_lion 2-7-2021, 8:02:00 AM
MonkeyDLuffy(MonkeyDLuffy) used a dead_lion 2-7-2021, 8:02:00 AM
MonkeyDLuffy(MonkeyDLuffy) used a dead_lion 2-7-2021, 8:02:01 AM
MonkeyDLuffy(MonkeyDLuffy) used a dead_lion 2-7-2021, 8:02:01 AM
MonkeyDLuffy(MonkeyDLuffy) used a dead_lion 2-7-2021, 8:02:01 AM
MonkeyDLuffy(MonkeyDLuffy) used a dead_lion 2-7-2021, 8:02:01 AM
MonkeyDLuffy(MonkeyDLuffy) used a dead_lion 2-7-2021, 8:02:02 AM
MonkeyDLuffy(MonkeyDLuffy) used a dead_lion 2-7-2021, 8:02:02 AM
MonkeyDLuffy(MonkeyDLuffy) used a dead_lion 2-7-2021, 8:02:02 AM
MonkeyDLuffy(MonkeyDLuffy) used a dead_lion 2-7-2021, 8:02:02 AM
MonkeyDLuffy(MonkeyDLuffy) used a dead_lion 2-7-2021, 8:02:03 AM
MonkeyDLuffy(MonkeyDLuffy) used a dead_lion 2-7-2021, 8:02:03 AM
MonkeyDLuffy(MonkeyDLuffy) used a dead_lion 2-7-2021, 8:02:03 AM
MonkeyDLuffy(MonkeyDLuffy) used a dead_lion 2-7-2021, 8:02:03 AM
MonkeyDLuffy(MonkeyDLuffy) used a dead_lion 2-7-2021, 8:02:04 AM
MonkeyDLuffy(MonkeyDLuffy) used a dead_lion 2-7-2021, 8:02:04 AM
MonkeyDLuffy(MonkeyDLuffy) used a dead_lion 2-7-2021, 8:02:04 AM
MonkeyDLuffy(MonkeyDLuffy) used a dead_lion 2-7-2021, 8:02:05 AM
MonkeyDLuffy(MonkeyDLuffy) used a dead_lion 2-7-2021, 8:02:05 AM
MonkeyDLuffy(MonkeyDLuffy) used a dead_lion 2-7-2021, 8:02:05 AM
MonkeyDLuffy(MonkeyDLuffy) used a dead_lion 2-7-2021, 8:02:05 AM
MonkeyDLuffy(MonkeyDLuffy) used a dead_lion 2-7-2021, 8:02:05 AM
MonkeyDLuffy(MonkeyDLuffy) used a dead_lion 2-7-2021, 8:02:06 AM
MonkeyDLuffy(MonkeyDLuffy) used a dead_lion 2-7-2021, 8:02:06 AM
MonkeyDLuffy(MonkeyDLuffy) used a dead_lion 2-7-2021, 8:02:06 AM
MonkeyDLuffy(MonkeyDLuffy) used a dead_lion 2-7-2021, 8:02:06 AM
MonkeyDLuffy(MonkeyDLuffy) used a dead_lion 2-7-2021, 8:02:07 AM
MonkeyDLuffy(MonkeyDLuffy) used a dead_lion 2-7-2021, 8:02:07 AM
MonkeyDLuffy(MonkeyDLuffy) used a dead_lion 2-7-2021, 8:02:07 AM
MonkeyDLuffy(MonkeyDLuffy) used a dead_lion 2-7-2021, 8:02:07 AM
MonkeyDLuffy(MonkeyDLuffy) used a dead_lion 2-7-2021, 8:02:07 AM
MonkeyDLuffy(MonkeyDLuffy) used a dead_lion 2-7-2021, 8:02:08 AM
MonkeyDLuffy(MonkeyDLuffy) used a dead_lion 2-7-2021, 8:02:08 AM
MonkeyDLuffy(MonkeyDLuffy) used a dead_lion 2-7-2021, 8:02:08 AM
MonkeyDLuffy(MonkeyDLuffy) used a dead_lion 2-7-2021, 8:02:09 AM
MonkeyDLuffy(MonkeyDLuffy) used a dead_lion 2-7-2021, 8:02:09 AM
MonkeyDLuffy(MonkeyDLuffy) used a dead_lion 2-7-2021, 8:02:09 AM
MonkeyDLuffy(MonkeyDLuffy) used a dead_lion 2-7-2021, 8:02:09 AM
MonkeyDLuffy(MonkeyDLuffy) used a dead_lion 2-7-2021, 8:02:09 AM
MonkeyDLuffy(MonkeyDLuffy) used a dead_lion 2-7-2021, 8:02:10 AM
MonkeyDLuffy(MonkeyDLuffy) used a dead_lion 2-7-2021, 8:02:10 AM
MonkeyDLuffy(MonkeyDLuffy) used a dead_lion 2-7-2021, 8:02:10 AM
MonkeyDLuffy(MonkeyDLuffy) used a dead_lion 2-7-2021, 8:02:10 AM
MonkeyDLuffy(MonkeyDLuffy) used a dead_lion 2-7-2021, 8:02:11 AM
MonkeyDLuffy(MonkeyDLuffy) used a dead_lion 2-7-2021, 8:02:11 AM
MonkeyDLuffy(MonkeyDLuffy) used a dead_lion 2-7-2021, 8:02:11 AM
MonkeyDLuffy(MonkeyDLuffy) used a dead_lion 2-7-2021, 8:02:11 AM
MonkeyDLuffy(MonkeyDLuffy) used a dead_lion 2-7-2021, 8:02:11 AM
MonkeyDLuffy(MonkeyDLuffy) used a dead_lion 2-7-2021, 8:02:12 AM
MonkeyDLuffy(MonkeyDLuffy) used a dead_lion 2-7-2021, 8:02:12 AM
MonkeyDLuffy(MonkeyDLuffy) used a dead_lion 2-7-2021, 8:02:12 AM
MonkeyDLuffy(MonkeyDLuffy) used a dead_lion 2-7-2021, 8:02:12 AM
MonkeyDLuffy(MonkeyDLuffy) used a dead_lion 2-7-2021, 8:02:12 AM
MonkeyDLuffy(MonkeyDLuffy) used a dead_lion 2-7-2021, 8:02:13 AM
MonkeyDLuffy(MonkeyDLuffy) used a dead_lion 2-7-2021, 8:02:13 AM
MonkeyDLuffy(MonkeyDLuffy) used a dead_lion 2-7-2021, 8:02:13 AM
MonkeyDLuffy(MonkeyDLuffy) used a dead_lion 2-7-2021, 8:02:13 AM
MonkeyDLuffy(MonkeyDLuffy) used a dead_lion 2-7-2021, 8:02:14 AM
MonkeyDLuffy(MonkeyDLuffy) used a dead_lion 2-7-2021, 8:02:14 AM
MonkeyDLuffy(MonkeyDLuffy) used a dead_lion 2-7-2021, 8:02:14 AM
MonkeyDLuffy(MonkeyDLuffy) used a dead_lion 2-7-2021, 8:02:15 AM
MonkeyDLuffy(MonkeyDLuffy) used a dead_lion 2-7-2021, 8:02:15 AM
MonkeyDLuffy(MonkeyDLuffy) used a dead_lion 2-7-2021, 8:02:15 AM
MonkeyDLuffy(MonkeyDLuffy) used a dead_lion 2-7-2021, 8:02:15 AM
MonkeyDLuffy(MonkeyDLuffy) used a dead_lion 2-7-2021, 8:02:15 AM
MonkeyDLuffy(MonkeyDLuffy) used a dead_lion 2-7-2021, 8:02:16 AM
MonkeyDLuffy(MonkeyDLuffy) used a dead_lion 2-7-2021, 8:02:16 AM
MonkeyDLuffy(MonkeyDLuffy) used a dead_lion 2-7-2021, 8:02:16 AM
MonkeyDLuffy(MonkeyDLuffy) used a dead_lion 2-7-2021, 8:02:16 AM
MonkeyDLuffy(MonkeyDLuffy) used a dead_lion 2-7-2021, 8:02:17 AM
MonkeyDLuffy(MonkeyDLuffy) used a dead_lion 2-7-2021, 8:02:17 AM
MonkeyDLuffy(MonkeyDLuffy) used a dead_lion 2-7-2021, 8:02:17 AM
MonkeyDLuffy(MonkeyDLuffy) used a dead_lion 2-7-2021, 8:02:17 AM
MonkeyDLuffy(MonkeyDLuffy) used a dead_lion 2-7-2021, 8:02:17 AM
MonkeyDLuffy(MonkeyDLuffy) used a dead_lion 2-7-2021, 8:02:18 AM
MonkeyDLuffy(MonkeyDLuffy) used a dead_lion 2-7-2021, 8:02:18 AM
MonkeyDLuffy(MonkeyDLuffy) used a dead_lion 2-7-2021, 8:02:18 AM
MonkeyDLuffy(MonkeyDLuffy) used a dead_lion 2-7-2021, 8:02:18 AM
MonkeyDLuffy(MonkeyDLuffy) used a dead_lion 2-7-2021, 8:02:18 AM
MonkeyDLuffy(MonkeyDLuffy) used a dead_lion 2-7-2021, 8:02:19 AM
MonkeyDLuffy(MonkeyDLuffy) used a dead_lion 2-7-2021, 8:02:19 AM
MonkeyDLuffy(MonkeyDLuffy) used a dead_lion 2-7-2021, 8:02:19 AM
MonkeyDLuffy(MonkeyDLuffy) used a dead_lion 2-7-2021, 8:02:19 AM
MonkeyDLuffy(MonkeyDLuffy) used a dead_lion 2-7-2021, 8:02:19 AM
MonkeyDLuffy(MonkeyDLuffy) used a dead_lion 2-7-2021, 8:02:20 AM
MonkeyDLuffy(MonkeyDLuffy) used a dead_lion 2-7-2021, 8:02:20 AM
MonkeyDLuffy(MonkeyDLuffy) used a dead_lion 2-7-2021, 8:02:20 AM
MonkeyDLuffy(MonkeyDLuffy) used a dead_lion 2-7-2021, 8:02:20 AM
MonkeyDLuffy(MonkeyDLuffy) used a dead_lion 2-7-2021, 8:02:20 AM
MonkeyDLuffy(MonkeyDLuffy) used a dead_lion 2-7-2021, 8:02:21 AM
MonkeyDLuffy(MonkeyDLuffy) used a dead_lion 2-7-2021, 8:02:21 AM
MonkeyDLuffy(MonkeyDLuffy) used a dead_lion 2-7-2021, 8:02:21 AM
MonkeyDLuffy(MonkeyDLuffy) used a dead_lion 2-7-2021, 8:02:21 AM
MonkeyDLuffy(MonkeyDLuffy) used a dead_lion 2-7-2021, 8:02:21 AM
MonkeyDLuffy(MonkeyDLuffy) used a dead_lion 2-7-2021, 8:02:22 AM
MonkeyDLuffy(MonkeyDLuffy) used a dead_lion 2-7-2021, 8:02:22 AM
MonkeyDLuffy(MonkeyDLuffy) used a dead_lion 2-7-2021, 8:02:22 AM
MonkeyDLuffy(MonkeyDLuffy) used a dead_lion 2-7-2021, 8:02:22 AM
MonkeyDLuffy(MonkeyDLuffy) used a dead_lion 2-7-2021, 8:02:23 AM
MonkeyDLuffy(MonkeyDLuffy) used a dead_lion 2-7-2021, 8:02:23 AM
MonkeyDLuffy(MonkeyDLuffy) used a dead_lion 2-7-2021, 8:02:23 AM
MonkeyDLuffy(MonkeyDLuffy) used a dead_lion 2-7-2021, 8:02:23 AM
MonkeyDLuffy(MonkeyDLuffy) used a dead_lion 2-7-2021, 8:02:23 AM
MonkeyDLuffy(MonkeyDLuffy) used a dead_lion 2-7-2021, 8:02:24 AM
MonkeyDLuffy(MonkeyDLuffy) used a dead_lion 2-7-2021, 8:02:24 AM
MonkeyDLuffy(MonkeyDLuffy) used a dead_lion 2-7-2021, 8:02:24 AM
MonkeyDLuffy(MonkeyDLuffy) used a dead_lion 2-7-2021, 8:02:24 AM
MonkeyDLuffy(MonkeyDLuffy) used a dead_lion 2-7-2021, 8:02:24 AM
MonkeyDLuffy(MonkeyDLuffy) used a dead_lion 2-7-2021, 8:02:24 AM
MonkeyDLuffy(MonkeyDLuffy) used a dead_lion 2-7-2021, 8:02:25 AM
MonkeyDLuffy(MonkeyDLuffy) used a dead_lion 2-7-2021, 8:02:25 AM
MonkeyDLuffy(MonkeyDLuffy) used a dead_lion 2-7-2021, 8:02:25 AM
MonkeyDLuffy(MonkeyDLuffy) used a dead_lion 2-7-2021, 8:02:25 AM
MonkeyDLuffy(MonkeyDLuffy) used a dead_lion 2-7-2021, 8:02:25 AM
MonkeyDLuffy(MonkeyDLuffy) used a dead_lion 2-7-2021, 8:02:26 AM
MonkeyDLuffy(MonkeyDLuffy) used a dead_lion 2-7-2021, 8:02:26 AM
MonkeyDLuffy(MonkeyDLuffy) used a dead_lion 2-7-2021, 8:02:26 AM
MonkeyDLuffy(MonkeyDLuffy) used a dead_lion 2-7-2021, 8:02:26 AM
MonkeyDLuffy(MonkeyDLuffy) used a dead_lion 2-7-2021, 8:02:26 AM
MonkeyDLuffy(MonkeyDLuffy) used a dead_lion 2-7-2021, 8:02:27 AM
MonkeyDLuffy(MonkeyDLuffy) used a dead_lion 2-7-2021, 8:02:27 AM
MonkeyDLuffy(MonkeyDLuffy) used a dead_lion 2-7-2021, 8:02:27 AM
MonkeyDLuffy(MonkeyDLuffy) used a dead_lion 2-7-2021, 8:02:27 AM
MonkeyDLuffy(MonkeyDLuffy) used a dead_lion 2-7-2021, 8:02:27 AM
MonkeyDLuffy(MonkeyDLuffy) used a dead_lion 2-7-2021, 8:02:28 AM
MonkeyDLuffy(MonkeyDLuffy) used a dead_lion 2-7-2021, 8:02:28 AM
MonkeyDLuffy(MonkeyDLuffy) used a dead_lion 2-7-2021, 8:02:28 AM
MonkeyDLuffy(MonkeyDLuffy) used a dead_lion 2-7-2021, 8:02:28 AM
MonkeyDLuffy(MonkeyDLuffy) used a dead_lion 2-7-2021, 8:02:28 AM
MonkeyDLuffy(MonkeyDLuffy) used a dead_lion 2-7-2021, 8:02:28 AM
MonkeyDLuffy(MonkeyDLuffy) used a dead_lion 2-7-2021, 8:02:29 AM
MonkeyDLuffy(MonkeyDLuffy) used a dead_lion 2-7-2021, 8:02:29 AM
MonkeyDLuffy(MonkeyDLuffy) used a dead_lion 2-7-2021, 8:02:29 AM
MonkeyDLuffy(MonkeyDLuffy) used a dead_lion 2-7-2021, 8:02:29 AM
MonkeyDLuffy(MonkeyDLuffy) used a dead_lion 2-7-2021, 8:02:30 AM
MonkeyDLuffy(MonkeyDLuffy) used a dead_lion 2-7-2021, 8:02:30 AM
MonkeyDLuffy(MonkeyDLuffy) used a dead_lion 2-7-2021, 8:02:30 AM
MonkeyDLuffy(MonkeyDLuffy) used a dead_lion 2-7-2021, 8:02:30 AM
MonkeyDLuffy(MonkeyDLuffy) used a dead_lion 2-7-2021, 8:02:30 AM
MonkeyDLuffy(MonkeyDLuffy) used a dead_lion 2-7-2021, 8:02:31 AM
MonkeyDLuffy(MonkeyDLuffy) used a dead_lion 2-7-2021, 8:02:31 AM
MonkeyDLuffy(MonkeyDLuffy) used a dead_lion 2-7-2021, 8:02:31 AM
MonkeyDLuffy(MonkeyDLuffy) used a dead_lion 2-7-2021, 8:02:31 AM
MonkeyDLuffy(MonkeyDLuffy) used a dead_lion 2-7-2021, 8:02:32 AM
MonkeyDLuffy(MonkeyDLuffy) used a dead_lion 2-7-2021, 8:02:32 AM
MonkeyDLuffy(MonkeyDLuffy) used a dead_lion 2-7-2021, 8:02:32 AM
MonkeyDLuffy(MonkeyDLuffy) used a dead_lion 2-7-2021, 8:02:32 AM
MonkeyDLuffy(MonkeyDLuffy) used a dead_lion 2-7-2021, 8:02:32 AM
MonkeyDLuffy(MonkeyDLuffy) used a dead_lion 2-7-2021, 8:02:33 AM
MonkeyDLuffy(MonkeyDLuffy) used a dead_lion 2-7-2021, 8:02:33 AM
MonkeyDLuffy(MonkeyDLuffy) used a dead_lion 2-7-2021, 8:02:33 AM
MonkeyDLuffy(MonkeyDLuffy) used a dead_lion 2-7-2021, 8:02:33 AM
MonkeyDLuffy(MonkeyDLuffy) used a dead_lion 2-7-2021, 8:02:33 AM
MonkeyDLuffy(MonkeyDLuffy) used a dead_lion 2-7-2021, 8:02:34 AM
MonkeyDLuffy(MonkeyDLuffy) used a dead_lion 2-7-2021, 8:02:34 AM
MonkeyDLuffy(MonkeyDLuffy) used a dead_lion 2-7-2021, 8:02:34 AM
MonkeyDLuffy(MonkeyDLuffy) used a dead_lion 2-7-2021, 8:02:34 AM
MonkeyDLuffy(MonkeyDLuffy) used a dead_lion 2-7-2021, 8:02:34 AM
MonkeyDLuffy(MonkeyDLuffy) used a dead_lion 2-7-2021, 8:02:35 AM
MonkeyDLuffy(MonkeyDLuffy) used a dead_lion 2-7-2021, 8:02:35 AM
MonkeyDLuffy(MonkeyDLuffy) used a dead_lion 2-7-2021, 8:02:35 AM
MonkeyDLuffy(MonkeyDLuffy) used a dead_lion 2-7-2021, 8:02:36 AM
MonkeyDLuffy(MonkeyDLuffy) used a dead_lion 2-7-2021, 8:02:36 AM
MonkeyDLuffy(MonkeyDLuffy) used a dead_lion 2-7-2021, 8:02:36 AM
MonkeyDLuffy(MonkeyDLuffy) used a dead_lion 2-7-2021, 8:02:36 AM
MonkeyDLuffy(MonkeyDLuffy) used a dead_lion 2-7-2021, 8:02:37 AM
MonkeyDLuffy(MonkeyDLuffy) used a dead_lion 2-7-2021, 8:02:37 AM
MonkeyDLuffy(MonkeyDLuffy) used a dead_lion 2-7-2021, 8:02:37 AM
MonkeyDLuffy(MonkeyDLuffy) used a dead_lion 2-7-2021, 8:02:38 AM
MonkeyDLuffy(MonkeyDLuffy) used a dead_lion 2-7-2021, 8:02:38 AM
MonkeyDLuffy(MonkeyDLuffy) used a dead_lion 2-7-2021, 8:02:38 AM
MonkeyDLuffy(MonkeyDLuffy) used a dead_lion 2-7-2021, 8:02:38 AM
MonkeyDLuffy(MonkeyDLuffy) used a dead_lion 2-7-2021, 8:02:38 AM
MonkeyDLuffy(MonkeyDLuffy) used a dead_lion 2-7-2021, 8:02:39 AM
MonkeyDLuffy(MonkeyDLuffy) used a dead_lion 2-7-2021, 8:02:39 AM
MonkeyDLuffy(MonkeyDLuffy) used a dead_lion 2-7-2021, 8:02:39 AM
MonkeyDLuffy(MonkeyDLuffy) used a dead_lion 2-7-2021, 8:02:39 AM
MonkeyDLuffy(MonkeyDLuffy) used a dead_lion 2-7-2021, 8:02:39 AM
MonkeyDLuffy(MonkeyDLuffy) used a dead_lion 2-7-2021, 8:02:40 AM
MonkeyDLuffy(MonkeyDLuffy) used a dead_lion 2-7-2021, 8:02:40 AM
MonkeyDLuffy(MonkeyDLuffy) used a dead_lion 2-7-2021, 8:02:40 AM
MonkeyDLuffy(MonkeyDLuffy) used a dead_lion 2-7-2021, 8:02:40 AM
MonkeyDLuffy(MonkeyDLuffy) used a dead_lion 2-7-2021, 8:02:41 AM
MonkeyDLuffy(MonkeyDLuffy) used a dead_lion 2-7-2021, 8:02:41 AM
MonkeyDLuffy(MonkeyDLuffy) used a dead_lion 2-7-2021, 8:02:41 AM
MonkeyDLuffy(MonkeyDLuffy) used a dead_lion 2-7-2021, 8:02:41 AM
MonkeyDLuffy(MonkeyDLuffy) used a dead_lion 2-7-2021, 8:02:42 AM
MonkeyDLuffy(MonkeyDLuffy) used a dead_lion 2-7-2021, 8:02:42 AM
MonkeyDLuffy(MonkeyDLuffy) used a dead_lion 2-7-2021, 8:02:42 AM
MonkeyDLuffy(MonkeyDLuffy) used a dead_lion 2-7-2021, 8:02:42 AM
MonkeyDLuffy(MonkeyDLuffy) used a dead_lion 2-7-2021, 8:02:43 AM
MonkeyDLuffy(MonkeyDLuffy) used a dead_lion 2-7-2021, 8:02:43 AM
MonkeyDLuffy(MonkeyDLuffy) used a dead_lion 2-7-2021, 8:02:43 AM
MonkeyDLuffy(MonkeyDLuffy) used a dead_lion 2-7-2021, 8:02:44 AM
MonkeyDLuffy(MonkeyDLuffy) used a dead_lion 2-7-2021, 8:02:44 AM
MonkeyDLuffy(MonkeyDLuffy) used a dead_lion 2-7-2021, 8:02:44 AM
MonkeyDLuffy(MonkeyDLuffy) used a dead_lion 2-7-2021, 8:02:44 AM
MonkeyDLuffy(MonkeyDLuffy) used a dead_lion 2-7-2021, 8:02:45 AM
MonkeyDLuffy(MonkeyDLuffy) used a dead_lion 2-7-2021, 8:02:45 AM
MonkeyDLuffy(MonkeyDLuffy) used a dead_lion 2-7-2021, 8:02:45 AM
MonkeyDLuffy(MonkeyDLuffy) used a dead_lion 2-7-2021, 8:02:45 AM
MonkeyDLuffy(MonkeyDLuffy) used a dead_lion 2-7-2021, 8:02:46 AM
MonkeyDLuffy(MonkeyDLuffy) used a dead_lion 2-7-2021, 8:02:46 AM
MonkeyDLuffy(MonkeyDLuffy) used a dead_lion 2-7-2021, 8:02:46 AM
MonkeyDLuffy(MonkeyDLuffy) used a dead_lion 2-7-2021, 8:02:46 AM
MonkeyDLuffy(MonkeyDLuffy) used a dead_lion 2-7-2021, 8:02:47 AM
MonkeyDLuffy(MonkeyDLuffy) used a dead_lion 2-7-2021, 8:02:47 AM
MonkeyDLuffy(MonkeyDLuffy) used a dead_lion 2-7-2021, 8:02:47 AM
MonkeyDLuffy(MonkeyDLuffy) used a dead_lion 2-7-2021, 8:02:47 AM
MonkeyDLuffy(MonkeyDLuffy) used a dead_lion 2-7-2021, 8:02:47 AM
MonkeyDLuffy(MonkeyDLuffy) used a dead_lion 2-7-2021, 8:02:48 AM
MonkeyDLuffy(MonkeyDLuffy) used a dead_lion 2-7-2021, 8:02:48 AM
MonkeyDLuffy(MonkeyDLuffy) used a dead_lion 2-7-2021, 8:02:48 AM
MonkeyDLuffy(MonkeyDLuffy) used a dead_lion 2-7-2021, 8:02:48 AM
MonkeyDLuffy(MonkeyDLuffy) used a dead_lion 2-7-2021, 8:02:49 AM
MonkeyDLuffy(MonkeyDLuffy) used a dead_lion 2-7-2021, 8:02:49 AM
MonkeyDLuffy(MonkeyDLuffy) used a dead_lion 2-7-2021, 8:02:49 AM
MonkeyDLuffy(MonkeyDLuffy) used a dead_lion 2-7-2021, 8:02:49 AM
MonkeyDLuffy(MonkeyDLuffy) used a dead_lion 2-7-2021, 8:02:49 AM
MonkeyDLuffy(MonkeyDLuffy) used a dead_lion 2-7-2021, 8:02:50 AM
MonkeyDLuffy(MonkeyDLuffy) used a dead_lion 2-7-2021, 8:02:50 AM
MonkeyDLuffy(MonkeyDLuffy) used a dead_lion 2-7-2021, 8:02:50 AM
MonkeyDLuffy(MonkeyDLuffy) used a dead_lion 2-7-2021, 8:02:50 AM
MonkeyDLuffy(MonkeyDLuffy) used a dead_lion 2-7-2021, 8:02:51 AM
MonkeyDLuffy(MonkeyDLuffy) used a dead_lion 2-7-2021, 8:02:51 AM
MonkeyDLuffy(MonkeyDLuffy) used a dead_lion 2-7-2021, 8:02:51 AM
MonkeyDLuffy(MonkeyDLuffy) used a dead_lion 2-7-2021, 8:02:51 AM
MonkeyDLuffy(MonkeyDLuffy) used a dead_lion 2-7-2021, 8:02:52 AM
MonkeyDLuffy(MonkeyDLuffy) used a dead_lion 2-7-2021, 8:02:52 AM
MonkeyDLuffy(MonkeyDLuffy) used a dead_lion 2-7-2021, 8:02:52 AM
MonkeyDLuffy(MonkeyDLuffy) used a dead_lion 2-7-2021, 8:02:52 AM
MonkeyDLuffy(MonkeyDLuffy) used a dead_lion 2-7-2021, 8:02:52 AM
MonkeyDLuffy(MonkeyDLuffy) used a dead_lion 2-7-2021, 8:02:53 AM
MonkeyDLuffy(MonkeyDLuffy) used a dead_lion 2-7-2021, 8:02:53 AM
MonkeyDLuffy(MonkeyDLuffy) used a dead_lion 2-7-2021, 8:02:53 AM
MonkeyDLuffy(MonkeyDLuffy) used a dead_lion 2-7-2021, 8:02:53 AM
MonkeyDLuffy(MonkeyDLuffy) used a dead_lion 2-7-2021, 8:02:53 AM
MonkeyDLuffy(MonkeyDLuffy) used a dead_lion 2-7-2021, 8:02:54 AM
MonkeyDLuffy(MonkeyDLuffy) used a dead_lion 2-7-2021, 8:02:54 AM
MonkeyDLuffy(MonkeyDLuffy) used a dead_lion 2-7-2021, 8:02:54 AM
MonkeyDLuffy(MonkeyDLuffy) used a dead_lion 2-7-2021, 8:02:54 AM
MonkeyDLuffy(MonkeyDLuffy) used a dead_lion 2-7-2021, 8:02:55 AM
MonkeyDLuffy(MonkeyDLuffy) used a dead_lion 2-7-2021, 8:02:55 AM
MonkeyDLuffy(MonkeyDLuffy) used a dead_lion 2-7-2021, 8:02:55 AM
MonkeyDLuffy(MonkeyDLuffy) used a dead_lion 2-7-2021, 8:02:55 AM
MonkeyDLuffy(MonkeyDLuffy) used a dead_lion 2-7-2021, 8:02:56 AM
MonkeyDLuffy(MonkeyDLuffy) used a dead_lion 2-7-2021, 8:02:56 AM
MonkeyDLuffy(MonkeyDLuffy) used a dead_lion 2-7-2021, 8:02:56 AM
MonkeyDLuffy(MonkeyDLuffy) used a dead_lion 2-7-2021, 8:02:56 AM
MonkeyDLuffy(MonkeyDLuffy) used a dead_lion 2-7-2021, 8:02:56 AM
MonkeyDLuffy(MonkeyDLuffy) used a dead_lion 2-7-2021, 8:02:57 AM
MonkeyDLuffy(MonkeyDLuffy) used a dead_lion 2-7-2021, 8:02:57 AM
MonkeyDLuffy(MonkeyDLuffy) used a dead_lion 2-7-2021, 8:02:57 AM
MonkeyDLuffy(MonkeyDLuffy) used a dead_lion 2-7-2021, 8:02:58 AM
MonkeyDLuffy(MonkeyDLuffy) used a dead_lion 2-7-2021, 8:02:58 AM
MonkeyDLuffy(MonkeyDLuffy) used a dead_lion 2-7-2021, 8:02:58 AM
MonkeyDLuffy(MonkeyDLuffy) used a dead_lion 2-7-2021, 8:02:58 AM
MonkeyDLuffy(MonkeyDLuffy) used a dead_lion 2-7-2021, 8:02:58 AM
MonkeyDLuffy(MonkeyDLuffy) used a dead_lion 2-7-2021, 8:02:59 AM
MonkeyDLuffy(MonkeyDLuffy) used a dead_lion 2-7-2021, 8:02:59 AM
MonkeyDLuffy(MonkeyDLuffy) used a dead_lion 2-7-2021, 8:03:00 AM
MonkeyDLuffy(MonkeyDLuffy) used a dead_lion 2-7-2021, 8:03:00 AM
MonkeyDLuffy(MonkeyDLuffy) used a dead_lion 2-7-2021, 8:03:00 AM
MonkeyDLuffy(MonkeyDLuffy) used a dead_lion 2-7-2021, 8:03:00 AM
MonkeyDLuffy(MonkeyDLuffy) used a dead_lion 2-7-2021, 8:03:01 AM
MonkeyDLuffy(MonkeyDLuffy) used a dead_lion 2-7-2021, 8:03:01 AM
MonkeyDLuffy(MonkeyDLuffy) used a dead_lion 2-7-2021, 8:03:01 AM
MonkeyDLuffy(MonkeyDLuffy) used a dead_lion 2-7-2021, 8:03:01 AM
MonkeyDLuffy(MonkeyDLuffy) used a dead_lion 2-7-2021, 8:03:01 AM
MonkeyDLuffy(MonkeyDLuffy) used a dead_rabbit 2-7-2021, 8:03:09 AM
MonkeyDLuffy(MonkeyDLuffy) used a dead_rabbit 2-7-2021, 8:03:09 AM
MonkeyDLuffy(MonkeyDLuffy) used a dead_rabbit 2-7-2021, 8:03:10 AM
MonkeyDLuffy(MonkeyDLuffy) used a dead_leopard 2-7-2021, 8:03:14 AM
MonkeyDLuffy(MonkeyDLuffy) used a dead_leopard 2-7-2021, 8:03:14 AM
MonkeyDLuffy(MonkeyDLuffy) used a dead_leopard 2-7-2021, 8:03:14 AM
MonkeyDLuffy(MonkeyDLuffy) used a dead_leopard 2-7-2021, 8:03:14 AM
MonkeyDLuffy(MonkeyDLuffy) used a dead_leopard 2-7-2021, 8:03:14 AM
MonkeyDLuffy(MonkeyDLuffy) used a dead_leopard 2-7-2021, 8:03:15 AM
MonkeyDLuffy(MonkeyDLuffy) used a dead_leopard 2-7-2021, 8:03:15 AM
MonkeyDLuffy(MonkeyDLuffy) used a dead_leopard 2-7-2021, 8:03:15 AM
MonkeyDLuffy(MonkeyDLuffy) used a dead_leopard 2-7-2021, 8:03:16 AM
MonkeyDLuffy(MonkeyDLuffy) used a dead_leopard 2-7-2021, 8:03:16 AM
MonkeyDLuffy(MonkeyDLuffy) used a dead_leopard 2-7-2021, 8:03:16 AM
MonkeyDLuffy(MonkeyDLuffy) used a dead_leopard 2-7-2021, 8:03:17 AM
MonkeyDLuffy(MonkeyDLuffy) used a dead_leopard 2-7-2021, 8:03:17 AM
MonkeyDLuffy(MonkeyDLuffy) used a dead_leopard 2-7-2021, 8:03:17 AM
MonkeyDLuffy(MonkeyDLuffy) used a dead_leopard 2-7-2021, 8:03:17 AM
MonkeyDLuffy(MonkeyDLuffy) used a dead_leopard 2-7-2021, 8:03:18 AM
MonkeyDLuffy(MonkeyDLuffy) used a dead_leopard 2-7-2021, 8:03:18 AM
MonkeyDLuffy(MonkeyDLuffy) used a dead_leopard 2-7-2021, 8:03:18 AM
MonkeyDLuffy(MonkeyDLuffy) used a dead_leopard 2-7-2021, 8:03:18 AM
MonkeyDLuffy(MonkeyDLuffy) used a dead_leopard 2-7-2021, 8:03:21 AM
MonkeyDLuffy(MonkeyDLuffy) used a dead_leopard 2-7-2021, 8:03:22 AM
MonkeyDLuffy(MonkeyDLuffy) used a dead_leopard 2-7-2021, 8:03:22 AM
MonkeyDLuffy(MonkeyDLuffy) used a dead_leopard 2-7-2021, 8:03:23 AM
MonkeyDLuffy(MonkeyDLuffy) used a dead_leopard 2-7-2021, 8:03:23 AM
MonkeyDLuffy(MonkeyDLuffy) used a dead_leopard 2-7-2021, 8:03:23 AM
MonkeyDLuffy(MonkeyDLuffy) used a dead_leopard 2-7-2021, 8:03:23 AM
MonkeyDLuffy(MonkeyDLuffy) used a dead_leopard 2-7-2021, 8:03:23 AM
MonkeyDLuffy(MonkeyDLuffy) used a dead_leopard 2-7-2021, 8:03:24 AM
MonkeyDLuffy(MonkeyDLuffy) used a dead_leopard 2-7-2021, 8:03:27 AM
MonkeyDLuffy(MonkeyDLuffy) used a dead_leopard 2-7-2021, 8:03:28 AM
MonkeyDLuffy(MonkeyDLuffy) used a dead_leopard 2-7-2021, 8:03:29 AM
MonkeyDLuffy(MonkeyDLuffy) used a dead_leopard 2-7-2021, 8:03:29 AM
MonkeyDLuffy(MonkeyDLuffy) used a dead_leopard 2-7-2021, 8:03:30 AM
MonkeyDLuffy(MonkeyDLuffy) used a dead_leopard 2-7-2021, 8:03:30 AM
MonkeyDLuffy(MonkeyDLuffy) used a dead_leopard 2-7-2021, 8:03:30 AM
MonkeyDLuffy(MonkeyDLuffy) used a dead_leopard 2-7-2021, 8:03:30 AM
MonkeyDLuffy(MonkeyDLuffy) used a dead_leopard 2-7-2021, 8:03:31 AM
MonkeyDLuffy(MonkeyDLuffy) used a dead_leopard 2-7-2021, 8:03:31 AM
MonkeyDLuffy(MonkeyDLuffy) used a dead_leopard 2-7-2021, 8:03:31 AM
MonkeyDLuffy(MonkeyDLuffy) used a dead_leopard 2-7-2021, 8:03:32 AM
MonkeyDLuffy(MonkeyDLuffy) used a dead_leopard 2-7-2021, 8:03:32 AM
MonkeyDLuffy(MonkeyDLuffy) used a dead_leopard 2-7-2021, 8:03:32 AM
MonkeyDLuffy(MonkeyDLuffy) used a dead_leopard 2-7-2021, 8:03:32 AM
MonkeyDLuffy(MonkeyDLuffy) used a dead_leopard 2-7-2021, 8:03:33 AM
MonkeyDLuffy(MonkeyDLuffy) used a dead_leopard 2-7-2021, 8:03:33 AM
MonkeyDLuffy(MonkeyDLuffy) used a dead_leopard 2-7-2021, 8:03:33 AM
MonkeyDLuffy(MonkeyDLuffy) used a dead_leopard 2-7-2021, 8:03:33 AM
MonkeyDLuffy(MonkeyDLuffy) used a dead_leopard 2-7-2021, 8:03:34 AM
MonkeyDLuffy(MonkeyDLuffy) used a dead_leopard 2-7-2021, 8:03:34 AM
MonkeyDLuffy(MonkeyDLuffy) used a dead_leopard 2-7-2021, 8:03:34 AM
MonkeyDLuffy(MonkeyDLuffy) used a dead_leopard 2-7-2021, 8:03:34 AM
MonkeyDLuffy(MonkeyDLuffy) used a dead_leopard 2-7-2021, 8:03:35 AM
MonkeyDLuffy(MonkeyDLuffy) used a dead_leopard 2-7-2021, 8:03:35 AM
MonkeyDLuffy(MonkeyDLuffy) used a dead_leopard 2-7-2021, 8:03:35 AM
MonkeyDLuffy(MonkeyDLuffy) used a dead_leopard 2-7-2021, 8:03:35 AM
MonkeyDLuffy(MonkeyDLuffy) used a dead_leopard 2-7-2021, 8:03:35 AM
MonkeyDLuffy(MonkeyDLuffy) used a dead_leopard 2-7-2021, 8:03:36 AM
MonkeyDLuffy(MonkeyDLuffy) used a dead_leopard 2-7-2021, 8:03:36 AM
MonkeyDLuffy(MonkeyDLuffy) used a dead_leopard 2-7-2021, 8:03:36 AM
MonkeyDLuffy(MonkeyDLuffy) used a dead_leopard 2-7-2021, 8:03:36 AM
MonkeyDLuffy(MonkeyDLuffy) used a dead_leopard 2-7-2021, 8:03:36 AM
MonkeyDLuffy(MonkeyDLuffy) used a dead_leopard 2-7-2021, 8:03:37 AM
MonkeyDLuffy(MonkeyDLuffy) used a dead_leopard 2-7-2021, 8:03:37 AM
MonkeyDLuffy(MonkeyDLuffy) used a dead_leopard 2-7-2021, 8:03:37 AM
MonkeyDLuffy(MonkeyDLuffy) used a dead_leopard 2-7-2021, 8:03:37 AM
MonkeyDLuffy(MonkeyDLuffy) used a dead_leopard 2-7-2021, 8:03:38 AM
MonkeyDLuffy(MonkeyDLuffy) used a dead_leopard 2-7-2021, 8:03:38 AM
MonkeyDLuffy(MonkeyDLuffy) used a dead_leopard 2-7-2021, 8:03:38 AM
MonkeyDLuffy(MonkeyDLuffy) used a dead_leopard 2-7-2021, 8:03:38 AM
MonkeyDLuffy(MonkeyDLuffy) used a dead_leopard 2-7-2021, 8:03:39 AM
MonkeyDLuffy(MonkeyDLuffy) used a dead_leopard 2-7-2021, 8:03:39 AM
MonkeyDLuffy(MonkeyDLuffy) used a dead_leopard 2-7-2021, 8:03:39 AM
MonkeyDLuffy(MonkeyDLuffy) used a dead_leopard 2-7-2021, 8:03:39 AM
MonkeyDLuffy(MonkeyDLuffy) used a dead_leopard 2-7-2021, 8:03:40 AM
MonkeyDLuffy(MonkeyDLuffy) used a dead_leopard 2-7-2021, 8:03:40 AM
MonkeyDLuffy(MonkeyDLuffy) used a dead_leopard 2-7-2021, 8:03:40 AM
MonkeyDLuffy(MonkeyDLuffy) used a dead_leopard 2-7-2021, 8:03:40 AM
MonkeyDLuffy(MonkeyDLuffy) used a dead_leopard 2-7-2021, 8:03:40 AM
MonkeyDLuffy(MonkeyDLuffy) used a dead_leopard 2-7-2021, 8:03:41 AM
MonkeyDLuffy(MonkeyDLuffy) used a dead_leopard 2-7-2021, 8:03:41 AM
MonkeyDLuffy(MonkeyDLuffy) used a dead_leopard 2-7-2021, 8:03:41 AM
MonkeyDLuffy(MonkeyDLuffy) used a dead_leopard 2-7-2021, 8:03:41 AM
MonkeyDLuffy(MonkeyDLuffy) used a dead_leopard 2-7-2021, 8:03:42 AM
MonkeyDLuffy(MonkeyDLuffy) used a dead_leopard 2-7-2021, 8:03:42 AM
MonkeyDLuffy(MonkeyDLuffy) used a dead_leopard 2-7-2021, 8:03:42 AM
MonkeyDLuffy(MonkeyDLuffy) used a dead_leopard 2-7-2021, 8:03:42 AM
MonkeyDLuffy(MonkeyDLuffy) used a dead_leopard 2-7-2021, 8:03:43 AM
MonkeyDLuffy(MonkeyDLuffy) used a dead_leopard 2-7-2021, 8:03:43 AM
MonkeyDLuffy(MonkeyDLuffy) used a dead_leopard 2-7-2021, 8:03:43 AM
MonkeyDLuffy(MonkeyDLuffy) used a dead_leopard 2-7-2021, 8:03:43 AM
MonkeyDLuffy(MonkeyDLuffy) used a dead_leopard 2-7-2021, 8:03:44 AM
MonkeyDLuffy(MonkeyDLuffy) used a dead_leopard 2-7-2021, 8:03:44 AM
MonkeyDLuffy(MonkeyDLuffy) used a dead_leopard 2-7-2021, 8:03:45 AM
MonkeyDLuffy(MonkeyDLuffy) used a dead_leopard 2-7-2021, 8:03:45 AM
MonkeyDLuffy(MonkeyDLuffy) used a dead_leopard 2-7-2021, 8:03:46 AM
MonkeyDLuffy(MonkeyDLuffy) used a dead_leopard 2-7-2021, 8:03:46 AM
MonkeyDLuffy(MonkeyDLuffy) used a dead_leopard 2-7-2021, 8:03:46 AM
MonkeyDLuffy(MonkeyDLuffy) used a dead_leopard 2-7-2021, 8:03:47 AM
MonkeyDLuffy(MonkeyDLuffy) used a dead_leopard 2-7-2021, 8:03:47 AM
MonkeyDLuffy(MonkeyDLuffy) used a dead_leopard 2-7-2021, 8:03:47 AM
MonkeyDLuffy(MonkeyDLuffy) used a dead_leopard 2-7-2021, 8:03:48 AM
MonkeyDLuffy(MonkeyDLuffy) used a dead_leopard 2-7-2021, 8:03:48 AM
MonkeyDLuffy(MonkeyDLuffy) used a dead_leopard 2-7-2021, 8:03:48 AM
MonkeyDLuffy(MonkeyDLuffy) used a dead_leopard 2-7-2021, 8:03:49 AM
MonkeyDLuffy(MonkeyDLuffy) used a dead_leopard 2-7-2021, 8:03:49 AM
MonkeyDLuffy(MonkeyDLuffy) used a dead_leopard 2-7-2021, 8:03:49 AM
MonkeyDLuffy(MonkeyDLuffy) used a dead_leopard 2-7-2021, 8:03:49 AM
MonkeyDLuffy(MonkeyDLuffy) used a dead_leopard 2-7-2021, 8:03:50 AM
MonkeyDLuffy(MonkeyDLuffy) used a dead_leopard 2-7-2021, 8:03:50 AM
MonkeyDLuffy(MonkeyDLuffy) used a dead_leopard 2-7-2021, 8:03:50 AM
MonkeyDLuffy(MonkeyDLuffy) used a dead_leopard 2-7-2021, 8:03:50 AM
MonkeyDLuffy(MonkeyDLuffy) used a dead_leopard 2-7-2021, 8:03:51 AM
MonkeyDLuffy(MonkeyDLuffy) used a dead_leopard 2-7-2021, 8:03:51 AM
MonkeyDLuffy(MonkeyDLuffy) used a dead_leopard 2-7-2021, 8:03:51 AM
MonkeyDLuffy(MonkeyDLuffy) used a dead_leopard 2-7-2021, 8:03:51 AM
MonkeyDLuffy(MonkeyDLuffy) used a dead_leopard 2-7-2021, 8:03:52 AM
MonkeyDLuffy(MonkeyDLuffy) used a dead_leopard 2-7-2021, 8:03:52 AM
MonkeyDLuffy(MonkeyDLuffy) used a dead_leopard 2-7-2021, 8:03:52 AM
MonkeyDLuffy(MonkeyDLuffy) used a dead_leopard 2-7-2021, 8:03:52 AM
MonkeyDLuffy(MonkeyDLuffy) used a dead_leopard 2-7-2021, 8:03:52 AM
MonkeyDLuffy(MonkeyDLuffy) used a dead_leopard 2-7-2021, 8:03:53 AM
MonkeyDLuffy(MonkeyDLuffy) used a dead_leopard 2-7-2021, 8:03:53 AM
MonkeyDLuffy(MonkeyDLuffy) used a dead_leopard 2-7-2021, 8:03:53 AM
MonkeyDLuffy(MonkeyDLuffy) used a dead_leopard 2-7-2021, 8:03:53 AM
MonkeyDLuffy(MonkeyDLuffy) used a dead_leopard 2-7-2021, 8:03:54 AM
MonkeyDLuffy(MonkeyDLuffy) used a dead_leopard 2-7-2021, 8:03:54 AM
MonkeyDLuffy(MonkeyDLuffy) used a dead_leopard 2-7-2021, 8:03:54 AM
MonkeyDLuffy(MonkeyDLuffy) used a dead_leopard 2-7-2021, 8:03:54 AM
MonkeyDLuffy(MonkeyDLuffy) used a dead_leopard 2-7-2021, 8:03:55 AM
MonkeyDLuffy(MonkeyDLuffy) used a dead_leopard 2-7-2021, 8:03:55 AM
MonkeyDLuffy(MonkeyDLuffy) used a dead_leopard 2-7-2021, 8:03:55 AM
MonkeyDLuffy(MonkeyDLuffy) used a dead_leopard 2-7-2021, 8:03:55 AM
MonkeyDLuffy(MonkeyDLuffy) used a dead_leopard 2-7-2021, 8:03:56 AM
MonkeyDLuffy(MonkeyDLuffy) used a dead_leopard 2-7-2021, 8:03:56 AM
MonkeyDLuffy(MonkeyDLuffy) used a dead_leopard 2-7-2021, 8:03:56 AM
MonkeyDLuffy(MonkeyDLuffy) used a dead_leopard 2-7-2021, 8:03:56 AM
MonkeyDLuffy(MonkeyDLuffy) used a dead_leopard 2-7-2021, 8:03:57 AM
MonkeyDLuffy(MonkeyDLuffy) used a dead_leopard 2-7-2021, 8:03:57 AM
MonkeyDLuffy(MonkeyDLuffy) used a dead_leopard 2-7-2021, 8:03:57 AM
MonkeyDLuffy(MonkeyDLuffy) used a dead_leopard 2-7-2021, 8:03:57 AM
MonkeyDLuffy(MonkeyDLuffy) used a dead_leopard 2-7-2021, 8:03:57 AM
MonkeyDLuffy(MonkeyDLuffy) used a dead_leopard 2-7-2021, 8:03:58 AM
MonkeyDLuffy(MonkeyDLuffy) used a dead_leopard 2-7-2021, 8:03:58 AM
MonkeyDLuffy(MonkeyDLuffy) used a dead_leopard 2-7-2021, 8:03:58 AM
MonkeyDLuffy(MonkeyDLuffy) used a dead_leopard 2-7-2021, 8:03:58 AM
MonkeyDLuffy(MonkeyDLuffy) used a dead_leopard 2-7-2021, 8:03:59 AM
MonkeyDLuffy(MonkeyDLuffy) used a dead_leopard 2-7-2021, 8:03:59 AM
MonkeyDLuffy(MonkeyDLuffy) used a dead_leopard 2-7-2021, 8:03:59 AM
MonkeyDLuffy(MonkeyDLuffy) used a dead_leopard 2-7-2021, 8:03:59 AM
MonkeyDLuffy(MonkeyDLuffy) used a dead_leopard 2-7-2021, 8:03:59 AM
MonkeyDLuffy(MonkeyDLuffy) used a dead_leopard 2-7-2021, 8:04:00 AM
MonkeyDLuffy(MonkeyDLuffy) used a dead_leopard 2-7-2021, 8:04:00 AM
MonkeyDLuffy(MonkeyDLuffy) used a dead_leopard 2-7-2021, 8:04:00 AM
MonkeyDLuffy(MonkeyDLuffy) used a dead_leopard 2-7-2021, 8:04:00 AM
MonkeyDLuffy(MonkeyDLuffy) used a dead_leopard 2-7-2021, 8:04:01 AM
MonkeyDLuffy(MonkeyDLuffy) used a dead_leopard 2-7-2021, 8:04:01 AM
MonkeyDLuffy(MonkeyDLuffy) used a dead_leopard 2-7-2021, 8:04:01 AM
MonkeyDLuffy(MonkeyDLuffy) used a dead_leopard 2-7-2021, 8:04:01 AM
MonkeyDLuffy(MonkeyDLuffy) used a dead_leopard 2-7-2021, 8:04:02 AM
MonkeyDLuffy(MonkeyDLuffy) used a dead_leopard 2-7-2021, 8:04:02 AM
MonkeyDLuffy(MonkeyDLuffy) used a dead_leopard 2-7-2021, 8:04:02 AM
MonkeyDLuffy(MonkeyDLuffy) used a dead_leopard 2-7-2021, 8:04:02 AM
MonkeyDLuffy(MonkeyDLuffy) used a dead_leopard 2-7-2021, 8:04:03 AM
MonkeyDLuffy(MonkeyDLuffy) used a dead_leopard 2-7-2021, 8:04:03 AM
MonkeyDLuffy(MonkeyDLuffy) used a dead_leopard 2-7-2021, 8:04:03 AM
MonkeyDLuffy(MonkeyDLuffy) used a dead_leopard 2-7-2021, 8:04:03 AM
MonkeyDLuffy(MonkeyDLuffy) used a dead_leopard 2-7-2021, 8:04:03 AM
MonkeyDLuffy(MonkeyDLuffy) used a dead_leopard 2-7-2021, 8:04:04 AM
MonkeyDLuffy(MonkeyDLuffy) used a dead_leopard 2-7-2021, 8:04:04 AM
MonkeyDLuffy(MonkeyDLuffy) used a dead_leopard 2-7-2021, 8:04:04 AM
MonkeyDLuffy(MonkeyDLuffy) used a dead_leopard 2-7-2021, 8:04:04 AM
MonkeyDLuffy(MonkeyDLuffy) used a dead_leopard 2-7-2021, 8:04:05 AM
MonkeyDLuffy(MonkeyDLuffy) used a dead_leopard 2-7-2021, 8:04:05 AM
MonkeyDLuffy(MonkeyDLuffy) used a dead_leopard 2-7-2021, 8:04:05 AM
MonkeyDLuffy(MonkeyDLuffy) used a dead_leopard 2-7-2021, 8:04:05 AM
MonkeyDLuffy(MonkeyDLuffy) used a dead_leopard 2-7-2021, 8:04:06 AM
MonkeyDLuffy(MonkeyDLuffy) used a dead_leopard 2-7-2021, 8:04:06 AM
MonkeyDLuffy(MonkeyDLuffy) used a dead_leopard 2-7-2021, 8:04:06 AM
MonkeyDLuffy(MonkeyDLuffy) used a dead_leopard 2-7-2021, 8:04:07 AM
MonkeyDLuffy(MonkeyDLuffy) used a dead_leopard 2-7-2021, 8:04:07 AM
MonkeyDLuffy(MonkeyDLuffy) used a dead_leopard 2-7-2021, 8:04:07 AM
MonkeyDLuffy(MonkeyDLuffy) used a dead_leopard 2-7-2021, 8:04:07 AM
MonkeyDLuffy(MonkeyDLuffy) used a dead_leopard 2-7-2021, 8:04:07 AM
MonkeyDLuffy(MonkeyDLuffy) used a dead_leopard 2-7-2021, 8:04:08 AM
MonkeyDLuffy(MonkeyDLuffy) used a dead_leopard 2-7-2021, 8:04:08 AM
MonkeyDLuffy(MonkeyDLuffy) used a dead_leopard 2-7-2021, 8:04:08 AM
MonkeyDLuffy(MonkeyDLuffy) used a dead_leopard 2-7-2021, 8:04:08 AM
MonkeyDLuffy(MonkeyDLuffy) used a dead_leopard 2-7-2021, 8:04:09 AM
MonkeyDLuffy(MonkeyDLuffy) used a dead_leopard 2-7-2021, 8:04:09 AM
MonkeyDLuffy(MonkeyDLuffy) used a dead_leopard 2-7-2021, 8:04:09 AM
MonkeyDLuffy(MonkeyDLuffy) used a dead_leopard 2-7-2021, 8:04:09 AM
MonkeyDLuffy(MonkeyDLuffy) used a dead_leopard 2-7-2021, 8:04:10 AM
MonkeyDLuffy(MonkeyDLuffy) used a dead_leopard 2-7-2021, 8:04:10 AM
MonkeyDLuffy(MonkeyDLuffy) used a dead_leopard 2-7-2021, 8:04:10 AM
MonkeyDLuffy(MonkeyDLuffy) used a dead_leopard 2-7-2021, 8:04:10 AM
MonkeyDLuffy(MonkeyDLuffy) used a dead_leopard 2-7-2021, 8:04:11 AM
MonkeyDLuffy(MonkeyDLuffy) used a dead_leopard 2-7-2021, 8:04:11 AM
MonkeyDLuffy(MonkeyDLuffy) used a dead_leopard 2-7-2021, 8:04:11 AM
MonkeyDLuffy(MonkeyDLuffy) used a dead_leopard 2-7-2021, 8:04:11 AM
MonkeyDLuffy(MonkeyDLuffy) used a dead_leopard 2-7-2021, 8:04:12 AM
MonkeyDLuffy(MonkeyDLuffy) used a dead_leopard 2-7-2021, 8:04:12 AM
MonkeyDLuffy(MonkeyDLuffy) used a dead_leopard 2-7-2021, 8:04:12 AM
MonkeyDLuffy(MonkeyDLuffy) used a dead_leopard 2-7-2021, 8:04:12 AM
MonkeyDLuffy(MonkeyDLuffy) used a dead_leopard 2-7-2021, 8:04:13 AM
MonkeyDLuffy(MonkeyDLuffy) used a dead_leopard 2-7-2021, 8:04:13 AM
MonkeyDLuffy(MonkeyDLuffy) used a dead_leopard 2-7-2021, 8:04:13 AM
MonkeyDLuffy(MonkeyDLuffy) used a dead_leopard 2-7-2021, 8:04:13 AM
MonkeyDLuffy(MonkeyDLuffy) used a dead_leopard 2-7-2021, 8:04:14 AM
MonkeyDLuffy(MonkeyDLuffy) used a dead_leopard 2-7-2021, 8:04:14 AM
MonkeyDLuffy(MonkeyDLuffy) used a dead_leopard 2-7-2021, 8:04:14 AM
MonkeyDLuffy(MonkeyDLuffy) used a dead_leopard 2-7-2021, 8:04:14 AM
MonkeyDLuffy(MonkeyDLuffy) used a dead_leopard 2-7-2021, 8:04:15 AM
MonkeyDLuffy(MonkeyDLuffy) used a dead_leopard 2-7-2021, 8:04:15 AM
MonkeyDLuffy(MonkeyDLuffy) used a dead_leopard 2-7-2021, 8:04:15 AM
MonkeyDLuffy(MonkeyDLuffy) used a dead_leopard 2-7-2021, 8:04:15 AM
MonkeyDLuffy(MonkeyDLuffy) used a dead_leopard 2-7-2021, 8:04:16 AM
MonkeyDLuffy(MonkeyDLuffy) used a dead_leopard 2-7-2021, 8:04:16 AM
MonkeyDLuffy(MonkeyDLuffy) used a dead_leopard 2-7-2021, 8:04:16 AM
MonkeyDLuffy(MonkeyDLuffy) used a dead_leopard 2-7-2021, 8:04:17 AM
MonkeyDLuffy(MonkeyDLuffy) used a dead_leopard 2-7-2021, 8:04:17 AM
MonkeyDLuffy(MonkeyDLuffy) used a dead_boar 2-7-2021, 8:04:24 AM
MonkeyDLuffy(MonkeyDLuffy) used a dead_boar 2-7-2021, 8:04:24 AM
MonkeyDLuffy(MonkeyDLuffy) used a dead_boar 2-7-2021, 8:04:24 AM
MonkeyDLuffy(MonkeyDLuffy) used a dead_boar 2-7-2021, 8:04:24 AM
MonkeyDLuffy(MonkeyDLuffy) used a dead_boar 2-7-2021, 8:04:24 AM
MonkeyDLuffy(MonkeyDLuffy) used a dead_boar 2-7-2021, 8:04:24 AM
MonkeyDLuffy(MonkeyDLuffy) used a dead_boar 2-7-2021, 8:04:25 AM
MonkeyDLuffy(MonkeyDLuffy) used a dead_boar 2-7-2021, 8:04:25 AM
MonkeyDLuffy(MonkeyDLuffy) used a dead_boar 2-7-2021, 8:04:25 AM
MonkeyDLuffy(MonkeyDLuffy) used a dead_boar 2-7-2021, 8:04:26 AM
MonkeyDLuffy(MonkeyDLuffy) used a dead_boar 2-7-2021, 8:04:26 AM
MonkeyDLuffy(MonkeyDLuffy) used a dead_boar 2-7-2021, 8:04:26 AM
MonkeyDLuffy(MonkeyDLuffy) used a dead_boar 2-7-2021, 8:04:26 AM
MonkeyDLuffy(MonkeyDLuffy) used a dead_boar 2-7-2021, 8:04:27 AM
MonkeyDLuffy(MonkeyDLuffy) used a dead_boar 2-7-2021, 8:04:27 AM
MonkeyDLuffy(MonkeyDLuffy) used a dead_boar 2-7-2021, 8:04:27 AM
MonkeyDLuffy(MonkeyDLuffy) used a dead_boar 2-7-2021, 8:04:27 AM
MonkeyDLuffy(MonkeyDLuffy) used a dead_boar 2-7-2021, 8:04:27 AM
MonkeyDLuffy(MonkeyDLuffy) used a dead_boar 2-7-2021, 8:04:28 AM
MonkeyDLuffy(MonkeyDLuffy) used a dead_boar 2-7-2021, 8:04:28 AM
MonkeyDLuffy(MonkeyDLuffy) used a dead_boar 2-7-2021, 8:04:28 AM
MonkeyDLuffy(MonkeyDLuffy) used a dead_boar 2-7-2021, 8:04:28 AM
MonkeyDLuffy(MonkeyDLuffy) used a dead_boar 2-7-2021, 8:04:29 AM
MonkeyDLuffy(MonkeyDLuffy) used a dead_boar 2-7-2021, 8:04:29 AM
MonkeyDLuffy(MonkeyDLuffy) used a dead_boar 2-7-2021, 8:04:29 AM
MonkeyDLuffy(MonkeyDLuffy) used a dead_boar 2-7-2021, 8:04:29 AM
MonkeyDLuffy(MonkeyDLuffy) used a dead_boar 2-7-2021, 8:04:29 AM
MonkeyDLuffy(MonkeyDLuffy) used a dead_boar 2-7-2021, 8:04:30 AM
MonkeyDLuffy(MonkeyDLuffy) used a dead_boar 2-7-2021, 8:04:30 AM
MonkeyDLuffy(MonkeyDLuffy) used a dead_boar 2-7-2021, 8:04:30 AM
MonkeyDLuffy(MonkeyDLuffy) used a dead_boar 2-7-2021, 8:04:30 AM
MonkeyDLuffy(MonkeyDLuffy) used a dead_boar 2-7-2021, 8:04:31 AM
MonkeyDLuffy(MonkeyDLuffy) used a dead_boar 2-7-2021, 8:04:31 AM
MonkeyDLuffy(MonkeyDLuffy) used a dead_boar 2-7-2021, 8:04:31 AM
MonkeyDLuffy(MonkeyDLuffy) used a dead_boar 2-7-2021, 8:04:31 AM
MonkeyDLuffy(MonkeyDLuffy) used a dead_boar 2-7-2021, 8:04:31 AM
MonkeyDLuffy(MonkeyDLuffy) used a dead_boar 2-7-2021, 8:04:32 AM
MonkeyDLuffy(MonkeyDLuffy) used a dead_boar 2-7-2021, 8:04:32 AM
MonkeyDLuffy(MonkeyDLuffy) used a dead_boar 2-7-2021, 8:04:32 AM
MonkeyDLuffy(MonkeyDLuffy) used a dead_boar 2-7-2021, 8:04:32 AM
MonkeyDLuffy(MonkeyDLuffy) used a dead_boar 2-7-2021, 8:04:33 AM
MonkeyDLuffy(MonkeyDLuffy) used a dead_boar 2-7-2021, 8:04:33 AM
MonkeyDLuffy(MonkeyDLuffy) used a dead_boar 2-7-2021, 8:04:33 AM
MonkeyDLuffy(MonkeyDLuffy) used a dead_boar 2-7-2021, 8:04:33 AM
MonkeyDLuffy(MonkeyDLuffy) used a dead_boar 2-7-2021, 8:04:33 AM
MonkeyDLuffy(MonkeyDLuffy) used a dead_boar 2-7-2021, 8:04:34 AM
MonkeyDLuffy(MonkeyDLuffy) used a dead_boar 2-7-2021, 8:04:41 AM
MonkeyDLuffy(MonkeyDLuffy) used a dead_boar 2-7-2021, 8:04:41 AM
MonkeyDLuffy(MonkeyDLuffy) used a dead_boar 2-7-2021, 8:04:42 AM
MonkeyDLuffy(MonkeyDLuffy) used a dead_boar 2-7-2021, 8:04:42 AM
MonkeyDLuffy(MonkeyDLuffy) used a dead_boar 2-7-2021, 8:04:42 AM
MonkeyDLuffy(MonkeyDLuffy) used a dead_boar 2-7-2021, 8:04:42 AM
MonkeyDLuffy(MonkeyDLuffy) used a dead_boar 2-7-2021, 8:04:42 AM
MonkeyDLuffy(MonkeyDLuffy) used a dead_boar 2-7-2021, 8:04:43 AM
MonkeyDLuffy(MonkeyDLuffy) used a dead_boar 2-7-2021, 8:04:43 AM
MonkeyDLuffy(MonkeyDLuffy) used a dead_boar 2-7-2021, 8:04:43 AM
MonkeyDLuffy(MonkeyDLuffy) used a dead_boar 2-7-2021, 8:04:43 AM
MonkeyDLuffy(MonkeyDLuffy) used a dead_boar 2-7-2021, 8:04:44 AM
MonkeyDLuffy(MonkeyDLuffy) used a dead_boar 2-7-2021, 8:04:44 AM
MonkeyDLuffy(MonkeyDLuffy) used a dead_boar 2-7-2021, 8:04:44 AM
MonkeyDLuffy(MonkeyDLuffy) used a dead_boar 2-7-2021, 8:04:44 AM
MonkeyDLuffy(MonkeyDLuffy) used a dead_boar 2-7-2021, 8:04:44 AM
MonkeyDLuffy(MonkeyDLuffy) used a dead_boar 2-7-2021, 8:04:45 AM
MonkeyDLuffy(MonkeyDLuffy) used a dead_boar 2-7-2021, 8:04:45 AM
MonkeyDLuffy(MonkeyDLuffy) used a dead_boar 2-7-2021, 8:04:45 AM
MonkeyDLuffy(MonkeyDLuffy) used a dead_boar 2-7-2021, 8:04:45 AM
MonkeyDLuffy(MonkeyDLuffy) used a dead_boar 2-7-2021, 8:04:46 AM
MonkeyDLuffy(MonkeyDLuffy) used a dead_boar 2-7-2021, 8:04:46 AM
MonkeyDLuffy(MonkeyDLuffy) used a dead_boar 2-7-2021, 8:04:46 AM
MonkeyDLuffy(MonkeyDLuffy) used a dead_boar 2-7-2021, 8:04:46 AM
MonkeyDLuffy(MonkeyDLuffy) used a dead_boar 2-7-2021, 8:04:46 AM
MonkeyDLuffy(MonkeyDLuffy) used a dead_boar 2-7-2021, 8:04:47 AM
MonkeyDLuffy(MonkeyDLuffy) used a dead_boar 2-7-2021, 8:04:47 AM
MonkeyDLuffy(MonkeyDLuffy) used a dead_boar 2-7-2021, 8:04:47 AM
MonkeyDLuffy(MonkeyDLuffy) used a dead_boar 2-7-2021, 8:04:47 AM
MonkeyDLuffy(MonkeyDLuffy) used a dead_boar 2-7-2021, 8:04:47 AM
MonkeyDLuffy(MonkeyDLuffy) used a dead_boar 2-7-2021, 8:04:47 AM
MonkeyDLuffy(MonkeyDLuffy) used a dead_boar 2-7-2021, 8:04:48 AM
MonkeyDLuffy(MonkeyDLuffy) used a dead_boar 2-7-2021, 8:04:48 AM
MonkeyDLuffy(MonkeyDLuffy) used a dead_boar 2-7-2021, 8:04:48 AM
MonkeyDLuffy(MonkeyDLuffy) used a dead_boar 2-7-2021, 8:04:48 AM
MonkeyDLuffy(MonkeyDLuffy) used a dead_boar 2-7-2021, 8:04:48 AM
MonkeyDLuffy(MonkeyDLuffy) used a dead_boar 2-7-2021, 8:04:49 AM
MonkeyDLuffy(MonkeyDLuffy) used a dead_boar 2-7-2021, 8:04:49 AM
MonkeyDLuffy(MonkeyDLuffy) used a dead_boar 2-7-2021, 8:04:49 AM
MonkeyDLuffy(MonkeyDLuffy) used a dead_boar 2-7-2021, 8:04:49 AM
MonkeyDLuffy(MonkeyDLuffy) used a dead_boar 2-7-2021, 8:04:49 AM
MonkeyDLuffy(MonkeyDLuffy) used a dead_boar 2-7-2021, 8:04:50 AM
MonkeyDLuffy(MonkeyDLuffy) used a dead_boar 2-7-2021, 8:04:50 AM
MonkeyDLuffy(MonkeyDLuffy) used a dead_boar 2-7-2021, 8:04:50 AM
MonkeyDLuffy(MonkeyDLuffy) used a dead_boar 2-7-2021, 8:04:51 AM
MonkeyDLuffy(MonkeyDLuffy) used a dead_boar 2-7-2021, 8:04:51 AM
MonkeyDLuffy(MonkeyDLuffy) used a dead_boar 2-7-2021, 8:04:51 AM
MonkeyDLuffy(MonkeyDLuffy) used a dead_boar 2-7-2021, 8:04:51 AM
MonkeyDLuffy(MonkeyDLuffy) used a dead_boar 2-7-2021, 8:04:52 AM
MonkeyDLuffy(MonkeyDLuffy) used a dead_boar 2-7-2021, 8:04:52 AM
MonkeyDLuffy(MonkeyDLuffy) used a dead_boar 2-7-2021, 8:04:52 AM
MonkeyDLuffy(MonkeyDLuffy) used a dead_boar 2-7-2021, 8:04:52 AM
MonkeyDLuffy(MonkeyDLuffy) used a dead_boar 2-7-2021, 8:04:53 AM
MonkeyDLuffy(MonkeyDLuffy) used a dead_boar 2-7-2021, 8:04:53 AM
MonkeyDLuffy(MonkeyDLuffy) used a dead_boar 2-7-2021, 8:04:53 AM
MonkeyDLuffy(MonkeyDLuffy) used a dead_boar 2-7-2021, 8:04:53 AM
MonkeyDLuffy(MonkeyDLuffy) used a dead_boar 2-7-2021, 8:04:54 AM
MonkeyDLuffy(MonkeyDLuffy) used a dead_boar 2-7-2021, 8:04:54 AM
MonkeyDLuffy(MonkeyDLuffy) used a dead_boar 2-7-2021, 8:04:54 AM
MonkeyDLuffy(MonkeyDLuffy) used a dead_boar 2-7-2021, 8:04:54 AM
MonkeyDLuffy(MonkeyDLuffy) used a dead_boar 2-7-2021, 8:04:55 AM
MonkeyDLuffy(MonkeyDLuffy) used a dead_boar 2-7-2021, 8:04:55 AM
MonkeyDLuffy(MonkeyDLuffy) used a dead_boar 2-7-2021, 8:04:55 AM
MonkeyDLuffy(MonkeyDLuffy) used a dead_boar 2-7-2021, 8:04:56 AM
MonkeyDLuffy(MonkeyDLuffy) used a dead_boar 2-7-2021, 8:04:56 AM
MonkeyDLuffy(MonkeyDLuffy) used a dead_boar 2-7-2021, 8:04:56 AM
MonkeyDLuffy(MonkeyDLuffy) used a dead_boar 2-7-2021, 8:04:56 AM
MonkeyDLuffy(MonkeyDLuffy) used a dead_boar 2-7-2021, 8:04:57 AM
MonkeyDLuffy(MonkeyDLuffy) used a dead_boar 2-7-2021, 8:04:57 AM
MonkeyDLuffy(MonkeyDLuffy) used a dead_boar 2-7-2021, 8:04:57 AM
MonkeyDLuffy(MonkeyDLuffy) used a dead_boar 2-7-2021, 8:04:57 AM
MonkeyDLuffy(MonkeyDLuffy) used a dead_boar 2-7-2021, 8:04:58 AM
MonkeyDLuffy(MonkeyDLuffy) used a dead_boar 2-7-2021, 8:04:58 AM
MonkeyDLuffy(MonkeyDLuffy) used a dead_boar 2-7-2021, 8:04:58 AM
MonkeyDLuffy(MonkeyDLuffy) used a dead_boar 2-7-2021, 8:04:58 AM
MonkeyDLuffy(MonkeyDLuffy) used a dead_boar 2-7-2021, 8:04:59 AM
MonkeyDLuffy(MonkeyDLuffy) used a dead_boar 2-7-2021, 8:04:59 AM
MonkeyDLuffy(MonkeyDLuffy) used a dead_boar 2-7-2021, 8:04:59 AM
MonkeyDLuffy(MonkeyDLuffy) used a dead_boar 2-7-2021, 8:04:59 AM
MonkeyDLuffy(MonkeyDLuffy) used a dead_boar 2-7-2021, 8:04:59 AM
MonkeyDLuffy(MonkeyDLuffy) used a dead_boar 2-7-2021, 8:05:00 AM
MonkeyDLuffy(MonkeyDLuffy) used a dead_boar 2-7-2021, 8:05:00 AM
MonkeyDLuffy(MonkeyDLuffy) used a dead_boar 2-7-2021, 8:05:00 AM
MonkeyDLuffy(MonkeyDLuffy) used a dead_boar 2-7-2021, 8:05:01 AM
MonkeyDLuffy(MonkeyDLuffy) used a dead_boar 2-7-2021, 8:05:01 AM
MonkeyDLuffy(MonkeyDLuffy) used a dead_boar 2-7-2021, 8:05:01 AM
MonkeyDLuffy(MonkeyDLuffy) used a dead_boar 2-7-2021, 8:05:01 AM
MonkeyDLuffy(MonkeyDLuffy) used a dead_boar 2-7-2021, 8:05:02 AM
MonkeyDLuffy(MonkeyDLuffy) used a dead_boar 2-7-2021, 8:05:02 AM
MonkeyDLuffy(MonkeyDLuffy) used a dead_boar 2-7-2021, 8:05:02 AM
MonkeyDLuffy(MonkeyDLuffy) used a dead_boar 2-7-2021, 8:05:02 AM
MonkeyDLuffy(MonkeyDLuffy) used a dead_boar 2-7-2021, 8:05:03 AM
MonkeyDLuffy(MonkeyDLuffy) used a dead_boar 2-7-2021, 8:05:03 AM
MonkeyDLuffy(MonkeyDLuffy) used a dead_boar 2-7-2021, 8:05:03 AM
MonkeyDLuffy(MonkeyDLuffy) used a dead_boar 2-7-2021, 8:05:03 AM
MonkeyDLuffy(MonkeyDLuffy) used a dead_boar 2-7-2021, 8:05:04 AM
MonkeyDLuffy(MonkeyDLuffy) used a dead_boar 2-7-2021, 8:05:04 AM
MonkeyDLuffy(MonkeyDLuffy) used a dead_boar 2-7-2021, 8:05:04 AM
MonkeyDLuffy(MonkeyDLuffy) used a dead_boar 2-7-2021, 8:05:04 AM
MonkeyDLuffy(MonkeyDLuffy) used a dead_boar 2-7-2021, 8:05:05 AM
MonkeyDLuffy(MonkeyDLuffy) used a dead_boar 2-7-2021, 8:05:05 AM
MonkeyDLuffy(MonkeyDLuffy) used a dead_boar 2-7-2021, 8:05:05 AM
MonkeyDLuffy(MonkeyDLuffy) used a dead_boar 2-7-2021, 8:05:05 AM
MonkeyDLuffy(MonkeyDLuffy) used a dead_boar 2-7-2021, 8:05:06 AM
MonkeyDLuffy(MonkeyDLuffy) used a dead_boar 2-7-2021, 8:05:06 AM
MonkeyDLuffy(MonkeyDLuffy) used a dead_boar 2-7-2021, 8:05:06 AM
MonkeyDLuffy(MonkeyDLuffy) used a dead_boar 2-7-2021, 8:05:06 AM
MonkeyDLuffy(MonkeyDLuffy) used a dead_boar 2-7-2021, 8:05:07 AM
MonkeyDLuffy(MonkeyDLuffy) used a dead_boar 2-7-2021, 8:05:07 AM
MonkeyDLuffy(MonkeyDLuffy) used a dead_boar 2-7-2021, 8:05:07 AM
MonkeyDLuffy(MonkeyDLuffy) used a dead_boar 2-7-2021, 8:05:07 AM
MonkeyDLuffy(MonkeyDLuffy) used a dead_boar 2-7-2021, 8:05:08 AM
MonkeyDLuffy(MonkeyDLuffy) used a dead_boar 2-7-2021, 8:05:08 AM
MonkeyDLuffy(MonkeyDLuffy) used a dead_boar 2-7-2021, 8:05:08 AM
MonkeyDLuffy(MonkeyDLuffy) used a dead_boar 2-7-2021, 8:05:08 AM
MonkeyDLuffy(MonkeyDLuffy) used a dead_boar 2-7-2021, 8:05:09 AM
MonkeyDLuffy(MonkeyDLuffy) used a dead_boar 2-7-2021, 8:05:09 AM
MonkeyDLuffy(MonkeyDLuffy) used a dead_boar 2-7-2021, 8:05:09 AM
MonkeyDLuffy(MonkeyDLuffy) used a dead_boar 2-7-2021, 8:05:09 AM
MonkeyDLuffy(MonkeyDLuffy) used a dead_boar 2-7-2021, 8:05:10 AM
MonkeyDLuffy(MonkeyDLuffy) used a dead_boar 2-7-2021, 8:05:10 AM
MonkeyDLuffy(MonkeyDLuffy) used a dead_boar 2-7-2021, 8:05:10 AM
MonkeyDLuffy(MonkeyDLuffy) used a dead_boar 2-7-2021, 8:05:10 AM
MonkeyDLuffy(MonkeyDLuffy) used a dead_boar 2-7-2021, 8:05:11 AM
MonkeyDLuffy(MonkeyDLuffy) used a dead_boar 2-7-2021, 8:05:11 AM
MonkeyDLuffy(MonkeyDLuffy) used a dead_boar 2-7-2021, 8:05:11 AM
MonkeyDLuffy(MonkeyDLuffy) used a dead_boar 2-7-2021, 8:05:11 AM
MonkeyDLuffy(MonkeyDLuffy) used a dead_boar 2-7-2021, 8:05:12 AM
MonkeyDLuffy(MonkeyDLuffy) used a dead_boar 2-7-2021, 8:05:12 AM
MonkeyDLuffy(MonkeyDLuffy) used a dead_boar 2-7-2021, 8:05:12 AM
MonkeyDLuffy(MonkeyDLuffy) used a dead_boar 2-7-2021, 8:05:12 AM
MonkeyDLuffy(MonkeyDLuffy) used a dead_boar 2-7-2021, 8:05:13 AM
MonkeyDLuffy(MonkeyDLuffy) used a dead_boar 2-7-2021, 8:05:13 AM
MonkeyDLuffy(MonkeyDLuffy) used a dead_boar 2-7-2021, 8:05:13 AM
MonkeyDLuffy(MonkeyDLuffy) used a dead_boar 2-7-2021, 8:05:13 AM
MonkeyDLuffy(MonkeyDLuffy) used a dead_boar 2-7-2021, 8:05:13 AM
MonkeyDLuffy(MonkeyDLuffy) used a dead_boar 2-7-2021, 8:05:28 AM
MonkeyDLuffy(MonkeyDLuffy) used a dead_boar 2-7-2021, 8:05:28 AM
MonkeyDLuffy(MonkeyDLuffy) used a dead_boar 2-7-2021, 8:05:28 AM
MonkeyDLuffy(MonkeyDLuffy) used a dead_boar 2-7-2021, 8:05:29 AM
MonkeyDLuffy(MonkeyDLuffy) used a dead_boar 2-7-2021, 8:05:29 AM
MonkeyDLuffy(MonkeyDLuffy) used a dead_boar 2-7-2021, 8:05:29 AM
MonkeyDLuffy(MonkeyDLuffy) used a dead_boar 2-7-2021, 8:05:29 AM
MonkeyDLuffy(MonkeyDLuffy) used a dead_boar 2-7-2021, 8:05:29 AM
MonkeyDLuffy(MonkeyDLuffy) used a dead_boar 2-7-2021, 8:05:30 AM
MonkeyDLuffy(MonkeyDLuffy) used a dead_boar 2-7-2021, 8:05:30 AM
MonkeyDLuffy(MonkeyDLuffy) used a dead_boar 2-7-2021, 8:05:30 AM
MonkeyDLuffy(MonkeyDLuffy) used a dead_boar 2-7-2021, 8:05:30 AM
MonkeyDLuffy(MonkeyDLuffy) used a dead_boar 2-7-2021, 8:05:31 AM
MonkeyDLuffy(MonkeyDLuffy) used a dead_boar 2-7-2021, 8:05:31 AM
MonkeyDLuffy(MonkeyDLuffy) used a dead_boar 2-7-2021, 8:05:31 AM
MonkeyDLuffy(MonkeyDLuffy) used a dead_boar 2-7-2021, 8:05:31 AM
MonkeyDLuffy(MonkeyDLuffy) used a dead_boar 2-7-2021, 8:05:31 AM
MonkeyDLuffy(MonkeyDLuffy) used a dead_boar 2-7-2021, 8:05:32 AM
MonkeyDLuffy(MonkeyDLuffy) used a dead_boar 2-7-2021, 8:05:32 AM
MonkeyDLuffy(MonkeyDLuffy) used a dead_boar 2-7-2021, 8:05:32 AM
MonkeyDLuffy(MonkeyDLuffy) used a dead_boar 2-7-2021, 8:05:32 AM
MonkeyDLuffy(MonkeyDLuffy) used a dead_boar 2-7-2021, 8:05:33 AM
MonkeyDLuffy(MonkeyDLuffy) used a dead_boar 2-7-2021, 8:05:33 AM
MonkeyDLuffy(MonkeyDLuffy) used a dead_boar 2-7-2021, 8:05:33 AM
MonkeyDLuffy(MonkeyDLuffy) used a dead_boar 2-7-2021, 8:05:33 AM
MonkeyDLuffy(MonkeyDLuffy) used a dead_boar 2-7-2021, 8:05:33 AM
MonkeyDLuffy(MonkeyDLuffy) used a dead_boar 2-7-2021, 8:05:34 AM
MonkeyDLuffy(MonkeyDLuffy) used a dead_boar 2-7-2021, 8:05:34 AM
MonkeyDLuffy(MonkeyDLuffy) used a dead_boar 2-7-2021, 8:05:34 AM
MonkeyDLuffy(MonkeyDLuffy) used a dead_boar 2-7-2021, 8:05:34 AM
MonkeyDLuffy(MonkeyDLuffy) used a dead_boar 2-7-2021, 8:05:35 AM
MonkeyDLuffy(MonkeyDLuffy) used a dead_boar 2-7-2021, 8:05:35 AM
MonkeyDLuffy(MonkeyDLuffy) used a dead_boar 2-7-2021, 8:05:35 AM
MonkeyDLuffy(MonkeyDLuffy) used a dead_boar 2-7-2021, 8:05:35 AM
MonkeyDLuffy(MonkeyDLuffy) used a dead_boar 2-7-2021, 8:05:36 AM
MonkeyDLuffy(MonkeyDLuffy) used a dead_boar 2-7-2021, 8:05:36 AM
MonkeyDLuffy(MonkeyDLuffy) used a dead_boar 2-7-2021, 8:05:36 AM
MonkeyDLuffy(MonkeyDLuffy) used a dead_boar 2-7-2021, 8:05:36 AM
MonkeyDLuffy(MonkeyDLuffy) used a dead_boar 2-7-2021, 8:05:37 AM
MonkeyDLuffy(MonkeyDLuffy) used a dead_boar 2-7-2021, 8:05:37 AM
MonkeyDLuffy(MonkeyDLuffy) used a dead_boar 2-7-2021, 8:05:37 AM
MonkeyDLuffy(MonkeyDLuffy) used a dead_boar 2-7-2021, 8:05:37 AM
MonkeyDLuffy(MonkeyDLuffy) used a dead_boar 2-7-2021, 8:05:38 AM
MonkeyDLuffy(MonkeyDLuffy) used a dead_boar 2-7-2021, 8:05:38 AM
MonkeyDLuffy(MonkeyDLuffy) used a dead_boar 2-7-2021, 8:05:38 AM
MonkeyDLuffy(MonkeyDLuffy) used a dead_boar 2-7-2021, 8:05:38 AM
MonkeyDLuffy(MonkeyDLuffy) used a dead_boar 2-7-2021, 8:05:38 AM
MonkeyDLuffy(MonkeyDLuffy) used a dead_boar 2-7-2021, 8:05:39 AM
MonkeyDLuffy(MonkeyDLuffy) used a dead_boar 2-7-2021, 8:05:39 AM
MonkeyDLuffy(MonkeyDLuffy) used a dead_boar 2-7-2021, 8:05:39 AM
MonkeyDLuffy(MonkeyDLuffy) used a dead_boar 2-7-2021, 8:05:40 AM
MonkeyDLuffy(MonkeyDLuffy) used a dead_boar 2-7-2021, 8:05:40 AM
MonkeyDLuffy(MonkeyDLuffy) used a dead_boar 2-7-2021, 8:05:40 AM
MonkeyDLuffy(MonkeyDLuffy) used a dead_boar 2-7-2021, 8:05:40 AM
MonkeyDLuffy(MonkeyDLuffy) used a dead_boar 2-7-2021, 8:05:40 AM
MonkeyDLuffy(MonkeyDLuffy) used a dead_boar 2-7-2021, 8:05:41 AM
MonkeyDLuffy(MonkeyDLuffy) used a dead_boar 2-7-2021, 8:05:41 AM
MonkeyDLuffy(MonkeyDLuffy) used a dead_boar 2-7-2021, 8:05:41 AM
MonkeyDLuffy(MonkeyDLuffy) used a dead_boar 2-7-2021, 8:05:41 AM
MonkeyDLuffy(MonkeyDLuffy) used a dead_boar 2-7-2021, 8:05:42 AM
MonkeyDLuffy(MonkeyDLuffy) used a dead_boar 2-7-2021, 8:05:42 AM
MonkeyDLuffy(MonkeyDLuffy) used a dead_boar 2-7-2021, 8:05:42 AM
MonkeyDLuffy(MonkeyDLuffy) used a dead_boar 2-7-2021, 8:05:42 AM
MonkeyDLuffy(MonkeyDLuffy) used a dead_boar 2-7-2021, 8:05:43 AM
MonkeyDLuffy(MonkeyDLuffy) used a dead_boar 2-7-2021, 8:05:43 AM
MonkeyDLuffy(MonkeyDLuffy) used a dead_boar 2-7-2021, 8:05:43 AM
MonkeyDLuffy(MonkeyDLuffy) used a dead_boar 2-7-2021, 8:05:43 AM
MonkeyDLuffy(MonkeyDLuffy) used a dead_boar 2-7-2021, 8:05:44 AM
MonkeyDLuffy(MonkeyDLuffy) used a dead_boar 2-7-2021, 8:05:44 AM
MonkeyDLuffy(MonkeyDLuffy) used a dead_boar 2-7-2021, 8:05:44 AM
MonkeyDLuffy(MonkeyDLuffy) used a dead_boar 2-7-2021, 8:05:44 AM
MonkeyDLuffy(MonkeyDLuffy) used a dead_boar 2-7-2021, 8:05:44 AM
MonkeyDLuffy(MonkeyDLuffy) used a dead_boar 2-7-2021, 8:05:45 AM
MonkeyDLuffy(MonkeyDLuffy) used a dead_boar 2-7-2021, 8:05:45 AM
MonkeyDLuffy(MonkeyDLuffy) used a dead_boar 2-7-2021, 8:05:45 AM
MonkeyDLuffy(MonkeyDLuffy) used a dead_boar 2-7-2021, 8:05:46 AM
MonkeyDLuffy(MonkeyDLuffy) used a dead_boar 2-7-2021, 8:05:46 AM
MonkeyDLuffy(MonkeyDLuffy) used a dead_boar 2-7-2021, 8:05:46 AM
MonkeyDLuffy(MonkeyDLuffy) used a dead_boar 2-7-2021, 8:05:46 AM
MonkeyDLuffy(MonkeyDLuffy) used a dead_boar 2-7-2021, 8:05:47 AM
MonkeyDLuffy(MonkeyDLuffy) used a dead_boar 2-7-2021, 8:05:47 AM
MonkeyDLuffy(MonkeyDLuffy) used a dead_boar 2-7-2021, 8:05:47 AM
MonkeyDLuffy(MonkeyDLuffy) used a dead_boar 2-7-2021, 8:05:47 AM
MonkeyDLuffy(MonkeyDLuffy) used a dead_boar 2-7-2021, 8:05:48 AM
MonkeyDLuffy(MonkeyDLuffy) used a dead_boar 2-7-2021, 8:05:48 AM
MonkeyDLuffy(MonkeyDLuffy) used a dead_boar 2-7-2021, 8:05:48 AM
MonkeyDLuffy(MonkeyDLuffy) used a dead_boar 2-7-2021, 8:05:48 AM
MonkeyDLuffy(MonkeyDLuffy) used a dead_boar 2-7-2021, 8:05:49 AM
MonkeyDLuffy(MonkeyDLuffy) used a dead_boar 2-7-2021, 8:05:49 AM
MonkeyDLuffy(MonkeyDLuffy) used a dead_boar 2-7-2021, 8:05:49 AM
MonkeyDLuffy(MonkeyDLuffy) used a dead_boar 2-7-2021, 8:05:49 AM
MonkeyDLuffy(MonkeyDLuffy) used a dead_boar 2-7-2021, 8:05:49 AM
MonkeyDLuffy(MonkeyDLuffy) used a dead_boar 2-7-2021, 8:05:50 AM
MonkeyDLuffy(MonkeyDLuffy) used a dead_boar 2-7-2021, 8:05:50 AM
MonkeyDLuffy(MonkeyDLuffy) used a dead_boar 2-7-2021, 8:05:50 AM
MonkeyDLuffy(MonkeyDLuffy) used a dead_boar 2-7-2021, 8:05:50 AM
MonkeyDLuffy(MonkeyDLuffy) used a dead_boar 2-7-2021, 8:05:51 AM
MonkeyDLuffy(MonkeyDLuffy) used a dead_boar 2-7-2021, 8:05:51 AM
MonkeyDLuffy(MonkeyDLuffy) used a dead_boar 2-7-2021, 8:05:51 AM
MonkeyDLuffy(MonkeyDLuffy) used a dead_boar 2-7-2021, 8:05:51 AM
MonkeyDLuffy(MonkeyDLuffy) used a dead_boar 2-7-2021, 8:05:52 AM
MonkeyDLuffy(MonkeyDLuffy) used a dead_boar 2-7-2021, 8:05:52 AM
MonkeyDLuffy(MonkeyDLuffy) used a dead_boar 2-7-2021, 8:05:52 AM
MonkeyDLuffy(MonkeyDLuffy) used a dead_boar 2-7-2021, 8:05:52 AM
MonkeyDLuffy(MonkeyDLuffy) used a dead_boar 2-7-2021, 8:05:53 AM
MonkeyDLuffy(MonkeyDLuffy) used a dead_boar 2-7-2021, 8:05:53 AM
MonkeyDLuffy(MonkeyDLuffy) used a dead_boar 2-7-2021, 8:05:53 AM
MonkeyDLuffy(MonkeyDLuffy) used a dead_boar 2-7-2021, 8:05:53 AM
MonkeyDLuffy(MonkeyDLuffy) used a dead_boar 2-7-2021, 8:05:54 AM
MonkeyDLuffy(MonkeyDLuffy) used a dead_boar 2-7-2021, 8:05:54 AM
MonkeyDLuffy(MonkeyDLuffy) used a dead_boar 2-7-2021, 8:05:54 AM
MonkeyDLuffy(MonkeyDLuffy) used a dead_boar 2-7-2021, 8:05:54 AM
MonkeyDLuffy(MonkeyDLuffy) used a dead_boar 2-7-2021, 8:05:55 AM
MonkeyDLuffy(MonkeyDLuffy) used a dead_boar 2-7-2021, 8:05:55 AM
MonkeyDLuffy(MonkeyDLuffy) used a dead_boar 2-7-2021, 8:05:55 AM
MonkeyDLuffy(MonkeyDLuffy) used a dead_boar 2-7-2021, 8:05:55 AM
MonkeyDLuffy(MonkeyDLuffy) used a dead_boar 2-7-2021, 8:05:56 AM
MonkeyDLuffy(MonkeyDLuffy) used a dead_boar 2-7-2021, 8:05:56 AM
MonkeyDLuffy(MonkeyDLuffy) used a dead_boar 2-7-2021, 8:05:56 AM
MonkeyDLuffy(MonkeyDLuffy) used a dead_boar 2-7-2021, 8:05:56 AM
MonkeyDLuffy(MonkeyDLuffy) used a dead_boar 2-7-2021, 8:05:56 AM
MonkeyDLuffy(MonkeyDLuffy) used a dead_boar 2-7-2021, 8:05:57 AM
MonkeyDLuffy(MonkeyDLuffy) used a dead_boar 2-7-2021, 8:05:57 AM
MonkeyDLuffy(MonkeyDLuffy) used a dead_boar 2-7-2021, 8:05:57 AM
MonkeyDLuffy(MonkeyDLuffy) used a dead_boar 2-7-2021, 8:05:57 AM
MonkeyDLuffy(MonkeyDLuffy) used a dead_boar 2-7-2021, 8:05:58 AM
MonkeyDLuffy(MonkeyDLuffy) used a dead_boar 2-7-2021, 8:05:58 AM
MonkeyDLuffy(MonkeyDLuffy) used a dead_boar 2-7-2021, 8:05:58 AM
MonkeyDLuffy(MonkeyDLuffy) used a dead_boar 2-7-2021, 8:05:58 AM
MonkeyDLuffy(MonkeyDLuffy) used a dead_boar 2-7-2021, 8:05:59 AM
MonkeyDLuffy(MonkeyDLuffy) used a dead_boar 2-7-2021, 8:05:59 AM
MonkeyDLuffy(MonkeyDLuffy) used a dead_boar 2-7-2021, 8:05:59 AM
MonkeyDLuffy(MonkeyDLuffy) used a dead_boar 2-7-2021, 8:05:59 AM
MonkeyDLuffy(MonkeyDLuffy) used a dead_boar 2-7-2021, 8:06:00 AM
MonkeyDLuffy(MonkeyDLuffy) used a dead_boar 2-7-2021, 8:06:00 AM
MonkeyDLuffy(MonkeyDLuffy) used a dead_boar 2-7-2021, 8:06:00 AM
MonkeyDLuffy(MonkeyDLuffy) used a dead_boar 2-7-2021, 8:06:00 AM
MonkeyDLuffy(MonkeyDLuffy) used a dead_boar 2-7-2021, 8:06:01 AM
MonkeyDLuffy(MonkeyDLuffy) used a dead_boar 2-7-2021, 8:06:01 AM
MonkeyDLuffy(MonkeyDLuffy) used a dead_boar 2-7-2021, 8:06:01 AM
MonkeyDLuffy(MonkeyDLuffy) used a dead_boar 2-7-2021, 8:06:01 AM
MonkeyDLuffy(MonkeyDLuffy) used a dead_boar 2-7-2021, 8:06:02 AM
MonkeyDLuffy(MonkeyDLuffy) used a dead_boar 2-7-2021, 8:06:02 AM
MonkeyDLuffy(MonkeyDLuffy) used a dead_boar 2-7-2021, 8:06:02 AM
MonkeyDLuffy(MonkeyDLuffy) used a dead_boar 2-7-2021, 8:06:02 AM
MonkeyDLuffy(MonkeyDLuffy) used a dead_boar 2-7-2021, 8:06:03 AM
MonkeyDLuffy(MonkeyDLuffy) used a dead_boar 2-7-2021, 8:06:03 AM
MonkeyDLuffy(MonkeyDLuffy) used a dead_boar 2-7-2021, 8:06:03 AM
MonkeyDLuffy(MonkeyDLuffy) used a dead_boar 2-7-2021, 8:06:03 AM
MonkeyDLuffy(MonkeyDLuffy) used a dead_boar 2-7-2021, 8:06:03 AM
MonkeyDLuffy(MonkeyDLuffy) used a dead_boar 2-7-2021, 8:06:04 AM
MonkeyDLuffy(MonkeyDLuffy) used a dead_boar 2-7-2021, 8:06:04 AM
MonkeyDLuffy(MonkeyDLuffy) used a dead_boar 2-7-2021, 8:06:04 AM
MonkeyDLuffy(MonkeyDLuffy) used a dead_boar 2-7-2021, 8:06:04 AM
MonkeyDLuffy(MonkeyDLuffy) used a dead_boar 2-7-2021, 8:06:05 AM
MonkeyDLuffy(MonkeyDLuffy) used a dead_boar 2-7-2021, 8:06:05 AM
MonkeyDLuffy(MonkeyDLuffy) used a dead_boar 2-7-2021, 8:06:05 AM
MonkeyDLuffy(MonkeyDLuffy) used a dead_boar 2-7-2021, 8:06:06 AM
MonkeyDLuffy(MonkeyDLuffy) used a dead_boar 2-7-2021, 8:06:06 AM
MonkeyDLuffy(MonkeyDLuffy) used a dead_boar 2-7-2021, 8:06:06 AM
MonkeyDLuffy(MonkeyDLuffy) used a dead_boar 2-7-2021, 8:06:06 AM
MonkeyDLuffy(MonkeyDLuffy) used a dead_boar 2-7-2021, 8:06:07 AM
MonkeyDLuffy(MonkeyDLuffy) used a dead_boar 2-7-2021, 8:06:07 AM
MonkeyDLuffy(MonkeyDLuffy) used a dead_boar 2-7-2021, 8:06:07 AM
MonkeyDLuffy(MonkeyDLuffy) used a dead_boar 2-7-2021, 8:06:07 AM
MonkeyDLuffy(MonkeyDLuffy) used a dead_boar 2-7-2021, 8:06:07 AM
MonkeyDLuffy(MonkeyDLuffy) used a dead_boar 2-7-2021, 8:06:08 AM
MonkeyDLuffy(MonkeyDLuffy) used a dead_boar 2-7-2021, 8:06:08 AM
MonkeyDLuffy(MonkeyDLuffy) used a dead_boar 2-7-2021, 8:06:08 AM
MonkeyDLuffy(MonkeyDLuffy) used a dead_boar 2-7-2021, 8:06:08 AM
MonkeyDLuffy(MonkeyDLuffy) used a dead_boar 2-7-2021, 8:06:09 AM
MonkeyDLuffy(MonkeyDLuffy) used a dead_boar 2-7-2021, 8:06:09 AM
MonkeyDLuffy(MonkeyDLuffy) used a dead_boar 2-7-2021, 8:06:09 AM
MonkeyDLuffy(MonkeyDLuffy) used a dead_boar 2-7-2021, 8:06:09 AM
MonkeyDLuffy(MonkeyDLuffy) used a dead_boar 2-7-2021, 8:06:10 AM
MonkeyDLuffy(MonkeyDLuffy) used a dead_boar 2-7-2021, 8:06:10 AM
MonkeyDLuffy(MonkeyDLuffy) used a dead_boar 2-7-2021, 8:06:10 AM
MonkeyDLuffy(MonkeyDLuffy) used a dead_boar 2-7-2021, 8:06:10 AM
MonkeyDLuffy(MonkeyDLuffy) used a dead_boar 2-7-2021, 8:06:11 AM
MonkeyDLuffy(MonkeyDLuffy) used a dead_boar 2-7-2021, 8:06:11 AM
MonkeyDLuffy(MonkeyDLuffy) used a dead_boar 2-7-2021, 8:06:11 AM
MonkeyDLuffy(MonkeyDLuffy) used a dead_boar 2-7-2021, 8:06:11 AM
MonkeyDLuffy(MonkeyDLuffy) used a dead_boar 2-7-2021, 8:06:12 AM
MonkeyDLuffy(MonkeyDLuffy) used a dead_boar 2-7-2021, 8:06:12 AM
MonkeyDLuffy(MonkeyDLuffy) used a dead_boar 2-7-2021, 8:06:12 AM
MonkeyDLuffy(MonkeyDLuffy) used a dead_boar 2-7-2021, 8:06:13 AM
MonkeyDLuffy(MonkeyDLuffy) used a dead_boar 2-7-2021, 8:06:13 AM
MonkeyDLuffy(MonkeyDLuffy) used a dead_boar 2-7-2021, 8:06:13 AM
MonkeyDLuffy(MonkeyDLuffy) used a dead_boar 2-7-2021, 8:06:13 AM
MonkeyDLuffy(MonkeyDLuffy) used a dead_boar 2-7-2021, 8:06:14 AM
MonkeyDLuffy(MonkeyDLuffy) used a dead_boar 2-7-2021, 8:06:14 AM
MonkeyDLuffy(MonkeyDLuffy) used a dead_boar 2-7-2021, 8:06:14 AM
MonkeyDLuffy(MonkeyDLuffy) used a dead_boar 2-7-2021, 8:06:14 AM
MonkeyDLuffy(MonkeyDLuffy) used a dead_boar 2-7-2021, 8:06:14 AM
MonkeyDLuffy(MonkeyDLuffy) used a dead_boar 2-7-2021, 8:06:15 AM
MonkeyDLuffy(MonkeyDLuffy) used a dead_boar 2-7-2021, 8:06:15 AM
MonkeyDLuffy(MonkeyDLuffy) used a dead_boar 2-7-2021, 8:06:15 AM
MonkeyDLuffy(MonkeyDLuffy) used a dead_boar 2-7-2021, 8:06:15 AM
MonkeyDLuffy(MonkeyDLuffy) used a dead_boar 2-7-2021, 8:06:16 AM
MonkeyDLuffy(MonkeyDLuffy) used a dead_boar 2-7-2021, 8:06:16 AM
MonkeyDLuffy(MonkeyDLuffy) used a dead_boar 2-7-2021, 8:06:16 AM
MonkeyDLuffy(MonkeyDLuffy) used a dead_boar 2-7-2021, 8:06:16 AM
MonkeyDLuffy(MonkeyDLuffy) used a dead_boar 2-7-2021, 8:06:17 AM
MonkeyDLuffy(MonkeyDLuffy) used a dead_boar 2-7-2021, 8:06:17 AM
MonkeyDLuffy(MonkeyDLuffy) used a dead_boar 2-7-2021, 8:06:17 AM
MonkeyDLuffy(MonkeyDLuffy) used a dead_boar 2-7-2021, 8:06:17 AM
MonkeyDLuffy(MonkeyDLuffy) used a dead_boar 2-7-2021, 8:06:18 AM
MonkeyDLuffy(MonkeyDLuffy) used a dead_boar 2-7-2021, 8:06:18 AM
MonkeyDLuffy(MonkeyDLuffy) used a dead_boar 2-7-2021, 8:06:18 AM
MonkeyDLuffy(MonkeyDLuffy) used a dead_boar 2-7-2021, 8:06:18 AM
MonkeyDLuffy(MonkeyDLuffy) used a dead_boar 2-7-2021, 8:06:19 AM
MonkeyDLuffy(MonkeyDLuffy) used a dead_boar 2-7-2021, 8:06:19 AM
MonkeyDLuffy(MonkeyDLuffy) used a dead_boar 2-7-2021, 8:06:19 AM
MonkeyDLuffy(MonkeyDLuffy) used a dead_boar 2-7-2021, 8:06:19 AM
MonkeyDLuffy(MonkeyDLuffy) used a dead_boar 2-7-2021, 8:06:20 AM
MonkeyDLuffy(MonkeyDLuffy) used a dead_boar 2-7-2021, 8:06:20 AM
MonkeyDLuffy(MonkeyDLuffy) used a dead_boar 2-7-2021, 8:06:20 AM
MonkeyDLuffy(MonkeyDLuffy) used a dead_boar 2-7-2021, 8:06:20 AM
MonkeyDLuffy(MonkeyDLuffy) used a dead_boar 2-7-2021, 8:06:21 AM
MonkeyDLuffy(MonkeyDLuffy) used a dead_boar 2-7-2021, 8:06:21 AM
MonkeyDLuffy(MonkeyDLuffy) used a dead_boar 2-7-2021, 8:06:21 AM
MonkeyDLuffy(MonkeyDLuffy) used a dead_boar 2-7-2021, 8:06:21 AM
MonkeyDLuffy(MonkeyDLuffy) used a dead_boar 2-7-2021, 8:06:21 AM
MonkeyDLuffy(MonkeyDLuffy) used a dead_boar 2-7-2021, 8:06:22 AM
MonkeyDLuffy(MonkeyDLuffy) used a dead_boar 2-7-2021, 8:06:22 AM
MonkeyDLuffy(MonkeyDLuffy) used a dead_boar 2-7-2021, 8:06:22 AM
MonkeyDLuffy(MonkeyDLuffy) used a dead_boar 2-7-2021, 8:06:22 AM
MonkeyDLuffy(MonkeyDLuffy) used a dead_boar 2-7-2021, 8:06:23 AM
MonkeyDLuffy(MonkeyDLuffy) used a dead_boar 2-7-2021, 8:06:23 AM
MonkeyDLuffy(MonkeyDLuffy) used a dead_boar 2-7-2021, 8:06:23 AM
MonkeyDLuffy(MonkeyDLuffy) used a dead_boar 2-7-2021, 8:06:23 AM
MonkeyDLuffy(MonkeyDLuffy) used a dead_boar 2-7-2021, 8:06:24 AM
MonkeyDLuffy(MonkeyDLuffy) used a dead_boar 2-7-2021, 8:06:24 AM
MonkeyDLuffy(MonkeyDLuffy) used a dead_boar 2-7-2021, 8:06:24 AM
MonkeyDLuffy(MonkeyDLuffy) used a dead_boar 2-7-2021, 8:06:24 AM
MonkeyDLuffy(MonkeyDLuffy) used a dead_boar 2-7-2021, 8:06:25 AM
MonkeyDLuffy(MonkeyDLuffy) used a dead_boar 2-7-2021, 8:06:25 AM
MonkeyDLuffy(MonkeyDLuffy) used a dead_boar 2-7-2021, 8:06:25 AM
MonkeyDLuffy(MonkeyDLuffy) used a dead_boar 2-7-2021, 8:06:25 AM
MonkeyDLuffy(MonkeyDLuffy) used a dead_boar 2-7-2021, 8:06:26 AM
MonkeyDLuffy(MonkeyDLuffy) used a dead_boar 2-7-2021, 8:06:26 AM
MonkeyDLuffy(MonkeyDLuffy) used a dead_boar 2-7-2021, 8:06:26 AM
MonkeyDLuffy(MonkeyDLuffy) used a dead_boar 2-7-2021, 8:06:26 AM
MonkeyDLuffy(MonkeyDLuffy) used a dead_boar 2-7-2021, 8:06:27 AM
MonkeyDLuffy(MonkeyDLuffy) used a dead_boar 2-7-2021, 8:06:27 AM
MonkeyDLuffy(MonkeyDLuffy) used a dead_boar 2-7-2021, 8:06:27 AM
MonkeyDLuffy(MonkeyDLuffy) used a dead_boar 2-7-2021, 8:06:27 AM
MonkeyDLuffy(MonkeyDLuffy) used a dead_boar 2-7-2021, 8:06:27 AM
MonkeyDLuffy(MonkeyDLuffy) used a dead_boar 2-7-2021, 8:06:28 AM
MonkeyDLuffy(MonkeyDLuffy) used a dead_boar 2-7-2021, 8:06:28 AM
MonkeyDLuffy(MonkeyDLuffy) used a dead_boar 2-7-2021, 8:06:28 AM
MonkeyDLuffy(MonkeyDLuffy) used a dead_boar 2-7-2021, 8:06:28 AM
MonkeyDLuffy(MonkeyDLuffy) used a dead_boar 2-7-2021, 8:06:29 AM
MonkeyDLuffy(MonkeyDLuffy) used a dead_boar 2-7-2021, 8:06:29 AM
MonkeyDLuffy(MonkeyDLuffy) used a dead_boar 2-7-2021, 8:06:29 AM
MonkeyDLuffy(MonkeyDLuffy) used a dead_boar 2-7-2021, 8:06:29 AM
MonkeyDLuffy(MonkeyDLuffy) used a dead_boar 2-7-2021, 8:06:30 AM
MonkeyDLuffy(MonkeyDLuffy) used a dead_boar 2-7-2021, 8:06:30 AM
MonkeyDLuffy(MonkeyDLuffy) used a dead_boar 2-7-2021, 8:06:30 AM
MonkeyDLuffy(MonkeyDLuffy) used a dead_boar 2-7-2021, 8:06:30 AM
MonkeyDLuffy(MonkeyDLuffy) used a dead_boar 2-7-2021, 8:06:31 AM
MonkeyDLuffy(MonkeyDLuffy) used a dead_boar 2-7-2021, 8:06:31 AM
MonkeyDLuffy(MonkeyDLuffy) used a dead_boar 2-7-2021, 8:06:31 AM
MonkeyDLuffy(MonkeyDLuffy) used a dead_boar 2-7-2021, 8:06:31 AM
MonkeyDLuffy(MonkeyDLuffy) used a dead_boar 2-7-2021, 8:06:32 AM
MonkeyDLuffy(MonkeyDLuffy) used a dead_boar 2-7-2021, 8:06:32 AM
MonkeyDLuffy(MonkeyDLuffy) used a dead_boar 2-7-2021, 8:06:32 AM
MonkeyDLuffy(MonkeyDLuffy) used a dead_boar 2-7-2021, 8:06:32 AM
MonkeyDLuffy(MonkeyDLuffy) used a dead_boar 2-7-2021, 8:06:33 AM
MonkeyDLuffy(MonkeyDLuffy) used a dead_boar 2-7-2021, 8:06:33 AM
MonkeyDLuffy(MonkeyDLuffy) used a dead_boar 2-7-2021, 8:06:33 AM
MonkeyDLuffy(MonkeyDLuffy) used a dead_boar 2-7-2021, 8:06:33 AM
MonkeyDLuffy(MonkeyDLuffy) used a dead_boar 2-7-2021, 8:06:34 AM
MonkeyDLuffy(MonkeyDLuffy) used a dead_boar 2-7-2021, 8:06:34 AM
MonkeyDLuffy(MonkeyDLuffy) used a dead_boar 2-7-2021, 8:06:34 AM
MonkeyDLuffy(MonkeyDLuffy) used a dead_boar 2-7-2021, 8:06:34 AM
MonkeyDLuffy(MonkeyDLuffy) used a dead_boar 2-7-2021, 8:06:35 AM
MonkeyDLuffy(MonkeyDLuffy) used a dead_boar 2-7-2021, 8:06:35 AM
MonkeyDLuffy(MonkeyDLuffy) used a dead_boar 2-7-2021, 8:06:35 AM
MonkeyDLuffy(MonkeyDLuffy) used a dead_boar 2-7-2021, 8:06:35 AM
MonkeyDLuffy(MonkeyDLuffy) used a dead_boar 2-7-2021, 8:06:36 AM
MonkeyDLuffy(MonkeyDLuffy) used a dead_boar 2-7-2021, 8:06:36 AM
MonkeyDLuffy(MonkeyDLuffy) used a dead_boar 2-7-2021, 8:06:36 AM
MonkeyDLuffy(MonkeyDLuffy) used a dead_boar 2-7-2021, 8:06:37 AM
MonkeyDLuffy(MonkeyDLuffy) used a dead_boar 2-7-2021, 8:06:37 AM
MonkeyDLuffy(MonkeyDLuffy) used a dead_boar 2-7-2021, 8:06:37 AM
MonkeyDLuffy(MonkeyDLuffy) used a dead_boar 2-7-2021, 8:06:37 AM
MonkeyDLuffy(MonkeyDLuffy) used a dead_boar 2-7-2021, 8:06:38 AM
MonkeyDLuffy(MonkeyDLuffy) used a dead_boar 2-7-2021, 8:06:38 AM
MonkeyDLuffy(MonkeyDLuffy) used a dead_boar 2-7-2021, 8:06:38 AM
MonkeyDLuffy(MonkeyDLuffy) used a dead_boar 2-7-2021, 8:06:38 AM
MonkeyDLuffy(MonkeyDLuffy) used a dead_boar 2-7-2021, 8:06:38 AM
MonkeyDLuffy(MonkeyDLuffy) used a dead_boar 2-7-2021, 8:06:39 AM
MonkeyDLuffy(MonkeyDLuffy) used a dead_boar 2-7-2021, 8:06:39 AM
MonkeyDLuffy(MonkeyDLuffy) used a dead_boar 2-7-2021, 8:06:39 AM
MonkeyDLuffy(MonkeyDLuffy) used a dead_boar 2-7-2021, 8:06:39 AM
MonkeyDLuffy(MonkeyDLuffy) used a dead_boar 2-7-2021, 8:06:40 AM
MonkeyDLuffy(MonkeyDLuffy) used a dead_boar 2-7-2021, 8:06:40 AM
MonkeyDLuffy(MonkeyDLuffy) used a dead_boar 2-7-2021, 8:06:40 AM
MonkeyDLuffy(MonkeyDLuffy) used a dead_boar 2-7-2021, 8:06:40 AM
MonkeyDLuffy(MonkeyDLuffy) used a dead_boar 2-7-2021, 8:06:40 AM
MonkeyDLuffy(MonkeyDLuffy) used a dead_boar 2-7-2021, 8:06:41 AM
MonkeyDLuffy(MonkeyDLuffy) used a dead_boar 2-7-2021, 8:06:41 AM
MonkeyDLuffy(MonkeyDLuffy) used a dead_boar 2-7-2021, 8:06:41 AM
MonkeyDLuffy(MonkeyDLuffy) used a dead_boar 2-7-2021, 8:06:41 AM
MonkeyDLuffy(MonkeyDLuffy) used a dead_boar 2-7-2021, 8:06:42 AM
MonkeyDLuffy(MonkeyDLuffy) used a dead_boar 2-7-2021, 8:06:42 AM
MonkeyDLuffy(MonkeyDLuffy) used a dead_boar 2-7-2021, 8:06:42 AM
MonkeyDLuffy(MonkeyDLuffy) used a dead_boar 2-7-2021, 8:06:42 AM
MonkeyDLuffy(MonkeyDLuffy) used a dead_boar 2-7-2021, 8:06:43 AM
MonkeyDLuffy(MonkeyDLuffy) used a dead_boar 2-7-2021, 8:06:43 AM
MonkeyDLuffy(MonkeyDLuffy) used a dead_boar 2-7-2021, 8:06:43 AM
MonkeyDLuffy(MonkeyDLuffy) used a dead_boar 2-7-2021, 8:06:43 AM
MonkeyDLuffy(MonkeyDLuffy) used a dead_boar 2-7-2021, 8:06:43 AM
MonkeyDLuffy(MonkeyDLuffy) used a dead_boar 2-7-2021, 8:06:44 AM
MonkeyDLuffy(MonkeyDLuffy) used a dead_boar 2-7-2021, 8:06:44 AM
MonkeyDLuffy(MonkeyDLuffy) used a dead_boar 2-7-2021, 8:06:44 AM
MonkeyDLuffy(MonkeyDLuffy) used a dead_boar 2-7-2021, 8:06:44 AM
MonkeyDLuffy(MonkeyDLuffy) used a dead_boar 2-7-2021, 8:06:45 AM
MonkeyDLuffy(MonkeyDLuffy) used a dead_boar 2-7-2021, 8:06:45 AM
MonkeyDLuffy(MonkeyDLuffy) used a dead_boar 2-7-2021, 8:06:45 AM
MonkeyDLuffy(MonkeyDLuffy) used a dead_boar 2-7-2021, 8:06:45 AM
MonkeyDLuffy(MonkeyDLuffy) used a dead_boar 2-7-2021, 8:06:46 AM
MonkeyDLuffy(MonkeyDLuffy) used a dead_boar 2-7-2021, 8:06:46 AM
MonkeyDLuffy(MonkeyDLuffy) used a dead_boar 2-7-2021, 8:06:46 AM
MonkeyDLuffy(MonkeyDLuffy) used a dead_boar 2-7-2021, 8:06:46 AM
MonkeyDLuffy(MonkeyDLuffy) used a dead_boar 2-7-2021, 8:06:47 AM
MonkeyDLuffy(MonkeyDLuffy) used a dead_boar 2-7-2021, 8:06:47 AM
MonkeyDLuffy(MonkeyDLuffy) used a dead_boar 2-7-2021, 8:06:47 AM
MonkeyDLuffy(MonkeyDLuffy) used a dead_boar 2-7-2021, 8:06:47 AM
MonkeyDLuffy(MonkeyDLuffy) used a dead_boar 2-7-2021, 8:06:48 AM
MonkeyDLuffy(MonkeyDLuffy) used a dead_boar 2-7-2021, 8:06:48 AM
MonkeyDLuffy(MonkeyDLuffy) used a dead_boar 2-7-2021, 8:06:48 AM
MonkeyDLuffy(MonkeyDLuffy) used a dead_boar 2-7-2021, 8:06:49 AM
MonkeyDLuffy(MonkeyDLuffy) used a dead_boar 2-7-2021, 8:06:49 AM
MonkeyDLuffy(MonkeyDLuffy) used a dead_boar 2-7-2021, 8:06:49 AM
MonkeyDLuffy(MonkeyDLuffy) used a dead_boar 2-7-2021, 8:06:49 AM
MonkeyDLuffy(MonkeyDLuffy) used a dead_boar 2-7-2021, 8:06:49 AM
MonkeyDLuffy(MonkeyDLuffy) used a dead_boar 2-7-2021, 8:06:50 AM
MonkeyDLuffy(MonkeyDLuffy) used a dead_boar 2-7-2021, 8:06:50 AM
MonkeyDLuffy(MonkeyDLuffy) used a dead_boar 2-7-2021, 8:06:50 AM
MonkeyDLuffy(MonkeyDLuffy) used a dead_boar 2-7-2021, 8:06:50 AM
MonkeyDLuffy(MonkeyDLuffy) used a dead_boar 2-7-2021, 8:06:51 AM
MonkeyDLuffy(MonkeyDLuffy) used a dead_boar 2-7-2021, 8:06:51 AM
MonkeyDLuffy(MonkeyDLuffy) used a dead_boar 2-7-2021, 8:06:51 AM
MonkeyDLuffy(MonkeyDLuffy) used a dead_boar 2-7-2021, 8:06:51 AM
MonkeyDLuffy(MonkeyDLuffy) used a dead_boar 2-7-2021, 8:06:52 AM
MonkeyDLuffy(MonkeyDLuffy) used a dead_boar 2-7-2021, 8:06:52 AM
MonkeyDLuffy(MonkeyDLuffy) used a dead_boar 2-7-2021, 8:06:52 AM
MonkeyDLuffy(MonkeyDLuffy) used a dead_boar 2-7-2021, 8:06:52 AM
MonkeyDLuffy(MonkeyDLuffy) used a dead_boar 2-7-2021, 8:06:53 AM
MonkeyDLuffy(MonkeyDLuffy) used a dead_boar 2-7-2021, 8:06:53 AM
MonkeyDLuffy(MonkeyDLuffy) used a dead_boar 2-7-2021, 8:06:53 AM
MonkeyDLuffy(MonkeyDLuffy) used a dead_boar 2-7-2021, 8:06:53 AM
MonkeyDLuffy(MonkeyDLuffy) used a dead_boar 2-7-2021, 8:06:54 AM
MonkeyDLuffy(MonkeyDLuffy) used a dead_boar 2-7-2021, 8:06:54 AM
MonkeyDLuffy(MonkeyDLuffy) used a dead_boar 2-7-2021, 8:06:54 AM
MonkeyDLuffy(MonkeyDLuffy) used a dead_boar 2-7-2021, 8:06:54 AM
MonkeyDLuffy(MonkeyDLuffy) used a dead_boar 2-7-2021, 8:06:55 AM
MonkeyDLuffy(MonkeyDLuffy) used a dead_boar 2-7-2021, 8:06:55 AM
MonkeyDLuffy(MonkeyDLuffy) used a dead_boar 2-7-2021, 8:06:55 AM
MonkeyDLuffy(MonkeyDLuffy) used a dead_boar 2-7-2021, 8:06:55 AM
MonkeyDLuffy(MonkeyDLuffy) used a dead_boar 2-7-2021, 8:06:56 AM
MonkeyDLuffy(MonkeyDLuffy) used a dead_boar 2-7-2021, 8:06:56 AM
MonkeyDLuffy(MonkeyDLuffy) used a dead_boar 2-7-2021, 8:06:56 AM
MonkeyDLuffy(MonkeyDLuffy) used a dead_boar 2-7-2021, 8:06:56 AM
MonkeyDLuffy(MonkeyDLuffy) used a dead_boar 2-7-2021, 8:06:57 AM
MonkeyDLuffy(MonkeyDLuffy) used a dead_boar 2-7-2021, 8:06:57 AM
MonkeyDLuffy(MonkeyDLuffy) used a dead_boar 2-7-2021, 8:06:57 AM
MonkeyDLuffy(MonkeyDLuffy) used a dead_boar 2-7-2021, 8:06:57 AM
MonkeyDLuffy(MonkeyDLuffy) used a dead_boar 2-7-2021, 8:06:58 AM
MonkeyDLuffy(MonkeyDLuffy) used a dead_boar 2-7-2021, 8:06:58 AM
MonkeyDLuffy(MonkeyDLuffy) used a dead_boar 2-7-2021, 8:06:58 AM
MonkeyDLuffy(MonkeyDLuffy) used a dead_boar 2-7-2021, 8:06:58 AM
MonkeyDLuffy(MonkeyDLuffy) used a dead_boar 2-7-2021, 8:06:59 AM
MonkeyDLuffy(MonkeyDLuffy) used a dead_boar 2-7-2021, 8:06:59 AM
MonkeyDLuffy(MonkeyDLuffy) used a dead_boar 2-7-2021, 8:06:59 AM
MonkeyDLuffy(MonkeyDLuffy) used a dead_boar 2-7-2021, 8:06:59 AM
MonkeyDLuffy(MonkeyDLuffy) used a dead_boar 2-7-2021, 8:07:00 AM
MonkeyDLuffy(MonkeyDLuffy) used a dead_boar 2-7-2021, 8:07:00 AM
MonkeyDLuffy(MonkeyDLuffy) used a dead_boar 2-7-2021, 8:07:00 AM
MonkeyDLuffy(MonkeyDLuffy) used a dead_boar 2-7-2021, 8:07:00 AM
MonkeyDLuffy(MonkeyDLuffy) used a dead_boar 2-7-2021, 8:07:01 AM
MonkeyDLuffy(MonkeyDLuffy) used a dead_boar 2-7-2021, 8:07:01 AM
MonkeyDLuffy(MonkeyDLuffy) used a dead_boar 2-7-2021, 8:07:01 AM
MonkeyDLuffy(MonkeyDLuffy) used a dead_boar 2-7-2021, 8:07:01 AM
MonkeyDLuffy(MonkeyDLuffy) used a dead_boar 2-7-2021, 8:07:02 AM
MonkeyDLuffy(MonkeyDLuffy) used a dead_boar 2-7-2021, 8:07:02 AM
MonkeyDLuffy(MonkeyDLuffy) used a dead_boar 2-7-2021, 8:07:02 AM
MonkeyDLuffy(MonkeyDLuffy) used a dead_boar 2-7-2021, 8:07:02 AM
MonkeyDLuffy(MonkeyDLuffy) used a dead_boar 2-7-2021, 8:07:02 AM
MonkeyDLuffy(MonkeyDLuffy) used a dead_boar 2-7-2021, 8:07:03 AM
MonkeyDLuffy(MonkeyDLuffy) used a dead_boar 2-7-2021, 8:07:03 AM
MonkeyDLuffy(MonkeyDLuffy) used a dead_boar 2-7-2021, 8:07:03 AM
MonkeyDLuffy(MonkeyDLuffy) used a dead_boar 2-7-2021, 8:07:04 AM
MonkeyDLuffy(MonkeyDLuffy) used a dead_boar 2-7-2021, 8:07:04 AM
MonkeyDLuffy(MonkeyDLuffy) used a dead_boar 2-7-2021, 8:07:04 AM
MonkeyDLuffy(MonkeyDLuffy) used a dead_boar 2-7-2021, 8:07:04 AM
MonkeyDLuffy(MonkeyDLuffy) used a dead_boar 2-7-2021, 8:07:05 AM
MonkeyDLuffy(MonkeyDLuffy) used a dead_boar 2-7-2021, 8:07:05 AM
MonkeyDLuffy(MonkeyDLuffy) used a dead_boar 2-7-2021, 8:07:05 AM
MonkeyDLuffy(MonkeyDLuffy) used a dead_boar 2-7-2021, 8:07:05 AM
MonkeyDLuffy(MonkeyDLuffy) used a dead_boar 2-7-2021, 8:07:06 AM
MonkeyDLuffy(MonkeyDLuffy) used a dead_boar 2-7-2021, 8:07:06 AM
MonkeyDLuffy(MonkeyDLuffy) used a dead_boar 2-7-2021, 8:07:06 AM
MonkeyDLuffy(MonkeyDLuffy) used a dead_boar 2-7-2021, 8:07:06 AM
MonkeyDLuffy(MonkeyDLuffy) used a dead_boar 2-7-2021, 8:07:06 AM
MonkeyDLuffy(MonkeyDLuffy) used a dead_boar 2-7-2021, 8:07:07 AM
MonkeyDLuffy(MonkeyDLuffy) used a dead_boar 2-7-2021, 8:07:07 AM
MonkeyDLuffy(MonkeyDLuffy) used a dead_boar 2-7-2021, 8:07:07 AM
MonkeyDLuffy(MonkeyDLuffy) used a dead_boar 2-7-2021, 8:07:07 AM
MonkeyDLuffy(MonkeyDLuffy) used a dead_boar 2-7-2021, 8:07:08 AM
MonkeyDLuffy(MonkeyDLuffy) used a dead_boar 2-7-2021, 8:07:08 AM
MonkeyDLuffy(MonkeyDLuffy) used a dead_boar 2-7-2021, 8:07:08 AM
MonkeyDLuffy(MonkeyDLuffy) used a dead_boar 2-7-2021, 8:07:08 AM
MonkeyDLuffy(MonkeyDLuffy) used a dead_boar 2-7-2021, 8:07:09 AM
MonkeyDLuffy(MonkeyDLuffy) used a dead_boar 2-7-2021, 8:07:09 AM
MonkeyDLuffy(MonkeyDLuffy) used a dead_boar 2-7-2021, 8:07:09 AM
MonkeyDLuffy(MonkeyDLuffy) used a dead_boar 2-7-2021, 8:07:09 AM
MonkeyDLuffy(MonkeyDLuffy) used a dead_boar 2-7-2021, 8:07:09 AM
MonkeyDLuffy(MonkeyDLuffy) used a dead_boar 2-7-2021, 8:07:10 AM
MonkeyDLuffy(MonkeyDLuffy) used a dead_boar 2-7-2021, 8:07:10 AM
MonkeyDLuffy(MonkeyDLuffy) used a dead_boar 2-7-2021, 8:07:10 AM
MonkeyDLuffy(MonkeyDLuffy) used a dead_boar 2-7-2021, 8:07:10 AM
MonkeyDLuffy(MonkeyDLuffy) used a dead_boar 2-7-2021, 8:07:11 AM
MonkeyDLuffy(MonkeyDLuffy) used a dead_boar 2-7-2021, 8:07:11 AM
MonkeyDLuffy(MonkeyDLuffy) used a dead_boar 2-7-2021, 8:07:11 AM
MonkeyDLuffy(MonkeyDLuffy) used a dead_boar 2-7-2021, 8:07:11 AM
MonkeyDLuffy(MonkeyDLuffy) used a dead_boar 2-7-2021, 8:07:12 AM
MonkeyDLuffy(MonkeyDLuffy) used a dead_boar 2-7-2021, 8:07:12 AM
MonkeyDLuffy(MonkeyDLuffy) used a dead_boar 2-7-2021, 8:07:12 AM
MonkeyDLuffy(MonkeyDLuffy) used a dead_boar 2-7-2021, 8:07:12 AM
MonkeyDLuffy(MonkeyDLuffy) used a dead_boar 2-7-2021, 8:07:12 AM
MonkeyDLuffy(MonkeyDLuffy) used a dead_boar 2-7-2021, 8:07:13 AM
MonkeyDLuffy(MonkeyDLuffy) used a dead_boar 2-7-2021, 8:07:13 AM
MonkeyDLuffy(MonkeyDLuffy) used a dead_boar 2-7-2021, 8:07:13 AM
MonkeyDLuffy(MonkeyDLuffy) used a dead_boar 2-7-2021, 8:07:13 AM
MonkeyDLuffy(MonkeyDLuffy) used a dead_boar 2-7-2021, 8:07:14 AM
MonkeyDLuffy(MonkeyDLuffy) used a dead_boar 2-7-2021, 8:07:14 AM
MonkeyDLuffy(MonkeyDLuffy) used a dead_boar 2-7-2021, 8:07:14 AM
MonkeyDLuffy(MonkeyDLuffy) used a dead_boar 2-7-2021, 8:07:14 AM
MonkeyDLuffy(MonkeyDLuffy) used a dead_boar 2-7-2021, 8:07:15 AM
MonkeyDLuffy(MonkeyDLuffy) used a dead_boar 2-7-2021, 8:07:15 AM
MonkeyDLuffy(MonkeyDLuffy) used a dead_boar 2-7-2021, 8:07:15 AM
MonkeyDLuffy(MonkeyDLuffy) used a dead_boar 2-7-2021, 8:07:15 AM
MonkeyDLuffy(MonkeyDLuffy) used a dead_boar 2-7-2021, 8:07:15 AM
MonkeyDLuffy(MonkeyDLuffy) used a dead_boar 2-7-2021, 8:07:16 AM
MonkeyDLuffy(MonkeyDLuffy) used a dead_boar 2-7-2021, 8:07:16 AM
MonkeyDLuffy(MonkeyDLuffy) used a dead_boar 2-7-2021, 8:07:16 AM
MonkeyDLuffy(MonkeyDLuffy) used a dead_boar 2-7-2021, 8:07:16 AM
MonkeyDLuffy(MonkeyDLuffy) used a dead_boar 2-7-2021, 8:07:17 AM
MonkeyDLuffy(MonkeyDLuffy) used a dead_boar 2-7-2021, 8:07:17 AM
MonkeyDLuffy(MonkeyDLuffy) used a dead_boar 2-7-2021, 8:07:17 AM
MonkeyDLuffy(MonkeyDLuffy) used a dead_boar 2-7-2021, 8:07:18 AM
MonkeyDLuffy(MonkeyDLuffy) used a dead_boar 2-7-2021, 8:07:18 AM
MonkeyDLuffy(MonkeyDLuffy) used a dead_boar 2-7-2021, 8:07:18 AM
MonkeyDLuffy(MonkeyDLuffy) used a dead_boar 2-7-2021, 8:07:18 AM
MonkeyDLuffy(MonkeyDLuffy) used a dead_boar 2-7-2021, 8:07:18 AM
MonkeyDLuffy(MonkeyDLuffy) used a dead_boar 2-7-2021, 8:07:19 AM
MonkeyDLuffy(MonkeyDLuffy) used a dead_boar 2-7-2021, 8:07:19 AM
MonkeyDLuffy(MonkeyDLuffy) used a dead_boar 2-7-2021, 8:07:19 AM
MonkeyDLuffy(MonkeyDLuffy) used a dead_boar 2-7-2021, 8:07:19 AM
MonkeyDLuffy(MonkeyDLuffy) used a dead_boar 2-7-2021, 8:07:20 AM
MonkeyDLuffy(MonkeyDLuffy) used a dead_boar 2-7-2021, 8:07:20 AM
MonkeyDLuffy(MonkeyDLuffy) used a dead_boar 2-7-2021, 8:07:20 AM
MonkeyDLuffy(MonkeyDLuffy) used a dead_boar 2-7-2021, 8:07:20 AM
MonkeyDLuffy(MonkeyDLuffy) used a dead_boar 2-7-2021, 8:07:21 AM
MonkeyDLuffy(MonkeyDLuffy) used a dead_boar 2-7-2021, 8:07:21 AM
MonkeyDLuffy(MonkeyDLuffy) used a dead_boar 2-7-2021, 8:07:21 AM
MonkeyDLuffy(MonkeyDLuffy) used a dead_boar 2-7-2021, 8:07:21 AM
MonkeyDLuffy(MonkeyDLuffy) used a dead_boar 2-7-2021, 8:07:22 AM
MonkeyDLuffy(MonkeyDLuffy) used a dead_boar 2-7-2021, 8:07:22 AM
MonkeyDLuffy(MonkeyDLuffy) used a dead_boar 2-7-2021, 8:07:22 AM
MonkeyDLuffy(MonkeyDLuffy) used a dead_boar 2-7-2021, 8:07:22 AM
MonkeyDLuffy(MonkeyDLuffy) used a dead_boar 2-7-2021, 8:07:23 AM
MonkeyDLuffy(MonkeyDLuffy) used a dead_boar 2-7-2021, 8:07:23 AM
MonkeyDLuffy(MonkeyDLuffy) used a dead_boar 2-7-2021, 8:07:23 AM
MonkeyDLuffy(MonkeyDLuffy) used a dead_boar 2-7-2021, 8:07:23 AM
MonkeyDLuffy(MonkeyDLuffy) used a dead_boar 2-7-2021, 8:07:24 AM
MonkeyDLuffy(MonkeyDLuffy) used a dead_boar 2-7-2021, 8:07:24 AM
MonkeyDLuffy(MonkeyDLuffy) used a dead_boar 2-7-2021, 8:07:24 AM
MonkeyDLuffy(MonkeyDLuffy) used a dead_boar 2-7-2021, 8:07:24 AM
MonkeyDLuffy(MonkeyDLuffy) used a dead_boar 2-7-2021, 8:07:25 AM
MonkeyDLuffy(MonkeyDLuffy) used a dead_boar 2-7-2021, 8:07:25 AM
MonkeyDLuffy(MonkeyDLuffy) used a dead_boar 2-7-2021, 8:07:25 AM
MonkeyDLuffy(MonkeyDLuffy) used a dead_boar 2-7-2021, 8:07:25 AM
MonkeyDLuffy(MonkeyDLuffy) used a dead_boar 2-7-2021, 8:07:26 AM
MonkeyDLuffy(MonkeyDLuffy) used a dead_boar 2-7-2021, 8:07:26 AM
MonkeyDLuffy(MonkeyDLuffy) used a dead_boar 2-7-2021, 8:07:26 AM
MonkeyDLuffy(MonkeyDLuffy) used a dead_boar 2-7-2021, 8:07:26 AM
MonkeyDLuffy(MonkeyDLuffy) used a dead_boar 2-7-2021, 8:07:27 AM
MonkeyDLuffy(MonkeyDLuffy) used a dead_boar 2-7-2021, 8:07:27 AM
MonkeyDLuffy(MonkeyDLuffy) used a dead_boar 2-7-2021, 8:07:27 AM
MonkeyDLuffy(MonkeyDLuffy) used a dead_boar 2-7-2021, 8:07:27 AM
MonkeyDLuffy(MonkeyDLuffy) used a dead_boar 2-7-2021, 8:07:28 AM
MonkeyDLuffy(MonkeyDLuffy) used a dead_boar 2-7-2021, 8:07:28 AM
MonkeyDLuffy(MonkeyDLuffy) used a dead_boar 2-7-2021, 8:07:28 AM
MonkeyDLuffy(MonkeyDLuffy) used a dead_boar 2-7-2021, 8:07:28 AM
MonkeyDLuffy(MonkeyDLuffy) used a dead_boar 2-7-2021, 8:07:29 AM
MonkeyDLuffy(MonkeyDLuffy) used a dead_boar 2-7-2021, 8:07:29 AM
MonkeyDLuffy(MonkeyDLuffy) used a dead_boar 2-7-2021, 8:07:29 AM
MonkeyDLuffy(MonkeyDLuffy) used a dead_boar 2-7-2021, 8:07:29 AM
MonkeyDLuffy(MonkeyDLuffy) used a dead_boar 2-7-2021, 8:07:30 AM
MonkeyDLuffy(MonkeyDLuffy) used a dead_bear 2-7-2021, 8:07:38 AM
MonkeyDLuffy(MonkeyDLuffy) used a dead_bear 2-7-2021, 8:07:38 AM
MonkeyDLuffy(MonkeyDLuffy) used a dead_bear 2-7-2021, 8:07:39 AM
MonkeyDLuffy(MonkeyDLuffy) used a dead_bear 2-7-2021, 8:07:39 AM
MonkeyDLuffy(MonkeyDLuffy) used a dead_bear 2-7-2021, 8:07:39 AM
MonkeyDLuffy(MonkeyDLuffy) used a dead_bear 2-7-2021, 8:07:39 AM
MonkeyDLuffy(MonkeyDLuffy) used a dead_bear 2-7-2021, 8:07:40 AM
MonkeyDLuffy(MonkeyDLuffy) used a dead_bear 2-7-2021, 8:07:40 AM
MonkeyDLuffy(MonkeyDLuffy) used a dead_bear 2-7-2021, 8:07:40 AM
MonkeyDLuffy(MonkeyDLuffy) used a dead_bear 2-7-2021, 8:07:40 AM
MonkeyDLuffy(MonkeyDLuffy) used a dead_bear 2-7-2021, 8:07:40 AM
MonkeyDLuffy(MonkeyDLuffy) used a dead_bear 2-7-2021, 8:07:40 AM
MonkeyDLuffy(MonkeyDLuffy) used a dead_bear 2-7-2021, 8:07:41 AM
MonkeyDLuffy(MonkeyDLuffy) used a dead_bear 2-7-2021, 8:07:41 AM
MonkeyDLuffy(MonkeyDLuffy) used a dead_bear 2-7-2021, 8:07:41 AM
MonkeyDLuffy(MonkeyDLuffy) used a dead_bear 2-7-2021, 8:07:41 AM
MonkeyDLuffy(MonkeyDLuffy) used a dead_bear 2-7-2021, 8:07:41 AM
MonkeyDLuffy(MonkeyDLuffy) used a dead_bear 2-7-2021, 8:07:42 AM
MonkeyDLuffy(MonkeyDLuffy) used a dead_bear 2-7-2021, 8:07:42 AM
MonkeyDLuffy(MonkeyDLuffy) used a dead_bear 2-7-2021, 8:07:42 AM
MonkeyDLuffy(MonkeyDLuffy) used a dead_bear 2-7-2021, 8:07:42 AM
MonkeyDLuffy(MonkeyDLuffy) used a dead_bear 2-7-2021, 8:07:43 AM
MonkeyDLuffy(MonkeyDLuffy) used a dead_bear 2-7-2021, 8:07:43 AM
MonkeyDLuffy(MonkeyDLuffy) used a dead_bear 2-7-2021, 8:07:43 AM
MonkeyDLuffy(MonkeyDLuffy) used a dead_bear 2-7-2021, 8:07:43 AM
MonkeyDLuffy(MonkeyDLuffy) used a dead_bear 2-7-2021, 8:07:44 AM
MonkeyDLuffy(MonkeyDLuffy) used a dead_bear 2-7-2021, 8:07:44 AM
MonkeyDLuffy(MonkeyDLuffy) used a dead_bear 2-7-2021, 8:07:44 AM
MonkeyDLuffy(MonkeyDLuffy) used a dead_bear 2-7-2021, 8:07:45 AM
MonkeyDLuffy(MonkeyDLuffy) used a dead_bear 2-7-2021, 8:07:45 AM
MonkeyDLuffy(MonkeyDLuffy) used a dead_bear 2-7-2021, 8:07:46 AM
MonkeyDLuffy(MonkeyDLuffy) used a dead_bear 2-7-2021, 8:07:46 AM
MonkeyDLuffy(MonkeyDLuffy) used a dead_bear 2-7-2021, 8:07:47 AM
MonkeyDLuffy(MonkeyDLuffy) used a dead_bear 2-7-2021, 8:07:47 AM
MonkeyDLuffy(MonkeyDLuffy) used a dead_bear 2-7-2021, 8:07:48 AM
MonkeyDLuffy(MonkeyDLuffy) used a dead_bear 2-7-2021, 8:07:48 AM
MonkeyDLuffy(MonkeyDLuffy) used a dead_bear 2-7-2021, 8:07:49 AM
MonkeyDLuffy(MonkeyDLuffy) used a dead_bear 2-7-2021, 8:07:49 AM
MonkeyDLuffy(MonkeyDLuffy) used a dead_bear 2-7-2021, 8:07:50 AM
MonkeyDLuffy(MonkeyDLuffy) used a dead_bear 2-7-2021, 8:07:50 AM
MonkeyDLuffy(MonkeyDLuffy) used a dead_bear 2-7-2021, 8:07:51 AM
MonkeyDLuffy(MonkeyDLuffy) used a dead_bear 2-7-2021, 8:07:51 AM
MonkeyDLuffy(MonkeyDLuffy) used a dead_bear 2-7-2021, 8:07:52 AM
MonkeyDLuffy(MonkeyDLuffy) used a dead_bear 2-7-2021, 8:07:52 AM
MonkeyDLuffy(MonkeyDLuffy) used a dead_bear 2-7-2021, 8:07:53 AM
MonkeyDLuffy(MonkeyDLuffy) used a dead_bear 2-7-2021, 8:07:53 AM
MonkeyDLuffy(MonkeyDLuffy) used a dead_bear 2-7-2021, 8:07:54 AM
MonkeyDLuffy(MonkeyDLuffy) used a dead_bear 2-7-2021, 8:07:55 AM
MonkeyDLuffy(MonkeyDLuffy) used a dead_bear 2-7-2021, 8:07:55 AM
MonkeyDLuffy(MonkeyDLuffy) used a dead_bear 2-7-2021, 8:07:55 AM
MonkeyDLuffy(MonkeyDLuffy) used a dead_bear 2-7-2021, 8:07:56 AM
MonkeyDLuffy(MonkeyDLuffy) used a dead_bear 2-7-2021, 8:07:56 AM
MonkeyDLuffy(MonkeyDLuffy) used a dead_bear 2-7-2021, 8:07:57 AM
MonkeyDLuffy(MonkeyDLuffy) used a dead_bear 2-7-2021, 8:07:57 AM
MonkeyDLuffy(MonkeyDLuffy) used a dead_bear 2-7-2021, 8:07:58 AM
MonkeyDLuffy(MonkeyDLuffy) used a dead_bear 2-7-2021, 8:07:58 AM
MonkeyDLuffy(MonkeyDLuffy) used a dead_bear 2-7-2021, 8:07:58 AM
MonkeyDLuffy(MonkeyDLuffy) used a dead_bear 2-7-2021, 8:07:59 AM
MonkeyDLuffy(MonkeyDLuffy) used a dead_bear 2-7-2021, 8:07:59 AM
MonkeyDLuffy(MonkeyDLuffy) used a dead_bear 2-7-2021, 8:08:00 AM
MonkeyDLuffy(MonkeyDLuffy) used a dead_bear 2-7-2021, 8:08:00 AM
MonkeyDLuffy(MonkeyDLuffy) used a dead_bear 2-7-2021, 8:08:01 AM
MonkeyDLuffy(MonkeyDLuffy) used a dead_bear 2-7-2021, 8:08:01 AM
MonkeyDLuffy(MonkeyDLuffy) used a dead_bear 2-7-2021, 8:08:01 AM
MonkeyDLuffy(MonkeyDLuffy) used a dead_bear 2-7-2021, 8:08:02 AM
MonkeyDLuffy(MonkeyDLuffy) used a dead_bear 2-7-2021, 8:08:02 AM
MonkeyDLuffy(MonkeyDLuffy) used a dead_bear 2-7-2021, 8:08:02 AM
MonkeyDLuffy(MonkeyDLuffy) used a dead_bear 2-7-2021, 8:08:03 AM
MonkeyDLuffy(MonkeyDLuffy) used a dead_bear 2-7-2021, 8:08:03 AM
MonkeyDLuffy(MonkeyDLuffy) used a dead_bear 2-7-2021, 8:08:03 AM
MonkeyDLuffy(MonkeyDLuffy) used a dead_bear 2-7-2021, 8:08:03 AM
MonkeyDLuffy(MonkeyDLuffy) used a dead_bear 2-7-2021, 8:08:04 AM
MonkeyDLuffy(MonkeyDLuffy) used a dead_bear 2-7-2021, 8:08:04 AM
MonkeyDLuffy(MonkeyDLuffy) used a dead_bear 2-7-2021, 8:08:04 AM
MonkeyDLuffy(MonkeyDLuffy) used a dead_bear 2-7-2021, 8:08:04 AM
MonkeyDLuffy(MonkeyDLuffy) used a dead_bear 2-7-2021, 8:08:05 AM
MonkeyDLuffy(MonkeyDLuffy) used a dead_bear 2-7-2021, 8:08:05 AM
MonkeyDLuffy(MonkeyDLuffy) used a dead_bear 2-7-2021, 8:08:05 AM
MonkeyDLuffy(MonkeyDLuffy) used a dead_bear 2-7-2021, 8:08:06 AM
MonkeyDLuffy(MonkeyDLuffy) used a dead_bear 2-7-2021, 8:08:06 AM
MonkeyDLuffy(MonkeyDLuffy) used a dead_bear 2-7-2021, 8:08:06 AM
MonkeyDLuffy(MonkeyDLuffy) used a dead_bear 2-7-2021, 8:08:06 AM
MonkeyDLuffy(MonkeyDLuffy) used a dead_bear 2-7-2021, 8:08:06 AM
MonkeyDLuffy(MonkeyDLuffy) used a dead_bear 2-7-2021, 8:08:07 AM
MonkeyDLuffy(MonkeyDLuffy) used a dead_bear 2-7-2021, 8:08:07 AM
MonkeyDLuffy(MonkeyDLuffy) used a dead_bear 2-7-2021, 8:08:07 AM
MonkeyDLuffy(MonkeyDLuffy) used a dead_bear 2-7-2021, 8:08:07 AM
MonkeyDLuffy(MonkeyDLuffy) used a dead_bear 2-7-2021, 8:08:08 AM
MonkeyDLuffy(MonkeyDLuffy) used a dead_bear 2-7-2021, 8:08:08 AM
MonkeyDLuffy(MonkeyDLuffy) used a dead_bear 2-7-2021, 8:08:08 AM
MonkeyDLuffy(MonkeyDLuffy) used a dead_bear 2-7-2021, 8:08:09 AM
MonkeyDLuffy(MonkeyDLuffy) used a dead_bear 2-7-2021, 8:08:09 AM
MonkeyDLuffy(MonkeyDLuffy) used a dead_bear 2-7-2021, 8:08:09 AM
MonkeyDLuffy(MonkeyDLuffy) used a dead_bear 2-7-2021, 8:08:09 AM
MonkeyDLuffy(MonkeyDLuffy) used a dead_bear 2-7-2021, 8:08:09 AM
MonkeyDLuffy(MonkeyDLuffy) used a dead_bear 2-7-2021, 8:08:10 AM
MonkeyDLuffy(MonkeyDLuffy) used a dead_bear 2-7-2021, 8:08:10 AM
MonkeyDLuffy(MonkeyDLuffy) used a dead_bear 2-7-2021, 8:08:10 AM
MonkeyDLuffy(MonkeyDLuffy) used a dead_bear 2-7-2021, 8:08:10 AM
MonkeyDLuffy(MonkeyDLuffy) used a dead_bear 2-7-2021, 8:08:11 AM
MonkeyDLuffy(MonkeyDLuffy) used a dead_bear 2-7-2021, 8:08:11 AM
MonkeyDLuffy(MonkeyDLuffy) used a dead_bear 2-7-2021, 8:08:11 AM
MonkeyDLuffy(MonkeyDLuffy) used a dead_bear 2-7-2021, 8:08:11 AM
MonkeyDLuffy(MonkeyDLuffy) used a dead_bear 2-7-2021, 8:08:12 AM
MonkeyDLuffy(MonkeyDLuffy) used a dead_bear 2-7-2021, 8:08:12 AM
MonkeyDLuffy(MonkeyDLuffy) used a dead_bear 2-7-2021, 8:08:12 AM
MonkeyDLuffy(MonkeyDLuffy) used a dead_bear 2-7-2021, 8:08:12 AM
MonkeyDLuffy(MonkeyDLuffy) used a dead_bear 2-7-2021, 8:08:13 AM
MonkeyDLuffy(MonkeyDLuffy) used a dead_bear 2-7-2021, 8:08:13 AM
MonkeyDLuffy(MonkeyDLuffy) used a dead_bear 2-7-2021, 8:08:13 AM
MonkeyDLuffy(MonkeyDLuffy) used a dead_bear 2-7-2021, 8:08:13 AM
MonkeyDLuffy(MonkeyDLuffy) used a dead_bear 2-7-2021, 8:08:14 AM
MonkeyDLuffy(MonkeyDLuffy) used a dead_bear 2-7-2021, 8:08:14 AM
MonkeyDLuffy(MonkeyDLuffy) used a dead_bear 2-7-2021, 8:08:14 AM
MonkeyDLuffy(MonkeyDLuffy) used a dead_bear 2-7-2021, 8:08:14 AM
MonkeyDLuffy(MonkeyDLuffy) used a dead_bear 2-7-2021, 8:08:15 AM
MonkeyDLuffy(MonkeyDLuffy) used a dead_bear 2-7-2021, 8:08:15 AM
MonkeyDLuffy(MonkeyDLuffy) used a dead_bear 2-7-2021, 8:08:15 AM
MonkeyDLuffy(MonkeyDLuffy) used a dead_bear 2-7-2021, 8:08:15 AM
MonkeyDLuffy(MonkeyDLuffy) used a dead_bear 2-7-2021, 8:08:15 AM
MonkeyDLuffy(MonkeyDLuffy) used a dead_bear 2-7-2021, 8:08:16 AM
MonkeyDLuffy(MonkeyDLuffy) used a dead_bear 2-7-2021, 8:08:16 AM
MonkeyDLuffy(MonkeyDLuffy) used a dead_bear 2-7-2021, 8:08:16 AM
MonkeyDLuffy(MonkeyDLuffy) used a dead_bear 2-7-2021, 8:08:17 AM
MonkeyDLuffy(MonkeyDLuffy) used a dead_bear 2-7-2021, 8:08:17 AM
MonkeyDLuffy(MonkeyDLuffy) used a dead_bear 2-7-2021, 8:08:17 AM
MonkeyDLuffy(MonkeyDLuffy) used a dead_bear 2-7-2021, 8:08:17 AM
MonkeyDLuffy(MonkeyDLuffy) used a dead_bear 2-7-2021, 8:08:18 AM
MonkeyDLuffy(MonkeyDLuffy) used a dead_bear 2-7-2021, 8:08:18 AM
MonkeyDLuffy(MonkeyDLuffy) used a dead_bear 2-7-2021, 8:08:18 AM
MonkeyDLuffy(MonkeyDLuffy) used a dead_bear 2-7-2021, 8:08:18 AM
MonkeyDLuffy(MonkeyDLuffy) used a dead_bear 2-7-2021, 8:08:19 AM
MonkeyDLuffy(MonkeyDLuffy) used a dead_bear 2-7-2021, 8:08:19 AM
MonkeyDLuffy(MonkeyDLuffy) used a dead_bear 2-7-2021, 8:08:19 AM
MonkeyDLuffy(MonkeyDLuffy) used a dead_bear 2-7-2021, 8:08:19 AM
MonkeyDLuffy(MonkeyDLuffy) used a dead_bear 2-7-2021, 8:08:20 AM
MonkeyDLuffy(MonkeyDLuffy) used a dead_bear 2-7-2021, 8:08:20 AM
MonkeyDLuffy(MonkeyDLuffy) used a dead_bear 2-7-2021, 8:08:20 AM
MonkeyDLuffy(MonkeyDLuffy) used a dead_bear 2-7-2021, 8:08:20 AM
MonkeyDLuffy(MonkeyDLuffy) used a dead_bear 2-7-2021, 8:08:21 AM
MonkeyDLuffy(MonkeyDLuffy) used a dead_bear 2-7-2021, 8:08:21 AM
MonkeyDLuffy(MonkeyDLuffy) used a dead_bear 2-7-2021, 8:08:21 AM
MonkeyDLuffy(MonkeyDLuffy) used a dead_bear 2-7-2021, 8:08:22 AM
MonkeyDLuffy(MonkeyDLuffy) used a dead_bear 2-7-2021, 8:08:22 AM
MonkeyDLuffy(MonkeyDLuffy) used a dead_bear 2-7-2021, 8:08:22 AM
MonkeyDLuffy(MonkeyDLuffy) used a dead_bear 2-7-2021, 8:08:22 AM
MonkeyDLuffy(MonkeyDLuffy) used a dead_bear 2-7-2021, 8:08:23 AM
MonkeyDLuffy(MonkeyDLuffy) used a dead_bear 2-7-2021, 8:08:23 AM
MonkeyDLuffy(MonkeyDLuffy) used a dead_bear 2-7-2021, 8:08:23 AM
MonkeyDLuffy(MonkeyDLuffy) used a dead_bear 2-7-2021, 8:08:23 AM
MonkeyDLuffy(MonkeyDLuffy) used a dead_bear 2-7-2021, 8:08:24 AM
MonkeyDLuffy(MonkeyDLuffy) used a dead_bear 2-7-2021, 8:08:24 AM
MonkeyDLuffy(MonkeyDLuffy) used a dead_bear 2-7-2021, 8:08:24 AM
MonkeyDLuffy(MonkeyDLuffy) used a dead_bear 2-7-2021, 8:08:24 AM
MonkeyDLuffy(MonkeyDLuffy) used a dead_bear 2-7-2021, 8:08:25 AM
MonkeyDLuffy(MonkeyDLuffy) used a dead_bear 2-7-2021, 8:08:25 AM
MonkeyDLuffy(MonkeyDLuffy) used a dead_bear 2-7-2021, 8:08:26 AM
MonkeyDLuffy(MonkeyDLuffy) used a dead_bear 2-7-2021, 8:08:26 AM
MonkeyDLuffy(MonkeyDLuffy) used a dead_bear 2-7-2021, 8:08:26 AM
MonkeyDLuffy(MonkeyDLuffy) used a dead_bear 2-7-2021, 8:08:26 AM
MonkeyDLuffy(MonkeyDLuffy) used a dead_bear 2-7-2021, 8:08:26 AM
MonkeyDLuffy(MonkeyDLuffy) used a dead_bear 2-7-2021, 8:08:27 AM
MonkeyDLuffy(MonkeyDLuffy) used a dead_bear 2-7-2021, 8:08:27 AM
MonkeyDLuffy(MonkeyDLuffy) used a dead_bear 2-7-2021, 8:08:27 AM
MonkeyDLuffy(MonkeyDLuffy) used a dead_bear 2-7-2021, 8:08:27 AM
MonkeyDLuffy(MonkeyDLuffy) used a dead_bear 2-7-2021, 8:08:28 AM
MonkeyDLuffy(MonkeyDLuffy) used a dead_bear 2-7-2021, 8:08:28 AM
MonkeyDLuffy(MonkeyDLuffy) used a dead_bear 2-7-2021, 8:08:28 AM
MonkeyDLuffy(MonkeyDLuffy) used a dead_bear 2-7-2021, 8:08:29 AM
MonkeyDLuffy(MonkeyDLuffy) used a dead_bear 2-7-2021, 8:08:29 AM
MonkeyDLuffy(MonkeyDLuffy) used a dead_bear 2-7-2021, 8:08:29 AM
MonkeyDLuffy(MonkeyDLuffy) used a dead_bear 2-7-2021, 8:08:29 AM
MonkeyDLuffy(MonkeyDLuffy) used a dead_bear 2-7-2021, 8:08:30 AM
MonkeyDLuffy(MonkeyDLuffy) used a dead_bear 2-7-2021, 8:08:30 AM
MonkeyDLuffy(MonkeyDLuffy) used a dead_bear 2-7-2021, 8:08:30 AM
MonkeyDLuffy(MonkeyDLuffy) used a dead_bear 2-7-2021, 8:08:30 AM
MonkeyDLuffy(MonkeyDLuffy) used a dead_bear 2-7-2021, 8:08:31 AM
MonkeyDLuffy(MonkeyDLuffy) used a dead_bear 2-7-2021, 8:08:31 AM
MonkeyDLuffy(MonkeyDLuffy) used a dead_bear 2-7-2021, 8:08:31 AM
MonkeyDLuffy(MonkeyDLuffy) used a dead_bear 2-7-2021, 8:08:31 AM
MonkeyDLuffy(MonkeyDLuffy) used a dead_bear 2-7-2021, 8:08:32 AM
MonkeyDLuffy(MonkeyDLuffy) used a dead_bear 2-7-2021, 8:08:32 AM
MonkeyDLuffy(MonkeyDLuffy) used a dead_bear 2-7-2021, 8:08:32 AM
MonkeyDLuffy(MonkeyDLuffy) used a dead_bear 2-7-2021, 8:08:32 AM
MonkeyDLuffy(MonkeyDLuffy) used a dead_bear 2-7-2021, 8:08:33 AM
MonkeyDLuffy(MonkeyDLuffy) used a dead_bear 2-7-2021, 8:08:33 AM
MonkeyDLuffy(MonkeyDLuffy) used a dead_bear 2-7-2021, 8:08:33 AM
MonkeyDLuffy(MonkeyDLuffy) used a dead_bear 2-7-2021, 8:08:33 AM
MonkeyDLuffy(MonkeyDLuffy) used a dead_bear 2-7-2021, 8:08:34 AM
MonkeyDLuffy(MonkeyDLuffy) used a dead_bear 2-7-2021, 8:08:34 AM
MonkeyDLuffy(MonkeyDLuffy) used a dead_bear 2-7-2021, 8:08:34 AM
MonkeyDLuffy(MonkeyDLuffy) used a dead_bear 2-7-2021, 8:08:35 AM
MonkeyDLuffy(MonkeyDLuffy) used a dead_bear 2-7-2021, 8:08:35 AM
MonkeyDLuffy(MonkeyDLuffy) used a dead_bear 2-7-2021, 8:08:35 AM
MonkeyDLuffy(MonkeyDLuffy) used a dead_bear 2-7-2021, 8:08:35 AM
MonkeyDLuffy(MonkeyDLuffy) used a dead_bear 2-7-2021, 8:08:36 AM
MonkeyDLuffy(MonkeyDLuffy) used a dead_bear 2-7-2021, 8:08:36 AM
MonkeyDLuffy(MonkeyDLuffy) used a dead_bear 2-7-2021, 8:08:36 AM
MonkeyDLuffy(MonkeyDLuffy) used a dead_bear 2-7-2021, 8:08:36 AM
MonkeyDLuffy(MonkeyDLuffy) used a dead_bear 2-7-2021, 8:08:37 AM
MonkeyDLuffy(MonkeyDLuffy) used a dead_bear 2-7-2021, 8:08:37 AM
MonkeyDLuffy(MonkeyDLuffy) used a dead_bear 2-7-2021, 8:08:37 AM
MonkeyDLuffy(MonkeyDLuffy) used a dead_bear 2-7-2021, 8:08:37 AM
MonkeyDLuffy(MonkeyDLuffy) used a dead_bear 2-7-2021, 8:08:38 AM
MonkeyDLuffy(MonkeyDLuffy) used a dead_bear 2-7-2021, 8:08:38 AM
MonkeyDLuffy(MonkeyDLuffy) used a dead_bear 2-7-2021, 8:08:38 AM
MonkeyDLuffy(MonkeyDLuffy) used a dead_bear 2-7-2021, 8:08:38 AM
MonkeyDLuffy(MonkeyDLuffy) used a dead_bear 2-7-2021, 8:08:39 AM
MonkeyDLuffy(MonkeyDLuffy) used a dead_bear 2-7-2021, 8:08:39 AM
MonkeyDLuffy(MonkeyDLuffy) used a dead_bear 2-7-2021, 8:08:39 AM
MonkeyDLuffy(MonkeyDLuffy) used a dead_bear 2-7-2021, 8:08:39 AM
MonkeyDLuffy(MonkeyDLuffy) used a dead_bear 2-7-2021, 8:08:40 AM
MonkeyDLuffy(MonkeyDLuffy) used a dead_bear 2-7-2021, 8:08:40 AM
MonkeyDLuffy(MonkeyDLuffy) used a dead_bear 2-7-2021, 8:08:40 AM
MonkeyDLuffy(MonkeyDLuffy) used a dead_bear 2-7-2021, 8:08:40 AM
MonkeyDLuffy(MonkeyDLuffy) used a dead_bear 2-7-2021, 8:08:41 AM
MonkeyDLuffy(MonkeyDLuffy) used a dead_bear 2-7-2021, 8:08:41 AM
MonkeyDLuffy(MonkeyDLuffy) used a dead_bear 2-7-2021, 8:08:41 AM
MonkeyDLuffy(MonkeyDLuffy) used a dead_bear 2-7-2021, 8:08:41 AM
MonkeyDLuffy(MonkeyDLuffy) used a dead_bear 2-7-2021, 8:08:42 AM
MonkeyDLuffy(MonkeyDLuffy) used a dead_bear 2-7-2021, 8:08:42 AM
MonkeyDLuffy(MonkeyDLuffy) used a dead_bear 2-7-2021, 8:08:42 AM
MonkeyDLuffy(MonkeyDLuffy) used a dead_bear 2-7-2021, 8:08:42 AM
MonkeyDLuffy(MonkeyDLuffy) used a dead_bear 2-7-2021, 8:08:43 AM
MonkeyDLuffy(MonkeyDLuffy) used a dead_bear 2-7-2021, 8:08:43 AM
MonkeyDLuffy(MonkeyDLuffy) used a dead_bear 2-7-2021, 8:08:43 AM
MonkeyDLuffy(MonkeyDLuffy) used a dead_bear 2-7-2021, 8:08:43 AM
MonkeyDLuffy(MonkeyDLuffy) used a dead_bear 2-7-2021, 8:08:44 AM
MonkeyDLuffy(MonkeyDLuffy) used a dead_bear 2-7-2021, 8:08:44 AM
MonkeyDLuffy(MonkeyDLuffy) used a dead_bear 2-7-2021, 8:08:44 AM
MonkeyDLuffy(MonkeyDLuffy) used a dead_bear 2-7-2021, 8:08:44 AM
MonkeyDLuffy(MonkeyDLuffy) used a dead_bear 2-7-2021, 8:08:45 AM
MonkeyDLuffy(MonkeyDLuffy) used a dead_bear 2-7-2021, 8:08:45 AM
MonkeyDLuffy(MonkeyDLuffy) used a dead_bear 2-7-2021, 8:08:45 AM
MonkeyDLuffy(MonkeyDLuffy) used a dead_bear 2-7-2021, 8:08:45 AM
MonkeyDLuffy(MonkeyDLuffy) used a dead_bear 2-7-2021, 8:08:46 AM
MonkeyDLuffy(MonkeyDLuffy) used a dead_bear 2-7-2021, 8:08:46 AM
MonkeyDLuffy(MonkeyDLuffy) used a dead_bear 2-7-2021, 8:08:46 AM
MonkeyDLuffy(MonkeyDLuffy) used a dead_bear 2-7-2021, 8:08:46 AM
MonkeyDLuffy(MonkeyDLuffy) used a dead_bear 2-7-2021, 8:08:47 AM
MonkeyDLuffy(MonkeyDLuffy) used a dead_bear 2-7-2021, 8:08:47 AM
MonkeyDLuffy(MonkeyDLuffy) used a dead_bear 2-7-2021, 8:08:47 AM
MonkeyDLuffy(MonkeyDLuffy) used a dead_bear 2-7-2021, 8:08:47 AM
MonkeyDLuffy(MonkeyDLuffy) used a dead_bear 2-7-2021, 8:08:48 AM
MonkeyDLuffy(MonkeyDLuffy) used a dead_bear 2-7-2021, 8:08:48 AM
MonkeyDLuffy(MonkeyDLuffy) used a dead_bear 2-7-2021, 8:08:48 AM
MonkeyDLuffy(MonkeyDLuffy) used a dead_bear 2-7-2021, 8:08:48 AM
MonkeyDLuffy(MonkeyDLuffy) used a dead_bear 2-7-2021, 8:08:49 AM
MonkeyDLuffy(MonkeyDLuffy) used a dead_bear 2-7-2021, 8:08:49 AM
MonkeyDLuffy(MonkeyDLuffy) used a dead_bear 2-7-2021, 8:08:49 AM
MonkeyDLuffy(MonkeyDLuffy) used a dead_bear 2-7-2021, 8:08:49 AM
MonkeyDLuffy(MonkeyDLuffy) used a dead_bear 2-7-2021, 8:08:50 AM
MonkeyDLuffy(MonkeyDLuffy) used a dead_bear 2-7-2021, 8:08:50 AM
MonkeyDLuffy(MonkeyDLuffy) used a dead_bear 2-7-2021, 8:08:50 AM
MonkeyDLuffy(MonkeyDLuffy) used a dead_bear 2-7-2021, 8:08:50 AM
MonkeyDLuffy(MonkeyDLuffy) used a dead_bear 2-7-2021, 8:08:51 AM
MonkeyDLuffy(MonkeyDLuffy) used a dead_bear 2-7-2021, 8:08:51 AM
MonkeyDLuffy(MonkeyDLuffy) used a dead_bear 2-7-2021, 8:08:51 AM
MonkeyDLuffy(MonkeyDLuffy) used a dead_bear 2-7-2021, 8:08:51 AM
MonkeyDLuffy(MonkeyDLuffy) used a dead_bear 2-7-2021, 8:08:52 AM
MonkeyDLuffy(MonkeyDLuffy) used a dead_bear 2-7-2021, 8:08:52 AM
MonkeyDLuffy(MonkeyDLuffy) used a dead_bear 2-7-2021, 8:08:52 AM
MonkeyDLuffy(MonkeyDLuffy) used a dead_bear 2-7-2021, 8:08:52 AM
MonkeyDLuffy(MonkeyDLuffy) used a dead_bear 2-7-2021, 8:08:53 AM
MonkeyDLuffy(MonkeyDLuffy) used a dead_bear 2-7-2021, 8:08:53 AM
MonkeyDLuffy(MonkeyDLuffy) used a dead_bear 2-7-2021, 8:08:53 AM
MonkeyDLuffy(MonkeyDLuffy) used a dead_bear 2-7-2021, 8:08:53 AM
MonkeyDLuffy(MonkeyDLuffy) used a dead_bear 2-7-2021, 8:08:54 AM
MonkeyDLuffy(MonkeyDLuffy) used a dead_bear 2-7-2021, 8:08:54 AM
MonkeyDLuffy(MonkeyDLuffy) used a dead_bear 2-7-2021, 8:08:54 AM
MonkeyDLuffy(MonkeyDLuffy) used a dead_bear 2-7-2021, 8:08:54 AM
MonkeyDLuffy(MonkeyDLuffy) used a dead_bear 2-7-2021, 8:08:55 AM
MonkeyDLuffy(MonkeyDLuffy) used a dead_bear 2-7-2021, 8:08:55 AM
MonkeyDLuffy(MonkeyDLuffy) used a dead_bear 2-7-2021, 8:08:55 AM
MonkeyDLuffy(MonkeyDLuffy) used a dead_bear 2-7-2021, 8:08:55 AM
MonkeyDLuffy(MonkeyDLuffy) used a dead_bear 2-7-2021, 8:08:56 AM
MonkeyDLuffy(MonkeyDLuffy) used a dead_bear 2-7-2021, 8:08:56 AM
MonkeyDLuffy(MonkeyDLuffy) used a dead_bear 2-7-2021, 8:08:56 AM
MonkeyDLuffy(MonkeyDLuffy) used a dead_bear 2-7-2021, 8:08:56 AM
MonkeyDLuffy(MonkeyDLuffy) used a dead_bear 2-7-2021, 8:08:57 AM
MonkeyDLuffy(MonkeyDLuffy) used a dead_bear 2-7-2021, 8:08:57 AM
MonkeyDLuffy(MonkeyDLuffy) used a dead_bear 2-7-2021, 8:08:57 AM
MonkeyDLuffy(MonkeyDLuffy) used a dead_bear 2-7-2021, 8:08:57 AM
MonkeyDLuffy(MonkeyDLuffy) used a dead_bear 2-7-2021, 8:08:58 AM
MonkeyDLuffy(MonkeyDLuffy) used a dead_bear 2-7-2021, 8:08:58 AM
MonkeyDLuffy(MonkeyDLuffy) used a dead_bear 2-7-2021, 8:08:58 AM
MonkeyDLuffy(MonkeyDLuffy) used a dead_bear 2-7-2021, 8:08:58 AM
MonkeyDLuffy(MonkeyDLuffy) used a dead_bear 2-7-2021, 8:08:59 AM
MonkeyDLuffy(MonkeyDLuffy) used a dead_bear 2-7-2021, 8:08:59 AM
MonkeyDLuffy(MonkeyDLuffy) used a dead_bear 2-7-2021, 8:08:59 AM
MonkeyDLuffy(MonkeyDLuffy) used a dead_bear 2-7-2021, 8:08:59 AM
MonkeyDLuffy(MonkeyDLuffy) used a dead_bear 2-7-2021, 8:09:00 AM
MonkeyDLuffy(MonkeyDLuffy) used a dead_bear 2-7-2021, 8:09:00 AM
MonkeyDLuffy(MonkeyDLuffy) used a dead_bear 2-7-2021, 8:09:00 AM
MonkeyDLuffy(MonkeyDLuffy) used a dead_bear 2-7-2021, 8:09:00 AM
MonkeyDLuffy(MonkeyDLuffy) used a dead_bear 2-7-2021, 8:09:01 AM
MonkeyDLuffy(MonkeyDLuffy) used a dead_bear 2-7-2021, 8:09:01 AM
MonkeyDLuffy(MonkeyDLuffy) used a dead_bear 2-7-2021, 8:09:01 AM
MonkeyDLuffy(MonkeyDLuffy) used a dead_bear 2-7-2021, 8:09:01 AM
MonkeyDLuffy(MonkeyDLuffy) used a dead_bear 2-7-2021, 8:09:02 AM
MonkeyDLuffy(MonkeyDLuffy) used a dead_bear 2-7-2021, 8:09:02 AM
MonkeyDLuffy(MonkeyDLuffy) used a dead_bear 2-7-2021, 8:09:02 AM
MonkeyDLuffy(MonkeyDLuffy) used a dead_bear 2-7-2021, 8:09:02 AM
MonkeyDLuffy(MonkeyDLuffy) used a dead_bear 2-7-2021, 8:09:03 AM
MonkeyDLuffy(MonkeyDLuffy) used a dead_bear 2-7-2021, 8:09:03 AM
MonkeyDLuffy(MonkeyDLuffy) used a dead_bear 2-7-2021, 8:09:03 AM
MonkeyDLuffy(MonkeyDLuffy) used a dead_bear 2-7-2021, 8:09:03 AM
MonkeyDLuffy(MonkeyDLuffy) used a dead_bear 2-7-2021, 8:09:04 AM
MonkeyDLuffy(MonkeyDLuffy) used a dead_bear 2-7-2021, 8:09:04 AM
MonkeyDLuffy(MonkeyDLuffy) used a dead_bear 2-7-2021, 8:09:04 AM
MonkeyDLuffy(MonkeyDLuffy) used a dead_bear 2-7-2021, 8:09:04 AM
MonkeyDLuffy(MonkeyDLuffy) used a dead_bear 2-7-2021, 8:09:05 AM
MonkeyDLuffy(MonkeyDLuffy) used a dead_bear 2-7-2021, 8:09:05 AM
MonkeyDLuffy(MonkeyDLuffy) used a dead_bear 2-7-2021, 8:09:05 AM
MonkeyDLuffy(MonkeyDLuffy) used a dead_bear 2-7-2021, 8:09:05 AM
MonkeyDLuffy(MonkeyDLuffy) used a dead_bear 2-7-2021, 8:09:06 AM
MonkeyDLuffy(MonkeyDLuffy) used a dead_bear 2-7-2021, 8:09:06 AM
MonkeyDLuffy(MonkeyDLuffy) used a dead_bear 2-7-2021, 8:09:06 AM
MonkeyDLuffy(MonkeyDLuffy) used a dead_bear 2-7-2021, 8:09:06 AM
MonkeyDLuffy(MonkeyDLuffy) used a dead_bear 2-7-2021, 8:09:07 AM
MonkeyDLuffy(MonkeyDLuffy) used a dead_bear 2-7-2021, 8:09:07 AM
MonkeyDLuffy(MonkeyDLuffy) used a dead_bear 2-7-2021, 8:09:07 AM
MonkeyDLuffy(MonkeyDLuffy) used a dead_bear 2-7-2021, 8:09:07 AM
MonkeyDLuffy(MonkeyDLuffy) used a dead_bear 2-7-2021, 8:09:08 AM
MonkeyDLuffy(MonkeyDLuffy) used a dead_bear 2-7-2021, 8:09:08 AM
MonkeyDLuffy(MonkeyDLuffy) used a dead_bear 2-7-2021, 8:09:08 AM
MonkeyDLuffy(MonkeyDLuffy) used a dead_bear 2-7-2021, 8:09:08 AM
MonkeyDLuffy(MonkeyDLuffy) used a dead_bear 2-7-2021, 8:09:09 AM
MonkeyDLuffy(MonkeyDLuffy) used a dead_bear 2-7-2021, 8:09:09 AM
MonkeyDLuffy(MonkeyDLuffy) used a dead_bear 2-7-2021, 8:09:09 AM
MonkeyDLuffy(MonkeyDLuffy) used a dead_bear 2-7-2021, 8:09:09 AM
MonkeyDLuffy(MonkeyDLuffy) used a dead_bear 2-7-2021, 8:09:10 AM
MonkeyDLuffy(MonkeyDLuffy) used a dead_bear 2-7-2021, 8:09:10 AM
MonkeyDLuffy(MonkeyDLuffy) used a dead_bear 2-7-2021, 8:09:10 AM
MonkeyDLuffy(MonkeyDLuffy) used a dead_bear 2-7-2021, 8:09:11 AM
MonkeyDLuffy(MonkeyDLuffy) used a dead_bear 2-7-2021, 8:09:11 AM
MonkeyDLuffy(MonkeyDLuffy) used a dead_bear 2-7-2021, 8:09:11 AM
MonkeyDLuffy(MonkeyDLuffy) used a dead_bear 2-7-2021, 8:09:11 AM
MonkeyDLuffy(MonkeyDLuffy) used a dead_bear 2-7-2021, 8:09:11 AM
MonkeyDLuffy(MonkeyDLuffy) used a dead_bear 2-7-2021, 8:09:12 AM
MonkeyDLuffy(MonkeyDLuffy) used a dead_bear 2-7-2021, 8:09:12 AM
MonkeyDLuffy(MonkeyDLuffy) used a dead_bear 2-7-2021, 8:09:12 AM
MonkeyDLuffy(MonkeyDLuffy) used a dead_bear 2-7-2021, 8:09:12 AM
MonkeyDLuffy(MonkeyDLuffy) used a dead_bear 2-7-2021, 8:09:13 AM
MonkeyDLuffy(MonkeyDLuffy) used a dead_bear 2-7-2021, 8:09:13 AM
MonkeyDLuffy(MonkeyDLuffy) used a dead_bear 2-7-2021, 8:09:13 AM
MonkeyDLuffy(MonkeyDLuffy) used a dead_bear 2-7-2021, 8:09:13 AM
MonkeyDLuffy(MonkeyDLuffy) used a dead_bear 2-7-2021, 8:09:14 AM
MonkeyDLuffy(MonkeyDLuffy) used a dead_bear 2-7-2021, 8:09:14 AM
MonkeyDLuffy(MonkeyDLuffy) used a dead_bear 2-7-2021, 8:09:14 AM
MonkeyDLuffy(MonkeyDLuffy) used a dead_bear 2-7-2021, 8:09:14 AM
MonkeyDLuffy(MonkeyDLuffy) used a dead_bear 2-7-2021, 8:09:15 AM
MonkeyDLuffy(MonkeyDLuffy) used a dead_bear 2-7-2021, 8:09:15 AM
MonkeyDLuffy(MonkeyDLuffy) used a dead_bear 2-7-2021, 8:09:15 AM
MonkeyDLuffy(MonkeyDLuffy) used a dead_bear 2-7-2021, 8:09:16 AM
MonkeyDLuffy(MonkeyDLuffy) used a dead_bear 2-7-2021, 8:09:16 AM
MonkeyDLuffy(MonkeyDLuffy) used a dead_bear 2-7-2021, 8:09:16 AM
MonkeyDLuffy(MonkeyDLuffy) used a dead_bear 2-7-2021, 8:09:16 AM
MonkeyDLuffy(MonkeyDLuffy) used a dead_bear 2-7-2021, 8:09:17 AM
MonkeyDLuffy(MonkeyDLuffy) used a dead_bear 2-7-2021, 8:09:17 AM
MonkeyDLuffy(MonkeyDLuffy) used a dead_bear 2-7-2021, 8:09:17 AM
MonkeyDLuffy(MonkeyDLuffy) used a dead_bear 2-7-2021, 8:09:17 AM
MonkeyDLuffy(MonkeyDLuffy) used a dead_bear 2-7-2021, 8:09:18 AM
MonkeyDLuffy(MonkeyDLuffy) used a dead_bear 2-7-2021, 8:09:18 AM
MonkeyDLuffy(MonkeyDLuffy) used a dead_bear 2-7-2021, 8:09:18 AM
MonkeyDLuffy(MonkeyDLuffy) used a dead_bear 2-7-2021, 8:09:18 AM
MonkeyDLuffy(MonkeyDLuffy) used a dead_bear 2-7-2021, 8:09:19 AM
MonkeyDLuffy(MonkeyDLuffy) used a dead_bear 2-7-2021, 8:09:19 AM
MonkeyDLuffy(MonkeyDLuffy) used a dead_bear 2-7-2021, 8:09:19 AM
MonkeyDLuffy(MonkeyDLuffy) used a dead_bear 2-7-2021, 8:09:19 AM
MonkeyDLuffy(MonkeyDLuffy) used a dead_bear 2-7-2021, 8:09:20 AM
MonkeyDLuffy(MonkeyDLuffy) used a dead_bear 2-7-2021, 8:09:20 AM
MonkeyDLuffy(MonkeyDLuffy) used a dead_bear 2-7-2021, 8:09:20 AM
MonkeyDLuffy(MonkeyDLuffy) used a dead_bear 2-7-2021, 8:09:20 AM
MonkeyDLuffy(MonkeyDLuffy) used a dead_bear 2-7-2021, 8:09:21 AM
MonkeyDLuffy(MonkeyDLuffy) used a dead_bear 2-7-2021, 8:09:21 AM
MonkeyDLuffy(MonkeyDLuffy) used a dead_bear 2-7-2021, 8:09:21 AM
MonkeyDLuffy(MonkeyDLuffy) used a dead_bear 2-7-2021, 8:09:21 AM
MonkeyDLuffy(MonkeyDLuffy) used a dead_bear 2-7-2021, 8:09:22 AM
MonkeyDLuffy(MonkeyDLuffy) used a dead_bear 2-7-2021, 8:09:22 AM
MonkeyDLuffy(MonkeyDLuffy) used a dead_bear 2-7-2021, 8:09:25 AM
MonkeyDLuffy(MonkeyDLuffy) used a dead_bear 2-7-2021, 8:09:25 AM
MonkeyDLuffy(MonkeyDLuffy) used a dead_bear 2-7-2021, 8:09:25 AM
MonkeyDLuffy(MonkeyDLuffy) used a dead_bear 2-7-2021, 8:09:26 AM
MonkeyDLuffy(MonkeyDLuffy) used a dead_bear 2-7-2021, 8:09:26 AM
MonkeyDLuffy(MonkeyDLuffy) used a dead_bear 2-7-2021, 8:09:26 AM
MonkeyDLuffy(MonkeyDLuffy) used a dead_bear 2-7-2021, 8:09:26 AM
MonkeyDLuffy(MonkeyDLuffy) used a dead_bear 2-7-2021, 8:09:27 AM
MonkeyDLuffy(MonkeyDLuffy) used a dead_bear 2-7-2021, 8:09:27 AM
MonkeyDLuffy(MonkeyDLuffy) used a dead_bear 2-7-2021, 8:09:27 AM
MonkeyDLuffy(MonkeyDLuffy) used a dead_bear 2-7-2021, 8:09:27 AM
MonkeyDLuffy(MonkeyDLuffy) used a dead_bear 2-7-2021, 8:09:28 AM
MonkeyDLuffy(MonkeyDLuffy) used a dead_bear 2-7-2021, 8:09:28 AM
MonkeyDLuffy(MonkeyDLuffy) used a dead_bear 2-7-2021, 8:09:28 AM
MonkeyDLuffy(MonkeyDLuffy) used a dead_bear 2-7-2021, 8:09:28 AM
MonkeyDLuffy(MonkeyDLuffy) used a dead_bear 2-7-2021, 8:09:29 AM
MonkeyDLuffy(MonkeyDLuffy) used a dead_bear 2-7-2021, 8:09:29 AM
MonkeyDLuffy(MonkeyDLuffy) used a dead_bear 2-7-2021, 8:09:29 AM
MonkeyDLuffy(MonkeyDLuffy) used a dead_bear 2-7-2021, 8:09:29 AM
MonkeyDLuffy(MonkeyDLuffy) used a dead_bear 2-7-2021, 8:09:30 AM
MonkeyDLuffy(MonkeyDLuffy) used a dead_bear 2-7-2021, 8:09:30 AM
MonkeyDLuffy(MonkeyDLuffy) used a dead_bear 2-7-2021, 8:09:30 AM
MonkeyDLuffy(MonkeyDLuffy) used a dead_bear 2-7-2021, 8:09:30 AM
MonkeyDLuffy(MonkeyDLuffy) used a dead_bear 2-7-2021, 8:09:31 AM
MonkeyDLuffy(MonkeyDLuffy) used a dead_bear 2-7-2021, 8:09:31 AM
MonkeyDLuffy(MonkeyDLuffy) used a dead_bear 2-7-2021, 8:09:31 AM
MonkeyDLuffy(MonkeyDLuffy) used a dead_bear 2-7-2021, 8:09:31 AM
MonkeyDLuffy(MonkeyDLuffy) used a dead_bear 2-7-2021, 8:09:32 AM
MonkeyDLuffy(MonkeyDLuffy) used a dead_bear 2-7-2021, 8:09:32 AM
MonkeyDLuffy(MonkeyDLuffy) used a dead_bear 2-7-2021, 8:09:32 AM
MonkeyDLuffy(MonkeyDLuffy) used a dead_bear 2-7-2021, 8:09:32 AM
MonkeyDLuffy(MonkeyDLuffy) used a dead_bear 2-7-2021, 8:09:33 AM
MonkeyDLuffy(MonkeyDLuffy) used a dead_bear 2-7-2021, 8:09:33 AM
MonkeyDLuffy(MonkeyDLuffy) used a dead_bear 2-7-2021, 8:09:33 AM
MonkeyDLuffy(MonkeyDLuffy) used a dead_bear 2-7-2021, 8:09:33 AM
MonkeyDLuffy(MonkeyDLuffy) used a dead_bear 2-7-2021, 8:09:34 AM
MonkeyDLuffy(MonkeyDLuffy) used a dead_bear 2-7-2021, 8:09:34 AM
MonkeyDLuffy(MonkeyDLuffy) used a dead_bear 2-7-2021, 8:09:34 AM
MonkeyDLuffy(MonkeyDLuffy) used a dead_bear 2-7-2021, 8:09:34 AM
MonkeyDLuffy(MonkeyDLuffy) used a dead_bear 2-7-2021, 8:09:35 AM
MonkeyDLuffy(MonkeyDLuffy) used a dead_bear 2-7-2021, 8:09:35 AM
MonkeyDLuffy(MonkeyDLuffy) used a dead_bear 2-7-2021, 8:09:35 AM
MonkeyDLuffy(MonkeyDLuffy) used a dead_bear 2-7-2021, 8:09:35 AM
MonkeyDLuffy(MonkeyDLuffy) used a dead_bear 2-7-2021, 8:09:36 AM
MonkeyDLuffy(MonkeyDLuffy) used a dead_bear 2-7-2021, 8:09:36 AM
MonkeyDLuffy(MonkeyDLuffy) used a dead_bear 2-7-2021, 8:09:36 AM
MonkeyDLuffy(MonkeyDLuffy) used a dead_bear 2-7-2021, 8:09:36 AM
MonkeyDLuffy(MonkeyDLuffy) used a dead_bear 2-7-2021, 8:09:36 AM
MonkeyDLuffy(MonkeyDLuffy) used a dead_bear 2-7-2021, 8:09:37 AM
MonkeyDLuffy(MonkeyDLuffy) used a dead_bear 2-7-2021, 8:09:37 AM
MonkeyDLuffy(MonkeyDLuffy) used a dead_bear 2-7-2021, 8:09:37 AM
MonkeyDLuffy(MonkeyDLuffy) used a dead_bear 2-7-2021, 8:09:37 AM
MonkeyDLuffy(MonkeyDLuffy) used a dead_bear 2-7-2021, 8:09:38 AM
MonkeyDLuffy(MonkeyDLuffy) used a dead_bear 2-7-2021, 8:09:38 AM
MonkeyDLuffy(MonkeyDLuffy) used a dead_bear 2-7-2021, 8:09:38 AM
MonkeyDLuffy(MonkeyDLuffy) used a dead_bear 2-7-2021, 8:09:38 AM
MonkeyDLuffy(MonkeyDLuffy) used a dead_bear 2-7-2021, 8:09:39 AM
MonkeyDLuffy(MonkeyDLuffy) used a dead_bear 2-7-2021, 8:09:39 AM
MonkeyDLuffy(MonkeyDLuffy) used a dead_bear 2-7-2021, 8:09:39 AM
MonkeyDLuffy(MonkeyDLuffy) used a dead_bear 2-7-2021, 8:09:39 AM
MonkeyDLuffy(MonkeyDLuffy) used a dead_bear 2-7-2021, 8:09:40 AM
MonkeyDLuffy(MonkeyDLuffy) used a dead_bear 2-7-2021, 8:09:40 AM
MonkeyDLuffy(MonkeyDLuffy) used a dead_bear 2-7-2021, 8:09:40 AM
MonkeyDLuffy(MonkeyDLuffy) used a dead_bear 2-7-2021, 8:09:40 AM
MonkeyDLuffy(MonkeyDLuffy) used a dead_bear 2-7-2021, 8:09:40 AM
MonkeyDLuffy(MonkeyDLuffy) used a dead_bear 2-7-2021, 8:09:41 AM
MonkeyDLuffy(MonkeyDLuffy) used a dead_bear 2-7-2021, 8:09:41 AM
MonkeyDLuffy(MonkeyDLuffy) used a dead_bear 2-7-2021, 8:09:41 AM
MonkeyDLuffy(MonkeyDLuffy) used a dead_bear 2-7-2021, 8:09:41 AM
MonkeyDLuffy(MonkeyDLuffy) used a dead_bear 2-7-2021, 8:09:42 AM
MonkeyDLuffy(MonkeyDLuffy) used a dead_bear 2-7-2021, 8:09:42 AM
MonkeyDLuffy(MonkeyDLuffy) used a dead_bear 2-7-2021, 8:09:42 AM
MonkeyDLuffy(MonkeyDLuffy) used a dead_bear 2-7-2021, 8:09:42 AM
MonkeyDLuffy(MonkeyDLuffy) used a dead_bear 2-7-2021, 8:09:42 AM
MonkeyDLuffy(MonkeyDLuffy) used a dead_bear 2-7-2021, 8:09:43 AM
MonkeyDLuffy(MonkeyDLuffy) used a dead_bear 2-7-2021, 8:09:43 AM
MonkeyDLuffy(MonkeyDLuffy) used a dead_bear 2-7-2021, 8:09:43 AM
MonkeyDLuffy(MonkeyDLuffy) used a dead_bear 2-7-2021, 8:09:43 AM
MonkeyDLuffy(MonkeyDLuffy) used a dead_bear 2-7-2021, 8:09:44 AM
MonkeyDLuffy(MonkeyDLuffy) used a dead_bear 2-7-2021, 8:09:44 AM
MonkeyDLuffy(MonkeyDLuffy) used a dead_bear 2-7-2021, 8:09:44 AM
MonkeyDLuffy(MonkeyDLuffy) used a dead_bear 2-7-2021, 8:09:44 AM
MonkeyDLuffy(MonkeyDLuffy) used a dead_bear 2-7-2021, 8:09:44 AM
MonkeyDLuffy(MonkeyDLuffy) used a dead_bear 2-7-2021, 8:09:45 AM
MonkeyDLuffy(MonkeyDLuffy) used a dead_bear 2-7-2021, 8:09:45 AM
MonkeyDLuffy(MonkeyDLuffy) used a dead_bear 2-7-2021, 8:09:45 AM
MonkeyDLuffy(MonkeyDLuffy) used a dead_bear 2-7-2021, 8:09:45 AM
MonkeyDLuffy(MonkeyDLuffy) used a dead_bear 2-7-2021, 8:09:46 AM
MonkeyDLuffy(MonkeyDLuffy) used a dead_bear 2-7-2021, 8:09:46 AM
MonkeyDLuffy(MonkeyDLuffy) used a dead_bear 2-7-2021, 8:09:46 AM
MonkeyDLuffy(MonkeyDLuffy) used a dead_bear 2-7-2021, 8:09:46 AM
MonkeyDLuffy(MonkeyDLuffy) used a dead_bear 2-7-2021, 8:09:47 AM
MonkeyDLuffy(MonkeyDLuffy) used a dead_bear 2-7-2021, 8:09:47 AM
MonkeyDLuffy(MonkeyDLuffy) used a dead_bear 2-7-2021, 8:09:47 AM
MonkeyDLuffy(MonkeyDLuffy) used a dead_bear 2-7-2021, 8:09:47 AM
MonkeyDLuffy(MonkeyDLuffy) used a dead_bear 2-7-2021, 8:09:47 AM
MonkeyDLuffy(MonkeyDLuffy) used a dead_bear 2-7-2021, 8:09:48 AM
MonkeyDLuffy(MonkeyDLuffy) used a dead_bear 2-7-2021, 8:09:48 AM
MonkeyDLuffy(MonkeyDLuffy) used a dead_bear 2-7-2021, 8:09:48 AM
MonkeyDLuffy(MonkeyDLuffy) used a dead_bear 2-7-2021, 8:09:48 AM
MonkeyDLuffy(MonkeyDLuffy) used a dead_bear 2-7-2021, 8:09:49 AM
MonkeyDLuffy(MonkeyDLuffy) used a dead_bear 2-7-2021, 8:09:49 AM
MonkeyDLuffy(MonkeyDLuffy) used a dead_bear 2-7-2021, 8:09:49 AM
MonkeyDLuffy(MonkeyDLuffy) used a dead_bear 2-7-2021, 8:09:49 AM
MonkeyDLuffy(MonkeyDLuffy) used a dead_bear 2-7-2021, 8:09:49 AM
MonkeyDLuffy(MonkeyDLuffy) used a dead_bear 2-7-2021, 8:09:50 AM
MonkeyDLuffy(MonkeyDLuffy) used a dead_bear 2-7-2021, 8:09:50 AM
MonkeyDLuffy(MonkeyDLuffy) used a dead_bear 2-7-2021, 8:09:51 AM
MonkeyDLuffy(MonkeyDLuffy) used a dead_bear 2-7-2021, 8:09:51 AM
MonkeyDLuffy(MonkeyDLuffy) used a dead_bear 2-7-2021, 8:09:52 AM
MonkeyDLuffy(MonkeyDLuffy) used a dead_bear 2-7-2021, 8:09:53 AM
MonkeyDLuffy(MonkeyDLuffy) used a dead_bear 2-7-2021, 8:09:53 AM
MonkeyDLuffy(MonkeyDLuffy) used a dead_bear 2-7-2021, 8:09:53 AM
MonkeyDLuffy(MonkeyDLuffy) used a dead_bear 2-7-2021, 8:09:53 AM
MonkeyDLuffy(MonkeyDLuffy) used a dead_bear 2-7-2021, 8:09:54 AM
MonkeyDLuffy(MonkeyDLuffy) used a dead_bear 2-7-2021, 8:09:54 AM
MonkeyDLuffy(MonkeyDLuffy) used a dead_bear 2-7-2021, 8:09:54 AM
MonkeyDLuffy(MonkeyDLuffy) used a dead_bear 2-7-2021, 8:09:54 AM
MonkeyDLuffy(MonkeyDLuffy) used a dead_bear 2-7-2021, 8:09:55 AM
MonkeyDLuffy(MonkeyDLuffy) used a dead_bear 2-7-2021, 8:09:55 AM
MonkeyDLuffy(MonkeyDLuffy) used a dead_bear 2-7-2021, 8:09:55 AM
MonkeyDLuffy(MonkeyDLuffy) used a dead_bear 2-7-2021, 8:09:55 AM
MonkeyDLuffy(MonkeyDLuffy) used a dead_bear 2-7-2021, 8:09:56 AM
MonkeyDLuffy(MonkeyDLuffy) used a dead_bear 2-7-2021, 8:09:56 AM
MonkeyDLuffy(MonkeyDLuffy) used a dead_bear 2-7-2021, 8:09:56 AM
MonkeyDLuffy(MonkeyDLuffy) used a dead_bear 2-7-2021, 8:09:56 AM
MonkeyDLuffy(MonkeyDLuffy) used a dead_bear 2-7-2021, 8:09:57 AM
MonkeyDLuffy(MonkeyDLuffy) used a dead_bear 2-7-2021, 8:09:57 AM
MonkeyDLuffy(MonkeyDLuffy) used a dead_bear 2-7-2021, 8:09:57 AM
MonkeyDLuffy(MonkeyDLuffy) used a dead_bear 2-7-2021, 8:09:57 AM
MonkeyDLuffy(MonkeyDLuffy) used a dead_bear 2-7-2021, 8:09:57 AM
MonkeyDLuffy(MonkeyDLuffy) used a dead_bear 2-7-2021, 8:09:58 AM
MonkeyDLuffy(MonkeyDLuffy) used a dead_bear 2-7-2021, 8:09:58 AM
MonkeyDLuffy(MonkeyDLuffy) used a dead_bear 2-7-2021, 8:09:58 AM
MonkeyDLuffy(MonkeyDLuffy) used a dead_bear 2-7-2021, 8:09:59 AM
MonkeyDLuffy(MonkeyDLuffy) used a dead_bear 2-7-2021, 8:09:59 AM
MonkeyDLuffy(MonkeyDLuffy) used a dead_bear 2-7-2021, 8:09:59 AM
MonkeyDLuffy(MonkeyDLuffy) used a dead_bear 2-7-2021, 8:09:59 AM
MonkeyDLuffy(MonkeyDLuffy) used a dead_bear 2-7-2021, 8:09:59 AM
MonkeyDLuffy(MonkeyDLuffy) used a dead_bear 2-7-2021, 8:10:00 AM
MonkeyDLuffy(MonkeyDLuffy) used a dead_bear 2-7-2021, 8:10:00 AM
MonkeyDLuffy(MonkeyDLuffy) used a dead_bear 2-7-2021, 8:10:01 AM
MonkeyDLuffy(MonkeyDLuffy) used a dead_bear 2-7-2021, 8:10:01 AM
MonkeyDLuffy(MonkeyDLuffy) used a dead_bear 2-7-2021, 8:10:02 AM
MonkeyDLuffy(MonkeyDLuffy) used a dead_bear 2-7-2021, 8:10:02 AM
MonkeyDLuffy(MonkeyDLuffy) used a dead_bear 2-7-2021, 8:10:02 AM
MonkeyDLuffy(MonkeyDLuffy) used a dead_bear 2-7-2021, 8:10:02 AM
MonkeyDLuffy(MonkeyDLuffy) used a dead_bear 2-7-2021, 8:10:03 AM
MonkeyDLuffy(MonkeyDLuffy) used a dead_bear 2-7-2021, 8:10:03 AM
MonkeyDLuffy(MonkeyDLuffy) used a dead_bear 2-7-2021, 8:10:04 AM
MonkeyDLuffy(MonkeyDLuffy) used a dead_bear 2-7-2021, 8:10:04 AM
MonkeyDLuffy(MonkeyDLuffy) used a dead_bear 2-7-2021, 8:10:05 AM
MonkeyDLuffy(MonkeyDLuffy) used a dead_bear 2-7-2021, 8:10:05 AM
MonkeyDLuffy(MonkeyDLuffy) used a dead_bear 2-7-2021, 8:10:05 AM
MonkeyDLuffy(MonkeyDLuffy) used a dead_bear 2-7-2021, 8:10:05 AM
MonkeyDLuffy(MonkeyDLuffy) used a dead_bear 2-7-2021, 8:10:06 AM
MonkeyDLuffy(MonkeyDLuffy) used a dead_bear 2-7-2021, 8:10:06 AM
MonkeyDLuffy(MonkeyDLuffy) used a dead_bear 2-7-2021, 8:10:06 AM
MonkeyDLuffy(MonkeyDLuffy) used a dead_bear 2-7-2021, 8:10:07 AM
MonkeyDLuffy(MonkeyDLuffy) used a dead_bear 2-7-2021, 8:10:07 AM
MonkeyDLuffy(MonkeyDLuffy) used a dead_bear 2-7-2021, 8:10:07 AM
MonkeyDLuffy(MonkeyDLuffy) used a dead_bear 2-7-2021, 8:10:07 AM
MonkeyDLuffy(MonkeyDLuffy) used a dead_bear 2-7-2021, 8:10:08 AM
MonkeyDLuffy(MonkeyDLuffy) used a dead_bear 2-7-2021, 8:10:08 AM
MonkeyDLuffy(MonkeyDLuffy) used a dead_bear 2-7-2021, 8:10:08 AM
MonkeyDLuffy(MonkeyDLuffy) used a dead_bear 2-7-2021, 8:10:08 AM
MonkeyDLuffy(MonkeyDLuffy) used a dead_bear 2-7-2021, 8:10:09 AM
MonkeyDLuffy(MonkeyDLuffy) used a dead_bear 2-7-2021, 8:10:09 AM
MonkeyDLuffy(MonkeyDLuffy) used a dead_bear 2-7-2021, 8:10:09 AM
MonkeyDLuffy(MonkeyDLuffy) used a dead_bear 2-7-2021, 8:10:09 AM
MonkeyDLuffy(MonkeyDLuffy) used a dead_bear 2-7-2021, 8:10:09 AM
MonkeyDLuffy(MonkeyDLuffy) used a dead_bear 2-7-2021, 8:10:10 AM
MonkeyDLuffy(MonkeyDLuffy) used a dead_bear 2-7-2021, 8:10:10 AM
MonkeyDLuffy(MonkeyDLuffy) used a dead_bear 2-7-2021, 8:10:10 AM
MonkeyDLuffy(MonkeyDLuffy) used a dead_bear 2-7-2021, 8:10:10 AM
MonkeyDLuffy(MonkeyDLuffy) used a dead_bear 2-7-2021, 8:10:11 AM
MonkeyDLuffy(MonkeyDLuffy) used a dead_bear 2-7-2021, 8:10:11 AM
MonkeyDLuffy(MonkeyDLuffy) used a dead_bear 2-7-2021, 8:10:11 AM
MonkeyDLuffy(MonkeyDLuffy) used a dead_bear 2-7-2021, 8:10:11 AM
MonkeyDLuffy(MonkeyDLuffy) used a dead_bear 2-7-2021, 8:10:12 AM
MonkeyDLuffy(MonkeyDLuffy) used a dead_bear 2-7-2021, 8:10:12 AM
MonkeyDLuffy(MonkeyDLuffy) used a dead_bear 2-7-2021, 8:10:12 AM
MonkeyDLuffy(MonkeyDLuffy) used a dead_bear 2-7-2021, 8:10:12 AM
MonkeyDLuffy(MonkeyDLuffy) used a dead_bear 2-7-2021, 8:10:12 AM
MonkeyDLuffy(MonkeyDLuffy) used a dead_bear 2-7-2021, 8:10:12 AM
MonkeyDLuffy(MonkeyDLuffy) used a dead_bear 2-7-2021, 8:10:13 AM
MonkeyDLuffy(MonkeyDLuffy) used a dead_bear 2-7-2021, 8:10:13 AM
MonkeyDLuffy(MonkeyDLuffy) used a dead_bear 2-7-2021, 8:10:13 AM
MonkeyDLuffy(MonkeyDLuffy) used a dead_bear 2-7-2021, 8:10:13 AM
MonkeyDLuffy(MonkeyDLuffy) used a dead_bear 2-7-2021, 8:10:14 AM
MonkeyDLuffy(MonkeyDLuffy) used a dead_bear 2-7-2021, 8:10:14 AM
MonkeyDLuffy(MonkeyDLuffy) used a dead_bear 2-7-2021, 8:10:14 AM
MonkeyDLuffy(MonkeyDLuffy) used a dead_bear 2-7-2021, 8:10:14 AM
MonkeyDLuffy(MonkeyDLuffy) used a dead_bear 2-7-2021, 8:10:14 AM
MonkeyDLuffy(MonkeyDLuffy) used a dead_bear 2-7-2021, 8:10:15 AM
MonkeyDLuffy(MonkeyDLuffy) used a dead_bear 2-7-2021, 8:10:15 AM
MonkeyDLuffy(MonkeyDLuffy) used a dead_bear 2-7-2021, 8:10:15 AM
MonkeyDLuffy(MonkeyDLuffy) used a dead_bear 2-7-2021, 8:10:15 AM
MonkeyDLuffy(MonkeyDLuffy) used a dead_bear 2-7-2021, 8:10:15 AM
MonkeyDLuffy(MonkeyDLuffy) used a dead_bear 2-7-2021, 8:10:16 AM
MonkeyDLuffy(MonkeyDLuffy) used a dead_bear 2-7-2021, 8:10:16 AM
MonkeyDLuffy(MonkeyDLuffy) used a dead_bear 2-7-2021, 8:10:16 AM
MonkeyDLuffy(MonkeyDLuffy) used a dead_bear 2-7-2021, 8:10:16 AM
MonkeyDLuffy(MonkeyDLuffy) used a dead_bear 2-7-2021, 8:10:17 AM
MonkeyDLuffy(MonkeyDLuffy) used a dead_bear 2-7-2021, 8:10:17 AM
MonkeyDLuffy(MonkeyDLuffy) used a dead_bear 2-7-2021, 8:10:17 AM
MonkeyDLuffy(MonkeyDLuffy) used a dead_bear 2-7-2021, 8:10:17 AM
MonkeyDLuffy(MonkeyDLuffy) used a dead_bear 2-7-2021, 8:10:18 AM
MonkeyDLuffy(MonkeyDLuffy) used a dead_bear 2-7-2021, 8:10:18 AM
MonkeyDLuffy(MonkeyDLuffy) used a dead_bear 2-7-2021, 8:10:18 AM
MonkeyDLuffy(MonkeyDLuffy) used a dead_bear 2-7-2021, 8:10:18 AM
MonkeyDLuffy(MonkeyDLuffy) used a dead_bear 2-7-2021, 8:10:19 AM
MonkeyDLuffy(MonkeyDLuffy) used a dead_bear 2-7-2021, 8:10:19 AM
MonkeyDLuffy(MonkeyDLuffy) used a dead_bear 2-7-2021, 8:10:19 AM
MonkeyDLuffy(MonkeyDLuffy) used a dead_bear 2-7-2021, 8:10:19 AM
MonkeyDLuffy(MonkeyDLuffy) used a dead_bear 2-7-2021, 8:10:19 AM
MonkeyDLuffy(MonkeyDLuffy) used a dead_bear 2-7-2021, 8:10:20 AM
MonkeyDLuffy(MonkeyDLuffy) used a dead_bear 2-7-2021, 8:10:20 AM
MonkeyDLuffy(MonkeyDLuffy) used a dead_bear 2-7-2021, 8:10:20 AM
MonkeyDLuffy(MonkeyDLuffy) used a dead_bear 2-7-2021, 8:10:20 AM
MonkeyDLuffy(MonkeyDLuffy) used a dead_bear 2-7-2021, 8:10:21 AM
MonkeyDLuffy(MonkeyDLuffy) used a dead_bear 2-7-2021, 8:10:21 AM
MonkeyDLuffy(MonkeyDLuffy) used a dead_bear 2-7-2021, 8:10:21 AM
MonkeyDLuffy(MonkeyDLuffy) used a dead_bear 2-7-2021, 8:10:21 AM
MonkeyDLuffy(MonkeyDLuffy) used a dead_bear 2-7-2021, 8:10:22 AM
MonkeyDLuffy(MonkeyDLuffy) used a dead_bear 2-7-2021, 8:10:22 AM
MonkeyDLuffy(MonkeyDLuffy) used a dead_bear 2-7-2021, 8:10:22 AM
MonkeyDLuffy(MonkeyDLuffy) used a dead_bear 2-7-2021, 8:10:22 AM
MonkeyDLuffy(MonkeyDLuffy) used a dead_bear 2-7-2021, 8:10:23 AM
MonkeyDLuffy(MonkeyDLuffy) used a dead_bear 2-7-2021, 8:10:23 AM
MonkeyDLuffy(MonkeyDLuffy) used a dead_bear 2-7-2021, 8:10:23 AM
MonkeyDLuffy(MonkeyDLuffy) used a dead_bear 2-7-2021, 8:10:23 AM
MonkeyDLuffy(MonkeyDLuffy) used a dead_bear 2-7-2021, 8:10:23 AM
MonkeyDLuffy(MonkeyDLuffy) used a dead_bear 2-7-2021, 8:10:24 AM
MonkeyDLuffy(MonkeyDLuffy) used a dead_bear 2-7-2021, 8:10:24 AM
MonkeyDLuffy(MonkeyDLuffy) used a dead_bear 2-7-2021, 8:10:24 AM
MonkeyDLuffy(MonkeyDLuffy) used a dead_bear 2-7-2021, 8:10:24 AM
MonkeyDLuffy(MonkeyDLuffy) used a dead_bear 2-7-2021, 8:10:25 AM
MonkeyDLuffy(MonkeyDLuffy) used a dead_bear 2-7-2021, 8:10:25 AM
MonkeyDLuffy(MonkeyDLuffy) used a dead_bear 2-7-2021, 8:10:25 AM
MonkeyDLuffy(MonkeyDLuffy) used a dead_bear 2-7-2021, 8:10:25 AM
MonkeyDLuffy(MonkeyDLuffy) used a dead_bear 2-7-2021, 8:10:26 AM
MonkeyDLuffy(MonkeyDLuffy) used a dead_bear 2-7-2021, 8:10:26 AM
MonkeyDLuffy(MonkeyDLuffy) used a dead_bear 2-7-2021, 8:10:26 AM
MonkeyDLuffy(MonkeyDLuffy) used a dead_bear 2-7-2021, 8:10:26 AM
MonkeyDLuffy(MonkeyDLuffy) used a dead_bear 2-7-2021, 8:10:27 AM
MonkeyDLuffy(MonkeyDLuffy) used a dead_bear 2-7-2021, 8:10:27 AM
MonkeyDLuffy(MonkeyDLuffy) used a dead_bear 2-7-2021, 8:10:27 AM
MonkeyDLuffy(MonkeyDLuffy) used a dead_bear 2-7-2021, 8:10:27 AM
MonkeyDLuffy(MonkeyDLuffy) used a dead_bear 2-7-2021, 8:10:28 AM
MonkeyDLuffy(MonkeyDLuffy) used a dead_bear 2-7-2021, 8:10:28 AM
MonkeyDLuffy(MonkeyDLuffy) used a dead_bear 2-7-2021, 8:10:28 AM
MonkeyDLuffy(MonkeyDLuffy) used a dead_bear 2-7-2021, 8:10:29 AM
MonkeyDLuffy(MonkeyDLuffy) used a dead_bear 2-7-2021, 8:10:29 AM
MonkeyDLuffy(MonkeyDLuffy) used a dead_bear 2-7-2021, 8:10:29 AM
MonkeyDLuffy(MonkeyDLuffy) used a dead_bear 2-7-2021, 8:10:29 AM
MonkeyDLuffy(MonkeyDLuffy) used a dead_bear 2-7-2021, 8:10:29 AM
MonkeyDLuffy(MonkeyDLuffy) used a dead_bear 2-7-2021, 8:10:29 AM
MonkeyDLuffy(MonkeyDLuffy) used a dead_bear 2-7-2021, 8:10:30 AM
MonkeyDLuffy(MonkeyDLuffy) used a dead_bear 2-7-2021, 8:10:30 AM
MonkeyDLuffy(MonkeyDLuffy) used a dead_bear 2-7-2021, 8:10:30 AM
MonkeyDLuffy(MonkeyDLuffy) used a dead_bear 2-7-2021, 8:10:30 AM
MonkeyDLuffy(MonkeyDLuffy) used a dead_bear 2-7-2021, 8:10:31 AM
MonkeyDLuffy(MonkeyDLuffy) used a dead_bear 2-7-2021, 8:10:31 AM
MonkeyDLuffy(MonkeyDLuffy) used a dead_bear 2-7-2021, 8:10:31 AM
MonkeyDLuffy(MonkeyDLuffy) used a dead_bear 2-7-2021, 8:10:31 AM
MonkeyDLuffy(MonkeyDLuffy) used a dead_bear 2-7-2021, 8:10:32 AM
MonkeyDLuffy(MonkeyDLuffy) used a dead_bear 2-7-2021, 8:10:32 AM
MonkeyDLuffy(MonkeyDLuffy) used a dead_bear 2-7-2021, 8:10:32 AM
MonkeyDLuffy(MonkeyDLuffy) used a dead_bear 2-7-2021, 8:10:32 AM
MonkeyDLuffy(MonkeyDLuffy) used a dead_bear 2-7-2021, 8:10:32 AM
MonkeyDLuffy(MonkeyDLuffy) used a dead_bear 2-7-2021, 8:10:33 AM
MonkeyDLuffy(MonkeyDLuffy) used a dead_bear 2-7-2021, 8:10:33 AM
MonkeyDLuffy(MonkeyDLuffy) used a dead_bear 2-7-2021, 8:10:33 AM
MonkeyDLuffy(MonkeyDLuffy) used a dead_bear 2-7-2021, 8:10:33 AM
MonkeyDLuffy(MonkeyDLuffy) used a dead_bear 2-7-2021, 8:10:34 AM
MonkeyDLuffy(MonkeyDLuffy) used a dead_bear 2-7-2021, 8:10:34 AM
MonkeyDLuffy(MonkeyDLuffy) used a dead_bear 2-7-2021, 8:10:34 AM
MonkeyDLuffy(MonkeyDLuffy) used a dead_bear 2-7-2021, 8:10:34 AM
MonkeyDLuffy(MonkeyDLuffy) used a dead_bear 2-7-2021, 8:10:35 AM
MonkeyDLuffy(MonkeyDLuffy) used a dead_bear 2-7-2021, 8:10:35 AM
MonkeyDLuffy(MonkeyDLuffy) used a dead_bear 2-7-2021, 8:10:35 AM
MonkeyDLuffy(MonkeyDLuffy) used a dead_bear 2-7-2021, 8:10:35 AM
MonkeyDLuffy(MonkeyDLuffy) used a dead_bear 2-7-2021, 8:10:36 AM
MonkeyDLuffy(MonkeyDLuffy) used a dead_bear 2-7-2021, 8:10:36 AM
MonkeyDLuffy(MonkeyDLuffy) used a dead_bear 2-7-2021, 8:10:36 AM
MonkeyDLuffy(MonkeyDLuffy) used a dead_bear 2-7-2021, 8:10:36 AM
MonkeyDLuffy(MonkeyDLuffy) used a dead_bear 2-7-2021, 8:10:37 AM
MonkeyDLuffy(MonkeyDLuffy) used a dead_bear 2-7-2021, 8:10:37 AM
MonkeyDLuffy(MonkeyDLuffy) used a dead_bear 2-7-2021, 8:10:37 AM
MonkeyDLuffy(MonkeyDLuffy) used a dead_bear 2-7-2021, 8:10:37 AM
MonkeyDLuffy(MonkeyDLuffy) used a dead_bear 2-7-2021, 8:10:38 AM
MonkeyDLuffy(MonkeyDLuffy) used a dead_bear 2-7-2021, 8:10:38 AM
MonkeyDLuffy(MonkeyDLuffy) used a dead_bear 2-7-2021, 8:10:38 AM
MonkeyDLuffy(MonkeyDLuffy) used a dead_bear 2-7-2021, 8:10:38 AM
MonkeyDLuffy(MonkeyDLuffy) used a dead_bear 2-7-2021, 8:10:39 AM
MonkeyDLuffy(MonkeyDLuffy) used a dead_bear 2-7-2021, 8:10:39 AM
MonkeyDLuffy(MonkeyDLuffy) used a dead_bear 2-7-2021, 8:10:39 AM
MonkeyDLuffy(MonkeyDLuffy) used a dead_bear 2-7-2021, 8:10:39 AM
MonkeyDLuffy(MonkeyDLuffy) used a dead_bear 2-7-2021, 8:10:40 AM
MonkeyDLuffy(MonkeyDLuffy) used a dead_bear 2-7-2021, 8:10:40 AM
MonkeyDLuffy(MonkeyDLuffy) used a dead_bear 2-7-2021, 8:10:40 AM
MonkeyDLuffy(MonkeyDLuffy) used a dead_bear 2-7-2021, 8:10:40 AM
MonkeyDLuffy(MonkeyDLuffy) used a dead_bear 2-7-2021, 8:10:41 AM
MonkeyDLuffy(MonkeyDLuffy) used a dead_bear 2-7-2021, 8:10:41 AM
MonkeyDLuffy(MonkeyDLuffy) used a dead_bear 2-7-2021, 8:10:41 AM
MonkeyDLuffy(MonkeyDLuffy) used a dead_bear 2-7-2021, 8:10:41 AM
MonkeyDLuffy(MonkeyDLuffy) used a dead_bear 2-7-2021, 8:10:42 AM
MonkeyDLuffy(MonkeyDLuffy) used a dead_bear 2-7-2021, 8:10:42 AM
MonkeyDLuffy(MonkeyDLuffy) used a dead_bear 2-7-2021, 8:10:42 AM
MonkeyDLuffy(MonkeyDLuffy) used a dead_bear 2-7-2021, 8:10:42 AM
MonkeyDLuffy(MonkeyDLuffy) used a dead_bear 2-7-2021, 8:10:43 AM
MonkeyDLuffy(MonkeyDLuffy) used a dead_bear 2-7-2021, 8:10:43 AM
MonkeyDLuffy(MonkeyDLuffy) used a dead_bear 2-7-2021, 8:10:43 AM
MonkeyDLuffy(MonkeyDLuffy) used a dead_bear 2-7-2021, 8:10:43 AM
MonkeyDLuffy(MonkeyDLuffy) used a dead_bear 2-7-2021, 8:10:46 AM
MonkeyDLuffy(MonkeyDLuffy) used a dead_bear 2-7-2021, 8:10:46 AM
MonkeyDLuffy(MonkeyDLuffy) used a dead_bear 2-7-2021, 8:10:46 AM
MonkeyDLuffy(MonkeyDLuffy) used a dead_bear 2-7-2021, 8:10:46 AM
MonkeyDLuffy(MonkeyDLuffy) used a dead_bear 2-7-2021, 8:10:47 AM
MonkeyDLuffy(MonkeyDLuffy) used a dead_bear 2-7-2021, 8:10:47 AM
MonkeyDLuffy(MonkeyDLuffy) used a dead_bear 2-7-2021, 8:10:47 AM
MonkeyDLuffy(MonkeyDLuffy) used a dead_bear 2-7-2021, 8:10:48 AM
MonkeyDLuffy(MonkeyDLuffy) used a dead_bear 2-7-2021, 8:10:48 AM
MonkeyDLuffy(MonkeyDLuffy) used a dead_bear 2-7-2021, 8:10:48 AM
MonkeyDLuffy(MonkeyDLuffy) used a dead_bear 2-7-2021, 8:10:48 AM
MonkeyDLuffy(MonkeyDLuffy) used a dead_bear 2-7-2021, 8:10:49 AM
MonkeyDLuffy(MonkeyDLuffy) used a dead_bear 2-7-2021, 8:10:49 AM
MonkeyDLuffy(MonkeyDLuffy) used a dead_bear 2-7-2021, 8:10:49 AM
MonkeyDLuffy(MonkeyDLuffy) used a dead_bear 2-7-2021, 8:10:49 AM
MonkeyDLuffy(MonkeyDLuffy) used a dead_bear 2-7-2021, 8:10:50 AM
MonkeyDLuffy(MonkeyDLuffy) used a dead_bear 2-7-2021, 8:10:50 AM
MonkeyDLuffy(MonkeyDLuffy) used a dead_bear 2-7-2021, 8:10:50 AM
MonkeyDLuffy(MonkeyDLuffy) used a dead_bear 2-7-2021, 8:10:50 AM
MonkeyDLuffy(MonkeyDLuffy) used a dead_bear 2-7-2021, 8:10:51 AM
MonkeyDLuffy(MonkeyDLuffy) used a dead_bear 2-7-2021, 8:10:53 AM
MonkeyDLuffy(MonkeyDLuffy) used a dead_bear 2-7-2021, 8:10:53 AM
MonkeyDLuffy(MonkeyDLuffy) used a dead_bear 2-7-2021, 8:10:53 AM
MonkeyDLuffy(MonkeyDLuffy) used a dead_bear 2-7-2021, 8:10:54 AM
MonkeyDLuffy(MonkeyDLuffy) used a dead_bear 2-7-2021, 8:10:56 AM
MonkeyDLuffy(MonkeyDLuffy) used a dead_bear 2-7-2021, 8:10:56 AM
MonkeyDLuffy(MonkeyDLuffy) used a dead_bear 2-7-2021, 8:10:56 AM
MonkeyDLuffy(MonkeyDLuffy) used a dead_bear 2-7-2021, 8:10:57 AM
MonkeyDLuffy(MonkeyDLuffy) used a dead_bear 2-7-2021, 8:10:57 AM
MonkeyDLuffy(MonkeyDLuffy) used a dead_bear 2-7-2021, 8:10:57 AM
MonkeyDLuffy(MonkeyDLuffy) used a dead_bear 2-7-2021, 8:10:57 AM
MonkeyDLuffy(MonkeyDLuffy) used a dead_bear 2-7-2021, 8:10:58 AM
MonkeyDLuffy(MonkeyDLuffy) used a dead_bear 2-7-2021, 8:10:58 AM
MonkeyDLuffy(MonkeyDLuffy) used a dead_bear 2-7-2021, 8:10:58 AM
MonkeyDLuffy(MonkeyDLuffy) used a dead_bear 2-7-2021, 8:10:58 AM
MonkeyDLuffy(MonkeyDLuffy) used a dead_bear 2-7-2021, 8:11:05 AM
MonkeyDLuffy(MonkeyDLuffy) used a dead_gorilla 2-7-2021, 8:11:17 AM
MonkeyDLuffy(MonkeyDLuffy) used a dead_gorilla 2-7-2021, 8:11:17 AM
MonkeyDLuffy(MonkeyDLuffy) used a dead_gorilla 2-7-2021, 8:11:17 AM
MonkeyDLuffy(MonkeyDLuffy) used a dead_gorilla 2-7-2021, 8:11:17 AM
MonkeyDLuffy(MonkeyDLuffy) used a dead_gorilla 2-7-2021, 8:11:18 AM
MonkeyDLuffy(MonkeyDLuffy) used a dead_gorilla 2-7-2021, 8:11:18 AM
MonkeyDLuffy(MonkeyDLuffy) used a dead_gorilla 2-7-2021, 8:11:18 AM
MonkeyDLuffy(MonkeyDLuffy) used a dead_gorilla 2-7-2021, 8:11:18 AM
MonkeyDLuffy(MonkeyDLuffy) used a dead_gorilla 2-7-2021, 8:11:19 AM
MonkeyDLuffy(MonkeyDLuffy) used a dead_gorilla 2-7-2021, 8:11:19 AM
MonkeyDLuffy(MonkeyDLuffy) used a dead_gorilla 2-7-2021, 8:11:19 AM
MonkeyDLuffy(MonkeyDLuffy) used a dead_gorilla 2-7-2021, 8:11:19 AM
MonkeyDLuffy(MonkeyDLuffy) used a dead_gorilla 2-7-2021, 8:11:19 AM
MonkeyDLuffy(MonkeyDLuffy) used a dead_gorilla 2-7-2021, 8:11:20 AM
MonkeyDLuffy(MonkeyDLuffy) used a dead_gorilla 2-7-2021, 8:11:20 AM
MonkeyDLuffy(MonkeyDLuffy) used a dead_gorilla 2-7-2021, 8:11:20 AM
MonkeyDLuffy(MonkeyDLuffy) used a dead_gorilla 2-7-2021, 8:11:20 AM
MonkeyDLuffy(MonkeyDLuffy) used a dead_gorilla 2-7-2021, 8:11:21 AM
MonkeyDLuffy(MonkeyDLuffy) used a dead_gorilla 2-7-2021, 8:11:21 AM
MonkeyDLuffy(MonkeyDLuffy) used a dead_gorilla 2-7-2021, 8:11:21 AM
MonkeyDLuffy(MonkeyDLuffy) used a dead_gorilla 2-7-2021, 8:11:21 AM
MonkeyDLuffy(MonkeyDLuffy) used a dead_gorilla 2-7-2021, 8:11:22 AM
MonkeyDLuffy(MonkeyDLuffy) used a dead_gorilla 2-7-2021, 8:11:22 AM
MonkeyDLuffy(MonkeyDLuffy) used a dead_gorilla 2-7-2021, 8:11:22 AM
MonkeyDLuffy(MonkeyDLuffy) used a dead_gorilla 2-7-2021, 8:11:22 AM
MonkeyDLuffy(MonkeyDLuffy) used a dead_gorilla 2-7-2021, 8:11:23 AM
MonkeyDLuffy(MonkeyDLuffy) used a dead_gorilla 2-7-2021, 8:11:23 AM
MonkeyDLuffy(MonkeyDLuffy) used a dead_gorilla 2-7-2021, 8:11:23 AM
MonkeyDLuffy(MonkeyDLuffy) used a dead_gorilla 2-7-2021, 8:11:23 AM
MonkeyDLuffy(MonkeyDLuffy) used a dead_gorilla 2-7-2021, 8:11:23 AM
MonkeyDLuffy(MonkeyDLuffy) used a dead_gorilla 2-7-2021, 8:11:40 AM
MonkeyDLuffy(MonkeyDLuffy) used a dead_gorilla 2-7-2021, 8:11:40 AM
MonkeyDLuffy(MonkeyDLuffy) used a dead_gorilla 2-7-2021, 8:11:41 AM
MonkeyDLuffy(MonkeyDLuffy) used a dead_gorilla 2-7-2021, 8:11:41 AM
MonkeyDLuffy(MonkeyDLuffy) used a dead_gorilla 2-7-2021, 8:11:42 AM
MonkeyDLuffy(MonkeyDLuffy) used a dead_gorilla 2-7-2021, 8:11:42 AM
MonkeyDLuffy(MonkeyDLuffy) used a dead_gorilla 2-7-2021, 8:11:42 AM
MonkeyDLuffy(MonkeyDLuffy) used a dead_gorilla 2-7-2021, 8:11:42 AM
MonkeyDLuffy(MonkeyDLuffy) used a dead_gorilla 2-7-2021, 8:11:43 AM
MonkeyDLuffy(MonkeyDLuffy) used a dead_gorilla 2-7-2021, 8:11:43 AM
MonkeyDLuffy(MonkeyDLuffy) used a dead_gorilla 2-7-2021, 8:11:43 AM
MonkeyDLuffy(MonkeyDLuffy) used a dead_gorilla 2-7-2021, 8:11:43 AM
MonkeyDLuffy(MonkeyDLuffy) used a dead_gorilla 2-7-2021, 8:11:44 AM
MonkeyDLuffy(MonkeyDLuffy) used a dead_gorilla 2-7-2021, 8:11:44 AM
MonkeyDLuffy(MonkeyDLuffy) used a dead_gorilla 2-7-2021, 8:11:45 AM
MonkeyDLuffy(MonkeyDLuffy) used a dead_gorilla 2-7-2021, 8:11:45 AM
MonkeyDLuffy(MonkeyDLuffy) used a dead_gorilla 2-7-2021, 8:11:45 AM
MonkeyDLuffy(MonkeyDLuffy) used a dead_gorilla 2-7-2021, 8:11:45 AM
MonkeyDLuffy(MonkeyDLuffy) used a dead_gorilla 2-7-2021, 8:11:46 AM
MonkeyDLuffy(MonkeyDLuffy) used a dead_gorilla 2-7-2021, 8:11:46 AM
MonkeyDLuffy(MonkeyDLuffy) used a dead_gorilla 2-7-2021, 8:11:46 AM
MonkeyDLuffy(MonkeyDLuffy) used a dead_gorilla 2-7-2021, 8:11:46 AM
MonkeyDLuffy(MonkeyDLuffy) used a dead_gorilla 2-7-2021, 8:11:47 AM
MonkeyDLuffy(MonkeyDLuffy) used a dead_gorilla 2-7-2021, 8:11:47 AM
MonkeyDLuffy(MonkeyDLuffy) used a dead_gorilla 2-7-2021, 8:11:47 AM
MonkeyDLuffy(MonkeyDLuffy) used a dead_gorilla 2-7-2021, 8:11:47 AM
MonkeyDLuffy(MonkeyDLuffy) used a dead_gorilla 2-7-2021, 8:11:48 AM
MonkeyDLuffy(MonkeyDLuffy) used a dead_gorilla 2-7-2021, 8:11:48 AM
MonkeyDLuffy(MonkeyDLuffy) used a dead_gorilla 2-7-2021, 8:11:48 AM
MonkeyDLuffy(MonkeyDLuffy) used a dead_gorilla 2-7-2021, 8:11:48 AM
MonkeyDLuffy(MonkeyDLuffy) used a dead_gorilla 2-7-2021, 8:11:49 AM
MonkeyDLuffy(MonkeyDLuffy) used a dead_gorilla 2-7-2021, 8:11:49 AM
MonkeyDLuffy(MonkeyDLuffy) used a dead_gorilla 2-7-2021, 8:11:49 AM
MonkeyDLuffy(MonkeyDLuffy) used a dead_gorilla 2-7-2021, 8:11:50 AM
MonkeyDLuffy(MonkeyDLuffy) used a dead_gorilla 2-7-2021, 8:11:50 AM
MonkeyDLuffy(MonkeyDLuffy) used a dead_gorilla 2-7-2021, 8:11:50 AM
MonkeyDLuffy(MonkeyDLuffy) used a dead_gorilla 2-7-2021, 8:11:50 AM
MonkeyDLuffy(MonkeyDLuffy) used a dead_gorilla 2-7-2021, 8:11:51 AM
MonkeyDLuffy(MonkeyDLuffy) used a dead_gorilla 2-7-2021, 8:11:51 AM
MonkeyDLuffy(MonkeyDLuffy) used a dead_gorilla 2-7-2021, 8:11:51 AM
MonkeyDLuffy(MonkeyDLuffy) used a dead_gorilla 2-7-2021, 8:11:51 AM
MonkeyDLuffy(MonkeyDLuffy) used a dead_gorilla 2-7-2021, 8:11:51 AM
MonkeyDLuffy(MonkeyDLuffy) used a dead_gorilla 2-7-2021, 8:11:52 AM
MonkeyDLuffy(MonkeyDLuffy) used a dead_gorilla 2-7-2021, 8:11:52 AM
MonkeyDLuffy(MonkeyDLuffy) used a dead_gorilla 2-7-2021, 8:11:52 AM
MonkeyDLuffy(MonkeyDLuffy) used a dead_gorilla 2-7-2021, 8:11:53 AM
MonkeyDLuffy(MonkeyDLuffy) used a dead_gorilla 2-7-2021, 8:11:53 AM
MonkeyDLuffy(MonkeyDLuffy) used a dead_gorilla 2-7-2021, 8:11:53 AM
MonkeyDLuffy(MonkeyDLuffy) used a dead_gorilla 2-7-2021, 8:11:54 AM
MonkeyDLuffy(MonkeyDLuffy) used a dead_gorilla 2-7-2021, 8:11:54 AM
MonkeyDLuffy(MonkeyDLuffy) used a dead_gorilla 2-7-2021, 8:11:54 AM
MonkeyDLuffy(MonkeyDLuffy) used a dead_gorilla 2-7-2021, 8:11:54 AM
MonkeyDLuffy(MonkeyDLuffy) used a dead_gorilla 2-7-2021, 8:11:55 AM
MonkeyDLuffy(MonkeyDLuffy) used a dead_gorilla 2-7-2021, 8:11:55 AM
MonkeyDLuffy(MonkeyDLuffy) used a dead_gorilla 2-7-2021, 8:11:55 AM
MonkeyDLuffy(MonkeyDLuffy) used a dead_gorilla 2-7-2021, 8:11:55 AM
MonkeyDLuffy(MonkeyDLuffy) used a dead_gorilla 2-7-2021, 8:11:56 AM
MonkeyDLuffy(MonkeyDLuffy) used a dead_gorilla 2-7-2021, 8:11:56 AM
MonkeyDLuffy(MonkeyDLuffy) used a dead_gorilla 2-7-2021, 8:11:56 AM
MonkeyDLuffy(MonkeyDLuffy) used a dead_gorilla 2-7-2021, 8:11:57 AM
MonkeyDLuffy(MonkeyDLuffy) used a dead_gorilla 2-7-2021, 8:11:57 AM
MonkeyDLuffy(MonkeyDLuffy) used a dead_gorilla 2-7-2021, 8:11:57 AM
MonkeyDLuffy(MonkeyDLuffy) used a dead_gorilla 2-7-2021, 8:11:58 AM
MonkeyDLuffy(MonkeyDLuffy) used a dead_gorilla 2-7-2021, 8:11:58 AM
MonkeyDLuffy(MonkeyDLuffy) used a dead_gorilla 2-7-2021, 8:11:58 AM
MonkeyDLuffy(MonkeyDLuffy) used a dead_gorilla 2-7-2021, 8:11:58 AM
MonkeyDLuffy(MonkeyDLuffy) used a dead_gorilla 2-7-2021, 8:11:59 AM
MonkeyDLuffy(MonkeyDLuffy) used a dead_gorilla 2-7-2021, 8:11:59 AM
MonkeyDLuffy(MonkeyDLuffy) used a dead_gorilla 2-7-2021, 8:11:59 AM
MonkeyDLuffy(MonkeyDLuffy) used a dead_gorilla 2-7-2021, 8:11:59 AM
MonkeyDLuffy(MonkeyDLuffy) used a dead_gorilla 2-7-2021, 8:12:00 AM
MonkeyDLuffy(MonkeyDLuffy) used a dead_gorilla 2-7-2021, 8:12:00 AM
MonkeyDLuffy(MonkeyDLuffy) used a dead_gorilla 2-7-2021, 8:12:00 AM
MonkeyDLuffy(MonkeyDLuffy) used a dead_gorilla 2-7-2021, 8:12:00 AM
MonkeyDLuffy(MonkeyDLuffy) used a dead_gorilla 2-7-2021, 8:12:01 AM
MonkeyDLuffy(MonkeyDLuffy) used a dead_gorilla 2-7-2021, 8:12:01 AM
MonkeyDLuffy(MonkeyDLuffy) used a dead_gorilla 2-7-2021, 8:12:01 AM
MonkeyDLuffy(MonkeyDLuffy) used a dead_gorilla 2-7-2021, 8:12:01 AM
MonkeyDLuffy(MonkeyDLuffy) used a dead_gorilla 2-7-2021, 8:12:02 AM
MonkeyDLuffy(MonkeyDLuffy) used a dead_gorilla 2-7-2021, 8:12:02 AM
MonkeyDLuffy(MonkeyDLuffy) used a dead_gorilla 2-7-2021, 8:12:02 AM
MonkeyDLuffy(MonkeyDLuffy) used a dead_gorilla 2-7-2021, 8:12:03 AM
MonkeyDLuffy(MonkeyDLuffy) used a dead_gorilla 2-7-2021, 8:12:03 AM
MonkeyDLuffy(MonkeyDLuffy) used a dead_gorilla 2-7-2021, 8:12:03 AM
MonkeyDLuffy(MonkeyDLuffy) used a dead_gorilla 2-7-2021, 8:12:04 AM
MonkeyDLuffy(MonkeyDLuffy) used a dead_gorilla 2-7-2021, 8:12:04 AM
MonkeyDLuffy(MonkeyDLuffy) used a dead_gorilla 2-7-2021, 8:12:04 AM
MonkeyDLuffy(MonkeyDLuffy) used a dead_gorilla 2-7-2021, 8:12:04 AM
MonkeyDLuffy(MonkeyDLuffy) used a dead_gorilla 2-7-2021, 8:12:05 AM
MonkeyDLuffy(MonkeyDLuffy) used a dead_gorilla 2-7-2021, 8:12:05 AM
MonkeyDLuffy(MonkeyDLuffy) used a dead_gorilla 2-7-2021, 8:12:05 AM
MonkeyDLuffy(MonkeyDLuffy) used a dead_gorilla 2-7-2021, 8:12:06 AM
MonkeyDLuffy(MonkeyDLuffy) used a dead_gorilla 2-7-2021, 8:12:06 AM
MonkeyDLuffy(MonkeyDLuffy) used a dead_gorilla 2-7-2021, 8:12:06 AM
MonkeyDLuffy(MonkeyDLuffy) used a dead_gorilla 2-7-2021, 8:12:06 AM
MonkeyDLuffy(MonkeyDLuffy) used a dead_gorilla 2-7-2021, 8:12:07 AM
MonkeyDLuffy(MonkeyDLuffy) used a dead_gorilla 2-7-2021, 8:12:07 AM
MonkeyDLuffy(MonkeyDLuffy) used a dead_gorilla 2-7-2021, 8:12:07 AM
MonkeyDLuffy(MonkeyDLuffy) used a dead_gorilla 2-7-2021, 8:12:07 AM
MonkeyDLuffy(MonkeyDLuffy) used a dead_gorilla 2-7-2021, 8:12:07 AM
MonkeyDLuffy(MonkeyDLuffy) used a dead_gorilla 2-7-2021, 8:12:08 AM
MonkeyDLuffy(MonkeyDLuffy) used a dead_gorilla 2-7-2021, 8:12:08 AM
MonkeyDLuffy(MonkeyDLuffy) used a dead_gorilla 2-7-2021, 8:12:08 AM
MonkeyDLuffy(MonkeyDLuffy) used a dead_gorilla 2-7-2021, 8:12:09 AM
MonkeyDLuffy(MonkeyDLuffy) used a dead_gorilla 2-7-2021, 8:12:09 AM
MonkeyDLuffy(MonkeyDLuffy) used a dead_gorilla 2-7-2021, 8:12:09 AM
MonkeyDLuffy(MonkeyDLuffy) used a dead_gorilla 2-7-2021, 8:12:09 AM
MonkeyDLuffy(MonkeyDLuffy) used a dead_gorilla 2-7-2021, 8:12:09 AM
MonkeyDLuffy(MonkeyDLuffy) used a dead_gorilla 2-7-2021, 8:12:10 AM
MonkeyDLuffy(MonkeyDLuffy) used a dead_gorilla 2-7-2021, 8:12:10 AM
MonkeyDLuffy(MonkeyDLuffy) used a dead_gorilla 2-7-2021, 8:12:10 AM
MonkeyDLuffy(MonkeyDLuffy) used a dead_gorilla 2-7-2021, 8:12:11 AM
MonkeyDLuffy(MonkeyDLuffy) used a dead_gorilla 2-7-2021, 8:12:11 AM
MonkeyDLuffy(MonkeyDLuffy) used a dead_gorilla 2-7-2021, 8:12:11 AM
MonkeyDLuffy(MonkeyDLuffy) used a dead_gorilla 2-7-2021, 8:12:11 AM
MonkeyDLuffy(MonkeyDLuffy) used a dead_gorilla 2-7-2021, 8:12:11 AM
MonkeyDLuffy(MonkeyDLuffy) used a dead_gorilla 2-7-2021, 8:12:12 AM
MonkeyDLuffy(MonkeyDLuffy) used a dead_gorilla 2-7-2021, 8:12:12 AM
MonkeyDLuffy(MonkeyDLuffy) used a dead_gorilla 2-7-2021, 8:12:12 AM
MonkeyDLuffy(MonkeyDLuffy) used a dead_gorilla 2-7-2021, 8:12:12 AM
MonkeyDLuffy(MonkeyDLuffy) used a dead_gorilla 2-7-2021, 8:12:13 AM
MonkeyDLuffy(MonkeyDLuffy) used a dead_gorilla 2-7-2021, 8:12:13 AM
MonkeyDLuffy(MonkeyDLuffy) used a dead_gorilla 2-7-2021, 8:12:13 AM
MonkeyDLuffy(MonkeyDLuffy) used a dead_gorilla 2-7-2021, 8:12:13 AM
MonkeyDLuffy(MonkeyDLuffy) used a dead_gorilla 2-7-2021, 8:12:14 AM
MonkeyDLuffy(MonkeyDLuffy) used a dead_gorilla 2-7-2021, 8:12:14 AM
MonkeyDLuffy(MonkeyDLuffy) used a dead_gorilla 2-7-2021, 8:12:14 AM
MonkeyDLuffy(MonkeyDLuffy) used a dead_gorilla 2-7-2021, 8:12:14 AM
MonkeyDLuffy(MonkeyDLuffy) used a dead_gorilla 2-7-2021, 8:12:15 AM
MonkeyDLuffy(MonkeyDLuffy) used a dead_gorilla 2-7-2021, 8:12:15 AM
MonkeyDLuffy(MonkeyDLuffy) used a dead_gorilla 2-7-2021, 8:12:15 AM
MonkeyDLuffy(MonkeyDLuffy) used a dead_gorilla 2-7-2021, 8:12:15 AM
MonkeyDLuffy(MonkeyDLuffy) used a dead_gorilla 2-7-2021, 8:12:15 AM
MonkeyDLuffy(MonkeyDLuffy) used a dead_gorilla 2-7-2021, 8:12:16 AM
MonkeyDLuffy(MonkeyDLuffy) used a dead_gorilla 2-7-2021, 8:12:16 AM
MonkeyDLuffy(MonkeyDLuffy) used a dead_gorilla 2-7-2021, 8:12:16 AM
MonkeyDLuffy(MonkeyDLuffy) used a dead_gorilla 2-7-2021, 8:12:16 AM
MonkeyDLuffy(MonkeyDLuffy) used a dead_gorilla 2-7-2021, 8:12:17 AM
MonkeyDLuffy(MonkeyDLuffy) used a dead_gorilla 2-7-2021, 8:12:17 AM
MonkeyDLuffy(MonkeyDLuffy) used a dead_gorilla 2-7-2021, 8:12:17 AM
MonkeyDLuffy(MonkeyDLuffy) used a dead_gorilla 2-7-2021, 8:12:17 AM
MonkeyDLuffy(MonkeyDLuffy) used a dead_gorilla 2-7-2021, 8:12:18 AM
MonkeyDLuffy(MonkeyDLuffy) used a dead_gorilla 2-7-2021, 8:12:18 AM
MonkeyDLuffy(MonkeyDLuffy) used a dead_gorilla 2-7-2021, 8:12:18 AM
MonkeyDLuffy(MonkeyDLuffy) used a dead_gorilla 2-7-2021, 8:12:18 AM
MonkeyDLuffy(MonkeyDLuffy) used a dead_gorilla 2-7-2021, 8:12:19 AM
MonkeyDLuffy(MonkeyDLuffy) used a dead_gorilla 2-7-2021, 8:12:19 AM
MonkeyDLuffy(MonkeyDLuffy) used a dead_gorilla 2-7-2021, 8:12:19 AM
MonkeyDLuffy(MonkeyDLuffy) used a dead_gorilla 2-7-2021, 8:12:19 AM
MonkeyDLuffy(MonkeyDLuffy) used a dead_gorilla 2-7-2021, 8:12:20 AM
MonkeyDLuffy(MonkeyDLuffy) used a dead_gorilla 2-7-2021, 8:12:20 AM
MonkeyDLuffy(MonkeyDLuffy) used a dead_gorilla 2-7-2021, 8:12:20 AM
MonkeyDLuffy(MonkeyDLuffy) used a dead_gorilla 2-7-2021, 8:12:20 AM
MonkeyDLuffy(MonkeyDLuffy) used a dead_gorilla 2-7-2021, 8:12:21 AM
MonkeyDLuffy(MonkeyDLuffy) used a dead_gorilla 2-7-2021, 8:12:21 AM
MonkeyDLuffy(MonkeyDLuffy) used a dead_gorilla 2-7-2021, 8:12:21 AM
MonkeyDLuffy(MonkeyDLuffy) used a dead_gorilla 2-7-2021, 8:12:22 AM
MonkeyDLuffy(MonkeyDLuffy) used a dead_gorilla 2-7-2021, 8:12:22 AM
MonkeyDLuffy(MonkeyDLuffy) used a dead_gorilla 2-7-2021, 8:12:22 AM
MonkeyDLuffy(MonkeyDLuffy) used a dead_gorilla 2-7-2021, 8:12:22 AM
MonkeyDLuffy(MonkeyDLuffy) used a dead_gorilla 2-7-2021, 8:12:23 AM
MonkeyDLuffy(MonkeyDLuffy) used a dead_gorilla 2-7-2021, 8:12:23 AM
MonkeyDLuffy(MonkeyDLuffy) used a dead_gorilla 2-7-2021, 8:12:23 AM
MonkeyDLuffy(MonkeyDLuffy) used a dead_gorilla 2-7-2021, 8:12:23 AM
MonkeyDLuffy(MonkeyDLuffy) used a dead_gorilla 2-7-2021, 8:12:24 AM
MonkeyDLuffy(MonkeyDLuffy) used a dead_gorilla 2-7-2021, 8:12:24 AM
MonkeyDLuffy(MonkeyDLuffy) used a dead_gorilla 2-7-2021, 8:12:24 AM
MonkeyDLuffy(MonkeyDLuffy) used a dead_gorilla 2-7-2021, 8:12:24 AM
MonkeyDLuffy(MonkeyDLuffy) used a dead_gorilla 2-7-2021, 8:12:25 AM
MonkeyDLuffy(MonkeyDLuffy) used a dead_gorilla 2-7-2021, 8:12:25 AM
MonkeyDLuffy(MonkeyDLuffy) used a dead_gorilla 2-7-2021, 8:12:25 AM
MonkeyDLuffy(MonkeyDLuffy) used a dead_gorilla 2-7-2021, 8:12:25 AM
MonkeyDLuffy(MonkeyDLuffy) used a dead_gorilla 2-7-2021, 8:12:26 AM
MonkeyDLuffy(MonkeyDLuffy) used a dead_gorilla 2-7-2021, 8:12:26 AM
MonkeyDLuffy(MonkeyDLuffy) used a dead_gorilla 2-7-2021, 8:12:26 AM
MonkeyDLuffy(MonkeyDLuffy) used a dead_gorilla 2-7-2021, 8:12:26 AM
MonkeyDLuffy(MonkeyDLuffy) used a dead_gorilla 2-7-2021, 8:12:27 AM
MonkeyDLuffy(MonkeyDLuffy) used a dead_gorilla 2-7-2021, 8:12:27 AM
MonkeyDLuffy(MonkeyDLuffy) used a dead_gorilla 2-7-2021, 8:12:27 AM
MonkeyDLuffy(MonkeyDLuffy) used a dead_gorilla 2-7-2021, 8:12:27 AM
MonkeyDLuffy(MonkeyDLuffy) used a dead_gorilla 2-7-2021, 8:12:31 AM
MonkeyDLuffy(MonkeyDLuffy) used a dead_gorilla 2-7-2021, 8:12:31 AM
MonkeyDLuffy(MonkeyDLuffy) used a dead_gorilla 2-7-2021, 8:12:31 AM
MonkeyDLuffy(MonkeyDLuffy) used a dead_gorilla 2-7-2021, 8:12:31 AM
MonkeyDLuffy(MonkeyDLuffy) used a dead_gorilla 2-7-2021, 8:12:32 AM
MonkeyDLuffy(MonkeyDLuffy) used a dead_gorilla 2-7-2021, 8:12:32 AM
MonkeyDLuffy(MonkeyDLuffy) used a dead_gorilla 2-7-2021, 8:12:41 AM
MonkeyDLuffy(MonkeyDLuffy) used a dead_gorilla 2-7-2021, 8:12:42 AM
MonkeyDLuffy(MonkeyDLuffy) used a dead_gorilla 2-7-2021, 8:12:42 AM
MonkeyDLuffy(MonkeyDLuffy) used a dead_gorilla 2-7-2021, 8:12:42 AM
MonkeyDLuffy(MonkeyDLuffy) used a dead_gorilla 2-7-2021, 8:12:42 AM
MonkeyDLuffy(MonkeyDLuffy) used a dead_gorilla 2-7-2021, 8:12:42 AM
MonkeyDLuffy(MonkeyDLuffy) used a dead_gorilla 2-7-2021, 8:12:43 AM
MonkeyDLuffy(MonkeyDLuffy) used a dead_gorilla 2-7-2021, 8:12:43 AM
MonkeyDLuffy(MonkeyDLuffy) used a dead_gorilla 2-7-2021, 8:12:43 AM
MonkeyDLuffy(MonkeyDLuffy) used a dead_gorilla 2-7-2021, 8:12:43 AM
MonkeyDLuffy(MonkeyDLuffy) used a dead_gorilla 2-7-2021, 8:12:44 AM
MonkeyDLuffy(MonkeyDLuffy) used a dead_gorilla 2-7-2021, 8:12:44 AM
MonkeyDLuffy(MonkeyDLuffy) used a dead_gorilla 2-7-2021, 8:12:44 AM
MonkeyDLuffy(MonkeyDLuffy) used a dead_gorilla 2-7-2021, 8:12:44 AM
MonkeyDLuffy(MonkeyDLuffy) used a dead_gorilla 2-7-2021, 8:12:45 AM
MonkeyDLuffy(MonkeyDLuffy) used a dead_gorilla 2-7-2021, 8:12:45 AM
MonkeyDLuffy(MonkeyDLuffy) used a dead_gorilla 2-7-2021, 8:12:45 AM
MonkeyDLuffy(MonkeyDLuffy) used a dead_gorilla 2-7-2021, 8:12:45 AM
MonkeyDLuffy(MonkeyDLuffy) used a dead_gorilla 2-7-2021, 8:12:46 AM
MonkeyDLuffy(MonkeyDLuffy) used a dead_gorilla 2-7-2021, 8:12:46 AM
MonkeyDLuffy(MonkeyDLuffy) used a dead_gorilla 2-7-2021, 8:12:46 AM
MonkeyDLuffy(MonkeyDLuffy) used a dead_gorilla 2-7-2021, 8:12:46 AM
MonkeyDLuffy(MonkeyDLuffy) used a dead_gorilla 2-7-2021, 8:12:47 AM
MonkeyDLuffy(MonkeyDLuffy) used a dead_gorilla 2-7-2021, 8:12:47 AM
MonkeyDLuffy(MonkeyDLuffy) used a dead_gorilla 2-7-2021, 8:12:47 AM
MonkeyDLuffy(MonkeyDLuffy) used a dead_gorilla 2-7-2021, 8:12:47 AM
MonkeyDLuffy(MonkeyDLuffy) used a dead_gorilla 2-7-2021, 8:12:48 AM
MonkeyDLuffy(MonkeyDLuffy) used a dead_gorilla 2-7-2021, 8:12:48 AM
MonkeyDLuffy(MonkeyDLuffy) used a dead_gorilla 2-7-2021, 8:12:48 AM
MonkeyDLuffy(MonkeyDLuffy) used a dead_gorilla 2-7-2021, 8:12:48 AM
MonkeyDLuffy(MonkeyDLuffy) used a dead_gorilla 2-7-2021, 8:12:49 AM
MonkeyDLuffy(MonkeyDLuffy) used a dead_gorilla 2-7-2021, 8:12:49 AM
MonkeyDLuffy(MonkeyDLuffy) used a dead_gorilla 2-7-2021, 8:12:49 AM
MonkeyDLuffy(MonkeyDLuffy) used a dead_gorilla 2-7-2021, 8:12:49 AM
MonkeyDLuffy(MonkeyDLuffy) used a dead_gorilla 2-7-2021, 8:12:50 AM
MonkeyDLuffy(MonkeyDLuffy) used a dead_gorilla 2-7-2021, 8:12:50 AM
MonkeyDLuffy(MonkeyDLuffy) used a dead_gorilla 2-7-2021, 8:12:50 AM
MonkeyDLuffy(MonkeyDLuffy) used a dead_gorilla 2-7-2021, 8:12:50 AM
MonkeyDLuffy(MonkeyDLuffy) used a dead_gorilla 2-7-2021, 8:12:51 AM
MonkeyDLuffy(MonkeyDLuffy) used a dead_gorilla 2-7-2021, 8:12:51 AM
MonkeyDLuffy(MonkeyDLuffy) used a dead_gorilla 2-7-2021, 8:12:51 AM
MonkeyDLuffy(MonkeyDLuffy) used a dead_gorilla 2-7-2021, 8:12:54 AM
MonkeyDLuffy(MonkeyDLuffy) used a dead_gorilla 2-7-2021, 8:12:54 AM
MonkeyDLuffy(MonkeyDLuffy) used a dead_gorilla 2-7-2021, 8:12:54 AM
MonkeyDLuffy(MonkeyDLuffy) used a dead_gorilla 2-7-2021, 8:12:55 AM
MonkeyDLuffy(MonkeyDLuffy) used a dead_gorilla 2-7-2021, 8:12:55 AM
MonkeyDLuffy(MonkeyDLuffy) used a dead_gorilla 2-7-2021, 8:12:55 AM
MonkeyDLuffy(MonkeyDLuffy) used a dead_gorilla 2-7-2021, 8:12:55 AM
MonkeyDLuffy(MonkeyDLuffy) used a dead_gorilla 2-7-2021, 8:12:56 AM
MonkeyDLuffy(MonkeyDLuffy) used a dead_gorilla 2-7-2021, 8:12:56 AM
MonkeyDLuffy(MonkeyDLuffy) used a dead_gorilla 2-7-2021, 8:12:56 AM
MonkeyDLuffy(MonkeyDLuffy) used a dead_gorilla 2-7-2021, 8:12:56 AM
MonkeyDLuffy(MonkeyDLuffy) used a dead_gorilla 2-7-2021, 8:12:57 AM
MonkeyDLuffy(MonkeyDLuffy) used a dead_gorilla 2-7-2021, 8:12:57 AM
MonkeyDLuffy(MonkeyDLuffy) used a dead_gorilla 2-7-2021, 8:12:57 AM
MonkeyDLuffy(MonkeyDLuffy) used a dead_gorilla 2-7-2021, 8:12:57 AM
MonkeyDLuffy(MonkeyDLuffy) used a shield 2-7-2021, 8:17:30 AM
MonkeyDLuffy(MonkeyDLuffy) used a shield 2-7-2021, 8:17:30 AM
MonkeyDLuffy(MonkeyDLuffy) used a shield 2-7-2021, 8:17:30 AM
MonkeyDLuffy(MonkeyDLuffy) used a shield 2-7-2021, 8:17:30 AM
MonkeyDLuffy(MonkeyDLuffy) used a shield 2-7-2021, 8:17:31 AM
MonkeyDLuffy(MonkeyDLuffy) used a shield 2-7-2021, 8:17:31 AM
MonkeyDLuffy(MonkeyDLuffy) used a shield 2-7-2021, 8:17:31 AM
MonkeyDLuffy(MonkeyDLuffy) used a shield 2-7-2021, 8:17:31 AM
MonkeyDLuffy(MonkeyDLuffy) used a shield 2-7-2021, 8:17:31 AM
MonkeyDLuffy(MonkeyDLuffy) used a shield 2-7-2021, 8:17:32 AM
MonkeyDLuffy(MonkeyDLuffy) used a shield 2-7-2021, 8:17:32 AM
MonkeyDLuffy(MonkeyDLuffy) used a shield 2-7-2021, 8:17:32 AM
MonkeyDLuffy(MonkeyDLuffy) used a shield 2-7-2021, 8:17:33 AM
MonkeyDLuffy(MonkeyDLuffy) used a shield 2-7-2021, 8:17:33 AM
MonkeyDLuffy(MonkeyDLuffy) used a shield 2-7-2021, 8:17:33 AM
MonkeyDLuffy(MonkeyDLuffy) used a shield 2-7-2021, 8:17:34 AM
MonkeyDLuffy(MonkeyDLuffy) used a shield 2-7-2021, 8:17:34 AM
MonkeyDLuffy(MonkeyDLuffy) used a shield 2-7-2021, 8:17:34 AM
MonkeyDLuffy(MonkeyDLuffy) used a shield 2-7-2021, 8:17:34 AM
MonkeyDLuffy(MonkeyDLuffy) used a shield 2-7-2021, 8:17:34 AM
MonkeyDLuffy(MonkeyDLuffy) used a shield 2-7-2021, 8:17:34 AM
MonkeyDLuffy(MonkeyDLuffy) used a shield 2-7-2021, 8:17:34 AM
MonkeyDLuffy(MonkeyDLuffy) used a shield 2-7-2021, 8:17:35 AM
MonkeyDLuffy(MonkeyDLuffy) used a shield 2-7-2021, 8:17:35 AM
MonkeyDLuffy(MonkeyDLuffy) used a shield 2-7-2021, 8:17:35 AM
MonkeyDLuffy(MonkeyDLuffy) used a shield 2-7-2021, 8:17:36 AM
MonkeyDLuffy(MonkeyDLuffy) used a shield 2-7-2021, 8:17:36 AM
MonkeyDLuffy(MonkeyDLuffy) used a shield 2-7-2021, 8:17:36 AM
MonkeyDLuffy(MonkeyDLuffy) used a shield 2-7-2021, 8:17:37 AM
MonkeyDLuffy(MonkeyDLuffy) used a shield 2-7-2021, 8:17:37 AM
MonkeyDLuffy(MonkeyDLuffy) used a shield 2-7-2021, 8:17:37 AM
MonkeyDLuffy(MonkeyDLuffy) used a shield 2-7-2021, 8:17:38 AM
MonkeyDLuffy(MonkeyDLuffy) used a antibiotic 2-7-2021, 8:17:45 AM
MonkeyDLuffy(MonkeyDLuffy) used a antibiotic 2-7-2021, 8:17:45 AM
MonkeyDLuffy(MonkeyDLuffy) used a antibiotic 2-7-2021, 8:17:58 AM
MonkeyDLuffy(MonkeyDLuffy) used a antibiotic 2-7-2021, 8:17:58 AM
MonkeyDLuffy(MonkeyDLuffy) used a shield 2-7-2021, 8:18:39 AM
MonkeyDLuffy(MonkeyDLuffy) used a shield 2-7-2021, 8:18:40 AM
MonkeyDLuffy(MonkeyDLuffy) used a shield 2-7-2021, 8:18:40 AM
MonkeyDLuffy(MonkeyDLuffy) used a shield 2-7-2021, 8:18:40 AM
MonkeyDLuffy(MonkeyDLuffy) used a shield 2-7-2021, 8:18:41 AM
MonkeyDLuffy(MonkeyDLuffy) used a antibiotic 2-7-2021, 8:18:42 AM
MonkeyDLuffy(MonkeyDLuffy) used a antibiotic 2-7-2021, 8:18:51 AM
MonkeyDLuffy(MonkeyDLuffy) used a antibiotic 2-7-2021, 8:18:51 AM
MonkeyDLuffy(MonkeyDLuffy) used a antibiotic 2-7-2021, 8:19:11 AM
MonkeyDLuffy(MonkeyDLuffy) used a antibiotic 2-7-2021, 8:19:11 AM
MonkeyDLuffy(MonkeyDLuffy) used a antibiotic 2-7-2021, 8:19:11 AM
MonkeyDLuffy(MonkeyDLuffy) used a antibiotic 2-7-2021, 8:19:12 AM
MonkeyDLuffy(MonkeyDLuffy) used a shield 2-7-2021, 8:21:13 AM
MonkeyDLuffy(MonkeyDLuffy) used a antibiotic 2-7-2021, 8:21:16 AM
MonkeyDLuffy(MonkeyDLuffy) used a antibiotic 2-7-2021, 8:21:16 AM
MonkeyDLuffy(MonkeyDLuffy) used a antibiotic 2-7-2021, 8:21:16 AM