
best(best) used a hand_grenade 8-10-2020, 4:28:46 PM
best(best) used a hand_grenade 8-10-2020, 4:28:47 PM
best(best) used a hand_grenade 8-10-2020, 4:28:47 PM
best(best) used a hand_grenade 8-10-2020, 4:28:47 PM
best(best) used a hand_grenade 8-10-2020, 4:28:47 PM
best(best) used a hand_grenade 8-10-2020, 4:28:47 PM
best(best) used a hand_grenade 8-10-2020, 4:28:48 PM
best(best) used a hand_grenade 8-10-2020, 4:28:48 PM
best(best) used a hand_grenade 8-10-2020, 4:28:48 PM
best(best) used a hand_grenade 8-10-2020, 4:28:48 PM
best(best) used a hand_grenade 8-10-2020, 4:28:49 PM
best(best) used a hand_grenade 8-10-2020, 4:28:52 PM
best(best) used a hand_grenade 8-10-2020, 4:28:53 PM
best(best) used a hand_grenade 8-10-2020, 4:28:53 PM
best(best) used a hand_grenade 8-10-2020, 4:28:53 PM
best(best) used a hand_grenade 8-10-2020, 4:28:57 PM
best(best) used a hand_grenade 8-10-2020, 4:28:58 PM
best(best) used a hand_grenade 8-10-2020, 4:29:01 PM
best(best) used a hand_grenade 8-10-2020, 4:29:02 PM
best(best) used a hand_grenade 8-10-2020, 4:29:02 PM
best(best) used a hand_grenade 8-10-2020, 4:29:02 PM
best(best) used a hand_grenade 8-10-2020, 4:29:02 PM
best(best) used a hand_grenade 8-10-2020, 4:29:03 PM
best(best) used a hand_grenade 8-10-2020, 4:29:03 PM
best(best) used a hand_grenade 8-10-2020, 4:29:03 PM
best(best) used a hand_grenade 8-10-2020, 4:29:03 PM
best(best) used a hand_grenade 8-10-2020, 4:29:04 PM
best(best) used a hand_grenade 8-10-2020, 4:29:04 PM
best(best) used a hand_grenade 8-10-2020, 4:29:04 PM
best(best) used a hand_grenade 8-10-2020, 4:29:04 PM
best(best) used a hand_grenade 8-10-2020, 4:29:04 PM
best(best) used a hand_grenade 8-10-2020, 4:29:04 PM
best(best) used a hand_grenade 8-10-2020, 4:29:05 PM
best(best) used a hand_grenade 8-10-2020, 4:29:05 PM
best(best) used a hand_grenade 8-10-2020, 4:29:05 PM
best(best) used a hand_grenade 8-10-2020, 4:29:05 PM
best(best) used a hand_grenade 8-10-2020, 4:29:05 PM
best(best) used a hand_grenade 8-10-2020, 4:29:06 PM
best(best) used a hand_grenade 8-10-2020, 4:29:06 PM
best(best) used a hand_grenade 8-10-2020, 4:29:06 PM
best(best) used a hand_grenade 8-10-2020, 4:29:06 PM
best(best) used a hand_grenade 8-10-2020, 4:29:06 PM
best(best) used a hand_grenade 8-10-2020, 4:29:07 PM
best(best) used a hand_grenade 8-10-2020, 4:29:07 PM
best(best) used a hand_grenade 8-10-2020, 4:29:11 PM
best(best) used a hand_grenade 8-10-2020, 4:29:11 PM
best(best) used a hand_grenade 8-10-2020, 4:29:11 PM
best(best) used a hand_grenade 8-10-2020, 4:29:11 PM
best(best) used a hand_grenade 8-10-2020, 4:29:11 PM
best(best) used a hand_grenade 8-10-2020, 4:29:12 PM
best(best) used a hand_grenade 8-10-2020, 4:29:12 PM
best(best) used a hand_grenade 8-10-2020, 4:29:12 PM
best(best) used a hand_grenade 8-10-2020, 4:29:12 PM
best(best) used a hand_grenade 8-10-2020, 4:29:12 PM
best(best) used a hand_grenade 8-10-2020, 4:29:13 PM
best(best) used a hand_grenade 8-10-2020, 4:29:13 PM
best(best) used a hand_grenade 8-10-2020, 4:29:13 PM
best(best) used a hand_grenade 8-10-2020, 4:29:13 PM
best(best) used a hand_grenade 8-10-2020, 4:29:13 PM
best(best) used a hand_grenade 8-10-2020, 4:29:13 PM
best(best) used a hand_grenade 8-10-2020, 4:29:14 PM
best(best) used a hand_grenade 8-10-2020, 4:29:14 PM
best(best) used a hand_grenade 8-10-2020, 4:29:14 PM
best(best) used a hand_grenade 8-10-2020, 4:29:14 PM
best(best) used a hand_grenade 8-10-2020, 4:29:14 PM
best(best) used a hand_grenade 8-10-2020, 4:29:15 PM
best(best) used a hand_grenade 8-10-2020, 4:29:15 PM
best(best) used a hand_grenade 8-10-2020, 4:29:15 PM
best(best) used a hand_grenade 8-10-2020, 4:29:15 PM
best(best) used a hand_grenade 8-10-2020, 4:29:19 PM
best(best) used a hand_grenade 8-10-2020, 4:29:20 PM
best(best) used a hand_grenade 8-10-2020, 4:29:20 PM
best(best) used a hand_grenade 8-10-2020, 4:29:24 PM
best(best) used a hand_grenade 8-10-2020, 4:29:24 PM
best(best) used a hand_grenade 8-10-2020, 4:29:25 PM
best(best) used a hand_grenade 8-10-2020, 4:29:25 PM
best(best) used a hand_grenade 8-10-2020, 4:29:25 PM
best(best) used a hand_grenade 8-10-2020, 4:29:26 PM
best(best) used a hand_grenade 8-10-2020, 4:29:26 PM
best(best) used a hand_grenade 8-10-2020, 4:29:26 PM
best(best) used a hand_grenade 8-10-2020, 4:29:26 PM
best(best) used a hand_grenade 8-10-2020, 4:29:27 PM
best(best) used a hand_grenade 8-10-2020, 4:29:27 PM
best(best) used a hand_grenade 8-10-2020, 4:29:27 PM
best(best) used a hand_grenade 8-10-2020, 4:29:27 PM
best(best) used a hand_grenade 8-10-2020, 4:29:27 PM
best(best) used a hand_grenade 8-10-2020, 4:29:28 PM
best(best) used a hand_grenade 8-10-2020, 4:29:28 PM
best(best) used a hand_grenade 8-10-2020, 4:29:28 PM
best(best) used a hand_grenade 8-10-2020, 4:29:28 PM
best(best) used a hand_grenade 8-10-2020, 4:29:29 PM
best(best) used a hand_grenade 8-10-2020, 4:29:29 PM
best(best) used a hand_grenade 8-10-2020, 4:29:29 PM
best(best) used a hand_grenade 8-10-2020, 4:29:29 PM
best(best) used a hand_grenade 8-10-2020, 4:29:30 PM
best(best) used a hand_grenade 8-10-2020, 4:29:30 PM
best(best) used a hand_grenade 8-10-2020, 4:29:30 PM
best(best) used a hand_grenade 8-10-2020, 4:29:30 PM
best(best) used a hand_grenade 8-10-2020, 4:29:31 PM
best(best) used a hand_grenade 8-10-2020, 4:29:31 PM
best(best) used a hand_grenade 8-10-2020, 4:29:31 PM
best(best) used a hand_grenade 8-10-2020, 4:29:32 PM
best(best) used a hand_grenade 8-10-2020, 4:29:32 PM
best(best) used a hand_grenade 8-10-2020, 4:29:32 PM
best(best) used a hand_grenade 8-10-2020, 4:29:32 PM
best(best) used a hand_grenade 8-10-2020, 4:29:32 PM
best(best) used a hand_grenade 8-10-2020, 4:29:33 PM
best(best) used a hand_grenade 8-10-2020, 4:29:33 PM
best(best) used a hand_grenade 8-10-2020, 4:29:33 PM
best(best) used a hand_grenade 8-10-2020, 4:29:33 PM
best(best) used a hand_grenade 8-10-2020, 4:29:34 PM
best(best) used a hand_grenade 8-10-2020, 4:29:34 PM
best(best) used a hand_grenade 8-10-2020, 4:29:34 PM
best(best) used a hand_grenade 8-10-2020, 4:29:34 PM
best(best) used a hand_grenade 8-10-2020, 4:29:34 PM
best(best) used a hand_grenade 8-10-2020, 4:29:35 PM
best(best) used a hand_grenade 8-10-2020, 4:29:35 PM
best(best) used a hand_grenade 8-10-2020, 4:29:35 PM
best(best) used a hand_grenade 8-10-2020, 4:29:35 PM
best(best) used a hand_grenade 8-10-2020, 4:29:39 PM
best(best) used a hand_grenade 8-10-2020, 4:29:39 PM
best(best) used a hand_grenade 8-10-2020, 4:29:39 PM
best(best) used a hand_grenade 8-10-2020, 4:29:40 PM
best(best) used a hand_grenade 8-10-2020, 4:29:40 PM
best(best) used a hand_grenade 8-10-2020, 4:29:44 PM
best(best) used a hand_grenade 8-10-2020, 4:29:52 PM
best(best) used a hand_grenade 8-10-2020, 4:29:52 PM
best(best) used a hand_grenade 8-10-2020, 4:29:52 PM
best(best) used a hand_grenade 8-10-2020, 4:29:53 PM
best(best) used a hand_grenade 8-10-2020, 4:29:53 PM
best(best) used a hand_grenade 8-10-2020, 4:29:53 PM
best(best) used a hand_grenade 8-10-2020, 4:29:53 PM
best(best) used a hand_grenade 8-10-2020, 4:29:53 PM
best(best) used a hand_grenade 8-10-2020, 4:29:54 PM
best(best) used a hand_grenade 8-10-2020, 4:29:54 PM
best(best) used a hand_grenade 8-10-2020, 4:29:54 PM
best(best) used a hand_grenade 8-10-2020, 4:29:54 PM
best(best) used a hand_grenade 8-10-2020, 4:29:58 PM
best(best) used a hand_grenade 8-10-2020, 4:29:58 PM
best(best) used a hand_grenade 8-10-2020, 4:30:06 PM
best(best) used a hand_grenade 8-10-2020, 4:30:06 PM
best(best) used a hand_grenade 8-10-2020, 4:30:06 PM
best(best) used a hand_grenade 8-10-2020, 4:30:07 PM
best(best) used a hand_grenade 8-10-2020, 4:30:07 PM
best(best) used a hand_grenade 8-10-2020, 4:30:07 PM
best(best) used a hand_grenade 8-10-2020, 4:30:07 PM
best(best) used a hand_grenade 8-10-2020, 4:30:07 PM
best(best) used a hand_grenade 8-10-2020, 4:30:12 PM
best(best) used a hand_grenade 8-10-2020, 4:30:12 PM
best(best) used a hand_grenade 8-10-2020, 4:30:12 PM
best(best) used a hand_grenade 8-10-2020, 4:30:12 PM
best(best) used a hand_grenade 8-10-2020, 4:30:13 PM
best(best) used a hand_grenade 8-10-2020, 4:30:13 PM
best(best) used a hand_grenade 8-10-2020, 4:30:13 PM
best(best) used a hand_grenade 8-10-2020, 4:30:13 PM
best(best) used a hand_grenade 8-10-2020, 4:30:13 PM
best(best) used a hand_grenade 8-10-2020, 4:30:13 PM
best(best) used a hand_grenade 8-10-2020, 4:30:14 PM
best(best) used a hand_grenade 8-10-2020, 4:30:14 PM
best(best) used a hand_grenade 8-10-2020, 4:30:14 PM
best(best) used a hand_grenade 8-10-2020, 4:30:14 PM
best(best) used a hand_grenade 8-10-2020, 4:30:14 PM
best(best) used a hand_grenade 8-10-2020, 4:30:15 PM
best(best) used a hand_grenade 8-10-2020, 4:30:15 PM
best(best) used a hand_grenade 8-10-2020, 4:30:15 PM
best(best) used a hand_grenade 8-10-2020, 4:30:15 PM
best(best) used a hand_grenade 8-10-2020, 4:30:16 PM
best(best) used a hand_grenade 8-10-2020, 4:30:24 PM
best(best) used a hand_grenade 8-10-2020, 4:30:24 PM
best(best) used a hand_grenade 8-10-2020, 4:30:24 PM
best(best) used a hand_grenade 8-10-2020, 4:30:24 PM
best(best) used a hand_grenade 8-10-2020, 4:30:25 PM
best(best) used a hand_grenade 8-10-2020, 4:30:40 PM
best(best) used a hand_grenade 8-10-2020, 4:30:41 PM
best(best) used a hand_grenade 8-10-2020, 4:30:45 PM
best(best) used a hand_grenade 8-10-2020, 4:30:45 PM
best(best) used a hand_grenade 8-10-2020, 4:30:45 PM
best(best) used a hand_grenade 8-10-2020, 4:30:46 PM
best(best) used a hand_grenade 8-10-2020, 4:30:46 PM
best(best) used a hand_grenade 8-10-2020, 4:30:46 PM
best(best) used a hand_grenade 8-10-2020, 4:30:46 PM
best(best) used a hand_grenade 8-10-2020, 4:30:51 PM
best(best) used a hand_grenade 8-10-2020, 4:30:51 PM
best(best) used a hand_grenade 8-10-2020, 4:30:51 PM
best(best) used a hand_grenade 8-10-2020, 4:30:51 PM
best(best) used a hand_grenade 8-10-2020, 4:30:51 PM
best(best) used a hand_grenade 8-10-2020, 4:30:52 PM
best(best) used a hand_grenade 8-10-2020, 4:30:52 PM
best(best) used a hand_grenade 8-10-2020, 4:30:52 PM
best(best) used a hand_grenade 8-10-2020, 4:30:52 PM
best(best) used a hand_grenade 8-10-2020, 4:30:53 PM
best(best) used a hand_grenade 8-10-2020, 4:30:53 PM
best(best) used a hand_grenade 8-10-2020, 4:30:53 PM
best(best) used a hand_grenade 8-10-2020, 4:30:53 PM
best(best) used a hand_grenade 8-10-2020, 4:30:53 PM
best(best) used a hand_grenade 8-10-2020, 4:30:54 PM
best(best) used a hand_grenade 8-10-2020, 4:30:54 PM
best(best) used a hand_grenade 8-10-2020, 4:30:54 PM
best(best) used a hand_grenade 8-10-2020, 4:30:58 PM
best(best) used a hand_grenade 8-10-2020, 4:30:58 PM
best(best) used a hand_grenade 8-10-2020, 4:30:59 PM
best(best) used a hand_grenade 8-10-2020, 4:30:59 PM
best(best) used a hand_grenade 8-10-2020, 4:31:03 PM
best(best) used a hand_grenade 8-10-2020, 4:31:03 PM
best(best) used a hand_grenade 8-10-2020, 4:31:03 PM
best(best) used a hand_grenade 8-10-2020, 4:31:03 PM
best(best) used a hand_grenade 8-10-2020, 4:31:08 PM
best(best) used a hand_grenade 8-10-2020, 4:31:08 PM
best(best) used a hand_grenade 8-10-2020, 4:31:08 PM
best(best) used a hand_grenade 8-10-2020, 4:31:08 PM
best(best) used a hand_grenade 8-10-2020, 4:31:08 PM
best(best) used a hand_grenade 8-10-2020, 4:31:09 PM
best(best) used a hand_grenade 8-10-2020, 4:31:09 PM
best(best) used a hand_grenade 8-10-2020, 4:31:13 PM
best(best) used a hand_grenade 8-10-2020, 4:31:17 PM
best(best) used a hand_grenade 8-10-2020, 4:31:17 PM
best(best) used a hand_grenade 8-10-2020, 4:31:18 PM
best(best) used a hand_grenade 8-10-2020, 4:31:18 PM
best(best) used a hand_grenade 8-10-2020, 4:31:18 PM
best(best) used a hand_grenade 8-10-2020, 4:31:18 PM
best(best) used a hand_grenade 8-10-2020, 4:31:18 PM
best(best) used a hand_grenade 8-10-2020, 4:31:19 PM
best(best) used a hand_grenade 8-10-2020, 4:31:19 PM
best(best) used a hand_grenade 8-10-2020, 4:31:19 PM
best(best) used a hand_grenade 8-10-2020, 4:31:19 PM
best(best) used a hand_grenade 8-10-2020, 4:31:20 PM
best(best) used a hand_grenade 8-10-2020, 4:31:20 PM
best(best) used a hand_grenade 8-10-2020, 4:31:36 PM
best(best) used a hand_grenade 8-10-2020, 4:31:36 PM
best(best) used a hand_grenade 8-10-2020, 4:31:40 PM
best(best) used a hand_grenade 8-10-2020, 4:31:40 PM
best(best) used a hand_grenade 8-10-2020, 4:31:40 PM
best(best) used a hand_grenade 8-10-2020, 4:31:48 PM
best(best) used a hand_grenade 8-10-2020, 4:31:49 PM
best(best) used a hand_grenade 8-10-2020, 4:31:49 PM
best(best) used a hand_grenade 8-10-2020, 4:31:49 PM
best(best) used a hand_grenade 8-10-2020, 4:31:49 PM
best(best) used a hand_grenade 8-10-2020, 4:31:49 PM
best(best) used a hand_grenade 8-10-2020, 4:31:49 PM
best(best) used a hand_grenade 8-10-2020, 4:31:50 PM
best(best) used a hand_grenade 8-10-2020, 4:31:50 PM
best(best) used a hand_grenade 8-10-2020, 4:31:50 PM
best(best) used a hand_grenade 8-10-2020, 4:31:54 PM
best(best) used a hand_grenade 8-10-2020, 4:31:54 PM
best(best) used a hand_grenade 8-10-2020, 4:31:55 PM
best(best) used a hand_grenade 8-10-2020, 4:31:55 PM
best(best) used a hand_grenade 8-10-2020, 4:31:55 PM
best(best) used a hand_grenade 8-10-2020, 4:31:59 PM
best(best) used a hand_grenade 8-10-2020, 4:31:59 PM
best(best) used a hand_grenade 8-10-2020, 4:31:59 PM
best(best) used a hand_grenade 8-10-2020, 4:31:59 PM
best(best) used a hand_grenade 8-10-2020, 4:32:00 PM
best(best) used a hand_grenade 8-10-2020, 4:32:00 PM
best(best) used a hand_grenade 8-10-2020, 4:32:00 PM
best(best) used a hand_grenade 8-10-2020, 4:32:00 PM
best(best) used a hand_grenade 8-10-2020, 4:32:00 PM
best(best) used a hand_grenade 8-10-2020, 4:32:00 PM
best(best) used a hand_grenade 8-10-2020, 4:32:01 PM
best(best) used a hand_grenade 8-10-2020, 4:32:01 PM
best(best) used a hand_grenade 8-10-2020, 4:32:01 PM
best(best) used a hand_grenade 8-10-2020, 4:32:01 PM
best(best) used a hand_grenade 8-10-2020, 4:32:01 PM
best(best) used a hand_grenade 8-10-2020, 4:32:01 PM
best(best) used a hand_grenade 8-10-2020, 4:32:02 PM
best(best) used a hand_grenade 8-10-2020, 4:32:02 PM
best(best) used a hand_grenade 8-10-2020, 4:32:02 PM
best(best) used a hand_grenade 8-10-2020, 4:32:02 PM
best(best) used a hand_grenade 8-10-2020, 4:32:03 PM
best(best) used a hand_grenade 8-10-2020, 4:32:03 PM
best(best) used a hand_grenade 8-10-2020, 4:32:13 PM
best(best) used a hand_grenade 8-10-2020, 4:32:13 PM
best(best) used a hand_grenade 8-10-2020, 4:32:13 PM
best(best) used a hand_grenade 8-10-2020, 4:32:13 PM
best(best) used a hand_grenade 8-10-2020, 4:32:13 PM
best(best) used a hand_grenade 8-10-2020, 4:32:17 PM
best(best) used a hand_grenade 8-10-2020, 4:32:17 PM
best(best) used a hand_grenade 8-10-2020, 4:32:18 PM
best(best) used a hand_grenade 8-10-2020, 4:32:18 PM
best(best) used a hand_grenade 8-10-2020, 4:32:18 PM
best(best) used a hand_grenade 8-10-2020, 4:32:18 PM
best(best) used a hand_grenade 8-10-2020, 4:32:18 PM
best(best) used a hand_grenade 8-10-2020, 4:32:19 PM
best(best) used a hand_grenade 8-10-2020, 4:32:19 PM
best(best) used a hand_grenade 8-10-2020, 4:32:19 PM
best(best) used a hand_grenade 8-10-2020, 4:32:19 PM
best(best) used a hand_grenade 8-10-2020, 4:32:19 PM
best(best) used a hand_grenade 8-10-2020, 4:32:19 PM
best(best) used a hand_grenade 8-10-2020, 4:32:20 PM
best(best) used a hand_grenade 8-10-2020, 4:32:20 PM
best(best) used a hand_grenade 8-10-2020, 4:32:20 PM
best(best) used a hand_grenade 8-10-2020, 4:32:20 PM
best(best) used a hand_grenade 8-10-2020, 4:32:21 PM
best(best) used a hand_grenade 8-10-2020, 4:32:21 PM
best(best) used a hand_grenade 8-10-2020, 4:32:21 PM
best(best) used a hand_grenade 8-10-2020, 4:32:21 PM
best(best) used a hand_grenade 8-10-2020, 4:32:21 PM
best(best) used a hand_grenade 8-10-2020, 4:32:22 PM
best(best) used a hand_grenade 8-10-2020, 4:32:22 PM
best(best) used a hand_grenade 8-10-2020, 4:32:26 PM
best(best) used a hand_grenade 8-10-2020, 4:32:26 PM
best(best) used a hand_grenade 8-10-2020, 4:32:26 PM
best(best) used a hand_grenade 8-10-2020, 4:32:27 PM
best(best) used a hand_grenade 8-10-2020, 4:32:27 PM
best(best) used a hand_grenade 8-10-2020, 4:32:27 PM
best(best) used a hand_grenade 8-10-2020, 4:32:27 PM
best(best) used a hand_grenade 8-10-2020, 4:32:27 PM
best(best) used a hand_grenade 8-10-2020, 4:32:28 PM
best(best) used a hand_grenade 8-10-2020, 4:32:28 PM
best(best) used a hand_grenade 8-10-2020, 4:32:28 PM
best(best) used a hand_grenade 8-10-2020, 4:32:28 PM
best(best) used a hand_grenade 8-10-2020, 4:32:28 PM
best(best) used a hand_grenade 8-10-2020, 4:32:29 PM
best(best) used a hand_grenade 8-10-2020, 4:32:29 PM
best(best) used a hand_grenade 8-10-2020, 4:32:29 PM
best(best) used a hand_grenade 8-10-2020, 4:32:29 PM
best(best) used a hand_grenade 8-10-2020, 4:32:29 PM
best(best) used a hand_grenade 8-10-2020, 4:32:30 PM
best(best) used a hand_grenade 8-10-2020, 4:32:30 PM
best(best) used a hand_grenade 8-10-2020, 4:32:30 PM
best(best) used a hand_grenade 8-10-2020, 4:32:30 PM
best(best) used a hand_grenade 8-10-2020, 4:32:30 PM
best(best) used a hand_grenade 8-10-2020, 4:32:31 PM
best(best) used a hand_grenade 8-10-2020, 4:32:31 PM
best(best) used a hand_grenade 8-10-2020, 4:32:31 PM
best(best) used a hand_grenade 8-10-2020, 4:32:31 PM
best(best) used a hand_grenade 8-10-2020, 4:32:31 PM
best(best) used a hand_grenade 8-10-2020, 4:32:32 PM
best(best) used a hand_grenade 8-10-2020, 4:32:35 PM
best(best) used a hand_grenade 8-10-2020, 4:32:36 PM
best(best) used a hand_grenade 8-10-2020, 4:32:36 PM
best(best) used a hand_grenade 8-10-2020, 4:32:36 PM
best(best) used a hand_grenade 8-10-2020, 4:32:41 PM
best(best) used a hand_grenade 8-10-2020, 4:32:49 PM
best(best) used a hand_grenade 8-10-2020, 4:32:49 PM
best(best) used a hand_grenade 8-10-2020, 4:32:49 PM
best(best) used a hand_grenade 8-10-2020, 4:32:50 PM
best(best) used a hand_grenade 8-10-2020, 4:32:50 PM
best(best) used a hand_grenade 8-10-2020, 4:32:50 PM
best(best) used a hand_grenade 8-10-2020, 4:32:50 PM
best(best) used a hand_grenade 8-10-2020, 4:32:50 PM
best(best) used a hand_grenade 8-10-2020, 4:32:50 PM
best(best) used a hand_grenade 8-10-2020, 4:32:51 PM
best(best) used a hand_grenade 8-10-2020, 4:32:51 PM
best(best) used a hand_grenade 8-10-2020, 4:32:51 PM
best(best) used a hand_grenade 8-10-2020, 4:32:51 PM
best(best) used a hand_grenade 8-10-2020, 4:32:51 PM
best(best) used a hand_grenade 8-10-2020, 4:32:52 PM
best(best) used a hand_grenade 8-10-2020, 4:32:52 PM
best(best) used a hand_grenade 8-10-2020, 4:32:52 PM
best(best) used a hand_grenade 8-10-2020, 4:32:52 PM
best(best) used a hand_grenade 8-10-2020, 4:32:52 PM
best(best) used a hand_grenade 8-10-2020, 4:32:53 PM
best(best) used a hand_grenade 8-10-2020, 4:32:53 PM
best(best) used a hand_grenade 8-10-2020, 4:32:57 PM
best(best) used a hand_grenade 8-10-2020, 4:32:57 PM
best(best) used a hand_grenade 8-10-2020, 4:32:58 PM
best(best) used a hand_grenade 8-10-2020, 4:32:58 PM
best(best) used a hand_grenade 8-10-2020, 4:32:59 PM
best(best) used a hand_grenade 8-10-2020, 4:33:00 PM
best(best) used a hand_grenade 8-10-2020, 4:33:00 PM
best(best) used a hand_grenade 8-10-2020, 4:33:00 PM
best(best) used a hand_grenade 8-10-2020, 4:33:00 PM
best(best) used a hand_grenade 8-10-2020, 4:33:00 PM
best(best) used a hand_grenade 8-10-2020, 4:33:01 PM
best(best) used a hand_grenade 8-10-2020, 4:33:05 PM
best(best) used a hand_grenade 8-10-2020, 4:33:05 PM
best(best) used a hand_grenade 8-10-2020, 4:33:10 PM
best(best) used a hand_grenade 8-10-2020, 4:33:10 PM
best(best) used a hand_grenade 8-10-2020, 4:33:10 PM
best(best) used a hand_grenade 8-10-2020, 4:33:11 PM
best(best) used a hand_grenade 8-10-2020, 4:33:11 PM
best(best) used a hand_grenade 8-10-2020, 4:33:11 PM
best(best) used a hand_grenade 8-10-2020, 4:33:11 PM
best(best) used a hand_grenade 8-10-2020, 4:33:11 PM
best(best) used a hand_grenade 8-10-2020, 4:33:12 PM
best(best) used a hand_grenade 8-10-2020, 4:33:12 PM
best(best) used a hand_grenade 8-10-2020, 4:33:12 PM
best(best) used a hand_grenade 8-10-2020, 4:33:12 PM
best(best) used a hand_grenade 8-10-2020, 4:33:12 PM
best(best) used a hand_grenade 8-10-2020, 4:33:12 PM
best(best) used a hand_grenade 8-10-2020, 4:33:13 PM
best(best) used a hand_grenade 8-10-2020, 4:33:13 PM
best(best) used a hand_grenade 8-10-2020, 4:33:14 PM
best(best) used a hand_grenade 8-10-2020, 4:33:14 PM
best(best) used a hand_grenade 8-10-2020, 4:33:14 PM
best(best) used a hand_grenade 8-10-2020, 4:33:14 PM
best(best) used a hand_grenade 8-10-2020, 4:33:14 PM
best(best) used a hand_grenade 8-10-2020, 4:33:14 PM
best(best) used a hand_grenade 8-10-2020, 4:33:15 PM
best(best) used a hand_grenade 8-10-2020, 4:33:15 PM
best(best) used a hand_grenade 8-10-2020, 4:33:15 PM
best(best) used a hand_grenade 8-10-2020, 4:33:15 PM
best(best) used a hand_grenade 8-10-2020, 4:33:15 PM
best(best) used a hand_grenade 8-10-2020, 4:33:15 PM
best(best) used a hand_grenade 8-10-2020, 4:33:16 PM
best(best) used a hand_grenade 8-10-2020, 4:33:16 PM
best(best) used a hand_grenade 8-10-2020, 4:33:16 PM
best(best) used a hand_grenade 8-10-2020, 4:33:16 PM
best(best) used a hand_grenade 8-10-2020, 4:33:16 PM
best(best) used a hand_grenade 8-10-2020, 4:33:16 PM
best(best) used a hand_grenade 8-10-2020, 4:33:17 PM
best(best) used a hand_grenade 8-10-2020, 4:33:17 PM
best(best) used a hand_grenade 8-10-2020, 4:33:17 PM
best(best) used a hand_grenade 8-10-2020, 4:33:17 PM
best(best) used a hand_grenade 8-10-2020, 4:33:17 PM
best(best) used a hand_grenade 8-10-2020, 4:33:18 PM
best(best) used a hand_grenade 8-10-2020, 4:33:18 PM
best(best) used a hand_grenade 8-10-2020, 4:33:18 PM
best(best) used a hand_grenade 8-10-2020, 4:33:18 PM
best(best) used a hand_grenade 8-10-2020, 4:33:19 PM
best(best) used a hand_grenade 8-10-2020, 4:33:19 PM
best(best) used a hand_grenade 8-10-2020, 4:33:19 PM
best(best) used a hand_grenade 8-10-2020, 4:33:19 PM
best(best) used a hand_grenade 8-10-2020, 4:33:20 PM
best(best) used a hand_grenade 8-10-2020, 4:33:20 PM
best(best) used a hand_grenade 8-10-2020, 4:33:20 PM
best(best) used a hand_grenade 8-10-2020, 4:33:23 PM
best(best) used a hand_grenade 8-10-2020, 4:33:23 PM
best(best) used a hand_grenade 8-10-2020, 4:33:23 PM
best(best) used a hand_grenade 8-10-2020, 4:33:23 PM
best(best) used a hand_grenade 8-10-2020, 4:33:24 PM
best(best) used a hand_grenade 8-10-2020, 4:33:24 PM
best(best) used a hand_grenade 8-10-2020, 4:33:24 PM
best(best) used a hand_grenade 8-10-2020, 4:33:24 PM
best(best) used a hand_grenade 8-10-2020, 4:33:24 PM
best(best) used a hand_grenade 8-10-2020, 4:33:25 PM
best(best) used a hand_grenade 8-10-2020, 4:33:25 PM
best(best) used a hand_grenade 8-10-2020, 4:33:25 PM
best(best) used a hand_grenade 8-10-2020, 4:33:25 PM
best(best) used a hand_grenade 8-10-2020, 4:33:25 PM
best(best) used a hand_grenade 8-10-2020, 4:33:26 PM
best(best) used a hand_grenade 8-10-2020, 4:33:26 PM
best(best) used a hand_grenade 8-10-2020, 4:33:26 PM
best(best) used a hand_grenade 8-10-2020, 4:33:26 PM
best(best) used a hand_grenade 8-10-2020, 4:33:27 PM
best(best) used a hand_grenade 8-10-2020, 4:33:27 PM
best(best) used a hand_grenade 8-10-2020, 4:33:27 PM
best(best) used a hand_grenade 8-10-2020, 4:33:27 PM
best(best) used a hand_grenade 8-10-2020, 4:33:28 PM
best(best) used a hand_grenade 8-10-2020, 4:33:28 PM
best(best) used a hand_grenade 8-10-2020, 4:33:28 PM
best(best) used a hand_grenade 8-10-2020, 4:33:28 PM
best(best) used a hand_grenade 8-10-2020, 4:33:28 PM
best(best) used a hand_grenade 8-10-2020, 4:33:29 PM
best(best) used a hand_grenade 8-10-2020, 4:33:29 PM
best(best) used a hand_grenade 8-10-2020, 4:33:29 PM
best(best) used a hand_grenade 8-10-2020, 4:33:29 PM
best(best) used a hand_grenade 8-10-2020, 4:33:29 PM
best(best) used a hand_grenade 8-10-2020, 4:33:30 PM
best(best) used a hand_grenade 8-10-2020, 4:33:30 PM
best(best) used a hand_grenade 8-10-2020, 4:33:30 PM
best(best) used a hand_grenade 8-10-2020, 4:33:30 PM
best(best) used a hand_grenade 8-10-2020, 4:33:30 PM
best(best) used a hand_grenade 8-10-2020, 4:33:31 PM
best(best) used a hand_grenade 8-10-2020, 4:33:31 PM
best(best) used a hand_grenade 8-10-2020, 4:33:31 PM
best(best) used a hand_grenade 8-10-2020, 4:33:31 PM
best(best) used a hand_grenade 8-10-2020, 4:33:32 PM
best(best) used a hand_grenade 8-10-2020, 4:33:32 PM
best(best) used a hand_grenade 8-10-2020, 4:33:32 PM
best(best) used a hand_grenade 8-10-2020, 4:33:32 PM
best(best) used a hand_grenade 8-10-2020, 4:33:32 PM
best(best) used a hand_grenade 8-10-2020, 4:33:33 PM
best(best) used a hand_grenade 8-10-2020, 4:33:33 PM
best(best) used a hand_grenade 8-10-2020, 4:33:33 PM
best(best) used a hand_grenade 8-10-2020, 4:33:33 PM
best(best) used a hand_grenade 8-10-2020, 4:33:33 PM
best(best) used a hand_grenade 8-10-2020, 4:33:34 PM
best(best) used a hand_grenade 8-10-2020, 4:33:34 PM
best(best) used a hand_grenade 8-10-2020, 4:33:34 PM
best(best) used a hand_grenade 8-10-2020, 4:33:34 PM
best(best) used a hand_grenade 8-10-2020, 4:33:35 PM
best(best) used a hand_grenade 8-10-2020, 4:33:35 PM
best(best) used a hand_grenade 8-10-2020, 4:33:35 PM
best(best) used a hand_grenade 8-10-2020, 4:33:35 PM
best(best) used a hand_grenade 8-10-2020, 4:33:35 PM
best(best) used a hand_grenade 8-10-2020, 4:33:36 PM
best(best) used a hand_grenade 8-10-2020, 4:33:36 PM
best(best) used a hand_grenade 8-10-2020, 4:33:36 PM
best(best) used a hand_grenade 8-10-2020, 4:33:36 PM
best(best) used a hand_grenade 8-10-2020, 4:33:36 PM
best(best) used a hand_grenade 8-10-2020, 4:33:37 PM
best(best) used a hand_grenade 8-10-2020, 4:33:37 PM
best(best) used a hand_grenade 8-10-2020, 4:33:37 PM
best(best) used a hand_grenade 8-10-2020, 4:33:37 PM
best(best) used a hand_grenade 8-10-2020, 4:33:37 PM
best(best) used a hand_grenade 8-10-2020, 4:33:38 PM
best(best) used a hand_grenade 8-10-2020, 4:33:38 PM
best(best) used a hand_grenade 8-10-2020, 4:33:46 PM
best(best) used a hand_grenade 8-10-2020, 4:33:46 PM
best(best) used a hand_grenade 8-10-2020, 4:33:46 PM
best(best) used a hand_grenade 8-10-2020, 4:33:46 PM
best(best) used a hand_grenade 8-10-2020, 4:33:47 PM
best(best) used a hand_grenade 8-10-2020, 4:33:47 PM
best(best) used a hand_grenade 8-10-2020, 4:33:47 PM
best(best) used a hand_grenade 8-10-2020, 4:33:47 PM
best(best) used a hand_grenade 8-10-2020, 4:33:47 PM
best(best) used a hand_grenade 8-10-2020, 4:33:47 PM
best(best) used a hand_grenade 8-10-2020, 4:33:47 PM
best(best) used a hand_grenade 8-10-2020, 4:33:48 PM
best(best) used a hand_grenade 8-10-2020, 4:33:48 PM
best(best) used a hand_grenade 8-10-2020, 4:33:48 PM
best(best) used a hand_grenade 8-10-2020, 4:33:48 PM
best(best) used a hand_grenade 8-10-2020, 4:33:49 PM
best(best) used a hand_grenade 8-10-2020, 4:33:49 PM
best(best) used a hand_grenade 8-10-2020, 4:33:49 PM
best(best) used a hand_grenade 8-10-2020, 4:33:49 PM
best(best) used a hand_grenade 8-10-2020, 4:33:49 PM
best(best) used a hand_grenade 8-10-2020, 4:33:50 PM
best(best) used a hand_grenade 8-10-2020, 4:33:50 PM
best(best) used a hand_grenade 8-10-2020, 4:33:50 PM
best(best) used a hand_grenade 8-10-2020, 4:33:50 PM
best(best) used a hand_grenade 8-10-2020, 4:33:51 PM
best(best) used a hand_grenade 8-10-2020, 4:33:51 PM
best(best) used a hand_grenade 8-10-2020, 4:33:51 PM
best(best) used a hand_grenade 8-10-2020, 4:33:56 PM
best(best) used a hand_grenade 8-10-2020, 4:33:56 PM
best(best) used a hand_grenade 8-10-2020, 4:33:56 PM
best(best) used a hand_grenade 8-10-2020, 4:33:56 PM
best(best) used a hand_grenade 8-10-2020, 4:33:56 PM
best(best) used a hand_grenade 8-10-2020, 4:33:57 PM
best(best) used a hand_grenade 8-10-2020, 4:33:57 PM
best(best) used a hand_grenade 8-10-2020, 4:33:57 PM
best(best) used a hand_grenade 8-10-2020, 4:33:57 PM
best(best) used a hand_grenade 8-10-2020, 4:33:57 PM
best(best) used a hand_grenade 8-10-2020, 4:33:58 PM
best(best) used a hand_grenade 8-10-2020, 4:33:58 PM
best(best) used a hand_grenade 8-10-2020, 4:33:58 PM
best(best) used a hand_grenade 8-10-2020, 4:33:58 PM
best(best) used a hand_grenade 8-10-2020, 4:33:58 PM
best(best) used a hand_grenade 8-10-2020, 4:33:59 PM
best(best) used a hand_grenade 8-10-2020, 4:33:59 PM
best(best) used a hand_grenade 8-10-2020, 4:33:59 PM
best(best) used a hand_grenade 8-10-2020, 4:34:00 PM
best(best) used a hand_grenade 8-10-2020, 4:34:00 PM
best(best) used a hand_grenade 8-10-2020, 4:34:01 PM
best(best) used a hand_grenade 8-10-2020, 4:34:52 PM
best(best) used a hand_grenade 8-10-2020, 4:34:53 PM
best(best) used a hand_grenade 8-10-2020, 4:34:56 PM
best(best) used a shield 8-10-2020, 4:35:34 PM
best(best) used a shield 8-10-2020, 4:35:34 PM
best(best) used a shield 8-10-2020, 4:35:35 PM
best(best) used a shield 8-10-2020, 4:35:35 PM
best(best) used a shield 8-10-2020, 4:35:35 PM
best(best) used a shield 8-10-2020, 4:35:35 PM
best(best) used a shield 8-10-2020, 4:35:35 PM
best(best) used a shield 8-10-2020, 4:35:35 PM
best(best) used a shield 8-10-2020, 4:35:35 PM
best(best) used a shield 8-10-2020, 4:35:36 PM
best(best) used a shield 8-10-2020, 4:35:36 PM
best(best) used a shield 8-10-2020, 4:35:36 PM
best(best) used a shield 8-10-2020, 4:35:36 PM
best(best) used a shield 8-10-2020, 4:35:36 PM
best(best) used a shield 8-10-2020, 4:35:36 PM
best(best) used a shield 8-10-2020, 4:35:36 PM
best(best) used a shield 8-10-2020, 4:35:36 PM
best(best) used a shield 8-10-2020, 4:35:37 PM
best(best) used a shield 8-10-2020, 4:35:37 PM
best(best) used a shield 8-10-2020, 4:35:37 PM
best(best) used a shield 8-10-2020, 4:35:37 PM
best(best) used a shield 8-10-2020, 4:35:37 PM
best(best) used a shield 8-10-2020, 4:35:37 PM
best(best) used a shield 8-10-2020, 4:35:37 PM
best(best) used a shield 8-10-2020, 4:35:38 PM
best(best) used a shield 8-10-2020, 4:35:38 PM
best(best) used a shield 8-10-2020, 4:35:38 PM
best(best) used a shield 8-10-2020, 4:35:38 PM
best(best) used a shield 8-10-2020, 4:35:38 PM
best(best) used a shield 8-10-2020, 4:35:39 PM
best(best) used a shield 8-10-2020, 4:35:39 PM
best(best) used a tk_ultra_health_potion 8-10-2020, 4:35:41 PM
best(best) used a tk_ultra_health_potion 8-10-2020, 4:35:42 PM
best(best) used a tk_ultra_health_potion 8-10-2020, 4:35:44 PM
best(best) used a hand_grenade 8-10-2020, 4:35:46 PM
best(best) used a hand_grenade 8-10-2020, 4:36:16 PM
best(best) used a hand_grenade 8-10-2020, 4:37:06 PM
best(best) used a timebomb 8-10-2020, 4:38:42 PM
best(best) used a timebomb 8-10-2020, 4:38:42 PM
best(best) used a timebomb 8-10-2020, 4:38:43 PM
best(best) used a timebomb 8-10-2020, 4:38:43 PM
best(best) used a timebomb 8-10-2020, 4:38:44 PM
best(best) used a tk_ultra_health_potion 8-10-2020, 4:40:48 PM
best(best) used a tk_ultra_health_potion 8-10-2020, 4:40:48 PM
best(best) used a tk_ultra_health_potion 8-10-2020, 4:40:48 PM
best(best) used a tk_ultra_health_potion 8-10-2020, 4:40:49 PM
best(best) used a tk_ultra_health_potion 8-10-2020, 4:40:49 PM
best(best) used a tk_ultra_health_potion 8-10-2020, 4:40:50 PM
best(best) used a throwing_star 8-10-2020, 4:41:05 PM
best(best) used a hand_grenade 8-10-2020, 4:41:21 PM
best(best) used a hand_grenade 8-10-2020, 4:41:21 PM
best(best) used a hand_grenade 8-10-2020, 4:41:21 PM
best(best) used a hand_grenade 8-10-2020, 4:41:22 PM
best(best) used a hand_grenade 8-10-2020, 4:41:22 PM
best(best) used a hand_grenade 8-10-2020, 4:41:22 PM
best(best) used a hand_grenade 8-10-2020, 4:41:22 PM
best(best) used a hand_grenade 8-10-2020, 4:41:22 PM
best(best) used a hand_grenade 8-10-2020, 4:41:23 PM
best(best) used a hand_grenade 8-10-2020, 4:41:23 PM
best(best) used a hand_grenade 8-10-2020, 4:41:23 PM
best(best) used a hand_grenade 8-10-2020, 4:41:23 PM
best(best) used a hand_grenade 8-10-2020, 4:41:24 PM
best(best) used a hand_grenade 8-10-2020, 4:41:24 PM
best(best) used a hand_grenade 8-10-2020, 4:41:24 PM
best(best) used a hand_grenade 8-10-2020, 4:41:24 PM
best(best) used a hand_grenade 8-10-2020, 4:41:25 PM
best(best) used a hand_grenade 8-10-2020, 4:41:25 PM
best(best) used a hand_grenade 8-10-2020, 4:41:25 PM
best(best) used a hand_grenade 8-10-2020, 4:41:25 PM
best(best) used a hand_grenade 8-10-2020, 4:41:25 PM
best(best) used a hand_grenade 8-10-2020, 4:41:25 PM
best(best) used a hand_grenade 8-10-2020, 4:41:26 PM
best(best) used a hand_grenade 8-10-2020, 4:41:26 PM
best(best) used a hand_grenade 8-10-2020, 4:41:26 PM
best(best) used a hand_grenade 8-10-2020, 4:41:26 PM
best(best) used a hand_grenade 8-10-2020, 4:41:26 PM
best(best) used a hand_grenade 8-10-2020, 4:41:27 PM
best(best) used a hand_grenade 8-10-2020, 4:41:27 PM
best(best) used a hand_grenade 8-10-2020, 4:41:27 PM
best(best) used a hand_grenade 8-10-2020, 4:41:27 PM
best(best) used a hand_grenade 8-10-2020, 4:41:27 PM
best(best) used a hand_grenade 8-10-2020, 4:41:28 PM
best(best) used a hand_grenade 8-10-2020, 4:41:28 PM
best(best) used a hand_grenade 8-10-2020, 4:41:28 PM
best(best) used a hand_grenade 8-10-2020, 4:41:32 PM
best(best) used a hand_grenade 8-10-2020, 4:41:32 PM
best(best) used a hand_grenade 8-10-2020, 4:41:32 PM
best(best) used a hand_grenade 8-10-2020, 4:41:33 PM
best(best) used a hand_grenade 8-10-2020, 4:41:33 PM
best(best) used a hand_grenade 8-10-2020, 4:41:33 PM
best(best) used a hand_grenade 8-10-2020, 4:41:33 PM
best(best) used a hand_grenade 8-10-2020, 4:41:33 PM
best(best) used a hand_grenade 8-10-2020, 4:41:34 PM
best(best) used a hand_grenade 8-10-2020, 4:41:34 PM
best(best) used a hand_grenade 8-10-2020, 4:41:34 PM
best(best) used a hand_grenade 8-10-2020, 4:41:34 PM
best(best) used a hand_grenade 8-10-2020, 4:41:34 PM
best(best) used a hand_grenade 8-10-2020, 4:41:34 PM
best(best) used a hand_grenade 8-10-2020, 4:41:34 PM
best(best) used a hand_grenade 8-10-2020, 4:41:35 PM
best(best) used a hand_grenade 8-10-2020, 4:41:35 PM
best(best) used a hand_grenade 8-10-2020, 4:41:35 PM
best(best) used a hand_grenade 8-10-2020, 4:41:35 PM
best(best) used a hand_grenade 8-10-2020, 4:41:35 PM
best(best) used a hand_grenade 8-10-2020, 4:41:35 PM
best(best) used a hand_grenade 8-10-2020, 4:41:36 PM
best(best) used a hand_grenade 8-10-2020, 4:41:36 PM
best(best) used a hand_grenade 8-10-2020, 4:41:40 PM
best(best) used a hand_grenade 8-10-2020, 4:41:44 PM
best(best) used a hand_grenade 8-10-2020, 4:41:44 PM
best(best) used a hand_grenade 8-10-2020, 4:41:45 PM
best(best) used a hand_grenade 8-10-2020, 4:41:45 PM
best(best) used a hand_grenade 8-10-2020, 4:41:45 PM
best(best) used a hand_grenade 8-10-2020, 4:41:45 PM
best(best) used a hand_grenade 8-10-2020, 4:41:45 PM
best(best) used a hand_grenade 8-10-2020, 4:41:45 PM
best(best) used a hand_grenade 8-10-2020, 4:41:46 PM
best(best) used a hand_grenade 8-10-2020, 4:41:46 PM
best(best) used a hand_grenade 8-10-2020, 4:41:46 PM
best(best) used a hand_grenade 8-10-2020, 4:41:46 PM
best(best) used a hand_grenade 8-10-2020, 4:41:46 PM
best(best) used a hand_grenade 8-10-2020, 4:41:46 PM
best(best) used a hand_grenade 8-10-2020, 4:41:47 PM
best(best) used a hand_grenade 8-10-2020, 4:41:47 PM
best(best) used a hand_grenade 8-10-2020, 4:41:47 PM
best(best) used a hand_grenade 8-10-2020, 4:41:47 PM
best(best) used a hand_grenade 8-10-2020, 4:41:47 PM
best(best) used a hand_grenade 8-10-2020, 4:41:48 PM
best(best) used a hand_grenade 8-10-2020, 4:41:48 PM
best(best) used a hand_grenade 8-10-2020, 4:41:48 PM
best(best) used a hand_grenade 8-10-2020, 4:41:48 PM
best(best) used a hand_grenade 8-10-2020, 4:41:48 PM
best(best) used a hand_grenade 8-10-2020, 4:41:49 PM
best(best) used a hand_grenade 8-10-2020, 4:41:49 PM
best(best) used a hand_grenade 8-10-2020, 4:41:49 PM
best(best) used a hand_grenade 8-10-2020, 4:41:49 PM
best(best) used a hand_grenade 8-10-2020, 4:41:49 PM
best(best) used a hand_grenade 8-10-2020, 4:41:50 PM
best(best) used a hand_grenade 8-10-2020, 4:41:50 PM
best(best) used a hand_grenade 8-10-2020, 4:41:50 PM
best(best) used a hand_grenade 8-10-2020, 4:41:50 PM
best(best) used a hand_grenade 8-10-2020, 4:41:54 PM
best(best) used a hand_grenade 8-10-2020, 4:41:54 PM
best(best) used a hand_grenade 8-10-2020, 4:41:55 PM
best(best) used a hand_grenade 8-10-2020, 4:41:55 PM
best(best) used a hand_grenade 8-10-2020, 4:41:55 PM
best(best) used a hand_grenade 8-10-2020, 4:41:55 PM
best(best) used a hand_grenade 8-10-2020, 4:41:55 PM
best(best) used a hand_grenade 8-10-2020, 4:41:56 PM
best(best) used a hand_grenade 8-10-2020, 4:41:56 PM
best(best) used a hand_grenade 8-10-2020, 4:41:56 PM
best(best) used a hand_grenade 8-10-2020, 4:41:56 PM
best(best) used a hand_grenade 8-10-2020, 4:41:56 PM
best(best) used a hand_grenade 8-10-2020, 4:41:57 PM
best(best) used a hand_grenade 8-10-2020, 4:41:57 PM
best(best) used a hand_grenade 8-10-2020, 4:41:57 PM
best(best) used a hand_grenade 8-10-2020, 4:41:58 PM
best(best) used a hand_grenade 8-10-2020, 4:41:58 PM
best(best) used a hand_grenade 8-10-2020, 4:41:59 PM
best(best) used a hand_grenade 8-10-2020, 4:41:59 PM
best(best) used a hand_grenade 8-10-2020, 4:41:59 PM
best(best) used a hand_grenade 8-10-2020, 4:41:59 PM
best(best) used a hand_grenade 8-10-2020, 4:42:00 PM
best(best) used a hand_grenade 8-10-2020, 4:42:00 PM
best(best) used a hand_grenade 8-10-2020, 4:42:03 PM
best(best) used a hand_grenade 8-10-2020, 4:42:03 PM
best(best) used a hand_grenade 8-10-2020, 4:42:10 PM
best(best) used a hand_grenade 8-10-2020, 4:42:11 PM
best(best) used a hand_grenade 8-10-2020, 4:42:11 PM
best(best) used a hand_grenade 8-10-2020, 4:42:11 PM
best(best) used a hand_grenade 8-10-2020, 4:42:11 PM
best(best) used a hand_grenade 8-10-2020, 4:42:11 PM
best(best) used a hand_grenade 8-10-2020, 4:42:11 PM
best(best) used a hand_grenade 8-10-2020, 4:42:12 PM
best(best) used a hand_grenade 8-10-2020, 4:42:12 PM
best(best) used a hand_grenade 8-10-2020, 4:42:12 PM
best(best) used a hand_grenade 8-10-2020, 4:42:12 PM
best(best) used a hand_grenade 8-10-2020, 4:42:12 PM
best(best) used a hand_grenade 8-10-2020, 4:42:12 PM
best(best) used a hand_grenade 8-10-2020, 4:42:13 PM
best(best) used a hand_grenade 8-10-2020, 4:42:13 PM
best(best) used a hand_grenade 8-10-2020, 4:42:13 PM
best(best) used a hand_grenade 8-10-2020, 4:42:13 PM
best(best) used a hand_grenade 8-10-2020, 4:42:17 PM
best(best) used a hand_grenade 8-10-2020, 4:42:17 PM
best(best) used a hand_grenade 8-10-2020, 4:42:17 PM
best(best) used a hand_grenade 8-10-2020, 4:42:18 PM
best(best) used a hand_grenade 8-10-2020, 4:42:18 PM
best(best) used a hand_grenade 8-10-2020, 4:42:18 PM
best(best) used a hand_grenade 8-10-2020, 4:42:18 PM
best(best) used a hand_grenade 8-10-2020, 4:42:18 PM
best(best) used a hand_grenade 8-10-2020, 4:42:19 PM
best(best) used a hand_grenade 8-10-2020, 4:42:19 PM
best(best) used a hand_grenade 8-10-2020, 4:42:19 PM
best(best) used a hand_grenade 8-10-2020, 4:42:19 PM
best(best) used a hand_grenade 8-10-2020, 4:42:19 PM
best(best) used a hand_grenade 8-10-2020, 4:42:20 PM
best(best) used a hand_grenade 8-10-2020, 4:42:20 PM
best(best) used a hand_grenade 8-10-2020, 4:42:20 PM
best(best) used a hand_grenade 8-10-2020, 4:42:24 PM
best(best) used a hand_grenade 8-10-2020, 4:42:25 PM
best(best) used a hand_grenade 8-10-2020, 4:42:25 PM
best(best) used a hand_grenade 8-10-2020, 4:42:25 PM
best(best) used a hand_grenade 8-10-2020, 4:42:26 PM
best(best) used a hand_grenade 8-10-2020, 4:42:30 PM
best(best) used a hand_grenade 8-10-2020, 4:42:31 PM
best(best) used a hand_grenade 8-10-2020, 4:42:31 PM
best(best) used a hand_grenade 8-10-2020, 4:42:31 PM
best(best) used a hand_grenade 8-10-2020, 4:42:31 PM
best(best) used a hand_grenade 8-10-2020, 4:42:31 PM
best(best) used a hand_grenade 8-10-2020, 4:42:32 PM
best(best) used a hand_grenade 8-10-2020, 4:42:32 PM
best(best) used a hand_grenade 8-10-2020, 4:42:32 PM
best(best) used a hand_grenade 8-10-2020, 4:42:32 PM
best(best) used a hand_grenade 8-10-2020, 4:42:32 PM
best(best) used a hand_grenade 8-10-2020, 4:42:32 PM
best(best) used a hand_grenade 8-10-2020, 4:42:33 PM
best(best) used a hand_grenade 8-10-2020, 4:42:33 PM
best(best) used a hand_grenade 8-10-2020, 4:42:33 PM
best(best) used a hand_grenade 8-10-2020, 4:42:33 PM
best(best) used a hand_grenade 8-10-2020, 4:42:33 PM
best(best) used a hand_grenade 8-10-2020, 4:42:34 PM
best(best) used a hand_grenade 8-10-2020, 4:42:34 PM
best(best) used a hand_grenade 8-10-2020, 4:42:34 PM
best(best) used a hand_grenade 8-10-2020, 4:42:34 PM
best(best) used a hand_grenade 8-10-2020, 4:42:34 PM
best(best) used a hand_grenade 8-10-2020, 4:42:35 PM
best(best) used a hand_grenade 8-10-2020, 4:42:35 PM
best(best) used a hand_grenade 8-10-2020, 4:42:35 PM
best(best) used a hand_grenade 8-10-2020, 4:42:35 PM
best(best) used a hand_grenade 8-10-2020, 4:42:35 PM
best(best) used a hand_grenade 8-10-2020, 4:42:35 PM
best(best) used a hand_grenade 8-10-2020, 4:42:36 PM
best(best) used a hand_grenade 8-10-2020, 4:42:36 PM
best(best) used a hand_grenade 8-10-2020, 4:42:36 PM
best(best) used a hand_grenade 8-10-2020, 4:42:36 PM
best(best) used a hand_grenade 8-10-2020, 4:42:37 PM
best(best) used a hand_grenade 8-10-2020, 4:42:37 PM
best(best) used a hand_grenade 8-10-2020, 4:42:37 PM
best(best) used a hand_grenade 8-10-2020, 4:42:37 PM
best(best) used a hand_grenade 8-10-2020, 4:42:38 PM
best(best) used a hand_grenade 8-10-2020, 4:42:38 PM
best(best) used a hand_grenade 8-10-2020, 4:42:38 PM
best(best) used a hand_grenade 8-10-2020, 4:42:38 PM
best(best) used a hand_grenade 8-10-2020, 4:42:38 PM
best(best) used a hand_grenade 8-10-2020, 4:42:39 PM
best(best) used a hand_grenade 8-10-2020, 4:42:39 PM
best(best) used a hand_grenade 8-10-2020, 4:42:39 PM
best(best) used a hand_grenade 8-10-2020, 4:42:39 PM
best(best) used a hand_grenade 8-10-2020, 4:42:40 PM
best(best) used a hand_grenade 8-10-2020, 4:42:40 PM
best(best) used a hand_grenade 8-10-2020, 4:42:40 PM
best(best) used a hand_grenade 8-10-2020, 4:42:40 PM
best(best) used a hand_grenade 8-10-2020, 4:42:40 PM
best(best) used a hand_grenade 8-10-2020, 4:42:41 PM
best(best) used a hand_grenade 8-10-2020, 4:42:41 PM
best(best) used a hand_grenade 8-10-2020, 4:42:41 PM
best(best) used a hand_grenade 8-10-2020, 4:42:41 PM
best(best) used a hand_grenade 8-10-2020, 4:42:41 PM
best(best) used a hand_grenade 8-10-2020, 4:42:41 PM
best(best) used a hand_grenade 8-10-2020, 4:42:42 PM
best(best) used a hand_grenade 8-10-2020, 4:42:42 PM
best(best) used a hand_grenade 8-10-2020, 4:42:42 PM
best(best) used a hand_grenade 8-10-2020, 4:42:42 PM
best(best) used a hand_grenade 8-10-2020, 4:42:42 PM
best(best) used a hand_grenade 8-10-2020, 4:42:43 PM
best(best) used a hand_grenade 8-10-2020, 4:42:43 PM
best(best) used a hand_grenade 8-10-2020, 4:42:43 PM
best(best) used a hand_grenade 8-10-2020, 4:42:47 PM
best(best) used a hand_grenade 8-10-2020, 4:42:47 PM
best(best) used a hand_grenade 8-10-2020, 4:42:48 PM
best(best) used a hand_grenade 8-10-2020, 4:42:48 PM
best(best) used a hand_grenade 8-10-2020, 4:42:48 PM
best(best) used a hand_grenade 8-10-2020, 4:42:48 PM
best(best) used a hand_grenade 8-10-2020, 4:42:48 PM
best(best) used a hand_grenade 8-10-2020, 4:42:48 PM
best(best) used a hand_grenade 8-10-2020, 4:42:48 PM
best(best) used a hand_grenade 8-10-2020, 4:42:49 PM
best(best) used a hand_grenade 8-10-2020, 4:42:49 PM
best(best) used a hand_grenade 8-10-2020, 4:42:49 PM
best(best) used a hand_grenade 8-10-2020, 4:42:49 PM
best(best) used a hand_grenade 8-10-2020, 4:42:49 PM
best(best) used a hand_grenade 8-10-2020, 4:42:53 PM
best(best) used a hand_grenade 8-10-2020, 4:42:53 PM
best(best) used a hand_grenade 8-10-2020, 4:42:55 PM
best(best) used a hand_grenade 8-10-2020, 4:42:55 PM
best(best) used a hand_grenade 8-10-2020, 4:42:55 PM
best(best) used a hand_grenade 8-10-2020, 4:42:55 PM
best(best) used a hand_grenade 8-10-2020, 4:42:56 PM
best(best) used a hand_grenade 8-10-2020, 4:42:57 PM
best(best) used a hand_grenade 8-10-2020, 4:42:57 PM
best(best) used a hand_grenade 8-10-2020, 4:42:57 PM
best(best) used a hand_grenade 8-10-2020, 4:42:58 PM
best(best) used a hand_grenade 8-10-2020, 4:42:58 PM
best(best) used a hand_grenade 8-10-2020, 4:42:58 PM
best(best) used a hand_grenade 8-10-2020, 4:42:58 PM
best(best) used a hand_grenade 8-10-2020, 4:42:58 PM
best(best) used a hand_grenade 8-10-2020, 4:42:59 PM
best(best) used a hand_grenade 8-10-2020, 4:42:59 PM
best(best) used a hand_grenade 8-10-2020, 4:42:59 PM
best(best) used a hand_grenade 8-10-2020, 4:42:59 PM
best(best) used a hand_grenade 8-10-2020, 4:42:59 PM
best(best) used a hand_grenade 8-10-2020, 4:42:59 PM
best(best) used a hand_grenade 8-10-2020, 4:43:06 PM
best(best) used a hand_grenade 8-10-2020, 4:43:06 PM
best(best) used a hand_grenade 8-10-2020, 4:43:06 PM
best(best) used a hand_grenade 8-10-2020, 4:43:07 PM
best(best) used a hand_grenade 8-10-2020, 4:43:07 PM
best(best) used a hand_grenade 8-10-2020, 4:43:07 PM
best(best) used a hand_grenade 8-10-2020, 4:43:07 PM
best(best) used a hand_grenade 8-10-2020, 4:43:07 PM
best(best) used a hand_grenade 8-10-2020, 4:43:07 PM
best(best) used a hand_grenade 8-10-2020, 4:43:11 PM
best(best) used a hand_grenade 8-10-2020, 4:43:12 PM
best(best) used a hand_grenade 8-10-2020, 4:43:12 PM
best(best) used a hand_grenade 8-10-2020, 4:43:13 PM
best(best) used a hand_grenade 8-10-2020, 4:43:13 PM
best(best) used a hand_grenade 8-10-2020, 4:43:13 PM
best(best) used a hand_grenade 8-10-2020, 4:43:13 PM
best(best) used a hand_grenade 8-10-2020, 4:43:13 PM
best(best) used a hand_grenade 8-10-2020, 4:43:13 PM
best(best) used a hand_grenade 8-10-2020, 4:43:13 PM
best(best) used a hand_grenade 8-10-2020, 4:43:14 PM
best(best) used a hand_grenade 8-10-2020, 4:43:14 PM
best(best) used a hand_grenade 8-10-2020, 4:43:14 PM
best(best) used a hand_grenade 8-10-2020, 4:43:14 PM
best(best) used a hand_grenade 8-10-2020, 4:43:14 PM
best(best) used a hand_grenade 8-10-2020, 4:43:15 PM
best(best) used a hand_grenade 8-10-2020, 4:43:15 PM
best(best) used a hand_grenade 8-10-2020, 4:43:15 PM
best(best) used a hand_grenade 8-10-2020, 4:43:15 PM
best(best) used a hand_grenade 8-10-2020, 4:43:15 PM
best(best) used a hand_grenade 8-10-2020, 4:43:16 PM
best(best) used a hand_grenade 8-10-2020, 4:43:16 PM
best(best) used a hand_grenade 8-10-2020, 4:43:16 PM
best(best) used a hand_grenade 8-10-2020, 4:43:16 PM
best(best) used a hand_grenade 8-10-2020, 4:43:16 PM
best(best) used a hand_grenade 8-10-2020, 4:43:17 PM
best(best) used a hand_grenade 8-10-2020, 4:43:17 PM
best(best) used a hand_grenade 8-10-2020, 4:43:17 PM
best(best) used a hand_grenade 8-10-2020, 4:43:17 PM
best(best) used a hand_grenade 8-10-2020, 4:43:18 PM
best(best) used a hand_grenade 8-10-2020, 4:43:18 PM
best(best) used a hand_grenade 8-10-2020, 4:43:18 PM
best(best) used a hand_grenade 8-10-2020, 4:43:18 PM
best(best) used a hand_grenade 8-10-2020, 4:43:18 PM
best(best) used a hand_grenade 8-10-2020, 4:43:19 PM
best(best) used a hand_grenade 8-10-2020, 4:43:19 PM
best(best) used a hand_grenade 8-10-2020, 4:43:19 PM
best(best) used a hand_grenade 8-10-2020, 4:43:19 PM
best(best) used a hand_grenade 8-10-2020, 4:43:19 PM
best(best) used a hand_grenade 8-10-2020, 4:43:19 PM
best(best) used a hand_grenade 8-10-2020, 4:43:20 PM
best(best) used a hand_grenade 8-10-2020, 4:43:20 PM
best(best) used a hand_grenade 8-10-2020, 4:43:20 PM
best(best) used a hand_grenade 8-10-2020, 4:43:20 PM
best(best) used a hand_grenade 8-10-2020, 4:43:20 PM
best(best) used a hand_grenade 8-10-2020, 4:43:21 PM
best(best) used a hand_grenade 8-10-2020, 4:43:21 PM
best(best) used a hand_grenade 8-10-2020, 4:43:21 PM
best(best) used a hand_grenade 8-10-2020, 4:43:21 PM
best(best) used a hand_grenade 8-10-2020, 4:43:21 PM
best(best) used a hand_grenade 8-10-2020, 4:43:21 PM
best(best) used a hand_grenade 8-10-2020, 4:43:22 PM
best(best) used a hand_grenade 8-10-2020, 4:43:22 PM
best(best) used a hand_grenade 8-10-2020, 4:43:23 PM
best(best) used a hand_grenade 8-10-2020, 4:43:23 PM
best(best) used a hand_grenade 8-10-2020, 4:43:24 PM
best(best) used a hand_grenade 8-10-2020, 4:43:24 PM
best(best) used a hand_grenade 8-10-2020, 4:43:24 PM
best(best) used a hand_grenade 8-10-2020, 4:43:28 PM
best(best) used a hand_grenade 8-10-2020, 4:43:28 PM
best(best) used a hand_grenade 8-10-2020, 4:43:28 PM
best(best) used a hand_grenade 8-10-2020, 4:43:29 PM
best(best) used a hand_grenade 8-10-2020, 4:43:29 PM
best(best) used a hand_grenade 8-10-2020, 4:43:29 PM
best(best) used a hand_grenade 8-10-2020, 4:43:29 PM
best(best) used a hand_grenade 8-10-2020, 4:43:29 PM
best(best) used a hand_grenade 8-10-2020, 4:43:30 PM
best(best) used a hand_grenade 8-10-2020, 4:43:30 PM
best(best) used a hand_grenade 8-10-2020, 4:43:30 PM
best(best) used a hand_grenade 8-10-2020, 4:43:30 PM
best(best) used a hand_grenade 8-10-2020, 4:43:30 PM
best(best) used a hand_grenade 8-10-2020, 4:43:31 PM
best(best) used a hand_grenade 8-10-2020, 4:43:31 PM
best(best) used a hand_grenade 8-10-2020, 4:43:31 PM
best(best) used a hand_grenade 8-10-2020, 4:43:31 PM
best(best) used a hand_grenade 8-10-2020, 4:43:31 PM
best(best) used a hand_grenade 8-10-2020, 4:43:40 PM
best(best) used a hand_grenade 8-10-2020, 4:43:40 PM
best(best) used a hand_grenade 8-10-2020, 4:43:40 PM
best(best) used a hand_grenade 8-10-2020, 4:43:40 PM
best(best) used a hand_grenade 8-10-2020, 4:43:40 PM
best(best) used a hand_grenade 8-10-2020, 4:43:40 PM
best(best) used a hand_grenade 8-10-2020, 4:43:40 PM
best(best) used a hand_grenade 8-10-2020, 4:43:40 PM
best(best) used a hand_grenade 8-10-2020, 4:43:41 PM
best(best) used a hand_grenade 8-10-2020, 4:43:45 PM
best(best) used a hand_grenade 8-10-2020, 4:43:45 PM
best(best) used a hand_grenade 8-10-2020, 4:43:49 PM
best(best) used a hand_grenade 8-10-2020, 4:43:49 PM
best(best) used a hand_grenade 8-10-2020, 4:43:50 PM
best(best) used a hand_grenade 8-10-2020, 4:43:50 PM
best(best) used a hand_grenade 8-10-2020, 4:43:50 PM
best(best) used a hand_grenade 8-10-2020, 4:43:51 PM
best(best) used a hand_grenade 8-10-2020, 4:43:51 PM
best(best) used a hand_grenade 8-10-2020, 4:43:51 PM
best(best) used a hand_grenade 8-10-2020, 4:43:51 PM
best(best) used a hand_grenade 8-10-2020, 4:43:52 PM
best(best) used a hand_grenade 8-10-2020, 4:43:52 PM
best(best) used a hand_grenade 8-10-2020, 4:43:57 PM
best(best) used a hand_grenade 8-10-2020, 4:43:58 PM
best(best) used a hand_grenade 8-10-2020, 4:43:58 PM
best(best) used a hand_grenade 8-10-2020, 4:43:58 PM
best(best) used a hand_grenade 8-10-2020, 4:43:58 PM
best(best) used a hand_grenade 8-10-2020, 4:43:58 PM
best(best) used a hand_grenade 8-10-2020, 4:43:59 PM
best(best) used a hand_grenade 8-10-2020, 4:43:59 PM
best(best) used a hand_grenade 8-10-2020, 4:43:59 PM
best(best) used a hand_grenade 8-10-2020, 4:43:59 PM
best(best) used a hand_grenade 8-10-2020, 4:43:59 PM
best(best) used a hand_grenade 8-10-2020, 4:43:59 PM
best(best) used a hand_grenade 8-10-2020, 4:44:00 PM
best(best) used a hand_grenade 8-10-2020, 4:44:00 PM
best(best) used a hand_grenade 8-10-2020, 4:44:01 PM
best(best) used a hand_grenade 8-10-2020, 4:44:01 PM
best(best) used a hand_grenade 8-10-2020, 4:44:02 PM
best(best) used a hand_grenade 8-10-2020, 4:44:02 PM
best(best) used a hand_grenade 8-10-2020, 4:44:02 PM
best(best) used a hand_grenade 8-10-2020, 4:44:02 PM
best(best) used a hand_grenade 8-10-2020, 4:44:02 PM
best(best) used a hand_grenade 8-10-2020, 4:44:02 PM
best(best) used a hand_grenade 8-10-2020, 4:44:03 PM
best(best) used a hand_grenade 8-10-2020, 4:44:03 PM
best(best) used a hand_grenade 8-10-2020, 4:44:03 PM
best(best) used a hand_grenade 8-10-2020, 4:44:08 PM
best(best) used a hand_grenade 8-10-2020, 4:44:12 PM
best(best) used a hand_grenade 8-10-2020, 4:44:13 PM
best(best) used a hand_grenade 8-10-2020, 4:44:13 PM
best(best) used a hand_grenade 8-10-2020, 4:44:17 PM
best(best) used a hand_grenade 8-10-2020, 4:44:17 PM
best(best) used a hand_grenade 8-10-2020, 4:44:17 PM
best(best) used a hand_grenade 8-10-2020, 4:44:17 PM
best(best) used a hand_grenade 8-10-2020, 4:44:17 PM
best(best) used a hand_grenade 8-10-2020, 4:44:18 PM
best(best) used a hand_grenade 8-10-2020, 4:44:18 PM
best(best) used a hand_grenade 8-10-2020, 4:44:18 PM
best(best) used a hand_grenade 8-10-2020, 4:44:18 PM
best(best) used a hand_grenade 8-10-2020, 4:44:18 PM
best(best) used a hand_grenade 8-10-2020, 4:44:18 PM
best(best) used a hand_grenade 8-10-2020, 4:44:19 PM
best(best) used a hand_grenade 8-10-2020, 4:44:19 PM
best(best) used a hand_grenade 8-10-2020, 4:44:19 PM
best(best) used a hand_grenade 8-10-2020, 4:44:19 PM
best(best) used a hand_grenade 8-10-2020, 4:44:19 PM
best(best) used a hand_grenade 8-10-2020, 4:44:20 PM
best(best) used a hand_grenade 8-10-2020, 4:44:20 PM
best(best) used a hand_grenade 8-10-2020, 4:44:20 PM
best(best) used a hand_grenade 8-10-2020, 4:44:20 PM
best(best) used a hand_grenade 8-10-2020, 4:44:20 PM
best(best) used a hand_grenade 8-10-2020, 4:44:21 PM
best(best) used a hand_grenade 8-10-2020, 4:44:21 PM
best(best) used a hand_grenade 8-10-2020, 4:44:21 PM
best(best) used a hand_grenade 8-10-2020, 4:44:21 PM
best(best) used a hand_grenade 8-10-2020, 4:44:21 PM
best(best) used a hand_grenade 8-10-2020, 4:44:22 PM
best(best) used a hand_grenade 8-10-2020, 4:44:22 PM
best(best) used a hand_grenade 8-10-2020, 4:44:22 PM
best(best) used a hand_grenade 8-10-2020, 4:44:22 PM
best(best) used a hand_grenade 8-10-2020, 4:44:22 PM
best(best) used a hand_grenade 8-10-2020, 4:44:23 PM
best(best) used a hand_grenade 8-10-2020, 4:44:23 PM
best(best) used a hand_grenade 8-10-2020, 4:44:23 PM
best(best) used a hand_grenade 8-10-2020, 4:44:23 PM
best(best) used a hand_grenade 8-10-2020, 4:44:23 PM
best(best) used a hand_grenade 8-10-2020, 4:44:23 PM
best(best) used a hand_grenade 8-10-2020, 4:44:24 PM
best(best) used a hand_grenade 8-10-2020, 4:44:24 PM
best(best) used a hand_grenade 8-10-2020, 4:44:24 PM
best(best) used a hand_grenade 8-10-2020, 4:44:24 PM
best(best) used a hand_grenade 8-10-2020, 4:44:24 PM
best(best) used a hand_grenade 8-10-2020, 4:44:24 PM
best(best) used a hand_grenade 8-10-2020, 4:44:25 PM
best(best) used a hand_grenade 8-10-2020, 4:44:25 PM
best(best) used a hand_grenade 8-10-2020, 4:44:25 PM
best(best) used a hand_grenade 8-10-2020, 4:44:25 PM
best(best) used a hand_grenade 8-10-2020, 4:44:26 PM
best(best) used a hand_grenade 8-10-2020, 4:44:26 PM
best(best) used a hand_grenade 8-10-2020, 4:44:26 PM
best(best) used a hand_grenade 8-10-2020, 4:44:26 PM
best(best) used a hand_grenade 8-10-2020, 4:44:26 PM
best(best) used a hand_grenade 8-10-2020, 4:44:27 PM
best(best) used a hand_grenade 8-10-2020, 4:44:27 PM
best(best) used a hand_grenade 8-10-2020, 4:44:27 PM
best(best) used a hand_grenade 8-10-2020, 4:44:27 PM
best(best) used a hand_grenade 8-10-2020, 4:44:27 PM
best(best) used a hand_grenade 8-10-2020, 4:44:27 PM
best(best) used a hand_grenade 8-10-2020, 4:44:28 PM
best(best) used a hand_grenade 8-10-2020, 4:44:28 PM
best(best) used a hand_grenade 8-10-2020, 4:44:28 PM
best(best) used a hand_grenade 8-10-2020, 4:44:28 PM
best(best) used a hand_grenade 8-10-2020, 4:44:28 PM
best(best) used a hand_grenade 8-10-2020, 4:44:33 PM
best(best) used a hand_grenade 8-10-2020, 4:44:33 PM
best(best) used a hand_grenade 8-10-2020, 4:44:33 PM
best(best) used a hand_grenade 8-10-2020, 4:44:33 PM
best(best) used a hand_grenade 8-10-2020, 4:44:33 PM
best(best) used a hand_grenade 8-10-2020, 4:44:34 PM
best(best) used a hand_grenade 8-10-2020, 4:44:35 PM
best(best) used a hand_grenade 8-10-2020, 4:44:35 PM
best(best) used a hand_grenade 8-10-2020, 4:44:35 PM
best(best) used a hand_grenade 8-10-2020, 4:44:35 PM
best(best) used a hand_grenade 8-10-2020, 4:44:35 PM
best(best) used a hand_grenade 8-10-2020, 4:44:35 PM
best(best) used a hand_grenade 8-10-2020, 4:44:36 PM
best(best) used a hand_grenade 8-10-2020, 4:44:36 PM
best(best) used a hand_grenade 8-10-2020, 4:44:36 PM
best(best) used a hand_grenade 8-10-2020, 4:44:36 PM
best(best) used a hand_grenade 8-10-2020, 4:44:36 PM
best(best) used a hand_grenade 8-10-2020, 4:44:37 PM
best(best) used a hand_grenade 8-10-2020, 4:44:37 PM
best(best) used a hand_grenade 8-10-2020, 4:44:37 PM
best(best) used a hand_grenade 8-10-2020, 4:44:37 PM
best(best) used a hand_grenade 8-10-2020, 4:44:37 PM
best(best) used a hand_grenade 8-10-2020, 4:44:38 PM
best(best) used a hand_grenade 8-10-2020, 4:44:38 PM
best(best) used a hand_grenade 8-10-2020, 4:44:38 PM
best(best) used a hand_grenade 8-10-2020, 4:44:38 PM
best(best) used a hand_grenade 8-10-2020, 4:44:38 PM
best(best) used a hand_grenade 8-10-2020, 4:44:38 PM
best(best) used a hand_grenade 8-10-2020, 4:44:39 PM
best(best) used a hand_grenade 8-10-2020, 4:44:39 PM
best(best) used a hand_grenade 8-10-2020, 4:44:39 PM
best(best) used a hand_grenade 8-10-2020, 4:44:39 PM
best(best) used a hand_grenade 8-10-2020, 4:44:39 PM
best(best) used a hand_grenade 8-10-2020, 4:44:39 PM
best(best) used a hand_grenade 8-10-2020, 4:44:43 PM
best(best) used a hand_grenade 8-10-2020, 4:44:43 PM
best(best) used a hand_grenade 8-10-2020, 4:44:44 PM
best(best) used a hand_grenade 8-10-2020, 4:44:44 PM
best(best) used a hand_grenade 8-10-2020, 4:44:44 PM
best(best) used a hand_grenade 8-10-2020, 4:44:44 PM
best(best) used a hand_grenade 8-10-2020, 4:44:51 PM
best(best) used a hand_grenade 8-10-2020, 4:44:52 PM
best(best) used a hand_grenade 8-10-2020, 4:44:52 PM
best(best) used a hand_grenade 8-10-2020, 4:44:52 PM
best(best) used a hand_grenade 8-10-2020, 4:44:52 PM
best(best) used a hand_grenade 8-10-2020, 4:44:52 PM
best(best) used a hand_grenade 8-10-2020, 4:44:53 PM
best(best) used a hand_grenade 8-10-2020, 4:44:53 PM
best(best) used a hand_grenade 8-10-2020, 4:44:53 PM
best(best) used a hand_grenade 8-10-2020, 4:44:57 PM
best(best) used a hand_grenade 8-10-2020, 4:44:57 PM
best(best) used a hand_grenade 8-10-2020, 4:44:57 PM
best(best) used a hand_grenade 8-10-2020, 4:44:58 PM
best(best) used a hand_grenade 8-10-2020, 4:44:58 PM
best(best) used a hand_grenade 8-10-2020, 4:44:58 PM
best(best) used a hand_grenade 8-10-2020, 4:44:58 PM
best(best) used a hand_grenade 8-10-2020, 4:44:58 PM
best(best) used a hand_grenade 8-10-2020, 4:44:58 PM
best(best) used a hand_grenade 8-10-2020, 4:44:59 PM
best(best) used a hand_grenade 8-10-2020, 4:44:59 PM
best(best) used a hand_grenade 8-10-2020, 4:44:59 PM
best(best) used a hand_grenade 8-10-2020, 4:44:59 PM
best(best) used a hand_grenade 8-10-2020, 4:44:59 PM
best(best) used a hand_grenade 8-10-2020, 4:45:00 PM
best(best) used a hand_grenade 8-10-2020, 4:45:00 PM
best(best) used a hand_grenade 8-10-2020, 4:45:00 PM
best(best) used a hand_grenade 8-10-2020, 4:45:00 PM
best(best) used a hand_grenade 8-10-2020, 4:45:00 PM
best(best) used a hand_grenade 8-10-2020, 4:45:01 PM
best(best) used a hand_grenade 8-10-2020, 4:45:01 PM
best(best) used a hand_grenade 8-10-2020, 4:45:01 PM
best(best) used a hand_grenade 8-10-2020, 4:45:01 PM
best(best) used a hand_grenade 8-10-2020, 4:45:02 PM
best(best) used a hand_grenade 8-10-2020, 4:45:02 PM
best(best) used a hand_grenade 8-10-2020, 4:45:02 PM
best(best) used a hand_grenade 8-10-2020, 4:45:03 PM
best(best) used a hand_grenade 8-10-2020, 4:45:03 PM
best(best) used a hand_grenade 8-10-2020, 4:45:03 PM
best(best) used a hand_grenade 8-10-2020, 4:45:03 PM
best(best) used a hand_grenade 8-10-2020, 4:45:03 PM
best(best) used a hand_grenade 8-10-2020, 4:45:04 PM
best(best) used a hand_grenade 8-10-2020, 4:45:04 PM
best(best) used a hand_grenade 8-10-2020, 4:45:04 PM
best(best) used a hand_grenade 8-10-2020, 4:45:04 PM
best(best) used a hand_grenade 8-10-2020, 4:45:04 PM
best(best) used a hand_grenade 8-10-2020, 4:45:04 PM
best(best) used a hand_grenade 8-10-2020, 4:45:05 PM
best(best) used a hand_grenade 8-10-2020, 4:45:05 PM
best(best) used a hand_grenade 8-10-2020, 4:45:05 PM
best(best) used a hand_grenade 8-10-2020, 4:45:05 PM
best(best) used a hand_grenade 8-10-2020, 4:45:05 PM
best(best) used a hand_grenade 8-10-2020, 4:45:06 PM
best(best) used a hand_grenade 8-10-2020, 4:45:06 PM
best(best) used a hand_grenade 8-10-2020, 4:45:07 PM
best(best) used a hand_grenade 8-10-2020, 4:45:07 PM
best(best) used a hand_grenade 8-10-2020, 4:45:07 PM
best(best) used a hand_grenade 8-10-2020, 4:45:08 PM
best(best) used a hand_grenade 8-10-2020, 4:45:08 PM
best(best) used a hand_grenade 8-10-2020, 4:45:08 PM
best(best) used a hand_grenade 8-10-2020, 4:45:08 PM
best(best) used a hand_grenade 8-10-2020, 4:45:08 PM
best(best) used a hand_grenade 8-10-2020, 4:45:09 PM
best(best) used a hand_grenade 8-10-2020, 4:45:09 PM
best(best) used a hand_grenade 8-10-2020, 4:45:09 PM
best(best) used a hand_grenade 8-10-2020, 4:45:13 PM
best(best) used a hand_grenade 8-10-2020, 4:45:13 PM
best(best) used a hand_grenade 8-10-2020, 4:45:13 PM
best(best) used a hand_grenade 8-10-2020, 4:45:13 PM
best(best) used a hand_grenade 8-10-2020, 4:45:14 PM
best(best) used a hand_grenade 8-10-2020, 4:45:14 PM
best(best) used a hand_grenade 8-10-2020, 4:45:14 PM
best(best) used a hand_grenade 8-10-2020, 4:45:14 PM
best(best) used a hand_grenade 8-10-2020, 4:45:14 PM
best(best) used a hand_grenade 8-10-2020, 4:45:14 PM
best(best) used a hand_grenade 8-10-2020, 4:45:14 PM
best(best) used a hand_grenade 8-10-2020, 4:45:15 PM
best(best) used a hand_grenade 8-10-2020, 4:45:15 PM
best(best) used a hand_grenade 8-10-2020, 4:45:15 PM
best(best) used a hand_grenade 8-10-2020, 4:45:15 PM
best(best) used a hand_grenade 8-10-2020, 4:45:15 PM
best(best) used a hand_grenade 8-10-2020, 4:45:15 PM
best(best) used a hand_grenade 8-10-2020, 4:45:16 PM
best(best) used a hand_grenade 8-10-2020, 4:45:16 PM
best(best) used a hand_grenade 8-10-2020, 4:45:16 PM
best(best) used a hand_grenade 8-10-2020, 4:45:16 PM
best(best) used a hand_grenade 8-10-2020, 4:45:16 PM
best(best) used a hand_grenade 8-10-2020, 4:45:16 PM
best(best) used a hand_grenade 8-10-2020, 4:45:17 PM
best(best) used a hand_grenade 8-10-2020, 4:45:17 PM
best(best) used a hand_grenade 8-10-2020, 4:45:21 PM
best(best) used a hand_grenade 8-10-2020, 4:45:21 PM
best(best) used a hand_grenade 8-10-2020, 4:45:21 PM
best(best) used a hand_grenade 8-10-2020, 4:45:21 PM
best(best) used a hand_grenade 8-10-2020, 4:45:21 PM
best(best) used a hand_grenade 8-10-2020, 4:45:22 PM
best(best) used a hand_grenade 8-10-2020, 4:45:25 PM
best(best) used a hand_grenade 8-10-2020, 4:45:25 PM
best(best) used a hand_grenade 8-10-2020, 4:45:26 PM
best(best) used a hand_grenade 8-10-2020, 4:45:26 PM
best(best) used a hand_grenade 8-10-2020, 4:45:26 PM
best(best) used a hand_grenade 8-10-2020, 4:45:27 PM
best(best) used a hand_grenade 8-10-2020, 4:45:27 PM
best(best) used a hand_grenade 8-10-2020, 4:45:27 PM
best(best) used a hand_grenade 8-10-2020, 4:45:34 PM
best(best) used a hand_grenade 8-10-2020, 4:45:34 PM
best(best) used a hand_grenade 8-10-2020, 4:45:35 PM
best(best) used a hand_grenade 8-10-2020, 4:45:35 PM
best(best) used a hand_grenade 8-10-2020, 4:45:35 PM
best(best) used a hand_grenade 8-10-2020, 4:45:35 PM
best(best) used a hand_grenade 8-10-2020, 4:45:39 PM
best(best) used a hand_grenade 8-10-2020, 4:45:39 PM
best(best) used a hand_grenade 8-10-2020, 4:45:40 PM
best(best) used a hand_grenade 8-10-2020, 4:45:40 PM
best(best) used a hand_grenade 8-10-2020, 4:45:40 PM
best(best) used a hand_grenade 8-10-2020, 4:45:40 PM
best(best) used a hand_grenade 8-10-2020, 4:45:40 PM
best(best) used a hand_grenade 8-10-2020, 4:45:41 PM
best(best) used a hand_grenade 8-10-2020, 4:45:41 PM
best(best) used a hand_grenade 8-10-2020, 4:45:41 PM
best(best) used a hand_grenade 8-10-2020, 4:45:41 PM
best(best) used a hand_grenade 8-10-2020, 4:45:45 PM
best(best) used a hand_grenade 8-10-2020, 4:45:45 PM
best(best) used a hand_grenade 8-10-2020, 4:45:45 PM
best(best) used a hand_grenade 8-10-2020, 4:45:45 PM
best(best) used a hand_grenade 8-10-2020, 4:45:46 PM
best(best) used a hand_grenade 8-10-2020, 4:45:47 PM
best(best) used a hand_grenade 8-10-2020, 4:45:47 PM
best(best) used a hand_grenade 8-10-2020, 4:45:47 PM
best(best) used a hand_grenade 8-10-2020, 4:45:47 PM
best(best) used a hand_grenade 8-10-2020, 4:45:47 PM
best(best) used a hand_grenade 8-10-2020, 4:45:47 PM
best(best) used a hand_grenade 8-10-2020, 4:45:47 PM
best(best) used a hand_grenade 8-10-2020, 4:45:47 PM
best(best) used a hand_grenade 8-10-2020, 4:45:51 PM
best(best) used a hand_grenade 8-10-2020, 4:45:51 PM
best(best) used a hand_grenade 8-10-2020, 4:45:51 PM
best(best) used a hand_grenade 8-10-2020, 4:45:52 PM
best(best) used a hand_grenade 8-10-2020, 4:45:52 PM
best(best) used a hand_grenade 8-10-2020, 4:45:52 PM
best(best) used a hand_grenade 8-10-2020, 4:45:52 PM
best(best) used a hand_grenade 8-10-2020, 4:45:52 PM
best(best) used a hand_grenade 8-10-2020, 4:45:53 PM
best(best) used a hand_grenade 8-10-2020, 4:45:53 PM
best(best) used a hand_grenade 8-10-2020, 4:45:53 PM
best(best) used a hand_grenade 8-10-2020, 4:45:53 PM
best(best) used a hand_grenade 8-10-2020, 4:45:53 PM
best(best) used a hand_grenade 8-10-2020, 4:45:53 PM
best(best) used a hand_grenade 8-10-2020, 4:45:54 PM
best(best) used a hand_grenade 8-10-2020, 4:45:54 PM
best(best) used a hand_grenade 8-10-2020, 4:45:54 PM
best(best) used a hand_grenade 8-10-2020, 4:45:54 PM
best(best) used a hand_grenade 8-10-2020, 4:45:54 PM
best(best) used a hand_grenade 8-10-2020, 4:45:54 PM
best(best) used a hand_grenade 8-10-2020, 4:45:55 PM
best(best) used a hand_grenade 8-10-2020, 4:45:55 PM
best(best) used a hand_grenade 8-10-2020, 4:45:55 PM
best(best) used a hand_grenade 8-10-2020, 4:45:55 PM
best(best) used a hand_grenade 8-10-2020, 4:45:55 PM
best(best) used a hand_grenade 8-10-2020, 4:45:56 PM
best(best) used a hand_grenade 8-10-2020, 4:45:56 PM
best(best) used a hand_grenade 8-10-2020, 4:45:56 PM
best(best) used a hand_grenade 8-10-2020, 4:45:56 PM
best(best) used a hand_grenade 8-10-2020, 4:45:56 PM
best(best) used a hand_grenade 8-10-2020, 4:45:57 PM
best(best) used a hand_grenade 8-10-2020, 4:45:57 PM
best(best) used a hand_grenade 8-10-2020, 4:45:57 PM
best(best) used a hand_grenade 8-10-2020, 4:45:57 PM
best(best) used a hand_grenade 8-10-2020, 4:45:57 PM
best(best) used a hand_grenade 8-10-2020, 4:45:58 PM
best(best) used a hand_grenade 8-10-2020, 4:45:58 PM
best(best) used a hand_grenade 8-10-2020, 4:45:58 PM
best(best) used a hand_grenade 8-10-2020, 4:45:58 PM
best(best) used a hand_grenade 8-10-2020, 4:45:58 PM
best(best) used a hand_grenade 8-10-2020, 4:45:59 PM
best(best) used a hand_grenade 8-10-2020, 4:45:59 PM
best(best) used a hand_grenade 8-10-2020, 4:46:03 PM
best(best) used a hand_grenade 8-10-2020, 4:46:03 PM
best(best) used a hand_grenade 8-10-2020, 4:46:03 PM
best(best) used a hand_grenade 8-10-2020, 4:46:03 PM
best(best) used a hand_grenade 8-10-2020, 4:46:04 PM
best(best) used a hand_grenade 8-10-2020, 4:46:04 PM
best(best) used a hand_grenade 8-10-2020, 4:46:04 PM
best(best) used a hand_grenade 8-10-2020, 4:46:04 PM
best(best) used a hand_grenade 8-10-2020, 4:46:04 PM
best(best) used a hand_grenade 8-10-2020, 4:46:05 PM
best(best) used a hand_grenade 8-10-2020, 4:46:05 PM
best(best) used a hand_grenade 8-10-2020, 4:46:05 PM
best(best) used a hand_grenade 8-10-2020, 4:46:09 PM
best(best) used a hand_grenade 8-10-2020, 4:46:10 PM
best(best) used a hand_grenade 8-10-2020, 4:46:10 PM
best(best) used a hand_grenade 8-10-2020, 4:46:10 PM
best(best) used a hand_grenade 8-10-2020, 4:46:10 PM
best(best) used a hand_grenade 8-10-2020, 4:46:10 PM
best(best) used a hand_grenade 8-10-2020, 4:46:11 PM
best(best) used a hand_grenade 8-10-2020, 4:46:11 PM
best(best) used a hand_grenade 8-10-2020, 4:46:11 PM
best(best) used a hand_grenade 8-10-2020, 4:46:11 PM
best(best) used a hand_grenade 8-10-2020, 4:46:11 PM
best(best) used a hand_grenade 8-10-2020, 4:46:12 PM
best(best) used a hand_grenade 8-10-2020, 4:46:12 PM
best(best) used a hand_grenade 8-10-2020, 4:46:12 PM
best(best) used a hand_grenade 8-10-2020, 4:46:12 PM
best(best) used a hand_grenade 8-10-2020, 4:46:12 PM
best(best) used a hand_grenade 8-10-2020, 4:46:13 PM
best(best) used a hand_grenade 8-10-2020, 4:46:13 PM
best(best) used a hand_grenade 8-10-2020, 4:46:13 PM
best(best) used a hand_grenade 8-10-2020, 4:46:14 PM
best(best) used a hand_grenade 8-10-2020, 4:46:17 PM
best(best) used a hand_grenade 8-10-2020, 4:46:17 PM
best(best) used a hand_grenade 8-10-2020, 4:46:17 PM
best(best) used a hand_grenade 8-10-2020, 4:46:21 PM
best(best) used a hand_grenade 8-10-2020, 4:46:21 PM
best(best) used a hand_grenade 8-10-2020, 4:46:21 PM
best(best) used a hand_grenade 8-10-2020, 4:46:21 PM
best(best) used a hand_grenade 8-10-2020, 4:46:22 PM
best(best) used a hand_grenade 8-10-2020, 4:46:22 PM
best(best) used a hand_grenade 8-10-2020, 4:46:23 PM
best(best) used a hand_grenade 8-10-2020, 4:46:24 PM
best(best) used a hand_grenade 8-10-2020, 4:46:24 PM
best(best) used a hand_grenade 8-10-2020, 4:46:24 PM
best(best) used a hand_grenade 8-10-2020, 4:46:24 PM
best(best) used a hand_grenade 8-10-2020, 4:46:24 PM
best(best) used a hand_grenade 8-10-2020, 4:46:24 PM
best(best) used a hand_grenade 8-10-2020, 4:46:25 PM
best(best) used a hand_grenade 8-10-2020, 4:46:30 PM
best(best) used a hand_grenade 8-10-2020, 4:46:30 PM
best(best) used a hand_grenade 8-10-2020, 4:46:30 PM
best(best) used a hand_grenade 8-10-2020, 4:46:30 PM
best(best) used a hand_grenade 8-10-2020, 4:46:30 PM
best(best) used a hand_grenade 8-10-2020, 4:46:31 PM
best(best) used a hand_grenade 8-10-2020, 4:46:34 PM
best(best) used a hand_grenade 8-10-2020, 4:46:35 PM
best(best) used a hand_grenade 8-10-2020, 4:46:35 PM
best(best) used a hand_grenade 8-10-2020, 4:46:35 PM
best(best) used a hand_grenade 8-10-2020, 4:46:35 PM
best(best) used a hand_grenade 8-10-2020, 4:46:35 PM
best(best) used a hand_grenade 8-10-2020, 4:46:35 PM
best(best) used a hand_grenade 8-10-2020, 4:46:35 PM
best(best) used a hand_grenade 8-10-2020, 4:46:35 PM
best(best) used a hand_grenade 8-10-2020, 4:46:36 PM
best(best) used a hand_grenade 8-10-2020, 4:46:39 PM
best(best) used a hand_grenade 8-10-2020, 4:46:40 PM
best(best) used a hand_grenade 8-10-2020, 4:46:40 PM
best(best) used a hand_grenade 8-10-2020, 4:46:40 PM
best(best) used a hand_grenade 8-10-2020, 4:46:40 PM
best(best) used a hand_grenade 8-10-2020, 4:46:40 PM
best(best) used a hand_grenade 8-10-2020, 4:46:41 PM
best(best) used a hand_grenade 8-10-2020, 4:46:41 PM
best(best) used a hand_grenade 8-10-2020, 4:46:41 PM
best(best) used a hand_grenade 8-10-2020, 4:46:41 PM
best(best) used a hand_grenade 8-10-2020, 4:46:42 PM
best(best) used a hand_grenade 8-10-2020, 4:46:42 PM
best(best) used a hand_grenade 8-10-2020, 4:46:42 PM
best(best) used a hand_grenade 8-10-2020, 4:46:42 PM
best(best) used a hand_grenade 8-10-2020, 4:46:42 PM
best(best) used a hand_grenade 8-10-2020, 4:46:42 PM
best(best) used a hand_grenade 8-10-2020, 4:46:43 PM
best(best) used a hand_grenade 8-10-2020, 4:46:43 PM
best(best) used a hand_grenade 8-10-2020, 4:46:47 PM
best(best) used a hand_grenade 8-10-2020, 4:46:47 PM
best(best) used a hand_grenade 8-10-2020, 4:46:47 PM
best(best) used a hand_grenade 8-10-2020, 4:46:48 PM
best(best) used a hand_grenade 8-10-2020, 4:46:51 PM
best(best) used a hand_grenade 8-10-2020, 4:46:55 PM
best(best) used a hand_grenade 8-10-2020, 4:46:56 PM
best(best) used a hand_grenade 8-10-2020, 4:46:56 PM
best(best) used a hand_grenade 8-10-2020, 4:46:56 PM
best(best) used a hand_grenade 8-10-2020, 4:47:00 PM
best(best) used a hand_grenade 8-10-2020, 4:47:00 PM
best(best) used a hand_grenade 8-10-2020, 4:47:00 PM
best(best) used a hand_grenade 8-10-2020, 4:47:00 PM
best(best) used a hand_grenade 8-10-2020, 4:47:00 PM
best(best) used a hand_grenade 8-10-2020, 4:47:01 PM
best(best) used a hand_grenade 8-10-2020, 4:47:01 PM
best(best) used a hand_grenade 8-10-2020, 4:47:01 PM
best(best) used a hand_grenade 8-10-2020, 4:47:05 PM
best(best) used a hand_grenade 8-10-2020, 4:47:08 PM
best(best) used a hand_grenade 8-10-2020, 4:47:12 PM
best(best) used a hand_grenade 8-10-2020, 4:47:12 PM
best(best) used a hand_grenade 8-10-2020, 4:47:12 PM
best(best) used a hand_grenade 8-10-2020, 4:47:12 PM
best(best) used a hand_grenade 8-10-2020, 4:47:13 PM
best(best) used a hand_grenade 8-10-2020, 4:47:13 PM
best(best) used a hand_grenade 8-10-2020, 4:47:13 PM
best(best) used a hand_grenade 8-10-2020, 4:47:13 PM
best(best) used a hand_grenade 8-10-2020, 4:47:13 PM
best(best) used a hand_grenade 8-10-2020, 4:47:14 PM
best(best) used a hand_grenade 8-10-2020, 4:47:14 PM
best(best) used a hand_grenade 8-10-2020, 4:47:14 PM
best(best) used a hand_grenade 8-10-2020, 4:47:20 PM
best(best) used a hand_grenade 8-10-2020, 4:47:20 PM
best(best) used a hand_grenade 8-10-2020, 4:47:20 PM
best(best) used a hand_grenade 8-10-2020, 4:47:20 PM
best(best) used a hand_grenade 8-10-2020, 4:47:21 PM
best(best) used a hand_grenade 8-10-2020, 4:47:21 PM
best(best) used a hand_grenade 8-10-2020, 4:47:21 PM
best(best) used a hand_grenade 8-10-2020, 4:47:21 PM
best(best) used a hand_grenade 8-10-2020, 4:47:21 PM
best(best) used a hand_grenade 8-10-2020, 4:47:21 PM
best(best) used a hand_grenade 8-10-2020, 4:47:22 PM
best(best) used a hand_grenade 8-10-2020, 4:47:22 PM
best(best) used a hand_grenade 8-10-2020, 4:47:22 PM
best(best) used a hand_grenade 8-10-2020, 4:47:22 PM
best(best) used a hand_grenade 8-10-2020, 4:47:22 PM
best(best) used a hand_grenade 8-10-2020, 4:47:22 PM
best(best) used a hand_grenade 8-10-2020, 4:47:22 PM
best(best) used a hand_grenade 8-10-2020, 4:47:23 PM
best(best) used a hand_grenade 8-10-2020, 4:47:23 PM
best(best) used a hand_grenade 8-10-2020, 4:47:23 PM
best(best) used a hand_grenade 8-10-2020, 4:47:23 PM
best(best) used a hand_grenade 8-10-2020, 4:47:23 PM
best(best) used a hand_grenade 8-10-2020, 4:47:23 PM
best(best) used a hand_grenade 8-10-2020, 4:47:23 PM
best(best) used a hand_grenade 8-10-2020, 4:47:25 PM
best(best) used a hand_grenade 8-10-2020, 4:47:25 PM
best(best) used a hand_grenade 8-10-2020, 4:47:25 PM
best(best) used a hand_grenade 8-10-2020, 4:47:25 PM
best(best) used a hand_grenade 8-10-2020, 4:47:25 PM
best(best) used a hand_grenade 8-10-2020, 4:47:26 PM
best(best) used a hand_grenade 8-10-2020, 4:47:26 PM
best(best) used a hand_grenade 8-10-2020, 4:47:26 PM
best(best) used a hand_grenade 8-10-2020, 4:47:26 PM
best(best) used a hand_grenade 8-10-2020, 4:47:27 PM
best(best) used a hand_grenade 8-10-2020, 4:47:27 PM
best(best) used a hand_grenade 8-10-2020, 4:47:27 PM
best(best) used a hand_grenade 8-10-2020, 4:47:27 PM
best(best) used a hand_grenade 8-10-2020, 4:47:27 PM
best(best) used a hand_grenade 8-10-2020, 4:47:28 PM
best(best) used a hand_grenade 8-10-2020, 4:47:28 PM
best(best) used a hand_grenade 8-10-2020, 4:47:28 PM
best(best) used a hand_grenade 8-10-2020, 4:47:28 PM
best(best) used a hand_grenade 8-10-2020, 4:47:28 PM
best(best) used a hand_grenade 8-10-2020, 4:47:29 PM
best(best) used a hand_grenade 8-10-2020, 4:47:29 PM
best(best) used a hand_grenade 8-10-2020, 4:47:29 PM
best(best) used a hand_grenade 8-10-2020, 4:47:29 PM
best(best) used a hand_grenade 8-10-2020, 4:47:29 PM
best(best) used a hand_grenade 8-10-2020, 4:47:30 PM
best(best) used a hand_grenade 8-10-2020, 4:47:30 PM
best(best) used a hand_grenade 8-10-2020, 4:47:30 PM
best(best) used a hand_grenade 8-10-2020, 4:47:30 PM
best(best) used a hand_grenade 8-10-2020, 4:47:30 PM
best(best) used a hand_grenade 8-10-2020, 4:47:31 PM
best(best) used a hand_grenade 8-10-2020, 4:47:31 PM
best(best) used a hand_grenade 8-10-2020, 4:47:31 PM
best(best) used a hand_grenade 8-10-2020, 4:47:31 PM
best(best) used a hand_grenade 8-10-2020, 4:47:31 PM
best(best) used a hand_grenade 8-10-2020, 4:47:32 PM
best(best) used a hand_grenade 8-10-2020, 4:47:32 PM
best(best) used a hand_grenade 8-10-2020, 4:47:32 PM
best(best) used a hand_grenade 8-10-2020, 4:47:32 PM
best(best) used a hand_grenade 8-10-2020, 4:47:32 PM
best(best) used a hand_grenade 8-10-2020, 4:47:32 PM
best(best) used a hand_grenade 8-10-2020, 4:47:33 PM
best(best) used a hand_grenade 8-10-2020, 4:47:33 PM
best(best) used a hand_grenade 8-10-2020, 4:47:33 PM
best(best) used a hand_grenade 8-10-2020, 4:47:33 PM
best(best) used a hand_grenade 8-10-2020, 4:47:33 PM
best(best) used a hand_grenade 8-10-2020, 4:47:34 PM
best(best) used a hand_grenade 8-10-2020, 4:47:34 PM
best(best) used a hand_grenade 8-10-2020, 4:47:34 PM
best(best) used a hand_grenade 8-10-2020, 4:47:34 PM
best(best) used a hand_grenade 8-10-2020, 4:47:34 PM
best(best) used a hand_grenade 8-10-2020, 4:47:35 PM
best(best) used a hand_grenade 8-10-2020, 4:47:35 PM
best(best) used a hand_grenade 8-10-2020, 4:47:35 PM
best(best) used a hand_grenade 8-10-2020, 4:47:35 PM
best(best) used a hand_grenade 8-10-2020, 4:47:35 PM
best(best) used a hand_grenade 8-10-2020, 4:47:35 PM
best(best) used a hand_grenade 8-10-2020, 4:47:36 PM
best(best) used a hand_grenade 8-10-2020, 4:47:36 PM
best(best) used a hand_grenade 8-10-2020, 4:47:36 PM
best(best) used a hand_grenade 8-10-2020, 4:47:36 PM
best(best) used a hand_grenade 8-10-2020, 4:47:37 PM
best(best) used a hand_grenade 8-10-2020, 4:47:37 PM
best(best) used a hand_grenade 8-10-2020, 4:47:37 PM
best(best) used a hand_grenade 8-10-2020, 4:47:41 PM
best(best) used a hand_grenade 8-10-2020, 4:47:41 PM
best(best) used a hand_grenade 8-10-2020, 4:47:41 PM
best(best) used a hand_grenade 8-10-2020, 4:47:41 PM
best(best) used a hand_grenade 8-10-2020, 4:47:41 PM
best(best) used a hand_grenade 8-10-2020, 4:47:42 PM
best(best) used a hand_grenade 8-10-2020, 4:47:42 PM
best(best) used a hand_grenade 8-10-2020, 4:47:42 PM
best(best) used a hand_grenade 8-10-2020, 4:47:42 PM
best(best) used a hand_grenade 8-10-2020, 4:47:46 PM
best(best) used a hand_grenade 8-10-2020, 4:47:54 PM
best(best) used a hand_grenade 8-10-2020, 4:47:54 PM
best(best) used a hand_grenade 8-10-2020, 4:47:55 PM
best(best) used a hand_grenade 8-10-2020, 4:47:55 PM
best(best) used a hand_grenade 8-10-2020, 4:47:55 PM
best(best) used a hand_grenade 8-10-2020, 4:47:55 PM
best(best) used a hand_grenade 8-10-2020, 4:47:55 PM
best(best) used a hand_grenade 8-10-2020, 4:47:55 PM
best(best) used a hand_grenade 8-10-2020, 4:47:56 PM
best(best) used a hand_grenade 8-10-2020, 4:47:56 PM
best(best) used a hand_grenade 8-10-2020, 4:47:56 PM
best(best) used a hand_grenade 8-10-2020, 4:47:56 PM
best(best) used a hand_grenade 8-10-2020, 4:47:56 PM
best(best) used a hand_grenade 8-10-2020, 4:47:56 PM
best(best) used a hand_grenade 8-10-2020, 4:47:57 PM
best(best) used a hand_grenade 8-10-2020, 4:47:57 PM
best(best) used a hand_grenade 8-10-2020, 4:47:57 PM
best(best) used a hand_grenade 8-10-2020, 4:47:57 PM
best(best) used a hand_grenade 8-10-2020, 4:47:57 PM
best(best) used a hand_grenade 8-10-2020, 4:47:58 PM
best(best) used a hand_grenade 8-10-2020, 4:47:58 PM
best(best) used a hand_grenade 8-10-2020, 4:47:58 PM
best(best) used a hand_grenade 8-10-2020, 4:47:58 PM
best(best) used a hand_grenade 8-10-2020, 4:47:58 PM
best(best) used a hand_grenade 8-10-2020, 4:48:02 PM
best(best) used a hand_grenade 8-10-2020, 4:48:02 PM
best(best) used a hand_grenade 8-10-2020, 4:48:07 PM
best(best) used a hand_grenade 8-10-2020, 4:48:07 PM
best(best) used a hand_grenade 8-10-2020, 4:48:07 PM
best(best) used a hand_grenade 8-10-2020, 4:48:07 PM
best(best) used a hand_grenade 8-10-2020, 4:48:07 PM
best(best) used a hand_grenade 8-10-2020, 4:48:08 PM
best(best) used a hand_grenade 8-10-2020, 4:48:08 PM
best(best) used a hand_grenade 8-10-2020, 4:48:12 PM
best(best) used a hand_grenade 8-10-2020, 4:48:12 PM
best(best) used a hand_grenade 8-10-2020, 4:48:12 PM
best(best) used a hand_grenade 8-10-2020, 4:48:12 PM
best(best) used a hand_grenade 8-10-2020, 4:48:12 PM
best(best) used a hand_grenade 8-10-2020, 4:48:13 PM
best(best) used a hand_grenade 8-10-2020, 4:48:13 PM
best(best) used a hand_grenade 8-10-2020, 4:48:13 PM
best(best) used a hand_grenade 8-10-2020, 4:48:20 PM
best(best) used a hand_grenade 8-10-2020, 4:48:24 PM
best(best) used a hand_grenade 8-10-2020, 4:48:25 PM
best(best) used a hand_grenade 8-10-2020, 4:48:25 PM
best(best) used a hand_grenade 8-10-2020, 4:48:25 PM
best(best) used a hand_grenade 8-10-2020, 4:48:25 PM
best(best) used a hand_grenade 8-10-2020, 4:48:25 PM
best(best) used a hand_grenade 8-10-2020, 4:48:25 PM
best(best) used a hand_grenade 8-10-2020, 4:48:30 PM
best(best) used a hand_grenade 8-10-2020, 4:48:30 PM
best(best) used a hand_grenade 8-10-2020, 4:48:30 PM
best(best) used a hand_grenade 8-10-2020, 4:48:30 PM
best(best) used a hand_grenade 8-10-2020, 4:48:30 PM
best(best) used a hand_grenade 8-10-2020, 4:48:30 PM
best(best) used a hand_grenade 8-10-2020, 4:48:31 PM
best(best) used a hand_grenade 8-10-2020, 4:48:31 PM
best(best) used a hand_grenade 8-10-2020, 4:48:31 PM
best(best) used a hand_grenade 8-10-2020, 4:48:31 PM
best(best) used a hand_grenade 8-10-2020, 4:48:31 PM
best(best) used a hand_grenade 8-10-2020, 4:48:32 PM
best(best) used a hand_grenade 8-10-2020, 4:48:32 PM
best(best) used a hand_grenade 8-10-2020, 4:48:32 PM
best(best) used a hand_grenade 8-10-2020, 4:48:32 PM
best(best) used a hand_grenade 8-10-2020, 4:48:42 PM
best(best) used a hand_grenade 8-10-2020, 4:48:42 PM
best(best) used a hand_grenade 8-10-2020, 4:48:42 PM
best(best) used a hand_grenade 8-10-2020, 4:48:42 PM
best(best) used a hand_grenade 8-10-2020, 4:48:42 PM
best(best) used a hand_grenade 8-10-2020, 4:48:43 PM
best(best) used a hand_grenade 8-10-2020, 4:48:43 PM
best(best) used a hand_grenade 8-10-2020, 4:48:43 PM
best(best) used a hand_grenade 8-10-2020, 4:48:43 PM
best(best) used a hand_grenade 8-10-2020, 4:48:43 PM
best(best) used a hand_grenade 8-10-2020, 4:48:43 PM
best(best) used a hand_grenade 8-10-2020, 4:48:44 PM
best(best) used a hand_grenade 8-10-2020, 4:48:44 PM
best(best) used a hand_grenade 8-10-2020, 4:48:44 PM
best(best) used a hand_grenade 8-10-2020, 4:48:44 PM
best(best) used a hand_grenade 8-10-2020, 4:48:45 PM
best(best) used a hand_grenade 8-10-2020, 4:48:47 PM
best(best) used a hand_grenade 8-10-2020, 4:48:48 PM
best(best) used a hand_grenade 8-10-2020, 4:48:48 PM
best(best) used a hand_grenade 8-10-2020, 4:48:48 PM
best(best) used a hand_grenade 8-10-2020, 4:48:48 PM
best(best) used a hand_grenade 8-10-2020, 4:48:48 PM
best(best) used a hand_grenade 8-10-2020, 4:48:48 PM
best(best) used a hand_grenade 8-10-2020, 4:48:49 PM
best(best) used a hand_grenade 8-10-2020, 4:48:57 PM
best(best) used a hand_grenade 8-10-2020, 4:48:58 PM
best(best) used a hand_grenade 8-10-2020, 4:49:01 PM
best(best) used a hand_grenade 8-10-2020, 4:49:01 PM
best(best) used a hand_grenade 8-10-2020, 4:49:02 PM
best(best) used a hand_grenade 8-10-2020, 4:49:02 PM
best(best) used a hand_grenade 8-10-2020, 4:49:02 PM
best(best) used a hand_grenade 8-10-2020, 4:49:02 PM
best(best) used a hand_grenade 8-10-2020, 4:49:02 PM
best(best) used a hand_grenade 8-10-2020, 4:49:03 PM
best(best) used a hand_grenade 8-10-2020, 4:49:03 PM
best(best) used a hand_grenade 8-10-2020, 4:49:03 PM
best(best) used a hand_grenade 8-10-2020, 4:49:03 PM
best(best) used a hand_grenade 8-10-2020, 4:49:03 PM
best(best) used a hand_grenade 8-10-2020, 4:49:04 PM
best(best) used a hand_grenade 8-10-2020, 4:49:08 PM
best(best) used a hand_grenade 8-10-2020, 4:49:08 PM
best(best) used a hand_grenade 8-10-2020, 4:49:08 PM
best(best) used a hand_grenade 8-10-2020, 4:49:08 PM
best(best) used a hand_grenade 8-10-2020, 4:49:08 PM
best(best) used a hand_grenade 8-10-2020, 4:49:09 PM
best(best) used a hand_grenade 8-10-2020, 4:49:09 PM
best(best) used a hand_grenade 8-10-2020, 4:49:09 PM
best(best) used a hand_grenade 8-10-2020, 4:49:09 PM
best(best) used a hand_grenade 8-10-2020, 4:49:09 PM
best(best) used a hand_grenade 8-10-2020, 4:49:10 PM
best(best) used a hand_grenade 8-10-2020, 4:49:10 PM
best(best) used a hand_grenade 8-10-2020, 4:49:10 PM
best(best) used a hand_grenade 8-10-2020, 4:49:10 PM
best(best) used a hand_grenade 8-10-2020, 4:49:10 PM
best(best) used a hand_grenade 8-10-2020, 4:49:14 PM
best(best) used a hand_grenade 8-10-2020, 4:49:14 PM
best(best) used a hand_grenade 8-10-2020, 4:49:14 PM
best(best) used a hand_grenade 8-10-2020, 4:49:14 PM
best(best) used a hand_grenade 8-10-2020, 4:49:15 PM
best(best) used a hand_grenade 8-10-2020, 4:49:15 PM
best(best) used a hand_grenade 8-10-2020, 4:49:15 PM
best(best) used a hand_grenade 8-10-2020, 4:49:15 PM
best(best) used a hand_grenade 8-10-2020, 4:49:15 PM
best(best) used a hand_grenade 8-10-2020, 4:49:16 PM
best(best) used a hand_grenade 8-10-2020, 4:49:16 PM
best(best) used a hand_grenade 8-10-2020, 4:49:16 PM
best(best) used a hand_grenade 8-10-2020, 4:49:16 PM
best(best) used a hand_grenade 8-10-2020, 4:49:16 PM
best(best) used a hand_grenade 8-10-2020, 4:49:17 PM
best(best) used a hand_grenade 8-10-2020, 4:49:17 PM
best(best) used a hand_grenade 8-10-2020, 4:49:17 PM
best(best) used a hand_grenade 8-10-2020, 4:49:17 PM
best(best) used a hand_grenade 8-10-2020, 4:49:17 PM
best(best) used a hand_grenade 8-10-2020, 4:49:17 PM
best(best) used a hand_grenade 8-10-2020, 4:49:18 PM
best(best) used a hand_grenade 8-10-2020, 4:49:18 PM
best(best) used a hand_grenade 8-10-2020, 4:49:18 PM
best(best) used a hand_grenade 8-10-2020, 4:49:18 PM
best(best) used a hand_grenade 8-10-2020, 4:49:18 PM
best(best) used a hand_grenade 8-10-2020, 4:49:18 PM
best(best) used a hand_grenade 8-10-2020, 4:49:22 PM
best(best) used a hand_grenade 8-10-2020, 4:49:23 PM
best(best) used a hand_grenade 8-10-2020, 4:49:23 PM
best(best) used a hand_grenade 8-10-2020, 4:49:23 PM
best(best) used a hand_grenade 8-10-2020, 4:49:23 PM
best(best) used a hand_grenade 8-10-2020, 4:49:23 PM
best(best) used a hand_grenade 8-10-2020, 4:49:24 PM
best(best) used a hand_grenade 8-10-2020, 4:49:24 PM
best(best) used a hand_grenade 8-10-2020, 4:49:24 PM
best(best) used a hand_grenade 8-10-2020, 4:49:25 PM
best(best) used a hand_grenade 8-10-2020, 4:49:25 PM
best(best) used a hand_grenade 8-10-2020, 4:49:25 PM
best(best) used a hand_grenade 8-10-2020, 4:49:25 PM
best(best) used a hand_grenade 8-10-2020, 4:49:25 PM
best(best) used a hand_grenade 8-10-2020, 4:49:26 PM
best(best) used a hand_grenade 8-10-2020, 4:49:26 PM
best(best) used a hand_grenade 8-10-2020, 4:49:26 PM
best(best) used a hand_grenade 8-10-2020, 4:49:26 PM
best(best) used a hand_grenade 8-10-2020, 4:49:26 PM
best(best) used a hand_grenade 8-10-2020, 4:49:27 PM
best(best) used a hand_grenade 8-10-2020, 4:49:27 PM
best(best) used a hand_grenade 8-10-2020, 4:49:30 PM
best(best) used a hand_grenade 8-10-2020, 4:49:31 PM
best(best) used a hand_grenade 8-10-2020, 4:49:31 PM
best(best) used a hand_grenade 8-10-2020, 4:49:35 PM
best(best) used a hand_grenade 8-10-2020, 4:49:35 PM
best(best) used a hand_grenade 8-10-2020, 4:49:35 PM
best(best) used a hand_grenade 8-10-2020, 4:49:35 PM
best(best) used a hand_grenade 8-10-2020, 4:49:35 PM
best(best) used a hand_grenade 8-10-2020, 4:49:36 PM
best(best) used a hand_grenade 8-10-2020, 4:49:36 PM
best(best) used a hand_grenade 8-10-2020, 4:49:36 PM
best(best) used a hand_grenade 8-10-2020, 4:49:36 PM
best(best) used a hand_grenade 8-10-2020, 4:49:36 PM
best(best) used a hand_grenade 8-10-2020, 4:49:36 PM
best(best) used a hand_grenade 8-10-2020, 4:49:37 PM
best(best) used a hand_grenade 8-10-2020, 4:49:37 PM
best(best) used a hand_grenade 8-10-2020, 4:49:37 PM
best(best) used a hand_grenade 8-10-2020, 4:49:37 PM
best(best) used a hand_grenade 8-10-2020, 4:49:41 PM
best(best) used a hand_grenade 8-10-2020, 4:49:41 PM
best(best) used a hand_grenade 8-10-2020, 4:49:41 PM
best(best) used a hand_grenade 8-10-2020, 4:49:41 PM
best(best) used a hand_grenade 8-10-2020, 4:49:41 PM
best(best) used a hand_grenade 8-10-2020, 4:49:42 PM
best(best) used a hand_grenade 8-10-2020, 4:49:42 PM
best(best) used a hand_grenade 8-10-2020, 4:49:42 PM
best(best) used a hand_grenade 8-10-2020, 4:49:42 PM
best(best) used a hand_grenade 8-10-2020, 4:49:42 PM
best(best) used a hand_grenade 8-10-2020, 4:49:42 PM
best(best) used a hand_grenade 8-10-2020, 4:49:43 PM
best(best) used a hand_grenade 8-10-2020, 4:49:43 PM
best(best) used a hand_grenade 8-10-2020, 4:49:43 PM
best(best) used a hand_grenade 8-10-2020, 4:49:43 PM
best(best) used a hand_grenade 8-10-2020, 4:49:43 PM
best(best) used a hand_grenade 8-10-2020, 4:49:44 PM
best(best) used a hand_grenade 8-10-2020, 4:49:44 PM
best(best) used a hand_grenade 8-10-2020, 4:49:44 PM
best(best) used a hand_grenade 8-10-2020, 4:49:44 PM
best(best) used a hand_grenade 8-10-2020, 4:49:49 PM
best(best) used a hand_grenade 8-10-2020, 4:49:49 PM
best(best) used a hand_grenade 8-10-2020, 4:49:49 PM
best(best) used a hand_grenade 8-10-2020, 4:49:53 PM
best(best) used a hand_grenade 8-10-2020, 4:49:53 PM
best(best) used a hand_grenade 8-10-2020, 4:49:53 PM
best(best) used a hand_grenade 8-10-2020, 4:49:54 PM
best(best) used a hand_grenade 8-10-2020, 4:49:54 PM
best(best) used a hand_grenade 8-10-2020, 4:49:54 PM
best(best) used a hand_grenade 8-10-2020, 4:49:54 PM
best(best) used a hand_grenade 8-10-2020, 4:49:54 PM
best(best) used a hand_grenade 8-10-2020, 4:49:54 PM
best(best) used a hand_grenade 8-10-2020, 4:49:55 PM
best(best) used a hand_grenade 8-10-2020, 4:49:55 PM
best(best) used a hand_grenade 8-10-2020, 4:49:55 PM
best(best) used a hand_grenade 8-10-2020, 4:50:01 PM
best(best) used a hand_grenade 8-10-2020, 4:50:01 PM
best(best) used a hand_grenade 8-10-2020, 4:50:02 PM
best(best) used a hand_grenade 8-10-2020, 4:50:02 PM
best(best) used a hand_grenade 8-10-2020, 4:50:02 PM
best(best) used a hand_grenade 8-10-2020, 4:50:02 PM
best(best) used a hand_grenade 8-10-2020, 4:50:02 PM
best(best) used a hand_grenade 8-10-2020, 4:50:07 PM
best(best) used a hand_grenade 8-10-2020, 4:50:07 PM
best(best) used a hand_grenade 8-10-2020, 4:50:07 PM
best(best) used a hand_grenade 8-10-2020, 4:50:07 PM
best(best) used a hand_grenade 8-10-2020, 4:50:07 PM
best(best) used a hand_grenade 8-10-2020, 4:50:07 PM
best(best) used a hand_grenade 8-10-2020, 4:50:08 PM
best(best) used a hand_grenade 8-10-2020, 4:50:08 PM
best(best) used a hand_grenade 8-10-2020, 4:50:12 PM
best(best) used a hand_grenade 8-10-2020, 4:50:12 PM
best(best) used a hand_grenade 8-10-2020, 4:50:12 PM
best(best) used a hand_grenade 8-10-2020, 4:50:12 PM
best(best) used a hand_grenade 8-10-2020, 4:50:21 PM
best(best) used a hand_grenade 8-10-2020, 4:50:21 PM
best(best) used a hand_grenade 8-10-2020, 4:50:21 PM
best(best) used a hand_grenade 8-10-2020, 4:50:21 PM
best(best) used a hand_grenade 8-10-2020, 4:50:21 PM
best(best) used a hand_grenade 8-10-2020, 4:50:21 PM
best(best) used a hand_grenade 8-10-2020, 4:50:22 PM
best(best) used a hand_grenade 8-10-2020, 4:50:22 PM
best(best) used a hand_grenade 8-10-2020, 4:50:22 PM
best(best) used a hand_grenade 8-10-2020, 4:50:41 PM
best(best) used a hand_grenade 8-10-2020, 4:50:41 PM
best(best) used a hand_grenade 8-10-2020, 4:50:41 PM
best(best) used a hand_grenade 8-10-2020, 4:50:41 PM
best(best) used a hand_grenade 8-10-2020, 4:50:45 PM
best(best) used a hand_grenade 8-10-2020, 4:50:50 PM
best(best) used a hand_grenade 8-10-2020, 4:50:54 PM
best(best) used a hand_grenade 8-10-2020, 4:50:54 PM
best(best) used a hand_grenade 8-10-2020, 4:50:54 PM
best(best) used a hand_grenade 8-10-2020, 4:50:54 PM
best(best) used a hand_grenade 8-10-2020, 4:50:55 PM
best(best) used a hand_grenade 8-10-2020, 4:50:55 PM
best(best) used a hand_grenade 8-10-2020, 4:50:55 PM
best(best) used a hand_grenade 8-10-2020, 4:50:55 PM
best(best) used a hand_grenade 8-10-2020, 4:50:55 PM
best(best) used a hand_grenade 8-10-2020, 4:50:56 PM
best(best) used a hand_grenade 8-10-2020, 4:50:56 PM
best(best) used a hand_grenade 8-10-2020, 4:50:56 PM
best(best) used a hand_grenade 8-10-2020, 4:50:56 PM
best(best) used a hand_grenade 8-10-2020, 4:50:56 PM
best(best) used a hand_grenade 8-10-2020, 4:50:57 PM
best(best) used a hand_grenade 8-10-2020, 4:50:57 PM
best(best) used a hand_grenade 8-10-2020, 4:50:57 PM
best(best) used a hand_grenade 8-10-2020, 4:50:59 PM
best(best) used a hand_grenade 8-10-2020, 4:50:59 PM
best(best) used a hand_grenade 8-10-2020, 4:50:59 PM
best(best) used a hand_grenade 8-10-2020, 4:50:59 PM
best(best) used a hand_grenade 8-10-2020, 4:51:00 PM
best(best) used a hand_grenade 8-10-2020, 4:51:00 PM
best(best) used a hand_grenade 8-10-2020, 4:51:00 PM
best(best) used a hand_grenade 8-10-2020, 4:51:00 PM
best(best) used a hand_grenade 8-10-2020, 4:51:00 PM
best(best) used a hand_grenade 8-10-2020, 4:51:00 PM
best(best) used a hand_grenade 8-10-2020, 4:51:01 PM
best(best) used a hand_grenade 8-10-2020, 4:51:01 PM
best(best) used a hand_grenade 8-10-2020, 4:51:01 PM
best(best) used a hand_grenade 8-10-2020, 4:51:01 PM
best(best) used a hand_grenade 8-10-2020, 4:51:01 PM
best(best) used a hand_grenade 8-10-2020, 4:51:01 PM
best(best) used a hand_grenade 8-10-2020, 4:51:02 PM
best(best) used a hand_grenade 8-10-2020, 4:51:02 PM
best(best) used a hand_grenade 8-10-2020, 4:51:02 PM
best(best) used a hand_grenade 8-10-2020, 4:51:02 PM
best(best) used a hand_grenade 8-10-2020, 4:51:02 PM
best(best) used a hand_grenade 8-10-2020, 4:51:03 PM
best(best) used a hand_grenade 8-10-2020, 4:51:03 PM
best(best) used a hand_grenade 8-10-2020, 4:51:03 PM
best(best) used a hand_grenade 8-10-2020, 4:51:03 PM
best(best) used a hand_grenade 8-10-2020, 4:51:03 PM
best(best) used a hand_grenade 8-10-2020, 4:51:03 PM
best(best) used a hand_grenade 8-10-2020, 4:51:04 PM
best(best) used a hand_grenade 8-10-2020, 4:51:04 PM
best(best) used a hand_grenade 8-10-2020, 4:51:04 PM
best(best) used a hand_grenade 8-10-2020, 4:51:04 PM
best(best) used a hand_grenade 8-10-2020, 4:51:04 PM
best(best) used a hand_grenade 8-10-2020, 4:51:04 PM
best(best) used a hand_grenade 8-10-2020, 4:51:05 PM
best(best) used a hand_grenade 8-10-2020, 4:51:05 PM
best(best) used a hand_grenade 8-10-2020, 4:51:05 PM
best(best) used a hand_grenade 8-10-2020, 4:51:05 PM
best(best) used a hand_grenade 8-10-2020, 4:51:05 PM
best(best) used a hand_grenade 8-10-2020, 4:51:05 PM
best(best) used a hand_grenade 8-10-2020, 4:51:06 PM
best(best) used a hand_grenade 8-10-2020, 4:51:06 PM
best(best) used a hand_grenade 8-10-2020, 4:51:06 PM
best(best) used a hand_grenade 8-10-2020, 4:51:06 PM
best(best) used a hand_grenade 8-10-2020, 4:51:06 PM
best(best) used a hand_grenade 8-10-2020, 4:51:07 PM
best(best) used a hand_grenade 8-10-2020, 4:51:07 PM
best(best) used a hand_grenade 8-10-2020, 4:51:07 PM
best(best) used a hand_grenade 8-10-2020, 4:51:07 PM
best(best) used a hand_grenade 8-10-2020, 4:51:07 PM
best(best) used a hand_grenade 8-10-2020, 4:51:07 PM
best(best) used a hand_grenade 8-10-2020, 4:51:08 PM
best(best) used a hand_grenade 8-10-2020, 4:51:08 PM
best(best) used a hand_grenade 8-10-2020, 4:51:09 PM
best(best) used a hand_grenade 8-10-2020, 4:51:10 PM
best(best) used a hand_grenade 8-10-2020, 4:51:10 PM
best(best) used a hand_grenade 8-10-2020, 4:51:10 PM
best(best) used a hand_grenade 8-10-2020, 4:51:12 PM
best(best) used a hand_grenade 8-10-2020, 4:51:12 PM
best(best) used a hand_grenade 8-10-2020, 4:51:12 PM
best(best) used a hand_grenade 8-10-2020, 4:51:13 PM
best(best) used a hand_grenade 8-10-2020, 4:51:13 PM
best(best) used a hand_grenade 8-10-2020, 4:51:13 PM
best(best) used a hand_grenade 8-10-2020, 4:51:13 PM
best(best) used a hand_grenade 8-10-2020, 4:51:14 PM
best(best) used a hand_grenade 8-10-2020, 4:51:14 PM
best(best) used a hand_grenade 8-10-2020, 4:51:19 PM
best(best) used a hand_grenade 8-10-2020, 4:51:19 PM
best(best) used a hand_grenade 8-10-2020, 4:51:19 PM
best(best) used a hand_grenade 8-10-2020, 4:51:19 PM
best(best) used a hand_grenade 8-10-2020, 4:51:20 PM
best(best) used a hand_grenade 8-10-2020, 4:51:20 PM
best(best) used a hand_grenade 8-10-2020, 4:51:20 PM
best(best) used a hand_grenade 8-10-2020, 4:51:20 PM
best(best) used a hand_grenade 8-10-2020, 4:51:20 PM
best(best) used a hand_grenade 8-10-2020, 4:51:20 PM
best(best) used a hand_grenade 8-10-2020, 4:51:20 PM
best(best) used a hand_grenade 8-10-2020, 4:51:21 PM
best(best) used a hand_grenade 8-10-2020, 4:51:21 PM
best(best) used a hand_grenade 8-10-2020, 4:51:21 PM
best(best) used a hand_grenade 8-10-2020, 4:51:21 PM
best(best) used a hand_grenade 8-10-2020, 4:51:21 PM
best(best) used a hand_grenade 8-10-2020, 4:51:21 PM
best(best) used a hand_grenade 8-10-2020, 4:51:22 PM
best(best) used a hand_grenade 8-10-2020, 4:51:25 PM
best(best) used a hand_grenade 8-10-2020, 4:51:26 PM
best(best) used a hand_grenade 8-10-2020, 4:51:26 PM
best(best) used a hand_grenade 8-10-2020, 4:51:26 PM
best(best) used a hand_grenade 8-10-2020, 4:51:29 PM
best(best) used a hand_grenade 8-10-2020, 4:51:30 PM
best(best) used a hand_grenade 8-10-2020, 4:51:30 PM
best(best) used a hand_grenade 8-10-2020, 4:51:30 PM
best(best) used a hand_grenade 8-10-2020, 4:51:30 PM
best(best) used a hand_grenade 8-10-2020, 4:51:30 PM
best(best) used a hand_grenade 8-10-2020, 4:51:31 PM
best(best) used a hand_grenade 8-10-2020, 4:51:31 PM
best(best) used a hand_grenade 8-10-2020, 4:51:31 PM
best(best) used a hand_grenade 8-10-2020, 4:51:31 PM
best(best) used a hand_grenade 8-10-2020, 4:51:36 PM
best(best) used a hand_grenade 8-10-2020, 4:51:40 PM
best(best) used a hand_grenade 8-10-2020, 4:51:40 PM
best(best) used a hand_grenade 8-10-2020, 4:51:40 PM
best(best) used a hand_grenade 8-10-2020, 4:51:40 PM
best(best) used a hand_grenade 8-10-2020, 4:51:40 PM
best(best) used a hand_grenade 8-10-2020, 4:51:41 PM
best(best) used a hand_grenade 8-10-2020, 4:51:41 PM
best(best) used a hand_grenade 8-10-2020, 4:51:41 PM
best(best) used a hand_grenade 8-10-2020, 4:51:41 PM
best(best) used a hand_grenade 8-10-2020, 4:51:41 PM
best(best) used a hand_grenade 8-10-2020, 4:51:42 PM
best(best) used a hand_grenade 8-10-2020, 4:51:42 PM
best(best) used a hand_grenade 8-10-2020, 4:51:42 PM
best(best) used a hand_grenade 8-10-2020, 4:51:42 PM
best(best) used a hand_grenade 8-10-2020, 4:51:42 PM
best(best) used a hand_grenade 8-10-2020, 4:51:43 PM
best(best) used a hand_grenade 8-10-2020, 4:51:43 PM
best(best) used a hand_grenade 8-10-2020, 4:51:43 PM
best(best) used a hand_grenade 8-10-2020, 4:51:43 PM
best(best) used a hand_grenade 8-10-2020, 4:51:43 PM
best(best) used a hand_grenade 8-10-2020, 4:51:43 PM
best(best) used a hand_grenade 8-10-2020, 4:51:44 PM
best(best) used a hand_grenade 8-10-2020, 4:51:44 PM
best(best) used a hand_grenade 8-10-2020, 4:51:44 PM
best(best) used a hand_grenade 8-10-2020, 4:51:44 PM
best(best) used a hand_grenade 8-10-2020, 4:51:44 PM
best(best) used a hand_grenade 8-10-2020, 4:51:45 PM
best(best) used a hand_grenade 8-10-2020, 4:51:45 PM
best(best) used a hand_grenade 8-10-2020, 4:51:45 PM
best(best) used a hand_grenade 8-10-2020, 4:51:45 PM
best(best) used a hand_grenade 8-10-2020, 4:51:45 PM
best(best) used a hand_grenade 8-10-2020, 4:51:46 PM
best(best) used a hand_grenade 8-10-2020, 4:51:46 PM
best(best) used a hand_grenade 8-10-2020, 4:51:46 PM
best(best) used a hand_grenade 8-10-2020, 4:51:46 PM
best(best) used a hand_grenade 8-10-2020, 4:51:46 PM
best(best) used a hand_grenade 8-10-2020, 4:51:46 PM
best(best) used a hand_grenade 8-10-2020, 4:52:01 PM
best(best) used a hand_grenade 8-10-2020, 4:52:01 PM
best(best) used a hand_grenade 8-10-2020, 4:52:01 PM
best(best) used a hand_grenade 8-10-2020, 4:52:02 PM
best(best) used a hand_grenade 8-10-2020, 4:52:02 PM
best(best) used a hand_grenade 8-10-2020, 4:52:02 PM
best(best) used a hand_grenade 8-10-2020, 4:52:02 PM
best(best) used a hand_grenade 8-10-2020, 4:52:02 PM
best(best) used a hand_grenade 8-10-2020, 4:52:02 PM
best(best) used a hand_grenade 8-10-2020, 4:52:06 PM
best(best) used a hand_grenade 8-10-2020, 4:52:06 PM
best(best) used a hand_grenade 8-10-2020, 4:52:06 PM
best(best) used a hand_grenade 8-10-2020, 4:52:07 PM
best(best) used a hand_grenade 8-10-2020, 4:52:07 PM
best(best) used a hand_grenade 8-10-2020, 4:52:07 PM
best(best) used a hand_grenade 8-10-2020, 4:52:07 PM
best(best) used a hand_grenade 8-10-2020, 4:52:07 PM
best(best) used a hand_grenade 8-10-2020, 4:52:11 PM
best(best) used a hand_grenade 8-10-2020, 4:52:11 PM
best(best) used a hand_grenade 8-10-2020, 4:52:12 PM
best(best) used a hand_grenade 8-10-2020, 4:52:12 PM
best(best) used a hand_grenade 8-10-2020, 4:52:12 PM
best(best) used a hand_grenade 8-10-2020, 4:52:12 PM
best(best) used a hand_grenade 8-10-2020, 4:52:12 PM
best(best) used a hand_grenade 8-10-2020, 4:52:12 PM
best(best) used a hand_grenade 8-10-2020, 4:52:13 PM
best(best) used a hand_grenade 8-10-2020, 4:52:13 PM
best(best) used a hand_grenade 8-10-2020, 4:52:13 PM
best(best) used a hand_grenade 8-10-2020, 4:52:13 PM
best(best) used a hand_grenade 8-10-2020, 4:52:13 PM
best(best) used a hand_grenade 8-10-2020, 4:52:14 PM
best(best) used a hand_grenade 8-10-2020, 4:52:14 PM
best(best) used a hand_grenade 8-10-2020, 4:52:14 PM
best(best) used a hand_grenade 8-10-2020, 4:52:20 PM
best(best) used a hand_grenade 8-10-2020, 4:52:29 PM
best(best) used a hand_grenade 8-10-2020, 4:52:29 PM
best(best) used a hand_grenade 8-10-2020, 4:52:29 PM
best(best) used a hand_grenade 8-10-2020, 4:52:29 PM
best(best) used a hand_grenade 8-10-2020, 4:52:29 PM
best(best) used a hand_grenade 8-10-2020, 4:52:29 PM
best(best) used a hand_grenade 8-10-2020, 4:52:30 PM
best(best) used a hand_grenade 8-10-2020, 4:52:35 PM
best(best) used a hand_grenade 8-10-2020, 4:52:46 PM
best(best) used a hand_grenade 8-10-2020, 4:52:47 PM
best(best) used a hand_grenade 8-10-2020, 4:52:47 PM
best(best) used a hand_grenade 8-10-2020, 4:52:47 PM
best(best) used a hand_grenade 8-10-2020, 4:52:47 PM
best(best) used a hand_grenade 8-10-2020, 4:52:47 PM
best(best) used a hand_grenade 8-10-2020, 4:52:48 PM
best(best) used a hand_grenade 8-10-2020, 4:52:48 PM
best(best) used a hand_grenade 8-10-2020, 4:52:49 PM
best(best) used a hand_grenade 8-10-2020, 4:52:49 PM
best(best) used a hand_grenade 8-10-2020, 4:52:49 PM
best(best) used a hand_grenade 8-10-2020, 4:52:49 PM
best(best) used a hand_grenade 8-10-2020, 4:52:49 PM
best(best) used a hand_grenade 8-10-2020, 4:52:49 PM
best(best) used a hand_grenade 8-10-2020, 4:52:49 PM
best(best) used a hand_grenade 8-10-2020, 4:52:49 PM
best(best) used a hand_grenade 8-10-2020, 4:52:49 PM
best(best) used a hand_grenade 8-10-2020, 4:52:53 PM
best(best) used a hand_grenade 8-10-2020, 4:52:53 PM
best(best) used a hand_grenade 8-10-2020, 4:52:54 PM
best(best) used a hand_grenade 8-10-2020, 4:52:54 PM
best(best) used a hand_grenade 8-10-2020, 4:52:58 PM
best(best) used a hand_grenade 8-10-2020, 4:52:58 PM
best(best) used a hand_grenade 8-10-2020, 4:52:59 PM
best(best) used a hand_grenade 8-10-2020, 4:52:59 PM
best(best) used a hand_grenade 8-10-2020, 4:52:59 PM
best(best) used a hand_grenade 8-10-2020, 4:52:59 PM
best(best) used a hand_grenade 8-10-2020, 4:53:00 PM
best(best) used a hand_grenade 8-10-2020, 4:53:00 PM
best(best) used a hand_grenade 8-10-2020, 4:53:00 PM
best(best) used a hand_grenade 8-10-2020, 4:53:00 PM
best(best) used a hand_grenade 8-10-2020, 4:53:00 PM
best(best) used a hand_grenade 8-10-2020, 4:53:00 PM
best(best) used a hand_grenade 8-10-2020, 4:53:01 PM
best(best) used a hand_grenade 8-10-2020, 4:53:01 PM
best(best) used a hand_grenade 8-10-2020, 4:53:01 PM
best(best) used a hand_grenade 8-10-2020, 4:53:01 PM
best(best) used a hand_grenade 8-10-2020, 4:53:01 PM
best(best) used a hand_grenade 8-10-2020, 4:53:02 PM
best(best) used a hand_grenade 8-10-2020, 4:53:02 PM
best(best) used a hand_grenade 8-10-2020, 4:53:02 PM
best(best) used a hand_grenade 8-10-2020, 4:53:02 PM
best(best) used a hand_grenade 8-10-2020, 4:53:02 PM
best(best) used a hand_grenade 8-10-2020, 4:53:03 PM
best(best) used a hand_grenade 8-10-2020, 4:53:03 PM
best(best) used a hand_grenade 8-10-2020, 4:53:03 PM
best(best) used a hand_grenade 8-10-2020, 4:53:03 PM
best(best) used a hand_grenade 8-10-2020, 4:53:03 PM
best(best) used a hand_grenade 8-10-2020, 4:53:03 PM
best(best) used a hand_grenade 8-10-2020, 4:53:04 PM
best(best) used a hand_grenade 8-10-2020, 4:53:04 PM
best(best) used a hand_grenade 8-10-2020, 4:53:04 PM
best(best) used a hand_grenade 8-10-2020, 4:53:05 PM
best(best) used a hand_grenade 8-10-2020, 4:53:05 PM
best(best) used a hand_grenade 8-10-2020, 4:53:05 PM
best(best) used a hand_grenade 8-10-2020, 4:53:05 PM
best(best) used a hand_grenade 8-10-2020, 4:53:05 PM
best(best) used a hand_grenade 8-10-2020, 4:53:06 PM
best(best) used a hand_grenade 8-10-2020, 4:53:06 PM
best(best) used a hand_grenade 8-10-2020, 4:53:06 PM
best(best) used a hand_grenade 8-10-2020, 4:53:06 PM
best(best) used a hand_grenade 8-10-2020, 4:53:06 PM
best(best) used a hand_grenade 8-10-2020, 4:53:07 PM
best(best) used a hand_grenade 8-10-2020, 4:53:10 PM
best(best) used a hand_grenade 8-10-2020, 4:53:18 PM
best(best) used a hand_grenade 8-10-2020, 4:53:18 PM
best(best) used a hand_grenade 8-10-2020, 4:53:22 PM
best(best) used a hand_grenade 8-10-2020, 4:53:23 PM
best(best) used a hand_grenade 8-10-2020, 4:53:23 PM
best(best) used a hand_grenade 8-10-2020, 4:53:23 PM
best(best) used a hand_grenade 8-10-2020, 4:53:23 PM
best(best) used a hand_grenade 8-10-2020, 4:53:23 PM
best(best) used a hand_grenade 8-10-2020, 4:53:23 PM
best(best) used a hand_grenade 8-10-2020, 4:53:24 PM
best(best) used a hand_grenade 8-10-2020, 4:53:24 PM
best(best) used a hand_grenade 8-10-2020, 4:53:24 PM
best(best) used a hand_grenade 8-10-2020, 4:53:25 PM
best(best) used a hand_grenade 8-10-2020, 4:53:25 PM
best(best) used a hand_grenade 8-10-2020, 4:53:27 PM
best(best) used a hand_grenade 8-10-2020, 4:53:27 PM
best(best) used a hand_grenade 8-10-2020, 4:53:27 PM
best(best) used a hand_grenade 8-10-2020, 4:53:27 PM
best(best) used a hand_grenade 8-10-2020, 4:53:27 PM
best(best) used a hand_grenade 8-10-2020, 4:53:29 PM
best(best) used a hand_grenade 8-10-2020, 4:53:33 PM
best(best) used a hand_grenade 8-10-2020, 4:53:33 PM
best(best) used a hand_grenade 8-10-2020, 4:53:33 PM
best(best) used a hand_grenade 8-10-2020, 4:53:34 PM
best(best) used a hand_grenade 8-10-2020, 4:53:37 PM
best(best) used a hand_grenade 8-10-2020, 4:53:38 PM
best(best) used a hand_grenade 8-10-2020, 4:53:38 PM
best(best) used a hand_grenade 8-10-2020, 4:53:38 PM
best(best) used a hand_grenade 8-10-2020, 4:53:38 PM
best(best) used a hand_grenade 8-10-2020, 4:53:38 PM
best(best) used a hand_grenade 8-10-2020, 4:53:38 PM
best(best) used a hand_grenade 8-10-2020, 4:53:38 PM
best(best) used a hand_grenade 8-10-2020, 4:53:39 PM
best(best) used a hand_grenade 8-10-2020, 4:53:39 PM
best(best) used a hand_grenade 8-10-2020, 4:53:39 PM
best(best) used a hand_grenade 8-10-2020, 4:53:39 PM
best(best) used a hand_grenade 8-10-2020, 4:53:43 PM
best(best) used a hand_grenade 8-10-2020, 4:53:43 PM
best(best) used a hand_grenade 8-10-2020, 4:53:47 PM
best(best) used a hand_grenade 8-10-2020, 4:53:47 PM
best(best) used a hand_grenade 8-10-2020, 4:53:47 PM
best(best) used a hand_grenade 8-10-2020, 4:53:47 PM
best(best) used a hand_grenade 8-10-2020, 4:53:48 PM
best(best) used a hand_grenade 8-10-2020, 4:53:48 PM
best(best) used a hand_grenade 8-10-2020, 4:53:48 PM
best(best) used a hand_grenade 8-10-2020, 4:53:48 PM
best(best) used a hand_grenade 8-10-2020, 4:53:48 PM
best(best) used a hand_grenade 8-10-2020, 4:53:48 PM
best(best) used a hand_grenade 8-10-2020, 4:53:49 PM
best(best) used a hand_grenade 8-10-2020, 4:53:49 PM
best(best) used a hand_grenade 8-10-2020, 4:53:49 PM
best(best) used a hand_grenade 8-10-2020, 4:53:49 PM
best(best) used a hand_grenade 8-10-2020, 4:53:49 PM
best(best) used a hand_grenade 8-10-2020, 4:53:50 PM
best(best) used a hand_grenade 8-10-2020, 4:53:50 PM
best(best) used a hand_grenade 8-10-2020, 4:53:50 PM
best(best) used a hand_grenade 8-10-2020, 4:53:50 PM
best(best) used a hand_grenade 8-10-2020, 4:53:50 PM
best(best) used a hand_grenade 8-10-2020, 4:53:51 PM
best(best) used a hand_grenade 8-10-2020, 4:53:51 PM
best(best) used a hand_grenade 8-10-2020, 4:53:51 PM
best(best) used a hand_grenade 8-10-2020, 4:53:51 PM
best(best) used a hand_grenade 8-10-2020, 4:53:51 PM
best(best) used a hand_grenade 8-10-2020, 4:53:51 PM
best(best) used a hand_grenade 8-10-2020, 4:53:52 PM
best(best) used a hand_grenade 8-10-2020, 4:53:52 PM
best(best) used a hand_grenade 8-10-2020, 4:53:52 PM
best(best) used a hand_grenade 8-10-2020, 4:53:52 PM
best(best) used a hand_grenade 8-10-2020, 4:53:52 PM
best(best) used a hand_grenade 8-10-2020, 4:53:53 PM
best(best) used a hand_grenade 8-10-2020, 4:53:53 PM
best(best) used a hand_grenade 8-10-2020, 4:53:54 PM
best(best) used a hand_grenade 8-10-2020, 4:54:02 PM
best(best) used a hand_grenade 8-10-2020, 4:54:09 PM
best(best) used a hand_grenade 8-10-2020, 4:54:09 PM
best(best) used a hand_grenade 8-10-2020, 4:54:09 PM
best(best) used a hand_grenade 8-10-2020, 4:54:09 PM
best(best) used a hand_grenade 8-10-2020, 4:54:10 PM
best(best) used a hand_grenade 8-10-2020, 4:54:10 PM
best(best) used a hand_grenade 8-10-2020, 4:54:10 PM
best(best) used a hand_grenade 8-10-2020, 4:54:10 PM
best(best) used a hand_grenade 8-10-2020, 4:54:14 PM
best(best) used a hand_grenade 8-10-2020, 4:54:14 PM
best(best) used a hand_grenade 8-10-2020, 4:54:15 PM
best(best) used a hand_grenade 8-10-2020, 4:54:15 PM
best(best) used a hand_grenade 8-10-2020, 4:54:15 PM
best(best) used a hand_grenade 8-10-2020, 4:54:23 PM
best(best) used a hand_grenade 8-10-2020, 4:54:23 PM
best(best) used a hand_grenade 8-10-2020, 4:54:23 PM
best(best) used a hand_grenade 8-10-2020, 4:54:23 PM
best(best) used a hand_grenade 8-10-2020, 4:54:27 PM
best(best) used a hand_grenade 8-10-2020, 4:54:27 PM
best(best) used a hand_grenade 8-10-2020, 4:54:31 PM
best(best) used a hand_grenade 8-10-2020, 4:54:31 PM
best(best) used a hand_grenade 8-10-2020, 4:54:32 PM
best(best) used a hand_grenade 8-10-2020, 4:54:32 PM
best(best) used a hand_grenade 8-10-2020, 4:54:32 PM
best(best) used a hand_grenade 8-10-2020, 4:54:32 PM
best(best) used a hand_grenade 8-10-2020, 4:54:32 PM
best(best) used a hand_grenade 8-10-2020, 4:54:32 PM
best(best) used a hand_grenade 8-10-2020, 4:54:33 PM
best(best) used a hand_grenade 8-10-2020, 4:54:33 PM
best(best) used a hand_grenade 8-10-2020, 4:54:33 PM
best(best) used a hand_grenade 8-10-2020, 4:54:33 PM
best(best) used a hand_grenade 8-10-2020, 4:54:33 PM
best(best) used a hand_grenade 8-10-2020, 4:54:34 PM
best(best) used a hand_grenade 8-10-2020, 4:54:34 PM
best(best) used a hand_grenade 8-10-2020, 4:54:34 PM
best(best) used a hand_grenade 8-10-2020, 4:54:34 PM
best(best) used a hand_grenade 8-10-2020, 4:54:35 PM
best(best) used a hand_grenade 8-10-2020, 4:54:35 PM
best(best) used a hand_grenade 8-10-2020, 4:54:35 PM
best(best) used a hand_grenade 8-10-2020, 4:54:35 PM
best(best) used a hand_grenade 8-10-2020, 4:54:35 PM
best(best) used a hand_grenade 8-10-2020, 4:54:36 PM
best(best) used a hand_grenade 8-10-2020, 4:54:40 PM
best(best) used a hand_grenade 8-10-2020, 4:54:40 PM
best(best) used a hand_grenade 8-10-2020, 4:54:40 PM
best(best) used a hand_grenade 8-10-2020, 4:54:40 PM
best(best) used a hand_grenade 8-10-2020, 4:54:41 PM
best(best) used a hand_grenade 8-10-2020, 4:54:41 PM
best(best) used a hand_grenade 8-10-2020, 4:54:41 PM
best(best) used a hand_grenade 8-10-2020, 4:54:41 PM
best(best) used a hand_grenade 8-10-2020, 4:54:42 PM
best(best) used a hand_grenade 8-10-2020, 4:54:48 PM
best(best) used a hand_grenade 8-10-2020, 4:54:48 PM
best(best) used a hand_grenade 8-10-2020, 4:54:49 PM
best(best) used a hand_grenade 8-10-2020, 4:54:49 PM
best(best) used a hand_grenade 8-10-2020, 4:54:49 PM
best(best) used a hand_grenade 8-10-2020, 4:54:49 PM
best(best) used a hand_grenade 8-10-2020, 4:54:53 PM
best(best) used a hand_grenade 8-10-2020, 4:54:53 PM
best(best) used a hand_grenade 8-10-2020, 4:54:53 PM
best(best) used a hand_grenade 8-10-2020, 4:54:54 PM
best(best) used a hand_grenade 8-10-2020, 4:54:54 PM
best(best) used a hand_grenade 8-10-2020, 4:54:54 PM
best(best) used a hand_grenade 8-10-2020, 4:54:54 PM
best(best) used a hand_grenade 8-10-2020, 4:54:55 PM
best(best) used a hand_grenade 8-10-2020, 4:54:55 PM
best(best) used a hand_grenade 8-10-2020, 4:54:55 PM
best(best) used a hand_grenade 8-10-2020, 4:54:55 PM
best(best) used a hand_grenade 8-10-2020, 4:54:55 PM
best(best) used a hand_grenade 8-10-2020, 4:54:55 PM
best(best) used a hand_grenade 8-10-2020, 4:54:56 PM
best(best) used a hand_grenade 8-10-2020, 4:54:56 PM
best(best) used a hand_grenade 8-10-2020, 4:54:56 PM
best(best) used a hand_grenade 8-10-2020, 4:54:56 PM
best(best) used a hand_grenade 8-10-2020, 4:55:00 PM
best(best) used a hand_grenade 8-10-2020, 4:55:00 PM
best(best) used a hand_grenade 8-10-2020, 4:55:01 PM
best(best) used a hand_grenade 8-10-2020, 4:55:01 PM
best(best) used a hand_grenade 8-10-2020, 4:55:01 PM
best(best) used a hand_grenade 8-10-2020, 4:55:04 PM
best(best) used a hand_grenade 8-10-2020, 4:55:05 PM
best(best) used a hand_grenade 8-10-2020, 4:55:05 PM
best(best) used a hand_grenade 8-10-2020, 4:55:05 PM
best(best) used a hand_grenade 8-10-2020, 4:55:05 PM
best(best) used a hand_grenade 8-10-2020, 4:55:05 PM
best(best) used a hand_grenade 8-10-2020, 4:55:06 PM
best(best) used a hand_grenade 8-10-2020, 4:55:06 PM
best(best) used a hand_grenade 8-10-2020, 4:55:06 PM
best(best) used a hand_grenade 8-10-2020, 4:55:13 PM
best(best) used a hand_grenade 8-10-2020, 4:55:14 PM
best(best) used a hand_grenade 8-10-2020, 4:55:14 PM
best(best) used a hand_grenade 8-10-2020, 4:55:14 PM
best(best) used a hand_grenade 8-10-2020, 4:55:14 PM
best(best) used a hand_grenade 8-10-2020, 4:55:14 PM
best(best) used a hand_grenade 8-10-2020, 4:55:14 PM
best(best) used a hand_grenade 8-10-2020, 4:55:15 PM
best(best) used a hand_grenade 8-10-2020, 4:55:15 PM
best(best) used a hand_grenade 8-10-2020, 4:55:15 PM
best(best) used a hand_grenade 8-10-2020, 4:55:15 PM
best(best) used a hand_grenade 8-10-2020, 4:55:15 PM
best(best) used a hand_grenade 8-10-2020, 4:55:15 PM
best(best) used a hand_grenade 8-10-2020, 4:55:16 PM
best(best) used a hand_grenade 8-10-2020, 4:55:16 PM
best(best) used a hand_grenade 8-10-2020, 4:55:16 PM
best(best) used a hand_grenade 8-10-2020, 4:55:16 PM
best(best) used a hand_grenade 8-10-2020, 4:55:16 PM
best(best) used a hand_grenade 8-10-2020, 4:55:16 PM
best(best) used a hand_grenade 8-10-2020, 4:55:17 PM
best(best) used a hand_grenade 8-10-2020, 4:55:17 PM
best(best) used a hand_grenade 8-10-2020, 4:55:17 PM
best(best) used a hand_grenade 8-10-2020, 4:55:17 PM
best(best) used a hand_grenade 8-10-2020, 4:55:17 PM
best(best) used a hand_grenade 8-10-2020, 4:55:17 PM
best(best) used a hand_grenade 8-10-2020, 4:55:17 PM
best(best) used a hand_grenade 8-10-2020, 4:55:17 PM
best(best) used a hand_grenade 8-10-2020, 4:55:18 PM
best(best) used a hand_grenade 8-10-2020, 4:55:18 PM
best(best) used a hand_grenade 8-10-2020, 4:55:18 PM
best(best) used a hand_grenade 8-10-2020, 4:55:18 PM
best(best) used a hand_grenade 8-10-2020, 4:55:18 PM
best(best) used a hand_grenade 8-10-2020, 4:55:18 PM
best(best) used a hand_grenade 8-10-2020, 4:55:18 PM
best(best) used a hand_grenade 8-10-2020, 4:55:19 PM
best(best) used a hand_grenade 8-10-2020, 4:55:19 PM
best(best) used a hand_grenade 8-10-2020, 4:55:19 PM
best(best) used a hand_grenade 8-10-2020, 4:55:33 PM
best(best) used a hand_grenade 8-10-2020, 4:55:42 PM
best(best) used a hand_grenade 8-10-2020, 4:55:42 PM
best(best) used a hand_grenade 8-10-2020, 4:55:42 PM
best(best) used a hand_grenade 8-10-2020, 4:55:42 PM
best(best) used a hand_grenade 8-10-2020, 4:55:42 PM
best(best) used a hand_grenade 8-10-2020, 4:55:46 PM
best(best) used a hand_grenade 8-10-2020, 4:55:46 PM
best(best) used a hand_grenade 8-10-2020, 4:55:49 PM
best(best) used a hand_grenade 8-10-2020, 4:55:50 PM
best(best) used a hand_grenade 8-10-2020, 4:55:50 PM
best(best) used a hand_grenade 8-10-2020, 4:55:50 PM
best(best) used a hand_grenade 8-10-2020, 4:55:50 PM
best(best) used a hand_grenade 8-10-2020, 4:55:51 PM
best(best) used a hand_grenade 8-10-2020, 4:55:51 PM
best(best) used a hand_grenade 8-10-2020, 4:55:51 PM
best(best) used a hand_grenade 8-10-2020, 4:55:51 PM
best(best) used a hand_grenade 8-10-2020, 4:55:51 PM
best(best) used a hand_grenade 8-10-2020, 4:55:52 PM
best(best) used a hand_grenade 8-10-2020, 4:55:56 PM
best(best) used a hand_grenade 8-10-2020, 4:55:56 PM
best(best) used a hand_grenade 8-10-2020, 4:55:56 PM
best(best) used a hand_grenade 8-10-2020, 4:55:56 PM
best(best) used a hand_grenade 8-10-2020, 4:55:56 PM
best(best) used a hand_grenade 8-10-2020, 4:55:56 PM
best(best) used a hand_grenade 8-10-2020, 4:55:57 PM
best(best) used a hand_grenade 8-10-2020, 4:56:01 PM
best(best) used a hand_grenade 8-10-2020, 4:56:01 PM
best(best) used a hand_grenade 8-10-2020, 4:56:01 PM
best(best) used a hand_grenade 8-10-2020, 4:56:01 PM
best(best) used a hand_grenade 8-10-2020, 4:56:01 PM
best(best) used a hand_grenade 8-10-2020, 4:56:01 PM
best(best) used a hand_grenade 8-10-2020, 4:56:02 PM
best(best) used a hand_grenade 8-10-2020, 4:56:02 PM
best(best) used a hand_grenade 8-10-2020, 4:56:02 PM
best(best) used a hand_grenade 8-10-2020, 4:56:02 PM
best(best) used a hand_grenade 8-10-2020, 4:56:02 PM
best(best) used a hand_grenade 8-10-2020, 4:56:03 PM
best(best) used a hand_grenade 8-10-2020, 4:56:07 PM
best(best) used a hand_grenade 8-10-2020, 4:56:07 PM
best(best) used a hand_grenade 8-10-2020, 4:56:07 PM
best(best) used a hand_grenade 8-10-2020, 4:56:07 PM
best(best) used a hand_grenade 8-10-2020, 4:56:08 PM
best(best) used a hand_grenade 8-10-2020, 4:56:15 PM
best(best) used a hand_grenade 8-10-2020, 4:56:15 PM
best(best) used a hand_grenade 8-10-2020, 4:56:15 PM
best(best) used a hand_grenade 8-10-2020, 4:56:18 PM
best(best) used a hand_grenade 8-10-2020, 4:56:19 PM
best(best) used a hand_grenade 8-10-2020, 4:56:19 PM
best(best) used a hand_grenade 8-10-2020, 4:56:19 PM
best(best) used a hand_grenade 8-10-2020, 4:56:19 PM
best(best) used a hand_grenade 8-10-2020, 4:56:23 PM
best(best) used a hand_grenade 8-10-2020, 4:56:23 PM
best(best) used a hand_grenade 8-10-2020, 4:56:23 PM
best(best) used a hand_grenade 8-10-2020, 4:56:23 PM
best(best) used a hand_grenade 8-10-2020, 4:56:24 PM
best(best) used a hand_grenade 8-10-2020, 4:56:24 PM
best(best) used a hand_grenade 8-10-2020, 4:56:24 PM
best(best) used a hand_grenade 8-10-2020, 4:56:24 PM
best(best) used a hand_grenade 8-10-2020, 4:56:24 PM
best(best) used a hand_grenade 8-10-2020, 4:56:25 PM
best(best) used a hand_grenade 8-10-2020, 4:56:25 PM
best(best) used a hand_grenade 8-10-2020, 4:56:25 PM
best(best) used a hand_grenade 8-10-2020, 4:56:29 PM
best(best) used a hand_grenade 8-10-2020, 4:56:30 PM
best(best) used a hand_grenade 8-10-2020, 4:56:30 PM
best(best) used a hand_grenade 8-10-2020, 4:56:30 PM
best(best) used a hand_grenade 8-10-2020, 4:56:30 PM
best(best) used a hand_grenade 8-10-2020, 4:56:30 PM
best(best) used a hand_grenade 8-10-2020, 4:56:31 PM
best(best) used a hand_grenade 8-10-2020, 4:56:31 PM
best(best) used a hand_grenade 8-10-2020, 4:56:35 PM
best(best) used a hand_grenade 8-10-2020, 4:56:35 PM
best(best) used a hand_grenade 8-10-2020, 4:56:35 PM
best(best) used a hand_grenade 8-10-2020, 4:56:35 PM
best(best) used a hand_grenade 8-10-2020, 4:56:36 PM
best(best) used a hand_grenade 8-10-2020, 4:56:36 PM
best(best) used a hand_grenade 8-10-2020, 4:56:36 PM
best(best) used a hand_grenade 8-10-2020, 4:56:36 PM
best(best) used a hand_grenade 8-10-2020, 4:56:36 PM
best(best) used a hand_grenade 8-10-2020, 4:56:37 PM
best(best) used a hand_grenade 8-10-2020, 4:56:40 PM
best(best) used a hand_grenade 8-10-2020, 4:56:40 PM
best(best) used a hand_grenade 8-10-2020, 4:56:40 PM
best(best) used a hand_grenade 8-10-2020, 4:56:41 PM
best(best) used a hand_grenade 8-10-2020, 4:56:41 PM
best(best) used a hand_grenade 8-10-2020, 4:56:41 PM
best(best) used a hand_grenade 8-10-2020, 4:56:45 PM
best(best) used a hand_grenade 8-10-2020, 4:56:45 PM
best(best) used a hand_grenade 8-10-2020, 4:56:45 PM
best(best) used a hand_grenade 8-10-2020, 4:56:45 PM
best(best) used a hand_grenade 8-10-2020, 4:56:45 PM
best(best) used a hand_grenade 8-10-2020, 4:56:46 PM
best(best) used a hand_grenade 8-10-2020, 4:56:49 PM
best(best) used a hand_grenade 8-10-2020, 4:56:50 PM
best(best) used a hand_grenade 8-10-2020, 4:56:50 PM
best(best) used a hand_grenade 8-10-2020, 4:56:50 PM
best(best) used a hand_grenade 8-10-2020, 4:56:50 PM
best(best) used a hand_grenade 8-10-2020, 4:56:50 PM
best(best) used a hand_grenade 8-10-2020, 4:56:50 PM
best(best) used a hand_grenade 8-10-2020, 4:56:51 PM
best(best) used a hand_grenade 8-10-2020, 4:56:51 PM
best(best) used a hand_grenade 8-10-2020, 4:56:51 PM
best(best) used a hand_grenade 8-10-2020, 4:56:52 PM
best(best) used a hand_grenade 8-10-2020, 4:56:56 PM
best(best) used a hand_grenade 8-10-2020, 4:56:59 PM
best(best) used a hand_grenade 8-10-2020, 4:57:00 PM
best(best) used a hand_grenade 8-10-2020, 4:57:00 PM
best(best) used a hand_grenade 8-10-2020, 4:57:04 PM
best(best) used a hand_grenade 8-10-2020, 4:57:04 PM
best(best) used a hand_grenade 8-10-2020, 4:57:04 PM
best(best) used a hand_grenade 8-10-2020, 4:57:05 PM
best(best) used a hand_grenade 8-10-2020, 4:57:05 PM
best(best) used a hand_grenade 8-10-2020, 4:57:05 PM
best(best) used a hand_grenade 8-10-2020, 4:57:09 PM
best(best) used a hand_grenade 8-10-2020, 4:57:09 PM
best(best) used a hand_grenade 8-10-2020, 4:57:09 PM
best(best) used a hand_grenade 8-10-2020, 4:57:10 PM
best(best) used a hand_grenade 8-10-2020, 4:57:10 PM
best(best) used a hand_grenade 8-10-2020, 4:57:10 PM
best(best) used a hand_grenade 8-10-2020, 4:57:10 PM
best(best) used a hand_grenade 8-10-2020, 4:57:11 PM
best(best) used a hand_grenade 8-10-2020, 4:57:14 PM
best(best) used a hand_grenade 8-10-2020, 4:57:14 PM
best(best) used a hand_grenade 8-10-2020, 4:57:15 PM
best(best) used a hand_grenade 8-10-2020, 4:57:19 PM
best(best) used a hand_grenade 8-10-2020, 4:57:19 PM
best(best) used a hand_grenade 8-10-2020, 4:57:23 PM
best(best) used a hand_grenade 8-10-2020, 4:57:23 PM
best(best) used a hand_grenade 8-10-2020, 4:57:23 PM
best(best) used a hand_grenade 8-10-2020, 4:57:23 PM
best(best) used a hand_grenade 8-10-2020, 4:57:24 PM
best(best) used a hand_grenade 8-10-2020, 4:57:24 PM
best(best) used a hand_grenade 8-10-2020, 4:57:24 PM
best(best) used a hand_grenade 8-10-2020, 4:57:24 PM
best(best) used a hand_grenade 8-10-2020, 4:57:24 PM
best(best) used a hand_grenade 8-10-2020, 4:57:26 PM
best(best) used a hand_grenade 8-10-2020, 4:57:26 PM
best(best) used a hand_grenade 8-10-2020, 4:57:27 PM
best(best) used a hand_grenade 8-10-2020, 4:57:27 PM
best(best) used a hand_grenade 8-10-2020, 4:57:27 PM
best(best) used a hand_grenade 8-10-2020, 4:57:27 PM
best(best) used a hand_grenade 8-10-2020, 4:57:27 PM
best(best) used a hand_grenade 8-10-2020, 4:57:27 PM
best(best) used a hand_grenade 8-10-2020, 4:57:27 PM
best(best) used a hand_grenade 8-10-2020, 4:57:28 PM
best(best) used a hand_grenade 8-10-2020, 4:57:31 PM
best(best) used a hand_grenade 8-10-2020, 4:57:32 PM
best(best) used a hand_grenade 8-10-2020, 4:57:32 PM
best(best) used a hand_grenade 8-10-2020, 4:57:32 PM
best(best) used a hand_grenade 8-10-2020, 4:57:32 PM
best(best) used a hand_grenade 8-10-2020, 4:57:32 PM
best(best) used a hand_grenade 8-10-2020, 4:57:33 PM
best(best) used a hand_grenade 8-10-2020, 4:57:33 PM
best(best) used a hand_grenade 8-10-2020, 4:57:33 PM
best(best) used a hand_grenade 8-10-2020, 4:57:33 PM
best(best) used a hand_grenade 8-10-2020, 4:57:37 PM
best(best) used a hand_grenade 8-10-2020, 4:57:37 PM
best(best) used a hand_grenade 8-10-2020, 4:57:37 PM
best(best) used a hand_grenade 8-10-2020, 4:57:37 PM
best(best) used a hand_grenade 8-10-2020, 4:57:38 PM
best(best) used a hand_grenade 8-10-2020, 4:57:38 PM
best(best) used a hand_grenade 8-10-2020, 4:57:38 PM
best(best) used a hand_grenade 8-10-2020, 4:57:38 PM
best(best) used a hand_grenade 8-10-2020, 4:57:38 PM
best(best) used a hand_grenade 8-10-2020, 4:57:42 PM
best(best) used a hand_grenade 8-10-2020, 4:57:43 PM
best(best) used a hand_grenade 8-10-2020, 4:57:43 PM
best(best) used a hand_grenade 8-10-2020, 4:57:43 PM
best(best) used a hand_grenade 8-10-2020, 4:57:43 PM
best(best) used a hand_grenade 8-10-2020, 4:57:43 PM
best(best) used a hand_grenade 8-10-2020, 4:57:43 PM
best(best) used a hand_grenade 8-10-2020, 4:57:44 PM
best(best) used a hand_grenade 8-10-2020, 4:57:44 PM
best(best) used a hand_grenade 8-10-2020, 4:57:44 PM
best(best) used a hand_grenade 8-10-2020, 4:57:44 PM
best(best) used a hand_grenade 8-10-2020, 4:57:44 PM
best(best) used a hand_grenade 8-10-2020, 4:57:44 PM
best(best) used a hand_grenade 8-10-2020, 4:57:45 PM
best(best) used a hand_grenade 8-10-2020, 4:57:48 PM
best(best) used a hand_grenade 8-10-2020, 4:57:52 PM
best(best) used a hand_grenade 8-10-2020, 4:57:52 PM
best(best) used a hand_grenade 8-10-2020, 4:57:52 PM
best(best) used a hand_grenade 8-10-2020, 4:57:52 PM
best(best) used a hand_grenade 8-10-2020, 4:57:53 PM
best(best) used a hand_grenade 8-10-2020, 4:57:53 PM
best(best) used a hand_grenade 8-10-2020, 4:57:53 PM
best(best) used a hand_grenade 8-10-2020, 4:57:53 PM
best(best) used a hand_grenade 8-10-2020, 4:57:53 PM
best(best) used a hand_grenade 8-10-2020, 4:57:53 PM
best(best) used a hand_grenade 8-10-2020, 4:57:54 PM
best(best) used a hand_grenade 8-10-2020, 4:57:54 PM
best(best) used a hand_grenade 8-10-2020, 4:57:54 PM
best(best) used a hand_grenade 8-10-2020, 4:57:54 PM
best(best) used a hand_grenade 8-10-2020, 4:57:54 PM
best(best) used a hand_grenade 8-10-2020, 4:57:55 PM
best(best) used a hand_grenade 8-10-2020, 4:57:55 PM
best(best) used a hand_grenade 8-10-2020, 4:57:55 PM
best(best) used a hand_grenade 8-10-2020, 4:57:58 PM
best(best) used a hand_grenade 8-10-2020, 4:57:59 PM
best(best) used a hand_grenade 8-10-2020, 4:57:59 PM
best(best) used a hand_grenade 8-10-2020, 4:57:59 PM
best(best) used a hand_grenade 8-10-2020, 4:57:59 PM
best(best) used a hand_grenade 8-10-2020, 4:57:59 PM
best(best) used a hand_grenade 8-10-2020, 4:58:00 PM
best(best) used a hand_grenade 8-10-2020, 4:58:00 PM
best(best) used a hand_grenade 8-10-2020, 4:58:00 PM
best(best) used a hand_grenade 8-10-2020, 4:58:00 PM
best(best) used a hand_grenade 8-10-2020, 4:58:01 PM
best(best) used a hand_grenade 8-10-2020, 4:58:01 PM
best(best) used a hand_grenade 8-10-2020, 4:58:01 PM
best(best) used a hand_grenade 8-10-2020, 4:58:01 PM
best(best) used a hand_grenade 8-10-2020, 4:58:01 PM
best(best) used a hand_grenade 8-10-2020, 4:58:01 PM
best(best) used a hand_grenade 8-10-2020, 4:58:02 PM
best(best) used a hand_grenade 8-10-2020, 4:58:02 PM
best(best) used a hand_grenade 8-10-2020, 4:58:02 PM
best(best) used a hand_grenade 8-10-2020, 4:58:02 PM
best(best) used a hand_grenade 8-10-2020, 4:58:02 PM
best(best) used a hand_grenade 8-10-2020, 4:58:02 PM
best(best) used a hand_grenade 8-10-2020, 4:58:03 PM
best(best) used a hand_grenade 8-10-2020, 4:58:03 PM
best(best) used a hand_grenade 8-10-2020, 4:58:03 PM
best(best) used a hand_grenade 8-10-2020, 4:58:03 PM
best(best) used a hand_grenade 8-10-2020, 4:58:03 PM
best(best) used a hand_grenade 8-10-2020, 4:58:03 PM
best(best) used a hand_grenade 8-10-2020, 4:58:04 PM
best(best) used a hand_grenade 8-10-2020, 4:58:04 PM
best(best) used a hand_grenade 8-10-2020, 4:58:04 PM
best(best) used a hand_grenade 8-10-2020, 4:58:04 PM
best(best) used a hand_grenade 8-10-2020, 4:58:04 PM
best(best) used a hand_grenade 8-10-2020, 4:58:04 PM
best(best) used a hand_grenade 8-10-2020, 4:58:05 PM
best(best) used a hand_grenade 8-10-2020, 4:58:05 PM
best(best) used a hand_grenade 8-10-2020, 4:58:05 PM
best(best) used a hand_grenade 8-10-2020, 4:58:05 PM
best(best) used a hand_grenade 8-10-2020, 4:58:05 PM
best(best) used a hand_grenade 8-10-2020, 4:58:06 PM
best(best) used a hand_grenade 8-10-2020, 4:58:06 PM
best(best) used a hand_grenade 8-10-2020, 4:58:06 PM
best(best) used a hand_grenade 8-10-2020, 4:58:06 PM
best(best) used a hand_grenade 8-10-2020, 4:58:06 PM
best(best) used a hand_grenade 8-10-2020, 4:58:06 PM
best(best) used a hand_grenade 8-10-2020, 4:58:07 PM
best(best) used a hand_grenade 8-10-2020, 4:58:07 PM
best(best) used a hand_grenade 8-10-2020, 4:58:07 PM
best(best) used a hand_grenade 8-10-2020, 4:58:07 PM
best(best) used a hand_grenade 8-10-2020, 4:58:07 PM
best(best) used a hand_grenade 8-10-2020, 4:58:08 PM
best(best) used a hand_grenade 8-10-2020, 4:58:08 PM
best(best) used a hand_grenade 8-10-2020, 4:58:08 PM
best(best) used a hand_grenade 8-10-2020, 4:58:08 PM
best(best) used a hand_grenade 8-10-2020, 4:58:09 PM
best(best) used a hand_grenade 8-10-2020, 4:58:09 PM
best(best) used a hand_grenade 8-10-2020, 4:58:13 PM
best(best) used a hand_grenade 8-10-2020, 4:58:14 PM
best(best) used a hand_grenade 8-10-2020, 4:58:14 PM
best(best) used a hand_grenade 8-10-2020, 4:58:14 PM
best(best) used a hand_grenade 8-10-2020, 4:58:14 PM
best(best) used a hand_grenade 8-10-2020, 4:58:15 PM
best(best) used a hand_grenade 8-10-2020, 4:58:15 PM
best(best) used a hand_grenade 8-10-2020, 4:58:15 PM
best(best) used a hand_grenade 8-10-2020, 4:58:15 PM
best(best) used a hand_grenade 8-10-2020, 4:58:15 PM
best(best) used a hand_grenade 8-10-2020, 4:58:16 PM
best(best) used a hand_grenade 8-10-2020, 4:58:20 PM
best(best) used a hand_grenade 8-10-2020, 4:58:20 PM
best(best) used a hand_grenade 8-10-2020, 4:58:20 PM
best(best) used a hand_grenade 8-10-2020, 4:58:20 PM
best(best) used a hand_grenade 8-10-2020, 4:58:20 PM
best(best) used a hand_grenade 8-10-2020, 4:58:20 PM
best(best) used a hand_grenade 8-10-2020, 4:58:21 PM
best(best) used a hand_grenade 8-10-2020, 4:58:21 PM
best(best) used a hand_grenade 8-10-2020, 4:58:21 PM
best(best) used a hand_grenade 8-10-2020, 4:58:21 PM
best(best) used a hand_grenade 8-10-2020, 4:58:21 PM
best(best) used a hand_grenade 8-10-2020, 4:58:21 PM
best(best) used a hand_grenade 8-10-2020, 4:58:22 PM
best(best) used a hand_grenade 8-10-2020, 4:58:22 PM
best(best) used a hand_grenade 8-10-2020, 4:58:22 PM
best(best) used a hand_grenade 8-10-2020, 4:58:22 PM
best(best) used a hand_grenade 8-10-2020, 4:58:22 PM
best(best) used a hand_grenade 8-10-2020, 4:58:23 PM
best(best) used a hand_grenade 8-10-2020, 4:58:23 PM
best(best) used a hand_grenade 8-10-2020, 4:58:23 PM
best(best) used a hand_grenade 8-10-2020, 4:58:23 PM
best(best) used a hand_grenade 8-10-2020, 4:58:24 PM
best(best) used a hand_grenade 8-10-2020, 4:58:24 PM
best(best) used a hand_grenade 8-10-2020, 4:58:24 PM
best(best) used a hand_grenade 8-10-2020, 4:58:24 PM
best(best) used a hand_grenade 8-10-2020, 4:58:25 PM
best(best) used a hand_grenade 8-10-2020, 4:58:25 PM
best(best) used a hand_grenade 8-10-2020, 4:58:26 PM
best(best) used a hand_grenade 8-10-2020, 4:58:26 PM
best(best) used a hand_grenade 8-10-2020, 4:58:26 PM
best(best) used a hand_grenade 8-10-2020, 4:58:26 PM
best(best) used a hand_grenade 8-10-2020, 4:58:27 PM
best(best) used a hand_grenade 8-10-2020, 4:58:27 PM
best(best) used a hand_grenade 8-10-2020, 4:58:27 PM
best(best) used a hand_grenade 8-10-2020, 4:58:27 PM
best(best) used a hand_grenade 8-10-2020, 4:58:27 PM
best(best) used a hand_grenade 8-10-2020, 4:58:27 PM
best(best) used a hand_grenade 8-10-2020, 4:58:28 PM
best(best) used a hand_grenade 8-10-2020, 4:58:28 PM
best(best) used a hand_grenade 8-10-2020, 4:58:29 PM
best(best) used a hand_grenade 8-10-2020, 4:58:29 PM
best(best) used a hand_grenade 8-10-2020, 4:58:29 PM
best(best) used a hand_grenade 8-10-2020, 4:58:29 PM
best(best) used a hand_grenade 8-10-2020, 4:58:29 PM
best(best) used a hand_grenade 8-10-2020, 4:58:30 PM
best(best) used a hand_grenade 8-10-2020, 4:58:30 PM
best(best) used a hand_grenade 8-10-2020, 4:58:30 PM
best(best) used a hand_grenade 8-10-2020, 4:58:31 PM
best(best) used a hand_grenade 8-10-2020, 4:58:31 PM
best(best) used a hand_grenade 8-10-2020, 4:58:31 PM
best(best) used a hand_grenade 8-10-2020, 4:58:31 PM
best(best) used a hand_grenade 8-10-2020, 4:58:31 PM
best(best) used a hand_grenade 8-10-2020, 4:58:31 PM
best(best) used a hand_grenade 8-10-2020, 4:58:32 PM
best(best) used a hand_grenade 8-10-2020, 4:58:32 PM
best(best) used a hand_grenade 8-10-2020, 4:58:32 PM
best(best) used a hand_grenade 8-10-2020, 4:58:33 PM
best(best) used a hand_grenade 8-10-2020, 4:58:33 PM
best(best) used a hand_grenade 8-10-2020, 4:58:33 PM
best(best) used a hand_grenade 8-10-2020, 4:58:33 PM
best(best) used a hand_grenade 8-10-2020, 4:58:33 PM
best(best) used a hand_grenade 8-10-2020, 4:58:34 PM
best(best) used a hand_grenade 8-10-2020, 4:58:34 PM
best(best) used a hand_grenade 8-10-2020, 4:58:34 PM
best(best) used a hand_grenade 8-10-2020, 4:58:34 PM
best(best) used a hand_grenade 8-10-2020, 4:58:34 PM
best(best) used a hand_grenade 8-10-2020, 4:58:34 PM
best(best) used a hand_grenade 8-10-2020, 4:58:35 PM
best(best) used a hand_grenade 8-10-2020, 4:58:35 PM
best(best) used a hand_grenade 8-10-2020, 4:58:36 PM
best(best) used a hand_grenade 8-10-2020, 4:58:36 PM
best(best) used a hand_grenade 8-10-2020, 4:58:36 PM
best(best) used a hand_grenade 8-10-2020, 4:58:37 PM
best(best) used a hand_grenade 8-10-2020, 4:58:37 PM
best(best) used a hand_grenade 8-10-2020, 4:58:38 PM
best(best) used a hand_grenade 8-10-2020, 4:58:38 PM
best(best) used a hand_grenade 8-10-2020, 4:58:38 PM
best(best) used a hand_grenade 8-10-2020, 4:58:38 PM
best(best) used a hand_grenade 8-10-2020, 4:58:38 PM
best(best) used a hand_grenade 8-10-2020, 4:58:39 PM
best(best) used a hand_grenade 8-10-2020, 4:58:39 PM
best(best) used a hand_grenade 8-10-2020, 4:58:39 PM
best(best) used a hand_grenade 8-10-2020, 4:58:40 PM
best(best) used a hand_grenade 8-10-2020, 4:58:40 PM
best(best) used a hand_grenade 8-10-2020, 4:58:40 PM
best(best) used a hand_grenade 8-10-2020, 4:58:40 PM
best(best) used a hand_grenade 8-10-2020, 4:58:44 PM
best(best) used a hand_grenade 8-10-2020, 4:58:44 PM
best(best) used a hand_grenade 8-10-2020, 4:58:44 PM
best(best) used a hand_grenade 8-10-2020, 4:58:44 PM
best(best) used a hand_grenade 8-10-2020, 4:58:45 PM
best(best) used a hand_grenade 8-10-2020, 4:58:45 PM
best(best) used a hand_grenade 8-10-2020, 4:58:45 PM
best(best) used a hand_grenade 8-10-2020, 4:58:45 PM
best(best) used a hand_grenade 8-10-2020, 4:58:45 PM
best(best) used a hand_grenade 8-10-2020, 4:58:46 PM
best(best) used a hand_grenade 8-10-2020, 4:58:46 PM
best(best) used a hand_grenade 8-10-2020, 4:58:46 PM
best(best) used a hand_grenade 8-10-2020, 4:58:47 PM
best(best) used a hand_grenade 8-10-2020, 4:58:47 PM
best(best) used a hand_grenade 8-10-2020, 4:58:47 PM
best(best) used a hand_grenade 8-10-2020, 4:58:47 PM
best(best) used a hand_grenade 8-10-2020, 4:58:51 PM
best(best) used a hand_grenade 8-10-2020, 4:58:51 PM
best(best) used a hand_grenade 8-10-2020, 4:58:51 PM
best(best) used a hand_grenade 8-10-2020, 4:58:51 PM
best(best) used a hand_grenade 8-10-2020, 4:58:52 PM
best(best) used a hand_grenade 8-10-2020, 4:58:52 PM
best(best) used a hand_grenade 8-10-2020, 4:58:52 PM
best(best) used a hand_grenade 8-10-2020, 4:58:52 PM
best(best) used a hand_grenade 8-10-2020, 4:58:52 PM
best(best) used a hand_grenade 8-10-2020, 4:58:56 PM
best(best) used a hand_grenade 8-10-2020, 4:58:56 PM
best(best) used a hand_grenade 8-10-2020, 4:58:56 PM
best(best) used a hand_grenade 8-10-2020, 4:58:57 PM
best(best) used a hand_grenade 8-10-2020, 4:58:57 PM
best(best) used a hand_grenade 8-10-2020, 4:58:57 PM
best(best) used a hand_grenade 8-10-2020, 4:58:57 PM
best(best) used a hand_grenade 8-10-2020, 4:58:57 PM
best(best) used a hand_grenade 8-10-2020, 4:58:57 PM
best(best) used a hand_grenade 8-10-2020, 4:58:58 PM
best(best) used a hand_grenade 8-10-2020, 4:58:58 PM
best(best) used a hand_grenade 8-10-2020, 4:58:58 PM
best(best) used a hand_grenade 8-10-2020, 4:58:58 PM
best(best) used a hand_grenade 8-10-2020, 4:58:58 PM
best(best) used a hand_grenade 8-10-2020, 4:58:59 PM
best(best) used a hand_grenade 8-10-2020, 4:58:59 PM
best(best) used a hand_grenade 8-10-2020, 4:58:59 PM
best(best) used a hand_grenade 8-10-2020, 4:58:59 PM
best(best) used a hand_grenade 8-10-2020, 4:59:00 PM
best(best) used a hand_grenade 8-10-2020, 4:59:00 PM
best(best) used a hand_grenade 8-10-2020, 4:59:00 PM
best(best) used a hand_grenade 8-10-2020, 4:59:00 PM
best(best) used a hand_grenade 8-10-2020, 4:59:00 PM
best(best) used a hand_grenade 8-10-2020, 4:59:00 PM
best(best) used a hand_grenade 8-10-2020, 4:59:01 PM
best(best) used a hand_grenade 8-10-2020, 4:59:01 PM
best(best) used a hand_grenade 8-10-2020, 4:59:01 PM
best(best) used a hand_grenade 8-10-2020, 4:59:01 PM
best(best) used a hand_grenade 8-10-2020, 4:59:01 PM
best(best) used a hand_grenade 8-10-2020, 4:59:02 PM
best(best) used a hand_grenade 8-10-2020, 4:59:02 PM
best(best) used a hand_grenade 8-10-2020, 4:59:02 PM
best(best) used a hand_grenade 8-10-2020, 4:59:02 PM
best(best) used a hand_grenade 8-10-2020, 4:59:02 PM
best(best) used a hand_grenade 8-10-2020, 4:59:03 PM
best(best) used a hand_grenade 8-10-2020, 4:59:03 PM
best(best) used a hand_grenade 8-10-2020, 4:59:53 PM
best(best) used a hand_grenade 8-10-2020, 4:59:53 PM
best(best) used a hand_grenade 8-10-2020, 4:59:53 PM
best(best) used a hand_grenade 8-10-2020, 4:59:53 PM
best(best) used a hand_grenade 8-10-2020, 4:59:53 PM
best(best) used a hand_grenade 8-10-2020, 4:59:54 PM
best(best) used a hand_grenade 8-10-2020, 4:59:54 PM
best(best) used a hand_grenade 8-10-2020, 4:59:54 PM
best(best) used a hand_grenade 8-10-2020, 4:59:54 PM
best(best) used a hand_grenade 8-10-2020, 4:59:54 PM
best(best) used a hand_grenade 8-10-2020, 4:59:54 PM
best(best) used a hand_grenade 8-10-2020, 4:59:55 PM
best(best) used a hand_grenade 8-10-2020, 4:59:55 PM
best(best) used a hand_grenade 8-10-2020, 4:59:55 PM
best(best) used a hand_grenade 8-10-2020, 4:59:55 PM
best(best) used a hand_grenade 8-10-2020, 4:59:59 PM
best(best) used a hand_grenade 8-10-2020, 5:00:03 PM
best(best) used a hand_grenade 8-10-2020, 5:00:03 PM
best(best) used a hand_grenade 8-10-2020, 5:00:03 PM
best(best) used a hand_grenade 8-10-2020, 5:00:04 PM
best(best) used a hand_grenade 8-10-2020, 5:00:04 PM
best(best) used a hand_grenade 8-10-2020, 5:00:04 PM
best(best) used a hand_grenade 8-10-2020, 5:00:04 PM
best(best) used a hand_grenade 8-10-2020, 5:00:04 PM
best(best) used a hand_grenade 8-10-2020, 5:00:05 PM
best(best) used a hand_grenade 8-10-2020, 5:00:05 PM
best(best) used a hand_grenade 8-10-2020, 5:00:05 PM
best(best) used a hand_grenade 8-10-2020, 5:00:05 PM
best(best) used a hand_grenade 8-10-2020, 5:00:05 PM
best(best) used a hand_grenade 8-10-2020, 5:00:05 PM
best(best) used a hand_grenade 8-10-2020, 5:00:06 PM
best(best) used a hand_grenade 8-10-2020, 5:00:06 PM
best(best) used a hand_grenade 8-10-2020, 5:00:06 PM
best(best) used a hand_grenade 8-10-2020, 5:00:06 PM
best(best) used a hand_grenade 8-10-2020, 5:00:06 PM
best(best) used a hand_grenade 8-10-2020, 5:00:06 PM
best(best) used a hand_grenade 8-10-2020, 5:00:07 PM
best(best) used a hand_grenade 8-10-2020, 5:00:07 PM
best(best) used a hand_grenade 8-10-2020, 5:00:07 PM
best(best) used a hand_grenade 8-10-2020, 5:00:07 PM
best(best) used a hand_grenade 8-10-2020, 5:00:07 PM
best(best) used a hand_grenade 8-10-2020, 5:00:07 PM
best(best) used a hand_grenade 8-10-2020, 5:00:08 PM
best(best) used a hand_grenade 8-10-2020, 5:00:08 PM
best(best) used a hand_grenade 8-10-2020, 5:00:08 PM
best(best) used a hand_grenade 8-10-2020, 5:00:08 PM
best(best) used a hand_grenade 8-10-2020, 5:00:08 PM
best(best) used a hand_grenade 8-10-2020, 5:00:08 PM
best(best) used a hand_grenade 8-10-2020, 5:00:10 PM
best(best) used a hand_grenade 8-10-2020, 5:00:10 PM
best(best) used a hand_grenade 8-10-2020, 5:00:10 PM
best(best) used a hand_grenade 8-10-2020, 5:00:10 PM
best(best) used a hand_grenade 8-10-2020, 5:00:11 PM
best(best) used a hand_grenade 8-10-2020, 5:00:11 PM
best(best) used a hand_grenade 8-10-2020, 5:00:11 PM
best(best) used a hand_grenade 8-10-2020, 5:00:11 PM
best(best) used a hand_grenade 8-10-2020, 5:00:12 PM
best(best) used a hand_grenade 8-10-2020, 5:00:12 PM
best(best) used a hand_grenade 8-10-2020, 5:00:12 PM
best(best) used a hand_grenade 8-10-2020, 5:00:12 PM
best(best) used a hand_grenade 8-10-2020, 5:00:12 PM
best(best) used a hand_grenade 8-10-2020, 5:00:13 PM
best(best) used a hand_grenade 8-10-2020, 5:00:16 PM
best(best) used a hand_grenade 8-10-2020, 5:00:20 PM
best(best) used a hand_grenade 8-10-2020, 5:00:20 PM
best(best) used a hand_grenade 8-10-2020, 5:00:20 PM
best(best) used a hand_grenade 8-10-2020, 5:00:21 PM
best(best) used a hand_grenade 8-10-2020, 5:00:21 PM
best(best) used a hand_grenade 8-10-2020, 5:00:21 PM
best(best) used a hand_grenade 8-10-2020, 5:00:21 PM
best(best) used a hand_grenade 8-10-2020, 5:00:21 PM
best(best) used a hand_grenade 8-10-2020, 5:00:26 PM
best(best) used a hand_grenade 8-10-2020, 5:00:26 PM
best(best) used a hand_grenade 8-10-2020, 5:00:26 PM
best(best) used a hand_grenade 8-10-2020, 5:00:26 PM
best(best) used a hand_grenade 8-10-2020, 5:00:26 PM
best(best) used a hand_grenade 8-10-2020, 5:00:26 PM
best(best) used a hand_grenade 8-10-2020, 5:00:27 PM
best(best) used a hand_grenade 8-10-2020, 5:00:27 PM
best(best) used a hand_grenade 8-10-2020, 5:00:27 PM
best(best) used a hand_grenade 8-10-2020, 5:00:27 PM
best(best) used a hand_grenade 8-10-2020, 5:00:31 PM
best(best) used a hand_grenade 8-10-2020, 5:00:32 PM
best(best) used a hand_grenade 8-10-2020, 5:00:32 PM
best(best) used a hand_grenade 8-10-2020, 5:00:32 PM
best(best) used a hand_grenade 8-10-2020, 5:00:32 PM
best(best) used a hand_grenade 8-10-2020, 5:00:32 PM
best(best) used a hand_grenade 8-10-2020, 5:00:32 PM
best(best) used a hand_grenade 8-10-2020, 5:00:33 PM
best(best) used a hand_grenade 8-10-2020, 5:00:36 PM
best(best) used a hand_grenade 8-10-2020, 5:00:37 PM
best(best) used a hand_grenade 8-10-2020, 5:00:37 PM
best(best) used a hand_grenade 8-10-2020, 5:00:37 PM
best(best) used a hand_grenade 8-10-2020, 5:00:37 PM
best(best) used a hand_grenade 8-10-2020, 5:00:37 PM
best(best) used a hand_grenade 8-10-2020, 5:00:37 PM
best(best) used a hand_grenade 8-10-2020, 5:00:38 PM
best(best) used a hand_grenade 8-10-2020, 5:00:42 PM
best(best) used a hand_grenade 8-10-2020, 5:00:42 PM
best(best) used a hand_grenade 8-10-2020, 5:00:42 PM
best(best) used a hand_grenade 8-10-2020, 5:00:44 PM
best(best) used a hand_grenade 8-10-2020, 5:00:44 PM
best(best) used a hand_grenade 8-10-2020, 5:00:44 PM
best(best) used a hand_grenade 8-10-2020, 5:00:44 PM
best(best) used a hand_grenade 8-10-2020, 5:00:44 PM
best(best) used a hand_grenade 8-10-2020, 5:00:45 PM
best(best) used a hand_grenade 8-10-2020, 5:00:45 PM
best(best) used a hand_grenade 8-10-2020, 5:00:45 PM
best(best) used a hand_grenade 8-10-2020, 5:00:45 PM
best(best) used a hand_grenade 8-10-2020, 5:00:45 PM
best(best) used a hand_grenade 8-10-2020, 5:00:46 PM
best(best) used a hand_grenade 8-10-2020, 5:00:46 PM
best(best) used a hand_grenade 8-10-2020, 5:00:46 PM
best(best) used a hand_grenade 8-10-2020, 5:00:46 PM
best(best) used a hand_grenade 8-10-2020, 5:00:46 PM
best(best) used a hand_grenade 8-10-2020, 5:00:46 PM
best(best) used a hand_grenade 8-10-2020, 5:00:47 PM
best(best) used a hand_grenade 8-10-2020, 5:00:47 PM
best(best) used a hand_grenade 8-10-2020, 5:00:47 PM
best(best) used a hand_grenade 8-10-2020, 5:00:47 PM
best(best) used a hand_grenade 8-10-2020, 5:00:47 PM
best(best) used a hand_grenade 8-10-2020, 5:00:49 PM
best(best) used a hand_grenade 8-10-2020, 5:00:49 PM
best(best) used a hand_grenade 8-10-2020, 5:00:49 PM
best(best) used a hand_grenade 8-10-2020, 5:00:50 PM
best(best) used a hand_grenade 8-10-2020, 5:00:50 PM
best(best) used a hand_grenade 8-10-2020, 5:00:50 PM
best(best) used a hand_grenade 8-10-2020, 5:00:50 PM
best(best) used a hand_grenade 8-10-2020, 5:00:50 PM
best(best) used a hand_grenade 8-10-2020, 5:00:51 PM
best(best) used a hand_grenade 8-10-2020, 5:00:51 PM
best(best) used a hand_grenade 8-10-2020, 5:00:51 PM
best(best) used a hand_grenade 8-10-2020, 5:00:51 PM
best(best) used a hand_grenade 8-10-2020, 5:00:51 PM
best(best) used a hand_grenade 8-10-2020, 5:00:51 PM
best(best) used a hand_grenade 8-10-2020, 5:00:52 PM
best(best) used a hand_grenade 8-10-2020, 5:00:52 PM
best(best) used a hand_grenade 8-10-2020, 5:00:52 PM
best(best) used a hand_grenade 8-10-2020, 5:00:52 PM
best(best) used a hand_grenade 8-10-2020, 5:00:52 PM
best(best) used a hand_grenade 8-10-2020, 5:00:53 PM
best(best) used a hand_grenade 8-10-2020, 5:00:53 PM
best(best) used a hand_grenade 8-10-2020, 5:00:53 PM
best(best) used a hand_grenade 8-10-2020, 5:00:53 PM
best(best) used a hand_grenade 8-10-2020, 5:00:53 PM
best(best) used a hand_grenade 8-10-2020, 5:00:53 PM
best(best) used a hand_grenade 8-10-2020, 5:00:54 PM
best(best) used a hand_grenade 8-10-2020, 5:00:54 PM
best(best) used a hand_grenade 8-10-2020, 5:00:54 PM
best(best) used a hand_grenade 8-10-2020, 5:00:54 PM
best(best) used a hand_grenade 8-10-2020, 5:00:55 PM
best(best) used a hand_grenade 8-10-2020, 5:00:56 PM
best(best) used a hand_grenade 8-10-2020, 5:00:56 PM
best(best) used a hand_grenade 8-10-2020, 5:00:56 PM
best(best) used a hand_grenade 8-10-2020, 5:00:57 PM
best(best) used a hand_grenade 8-10-2020, 5:00:57 PM
best(best) used a hand_grenade 8-10-2020, 5:00:57 PM
best(best) used a hand_grenade 8-10-2020, 5:00:57 PM
best(best) used a hand_grenade 8-10-2020, 5:00:57 PM
best(best) used a hand_grenade 8-10-2020, 5:00:58 PM
best(best) used a hand_grenade 8-10-2020, 5:00:58 PM
best(best) used a hand_grenade 8-10-2020, 5:00:58 PM
best(best) used a hand_grenade 8-10-2020, 5:00:58 PM
best(best) used a hand_grenade 8-10-2020, 5:00:59 PM
best(best) used a hand_grenade 8-10-2020, 5:00:59 PM
best(best) used a hand_grenade 8-10-2020, 5:00:59 PM
best(best) used a hand_grenade 8-10-2020, 5:00:59 PM
best(best) used a hand_grenade 8-10-2020, 5:01:00 PM
best(best) used a hand_grenade 8-10-2020, 5:01:00 PM
best(best) used a hand_grenade 8-10-2020, 5:01:00 PM
best(best) used a hand_grenade 8-10-2020, 5:01:00 PM
best(best) used a hand_grenade 8-10-2020, 5:01:00 PM
best(best) used a hand_grenade 8-10-2020, 5:01:01 PM
best(best) used a hand_grenade 8-10-2020, 5:01:01 PM
best(best) used a hand_grenade 8-10-2020, 5:01:01 PM
best(best) used a hand_grenade 8-10-2020, 5:01:01 PM
best(best) used a hand_grenade 8-10-2020, 5:01:02 PM
best(best) used a hand_grenade 8-10-2020, 5:01:05 PM
best(best) used a hand_grenade 8-10-2020, 5:01:05 PM
best(best) used a hand_grenade 8-10-2020, 5:01:06 PM
best(best) used a hand_grenade 8-10-2020, 5:01:06 PM
best(best) used a hand_grenade 8-10-2020, 5:01:06 PM
best(best) used a hand_grenade 8-10-2020, 5:01:06 PM
best(best) used a hand_grenade 8-10-2020, 5:01:06 PM
best(best) used a hand_grenade 8-10-2020, 5:01:11 PM
best(best) used a hand_grenade 8-10-2020, 5:01:11 PM
best(best) used a hand_grenade 8-10-2020, 5:01:11 PM
best(best) used a hand_grenade 8-10-2020, 5:01:11 PM
best(best) used a hand_grenade 8-10-2020, 5:01:12 PM
best(best) used a hand_grenade 8-10-2020, 5:01:12 PM
best(best) used a hand_grenade 8-10-2020, 5:01:12 PM
best(best) used a hand_grenade 8-10-2020, 5:01:12 PM
best(best) used a hand_grenade 8-10-2020, 5:01:13 PM
best(best) used a hand_grenade 8-10-2020, 5:01:13 PM
best(best) used a hand_grenade 8-10-2020, 5:01:13 PM
best(best) used a hand_grenade 8-10-2020, 5:01:13 PM
best(best) used a hand_grenade 8-10-2020, 5:01:13 PM
best(best) used a hand_grenade 8-10-2020, 5:01:14 PM
best(best) used a hand_grenade 8-10-2020, 5:01:14 PM
best(best) used a hand_grenade 8-10-2020, 5:01:14 PM
best(best) used a hand_grenade 8-10-2020, 5:01:14 PM
best(best) used a hand_grenade 8-10-2020, 5:01:14 PM
best(best) used a hand_grenade 8-10-2020, 5:01:14 PM
best(best) used a hand_grenade 8-10-2020, 5:01:53 PM
best(best) used a hand_grenade 8-10-2020, 5:01:53 PM
best(best) used a hand_grenade 8-10-2020, 5:01:53 PM
best(best) used a hand_grenade 8-10-2020, 5:01:54 PM
best(best) used a hand_grenade 8-10-2020, 5:01:54 PM
best(best) used a hand_grenade 8-10-2020, 5:01:55 PM
best(best) used a hand_grenade 8-10-2020, 5:01:55 PM
best(best) used a hand_grenade 8-10-2020, 5:01:55 PM
best(best) used a hand_grenade 8-10-2020, 5:01:55 PM
best(best) used a hand_grenade 8-10-2020, 5:01:56 PM
best(best) used a hand_grenade 8-10-2020, 5:01:56 PM
best(best) used a hand_grenade 8-10-2020, 5:01:56 PM
best(best) used a hand_grenade 8-10-2020, 5:01:56 PM
best(best) used a hand_grenade 8-10-2020, 5:01:56 PM
best(best) used a hand_grenade 8-10-2020, 5:01:57 PM
best(best) used a hand_grenade 8-10-2020, 5:01:57 PM
best(best) used a hand_grenade 8-10-2020, 5:01:57 PM
best(best) used a hand_grenade 8-10-2020, 5:01:57 PM
best(best) used a hand_grenade 8-10-2020, 5:01:57 PM
best(best) used a hand_grenade 8-10-2020, 5:01:57 PM
best(best) used a hand_grenade 8-10-2020, 5:01:58 PM
best(best) used a hand_grenade 8-10-2020, 5:01:58 PM
best(best) used a hand_grenade 8-10-2020, 5:01:58 PM
best(best) used a hand_grenade 8-10-2020, 5:01:58 PM
best(best) used a hand_grenade 8-10-2020, 5:01:58 PM
best(best) used a hand_grenade 8-10-2020, 5:01:58 PM
best(best) used a hand_grenade 8-10-2020, 5:01:58 PM
best(best) used a hand_grenade 8-10-2020, 5:01:58 PM
best(best) used a hand_grenade 8-10-2020, 5:01:59 PM
best(best) used a hand_grenade 8-10-2020, 5:01:59 PM
best(best) used a hand_grenade 8-10-2020, 5:01:59 PM
best(best) used a hand_grenade 8-10-2020, 5:02:01 PM
best(best) used a hand_grenade 8-10-2020, 5:02:02 PM
best(best) used a hand_grenade 8-10-2020, 5:02:02 PM
best(best) used a hand_grenade 8-10-2020, 5:02:02 PM
best(best) used a hand_grenade 8-10-2020, 5:02:02 PM
best(best) used a hand_grenade 8-10-2020, 5:02:03 PM
best(best) used a hand_grenade 8-10-2020, 5:02:03 PM
best(best) used a hand_grenade 8-10-2020, 5:02:03 PM
best(best) used a hand_grenade 8-10-2020, 5:02:03 PM
best(best) used a hand_grenade 8-10-2020, 5:02:04 PM
best(best) used a hand_grenade 8-10-2020, 5:02:04 PM
best(best) used a hand_grenade 8-10-2020, 5:02:04 PM
best(best) used a hand_grenade 8-10-2020, 5:02:04 PM
best(best) used a hand_grenade 8-10-2020, 5:02:04 PM
best(best) used a hand_grenade 8-10-2020, 5:02:05 PM
best(best) used a hand_grenade 8-10-2020, 5:02:05 PM
best(best) used a hand_grenade 8-10-2020, 5:02:05 PM
best(best) used a hand_grenade 8-10-2020, 5:02:05 PM
best(best) used a hand_grenade 8-10-2020, 5:02:06 PM
best(best) used a hand_grenade 8-10-2020, 5:02:06 PM
best(best) used a hand_grenade 8-10-2020, 5:02:06 PM
best(best) used a hand_grenade 8-10-2020, 5:02:06 PM
best(best) used a hand_grenade 8-10-2020, 5:02:06 PM
best(best) used a hand_grenade 8-10-2020, 5:02:07 PM
best(best) used a hand_grenade 8-10-2020, 5:02:07 PM
best(best) used a hand_grenade 8-10-2020, 5:02:07 PM
best(best) used a hand_grenade 8-10-2020, 5:02:07 PM
best(best) used a hand_grenade 8-10-2020, 5:02:07 PM
best(best) used a hand_grenade 8-10-2020, 5:02:08 PM
best(best) used a hand_grenade 8-10-2020, 5:02:08 PM
best(best) used a hand_grenade 8-10-2020, 5:02:08 PM
best(best) used a hand_grenade 8-10-2020, 5:02:08 PM
best(best) used a hand_grenade 8-10-2020, 5:02:08 PM
best(best) used a hand_grenade 8-10-2020, 5:02:09 PM
best(best) used a hand_grenade 8-10-2020, 5:02:09 PM
best(best) used a hand_grenade 8-10-2020, 5:02:09 PM
best(best) used a hand_grenade 8-10-2020, 5:02:09 PM
best(best) used a hand_grenade 8-10-2020, 5:02:10 PM
best(best) used a hand_grenade 8-10-2020, 5:02:10 PM
best(best) used a hand_grenade 8-10-2020, 5:02:11 PM
best(best) used a hand_grenade 8-10-2020, 5:02:11 PM
best(best) used a hand_grenade 8-10-2020, 5:02:12 PM
best(best) used a hand_grenade 8-10-2020, 5:02:12 PM
best(best) used a hand_grenade 8-10-2020, 5:02:12 PM
best(best) used a hand_grenade 8-10-2020, 5:02:13 PM
best(best) used a hand_grenade 8-10-2020, 5:02:13 PM
best(best) used a hand_grenade 8-10-2020, 5:02:13 PM
best(best) used a hand_grenade 8-10-2020, 5:02:13 PM
best(best) used a hand_grenade 8-10-2020, 5:02:14 PM
best(best) used a hand_grenade 8-10-2020, 5:02:18 PM
best(best) used a hand_grenade 8-10-2020, 5:02:18 PM
best(best) used a hand_grenade 8-10-2020, 5:02:18 PM
best(best) used a hand_grenade 8-10-2020, 5:02:19 PM
best(best) used a hand_grenade 8-10-2020, 5:02:19 PM
best(best) used a hand_grenade 8-10-2020, 5:02:19 PM
best(best) used a hand_grenade 8-10-2020, 5:02:19 PM
best(best) used a hand_grenade 8-10-2020, 5:02:19 PM
best(best) used a hand_grenade 8-10-2020, 5:02:20 PM
best(best) used a hand_grenade 8-10-2020, 5:02:23 PM
best(best) used a hand_grenade 8-10-2020, 5:02:24 PM
best(best) used a hand_grenade 8-10-2020, 5:02:24 PM
best(best) used a hand_grenade 8-10-2020, 5:02:24 PM
best(best) used a hand_grenade 8-10-2020, 5:02:24 PM
best(best) used a hand_grenade 8-10-2020, 5:02:24 PM
best(best) used a hand_grenade 8-10-2020, 5:02:24 PM
best(best) used a hand_grenade 8-10-2020, 5:02:25 PM
best(best) used a hand_grenade 8-10-2020, 5:02:29 PM
best(best) used a hand_grenade 8-10-2020, 5:02:29 PM
best(best) used a hand_grenade 8-10-2020, 5:02:29 PM
best(best) used a hand_grenade 8-10-2020, 5:02:29 PM
best(best) used a hand_grenade 8-10-2020, 5:02:29 PM
best(best) used a hand_grenade 8-10-2020, 5:02:30 PM
best(best) used a hand_grenade 8-10-2020, 5:02:30 PM
best(best) used a hand_grenade 8-10-2020, 5:02:30 PM
best(best) used a hand_grenade 8-10-2020, 5:02:34 PM
best(best) used a hand_grenade 8-10-2020, 5:02:34 PM
best(best) used a hand_grenade 8-10-2020, 5:02:34 PM
best(best) used a hand_grenade 8-10-2020, 5:02:38 PM
best(best) used a hand_grenade 8-10-2020, 5:02:38 PM
best(best) used a hand_grenade 8-10-2020, 5:02:38 PM
best(best) used a hand_grenade 8-10-2020, 5:02:39 PM
best(best) used a hand_grenade 8-10-2020, 5:02:39 PM
best(best) used a hand_grenade 8-10-2020, 5:02:39 PM
best(best) used a hand_grenade 8-10-2020, 5:02:39 PM
best(best) used a hand_grenade 8-10-2020, 5:02:39 PM
best(best) used a hand_grenade 8-10-2020, 5:02:39 PM
best(best) used a hand_grenade 8-10-2020, 5:02:43 PM
best(best) used a hand_grenade 8-10-2020, 5:02:43 PM
best(best) used a hand_grenade 8-10-2020, 5:02:43 PM
best(best) used a hand_grenade 8-10-2020, 5:02:44 PM
best(best) used a hand_grenade 8-10-2020, 5:02:44 PM
best(best) used a hand_grenade 8-10-2020, 5:02:44 PM
best(best) used a hand_grenade 8-10-2020, 5:02:44 PM
best(best) used a hand_grenade 8-10-2020, 5:02:44 PM
best(best) used a hand_grenade 8-10-2020, 5:02:44 PM
best(best) used a hand_grenade 8-10-2020, 5:02:48 PM
best(best) used a hand_grenade 8-10-2020, 5:02:48 PM
best(best) used a hand_grenade 8-10-2020, 5:02:48 PM
best(best) used a hand_grenade 8-10-2020, 5:02:49 PM
best(best) used a hand_grenade 8-10-2020, 5:02:49 PM
best(best) used a hand_grenade 8-10-2020, 5:02:49 PM
best(best) used a hand_grenade 8-10-2020, 5:02:49 PM
best(best) used a hand_grenade 8-10-2020, 5:02:49 PM
best(best) used a hand_grenade 8-10-2020, 5:02:50 PM
best(best) used a hand_grenade 8-10-2020, 5:02:50 PM
best(best) used a hand_grenade 8-10-2020, 5:02:50 PM
best(best) used a hand_grenade 8-10-2020, 5:02:50 PM
best(best) used a hand_grenade 8-10-2020, 5:02:50 PM
best(best) used a hand_grenade 8-10-2020, 5:02:50 PM
best(best) used a hand_grenade 8-10-2020, 5:02:51 PM
best(best) used a hand_grenade 8-10-2020, 5:02:51 PM
best(best) used a hand_grenade 8-10-2020, 5:02:51 PM
best(best) used a hand_grenade 8-10-2020, 5:02:51 PM
best(best) used a hand_grenade 8-10-2020, 5:02:51 PM
best(best) used a hand_grenade 8-10-2020, 5:02:51 PM
best(best) used a hand_grenade 8-10-2020, 5:02:52 PM
best(best) used a hand_grenade 8-10-2020, 5:02:52 PM
best(best) used a hand_grenade 8-10-2020, 5:02:56 PM
best(best) used a hand_grenade 8-10-2020, 5:02:56 PM
best(best) used a hand_grenade 8-10-2020, 5:02:56 PM
best(best) used a hand_grenade 8-10-2020, 5:02:56 PM
best(best) used a hand_grenade 8-10-2020, 5:02:56 PM
best(best) used a hand_grenade 8-10-2020, 5:02:56 PM
best(best) used a hand_grenade 8-10-2020, 5:02:57 PM
best(best) used a hand_grenade 8-10-2020, 5:02:57 PM
best(best) used a hand_grenade 8-10-2020, 5:02:57 PM
best(best) used a hand_grenade 8-10-2020, 5:03:01 PM
best(best) used a hand_grenade 8-10-2020, 5:03:01 PM
best(best) used a hand_grenade 8-10-2020, 5:03:01 PM
best(best) used a hand_grenade 8-10-2020, 5:03:02 PM
best(best) used a hand_grenade 8-10-2020, 5:03:05 PM
best(best) used a hand_grenade 8-10-2020, 5:03:06 PM
best(best) used a hand_grenade 8-10-2020, 5:03:06 PM
best(best) used a hand_grenade 8-10-2020, 5:03:06 PM
best(best) used a hand_grenade 8-10-2020, 5:03:06 PM
best(best) used a hand_grenade 8-10-2020, 5:03:06 PM
best(best) used a hand_grenade 8-10-2020, 5:03:06 PM
best(best) used a hand_grenade 8-10-2020, 5:03:10 PM
best(best) used a hand_grenade 8-10-2020, 5:03:10 PM
best(best) used a hand_grenade 8-10-2020, 5:03:11 PM
best(best) used a hand_grenade 8-10-2020, 5:03:11 PM
best(best) used a hand_grenade 8-10-2020, 5:03:11 PM
best(best) used a hand_grenade 8-10-2020, 5:03:11 PM
best(best) used a hand_grenade 8-10-2020, 5:03:15 PM
best(best) used a hand_grenade 8-10-2020, 5:03:15 PM
best(best) used a hand_grenade 8-10-2020, 5:03:16 PM
best(best) used a hand_grenade 8-10-2020, 5:03:16 PM
best(best) used a hand_grenade 8-10-2020, 5:03:16 PM
best(best) used a hand_grenade 8-10-2020, 5:03:16 PM
best(best) used a hand_grenade 8-10-2020, 5:03:16 PM
best(best) used a hand_grenade 8-10-2020, 5:03:16 PM
best(best) used a hand_grenade 8-10-2020, 5:03:17 PM
best(best) used a hand_grenade 8-10-2020, 5:03:17 PM
best(best) used a hand_grenade 8-10-2020, 5:03:17 PM
best(best) used a hand_grenade 8-10-2020, 5:03:21 PM
best(best) used a hand_grenade 8-10-2020, 5:03:21 PM
best(best) used a hand_grenade 8-10-2020, 5:03:21 PM
best(best) used a hand_grenade 8-10-2020, 5:03:21 PM
best(best) used a hand_grenade 8-10-2020, 5:03:25 PM
best(best) used a hand_grenade 8-10-2020, 5:03:26 PM
best(best) used a hand_grenade 8-10-2020, 5:03:26 PM
best(best) used a hand_grenade 8-10-2020, 5:03:26 PM
best(best) used a hand_grenade 8-10-2020, 5:03:29 PM
best(best) used a hand_grenade 8-10-2020, 5:03:30 PM
best(best) used a hand_grenade 8-10-2020, 5:03:30 PM
best(best) used a hand_grenade 8-10-2020, 5:03:30 PM
best(best) used a hand_grenade 8-10-2020, 5:03:30 PM
best(best) used a hand_grenade 8-10-2020, 5:03:30 PM
best(best) used a hand_grenade 8-10-2020, 5:03:30 PM
best(best) used a hand_grenade 8-10-2020, 5:03:31 PM
best(best) used a hand_grenade 8-10-2020, 5:03:31 PM
best(best) used a hand_grenade 8-10-2020, 5:03:31 PM
best(best) used a hand_grenade 8-10-2020, 5:03:31 PM
best(best) used a hand_grenade 8-10-2020, 5:03:35 PM
best(best) used a hand_grenade 8-10-2020, 5:03:35 PM
best(best) used a hand_grenade 8-10-2020, 5:03:35 PM
best(best) used a hand_grenade 8-10-2020, 5:03:36 PM
best(best) used a hand_grenade 8-10-2020, 5:03:36 PM
best(best) used a hand_grenade 8-10-2020, 5:03:36 PM
best(best) used a hand_grenade 8-10-2020, 5:03:36 PM
best(best) used a hand_grenade 8-10-2020, 5:03:36 PM
best(best) used a hand_grenade 8-10-2020, 5:03:36 PM
best(best) used a hand_grenade 8-10-2020, 5:03:37 PM
best(best) used a hand_grenade 8-10-2020, 5:03:37 PM
best(best) used a hand_grenade 8-10-2020, 5:03:37 PM
best(best) used a hand_grenade 8-10-2020, 5:03:37 PM
best(best) used a hand_grenade 8-10-2020, 5:03:37 PM
best(best) used a hand_grenade 8-10-2020, 5:03:37 PM
best(best) used a hand_grenade 8-10-2020, 5:03:38 PM
best(best) used a hand_grenade 8-10-2020, 5:03:38 PM
best(best) used a hand_grenade 8-10-2020, 5:03:38 PM
best(best) used a hand_grenade 8-10-2020, 5:03:38 PM
best(best) used a hand_grenade 8-10-2020, 5:03:38 PM
best(best) used a hand_grenade 8-10-2020, 5:03:39 PM
best(best) used a hand_grenade 8-10-2020, 5:03:39 PM
best(best) used a hand_grenade 8-10-2020, 5:03:39 PM
best(best) used a hand_grenade 8-10-2020, 5:03:41 PM
best(best) used a hand_grenade 8-10-2020, 5:03:41 PM
best(best) used a hand_grenade 8-10-2020, 5:03:41 PM
best(best) used a hand_grenade 8-10-2020, 5:03:41 PM
best(best) used a hand_grenade 8-10-2020, 5:03:41 PM
best(best) used a hand_grenade 8-10-2020, 5:03:42 PM
best(best) used a hand_grenade 8-10-2020, 5:03:42 PM
best(best) used a hand_grenade 8-10-2020, 5:03:42 PM
best(best) used a hand_grenade 8-10-2020, 5:03:42 PM
best(best) used a hand_grenade 8-10-2020, 5:03:42 PM
best(best) used a hand_grenade 8-10-2020, 5:03:42 PM
best(best) used a hand_grenade 8-10-2020, 5:03:43 PM
best(best) used a hand_grenade 8-10-2020, 5:03:43 PM
best(best) used a hand_grenade 8-10-2020, 5:03:43 PM
best(best) used a hand_grenade 8-10-2020, 5:03:43 PM
best(best) used a hand_grenade 8-10-2020, 5:03:44 PM
best(best) used a hand_grenade 8-10-2020, 5:03:44 PM
best(best) used a hand_grenade 8-10-2020, 5:03:44 PM
best(best) used a hand_grenade 8-10-2020, 5:03:44 PM
best(best) used a hand_grenade 8-10-2020, 5:03:44 PM
best(best) used a hand_grenade 8-10-2020, 5:03:44 PM
best(best) used a hand_grenade 8-10-2020, 5:03:45 PM
best(best) used a hand_grenade 8-10-2020, 5:03:45 PM
best(best) used a hand_grenade 8-10-2020, 5:03:45 PM
best(best) used a hand_grenade 8-10-2020, 5:03:45 PM
best(best) used a hand_grenade 8-10-2020, 5:03:45 PM
best(best) used a hand_grenade 8-10-2020, 5:03:46 PM
best(best) used a hand_grenade 8-10-2020, 5:03:46 PM
best(best) used a hand_grenade 8-10-2020, 5:03:46 PM
best(best) used a hand_grenade 8-10-2020, 5:03:46 PM
best(best) used a hand_grenade 8-10-2020, 5:03:46 PM
best(best) used a hand_grenade 8-10-2020, 5:03:46 PM
best(best) used a hand_grenade 8-10-2020, 5:03:47 PM
best(best) used a hand_grenade 8-10-2020, 5:03:47 PM
best(best) used a hand_grenade 8-10-2020, 5:03:47 PM
best(best) used a hand_grenade 8-10-2020, 5:03:47 PM
best(best) used a hand_grenade 8-10-2020, 5:03:47 PM
best(best) used a hand_grenade 8-10-2020, 5:03:48 PM
best(best) used a hand_grenade 8-10-2020, 5:03:48 PM
best(best) used a hand_grenade 8-10-2020, 5:03:48 PM
best(best) used a hand_grenade 8-10-2020, 5:03:48 PM
best(best) used a hand_grenade 8-10-2020, 5:03:53 PM
best(best) used a hand_grenade 8-10-2020, 5:03:53 PM
best(best) used a hand_grenade 8-10-2020, 5:03:53 PM
best(best) used a hand_grenade 8-10-2020, 5:03:53 PM
best(best) used a hand_grenade 8-10-2020, 5:03:57 PM
best(best) used a hand_grenade 8-10-2020, 5:03:57 PM
best(best) used a hand_grenade 8-10-2020, 5:03:58 PM
best(best) used a hand_grenade 8-10-2020, 5:03:58 PM
best(best) used a hand_grenade 8-10-2020, 5:03:58 PM
best(best) used a hand_grenade 8-10-2020, 5:03:58 PM
best(best) used a hand_grenade 8-10-2020, 5:03:58 PM
best(best) used a hand_grenade 8-10-2020, 5:04:02 PM
best(best) used a hand_grenade 8-10-2020, 5:04:02 PM
best(best) used a hand_grenade 8-10-2020, 5:04:03 PM
best(best) used a hand_grenade 8-10-2020, 5:04:06 PM
best(best) used a hand_grenade 8-10-2020, 5:04:06 PM
best(best) used a hand_grenade 8-10-2020, 5:04:07 PM
best(best) used a hand_grenade 8-10-2020, 5:04:07 PM
best(best) used a hand_grenade 8-10-2020, 5:04:07 PM
best(best) used a hand_grenade 8-10-2020, 5:04:07 PM
best(best) used a hand_grenade 8-10-2020, 5:04:07 PM
best(best) used a hand_grenade 8-10-2020, 5:04:08 PM
best(best) used a hand_grenade 8-10-2020, 5:04:08 PM
best(best) used a hand_grenade 8-10-2020, 5:04:08 PM
best(best) used a hand_grenade 8-10-2020, 5:04:08 PM
best(best) used a hand_grenade 8-10-2020, 5:04:08 PM
best(best) used a hand_grenade 8-10-2020, 5:04:08 PM
best(best) used a hand_grenade 8-10-2020, 5:04:09 PM
best(best) used a hand_grenade 8-10-2020, 5:04:12 PM
best(best) used a hand_grenade 8-10-2020, 5:04:12 PM
best(best) used a hand_grenade 8-10-2020, 5:04:13 PM
best(best) used a hand_grenade 8-10-2020, 5:04:13 PM
best(best) used a hand_grenade 8-10-2020, 5:04:13 PM
best(best) used a hand_grenade 8-10-2020, 5:04:13 PM
best(best) used a hand_grenade 8-10-2020, 5:04:13 PM
best(best) used a hand_grenade 8-10-2020, 5:04:17 PM
best(best) used a hand_grenade 8-10-2020, 5:04:17 PM
best(best) used a hand_grenade 8-10-2020, 5:04:17 PM
best(best) used a hand_grenade 8-10-2020, 5:04:18 PM
best(best) used a hand_grenade 8-10-2020, 5:04:18 PM
best(best) used a hand_grenade 8-10-2020, 5:04:18 PM
best(best) used a hand_grenade 8-10-2020, 5:04:18 PM
best(best) used a hand_grenade 8-10-2020, 5:04:19 PM
best(best) used a hand_grenade 8-10-2020, 5:04:19 PM
best(best) used a hand_grenade 8-10-2020, 5:04:23 PM
best(best) used a hand_grenade 8-10-2020, 5:04:23 PM
best(best) used a hand_grenade 8-10-2020, 5:04:23 PM
best(best) used a hand_grenade 8-10-2020, 5:04:23 PM
best(best) used a hand_grenade 8-10-2020, 5:04:23 PM
best(best) used a hand_grenade 8-10-2020, 5:04:24 PM
best(best) used a hand_grenade 8-10-2020, 5:04:24 PM
best(best) used a hand_grenade 8-10-2020, 5:04:24 PM
best(best) used a hand_grenade 8-10-2020, 5:04:24 PM
best(best) used a hand_grenade 8-10-2020, 5:04:24 PM
best(best) used a hand_grenade 8-10-2020, 5:04:25 PM
best(best) used a hand_grenade 8-10-2020, 5:04:25 PM
best(best) used a hand_grenade 8-10-2020, 5:04:25 PM
best(best) used a hand_grenade 8-10-2020, 5:04:25 PM
best(best) used a hand_grenade 8-10-2020, 5:04:34 PM
best(best) used a hand_grenade 8-10-2020, 5:04:34 PM
best(best) used a hand_grenade 8-10-2020, 5:04:34 PM
best(best) used a hand_grenade 8-10-2020, 5:04:35 PM
best(best) used a hand_grenade 8-10-2020, 5:04:35 PM
best(best) used a hand_grenade 8-10-2020, 5:04:35 PM
best(best) used a hand_grenade 8-10-2020, 5:04:35 PM
best(best) used a hand_grenade 8-10-2020, 5:04:35 PM
best(best) used a hand_grenade 8-10-2020, 5:04:35 PM
best(best) used a hand_grenade 8-10-2020, 5:04:35 PM
best(best) used a hand_grenade 8-10-2020, 5:04:36 PM
best(best) used a hand_grenade 8-10-2020, 5:04:36 PM
best(best) used a hand_grenade 8-10-2020, 5:04:36 PM
best(best) used a hand_grenade 8-10-2020, 5:04:37 PM
best(best) used a hand_grenade 8-10-2020, 5:04:37 PM
best(best) used a hand_grenade 8-10-2020, 5:04:37 PM
best(best) used a hand_grenade 8-10-2020, 5:04:37 PM
best(best) used a hand_grenade 8-10-2020, 5:04:37 PM
best(best) used a hand_grenade 8-10-2020, 5:04:38 PM
best(best) used a hand_grenade 8-10-2020, 5:04:38 PM
best(best) used a hand_grenade 8-10-2020, 5:04:38 PM
best(best) used a hand_grenade 8-10-2020, 5:04:38 PM
best(best) used a hand_grenade 8-10-2020, 5:04:38 PM
best(best) used a hand_grenade 8-10-2020, 5:04:39 PM
best(best) used a hand_grenade 8-10-2020, 5:04:39 PM
best(best) used a hand_grenade 8-10-2020, 5:04:39 PM
best(best) used a hand_grenade 8-10-2020, 5:04:39 PM
best(best) used a hand_grenade 8-10-2020, 5:04:39 PM
best(best) used a hand_grenade 8-10-2020, 5:04:40 PM
best(best) used a hand_grenade 8-10-2020, 5:04:40 PM
best(best) used a hand_grenade 8-10-2020, 5:04:40 PM
best(best) used a hand_grenade 8-10-2020, 5:04:40 PM
best(best) used a hand_grenade 8-10-2020, 5:04:40 PM
best(best) used a hand_grenade 8-10-2020, 5:04:40 PM
best(best) used a hand_grenade 8-10-2020, 5:04:41 PM
best(best) used a hand_grenade 8-10-2020, 5:04:41 PM
best(best) used a hand_grenade 8-10-2020, 5:04:41 PM
best(best) used a hand_grenade 8-10-2020, 5:04:41 PM
best(best) used a hand_grenade 8-10-2020, 5:04:42 PM
best(best) used a hand_grenade 8-10-2020, 5:04:42 PM
best(best) used a hand_grenade 8-10-2020, 5:04:42 PM
best(best) used a hand_grenade 8-10-2020, 5:04:42 PM
best(best) used a hand_grenade 8-10-2020, 5:04:42 PM
best(best) used a hand_grenade 8-10-2020, 5:04:42 PM
best(best) used a hand_grenade 8-10-2020, 5:04:43 PM
best(best) used a hand_grenade 8-10-2020, 5:04:43 PM
best(best) used a hand_grenade 8-10-2020, 5:04:43 PM
best(best) used a hand_grenade 8-10-2020, 5:04:43 PM
best(best) used a hand_grenade 8-10-2020, 5:04:43 PM
best(best) used a hand_grenade 8-10-2020, 5:04:44 PM
best(best) used a hand_grenade 8-10-2020, 5:04:44 PM
best(best) used a hand_grenade 8-10-2020, 5:04:44 PM
best(best) used a hand_grenade 8-10-2020, 5:04:44 PM
best(best) used a hand_grenade 8-10-2020, 5:04:44 PM
best(best) used a hand_grenade 8-10-2020, 5:04:44 PM
best(best) used a hand_grenade 8-10-2020, 5:04:45 PM
best(best) used a hand_grenade 8-10-2020, 5:04:45 PM
best(best) used a hand_grenade 8-10-2020, 5:04:45 PM
best(best) used a hand_grenade 8-10-2020, 5:04:45 PM
best(best) used a hand_grenade 8-10-2020, 5:04:46 PM
best(best) used a hand_grenade 8-10-2020, 5:04:46 PM
best(best) used a hand_grenade 8-10-2020, 5:04:46 PM
best(best) used a hand_grenade 8-10-2020, 5:04:46 PM
best(best) used a hand_grenade 8-10-2020, 5:04:50 PM
best(best) used a hand_grenade 8-10-2020, 5:04:50 PM
best(best) used a hand_grenade 8-10-2020, 5:04:50 PM
best(best) used a hand_grenade 8-10-2020, 5:04:50 PM
best(best) used a hand_grenade 8-10-2020, 5:04:50 PM
best(best) used a hand_grenade 8-10-2020, 5:04:51 PM
best(best) used a hand_grenade 8-10-2020, 5:04:51 PM
best(best) used a hand_grenade 8-10-2020, 5:04:51 PM
best(best) used a hand_grenade 8-10-2020, 5:04:51 PM
best(best) used a hand_grenade 8-10-2020, 5:04:52 PM
best(best) used a hand_grenade 8-10-2020, 5:04:52 PM
best(best) used a hand_grenade 8-10-2020, 5:04:52 PM
best(best) used a hand_grenade 8-10-2020, 5:04:52 PM
best(best) used a hand_grenade 8-10-2020, 5:04:52 PM
best(best) used a hand_grenade 8-10-2020, 5:04:52 PM
best(best) used a hand_grenade 8-10-2020, 5:04:53 PM
best(best) used a hand_grenade 8-10-2020, 5:04:53 PM
best(best) used a hand_grenade 8-10-2020, 5:04:53 PM
best(best) used a hand_grenade 8-10-2020, 5:04:53 PM
best(best) used a hand_grenade 8-10-2020, 5:04:53 PM
best(best) used a hand_grenade 8-10-2020, 5:04:53 PM
best(best) used a hand_grenade 8-10-2020, 5:04:54 PM
best(best) used a hand_grenade 8-10-2020, 5:04:54 PM
best(best) used a hand_grenade 8-10-2020, 5:04:54 PM
best(best) used a hand_grenade 8-10-2020, 5:04:54 PM
best(best) used a hand_grenade 8-10-2020, 5:04:54 PM
best(best) used a hand_grenade 8-10-2020, 5:04:55 PM
best(best) used a hand_grenade 8-10-2020, 5:04:55 PM
best(best) used a hand_grenade 8-10-2020, 5:04:55 PM
best(best) used a hand_grenade 8-10-2020, 5:04:55 PM
best(best) used a hand_grenade 8-10-2020, 5:04:55 PM
best(best) used a hand_grenade 8-10-2020, 5:04:56 PM
best(best) used a hand_grenade 8-10-2020, 5:04:56 PM
best(best) used a hand_grenade 8-10-2020, 5:04:56 PM
best(best) used a hand_grenade 8-10-2020, 5:04:56 PM
best(best) used a hand_grenade 8-10-2020, 5:04:56 PM
best(best) used a hand_grenade 8-10-2020, 5:04:56 PM
best(best) used a hand_grenade 8-10-2020, 5:04:57 PM
best(best) used a hand_grenade 8-10-2020, 5:04:57 PM
best(best) used a hand_grenade 8-10-2020, 5:04:58 PM
best(best) used a hand_grenade 8-10-2020, 5:04:58 PM
best(best) used a hand_grenade 8-10-2020, 5:04:58 PM
best(best) used a hand_grenade 8-10-2020, 5:04:58 PM
best(best) used a hand_grenade 8-10-2020, 5:04:58 PM
best(best) used a hand_grenade 8-10-2020, 5:04:59 PM
best(best) used a hand_grenade 8-10-2020, 5:04:59 PM
best(best) used a hand_grenade 8-10-2020, 5:04:59 PM
best(best) used a hand_grenade 8-10-2020, 5:04:59 PM
best(best) used a hand_grenade 8-10-2020, 5:04:59 PM
best(best) used a hand_grenade 8-10-2020, 5:04:59 PM
best(best) used a hand_grenade 8-10-2020, 5:05:01 PM
best(best) used a hand_grenade 8-10-2020, 5:05:01 PM
best(best) used a hand_grenade 8-10-2020, 5:05:01 PM
best(best) used a hand_grenade 8-10-2020, 5:05:01 PM
best(best) used a hand_grenade 8-10-2020, 5:05:01 PM
best(best) used a hand_grenade 8-10-2020, 5:05:02 PM
best(best) used a hand_grenade 8-10-2020, 5:05:02 PM
best(best) used a hand_grenade 8-10-2020, 5:05:02 PM
best(best) used a hand_grenade 8-10-2020, 5:05:02 PM
best(best) used a hand_grenade 8-10-2020, 5:05:02 PM
best(best) used a hand_grenade 8-10-2020, 5:05:03 PM
best(best) used a hand_grenade 8-10-2020, 5:05:03 PM
best(best) used a hand_grenade 8-10-2020, 5:05:03 PM
best(best) used a hand_grenade 8-10-2020, 5:05:03 PM
best(best) used a hand_grenade 8-10-2020, 5:05:03 PM
best(best) used a hand_grenade 8-10-2020, 5:05:04 PM
best(best) used a hand_grenade 8-10-2020, 5:05:04 PM
best(best) used a hand_grenade 8-10-2020, 5:05:04 PM
best(best) used a hand_grenade 8-10-2020, 5:05:04 PM
best(best) used a hand_grenade 8-10-2020, 5:05:04 PM
best(best) used a hand_grenade 8-10-2020, 5:05:05 PM
best(best) used a hand_grenade 8-10-2020, 5:05:05 PM
best(best) used a hand_grenade 8-10-2020, 5:05:05 PM
best(best) used a hand_grenade 8-10-2020, 5:05:05 PM
best(best) used a hand_grenade 8-10-2020, 5:05:05 PM
best(best) used a hand_grenade 8-10-2020, 5:05:06 PM
best(best) used a hand_grenade 8-10-2020, 5:05:06 PM
best(best) used a hand_grenade 8-10-2020, 5:05:06 PM
best(best) used a hand_grenade 8-10-2020, 5:05:06 PM
best(best) used a hand_grenade 8-10-2020, 5:05:07 PM
best(best) used a hand_grenade 8-10-2020, 5:05:07 PM
best(best) used a hand_grenade 8-10-2020, 5:05:07 PM
best(best) used a hand_grenade 8-10-2020, 5:05:07 PM
best(best) used a hand_grenade 8-10-2020, 5:05:07 PM
best(best) used a hand_grenade 8-10-2020, 5:05:08 PM
best(best) used a hand_grenade 8-10-2020, 5:05:08 PM
best(best) used a hand_grenade 8-10-2020, 5:05:08 PM
best(best) used a hand_grenade 8-10-2020, 5:05:08 PM
best(best) used a hand_grenade 8-10-2020, 5:05:08 PM
best(best) used a hand_grenade 8-10-2020, 5:05:08 PM
best(best) used a hand_grenade 8-10-2020, 5:05:09 PM
best(best) used a hand_grenade 8-10-2020, 5:05:09 PM
best(best) used a hand_grenade 8-10-2020, 5:05:09 PM
best(best) used a hand_grenade 8-10-2020, 5:05:09 PM
best(best) used a hand_grenade 8-10-2020, 5:05:10 PM
best(best) used a hand_grenade 8-10-2020, 5:05:10 PM
best(best) used a hand_grenade 8-10-2020, 5:05:10 PM
best(best) used a hand_grenade 8-10-2020, 5:05:10 PM
best(best) used a hand_grenade 8-10-2020, 5:05:10 PM
best(best) used a hand_grenade 8-10-2020, 5:05:11 PM
best(best) used a hand_grenade 8-10-2020, 5:05:11 PM
best(best) used a hand_grenade 8-10-2020, 5:05:11 PM
best(best) used a hand_grenade 8-10-2020, 5:05:12 PM
best(best) used a hand_grenade 8-10-2020, 5:05:12 PM
best(best) used a hand_grenade 8-10-2020, 5:05:12 PM
best(best) used a hand_grenade 8-10-2020, 5:05:12 PM
best(best) used a hand_grenade 8-10-2020, 5:05:13 PM
best(best) used a hand_grenade 8-10-2020, 5:05:17 PM
best(best) used a hand_grenade 8-10-2020, 5:05:17 PM
best(best) used a hand_grenade 8-10-2020, 5:05:17 PM
best(best) used a hand_grenade 8-10-2020, 5:05:17 PM
best(best) used a hand_grenade 8-10-2020, 5:05:18 PM
best(best) used a hand_grenade 8-10-2020, 5:05:18 PM
best(best) used a hand_grenade 8-10-2020, 5:05:18 PM
best(best) used a hand_grenade 8-10-2020, 5:05:18 PM
best(best) used a hand_grenade 8-10-2020, 5:05:18 PM
best(best) used a hand_grenade 8-10-2020, 5:05:19 PM
best(best) used a hand_grenade 8-10-2020, 5:05:19 PM
best(best) used a hand_grenade 8-10-2020, 5:05:19 PM
best(best) used a hand_grenade 8-10-2020, 5:05:23 PM
best(best) used a hand_grenade 8-10-2020, 5:05:24 PM
best(best) used a hand_grenade 8-10-2020, 5:05:24 PM
best(best) used a hand_grenade 8-10-2020, 5:05:24 PM
best(best) used a hand_grenade 8-10-2020, 5:05:24 PM
best(best) used a hand_grenade 8-10-2020, 5:05:25 PM
best(best) used a hand_grenade 8-10-2020, 5:05:25 PM
best(best) used a hand_grenade 8-10-2020, 5:05:26 PM
best(best) used a hand_grenade 8-10-2020, 5:05:26 PM
best(best) used a hand_grenade 8-10-2020, 5:05:26 PM
best(best) used a hand_grenade 8-10-2020, 5:05:26 PM
best(best) used a hand_grenade 8-10-2020, 5:05:26 PM
best(best) used a hand_grenade 8-10-2020, 5:05:27 PM
best(best) used a hand_grenade 8-10-2020, 5:05:27 PM
best(best) used a hand_grenade 8-10-2020, 5:05:27 PM
best(best) used a hand_grenade 8-10-2020, 5:05:27 PM
best(best) used a hand_grenade 8-10-2020, 5:05:27 PM
best(best) used a hand_grenade 8-10-2020, 5:05:28 PM
best(best) used a hand_grenade 8-10-2020, 5:05:28 PM
best(best) used a hand_grenade 8-10-2020, 5:05:28 PM
best(best) used a hand_grenade 8-10-2020, 5:05:28 PM
best(best) used a hand_grenade 8-10-2020, 5:05:29 PM
best(best) used a hand_grenade 8-10-2020, 5:05:30 PM
best(best) used a hand_grenade 8-10-2020, 5:05:30 PM
best(best) used a hand_grenade 8-10-2020, 5:05:30 PM
best(best) used a hand_grenade 8-10-2020, 5:05:30 PM
best(best) used a hand_grenade 8-10-2020, 5:05:31 PM
best(best) used a hand_grenade 8-10-2020, 5:05:31 PM
best(best) used a hand_grenade 8-10-2020, 5:05:32 PM
best(best) used a hand_grenade 8-10-2020, 5:05:32 PM
best(best) used a hand_grenade 8-10-2020, 5:05:32 PM
best(best) used a hand_grenade 8-10-2020, 5:05:33 PM
best(best) used a hand_grenade 8-10-2020, 5:05:37 PM
best(best) used a hand_grenade 8-10-2020, 5:05:37 PM
best(best) used a hand_grenade 8-10-2020, 5:05:37 PM
best(best) used a hand_grenade 8-10-2020, 5:05:37 PM
best(best) used a hand_grenade 8-10-2020, 5:05:38 PM
best(best) used a hand_grenade 8-10-2020, 5:05:38 PM
best(best) used a hand_grenade 8-10-2020, 5:05:38 PM
best(best) used a hand_grenade 8-10-2020, 5:05:38 PM
best(best) used a hand_grenade 8-10-2020, 5:05:38 PM
best(best) used a hand_grenade 8-10-2020, 5:05:39 PM
best(best) used a hand_grenade 8-10-2020, 5:05:39 PM
best(best) used a hand_grenade 8-10-2020, 5:05:39 PM
best(best) used a hand_grenade 8-10-2020, 5:05:39 PM
best(best) used a hand_grenade 8-10-2020, 5:05:39 PM
best(best) used a hand_grenade 8-10-2020, 5:05:40 PM
best(best) used a hand_grenade 8-10-2020, 5:05:40 PM
best(best) used a hand_grenade 8-10-2020, 5:05:40 PM
best(best) used a hand_grenade 8-10-2020, 5:05:40 PM
best(best) used a hand_grenade 8-10-2020, 5:05:40 PM
best(best) used a hand_grenade 8-10-2020, 5:05:41 PM
best(best) used a hand_grenade 8-10-2020, 5:05:41 PM
best(best) used a hand_grenade 8-10-2020, 5:05:41 PM
best(best) used a hand_grenade 8-10-2020, 5:05:41 PM
best(best) used a hand_grenade 8-10-2020, 5:05:41 PM
best(best) used a hand_grenade 8-10-2020, 5:05:42 PM
best(best) used a hand_grenade 8-10-2020, 5:05:45 PM
best(best) used a hand_grenade 8-10-2020, 5:05:45 PM
best(best) used a hand_grenade 8-10-2020, 5:05:46 PM
best(best) used a hand_grenade 8-10-2020, 5:05:46 PM
best(best) used a hand_grenade 8-10-2020, 5:05:46 PM
best(best) used a hand_grenade 8-10-2020, 5:05:46 PM
best(best) used a hand_grenade 8-10-2020, 5:05:46 PM
best(best) used a hand_grenade 8-10-2020, 5:05:46 PM
best(best) used a hand_grenade 8-10-2020, 5:05:47 PM
best(best) used a hand_grenade 8-10-2020, 5:05:55 PM
best(best) used a hand_grenade 8-10-2020, 5:05:55 PM
best(best) used a hand_grenade 8-10-2020, 5:05:55 PM
best(best) used a hand_grenade 8-10-2020, 5:05:55 PM
best(best) used a hand_grenade 8-10-2020, 5:05:55 PM
best(best) used a hand_grenade 8-10-2020, 5:05:56 PM
best(best) used a hand_grenade 8-10-2020, 5:05:56 PM
best(best) used a hand_grenade 8-10-2020, 5:05:56 PM
best(best) used a hand_grenade 8-10-2020, 5:05:56 PM
best(best) used a hand_grenade 8-10-2020, 5:05:56 PM
best(best) used a hand_grenade 8-10-2020, 5:05:57 PM
best(best) used a hand_grenade 8-10-2020, 5:05:57 PM
best(best) used a hand_grenade 8-10-2020, 5:05:57 PM
best(best) used a hand_grenade 8-10-2020, 5:05:57 PM
best(best) used a hand_grenade 8-10-2020, 5:05:57 PM
best(best) used a hand_grenade 8-10-2020, 5:05:58 PM
best(best) used a hand_grenade 8-10-2020, 5:05:58 PM
best(best) used a hand_grenade 8-10-2020, 5:05:58 PM
best(best) used a hand_grenade 8-10-2020, 5:05:58 PM
best(best) used a hand_grenade 8-10-2020, 5:05:59 PM
best(best) used a hand_grenade 8-10-2020, 5:05:59 PM
best(best) used a hand_grenade 8-10-2020, 5:05:59 PM
best(best) used a hand_grenade 8-10-2020, 5:06:00 PM
best(best) used a hand_grenade 8-10-2020, 5:06:00 PM
best(best) used a hand_grenade 8-10-2020, 5:06:00 PM
best(best) used a hand_grenade 8-10-2020, 5:06:00 PM
best(best) used a hand_grenade 8-10-2020, 5:06:00 PM
best(best) used a hand_grenade 8-10-2020, 5:06:01 PM
best(best) used a hand_grenade 8-10-2020, 5:06:01 PM
best(best) used a hand_grenade 8-10-2020, 5:06:01 PM
best(best) used a hand_grenade 8-10-2020, 5:06:01 PM
best(best) used a hand_grenade 8-10-2020, 5:06:01 PM
best(best) used a hand_grenade 8-10-2020, 5:06:02 PM
best(best) used a hand_grenade 8-10-2020, 5:06:02 PM
best(best) used a hand_grenade 8-10-2020, 5:06:03 PM
best(best) used a hand_grenade 8-10-2020, 5:06:07 PM
best(best) used a hand_grenade 8-10-2020, 5:06:07 PM
best(best) used a hand_grenade 8-10-2020, 5:06:07 PM
best(best) used a hand_grenade 8-10-2020, 5:06:07 PM
best(best) used a hand_grenade 8-10-2020, 5:06:07 PM
best(best) used a hand_grenade 8-10-2020, 5:06:07 PM
best(best) used a hand_grenade 8-10-2020, 5:06:08 PM
best(best) used a hand_grenade 8-10-2020, 5:06:11 PM
best(best) used a hand_grenade 8-10-2020, 5:06:11 PM
best(best) used a hand_grenade 8-10-2020, 5:06:12 PM
best(best) used a hand_grenade 8-10-2020, 5:06:12 PM
best(best) used a hand_grenade 8-10-2020, 5:06:12 PM
best(best) used a hand_grenade 8-10-2020, 5:06:12 PM
best(best) used a hand_grenade 8-10-2020, 5:06:13 PM
best(best) used a hand_grenade 8-10-2020, 5:06:13 PM
best(best) used a hand_grenade 8-10-2020, 5:06:13 PM
best(best) used a hand_grenade 8-10-2020, 5:06:13 PM
best(best) used a hand_grenade 8-10-2020, 5:06:14 PM
best(best) used a hand_grenade 8-10-2020, 5:06:14 PM
best(best) used a hand_grenade 8-10-2020, 5:06:14 PM
best(best) used a hand_grenade 8-10-2020, 5:06:17 PM
best(best) used a hand_grenade 8-10-2020, 5:06:17 PM
best(best) used a hand_grenade 8-10-2020, 5:06:17 PM
best(best) used a hand_grenade 8-10-2020, 5:06:17 PM
best(best) used a hand_grenade 8-10-2020, 5:06:18 PM
best(best) used a hand_grenade 8-10-2020, 5:06:18 PM
best(best) used a hand_grenade 8-10-2020, 5:06:19 PM
best(best) used a hand_grenade 8-10-2020, 5:06:19 PM
best(best) used a hand_grenade 8-10-2020, 5:06:19 PM
best(best) used a hand_grenade 8-10-2020, 5:06:19 PM
best(best) used a hand_grenade 8-10-2020, 5:06:20 PM
best(best) used a hand_grenade 8-10-2020, 5:06:20 PM
best(best) used a hand_grenade 8-10-2020, 5:06:21 PM
best(best) used a hand_grenade 8-10-2020, 5:06:21 PM
best(best) used a hand_grenade 8-10-2020, 5:06:21 PM
best(best) used a hand_grenade 8-10-2020, 5:06:22 PM
best(best) used a hand_grenade 8-10-2020, 5:06:25 PM
best(best) used a hand_grenade 8-10-2020, 5:06:25 PM
best(best) used a hand_grenade 8-10-2020, 5:06:26 PM
best(best) used a hand_grenade 8-10-2020, 5:06:26 PM
best(best) used a hand_grenade 8-10-2020, 5:06:26 PM
best(best) used a hand_grenade 8-10-2020, 5:06:26 PM
best(best) used a hand_grenade 8-10-2020, 5:06:26 PM
best(best) used a hand_grenade 8-10-2020, 5:06:26 PM
best(best) used a hand_grenade 8-10-2020, 5:06:27 PM
best(best) used a hand_grenade 8-10-2020, 5:06:27 PM
best(best) used a hand_grenade 8-10-2020, 5:06:27 PM
best(best) used a hand_grenade 8-10-2020, 5:06:27 PM
best(best) used a hand_grenade 8-10-2020, 5:06:27 PM
best(best) used a hand_grenade 8-10-2020, 5:06:30 PM
best(best) used a hand_grenade 8-10-2020, 5:06:30 PM
best(best) used a hand_grenade 8-10-2020, 5:06:30 PM
best(best) used a hand_grenade 8-10-2020, 5:06:31 PM
best(best) used a hand_grenade 8-10-2020, 5:06:35 PM
best(best) used a tk_ultra_health_potion 8-10-2020, 5:08:03 PM
best(best) used a tk_ultra_health_potion 8-10-2020, 5:08:03 PM
best(best) used a hand_grenade 8-10-2020, 5:08:06 PM
best(best) used a hand_grenade 8-10-2020, 5:08:06 PM
best(best) used a shield 8-10-2020, 5:08:19 PM
best(best) used a shield 8-10-2020, 5:08:19 PM
best(best) used a shield 8-10-2020, 5:08:19 PM
best(best) used a shield 8-10-2020, 5:08:19 PM
best(best) used a shield 8-10-2020, 5:08:20 PM
best(best) used a shield 8-10-2020, 5:08:20 PM
best(best) used a shield 8-10-2020, 5:08:20 PM
best(best) used a shield 8-10-2020, 5:08:20 PM
best(best) used a shield 8-10-2020, 5:08:20 PM
best(best) used a shield 8-10-2020, 5:08:20 PM
best(best) used a shield 8-10-2020, 5:08:20 PM
best(best) used a shield 8-10-2020, 5:08:21 PM
best(best) used a shield 8-10-2020, 5:08:21 PM
best(best) used a shield 8-10-2020, 5:08:21 PM
best(best) used a shield 8-10-2020, 5:08:21 PM
best(best) used a shield 8-10-2020, 5:08:21 PM
best(best) used a shield 8-10-2020, 5:08:21 PM
best(best) used a shield 8-10-2020, 5:08:22 PM
best(best) used a shield 8-10-2020, 5:08:22 PM
best(best) used a shield 8-10-2020, 5:08:22 PM
best(best) used a shield 8-10-2020, 5:08:22 PM
best(best) used a shield 8-10-2020, 5:08:22 PM
best(best) used a shield 8-10-2020, 5:08:22 PM
best(best) used a shield 8-10-2020, 5:08:23 PM
best(best) used a shield 8-10-2020, 5:08:23 PM
best(best) used a shield 8-10-2020, 5:08:23 PM
best(best) used a shield 8-10-2020, 5:08:23 PM
best(best) used a shield 8-10-2020, 5:08:24 PM
best(best) used a missile_interceptor 8-10-2020, 5:08:59 PM
best(best) used a missile_interceptor 8-10-2020, 5:09:00 PM
best(best) used a missile_interceptor 8-10-2020, 5:09:01 PM
best(best) used a missile_interceptor 8-10-2020, 5:09:02 PM
best(best) used a missile_interceptor 8-10-2020, 5:09:03 PM
best(best) used a hand_grenade 8-10-2020, 5:09:09 PM
best(best) used a hand_grenade 8-10-2020, 5:09:09 PM
best(best) used a hand_grenade 8-10-2020, 5:09:09 PM
best(best) used a hand_grenade 8-10-2020, 5:10:34 PM
best(best) used a missile_interceptor 8-10-2020, 5:11:24 PM