
pyspil(pyspil) used a shield 1-24-2021, 8:27:41 AM
pyspil(pyspil) used a shield 1-24-2021, 8:27:41 AM
pyspil(pyspil) used a shield 1-24-2021, 8:27:41 AM
pyspil(pyspil) used a shield 1-24-2021, 8:27:42 AM
pyspil(pyspil) used a shield 1-24-2021, 8:27:42 AM
pyspil(pyspil) used a shield 1-24-2021, 8:27:42 AM
pyspil(pyspil) used a shield 1-24-2021, 8:27:42 AM
pyspil(pyspil) used a shield 1-24-2021, 8:27:42 AM
pyspil(pyspil) used a shield 1-24-2021, 8:27:43 AM
pyspil(pyspil) used a shield 1-24-2021, 8:27:43 AM
pyspil(pyspil) used a shield 1-24-2021, 8:27:43 AM
pyspil(pyspil) used a shield 1-24-2021, 8:27:43 AM
pyspil(pyspil) used a shield 1-24-2021, 8:27:43 AM
pyspil(pyspil) used a shield 1-24-2021, 8:27:44 AM
pyspil(pyspil) used a shield 1-24-2021, 8:27:44 AM
pyspil(pyspil) used a shield 1-24-2021, 8:27:44 AM
pyspil(pyspil) used a shield 1-24-2021, 8:27:44 AM
pyspil(pyspil) used a shield 1-24-2021, 8:27:46 AM
pyspil(pyspil) used a shield 1-24-2021, 8:27:46 AM
pyspil(pyspil) used a shield 1-24-2021, 8:27:46 AM
pyspil(pyspil) used a shield 1-24-2021, 8:27:47 AM
pyspil(pyspil) used a shield 1-24-2021, 8:27:47 AM
pyspil(pyspil) used a shield 1-24-2021, 8:27:47 AM
pyspil(pyspil) used a shield 1-24-2021, 8:27:48 AM
pyspil(pyspil) used a shield 1-24-2021, 8:27:48 AM
pyspil(pyspil) used a the_legendary_sword 1-24-2021, 8:28:06 AM
pyspil(pyspil) used a tk_ultra_health_potion 1-24-2021, 8:28:12 AM
pyspil(pyspil) used a tk_ultra_health_potion 1-24-2021, 8:28:12 AM
pyspil(pyspil) used a milk 1-24-2021, 8:31:00 AM
pyspil(pyspil) used a dead_leopard 1-24-2021, 8:31:32 AM
pyspil(pyspil) used a dead_leopard 1-24-2021, 8:31:33 AM
pyspil(pyspil) used a dead_leopard 1-24-2021, 8:31:34 AM
pyspil(pyspil) used a dead_leopard 1-24-2021, 8:31:34 AM
pyspil(pyspil) used a dead_leopard 1-24-2021, 8:31:34 AM
pyspil(pyspil) used a dead_leopard 1-24-2021, 8:31:34 AM
pyspil(pyspil) used a dead_leopard 1-24-2021, 8:31:34 AM
pyspil(pyspil) used a dead_leopard 1-24-2021, 8:31:35 AM
pyspil(pyspil) used a dead_leopard 1-24-2021, 8:31:45 AM
pyspil(pyspil) used a dead_leopard 1-24-2021, 8:31:45 AM
pyspil(pyspil) used a dead_leopard 1-24-2021, 8:31:45 AM
pyspil(pyspil) used a dead_leopard 1-24-2021, 8:31:46 AM
pyspil(pyspil) used a dead_leopard 1-24-2021, 8:31:46 AM
pyspil(pyspil) used a dead_leopard 1-24-2021, 8:31:46 AM
pyspil(pyspil) used a dead_leopard 1-24-2021, 8:31:46 AM
pyspil(pyspil) used a dead_leopard 1-24-2021, 8:31:47 AM
pyspil(pyspil) used a dead_leopard 1-24-2021, 8:31:47 AM
pyspil(pyspil) used a dead_leopard 1-24-2021, 8:31:47 AM
pyspil(pyspil) used a dead_leopard 1-24-2021, 8:31:48 AM
pyspil(pyspil) used a dead_leopard 1-24-2021, 8:31:48 AM
pyspil(pyspil) used a dead_leopard 1-24-2021, 8:31:51 AM
pyspil(pyspil) used a dead_leopard 1-24-2021, 8:31:51 AM
pyspil(pyspil) used a dead_leopard 1-24-2021, 8:31:52 AM
pyspil(pyspil) used a dead_leopard 1-24-2021, 8:31:52 AM
pyspil(pyspil) used a dead_leopard 1-24-2021, 8:31:52 AM
pyspil(pyspil) used a dead_leopard 1-24-2021, 8:31:52 AM
pyspil(pyspil) used a dead_leopard 1-24-2021, 8:31:52 AM
pyspil(pyspil) used a dead_leopard 1-24-2021, 8:31:53 AM
pyspil(pyspil) used a dead_leopard 1-24-2021, 8:31:53 AM
pyspil(pyspil) used a dead_leopard 1-24-2021, 8:31:53 AM
pyspil(pyspil) used a dead_leopard 1-24-2021, 8:31:54 AM
pyspil(pyspil) used a dead_leopard 1-24-2021, 8:31:54 AM
pyspil(pyspil) used a dead_leopard 1-24-2021, 8:31:54 AM
pyspil(pyspil) used a dead_leopard 1-24-2021, 8:31:55 AM
pyspil(pyspil) used a dead_leopard 1-24-2021, 8:31:55 AM
pyspil(pyspil) used a dead_leopard 1-24-2021, 8:31:55 AM
pyspil(pyspil) used a dead_leopard 1-24-2021, 8:31:55 AM
pyspil(pyspil) used a dead_leopard 1-24-2021, 8:31:56 AM
pyspil(pyspil) used a dead_leopard 1-24-2021, 8:31:56 AM
pyspil(pyspil) used a dead_leopard 1-24-2021, 8:31:56 AM
pyspil(pyspil) used a dead_leopard 1-24-2021, 8:31:57 AM
pyspil(pyspil) used a dead_leopard 1-24-2021, 8:31:58 AM
pyspil(pyspil) used a dead_leopard 1-24-2021, 8:31:59 AM
pyspil(pyspil) used a dead_leopard 1-24-2021, 8:32:00 AM
pyspil(pyspil) used a dead_leopard 1-24-2021, 8:32:00 AM
pyspil(pyspil) used a dead_leopard 1-24-2021, 8:32:01 AM
pyspil(pyspil) used a dead_leopard 1-24-2021, 8:32:01 AM
pyspil(pyspil) used a dead_leopard 1-24-2021, 8:32:02 AM
pyspil(pyspil) used a dead_leopard 1-24-2021, 8:32:03 AM
pyspil(pyspil) used a dead_leopard 1-24-2021, 8:32:03 AM
pyspil(pyspil) used a dead_leopard 1-24-2021, 8:32:09 AM
pyspil(pyspil) used a dead_leopard 1-24-2021, 8:32:09 AM
pyspil(pyspil) used a dead_leopard 1-24-2021, 8:32:10 AM
pyspil(pyspil) used a dead_leopard 1-24-2021, 8:32:10 AM
pyspil(pyspil) used a dead_leopard 1-24-2021, 8:32:10 AM
pyspil(pyspil) used a dead_leopard 1-24-2021, 8:32:10 AM
pyspil(pyspil) used a dead_leopard 1-24-2021, 8:32:10 AM
pyspil(pyspil) used a dead_leopard 1-24-2021, 8:32:11 AM
pyspil(pyspil) used a dead_leopard 1-24-2021, 8:32:11 AM
pyspil(pyspil) used a dead_leopard 1-24-2021, 8:32:11 AM
pyspil(pyspil) used a dead_leopard 1-24-2021, 8:32:11 AM
pyspil(pyspil) used a dead_leopard 1-24-2021, 8:32:11 AM
pyspil(pyspil) used a dead_leopard 1-24-2021, 8:32:12 AM
pyspil(pyspil) used a dead_leopard 1-24-2021, 8:32:12 AM
pyspil(pyspil) used a dead_leopard 1-24-2021, 8:32:12 AM
pyspil(pyspil) used a dead_leopard 1-24-2021, 8:32:12 AM
pyspil(pyspil) used a dead_leopard 1-24-2021, 8:32:13 AM
pyspil(pyspil) used a dead_leopard 1-24-2021, 8:32:13 AM
pyspil(pyspil) used a dead_leopard 1-24-2021, 8:32:13 AM
pyspil(pyspil) used a dead_leopard 1-24-2021, 8:32:13 AM
pyspil(pyspil) used a dead_leopard 1-24-2021, 8:32:13 AM
pyspil(pyspil) used a dead_leopard 1-24-2021, 8:32:14 AM
pyspil(pyspil) used a dead_leopard 1-24-2021, 8:32:14 AM
pyspil(pyspil) used a dead_leopard 1-24-2021, 8:32:14 AM
pyspil(pyspil) used a dead_leopard 1-24-2021, 8:32:15 AM
pyspil(pyspil) used a dead_leopard 1-24-2021, 8:32:16 AM
pyspil(pyspil) used a dead_leopard 1-24-2021, 8:32:16 AM
pyspil(pyspil) used a dead_leopard 1-24-2021, 8:32:17 AM
pyspil(pyspil) used a dead_leopard 1-24-2021, 8:32:17 AM
pyspil(pyspil) used a dead_leopard 1-24-2021, 8:32:18 AM
pyspil(pyspil) used a dead_leopard 1-24-2021, 8:32:18 AM
pyspil(pyspil) used a dead_leopard 1-24-2021, 8:32:18 AM
pyspil(pyspil) used a dead_leopard 1-24-2021, 8:32:19 AM
pyspil(pyspil) used a dead_leopard 1-24-2021, 8:32:19 AM
pyspil(pyspil) used a dead_leopard 1-24-2021, 8:32:19 AM
pyspil(pyspil) used a dead_leopard 1-24-2021, 8:32:19 AM
pyspil(pyspil) used a dead_leopard 1-24-2021, 8:32:20 AM
pyspil(pyspil) used a dead_leopard 1-24-2021, 8:32:20 AM
pyspil(pyspil) used a dead_leopard 1-24-2021, 8:32:20 AM
pyspil(pyspil) used a dead_leopard 1-24-2021, 8:32:20 AM
pyspil(pyspil) used a dead_leopard 1-24-2021, 8:32:21 AM
pyspil(pyspil) used a dead_leopard 1-24-2021, 8:32:21 AM
pyspil(pyspil) used a dead_leopard 1-24-2021, 8:32:21 AM
pyspil(pyspil) used a dead_leopard 1-24-2021, 8:32:21 AM
pyspil(pyspil) used a dead_leopard 1-24-2021, 8:32:21 AM
pyspil(pyspil) used a dead_leopard 1-24-2021, 8:32:22 AM
pyspil(pyspil) used a dead_leopard 1-24-2021, 8:32:22 AM
pyspil(pyspil) used a dead_leopard 1-24-2021, 8:32:22 AM
pyspil(pyspil) used a dead_leopard 1-24-2021, 8:32:22 AM
pyspil(pyspil) used a dead_leopard 1-24-2021, 8:32:22 AM
pyspil(pyspil) used a dead_leopard 1-24-2021, 8:32:23 AM
pyspil(pyspil) used a dead_leopard 1-24-2021, 8:32:23 AM
pyspil(pyspil) used a dead_leopard 1-24-2021, 8:32:23 AM
pyspil(pyspil) used a dead_leopard 1-24-2021, 8:32:23 AM
pyspil(pyspil) used a dead_leopard 1-24-2021, 8:32:23 AM
pyspil(pyspil) used a dead_leopard 1-24-2021, 8:32:24 AM
pyspil(pyspil) used a dead_leopard 1-24-2021, 8:32:24 AM
pyspil(pyspil) used a dead_leopard 1-24-2021, 8:32:24 AM
pyspil(pyspil) used a dead_leopard 1-24-2021, 8:32:24 AM
pyspil(pyspil) used a dead_leopard 1-24-2021, 8:32:25 AM
pyspil(pyspil) used a dead_leopard 1-24-2021, 8:32:25 AM
pyspil(pyspil) used a dead_leopard 1-24-2021, 8:32:25 AM
pyspil(pyspil) used a dead_leopard 1-24-2021, 8:32:25 AM
pyspil(pyspil) used a dead_leopard 1-24-2021, 8:32:25 AM
pyspil(pyspil) used a dead_leopard 1-24-2021, 8:32:26 AM
pyspil(pyspil) used a dead_leopard 1-24-2021, 8:32:26 AM
pyspil(pyspil) used a dead_leopard 1-24-2021, 8:32:26 AM
pyspil(pyspil) used a dead_leopard 1-24-2021, 8:32:26 AM
pyspil(pyspil) used a dead_leopard 1-24-2021, 8:32:27 AM
pyspil(pyspil) used a dead_leopard 1-24-2021, 8:32:27 AM
pyspil(pyspil) used a dead_leopard 1-24-2021, 8:32:27 AM
pyspil(pyspil) used a dead_leopard 1-24-2021, 8:32:27 AM
pyspil(pyspil) used a dead_leopard 1-24-2021, 8:32:27 AM
pyspil(pyspil) used a dead_leopard 1-24-2021, 8:32:28 AM
pyspil(pyspil) used a dead_leopard 1-24-2021, 8:32:28 AM
pyspil(pyspil) used a dead_leopard 1-24-2021, 8:32:28 AM
pyspil(pyspil) used a dead_leopard 1-24-2021, 8:32:28 AM
pyspil(pyspil) used a dead_leopard 1-24-2021, 8:32:29 AM
pyspil(pyspil) used a dead_leopard 1-24-2021, 8:32:29 AM
pyspil(pyspil) used a dead_leopard 1-24-2021, 8:32:29 AM
pyspil(pyspil) used a dead_leopard 1-24-2021, 8:32:29 AM
pyspil(pyspil) used a dead_leopard 1-24-2021, 8:32:30 AM
pyspil(pyspil) used a dead_leopard 1-24-2021, 8:32:30 AM
pyspil(pyspil) used a dead_leopard 1-24-2021, 8:32:30 AM
pyspil(pyspil) used a dead_leopard 1-24-2021, 8:32:30 AM
pyspil(pyspil) used a dead_leopard 1-24-2021, 8:32:31 AM
pyspil(pyspil) used a dead_leopard 1-24-2021, 8:32:31 AM
pyspil(pyspil) used a dead_leopard 1-24-2021, 8:32:31 AM
pyspil(pyspil) used a dead_leopard 1-24-2021, 8:32:31 AM
pyspil(pyspil) used a dead_leopard 1-24-2021, 8:32:32 AM
pyspil(pyspil) used a dead_leopard 1-24-2021, 8:32:32 AM
pyspil(pyspil) used a dead_leopard 1-24-2021, 8:32:32 AM
pyspil(pyspil) used a dead_leopard 1-24-2021, 8:32:32 AM
pyspil(pyspil) used a dead_leopard 1-24-2021, 8:32:32 AM
pyspil(pyspil) used a dead_leopard 1-24-2021, 8:32:33 AM
pyspil(pyspil) used a dead_leopard 1-24-2021, 8:32:33 AM
pyspil(pyspil) used a dead_leopard 1-24-2021, 8:32:33 AM
pyspil(pyspil) used a dead_leopard 1-24-2021, 8:32:33 AM
pyspil(pyspil) used a dead_leopard 1-24-2021, 8:32:34 AM
pyspil(pyspil) used a dead_leopard 1-24-2021, 8:32:34 AM
pyspil(pyspil) used a dead_leopard 1-24-2021, 8:32:34 AM
pyspil(pyspil) used a dead_leopard 1-24-2021, 8:32:34 AM
pyspil(pyspil) used a dead_leopard 1-24-2021, 8:32:34 AM
pyspil(pyspil) used a dead_leopard 1-24-2021, 8:32:35 AM
pyspil(pyspil) used a dead_leopard 1-24-2021, 8:32:35 AM
pyspil(pyspil) used a dead_leopard 1-24-2021, 8:32:35 AM
pyspil(pyspil) used a dead_leopard 1-24-2021, 8:32:35 AM
pyspil(pyspil) used a dead_leopard 1-24-2021, 8:32:36 AM
pyspil(pyspil) used a dead_leopard 1-24-2021, 8:32:36 AM
pyspil(pyspil) used a dead_leopard 1-24-2021, 8:32:36 AM
pyspil(pyspil) used a dead_leopard 1-24-2021, 8:32:36 AM
pyspil(pyspil) used a dead_leopard 1-24-2021, 8:32:37 AM
pyspil(pyspil) used a dead_leopard 1-24-2021, 8:32:37 AM
pyspil(pyspil) used a dead_leopard 1-24-2021, 8:32:37 AM
pyspil(pyspil) used a dead_leopard 1-24-2021, 8:32:37 AM
pyspil(pyspil) used a dead_leopard 1-24-2021, 8:32:38 AM
pyspil(pyspil) used a dead_leopard 1-24-2021, 8:32:38 AM
pyspil(pyspil) used a dead_leopard 1-24-2021, 8:32:38 AM
pyspil(pyspil) used a dead_leopard 1-24-2021, 8:32:38 AM
pyspil(pyspil) used a dead_leopard 1-24-2021, 8:32:38 AM
pyspil(pyspil) used a dead_leopard 1-24-2021, 8:32:39 AM
pyspil(pyspil) used a dead_leopard 1-24-2021, 8:32:39 AM
pyspil(pyspil) used a dead_leopard 1-24-2021, 8:32:39 AM
pyspil(pyspil) used a dead_leopard 1-24-2021, 8:32:39 AM
pyspil(pyspil) used a dead_leopard 1-24-2021, 8:32:40 AM
pyspil(pyspil) used a dead_leopard 1-24-2021, 8:32:40 AM
pyspil(pyspil) used a dead_leopard 1-24-2021, 8:32:40 AM
pyspil(pyspil) used a dead_leopard 1-24-2021, 8:32:40 AM
pyspil(pyspil) used a dead_leopard 1-24-2021, 8:32:40 AM
pyspil(pyspil) used a dead_leopard 1-24-2021, 8:32:41 AM
pyspil(pyspil) used a dead_leopard 1-24-2021, 8:32:41 AM
pyspil(pyspil) used a dead_leopard 1-24-2021, 8:32:41 AM
pyspil(pyspil) used a dead_leopard 1-24-2021, 8:32:41 AM
pyspil(pyspil) used a dead_leopard 1-24-2021, 8:32:42 AM
pyspil(pyspil) used a dead_leopard 1-24-2021, 8:32:42 AM
pyspil(pyspil) used a dead_leopard 1-24-2021, 8:32:42 AM
pyspil(pyspil) used a dead_leopard 1-24-2021, 8:32:42 AM
pyspil(pyspil) used a dead_leopard 1-24-2021, 8:32:43 AM
pyspil(pyspil) used a dead_leopard 1-24-2021, 8:32:43 AM
pyspil(pyspil) used a dead_leopard 1-24-2021, 8:32:43 AM
pyspil(pyspil) used a dead_leopard 1-24-2021, 8:32:43 AM
pyspil(pyspil) used a dead_leopard 1-24-2021, 8:32:43 AM
pyspil(pyspil) used a dead_leopard 1-24-2021, 8:32:44 AM
pyspil(pyspil) used a dead_leopard 1-24-2021, 8:32:44 AM
pyspil(pyspil) used a dead_leopard 1-24-2021, 8:32:44 AM
pyspil(pyspil) used a dead_leopard 1-24-2021, 8:32:44 AM
pyspil(pyspil) used a dead_leopard 1-24-2021, 8:32:45 AM
pyspil(pyspil) used a dead_leopard 1-24-2021, 8:32:45 AM
pyspil(pyspil) used a dead_leopard 1-24-2021, 8:32:45 AM
pyspil(pyspil) used a dead_leopard 1-24-2021, 8:32:45 AM
pyspil(pyspil) used a dead_leopard 1-24-2021, 8:32:45 AM
pyspil(pyspil) used a dead_leopard 1-24-2021, 8:32:46 AM
pyspil(pyspil) used a dead_leopard 1-24-2021, 8:32:46 AM
pyspil(pyspil) used a dead_leopard 1-24-2021, 8:32:46 AM
pyspil(pyspil) used a dead_leopard 1-24-2021, 8:32:46 AM
pyspil(pyspil) used a dead_leopard 1-24-2021, 8:32:47 AM
pyspil(pyspil) used a dead_leopard 1-24-2021, 8:32:47 AM
pyspil(pyspil) used a dead_leopard 1-24-2021, 8:32:47 AM
pyspil(pyspil) used a dead_leopard 1-24-2021, 8:32:47 AM
pyspil(pyspil) used a dead_leopard 1-24-2021, 8:32:48 AM
pyspil(pyspil) used a dead_leopard 1-24-2021, 8:32:48 AM
pyspil(pyspil) used a dead_leopard 1-24-2021, 8:32:48 AM
pyspil(pyspil) used a dead_leopard 1-24-2021, 8:32:48 AM
pyspil(pyspil) used a dead_leopard 1-24-2021, 8:32:49 AM
pyspil(pyspil) used a dead_leopard 1-24-2021, 8:32:49 AM
pyspil(pyspil) used a dead_gorilla 1-24-2021, 8:33:04 AM
pyspil(pyspil) used a dead_gorilla 1-24-2021, 8:33:04 AM
pyspil(pyspil) used a dead_gorilla 1-24-2021, 8:33:04 AM
pyspil(pyspil) used a dead_gorilla 1-24-2021, 8:33:05 AM
pyspil(pyspil) used a dead_gorilla 1-24-2021, 8:33:05 AM
pyspil(pyspil) used a dead_gorilla 1-24-2021, 8:33:06 AM
pyspil(pyspil) used a dead_gorilla 1-24-2021, 8:33:07 AM
pyspil(pyspil) used a dead_gorilla 1-24-2021, 8:33:08 AM
pyspil(pyspil) used a dead_gorilla 1-24-2021, 8:33:09 AM
pyspil(pyspil) used a dead_gorilla 1-24-2021, 8:33:09 AM
pyspil(pyspil) used a dead_gorilla 1-24-2021, 8:33:09 AM
pyspil(pyspil) used a dead_gorilla 1-24-2021, 8:33:09 AM
pyspil(pyspil) used a dead_gorilla 1-24-2021, 8:33:10 AM
pyspil(pyspil) used a dead_gorilla 1-24-2021, 8:33:10 AM
pyspil(pyspil) used a dead_gorilla 1-24-2021, 8:33:11 AM
pyspil(pyspil) used a dead_gorilla 1-24-2021, 8:33:11 AM
pyspil(pyspil) used a dead_gorilla 1-24-2021, 8:33:11 AM
pyspil(pyspil) used a dead_gorilla 1-24-2021, 8:33:12 AM
pyspil(pyspil) used a dead_gorilla 1-24-2021, 8:33:12 AM
pyspil(pyspil) used a dead_gorilla 1-24-2021, 8:33:12 AM
pyspil(pyspil) used a dead_gorilla 1-24-2021, 8:33:12 AM
pyspil(pyspil) used a dead_gorilla 1-24-2021, 8:33:12 AM
pyspil(pyspil) used a dead_gorilla 1-24-2021, 8:33:13 AM
pyspil(pyspil) used a dead_gorilla 1-24-2021, 8:33:13 AM
pyspil(pyspil) used a dead_gorilla 1-24-2021, 8:33:13 AM
pyspil(pyspil) used a dead_gorilla 1-24-2021, 8:33:13 AM
pyspil(pyspil) used a dead_gorilla 1-24-2021, 8:33:14 AM
pyspil(pyspil) used a dead_gorilla 1-24-2021, 8:33:14 AM
pyspil(pyspil) used a dead_gorilla 1-24-2021, 8:33:14 AM
pyspil(pyspil) used a dead_gorilla 1-24-2021, 8:33:14 AM
pyspil(pyspil) used a dead_gorilla 1-24-2021, 8:33:14 AM
pyspil(pyspil) used a dead_gorilla 1-24-2021, 8:33:15 AM
pyspil(pyspil) used a dead_gorilla 1-24-2021, 8:33:15 AM
pyspil(pyspil) used a dead_gorilla 1-24-2021, 8:33:15 AM
pyspil(pyspil) used a dead_gorilla 1-24-2021, 8:33:15 AM
pyspil(pyspil) used a dead_gorilla 1-24-2021, 8:33:16 AM
pyspil(pyspil) used a dead_gorilla 1-24-2021, 8:33:16 AM
pyspil(pyspil) used a dead_gorilla 1-24-2021, 8:33:16 AM
pyspil(pyspil) used a dead_gorilla 1-24-2021, 8:33:16 AM
pyspil(pyspil) used a dead_gorilla 1-24-2021, 8:33:17 AM
pyspil(pyspil) used a dead_gorilla 1-24-2021, 8:33:17 AM
pyspil(pyspil) used a dead_gorilla 1-24-2021, 8:33:17 AM
pyspil(pyspil) used a dead_gorilla 1-24-2021, 8:33:17 AM
pyspil(pyspil) used a dead_gorilla 1-24-2021, 8:33:17 AM
pyspil(pyspil) used a dead_gorilla 1-24-2021, 8:33:18 AM
pyspil(pyspil) used a dead_gorilla 1-24-2021, 8:33:18 AM
pyspil(pyspil) used a dead_gorilla 1-24-2021, 8:33:18 AM
pyspil(pyspil) used a dead_gorilla 1-24-2021, 8:33:18 AM
pyspil(pyspil) used a dead_gorilla 1-24-2021, 8:33:18 AM
pyspil(pyspil) used a dead_gorilla 1-24-2021, 8:33:19 AM
pyspil(pyspil) used a dead_gorilla 1-24-2021, 8:33:19 AM
pyspil(pyspil) used a dead_gorilla 1-24-2021, 8:33:19 AM
pyspil(pyspil) used a dead_gorilla 1-24-2021, 8:33:19 AM
pyspil(pyspil) used a dead_gorilla 1-24-2021, 8:33:19 AM
pyspil(pyspil) used a dead_gorilla 1-24-2021, 8:33:20 AM
pyspil(pyspil) used a dead_gorilla 1-24-2021, 8:33:20 AM
pyspil(pyspil) used a dead_gorilla 1-24-2021, 8:33:20 AM
pyspil(pyspil) used a dead_gorilla 1-24-2021, 8:33:20 AM
pyspil(pyspil) used a dead_gorilla 1-24-2021, 8:33:21 AM
pyspil(pyspil) used a dead_gorilla 1-24-2021, 8:33:21 AM
pyspil(pyspil) used a dead_gorilla 1-24-2021, 8:33:21 AM
pyspil(pyspil) used a dead_gorilla 1-24-2021, 8:33:21 AM
pyspil(pyspil) used a dead_gorilla 1-24-2021, 8:33:21 AM
pyspil(pyspil) used a dead_gorilla 1-24-2021, 8:33:22 AM
pyspil(pyspil) used a dead_gorilla 1-24-2021, 8:33:22 AM
pyspil(pyspil) used a dead_gorilla 1-24-2021, 8:33:22 AM
pyspil(pyspil) used a dead_gorilla 1-24-2021, 8:33:22 AM
pyspil(pyspil) used a dead_gorilla 1-24-2021, 8:33:23 AM
pyspil(pyspil) used a dead_gorilla 1-24-2021, 8:33:23 AM
pyspil(pyspil) used a dead_gorilla 1-24-2021, 8:33:23 AM
pyspil(pyspil) used a dead_gorilla 1-24-2021, 8:33:23 AM
pyspil(pyspil) used a dead_gorilla 1-24-2021, 8:33:23 AM
pyspil(pyspil) used a dead_gorilla 1-24-2021, 8:33:24 AM
pyspil(pyspil) used a dead_gorilla 1-24-2021, 8:33:24 AM
pyspil(pyspil) used a dead_gorilla 1-24-2021, 8:33:24 AM
pyspil(pyspil) used a dead_gorilla 1-24-2021, 8:33:24 AM
pyspil(pyspil) used a dead_gorilla 1-24-2021, 8:33:24 AM
pyspil(pyspil) used a dead_gorilla 1-24-2021, 8:33:25 AM
pyspil(pyspil) used a dead_gorilla 1-24-2021, 8:33:25 AM
pyspil(pyspil) used a dead_gorilla 1-24-2021, 8:33:25 AM
pyspil(pyspil) used a dead_gorilla 1-24-2021, 8:33:25 AM
pyspil(pyspil) used a dead_gorilla 1-24-2021, 8:33:26 AM
pyspil(pyspil) used a dead_gorilla 1-24-2021, 8:33:26 AM
pyspil(pyspil) used a dead_gorilla 1-24-2021, 8:33:26 AM
pyspil(pyspil) used a dead_gorilla 1-24-2021, 8:33:26 AM
pyspil(pyspil) used a dead_gorilla 1-24-2021, 8:33:27 AM
pyspil(pyspil) used a dead_gorilla 1-24-2021, 8:33:27 AM
pyspil(pyspil) used a dead_gorilla 1-24-2021, 8:33:27 AM
pyspil(pyspil) used a dead_gorilla 1-24-2021, 8:33:27 AM
pyspil(pyspil) used a dead_gorilla 1-24-2021, 8:33:27 AM
pyspil(pyspil) used a dead_gorilla 1-24-2021, 8:33:28 AM
pyspil(pyspil) used a dead_gorilla 1-24-2021, 8:33:28 AM
pyspil(pyspil) used a dead_lion 1-24-2021, 8:33:35 AM
pyspil(pyspil) used a dead_lion 1-24-2021, 8:33:35 AM
pyspil(pyspil) used a dead_lion 1-24-2021, 8:33:35 AM
pyspil(pyspil) used a dead_lion 1-24-2021, 8:33:35 AM
pyspil(pyspil) used a dead_lion 1-24-2021, 8:33:36 AM
pyspil(pyspil) used a dead_lion 1-24-2021, 8:33:36 AM
pyspil(pyspil) used a dead_lion 1-24-2021, 8:33:36 AM
pyspil(pyspil) used a dead_lion 1-24-2021, 8:33:37 AM
pyspil(pyspil) used a dead_lion 1-24-2021, 8:33:37 AM
pyspil(pyspil) used a dead_lion 1-24-2021, 8:33:37 AM
pyspil(pyspil) used a dead_lion 1-24-2021, 8:33:37 AM
pyspil(pyspil) used a dead_lion 1-24-2021, 8:33:37 AM
pyspil(pyspil) used a dead_lion 1-24-2021, 8:33:39 AM
pyspil(pyspil) used a dead_lion 1-24-2021, 8:33:39 AM
pyspil(pyspil) used a dead_lion 1-24-2021, 8:33:40 AM
pyspil(pyspil) used a dead_lion 1-24-2021, 8:33:40 AM
pyspil(pyspil) used a dead_lion 1-24-2021, 8:33:40 AM
pyspil(pyspil) used a dead_lion 1-24-2021, 8:33:40 AM
pyspil(pyspil) used a dead_lion 1-24-2021, 8:33:40 AM
pyspil(pyspil) used a dead_lion 1-24-2021, 8:33:40 AM
pyspil(pyspil) used a dead_lion 1-24-2021, 8:33:41 AM
pyspil(pyspil) used a dead_lion 1-24-2021, 8:33:41 AM
pyspil(pyspil) used a dead_lion 1-24-2021, 8:33:41 AM
pyspil(pyspil) used a dead_lion 1-24-2021, 8:33:42 AM
pyspil(pyspil) used a dead_lion 1-24-2021, 8:33:42 AM
pyspil(pyspil) used a dead_lion 1-24-2021, 8:33:42 AM
pyspil(pyspil) used a dead_lion 1-24-2021, 8:33:43 AM
pyspil(pyspil) used a dead_lion 1-24-2021, 8:33:43 AM
pyspil(pyspil) used a dead_lion 1-24-2021, 8:33:44 AM
pyspil(pyspil) used a dead_lion 1-24-2021, 8:33:44 AM
pyspil(pyspil) used a dead_lion 1-24-2021, 8:33:44 AM
pyspil(pyspil) used a dead_lion 1-24-2021, 8:33:44 AM
pyspil(pyspil) used a dead_lion 1-24-2021, 8:33:45 AM
pyspil(pyspil) used a dead_lion 1-24-2021, 8:33:45 AM
pyspil(pyspil) used a dead_lion 1-24-2021, 8:33:45 AM
pyspil(pyspil) used a dead_lion 1-24-2021, 8:33:45 AM
pyspil(pyspil) used a dead_lion 1-24-2021, 8:33:45 AM
pyspil(pyspil) used a dead_lion 1-24-2021, 8:33:45 AM
pyspil(pyspil) used a dead_lion 1-24-2021, 8:33:45 AM
pyspil(pyspil) used a dead_lion 1-24-2021, 8:33:46 AM
pyspil(pyspil) used a dead_lion 1-24-2021, 8:33:46 AM
pyspil(pyspil) used a dead_lion 1-24-2021, 8:33:46 AM
pyspil(pyspil) used a dead_lion 1-24-2021, 8:33:46 AM
pyspil(pyspil) used a dead_lion 1-24-2021, 8:33:46 AM
pyspil(pyspil) used a dead_lion 1-24-2021, 8:33:47 AM
pyspil(pyspil) used a dead_lion 1-24-2021, 8:33:47 AM
pyspil(pyspil) used a dead_lion 1-24-2021, 8:33:47 AM
pyspil(pyspil) used a dead_lion 1-24-2021, 8:33:47 AM
pyspil(pyspil) used a dead_lion 1-24-2021, 8:33:47 AM
pyspil(pyspil) used a dead_lion 1-24-2021, 8:33:47 AM
pyspil(pyspil) used a dead_lion 1-24-2021, 8:33:48 AM
pyspil(pyspil) used a dead_lion 1-24-2021, 8:33:48 AM
pyspil(pyspil) used a dead_lion 1-24-2021, 8:33:48 AM
pyspil(pyspil) used a dead_lion 1-24-2021, 8:33:48 AM
pyspil(pyspil) used a dead_lion 1-24-2021, 8:33:48 AM
pyspil(pyspil) used a dead_lion 1-24-2021, 8:33:48 AM
pyspil(pyspil) used a dead_lion 1-24-2021, 8:33:48 AM
pyspil(pyspil) used a dead_lion 1-24-2021, 8:33:49 AM
pyspil(pyspil) used a dead_lion 1-24-2021, 8:33:49 AM
pyspil(pyspil) used a dead_lion 1-24-2021, 8:33:49 AM
pyspil(pyspil) used a dead_lion 1-24-2021, 8:33:49 AM
pyspil(pyspil) used a dead_lion 1-24-2021, 8:33:49 AM
pyspil(pyspil) used a dead_lion 1-24-2021, 8:33:50 AM
pyspil(pyspil) used a dead_lion 1-24-2021, 8:33:50 AM
pyspil(pyspil) used a dead_lion 1-24-2021, 8:33:50 AM
pyspil(pyspil) used a dead_lion 1-24-2021, 8:33:50 AM
pyspil(pyspil) used a dead_lion 1-24-2021, 8:33:50 AM
pyspil(pyspil) used a dead_lion 1-24-2021, 8:33:50 AM
pyspil(pyspil) used a dead_lion 1-24-2021, 8:33:51 AM
pyspil(pyspil) used a dead_lion 1-24-2021, 8:33:51 AM
pyspil(pyspil) used a dead_lion 1-24-2021, 8:33:51 AM
pyspil(pyspil) used a dead_lion 1-24-2021, 8:33:51 AM
pyspil(pyspil) used a dead_lion 1-24-2021, 8:33:51 AM
pyspil(pyspil) used a dead_lion 1-24-2021, 8:33:51 AM
pyspil(pyspil) used a dead_lion 1-24-2021, 8:33:51 AM
pyspil(pyspil) used a dead_lion 1-24-2021, 8:33:52 AM
pyspil(pyspil) used a dead_lion 1-24-2021, 8:33:52 AM
pyspil(pyspil) used a dead_lion 1-24-2021, 8:33:52 AM
pyspil(pyspil) used a dead_lion 1-24-2021, 8:33:52 AM
pyspil(pyspil) used a dead_lion 1-24-2021, 8:33:52 AM
pyspil(pyspil) used a dead_lion 1-24-2021, 8:33:52 AM
pyspil(pyspil) used a dead_lion 1-24-2021, 8:33:53 AM
pyspil(pyspil) used a dead_lion 1-24-2021, 8:33:53 AM
pyspil(pyspil) used a dead_lion 1-24-2021, 8:33:53 AM
pyspil(pyspil) used a dead_lion 1-24-2021, 8:33:53 AM
pyspil(pyspil) used a dead_lion 1-24-2021, 8:33:53 AM
pyspil(pyspil) used a dead_lion 1-24-2021, 8:33:54 AM
pyspil(pyspil) used a dead_lion 1-24-2021, 8:33:54 AM
pyspil(pyspil) used a dead_lion 1-24-2021, 8:33:54 AM
pyspil(pyspil) used a dead_lion 1-24-2021, 8:33:54 AM
pyspil(pyspil) used a dead_lion 1-24-2021, 8:33:54 AM
pyspil(pyspil) used a dead_lion 1-24-2021, 8:33:54 AM
pyspil(pyspil) used a dead_lion 1-24-2021, 8:33:55 AM
pyspil(pyspil) used a dead_lion 1-24-2021, 8:33:55 AM
pyspil(pyspil) used a dead_lion 1-24-2021, 8:33:55 AM
pyspil(pyspil) used a dead_lion 1-24-2021, 8:33:56 AM
pyspil(pyspil) used a dead_lion 1-24-2021, 8:33:56 AM
pyspil(pyspil) used a dead_lion 1-24-2021, 8:33:56 AM
pyspil(pyspil) used a dead_lion 1-24-2021, 8:33:57 AM
pyspil(pyspil) used a dead_lion 1-24-2021, 8:34:05 AM
pyspil(pyspil) used a dead_lion 1-24-2021, 8:34:05 AM
pyspil(pyspil) used a dead_lion 1-24-2021, 8:34:05 AM
pyspil(pyspil) used a dead_lion 1-24-2021, 8:34:05 AM
pyspil(pyspil) used a dead_lion 1-24-2021, 8:34:05 AM
pyspil(pyspil) used a dead_lion 1-24-2021, 8:34:06 AM
pyspil(pyspil) used a dead_lion 1-24-2021, 8:34:06 AM
pyspil(pyspil) used a dead_lion 1-24-2021, 8:34:06 AM
pyspil(pyspil) used a dead_lion 1-24-2021, 8:34:06 AM
pyspil(pyspil) used a dead_lion 1-24-2021, 8:34:06 AM
pyspil(pyspil) used a dead_lion 1-24-2021, 8:34:07 AM
pyspil(pyspil) used a dead_lion 1-24-2021, 8:34:07 AM
pyspil(pyspil) used a dead_lion 1-24-2021, 8:34:07 AM
pyspil(pyspil) used a dead_lion 1-24-2021, 8:34:08 AM
pyspil(pyspil) used a dead_lion 1-24-2021, 8:34:08 AM
pyspil(pyspil) used a dead_lion 1-24-2021, 8:34:08 AM
pyspil(pyspil) used a dead_lion 1-24-2021, 8:34:08 AM
pyspil(pyspil) used a dead_lion 1-24-2021, 8:34:08 AM
pyspil(pyspil) used a dead_lion 1-24-2021, 8:34:09 AM
pyspil(pyspil) used a dead_lion 1-24-2021, 8:34:09 AM
pyspil(pyspil) used a dead_lion 1-24-2021, 8:34:09 AM
pyspil(pyspil) used a dead_lion 1-24-2021, 8:34:09 AM
pyspil(pyspil) used a dead_lion 1-24-2021, 8:34:09 AM
pyspil(pyspil) used a dead_lion 1-24-2021, 8:34:10 AM
pyspil(pyspil) used a dead_lion 1-24-2021, 8:34:10 AM
pyspil(pyspil) used a dead_lion 1-24-2021, 8:34:10 AM
pyspil(pyspil) used a dead_lion 1-24-2021, 8:34:10 AM
pyspil(pyspil) used a dead_lion 1-24-2021, 8:34:11 AM
pyspil(pyspil) used a dead_lion 1-24-2021, 8:34:11 AM
pyspil(pyspil) used a dead_lion 1-24-2021, 8:34:11 AM
pyspil(pyspil) used a dead_lion 1-24-2021, 8:34:11 AM
pyspil(pyspil) used a dead_lion 1-24-2021, 8:34:12 AM
pyspil(pyspil) used a dead_lion 1-24-2021, 8:34:12 AM
pyspil(pyspil) used a dead_lion 1-24-2021, 8:34:12 AM
pyspil(pyspil) used a dead_lion 1-24-2021, 8:34:12 AM
pyspil(pyspil) used a dead_lion 1-24-2021, 8:34:12 AM
pyspil(pyspil) used a dead_lion 1-24-2021, 8:34:13 AM
pyspil(pyspil) used a dead_lion 1-24-2021, 8:34:13 AM
pyspil(pyspil) used a dead_lion 1-24-2021, 8:34:13 AM
pyspil(pyspil) used a dead_lion 1-24-2021, 8:34:13 AM
pyspil(pyspil) used a dead_lion 1-24-2021, 8:34:14 AM
pyspil(pyspil) used a dead_lion 1-24-2021, 8:34:14 AM
pyspil(pyspil) used a dead_lion 1-24-2021, 8:34:14 AM
pyspil(pyspil) used a dead_lion 1-24-2021, 8:34:14 AM
pyspil(pyspil) used a dead_lion 1-24-2021, 8:34:15 AM
pyspil(pyspil) used a dead_lion 1-24-2021, 8:34:15 AM
pyspil(pyspil) used a dead_lion 1-24-2021, 8:34:16 AM
pyspil(pyspil) used a dead_lion 1-24-2021, 8:34:16 AM
pyspil(pyspil) used a dead_lion 1-24-2021, 8:34:16 AM
pyspil(pyspil) used a dead_lion 1-24-2021, 8:34:16 AM
pyspil(pyspil) used a dead_lion 1-24-2021, 8:34:16 AM
pyspil(pyspil) used a dead_lion 1-24-2021, 8:34:17 AM
pyspil(pyspil) used a dead_lion 1-24-2021, 8:34:17 AM
pyspil(pyspil) used a dead_lion 1-24-2021, 8:34:17 AM
pyspil(pyspil) used a dead_lion 1-24-2021, 8:34:17 AM
pyspil(pyspil) used a dead_lion 1-24-2021, 8:34:18 AM
pyspil(pyspil) used a dead_lion 1-24-2021, 8:34:18 AM
pyspil(pyspil) used a dead_lion 1-24-2021, 8:34:18 AM
pyspil(pyspil) used a dead_lion 1-24-2021, 8:34:18 AM
pyspil(pyspil) used a dead_lion 1-24-2021, 8:34:18 AM
pyspil(pyspil) used a dead_lion 1-24-2021, 8:34:19 AM
pyspil(pyspil) used a dead_lion 1-24-2021, 8:34:19 AM
pyspil(pyspil) used a dead_lion 1-24-2021, 8:34:19 AM
pyspil(pyspil) used a dead_lion 1-24-2021, 8:34:19 AM
pyspil(pyspil) used a dead_lion 1-24-2021, 8:34:20 AM
pyspil(pyspil) used a dead_lion 1-24-2021, 8:34:20 AM
pyspil(pyspil) used a dead_lion 1-24-2021, 8:34:20 AM
pyspil(pyspil) used a dead_lion 1-24-2021, 8:34:20 AM
pyspil(pyspil) used a dead_lion 1-24-2021, 8:34:20 AM
pyspil(pyspil) used a dead_lion 1-24-2021, 8:34:21 AM
pyspil(pyspil) used a dead_lion 1-24-2021, 8:34:21 AM
pyspil(pyspil) used a dead_lion 1-24-2021, 8:34:21 AM
pyspil(pyspil) used a dead_lion 1-24-2021, 8:34:21 AM
pyspil(pyspil) used a dead_lion 1-24-2021, 8:34:21 AM
pyspil(pyspil) used a dead_lion 1-24-2021, 8:34:22 AM
pyspil(pyspil) used a dead_lion 1-24-2021, 8:34:22 AM
pyspil(pyspil) used a dead_lion 1-24-2021, 8:34:22 AM
pyspil(pyspil) used a dead_lion 1-24-2021, 8:34:31 AM
pyspil(pyspil) used a dead_lion 1-24-2021, 8:34:32 AM
pyspil(pyspil) used a dead_lion 1-24-2021, 8:34:35 AM
pyspil(pyspil) used a dead_lion 1-24-2021, 8:34:35 AM
pyspil(pyspil) used a dead_lion 1-24-2021, 8:34:37 AM
pyspil(pyspil) used a dead_lion 1-24-2021, 8:34:38 AM
pyspil(pyspil) used a dead_lion 1-24-2021, 8:34:38 AM
pyspil(pyspil) used a dead_lion 1-24-2021, 8:34:38 AM
pyspil(pyspil) used a dead_lion 1-24-2021, 8:34:38 AM
pyspil(pyspil) used a dead_lion 1-24-2021, 8:34:38 AM
pyspil(pyspil) used a dead_lion 1-24-2021, 8:34:38 AM
pyspil(pyspil) used a dead_lion 1-24-2021, 8:34:39 AM
pyspil(pyspil) used a dead_lion 1-24-2021, 8:34:39 AM
pyspil(pyspil) used a dead_lion 1-24-2021, 8:34:39 AM
pyspil(pyspil) used a dead_lion 1-24-2021, 8:34:39 AM
pyspil(pyspil) used a dead_lion 1-24-2021, 8:34:39 AM
pyspil(pyspil) used a dead_lion 1-24-2021, 8:34:39 AM
pyspil(pyspil) used a dead_lion 1-24-2021, 8:34:39 AM
pyspil(pyspil) used a dead_lion 1-24-2021, 8:34:40 AM
pyspil(pyspil) used a dead_lion 1-24-2021, 8:34:40 AM
pyspil(pyspil) used a dead_lion 1-24-2021, 8:34:40 AM
pyspil(pyspil) used a dead_lion 1-24-2021, 8:34:40 AM
pyspil(pyspil) used a dead_lion 1-24-2021, 8:34:40 AM
pyspil(pyspil) used a dead_lion 1-24-2021, 8:34:41 AM
pyspil(pyspil) used a dead_lion 1-24-2021, 8:34:41 AM
pyspil(pyspil) used a dead_lion 1-24-2021, 8:34:41 AM
pyspil(pyspil) used a dead_lion 1-24-2021, 8:34:41 AM
pyspil(pyspil) used a dead_lion 1-24-2021, 8:34:41 AM
pyspil(pyspil) used a dead_lion 1-24-2021, 8:34:41 AM
pyspil(pyspil) used a dead_lion 1-24-2021, 8:34:42 AM
pyspil(pyspil) used a dead_lion 1-24-2021, 8:34:42 AM
pyspil(pyspil) used a dead_lion 1-24-2021, 8:34:43 AM
pyspil(pyspil) used a dead_lion 1-24-2021, 8:34:43 AM
pyspil(pyspil) used a dead_lion 1-24-2021, 8:34:44 AM
pyspil(pyspil) used a dead_lion 1-24-2021, 8:34:44 AM
pyspil(pyspil) used a dead_lion 1-24-2021, 8:34:44 AM
pyspil(pyspil) used a dead_lion 1-24-2021, 8:34:44 AM
pyspil(pyspil) used a dead_lion 1-24-2021, 8:34:45 AM
pyspil(pyspil) used a dead_lion 1-24-2021, 8:34:45 AM
pyspil(pyspil) used a dead_lion 1-24-2021, 8:34:45 AM
pyspil(pyspil) used a dead_lion 1-24-2021, 8:34:45 AM
pyspil(pyspil) used a dead_lion 1-24-2021, 8:34:45 AM
pyspil(pyspil) used a dead_lion 1-24-2021, 8:34:46 AM
pyspil(pyspil) used a dead_lion 1-24-2021, 8:34:46 AM
pyspil(pyspil) used a dead_lion 1-24-2021, 8:34:46 AM
pyspil(pyspil) used a dead_lion 1-24-2021, 8:34:46 AM
pyspil(pyspil) used a dead_lion 1-24-2021, 8:34:46 AM
pyspil(pyspil) used a dead_lion 1-24-2021, 8:34:47 AM
pyspil(pyspil) used a dead_lion 1-24-2021, 8:34:47 AM
pyspil(pyspil) used a dead_lion 1-24-2021, 8:34:47 AM
pyspil(pyspil) used a dead_lion 1-24-2021, 8:34:47 AM
pyspil(pyspil) used a dead_lion 1-24-2021, 8:34:47 AM
pyspil(pyspil) used a dead_lion 1-24-2021, 8:34:48 AM
pyspil(pyspil) used a dead_lion 1-24-2021, 8:34:48 AM
pyspil(pyspil) used a dead_lion 1-24-2021, 8:34:48 AM
pyspil(pyspil) used a dead_lion 1-24-2021, 8:34:48 AM
pyspil(pyspil) used a dead_lion 1-24-2021, 8:34:49 AM
pyspil(pyspil) used a dead_lion 1-24-2021, 8:34:49 AM
pyspil(pyspil) used a dead_lion 1-24-2021, 8:34:49 AM
pyspil(pyspil) used a dead_lion 1-24-2021, 8:34:49 AM
pyspil(pyspil) used a dead_lion 1-24-2021, 8:34:50 AM
pyspil(pyspil) used a dead_lion 1-24-2021, 8:34:50 AM
pyspil(pyspil) used a dead_lion 1-24-2021, 8:34:51 AM
pyspil(pyspil) used a dead_lion 1-24-2021, 8:34:52 AM
pyspil(pyspil) used a dead_lion 1-24-2021, 8:34:52 AM
pyspil(pyspil) used a dead_lion 1-24-2021, 8:34:52 AM
pyspil(pyspil) used a dead_lion 1-24-2021, 8:34:53 AM
pyspil(pyspil) used a dead_lion 1-24-2021, 8:34:53 AM
pyspil(pyspil) used a dead_lion 1-24-2021, 8:34:53 AM
pyspil(pyspil) used a dead_lion 1-24-2021, 8:34:53 AM
pyspil(pyspil) used a dead_lion 1-24-2021, 8:34:54 AM
pyspil(pyspil) used a dead_lion 1-24-2021, 8:34:54 AM
pyspil(pyspil) used a dead_lion 1-24-2021, 8:34:54 AM
pyspil(pyspil) used a dead_lion 1-24-2021, 8:34:54 AM
pyspil(pyspil) used a dead_lion 1-24-2021, 8:34:55 AM
pyspil(pyspil) used a dead_lion 1-24-2021, 8:34:55 AM
pyspil(pyspil) used a dead_lion 1-24-2021, 8:34:55 AM
pyspil(pyspil) used a dead_lion 1-24-2021, 8:34:55 AM
pyspil(pyspil) used a dead_lion 1-24-2021, 8:34:56 AM
pyspil(pyspil) used a dead_lion 1-24-2021, 8:34:56 AM
pyspil(pyspil) used a dead_lion 1-24-2021, 8:34:56 AM
pyspil(pyspil) used a dead_lion 1-24-2021, 8:34:56 AM
pyspil(pyspil) used a dead_lion 1-24-2021, 8:34:56 AM
pyspil(pyspil) used a dead_lion 1-24-2021, 8:34:57 AM
pyspil(pyspil) used a dead_lion 1-24-2021, 8:34:57 AM
pyspil(pyspil) used a dead_lion 1-24-2021, 8:34:57 AM
pyspil(pyspil) used a dead_lion 1-24-2021, 8:34:57 AM
pyspil(pyspil) used a dead_lion 1-24-2021, 8:34:57 AM
pyspil(pyspil) used a dead_lion 1-24-2021, 8:34:58 AM
pyspil(pyspil) used a dead_lion 1-24-2021, 8:34:58 AM
pyspil(pyspil) used a dead_lion 1-24-2021, 8:34:58 AM
pyspil(pyspil) used a dead_lion 1-24-2021, 8:34:58 AM
pyspil(pyspil) used a dead_lion 1-24-2021, 8:34:58 AM
pyspil(pyspil) used a dead_lion 1-24-2021, 8:34:59 AM
pyspil(pyspil) used a dead_lion 1-24-2021, 8:34:59 AM
pyspil(pyspil) used a dead_lion 1-24-2021, 8:34:59 AM
pyspil(pyspil) used a dead_lion 1-24-2021, 8:34:59 AM
pyspil(pyspil) used a dead_lion 1-24-2021, 8:35:00 AM
pyspil(pyspil) used a dead_lion 1-24-2021, 8:35:00 AM
pyspil(pyspil) used a dead_lion 1-24-2021, 8:35:00 AM
pyspil(pyspil) used a dead_lion 1-24-2021, 8:35:00 AM
pyspil(pyspil) used a dead_lion 1-24-2021, 8:35:00 AM
pyspil(pyspil) used a dead_lion 1-24-2021, 8:35:01 AM
pyspil(pyspil) used a dead_lion 1-24-2021, 8:35:01 AM
pyspil(pyspil) used a dead_lion 1-24-2021, 8:35:01 AM
pyspil(pyspil) used a dead_lion 1-24-2021, 8:35:01 AM
pyspil(pyspil) used a dead_lion 1-24-2021, 8:35:01 AM
pyspil(pyspil) used a dead_lion 1-24-2021, 8:35:02 AM
pyspil(pyspil) used a dead_lion 1-24-2021, 8:35:02 AM
pyspil(pyspil) used a dead_lion 1-24-2021, 8:35:02 AM
pyspil(pyspil) used a dead_lion 1-24-2021, 8:35:02 AM
pyspil(pyspil) used a dead_lion 1-24-2021, 8:35:02 AM
pyspil(pyspil) used a dead_lion 1-24-2021, 8:35:03 AM
pyspil(pyspil) used a dead_lion 1-24-2021, 8:35:03 AM
pyspil(pyspil) used a dead_lion 1-24-2021, 8:35:03 AM
pyspil(pyspil) used a dead_lion 1-24-2021, 8:35:03 AM
pyspil(pyspil) used a dead_lion 1-24-2021, 8:35:03 AM
pyspil(pyspil) used a dead_lion 1-24-2021, 8:35:04 AM
pyspil(pyspil) used a dead_lion 1-24-2021, 8:35:04 AM
pyspil(pyspil) used a dead_lion 1-24-2021, 8:35:04 AM
pyspil(pyspil) used a dead_lion 1-24-2021, 8:35:04 AM
pyspil(pyspil) used a dead_lion 1-24-2021, 8:35:05 AM
pyspil(pyspil) used a dead_lion 1-24-2021, 8:35:05 AM
pyspil(pyspil) used a dead_lion 1-24-2021, 8:35:05 AM
pyspil(pyspil) used a dead_lion 1-24-2021, 8:35:05 AM
pyspil(pyspil) used a dead_lion 1-24-2021, 8:35:05 AM
pyspil(pyspil) used a dead_lion 1-24-2021, 8:35:06 AM
pyspil(pyspil) used a dead_lion 1-24-2021, 8:35:06 AM
pyspil(pyspil) used a dead_lion 1-24-2021, 8:35:06 AM
pyspil(pyspil) used a dead_lion 1-24-2021, 8:35:06 AM
pyspil(pyspil) used a dead_lion 1-24-2021, 8:35:06 AM
pyspil(pyspil) used a dead_lion 1-24-2021, 8:35:07 AM
pyspil(pyspil) used a dead_lion 1-24-2021, 8:35:07 AM
pyspil(pyspil) used a dead_lion 1-24-2021, 8:35:07 AM
pyspil(pyspil) used a dead_lion 1-24-2021, 8:35:09 AM
pyspil(pyspil) used a dead_lion 1-24-2021, 8:35:09 AM
pyspil(pyspil) used a dead_lion 1-24-2021, 8:35:09 AM
pyspil(pyspil) used a dead_lion 1-24-2021, 8:35:09 AM
pyspil(pyspil) used a dead_lion 1-24-2021, 8:35:10 AM
pyspil(pyspil) used a dead_lion 1-24-2021, 8:35:10 AM
pyspil(pyspil) used a dead_lion 1-24-2021, 8:35:10 AM
pyspil(pyspil) used a dead_lion 1-24-2021, 8:35:10 AM
pyspil(pyspil) used a dead_lion 1-24-2021, 8:35:10 AM
pyspil(pyspil) used a dead_lion 1-24-2021, 8:35:11 AM
pyspil(pyspil) used a dead_lion 1-24-2021, 8:35:11 AM
pyspil(pyspil) used a dead_lion 1-24-2021, 8:35:11 AM
pyspil(pyspil) used a dead_lion 1-24-2021, 8:35:11 AM
pyspil(pyspil) used a dead_lion 1-24-2021, 8:35:11 AM
pyspil(pyspil) used a dead_lion 1-24-2021, 8:35:12 AM
pyspil(pyspil) used a dead_lion 1-24-2021, 8:35:12 AM
pyspil(pyspil) used a dead_lion 1-24-2021, 8:35:12 AM
pyspil(pyspil) used a dead_lion 1-24-2021, 8:35:12 AM
pyspil(pyspil) used a dead_lion 1-24-2021, 8:35:12 AM
pyspil(pyspil) used a dead_lion 1-24-2021, 8:35:13 AM
pyspil(pyspil) used a dead_lion 1-24-2021, 8:35:13 AM
pyspil(pyspil) used a dead_lion 1-24-2021, 8:35:13 AM
pyspil(pyspil) used a dead_lion 1-24-2021, 8:35:13 AM
pyspil(pyspil) used a dead_lion 1-24-2021, 8:35:14 AM
pyspil(pyspil) used a dead_lion 1-24-2021, 8:35:14 AM
pyspil(pyspil) used a dead_lion 1-24-2021, 8:35:14 AM
pyspil(pyspil) used a dead_lion 1-24-2021, 8:35:14 AM
pyspil(pyspil) used a dead_lion 1-24-2021, 8:35:14 AM
pyspil(pyspil) used a dead_lion 1-24-2021, 8:35:14 AM
pyspil(pyspil) used a dead_lion 1-24-2021, 8:35:15 AM
pyspil(pyspil) used a dead_lion 1-24-2021, 8:35:15 AM
pyspil(pyspil) used a dead_lion 1-24-2021, 8:35:15 AM
pyspil(pyspil) used a dead_lion 1-24-2021, 8:35:15 AM
pyspil(pyspil) used a dead_lion 1-24-2021, 8:35:15 AM
pyspil(pyspil) used a dead_lion 1-24-2021, 8:35:16 AM
pyspil(pyspil) used a dead_lion 1-24-2021, 8:35:16 AM
pyspil(pyspil) used a dead_lion 1-24-2021, 8:35:16 AM
pyspil(pyspil) used a dead_lion 1-24-2021, 8:35:16 AM
pyspil(pyspil) used a dead_lion 1-24-2021, 8:35:17 AM
pyspil(pyspil) used a dead_goat 1-24-2021, 8:35:27 AM
pyspil(pyspil) used a dead_goat 1-24-2021, 8:35:27 AM
pyspil(pyspil) used a dead_goat 1-24-2021, 8:35:27 AM
pyspil(pyspil) used a dead_goat 1-24-2021, 8:35:27 AM
pyspil(pyspil) used a dead_goat 1-24-2021, 8:35:27 AM
pyspil(pyspil) used a dead_goat 1-24-2021, 8:35:27 AM
pyspil(pyspil) used a dead_goat 1-24-2021, 8:35:27 AM
pyspil(pyspil) used a dead_goat 1-24-2021, 8:35:28 AM
pyspil(pyspil) used a dead_goat 1-24-2021, 8:35:28 AM
pyspil(pyspil) used a dead_goat 1-24-2021, 8:35:28 AM
pyspil(pyspil) used a dead_goat 1-24-2021, 8:35:28 AM
pyspil(pyspil) used a dead_goat 1-24-2021, 8:35:29 AM
pyspil(pyspil) used a dead_goat 1-24-2021, 8:35:29 AM
pyspil(pyspil) used a dead_goat 1-24-2021, 8:35:29 AM
pyspil(pyspil) used a dead_goat 1-24-2021, 8:35:29 AM
pyspil(pyspil) used a dead_goat 1-24-2021, 8:35:29 AM
pyspil(pyspil) used a dead_goat 1-24-2021, 8:35:29 AM
pyspil(pyspil) used a dead_goat 1-24-2021, 8:35:30 AM
pyspil(pyspil) used a dead_goat 1-24-2021, 8:35:30 AM
pyspil(pyspil) used a dead_goat 1-24-2021, 8:35:30 AM
pyspil(pyspil) used a dead_goat 1-24-2021, 8:35:30 AM
pyspil(pyspil) used a dead_goat 1-24-2021, 8:35:30 AM
pyspil(pyspil) used a dead_goat 1-24-2021, 8:35:31 AM
pyspil(pyspil) used a dead_goat 1-24-2021, 8:35:31 AM
pyspil(pyspil) used a dead_goat 1-24-2021, 8:35:31 AM
pyspil(pyspil) used a dead_goat 1-24-2021, 8:35:31 AM
pyspil(pyspil) used a dead_goat 1-24-2021, 8:35:31 AM
pyspil(pyspil) used a dead_goat 1-24-2021, 8:35:32 AM
pyspil(pyspil) used a dead_goat 1-24-2021, 8:35:32 AM
pyspil(pyspil) used a dead_goat 1-24-2021, 8:35:32 AM
pyspil(pyspil) used a dead_goat 1-24-2021, 8:35:32 AM
pyspil(pyspil) used a dead_goat 1-24-2021, 8:35:32 AM
pyspil(pyspil) used a dead_goat 1-24-2021, 8:35:33 AM
pyspil(pyspil) used a dead_goat 1-24-2021, 8:35:33 AM
pyspil(pyspil) used a dead_goat 1-24-2021, 8:35:33 AM
pyspil(pyspil) used a dead_goat 1-24-2021, 8:35:33 AM
pyspil(pyspil) used a dead_goat 1-24-2021, 8:35:33 AM
pyspil(pyspil) used a dead_goat 1-24-2021, 8:35:34 AM
pyspil(pyspil) used a dead_goat 1-24-2021, 8:35:34 AM
pyspil(pyspil) used a dead_goat 1-24-2021, 8:35:34 AM
pyspil(pyspil) used a dead_goat 1-24-2021, 8:35:34 AM
pyspil(pyspil) used a dead_goat 1-24-2021, 8:35:34 AM
pyspil(pyspil) used a dead_goat 1-24-2021, 8:35:36 AM
pyspil(pyspil) used a dead_goat 1-24-2021, 8:35:36 AM
pyspil(pyspil) used a dead_goat 1-24-2021, 8:35:36 AM
pyspil(pyspil) used a dead_goat 1-24-2021, 8:35:37 AM
pyspil(pyspil) used a dead_goat 1-24-2021, 8:35:37 AM
pyspil(pyspil) used a dead_goat 1-24-2021, 8:35:37 AM
pyspil(pyspil) used a dead_goat 1-24-2021, 8:35:37 AM
pyspil(pyspil) used a dead_goat 1-24-2021, 8:35:41 AM
pyspil(pyspil) used a dead_goat 1-24-2021, 8:35:41 AM
pyspil(pyspil) used a dead_goat 1-24-2021, 8:35:42 AM
pyspil(pyspil) used a dead_goat 1-24-2021, 8:35:42 AM
pyspil(pyspil) used a dead_goat 1-24-2021, 8:35:42 AM
pyspil(pyspil) used a dead_goat 1-24-2021, 8:35:42 AM
pyspil(pyspil) used a dead_boar 1-24-2021, 8:35:47 AM
pyspil(pyspil) used a dead_boar 1-24-2021, 8:35:47 AM
pyspil(pyspil) used a dead_boar 1-24-2021, 8:35:47 AM
pyspil(pyspil) used a dead_boar 1-24-2021, 8:35:48 AM
pyspil(pyspil) used a dead_boar 1-24-2021, 8:35:48 AM
pyspil(pyspil) used a dead_boar 1-24-2021, 8:35:48 AM
pyspil(pyspil) used a dead_boar 1-24-2021, 8:35:48 AM
pyspil(pyspil) used a dead_boar 1-24-2021, 8:35:48 AM
pyspil(pyspil) used a dead_boar 1-24-2021, 8:35:49 AM
pyspil(pyspil) used a dead_boar 1-24-2021, 8:35:49 AM
pyspil(pyspil) used a dead_boar 1-24-2021, 8:35:49 AM
pyspil(pyspil) used a dead_boar 1-24-2021, 8:35:49 AM
pyspil(pyspil) used a dead_boar 1-24-2021, 8:35:49 AM
pyspil(pyspil) used a dead_boar 1-24-2021, 8:35:50 AM
pyspil(pyspil) used a dead_boar 1-24-2021, 8:35:50 AM
pyspil(pyspil) used a dead_boar 1-24-2021, 8:35:50 AM
pyspil(pyspil) used a dead_boar 1-24-2021, 8:35:50 AM
pyspil(pyspil) used a dead_boar 1-24-2021, 8:35:51 AM
pyspil(pyspil) used a dead_boar 1-24-2021, 8:35:51 AM
pyspil(pyspil) used a dead_boar 1-24-2021, 8:35:51 AM
pyspil(pyspil) used a dead_boar 1-24-2021, 8:35:51 AM
pyspil(pyspil) used a dead_boar 1-24-2021, 8:35:52 AM
pyspil(pyspil) used a dead_boar 1-24-2021, 8:35:53 AM
pyspil(pyspil) used a dead_boar 1-24-2021, 8:35:54 AM
pyspil(pyspil) used a dead_boar 1-24-2021, 8:35:54 AM
pyspil(pyspil) used a dead_boar 1-24-2021, 8:35:54 AM
pyspil(pyspil) used a dead_boar 1-24-2021, 8:35:54 AM
pyspil(pyspil) used a dead_boar 1-24-2021, 8:35:55 AM
pyspil(pyspil) used a dead_boar 1-24-2021, 8:35:55 AM
pyspil(pyspil) used a dead_boar 1-24-2021, 8:35:56 AM
pyspil(pyspil) used a dead_boar 1-24-2021, 8:35:56 AM
pyspil(pyspil) used a dead_boar 1-24-2021, 8:35:57 AM
pyspil(pyspil) used a dead_boar 1-24-2021, 8:35:57 AM
pyspil(pyspil) used a dead_boar 1-24-2021, 8:35:57 AM
pyspil(pyspil) used a dead_boar 1-24-2021, 8:35:57 AM
pyspil(pyspil) used a dead_boar 1-24-2021, 8:35:57 AM
pyspil(pyspil) used a dead_boar 1-24-2021, 8:35:57 AM
pyspil(pyspil) used a dead_boar 1-24-2021, 8:35:58 AM
pyspil(pyspil) used a dead_boar 1-24-2021, 8:35:58 AM
pyspil(pyspil) used a dead_boar 1-24-2021, 8:35:58 AM
pyspil(pyspil) used a dead_boar 1-24-2021, 8:35:58 AM
pyspil(pyspil) used a dead_boar 1-24-2021, 8:35:59 AM
pyspil(pyspil) used a dead_boar 1-24-2021, 8:35:59 AM
pyspil(pyspil) used a dead_boar 1-24-2021, 8:35:59 AM
pyspil(pyspil) used a dead_boar 1-24-2021, 8:35:59 AM
pyspil(pyspil) used a dead_boar 1-24-2021, 8:35:59 AM
pyspil(pyspil) used a dead_boar 1-24-2021, 8:35:59 AM
pyspil(pyspil) used a dead_boar 1-24-2021, 8:35:59 AM
pyspil(pyspil) used a dead_boar 1-24-2021, 8:35:59 AM
pyspil(pyspil) used a dead_boar 1-24-2021, 8:36:00 AM
pyspil(pyspil) used a dead_boar 1-24-2021, 8:36:00 AM
pyspil(pyspil) used a dead_boar 1-24-2021, 8:36:00 AM
pyspil(pyspil) used a dead_boar 1-24-2021, 8:36:00 AM
pyspil(pyspil) used a dead_boar 1-24-2021, 8:36:01 AM
pyspil(pyspil) used a dead_boar 1-24-2021, 8:36:01 AM
pyspil(pyspil) used a dead_boar 1-24-2021, 8:36:01 AM
pyspil(pyspil) used a dead_boar 1-24-2021, 8:36:01 AM
pyspil(pyspil) used a dead_boar 1-24-2021, 8:36:01 AM
pyspil(pyspil) used a dead_boar 1-24-2021, 8:36:01 AM
pyspil(pyspil) used a dead_boar 1-24-2021, 8:36:02 AM
pyspil(pyspil) used a dead_boar 1-24-2021, 8:36:02 AM
pyspil(pyspil) used a dead_boar 1-24-2021, 8:36:03 AM
pyspil(pyspil) used a dead_boar 1-24-2021, 8:36:03 AM
pyspil(pyspil) used a dead_boar 1-24-2021, 8:36:03 AM
pyspil(pyspil) used a dead_boar 1-24-2021, 8:36:03 AM
pyspil(pyspil) used a dead_boar 1-24-2021, 8:36:03 AM
pyspil(pyspil) used a dead_boar 1-24-2021, 8:36:04 AM
pyspil(pyspil) used a dead_boar 1-24-2021, 8:36:04 AM
pyspil(pyspil) used a dead_boar 1-24-2021, 8:36:04 AM
pyspil(pyspil) used a dead_boar 1-24-2021, 8:36:04 AM
pyspil(pyspil) used a dead_boar 1-24-2021, 8:36:04 AM
pyspil(pyspil) used a dead_boar 1-24-2021, 8:36:04 AM
pyspil(pyspil) used a dead_boar 1-24-2021, 8:36:05 AM
pyspil(pyspil) used a dead_boar 1-24-2021, 8:36:06 AM
pyspil(pyspil) used a dead_boar 1-24-2021, 8:36:06 AM
pyspil(pyspil) used a dead_boar 1-24-2021, 8:36:07 AM
pyspil(pyspil) used a dead_boar 1-24-2021, 8:36:07 AM
pyspil(pyspil) used a dead_boar 1-24-2021, 8:36:07 AM
pyspil(pyspil) used a dead_boar 1-24-2021, 8:36:07 AM
pyspil(pyspil) used a dead_boar 1-24-2021, 8:36:07 AM
pyspil(pyspil) used a dead_boar 1-24-2021, 8:36:08 AM
pyspil(pyspil) used a dead_boar 1-24-2021, 8:36:08 AM
pyspil(pyspil) used a dead_boar 1-24-2021, 8:36:08 AM
pyspil(pyspil) used a dead_boar 1-24-2021, 8:36:08 AM
pyspil(pyspil) used a dead_boar 1-24-2021, 8:36:08 AM
pyspil(pyspil) used a dead_boar 1-24-2021, 8:36:09 AM
pyspil(pyspil) used a dead_boar 1-24-2021, 8:36:09 AM
pyspil(pyspil) used a dead_boar 1-24-2021, 8:36:09 AM
pyspil(pyspil) used a dead_boar 1-24-2021, 8:36:09 AM
pyspil(pyspil) used a dead_boar 1-24-2021, 8:36:09 AM
pyspil(pyspil) used a dead_boar 1-24-2021, 8:36:10 AM
pyspil(pyspil) used a dead_boar 1-24-2021, 8:36:10 AM
pyspil(pyspil) used a dead_boar 1-24-2021, 8:36:10 AM
pyspil(pyspil) used a dead_boar 1-24-2021, 8:36:10 AM
pyspil(pyspil) used a dead_boar 1-24-2021, 8:36:10 AM
pyspil(pyspil) used a dead_boar 1-24-2021, 8:36:11 AM
pyspil(pyspil) used a dead_boar 1-24-2021, 8:36:11 AM
pyspil(pyspil) used a dead_boar 1-24-2021, 8:36:11 AM
pyspil(pyspil) used a dead_boar 1-24-2021, 8:36:11 AM
pyspil(pyspil) used a dead_boar 1-24-2021, 8:36:12 AM
pyspil(pyspil) used a dead_boar 1-24-2021, 8:36:12 AM
pyspil(pyspil) used a dead_boar 1-24-2021, 8:36:12 AM
pyspil(pyspil) used a dead_boar 1-24-2021, 8:36:12 AM
pyspil(pyspil) used a dead_boar 1-24-2021, 8:36:12 AM
pyspil(pyspil) used a dead_boar 1-24-2021, 8:36:13 AM
pyspil(pyspil) used a dead_boar 1-24-2021, 8:36:13 AM
pyspil(pyspil) used a dead_boar 1-24-2021, 8:36:13 AM
pyspil(pyspil) used a dead_boar 1-24-2021, 8:36:13 AM
pyspil(pyspil) used a dead_boar 1-24-2021, 8:36:13 AM
pyspil(pyspil) used a dead_boar 1-24-2021, 8:36:14 AM
pyspil(pyspil) used a dead_boar 1-24-2021, 8:36:14 AM
pyspil(pyspil) used a dead_boar 1-24-2021, 8:36:14 AM
pyspil(pyspil) used a dead_boar 1-24-2021, 8:36:14 AM
pyspil(pyspil) used a dead_boar 1-24-2021, 8:36:15 AM
pyspil(pyspil) used a dead_boar 1-24-2021, 8:36:15 AM
pyspil(pyspil) used a dead_boar 1-24-2021, 8:36:15 AM
pyspil(pyspil) used a dead_boar 1-24-2021, 8:36:15 AM
pyspil(pyspil) used a dead_boar 1-24-2021, 8:36:15 AM
pyspil(pyspil) used a dead_boar 1-24-2021, 8:36:16 AM
pyspil(pyspil) used a dead_boar 1-24-2021, 8:36:16 AM
pyspil(pyspil) used a dead_boar 1-24-2021, 8:36:16 AM
pyspil(pyspil) used a dead_boar 1-24-2021, 8:36:16 AM
pyspil(pyspil) used a dead_boar 1-24-2021, 8:36:17 AM
pyspil(pyspil) used a dead_boar 1-24-2021, 8:36:17 AM
pyspil(pyspil) used a dead_boar 1-24-2021, 8:36:17 AM
pyspil(pyspil) used a dead_boar 1-24-2021, 8:36:17 AM
pyspil(pyspil) used a dead_boar 1-24-2021, 8:36:17 AM
pyspil(pyspil) used a dead_boar 1-24-2021, 8:36:18 AM
pyspil(pyspil) used a dead_boar 1-24-2021, 8:36:18 AM
pyspil(pyspil) used a dead_boar 1-24-2021, 8:36:21 AM
pyspil(pyspil) used a dead_boar 1-24-2021, 8:36:21 AM
pyspil(pyspil) used a dead_boar 1-24-2021, 8:36:21 AM
pyspil(pyspil) used a dead_boar 1-24-2021, 8:36:21 AM
pyspil(pyspil) used a dead_boar 1-24-2021, 8:36:21 AM
pyspil(pyspil) used a dead_boar 1-24-2021, 8:36:22 AM
pyspil(pyspil) used a dead_boar 1-24-2021, 8:36:22 AM
pyspil(pyspil) used a dead_boar 1-24-2021, 8:36:22 AM
pyspil(pyspil) used a dead_boar 1-24-2021, 8:36:22 AM
pyspil(pyspil) used a dead_boar 1-24-2021, 8:36:22 AM
pyspil(pyspil) used a dead_boar 1-24-2021, 8:36:23 AM
pyspil(pyspil) used a dead_boar 1-24-2021, 8:36:23 AM
pyspil(pyspil) used a dead_boar 1-24-2021, 8:36:23 AM
pyspil(pyspil) used a dead_boar 1-24-2021, 8:36:23 AM
pyspil(pyspil) used a dead_boar 1-24-2021, 8:36:24 AM
pyspil(pyspil) used a dead_boar 1-24-2021, 8:36:24 AM
pyspil(pyspil) used a dead_boar 1-24-2021, 8:36:24 AM
pyspil(pyspil) used a dead_boar 1-24-2021, 8:36:24 AM
pyspil(pyspil) used a dead_boar 1-24-2021, 8:36:24 AM
pyspil(pyspil) used a dead_boar 1-24-2021, 8:36:25 AM
pyspil(pyspil) used a dead_boar 1-24-2021, 8:36:25 AM
pyspil(pyspil) used a dead_boar 1-24-2021, 8:36:25 AM
pyspil(pyspil) used a dead_boar 1-24-2021, 8:36:25 AM
pyspil(pyspil) used a dead_boar 1-24-2021, 8:36:26 AM
pyspil(pyspil) used a dead_boar 1-24-2021, 8:36:26 AM
pyspil(pyspil) used a dead_boar 1-24-2021, 8:36:26 AM
pyspil(pyspil) used a dead_boar 1-24-2021, 8:36:27 AM
pyspil(pyspil) used a dead_boar 1-24-2021, 8:36:27 AM
pyspil(pyspil) used a dead_boar 1-24-2021, 8:36:28 AM
pyspil(pyspil) used a dead_boar 1-24-2021, 8:36:28 AM
pyspil(pyspil) used a dead_boar 1-24-2021, 8:36:28 AM
pyspil(pyspil) used a dead_boar 1-24-2021, 8:36:28 AM
pyspil(pyspil) used a dead_boar 1-24-2021, 8:36:29 AM
pyspil(pyspil) used a dead_boar 1-24-2021, 8:36:29 AM
pyspil(pyspil) used a dead_boar 1-24-2021, 8:36:29 AM
pyspil(pyspil) used a dead_boar 1-24-2021, 8:36:29 AM
pyspil(pyspil) used a dead_boar 1-24-2021, 8:36:29 AM
pyspil(pyspil) used a dead_boar 1-24-2021, 8:36:30 AM
pyspil(pyspil) used a dead_boar 1-24-2021, 8:36:30 AM
pyspil(pyspil) used a dead_boar 1-24-2021, 8:36:30 AM
pyspil(pyspil) used a dead_boar 1-24-2021, 8:36:30 AM
pyspil(pyspil) used a dead_boar 1-24-2021, 8:36:31 AM
pyspil(pyspil) used a dead_boar 1-24-2021, 8:36:31 AM
pyspil(pyspil) used a dead_boar 1-24-2021, 8:36:31 AM
pyspil(pyspil) used a dead_boar 1-24-2021, 8:36:32 AM
pyspil(pyspil) used a dead_boar 1-24-2021, 8:36:32 AM
pyspil(pyspil) used a dead_boar 1-24-2021, 8:36:32 AM
pyspil(pyspil) used a dead_boar 1-24-2021, 8:36:32 AM
pyspil(pyspil) used a dead_boar 1-24-2021, 8:36:33 AM
pyspil(pyspil) used a dead_boar 1-24-2021, 8:36:33 AM
pyspil(pyspil) used a dead_boar 1-24-2021, 8:36:33 AM
pyspil(pyspil) used a dead_boar 1-24-2021, 8:36:33 AM
pyspil(pyspil) used a dead_boar 1-24-2021, 8:36:33 AM
pyspil(pyspil) used a dead_boar 1-24-2021, 8:36:34 AM
pyspil(pyspil) used a dead_boar 1-24-2021, 8:36:34 AM
pyspil(pyspil) used a dead_boar 1-24-2021, 8:36:34 AM
pyspil(pyspil) used a dead_boar 1-24-2021, 8:36:34 AM
pyspil(pyspil) used a dead_boar 1-24-2021, 8:36:34 AM
pyspil(pyspil) used a dead_boar 1-24-2021, 8:36:35 AM
pyspil(pyspil) used a dead_boar 1-24-2021, 8:36:35 AM
pyspil(pyspil) used a dead_boar 1-24-2021, 8:36:35 AM
pyspil(pyspil) used a dead_boar 1-24-2021, 8:36:35 AM
pyspil(pyspil) used a dead_boar 1-24-2021, 8:36:35 AM
pyspil(pyspil) used a dead_boar 1-24-2021, 8:36:35 AM
pyspil(pyspil) used a dead_boar 1-24-2021, 8:36:36 AM
pyspil(pyspil) used a dead_boar 1-24-2021, 8:36:36 AM
pyspil(pyspil) used a dead_boar 1-24-2021, 8:36:36 AM
pyspil(pyspil) used a dead_boar 1-24-2021, 8:36:36 AM
pyspil(pyspil) used a dead_boar 1-24-2021, 8:36:37 AM
pyspil(pyspil) used a dead_boar 1-24-2021, 8:36:37 AM
pyspil(pyspil) used a dead_boar 1-24-2021, 8:36:40 AM
pyspil(pyspil) used a dead_boar 1-24-2021, 8:36:40 AM
pyspil(pyspil) used a dead_boar 1-24-2021, 8:36:40 AM
pyspil(pyspil) used a dead_boar 1-24-2021, 8:36:40 AM
pyspil(pyspil) used a dead_boar 1-24-2021, 8:36:41 AM
pyspil(pyspil) used a dead_boar 1-24-2021, 8:36:44 AM
pyspil(pyspil) used a dead_boar 1-24-2021, 8:36:45 AM
pyspil(pyspil) used a dead_boar 1-24-2021, 8:36:45 AM
pyspil(pyspil) used a dead_boar 1-24-2021, 8:36:45 AM
pyspil(pyspil) used a dead_boar 1-24-2021, 8:36:45 AM
pyspil(pyspil) used a dead_boar 1-24-2021, 8:36:49 AM
pyspil(pyspil) used a dead_boar 1-24-2021, 8:36:49 AM
pyspil(pyspil) used a dead_boar 1-24-2021, 8:36:49 AM
pyspil(pyspil) used a dead_boar 1-24-2021, 8:36:50 AM
pyspil(pyspil) used a dead_boar 1-24-2021, 8:36:50 AM
pyspil(pyspil) used a dead_boar 1-24-2021, 8:36:50 AM
pyspil(pyspil) used a dead_boar 1-24-2021, 8:36:50 AM
pyspil(pyspil) used a dead_boar 1-24-2021, 8:36:51 AM
pyspil(pyspil) used a dead_boar 1-24-2021, 8:36:51 AM
pyspil(pyspil) used a dead_boar 1-24-2021, 8:36:51 AM
pyspil(pyspil) used a dead_boar 1-24-2021, 8:36:53 AM
pyspil(pyspil) used a dead_boar 1-24-2021, 8:36:53 AM
pyspil(pyspil) used a dead_boar 1-24-2021, 8:36:53 AM
pyspil(pyspil) used a dead_boar 1-24-2021, 8:36:53 AM
pyspil(pyspil) used a dead_boar 1-24-2021, 8:36:53 AM
pyspil(pyspil) used a dead_boar 1-24-2021, 8:36:55 AM
pyspil(pyspil) used a dead_boar 1-24-2021, 8:36:55 AM
pyspil(pyspil) used a dead_boar 1-24-2021, 8:36:56 AM
pyspil(pyspil) used a dead_boar 1-24-2021, 8:36:56 AM
pyspil(pyspil) used a dead_boar 1-24-2021, 8:36:56 AM
pyspil(pyspil) used a dead_boar 1-24-2021, 8:36:56 AM
pyspil(pyspil) used a dead_boar 1-24-2021, 8:36:56 AM
pyspil(pyspil) used a dead_boar 1-24-2021, 8:36:57 AM
pyspil(pyspil) used a dead_boar 1-24-2021, 8:36:57 AM
pyspil(pyspil) used a dead_boar 1-24-2021, 8:36:57 AM
pyspil(pyspil) used a dead_boar 1-24-2021, 8:36:57 AM
pyspil(pyspil) used a dead_boar 1-24-2021, 8:36:57 AM
pyspil(pyspil) used a dead_boar 1-24-2021, 8:36:58 AM
pyspil(pyspil) used a dead_boar 1-24-2021, 8:36:58 AM
pyspil(pyspil) used a dead_boar 1-24-2021, 8:36:58 AM
pyspil(pyspil) used a dead_boar 1-24-2021, 8:36:58 AM
pyspil(pyspil) used a dead_boar 1-24-2021, 8:36:58 AM
pyspil(pyspil) used a dead_boar 1-24-2021, 8:36:59 AM
pyspil(pyspil) used a dead_boar 1-24-2021, 8:36:59 AM
pyspil(pyspil) used a dead_boar 1-24-2021, 8:36:59 AM
pyspil(pyspil) used a dead_boar 1-24-2021, 8:36:59 AM
pyspil(pyspil) used a dead_boar 1-24-2021, 8:36:59 AM
pyspil(pyspil) used a dead_boar 1-24-2021, 8:36:59 AM
pyspil(pyspil) used a dead_boar 1-24-2021, 8:37:00 AM
pyspil(pyspil) used a dead_boar 1-24-2021, 8:37:00 AM
pyspil(pyspil) used a dead_boar 1-24-2021, 8:37:02 AM
pyspil(pyspil) used a dead_boar 1-24-2021, 8:37:03 AM
pyspil(pyspil) used a dead_boar 1-24-2021, 8:37:03 AM
pyspil(pyspil) used a dead_boar 1-24-2021, 8:37:03 AM
pyspil(pyspil) used a dead_boar 1-24-2021, 8:37:03 AM
pyspil(pyspil) used a dead_boar 1-24-2021, 8:37:03 AM
pyspil(pyspil) used a dead_boar 1-24-2021, 8:37:04 AM
pyspil(pyspil) used a dead_boar 1-24-2021, 8:37:04 AM
pyspil(pyspil) used a dead_boar 1-24-2021, 8:37:04 AM
pyspil(pyspil) used a dead_boar 1-24-2021, 8:37:04 AM
pyspil(pyspil) used a dead_boar 1-24-2021, 8:37:04 AM
pyspil(pyspil) used a dead_boar 1-24-2021, 8:37:05 AM
pyspil(pyspil) used a dead_boar 1-24-2021, 8:37:05 AM
pyspil(pyspil) used a dead_boar 1-24-2021, 8:37:05 AM
pyspil(pyspil) used a dead_boar 1-24-2021, 8:37:05 AM
pyspil(pyspil) used a dead_boar 1-24-2021, 8:37:05 AM
pyspil(pyspil) used a dead_boar 1-24-2021, 8:37:06 AM
pyspil(pyspil) used a dead_boar 1-24-2021, 8:37:06 AM
pyspil(pyspil) used a dead_boar 1-24-2021, 8:37:06 AM
pyspil(pyspil) used a dead_boar 1-24-2021, 8:37:06 AM
pyspil(pyspil) used a dead_boar 1-24-2021, 8:37:06 AM
pyspil(pyspil) used a dead_boar 1-24-2021, 8:37:07 AM
pyspil(pyspil) used a dead_boar 1-24-2021, 8:37:07 AM
pyspil(pyspil) used a dead_boar 1-24-2021, 8:37:07 AM
pyspil(pyspil) used a dead_boar 1-24-2021, 8:37:07 AM
pyspil(pyspil) used a dead_boar 1-24-2021, 8:37:07 AM
pyspil(pyspil) used a dead_boar 1-24-2021, 8:37:08 AM
pyspil(pyspil) used a dead_boar 1-24-2021, 8:37:09 AM
pyspil(pyspil) used a dead_boar 1-24-2021, 8:37:10 AM
pyspil(pyspil) used a dead_boar 1-24-2021, 8:37:10 AM
pyspil(pyspil) used a dead_boar 1-24-2021, 8:37:15 AM
pyspil(pyspil) used a dead_boar 1-24-2021, 8:37:15 AM
pyspil(pyspil) used a dead_boar 1-24-2021, 8:37:16 AM
pyspil(pyspil) used a dead_boar 1-24-2021, 8:37:16 AM
pyspil(pyspil) used a dead_boar 1-24-2021, 8:37:16 AM
pyspil(pyspil) used a dead_boar 1-24-2021, 8:37:16 AM
pyspil(pyspil) used a dead_boar 1-24-2021, 8:37:16 AM
pyspil(pyspil) used a dead_boar 1-24-2021, 8:37:17 AM
pyspil(pyspil) used a dead_boar 1-24-2021, 8:37:17 AM
pyspil(pyspil) used a dead_boar 1-24-2021, 8:37:17 AM
pyspil(pyspil) used a dead_boar 1-24-2021, 8:37:17 AM
pyspil(pyspil) used a dead_boar 1-24-2021, 8:37:17 AM
pyspil(pyspil) used a dead_boar 1-24-2021, 8:37:18 AM
pyspil(pyspil) used a dead_boar 1-24-2021, 8:37:18 AM
pyspil(pyspil) used a dead_boar 1-24-2021, 8:37:18 AM
pyspil(pyspil) used a dead_boar 1-24-2021, 8:37:18 AM
pyspil(pyspil) used a dead_boar 1-24-2021, 8:37:28 AM
pyspil(pyspil) used a dead_boar 1-24-2021, 8:37:28 AM
pyspil(pyspil) used a dead_boar 1-24-2021, 8:37:28 AM
pyspil(pyspil) used a dead_boar 1-24-2021, 8:37:30 AM
pyspil(pyspil) used a dead_boar 1-24-2021, 8:37:30 AM
pyspil(pyspil) used a dead_boar 1-24-2021, 8:37:31 AM
pyspil(pyspil) used a dead_boar 1-24-2021, 8:37:31 AM
pyspil(pyspil) used a dead_boar 1-24-2021, 8:37:31 AM
pyspil(pyspil) used a dead_boar 1-24-2021, 8:37:31 AM
pyspil(pyspil) used a dead_boar 1-24-2021, 8:37:31 AM
pyspil(pyspil) used a dead_boar 1-24-2021, 8:37:32 AM
pyspil(pyspil) used a dead_boar 1-24-2021, 8:37:32 AM
pyspil(pyspil) used a dead_boar 1-24-2021, 8:37:32 AM
pyspil(pyspil) used a dead_boar 1-24-2021, 8:37:32 AM
pyspil(pyspil) used a dead_boar 1-24-2021, 8:37:32 AM
pyspil(pyspil) used a dead_boar 1-24-2021, 8:37:32 AM
pyspil(pyspil) used a dead_boar 1-24-2021, 8:37:33 AM
pyspil(pyspil) used a dead_boar 1-24-2021, 8:37:33 AM
pyspil(pyspil) used a dead_boar 1-24-2021, 8:37:33 AM
pyspil(pyspil) used a dead_boar 1-24-2021, 8:37:33 AM
pyspil(pyspil) used a dead_boar 1-24-2021, 8:37:33 AM
pyspil(pyspil) used a dead_boar 1-24-2021, 8:37:34 AM
pyspil(pyspil) used a dead_boar 1-24-2021, 8:37:34 AM
pyspil(pyspil) used a dead_boar 1-24-2021, 8:37:34 AM
pyspil(pyspil) used a dead_boar 1-24-2021, 8:37:34 AM
pyspil(pyspil) used a dead_boar 1-24-2021, 8:37:34 AM
pyspil(pyspil) used a dead_boar 1-24-2021, 8:37:35 AM
pyspil(pyspil) used a dead_boar 1-24-2021, 8:37:35 AM
pyspil(pyspil) used a dead_boar 1-24-2021, 8:37:35 AM
pyspil(pyspil) used a dead_boar 1-24-2021, 8:37:35 AM
pyspil(pyspil) used a dead_boar 1-24-2021, 8:37:35 AM
pyspil(pyspil) used a dead_boar 1-24-2021, 8:37:36 AM
pyspil(pyspil) used a dead_boar 1-24-2021, 8:37:36 AM
pyspil(pyspil) used a dead_boar 1-24-2021, 8:37:36 AM
pyspil(pyspil) used a dead_boar 1-24-2021, 8:37:36 AM
pyspil(pyspil) used a dead_boar 1-24-2021, 8:37:37 AM
pyspil(pyspil) used a dead_boar 1-24-2021, 8:37:37 AM
pyspil(pyspil) used a dead_boar 1-24-2021, 8:37:37 AM
pyspil(pyspil) used a dead_boar 1-24-2021, 8:37:37 AM
pyspil(pyspil) used a dead_boar 1-24-2021, 8:37:38 AM
pyspil(pyspil) used a dead_boar 1-24-2021, 8:37:39 AM
pyspil(pyspil) used a dead_boar 1-24-2021, 8:37:39 AM
pyspil(pyspil) used a dead_boar 1-24-2021, 8:37:40 AM
pyspil(pyspil) used a dead_boar 1-24-2021, 8:37:40 AM
pyspil(pyspil) used a dead_boar 1-24-2021, 8:37:40 AM
pyspil(pyspil) used a dead_boar 1-24-2021, 8:37:40 AM
pyspil(pyspil) used a dead_boar 1-24-2021, 8:37:40 AM
pyspil(pyspil) used a dead_boar 1-24-2021, 8:37:40 AM
pyspil(pyspil) used a dead_boar 1-24-2021, 8:37:41 AM
pyspil(pyspil) used a dead_boar 1-24-2021, 8:37:41 AM
pyspil(pyspil) used a dead_boar 1-24-2021, 8:37:41 AM
pyspil(pyspil) used a dead_boar 1-24-2021, 8:37:41 AM
pyspil(pyspil) used a dead_boar 1-24-2021, 8:37:41 AM
pyspil(pyspil) used a dead_boar 1-24-2021, 8:37:41 AM
pyspil(pyspil) used a skinned_goat 1-24-2021, 8:37:45 AM
pyspil(pyspil) used a skinned_goat 1-24-2021, 8:37:46 AM
pyspil(pyspil) used a skinned_goat 1-24-2021, 8:37:46 AM
pyspil(pyspil) used a skinned_goat 1-24-2021, 8:37:46 AM
pyspil(pyspil) used a skinned_goat 1-24-2021, 8:37:47 AM
pyspil(pyspil) used a skinned_goat 1-24-2021, 8:37:47 AM
pyspil(pyspil) used a skinned_goat 1-24-2021, 8:37:47 AM
pyspil(pyspil) used a skinned_goat 1-24-2021, 8:37:47 AM
pyspil(pyspil) used a skinned_goat 1-24-2021, 8:37:48 AM
pyspil(pyspil) used a skinned_goat 1-24-2021, 8:37:48 AM
pyspil(pyspil) used a skinned_goat 1-24-2021, 8:37:48 AM
pyspil(pyspil) used a skinned_goat 1-24-2021, 8:37:49 AM
pyspil(pyspil) used a skinned_goat 1-24-2021, 8:37:49 AM
pyspil(pyspil) used a skinned_goat 1-24-2021, 8:37:49 AM
pyspil(pyspil) used a skinned_goat 1-24-2021, 8:37:49 AM
pyspil(pyspil) used a skinned_goat 1-24-2021, 8:37:50 AM
pyspil(pyspil) used a skinned_goat 1-24-2021, 8:37:50 AM
pyspil(pyspil) used a skinned_goat 1-24-2021, 8:37:50 AM
pyspil(pyspil) used a skinned_goat 1-24-2021, 8:37:50 AM
pyspil(pyspil) used a skinned_goat 1-24-2021, 8:37:51 AM
pyspil(pyspil) used a skinned_goat 1-24-2021, 8:37:51 AM
pyspil(pyspil) used a skinned_goat 1-24-2021, 8:37:51 AM
pyspil(pyspil) used a skinned_goat 1-24-2021, 8:37:51 AM
pyspil(pyspil) used a skinned_goat 1-24-2021, 8:37:51 AM
pyspil(pyspil) used a skinned_goat 1-24-2021, 8:37:52 AM
pyspil(pyspil) used a skinned_goat 1-24-2021, 8:37:52 AM
pyspil(pyspil) used a skinned_goat 1-24-2021, 8:37:52 AM
pyspil(pyspil) used a skinned_goat 1-24-2021, 8:37:52 AM
pyspil(pyspil) used a skinned_goat 1-24-2021, 8:37:53 AM
pyspil(pyspil) used a skinned_goat 1-24-2021, 8:37:53 AM
pyspil(pyspil) used a skinned_goat 1-24-2021, 8:37:53 AM
pyspil(pyspil) used a skinned_goat 1-24-2021, 8:37:53 AM
pyspil(pyspil) used a skinned_goat 1-24-2021, 8:37:54 AM
pyspil(pyspil) used a skinned_goat 1-24-2021, 8:37:54 AM
pyspil(pyspil) used a skinned_goat 1-24-2021, 8:37:57 AM
pyspil(pyspil) used a skinned_goat 1-24-2021, 8:37:57 AM
pyspil(pyspil) used a skinned_goat 1-24-2021, 8:37:57 AM
pyspil(pyspil) used a skinned_goat 1-24-2021, 8:37:57 AM
pyspil(pyspil) used a skinned_goat 1-24-2021, 8:37:58 AM
pyspil(pyspil) used a skinned_goat 1-24-2021, 8:37:58 AM
pyspil(pyspil) used a skinned_goat 1-24-2021, 8:37:58 AM
pyspil(pyspil) used a skinned_goat 1-24-2021, 8:37:58 AM
pyspil(pyspil) used a skinned_goat 1-24-2021, 8:37:58 AM
pyspil(pyspil) used a skinned_goat 1-24-2021, 8:37:59 AM
pyspil(pyspil) used a skinned_goat 1-24-2021, 8:37:59 AM
pyspil(pyspil) used a skinned_goat 1-24-2021, 8:37:59 AM
pyspil(pyspil) used a skinned_goat 1-24-2021, 8:37:59 AM
pyspil(pyspil) used a skinned_goat 1-24-2021, 8:38:00 AM
pyspil(pyspil) used a skinned_goat 1-24-2021, 8:38:00 AM
pyspil(pyspil) used a skinned_goat 1-24-2021, 8:38:00 AM
pyspil(pyspil) used a skinned_goat 1-24-2021, 8:38:00 AM
pyspil(pyspil) used a skinned_goat 1-24-2021, 8:38:01 AM
pyspil(pyspil) used a skinned_goat 1-24-2021, 8:38:01 AM
pyspil(pyspil) used a skinned_goat 1-24-2021, 8:38:01 AM
pyspil(pyspil) used a skinned_goat 1-24-2021, 8:38:01 AM
pyspil(pyspil) used a skinned_goat 1-24-2021, 8:38:02 AM
pyspil(pyspil) used a skinned_goat 1-24-2021, 8:38:02 AM
pyspil(pyspil) used a skinned_goat 1-24-2021, 8:38:02 AM
pyspil(pyspil) used a skinned_goat 1-24-2021, 8:38:02 AM
pyspil(pyspil) used a skinned_goat 1-24-2021, 8:38:03 AM
pyspil(pyspil) used a skinned_goat 1-24-2021, 8:38:03 AM
pyspil(pyspil) used a skinned_goat 1-24-2021, 8:38:03 AM
pyspil(pyspil) used a skinned_goat 1-24-2021, 8:38:03 AM
pyspil(pyspil) used a skinned_goat 1-24-2021, 8:38:03 AM
pyspil(pyspil) used a skinned_goat 1-24-2021, 8:38:04 AM
pyspil(pyspil) used a skinned_goat 1-24-2021, 8:38:04 AM
pyspil(pyspil) used a skinned_goat 1-24-2021, 8:38:04 AM
pyspil(pyspil) used a skinned_goat 1-24-2021, 8:38:04 AM
pyspil(pyspil) used a skinned_goat 1-24-2021, 8:38:05 AM
pyspil(pyspil) used a skinned_goat 1-24-2021, 8:38:05 AM
pyspil(pyspil) used a skinned_goat 1-24-2021, 8:38:05 AM
pyspil(pyspil) used a skinned_goat 1-24-2021, 8:38:05 AM
pyspil(pyspil) used a skinned_goat 1-24-2021, 8:38:05 AM
pyspil(pyspil) used a skinned_goat 1-24-2021, 8:38:06 AM
pyspil(pyspil) used a skinned_goat 1-24-2021, 8:38:06 AM
pyspil(pyspil) used a skinned_goat 1-24-2021, 8:38:06 AM
pyspil(pyspil) used a skinned_goat 1-24-2021, 8:38:06 AM
pyspil(pyspil) used a skinned_goat 1-24-2021, 8:38:06 AM
pyspil(pyspil) used a skinned_goat 1-24-2021, 8:38:06 AM
pyspil(pyspil) used a skinned_goat 1-24-2021, 8:38:07 AM
pyspil(pyspil) used a skinned_goat 1-24-2021, 8:38:07 AM
pyspil(pyspil) used a skinned_goat 1-24-2021, 8:38:07 AM
pyspil(pyspil) used a skinned_goat 1-24-2021, 8:38:07 AM
pyspil(pyspil) used a skinned_goat 1-24-2021, 8:38:07 AM
pyspil(pyspil) used a skinned_goat 1-24-2021, 8:38:07 AM
pyspil(pyspil) used a skinned_goat 1-24-2021, 8:38:08 AM
pyspil(pyspil) used a skinned_goat 1-24-2021, 8:38:08 AM
pyspil(pyspil) used a skinned_goat 1-24-2021, 8:38:08 AM
pyspil(pyspil) used a skinned_goat 1-24-2021, 8:38:08 AM
pyspil(pyspil) used a skinned_goat 1-24-2021, 8:38:08 AM
pyspil(pyspil) used a skinned_goat 1-24-2021, 8:38:10 AM
pyspil(pyspil) used a skinned_goat 1-24-2021, 8:38:10 AM
pyspil(pyspil) used a skinned_goat 1-24-2021, 8:38:10 AM
pyspil(pyspil) used a skinned_goat 1-24-2021, 8:38:10 AM
pyspil(pyspil) used a skinned_goat 1-24-2021, 8:38:10 AM
pyspil(pyspil) used a skinned_goat 1-24-2021, 8:38:11 AM
pyspil(pyspil) used a lion_skin 1-24-2021, 8:38:28 AM
pyspil(pyspil) used a skinned_lion 1-24-2021, 8:38:39 AM
pyspil(pyspil) used a skinned_lion 1-24-2021, 8:38:40 AM
pyspil(pyspil) used a skinned_lion 1-24-2021, 8:38:40 AM
pyspil(pyspil) used a skinned_lion 1-24-2021, 8:38:42 AM
pyspil(pyspil) used a skinned_lion 1-24-2021, 8:38:42 AM
pyspil(pyspil) used a skinned_lion 1-24-2021, 8:38:42 AM
pyspil(pyspil) used a skinned_lion 1-24-2021, 8:38:42 AM
pyspil(pyspil) used a skinned_lion 1-24-2021, 8:38:42 AM
pyspil(pyspil) used a skinned_lion 1-24-2021, 8:38:42 AM
pyspil(pyspil) used a skinned_lion 1-24-2021, 8:38:43 AM
pyspil(pyspil) used a skinned_lion 1-24-2021, 8:38:43 AM
pyspil(pyspil) used a skinned_lion 1-24-2021, 8:38:43 AM
pyspil(pyspil) used a skinned_lion 1-24-2021, 8:38:43 AM
pyspil(pyspil) used a skinned_lion 1-24-2021, 8:38:43 AM
pyspil(pyspil) used a skinned_lion 1-24-2021, 8:38:43 AM
pyspil(pyspil) used a skinned_lion 1-24-2021, 8:38:44 AM
pyspil(pyspil) used a skinned_lion 1-24-2021, 8:38:44 AM
pyspil(pyspil) used a skinned_lion 1-24-2021, 8:38:44 AM
pyspil(pyspil) used a skinned_lion 1-24-2021, 8:38:44 AM
pyspil(pyspil) used a skinned_lion 1-24-2021, 8:38:44 AM
pyspil(pyspil) used a skinned_lion 1-24-2021, 8:38:45 AM
pyspil(pyspil) used a skinned_lion 1-24-2021, 8:38:45 AM
pyspil(pyspil) used a skinned_lion 1-24-2021, 8:38:45 AM
pyspil(pyspil) used a skinned_lion 1-24-2021, 8:38:45 AM
pyspil(pyspil) used a skinned_lion 1-24-2021, 8:38:45 AM
pyspil(pyspil) used a skinned_lion 1-24-2021, 8:38:46 AM
pyspil(pyspil) used a skinned_lion 1-24-2021, 8:38:46 AM
pyspil(pyspil) used a skinned_lion 1-24-2021, 8:38:46 AM
pyspil(pyspil) used a skinned_lion 1-24-2021, 8:38:46 AM
pyspil(pyspil) used a skinned_lion 1-24-2021, 8:38:46 AM
pyspil(pyspil) used a skinned_lion 1-24-2021, 8:38:47 AM
pyspil(pyspil) used a skinned_lion 1-24-2021, 8:38:47 AM
pyspil(pyspil) used a skinned_lion 1-24-2021, 8:38:47 AM
pyspil(pyspil) used a skinned_lion 1-24-2021, 8:38:47 AM
pyspil(pyspil) used a skinned_lion 1-24-2021, 8:38:48 AM
pyspil(pyspil) used a skinned_lion 1-24-2021, 8:38:48 AM
pyspil(pyspil) used a skinned_lion 1-24-2021, 8:38:48 AM
pyspil(pyspil) used a skinned_lion 1-24-2021, 8:38:48 AM
pyspil(pyspil) used a skinned_lion 1-24-2021, 8:38:49 AM
pyspil(pyspil) used a skinned_lion 1-24-2021, 8:38:49 AM
pyspil(pyspil) used a skinned_lion 1-24-2021, 8:38:50 AM
pyspil(pyspil) used a skinned_lion 1-24-2021, 8:38:50 AM
pyspil(pyspil) used a skinned_lion 1-24-2021, 8:38:50 AM
pyspil(pyspil) used a skinned_lion 1-24-2021, 8:38:50 AM
pyspil(pyspil) used a skinned_lion 1-24-2021, 8:38:50 AM
pyspil(pyspil) used a skinned_lion 1-24-2021, 8:38:51 AM
pyspil(pyspil) used a skinned_lion 1-24-2021, 8:38:51 AM
pyspil(pyspil) used a skinned_lion 1-24-2021, 8:38:51 AM
pyspil(pyspil) used a skinned_lion 1-24-2021, 8:38:51 AM
pyspil(pyspil) used a skinned_lion 1-24-2021, 8:38:51 AM
pyspil(pyspil) used a skinned_lion 1-24-2021, 8:38:52 AM
pyspil(pyspil) used a skinned_lion 1-24-2021, 8:38:52 AM
pyspil(pyspil) used a skinned_lion 1-24-2021, 8:38:52 AM
pyspil(pyspil) used a skinned_lion 1-24-2021, 8:38:52 AM
pyspil(pyspil) used a skinned_lion 1-24-2021, 8:38:53 AM
pyspil(pyspil) used a skinned_lion 1-24-2021, 8:38:53 AM
pyspil(pyspil) used a skinned_lion 1-24-2021, 8:38:53 AM
pyspil(pyspil) used a skinned_lion 1-24-2021, 8:38:53 AM
pyspil(pyspil) used a skinned_lion 1-24-2021, 8:38:54 AM
pyspil(pyspil) used a skinned_lion 1-24-2021, 8:38:54 AM
pyspil(pyspil) used a skinned_lion 1-24-2021, 8:38:54 AM
pyspil(pyspil) used a skinned_lion 1-24-2021, 8:38:54 AM
pyspil(pyspil) used a skinned_lion 1-24-2021, 8:38:54 AM
pyspil(pyspil) used a skinned_lion 1-24-2021, 8:38:55 AM
pyspil(pyspil) used a skinned_lion 1-24-2021, 8:38:55 AM
pyspil(pyspil) used a skinned_lion 1-24-2021, 8:38:55 AM
pyspil(pyspil) used a skinned_lion 1-24-2021, 8:38:55 AM
pyspil(pyspil) used a skinned_lion 1-24-2021, 8:38:55 AM
pyspil(pyspil) used a skinned_lion 1-24-2021, 8:38:56 AM
pyspil(pyspil) used a skinned_lion 1-24-2021, 8:38:56 AM
pyspil(pyspil) used a skinned_lion 1-24-2021, 8:38:56 AM
pyspil(pyspil) used a skinned_lion 1-24-2021, 8:38:56 AM
pyspil(pyspil) used a skinned_lion 1-24-2021, 8:38:57 AM
pyspil(pyspil) used a skinned_lion 1-24-2021, 8:38:57 AM
pyspil(pyspil) used a skinned_lion 1-24-2021, 8:38:57 AM
pyspil(pyspil) used a skinned_lion 1-24-2021, 8:38:57 AM
pyspil(pyspil) used a skinned_lion 1-24-2021, 8:38:57 AM
pyspil(pyspil) used a skinned_lion 1-24-2021, 8:38:58 AM
pyspil(pyspil) used a skinned_lion 1-24-2021, 8:38:58 AM
pyspil(pyspil) used a skinned_lion 1-24-2021, 8:38:58 AM
pyspil(pyspil) used a skinned_lion 1-24-2021, 8:38:58 AM
pyspil(pyspil) used a skinned_lion 1-24-2021, 8:38:59 AM
pyspil(pyspil) used a skinned_lion 1-24-2021, 8:38:59 AM
pyspil(pyspil) used a skinned_lion 1-24-2021, 8:38:59 AM
pyspil(pyspil) used a skinned_lion 1-24-2021, 8:38:59 AM
pyspil(pyspil) used a skinned_lion 1-24-2021, 8:39:00 AM
pyspil(pyspil) used a skinned_lion 1-24-2021, 8:39:00 AM
pyspil(pyspil) used a skinned_lion 1-24-2021, 8:39:00 AM
pyspil(pyspil) used a skinned_lion 1-24-2021, 8:39:00 AM
pyspil(pyspil) used a skinned_lion 1-24-2021, 8:39:00 AM
pyspil(pyspil) used a skinned_lion 1-24-2021, 8:39:01 AM
pyspil(pyspil) used a skinned_lion 1-24-2021, 8:39:01 AM
pyspil(pyspil) used a skinned_lion 1-24-2021, 8:39:01 AM
pyspil(pyspil) used a skinned_lion 1-24-2021, 8:39:02 AM
pyspil(pyspil) used a skinned_lion 1-24-2021, 8:39:02 AM
pyspil(pyspil) used a skinned_lion 1-24-2021, 8:39:02 AM
pyspil(pyspil) used a skinned_lion 1-24-2021, 8:39:02 AM
pyspil(pyspil) used a skinned_lion 1-24-2021, 8:39:02 AM
pyspil(pyspil) used a skinned_lion 1-24-2021, 8:39:03 AM
pyspil(pyspil) used a skinned_lion 1-24-2021, 8:39:03 AM
pyspil(pyspil) used a skinned_lion 1-24-2021, 8:39:03 AM
pyspil(pyspil) used a skinned_lion 1-24-2021, 8:39:03 AM
pyspil(pyspil) used a skinned_lion 1-24-2021, 8:39:04 AM
pyspil(pyspil) used a skinned_lion 1-24-2021, 8:39:04 AM
pyspil(pyspil) used a skinned_lion 1-24-2021, 8:39:04 AM
pyspil(pyspil) used a skinned_lion 1-24-2021, 8:39:04 AM
pyspil(pyspil) used a skinned_lion 1-24-2021, 8:39:04 AM
pyspil(pyspil) used a skinned_lion 1-24-2021, 8:39:05 AM
pyspil(pyspil) used a skinned_lion 1-24-2021, 8:39:05 AM
pyspil(pyspil) used a skinned_lion 1-24-2021, 8:39:05 AM
pyspil(pyspil) used a skinned_lion 1-24-2021, 8:39:05 AM
pyspil(pyspil) used a skinned_lion 1-24-2021, 8:39:06 AM
pyspil(pyspil) used a skinned_lion 1-24-2021, 8:39:06 AM
pyspil(pyspil) used a skinned_lion 1-24-2021, 8:39:06 AM
pyspil(pyspil) used a skinned_lion 1-24-2021, 8:39:06 AM
pyspil(pyspil) used a skinned_lion 1-24-2021, 8:39:07 AM
pyspil(pyspil) used a skinned_lion 1-24-2021, 8:39:07 AM
pyspil(pyspil) used a skinned_lion 1-24-2021, 8:39:07 AM
pyspil(pyspil) used a skinned_lion 1-24-2021, 8:39:07 AM
pyspil(pyspil) used a skinned_lion 1-24-2021, 8:39:07 AM
pyspil(pyspil) used a skinned_lion 1-24-2021, 8:39:08 AM
pyspil(pyspil) used a skinned_lion 1-24-2021, 8:39:08 AM
pyspil(pyspil) used a skinned_lion 1-24-2021, 8:39:08 AM
pyspil(pyspil) used a skinned_lion 1-24-2021, 8:39:10 AM
pyspil(pyspil) used a skinned_lion 1-24-2021, 8:39:10 AM
pyspil(pyspil) used a skinned_lion 1-24-2021, 8:39:10 AM
pyspil(pyspil) used a skinned_lion 1-24-2021, 8:39:13 AM
pyspil(pyspil) used a skinned_lion 1-24-2021, 8:39:13 AM
pyspil(pyspil) used a skinned_lion 1-24-2021, 8:39:14 AM
pyspil(pyspil) used a skinned_lion 1-24-2021, 8:39:14 AM
pyspil(pyspil) used a skinned_lion 1-24-2021, 8:39:14 AM
pyspil(pyspil) used a skinned_lion 1-24-2021, 8:39:15 AM
pyspil(pyspil) used a skinned_lion 1-24-2021, 8:39:16 AM
pyspil(pyspil) used a skinned_lion 1-24-2021, 8:39:16 AM
pyspil(pyspil) used a skinned_lion 1-24-2021, 8:39:16 AM
pyspil(pyspil) used a skinned_lion 1-24-2021, 8:39:16 AM
pyspil(pyspil) used a skinned_lion 1-24-2021, 8:39:16 AM
pyspil(pyspil) used a skinned_lion 1-24-2021, 8:39:17 AM
pyspil(pyspil) used a skinned_lion 1-24-2021, 8:39:17 AM
pyspil(pyspil) used a skinned_lion 1-24-2021, 8:39:17 AM
pyspil(pyspil) used a skinned_lion 1-24-2021, 8:39:17 AM
pyspil(pyspil) used a skinned_lion 1-24-2021, 8:39:17 AM
pyspil(pyspil) used a skinned_lion 1-24-2021, 8:39:18 AM
pyspil(pyspil) used a skinned_lion 1-24-2021, 8:39:18 AM
pyspil(pyspil) used a skinned_lion 1-24-2021, 8:39:18 AM
pyspil(pyspil) used a skinned_lion 1-24-2021, 8:39:18 AM
pyspil(pyspil) used a skinned_lion 1-24-2021, 8:39:18 AM
pyspil(pyspil) used a skinned_lion 1-24-2021, 8:39:19 AM
pyspil(pyspil) used a skinned_lion 1-24-2021, 8:39:19 AM
pyspil(pyspil) used a skinned_lion 1-24-2021, 8:39:19 AM
pyspil(pyspil) used a skinned_lion 1-24-2021, 8:39:19 AM
pyspil(pyspil) used a skinned_lion 1-24-2021, 8:39:19 AM
pyspil(pyspil) used a skinned_lion 1-24-2021, 8:39:20 AM
pyspil(pyspil) used a skinned_lion 1-24-2021, 8:39:20 AM
pyspil(pyspil) used a skinned_lion 1-24-2021, 8:39:20 AM
pyspil(pyspil) used a skinned_lion 1-24-2021, 8:39:20 AM
pyspil(pyspil) used a skinned_lion 1-24-2021, 8:39:20 AM
pyspil(pyspil) used a skinned_lion 1-24-2021, 8:39:21 AM
pyspil(pyspil) used a skinned_lion 1-24-2021, 8:39:21 AM
pyspil(pyspil) used a skinned_lion 1-24-2021, 8:39:21 AM
pyspil(pyspil) used a skinned_lion 1-24-2021, 8:39:21 AM
pyspil(pyspil) used a skinned_lion 1-24-2021, 8:39:22 AM
pyspil(pyspil) used a skinned_lion 1-24-2021, 8:39:22 AM
pyspil(pyspil) used a skinned_lion 1-24-2021, 8:39:22 AM
pyspil(pyspil) used a skinned_lion 1-24-2021, 8:39:23 AM
pyspil(pyspil) used a skinned_lion 1-24-2021, 8:39:23 AM
pyspil(pyspil) used a skinned_lion 1-24-2021, 8:39:23 AM
pyspil(pyspil) used a skinned_lion 1-24-2021, 8:39:24 AM
pyspil(pyspil) used a skinned_lion 1-24-2021, 8:39:24 AM
pyspil(pyspil) used a skinned_lion 1-24-2021, 8:39:24 AM
pyspil(pyspil) used a skinned_lion 1-24-2021, 8:39:24 AM
pyspil(pyspil) used a skinned_lion 1-24-2021, 8:39:25 AM
pyspil(pyspil) used a skinned_lion 1-24-2021, 8:39:25 AM
pyspil(pyspil) used a skinned_lion 1-24-2021, 8:39:25 AM
pyspil(pyspil) used a skinned_lion 1-24-2021, 8:39:25 AM
pyspil(pyspil) used a skinned_lion 1-24-2021, 8:39:26 AM
pyspil(pyspil) used a skinned_lion 1-24-2021, 8:39:26 AM
pyspil(pyspil) used a skinned_lion 1-24-2021, 8:39:28 AM
pyspil(pyspil) used a skinned_lion 1-24-2021, 8:39:30 AM
pyspil(pyspil) used a skinned_lion 1-24-2021, 8:39:32 AM
pyspil(pyspil) used a skinned_lion 1-24-2021, 8:39:40 AM
pyspil(pyspil) used a skinned_lion 1-24-2021, 8:39:48 AM
pyspil(pyspil) used a skinned_lion 1-24-2021, 8:39:49 AM
pyspil(pyspil) used a skinned_lion 1-24-2021, 8:39:49 AM
pyspil(pyspil) used a skinned_lion 1-24-2021, 8:39:49 AM
pyspil(pyspil) used a skinned_lion 1-24-2021, 8:39:50 AM
pyspil(pyspil) used a skinned_lion 1-24-2021, 8:39:50 AM
pyspil(pyspil) used a skinned_lion 1-24-2021, 8:39:50 AM
pyspil(pyspil) used a skinned_lion 1-24-2021, 8:39:50 AM
pyspil(pyspil) used a skinned_lion 1-24-2021, 8:39:50 AM
pyspil(pyspil) used a skinned_lion 1-24-2021, 8:39:51 AM
pyspil(pyspil) used a skinned_lion 1-24-2021, 8:39:51 AM
pyspil(pyspil) used a skinned_lion 1-24-2021, 8:39:51 AM
pyspil(pyspil) used a skinned_lion 1-24-2021, 8:39:51 AM
pyspil(pyspil) used a skinned_lion 1-24-2021, 8:39:51 AM
pyspil(pyspil) used a skinned_lion 1-24-2021, 8:39:52 AM
pyspil(pyspil) used a skinned_lion 1-24-2021, 8:39:52 AM
pyspil(pyspil) used a skinned_lion 1-24-2021, 8:39:52 AM
pyspil(pyspil) used a skinned_lion 1-24-2021, 8:39:52 AM
pyspil(pyspil) used a skinned_lion 1-24-2021, 8:39:53 AM
pyspil(pyspil) used a skinned_lion 1-24-2021, 8:39:53 AM
pyspil(pyspil) used a skinned_lion 1-24-2021, 8:39:53 AM
pyspil(pyspil) used a skinned_lion 1-24-2021, 8:39:54 AM
pyspil(pyspil) used a skinned_lion 1-24-2021, 8:39:54 AM
pyspil(pyspil) used a skinned_lion 1-24-2021, 8:39:55 AM
pyspil(pyspil) used a skinned_lion 1-24-2021, 8:39:55 AM
pyspil(pyspil) used a skinned_lion 1-24-2021, 8:39:55 AM
pyspil(pyspil) used a skinned_lion 1-24-2021, 8:39:56 AM
pyspil(pyspil) used a skinned_lion 1-24-2021, 8:39:57 AM
pyspil(pyspil) used a skinned_gorilla 1-24-2021, 8:40:10 AM
pyspil(pyspil) used a skinned_gorilla 1-24-2021, 8:40:10 AM
pyspil(pyspil) used a skinned_gorilla 1-24-2021, 8:40:11 AM
pyspil(pyspil) used a skinned_gorilla 1-24-2021, 8:40:11 AM
pyspil(pyspil) used a skinned_gorilla 1-24-2021, 8:40:11 AM
pyspil(pyspil) used a skinned_gorilla 1-24-2021, 8:40:12 AM
pyspil(pyspil) used a skinned_gorilla 1-24-2021, 8:40:12 AM
pyspil(pyspil) used a skinned_gorilla 1-24-2021, 8:40:12 AM
pyspil(pyspil) used a skinned_gorilla 1-24-2021, 8:40:12 AM
pyspil(pyspil) used a skinned_gorilla 1-24-2021, 8:40:13 AM
pyspil(pyspil) used a skinned_gorilla 1-24-2021, 8:40:13 AM
pyspil(pyspil) used a skinned_gorilla 1-24-2021, 8:40:13 AM
pyspil(pyspil) used a skinned_gorilla 1-24-2021, 8:40:13 AM
pyspil(pyspil) used a skinned_gorilla 1-24-2021, 8:40:14 AM
pyspil(pyspil) used a skinned_gorilla 1-24-2021, 8:40:14 AM
pyspil(pyspil) used a skinned_gorilla 1-24-2021, 8:40:14 AM
pyspil(pyspil) used a skinned_gorilla 1-24-2021, 8:40:14 AM
pyspil(pyspil) used a skinned_gorilla 1-24-2021, 8:40:14 AM
pyspil(pyspil) used a skinned_gorilla 1-24-2021, 8:40:15 AM
pyspil(pyspil) used a skinned_gorilla 1-24-2021, 8:40:15 AM
pyspil(pyspil) used a skinned_gorilla 1-24-2021, 8:40:15 AM
pyspil(pyspil) used a skinned_gorilla 1-24-2021, 8:40:15 AM
pyspil(pyspil) used a skinned_gorilla 1-24-2021, 8:40:15 AM
pyspil(pyspil) used a skinned_gorilla 1-24-2021, 8:40:16 AM
pyspil(pyspil) used a skinned_gorilla 1-24-2021, 8:40:16 AM
pyspil(pyspil) used a skinned_gorilla 1-24-2021, 8:40:16 AM
pyspil(pyspil) used a skinned_gorilla 1-24-2021, 8:40:16 AM
pyspil(pyspil) used a skinned_gorilla 1-24-2021, 8:40:16 AM
pyspil(pyspil) used a skinned_gorilla 1-24-2021, 8:40:17 AM
pyspil(pyspil) used a skinned_gorilla 1-24-2021, 8:40:17 AM
pyspil(pyspil) used a skinned_gorilla 1-24-2021, 8:40:17 AM
pyspil(pyspil) used a skinned_gorilla 1-24-2021, 8:40:17 AM
pyspil(pyspil) used a skinned_gorilla 1-24-2021, 8:40:17 AM
pyspil(pyspil) used a skinned_gorilla 1-24-2021, 8:40:18 AM
pyspil(pyspil) used a skinned_gorilla 1-24-2021, 8:40:18 AM
pyspil(pyspil) used a skinned_gorilla 1-24-2021, 8:40:18 AM
pyspil(pyspil) used a skinned_gorilla 1-24-2021, 8:40:18 AM
pyspil(pyspil) used a skinned_gorilla 1-24-2021, 8:40:18 AM
pyspil(pyspil) used a skinned_gorilla 1-24-2021, 8:40:19 AM
pyspil(pyspil) used a skinned_gorilla 1-24-2021, 8:40:19 AM
pyspil(pyspil) used a skinned_gorilla 1-24-2021, 8:40:19 AM
pyspil(pyspil) used a skinned_gorilla 1-24-2021, 8:40:19 AM
pyspil(pyspil) used a skinned_gorilla 1-24-2021, 8:40:19 AM
pyspil(pyspil) used a skinned_gorilla 1-24-2021, 8:40:20 AM
pyspil(pyspil) used a skinned_gorilla 1-24-2021, 8:40:20 AM
pyspil(pyspil) used a skinned_gorilla 1-24-2021, 8:40:20 AM
pyspil(pyspil) used a skinned_gorilla 1-24-2021, 8:40:20 AM
pyspil(pyspil) used a skinned_gorilla 1-24-2021, 8:40:20 AM
pyspil(pyspil) used a skinned_gorilla 1-24-2021, 8:40:21 AM
pyspil(pyspil) used a skinned_gorilla 1-24-2021, 8:40:21 AM
pyspil(pyspil) used a skinned_gorilla 1-24-2021, 8:40:21 AM
pyspil(pyspil) used a skinned_gorilla 1-24-2021, 8:40:21 AM
pyspil(pyspil) used a skinned_gorilla 1-24-2021, 8:40:21 AM
pyspil(pyspil) used a skinned_gorilla 1-24-2021, 8:40:22 AM
pyspil(pyspil) used a skinned_gorilla 1-24-2021, 8:40:22 AM
pyspil(pyspil) used a skinned_gorilla 1-24-2021, 8:40:22 AM
pyspil(pyspil) used a skinned_gorilla 1-24-2021, 8:40:22 AM
pyspil(pyspil) used a skinned_gorilla 1-24-2021, 8:40:22 AM
pyspil(pyspil) used a skinned_gorilla 1-24-2021, 8:40:23 AM
pyspil(pyspil) used a skinned_gorilla 1-24-2021, 8:40:23 AM
pyspil(pyspil) used a skinned_gorilla 1-24-2021, 8:40:23 AM
pyspil(pyspil) used a skinned_gorilla 1-24-2021, 8:40:23 AM
pyspil(pyspil) used a skinned_gorilla 1-24-2021, 8:40:23 AM
pyspil(pyspil) used a skinned_gorilla 1-24-2021, 8:40:24 AM
pyspil(pyspil) used a skinned_gorilla 1-24-2021, 8:40:24 AM
pyspil(pyspil) used a skinned_gorilla 1-24-2021, 8:40:24 AM
pyspil(pyspil) used a skinned_gorilla 1-24-2021, 8:40:24 AM
pyspil(pyspil) used a skinned_gorilla 1-24-2021, 8:40:24 AM
pyspil(pyspil) used a skinned_gorilla 1-24-2021, 8:40:25 AM
pyspil(pyspil) used a skinned_gorilla 1-24-2021, 8:40:25 AM
pyspil(pyspil) used a skinned_gorilla 1-24-2021, 8:40:25 AM
pyspil(pyspil) used a skinned_gorilla 1-24-2021, 8:40:25 AM
pyspil(pyspil) used a skinned_gorilla 1-24-2021, 8:40:26 AM
pyspil(pyspil) used a skinned_gorilla 1-24-2021, 8:40:26 AM
pyspil(pyspil) used a skinned_gorilla 1-24-2021, 8:40:26 AM
pyspil(pyspil) used a skinned_gorilla 1-24-2021, 8:40:26 AM
pyspil(pyspil) used a skinned_gorilla 1-24-2021, 8:40:26 AM
pyspil(pyspil) used a skinned_gorilla 1-24-2021, 8:40:27 AM
pyspil(pyspil) used a skinned_gorilla 1-24-2021, 8:40:27 AM
pyspil(pyspil) used a skinned_gorilla 1-24-2021, 8:40:27 AM
pyspil(pyspil) used a skinned_gorilla 1-24-2021, 8:40:27 AM
pyspil(pyspil) used a skinned_gorilla 1-24-2021, 8:40:27 AM
pyspil(pyspil) used a skinned_gorilla 1-24-2021, 8:40:28 AM
pyspil(pyspil) used a skinned_gorilla 1-24-2021, 8:40:28 AM
pyspil(pyspil) used a skinned_gorilla 1-24-2021, 8:40:28 AM
pyspil(pyspil) used a skinned_gorilla 1-24-2021, 8:40:28 AM
pyspil(pyspil) used a skinned_gorilla 1-24-2021, 8:40:29 AM
pyspil(pyspil) used a skinned_gorilla 1-24-2021, 8:40:29 AM
pyspil(pyspil) used a skinned_gorilla 1-24-2021, 8:40:29 AM
pyspil(pyspil) used a skinned_gorilla 1-24-2021, 8:40:29 AM
pyspil(pyspil) used a skinned_gorilla 1-24-2021, 8:40:30 AM
pyspil(pyspil) used a skinned_gorilla 1-24-2021, 8:40:30 AM
pyspil(pyspil) used a skinned_gorilla 1-24-2021, 8:40:30 AM
pyspil(pyspil) used a skinned_gorilla 1-24-2021, 8:40:30 AM
pyspil(pyspil) used a skinned_gorilla 1-24-2021, 8:40:30 AM
pyspil(pyspil) used a skinned_gorilla 1-24-2021, 8:40:31 AM
pyspil(pyspil) used a skinned_gorilla 1-24-2021, 8:40:31 AM
pyspil(pyspil) used a skinned_gorilla 1-24-2021, 8:40:31 AM
pyspil(pyspil) used a skinned_gorilla 1-24-2021, 8:40:31 AM
pyspil(pyspil) used a skinned_gorilla 1-24-2021, 8:40:31 AM
pyspil(pyspil) used a skinned_gorilla 1-24-2021, 8:40:32 AM
pyspil(pyspil) used a skinned_gorilla 1-24-2021, 8:40:32 AM
pyspil(pyspil) used a skinned_gorilla 1-24-2021, 8:40:32 AM
pyspil(pyspil) used a skinned_gorilla 1-24-2021, 8:40:32 AM
pyspil(pyspil) used a skinned_gorilla 1-24-2021, 8:40:33 AM
pyspil(pyspil) used a skinned_gorilla 1-24-2021, 8:40:33 AM
pyspil(pyspil) used a skinned_gorilla 1-24-2021, 8:40:33 AM
pyspil(pyspil) used a skinned_gorilla 1-24-2021, 8:40:33 AM
pyspil(pyspil) used a skinned_gorilla 1-24-2021, 8:40:33 AM
pyspil(pyspil) used a skinned_gorilla 1-24-2021, 8:40:33 AM
pyspil(pyspil) used a skinned_gorilla 1-24-2021, 8:40:34 AM
pyspil(pyspil) used a skinned_gorilla 1-24-2021, 8:40:34 AM
pyspil(pyspil) used a skinned_gorilla 1-24-2021, 8:40:34 AM
pyspil(pyspil) used a skinned_gorilla 1-24-2021, 8:40:34 AM
pyspil(pyspil) used a skinned_gorilla 1-24-2021, 8:40:34 AM
pyspil(pyspil) used a skinned_gorilla 1-24-2021, 8:40:35 AM
pyspil(pyspil) used a skinned_gorilla 1-24-2021, 8:40:39 AM
pyspil(pyspil) used a skinned_gorilla 1-24-2021, 8:40:39 AM
pyspil(pyspil) used a skinned_gorilla 1-24-2021, 8:40:39 AM
pyspil(pyspil) used a skinned_gorilla 1-24-2021, 8:40:42 AM
pyspil(pyspil) used a skinned_gorilla 1-24-2021, 8:40:42 AM
pyspil(pyspil) used a skinned_gorilla 1-24-2021, 8:40:45 AM
pyspil(pyspil) used a skinned_gorilla 1-24-2021, 8:40:46 AM
pyspil(pyspil) used a skinned_gorilla 1-24-2021, 8:40:46 AM
pyspil(pyspil) used a skinned_gorilla 1-24-2021, 8:40:50 AM
pyspil(pyspil) used a skinned_gorilla 1-24-2021, 8:40:50 AM
pyspil(pyspil) used a skinned_gorilla 1-24-2021, 8:40:50 AM
pyspil(pyspil) used a skinned_gorilla 1-24-2021, 8:40:52 AM
pyspil(pyspil) used a skinned_gorilla 1-24-2021, 8:40:52 AM
pyspil(pyspil) used a skinned_gorilla 1-24-2021, 8:40:52 AM
pyspil(pyspil) used a skinned_gorilla 1-24-2021, 8:40:53 AM
pyspil(pyspil) used a skinned_gorilla 1-24-2021, 8:40:54 AM
pyspil(pyspil) used a skinned_gorilla 1-24-2021, 8:40:54 AM
pyspil(pyspil) used a skinned_gorilla 1-24-2021, 8:40:55 AM
pyspil(pyspil) used a skinned_gorilla 1-24-2021, 8:40:55 AM
pyspil(pyspil) used a skinned_gorilla 1-24-2021, 8:40:56 AM
pyspil(pyspil) used a skinned_gorilla 1-24-2021, 8:40:56 AM
pyspil(pyspil) used a skinned_gorilla 1-24-2021, 8:40:56 AM
pyspil(pyspil) used a skinned_gorilla 1-24-2021, 8:40:57 AM
pyspil(pyspil) used a skinned_gorilla 1-24-2021, 8:40:57 AM
pyspil(pyspil) used a skinned_gorilla 1-24-2021, 8:40:57 AM
pyspil(pyspil) used a skinned_gorilla 1-24-2021, 8:40:57 AM
pyspil(pyspil) used a skinned_gorilla 1-24-2021, 8:40:58 AM
pyspil(pyspil) used a skinned_gorilla 1-24-2021, 8:40:58 AM
pyspil(pyspil) used a skinned_gorilla 1-24-2021, 8:40:58 AM
pyspil(pyspil) used a skinned_gorilla 1-24-2021, 8:40:58 AM
pyspil(pyspil) used a skinned_gorilla 1-24-2021, 8:40:58 AM
pyspil(pyspil) used a skinned_gorilla 1-24-2021, 8:40:59 AM
pyspil(pyspil) used a skinned_gorilla 1-24-2021, 8:40:59 AM
pyspil(pyspil) used a skinned_gorilla 1-24-2021, 8:40:59 AM
pyspil(pyspil) used a skinned_gorilla 1-24-2021, 8:40:59 AM
pyspil(pyspil) used a skinned_gorilla 1-24-2021, 8:40:59 AM
pyspil(pyspil) used a skinned_gorilla 1-24-2021, 8:41:00 AM
pyspil(pyspil) used a skinned_gorilla 1-24-2021, 8:41:00 AM
pyspil(pyspil) used a skinned_gorilla 1-24-2021, 8:41:00 AM
pyspil(pyspil) used a skinned_gorilla 1-24-2021, 8:41:00 AM
pyspil(pyspil) used a skinned_gorilla 1-24-2021, 8:41:00 AM
pyspil(pyspil) used a skinned_gorilla 1-24-2021, 8:41:01 AM
pyspil(pyspil) used a skinned_gorilla 1-24-2021, 8:41:01 AM
pyspil(pyspil) used a skinned_gorilla 1-24-2021, 8:41:01 AM
pyspil(pyspil) used a skinned_gorilla 1-24-2021, 8:41:02 AM
pyspil(pyspil) used a skinned_gorilla 1-24-2021, 8:41:02 AM
pyspil(pyspil) used a skinned_gorilla 1-24-2021, 8:41:02 AM
pyspil(pyspil) used a skinned_gorilla 1-24-2021, 8:41:02 AM
pyspil(pyspil) used a skinned_gorilla 1-24-2021, 8:41:02 AM
pyspil(pyspil) used a leopard_skin 1-24-2021, 8:41:09 AM
pyspil(pyspil) used a leopard_skin 1-24-2021, 8:41:09 AM
pyspil(pyspil) used a skinned_leopard 1-24-2021, 8:41:13 AM
pyspil(pyspil) used a skinned_leopard 1-24-2021, 8:41:13 AM
pyspil(pyspil) used a skinned_leopard 1-24-2021, 8:41:13 AM
pyspil(pyspil) used a skinned_leopard 1-24-2021, 8:41:14 AM
pyspil(pyspil) used a skinned_leopard 1-24-2021, 8:41:14 AM
pyspil(pyspil) used a skinned_leopard 1-24-2021, 8:41:15 AM
pyspil(pyspil) used a skinned_leopard 1-24-2021, 8:41:15 AM
pyspil(pyspil) used a skinned_leopard 1-24-2021, 8:41:15 AM
pyspil(pyspil) used a skinned_leopard 1-24-2021, 8:41:16 AM
pyspil(pyspil) used a skinned_leopard 1-24-2021, 8:41:16 AM
pyspil(pyspil) used a skinned_leopard 1-24-2021, 8:41:16 AM
pyspil(pyspil) used a skinned_leopard 1-24-2021, 8:41:16 AM
pyspil(pyspil) used a skinned_leopard 1-24-2021, 8:41:17 AM
pyspil(pyspil) used a skinned_leopard 1-24-2021, 8:41:17 AM
pyspil(pyspil) used a skinned_leopard 1-24-2021, 8:41:18 AM
pyspil(pyspil) used a skinned_leopard 1-24-2021, 8:41:19 AM
pyspil(pyspil) used a skinned_leopard 1-24-2021, 8:41:21 AM
pyspil(pyspil) used a skinned_leopard 1-24-2021, 8:41:22 AM
pyspil(pyspil) used a skinned_leopard 1-24-2021, 8:41:22 AM
pyspil(pyspil) used a skinned_leopard 1-24-2021, 8:41:22 AM
pyspil(pyspil) used a skinned_leopard 1-24-2021, 8:41:22 AM
pyspil(pyspil) used a skinned_leopard 1-24-2021, 8:41:22 AM
pyspil(pyspil) used a skinned_leopard 1-24-2021, 8:41:23 AM
pyspil(pyspil) used a skinned_leopard 1-24-2021, 8:41:23 AM
pyspil(pyspil) used a skinned_leopard 1-24-2021, 8:41:23 AM
pyspil(pyspil) used a skinned_leopard 1-24-2021, 8:41:23 AM
pyspil(pyspil) used a skinned_leopard 1-24-2021, 8:41:23 AM
pyspil(pyspil) used a skinned_leopard 1-24-2021, 8:41:24 AM
pyspil(pyspil) used a skinned_leopard 1-24-2021, 8:41:24 AM
pyspil(pyspil) used a skinned_leopard 1-24-2021, 8:41:24 AM
pyspil(pyspil) used a skinned_leopard 1-24-2021, 8:41:24 AM
pyspil(pyspil) used a skinned_leopard 1-24-2021, 8:41:24 AM
pyspil(pyspil) used a skinned_leopard 1-24-2021, 8:41:25 AM
pyspil(pyspil) used a skinned_leopard 1-24-2021, 8:41:25 AM
pyspil(pyspil) used a skinned_leopard 1-24-2021, 8:41:25 AM
pyspil(pyspil) used a skinned_leopard 1-24-2021, 8:41:25 AM
pyspil(pyspil) used a skinned_leopard 1-24-2021, 8:41:25 AM
pyspil(pyspil) used a skinned_leopard 1-24-2021, 8:41:26 AM
pyspil(pyspil) used a skinned_leopard 1-24-2021, 8:41:26 AM
pyspil(pyspil) used a skinned_leopard 1-24-2021, 8:41:26 AM
pyspil(pyspil) used a skinned_leopard 1-24-2021, 8:41:26 AM
pyspil(pyspil) used a skinned_leopard 1-24-2021, 8:41:27 AM
pyspil(pyspil) used a skinned_leopard 1-24-2021, 8:41:27 AM
pyspil(pyspil) used a skinned_leopard 1-24-2021, 8:41:27 AM
pyspil(pyspil) used a skinned_leopard 1-24-2021, 8:41:27 AM
pyspil(pyspil) used a skinned_leopard 1-24-2021, 8:41:28 AM
pyspil(pyspil) used a skinned_leopard 1-24-2021, 8:41:28 AM
pyspil(pyspil) used a skinned_leopard 1-24-2021, 8:41:28 AM
pyspil(pyspil) used a skinned_leopard 1-24-2021, 8:41:28 AM
pyspil(pyspil) used a skinned_leopard 1-24-2021, 8:41:29 AM
pyspil(pyspil) used a skinned_leopard 1-24-2021, 8:41:29 AM
pyspil(pyspil) used a skinned_leopard 1-24-2021, 8:41:29 AM
pyspil(pyspil) used a skinned_leopard 1-24-2021, 8:41:30 AM
pyspil(pyspil) used a skinned_leopard 1-24-2021, 8:41:31 AM
pyspil(pyspil) used a skinned_leopard 1-24-2021, 8:41:32 AM
pyspil(pyspil) used a skinned_leopard 1-24-2021, 8:41:32 AM
pyspil(pyspil) used a skinned_leopard 1-24-2021, 8:41:39 AM
pyspil(pyspil) used a skinned_leopard 1-24-2021, 8:41:39 AM
pyspil(pyspil) used a skinned_leopard 1-24-2021, 8:41:40 AM
pyspil(pyspil) used a skinned_leopard 1-24-2021, 8:41:41 AM
pyspil(pyspil) used a skinned_leopard 1-24-2021, 8:41:41 AM
pyspil(pyspil) used a skinned_leopard 1-24-2021, 8:41:43 AM
pyspil(pyspil) used a skinned_leopard 1-24-2021, 8:41:43 AM
pyspil(pyspil) used a skinned_leopard 1-24-2021, 8:41:44 AM
pyspil(pyspil) used a skinned_leopard 1-24-2021, 8:41:44 AM
pyspil(pyspil) used a skinned_leopard 1-24-2021, 8:41:44 AM
pyspil(pyspil) used a skinned_leopard 1-24-2021, 8:41:46 AM
pyspil(pyspil) used a skinned_leopard 1-24-2021, 8:41:46 AM
pyspil(pyspil) used a skinned_leopard 1-24-2021, 8:41:46 AM
pyspil(pyspil) used a skinned_leopard 1-24-2021, 8:41:47 AM
pyspil(pyspil) used a skinned_leopard 1-24-2021, 8:41:48 AM
pyspil(pyspil) used a skinned_leopard 1-24-2021, 8:41:48 AM
pyspil(pyspil) used a skinned_leopard 1-24-2021, 8:41:48 AM
pyspil(pyspil) used a skinned_leopard 1-24-2021, 8:41:48 AM
pyspil(pyspil) used a skinned_leopard 1-24-2021, 8:41:48 AM
pyspil(pyspil) used a skinned_leopard 1-24-2021, 8:41:49 AM
pyspil(pyspil) used a skinned_leopard 1-24-2021, 8:41:49 AM
pyspil(pyspil) used a skinned_leopard 1-24-2021, 8:41:49 AM
pyspil(pyspil) used a skinned_leopard 1-24-2021, 8:41:49 AM
pyspil(pyspil) used a skinned_leopard 1-24-2021, 8:41:49 AM
pyspil(pyspil) used a skinned_leopard 1-24-2021, 8:41:50 AM
pyspil(pyspil) used a skinned_leopard 1-24-2021, 8:41:50 AM
pyspil(pyspil) used a skinned_leopard 1-24-2021, 8:41:50 AM
pyspil(pyspil) used a skinned_leopard 1-24-2021, 8:41:50 AM
pyspil(pyspil) used a skinned_leopard 1-24-2021, 8:41:51 AM
pyspil(pyspil) used a skinned_leopard 1-24-2021, 8:41:51 AM
pyspil(pyspil) used a skinned_leopard 1-24-2021, 8:41:51 AM
pyspil(pyspil) used a skinned_leopard 1-24-2021, 8:41:52 AM
pyspil(pyspil) used a skinned_leopard 1-24-2021, 8:41:52 AM
pyspil(pyspil) used a skinned_leopard 1-24-2021, 8:41:52 AM
pyspil(pyspil) used a skinned_leopard 1-24-2021, 8:41:52 AM
pyspil(pyspil) used a skinned_leopard 1-24-2021, 8:41:53 AM
pyspil(pyspil) used a skinned_leopard 1-24-2021, 8:41:53 AM
pyspil(pyspil) used a skinned_leopard 1-24-2021, 8:41:53 AM
pyspil(pyspil) used a skinned_leopard 1-24-2021, 8:41:54 AM
pyspil(pyspil) used a skinned_leopard 1-24-2021, 8:41:54 AM
pyspil(pyspil) used a skinned_leopard 1-24-2021, 8:41:54 AM
pyspil(pyspil) used a skinned_leopard 1-24-2021, 8:41:54 AM
pyspil(pyspil) used a skinned_leopard 1-24-2021, 8:41:55 AM
pyspil(pyspil) used a skinned_leopard 1-24-2021, 8:41:55 AM
pyspil(pyspil) used a skinned_leopard 1-24-2021, 8:41:55 AM
pyspil(pyspil) used a skinned_leopard 1-24-2021, 8:41:56 AM
pyspil(pyspil) used a skinned_leopard 1-24-2021, 8:41:56 AM
pyspil(pyspil) used a skinned_leopard 1-24-2021, 8:41:56 AM
pyspil(pyspil) used a skinned_leopard 1-24-2021, 8:41:56 AM
pyspil(pyspil) used a skinned_leopard 1-24-2021, 8:41:57 AM
pyspil(pyspil) used a skinned_leopard 1-24-2021, 8:41:57 AM
pyspil(pyspil) used a skinned_leopard 1-24-2021, 8:41:57 AM
pyspil(pyspil) used a skinned_leopard 1-24-2021, 8:41:57 AM
pyspil(pyspil) used a skinned_leopard 1-24-2021, 8:41:57 AM
pyspil(pyspil) used a skinned_leopard 1-24-2021, 8:41:58 AM
pyspil(pyspil) used a skinned_leopard 1-24-2021, 8:41:58 AM
pyspil(pyspil) used a skinned_leopard 1-24-2021, 8:41:58 AM
pyspil(pyspil) used a skinned_leopard 1-24-2021, 8:41:58 AM
pyspil(pyspil) used a skinned_leopard 1-24-2021, 8:41:59 AM
pyspil(pyspil) used a skinned_leopard 1-24-2021, 8:41:59 AM
pyspil(pyspil) used a skinned_leopard 1-24-2021, 8:41:59 AM
pyspil(pyspil) used a skinned_leopard 1-24-2021, 8:41:59 AM
pyspil(pyspil) used a skinned_leopard 1-24-2021, 8:42:00 AM
pyspil(pyspil) used a skinned_leopard 1-24-2021, 8:42:00 AM
pyspil(pyspil) used a skinned_leopard 1-24-2021, 8:42:00 AM
pyspil(pyspil) used a skinned_leopard 1-24-2021, 8:42:00 AM
pyspil(pyspil) used a skinned_leopard 1-24-2021, 8:42:00 AM
pyspil(pyspil) used a skinned_leopard 1-24-2021, 8:42:01 AM
pyspil(pyspil) used a skinned_leopard 1-24-2021, 8:42:01 AM
pyspil(pyspil) used a skinned_leopard 1-24-2021, 8:42:01 AM
pyspil(pyspil) used a skinned_leopard 1-24-2021, 8:42:01 AM
pyspil(pyspil) used a skinned_leopard 1-24-2021, 8:42:02 AM
pyspil(pyspil) used a skinned_leopard 1-24-2021, 8:42:02 AM
pyspil(pyspil) used a skinned_leopard 1-24-2021, 8:42:02 AM
pyspil(pyspil) used a skinned_leopard 1-24-2021, 8:42:02 AM
pyspil(pyspil) used a skinned_leopard 1-24-2021, 8:42:03 AM
pyspil(pyspil) used a skinned_leopard 1-24-2021, 8:42:03 AM
pyspil(pyspil) used a skinned_leopard 1-24-2021, 8:42:03 AM
pyspil(pyspil) used a skinned_leopard 1-24-2021, 8:42:03 AM
pyspil(pyspil) used a skinned_leopard 1-24-2021, 8:42:04 AM
pyspil(pyspil) used a skinned_leopard 1-24-2021, 8:42:04 AM
pyspil(pyspil) used a skinned_leopard 1-24-2021, 8:42:04 AM
pyspil(pyspil) used a skinned_leopard 1-24-2021, 8:42:04 AM
pyspil(pyspil) used a skinned_leopard 1-24-2021, 8:42:05 AM
pyspil(pyspil) used a skinned_leopard 1-24-2021, 8:42:05 AM
pyspil(pyspil) used a skinned_leopard 1-24-2021, 8:42:10 AM
pyspil(pyspil) used a skinned_leopard 1-24-2021, 8:42:10 AM
pyspil(pyspil) used a skinned_leopard 1-24-2021, 8:42:10 AM
pyspil(pyspil) used a skinned_leopard 1-24-2021, 8:42:10 AM
pyspil(pyspil) used a skinned_leopard 1-24-2021, 8:42:11 AM
pyspil(pyspil) used a skinned_leopard 1-24-2021, 8:42:11 AM
pyspil(pyspil) used a skinned_leopard 1-24-2021, 8:42:11 AM
pyspil(pyspil) used a skinned_leopard 1-24-2021, 8:42:11 AM
pyspil(pyspil) used a skinned_leopard 1-24-2021, 8:42:11 AM
pyspil(pyspil) used a skinned_leopard 1-24-2021, 8:42:12 AM
pyspil(pyspil) used a skinned_leopard 1-24-2021, 8:42:12 AM
pyspil(pyspil) used a skinned_leopard 1-24-2021, 8:42:12 AM
pyspil(pyspil) used a skinned_leopard 1-24-2021, 8:42:29 AM
pyspil(pyspil) used a skinned_leopard 1-24-2021, 8:42:30 AM
pyspil(pyspil) used a skinned_leopard 1-24-2021, 8:42:30 AM
pyspil(pyspil) used a skinned_leopard 1-24-2021, 8:42:31 AM
pyspil(pyspil) used a skinned_leopard 1-24-2021, 8:42:33 AM
pyspil(pyspil) used a skinned_leopard 1-24-2021, 8:42:33 AM
pyspil(pyspil) used a skinned_leopard 1-24-2021, 8:42:33 AM
pyspil(pyspil) used a skinned_leopard 1-24-2021, 8:42:33 AM
pyspil(pyspil) used a skinned_leopard 1-24-2021, 8:42:34 AM
pyspil(pyspil) used a skinned_leopard 1-24-2021, 8:42:35 AM
pyspil(pyspil) used a skinned_leopard 1-24-2021, 8:42:35 AM
pyspil(pyspil) used a skinned_leopard 1-24-2021, 8:42:36 AM
pyspil(pyspil) used a skinned_leopard 1-24-2021, 8:42:36 AM
pyspil(pyspil) used a skinned_leopard 1-24-2021, 8:42:36 AM
pyspil(pyspil) used a skinned_leopard 1-24-2021, 8:42:36 AM
pyspil(pyspil) used a skinned_leopard 1-24-2021, 8:42:36 AM
pyspil(pyspil) used a skinned_leopard 1-24-2021, 8:42:36 AM
pyspil(pyspil) used a skinned_leopard 1-24-2021, 8:42:37 AM
pyspil(pyspil) used a skinned_leopard 1-24-2021, 8:42:37 AM
pyspil(pyspil) used a skinned_leopard 1-24-2021, 8:42:37 AM
pyspil(pyspil) used a skinned_leopard 1-24-2021, 8:42:37 AM
pyspil(pyspil) used a skinned_leopard 1-24-2021, 8:42:37 AM
pyspil(pyspil) used a skinned_leopard 1-24-2021, 8:42:38 AM
pyspil(pyspil) used a skinned_leopard 1-24-2021, 8:42:38 AM
pyspil(pyspil) used a skinned_leopard 1-24-2021, 8:42:38 AM
pyspil(pyspil) used a skinned_leopard 1-24-2021, 8:42:38 AM
pyspil(pyspil) used a skinned_leopard 1-24-2021, 8:42:38 AM
pyspil(pyspil) used a skinned_leopard 1-24-2021, 8:42:39 AM
pyspil(pyspil) used a skinned_leopard 1-24-2021, 8:42:39 AM
pyspil(pyspil) used a skinned_leopard 1-24-2021, 8:42:39 AM
pyspil(pyspil) used a skinned_leopard 1-24-2021, 8:42:39 AM
pyspil(pyspil) used a skinned_leopard 1-24-2021, 8:42:39 AM
pyspil(pyspil) used a skinned_leopard 1-24-2021, 8:42:40 AM
pyspil(pyspil) used a skinned_leopard 1-24-2021, 8:42:40 AM
pyspil(pyspil) used a skinned_leopard 1-24-2021, 8:42:40 AM
pyspil(pyspil) used a skinned_leopard 1-24-2021, 8:42:40 AM
pyspil(pyspil) used a skinned_leopard 1-24-2021, 8:42:40 AM
pyspil(pyspil) used a skinned_leopard 1-24-2021, 8:42:40 AM
pyspil(pyspil) used a skinned_leopard 1-24-2021, 8:42:41 AM
pyspil(pyspil) used a skinned_leopard 1-24-2021, 8:42:41 AM
pyspil(pyspil) used a skinned_leopard 1-24-2021, 8:42:41 AM
pyspil(pyspil) used a skinned_leopard 1-24-2021, 8:42:41 AM
pyspil(pyspil) used a skinned_leopard 1-24-2021, 8:42:41 AM
pyspil(pyspil) used a skinned_leopard 1-24-2021, 8:42:42 AM
pyspil(pyspil) used a skinned_leopard 1-24-2021, 8:42:42 AM
pyspil(pyspil) used a skinned_leopard 1-24-2021, 8:42:42 AM
pyspil(pyspil) used a skinned_leopard 1-24-2021, 8:42:42 AM
pyspil(pyspil) used a skinned_leopard 1-24-2021, 8:42:42 AM
pyspil(pyspil) used a skinned_leopard 1-24-2021, 8:42:43 AM
pyspil(pyspil) used a skinned_leopard 1-24-2021, 8:42:43 AM
pyspil(pyspil) used a skinned_leopard 1-24-2021, 8:42:43 AM
pyspil(pyspil) used a skinned_leopard 1-24-2021, 8:42:43 AM
pyspil(pyspil) used a skinned_leopard 1-24-2021, 8:42:43 AM
pyspil(pyspil) used a skinned_leopard 1-24-2021, 8:42:44 AM
pyspil(pyspil) used a skinned_leopard 1-24-2021, 8:42:44 AM
pyspil(pyspil) used a skinned_leopard 1-24-2021, 8:42:44 AM
pyspil(pyspil) used a skinned_leopard 1-24-2021, 8:42:44 AM
pyspil(pyspil) used a skinned_leopard 1-24-2021, 8:42:44 AM
pyspil(pyspil) used a skinned_leopard 1-24-2021, 8:42:44 AM
pyspil(pyspil) used a skinned_leopard 1-24-2021, 8:42:45 AM
pyspil(pyspil) used a skinned_leopard 1-24-2021, 8:42:45 AM
pyspil(pyspil) used a skinned_leopard 1-24-2021, 8:42:45 AM
pyspil(pyspil) used a skinned_leopard 1-24-2021, 8:42:45 AM
pyspil(pyspil) used a skinned_leopard 1-24-2021, 8:42:45 AM
pyspil(pyspil) used a skinned_leopard 1-24-2021, 8:42:46 AM
pyspil(pyspil) used a skinned_leopard 1-24-2021, 8:42:46 AM
pyspil(pyspil) used a skinned_leopard 1-24-2021, 8:42:46 AM
pyspil(pyspil) used a skinned_leopard 1-24-2021, 8:42:46 AM
pyspil(pyspil) used a skinned_leopard 1-24-2021, 8:42:46 AM
pyspil(pyspil) used a skinned_leopard 1-24-2021, 8:42:47 AM
pyspil(pyspil) used a skinned_leopard 1-24-2021, 8:42:47 AM
pyspil(pyspil) used a skinned_leopard 1-24-2021, 8:42:47 AM
pyspil(pyspil) used a skinned_leopard 1-24-2021, 8:42:47 AM
pyspil(pyspil) used a skinned_leopard 1-24-2021, 8:42:48 AM
pyspil(pyspil) used a skinned_leopard 1-24-2021, 8:42:48 AM
pyspil(pyspil) used a skinned_leopard 1-24-2021, 8:42:48 AM
pyspil(pyspil) used a skinned_leopard 1-24-2021, 8:42:48 AM
pyspil(pyspil) used a skinned_leopard 1-24-2021, 8:42:48 AM
pyspil(pyspil) used a skinned_leopard 1-24-2021, 8:42:49 AM
pyspil(pyspil) used a skinned_leopard 1-24-2021, 8:42:49 AM
pyspil(pyspil) used a skinned_leopard 1-24-2021, 8:42:49 AM
pyspil(pyspil) used a skinned_leopard 1-24-2021, 8:42:49 AM
pyspil(pyspil) used a skinned_leopard 1-24-2021, 8:42:49 AM
pyspil(pyspil) used a skinned_leopard 1-24-2021, 8:42:50 AM
pyspil(pyspil) used a skinned_leopard 1-24-2021, 8:42:50 AM
pyspil(pyspil) used a skinned_leopard 1-24-2021, 8:42:50 AM
pyspil(pyspil) used a skinned_leopard 1-24-2021, 8:42:50 AM
pyspil(pyspil) used a skinned_leopard 1-24-2021, 8:42:50 AM
pyspil(pyspil) used a skinned_leopard 1-24-2021, 8:42:51 AM
pyspil(pyspil) used a skinned_leopard 1-24-2021, 8:42:51 AM
pyspil(pyspil) used a skinned_leopard 1-24-2021, 8:42:51 AM
pyspil(pyspil) used a skinned_leopard 1-24-2021, 8:42:51 AM
pyspil(pyspil) used a skinned_leopard 1-24-2021, 8:42:51 AM
pyspil(pyspil) used a skinned_leopard 1-24-2021, 8:42:52 AM
pyspil(pyspil) used a skinned_leopard 1-24-2021, 8:42:52 AM
pyspil(pyspil) used a skinned_leopard 1-24-2021, 8:42:52 AM
pyspil(pyspil) used a skinned_leopard 1-24-2021, 8:42:52 AM
pyspil(pyspil) used a skinned_leopard 1-24-2021, 8:42:52 AM
pyspil(pyspil) used a skinned_leopard 1-24-2021, 8:42:53 AM
pyspil(pyspil) used a skinned_leopard 1-24-2021, 8:42:53 AM
pyspil(pyspil) used a skinned_leopard 1-24-2021, 8:42:53 AM
pyspil(pyspil) used a skinned_leopard 1-24-2021, 8:42:53 AM
pyspil(pyspil) used a skinned_leopard 1-24-2021, 8:42:53 AM
pyspil(pyspil) used a skinned_leopard 1-24-2021, 8:42:54 AM
pyspil(pyspil) used a skinned_leopard 1-24-2021, 8:42:54 AM
pyspil(pyspil) used a skinned_leopard 1-24-2021, 8:42:54 AM
pyspil(pyspil) used a skinned_leopard 1-24-2021, 8:42:54 AM
pyspil(pyspil) used a skinned_leopard 1-24-2021, 8:42:55 AM
pyspil(pyspil) used a skinned_leopard 1-24-2021, 8:42:55 AM
pyspil(pyspil) used a skinned_leopard 1-24-2021, 8:42:55 AM
pyspil(pyspil) used a skinned_leopard 1-24-2021, 8:42:55 AM
pyspil(pyspil) used a skinned_leopard 1-24-2021, 8:42:55 AM
pyspil(pyspil) used a skinned_leopard 1-24-2021, 8:42:56 AM
pyspil(pyspil) used a skinned_leopard 1-24-2021, 8:42:56 AM
pyspil(pyspil) used a skinned_leopard 1-24-2021, 8:42:56 AM
pyspil(pyspil) used a skinned_leopard 1-24-2021, 8:42:56 AM
pyspil(pyspil) used a skinned_leopard 1-24-2021, 8:42:57 AM
pyspil(pyspil) used a skinned_leopard 1-24-2021, 8:42:57 AM
pyspil(pyspil) used a skinned_leopard 1-24-2021, 8:42:57 AM
pyspil(pyspil) used a skinned_leopard 1-24-2021, 8:42:57 AM
pyspil(pyspil) used a skinned_leopard 1-24-2021, 8:42:58 AM
pyspil(pyspil) used a skinned_leopard 1-24-2021, 8:42:58 AM
pyspil(pyspil) used a skinned_leopard 1-24-2021, 8:42:58 AM
pyspil(pyspil) used a skinned_leopard 1-24-2021, 8:42:58 AM
pyspil(pyspil) used a skinned_leopard 1-24-2021, 8:42:58 AM
pyspil(pyspil) used a skinned_leopard 1-24-2021, 8:42:59 AM
pyspil(pyspil) used a skinned_leopard 1-24-2021, 8:42:59 AM
pyspil(pyspil) used a skinned_leopard 1-24-2021, 8:42:59 AM
pyspil(pyspil) used a skinned_leopard 1-24-2021, 8:42:59 AM
pyspil(pyspil) used a skinned_leopard 1-24-2021, 8:43:00 AM
pyspil(pyspil) used a skinned_leopard 1-24-2021, 8:43:00 AM
pyspil(pyspil) used a skinned_leopard 1-24-2021, 8:43:00 AM
pyspil(pyspil) used a skinned_leopard 1-24-2021, 8:43:00 AM
pyspil(pyspil) used a skinned_leopard 1-24-2021, 8:43:01 AM
pyspil(pyspil) used a skinned_leopard 1-24-2021, 8:43:01 AM
pyspil(pyspil) used a skinned_leopard 1-24-2021, 8:43:01 AM
pyspil(pyspil) used a skinned_leopard 1-24-2021, 8:43:01 AM
pyspil(pyspil) used a skinned_leopard 1-24-2021, 8:43:01 AM
pyspil(pyspil) used a skinned_leopard 1-24-2021, 8:43:02 AM
pyspil(pyspil) used a skinned_leopard 1-24-2021, 8:43:02 AM
pyspil(pyspil) used a skinned_leopard 1-24-2021, 8:43:02 AM
pyspil(pyspil) used a skinned_leopard 1-24-2021, 8:43:02 AM
pyspil(pyspil) used a skinned_leopard 1-24-2021, 8:43:03 AM
pyspil(pyspil) used a skinned_leopard 1-24-2021, 8:43:03 AM
pyspil(pyspil) used a skinned_leopard 1-24-2021, 8:43:03 AM
pyspil(pyspil) used a skinned_leopard 1-24-2021, 8:43:03 AM
pyspil(pyspil) used a skinned_leopard 1-24-2021, 8:43:04 AM
pyspil(pyspil) used a skinned_leopard 1-24-2021, 8:43:04 AM
pyspil(pyspil) used a skinned_leopard 1-24-2021, 8:43:05 AM
pyspil(pyspil) used a skinned_leopard 1-24-2021, 8:43:05 AM
pyspil(pyspil) used a skinned_leopard 1-24-2021, 8:43:05 AM
pyspil(pyspil) used a skinned_leopard 1-24-2021, 8:43:06 AM
pyspil(pyspil) used a skinned_leopard 1-24-2021, 8:43:06 AM
pyspil(pyspil) used a skinned_leopard 1-24-2021, 8:43:07 AM
pyspil(pyspil) used a skinned_leopard 1-24-2021, 8:43:07 AM
pyspil(pyspil) used a skinned_leopard 1-24-2021, 8:43:07 AM
pyspil(pyspil) used a skinned_leopard 1-24-2021, 8:43:07 AM
pyspil(pyspil) used a skinned_leopard 1-24-2021, 8:43:07 AM
pyspil(pyspil) used a skinned_leopard 1-24-2021, 8:43:08 AM
pyspil(pyspil) used a skinned_leopard 1-24-2021, 8:43:11 AM
pyspil(pyspil) used a skinned_leopard 1-24-2021, 8:43:11 AM
pyspil(pyspil) used a skinned_leopard 1-24-2021, 8:43:11 AM
pyspil(pyspil) used a skinned_leopard 1-24-2021, 8:43:12 AM
pyspil(pyspil) used a skinned_leopard 1-24-2021, 8:43:12 AM
pyspil(pyspil) used a skinned_leopard 1-24-2021, 8:43:12 AM
pyspil(pyspil) used a skinned_leopard 1-24-2021, 8:43:12 AM
pyspil(pyspil) used a skinned_leopard 1-24-2021, 8:43:12 AM
pyspil(pyspil) used a skinned_leopard 1-24-2021, 8:43:13 AM
pyspil(pyspil) used a skinned_leopard 1-24-2021, 8:43:13 AM
pyspil(pyspil) used a skinned_leopard 1-24-2021, 8:43:13 AM
pyspil(pyspil) used a skinned_leopard 1-24-2021, 8:43:13 AM
pyspil(pyspil) used a skinned_leopard 1-24-2021, 8:43:14 AM
pyspil(pyspil) used a skinned_leopard 1-24-2021, 8:43:14 AM
pyspil(pyspil) used a skinned_leopard 1-24-2021, 8:43:14 AM
pyspil(pyspil) used a skinned_leopard 1-24-2021, 8:43:14 AM
pyspil(pyspil) used a skinned_leopard 1-24-2021, 8:43:14 AM
pyspil(pyspil) used a skinned_leopard 1-24-2021, 8:43:15 AM
pyspil(pyspil) used a skinned_leopard 1-24-2021, 8:43:15 AM
pyspil(pyspil) used a skinned_leopard 1-24-2021, 8:43:15 AM
pyspil(pyspil) used a skinned_leopard 1-24-2021, 8:43:15 AM
pyspil(pyspil) used a skinned_leopard 1-24-2021, 8:43:16 AM
pyspil(pyspil) used a skinned_leopard 1-24-2021, 8:43:16 AM
pyspil(pyspil) used a skinned_leopard 1-24-2021, 8:43:16 AM
pyspil(pyspil) used a skinned_leopard 1-24-2021, 8:43:17 AM
pyspil(pyspil) used a skinned_leopard 1-24-2021, 8:43:17 AM
pyspil(pyspil) used a skinned_leopard 1-24-2021, 8:43:17 AM
pyspil(pyspil) used a skinned_leopard 1-24-2021, 8:43:18 AM
pyspil(pyspil) used a skinned_leopard 1-24-2021, 8:43:18 AM
pyspil(pyspil) used a skinned_leopard 1-24-2021, 8:43:19 AM
pyspil(pyspil) used a skinned_leopard 1-24-2021, 8:43:19 AM
pyspil(pyspil) used a skinned_leopard 1-24-2021, 8:43:19 AM
pyspil(pyspil) used a skinned_leopard 1-24-2021, 8:43:19 AM
pyspil(pyspil) used a skinned_leopard 1-24-2021, 8:43:20 AM
pyspil(pyspil) used a skinned_leopard 1-24-2021, 8:43:20 AM
pyspil(pyspil) used a skinned_leopard 1-24-2021, 8:43:20 AM
pyspil(pyspil) used a skinned_leopard 1-24-2021, 8:43:20 AM
pyspil(pyspil) used a skinned_leopard 1-24-2021, 8:43:21 AM
pyspil(pyspil) used a skinned_boar 1-24-2021, 8:43:32 AM
pyspil(pyspil) used a skinned_boar 1-24-2021, 8:43:32 AM
pyspil(pyspil) used a skinned_boar 1-24-2021, 8:43:32 AM
pyspil(pyspil) used a skinned_boar 1-24-2021, 8:43:33 AM
pyspil(pyspil) used a skinned_boar 1-24-2021, 8:43:33 AM
pyspil(pyspil) used a skinned_boar 1-24-2021, 8:43:34 AM
pyspil(pyspil) used a skinned_boar 1-24-2021, 8:43:34 AM
pyspil(pyspil) used a skinned_boar 1-24-2021, 8:43:34 AM
pyspil(pyspil) used a skinned_boar 1-24-2021, 8:43:35 AM
pyspil(pyspil) used a skinned_boar 1-24-2021, 8:43:35 AM
pyspil(pyspil) used a skinned_boar 1-24-2021, 8:43:36 AM
pyspil(pyspil) used a skinned_boar 1-24-2021, 8:43:36 AM
pyspil(pyspil) used a skinned_boar 1-24-2021, 8:43:37 AM
pyspil(pyspil) used a skinned_boar 1-24-2021, 8:43:37 AM
pyspil(pyspil) used a skinned_boar 1-24-2021, 8:43:38 AM
pyspil(pyspil) used a skinned_boar 1-24-2021, 8:43:38 AM
pyspil(pyspil) used a skinned_boar 1-24-2021, 8:43:38 AM
pyspil(pyspil) used a skinned_boar 1-24-2021, 8:43:38 AM
pyspil(pyspil) used a skinned_boar 1-24-2021, 8:43:38 AM
pyspil(pyspil) used a skinned_boar 1-24-2021, 8:43:39 AM
pyspil(pyspil) used a skinned_boar 1-24-2021, 8:43:39 AM
pyspil(pyspil) used a skinned_boar 1-24-2021, 8:43:39 AM
pyspil(pyspil) used a skinned_boar 1-24-2021, 8:43:39 AM
pyspil(pyspil) used a skinned_boar 1-24-2021, 8:43:39 AM
pyspil(pyspil) used a skinned_boar 1-24-2021, 8:43:40 AM
pyspil(pyspil) used a skinned_boar 1-24-2021, 8:43:40 AM
pyspil(pyspil) used a skinned_boar 1-24-2021, 8:43:40 AM
pyspil(pyspil) used a skinned_boar 1-24-2021, 8:43:40 AM
pyspil(pyspil) used a skinned_boar 1-24-2021, 8:43:40 AM
pyspil(pyspil) used a skinned_boar 1-24-2021, 8:43:41 AM
pyspil(pyspil) used a skinned_boar 1-24-2021, 8:43:41 AM
pyspil(pyspil) used a skinned_boar 1-24-2021, 8:43:41 AM
pyspil(pyspil) used a skinned_boar 1-24-2021, 8:43:42 AM
pyspil(pyspil) used a skinned_boar 1-24-2021, 8:43:43 AM
pyspil(pyspil) used a skinned_boar 1-24-2021, 8:43:43 AM
pyspil(pyspil) used a skinned_boar 1-24-2021, 8:43:43 AM
pyspil(pyspil) used a skinned_boar 1-24-2021, 8:43:44 AM
pyspil(pyspil) used a skinned_boar 1-24-2021, 8:43:45 AM
pyspil(pyspil) used a skinned_boar 1-24-2021, 8:43:45 AM
pyspil(pyspil) used a skinned_boar 1-24-2021, 8:43:46 AM
pyspil(pyspil) used a skinned_boar 1-24-2021, 8:43:46 AM
pyspil(pyspil) used a skinned_boar 1-24-2021, 8:43:48 AM
pyspil(pyspil) used a skinned_boar 1-24-2021, 8:43:48 AM
pyspil(pyspil) used a skinned_boar 1-24-2021, 8:43:48 AM
pyspil(pyspil) used a skinned_boar 1-24-2021, 8:43:48 AM
pyspil(pyspil) used a skinned_boar 1-24-2021, 8:43:48 AM
pyspil(pyspil) used a skinned_boar 1-24-2021, 8:43:49 AM
pyspil(pyspil) used a skinned_boar 1-24-2021, 8:43:50 AM
pyspil(pyspil) used a skinned_boar 1-24-2021, 8:43:50 AM
pyspil(pyspil) used a skinned_boar 1-24-2021, 8:43:50 AM
pyspil(pyspil) used a skinned_boar 1-24-2021, 8:43:50 AM
pyspil(pyspil) used a skinned_boar 1-24-2021, 8:43:51 AM
pyspil(pyspil) used a skinned_boar 1-24-2021, 8:43:51 AM
pyspil(pyspil) used a skinned_boar 1-24-2021, 8:43:51 AM
pyspil(pyspil) used a skinned_boar 1-24-2021, 8:43:51 AM
pyspil(pyspil) used a skinned_boar 1-24-2021, 8:43:51 AM
pyspil(pyspil) used a skinned_boar 1-24-2021, 8:43:52 AM
pyspil(pyspil) used a skinned_boar 1-24-2021, 8:43:52 AM
pyspil(pyspil) used a skinned_boar 1-24-2021, 8:43:52 AM
pyspil(pyspil) used a skinned_boar 1-24-2021, 8:43:53 AM
pyspil(pyspil) used a skinned_boar 1-24-2021, 8:43:53 AM
pyspil(pyspil) used a skinned_boar 1-24-2021, 8:43:53 AM
pyspil(pyspil) used a skinned_boar 1-24-2021, 8:43:53 AM
pyspil(pyspil) used a skinned_boar 1-24-2021, 8:43:54 AM
pyspil(pyspil) used a skinned_boar 1-24-2021, 8:43:54 AM
pyspil(pyspil) used a skinned_boar 1-24-2021, 8:43:55 AM
pyspil(pyspil) used a skinned_boar 1-24-2021, 8:43:55 AM
pyspil(pyspil) used a skinned_boar 1-24-2021, 8:43:55 AM
pyspil(pyspil) used a skinned_boar 1-24-2021, 8:43:55 AM
pyspil(pyspil) used a skinned_boar 1-24-2021, 8:43:56 AM
pyspil(pyspil) used a skinned_boar 1-24-2021, 8:43:56 AM
pyspil(pyspil) used a skinned_boar 1-24-2021, 8:43:56 AM
pyspil(pyspil) used a skinned_boar 1-24-2021, 8:43:56 AM
pyspil(pyspil) used a skinned_boar 1-24-2021, 8:43:56 AM
pyspil(pyspil) used a skinned_boar 1-24-2021, 8:43:57 AM
pyspil(pyspil) used a skinned_boar 1-24-2021, 8:43:57 AM
pyspil(pyspil) used a skinned_boar 1-24-2021, 8:43:57 AM
pyspil(pyspil) used a skinned_boar 1-24-2021, 8:43:57 AM
pyspil(pyspil) used a skinned_boar 1-24-2021, 8:43:57 AM
pyspil(pyspil) used a skinned_boar 1-24-2021, 8:43:58 AM
pyspil(pyspil) used a skinned_boar 1-24-2021, 8:43:58 AM
pyspil(pyspil) used a skinned_boar 1-24-2021, 8:43:58 AM
pyspil(pyspil) used a skinned_boar 1-24-2021, 8:43:58 AM
pyspil(pyspil) used a skinned_boar 1-24-2021, 8:43:58 AM
pyspil(pyspil) used a skinned_boar 1-24-2021, 8:43:58 AM
pyspil(pyspil) used a skinned_boar 1-24-2021, 8:43:58 AM
pyspil(pyspil) used a skinned_boar 1-24-2021, 8:43:59 AM
pyspil(pyspil) used a skinned_boar 1-24-2021, 8:43:59 AM
pyspil(pyspil) used a skinned_boar 1-24-2021, 8:43:59 AM
pyspil(pyspil) used a skinned_boar 1-24-2021, 8:43:59 AM
pyspil(pyspil) used a skinned_boar 1-24-2021, 8:43:59 AM
pyspil(pyspil) used a skinned_boar 1-24-2021, 8:43:59 AM
pyspil(pyspil) used a skinned_boar 1-24-2021, 8:44:00 AM
pyspil(pyspil) used a skinned_boar 1-24-2021, 8:44:00 AM
pyspil(pyspil) used a skinned_boar 1-24-2021, 8:44:00 AM
pyspil(pyspil) used a skinned_boar 1-24-2021, 8:44:00 AM
pyspil(pyspil) used a skinned_boar 1-24-2021, 8:44:00 AM
pyspil(pyspil) used a skinned_boar 1-24-2021, 8:44:01 AM
pyspil(pyspil) used a skinned_boar 1-24-2021, 8:44:01 AM
pyspil(pyspil) used a skinned_boar 1-24-2021, 8:44:01 AM
pyspil(pyspil) used a skinned_boar 1-24-2021, 8:44:01 AM
pyspil(pyspil) used a skinned_boar 1-24-2021, 8:44:02 AM
pyspil(pyspil) used a skinned_boar 1-24-2021, 8:44:02 AM
pyspil(pyspil) used a skinned_boar 1-24-2021, 8:44:02 AM
pyspil(pyspil) used a skinned_boar 1-24-2021, 8:44:02 AM
pyspil(pyspil) used a skinned_boar 1-24-2021, 8:44:02 AM
pyspil(pyspil) used a skinned_boar 1-24-2021, 8:44:02 AM
pyspil(pyspil) used a skinned_boar 1-24-2021, 8:44:03 AM
pyspil(pyspil) used a skinned_boar 1-24-2021, 8:44:03 AM
pyspil(pyspil) used a skinned_boar 1-24-2021, 8:44:03 AM
pyspil(pyspil) used a skinned_boar 1-24-2021, 8:44:03 AM
pyspil(pyspil) used a skinned_boar 1-24-2021, 8:44:03 AM
pyspil(pyspil) used a skinned_boar 1-24-2021, 8:44:04 AM
pyspil(pyspil) used a skinned_boar 1-24-2021, 8:44:04 AM
pyspil(pyspil) used a skinned_boar 1-24-2021, 8:44:04 AM
pyspil(pyspil) used a skinned_boar 1-24-2021, 8:44:04 AM
pyspil(pyspil) used a skinned_boar 1-24-2021, 8:44:04 AM
pyspil(pyspil) used a skinned_boar 1-24-2021, 8:44:06 AM
pyspil(pyspil) used a skinned_boar 1-24-2021, 8:44:06 AM
pyspil(pyspil) used a skinned_boar 1-24-2021, 8:44:07 AM
pyspil(pyspil) used a skinned_boar 1-24-2021, 8:44:07 AM
pyspil(pyspil) used a skinned_boar 1-24-2021, 8:44:08 AM
pyspil(pyspil) used a skinned_boar 1-24-2021, 8:44:08 AM
pyspil(pyspil) used a skinned_boar 1-24-2021, 8:44:09 AM
pyspil(pyspil) used a skinned_boar 1-24-2021, 8:44:10 AM
pyspil(pyspil) used a skinned_boar 1-24-2021, 8:44:11 AM
pyspil(pyspil) used a skinned_boar 1-24-2021, 8:44:11 AM
pyspil(pyspil) used a skinned_boar 1-24-2021, 8:44:12 AM
pyspil(pyspil) used a skinned_boar 1-24-2021, 8:44:12 AM
pyspil(pyspil) used a skinned_boar 1-24-2021, 8:44:12 AM
pyspil(pyspil) used a skinned_boar 1-24-2021, 8:44:12 AM
pyspil(pyspil) used a skinned_boar 1-24-2021, 8:44:13 AM
pyspil(pyspil) used a skinned_boar 1-24-2021, 8:44:13 AM
pyspil(pyspil) used a skinned_boar 1-24-2021, 8:44:14 AM
pyspil(pyspil) used a skinned_boar 1-24-2021, 8:44:14 AM
pyspil(pyspil) used a skinned_boar 1-24-2021, 8:44:14 AM
pyspil(pyspil) used a skinned_boar 1-24-2021, 8:44:15 AM
pyspil(pyspil) used a skinned_boar 1-24-2021, 8:44:15 AM
pyspil(pyspil) used a skinned_boar 1-24-2021, 8:44:15 AM
pyspil(pyspil) used a skinned_boar 1-24-2021, 8:44:15 AM
pyspil(pyspil) used a skinned_boar 1-24-2021, 8:44:16 AM
pyspil(pyspil) used a skinned_boar 1-24-2021, 8:44:16 AM
pyspil(pyspil) used a skinned_boar 1-24-2021, 8:44:16 AM
pyspil(pyspil) used a skinned_boar 1-24-2021, 8:44:16 AM
pyspil(pyspil) used a skinned_boar 1-24-2021, 8:44:17 AM
pyspil(pyspil) used a skinned_boar 1-24-2021, 8:44:17 AM
pyspil(pyspil) used a skinned_boar 1-24-2021, 8:44:17 AM
pyspil(pyspil) used a skinned_boar 1-24-2021, 8:44:17 AM
pyspil(pyspil) used a skinned_boar 1-24-2021, 8:44:18 AM
pyspil(pyspil) used a skinned_boar 1-24-2021, 8:44:18 AM
pyspil(pyspil) used a skinned_boar 1-24-2021, 8:44:18 AM
pyspil(pyspil) used a skinned_boar 1-24-2021, 8:44:18 AM
pyspil(pyspil) used a skinned_boar 1-24-2021, 8:44:18 AM
pyspil(pyspil) used a skinned_boar 1-24-2021, 8:44:19 AM
pyspil(pyspil) used a skinned_boar 1-24-2021, 8:44:19 AM
pyspil(pyspil) used a skinned_boar 1-24-2021, 8:44:19 AM
pyspil(pyspil) used a skinned_boar 1-24-2021, 8:44:19 AM
pyspil(pyspil) used a skinned_boar 1-24-2021, 8:44:20 AM
pyspil(pyspil) used a skinned_boar 1-24-2021, 8:44:20 AM
pyspil(pyspil) used a skinned_boar 1-24-2021, 8:44:20 AM
pyspil(pyspil) used a skinned_boar 1-24-2021, 8:44:21 AM
pyspil(pyspil) used a skinned_boar 1-24-2021, 8:44:21 AM
pyspil(pyspil) used a skinned_boar 1-24-2021, 8:44:21 AM
pyspil(pyspil) used a skinned_boar 1-24-2021, 8:44:21 AM
pyspil(pyspil) used a skinned_boar 1-24-2021, 8:44:22 AM
pyspil(pyspil) used a skinned_boar 1-24-2021, 8:44:22 AM
pyspil(pyspil) used a skinned_boar 1-24-2021, 8:44:22 AM
pyspil(pyspil) used a skinned_boar 1-24-2021, 8:44:22 AM
pyspil(pyspil) used a skinned_boar 1-24-2021, 8:44:23 AM
pyspil(pyspil) used a skinned_boar 1-24-2021, 8:44:23 AM
pyspil(pyspil) used a skinned_boar 1-24-2021, 8:44:23 AM
pyspil(pyspil) used a skinned_boar 1-24-2021, 8:44:23 AM
pyspil(pyspil) used a skinned_boar 1-24-2021, 8:44:23 AM
pyspil(pyspil) used a skinned_boar 1-24-2021, 8:44:24 AM
pyspil(pyspil) used a skinned_boar 1-24-2021, 8:44:24 AM
pyspil(pyspil) used a skinned_boar 1-24-2021, 8:44:24 AM
pyspil(pyspil) used a skinned_boar 1-24-2021, 8:44:24 AM
pyspil(pyspil) used a skinned_boar 1-24-2021, 8:44:24 AM
pyspil(pyspil) used a skinned_boar 1-24-2021, 8:44:24 AM
pyspil(pyspil) used a skinned_boar 1-24-2021, 8:44:25 AM
pyspil(pyspil) used a skinned_boar 1-24-2021, 8:44:25 AM
pyspil(pyspil) used a skinned_boar 1-24-2021, 8:44:25 AM
pyspil(pyspil) used a skinned_boar 1-24-2021, 8:44:25 AM
pyspil(pyspil) used a skinned_boar 1-24-2021, 8:44:25 AM
pyspil(pyspil) used a skinned_boar 1-24-2021, 8:44:26 AM
pyspil(pyspil) used a skinned_boar 1-24-2021, 8:44:26 AM
pyspil(pyspil) used a skinned_boar 1-24-2021, 8:44:26 AM
pyspil(pyspil) used a skinned_boar 1-24-2021, 8:44:26 AM
pyspil(pyspil) used a skinned_boar 1-24-2021, 8:44:26 AM
pyspil(pyspil) used a skinned_boar 1-24-2021, 8:44:27 AM
pyspil(pyspil) used a skinned_boar 1-24-2021, 8:44:27 AM
pyspil(pyspil) used a skinned_boar 1-24-2021, 8:44:27 AM
pyspil(pyspil) used a skinned_boar 1-24-2021, 8:44:27 AM
pyspil(pyspil) used a skinned_boar 1-24-2021, 8:44:27 AM
pyspil(pyspil) used a skinned_boar 1-24-2021, 8:44:28 AM
pyspil(pyspil) used a skinned_boar 1-24-2021, 8:44:28 AM
pyspil(pyspil) used a skinned_boar 1-24-2021, 8:44:28 AM
pyspil(pyspil) used a skinned_boar 1-24-2021, 8:44:28 AM
pyspil(pyspil) used a skinned_boar 1-24-2021, 8:44:28 AM
pyspil(pyspil) used a skinned_boar 1-24-2021, 8:44:29 AM
pyspil(pyspil) used a skinned_boar 1-24-2021, 8:44:29 AM
pyspil(pyspil) used a skinned_boar 1-24-2021, 8:44:29 AM
pyspil(pyspil) used a skinned_boar 1-24-2021, 8:44:29 AM
pyspil(pyspil) used a skinned_boar 1-24-2021, 8:44:30 AM
pyspil(pyspil) used a skinned_boar 1-24-2021, 8:44:30 AM
pyspil(pyspil) used a skinned_boar 1-24-2021, 8:44:30 AM
pyspil(pyspil) used a skinned_boar 1-24-2021, 8:44:30 AM
pyspil(pyspil) used a skinned_boar 1-24-2021, 8:44:30 AM
pyspil(pyspil) used a skinned_boar 1-24-2021, 8:44:30 AM
pyspil(pyspil) used a skinned_boar 1-24-2021, 8:44:31 AM
pyspil(pyspil) used a skinned_boar 1-24-2021, 8:44:31 AM
pyspil(pyspil) used a skinned_boar 1-24-2021, 8:44:31 AM
pyspil(pyspil) used a skinned_boar 1-24-2021, 8:44:32 AM
pyspil(pyspil) used a skinned_boar 1-24-2021, 8:44:32 AM
pyspil(pyspil) used a skinned_boar 1-24-2021, 8:44:32 AM
pyspil(pyspil) used a skinned_boar 1-24-2021, 8:44:32 AM
pyspil(pyspil) used a skinned_boar 1-24-2021, 8:44:32 AM
pyspil(pyspil) used a skinned_boar 1-24-2021, 8:44:33 AM
pyspil(pyspil) used a skinned_boar 1-24-2021, 8:44:33 AM
pyspil(pyspil) used a skinned_boar 1-24-2021, 8:44:33 AM
pyspil(pyspil) used a skinned_boar 1-24-2021, 8:44:33 AM
pyspil(pyspil) used a skinned_boar 1-24-2021, 8:44:33 AM
pyspil(pyspil) used a skinned_boar 1-24-2021, 8:44:33 AM
pyspil(pyspil) used a skinned_boar 1-24-2021, 8:44:34 AM
pyspil(pyspil) used a skinned_boar 1-24-2021, 8:44:34 AM
pyspil(pyspil) used a skinned_boar 1-24-2021, 8:44:34 AM
pyspil(pyspil) used a skinned_boar 1-24-2021, 8:44:34 AM
pyspil(pyspil) used a skinned_boar 1-24-2021, 8:44:34 AM
pyspil(pyspil) used a skinned_boar 1-24-2021, 8:44:35 AM
pyspil(pyspil) used a skinned_boar 1-24-2021, 8:44:35 AM
pyspil(pyspil) used a skinned_boar 1-24-2021, 8:44:35 AM
pyspil(pyspil) used a skinned_boar 1-24-2021, 8:44:35 AM
pyspil(pyspil) used a skinned_boar 1-24-2021, 8:44:35 AM
pyspil(pyspil) used a skinned_boar 1-24-2021, 8:44:36 AM
pyspil(pyspil) used a skinned_boar 1-24-2021, 8:44:36 AM
pyspil(pyspil) used a skinned_boar 1-24-2021, 8:44:36 AM
pyspil(pyspil) used a skinned_boar 1-24-2021, 8:44:36 AM
pyspil(pyspil) used a skinned_boar 1-24-2021, 8:44:36 AM
pyspil(pyspil) used a skinned_boar 1-24-2021, 8:44:37 AM
pyspil(pyspil) used a skinned_boar 1-24-2021, 8:44:37 AM
pyspil(pyspil) used a skinned_boar 1-24-2021, 8:44:37 AM
pyspil(pyspil) used a skinned_boar 1-24-2021, 8:44:37 AM
pyspil(pyspil) used a skinned_boar 1-24-2021, 8:44:37 AM
pyspil(pyspil) used a skinned_boar 1-24-2021, 8:44:37 AM
pyspil(pyspil) used a skinned_boar 1-24-2021, 8:44:38 AM
pyspil(pyspil) used a skinned_boar 1-24-2021, 8:44:38 AM
pyspil(pyspil) used a skinned_boar 1-24-2021, 8:44:38 AM
pyspil(pyspil) used a skinned_boar 1-24-2021, 8:44:38 AM
pyspil(pyspil) used a skinned_boar 1-24-2021, 8:44:39 AM
pyspil(pyspil) used a skinned_boar 1-24-2021, 8:44:39 AM
pyspil(pyspil) used a skinned_boar 1-24-2021, 8:44:39 AM
pyspil(pyspil) used a skinned_boar 1-24-2021, 8:44:39 AM
pyspil(pyspil) used a skinned_boar 1-24-2021, 8:44:39 AM
pyspil(pyspil) used a skinned_boar 1-24-2021, 8:44:39 AM
pyspil(pyspil) used a skinned_boar 1-24-2021, 8:44:40 AM
pyspil(pyspil) used a skinned_boar 1-24-2021, 8:44:40 AM
pyspil(pyspil) used a skinned_boar 1-24-2021, 8:44:40 AM
pyspil(pyspil) used a skinned_boar 1-24-2021, 8:44:40 AM
pyspil(pyspil) used a skinned_boar 1-24-2021, 8:44:40 AM
pyspil(pyspil) used a skinned_boar 1-24-2021, 8:44:41 AM
pyspil(pyspil) used a skinned_boar 1-24-2021, 8:44:41 AM
pyspil(pyspil) used a skinned_boar 1-24-2021, 8:44:41 AM
pyspil(pyspil) used a skinned_boar 1-24-2021, 8:44:41 AM
pyspil(pyspil) used a skinned_boar 1-24-2021, 8:44:41 AM
pyspil(pyspil) used a skinned_boar 1-24-2021, 8:44:41 AM
pyspil(pyspil) used a skinned_boar 1-24-2021, 8:44:42 AM
pyspil(pyspil) used a skinned_boar 1-24-2021, 8:44:42 AM
pyspil(pyspil) used a skinned_boar 1-24-2021, 8:44:42 AM
pyspil(pyspil) used a skinned_boar 1-24-2021, 8:44:42 AM
pyspil(pyspil) used a skinned_boar 1-24-2021, 8:44:42 AM
pyspil(pyspil) used a skinned_boar 1-24-2021, 8:44:42 AM
pyspil(pyspil) used a skinned_boar 1-24-2021, 8:44:43 AM
pyspil(pyspil) used a skinned_boar 1-24-2021, 8:44:43 AM
pyspil(pyspil) used a skinned_boar 1-24-2021, 8:44:43 AM
pyspil(pyspil) used a skinned_boar 1-24-2021, 8:44:43 AM
pyspil(pyspil) used a skinned_boar 1-24-2021, 8:44:43 AM
pyspil(pyspil) used a skinned_boar 1-24-2021, 8:44:43 AM
pyspil(pyspil) used a skinned_boar 1-24-2021, 8:44:44 AM
pyspil(pyspil) used a skinned_boar 1-24-2021, 8:44:44 AM
pyspil(pyspil) used a skinned_boar 1-24-2021, 8:44:44 AM
pyspil(pyspil) used a skinned_boar 1-24-2021, 8:44:44 AM
pyspil(pyspil) used a skinned_boar 1-24-2021, 8:44:44 AM
pyspil(pyspil) used a skinned_boar 1-24-2021, 8:44:44 AM
pyspil(pyspil) used a skinned_boar 1-24-2021, 8:44:45 AM
pyspil(pyspil) used a skinned_boar 1-24-2021, 8:44:45 AM
pyspil(pyspil) used a skinned_boar 1-24-2021, 8:44:45 AM
pyspil(pyspil) used a skinned_boar 1-24-2021, 8:44:45 AM
pyspil(pyspil) used a skinned_boar 1-24-2021, 8:44:45 AM
pyspil(pyspil) used a skinned_boar 1-24-2021, 8:44:45 AM
pyspil(pyspil) used a skinned_boar 1-24-2021, 8:44:46 AM
pyspil(pyspil) used a empty_beer_bottle 1-24-2021, 8:45:04 AM
pyspil(pyspil) used a empty_beer_bottle 1-24-2021, 8:45:05 AM
pyspil(pyspil) used a fire_starter 1-24-2021, 8:45:11 AM
pyspil(pyspil) used a fire_starter 1-24-2021, 8:45:32 AM
pyspil(pyspil) used a cutted_boar_meat 1-24-2021, 8:45:36 AM
pyspil(pyspil) used a cutted_boar_meat 1-24-2021, 8:45:37 AM
pyspil(pyspil) used a cutted_boar_meat 1-24-2021, 8:45:38 AM
pyspil(pyspil) used a cutted_boar_meat 1-24-2021, 8:45:38 AM
pyspil(pyspil) used a cutted_boar_meat 1-24-2021, 8:45:38 AM
pyspil(pyspil) used a cutted_boar_meat 1-24-2021, 8:45:38 AM
pyspil(pyspil) used a cutted_boar_meat 1-24-2021, 8:45:39 AM
pyspil(pyspil) used a cutted_boar_meat 1-24-2021, 8:45:39 AM
pyspil(pyspil) used a cutted_boar_meat 1-24-2021, 8:45:39 AM
pyspil(pyspil) used a cutted_boar_meat 1-24-2021, 8:45:39 AM
pyspil(pyspil) used a cutted_boar_meat 1-24-2021, 8:45:39 AM
pyspil(pyspil) used a cutted_boar_meat 1-24-2021, 8:45:40 AM
pyspil(pyspil) used a cutted_boar_meat 1-24-2021, 8:45:40 AM
pyspil(pyspil) used a cutted_boar_meat 1-24-2021, 8:45:40 AM
pyspil(pyspil) used a cutted_boar_meat 1-24-2021, 8:45:40 AM
pyspil(pyspil) used a cutted_boar_meat 1-24-2021, 8:45:40 AM
pyspil(pyspil) used a cutted_boar_meat 1-24-2021, 8:45:40 AM
pyspil(pyspil) used a cutted_boar_meat 1-24-2021, 8:45:43 AM
pyspil(pyspil) used a cutted_boar_meat 1-24-2021, 8:45:43 AM
pyspil(pyspil) used a cutted_boar_meat 1-24-2021, 8:45:44 AM
pyspil(pyspil) used a cutted_boar_meat 1-24-2021, 8:45:44 AM
pyspil(pyspil) used a cutted_boar_meat 1-24-2021, 8:45:44 AM
pyspil(pyspil) used a cutted_boar_meat 1-24-2021, 8:45:46 AM
pyspil(pyspil) used a cutted_boar_meat 1-24-2021, 8:45:47 AM
pyspil(pyspil) used a cutted_boar_meat 1-24-2021, 8:45:47 AM
pyspil(pyspil) used a cutted_boar_meat 1-24-2021, 8:45:47 AM
pyspil(pyspil) used a cutted_boar_meat 1-24-2021, 8:45:47 AM
pyspil(pyspil) used a cutted_boar_meat 1-24-2021, 8:45:47 AM
pyspil(pyspil) used a cutted_boar_meat 1-24-2021, 8:45:48 AM
pyspil(pyspil) used a cutted_boar_meat 1-24-2021, 8:45:48 AM
pyspil(pyspil) used a cutted_boar_meat 1-24-2021, 8:45:48 AM
pyspil(pyspil) used a cutted_boar_meat 1-24-2021, 8:45:48 AM
pyspil(pyspil) used a cutted_boar_meat 1-24-2021, 8:45:48 AM
pyspil(pyspil) used a cutted_boar_meat 1-24-2021, 8:45:48 AM
pyspil(pyspil) used a cutted_boar_meat 1-24-2021, 8:45:49 AM
pyspil(pyspil) used a cutted_boar_meat 1-24-2021, 8:45:49 AM
pyspil(pyspil) used a cutted_boar_meat 1-24-2021, 8:45:49 AM
pyspil(pyspil) used a cutted_boar_meat 1-24-2021, 8:45:49 AM
pyspil(pyspil) used a cutted_boar_meat 1-24-2021, 8:45:49 AM
pyspil(pyspil) used a cutted_boar_meat 1-24-2021, 8:45:50 AM
pyspil(pyspil) used a cutted_boar_meat 1-24-2021, 8:45:50 AM
pyspil(pyspil) used a cutted_boar_meat 1-24-2021, 8:45:50 AM
pyspil(pyspil) used a cutted_boar_meat 1-24-2021, 8:45:50 AM
pyspil(pyspil) used a cutted_boar_meat 1-24-2021, 8:45:50 AM
pyspil(pyspil) used a cutted_boar_meat 1-24-2021, 8:45:50 AM
pyspil(pyspil) used a cutted_boar_meat 1-24-2021, 8:45:51 AM
pyspil(pyspil) used a cutted_boar_meat 1-24-2021, 8:45:51 AM
pyspil(pyspil) used a cutted_boar_meat 1-24-2021, 8:45:51 AM
pyspil(pyspil) used a cutted_boar_meat 1-24-2021, 8:45:51 AM
pyspil(pyspil) used a cutted_boar_meat 1-24-2021, 8:45:51 AM
pyspil(pyspil) used a cutted_boar_meat 1-24-2021, 8:45:52 AM
pyspil(pyspil) used a cutted_boar_meat 1-24-2021, 8:45:52 AM
pyspil(pyspil) used a cutted_boar_meat 1-24-2021, 8:45:52 AM
pyspil(pyspil) used a cutted_boar_meat 1-24-2021, 8:45:52 AM
pyspil(pyspil) used a cutted_boar_meat 1-24-2021, 8:45:52 AM
pyspil(pyspil) used a cutted_boar_meat 1-24-2021, 8:45:53 AM
pyspil(pyspil) used a cutted_boar_meat 1-24-2021, 8:45:53 AM
pyspil(pyspil) used a cutted_boar_meat 1-24-2021, 8:45:53 AM
pyspil(pyspil) used a cutted_boar_meat 1-24-2021, 8:45:53 AM
pyspil(pyspil) used a cutted_boar_meat 1-24-2021, 8:45:53 AM
pyspil(pyspil) used a cutted_boar_meat 1-24-2021, 8:45:53 AM
pyspil(pyspil) used a cutted_boar_meat 1-24-2021, 8:45:54 AM
pyspil(pyspil) used a cutted_boar_meat 1-24-2021, 8:45:54 AM
pyspil(pyspil) used a cutted_boar_meat 1-24-2021, 8:45:54 AM
pyspil(pyspil) used a cutted_boar_meat 1-24-2021, 8:45:54 AM
pyspil(pyspil) used a cutted_boar_meat 1-24-2021, 8:45:54 AM
pyspil(pyspil) used a cutted_boar_meat 1-24-2021, 8:45:55 AM
pyspil(pyspil) used a cutted_boar_meat 1-24-2021, 8:45:55 AM
pyspil(pyspil) used a cutted_boar_meat 1-24-2021, 8:45:55 AM
pyspil(pyspil) used a cutted_boar_meat 1-24-2021, 8:45:55 AM
pyspil(pyspil) used a cutted_boar_meat 1-24-2021, 8:45:56 AM
pyspil(pyspil) used a cutted_boar_meat 1-24-2021, 8:45:56 AM
pyspil(pyspil) used a cutted_boar_meat 1-24-2021, 8:45:56 AM
pyspil(pyspil) used a cutted_boar_meat 1-24-2021, 8:45:56 AM
pyspil(pyspil) used a cutted_boar_meat 1-24-2021, 8:45:56 AM
pyspil(pyspil) used a cutted_boar_meat 1-24-2021, 8:45:57 AM
pyspil(pyspil) used a cutted_boar_meat 1-24-2021, 8:45:57 AM
pyspil(pyspil) used a cutted_boar_meat 1-24-2021, 8:45:57 AM
pyspil(pyspil) used a cutted_boar_meat 1-24-2021, 8:45:57 AM
pyspil(pyspil) used a cutted_boar_meat 1-24-2021, 8:45:58 AM
pyspil(pyspil) used a cutted_boar_meat 1-24-2021, 8:45:58 AM
pyspil(pyspil) used a cutted_boar_meat 1-24-2021, 8:45:58 AM
pyspil(pyspil) used a cutted_boar_meat 1-24-2021, 8:45:58 AM
pyspil(pyspil) used a cutted_boar_meat 1-24-2021, 8:45:58 AM
pyspil(pyspil) used a cutted_boar_meat 1-24-2021, 8:45:59 AM
pyspil(pyspil) used a cutted_boar_meat 1-24-2021, 8:45:59 AM
pyspil(pyspil) used a cutted_boar_meat 1-24-2021, 8:45:59 AM
pyspil(pyspil) used a cutted_boar_meat 1-24-2021, 8:45:59 AM
pyspil(pyspil) used a cutted_boar_meat 1-24-2021, 8:45:59 AM
pyspil(pyspil) used a cutted_boar_meat 1-24-2021, 8:46:00 AM
pyspil(pyspil) used a cutted_boar_meat 1-24-2021, 8:46:00 AM
pyspil(pyspil) used a cutted_boar_meat 1-24-2021, 8:46:00 AM
pyspil(pyspil) used a cutted_boar_meat 1-24-2021, 8:46:00 AM
pyspil(pyspil) used a cutted_boar_meat 1-24-2021, 8:46:01 AM
pyspil(pyspil) used a cutted_boar_meat 1-24-2021, 8:46:01 AM
pyspil(pyspil) used a cutted_boar_meat 1-24-2021, 8:46:01 AM
pyspil(pyspil) used a cutted_boar_meat 1-24-2021, 8:46:01 AM
pyspil(pyspil) used a cutted_boar_meat 1-24-2021, 8:46:01 AM
pyspil(pyspil) used a cutted_boar_meat 1-24-2021, 8:46:02 AM
pyspil(pyspil) used a cutted_boar_meat 1-24-2021, 8:46:02 AM
pyspil(pyspil) used a cutted_boar_meat 1-24-2021, 8:46:02 AM
pyspil(pyspil) used a cutted_boar_meat 1-24-2021, 8:46:02 AM
pyspil(pyspil) used a cutted_boar_meat 1-24-2021, 8:46:02 AM
pyspil(pyspil) used a cutted_boar_meat 1-24-2021, 8:46:03 AM
pyspil(pyspil) used a cutted_boar_meat 1-24-2021, 8:46:03 AM
pyspil(pyspil) used a cutted_boar_meat 1-24-2021, 8:46:03 AM
pyspil(pyspil) used a cutted_boar_meat 1-24-2021, 8:46:03 AM
pyspil(pyspil) used a cutted_boar_meat 1-24-2021, 8:46:03 AM
pyspil(pyspil) used a cutted_boar_meat 1-24-2021, 8:46:04 AM
pyspil(pyspil) used a cutted_boar_meat 1-24-2021, 8:46:04 AM
pyspil(pyspil) used a cutted_boar_meat 1-24-2021, 8:46:04 AM
pyspil(pyspil) used a cutted_boar_meat 1-24-2021, 8:46:04 AM
pyspil(pyspil) used a cutted_boar_meat 1-24-2021, 8:46:04 AM
pyspil(pyspil) used a cutted_boar_meat 1-24-2021, 8:46:05 AM
pyspil(pyspil) used a cutted_boar_meat 1-24-2021, 8:46:05 AM
pyspil(pyspil) used a cutted_boar_meat 1-24-2021, 8:46:05 AM
pyspil(pyspil) used a cutted_boar_meat 1-24-2021, 8:46:05 AM
pyspil(pyspil) used a cutted_boar_meat 1-24-2021, 8:46:05 AM
pyspil(pyspil) used a cutted_boar_meat 1-24-2021, 8:46:06 AM
pyspil(pyspil) used a cutted_boar_meat 1-24-2021, 8:46:06 AM
pyspil(pyspil) used a cutted_boar_meat 1-24-2021, 8:46:06 AM
pyspil(pyspil) used a cutted_boar_meat 1-24-2021, 8:46:06 AM
pyspil(pyspil) used a cutted_boar_meat 1-24-2021, 8:46:06 AM
pyspil(pyspil) used a cutted_boar_meat 1-24-2021, 8:46:06 AM
pyspil(pyspil) used a cutted_boar_meat 1-24-2021, 8:46:07 AM
pyspil(pyspil) used a cutted_boar_meat 1-24-2021, 8:46:07 AM
pyspil(pyspil) used a cutted_boar_meat 1-24-2021, 8:46:07 AM
pyspil(pyspil) used a cutted_boar_meat 1-24-2021, 8:46:07 AM
pyspil(pyspil) used a cutted_boar_meat 1-24-2021, 8:46:07 AM
pyspil(pyspil) used a cutted_boar_meat 1-24-2021, 8:46:08 AM
pyspil(pyspil) used a cutted_boar_meat 1-24-2021, 8:46:08 AM
pyspil(pyspil) used a cutted_boar_meat 1-24-2021, 8:46:08 AM
pyspil(pyspil) used a cutted_boar_meat 1-24-2021, 8:46:08 AM
pyspil(pyspil) used a cutted_boar_meat 1-24-2021, 8:46:09 AM
pyspil(pyspil) used a cutted_boar_meat 1-24-2021, 8:46:09 AM
pyspil(pyspil) used a cutted_boar_meat 1-24-2021, 8:46:09 AM
pyspil(pyspil) used a cutted_boar_meat 1-24-2021, 8:46:09 AM
pyspil(pyspil) used a cutted_boar_meat 1-24-2021, 8:46:09 AM
pyspil(pyspil) used a cutted_boar_meat 1-24-2021, 8:46:13 AM
pyspil(pyspil) used a cutted_boar_meat 1-24-2021, 8:46:13 AM
pyspil(pyspil) used a cutted_boar_meat 1-24-2021, 8:46:13 AM
pyspil(pyspil) used a cutted_boar_meat 1-24-2021, 8:46:13 AM
pyspil(pyspil) used a cutted_boar_meat 1-24-2021, 8:46:13 AM
pyspil(pyspil) used a cutted_boar_meat 1-24-2021, 8:46:14 AM
pyspil(pyspil) used a cutted_boar_meat 1-24-2021, 8:46:14 AM
pyspil(pyspil) used a cutted_boar_meat 1-24-2021, 8:46:15 AM
pyspil(pyspil) used a cutted_boar_meat 1-24-2021, 8:46:15 AM
pyspil(pyspil) used a cutted_boar_meat 1-24-2021, 8:46:15 AM
pyspil(pyspil) used a cutted_boar_meat 1-24-2021, 8:46:15 AM
pyspil(pyspil) used a cutted_boar_meat 1-24-2021, 8:46:16 AM
pyspil(pyspil) used a cutted_boar_meat 1-24-2021, 8:46:16 AM
pyspil(pyspil) used a cutted_boar_meat 1-24-2021, 8:46:16 AM
pyspil(pyspil) used a cutted_boar_meat 1-24-2021, 8:46:16 AM
pyspil(pyspil) used a cutted_boar_meat 1-24-2021, 8:46:17 AM
pyspil(pyspil) used a cutted_boar_meat 1-24-2021, 8:46:17 AM
pyspil(pyspil) used a cutted_boar_meat 1-24-2021, 8:46:17 AM
pyspil(pyspil) used a cutted_boar_meat 1-24-2021, 8:46:17 AM
pyspil(pyspil) used a cutted_boar_meat 1-24-2021, 8:46:17 AM
pyspil(pyspil) used a cutted_boar_meat 1-24-2021, 8:46:18 AM
pyspil(pyspil) used a cutted_boar_meat 1-24-2021, 8:46:18 AM
pyspil(pyspil) used a cutted_boar_meat 1-24-2021, 8:46:18 AM
pyspil(pyspil) used a cutted_boar_meat 1-24-2021, 8:46:18 AM
pyspil(pyspil) used a cutted_boar_meat 1-24-2021, 8:46:18 AM
pyspil(pyspil) used a cutted_boar_meat 1-24-2021, 8:46:19 AM
pyspil(pyspil) used a cutted_boar_meat 1-24-2021, 8:46:19 AM
pyspil(pyspil) used a cutted_boar_meat 1-24-2021, 8:46:19 AM
pyspil(pyspil) used a cutted_boar_meat 1-24-2021, 8:46:19 AM
pyspil(pyspil) used a cutted_boar_meat 1-24-2021, 8:46:21 AM
pyspil(pyspil) used a cutted_boar_meat 1-24-2021, 8:46:30 AM
pyspil(pyspil) used a cutted_boar_meat 1-24-2021, 8:46:30 AM
pyspil(pyspil) used a cutted_boar_meat 1-24-2021, 8:46:30 AM
pyspil(pyspil) used a cutted_boar_meat 1-24-2021, 8:46:30 AM
pyspil(pyspil) used a cutted_boar_meat 1-24-2021, 8:46:31 AM
pyspil(pyspil) used a cutted_boar_meat 1-24-2021, 8:46:31 AM
pyspil(pyspil) used a cutted_boar_meat 1-24-2021, 8:46:31 AM
pyspil(pyspil) used a cutted_boar_meat 1-24-2021, 8:46:31 AM
pyspil(pyspil) used a cutted_boar_meat 1-24-2021, 8:46:31 AM
pyspil(pyspil) used a cutted_boar_meat 1-24-2021, 8:46:32 AM
pyspil(pyspil) used a cutted_boar_meat 1-24-2021, 8:46:33 AM
pyspil(pyspil) used a cutted_boar_meat 1-24-2021, 8:46:33 AM
pyspil(pyspil) used a cutted_boar_meat 1-24-2021, 8:46:34 AM
pyspil(pyspil) used a cutted_boar_meat 1-24-2021, 8:46:35 AM
pyspil(pyspil) used a cutted_boar_meat 1-24-2021, 8:46:35 AM
pyspil(pyspil) used a cutted_boar_meat 1-24-2021, 8:46:36 AM
pyspil(pyspil) used a cutted_boar_meat 1-24-2021, 8:46:36 AM
pyspil(pyspil) used a cutted_boar_meat 1-24-2021, 8:46:36 AM
pyspil(pyspil) used a cutted_boar_meat 1-24-2021, 8:46:36 AM
pyspil(pyspil) used a cutted_boar_meat 1-24-2021, 8:46:37 AM
pyspil(pyspil) used a cutted_boar_meat 1-24-2021, 8:46:37 AM
pyspil(pyspil) used a cutted_boar_meat 1-24-2021, 8:46:37 AM
pyspil(pyspil) used a cutted_boar_meat 1-24-2021, 8:46:37 AM
pyspil(pyspil) used a cutted_boar_meat 1-24-2021, 8:46:37 AM
pyspil(pyspil) used a cutted_boar_meat 1-24-2021, 8:46:38 AM
pyspil(pyspil) used a cutted_boar_meat 1-24-2021, 8:46:38 AM
pyspil(pyspil) used a cutted_boar_meat 1-24-2021, 8:46:38 AM
pyspil(pyspil) used a cutted_boar_meat 1-24-2021, 8:46:38 AM
pyspil(pyspil) used a cutted_boar_meat 1-24-2021, 8:46:38 AM
pyspil(pyspil) used a cutted_boar_meat 1-24-2021, 8:46:39 AM
pyspil(pyspil) used a cutted_boar_meat 1-24-2021, 8:46:39 AM
pyspil(pyspil) used a cutted_boar_meat 1-24-2021, 8:46:39 AM
pyspil(pyspil) used a cutted_boar_meat 1-24-2021, 8:46:40 AM
pyspil(pyspil) used a cutted_boar_meat 1-24-2021, 8:46:40 AM
pyspil(pyspil) used a cutted_boar_meat 1-24-2021, 8:46:40 AM
pyspil(pyspil) used a cutted_boar_meat 1-24-2021, 8:46:40 AM
pyspil(pyspil) used a cutted_boar_meat 1-24-2021, 8:46:42 AM
pyspil(pyspil) used a cutted_boar_meat 1-24-2021, 8:46:42 AM
pyspil(pyspil) used a cutted_boar_meat 1-24-2021, 8:46:42 AM
pyspil(pyspil) used a cutted_boar_meat 1-24-2021, 8:46:42 AM
pyspil(pyspil) used a cutted_boar_meat 1-24-2021, 8:46:43 AM
pyspil(pyspil) used a cutted_boar_meat 1-24-2021, 8:46:43 AM
pyspil(pyspil) used a cutted_boar_meat 1-24-2021, 8:46:43 AM
pyspil(pyspil) used a cutted_boar_meat 1-24-2021, 8:46:43 AM
pyspil(pyspil) used a cutted_boar_meat 1-24-2021, 8:46:43 AM
pyspil(pyspil) used a cutted_boar_meat 1-24-2021, 8:46:44 AM
pyspil(pyspil) used a cutted_boar_meat 1-24-2021, 8:46:44 AM
pyspil(pyspil) used a cutted_boar_meat 1-24-2021, 8:46:44 AM
pyspil(pyspil) used a cutted_boar_meat 1-24-2021, 8:46:44 AM
pyspil(pyspil) used a cutted_boar_meat 1-24-2021, 8:46:45 AM
pyspil(pyspil) used a cutted_boar_meat 1-24-2021, 8:46:45 AM
pyspil(pyspil) used a cutted_boar_meat 1-24-2021, 8:46:45 AM
pyspil(pyspil) used a cutted_boar_meat 1-24-2021, 8:46:45 AM
pyspil(pyspil) used a cutted_boar_meat 1-24-2021, 8:46:45 AM
pyspil(pyspil) used a cutted_boar_meat 1-24-2021, 8:46:46 AM
pyspil(pyspil) used a cutted_boar_meat 1-24-2021, 8:46:46 AM
pyspil(pyspil) used a cutted_boar_meat 1-24-2021, 8:46:46 AM
pyspil(pyspil) used a cutted_boar_meat 1-24-2021, 8:46:46 AM
pyspil(pyspil) used a cutted_boar_meat 1-24-2021, 8:46:47 AM
pyspil(pyspil) used a cutted_boar_meat 1-24-2021, 8:46:47 AM
pyspil(pyspil) used a cutted_boar_meat 1-24-2021, 8:46:47 AM
pyspil(pyspil) used a cutted_boar_meat 1-24-2021, 8:46:47 AM
pyspil(pyspil) used a cutted_boar_meat 1-24-2021, 8:46:47 AM
pyspil(pyspil) used a cutted_boar_meat 1-24-2021, 8:46:48 AM
pyspil(pyspil) used a cutted_boar_meat 1-24-2021, 8:46:48 AM
pyspil(pyspil) used a cutted_boar_meat 1-24-2021, 8:46:48 AM
pyspil(pyspil) used a cutted_boar_meat 1-24-2021, 8:46:48 AM
pyspil(pyspil) used a cutted_boar_meat 1-24-2021, 8:46:48 AM
pyspil(pyspil) used a cutted_boar_meat 1-24-2021, 8:46:49 AM
pyspil(pyspil) used a cutted_boar_meat 1-24-2021, 8:46:49 AM
pyspil(pyspil) used a cutted_boar_meat 1-24-2021, 8:46:49 AM
pyspil(pyspil) used a cutted_boar_meat 1-24-2021, 8:46:49 AM
pyspil(pyspil) used a cutted_boar_meat 1-24-2021, 8:46:49 AM
pyspil(pyspil) used a cutted_boar_meat 1-24-2021, 8:46:50 AM
pyspil(pyspil) used a cutted_boar_meat 1-24-2021, 8:46:50 AM
pyspil(pyspil) used a cutted_boar_meat 1-24-2021, 8:46:50 AM
pyspil(pyspil) used a cutted_boar_meat 1-24-2021, 8:46:51 AM
pyspil(pyspil) used a cutted_boar_meat 1-24-2021, 8:46:51 AM
pyspil(pyspil) used a cutted_boar_meat 1-24-2021, 8:46:51 AM
pyspil(pyspil) used a cutted_boar_meat 1-24-2021, 8:46:51 AM
pyspil(pyspil) used a cutted_boar_meat 1-24-2021, 8:46:51 AM
pyspil(pyspil) used a cutted_boar_meat 1-24-2021, 8:46:54 AM
pyspil(pyspil) used a cutted_boar_meat 1-24-2021, 8:46:54 AM
pyspil(pyspil) used a cutted_boar_meat 1-24-2021, 8:46:55 AM
pyspil(pyspil) used a cutted_boar_meat 1-24-2021, 8:46:55 AM
pyspil(pyspil) used a cutted_boar_meat 1-24-2021, 8:46:55 AM
pyspil(pyspil) used a cutted_boar_meat 1-24-2021, 8:46:55 AM
pyspil(pyspil) used a cutted_boar_meat 1-24-2021, 8:46:55 AM
pyspil(pyspil) used a cutted_boar_meat 1-24-2021, 8:46:55 AM
pyspil(pyspil) used a cutted_boar_meat 1-24-2021, 8:46:56 AM
pyspil(pyspil) used a cutted_boar_meat 1-24-2021, 8:46:56 AM
pyspil(pyspil) used a cutted_boar_meat 1-24-2021, 8:46:56 AM
pyspil(pyspil) used a cutted_boar_meat 1-24-2021, 8:46:56 AM
pyspil(pyspil) used a cutted_boar_meat 1-24-2021, 8:46:56 AM
pyspil(pyspil) used a cutted_boar_meat 1-24-2021, 8:46:57 AM
pyspil(pyspil) used a cutted_boar_meat 1-24-2021, 8:46:57 AM
pyspil(pyspil) used a cutted_boar_meat 1-24-2021, 8:46:57 AM
pyspil(pyspil) used a cutted_boar_meat 1-24-2021, 8:46:57 AM
pyspil(pyspil) used a cutted_boar_meat 1-24-2021, 8:46:57 AM
pyspil(pyspil) used a cutted_boar_meat 1-24-2021, 8:47:01 AM
pyspil(pyspil) used a cutted_boar_meat 1-24-2021, 8:47:01 AM
pyspil(pyspil) used a cutted_boar_meat 1-24-2021, 8:47:01 AM
pyspil(pyspil) used a cutted_boar_meat 1-24-2021, 8:47:02 AM
pyspil(pyspil) used a cutted_boar_meat 1-24-2021, 8:47:03 AM
pyspil(pyspil) used a cutted_boar_meat 1-24-2021, 8:47:03 AM
pyspil(pyspil) used a cutted_boar_meat 1-24-2021, 8:47:06 AM
pyspil(pyspil) used a cutted_boar_meat 1-24-2021, 8:47:06 AM
pyspil(pyspil) used a cutted_boar_meat 1-24-2021, 8:47:07 AM
pyspil(pyspil) used a cutted_boar_meat 1-24-2021, 8:47:07 AM
pyspil(pyspil) used a cutted_boar_meat 1-24-2021, 8:47:07 AM
pyspil(pyspil) used a cutted_boar_meat 1-24-2021, 8:47:08 AM
pyspil(pyspil) used a cutted_boar_meat 1-24-2021, 8:47:08 AM
pyspil(pyspil) used a cutted_boar_meat 1-24-2021, 8:47:09 AM
pyspil(pyspil) used a cutted_boar_meat 1-24-2021, 8:47:10 AM
pyspil(pyspil) used a cutted_boar_meat 1-24-2021, 8:47:10 AM
pyspil(pyspil) used a cutted_boar_meat 1-24-2021, 8:47:10 AM
pyspil(pyspil) used a cutted_boar_meat 1-24-2021, 8:47:11 AM
pyspil(pyspil) used a cutted_boar_meat 1-24-2021, 8:47:11 AM
pyspil(pyspil) used a cutted_boar_meat 1-24-2021, 8:47:11 AM
pyspil(pyspil) used a cutted_boar_meat 1-24-2021, 8:47:11 AM
pyspil(pyspil) used a cutted_boar_meat 1-24-2021, 8:47:11 AM
pyspil(pyspil) used a cutted_boar_meat 1-24-2021, 8:47:12 AM
pyspil(pyspil) used a cutted_boar_meat 1-24-2021, 8:47:12 AM
pyspil(pyspil) used a cutted_boar_meat 1-24-2021, 8:47:12 AM
pyspil(pyspil) used a cutted_boar_meat 1-24-2021, 8:47:12 AM
pyspil(pyspil) used a cutted_boar_meat 1-24-2021, 8:47:12 AM
pyspil(pyspil) used a cutted_boar_meat 1-24-2021, 8:47:13 AM
pyspil(pyspil) used a cutted_boar_meat 1-24-2021, 8:47:13 AM
pyspil(pyspil) used a cutted_boar_meat 1-24-2021, 8:47:14 AM
pyspil(pyspil) used a cutted_boar_meat 1-24-2021, 8:47:15 AM
pyspil(pyspil) used a cutted_boar_meat 1-24-2021, 8:47:15 AM
pyspil(pyspil) used a cutted_boar_meat 1-24-2021, 8:47:16 AM
pyspil(pyspil) used a fire_starter 1-24-2021, 8:47:18 AM
pyspil(pyspil) used a fire_starter 1-24-2021, 8:47:18 AM
pyspil(pyspil) used a fire_starter 1-24-2021, 8:47:20 AM
pyspil(pyspil) used a cutted_boar_meat 1-24-2021, 8:47:33 AM
pyspil(pyspil) used a cutted_boar_meat 1-24-2021, 8:47:34 AM
pyspil(pyspil) used a cutted_boar_meat 1-24-2021, 8:47:34 AM
pyspil(pyspil) used a cutted_boar_meat 1-24-2021, 8:47:34 AM
pyspil(pyspil) used a cutted_boar_meat 1-24-2021, 8:47:34 AM
pyspil(pyspil) used a cutted_boar_meat 1-24-2021, 8:47:34 AM
pyspil(pyspil) used a cutted_boar_meat 1-24-2021, 8:47:35 AM
pyspil(pyspil) used a cutted_boar_meat 1-24-2021, 8:47:35 AM
pyspil(pyspil) used a cutted_boar_meat 1-24-2021, 8:47:35 AM
pyspil(pyspil) used a cutted_boar_meat 1-24-2021, 8:47:35 AM
pyspil(pyspil) used a cutted_boar_meat 1-24-2021, 8:47:35 AM
pyspil(pyspil) used a cutted_boar_meat 1-24-2021, 8:47:35 AM
pyspil(pyspil) used a cutted_boar_meat 1-24-2021, 8:47:36 AM
pyspil(pyspil) used a cutted_boar_meat 1-24-2021, 8:47:36 AM
pyspil(pyspil) used a cutted_boar_meat 1-24-2021, 8:47:36 AM
pyspil(pyspil) used a cutted_boar_meat 1-24-2021, 8:47:36 AM
pyspil(pyspil) used a cutted_boar_meat 1-24-2021, 8:47:37 AM
pyspil(pyspil) used a cutted_boar_meat 1-24-2021, 8:47:37 AM
pyspil(pyspil) used a cutted_boar_meat 1-24-2021, 8:47:37 AM
pyspil(pyspil) used a cutted_boar_meat 1-24-2021, 8:47:37 AM
pyspil(pyspil) used a cutted_boar_meat 1-24-2021, 8:47:37 AM
pyspil(pyspil) used a cutted_boar_meat 1-24-2021, 8:47:37 AM
pyspil(pyspil) used a cutted_boar_meat 1-24-2021, 8:47:38 AM
pyspil(pyspil) used a cutted_boar_meat 1-24-2021, 8:47:38 AM
pyspil(pyspil) used a cutted_boar_meat 1-24-2021, 8:47:38 AM
pyspil(pyspil) used a cutted_boar_meat 1-24-2021, 8:47:38 AM
pyspil(pyspil) used a cutted_boar_meat 1-24-2021, 8:47:38 AM
pyspil(pyspil) used a cutted_boar_meat 1-24-2021, 8:47:39 AM
pyspil(pyspil) used a cutted_boar_meat 1-24-2021, 8:47:39 AM
pyspil(pyspil) used a cutted_boar_meat 1-24-2021, 8:47:39 AM
pyspil(pyspil) used a cutted_boar_meat 1-24-2021, 8:47:39 AM
pyspil(pyspil) used a cutted_boar_meat 1-24-2021, 8:47:40 AM
pyspil(pyspil) used a cutted_boar_meat 1-24-2021, 8:47:44 AM
pyspil(pyspil) used a cutted_boar_meat 1-24-2021, 8:47:44 AM
pyspil(pyspil) used a cutted_boar_meat 1-24-2021, 8:47:44 AM
pyspil(pyspil) used a cutted_boar_meat 1-24-2021, 8:47:44 AM
pyspil(pyspil) used a cutted_boar_meat 1-24-2021, 8:47:45 AM
pyspil(pyspil) used a cutted_boar_meat 1-24-2021, 8:47:45 AM
pyspil(pyspil) used a cutted_boar_meat 1-24-2021, 8:47:45 AM
pyspil(pyspil) used a cutted_boar_meat 1-24-2021, 8:47:46 AM
pyspil(pyspil) used a cutted_boar_meat 1-24-2021, 8:47:46 AM
pyspil(pyspil) used a cutted_boar_meat 1-24-2021, 8:47:47 AM
pyspil(pyspil) used a cutted_boar_meat 1-24-2021, 8:47:47 AM
pyspil(pyspil) used a cutted_boar_meat 1-24-2021, 8:47:47 AM
pyspil(pyspil) used a cutted_boar_meat 1-24-2021, 8:47:47 AM
pyspil(pyspil) used a cutted_boar_meat 1-24-2021, 8:47:47 AM
pyspil(pyspil) used a cutted_boar_meat 1-24-2021, 8:47:47 AM
pyspil(pyspil) used a cutted_boar_meat 1-24-2021, 8:47:48 AM
pyspil(pyspil) used a cutted_boar_meat 1-24-2021, 8:47:48 AM
pyspil(pyspil) used a cutted_boar_meat 1-24-2021, 8:47:48 AM
pyspil(pyspil) used a cutted_boar_meat 1-24-2021, 8:47:48 AM
pyspil(pyspil) used a cutted_boar_meat 1-24-2021, 8:47:48 AM
pyspil(pyspil) used a cutted_boar_meat 1-24-2021, 8:47:48 AM
pyspil(pyspil) used a cutted_boar_meat 1-24-2021, 8:47:49 AM
pyspil(pyspil) used a cutted_boar_meat 1-24-2021, 8:47:49 AM
pyspil(pyspil) used a cutted_boar_meat 1-24-2021, 8:47:49 AM
pyspil(pyspil) used a cutted_boar_meat 1-24-2021, 8:47:49 AM
pyspil(pyspil) used a cutted_boar_meat 1-24-2021, 8:47:49 AM
pyspil(pyspil) used a cutted_boar_meat 1-24-2021, 8:47:50 AM
pyspil(pyspil) used a cutted_boar_meat 1-24-2021, 8:47:50 AM
pyspil(pyspil) used a cutted_boar_meat 1-24-2021, 8:47:50 AM
pyspil(pyspil) used a cutted_boar_meat 1-24-2021, 8:47:50 AM
pyspil(pyspil) used a cutted_boar_meat 1-24-2021, 8:47:50 AM
pyspil(pyspil) used a cutted_boar_meat 1-24-2021, 8:47:51 AM
pyspil(pyspil) used a cutted_boar_meat 1-24-2021, 8:47:51 AM
pyspil(pyspil) used a cutted_boar_meat 1-24-2021, 8:47:51 AM
pyspil(pyspil) used a cutted_boar_meat 1-24-2021, 8:47:51 AM
pyspil(pyspil) used a cutted_boar_meat 1-24-2021, 8:47:51 AM
pyspil(pyspil) used a cutted_boar_meat 1-24-2021, 8:47:52 AM
pyspil(pyspil) used a cutted_boar_meat 1-24-2021, 8:47:52 AM
pyspil(pyspil) used a cutted_boar_meat 1-24-2021, 8:47:52 AM
pyspil(pyspil) used a cutted_boar_meat 1-24-2021, 8:47:52 AM
pyspil(pyspil) used a cutted_boar_meat 1-24-2021, 8:47:52 AM
pyspil(pyspil) used a cutted_boar_meat 1-24-2021, 8:47:53 AM
pyspil(pyspil) used a cutted_boar_meat 1-24-2021, 8:47:53 AM
pyspil(pyspil) used a cutted_boar_meat 1-24-2021, 8:47:53 AM
pyspil(pyspil) used a cutted_boar_meat 1-24-2021, 8:47:53 AM
pyspil(pyspil) used a cutted_boar_meat 1-24-2021, 8:47:53 AM
pyspil(pyspil) used a cutted_boar_meat 1-24-2021, 8:47:53 AM
pyspil(pyspil) used a cutted_boar_meat 1-24-2021, 8:47:54 AM
pyspil(pyspil) used a cutted_boar_meat 1-24-2021, 8:47:54 AM
pyspil(pyspil) used a cutted_boar_meat 1-24-2021, 8:47:54 AM
pyspil(pyspil) used a cutted_boar_meat 1-24-2021, 8:47:54 AM
pyspil(pyspil) used a cutted_boar_meat 1-24-2021, 8:47:54 AM
pyspil(pyspil) used a cutted_boar_meat 1-24-2021, 8:47:54 AM
pyspil(pyspil) used a cutted_boar_meat 1-24-2021, 8:47:55 AM
pyspil(pyspil) used a cutted_boar_meat 1-24-2021, 8:47:55 AM
pyspil(pyspil) used a cutted_boar_meat 1-24-2021, 8:47:55 AM
pyspil(pyspil) used a cutted_boar_meat 1-24-2021, 8:47:55 AM
pyspil(pyspil) used a cutted_boar_meat 1-24-2021, 8:47:55 AM
pyspil(pyspil) used a cutted_boar_meat 1-24-2021, 8:47:55 AM
pyspil(pyspil) used a cutted_boar_meat 1-24-2021, 8:47:55 AM
pyspil(pyspil) used a cutted_boar_meat 1-24-2021, 8:47:56 AM
pyspil(pyspil) used a cutted_boar_meat 1-24-2021, 8:47:56 AM
pyspil(pyspil) used a cutted_boar_meat 1-24-2021, 8:47:56 AM
pyspil(pyspil) used a cutted_boar_meat 1-24-2021, 8:47:56 AM
pyspil(pyspil) used a cutted_boar_meat 1-24-2021, 8:47:56 AM
pyspil(pyspil) used a cutted_boar_meat 1-24-2021, 8:47:56 AM
pyspil(pyspil) used a cutted_boar_meat 1-24-2021, 8:47:56 AM
pyspil(pyspil) used a cutted_boar_meat 1-24-2021, 8:47:56 AM
pyspil(pyspil) used a cutted_boar_meat 1-24-2021, 8:47:56 AM
pyspil(pyspil) used a cutted_boar_meat 1-24-2021, 8:47:57 AM
pyspil(pyspil) used a cutted_boar_meat 1-24-2021, 8:47:57 AM
pyspil(pyspil) used a cutted_boar_meat 1-24-2021, 8:47:57 AM
pyspil(pyspil) used a cutted_boar_meat 1-24-2021, 8:47:57 AM
pyspil(pyspil) used a cutted_boar_meat 1-24-2021, 8:47:58 AM
pyspil(pyspil) used a cutted_boar_meat 1-24-2021, 8:47:58 AM
pyspil(pyspil) used a cutted_boar_meat 1-24-2021, 8:47:58 AM
pyspil(pyspil) used a cutted_boar_meat 1-24-2021, 8:47:58 AM
pyspil(pyspil) used a cutted_boar_meat 1-24-2021, 8:47:58 AM
pyspil(pyspil) used a cutted_boar_meat 1-24-2021, 8:47:58 AM
pyspil(pyspil) used a cutted_boar_meat 1-24-2021, 8:47:58 AM
pyspil(pyspil) used a cutted_boar_meat 1-24-2021, 8:47:59 AM
pyspil(pyspil) used a cutted_boar_meat 1-24-2021, 8:47:59 AM
pyspil(pyspil) used a cutted_boar_meat 1-24-2021, 8:47:59 AM
pyspil(pyspil) used a cutted_boar_meat 1-24-2021, 8:47:59 AM
pyspil(pyspil) used a cutted_boar_meat 1-24-2021, 8:47:59 AM
pyspil(pyspil) used a cutted_boar_meat 1-24-2021, 8:48:00 AM
pyspil(pyspil) used a cutted_boar_meat 1-24-2021, 8:48:00 AM
pyspil(pyspil) used a cutted_boar_meat 1-24-2021, 8:48:00 AM
pyspil(pyspil) used a cutted_boar_meat 1-24-2021, 8:48:00 AM
pyspil(pyspil) used a cutted_boar_meat 1-24-2021, 8:48:00 AM
pyspil(pyspil) used a cutted_boar_meat 1-24-2021, 8:48:00 AM
pyspil(pyspil) used a cutted_leopard_meat 1-24-2021, 8:48:12 AM
pyspil(pyspil) used a cutted_leopard_meat 1-24-2021, 8:48:12 AM
pyspil(pyspil) used a cutted_leopard_meat 1-24-2021, 8:48:12 AM
pyspil(pyspil) used a cutted_leopard_meat 1-24-2021, 8:48:12 AM
pyspil(pyspil) used a cutted_leopard_meat 1-24-2021, 8:48:12 AM
pyspil(pyspil) used a cutted_leopard_meat 1-24-2021, 8:48:13 AM
pyspil(pyspil) used a cutted_leopard_meat 1-24-2021, 8:48:13 AM
pyspil(pyspil) used a cutted_leopard_meat 1-24-2021, 8:48:13 AM
pyspil(pyspil) used a cutted_leopard_meat 1-24-2021, 8:48:13 AM
pyspil(pyspil) used a cutted_leopard_meat 1-24-2021, 8:48:13 AM
pyspil(pyspil) used a cutted_leopard_meat 1-24-2021, 8:48:14 AM
pyspil(pyspil) used a cutted_leopard_meat 1-24-2021, 8:48:14 AM
pyspil(pyspil) used a cutted_leopard_meat 1-24-2021, 8:48:14 AM
pyspil(pyspil) used a cutted_leopard_meat 1-24-2021, 8:48:14 AM
pyspil(pyspil) used a cutted_leopard_meat 1-24-2021, 8:48:14 AM
pyspil(pyspil) used a cutted_leopard_meat 1-24-2021, 8:48:15 AM
pyspil(pyspil) used a cutted_leopard_meat 1-24-2021, 8:48:15 AM
pyspil(pyspil) used a cutted_leopard_meat 1-24-2021, 8:48:15 AM
pyspil(pyspil) used a cutted_leopard_meat 1-24-2021, 8:48:15 AM
pyspil(pyspil) used a cutted_leopard_meat 1-24-2021, 8:48:15 AM
pyspil(pyspil) used a cutted_leopard_meat 1-24-2021, 8:48:16 AM
pyspil(pyspil) used a cutted_leopard_meat 1-24-2021, 8:48:16 AM
pyspil(pyspil) used a cutted_leopard_meat 1-24-2021, 8:48:16 AM
pyspil(pyspil) used a cutted_leopard_meat 1-24-2021, 8:48:16 AM
pyspil(pyspil) used a cutted_leopard_meat 1-24-2021, 8:48:16 AM
pyspil(pyspil) used a cutted_leopard_meat 1-24-2021, 8:48:17 AM
pyspil(pyspil) used a cutted_leopard_meat 1-24-2021, 8:48:17 AM
pyspil(pyspil) used a cutted_leopard_meat 1-24-2021, 8:48:17 AM
pyspil(pyspil) used a cutted_leopard_meat 1-24-2021, 8:48:17 AM
pyspil(pyspil) used a cutted_leopard_meat 1-24-2021, 8:48:18 AM
pyspil(pyspil) used a cutted_leopard_meat 1-24-2021, 8:48:18 AM
pyspil(pyspil) used a cutted_leopard_meat 1-24-2021, 8:48:18 AM
pyspil(pyspil) used a cutted_leopard_meat 1-24-2021, 8:48:18 AM
pyspil(pyspil) used a cutted_leopard_meat 1-24-2021, 8:48:18 AM
pyspil(pyspil) used a cutted_leopard_meat 1-24-2021, 8:48:18 AM
pyspil(pyspil) used a cutted_leopard_meat 1-24-2021, 8:48:19 AM
pyspil(pyspil) used a cutted_leopard_meat 1-24-2021, 8:48:19 AM
pyspil(pyspil) used a cutted_leopard_meat 1-24-2021, 8:48:19 AM
pyspil(pyspil) used a cutted_leopard_meat 1-24-2021, 8:48:19 AM
pyspil(pyspil) used a cutted_leopard_meat 1-24-2021, 8:48:19 AM
pyspil(pyspil) used a cutted_leopard_meat 1-24-2021, 8:48:20 AM
pyspil(pyspil) used a cutted_leopard_meat 1-24-2021, 8:48:20 AM
pyspil(pyspil) used a cutted_leopard_meat 1-24-2021, 8:48:20 AM
pyspil(pyspil) used a cutted_leopard_meat 1-24-2021, 8:48:20 AM
pyspil(pyspil) used a cutted_leopard_meat 1-24-2021, 8:48:20 AM
pyspil(pyspil) used a cutted_leopard_meat 1-24-2021, 8:48:21 AM
pyspil(pyspil) used a cutted_leopard_meat 1-24-2021, 8:48:21 AM
pyspil(pyspil) used a cutted_leopard_meat 1-24-2021, 8:48:21 AM
pyspil(pyspil) used a cutted_leopard_meat 1-24-2021, 8:48:21 AM
pyspil(pyspil) used a cutted_leopard_meat 1-24-2021, 8:48:22 AM
pyspil(pyspil) used a cutted_leopard_meat 1-24-2021, 8:48:22 AM
pyspil(pyspil) used a cutted_leopard_meat 1-24-2021, 8:48:22 AM
pyspil(pyspil) used a cutted_leopard_meat 1-24-2021, 8:48:22 AM
pyspil(pyspil) used a cutted_leopard_meat 1-24-2021, 8:48:22 AM
pyspil(pyspil) used a cutted_leopard_meat 1-24-2021, 8:48:23 AM
pyspil(pyspil) used a cutted_leopard_meat 1-24-2021, 8:48:23 AM
pyspil(pyspil) used a cutted_leopard_meat 1-24-2021, 8:48:23 AM
pyspil(pyspil) used a cutted_leopard_meat 1-24-2021, 8:48:23 AM
pyspil(pyspil) used a cutted_leopard_meat 1-24-2021, 8:48:23 AM
pyspil(pyspil) used a cutted_leopard_meat 1-24-2021, 8:48:24 AM
pyspil(pyspil) used a cutted_leopard_meat 1-24-2021, 8:48:24 AM
pyspil(pyspil) used a cutted_leopard_meat 1-24-2021, 8:48:24 AM
pyspil(pyspil) used a cutted_leopard_meat 1-24-2021, 8:48:24 AM
pyspil(pyspil) used a cutted_leopard_meat 1-24-2021, 8:48:24 AM
pyspil(pyspil) used a cutted_leopard_meat 1-24-2021, 8:48:24 AM
pyspil(pyspil) used a cutted_leopard_meat 1-24-2021, 8:48:25 AM
pyspil(pyspil) used a cutted_leopard_meat 1-24-2021, 8:48:25 AM
pyspil(pyspil) used a cutted_leopard_meat 1-24-2021, 8:48:25 AM
pyspil(pyspil) used a cutted_leopard_meat 1-24-2021, 8:48:26 AM
pyspil(pyspil) used a cutted_leopard_meat 1-24-2021, 8:48:26 AM
pyspil(pyspil) used a cutted_leopard_meat 1-24-2021, 8:48:26 AM
pyspil(pyspil) used a cutted_leopard_meat 1-24-2021, 8:48:26 AM
pyspil(pyspil) used a cutted_leopard_meat 1-24-2021, 8:48:26 AM
pyspil(pyspil) used a cutted_leopard_meat 1-24-2021, 8:48:27 AM
pyspil(pyspil) used a cutted_leopard_meat 1-24-2021, 8:48:27 AM
pyspil(pyspil) used a cutted_leopard_meat 1-24-2021, 8:48:27 AM
pyspil(pyspil) used a cutted_leopard_meat 1-24-2021, 8:48:27 AM
pyspil(pyspil) used a cutted_leopard_meat 1-24-2021, 8:48:27 AM
pyspil(pyspil) used a cutted_leopard_meat 1-24-2021, 8:48:27 AM
pyspil(pyspil) used a cutted_leopard_meat 1-24-2021, 8:48:28 AM
pyspil(pyspil) used a cutted_leopard_meat 1-24-2021, 8:48:28 AM
pyspil(pyspil) used a cutted_leopard_meat 1-24-2021, 8:48:28 AM
pyspil(pyspil) used a cutted_leopard_meat 1-24-2021, 8:48:28 AM
pyspil(pyspil) used a cutted_leopard_meat 1-24-2021, 8:48:28 AM
pyspil(pyspil) used a cutted_leopard_meat 1-24-2021, 8:48:29 AM
pyspil(pyspil) used a cutted_leopard_meat 1-24-2021, 8:48:29 AM
pyspil(pyspil) used a cutted_leopard_meat 1-24-2021, 8:48:29 AM
pyspil(pyspil) used a cutted_leopard_meat 1-24-2021, 8:48:29 AM
pyspil(pyspil) used a cutted_leopard_meat 1-24-2021, 8:48:29 AM
pyspil(pyspil) used a cutted_leopard_meat 1-24-2021, 8:48:30 AM
pyspil(pyspil) used a cutted_leopard_meat 1-24-2021, 8:48:30 AM
pyspil(pyspil) used a cutted_leopard_meat 1-24-2021, 8:48:30 AM
pyspil(pyspil) used a cutted_leopard_meat 1-24-2021, 8:48:30 AM
pyspil(pyspil) used a cutted_leopard_meat 1-24-2021, 8:48:31 AM
pyspil(pyspil) used a cutted_leopard_meat 1-24-2021, 8:48:31 AM
pyspil(pyspil) used a cutted_leopard_meat 1-24-2021, 8:48:31 AM
pyspil(pyspil) used a cutted_leopard_meat 1-24-2021, 8:48:31 AM
pyspil(pyspil) used a cutted_leopard_meat 1-24-2021, 8:48:31 AM
pyspil(pyspil) used a cutted_leopard_meat 1-24-2021, 8:48:33 AM
pyspil(pyspil) used a cutted_leopard_meat 1-24-2021, 8:48:33 AM
pyspil(pyspil) used a cutted_leopard_meat 1-24-2021, 8:48:35 AM
pyspil(pyspil) used a cutted_leopard_meat 1-24-2021, 8:48:35 AM
pyspil(pyspil) used a cutted_leopard_meat 1-24-2021, 8:48:35 AM
pyspil(pyspil) used a cutted_leopard_meat 1-24-2021, 8:48:36 AM
pyspil(pyspil) used a cutted_leopard_meat 1-24-2021, 8:48:36 AM
pyspil(pyspil) used a cutted_leopard_meat 1-24-2021, 8:48:36 AM
pyspil(pyspil) used a cutted_leopard_meat 1-24-2021, 8:48:39 AM
pyspil(pyspil) used a cutted_leopard_meat 1-24-2021, 8:48:39 AM
pyspil(pyspil) used a cutted_leopard_meat 1-24-2021, 8:48:39 AM
pyspil(pyspil) used a cutted_leopard_meat 1-24-2021, 8:48:40 AM
pyspil(pyspil) used a cutted_leopard_meat 1-24-2021, 8:48:40 AM
pyspil(pyspil) used a cutted_leopard_meat 1-24-2021, 8:48:40 AM
pyspil(pyspil) used a cutted_leopard_meat 1-24-2021, 8:48:40 AM
pyspil(pyspil) used a cutted_leopard_meat 1-24-2021, 8:48:41 AM
pyspil(pyspil) used a cutted_leopard_meat 1-24-2021, 8:48:41 AM
pyspil(pyspil) used a cutted_leopard_meat 1-24-2021, 8:48:41 AM
pyspil(pyspil) used a cutted_leopard_meat 1-24-2021, 8:48:41 AM
pyspil(pyspil) used a cutted_leopard_meat 1-24-2021, 8:48:41 AM
pyspil(pyspil) used a cutted_leopard_meat 1-24-2021, 8:48:42 AM
pyspil(pyspil) used a cutted_leopard_meat 1-24-2021, 8:48:42 AM
pyspil(pyspil) used a cutted_leopard_meat 1-24-2021, 8:48:42 AM
pyspil(pyspil) used a cutted_leopard_meat 1-24-2021, 8:48:42 AM
pyspil(pyspil) used a cutted_leopard_meat 1-24-2021, 8:48:42 AM
pyspil(pyspil) used a cutted_leopard_meat 1-24-2021, 8:48:42 AM
pyspil(pyspil) used a cutted_leopard_meat 1-24-2021, 8:48:43 AM
pyspil(pyspil) used a cutted_leopard_meat 1-24-2021, 8:48:43 AM
pyspil(pyspil) used a cutted_leopard_meat 1-24-2021, 8:48:43 AM
pyspil(pyspil) used a cutted_leopard_meat 1-24-2021, 8:48:43 AM
pyspil(pyspil) used a cutted_leopard_meat 1-24-2021, 8:48:43 AM
pyspil(pyspil) used a cutted_leopard_meat 1-24-2021, 8:48:45 AM
pyspil(pyspil) used a cutted_leopard_meat 1-24-2021, 8:48:45 AM
pyspil(pyspil) used a cutted_leopard_meat 1-24-2021, 8:48:45 AM
pyspil(pyspil) used a cutted_leopard_meat 1-24-2021, 8:48:46 AM
pyspil(pyspil) used a cutted_leopard_meat 1-24-2021, 8:48:46 AM
pyspil(pyspil) used a cutted_leopard_meat 1-24-2021, 8:48:46 AM
pyspil(pyspil) used a cutted_leopard_meat 1-24-2021, 8:48:46 AM
pyspil(pyspil) used a cutted_leopard_meat 1-24-2021, 8:48:47 AM
pyspil(pyspil) used a cutted_leopard_meat 1-24-2021, 8:48:47 AM
pyspil(pyspil) used a cutted_leopard_meat 1-24-2021, 8:48:47 AM
pyspil(pyspil) used a cutted_leopard_meat 1-24-2021, 8:48:47 AM
pyspil(pyspil) used a cutted_leopard_meat 1-24-2021, 8:48:47 AM
pyspil(pyspil) used a cutted_leopard_meat 1-24-2021, 8:48:48 AM
pyspil(pyspil) used a cutted_leopard_meat 1-24-2021, 8:48:48 AM
pyspil(pyspil) used a cutted_leopard_meat 1-24-2021, 8:48:48 AM
pyspil(pyspil) used a cutted_leopard_meat 1-24-2021, 8:48:48 AM
pyspil(pyspil) used a cutted_leopard_meat 1-24-2021, 8:48:49 AM
pyspil(pyspil) used a cutted_leopard_meat 1-24-2021, 8:48:49 AM
pyspil(pyspil) used a cutted_leopard_meat 1-24-2021, 8:48:49 AM
pyspil(pyspil) used a cutted_leopard_meat 1-24-2021, 8:48:49 AM
pyspil(pyspil) used a cutted_leopard_meat 1-24-2021, 8:48:50 AM
pyspil(pyspil) used a cutted_leopard_meat 1-24-2021, 8:48:50 AM
pyspil(pyspil) used a cutted_leopard_meat 1-24-2021, 8:48:50 AM
pyspil(pyspil) used a cutted_leopard_meat 1-24-2021, 8:48:50 AM
pyspil(pyspil) used a cutted_leopard_meat 1-24-2021, 8:48:50 AM
pyspil(pyspil) used a cutted_leopard_meat 1-24-2021, 8:48:51 AM
pyspil(pyspil) used a cutted_leopard_meat 1-24-2021, 8:48:51 AM
pyspil(pyspil) used a cutted_leopard_meat 1-24-2021, 8:48:51 AM
pyspil(pyspil) used a cutted_leopard_meat 1-24-2021, 8:48:51 AM
pyspil(pyspil) used a cutted_leopard_meat 1-24-2021, 8:48:52 AM
pyspil(pyspil) used a cutted_leopard_meat 1-24-2021, 8:48:52 AM
pyspil(pyspil) used a cutted_leopard_meat 1-24-2021, 8:48:52 AM
pyspil(pyspil) used a cutted_leopard_meat 1-24-2021, 8:48:52 AM
pyspil(pyspil) used a cutted_leopard_meat 1-24-2021, 8:48:52 AM
pyspil(pyspil) used a cutted_leopard_meat 1-24-2021, 8:48:53 AM
pyspil(pyspil) used a cutted_leopard_meat 1-24-2021, 8:48:53 AM
pyspil(pyspil) used a cutted_leopard_meat 1-24-2021, 8:48:53 AM
pyspil(pyspil) used a cutted_leopard_meat 1-24-2021, 8:48:53 AM
pyspil(pyspil) used a cutted_leopard_meat 1-24-2021, 8:48:53 AM
pyspil(pyspil) used a cutted_leopard_meat 1-24-2021, 8:48:53 AM
pyspil(pyspil) used a cutted_leopard_meat 1-24-2021, 8:48:54 AM
pyspil(pyspil) used a cutted_leopard_meat 1-24-2021, 8:48:54 AM
pyspil(pyspil) used a cutted_leopard_meat 1-24-2021, 8:48:54 AM
pyspil(pyspil) used a cutted_leopard_meat 1-24-2021, 8:48:54 AM
pyspil(pyspil) used a cutted_leopard_meat 1-24-2021, 8:48:54 AM
pyspil(pyspil) used a cutted_leopard_meat 1-24-2021, 8:48:55 AM
pyspil(pyspil) used a cutted_leopard_meat 1-24-2021, 8:48:55 AM
pyspil(pyspil) used a cutted_leopard_meat 1-24-2021, 8:48:55 AM
pyspil(pyspil) used a cutted_leopard_meat 1-24-2021, 8:48:55 AM
pyspil(pyspil) used a cutted_leopard_meat 1-24-2021, 8:48:55 AM
pyspil(pyspil) used a cutted_leopard_meat 1-24-2021, 8:48:56 AM
pyspil(pyspil) used a cutted_leopard_meat 1-24-2021, 8:48:56 AM
pyspil(pyspil) used a cutted_leopard_meat 1-24-2021, 8:48:56 AM
pyspil(pyspil) used a cutted_leopard_meat 1-24-2021, 8:48:56 AM
pyspil(pyspil) used a cutted_leopard_meat 1-24-2021, 8:48:56 AM
pyspil(pyspil) used a cutted_leopard_meat 1-24-2021, 8:48:57 AM
pyspil(pyspil) used a cutted_leopard_meat 1-24-2021, 8:48:57 AM
pyspil(pyspil) used a cutted_leopard_meat 1-24-2021, 8:48:57 AM
pyspil(pyspil) used a cutted_leopard_meat 1-24-2021, 8:48:57 AM
pyspil(pyspil) used a cutted_leopard_meat 1-24-2021, 8:48:57 AM
pyspil(pyspil) used a cutted_leopard_meat 1-24-2021, 8:48:58 AM
pyspil(pyspil) used a cutted_leopard_meat 1-24-2021, 8:48:58 AM
pyspil(pyspil) used a cutted_leopard_meat 1-24-2021, 8:48:58 AM
pyspil(pyspil) used a cutted_leopard_meat 1-24-2021, 8:48:58 AM
pyspil(pyspil) used a cutted_leopard_meat 1-24-2021, 8:48:59 AM
pyspil(pyspil) used a cutted_leopard_meat 1-24-2021, 8:48:59 AM
pyspil(pyspil) used a cutted_leopard_meat 1-24-2021, 8:48:59 AM
pyspil(pyspil) used a cutted_leopard_meat 1-24-2021, 8:48:59 AM
pyspil(pyspil) used a cooked_boar_meat 1-24-2021, 8:49:01 AM
pyspil(pyspil) used a cooked_boar_meat 1-24-2021, 8:49:02 AM
pyspil(pyspil) used a cooked_boar_meat 1-24-2021, 8:49:10 AM
pyspil(pyspil) used a cooked_boar_meat 1-24-2021, 8:49:12 AM
pyspil(pyspil) used a empty_beer_bottle 1-24-2021, 5:12:02 PM
pyspil(pyspil) used a rpg7 1-24-2021, 5:14:05 PM
pyspil(pyspil) used a empty_beer_bottle 1-24-2021, 5:14:11 PM
pyspil(pyspil) used a fnminimilight 1-24-2021, 5:18:51 PM
pyspil(pyspil) used a stone 1-24-2021, 5:19:01 PM