
MonkeyDLuffy(MonkeyDLuffy) used a long_sword 2-6-2021, 5:08:57 PM
MonkeyDLuffy(MonkeyDLuffy) used a pack_of_10_antibiotic 2-6-2021, 5:12:14 PM
MonkeyDLuffy(MonkeyDLuffy) used a antibiotic 2-6-2021, 5:12:20 PM
MonkeyDLuffy(MonkeyDLuffy) used a antibiotic 2-6-2021, 5:12:20 PM
MonkeyDLuffy(MonkeyDLuffy) used a antibiotic 2-6-2021, 5:12:24 PM
MonkeyDLuffy(MonkeyDLuffy) used a antibiotic 2-6-2021, 5:12:24 PM
MonkeyDLuffy(MonkeyDLuffy) used a antibiotic 2-6-2021, 5:12:52 PM
MonkeyDLuffy(MonkeyDLuffy) used a antibiotic 2-6-2021, 5:12:54 PM
MonkeyDLuffy(MonkeyDLuffy) used a antibiotic 2-6-2021, 5:13:24 PM
MonkeyDLuffy(MonkeyDLuffy) used a antibiotic 2-6-2021, 5:13:24 PM
MonkeyDLuffy(MonkeyDLuffy) used a antibiotic 2-6-2021, 5:13:24 PM
MonkeyDLuffy(MonkeyDLuffy) used a antibiotic 2-6-2021, 5:13:24 PM
MonkeyDLuffy(MonkeyDLuffy) used a antibiotic 2-6-2021, 5:13:24 PM
MonkeyDLuffy(MonkeyDLuffy) used a antibiotic 2-6-2021, 5:13:24 PM
MonkeyDLuffy(MonkeyDLuffy) used a pack_of_10_motion_bomb 2-6-2021, 5:13:41 PM
MonkeyDLuffy(MonkeyDLuffy) used a antibiotic 2-6-2021, 5:14:26 PM
MonkeyDLuffy(MonkeyDLuffy) used a antibiotic 2-6-2021, 5:14:26 PM
MonkeyDLuffy(MonkeyDLuffy) used a antibiotic 2-6-2021, 5:14:26 PM
MonkeyDLuffy(MonkeyDLuffy) used a antibiotic 2-6-2021, 5:14:27 PM
MonkeyDLuffy(MonkeyDLuffy) used a antibiotic 2-6-2021, 5:15:01 PM
MonkeyDLuffy(MonkeyDLuffy) used a antibiotic 2-6-2021, 5:15:01 PM
MonkeyDLuffy(MonkeyDLuffy) used a long_sword 2-6-2021, 5:16:00 PM
MonkeyDLuffy(MonkeyDLuffy) used a antibiotic 2-6-2021, 5:16:07 PM
MonkeyDLuffy(MonkeyDLuffy) used a antibiotic 2-6-2021, 5:16:07 PM
MonkeyDLuffy(MonkeyDLuffy) used a grenade_pack 2-6-2021, 5:21:26 PM
MonkeyDLuffy(MonkeyDLuffy) used a pack_of_100_ammo_throwing_knives 2-6-2021, 5:28:21 PM
MonkeyDLuffy(MonkeyDLuffy) used a pack_of_100_ammo_throwing_knives 2-6-2021, 5:28:21 PM
MonkeyDLuffy(MonkeyDLuffy) used a pack_of_100_ammo_throwing_knives 2-6-2021, 5:28:21 PM
MonkeyDLuffy(MonkeyDLuffy) used a pack_of_100_ammo_throwing_knives 2-6-2021, 5:28:22 PM
MonkeyDLuffy(MonkeyDLuffy) used a pack_of_100_ammo_throwing_knives 2-6-2021, 5:28:22 PM
MonkeyDLuffy(MonkeyDLuffy) used a pack_of_100_ammo_throwing_knives 2-6-2021, 5:28:22 PM
MonkeyDLuffy(MonkeyDLuffy) used a pack_of_100_ammo_throwing_knives 2-6-2021, 5:28:22 PM
MonkeyDLuffy(MonkeyDLuffy) used a pack_of_100_ammo_throwing_knives 2-6-2021, 5:28:22 PM
MonkeyDLuffy(MonkeyDLuffy) used a pack_of_100_ammo_throwing_knives 2-6-2021, 5:28:23 PM
MonkeyDLuffy(MonkeyDLuffy) used a pack_of_100_ammo_throwing_knives 2-6-2021, 5:28:23 PM
MonkeyDLuffy(MonkeyDLuffy) used a throwing_knives 2-6-2021, 5:28:28 PM
MonkeyDLuffy(MonkeyDLuffy) used a antibiotic 2-6-2021, 5:32:35 PM
MonkeyDLuffy(MonkeyDLuffy) used a antibiotic 2-6-2021, 5:32:35 PM
MonkeyDLuffy(MonkeyDLuffy) used a antibiotic 2-6-2021, 5:32:36 PM
MonkeyDLuffy(MonkeyDLuffy) used a antibiotic 2-6-2021, 5:32:55 PM
MonkeyDLuffy(MonkeyDLuffy) used a antibiotic 2-6-2021, 5:32:56 PM
MonkeyDLuffy(MonkeyDLuffy) used a antibiotic 2-6-2021, 5:34:09 PM
MonkeyDLuffy(MonkeyDLuffy) used a antibiotic 2-6-2021, 5:34:09 PM
MonkeyDLuffy(MonkeyDLuffy) used a antibiotic 2-6-2021, 5:35:47 PM
MonkeyDLuffy(MonkeyDLuffy) used a antibiotic 2-6-2021, 5:35:48 PM
MonkeyDLuffy(MonkeyDLuffy) used a dead_wolf 2-6-2021, 5:45:31 PM
MonkeyDLuffy(MonkeyDLuffy) used a dead_wolf 2-6-2021, 5:45:32 PM
MonkeyDLuffy(MonkeyDLuffy) used a dead_wolf 2-6-2021, 5:45:32 PM
MonkeyDLuffy(MonkeyDLuffy) used a dead_wolf 2-6-2021, 5:45:32 PM
MonkeyDLuffy(MonkeyDLuffy) used a dead_wolf 2-6-2021, 5:45:32 PM
MonkeyDLuffy(MonkeyDLuffy) used a dead_wolf 2-6-2021, 5:45:32 PM
MonkeyDLuffy(MonkeyDLuffy) used a dead_wolf 2-6-2021, 5:45:33 PM
MonkeyDLuffy(MonkeyDLuffy) used a dead_wolf 2-6-2021, 5:45:33 PM
MonkeyDLuffy(MonkeyDLuffy) used a dead_wolf 2-6-2021, 5:45:33 PM
MonkeyDLuffy(MonkeyDLuffy) used a dead_wolf 2-6-2021, 5:45:33 PM
MonkeyDLuffy(MonkeyDLuffy) used a dead_wolf 2-6-2021, 5:45:33 PM
MonkeyDLuffy(MonkeyDLuffy) used a dead_wolf 2-6-2021, 5:45:34 PM
MonkeyDLuffy(MonkeyDLuffy) used a dead_wolf 2-6-2021, 5:45:34 PM
MonkeyDLuffy(MonkeyDLuffy) used a dead_wolf 2-6-2021, 5:45:35 PM
MonkeyDLuffy(MonkeyDLuffy) used a dead_wolf 2-6-2021, 5:45:35 PM
MonkeyDLuffy(MonkeyDLuffy) used a dead_wolf 2-6-2021, 5:45:36 PM
MonkeyDLuffy(MonkeyDLuffy) used a dead_wolf 2-6-2021, 5:45:36 PM
MonkeyDLuffy(MonkeyDLuffy) used a dead_wolf 2-6-2021, 5:45:36 PM
MonkeyDLuffy(MonkeyDLuffy) used a dead_wolf 2-6-2021, 5:45:36 PM
MonkeyDLuffy(MonkeyDLuffy) used a dead_wolf 2-6-2021, 5:45:36 PM
MonkeyDLuffy(MonkeyDLuffy) used a dead_wolf 2-6-2021, 5:45:36 PM
MonkeyDLuffy(MonkeyDLuffy) used a dead_wolf 2-6-2021, 5:45:36 PM
MonkeyDLuffy(MonkeyDLuffy) used a dead_wolf 2-6-2021, 5:45:36 PM
MonkeyDLuffy(MonkeyDLuffy) used a dead_wolf 2-6-2021, 5:45:36 PM
MonkeyDLuffy(MonkeyDLuffy) used a dead_wolf 2-6-2021, 5:45:36 PM
MonkeyDLuffy(MonkeyDLuffy) used a dead_wolf 2-6-2021, 5:45:36 PM
MonkeyDLuffy(MonkeyDLuffy) used a dead_wolf 2-6-2021, 5:45:36 PM
MonkeyDLuffy(MonkeyDLuffy) used a dead_wolf 2-6-2021, 5:45:37 PM
MonkeyDLuffy(MonkeyDLuffy) used a dead_wolf 2-6-2021, 5:45:37 PM
MonkeyDLuffy(MonkeyDLuffy) used a dead_wolf 2-6-2021, 5:45:38 PM
MonkeyDLuffy(MonkeyDLuffy) used a dead_wolf 2-6-2021, 5:45:38 PM
MonkeyDLuffy(MonkeyDLuffy) used a dead_wolf 2-6-2021, 5:45:38 PM
MonkeyDLuffy(MonkeyDLuffy) used a dead_wolf 2-6-2021, 5:45:38 PM
MonkeyDLuffy(MonkeyDLuffy) used a dead_wolf 2-6-2021, 5:45:38 PM
MonkeyDLuffy(MonkeyDLuffy) used a dead_wolf 2-6-2021, 5:45:38 PM
MonkeyDLuffy(MonkeyDLuffy) used a dead_wolf 2-6-2021, 5:45:38 PM
MonkeyDLuffy(MonkeyDLuffy) used a dead_wolf 2-6-2021, 5:45:38 PM
MonkeyDLuffy(MonkeyDLuffy) used a dead_wolf 2-6-2021, 5:45:38 PM
MonkeyDLuffy(MonkeyDLuffy) used a dead_wolf 2-6-2021, 5:45:39 PM
MonkeyDLuffy(MonkeyDLuffy) used a dead_wolf 2-6-2021, 5:45:39 PM
MonkeyDLuffy(MonkeyDLuffy) used a dead_wolf 2-6-2021, 5:45:39 PM
MonkeyDLuffy(MonkeyDLuffy) used a dead_wolf 2-6-2021, 5:45:39 PM
MonkeyDLuffy(MonkeyDLuffy) used a dead_wolf 2-6-2021, 5:45:39 PM
MonkeyDLuffy(MonkeyDLuffy) used a dead_wolf 2-6-2021, 5:45:39 PM
MonkeyDLuffy(MonkeyDLuffy) used a dead_wolf 2-6-2021, 5:45:40 PM
MonkeyDLuffy(MonkeyDLuffy) used a dead_wolf 2-6-2021, 5:45:40 PM
MonkeyDLuffy(MonkeyDLuffy) used a dead_wolf 2-6-2021, 5:45:40 PM
MonkeyDLuffy(MonkeyDLuffy) used a dead_wolf 2-6-2021, 5:45:40 PM
MonkeyDLuffy(MonkeyDLuffy) used a dead_wolf 2-6-2021, 5:45:40 PM
MonkeyDLuffy(MonkeyDLuffy) used a dead_wolf 2-6-2021, 5:45:40 PM
MonkeyDLuffy(MonkeyDLuffy) used a dead_wolf 2-6-2021, 5:45:40 PM
MonkeyDLuffy(MonkeyDLuffy) used a dead_wolf 2-6-2021, 5:45:41 PM
MonkeyDLuffy(MonkeyDLuffy) used a dead_wolf 2-6-2021, 5:45:41 PM
MonkeyDLuffy(MonkeyDLuffy) used a dead_wolf 2-6-2021, 5:45:41 PM
MonkeyDLuffy(MonkeyDLuffy) used a dead_wolf 2-6-2021, 5:45:41 PM
MonkeyDLuffy(MonkeyDLuffy) used a dead_wolf 2-6-2021, 5:45:41 PM
MonkeyDLuffy(MonkeyDLuffy) used a dead_wolf 2-6-2021, 5:45:41 PM
MonkeyDLuffy(MonkeyDLuffy) used a dead_wolf 2-6-2021, 5:45:42 PM
MonkeyDLuffy(MonkeyDLuffy) used a dead_wolf 2-6-2021, 5:45:42 PM
MonkeyDLuffy(MonkeyDLuffy) used a dead_wolf 2-6-2021, 5:45:42 PM
MonkeyDLuffy(MonkeyDLuffy) used a dead_wolf 2-6-2021, 5:45:42 PM
MonkeyDLuffy(MonkeyDLuffy) used a dead_wolf 2-6-2021, 5:45:42 PM
MonkeyDLuffy(MonkeyDLuffy) used a dead_wolf 2-6-2021, 5:45:42 PM
MonkeyDLuffy(MonkeyDLuffy) used a dead_wolf 2-6-2021, 5:45:43 PM
MonkeyDLuffy(MonkeyDLuffy) used a dead_wolf 2-6-2021, 5:45:43 PM
MonkeyDLuffy(MonkeyDLuffy) used a dead_wolf 2-6-2021, 5:45:43 PM
MonkeyDLuffy(MonkeyDLuffy) used a dead_wolf 2-6-2021, 5:45:43 PM
MonkeyDLuffy(MonkeyDLuffy) used a dead_wolf 2-6-2021, 5:45:43 PM
MonkeyDLuffy(MonkeyDLuffy) used a dead_wolf 2-6-2021, 5:45:44 PM
MonkeyDLuffy(MonkeyDLuffy) used a dead_wolf 2-6-2021, 5:45:44 PM
MonkeyDLuffy(MonkeyDLuffy) used a dead_wolf 2-6-2021, 5:45:44 PM
MonkeyDLuffy(MonkeyDLuffy) used a dead_wolf 2-6-2021, 5:45:44 PM
MonkeyDLuffy(MonkeyDLuffy) used a dead_wolf 2-6-2021, 5:45:44 PM
MonkeyDLuffy(MonkeyDLuffy) used a dead_wolf 2-6-2021, 5:45:44 PM
MonkeyDLuffy(MonkeyDLuffy) used a dead_wolf 2-6-2021, 5:45:45 PM
MonkeyDLuffy(MonkeyDLuffy) used a dead_wolf 2-6-2021, 5:45:45 PM
MonkeyDLuffy(MonkeyDLuffy) used a dead_wolf 2-6-2021, 5:45:45 PM
MonkeyDLuffy(MonkeyDLuffy) used a dead_wolf 2-6-2021, 5:45:45 PM
MonkeyDLuffy(MonkeyDLuffy) used a dead_wolf 2-6-2021, 5:45:45 PM
MonkeyDLuffy(MonkeyDLuffy) used a dead_wolf 2-6-2021, 5:45:46 PM
MonkeyDLuffy(MonkeyDLuffy) used a dead_wolf 2-6-2021, 5:45:46 PM
MonkeyDLuffy(MonkeyDLuffy) used a dead_wolf 2-6-2021, 5:45:46 PM
MonkeyDLuffy(MonkeyDLuffy) used a dead_wolf 2-6-2021, 5:45:46 PM
MonkeyDLuffy(MonkeyDLuffy) used a dead_wolf 2-6-2021, 5:45:50 PM
MonkeyDLuffy(MonkeyDLuffy) used a dead_wolf 2-6-2021, 5:45:50 PM
MonkeyDLuffy(MonkeyDLuffy) used a dead_wolf 2-6-2021, 5:45:50 PM
MonkeyDLuffy(MonkeyDLuffy) used a dead_wolf 2-6-2021, 5:45:50 PM
MonkeyDLuffy(MonkeyDLuffy) used a dead_wolf 2-6-2021, 5:45:50 PM
MonkeyDLuffy(MonkeyDLuffy) used a dead_wolf 2-6-2021, 5:45:50 PM
MonkeyDLuffy(MonkeyDLuffy) used a dead_wolf 2-6-2021, 5:45:50 PM
MonkeyDLuffy(MonkeyDLuffy) used a dead_wolf 2-6-2021, 5:45:50 PM
MonkeyDLuffy(MonkeyDLuffy) used a dead_wolf 2-6-2021, 5:45:50 PM
MonkeyDLuffy(MonkeyDLuffy) used a dead_wolf 2-6-2021, 5:45:50 PM
MonkeyDLuffy(MonkeyDLuffy) used a dead_wolf 2-6-2021, 5:45:50 PM
MonkeyDLuffy(MonkeyDLuffy) used a dead_wolf 2-6-2021, 5:45:50 PM
MonkeyDLuffy(MonkeyDLuffy) used a dead_wolf 2-6-2021, 5:45:50 PM
MonkeyDLuffy(MonkeyDLuffy) used a dead_wolf 2-6-2021, 5:45:50 PM
MonkeyDLuffy(MonkeyDLuffy) used a dead_wolf 2-6-2021, 5:45:50 PM
MonkeyDLuffy(MonkeyDLuffy) used a dead_wolf 2-6-2021, 5:45:50 PM
MonkeyDLuffy(MonkeyDLuffy) used a dead_wolf 2-6-2021, 5:45:50 PM
MonkeyDLuffy(MonkeyDLuffy) used a dead_wolf 2-6-2021, 5:45:50 PM
MonkeyDLuffy(MonkeyDLuffy) used a dead_wolf 2-6-2021, 5:45:50 PM
MonkeyDLuffy(MonkeyDLuffy) used a dead_wolf 2-6-2021, 5:45:50 PM
MonkeyDLuffy(MonkeyDLuffy) used a dead_wolf 2-6-2021, 5:45:50 PM
MonkeyDLuffy(MonkeyDLuffy) used a dead_wolf 2-6-2021, 5:45:50 PM
MonkeyDLuffy(MonkeyDLuffy) used a dead_wolf 2-6-2021, 5:45:50 PM
MonkeyDLuffy(MonkeyDLuffy) used a dead_wolf 2-6-2021, 5:45:51 PM
MonkeyDLuffy(MonkeyDLuffy) used a dead_wolf 2-6-2021, 5:45:51 PM
MonkeyDLuffy(MonkeyDLuffy) used a dead_wolf 2-6-2021, 5:45:51 PM
MonkeyDLuffy(MonkeyDLuffy) used a dead_wolf 2-6-2021, 5:45:52 PM
MonkeyDLuffy(MonkeyDLuffy) used a dead_wolf 2-6-2021, 5:45:52 PM
MonkeyDLuffy(MonkeyDLuffy) used a dead_wolf 2-6-2021, 5:45:52 PM
MonkeyDLuffy(MonkeyDLuffy) used a dead_wolf 2-6-2021, 5:45:52 PM
MonkeyDLuffy(MonkeyDLuffy) used a dead_wolf 2-6-2021, 5:45:52 PM
MonkeyDLuffy(MonkeyDLuffy) used a dead_wolf 2-6-2021, 5:45:52 PM
MonkeyDLuffy(MonkeyDLuffy) used a dead_wolf 2-6-2021, 5:45:53 PM
MonkeyDLuffy(MonkeyDLuffy) used a dead_wolf 2-6-2021, 5:45:53 PM
MonkeyDLuffy(MonkeyDLuffy) used a dead_wolf 2-6-2021, 5:45:53 PM
MonkeyDLuffy(MonkeyDLuffy) used a dead_wolf 2-6-2021, 5:45:53 PM
MonkeyDLuffy(MonkeyDLuffy) used a dead_wolf 2-6-2021, 5:45:53 PM
MonkeyDLuffy(MonkeyDLuffy) used a dead_wolf 2-6-2021, 5:45:53 PM
MonkeyDLuffy(MonkeyDLuffy) used a dead_wolf 2-6-2021, 5:45:53 PM
MonkeyDLuffy(MonkeyDLuffy) used a dead_wolf 2-6-2021, 5:45:53 PM
MonkeyDLuffy(MonkeyDLuffy) used a dead_wolf 2-6-2021, 5:45:54 PM
MonkeyDLuffy(MonkeyDLuffy) used a dead_wolf 2-6-2021, 5:45:54 PM
MonkeyDLuffy(MonkeyDLuffy) used a dead_wolf 2-6-2021, 5:45:54 PM
MonkeyDLuffy(MonkeyDLuffy) used a dead_wolf 2-6-2021, 5:45:54 PM
MonkeyDLuffy(MonkeyDLuffy) used a dead_wolf 2-6-2021, 5:45:54 PM
MonkeyDLuffy(MonkeyDLuffy) used a dead_wolf 2-6-2021, 5:45:54 PM
MonkeyDLuffy(MonkeyDLuffy) used a dead_wolf 2-6-2021, 5:45:55 PM
MonkeyDLuffy(MonkeyDLuffy) used a dead_wolf 2-6-2021, 5:45:55 PM
MonkeyDLuffy(MonkeyDLuffy) used a dead_wolf 2-6-2021, 5:45:55 PM
MonkeyDLuffy(MonkeyDLuffy) used a dead_wolf 2-6-2021, 5:45:55 PM
MonkeyDLuffy(MonkeyDLuffy) used a dead_wolf 2-6-2021, 5:45:59 PM
MonkeyDLuffy(MonkeyDLuffy) used a dead_wolf 2-6-2021, 5:45:59 PM
MonkeyDLuffy(MonkeyDLuffy) used a dead_wolf 2-6-2021, 5:45:59 PM
MonkeyDLuffy(MonkeyDLuffy) used a dead_wolf 2-6-2021, 5:46:00 PM
MonkeyDLuffy(MonkeyDLuffy) used a dead_wolf 2-6-2021, 5:46:00 PM
MonkeyDLuffy(MonkeyDLuffy) used a dead_wolf 2-6-2021, 5:46:01 PM
MonkeyDLuffy(MonkeyDLuffy) used a dead_wolf 2-6-2021, 5:46:01 PM
MonkeyDLuffy(MonkeyDLuffy) used a dead_wolf 2-6-2021, 5:46:01 PM
MonkeyDLuffy(MonkeyDLuffy) used a dead_wolf 2-6-2021, 5:46:01 PM
MonkeyDLuffy(MonkeyDLuffy) used a dead_wolf 2-6-2021, 5:46:01 PM
MonkeyDLuffy(MonkeyDLuffy) used a dead_wolf 2-6-2021, 5:46:01 PM
MonkeyDLuffy(MonkeyDLuffy) used a dead_wolf 2-6-2021, 5:46:01 PM
MonkeyDLuffy(MonkeyDLuffy) used a dead_wolf 2-6-2021, 5:46:01 PM
MonkeyDLuffy(MonkeyDLuffy) used a dead_wolf 2-6-2021, 5:46:02 PM
MonkeyDLuffy(MonkeyDLuffy) used a dead_wolf 2-6-2021, 5:46:02 PM
MonkeyDLuffy(MonkeyDLuffy) used a dead_wolf 2-6-2021, 5:46:02 PM
MonkeyDLuffy(MonkeyDLuffy) used a dead_wolf 2-6-2021, 5:46:02 PM
MonkeyDLuffy(MonkeyDLuffy) used a dead_wolf 2-6-2021, 5:46:02 PM
MonkeyDLuffy(MonkeyDLuffy) used a dead_wolf 2-6-2021, 5:46:03 PM
MonkeyDLuffy(MonkeyDLuffy) used a dead_wolf 2-6-2021, 5:46:03 PM
MonkeyDLuffy(MonkeyDLuffy) used a dead_wolf 2-6-2021, 5:46:03 PM
MonkeyDLuffy(MonkeyDLuffy) used a dead_wolf 2-6-2021, 5:46:03 PM
MonkeyDLuffy(MonkeyDLuffy) used a dead_wolf 2-6-2021, 5:46:03 PM
MonkeyDLuffy(MonkeyDLuffy) used a dead_wolf 2-6-2021, 5:46:04 PM
MonkeyDLuffy(MonkeyDLuffy) used a dead_wolf 2-6-2021, 5:46:04 PM
MonkeyDLuffy(MonkeyDLuffy) used a dead_wolf 2-6-2021, 5:46:04 PM
MonkeyDLuffy(MonkeyDLuffy) used a dead_wolf 2-6-2021, 5:46:05 PM
MonkeyDLuffy(MonkeyDLuffy) used a dead_wolf 2-6-2021, 5:46:05 PM
MonkeyDLuffy(MonkeyDLuffy) used a dead_wolf 2-6-2021, 5:46:05 PM
MonkeyDLuffy(MonkeyDLuffy) used a dead_wolf 2-6-2021, 5:46:05 PM
MonkeyDLuffy(MonkeyDLuffy) used a dead_wolf 2-6-2021, 5:46:07 PM
MonkeyDLuffy(MonkeyDLuffy) used a dead_wolf 2-6-2021, 5:46:07 PM
MonkeyDLuffy(MonkeyDLuffy) used a dead_wolf 2-6-2021, 5:46:07 PM
MonkeyDLuffy(MonkeyDLuffy) used a dead_wolf 2-6-2021, 5:46:07 PM
MonkeyDLuffy(MonkeyDLuffy) used a dead_wolf 2-6-2021, 5:46:07 PM
MonkeyDLuffy(MonkeyDLuffy) used a dead_wolf 2-6-2021, 5:46:07 PM
MonkeyDLuffy(MonkeyDLuffy) used a dead_wolf 2-6-2021, 5:46:07 PM
MonkeyDLuffy(MonkeyDLuffy) used a dead_wolf 2-6-2021, 5:46:07 PM
MonkeyDLuffy(MonkeyDLuffy) used a dead_wolf 2-6-2021, 5:46:07 PM
MonkeyDLuffy(MonkeyDLuffy) used a dead_wolf 2-6-2021, 5:46:07 PM
MonkeyDLuffy(MonkeyDLuffy) used a dead_wolf 2-6-2021, 5:46:07 PM
MonkeyDLuffy(MonkeyDLuffy) used a dead_wolf 2-6-2021, 5:46:07 PM
MonkeyDLuffy(MonkeyDLuffy) used a dead_wolf 2-6-2021, 5:46:08 PM
MonkeyDLuffy(MonkeyDLuffy) used a dead_wolf 2-6-2021, 5:46:08 PM
MonkeyDLuffy(MonkeyDLuffy) used a dead_wolf 2-6-2021, 5:46:08 PM
MonkeyDLuffy(MonkeyDLuffy) used a dead_wolf 2-6-2021, 5:46:08 PM
MonkeyDLuffy(MonkeyDLuffy) used a dead_wolf 2-6-2021, 5:46:09 PM
MonkeyDLuffy(MonkeyDLuffy) used a dead_wolf 2-6-2021, 5:46:09 PM
MonkeyDLuffy(MonkeyDLuffy) used a dead_wolf 2-6-2021, 5:46:09 PM
MonkeyDLuffy(MonkeyDLuffy) used a dead_wolf 2-6-2021, 5:46:09 PM
MonkeyDLuffy(MonkeyDLuffy) used a dead_wolf 2-6-2021, 5:46:09 PM
MonkeyDLuffy(MonkeyDLuffy) used a dead_wolf 2-6-2021, 5:46:10 PM
MonkeyDLuffy(MonkeyDLuffy) used a dead_wolf 2-6-2021, 5:46:10 PM
MonkeyDLuffy(MonkeyDLuffy) used a dead_wolf 2-6-2021, 5:46:10 PM
MonkeyDLuffy(MonkeyDLuffy) used a dead_wolf 2-6-2021, 5:46:10 PM
MonkeyDLuffy(MonkeyDLuffy) used a dead_wolf 2-6-2021, 5:46:10 PM
MonkeyDLuffy(MonkeyDLuffy) used a dead_wolf 2-6-2021, 5:46:11 PM
MonkeyDLuffy(MonkeyDLuffy) used a dead_wolf 2-6-2021, 5:46:11 PM
MonkeyDLuffy(MonkeyDLuffy) used a dead_wolf 2-6-2021, 5:46:11 PM
MonkeyDLuffy(MonkeyDLuffy) used a dead_wolf 2-6-2021, 5:46:13 PM
MonkeyDLuffy(MonkeyDLuffy) used a dead_wolf 2-6-2021, 5:46:13 PM
MonkeyDLuffy(MonkeyDLuffy) used a dead_wolf 2-6-2021, 5:46:13 PM
MonkeyDLuffy(MonkeyDLuffy) used a dead_wolf 2-6-2021, 5:46:13 PM
MonkeyDLuffy(MonkeyDLuffy) used a dead_wolf 2-6-2021, 5:46:13 PM
MonkeyDLuffy(MonkeyDLuffy) used a dead_wolf 2-6-2021, 5:46:13 PM
MonkeyDLuffy(MonkeyDLuffy) used a dead_wolf 2-6-2021, 5:46:13 PM
MonkeyDLuffy(MonkeyDLuffy) used a dead_wolf 2-6-2021, 5:46:13 PM
MonkeyDLuffy(MonkeyDLuffy) used a dead_wolf 2-6-2021, 5:46:14 PM
MonkeyDLuffy(MonkeyDLuffy) used a dead_wolf 2-6-2021, 5:46:15 PM
MonkeyDLuffy(MonkeyDLuffy) used a dead_wolf 2-6-2021, 5:46:15 PM
MonkeyDLuffy(MonkeyDLuffy) used a dead_wolf 2-6-2021, 5:46:15 PM
MonkeyDLuffy(MonkeyDLuffy) used a dead_wolf 2-6-2021, 5:46:15 PM
MonkeyDLuffy(MonkeyDLuffy) used a dead_wolf 2-6-2021, 5:46:15 PM
MonkeyDLuffy(MonkeyDLuffy) used a dead_wolf 2-6-2021, 5:46:15 PM
MonkeyDLuffy(MonkeyDLuffy) used a dead_wolf 2-6-2021, 5:46:15 PM
MonkeyDLuffy(MonkeyDLuffy) used a dead_wolf 2-6-2021, 5:46:16 PM
MonkeyDLuffy(MonkeyDLuffy) used a dead_wolf 2-6-2021, 5:46:16 PM
MonkeyDLuffy(MonkeyDLuffy) used a dead_wolf 2-6-2021, 5:46:17 PM
MonkeyDLuffy(MonkeyDLuffy) used a dead_wolf 2-6-2021, 5:46:17 PM
MonkeyDLuffy(MonkeyDLuffy) used a dead_wolf 2-6-2021, 5:46:17 PM
MonkeyDLuffy(MonkeyDLuffy) used a dead_wolf 2-6-2021, 5:46:17 PM
MonkeyDLuffy(MonkeyDLuffy) used a dead_wolf 2-6-2021, 5:46:17 PM
MonkeyDLuffy(MonkeyDLuffy) used a dead_wolf 2-6-2021, 5:46:17 PM
MonkeyDLuffy(MonkeyDLuffy) used a dead_wolf 2-6-2021, 5:46:17 PM
MonkeyDLuffy(MonkeyDLuffy) used a dead_wolf 2-6-2021, 5:46:17 PM
MonkeyDLuffy(MonkeyDLuffy) used a dead_wolf 2-6-2021, 5:46:19 PM
MonkeyDLuffy(MonkeyDLuffy) used a dead_wolf 2-6-2021, 5:46:21 PM
MonkeyDLuffy(MonkeyDLuffy) used a dead_wolf 2-6-2021, 5:46:21 PM
MonkeyDLuffy(MonkeyDLuffy) used a dead_wolf 2-6-2021, 5:46:21 PM
MonkeyDLuffy(MonkeyDLuffy) used a dead_wolf 2-6-2021, 5:46:21 PM
MonkeyDLuffy(MonkeyDLuffy) used a dead_wolf 2-6-2021, 5:46:21 PM
MonkeyDLuffy(MonkeyDLuffy) used a dead_wolf 2-6-2021, 5:46:21 PM
MonkeyDLuffy(MonkeyDLuffy) used a dead_wolf 2-6-2021, 5:46:21 PM
MonkeyDLuffy(MonkeyDLuffy) used a dead_wolf 2-6-2021, 5:46:21 PM
MonkeyDLuffy(MonkeyDLuffy) used a dead_wolf 2-6-2021, 5:46:21 PM
MonkeyDLuffy(MonkeyDLuffy) used a dead_wolf 2-6-2021, 5:46:21 PM
MonkeyDLuffy(MonkeyDLuffy) used a dead_wolf 2-6-2021, 5:46:21 PM
MonkeyDLuffy(MonkeyDLuffy) used a dead_wolf 2-6-2021, 5:46:21 PM
MonkeyDLuffy(MonkeyDLuffy) used a dead_wolf 2-6-2021, 5:46:21 PM
MonkeyDLuffy(MonkeyDLuffy) used a dead_wolf 2-6-2021, 5:46:21 PM
MonkeyDLuffy(MonkeyDLuffy) used a dead_wolf 2-6-2021, 5:46:22 PM
MonkeyDLuffy(MonkeyDLuffy) used a dead_wolf 2-6-2021, 5:46:22 PM
MonkeyDLuffy(MonkeyDLuffy) used a dead_wolf 2-6-2021, 5:46:22 PM
MonkeyDLuffy(MonkeyDLuffy) used a dead_wolf 2-6-2021, 5:46:22 PM
MonkeyDLuffy(MonkeyDLuffy) used a dead_wolf 2-6-2021, 5:46:22 PM
MonkeyDLuffy(MonkeyDLuffy) used a dead_wolf 2-6-2021, 5:46:22 PM
MonkeyDLuffy(MonkeyDLuffy) used a dead_wolf 2-6-2021, 5:46:22 PM
MonkeyDLuffy(MonkeyDLuffy) used a dead_wolf 2-6-2021, 5:46:23 PM
MonkeyDLuffy(MonkeyDLuffy) used a dead_wolf 2-6-2021, 5:46:23 PM
MonkeyDLuffy(MonkeyDLuffy) used a dead_wolf 2-6-2021, 5:46:23 PM
MonkeyDLuffy(MonkeyDLuffy) used a dead_wolf 2-6-2021, 5:46:23 PM
MonkeyDLuffy(MonkeyDLuffy) used a dead_wolf 2-6-2021, 5:46:23 PM
MonkeyDLuffy(MonkeyDLuffy) used a dead_wolf 2-6-2021, 5:46:24 PM
MonkeyDLuffy(MonkeyDLuffy) used a dead_wolf 2-6-2021, 5:46:25 PM
MonkeyDLuffy(MonkeyDLuffy) used a dead_wolf 2-6-2021, 5:46:25 PM
MonkeyDLuffy(MonkeyDLuffy) used a dead_wolf 2-6-2021, 5:46:25 PM
MonkeyDLuffy(MonkeyDLuffy) used a dead_wolf 2-6-2021, 5:46:26 PM
MonkeyDLuffy(MonkeyDLuffy) used a dead_wolf 2-6-2021, 5:46:26 PM
MonkeyDLuffy(MonkeyDLuffy) used a dead_wolf 2-6-2021, 5:46:26 PM
MonkeyDLuffy(MonkeyDLuffy) used a dead_wolf 2-6-2021, 5:46:27 PM
MonkeyDLuffy(MonkeyDLuffy) used a dead_wolf 2-6-2021, 5:46:27 PM
MonkeyDLuffy(MonkeyDLuffy) used a dead_wolf 2-6-2021, 5:46:28 PM
MonkeyDLuffy(MonkeyDLuffy) used a dead_wolf 2-6-2021, 5:46:28 PM
MonkeyDLuffy(MonkeyDLuffy) used a dead_wolf 2-6-2021, 5:46:29 PM
MonkeyDLuffy(MonkeyDLuffy) used a dead_wolf 2-6-2021, 5:46:29 PM
MonkeyDLuffy(MonkeyDLuffy) used a dead_wolf 2-6-2021, 5:46:29 PM
MonkeyDLuffy(MonkeyDLuffy) used a dead_wolf 2-6-2021, 5:46:29 PM
MonkeyDLuffy(MonkeyDLuffy) used a dead_wolf 2-6-2021, 5:46:29 PM
MonkeyDLuffy(MonkeyDLuffy) used a dead_wolf 2-6-2021, 5:46:29 PM
MonkeyDLuffy(MonkeyDLuffy) used a dead_wolf 2-6-2021, 5:46:29 PM
MonkeyDLuffy(MonkeyDLuffy) used a dead_wolf 2-6-2021, 5:46:30 PM
MonkeyDLuffy(MonkeyDLuffy) used a dead_wolf 2-6-2021, 5:46:30 PM
MonkeyDLuffy(MonkeyDLuffy) used a dead_wolf 2-6-2021, 5:46:30 PM
MonkeyDLuffy(MonkeyDLuffy) used a dead_wolf 2-6-2021, 5:46:30 PM
MonkeyDLuffy(MonkeyDLuffy) used a dead_wolf 2-6-2021, 5:46:31 PM
MonkeyDLuffy(MonkeyDLuffy) used a dead_wolf 2-6-2021, 5:46:31 PM
MonkeyDLuffy(MonkeyDLuffy) used a dead_wolf 2-6-2021, 5:46:31 PM
MonkeyDLuffy(MonkeyDLuffy) used a dead_wolf 2-6-2021, 5:46:31 PM
MonkeyDLuffy(MonkeyDLuffy) used a dead_wolf 2-6-2021, 5:46:32 PM
MonkeyDLuffy(MonkeyDLuffy) used a dead_wolf 2-6-2021, 5:46:32 PM
MonkeyDLuffy(MonkeyDLuffy) used a dead_wolf 2-6-2021, 5:46:32 PM
MonkeyDLuffy(MonkeyDLuffy) used a dead_wolf 2-6-2021, 5:46:32 PM
MonkeyDLuffy(MonkeyDLuffy) used a dead_wolf 2-6-2021, 5:46:33 PM
MonkeyDLuffy(MonkeyDLuffy) used a dead_wolf 2-6-2021, 5:46:33 PM
MonkeyDLuffy(MonkeyDLuffy) used a dead_wolf 2-6-2021, 5:46:33 PM
MonkeyDLuffy(MonkeyDLuffy) used a dead_wolf 2-6-2021, 5:46:33 PM
MonkeyDLuffy(MonkeyDLuffy) used a dead_wolf 2-6-2021, 5:46:34 PM
MonkeyDLuffy(MonkeyDLuffy) used a dead_wolf 2-6-2021, 5:46:34 PM
MonkeyDLuffy(MonkeyDLuffy) used a dead_wolf 2-6-2021, 5:46:34 PM
MonkeyDLuffy(MonkeyDLuffy) used a dead_wolf 2-6-2021, 5:46:34 PM
MonkeyDLuffy(MonkeyDLuffy) used a dead_wolf 2-6-2021, 5:46:35 PM
MonkeyDLuffy(MonkeyDLuffy) used a dead_wolf 2-6-2021, 5:46:35 PM
MonkeyDLuffy(MonkeyDLuffy) used a dead_wolf 2-6-2021, 5:46:35 PM
MonkeyDLuffy(MonkeyDLuffy) used a dead_wolf 2-6-2021, 5:46:35 PM
MonkeyDLuffy(MonkeyDLuffy) used a dead_wolf 2-6-2021, 5:46:35 PM
MonkeyDLuffy(MonkeyDLuffy) used a dead_wolf 2-6-2021, 5:46:36 PM
MonkeyDLuffy(MonkeyDLuffy) used a dead_wolf 2-6-2021, 5:46:36 PM
MonkeyDLuffy(MonkeyDLuffy) used a dead_wolf 2-6-2021, 5:46:36 PM
MonkeyDLuffy(MonkeyDLuffy) used a dead_wolf 2-6-2021, 5:46:37 PM
MonkeyDLuffy(MonkeyDLuffy) used a dead_wolf 2-6-2021, 5:46:37 PM
MonkeyDLuffy(MonkeyDLuffy) used a dead_wolf 2-6-2021, 5:46:38 PM
MonkeyDLuffy(MonkeyDLuffy) used a dead_wolf 2-6-2021, 5:46:38 PM
MonkeyDLuffy(MonkeyDLuffy) used a dead_wolf 2-6-2021, 5:46:39 PM
MonkeyDLuffy(MonkeyDLuffy) used a dead_wolf 2-6-2021, 5:46:39 PM
MonkeyDLuffy(MonkeyDLuffy) used a dead_wolf 2-6-2021, 5:46:39 PM
MonkeyDLuffy(MonkeyDLuffy) used a dead_wolf 2-6-2021, 5:46:39 PM
MonkeyDLuffy(MonkeyDLuffy) used a dead_wolf 2-6-2021, 5:46:39 PM
MonkeyDLuffy(MonkeyDLuffy) used a dead_wolf 2-6-2021, 5:46:39 PM
MonkeyDLuffy(MonkeyDLuffy) used a dead_wolf 2-6-2021, 5:46:39 PM
MonkeyDLuffy(MonkeyDLuffy) used a dead_wolf 2-6-2021, 5:46:39 PM
MonkeyDLuffy(MonkeyDLuffy) used a dead_wolf 2-6-2021, 5:46:39 PM
MonkeyDLuffy(MonkeyDLuffy) used a dead_wolf 2-6-2021, 5:46:39 PM
MonkeyDLuffy(MonkeyDLuffy) used a dead_wolf 2-6-2021, 5:46:40 PM
MonkeyDLuffy(MonkeyDLuffy) used a dead_wolf 2-6-2021, 5:46:40 PM
MonkeyDLuffy(MonkeyDLuffy) used a dead_wolf 2-6-2021, 5:46:40 PM
MonkeyDLuffy(MonkeyDLuffy) used a dead_wolf 2-6-2021, 5:46:40 PM
MonkeyDLuffy(MonkeyDLuffy) used a dead_wolf 2-6-2021, 5:46:41 PM
MonkeyDLuffy(MonkeyDLuffy) used a dead_wolf 2-6-2021, 5:46:41 PM
MonkeyDLuffy(MonkeyDLuffy) used a dead_goat 2-6-2021, 5:46:47 PM
MonkeyDLuffy(MonkeyDLuffy) used a dead_goat 2-6-2021, 5:46:48 PM
MonkeyDLuffy(MonkeyDLuffy) used a dead_goat 2-6-2021, 5:46:48 PM
MonkeyDLuffy(MonkeyDLuffy) used a dead_goat 2-6-2021, 5:46:48 PM
MonkeyDLuffy(MonkeyDLuffy) used a dead_goat 2-6-2021, 5:46:48 PM
MonkeyDLuffy(MonkeyDLuffy) used a dead_goat 2-6-2021, 5:46:48 PM
MonkeyDLuffy(MonkeyDLuffy) used a dead_goat 2-6-2021, 5:46:49 PM
MonkeyDLuffy(MonkeyDLuffy) used a dead_goat 2-6-2021, 5:46:49 PM
MonkeyDLuffy(MonkeyDLuffy) used a dead_goat 2-6-2021, 5:46:49 PM
MonkeyDLuffy(MonkeyDLuffy) used a dead_goat 2-6-2021, 5:46:49 PM
MonkeyDLuffy(MonkeyDLuffy) used a dead_goat 2-6-2021, 5:46:50 PM
MonkeyDLuffy(MonkeyDLuffy) used a dead_goat 2-6-2021, 5:46:51 PM
MonkeyDLuffy(MonkeyDLuffy) used a dead_goat 2-6-2021, 5:46:51 PM
MonkeyDLuffy(MonkeyDLuffy) used a dead_goat 2-6-2021, 5:46:51 PM
MonkeyDLuffy(MonkeyDLuffy) used a dead_goat 2-6-2021, 5:46:51 PM
MonkeyDLuffy(MonkeyDLuffy) used a dead_goat 2-6-2021, 5:46:51 PM
MonkeyDLuffy(MonkeyDLuffy) used a dead_goat 2-6-2021, 5:46:51 PM
MonkeyDLuffy(MonkeyDLuffy) used a dead_goat 2-6-2021, 5:46:51 PM
MonkeyDLuffy(MonkeyDLuffy) used a dead_goat 2-6-2021, 5:46:51 PM
MonkeyDLuffy(MonkeyDLuffy) used a dead_goat 2-6-2021, 5:46:51 PM
MonkeyDLuffy(MonkeyDLuffy) used a dead_goat 2-6-2021, 5:46:51 PM
MonkeyDLuffy(MonkeyDLuffy) used a dead_goat 2-6-2021, 5:46:52 PM
MonkeyDLuffy(MonkeyDLuffy) used a dead_goat 2-6-2021, 5:46:52 PM
MonkeyDLuffy(MonkeyDLuffy) used a dead_goat 2-6-2021, 5:46:52 PM
MonkeyDLuffy(MonkeyDLuffy) used a dead_goat 2-6-2021, 5:46:52 PM
MonkeyDLuffy(MonkeyDLuffy) used a dead_goat 2-6-2021, 5:46:53 PM
MonkeyDLuffy(MonkeyDLuffy) used a dead_goat 2-6-2021, 5:46:53 PM
MonkeyDLuffy(MonkeyDLuffy) used a dead_goat 2-6-2021, 5:46:53 PM
MonkeyDLuffy(MonkeyDLuffy) used a dead_goat 2-6-2021, 5:46:53 PM
MonkeyDLuffy(MonkeyDLuffy) used a dead_goat 2-6-2021, 5:46:53 PM
MonkeyDLuffy(MonkeyDLuffy) used a dead_goat 2-6-2021, 5:46:54 PM
MonkeyDLuffy(MonkeyDLuffy) used a dead_goat 2-6-2021, 5:46:54 PM
MonkeyDLuffy(MonkeyDLuffy) used a dead_goat 2-6-2021, 5:46:54 PM
MonkeyDLuffy(MonkeyDLuffy) used a dead_goat 2-6-2021, 5:46:55 PM
MonkeyDLuffy(MonkeyDLuffy) used a dead_goat 2-6-2021, 5:46:55 PM
MonkeyDLuffy(MonkeyDLuffy) used a dead_goat 2-6-2021, 5:46:55 PM
MonkeyDLuffy(MonkeyDLuffy) used a dead_goat 2-6-2021, 5:46:55 PM
MonkeyDLuffy(MonkeyDLuffy) used a dead_goat 2-6-2021, 5:46:55 PM
MonkeyDLuffy(MonkeyDLuffy) used a dead_goat 2-6-2021, 5:46:55 PM
MonkeyDLuffy(MonkeyDLuffy) used a dead_goat 2-6-2021, 5:46:55 PM
MonkeyDLuffy(MonkeyDLuffy) used a dead_goat 2-6-2021, 5:46:55 PM
MonkeyDLuffy(MonkeyDLuffy) used a dead_goat 2-6-2021, 5:46:56 PM
MonkeyDLuffy(MonkeyDLuffy) used a dead_goat 2-6-2021, 5:46:56 PM
MonkeyDLuffy(MonkeyDLuffy) used a dead_goat 2-6-2021, 5:46:56 PM
MonkeyDLuffy(MonkeyDLuffy) used a dead_goat 2-6-2021, 5:46:56 PM
MonkeyDLuffy(MonkeyDLuffy) used a dead_goat 2-6-2021, 5:46:57 PM
MonkeyDLuffy(MonkeyDLuffy) used a dead_goat 2-6-2021, 5:46:57 PM
MonkeyDLuffy(MonkeyDLuffy) used a dead_goat 2-6-2021, 5:46:57 PM
MonkeyDLuffy(MonkeyDLuffy) used a dead_goat 2-6-2021, 5:46:57 PM
MonkeyDLuffy(MonkeyDLuffy) used a dead_goat 2-6-2021, 5:46:57 PM
MonkeyDLuffy(MonkeyDLuffy) used a dead_goat 2-6-2021, 5:46:58 PM
MonkeyDLuffy(MonkeyDLuffy) used a dead_goat 2-6-2021, 5:46:58 PM
MonkeyDLuffy(MonkeyDLuffy) used a dead_goat 2-6-2021, 5:46:58 PM
MonkeyDLuffy(MonkeyDLuffy) used a dead_goat 2-6-2021, 5:46:58 PM
MonkeyDLuffy(MonkeyDLuffy) used a dead_goat 2-6-2021, 5:46:58 PM
MonkeyDLuffy(MonkeyDLuffy) used a dead_goat 2-6-2021, 5:46:59 PM
MonkeyDLuffy(MonkeyDLuffy) used a dead_goat 2-6-2021, 5:46:59 PM
MonkeyDLuffy(MonkeyDLuffy) used a dead_goat 2-6-2021, 5:46:59 PM
MonkeyDLuffy(MonkeyDLuffy) used a dead_goat 2-6-2021, 5:46:59 PM
MonkeyDLuffy(MonkeyDLuffy) used a dead_goat 2-6-2021, 5:46:59 PM
MonkeyDLuffy(MonkeyDLuffy) used a dead_goat 2-6-2021, 5:47:00 PM
MonkeyDLuffy(MonkeyDLuffy) used a dead_goat 2-6-2021, 5:47:00 PM
MonkeyDLuffy(MonkeyDLuffy) used a dead_goat 2-6-2021, 5:47:00 PM
MonkeyDLuffy(MonkeyDLuffy) used a dead_goat 2-6-2021, 5:47:00 PM
MonkeyDLuffy(MonkeyDLuffy) used a dead_goat 2-6-2021, 5:47:00 PM
MonkeyDLuffy(MonkeyDLuffy) used a dead_goat 2-6-2021, 5:47:01 PM
MonkeyDLuffy(MonkeyDLuffy) used a dead_goat 2-6-2021, 5:47:02 PM
MonkeyDLuffy(MonkeyDLuffy) used a dead_goat 2-6-2021, 5:47:02 PM
MonkeyDLuffy(MonkeyDLuffy) used a dead_goat 2-6-2021, 5:47:02 PM
MonkeyDLuffy(MonkeyDLuffy) used a dead_goat 2-6-2021, 5:47:02 PM
MonkeyDLuffy(MonkeyDLuffy) used a dead_goat 2-6-2021, 5:47:02 PM
MonkeyDLuffy(MonkeyDLuffy) used a dead_goat 2-6-2021, 5:47:02 PM
MonkeyDLuffy(MonkeyDLuffy) used a dead_goat 2-6-2021, 5:47:02 PM
MonkeyDLuffy(MonkeyDLuffy) used a dead_goat 2-6-2021, 5:47:02 PM
MonkeyDLuffy(MonkeyDLuffy) used a dead_goat 2-6-2021, 5:47:02 PM
MonkeyDLuffy(MonkeyDLuffy) used a dead_goat 2-6-2021, 5:47:03 PM
MonkeyDLuffy(MonkeyDLuffy) used a dead_goat 2-6-2021, 5:47:03 PM
MonkeyDLuffy(MonkeyDLuffy) used a dead_goat 2-6-2021, 5:47:03 PM
MonkeyDLuffy(MonkeyDLuffy) used a dead_goat 2-6-2021, 5:47:04 PM
MonkeyDLuffy(MonkeyDLuffy) used a dead_goat 2-6-2021, 5:47:04 PM
MonkeyDLuffy(MonkeyDLuffy) used a dead_goat 2-6-2021, 5:47:04 PM
MonkeyDLuffy(MonkeyDLuffy) used a dead_goat 2-6-2021, 5:47:04 PM
MonkeyDLuffy(MonkeyDLuffy) used a dead_goat 2-6-2021, 5:47:04 PM
MonkeyDLuffy(MonkeyDLuffy) used a dead_goat 2-6-2021, 5:47:05 PM
MonkeyDLuffy(MonkeyDLuffy) used a dead_goat 2-6-2021, 5:47:05 PM
MonkeyDLuffy(MonkeyDLuffy) used a dead_goat 2-6-2021, 5:47:05 PM
MonkeyDLuffy(MonkeyDLuffy) used a dead_goat 2-6-2021, 5:47:05 PM
MonkeyDLuffy(MonkeyDLuffy) used a dead_goat 2-6-2021, 5:47:05 PM
MonkeyDLuffy(MonkeyDLuffy) used a dead_goat 2-6-2021, 5:47:06 PM
MonkeyDLuffy(MonkeyDLuffy) used a dead_goat 2-6-2021, 5:47:06 PM
MonkeyDLuffy(MonkeyDLuffy) used a dead_goat 2-6-2021, 5:47:07 PM
MonkeyDLuffy(MonkeyDLuffy) used a dead_goat 2-6-2021, 5:47:07 PM
MonkeyDLuffy(MonkeyDLuffy) used a dead_goat 2-6-2021, 5:47:07 PM
MonkeyDLuffy(MonkeyDLuffy) used a dead_goat 2-6-2021, 5:47:07 PM
MonkeyDLuffy(MonkeyDLuffy) used a dead_goat 2-6-2021, 5:47:07 PM
MonkeyDLuffy(MonkeyDLuffy) used a dead_goat 2-6-2021, 5:47:07 PM
MonkeyDLuffy(MonkeyDLuffy) used a dead_goat 2-6-2021, 5:47:07 PM
MonkeyDLuffy(MonkeyDLuffy) used a dead_goat 2-6-2021, 5:47:07 PM
MonkeyDLuffy(MonkeyDLuffy) used a dead_goat 2-6-2021, 5:47:08 PM
MonkeyDLuffy(MonkeyDLuffy) used a dead_goat 2-6-2021, 5:47:08 PM
MonkeyDLuffy(MonkeyDLuffy) used a dead_goat 2-6-2021, 5:47:08 PM
MonkeyDLuffy(MonkeyDLuffy) used a dead_goat 2-6-2021, 5:47:08 PM
MonkeyDLuffy(MonkeyDLuffy) used a dead_goat 2-6-2021, 5:47:09 PM
MonkeyDLuffy(MonkeyDLuffy) used a dead_goat 2-6-2021, 5:47:09 PM
MonkeyDLuffy(MonkeyDLuffy) used a dead_goat 2-6-2021, 5:47:10 PM
MonkeyDLuffy(MonkeyDLuffy) used a dead_goat 2-6-2021, 5:47:10 PM
MonkeyDLuffy(MonkeyDLuffy) used a dead_goat 2-6-2021, 5:47:10 PM
MonkeyDLuffy(MonkeyDLuffy) used a dead_goat 2-6-2021, 5:47:10 PM
MonkeyDLuffy(MonkeyDLuffy) used a dead_goat 2-6-2021, 5:47:10 PM
MonkeyDLuffy(MonkeyDLuffy) used a dead_goat 2-6-2021, 5:47:10 PM
MonkeyDLuffy(MonkeyDLuffy) used a dead_goat 2-6-2021, 5:47:10 PM
MonkeyDLuffy(MonkeyDLuffy) used a dead_goat 2-6-2021, 5:47:10 PM
MonkeyDLuffy(MonkeyDLuffy) used a dead_goat 2-6-2021, 5:47:10 PM
MonkeyDLuffy(MonkeyDLuffy) used a dead_goat 2-6-2021, 5:47:11 PM
MonkeyDLuffy(MonkeyDLuffy) used a dead_goat 2-6-2021, 5:47:11 PM
MonkeyDLuffy(MonkeyDLuffy) used a dead_goat 2-6-2021, 5:47:11 PM
MonkeyDLuffy(MonkeyDLuffy) used a dead_goat 2-6-2021, 5:47:11 PM
MonkeyDLuffy(MonkeyDLuffy) used a dead_goat 2-6-2021, 5:47:11 PM
MonkeyDLuffy(MonkeyDLuffy) used a dead_goat 2-6-2021, 5:47:11 PM
MonkeyDLuffy(MonkeyDLuffy) used a dead_goat 2-6-2021, 5:47:12 PM
MonkeyDLuffy(MonkeyDLuffy) used a dead_goat 2-6-2021, 5:47:12 PM
MonkeyDLuffy(MonkeyDLuffy) used a dead_goat 2-6-2021, 5:47:12 PM
MonkeyDLuffy(MonkeyDLuffy) used a dead_goat 2-6-2021, 5:47:12 PM
MonkeyDLuffy(MonkeyDLuffy) used a dead_goat 2-6-2021, 5:47:12 PM
MonkeyDLuffy(MonkeyDLuffy) used a dead_goat 2-6-2021, 5:47:13 PM
MonkeyDLuffy(MonkeyDLuffy) used a dead_goat 2-6-2021, 5:47:13 PM
MonkeyDLuffy(MonkeyDLuffy) used a dead_goat 2-6-2021, 5:47:13 PM
MonkeyDLuffy(MonkeyDLuffy) used a dead_goat 2-6-2021, 5:47:13 PM
MonkeyDLuffy(MonkeyDLuffy) used a dead_goat 2-6-2021, 5:47:13 PM
MonkeyDLuffy(MonkeyDLuffy) used a dead_boar 2-6-2021, 5:47:26 PM
MonkeyDLuffy(MonkeyDLuffy) used a dead_boar 2-6-2021, 5:47:27 PM
MonkeyDLuffy(MonkeyDLuffy) used a dead_boar 2-6-2021, 5:47:27 PM
MonkeyDLuffy(MonkeyDLuffy) used a dead_boar 2-6-2021, 5:47:27 PM
MonkeyDLuffy(MonkeyDLuffy) used a dead_boar 2-6-2021, 5:47:27 PM
MonkeyDLuffy(MonkeyDLuffy) used a dead_boar 2-6-2021, 5:47:27 PM
MonkeyDLuffy(MonkeyDLuffy) used a dead_boar 2-6-2021, 5:47:28 PM
MonkeyDLuffy(MonkeyDLuffy) used a dead_boar 2-6-2021, 5:47:28 PM
MonkeyDLuffy(MonkeyDLuffy) used a dead_boar 2-6-2021, 5:47:28 PM
MonkeyDLuffy(MonkeyDLuffy) used a dead_boar 2-6-2021, 5:47:28 PM
MonkeyDLuffy(MonkeyDLuffy) used a dead_boar 2-6-2021, 5:47:31 PM
MonkeyDLuffy(MonkeyDLuffy) used a dead_boar 2-6-2021, 5:47:31 PM
MonkeyDLuffy(MonkeyDLuffy) used a dead_boar 2-6-2021, 5:47:31 PM
MonkeyDLuffy(MonkeyDLuffy) used a dead_boar 2-6-2021, 5:47:31 PM
MonkeyDLuffy(MonkeyDLuffy) used a dead_boar 2-6-2021, 5:47:31 PM
MonkeyDLuffy(MonkeyDLuffy) used a dead_boar 2-6-2021, 5:47:31 PM
MonkeyDLuffy(MonkeyDLuffy) used a dead_boar 2-6-2021, 5:47:31 PM
MonkeyDLuffy(MonkeyDLuffy) used a dead_boar 2-6-2021, 5:47:31 PM
MonkeyDLuffy(MonkeyDLuffy) used a dead_boar 2-6-2021, 5:47:31 PM
MonkeyDLuffy(MonkeyDLuffy) used a dead_boar 2-6-2021, 5:47:31 PM
MonkeyDLuffy(MonkeyDLuffy) used a dead_boar 2-6-2021, 5:47:31 PM
MonkeyDLuffy(MonkeyDLuffy) used a dead_boar 2-6-2021, 5:47:31 PM
MonkeyDLuffy(MonkeyDLuffy) used a dead_boar 2-6-2021, 5:47:31 PM
MonkeyDLuffy(MonkeyDLuffy) used a dead_boar 2-6-2021, 5:47:31 PM
MonkeyDLuffy(MonkeyDLuffy) used a dead_boar 2-6-2021, 5:47:31 PM
MonkeyDLuffy(MonkeyDLuffy) used a dead_boar 2-6-2021, 5:47:32 PM
MonkeyDLuffy(MonkeyDLuffy) used a dead_boar 2-6-2021, 5:47:32 PM
MonkeyDLuffy(MonkeyDLuffy) used a dead_boar 2-6-2021, 5:47:32 PM
MonkeyDLuffy(MonkeyDLuffy) used a dead_boar 2-6-2021, 5:47:32 PM
MonkeyDLuffy(MonkeyDLuffy) used a dead_boar 2-6-2021, 5:47:32 PM
MonkeyDLuffy(MonkeyDLuffy) used a dead_boar 2-6-2021, 5:47:33 PM
MonkeyDLuffy(MonkeyDLuffy) used a dead_boar 2-6-2021, 5:47:33 PM
MonkeyDLuffy(MonkeyDLuffy) used a dead_boar 2-6-2021, 5:47:33 PM
MonkeyDLuffy(MonkeyDLuffy) used a dead_boar 2-6-2021, 5:47:33 PM
MonkeyDLuffy(MonkeyDLuffy) used a dead_boar 2-6-2021, 5:47:34 PM
MonkeyDLuffy(MonkeyDLuffy) used a dead_boar 2-6-2021, 5:47:34 PM
MonkeyDLuffy(MonkeyDLuffy) used a dead_boar 2-6-2021, 5:47:34 PM
MonkeyDLuffy(MonkeyDLuffy) used a dead_boar 2-6-2021, 5:47:34 PM
MonkeyDLuffy(MonkeyDLuffy) used a dead_boar 2-6-2021, 5:47:34 PM
MonkeyDLuffy(MonkeyDLuffy) used a dead_boar 2-6-2021, 5:47:35 PM
MonkeyDLuffy(MonkeyDLuffy) used a dead_boar 2-6-2021, 5:47:35 PM
MonkeyDLuffy(MonkeyDLuffy) used a dead_boar 2-6-2021, 5:47:35 PM
MonkeyDLuffy(MonkeyDLuffy) used a dead_boar 2-6-2021, 5:47:35 PM
MonkeyDLuffy(MonkeyDLuffy) used a dead_boar 2-6-2021, 5:47:35 PM
MonkeyDLuffy(MonkeyDLuffy) used a dead_boar 2-6-2021, 5:47:36 PM
MonkeyDLuffy(MonkeyDLuffy) used a dead_boar 2-6-2021, 5:47:36 PM
MonkeyDLuffy(MonkeyDLuffy) used a dead_boar 2-6-2021, 5:47:36 PM
MonkeyDLuffy(MonkeyDLuffy) used a dead_boar 2-6-2021, 5:47:36 PM
MonkeyDLuffy(MonkeyDLuffy) used a dead_boar 2-6-2021, 5:47:37 PM
MonkeyDLuffy(MonkeyDLuffy) used a dead_boar 2-6-2021, 5:47:37 PM
MonkeyDLuffy(MonkeyDLuffy) used a dead_boar 2-6-2021, 5:47:38 PM
MonkeyDLuffy(MonkeyDLuffy) used a dead_boar 2-6-2021, 5:47:38 PM
MonkeyDLuffy(MonkeyDLuffy) used a dead_boar 2-6-2021, 5:47:38 PM
MonkeyDLuffy(MonkeyDLuffy) used a dead_boar 2-6-2021, 5:47:38 PM
MonkeyDLuffy(MonkeyDLuffy) used a dead_boar 2-6-2021, 5:47:38 PM
MonkeyDLuffy(MonkeyDLuffy) used a dead_boar 2-6-2021, 5:47:39 PM
MonkeyDLuffy(MonkeyDLuffy) used a dead_boar 2-6-2021, 5:47:39 PM
MonkeyDLuffy(MonkeyDLuffy) used a dead_boar 2-6-2021, 5:47:39 PM
MonkeyDLuffy(MonkeyDLuffy) used a dead_boar 2-6-2021, 5:47:39 PM
MonkeyDLuffy(MonkeyDLuffy) used a dead_boar 2-6-2021, 5:47:39 PM
MonkeyDLuffy(MonkeyDLuffy) used a dead_boar 2-6-2021, 5:47:39 PM
MonkeyDLuffy(MonkeyDLuffy) used a dead_boar 2-6-2021, 5:47:40 PM
MonkeyDLuffy(MonkeyDLuffy) used a dead_boar 2-6-2021, 5:47:40 PM
MonkeyDLuffy(MonkeyDLuffy) used a dead_boar 2-6-2021, 5:47:40 PM
MonkeyDLuffy(MonkeyDLuffy) used a dead_boar 2-6-2021, 5:47:40 PM
MonkeyDLuffy(MonkeyDLuffy) used a dead_boar 2-6-2021, 5:47:40 PM
MonkeyDLuffy(MonkeyDLuffy) used a dead_boar 2-6-2021, 5:47:41 PM
MonkeyDLuffy(MonkeyDLuffy) used a dead_boar 2-6-2021, 5:47:41 PM
MonkeyDLuffy(MonkeyDLuffy) used a dead_boar 2-6-2021, 5:47:41 PM
MonkeyDLuffy(MonkeyDLuffy) used a dead_boar 2-6-2021, 5:47:41 PM
MonkeyDLuffy(MonkeyDLuffy) used a dead_boar 2-6-2021, 5:47:42 PM
MonkeyDLuffy(MonkeyDLuffy) used a dead_boar 2-6-2021, 5:47:42 PM
MonkeyDLuffy(MonkeyDLuffy) used a dead_boar 2-6-2021, 5:47:42 PM
MonkeyDLuffy(MonkeyDLuffy) used a dead_boar 2-6-2021, 5:47:42 PM
MonkeyDLuffy(MonkeyDLuffy) used a dead_boar 2-6-2021, 5:47:43 PM
MonkeyDLuffy(MonkeyDLuffy) used a dead_boar 2-6-2021, 5:47:43 PM
MonkeyDLuffy(MonkeyDLuffy) used a dead_boar 2-6-2021, 5:47:43 PM
MonkeyDLuffy(MonkeyDLuffy) used a dead_boar 2-6-2021, 5:47:43 PM
MonkeyDLuffy(MonkeyDLuffy) used a dead_boar 2-6-2021, 5:47:44 PM
MonkeyDLuffy(MonkeyDLuffy) used a dead_boar 2-6-2021, 5:47:44 PM
MonkeyDLuffy(MonkeyDLuffy) used a dead_boar 2-6-2021, 5:47:44 PM
MonkeyDLuffy(MonkeyDLuffy) used a dead_boar 2-6-2021, 5:47:44 PM
MonkeyDLuffy(MonkeyDLuffy) used a dead_boar 2-6-2021, 5:47:44 PM
MonkeyDLuffy(MonkeyDLuffy) used a dead_boar 2-6-2021, 5:47:45 PM
MonkeyDLuffy(MonkeyDLuffy) used a dead_boar 2-6-2021, 5:47:45 PM
MonkeyDLuffy(MonkeyDLuffy) used a dead_boar 2-6-2021, 5:47:45 PM
MonkeyDLuffy(MonkeyDLuffy) used a dead_boar 2-6-2021, 5:47:46 PM
MonkeyDLuffy(MonkeyDLuffy) used a dead_boar 2-6-2021, 5:47:46 PM
MonkeyDLuffy(MonkeyDLuffy) used a dead_boar 2-6-2021, 5:47:46 PM
MonkeyDLuffy(MonkeyDLuffy) used a dead_boar 2-6-2021, 5:47:46 PM
MonkeyDLuffy(MonkeyDLuffy) used a dead_boar 2-6-2021, 5:47:46 PM
MonkeyDLuffy(MonkeyDLuffy) used a dead_boar 2-6-2021, 5:47:47 PM
MonkeyDLuffy(MonkeyDLuffy) used a dead_boar 2-6-2021, 5:47:47 PM
MonkeyDLuffy(MonkeyDLuffy) used a dead_boar 2-6-2021, 5:47:47 PM
MonkeyDLuffy(MonkeyDLuffy) used a dead_boar 2-6-2021, 5:47:48 PM
MonkeyDLuffy(MonkeyDLuffy) used a dead_boar 2-6-2021, 5:47:49 PM
MonkeyDLuffy(MonkeyDLuffy) used a dead_boar 2-6-2021, 5:47:49 PM
MonkeyDLuffy(MonkeyDLuffy) used a dead_boar 2-6-2021, 5:47:49 PM
MonkeyDLuffy(MonkeyDLuffy) used a dead_boar 2-6-2021, 5:47:49 PM
MonkeyDLuffy(MonkeyDLuffy) used a dead_boar 2-6-2021, 5:47:49 PM
MonkeyDLuffy(MonkeyDLuffy) used a dead_boar 2-6-2021, 5:47:49 PM
MonkeyDLuffy(MonkeyDLuffy) used a dead_boar 2-6-2021, 5:47:49 PM
MonkeyDLuffy(MonkeyDLuffy) used a dead_boar 2-6-2021, 5:47:49 PM
MonkeyDLuffy(MonkeyDLuffy) used a dead_boar 2-6-2021, 5:47:49 PM
MonkeyDLuffy(MonkeyDLuffy) used a dead_boar 2-6-2021, 5:47:50 PM
MonkeyDLuffy(MonkeyDLuffy) used a dead_boar 2-6-2021, 5:47:50 PM
MonkeyDLuffy(MonkeyDLuffy) used a dead_boar 2-6-2021, 5:47:51 PM
MonkeyDLuffy(MonkeyDLuffy) used a dead_boar 2-6-2021, 5:47:51 PM
MonkeyDLuffy(MonkeyDLuffy) used a dead_boar 2-6-2021, 5:47:51 PM
MonkeyDLuffy(MonkeyDLuffy) used a dead_boar 2-6-2021, 5:47:51 PM
MonkeyDLuffy(MonkeyDLuffy) used a dead_boar 2-6-2021, 5:47:51 PM
MonkeyDLuffy(MonkeyDLuffy) used a dead_boar 2-6-2021, 5:47:51 PM
MonkeyDLuffy(MonkeyDLuffy) used a dead_boar 2-6-2021, 5:47:51 PM
MonkeyDLuffy(MonkeyDLuffy) used a dead_boar 2-6-2021, 5:47:52 PM
MonkeyDLuffy(MonkeyDLuffy) used a dead_boar 2-6-2021, 5:47:52 PM
MonkeyDLuffy(MonkeyDLuffy) used a dead_boar 2-6-2021, 5:47:52 PM
MonkeyDLuffy(MonkeyDLuffy) used a dead_boar 2-6-2021, 5:47:53 PM
MonkeyDLuffy(MonkeyDLuffy) used a dead_boar 2-6-2021, 5:47:53 PM
MonkeyDLuffy(MonkeyDLuffy) used a dead_boar 2-6-2021, 5:47:53 PM
MonkeyDLuffy(MonkeyDLuffy) used a dead_boar 2-6-2021, 5:47:53 PM
MonkeyDLuffy(MonkeyDLuffy) used a dead_boar 2-6-2021, 5:47:53 PM
MonkeyDLuffy(MonkeyDLuffy) used a dead_boar 2-6-2021, 5:47:53 PM
MonkeyDLuffy(MonkeyDLuffy) used a dead_boar 2-6-2021, 5:47:54 PM
MonkeyDLuffy(MonkeyDLuffy) used a dead_boar 2-6-2021, 5:47:54 PM
MonkeyDLuffy(MonkeyDLuffy) used a dead_boar 2-6-2021, 5:47:54 PM
MonkeyDLuffy(MonkeyDLuffy) used a dead_boar 2-6-2021, 5:47:55 PM
MonkeyDLuffy(MonkeyDLuffy) used a dead_boar 2-6-2021, 5:47:55 PM
MonkeyDLuffy(MonkeyDLuffy) used a dead_boar 2-6-2021, 5:47:55 PM
MonkeyDLuffy(MonkeyDLuffy) used a dead_boar 2-6-2021, 5:47:55 PM
MonkeyDLuffy(MonkeyDLuffy) used a dead_boar 2-6-2021, 5:47:56 PM
MonkeyDLuffy(MonkeyDLuffy) used a dead_boar 2-6-2021, 5:47:56 PM
MonkeyDLuffy(MonkeyDLuffy) used a dead_boar 2-6-2021, 5:47:56 PM
MonkeyDLuffy(MonkeyDLuffy) used a dead_boar 2-6-2021, 5:47:56 PM
MonkeyDLuffy(MonkeyDLuffy) used a dead_boar 2-6-2021, 5:47:56 PM
MonkeyDLuffy(MonkeyDLuffy) used a dead_boar 2-6-2021, 5:47:57 PM
MonkeyDLuffy(MonkeyDLuffy) used a dead_boar 2-6-2021, 5:47:57 PM
MonkeyDLuffy(MonkeyDLuffy) used a dead_boar 2-6-2021, 5:47:57 PM
MonkeyDLuffy(MonkeyDLuffy) used a dead_boar 2-6-2021, 5:47:57 PM
MonkeyDLuffy(MonkeyDLuffy) used a dead_boar 2-6-2021, 5:47:58 PM
MonkeyDLuffy(MonkeyDLuffy) used a dead_boar 2-6-2021, 5:47:58 PM
MonkeyDLuffy(MonkeyDLuffy) used a dead_boar 2-6-2021, 5:47:58 PM
MonkeyDLuffy(MonkeyDLuffy) used a dead_boar 2-6-2021, 5:47:58 PM
MonkeyDLuffy(MonkeyDLuffy) used a dead_boar 2-6-2021, 5:47:59 PM
MonkeyDLuffy(MonkeyDLuffy) used a dead_boar 2-6-2021, 5:47:59 PM
MonkeyDLuffy(MonkeyDLuffy) used a dead_boar 2-6-2021, 5:47:59 PM
MonkeyDLuffy(MonkeyDLuffy) used a dead_boar 2-6-2021, 5:47:59 PM
MonkeyDLuffy(MonkeyDLuffy) used a dead_boar 2-6-2021, 5:48:00 PM
MonkeyDLuffy(MonkeyDLuffy) used a dead_boar 2-6-2021, 5:48:00 PM
MonkeyDLuffy(MonkeyDLuffy) used a dead_boar 2-6-2021, 5:48:00 PM
MonkeyDLuffy(MonkeyDLuffy) used a dead_boar 2-6-2021, 5:48:00 PM
MonkeyDLuffy(MonkeyDLuffy) used a dead_boar 2-6-2021, 5:48:01 PM
MonkeyDLuffy(MonkeyDLuffy) used a dead_boar 2-6-2021, 5:48:01 PM
MonkeyDLuffy(MonkeyDLuffy) used a dead_boar 2-6-2021, 5:48:01 PM
MonkeyDLuffy(MonkeyDLuffy) used a dead_boar 2-6-2021, 5:48:01 PM
MonkeyDLuffy(MonkeyDLuffy) used a dead_boar 2-6-2021, 5:48:01 PM
MonkeyDLuffy(MonkeyDLuffy) used a dead_boar 2-6-2021, 5:48:02 PM
MonkeyDLuffy(MonkeyDLuffy) used a dead_boar 2-6-2021, 5:48:02 PM
MonkeyDLuffy(MonkeyDLuffy) used a dead_boar 2-6-2021, 5:48:02 PM
MonkeyDLuffy(MonkeyDLuffy) used a dead_boar 2-6-2021, 5:48:02 PM
MonkeyDLuffy(MonkeyDLuffy) used a dead_boar 2-6-2021, 5:48:03 PM
MonkeyDLuffy(MonkeyDLuffy) used a dead_boar 2-6-2021, 5:48:03 PM
MonkeyDLuffy(MonkeyDLuffy) used a dead_boar 2-6-2021, 5:48:03 PM
MonkeyDLuffy(MonkeyDLuffy) used a dead_boar 2-6-2021, 5:48:03 PM
MonkeyDLuffy(MonkeyDLuffy) used a dead_boar 2-6-2021, 5:48:03 PM
MonkeyDLuffy(MonkeyDLuffy) used a dead_boar 2-6-2021, 5:48:04 PM
MonkeyDLuffy(MonkeyDLuffy) used a dead_boar 2-6-2021, 5:48:04 PM
MonkeyDLuffy(MonkeyDLuffy) used a dead_boar 2-6-2021, 5:48:04 PM
MonkeyDLuffy(MonkeyDLuffy) used a dead_boar 2-6-2021, 5:48:05 PM
MonkeyDLuffy(MonkeyDLuffy) used a dead_boar 2-6-2021, 5:48:05 PM
MonkeyDLuffy(MonkeyDLuffy) used a dead_boar 2-6-2021, 5:48:05 PM
MonkeyDLuffy(MonkeyDLuffy) used a dead_boar 2-6-2021, 5:48:05 PM
MonkeyDLuffy(MonkeyDLuffy) used a dead_boar 2-6-2021, 5:48:05 PM
MonkeyDLuffy(MonkeyDLuffy) used a dead_boar 2-6-2021, 5:48:06 PM
MonkeyDLuffy(MonkeyDLuffy) used a dead_boar 2-6-2021, 5:48:06 PM
MonkeyDLuffy(MonkeyDLuffy) used a dead_boar 2-6-2021, 5:48:06 PM
MonkeyDLuffy(MonkeyDLuffy) used a dead_boar 2-6-2021, 5:48:07 PM
MonkeyDLuffy(MonkeyDLuffy) used a dead_boar 2-6-2021, 5:48:07 PM
MonkeyDLuffy(MonkeyDLuffy) used a dead_boar 2-6-2021, 5:48:07 PM
MonkeyDLuffy(MonkeyDLuffy) used a dead_boar 2-6-2021, 5:48:07 PM
MonkeyDLuffy(MonkeyDLuffy) used a dead_boar 2-6-2021, 5:48:07 PM
MonkeyDLuffy(MonkeyDLuffy) used a dead_boar 2-6-2021, 5:48:07 PM
MonkeyDLuffy(MonkeyDLuffy) used a dead_boar 2-6-2021, 5:48:08 PM
MonkeyDLuffy(MonkeyDLuffy) used a dead_boar 2-6-2021, 5:48:08 PM
MonkeyDLuffy(MonkeyDLuffy) used a dead_boar 2-6-2021, 5:48:08 PM
MonkeyDLuffy(MonkeyDLuffy) used a dead_boar 2-6-2021, 5:48:08 PM
MonkeyDLuffy(MonkeyDLuffy) used a dead_boar 2-6-2021, 5:48:09 PM
MonkeyDLuffy(MonkeyDLuffy) used a dead_boar 2-6-2021, 5:48:09 PM
MonkeyDLuffy(MonkeyDLuffy) used a dead_boar 2-6-2021, 5:48:09 PM
MonkeyDLuffy(MonkeyDLuffy) used a dead_boar 2-6-2021, 5:48:09 PM
MonkeyDLuffy(MonkeyDLuffy) used a dead_boar 2-6-2021, 5:48:10 PM
MonkeyDLuffy(MonkeyDLuffy) used a dead_boar 2-6-2021, 5:48:10 PM
MonkeyDLuffy(MonkeyDLuffy) used a dead_boar 2-6-2021, 5:48:10 PM
MonkeyDLuffy(MonkeyDLuffy) used a dead_boar 2-6-2021, 5:48:10 PM
MonkeyDLuffy(MonkeyDLuffy) used a dead_boar 2-6-2021, 5:48:11 PM
MonkeyDLuffy(MonkeyDLuffy) used a dead_boar 2-6-2021, 5:48:11 PM
MonkeyDLuffy(MonkeyDLuffy) used a dead_boar 2-6-2021, 5:48:11 PM
MonkeyDLuffy(MonkeyDLuffy) used a dead_boar 2-6-2021, 5:48:12 PM
MonkeyDLuffy(MonkeyDLuffy) used a dead_boar 2-6-2021, 5:48:12 PM
MonkeyDLuffy(MonkeyDLuffy) used a dead_boar 2-6-2021, 5:48:12 PM
MonkeyDLuffy(MonkeyDLuffy) used a dead_boar 2-6-2021, 5:48:12 PM
MonkeyDLuffy(MonkeyDLuffy) used a dead_boar 2-6-2021, 5:48:13 PM
MonkeyDLuffy(MonkeyDLuffy) used a dead_boar 2-6-2021, 5:48:13 PM
MonkeyDLuffy(MonkeyDLuffy) used a dead_boar 2-6-2021, 5:48:13 PM
MonkeyDLuffy(MonkeyDLuffy) used a dead_boar 2-6-2021, 5:48:13 PM
MonkeyDLuffy(MonkeyDLuffy) used a dead_boar 2-6-2021, 5:48:13 PM
MonkeyDLuffy(MonkeyDLuffy) used a dead_boar 2-6-2021, 5:48:14 PM
MonkeyDLuffy(MonkeyDLuffy) used a dead_boar 2-6-2021, 5:48:15 PM
MonkeyDLuffy(MonkeyDLuffy) used a dead_boar 2-6-2021, 5:48:15 PM
MonkeyDLuffy(MonkeyDLuffy) used a dead_boar 2-6-2021, 5:48:15 PM
MonkeyDLuffy(MonkeyDLuffy) used a dead_boar 2-6-2021, 5:48:15 PM
MonkeyDLuffy(MonkeyDLuffy) used a dead_boar 2-6-2021, 5:48:15 PM
MonkeyDLuffy(MonkeyDLuffy) used a dead_boar 2-6-2021, 5:48:15 PM
MonkeyDLuffy(MonkeyDLuffy) used a dead_boar 2-6-2021, 5:48:15 PM
MonkeyDLuffy(MonkeyDLuffy) used a dead_boar 2-6-2021, 5:48:16 PM
MonkeyDLuffy(MonkeyDLuffy) used a dead_boar 2-6-2021, 5:48:16 PM
MonkeyDLuffy(MonkeyDLuffy) used a dead_boar 2-6-2021, 5:48:16 PM
MonkeyDLuffy(MonkeyDLuffy) used a dead_boar 2-6-2021, 5:48:16 PM
MonkeyDLuffy(MonkeyDLuffy) used a dead_boar 2-6-2021, 5:48:16 PM
MonkeyDLuffy(MonkeyDLuffy) used a dead_boar 2-6-2021, 5:48:17 PM
MonkeyDLuffy(MonkeyDLuffy) used a dead_boar 2-6-2021, 5:48:17 PM
MonkeyDLuffy(MonkeyDLuffy) used a dead_boar 2-6-2021, 5:48:17 PM
MonkeyDLuffy(MonkeyDLuffy) used a dead_boar 2-6-2021, 5:48:17 PM
MonkeyDLuffy(MonkeyDLuffy) used a dead_boar 2-6-2021, 5:48:18 PM
MonkeyDLuffy(MonkeyDLuffy) used a dead_boar 2-6-2021, 5:48:18 PM
MonkeyDLuffy(MonkeyDLuffy) used a dead_boar 2-6-2021, 5:48:18 PM
MonkeyDLuffy(MonkeyDLuffy) used a dead_boar 2-6-2021, 5:48:19 PM
MonkeyDLuffy(MonkeyDLuffy) used a dead_boar 2-6-2021, 5:48:19 PM
MonkeyDLuffy(MonkeyDLuffy) used a dead_boar 2-6-2021, 5:48:19 PM
MonkeyDLuffy(MonkeyDLuffy) used a dead_boar 2-6-2021, 5:48:19 PM
MonkeyDLuffy(MonkeyDLuffy) used a dead_boar 2-6-2021, 5:48:19 PM
MonkeyDLuffy(MonkeyDLuffy) used a dead_boar 2-6-2021, 5:48:20 PM
MonkeyDLuffy(MonkeyDLuffy) used a dead_boar 2-6-2021, 5:48:20 PM
MonkeyDLuffy(MonkeyDLuffy) used a dead_boar 2-6-2021, 5:48:20 PM
MonkeyDLuffy(MonkeyDLuffy) used a dead_boar 2-6-2021, 5:48:20 PM
MonkeyDLuffy(MonkeyDLuffy) used a dead_boar 2-6-2021, 5:48:20 PM
MonkeyDLuffy(MonkeyDLuffy) used a dead_boar 2-6-2021, 5:48:21 PM
MonkeyDLuffy(MonkeyDLuffy) used a dead_boar 2-6-2021, 5:48:21 PM
MonkeyDLuffy(MonkeyDLuffy) used a dead_boar 2-6-2021, 5:48:21 PM
MonkeyDLuffy(MonkeyDLuffy) used a dead_boar 2-6-2021, 5:48:21 PM
MonkeyDLuffy(MonkeyDLuffy) used a dead_boar 2-6-2021, 5:48:23 PM
MonkeyDLuffy(MonkeyDLuffy) used a dead_boar 2-6-2021, 5:48:23 PM
MonkeyDLuffy(MonkeyDLuffy) used a dead_boar 2-6-2021, 5:48:23 PM
MonkeyDLuffy(MonkeyDLuffy) used a dead_boar 2-6-2021, 5:48:23 PM
MonkeyDLuffy(MonkeyDLuffy) used a dead_boar 2-6-2021, 5:48:23 PM
MonkeyDLuffy(MonkeyDLuffy) used a dead_boar 2-6-2021, 5:48:23 PM
MonkeyDLuffy(MonkeyDLuffy) used a dead_boar 2-6-2021, 5:48:23 PM
MonkeyDLuffy(MonkeyDLuffy) used a dead_boar 2-6-2021, 5:48:24 PM
MonkeyDLuffy(MonkeyDLuffy) used a dead_boar 2-6-2021, 5:48:24 PM
MonkeyDLuffy(MonkeyDLuffy) used a dead_boar 2-6-2021, 5:48:24 PM
MonkeyDLuffy(MonkeyDLuffy) used a dead_boar 2-6-2021, 5:48:24 PM
MonkeyDLuffy(MonkeyDLuffy) used a dead_boar 2-6-2021, 5:48:24 PM
MonkeyDLuffy(MonkeyDLuffy) used a dead_boar 2-6-2021, 5:48:24 PM
MonkeyDLuffy(MonkeyDLuffy) used a dead_boar 2-6-2021, 5:48:25 PM
MonkeyDLuffy(MonkeyDLuffy) used a dead_boar 2-6-2021, 5:48:25 PM
MonkeyDLuffy(MonkeyDLuffy) used a dead_boar 2-6-2021, 5:48:25 PM
MonkeyDLuffy(MonkeyDLuffy) used a dead_boar 2-6-2021, 5:48:25 PM
MonkeyDLuffy(MonkeyDLuffy) used a dead_boar 2-6-2021, 5:48:26 PM
MonkeyDLuffy(MonkeyDLuffy) used a dead_boar 2-6-2021, 5:48:26 PM
MonkeyDLuffy(MonkeyDLuffy) used a dead_boar 2-6-2021, 5:48:26 PM
MonkeyDLuffy(MonkeyDLuffy) used a dead_boar 2-6-2021, 5:48:26 PM
MonkeyDLuffy(MonkeyDLuffy) used a dead_boar 2-6-2021, 5:48:27 PM
MonkeyDLuffy(MonkeyDLuffy) used a dead_boar 2-6-2021, 5:48:27 PM
MonkeyDLuffy(MonkeyDLuffy) used a dead_boar 2-6-2021, 5:48:27 PM
MonkeyDLuffy(MonkeyDLuffy) used a dead_boar 2-6-2021, 5:48:27 PM
MonkeyDLuffy(MonkeyDLuffy) used a dead_boar 2-6-2021, 5:48:28 PM
MonkeyDLuffy(MonkeyDLuffy) used a dead_boar 2-6-2021, 5:48:28 PM
MonkeyDLuffy(MonkeyDLuffy) used a dead_boar 2-6-2021, 5:48:28 PM
MonkeyDLuffy(MonkeyDLuffy) used a dead_boar 2-6-2021, 5:48:29 PM
MonkeyDLuffy(MonkeyDLuffy) used a dead_boar 2-6-2021, 5:48:29 PM
MonkeyDLuffy(MonkeyDLuffy) used a dead_boar 2-6-2021, 5:48:29 PM
MonkeyDLuffy(MonkeyDLuffy) used a dead_boar 2-6-2021, 5:48:29 PM
MonkeyDLuffy(MonkeyDLuffy) used a dead_boar 2-6-2021, 5:48:29 PM
MonkeyDLuffy(MonkeyDLuffy) used a dead_boar 2-6-2021, 5:48:30 PM
MonkeyDLuffy(MonkeyDLuffy) used a dead_boar 2-6-2021, 5:48:30 PM
MonkeyDLuffy(MonkeyDLuffy) used a dead_boar 2-6-2021, 5:48:30 PM
MonkeyDLuffy(MonkeyDLuffy) used a dead_boar 2-6-2021, 5:48:31 PM
MonkeyDLuffy(MonkeyDLuffy) used a dead_boar 2-6-2021, 5:48:31 PM
MonkeyDLuffy(MonkeyDLuffy) used a dead_boar 2-6-2021, 5:48:31 PM
MonkeyDLuffy(MonkeyDLuffy) used a dead_boar 2-6-2021, 5:48:31 PM
MonkeyDLuffy(MonkeyDLuffy) used a dead_boar 2-6-2021, 5:48:32 PM
MonkeyDLuffy(MonkeyDLuffy) used a dead_boar 2-6-2021, 5:48:32 PM
MonkeyDLuffy(MonkeyDLuffy) used a dead_boar 2-6-2021, 5:48:32 PM
MonkeyDLuffy(MonkeyDLuffy) used a dead_boar 2-6-2021, 5:48:32 PM
MonkeyDLuffy(MonkeyDLuffy) used a dead_boar 2-6-2021, 5:48:33 PM
MonkeyDLuffy(MonkeyDLuffy) used a dead_boar 2-6-2021, 5:48:33 PM
MonkeyDLuffy(MonkeyDLuffy) used a dead_boar 2-6-2021, 5:48:33 PM
MonkeyDLuffy(MonkeyDLuffy) used a dead_boar 2-6-2021, 5:48:34 PM
MonkeyDLuffy(MonkeyDLuffy) used a dead_boar 2-6-2021, 5:48:34 PM
MonkeyDLuffy(MonkeyDLuffy) used a dead_boar 2-6-2021, 5:48:34 PM
MonkeyDLuffy(MonkeyDLuffy) used a dead_boar 2-6-2021, 5:48:35 PM
MonkeyDLuffy(MonkeyDLuffy) used a dead_boar 2-6-2021, 5:48:35 PM
MonkeyDLuffy(MonkeyDLuffy) used a dead_boar 2-6-2021, 5:48:35 PM
MonkeyDLuffy(MonkeyDLuffy) used a dead_boar 2-6-2021, 5:48:35 PM
MonkeyDLuffy(MonkeyDLuffy) used a dead_boar 2-6-2021, 5:48:36 PM
MonkeyDLuffy(MonkeyDLuffy) used a dead_boar 2-6-2021, 5:48:36 PM
MonkeyDLuffy(MonkeyDLuffy) used a dead_boar 2-6-2021, 5:48:36 PM
MonkeyDLuffy(MonkeyDLuffy) used a dead_boar 2-6-2021, 5:48:37 PM
MonkeyDLuffy(MonkeyDLuffy) used a dead_boar 2-6-2021, 5:48:37 PM
MonkeyDLuffy(MonkeyDLuffy) used a dead_boar 2-6-2021, 5:48:37 PM
MonkeyDLuffy(MonkeyDLuffy) used a dead_boar 2-6-2021, 5:48:37 PM
MonkeyDLuffy(MonkeyDLuffy) used a dead_boar 2-6-2021, 5:48:38 PM
MonkeyDLuffy(MonkeyDLuffy) used a dead_boar 2-6-2021, 5:48:38 PM
MonkeyDLuffy(MonkeyDLuffy) used a dead_boar 2-6-2021, 5:48:38 PM
MonkeyDLuffy(MonkeyDLuffy) used a dead_boar 2-6-2021, 5:48:39 PM
MonkeyDLuffy(MonkeyDLuffy) used a dead_boar 2-6-2021, 5:48:39 PM
MonkeyDLuffy(MonkeyDLuffy) used a dead_boar 2-6-2021, 5:48:39 PM
MonkeyDLuffy(MonkeyDLuffy) used a dead_boar 2-6-2021, 5:48:39 PM
MonkeyDLuffy(MonkeyDLuffy) used a dead_boar 2-6-2021, 5:48:40 PM
MonkeyDLuffy(MonkeyDLuffy) used a dead_boar 2-6-2021, 5:48:40 PM
MonkeyDLuffy(MonkeyDLuffy) used a dead_boar 2-6-2021, 5:48:40 PM
MonkeyDLuffy(MonkeyDLuffy) used a dead_boar 2-6-2021, 5:48:40 PM
MonkeyDLuffy(MonkeyDLuffy) used a dead_boar 2-6-2021, 5:48:41 PM
MonkeyDLuffy(MonkeyDLuffy) used a dead_boar 2-6-2021, 5:48:41 PM
MonkeyDLuffy(MonkeyDLuffy) used a dead_boar 2-6-2021, 5:48:41 PM
MonkeyDLuffy(MonkeyDLuffy) used a dead_boar 2-6-2021, 5:48:42 PM
MonkeyDLuffy(MonkeyDLuffy) used a dead_boar 2-6-2021, 5:48:42 PM
MonkeyDLuffy(MonkeyDLuffy) used a dead_boar 2-6-2021, 5:48:43 PM
MonkeyDLuffy(MonkeyDLuffy) used a dead_boar 2-6-2021, 5:48:43 PM
MonkeyDLuffy(MonkeyDLuffy) used a dead_boar 2-6-2021, 5:48:43 PM
MonkeyDLuffy(MonkeyDLuffy) used a dead_boar 2-6-2021, 5:48:43 PM
MonkeyDLuffy(MonkeyDLuffy) used a dead_boar 2-6-2021, 5:48:43 PM
MonkeyDLuffy(MonkeyDLuffy) used a dead_boar 2-6-2021, 5:48:44 PM
MonkeyDLuffy(MonkeyDLuffy) used a dead_boar 2-6-2021, 5:48:44 PM
MonkeyDLuffy(MonkeyDLuffy) used a dead_boar 2-6-2021, 5:48:44 PM
MonkeyDLuffy(MonkeyDLuffy) used a dead_boar 2-6-2021, 5:48:44 PM
MonkeyDLuffy(MonkeyDLuffy) used a dead_boar 2-6-2021, 5:48:45 PM
MonkeyDLuffy(MonkeyDLuffy) used a dead_boar 2-6-2021, 5:48:45 PM
MonkeyDLuffy(MonkeyDLuffy) used a dead_boar 2-6-2021, 5:48:45 PM
MonkeyDLuffy(MonkeyDLuffy) used a dead_boar 2-6-2021, 5:48:46 PM
MonkeyDLuffy(MonkeyDLuffy) used a dead_boar 2-6-2021, 5:48:46 PM
MonkeyDLuffy(MonkeyDLuffy) used a dead_boar 2-6-2021, 5:48:46 PM
MonkeyDLuffy(MonkeyDLuffy) used a dead_boar 2-6-2021, 5:48:46 PM
MonkeyDLuffy(MonkeyDLuffy) used a dead_boar 2-6-2021, 5:48:47 PM
MonkeyDLuffy(MonkeyDLuffy) used a dead_boar 2-6-2021, 5:48:47 PM
MonkeyDLuffy(MonkeyDLuffy) used a dead_boar 2-6-2021, 5:48:47 PM
MonkeyDLuffy(MonkeyDLuffy) used a dead_boar 2-6-2021, 5:48:48 PM
MonkeyDLuffy(MonkeyDLuffy) used a dead_boar 2-6-2021, 5:48:48 PM
MonkeyDLuffy(MonkeyDLuffy) used a dead_boar 2-6-2021, 5:48:48 PM
MonkeyDLuffy(MonkeyDLuffy) used a dead_boar 2-6-2021, 5:48:48 PM
MonkeyDLuffy(MonkeyDLuffy) used a dead_boar 2-6-2021, 5:48:48 PM
MonkeyDLuffy(MonkeyDLuffy) used a dead_boar 2-6-2021, 5:48:49 PM
MonkeyDLuffy(MonkeyDLuffy) used a dead_boar 2-6-2021, 5:48:49 PM
MonkeyDLuffy(MonkeyDLuffy) used a dead_boar 2-6-2021, 5:48:49 PM
MonkeyDLuffy(MonkeyDLuffy) used a dead_boar 2-6-2021, 5:48:49 PM
MonkeyDLuffy(MonkeyDLuffy) used a dead_boar 2-6-2021, 5:48:50 PM
MonkeyDLuffy(MonkeyDLuffy) used a dead_boar 2-6-2021, 5:48:50 PM
MonkeyDLuffy(MonkeyDLuffy) used a dead_boar 2-6-2021, 5:48:50 PM
MonkeyDLuffy(MonkeyDLuffy) used a dead_boar 2-6-2021, 5:48:50 PM
MonkeyDLuffy(MonkeyDLuffy) used a dead_boar 2-6-2021, 5:48:51 PM
MonkeyDLuffy(MonkeyDLuffy) used a dead_boar 2-6-2021, 5:48:51 PM
MonkeyDLuffy(MonkeyDLuffy) used a dead_boar 2-6-2021, 5:48:51 PM
MonkeyDLuffy(MonkeyDLuffy) used a dead_boar 2-6-2021, 5:48:52 PM
MonkeyDLuffy(MonkeyDLuffy) used a dead_boar 2-6-2021, 5:48:52 PM
MonkeyDLuffy(MonkeyDLuffy) used a dead_boar 2-6-2021, 5:48:52 PM
MonkeyDLuffy(MonkeyDLuffy) used a dead_boar 2-6-2021, 5:48:52 PM
MonkeyDLuffy(MonkeyDLuffy) used a dead_boar 2-6-2021, 5:48:53 PM
MonkeyDLuffy(MonkeyDLuffy) used a dead_boar 2-6-2021, 5:48:53 PM
MonkeyDLuffy(MonkeyDLuffy) used a dead_boar 2-6-2021, 5:48:53 PM
MonkeyDLuffy(MonkeyDLuffy) used a dead_boar 2-6-2021, 5:48:54 PM
MonkeyDLuffy(MonkeyDLuffy) used a dead_boar 2-6-2021, 5:48:54 PM
MonkeyDLuffy(MonkeyDLuffy) used a dead_boar 2-6-2021, 5:48:55 PM
MonkeyDLuffy(MonkeyDLuffy) used a dead_boar 2-6-2021, 5:48:55 PM
MonkeyDLuffy(MonkeyDLuffy) used a dead_boar 2-6-2021, 5:48:55 PM
MonkeyDLuffy(MonkeyDLuffy) used a dead_boar 2-6-2021, 5:48:56 PM
MonkeyDLuffy(MonkeyDLuffy) used a dead_boar 2-6-2021, 5:48:56 PM
MonkeyDLuffy(MonkeyDLuffy) used a dead_boar 2-6-2021, 5:48:56 PM
MonkeyDLuffy(MonkeyDLuffy) used a dead_boar 2-6-2021, 5:48:57 PM
MonkeyDLuffy(MonkeyDLuffy) used a dead_boar 2-6-2021, 5:48:57 PM
MonkeyDLuffy(MonkeyDLuffy) used a dead_boar 2-6-2021, 5:48:57 PM
MonkeyDLuffy(MonkeyDLuffy) used a dead_boar 2-6-2021, 5:48:58 PM
MonkeyDLuffy(MonkeyDLuffy) used a dead_boar 2-6-2021, 5:48:58 PM
MonkeyDLuffy(MonkeyDLuffy) used a dead_boar 2-6-2021, 5:48:59 PM
MonkeyDLuffy(MonkeyDLuffy) used a dead_boar 2-6-2021, 5:48:59 PM
MonkeyDLuffy(MonkeyDLuffy) used a dead_boar 2-6-2021, 5:48:59 PM
MonkeyDLuffy(MonkeyDLuffy) used a dead_boar 2-6-2021, 5:48:59 PM
MonkeyDLuffy(MonkeyDLuffy) used a dead_boar 2-6-2021, 5:49:00 PM
MonkeyDLuffy(MonkeyDLuffy) used a dead_boar 2-6-2021, 5:49:00 PM
MonkeyDLuffy(MonkeyDLuffy) used a dead_boar 2-6-2021, 5:49:01 PM
MonkeyDLuffy(MonkeyDLuffy) used a dead_boar 2-6-2021, 5:49:01 PM
MonkeyDLuffy(MonkeyDLuffy) used a dead_boar 2-6-2021, 5:49:01 PM
MonkeyDLuffy(MonkeyDLuffy) used a dead_boar 2-6-2021, 5:49:01 PM
MonkeyDLuffy(MonkeyDLuffy) used a dead_boar 2-6-2021, 5:49:01 PM
MonkeyDLuffy(MonkeyDLuffy) used a dead_boar 2-6-2021, 5:49:01 PM
MonkeyDLuffy(MonkeyDLuffy) used a dead_boar 2-6-2021, 5:49:01 PM
MonkeyDLuffy(MonkeyDLuffy) used a dead_boar 2-6-2021, 5:49:02 PM
MonkeyDLuffy(MonkeyDLuffy) used a dead_boar 2-6-2021, 5:49:02 PM
MonkeyDLuffy(MonkeyDLuffy) used a dead_boar 2-6-2021, 5:49:02 PM
MonkeyDLuffy(MonkeyDLuffy) used a dead_boar 2-6-2021, 5:49:02 PM
MonkeyDLuffy(MonkeyDLuffy) used a dead_boar 2-6-2021, 5:49:02 PM
MonkeyDLuffy(MonkeyDLuffy) used a dead_boar 2-6-2021, 5:49:03 PM
MonkeyDLuffy(MonkeyDLuffy) used a dead_boar 2-6-2021, 5:49:03 PM
MonkeyDLuffy(MonkeyDLuffy) used a dead_boar 2-6-2021, 5:49:03 PM
MonkeyDLuffy(MonkeyDLuffy) used a dead_boar 2-6-2021, 5:49:03 PM
MonkeyDLuffy(MonkeyDLuffy) used a dead_boar 2-6-2021, 5:49:04 PM
MonkeyDLuffy(MonkeyDLuffy) used a dead_boar 2-6-2021, 5:49:04 PM
MonkeyDLuffy(MonkeyDLuffy) used a dead_boar 2-6-2021, 5:49:05 PM
MonkeyDLuffy(MonkeyDLuffy) used a dead_boar 2-6-2021, 5:49:05 PM
MonkeyDLuffy(MonkeyDLuffy) used a dead_boar 2-6-2021, 5:49:05 PM
MonkeyDLuffy(MonkeyDLuffy) used a dead_boar 2-6-2021, 5:49:05 PM
MonkeyDLuffy(MonkeyDLuffy) used a dead_boar 2-6-2021, 5:49:05 PM
MonkeyDLuffy(MonkeyDLuffy) used a dead_boar 2-6-2021, 5:49:05 PM
MonkeyDLuffy(MonkeyDLuffy) used a dead_boar 2-6-2021, 5:49:06 PM
MonkeyDLuffy(MonkeyDLuffy) used a dead_boar 2-6-2021, 5:49:06 PM
MonkeyDLuffy(MonkeyDLuffy) used a dead_boar 2-6-2021, 5:49:06 PM
MonkeyDLuffy(MonkeyDLuffy) used a dead_boar 2-6-2021, 5:49:06 PM
MonkeyDLuffy(MonkeyDLuffy) used a dead_boar 2-6-2021, 5:49:06 PM
MonkeyDLuffy(MonkeyDLuffy) used a dead_boar 2-6-2021, 5:49:07 PM
MonkeyDLuffy(MonkeyDLuffy) used a dead_boar 2-6-2021, 5:49:07 PM
MonkeyDLuffy(MonkeyDLuffy) used a dead_boar 2-6-2021, 5:49:07 PM
MonkeyDLuffy(MonkeyDLuffy) used a dead_boar 2-6-2021, 5:49:08 PM
MonkeyDLuffy(MonkeyDLuffy) used a dead_boar 2-6-2021, 5:49:08 PM
MonkeyDLuffy(MonkeyDLuffy) used a dead_boar 2-6-2021, 5:49:08 PM
MonkeyDLuffy(MonkeyDLuffy) used a dead_boar 2-6-2021, 5:49:09 PM
MonkeyDLuffy(MonkeyDLuffy) used a dead_boar 2-6-2021, 5:49:09 PM
MonkeyDLuffy(MonkeyDLuffy) used a dead_boar 2-6-2021, 5:49:09 PM
MonkeyDLuffy(MonkeyDLuffy) used a dead_boar 2-6-2021, 5:49:10 PM
MonkeyDLuffy(MonkeyDLuffy) used a dead_boar 2-6-2021, 5:49:10 PM
MonkeyDLuffy(MonkeyDLuffy) used a dead_boar 2-6-2021, 5:49:10 PM
MonkeyDLuffy(MonkeyDLuffy) used a dead_boar 2-6-2021, 5:49:13 PM
MonkeyDLuffy(MonkeyDLuffy) used a dead_boar 2-6-2021, 5:49:13 PM
MonkeyDLuffy(MonkeyDLuffy) used a dead_boar 2-6-2021, 5:49:13 PM
MonkeyDLuffy(MonkeyDLuffy) used a dead_boar 2-6-2021, 5:49:13 PM
MonkeyDLuffy(MonkeyDLuffy) used a dead_boar 2-6-2021, 5:49:13 PM
MonkeyDLuffy(MonkeyDLuffy) used a dead_boar 2-6-2021, 5:49:13 PM
MonkeyDLuffy(MonkeyDLuffy) used a dead_boar 2-6-2021, 5:49:13 PM
MonkeyDLuffy(MonkeyDLuffy) used a dead_boar 2-6-2021, 5:49:13 PM
MonkeyDLuffy(MonkeyDLuffy) used a dead_boar 2-6-2021, 5:49:13 PM
MonkeyDLuffy(MonkeyDLuffy) used a dead_boar 2-6-2021, 5:49:13 PM
MonkeyDLuffy(MonkeyDLuffy) used a dead_boar 2-6-2021, 5:49:13 PM
MonkeyDLuffy(MonkeyDLuffy) used a dead_boar 2-6-2021, 5:49:13 PM
MonkeyDLuffy(MonkeyDLuffy) used a dead_boar 2-6-2021, 5:49:13 PM
MonkeyDLuffy(MonkeyDLuffy) used a dead_boar 2-6-2021, 5:49:13 PM
MonkeyDLuffy(MonkeyDLuffy) used a dead_boar 2-6-2021, 5:49:13 PM
MonkeyDLuffy(MonkeyDLuffy) used a dead_boar 2-6-2021, 5:49:15 PM
MonkeyDLuffy(MonkeyDLuffy) used a dead_boar 2-6-2021, 5:49:15 PM
MonkeyDLuffy(MonkeyDLuffy) used a dead_boar 2-6-2021, 5:49:15 PM
MonkeyDLuffy(MonkeyDLuffy) used a dead_boar 2-6-2021, 5:49:16 PM
MonkeyDLuffy(MonkeyDLuffy) used a dead_boar 2-6-2021, 5:49:16 PM
MonkeyDLuffy(MonkeyDLuffy) used a dead_boar 2-6-2021, 5:49:16 PM
MonkeyDLuffy(MonkeyDLuffy) used a dead_boar 2-6-2021, 5:49:16 PM
MonkeyDLuffy(MonkeyDLuffy) used a dead_boar 2-6-2021, 5:49:17 PM
MonkeyDLuffy(MonkeyDLuffy) used a dead_boar 2-6-2021, 5:49:17 PM
MonkeyDLuffy(MonkeyDLuffy) used a dead_boar 2-6-2021, 5:49:17 PM
MonkeyDLuffy(MonkeyDLuffy) used a dead_boar 2-6-2021, 5:49:17 PM
MonkeyDLuffy(MonkeyDLuffy) used a dead_boar 2-6-2021, 5:49:18 PM
MonkeyDLuffy(MonkeyDLuffy) used a dead_boar 2-6-2021, 5:49:18 PM
MonkeyDLuffy(MonkeyDLuffy) used a dead_boar 2-6-2021, 5:49:18 PM
MonkeyDLuffy(MonkeyDLuffy) used a dead_boar 2-6-2021, 5:49:18 PM
MonkeyDLuffy(MonkeyDLuffy) used a dead_boar 2-6-2021, 5:49:18 PM
MonkeyDLuffy(MonkeyDLuffy) used a dead_boar 2-6-2021, 5:49:18 PM
MonkeyDLuffy(MonkeyDLuffy) used a dead_boar 2-6-2021, 5:49:19 PM
MonkeyDLuffy(MonkeyDLuffy) used a dead_boar 2-6-2021, 5:49:19 PM
MonkeyDLuffy(MonkeyDLuffy) used a dead_boar 2-6-2021, 5:49:19 PM
MonkeyDLuffy(MonkeyDLuffy) used a dead_boar 2-6-2021, 5:49:19 PM
MonkeyDLuffy(MonkeyDLuffy) used a dead_boar 2-6-2021, 5:49:20 PM
MonkeyDLuffy(MonkeyDLuffy) used a dead_boar 2-6-2021, 5:49:20 PM
MonkeyDLuffy(MonkeyDLuffy) used a dead_boar 2-6-2021, 5:49:20 PM
MonkeyDLuffy(MonkeyDLuffy) used a dead_boar 2-6-2021, 5:49:21 PM
MonkeyDLuffy(MonkeyDLuffy) used a dead_boar 2-6-2021, 5:49:21 PM
MonkeyDLuffy(MonkeyDLuffy) used a dead_boar 2-6-2021, 5:49:21 PM
MonkeyDLuffy(MonkeyDLuffy) used a dead_boar 2-6-2021, 5:49:21 PM
MonkeyDLuffy(MonkeyDLuffy) used a dead_boar 2-6-2021, 5:49:21 PM
MonkeyDLuffy(MonkeyDLuffy) used a dead_boar 2-6-2021, 5:49:21 PM
MonkeyDLuffy(MonkeyDLuffy) used a dead_boar 2-6-2021, 5:49:22 PM
MonkeyDLuffy(MonkeyDLuffy) used a dead_boar 2-6-2021, 5:49:22 PM
MonkeyDLuffy(MonkeyDLuffy) used a dead_boar 2-6-2021, 5:49:22 PM
MonkeyDLuffy(MonkeyDLuffy) used a dead_boar 2-6-2021, 5:49:23 PM
MonkeyDLuffy(MonkeyDLuffy) used a dead_boar 2-6-2021, 5:49:23 PM
MonkeyDLuffy(MonkeyDLuffy) used a dead_boar 2-6-2021, 5:49:23 PM
MonkeyDLuffy(MonkeyDLuffy) used a dead_boar 2-6-2021, 5:49:24 PM
MonkeyDLuffy(MonkeyDLuffy) used a dead_boar 2-6-2021, 5:49:24 PM
MonkeyDLuffy(MonkeyDLuffy) used a dead_boar 2-6-2021, 5:49:24 PM
MonkeyDLuffy(MonkeyDLuffy) used a dead_boar 2-6-2021, 5:49:24 PM
MonkeyDLuffy(MonkeyDLuffy) used a dead_boar 2-6-2021, 5:49:25 PM
MonkeyDLuffy(MonkeyDLuffy) used a dead_boar 2-6-2021, 5:49:25 PM
MonkeyDLuffy(MonkeyDLuffy) used a dead_boar 2-6-2021, 5:49:25 PM
MonkeyDLuffy(MonkeyDLuffy) used a dead_boar 2-6-2021, 5:49:26 PM
MonkeyDLuffy(MonkeyDLuffy) used a dead_boar 2-6-2021, 5:49:26 PM
MonkeyDLuffy(MonkeyDLuffy) used a dead_boar 2-6-2021, 5:49:27 PM
MonkeyDLuffy(MonkeyDLuffy) used a dead_boar 2-6-2021, 5:49:27 PM
MonkeyDLuffy(MonkeyDLuffy) used a dead_boar 2-6-2021, 5:49:27 PM
MonkeyDLuffy(MonkeyDLuffy) used a dead_boar 2-6-2021, 5:49:27 PM
MonkeyDLuffy(MonkeyDLuffy) used a dead_boar 2-6-2021, 5:49:27 PM
MonkeyDLuffy(MonkeyDLuffy) used a dead_boar 2-6-2021, 5:49:28 PM
MonkeyDLuffy(MonkeyDLuffy) used a dead_boar 2-6-2021, 5:49:28 PM
MonkeyDLuffy(MonkeyDLuffy) used a dead_boar 2-6-2021, 5:49:28 PM
MonkeyDLuffy(MonkeyDLuffy) used a dead_boar 2-6-2021, 5:49:29 PM
MonkeyDLuffy(MonkeyDLuffy) used a dead_boar 2-6-2021, 5:49:29 PM
MonkeyDLuffy(MonkeyDLuffy) used a dead_boar 2-6-2021, 5:49:29 PM
MonkeyDLuffy(MonkeyDLuffy) used a dead_boar 2-6-2021, 5:49:30 PM
MonkeyDLuffy(MonkeyDLuffy) used a dead_boar 2-6-2021, 5:49:30 PM
MonkeyDLuffy(MonkeyDLuffy) used a dead_boar 2-6-2021, 5:49:30 PM
MonkeyDLuffy(MonkeyDLuffy) used a dead_boar 2-6-2021, 5:49:30 PM
MonkeyDLuffy(MonkeyDLuffy) used a dead_boar 2-6-2021, 5:49:30 PM
MonkeyDLuffy(MonkeyDLuffy) used a dead_boar 2-6-2021, 5:49:31 PM
MonkeyDLuffy(MonkeyDLuffy) used a dead_boar 2-6-2021, 5:49:31 PM
MonkeyDLuffy(MonkeyDLuffy) used a dead_boar 2-6-2021, 5:49:31 PM
MonkeyDLuffy(MonkeyDLuffy) used a dead_boar 2-6-2021, 5:49:31 PM
MonkeyDLuffy(MonkeyDLuffy) used a dead_boar 2-6-2021, 5:49:31 PM
MonkeyDLuffy(MonkeyDLuffy) used a dead_boar 2-6-2021, 5:49:32 PM
MonkeyDLuffy(MonkeyDLuffy) used a dead_boar 2-6-2021, 5:49:32 PM
MonkeyDLuffy(MonkeyDLuffy) used a dead_boar 2-6-2021, 5:49:32 PM
MonkeyDLuffy(MonkeyDLuffy) used a dead_boar 2-6-2021, 5:49:32 PM
MonkeyDLuffy(MonkeyDLuffy) used a dead_boar 2-6-2021, 5:49:33 PM
MonkeyDLuffy(MonkeyDLuffy) used a dead_boar 2-6-2021, 5:49:33 PM
MonkeyDLuffy(MonkeyDLuffy) used a dead_boar 2-6-2021, 5:49:33 PM
MonkeyDLuffy(MonkeyDLuffy) used a dead_boar 2-6-2021, 5:49:33 PM
MonkeyDLuffy(MonkeyDLuffy) used a dead_boar 2-6-2021, 5:49:34 PM
MonkeyDLuffy(MonkeyDLuffy) used a dead_boar 2-6-2021, 5:49:34 PM
MonkeyDLuffy(MonkeyDLuffy) used a dead_boar 2-6-2021, 5:49:34 PM
MonkeyDLuffy(MonkeyDLuffy) used a dead_boar 2-6-2021, 5:49:34 PM
MonkeyDLuffy(MonkeyDLuffy) used a dead_boar 2-6-2021, 5:49:34 PM
MonkeyDLuffy(MonkeyDLuffy) used a dead_boar 2-6-2021, 5:49:34 PM
MonkeyDLuffy(MonkeyDLuffy) used a dead_boar 2-6-2021, 5:49:35 PM
MonkeyDLuffy(MonkeyDLuffy) used a dead_boar 2-6-2021, 5:49:35 PM
MonkeyDLuffy(MonkeyDLuffy) used a dead_boar 2-6-2021, 5:49:35 PM
MonkeyDLuffy(MonkeyDLuffy) used a dead_boar 2-6-2021, 5:49:35 PM
MonkeyDLuffy(MonkeyDLuffy) used a dead_boar 2-6-2021, 5:49:35 PM
MonkeyDLuffy(MonkeyDLuffy) used a dead_boar 2-6-2021, 5:49:36 PM
MonkeyDLuffy(MonkeyDLuffy) used a dead_boar 2-6-2021, 5:49:36 PM
MonkeyDLuffy(MonkeyDLuffy) used a dead_boar 2-6-2021, 5:49:36 PM
MonkeyDLuffy(MonkeyDLuffy) used a dead_boar 2-6-2021, 5:49:36 PM
MonkeyDLuffy(MonkeyDLuffy) used a dead_boar 2-6-2021, 5:49:36 PM
MonkeyDLuffy(MonkeyDLuffy) used a dead_boar 2-6-2021, 5:49:37 PM
MonkeyDLuffy(MonkeyDLuffy) used a dead_boar 2-6-2021, 5:49:37 PM
MonkeyDLuffy(MonkeyDLuffy) used a dead_boar 2-6-2021, 5:49:37 PM
MonkeyDLuffy(MonkeyDLuffy) used a dead_boar 2-6-2021, 5:49:37 PM
MonkeyDLuffy(MonkeyDLuffy) used a dead_boar 2-6-2021, 5:49:37 PM
MonkeyDLuffy(MonkeyDLuffy) used a dead_boar 2-6-2021, 5:49:38 PM
MonkeyDLuffy(MonkeyDLuffy) used a dead_boar 2-6-2021, 5:49:38 PM
MonkeyDLuffy(MonkeyDLuffy) used a dead_boar 2-6-2021, 5:49:38 PM
MonkeyDLuffy(MonkeyDLuffy) used a dead_boar 2-6-2021, 5:49:38 PM
MonkeyDLuffy(MonkeyDLuffy) used a dead_boar 2-6-2021, 5:49:38 PM
MonkeyDLuffy(MonkeyDLuffy) used a dead_boar 2-6-2021, 5:49:39 PM
MonkeyDLuffy(MonkeyDLuffy) used a dead_boar 2-6-2021, 5:49:39 PM
MonkeyDLuffy(MonkeyDLuffy) used a dead_boar 2-6-2021, 5:49:39 PM
MonkeyDLuffy(MonkeyDLuffy) used a dead_boar 2-6-2021, 5:49:39 PM
MonkeyDLuffy(MonkeyDLuffy) used a dead_boar 2-6-2021, 5:49:39 PM
MonkeyDLuffy(MonkeyDLuffy) used a dead_boar 2-6-2021, 5:49:40 PM
MonkeyDLuffy(MonkeyDLuffy) used a dead_boar 2-6-2021, 5:49:40 PM
MonkeyDLuffy(MonkeyDLuffy) used a dead_boar 2-6-2021, 5:49:40 PM
MonkeyDLuffy(MonkeyDLuffy) used a dead_boar 2-6-2021, 5:49:41 PM
MonkeyDLuffy(MonkeyDLuffy) used a goat_skin 2-6-2021, 5:49:54 PM
MonkeyDLuffy(MonkeyDLuffy) used a goat_skin 2-6-2021, 5:49:54 PM
MonkeyDLuffy(MonkeyDLuffy) used a skinned_goat 2-6-2021, 5:50:04 PM
MonkeyDLuffy(MonkeyDLuffy) used a skinned_goat 2-6-2021, 5:50:04 PM
MonkeyDLuffy(MonkeyDLuffy) used a skinned_goat 2-6-2021, 5:50:04 PM
MonkeyDLuffy(MonkeyDLuffy) used a skinned_goat 2-6-2021, 5:50:05 PM
MonkeyDLuffy(MonkeyDLuffy) used a skinned_goat 2-6-2021, 5:50:05 PM
MonkeyDLuffy(MonkeyDLuffy) used a skinned_goat 2-6-2021, 5:50:05 PM
MonkeyDLuffy(MonkeyDLuffy) used a skinned_goat 2-6-2021, 5:50:05 PM
MonkeyDLuffy(MonkeyDLuffy) used a skinned_goat 2-6-2021, 5:50:05 PM
MonkeyDLuffy(MonkeyDLuffy) used a skinned_goat 2-6-2021, 5:50:06 PM
MonkeyDLuffy(MonkeyDLuffy) used a skinned_goat 2-6-2021, 5:50:06 PM
MonkeyDLuffy(MonkeyDLuffy) used a skinned_goat 2-6-2021, 5:50:06 PM
MonkeyDLuffy(MonkeyDLuffy) used a skinned_goat 2-6-2021, 5:50:06 PM
MonkeyDLuffy(MonkeyDLuffy) used a skinned_goat 2-6-2021, 5:50:07 PM
MonkeyDLuffy(MonkeyDLuffy) used a skinned_goat 2-6-2021, 5:50:07 PM
MonkeyDLuffy(MonkeyDLuffy) used a skinned_goat 2-6-2021, 5:50:07 PM
MonkeyDLuffy(MonkeyDLuffy) used a skinned_goat 2-6-2021, 5:50:07 PM
MonkeyDLuffy(MonkeyDLuffy) used a skinned_goat 2-6-2021, 5:50:07 PM
MonkeyDLuffy(MonkeyDLuffy) used a skinned_goat 2-6-2021, 5:50:08 PM
MonkeyDLuffy(MonkeyDLuffy) used a skinned_goat 2-6-2021, 5:50:08 PM
MonkeyDLuffy(MonkeyDLuffy) used a skinned_goat 2-6-2021, 5:50:08 PM
MonkeyDLuffy(MonkeyDLuffy) used a skinned_goat 2-6-2021, 5:50:08 PM
MonkeyDLuffy(MonkeyDLuffy) used a skinned_goat 2-6-2021, 5:50:09 PM
MonkeyDLuffy(MonkeyDLuffy) used a skinned_goat 2-6-2021, 5:50:09 PM
MonkeyDLuffy(MonkeyDLuffy) used a skinned_goat 2-6-2021, 5:50:09 PM
MonkeyDLuffy(MonkeyDLuffy) used a skinned_goat 2-6-2021, 5:50:09 PM
MonkeyDLuffy(MonkeyDLuffy) used a skinned_goat 2-6-2021, 5:50:09 PM
MonkeyDLuffy(MonkeyDLuffy) used a skinned_goat 2-6-2021, 5:50:10 PM
MonkeyDLuffy(MonkeyDLuffy) used a skinned_goat 2-6-2021, 5:50:10 PM
MonkeyDLuffy(MonkeyDLuffy) used a skinned_goat 2-6-2021, 5:50:10 PM
MonkeyDLuffy(MonkeyDLuffy) used a skinned_goat 2-6-2021, 5:50:10 PM
MonkeyDLuffy(MonkeyDLuffy) used a skinned_goat 2-6-2021, 5:50:11 PM
MonkeyDLuffy(MonkeyDLuffy) used a skinned_goat 2-6-2021, 5:50:11 PM
MonkeyDLuffy(MonkeyDLuffy) used a skinned_goat 2-6-2021, 5:50:11 PM
MonkeyDLuffy(MonkeyDLuffy) used a skinned_goat 2-6-2021, 5:50:11 PM
MonkeyDLuffy(MonkeyDLuffy) used a skinned_goat 2-6-2021, 5:50:12 PM
MonkeyDLuffy(MonkeyDLuffy) used a skinned_goat 2-6-2021, 5:50:12 PM
MonkeyDLuffy(MonkeyDLuffy) used a skinned_goat 2-6-2021, 5:50:12 PM
MonkeyDLuffy(MonkeyDLuffy) used a skinned_goat 2-6-2021, 5:50:12 PM
MonkeyDLuffy(MonkeyDLuffy) used a skinned_goat 2-6-2021, 5:50:12 PM
MonkeyDLuffy(MonkeyDLuffy) used a skinned_goat 2-6-2021, 5:50:13 PM
MonkeyDLuffy(MonkeyDLuffy) used a skinned_goat 2-6-2021, 5:50:13 PM
MonkeyDLuffy(MonkeyDLuffy) used a skinned_goat 2-6-2021, 5:50:13 PM
MonkeyDLuffy(MonkeyDLuffy) used a skinned_goat 2-6-2021, 5:50:13 PM
MonkeyDLuffy(MonkeyDLuffy) used a skinned_goat 2-6-2021, 5:50:14 PM
MonkeyDLuffy(MonkeyDLuffy) used a skinned_goat 2-6-2021, 5:50:14 PM
MonkeyDLuffy(MonkeyDLuffy) used a skinned_goat 2-6-2021, 5:50:14 PM
MonkeyDLuffy(MonkeyDLuffy) used a skinned_goat 2-6-2021, 5:50:14 PM
MonkeyDLuffy(MonkeyDLuffy) used a skinned_goat 2-6-2021, 5:50:14 PM
MonkeyDLuffy(MonkeyDLuffy) used a skinned_goat 2-6-2021, 5:50:15 PM
MonkeyDLuffy(MonkeyDLuffy) used a skinned_goat 2-6-2021, 5:50:15 PM
MonkeyDLuffy(MonkeyDLuffy) used a skinned_goat 2-6-2021, 5:50:15 PM
MonkeyDLuffy(MonkeyDLuffy) used a skinned_goat 2-6-2021, 5:50:15 PM
MonkeyDLuffy(MonkeyDLuffy) used a skinned_goat 2-6-2021, 5:50:15 PM
MonkeyDLuffy(MonkeyDLuffy) used a skinned_goat 2-6-2021, 5:50:16 PM
MonkeyDLuffy(MonkeyDLuffy) used a skinned_goat 2-6-2021, 5:50:16 PM
MonkeyDLuffy(MonkeyDLuffy) used a skinned_goat 2-6-2021, 5:50:16 PM
MonkeyDLuffy(MonkeyDLuffy) used a skinned_goat 2-6-2021, 5:50:16 PM
MonkeyDLuffy(MonkeyDLuffy) used a skinned_goat 2-6-2021, 5:50:16 PM
MonkeyDLuffy(MonkeyDLuffy) used a skinned_goat 2-6-2021, 5:50:17 PM
MonkeyDLuffy(MonkeyDLuffy) used a skinned_goat 2-6-2021, 5:50:17 PM
MonkeyDLuffy(MonkeyDLuffy) used a skinned_goat 2-6-2021, 5:50:17 PM
MonkeyDLuffy(MonkeyDLuffy) used a skinned_goat 2-6-2021, 5:50:17 PM
MonkeyDLuffy(MonkeyDLuffy) used a skinned_goat 2-6-2021, 5:50:18 PM
MonkeyDLuffy(MonkeyDLuffy) used a skinned_goat 2-6-2021, 5:50:18 PM
MonkeyDLuffy(MonkeyDLuffy) used a skinned_goat 2-6-2021, 5:50:18 PM
MonkeyDLuffy(MonkeyDLuffy) used a skinned_goat 2-6-2021, 5:50:19 PM
MonkeyDLuffy(MonkeyDLuffy) used a skinned_goat 2-6-2021, 5:50:19 PM
MonkeyDLuffy(MonkeyDLuffy) used a skinned_goat 2-6-2021, 5:50:19 PM
MonkeyDLuffy(MonkeyDLuffy) used a skinned_goat 2-6-2021, 5:50:19 PM
MonkeyDLuffy(MonkeyDLuffy) used a skinned_goat 2-6-2021, 5:50:19 PM
MonkeyDLuffy(MonkeyDLuffy) used a skinned_goat 2-6-2021, 5:50:20 PM
MonkeyDLuffy(MonkeyDLuffy) used a skinned_goat 2-6-2021, 5:50:20 PM
MonkeyDLuffy(MonkeyDLuffy) used a skinned_goat 2-6-2021, 5:50:20 PM
MonkeyDLuffy(MonkeyDLuffy) used a skinned_goat 2-6-2021, 5:50:20 PM
MonkeyDLuffy(MonkeyDLuffy) used a skinned_goat 2-6-2021, 5:50:21 PM
MonkeyDLuffy(MonkeyDLuffy) used a skinned_goat 2-6-2021, 5:50:21 PM
MonkeyDLuffy(MonkeyDLuffy) used a skinned_goat 2-6-2021, 5:50:21 PM
MonkeyDLuffy(MonkeyDLuffy) used a skinned_goat 2-6-2021, 5:50:21 PM
MonkeyDLuffy(MonkeyDLuffy) used a skinned_goat 2-6-2021, 5:50:21 PM
MonkeyDLuffy(MonkeyDLuffy) used a skinned_goat 2-6-2021, 5:50:21 PM
MonkeyDLuffy(MonkeyDLuffy) used a skinned_goat 2-6-2021, 5:50:21 PM
MonkeyDLuffy(MonkeyDLuffy) used a skinned_goat 2-6-2021, 5:50:22 PM
MonkeyDLuffy(MonkeyDLuffy) used a skinned_goat 2-6-2021, 5:50:22 PM
MonkeyDLuffy(MonkeyDLuffy) used a skinned_goat 2-6-2021, 5:50:22 PM
MonkeyDLuffy(MonkeyDLuffy) used a skinned_goat 2-6-2021, 5:50:23 PM
MonkeyDLuffy(MonkeyDLuffy) used a skinned_goat 2-6-2021, 5:50:23 PM
MonkeyDLuffy(MonkeyDLuffy) used a skinned_goat 2-6-2021, 5:50:23 PM
MonkeyDLuffy(MonkeyDLuffy) used a skinned_goat 2-6-2021, 5:50:23 PM
MonkeyDLuffy(MonkeyDLuffy) used a skinned_goat 2-6-2021, 5:50:23 PM
MonkeyDLuffy(MonkeyDLuffy) used a skinned_goat 2-6-2021, 5:50:23 PM
MonkeyDLuffy(MonkeyDLuffy) used a skinned_goat 2-6-2021, 5:50:23 PM
MonkeyDLuffy(MonkeyDLuffy) used a skinned_goat 2-6-2021, 5:50:24 PM
MonkeyDLuffy(MonkeyDLuffy) used a skinned_goat 2-6-2021, 5:50:24 PM
MonkeyDLuffy(MonkeyDLuffy) used a skinned_goat 2-6-2021, 5:50:24 PM
MonkeyDLuffy(MonkeyDLuffy) used a skinned_goat 2-6-2021, 5:50:24 PM
MonkeyDLuffy(MonkeyDLuffy) used a skinned_goat 2-6-2021, 5:50:26 PM
MonkeyDLuffy(MonkeyDLuffy) used a skinned_goat 2-6-2021, 5:50:26 PM
MonkeyDLuffy(MonkeyDLuffy) used a skinned_goat 2-6-2021, 5:50:26 PM
MonkeyDLuffy(MonkeyDLuffy) used a skinned_goat 2-6-2021, 5:50:26 PM
MonkeyDLuffy(MonkeyDLuffy) used a skinned_goat 2-6-2021, 5:50:26 PM
MonkeyDLuffy(MonkeyDLuffy) used a skinned_goat 2-6-2021, 5:50:26 PM
MonkeyDLuffy(MonkeyDLuffy) used a skinned_goat 2-6-2021, 5:50:26 PM
MonkeyDLuffy(MonkeyDLuffy) used a skinned_goat 2-6-2021, 5:50:26 PM
MonkeyDLuffy(MonkeyDLuffy) used a skinned_goat 2-6-2021, 5:50:26 PM
MonkeyDLuffy(MonkeyDLuffy) used a skinned_goat 2-6-2021, 5:50:26 PM
MonkeyDLuffy(MonkeyDLuffy) used a skinned_goat 2-6-2021, 5:50:26 PM
MonkeyDLuffy(MonkeyDLuffy) used a skinned_goat 2-6-2021, 5:50:27 PM
MonkeyDLuffy(MonkeyDLuffy) used a skinned_goat 2-6-2021, 5:50:27 PM
MonkeyDLuffy(MonkeyDLuffy) used a skinned_goat 2-6-2021, 5:50:27 PM
MonkeyDLuffy(MonkeyDLuffy) used a skinned_goat 2-6-2021, 5:50:27 PM
MonkeyDLuffy(MonkeyDLuffy) used a skinned_goat 2-6-2021, 5:50:27 PM
MonkeyDLuffy(MonkeyDLuffy) used a skinned_goat 2-6-2021, 5:50:27 PM
MonkeyDLuffy(MonkeyDLuffy) used a skinned_goat 2-6-2021, 5:50:28 PM
MonkeyDLuffy(MonkeyDLuffy) used a skinned_goat 2-6-2021, 5:50:28 PM
MonkeyDLuffy(MonkeyDLuffy) used a skinned_goat 2-6-2021, 5:50:28 PM
MonkeyDLuffy(MonkeyDLuffy) used a skinned_goat 2-6-2021, 5:50:28 PM
MonkeyDLuffy(MonkeyDLuffy) used a skinned_goat 2-6-2021, 5:50:28 PM
MonkeyDLuffy(MonkeyDLuffy) used a skinned_goat 2-6-2021, 5:50:29 PM
MonkeyDLuffy(MonkeyDLuffy) used a skinned_goat 2-6-2021, 5:50:29 PM
MonkeyDLuffy(MonkeyDLuffy) used a skinned_goat 2-6-2021, 5:50:29 PM
MonkeyDLuffy(MonkeyDLuffy) used a skinned_goat 2-6-2021, 5:50:29 PM
MonkeyDLuffy(MonkeyDLuffy) used a skinned_goat 2-6-2021, 5:50:29 PM
MonkeyDLuffy(MonkeyDLuffy) used a skinned_goat 2-6-2021, 5:50:30 PM
MonkeyDLuffy(MonkeyDLuffy) used a skinned_goat 2-6-2021, 5:50:30 PM
MonkeyDLuffy(MonkeyDLuffy) used a skinned_goat 2-6-2021, 5:50:30 PM
MonkeyDLuffy(MonkeyDLuffy) used a skinned_goat 2-6-2021, 5:50:30 PM
MonkeyDLuffy(MonkeyDLuffy) used a skinned_goat 2-6-2021, 5:50:31 PM
MonkeyDLuffy(MonkeyDLuffy) used a skinned_goat 2-6-2021, 5:50:31 PM
MonkeyDLuffy(MonkeyDLuffy) used a skinned_goat 2-6-2021, 5:50:31 PM
MonkeyDLuffy(MonkeyDLuffy) used a skinned_goat 2-6-2021, 5:50:32 PM
MonkeyDLuffy(MonkeyDLuffy) used a skinned_goat 2-6-2021, 5:50:32 PM
MonkeyDLuffy(MonkeyDLuffy) used a skinned_goat 2-6-2021, 5:50:32 PM
MonkeyDLuffy(MonkeyDLuffy) used a skinned_goat 2-6-2021, 5:50:32 PM
MonkeyDLuffy(MonkeyDLuffy) used a skinned_goat 2-6-2021, 5:50:32 PM
MonkeyDLuffy(MonkeyDLuffy) used a skinned_goat 2-6-2021, 5:50:32 PM
MonkeyDLuffy(MonkeyDLuffy) used a skinned_goat 2-6-2021, 5:50:32 PM
MonkeyDLuffy(MonkeyDLuffy) used a skinned_goat 2-6-2021, 5:50:32 PM
MonkeyDLuffy(MonkeyDLuffy) used a skinned_goat 2-6-2021, 5:50:32 PM
MonkeyDLuffy(MonkeyDLuffy) used a skinned_goat 2-6-2021, 5:50:33 PM
MonkeyDLuffy(MonkeyDLuffy) used a skinned_goat 2-6-2021, 5:50:33 PM
MonkeyDLuffy(MonkeyDLuffy) used a skinned_goat 2-6-2021, 5:50:33 PM
MonkeyDLuffy(MonkeyDLuffy) used a skinned_goat 2-6-2021, 5:50:33 PM
MonkeyDLuffy(MonkeyDLuffy) used a skinned_goat 2-6-2021, 5:50:33 PM
MonkeyDLuffy(MonkeyDLuffy) used a skinned_goat 2-6-2021, 5:50:34 PM
MonkeyDLuffy(MonkeyDLuffy) used a skinned_goat 2-6-2021, 5:50:34 PM
MonkeyDLuffy(MonkeyDLuffy) used a skinned_goat 2-6-2021, 5:50:34 PM
MonkeyDLuffy(MonkeyDLuffy) used a skinned_goat 2-6-2021, 5:50:34 PM
MonkeyDLuffy(MonkeyDLuffy) used a skinned_goat 2-6-2021, 5:50:35 PM
MonkeyDLuffy(MonkeyDLuffy) used a skinned_goat 2-6-2021, 5:50:35 PM
MonkeyDLuffy(MonkeyDLuffy) used a skinned_goat 2-6-2021, 5:50:35 PM
MonkeyDLuffy(MonkeyDLuffy) used a skinned_goat 2-6-2021, 5:50:35 PM
MonkeyDLuffy(MonkeyDLuffy) used a skinned_goat 2-6-2021, 5:50:35 PM
MonkeyDLuffy(MonkeyDLuffy) used a skinned_goat 2-6-2021, 5:50:35 PM
MonkeyDLuffy(MonkeyDLuffy) used a skinned_goat 2-6-2021, 5:50:36 PM
MonkeyDLuffy(MonkeyDLuffy) used a skinned_goat 2-6-2021, 5:50:36 PM
MonkeyDLuffy(MonkeyDLuffy) used a skinned_goat 2-6-2021, 5:50:36 PM
MonkeyDLuffy(MonkeyDLuffy) used a skinned_goat 2-6-2021, 5:50:36 PM
MonkeyDLuffy(MonkeyDLuffy) used a skinned_goat 2-6-2021, 5:50:36 PM
MonkeyDLuffy(MonkeyDLuffy) used a skinned_goat 2-6-2021, 5:50:36 PM
MonkeyDLuffy(MonkeyDLuffy) used a skinned_goat 2-6-2021, 5:50:37 PM
MonkeyDLuffy(MonkeyDLuffy) used a skinned_goat 2-6-2021, 5:50:37 PM
MonkeyDLuffy(MonkeyDLuffy) used a skinned_goat 2-6-2021, 5:50:37 PM
MonkeyDLuffy(MonkeyDLuffy) used a skinned_goat 2-6-2021, 5:50:37 PM
MonkeyDLuffy(MonkeyDLuffy) used a skinned_goat 2-6-2021, 5:50:37 PM
MonkeyDLuffy(MonkeyDLuffy) used a skinned_goat 2-6-2021, 5:50:37 PM
MonkeyDLuffy(MonkeyDLuffy) used a skinned_goat 2-6-2021, 5:50:38 PM
MonkeyDLuffy(MonkeyDLuffy) used a skinned_goat 2-6-2021, 5:50:38 PM
MonkeyDLuffy(MonkeyDLuffy) used a skinned_goat 2-6-2021, 5:50:38 PM
MonkeyDLuffy(MonkeyDLuffy) used a skinned_goat 2-6-2021, 5:50:38 PM
MonkeyDLuffy(MonkeyDLuffy) used a skinned_goat 2-6-2021, 5:50:39 PM
MonkeyDLuffy(MonkeyDLuffy) used a skinned_goat 2-6-2021, 5:50:39 PM
MonkeyDLuffy(MonkeyDLuffy) used a skinned_goat 2-6-2021, 5:50:39 PM
MonkeyDLuffy(MonkeyDLuffy) used a skinned_goat 2-6-2021, 5:50:39 PM
MonkeyDLuffy(MonkeyDLuffy) used a skinned_goat 2-6-2021, 5:50:39 PM
MonkeyDLuffy(MonkeyDLuffy) used a skinned_goat 2-6-2021, 5:50:39 PM
MonkeyDLuffy(MonkeyDLuffy) used a skinned_goat 2-6-2021, 5:50:39 PM
MonkeyDLuffy(MonkeyDLuffy) used a skinned_goat 2-6-2021, 5:50:39 PM
MonkeyDLuffy(MonkeyDLuffy) used a skinned_goat 2-6-2021, 5:50:40 PM
MonkeyDLuffy(MonkeyDLuffy) used a skinned_goat 2-6-2021, 5:50:40 PM
MonkeyDLuffy(MonkeyDLuffy) used a skinned_goat 2-6-2021, 5:50:40 PM
MonkeyDLuffy(MonkeyDLuffy) used a skinned_goat 2-6-2021, 5:50:40 PM
MonkeyDLuffy(MonkeyDLuffy) used a skinned_goat 2-6-2021, 5:50:40 PM
MonkeyDLuffy(MonkeyDLuffy) used a skinned_goat 2-6-2021, 5:50:40 PM
MonkeyDLuffy(MonkeyDLuffy) used a skinned_goat 2-6-2021, 5:50:41 PM
MonkeyDLuffy(MonkeyDLuffy) used a skinned_goat 2-6-2021, 5:50:41 PM
MonkeyDLuffy(MonkeyDLuffy) used a skinned_goat 2-6-2021, 5:50:41 PM
MonkeyDLuffy(MonkeyDLuffy) used a skinned_goat 2-6-2021, 5:50:41 PM
MonkeyDLuffy(MonkeyDLuffy) used a skinned_goat 2-6-2021, 5:50:41 PM
MonkeyDLuffy(MonkeyDLuffy) used a skinned_goat 2-6-2021, 5:50:41 PM
MonkeyDLuffy(MonkeyDLuffy) used a skinned_goat 2-6-2021, 5:50:42 PM
MonkeyDLuffy(MonkeyDLuffy) used a skinned_goat 2-6-2021, 5:50:42 PM
MonkeyDLuffy(MonkeyDLuffy) used a skinned_goat 2-6-2021, 5:50:42 PM
MonkeyDLuffy(MonkeyDLuffy) used a skinned_goat 2-6-2021, 5:50:42 PM
MonkeyDLuffy(MonkeyDLuffy) used a skinned_goat 2-6-2021, 5:50:43 PM
MonkeyDLuffy(MonkeyDLuffy) used a skinned_goat 2-6-2021, 5:50:43 PM
MonkeyDLuffy(MonkeyDLuffy) used a skinned_goat 2-6-2021, 5:50:43 PM
MonkeyDLuffy(MonkeyDLuffy) used a skinned_goat 2-6-2021, 5:50:43 PM
MonkeyDLuffy(MonkeyDLuffy) used a skinned_goat 2-6-2021, 5:50:44 PM
MonkeyDLuffy(MonkeyDLuffy) used a skinned_goat 2-6-2021, 5:50:44 PM
MonkeyDLuffy(MonkeyDLuffy) used a skinned_goat 2-6-2021, 5:50:44 PM
MonkeyDLuffy(MonkeyDLuffy) used a skinned_goat 2-6-2021, 5:50:44 PM
MonkeyDLuffy(MonkeyDLuffy) used a skinned_goat 2-6-2021, 5:50:44 PM
MonkeyDLuffy(MonkeyDLuffy) used a skinned_goat 2-6-2021, 5:50:44 PM
MonkeyDLuffy(MonkeyDLuffy) used a skinned_goat 2-6-2021, 5:50:44 PM
MonkeyDLuffy(MonkeyDLuffy) used a skinned_goat 2-6-2021, 5:50:44 PM
MonkeyDLuffy(MonkeyDLuffy) used a skinned_goat 2-6-2021, 5:50:46 PM
MonkeyDLuffy(MonkeyDLuffy) used a skinned_goat 2-6-2021, 5:50:46 PM
MonkeyDLuffy(MonkeyDLuffy) used a skinned_goat 2-6-2021, 5:50:46 PM
MonkeyDLuffy(MonkeyDLuffy) used a skinned_goat 2-6-2021, 5:50:46 PM
MonkeyDLuffy(MonkeyDLuffy) used a skinned_goat 2-6-2021, 5:50:46 PM
MonkeyDLuffy(MonkeyDLuffy) used a skinned_goat 2-6-2021, 5:50:46 PM
MonkeyDLuffy(MonkeyDLuffy) used a skinned_goat 2-6-2021, 5:50:47 PM
MonkeyDLuffy(MonkeyDLuffy) used a skinned_goat 2-6-2021, 5:50:47 PM
MonkeyDLuffy(MonkeyDLuffy) used a skinned_goat 2-6-2021, 5:50:47 PM
MonkeyDLuffy(MonkeyDLuffy) used a skinned_goat 2-6-2021, 5:50:47 PM
MonkeyDLuffy(MonkeyDLuffy) used a skinned_goat 2-6-2021, 5:50:47 PM
MonkeyDLuffy(MonkeyDLuffy) used a skinned_goat 2-6-2021, 5:50:47 PM
MonkeyDLuffy(MonkeyDLuffy) used a skinned_goat 2-6-2021, 5:50:47 PM
MonkeyDLuffy(MonkeyDLuffy) used a skinned_goat 2-6-2021, 5:50:47 PM
MonkeyDLuffy(MonkeyDLuffy) used a skinned_goat 2-6-2021, 5:50:47 PM
MonkeyDLuffy(MonkeyDLuffy) used a skinned_goat 2-6-2021, 5:50:47 PM
MonkeyDLuffy(MonkeyDLuffy) used a skinned_goat 2-6-2021, 5:50:48 PM
MonkeyDLuffy(MonkeyDLuffy) used a skinned_goat 2-6-2021, 5:50:48 PM
MonkeyDLuffy(MonkeyDLuffy) used a skinned_goat 2-6-2021, 5:50:48 PM
MonkeyDLuffy(MonkeyDLuffy) used a skinned_goat 2-6-2021, 5:50:48 PM
MonkeyDLuffy(MonkeyDLuffy) used a skinned_goat 2-6-2021, 5:50:48 PM
MonkeyDLuffy(MonkeyDLuffy) used a skinned_goat 2-6-2021, 5:50:48 PM
MonkeyDLuffy(MonkeyDLuffy) used a skinned_goat 2-6-2021, 5:50:49 PM
MonkeyDLuffy(MonkeyDLuffy) used a skinned_goat 2-6-2021, 5:50:49 PM
MonkeyDLuffy(MonkeyDLuffy) used a skinned_goat 2-6-2021, 5:50:49 PM
MonkeyDLuffy(MonkeyDLuffy) used a skinned_goat 2-6-2021, 5:50:49 PM
MonkeyDLuffy(MonkeyDLuffy) used a skinned_goat 2-6-2021, 5:50:49 PM
MonkeyDLuffy(MonkeyDLuffy) used a skinned_goat 2-6-2021, 5:50:49 PM
MonkeyDLuffy(MonkeyDLuffy) used a skinned_goat 2-6-2021, 5:50:50 PM
MonkeyDLuffy(MonkeyDLuffy) used a skinned_goat 2-6-2021, 5:50:50 PM
MonkeyDLuffy(MonkeyDLuffy) used a skinned_goat 2-6-2021, 5:50:50 PM
MonkeyDLuffy(MonkeyDLuffy) used a skinned_goat 2-6-2021, 5:50:50 PM
MonkeyDLuffy(MonkeyDLuffy) used a skinned_goat 2-6-2021, 5:50:50 PM
MonkeyDLuffy(MonkeyDLuffy) used a skinned_goat 2-6-2021, 5:50:50 PM
MonkeyDLuffy(MonkeyDLuffy) used a skinned_goat 2-6-2021, 5:50:51 PM
MonkeyDLuffy(MonkeyDLuffy) used a skinned_goat 2-6-2021, 5:50:51 PM
MonkeyDLuffy(MonkeyDLuffy) used a skinned_goat 2-6-2021, 5:50:51 PM
MonkeyDLuffy(MonkeyDLuffy) used a skinned_goat 2-6-2021, 5:50:51 PM
MonkeyDLuffy(MonkeyDLuffy) used a skinned_goat 2-6-2021, 5:50:52 PM
MonkeyDLuffy(MonkeyDLuffy) used a skinned_goat 2-6-2021, 5:50:52 PM
MonkeyDLuffy(MonkeyDLuffy) used a skinned_goat 2-6-2021, 5:50:52 PM
MonkeyDLuffy(MonkeyDLuffy) used a skinned_goat 2-6-2021, 5:50:52 PM
MonkeyDLuffy(MonkeyDLuffy) used a skinned_goat 2-6-2021, 5:50:52 PM
MonkeyDLuffy(MonkeyDLuffy) used a skinned_goat 2-6-2021, 5:50:52 PM
MonkeyDLuffy(MonkeyDLuffy) used a skinned_goat 2-6-2021, 5:50:53 PM
MonkeyDLuffy(MonkeyDLuffy) used a skinned_goat 2-6-2021, 5:50:53 PM
MonkeyDLuffy(MonkeyDLuffy) used a skinned_goat 2-6-2021, 5:50:53 PM
MonkeyDLuffy(MonkeyDLuffy) used a skinned_goat 2-6-2021, 5:50:53 PM
MonkeyDLuffy(MonkeyDLuffy) used a skinned_goat 2-6-2021, 5:50:54 PM
MonkeyDLuffy(MonkeyDLuffy) used a skinned_goat 2-6-2021, 5:50:54 PM
MonkeyDLuffy(MonkeyDLuffy) used a skinned_goat 2-6-2021, 5:50:54 PM
MonkeyDLuffy(MonkeyDLuffy) used a skinned_wolf 2-6-2021, 5:51:07 PM
MonkeyDLuffy(MonkeyDLuffy) used a skinned_wolf 2-6-2021, 5:51:07 PM
MonkeyDLuffy(MonkeyDLuffy) used a skinned_wolf 2-6-2021, 5:51:07 PM
MonkeyDLuffy(MonkeyDLuffy) used a skinned_wolf 2-6-2021, 5:51:07 PM
MonkeyDLuffy(MonkeyDLuffy) used a skinned_wolf 2-6-2021, 5:51:07 PM
MonkeyDLuffy(MonkeyDLuffy) used a skinned_wolf 2-6-2021, 5:51:07 PM
MonkeyDLuffy(MonkeyDLuffy) used a skinned_wolf 2-6-2021, 5:51:08 PM
MonkeyDLuffy(MonkeyDLuffy) used a skinned_wolf 2-6-2021, 5:51:08 PM
MonkeyDLuffy(MonkeyDLuffy) used a skinned_wolf 2-6-2021, 5:51:08 PM
MonkeyDLuffy(MonkeyDLuffy) used a skinned_wolf 2-6-2021, 5:51:08 PM
MonkeyDLuffy(MonkeyDLuffy) used a skinned_wolf 2-6-2021, 5:51:08 PM
MonkeyDLuffy(MonkeyDLuffy) used a skinned_wolf 2-6-2021, 5:51:08 PM
MonkeyDLuffy(MonkeyDLuffy) used a skinned_wolf 2-6-2021, 5:51:09 PM
MonkeyDLuffy(MonkeyDLuffy) used a skinned_wolf 2-6-2021, 5:51:09 PM
MonkeyDLuffy(MonkeyDLuffy) used a skinned_wolf 2-6-2021, 5:51:09 PM
MonkeyDLuffy(MonkeyDLuffy) used a skinned_wolf 2-6-2021, 5:51:09 PM
MonkeyDLuffy(MonkeyDLuffy) used a skinned_wolf 2-6-2021, 5:51:09 PM
MonkeyDLuffy(MonkeyDLuffy) used a skinned_wolf 2-6-2021, 5:51:10 PM
MonkeyDLuffy(MonkeyDLuffy) used a skinned_wolf 2-6-2021, 5:51:10 PM
MonkeyDLuffy(MonkeyDLuffy) used a skinned_wolf 2-6-2021, 5:51:10 PM
MonkeyDLuffy(MonkeyDLuffy) used a skinned_wolf 2-6-2021, 5:51:10 PM
MonkeyDLuffy(MonkeyDLuffy) used a skinned_wolf 2-6-2021, 5:51:10 PM
MonkeyDLuffy(MonkeyDLuffy) used a skinned_wolf 2-6-2021, 5:51:11 PM
MonkeyDLuffy(MonkeyDLuffy) used a skinned_wolf 2-6-2021, 5:51:11 PM
MonkeyDLuffy(MonkeyDLuffy) used a skinned_wolf 2-6-2021, 5:51:11 PM
MonkeyDLuffy(MonkeyDLuffy) used a skinned_wolf 2-6-2021, 5:51:11 PM
MonkeyDLuffy(MonkeyDLuffy) used a skinned_wolf 2-6-2021, 5:51:12 PM
MonkeyDLuffy(MonkeyDLuffy) used a skinned_wolf 2-6-2021, 5:51:12 PM
MonkeyDLuffy(MonkeyDLuffy) used a skinned_wolf 2-6-2021, 5:51:12 PM
MonkeyDLuffy(MonkeyDLuffy) used a skinned_wolf 2-6-2021, 5:51:12 PM
MonkeyDLuffy(MonkeyDLuffy) used a skinned_wolf 2-6-2021, 5:51:12 PM
MonkeyDLuffy(MonkeyDLuffy) used a skinned_wolf 2-6-2021, 5:51:13 PM
MonkeyDLuffy(MonkeyDLuffy) used a skinned_wolf 2-6-2021, 5:51:13 PM
MonkeyDLuffy(MonkeyDLuffy) used a skinned_wolf 2-6-2021, 5:51:13 PM
MonkeyDLuffy(MonkeyDLuffy) used a skinned_wolf 2-6-2021, 5:51:13 PM
MonkeyDLuffy(MonkeyDLuffy) used a skinned_wolf 2-6-2021, 5:51:14 PM
MonkeyDLuffy(MonkeyDLuffy) used a skinned_wolf 2-6-2021, 5:51:14 PM
MonkeyDLuffy(MonkeyDLuffy) used a skinned_wolf 2-6-2021, 5:51:14 PM
MonkeyDLuffy(MonkeyDLuffy) used a skinned_wolf 2-6-2021, 5:51:14 PM
MonkeyDLuffy(MonkeyDLuffy) used a skinned_wolf 2-6-2021, 5:51:14 PM
MonkeyDLuffy(MonkeyDLuffy) used a skinned_wolf 2-6-2021, 5:51:15 PM
MonkeyDLuffy(MonkeyDLuffy) used a skinned_wolf 2-6-2021, 5:51:15 PM
MonkeyDLuffy(MonkeyDLuffy) used a skinned_wolf 2-6-2021, 5:51:15 PM
MonkeyDLuffy(MonkeyDLuffy) used a skinned_wolf 2-6-2021, 5:51:16 PM
MonkeyDLuffy(MonkeyDLuffy) used a skinned_wolf 2-6-2021, 5:51:16 PM
MonkeyDLuffy(MonkeyDLuffy) used a skinned_wolf 2-6-2021, 5:51:16 PM
MonkeyDLuffy(MonkeyDLuffy) used a skinned_wolf 2-6-2021, 5:51:16 PM
MonkeyDLuffy(MonkeyDLuffy) used a skinned_wolf 2-6-2021, 5:51:16 PM
MonkeyDLuffy(MonkeyDLuffy) used a skinned_wolf 2-6-2021, 5:51:16 PM
MonkeyDLuffy(MonkeyDLuffy) used a skinned_wolf 2-6-2021, 5:51:16 PM
MonkeyDLuffy(MonkeyDLuffy) used a skinned_wolf 2-6-2021, 5:51:17 PM
MonkeyDLuffy(MonkeyDLuffy) used a skinned_wolf 2-6-2021, 5:51:17 PM
MonkeyDLuffy(MonkeyDLuffy) used a skinned_wolf 2-6-2021, 5:51:17 PM
MonkeyDLuffy(MonkeyDLuffy) used a skinned_wolf 2-6-2021, 5:51:17 PM
MonkeyDLuffy(MonkeyDLuffy) used a skinned_wolf 2-6-2021, 5:51:18 PM
MonkeyDLuffy(MonkeyDLuffy) used a skinned_wolf 2-6-2021, 5:51:18 PM
MonkeyDLuffy(MonkeyDLuffy) used a skinned_wolf 2-6-2021, 5:51:18 PM
MonkeyDLuffy(MonkeyDLuffy) used a skinned_wolf 2-6-2021, 5:51:18 PM
MonkeyDLuffy(MonkeyDLuffy) used a skinned_wolf 2-6-2021, 5:51:18 PM
MonkeyDLuffy(MonkeyDLuffy) used a skinned_wolf 2-6-2021, 5:51:19 PM
MonkeyDLuffy(MonkeyDLuffy) used a skinned_wolf 2-6-2021, 5:51:19 PM
MonkeyDLuffy(MonkeyDLuffy) used a skinned_wolf 2-6-2021, 5:51:19 PM
MonkeyDLuffy(MonkeyDLuffy) used a skinned_wolf 2-6-2021, 5:51:19 PM
MonkeyDLuffy(MonkeyDLuffy) used a skinned_wolf 2-6-2021, 5:51:20 PM
MonkeyDLuffy(MonkeyDLuffy) used a skinned_wolf 2-6-2021, 5:51:20 PM
MonkeyDLuffy(MonkeyDLuffy) used a skinned_wolf 2-6-2021, 5:51:20 PM
MonkeyDLuffy(MonkeyDLuffy) used a skinned_wolf 2-6-2021, 5:51:20 PM
MonkeyDLuffy(MonkeyDLuffy) used a skinned_wolf 2-6-2021, 5:51:21 PM
MonkeyDLuffy(MonkeyDLuffy) used a skinned_wolf 2-6-2021, 5:51:21 PM
MonkeyDLuffy(MonkeyDLuffy) used a skinned_wolf 2-6-2021, 5:51:21 PM
MonkeyDLuffy(MonkeyDLuffy) used a skinned_wolf 2-6-2021, 5:51:21 PM
MonkeyDLuffy(MonkeyDLuffy) used a skinned_wolf 2-6-2021, 5:51:22 PM
MonkeyDLuffy(MonkeyDLuffy) used a skinned_wolf 2-6-2021, 5:51:22 PM
MonkeyDLuffy(MonkeyDLuffy) used a skinned_wolf 2-6-2021, 5:51:22 PM
MonkeyDLuffy(MonkeyDLuffy) used a skinned_wolf 2-6-2021, 5:51:22 PM
MonkeyDLuffy(MonkeyDLuffy) used a skinned_wolf 2-6-2021, 5:51:23 PM
MonkeyDLuffy(MonkeyDLuffy) used a skinned_wolf 2-6-2021, 5:51:23 PM
MonkeyDLuffy(MonkeyDLuffy) used a skinned_wolf 2-6-2021, 5:51:23 PM
MonkeyDLuffy(MonkeyDLuffy) used a skinned_wolf 2-6-2021, 5:51:23 PM
MonkeyDLuffy(MonkeyDLuffy) used a skinned_wolf 2-6-2021, 5:51:23 PM
MonkeyDLuffy(MonkeyDLuffy) used a skinned_wolf 2-6-2021, 5:51:23 PM
MonkeyDLuffy(MonkeyDLuffy) used a skinned_wolf 2-6-2021, 5:51:24 PM
MonkeyDLuffy(MonkeyDLuffy) used a skinned_wolf 2-6-2021, 5:51:24 PM
MonkeyDLuffy(MonkeyDLuffy) used a skinned_wolf 2-6-2021, 5:51:24 PM
MonkeyDLuffy(MonkeyDLuffy) used a skinned_wolf 2-6-2021, 5:51:25 PM
MonkeyDLuffy(MonkeyDLuffy) used a skinned_wolf 2-6-2021, 5:51:25 PM
MonkeyDLuffy(MonkeyDLuffy) used a skinned_wolf 2-6-2021, 5:51:25 PM
MonkeyDLuffy(MonkeyDLuffy) used a skinned_wolf 2-6-2021, 5:51:25 PM
MonkeyDLuffy(MonkeyDLuffy) used a skinned_wolf 2-6-2021, 5:51:25 PM
MonkeyDLuffy(MonkeyDLuffy) used a skinned_wolf 2-6-2021, 5:51:26 PM
MonkeyDLuffy(MonkeyDLuffy) used a skinned_wolf 2-6-2021, 5:51:26 PM
MonkeyDLuffy(MonkeyDLuffy) used a skinned_wolf 2-6-2021, 5:51:26 PM
MonkeyDLuffy(MonkeyDLuffy) used a skinned_wolf 2-6-2021, 5:51:26 PM
MonkeyDLuffy(MonkeyDLuffy) used a skinned_wolf 2-6-2021, 5:51:26 PM
MonkeyDLuffy(MonkeyDLuffy) used a skinned_wolf 2-6-2021, 5:51:27 PM
MonkeyDLuffy(MonkeyDLuffy) used a skinned_wolf 2-6-2021, 5:51:27 PM
MonkeyDLuffy(MonkeyDLuffy) used a skinned_wolf 2-6-2021, 5:51:27 PM
MonkeyDLuffy(MonkeyDLuffy) used a skinned_wolf 2-6-2021, 5:51:28 PM
MonkeyDLuffy(MonkeyDLuffy) used a skinned_wolf 2-6-2021, 5:51:28 PM
MonkeyDLuffy(MonkeyDLuffy) used a skinned_wolf 2-6-2021, 5:51:28 PM
MonkeyDLuffy(MonkeyDLuffy) used a skinned_wolf 2-6-2021, 5:51:28 PM
MonkeyDLuffy(MonkeyDLuffy) used a skinned_wolf 2-6-2021, 5:51:28 PM
MonkeyDLuffy(MonkeyDLuffy) used a skinned_wolf 2-6-2021, 5:51:29 PM
MonkeyDLuffy(MonkeyDLuffy) used a skinned_wolf 2-6-2021, 5:51:29 PM
MonkeyDLuffy(MonkeyDLuffy) used a skinned_wolf 2-6-2021, 5:51:29 PM
MonkeyDLuffy(MonkeyDLuffy) used a skinned_wolf 2-6-2021, 5:51:29 PM
MonkeyDLuffy(MonkeyDLuffy) used a skinned_wolf 2-6-2021, 5:51:31 PM
MonkeyDLuffy(MonkeyDLuffy) used a skinned_wolf 2-6-2021, 5:51:31 PM
MonkeyDLuffy(MonkeyDLuffy) used a skinned_wolf 2-6-2021, 5:51:31 PM
MonkeyDLuffy(MonkeyDLuffy) used a skinned_wolf 2-6-2021, 5:51:31 PM
MonkeyDLuffy(MonkeyDLuffy) used a skinned_wolf 2-6-2021, 5:51:31 PM
MonkeyDLuffy(MonkeyDLuffy) used a skinned_wolf 2-6-2021, 5:51:31 PM
MonkeyDLuffy(MonkeyDLuffy) used a skinned_wolf 2-6-2021, 5:51:31 PM
MonkeyDLuffy(MonkeyDLuffy) used a skinned_wolf 2-6-2021, 5:51:31 PM
MonkeyDLuffy(MonkeyDLuffy) used a skinned_wolf 2-6-2021, 5:51:31 PM
MonkeyDLuffy(MonkeyDLuffy) used a skinned_wolf 2-6-2021, 5:51:32 PM
MonkeyDLuffy(MonkeyDLuffy) used a skinned_wolf 2-6-2021, 5:51:32 PM
MonkeyDLuffy(MonkeyDLuffy) used a skinned_wolf 2-6-2021, 5:51:32 PM
MonkeyDLuffy(MonkeyDLuffy) used a skinned_wolf 2-6-2021, 5:51:32 PM
MonkeyDLuffy(MonkeyDLuffy) used a skinned_wolf 2-6-2021, 5:51:33 PM
MonkeyDLuffy(MonkeyDLuffy) used a skinned_wolf 2-6-2021, 5:51:33 PM
MonkeyDLuffy(MonkeyDLuffy) used a skinned_wolf 2-6-2021, 5:51:33 PM
MonkeyDLuffy(MonkeyDLuffy) used a skinned_wolf 2-6-2021, 5:51:33 PM
MonkeyDLuffy(MonkeyDLuffy) used a skinned_wolf 2-6-2021, 5:51:33 PM
MonkeyDLuffy(MonkeyDLuffy) used a skinned_wolf 2-6-2021, 5:51:34 PM
MonkeyDLuffy(MonkeyDLuffy) used a skinned_wolf 2-6-2021, 5:51:34 PM
MonkeyDLuffy(MonkeyDLuffy) used a skinned_wolf 2-6-2021, 5:51:34 PM
MonkeyDLuffy(MonkeyDLuffy) used a skinned_wolf 2-6-2021, 5:51:34 PM
MonkeyDLuffy(MonkeyDLuffy) used a skinned_wolf 2-6-2021, 5:51:34 PM
MonkeyDLuffy(MonkeyDLuffy) used a skinned_wolf 2-6-2021, 5:51:35 PM
MonkeyDLuffy(MonkeyDLuffy) used a skinned_wolf 2-6-2021, 5:51:35 PM
MonkeyDLuffy(MonkeyDLuffy) used a skinned_wolf 2-6-2021, 5:51:35 PM
MonkeyDLuffy(MonkeyDLuffy) used a skinned_wolf 2-6-2021, 5:51:35 PM
MonkeyDLuffy(MonkeyDLuffy) used a skinned_wolf 2-6-2021, 5:51:36 PM
MonkeyDLuffy(MonkeyDLuffy) used a skinned_wolf 2-6-2021, 5:51:36 PM
MonkeyDLuffy(MonkeyDLuffy) used a skinned_wolf 2-6-2021, 5:51:36 PM
MonkeyDLuffy(MonkeyDLuffy) used a skinned_wolf 2-6-2021, 5:51:36 PM
MonkeyDLuffy(MonkeyDLuffy) used a skinned_wolf 2-6-2021, 5:51:37 PM
MonkeyDLuffy(MonkeyDLuffy) used a skinned_wolf 2-6-2021, 5:51:37 PM
MonkeyDLuffy(MonkeyDLuffy) used a skinned_wolf 2-6-2021, 5:51:37 PM
MonkeyDLuffy(MonkeyDLuffy) used a skinned_wolf 2-6-2021, 5:51:37 PM
MonkeyDLuffy(MonkeyDLuffy) used a skinned_wolf 2-6-2021, 5:51:37 PM
MonkeyDLuffy(MonkeyDLuffy) used a skinned_wolf 2-6-2021, 5:51:38 PM
MonkeyDLuffy(MonkeyDLuffy) used a skinned_wolf 2-6-2021, 5:51:38 PM
MonkeyDLuffy(MonkeyDLuffy) used a skinned_wolf 2-6-2021, 5:51:38 PM
MonkeyDLuffy(MonkeyDLuffy) used a skinned_wolf 2-6-2021, 5:51:39 PM
MonkeyDLuffy(MonkeyDLuffy) used a skinned_wolf 2-6-2021, 5:51:39 PM
MonkeyDLuffy(MonkeyDLuffy) used a skinned_wolf 2-6-2021, 5:51:39 PM
MonkeyDLuffy(MonkeyDLuffy) used a skinned_wolf 2-6-2021, 5:51:39 PM
MonkeyDLuffy(MonkeyDLuffy) used a skinned_wolf 2-6-2021, 5:51:40 PM
MonkeyDLuffy(MonkeyDLuffy) used a skinned_wolf 2-6-2021, 5:51:40 PM
MonkeyDLuffy(MonkeyDLuffy) used a skinned_wolf 2-6-2021, 5:51:40 PM
MonkeyDLuffy(MonkeyDLuffy) used a skinned_wolf 2-6-2021, 5:51:40 PM
MonkeyDLuffy(MonkeyDLuffy) used a skinned_wolf 2-6-2021, 5:51:40 PM
MonkeyDLuffy(MonkeyDLuffy) used a skinned_wolf 2-6-2021, 5:51:41 PM
MonkeyDLuffy(MonkeyDLuffy) used a skinned_wolf 2-6-2021, 5:51:41 PM
MonkeyDLuffy(MonkeyDLuffy) used a skinned_wolf 2-6-2021, 5:51:41 PM
MonkeyDLuffy(MonkeyDLuffy) used a skinned_wolf 2-6-2021, 5:51:41 PM
MonkeyDLuffy(MonkeyDLuffy) used a skinned_wolf 2-6-2021, 5:51:41 PM
MonkeyDLuffy(MonkeyDLuffy) used a skinned_wolf 2-6-2021, 5:51:42 PM
MonkeyDLuffy(MonkeyDLuffy) used a skinned_wolf 2-6-2021, 5:51:42 PM
MonkeyDLuffy(MonkeyDLuffy) used a skinned_wolf 2-6-2021, 5:51:43 PM
MonkeyDLuffy(MonkeyDLuffy) used a skinned_wolf 2-6-2021, 5:51:43 PM
MonkeyDLuffy(MonkeyDLuffy) used a skinned_wolf 2-6-2021, 5:51:43 PM
MonkeyDLuffy(MonkeyDLuffy) used a skinned_wolf 2-6-2021, 5:51:43 PM
MonkeyDLuffy(MonkeyDLuffy) used a skinned_wolf 2-6-2021, 5:51:43 PM
MonkeyDLuffy(MonkeyDLuffy) used a skinned_wolf 2-6-2021, 5:51:44 PM
MonkeyDLuffy(MonkeyDLuffy) used a skinned_wolf 2-6-2021, 5:51:44 PM
MonkeyDLuffy(MonkeyDLuffy) used a skinned_wolf 2-6-2021, 5:51:44 PM
MonkeyDLuffy(MonkeyDLuffy) used a skinned_wolf 2-6-2021, 5:51:44 PM
MonkeyDLuffy(MonkeyDLuffy) used a skinned_wolf 2-6-2021, 5:51:44 PM
MonkeyDLuffy(MonkeyDLuffy) used a skinned_wolf 2-6-2021, 5:51:44 PM
MonkeyDLuffy(MonkeyDLuffy) used a skinned_wolf 2-6-2021, 5:51:45 PM
MonkeyDLuffy(MonkeyDLuffy) used a skinned_wolf 2-6-2021, 5:51:45 PM
MonkeyDLuffy(MonkeyDLuffy) used a skinned_wolf 2-6-2021, 5:51:45 PM
MonkeyDLuffy(MonkeyDLuffy) used a skinned_wolf 2-6-2021, 5:51:45 PM
MonkeyDLuffy(MonkeyDLuffy) used a skinned_wolf 2-6-2021, 5:51:45 PM
MonkeyDLuffy(MonkeyDLuffy) used a skinned_wolf 2-6-2021, 5:51:46 PM
MonkeyDLuffy(MonkeyDLuffy) used a skinned_wolf 2-6-2021, 5:51:46 PM
MonkeyDLuffy(MonkeyDLuffy) used a skinned_wolf 2-6-2021, 5:51:46 PM
MonkeyDLuffy(MonkeyDLuffy) used a skinned_wolf 2-6-2021, 5:51:46 PM
MonkeyDLuffy(MonkeyDLuffy) used a skinned_wolf 2-6-2021, 5:51:47 PM
MonkeyDLuffy(MonkeyDLuffy) used a skinned_wolf 2-6-2021, 5:51:47 PM
MonkeyDLuffy(MonkeyDLuffy) used a skinned_wolf 2-6-2021, 5:51:47 PM
MonkeyDLuffy(MonkeyDLuffy) used a skinned_wolf 2-6-2021, 5:51:47 PM
MonkeyDLuffy(MonkeyDLuffy) used a skinned_wolf 2-6-2021, 5:51:47 PM
MonkeyDLuffy(MonkeyDLuffy) used a skinned_wolf 2-6-2021, 5:51:48 PM
MonkeyDLuffy(MonkeyDLuffy) used a skinned_wolf 2-6-2021, 5:51:48 PM
MonkeyDLuffy(MonkeyDLuffy) used a skinned_wolf 2-6-2021, 5:51:48 PM
MonkeyDLuffy(MonkeyDLuffy) used a skinned_wolf 2-6-2021, 5:51:48 PM
MonkeyDLuffy(MonkeyDLuffy) used a skinned_wolf 2-6-2021, 5:51:48 PM
MonkeyDLuffy(MonkeyDLuffy) used a skinned_wolf 2-6-2021, 5:51:49 PM
MonkeyDLuffy(MonkeyDLuffy) used a skinned_wolf 2-6-2021, 5:51:49 PM
MonkeyDLuffy(MonkeyDLuffy) used a skinned_wolf 2-6-2021, 5:51:49 PM
MonkeyDLuffy(MonkeyDLuffy) used a skinned_wolf 2-6-2021, 5:51:50 PM
MonkeyDLuffy(MonkeyDLuffy) used a skinned_wolf 2-6-2021, 5:51:50 PM
MonkeyDLuffy(MonkeyDLuffy) used a skinned_wolf 2-6-2021, 5:51:50 PM
MonkeyDLuffy(MonkeyDLuffy) used a skinned_wolf 2-6-2021, 5:51:50 PM
MonkeyDLuffy(MonkeyDLuffy) used a skinned_wolf 2-6-2021, 5:51:50 PM
MonkeyDLuffy(MonkeyDLuffy) used a skinned_wolf 2-6-2021, 5:51:50 PM
MonkeyDLuffy(MonkeyDLuffy) used a skinned_wolf 2-6-2021, 5:51:51 PM
MonkeyDLuffy(MonkeyDLuffy) used a skinned_wolf 2-6-2021, 5:51:51 PM
MonkeyDLuffy(MonkeyDLuffy) used a skinned_wolf 2-6-2021, 5:51:51 PM
MonkeyDLuffy(MonkeyDLuffy) used a skinned_wolf 2-6-2021, 5:51:51 PM
MonkeyDLuffy(MonkeyDLuffy) used a skinned_wolf 2-6-2021, 5:51:51 PM
MonkeyDLuffy(MonkeyDLuffy) used a skinned_wolf 2-6-2021, 5:51:52 PM
MonkeyDLuffy(MonkeyDLuffy) used a skinned_wolf 2-6-2021, 5:51:52 PM
MonkeyDLuffy(MonkeyDLuffy) used a skinned_wolf 2-6-2021, 5:51:52 PM
MonkeyDLuffy(MonkeyDLuffy) used a skinned_wolf 2-6-2021, 5:51:52 PM
MonkeyDLuffy(MonkeyDLuffy) used a skinned_wolf 2-6-2021, 5:51:53 PM
MonkeyDLuffy(MonkeyDLuffy) used a skinned_wolf 2-6-2021, 5:51:53 PM
MonkeyDLuffy(MonkeyDLuffy) used a skinned_wolf 2-6-2021, 5:51:53 PM
MonkeyDLuffy(MonkeyDLuffy) used a skinned_wolf 2-6-2021, 5:51:53 PM
MonkeyDLuffy(MonkeyDLuffy) used a skinned_wolf 2-6-2021, 5:51:53 PM
MonkeyDLuffy(MonkeyDLuffy) used a skinned_wolf 2-6-2021, 5:51:54 PM
MonkeyDLuffy(MonkeyDLuffy) used a skinned_wolf 2-6-2021, 5:51:54 PM
MonkeyDLuffy(MonkeyDLuffy) used a skinned_wolf 2-6-2021, 5:51:54 PM
MonkeyDLuffy(MonkeyDLuffy) used a skinned_wolf 2-6-2021, 5:51:54 PM
MonkeyDLuffy(MonkeyDLuffy) used a skinned_wolf 2-6-2021, 5:51:55 PM
MonkeyDLuffy(MonkeyDLuffy) used a skinned_wolf 2-6-2021, 5:51:55 PM
MonkeyDLuffy(MonkeyDLuffy) used a skinned_wolf 2-6-2021, 5:51:55 PM
MonkeyDLuffy(MonkeyDLuffy) used a skinned_wolf 2-6-2021, 5:51:55 PM
MonkeyDLuffy(MonkeyDLuffy) used a skinned_wolf 2-6-2021, 5:51:55 PM
MonkeyDLuffy(MonkeyDLuffy) used a skinned_wolf 2-6-2021, 5:51:56 PM
MonkeyDLuffy(MonkeyDLuffy) used a skinned_wolf 2-6-2021, 5:51:56 PM
MonkeyDLuffy(MonkeyDLuffy) used a skinned_wolf 2-6-2021, 5:51:56 PM
MonkeyDLuffy(MonkeyDLuffy) used a skinned_wolf 2-6-2021, 5:51:56 PM
MonkeyDLuffy(MonkeyDLuffy) used a skinned_wolf 2-6-2021, 5:51:56 PM
MonkeyDLuffy(MonkeyDLuffy) used a skinned_wolf 2-6-2021, 5:51:57 PM
MonkeyDLuffy(MonkeyDLuffy) used a skinned_wolf 2-6-2021, 5:51:58 PM
MonkeyDLuffy(MonkeyDLuffy) used a skinned_wolf 2-6-2021, 5:51:58 PM
MonkeyDLuffy(MonkeyDLuffy) used a skinned_wolf 2-6-2021, 5:51:58 PM
MonkeyDLuffy(MonkeyDLuffy) used a skinned_wolf 2-6-2021, 5:51:58 PM
MonkeyDLuffy(MonkeyDLuffy) used a skinned_wolf 2-6-2021, 5:51:58 PM
MonkeyDLuffy(MonkeyDLuffy) used a skinned_wolf 2-6-2021, 5:52:00 PM
MonkeyDLuffy(MonkeyDLuffy) used a skinned_wolf 2-6-2021, 5:52:00 PM
MonkeyDLuffy(MonkeyDLuffy) used a skinned_wolf 2-6-2021, 5:52:00 PM
MonkeyDLuffy(MonkeyDLuffy) used a skinned_wolf 2-6-2021, 5:52:00 PM
MonkeyDLuffy(MonkeyDLuffy) used a skinned_wolf 2-6-2021, 5:52:00 PM
MonkeyDLuffy(MonkeyDLuffy) used a skinned_wolf 2-6-2021, 5:52:00 PM
MonkeyDLuffy(MonkeyDLuffy) used a skinned_wolf 2-6-2021, 5:52:00 PM
MonkeyDLuffy(MonkeyDLuffy) used a skinned_wolf 2-6-2021, 5:52:00 PM
MonkeyDLuffy(MonkeyDLuffy) used a skinned_wolf 2-6-2021, 5:52:00 PM
MonkeyDLuffy(MonkeyDLuffy) used a skinned_wolf 2-6-2021, 5:52:00 PM
MonkeyDLuffy(MonkeyDLuffy) used a skinned_wolf 2-6-2021, 5:52:00 PM
MonkeyDLuffy(MonkeyDLuffy) used a skinned_wolf 2-6-2021, 5:52:01 PM
MonkeyDLuffy(MonkeyDLuffy) used a skinned_wolf 2-6-2021, 5:52:01 PM
MonkeyDLuffy(MonkeyDLuffy) used a skinned_wolf 2-6-2021, 5:52:01 PM
MonkeyDLuffy(MonkeyDLuffy) used a skinned_wolf 2-6-2021, 5:52:01 PM
MonkeyDLuffy(MonkeyDLuffy) used a skinned_wolf 2-6-2021, 5:52:02 PM
MonkeyDLuffy(MonkeyDLuffy) used a skinned_wolf 2-6-2021, 5:52:02 PM
MonkeyDLuffy(MonkeyDLuffy) used a skinned_wolf 2-6-2021, 5:52:02 PM
MonkeyDLuffy(MonkeyDLuffy) used a skinned_wolf 2-6-2021, 5:52:02 PM
MonkeyDLuffy(MonkeyDLuffy) used a skinned_wolf 2-6-2021, 5:52:03 PM
MonkeyDLuffy(MonkeyDLuffy) used a skinned_wolf 2-6-2021, 5:52:03 PM
MonkeyDLuffy(MonkeyDLuffy) used a skinned_wolf 2-6-2021, 5:52:03 PM
MonkeyDLuffy(MonkeyDLuffy) used a skinned_wolf 2-6-2021, 5:52:45 PM
MonkeyDLuffy(MonkeyDLuffy) used a skinned_wolf 2-6-2021, 5:52:45 PM
MonkeyDLuffy(MonkeyDLuffy) used a skinned_wolf 2-6-2021, 5:52:45 PM
MonkeyDLuffy(MonkeyDLuffy) used a skinned_wolf 2-6-2021, 5:52:45 PM
MonkeyDLuffy(MonkeyDLuffy) used a skinned_wolf 2-6-2021, 5:52:46 PM
MonkeyDLuffy(MonkeyDLuffy) used a skinned_wolf 2-6-2021, 5:52:46 PM
MonkeyDLuffy(MonkeyDLuffy) used a skinned_wolf 2-6-2021, 5:52:46 PM
MonkeyDLuffy(MonkeyDLuffy) used a skinned_wolf 2-6-2021, 5:52:46 PM
MonkeyDLuffy(MonkeyDLuffy) used a skinned_wolf 2-6-2021, 5:52:46 PM
MonkeyDLuffy(MonkeyDLuffy) used a skinned_wolf 2-6-2021, 5:52:47 PM
MonkeyDLuffy(MonkeyDLuffy) used a skinned_wolf 2-6-2021, 5:52:47 PM
MonkeyDLuffy(MonkeyDLuffy) used a skinned_wolf 2-6-2021, 5:52:47 PM
MonkeyDLuffy(MonkeyDLuffy) used a skinned_wolf 2-6-2021, 5:52:48 PM
MonkeyDLuffy(MonkeyDLuffy) used a skinned_wolf 2-6-2021, 5:52:48 PM
MonkeyDLuffy(MonkeyDLuffy) used a skinned_wolf 2-6-2021, 5:52:48 PM
MonkeyDLuffy(MonkeyDLuffy) used a skinned_wolf 2-6-2021, 5:52:48 PM
MonkeyDLuffy(MonkeyDLuffy) used a skinned_wolf 2-6-2021, 5:52:48 PM
MonkeyDLuffy(MonkeyDLuffy) used a skinned_wolf 2-6-2021, 5:52:48 PM
MonkeyDLuffy(MonkeyDLuffy) used a skinned_wolf 2-6-2021, 5:52:49 PM
MonkeyDLuffy(MonkeyDLuffy) used a skinned_wolf 2-6-2021, 5:52:49 PM
MonkeyDLuffy(MonkeyDLuffy) used a skinned_wolf 2-6-2021, 5:52:49 PM
MonkeyDLuffy(MonkeyDLuffy) used a skinned_wolf 2-6-2021, 5:52:49 PM
MonkeyDLuffy(MonkeyDLuffy) used a skinned_wolf 2-6-2021, 5:52:49 PM
MonkeyDLuffy(MonkeyDLuffy) used a skinned_wolf 2-6-2021, 5:52:50 PM
MonkeyDLuffy(MonkeyDLuffy) used a skinned_wolf 2-6-2021, 5:52:50 PM
MonkeyDLuffy(MonkeyDLuffy) used a skinned_wolf 2-6-2021, 5:52:50 PM
MonkeyDLuffy(MonkeyDLuffy) used a skinned_wolf 2-6-2021, 5:52:50 PM
MonkeyDLuffy(MonkeyDLuffy) used a skinned_wolf 2-6-2021, 5:52:51 PM
MonkeyDLuffy(MonkeyDLuffy) used a skinned_wolf 2-6-2021, 5:52:51 PM
MonkeyDLuffy(MonkeyDLuffy) used a skinned_wolf 2-6-2021, 5:52:51 PM
MonkeyDLuffy(MonkeyDLuffy) used a skinned_wolf 2-6-2021, 5:52:51 PM
MonkeyDLuffy(MonkeyDLuffy) used a skinned_wolf 2-6-2021, 5:52:51 PM
MonkeyDLuffy(MonkeyDLuffy) used a skinned_boar 2-6-2021, 5:53:07 PM
MonkeyDLuffy(MonkeyDLuffy) used a skinned_boar 2-6-2021, 5:53:07 PM
MonkeyDLuffy(MonkeyDLuffy) used a skinned_boar 2-6-2021, 5:53:07 PM
MonkeyDLuffy(MonkeyDLuffy) used a skinned_boar 2-6-2021, 5:53:07 PM
MonkeyDLuffy(MonkeyDLuffy) used a skinned_boar 2-6-2021, 5:53:08 PM
MonkeyDLuffy(MonkeyDLuffy) used a skinned_boar 2-6-2021, 5:53:08 PM
MonkeyDLuffy(MonkeyDLuffy) used a skinned_boar 2-6-2021, 5:53:08 PM
MonkeyDLuffy(MonkeyDLuffy) used a skinned_boar 2-6-2021, 5:53:08 PM
MonkeyDLuffy(MonkeyDLuffy) used a skinned_boar 2-6-2021, 5:53:08 PM
MonkeyDLuffy(MonkeyDLuffy) used a skinned_boar 2-6-2021, 5:53:12 PM
MonkeyDLuffy(MonkeyDLuffy) used a skinned_boar 2-6-2021, 5:53:12 PM
MonkeyDLuffy(MonkeyDLuffy) used a skinned_boar 2-6-2021, 5:53:12 PM
MonkeyDLuffy(MonkeyDLuffy) used a skinned_boar 2-6-2021, 5:53:12 PM
MonkeyDLuffy(MonkeyDLuffy) used a skinned_boar 2-6-2021, 5:53:12 PM
MonkeyDLuffy(MonkeyDLuffy) used a skinned_boar 2-6-2021, 5:53:12 PM
MonkeyDLuffy(MonkeyDLuffy) used a skinned_boar 2-6-2021, 5:53:12 PM
MonkeyDLuffy(MonkeyDLuffy) used a skinned_boar 2-6-2021, 5:53:12 PM
MonkeyDLuffy(MonkeyDLuffy) used a skinned_boar 2-6-2021, 5:53:12 PM
MonkeyDLuffy(MonkeyDLuffy) used a skinned_boar 2-6-2021, 5:53:12 PM
MonkeyDLuffy(MonkeyDLuffy) used a skinned_boar 2-6-2021, 5:53:12 PM
MonkeyDLuffy(MonkeyDLuffy) used a skinned_boar 2-6-2021, 5:53:12 PM
MonkeyDLuffy(MonkeyDLuffy) used a skinned_boar 2-6-2021, 5:53:12 PM
MonkeyDLuffy(MonkeyDLuffy) used a skinned_boar 2-6-2021, 5:53:12 PM
MonkeyDLuffy(MonkeyDLuffy) used a skinned_boar 2-6-2021, 5:53:12 PM
MonkeyDLuffy(MonkeyDLuffy) used a skinned_boar 2-6-2021, 5:53:12 PM
MonkeyDLuffy(MonkeyDLuffy) used a skinned_boar 2-6-2021, 5:53:12 PM
MonkeyDLuffy(MonkeyDLuffy) used a skinned_boar 2-6-2021, 5:53:12 PM
MonkeyDLuffy(MonkeyDLuffy) used a skinned_boar 2-6-2021, 5:53:13 PM
MonkeyDLuffy(MonkeyDLuffy) used a skinned_boar 2-6-2021, 5:53:13 PM
MonkeyDLuffy(MonkeyDLuffy) used a skinned_boar 2-6-2021, 5:53:13 PM
MonkeyDLuffy(MonkeyDLuffy) used a skinned_boar 2-6-2021, 5:53:13 PM
MonkeyDLuffy(MonkeyDLuffy) used a skinned_boar 2-6-2021, 5:53:13 PM
MonkeyDLuffy(MonkeyDLuffy) used a skinned_boar 2-6-2021, 5:53:14 PM
MonkeyDLuffy(MonkeyDLuffy) used a skinned_boar 2-6-2021, 5:53:14 PM
MonkeyDLuffy(MonkeyDLuffy) used a skinned_boar 2-6-2021, 5:53:14 PM
MonkeyDLuffy(MonkeyDLuffy) used a skinned_boar 2-6-2021, 5:53:14 PM
MonkeyDLuffy(MonkeyDLuffy) used a skinned_boar 2-6-2021, 5:53:14 PM
MonkeyDLuffy(MonkeyDLuffy) used a skinned_boar 2-6-2021, 5:53:15 PM
MonkeyDLuffy(MonkeyDLuffy) used a skinned_boar 2-6-2021, 5:53:15 PM
MonkeyDLuffy(MonkeyDLuffy) used a skinned_boar 2-6-2021, 5:53:15 PM
MonkeyDLuffy(MonkeyDLuffy) used a skinned_boar 2-6-2021, 5:53:16 PM
MonkeyDLuffy(MonkeyDLuffy) used a skinned_boar 2-6-2021, 5:53:19 PM
MonkeyDLuffy(MonkeyDLuffy) used a skinned_boar 2-6-2021, 5:53:19 PM
MonkeyDLuffy(MonkeyDLuffy) used a skinned_boar 2-6-2021, 5:53:19 PM
MonkeyDLuffy(MonkeyDLuffy) used a skinned_boar 2-6-2021, 5:53:20 PM
MonkeyDLuffy(MonkeyDLuffy) used a skinned_boar 2-6-2021, 5:53:20 PM
MonkeyDLuffy(MonkeyDLuffy) used a skinned_boar 2-6-2021, 5:53:21 PM
MonkeyDLuffy(MonkeyDLuffy) used a skinned_boar 2-6-2021, 5:53:21 PM
MonkeyDLuffy(MonkeyDLuffy) used a skinned_boar 2-6-2021, 5:53:21 PM
MonkeyDLuffy(MonkeyDLuffy) used a skinned_boar 2-6-2021, 5:53:22 PM
MonkeyDLuffy(MonkeyDLuffy) used a skinned_boar 2-6-2021, 5:53:22 PM
MonkeyDLuffy(MonkeyDLuffy) used a skinned_boar 2-6-2021, 5:53:22 PM
MonkeyDLuffy(MonkeyDLuffy) used a skinned_boar 2-6-2021, 5:53:22 PM
MonkeyDLuffy(MonkeyDLuffy) used a skinned_boar 2-6-2021, 5:53:22 PM
MonkeyDLuffy(MonkeyDLuffy) used a skinned_boar 2-6-2021, 5:53:22 PM
MonkeyDLuffy(MonkeyDLuffy) used a skinned_boar 2-6-2021, 5:53:22 PM
MonkeyDLuffy(MonkeyDLuffy) used a skinned_boar 2-6-2021, 5:53:22 PM
MonkeyDLuffy(MonkeyDLuffy) used a skinned_boar 2-6-2021, 5:53:23 PM
MonkeyDLuffy(MonkeyDLuffy) used a skinned_boar 2-6-2021, 5:53:23 PM
MonkeyDLuffy(MonkeyDLuffy) used a skinned_boar 2-6-2021, 5:53:23 PM
MonkeyDLuffy(MonkeyDLuffy) used a skinned_boar 2-6-2021, 5:53:23 PM
MonkeyDLuffy(MonkeyDLuffy) used a skinned_boar 2-6-2021, 5:53:23 PM
MonkeyDLuffy(MonkeyDLuffy) used a skinned_boar 2-6-2021, 5:53:24 PM
MonkeyDLuffy(MonkeyDLuffy) used a skinned_boar 2-6-2021, 5:53:24 PM
MonkeyDLuffy(MonkeyDLuffy) used a skinned_boar 2-6-2021, 5:53:24 PM
MonkeyDLuffy(MonkeyDLuffy) used a skinned_boar 2-6-2021, 5:53:24 PM
MonkeyDLuffy(MonkeyDLuffy) used a skinned_boar 2-6-2021, 5:53:24 PM
MonkeyDLuffy(MonkeyDLuffy) used a skinned_boar 2-6-2021, 5:53:24 PM
MonkeyDLuffy(MonkeyDLuffy) used a skinned_boar 2-6-2021, 5:53:25 PM
MonkeyDLuffy(MonkeyDLuffy) used a skinned_boar 2-6-2021, 5:53:25 PM
MonkeyDLuffy(MonkeyDLuffy) used a skinned_boar 2-6-2021, 5:53:25 PM
MonkeyDLuffy(MonkeyDLuffy) used a skinned_boar 2-6-2021, 5:53:25 PM
MonkeyDLuffy(MonkeyDLuffy) used a skinned_boar 2-6-2021, 5:53:25 PM
MonkeyDLuffy(MonkeyDLuffy) used a skinned_boar 2-6-2021, 5:53:25 PM
MonkeyDLuffy(MonkeyDLuffy) used a skinned_boar 2-6-2021, 5:53:26 PM
MonkeyDLuffy(MonkeyDLuffy) used a skinned_boar 2-6-2021, 5:53:26 PM
MonkeyDLuffy(MonkeyDLuffy) used a skinned_boar 2-6-2021, 5:53:26 PM
MonkeyDLuffy(MonkeyDLuffy) used a skinned_boar 2-6-2021, 5:53:26 PM
MonkeyDLuffy(MonkeyDLuffy) used a skinned_boar 2-6-2021, 5:53:26 PM
MonkeyDLuffy(MonkeyDLuffy) used a skinned_boar 2-6-2021, 5:53:27 PM
MonkeyDLuffy(MonkeyDLuffy) used a skinned_boar 2-6-2021, 5:53:27 PM
MonkeyDLuffy(MonkeyDLuffy) used a skinned_boar 2-6-2021, 5:53:27 PM
MonkeyDLuffy(MonkeyDLuffy) used a skinned_boar 2-6-2021, 5:53:27 PM
MonkeyDLuffy(MonkeyDLuffy) used a skinned_boar 2-6-2021, 5:53:27 PM
MonkeyDLuffy(MonkeyDLuffy) used a skinned_boar 2-6-2021, 5:53:27 PM
MonkeyDLuffy(MonkeyDLuffy) used a skinned_boar 2-6-2021, 5:53:28 PM
MonkeyDLuffy(MonkeyDLuffy) used a skinned_boar 2-6-2021, 5:53:28 PM
MonkeyDLuffy(MonkeyDLuffy) used a skinned_boar 2-6-2021, 5:53:28 PM
MonkeyDLuffy(MonkeyDLuffy) used a skinned_boar 2-6-2021, 5:53:28 PM
MonkeyDLuffy(MonkeyDLuffy) used a skinned_boar 2-6-2021, 5:53:28 PM
MonkeyDLuffy(MonkeyDLuffy) used a skinned_boar 2-6-2021, 5:53:29 PM
MonkeyDLuffy(MonkeyDLuffy) used a skinned_boar 2-6-2021, 5:53:29 PM
MonkeyDLuffy(MonkeyDLuffy) used a skinned_boar 2-6-2021, 5:53:29 PM
MonkeyDLuffy(MonkeyDLuffy) used a skinned_boar 2-6-2021, 5:53:29 PM
MonkeyDLuffy(MonkeyDLuffy) used a skinned_boar 2-6-2021, 5:53:29 PM
MonkeyDLuffy(MonkeyDLuffy) used a skinned_boar 2-6-2021, 5:53:29 PM
MonkeyDLuffy(MonkeyDLuffy) used a skinned_boar 2-6-2021, 5:53:30 PM
MonkeyDLuffy(MonkeyDLuffy) used a skinned_boar 2-6-2021, 5:53:30 PM
MonkeyDLuffy(MonkeyDLuffy) used a skinned_boar 2-6-2021, 5:53:30 PM
MonkeyDLuffy(MonkeyDLuffy) used a skinned_boar 2-6-2021, 5:53:30 PM
MonkeyDLuffy(MonkeyDLuffy) used a skinned_boar 2-6-2021, 5:53:30 PM
MonkeyDLuffy(MonkeyDLuffy) used a skinned_boar 2-6-2021, 5:53:30 PM
MonkeyDLuffy(MonkeyDLuffy) used a skinned_boar 2-6-2021, 5:53:31 PM
MonkeyDLuffy(MonkeyDLuffy) used a skinned_boar 2-6-2021, 5:53:31 PM
MonkeyDLuffy(MonkeyDLuffy) used a skinned_boar 2-6-2021, 5:53:31 PM
MonkeyDLuffy(MonkeyDLuffy) used a skinned_boar 2-6-2021, 5:53:31 PM
MonkeyDLuffy(MonkeyDLuffy) used a skinned_boar 2-6-2021, 5:53:31 PM
MonkeyDLuffy(MonkeyDLuffy) used a skinned_boar 2-6-2021, 5:53:32 PM
MonkeyDLuffy(MonkeyDLuffy) used a skinned_boar 2-6-2021, 5:53:32 PM
MonkeyDLuffy(MonkeyDLuffy) used a skinned_boar 2-6-2021, 5:53:32 PM
MonkeyDLuffy(MonkeyDLuffy) used a skinned_boar 2-6-2021, 5:53:32 PM
MonkeyDLuffy(MonkeyDLuffy) used a skinned_boar 2-6-2021, 5:53:32 PM
MonkeyDLuffy(MonkeyDLuffy) used a skinned_boar 2-6-2021, 5:53:32 PM
MonkeyDLuffy(MonkeyDLuffy) used a skinned_boar 2-6-2021, 5:53:33 PM
MonkeyDLuffy(MonkeyDLuffy) used a skinned_boar 2-6-2021, 5:53:33 PM
MonkeyDLuffy(MonkeyDLuffy) used a skinned_boar 2-6-2021, 5:53:33 PM
MonkeyDLuffy(MonkeyDLuffy) used a skinned_boar 2-6-2021, 5:53:33 PM
MonkeyDLuffy(MonkeyDLuffy) used a skinned_boar 2-6-2021, 5:53:34 PM
MonkeyDLuffy(MonkeyDLuffy) used a skinned_boar 2-6-2021, 5:53:34 PM
MonkeyDLuffy(MonkeyDLuffy) used a skinned_boar 2-6-2021, 5:53:34 PM
MonkeyDLuffy(MonkeyDLuffy) used a skinned_boar 2-6-2021, 5:53:34 PM
MonkeyDLuffy(MonkeyDLuffy) used a skinned_boar 2-6-2021, 5:53:34 PM
MonkeyDLuffy(MonkeyDLuffy) used a skinned_boar 2-6-2021, 5:53:34 PM
MonkeyDLuffy(MonkeyDLuffy) used a skinned_boar 2-6-2021, 5:53:35 PM
MonkeyDLuffy(MonkeyDLuffy) used a skinned_boar 2-6-2021, 5:53:35 PM
MonkeyDLuffy(MonkeyDLuffy) used a skinned_boar 2-6-2021, 5:53:36 PM
MonkeyDLuffy(MonkeyDLuffy) used a skinned_boar 2-6-2021, 5:53:36 PM
MonkeyDLuffy(MonkeyDLuffy) used a skinned_boar 2-6-2021, 5:53:36 PM
MonkeyDLuffy(MonkeyDLuffy) used a skinned_boar 2-6-2021, 5:53:36 PM
MonkeyDLuffy(MonkeyDLuffy) used a skinned_boar 2-6-2021, 5:53:36 PM
MonkeyDLuffy(MonkeyDLuffy) used a skinned_boar 2-6-2021, 5:53:36 PM
MonkeyDLuffy(MonkeyDLuffy) used a skinned_boar 2-6-2021, 5:53:36 PM
MonkeyDLuffy(MonkeyDLuffy) used a skinned_boar 2-6-2021, 5:53:36 PM
MonkeyDLuffy(MonkeyDLuffy) used a skinned_boar 2-6-2021, 5:53:36 PM
MonkeyDLuffy(MonkeyDLuffy) used a skinned_boar 2-6-2021, 5:53:37 PM
MonkeyDLuffy(MonkeyDLuffy) used a skinned_boar 2-6-2021, 5:53:37 PM
MonkeyDLuffy(MonkeyDLuffy) used a skinned_boar 2-6-2021, 5:53:37 PM
MonkeyDLuffy(MonkeyDLuffy) used a skinned_boar 2-6-2021, 5:53:37 PM
MonkeyDLuffy(MonkeyDLuffy) used a skinned_boar 2-6-2021, 5:53:37 PM
MonkeyDLuffy(MonkeyDLuffy) used a skinned_boar 2-6-2021, 5:53:38 PM
MonkeyDLuffy(MonkeyDLuffy) used a skinned_boar 2-6-2021, 5:53:38 PM
MonkeyDLuffy(MonkeyDLuffy) used a skinned_boar 2-6-2021, 5:53:38 PM
MonkeyDLuffy(MonkeyDLuffy) used a skinned_boar 2-6-2021, 5:53:38 PM
MonkeyDLuffy(MonkeyDLuffy) used a skinned_boar 2-6-2021, 5:53:38 PM
MonkeyDLuffy(MonkeyDLuffy) used a skinned_boar 2-6-2021, 5:53:38 PM
MonkeyDLuffy(MonkeyDLuffy) used a skinned_boar 2-6-2021, 5:53:39 PM
MonkeyDLuffy(MonkeyDLuffy) used a skinned_boar 2-6-2021, 5:53:39 PM
MonkeyDLuffy(MonkeyDLuffy) used a skinned_boar 2-6-2021, 5:53:39 PM
MonkeyDLuffy(MonkeyDLuffy) used a skinned_boar 2-6-2021, 5:53:39 PM
MonkeyDLuffy(MonkeyDLuffy) used a skinned_boar 2-6-2021, 5:53:39 PM
MonkeyDLuffy(MonkeyDLuffy) used a skinned_boar 2-6-2021, 5:53:39 PM
MonkeyDLuffy(MonkeyDLuffy) used a skinned_boar 2-6-2021, 5:53:40 PM
MonkeyDLuffy(MonkeyDLuffy) used a skinned_boar 2-6-2021, 5:53:40 PM
MonkeyDLuffy(MonkeyDLuffy) used a skinned_boar 2-6-2021, 5:53:40 PM
MonkeyDLuffy(MonkeyDLuffy) used a skinned_boar 2-6-2021, 5:53:40 PM
MonkeyDLuffy(MonkeyDLuffy) used a skinned_boar 2-6-2021, 5:53:40 PM
MonkeyDLuffy(MonkeyDLuffy) used a skinned_boar 2-6-2021, 5:53:41 PM
MonkeyDLuffy(MonkeyDLuffy) used a skinned_boar 2-6-2021, 5:53:41 PM
MonkeyDLuffy(MonkeyDLuffy) used a skinned_boar 2-6-2021, 5:53:41 PM
MonkeyDLuffy(MonkeyDLuffy) used a skinned_boar 2-6-2021, 5:53:41 PM
MonkeyDLuffy(MonkeyDLuffy) used a skinned_boar 2-6-2021, 5:53:41 PM
MonkeyDLuffy(MonkeyDLuffy) used a skinned_boar 2-6-2021, 5:53:41 PM
MonkeyDLuffy(MonkeyDLuffy) used a skinned_boar 2-6-2021, 5:53:42 PM
MonkeyDLuffy(MonkeyDLuffy) used a skinned_boar 2-6-2021, 5:53:42 PM
MonkeyDLuffy(MonkeyDLuffy) used a skinned_boar 2-6-2021, 5:53:42 PM
MonkeyDLuffy(MonkeyDLuffy) used a skinned_boar 2-6-2021, 5:53:42 PM
MonkeyDLuffy(MonkeyDLuffy) used a skinned_boar 2-6-2021, 5:53:42 PM
MonkeyDLuffy(MonkeyDLuffy) used a skinned_boar 2-6-2021, 5:53:43 PM
MonkeyDLuffy(MonkeyDLuffy) used a skinned_boar 2-6-2021, 5:53:43 PM
MonkeyDLuffy(MonkeyDLuffy) used a skinned_boar 2-6-2021, 5:53:43 PM
MonkeyDLuffy(MonkeyDLuffy) used a skinned_boar 2-6-2021, 5:53:43 PM
MonkeyDLuffy(MonkeyDLuffy) used a skinned_boar 2-6-2021, 5:53:43 PM
MonkeyDLuffy(MonkeyDLuffy) used a skinned_boar 2-6-2021, 5:53:44 PM
MonkeyDLuffy(MonkeyDLuffy) used a skinned_boar 2-6-2021, 5:53:44 PM
MonkeyDLuffy(MonkeyDLuffy) used a skinned_boar 2-6-2021, 5:53:44 PM
MonkeyDLuffy(MonkeyDLuffy) used a skinned_boar 2-6-2021, 5:53:44 PM
MonkeyDLuffy(MonkeyDLuffy) used a skinned_boar 2-6-2021, 5:53:44 PM
MonkeyDLuffy(MonkeyDLuffy) used a skinned_boar 2-6-2021, 5:53:45 PM
MonkeyDLuffy(MonkeyDLuffy) used a skinned_boar 2-6-2021, 5:53:45 PM
MonkeyDLuffy(MonkeyDLuffy) used a skinned_boar 2-6-2021, 5:53:45 PM
MonkeyDLuffy(MonkeyDLuffy) used a skinned_boar 2-6-2021, 5:53:45 PM
MonkeyDLuffy(MonkeyDLuffy) used a skinned_boar 2-6-2021, 5:53:45 PM
MonkeyDLuffy(MonkeyDLuffy) used a skinned_boar 2-6-2021, 5:53:46 PM
MonkeyDLuffy(MonkeyDLuffy) used a skinned_boar 2-6-2021, 5:53:46 PM
MonkeyDLuffy(MonkeyDLuffy) used a skinned_boar 2-6-2021, 5:53:46 PM
MonkeyDLuffy(MonkeyDLuffy) used a skinned_boar 2-6-2021, 5:53:46 PM
MonkeyDLuffy(MonkeyDLuffy) used a skinned_boar 2-6-2021, 5:53:46 PM
MonkeyDLuffy(MonkeyDLuffy) used a skinned_boar 2-6-2021, 5:53:47 PM
MonkeyDLuffy(MonkeyDLuffy) used a skinned_boar 2-6-2021, 5:53:47 PM
MonkeyDLuffy(MonkeyDLuffy) used a skinned_boar 2-6-2021, 5:53:47 PM
MonkeyDLuffy(MonkeyDLuffy) used a skinned_boar 2-6-2021, 5:53:47 PM
MonkeyDLuffy(MonkeyDLuffy) used a skinned_boar 2-6-2021, 5:53:48 PM
MonkeyDLuffy(MonkeyDLuffy) used a skinned_boar 2-6-2021, 5:53:48 PM
MonkeyDLuffy(MonkeyDLuffy) used a skinned_boar 2-6-2021, 5:53:48 PM
MonkeyDLuffy(MonkeyDLuffy) used a skinned_boar 2-6-2021, 5:53:48 PM
MonkeyDLuffy(MonkeyDLuffy) used a skinned_boar 2-6-2021, 5:53:48 PM
MonkeyDLuffy(MonkeyDLuffy) used a skinned_boar 2-6-2021, 5:53:48 PM
MonkeyDLuffy(MonkeyDLuffy) used a skinned_boar 2-6-2021, 5:53:49 PM
MonkeyDLuffy(MonkeyDLuffy) used a skinned_boar 2-6-2021, 5:53:49 PM
MonkeyDLuffy(MonkeyDLuffy) used a skinned_boar 2-6-2021, 5:53:49 PM
MonkeyDLuffy(MonkeyDLuffy) used a skinned_boar 2-6-2021, 5:53:49 PM
MonkeyDLuffy(MonkeyDLuffy) used a skinned_boar 2-6-2021, 5:53:49 PM
MonkeyDLuffy(MonkeyDLuffy) used a skinned_boar 2-6-2021, 5:53:50 PM
MonkeyDLuffy(MonkeyDLuffy) used a skinned_boar 2-6-2021, 5:53:50 PM
MonkeyDLuffy(MonkeyDLuffy) used a skinned_boar 2-6-2021, 5:53:50 PM
MonkeyDLuffy(MonkeyDLuffy) used a skinned_boar 2-6-2021, 5:53:50 PM
MonkeyDLuffy(MonkeyDLuffy) used a skinned_boar 2-6-2021, 5:53:50 PM
MonkeyDLuffy(MonkeyDLuffy) used a skinned_boar 2-6-2021, 5:53:51 PM
MonkeyDLuffy(MonkeyDLuffy) used a skinned_boar 2-6-2021, 5:53:51 PM
MonkeyDLuffy(MonkeyDLuffy) used a skinned_boar 2-6-2021, 5:53:51 PM
MonkeyDLuffy(MonkeyDLuffy) used a skinned_boar 2-6-2021, 5:53:51 PM
MonkeyDLuffy(MonkeyDLuffy) used a skinned_boar 2-6-2021, 5:53:51 PM
MonkeyDLuffy(MonkeyDLuffy) used a skinned_boar 2-6-2021, 5:53:52 PM
MonkeyDLuffy(MonkeyDLuffy) used a skinned_boar 2-6-2021, 5:53:52 PM
MonkeyDLuffy(MonkeyDLuffy) used a skinned_boar 2-6-2021, 5:53:52 PM
MonkeyDLuffy(MonkeyDLuffy) used a skinned_boar 2-6-2021, 5:53:52 PM
MonkeyDLuffy(MonkeyDLuffy) used a skinned_boar 2-6-2021, 5:53:52 PM
MonkeyDLuffy(MonkeyDLuffy) used a skinned_boar 2-6-2021, 5:53:53 PM
MonkeyDLuffy(MonkeyDLuffy) used a skinned_boar 2-6-2021, 5:53:53 PM
MonkeyDLuffy(MonkeyDLuffy) used a skinned_boar 2-6-2021, 5:53:54 PM
MonkeyDLuffy(MonkeyDLuffy) used a skinned_boar 2-6-2021, 5:53:54 PM
MonkeyDLuffy(MonkeyDLuffy) used a skinned_boar 2-6-2021, 5:53:54 PM
MonkeyDLuffy(MonkeyDLuffy) used a skinned_boar 2-6-2021, 5:53:54 PM
MonkeyDLuffy(MonkeyDLuffy) used a skinned_boar 2-6-2021, 5:53:55 PM
MonkeyDLuffy(MonkeyDLuffy) used a skinned_boar 2-6-2021, 5:53:56 PM
MonkeyDLuffy(MonkeyDLuffy) used a skinned_boar 2-6-2021, 5:53:56 PM
MonkeyDLuffy(MonkeyDLuffy) used a skinned_boar 2-6-2021, 5:53:56 PM
MonkeyDLuffy(MonkeyDLuffy) used a skinned_boar 2-6-2021, 5:53:56 PM
MonkeyDLuffy(MonkeyDLuffy) used a skinned_boar 2-6-2021, 5:53:56 PM
MonkeyDLuffy(MonkeyDLuffy) used a skinned_boar 2-6-2021, 5:53:56 PM
MonkeyDLuffy(MonkeyDLuffy) used a skinned_boar 2-6-2021, 5:53:56 PM
MonkeyDLuffy(MonkeyDLuffy) used a skinned_boar 2-6-2021, 5:53:57 PM
MonkeyDLuffy(MonkeyDLuffy) used a skinned_boar 2-6-2021, 5:53:57 PM
MonkeyDLuffy(MonkeyDLuffy) used a skinned_boar 2-6-2021, 5:53:57 PM
MonkeyDLuffy(MonkeyDLuffy) used a skinned_boar 2-6-2021, 5:53:57 PM
MonkeyDLuffy(MonkeyDLuffy) used a skinned_boar 2-6-2021, 5:53:57 PM
MonkeyDLuffy(MonkeyDLuffy) used a skinned_boar 2-6-2021, 5:53:58 PM
MonkeyDLuffy(MonkeyDLuffy) used a skinned_boar 2-6-2021, 5:53:58 PM
MonkeyDLuffy(MonkeyDLuffy) used a skinned_boar 2-6-2021, 5:53:58 PM
MonkeyDLuffy(MonkeyDLuffy) used a skinned_boar 2-6-2021, 5:53:58 PM
MonkeyDLuffy(MonkeyDLuffy) used a skinned_boar 2-6-2021, 5:53:58 PM
MonkeyDLuffy(MonkeyDLuffy) used a skinned_boar 2-6-2021, 5:53:59 PM
MonkeyDLuffy(MonkeyDLuffy) used a skinned_boar 2-6-2021, 5:53:59 PM
MonkeyDLuffy(MonkeyDLuffy) used a skinned_boar 2-6-2021, 5:53:59 PM
MonkeyDLuffy(MonkeyDLuffy) used a skinned_boar 2-6-2021, 5:53:59 PM
MonkeyDLuffy(MonkeyDLuffy) used a skinned_boar 2-6-2021, 5:54:00 PM
MonkeyDLuffy(MonkeyDLuffy) used a skinned_boar 2-6-2021, 5:54:00 PM
MonkeyDLuffy(MonkeyDLuffy) used a skinned_boar 2-6-2021, 5:54:00 PM
MonkeyDLuffy(MonkeyDLuffy) used a skinned_boar 2-6-2021, 5:54:00 PM
MonkeyDLuffy(MonkeyDLuffy) used a skinned_boar 2-6-2021, 5:54:03 PM
MonkeyDLuffy(MonkeyDLuffy) used a skinned_boar 2-6-2021, 5:54:03 PM
MonkeyDLuffy(MonkeyDLuffy) used a skinned_boar 2-6-2021, 5:54:03 PM
MonkeyDLuffy(MonkeyDLuffy) used a skinned_boar 2-6-2021, 5:54:03 PM
MonkeyDLuffy(MonkeyDLuffy) used a skinned_boar 2-6-2021, 5:54:03 PM
MonkeyDLuffy(MonkeyDLuffy) used a skinned_boar 2-6-2021, 5:54:03 PM
MonkeyDLuffy(MonkeyDLuffy) used a skinned_boar 2-6-2021, 5:54:03 PM
MonkeyDLuffy(MonkeyDLuffy) used a skinned_boar 2-6-2021, 5:54:03 PM
MonkeyDLuffy(MonkeyDLuffy) used a skinned_boar 2-6-2021, 5:54:03 PM
MonkeyDLuffy(MonkeyDLuffy) used a skinned_boar 2-6-2021, 5:54:03 PM
MonkeyDLuffy(MonkeyDLuffy) used a skinned_boar 2-6-2021, 5:54:03 PM
MonkeyDLuffy(MonkeyDLuffy) used a skinned_boar 2-6-2021, 5:54:04 PM
MonkeyDLuffy(MonkeyDLuffy) used a skinned_boar 2-6-2021, 5:54:04 PM
MonkeyDLuffy(MonkeyDLuffy) used a skinned_boar 2-6-2021, 5:54:04 PM
MonkeyDLuffy(MonkeyDLuffy) used a skinned_boar 2-6-2021, 5:54:05 PM
MonkeyDLuffy(MonkeyDLuffy) used a skinned_boar 2-6-2021, 5:54:05 PM
MonkeyDLuffy(MonkeyDLuffy) used a skinned_boar 2-6-2021, 5:54:05 PM
MonkeyDLuffy(MonkeyDLuffy) used a skinned_boar 2-6-2021, 5:54:05 PM
MonkeyDLuffy(MonkeyDLuffy) used a skinned_boar 2-6-2021, 5:54:05 PM
MonkeyDLuffy(MonkeyDLuffy) used a skinned_boar 2-6-2021, 5:54:05 PM
MonkeyDLuffy(MonkeyDLuffy) used a skinned_boar 2-6-2021, 5:54:07 PM
MonkeyDLuffy(MonkeyDLuffy) used a skinned_boar 2-6-2021, 5:54:07 PM
MonkeyDLuffy(MonkeyDLuffy) used a skinned_boar 2-6-2021, 5:54:07 PM
MonkeyDLuffy(MonkeyDLuffy) used a skinned_boar 2-6-2021, 5:54:07 PM
MonkeyDLuffy(MonkeyDLuffy) used a skinned_boar 2-6-2021, 5:54:07 PM
MonkeyDLuffy(MonkeyDLuffy) used a skinned_boar 2-6-2021, 5:54:07 PM
MonkeyDLuffy(MonkeyDLuffy) used a skinned_boar 2-6-2021, 5:54:07 PM
MonkeyDLuffy(MonkeyDLuffy) used a skinned_boar 2-6-2021, 5:54:07 PM
MonkeyDLuffy(MonkeyDLuffy) used a skinned_boar 2-6-2021, 5:54:07 PM
MonkeyDLuffy(MonkeyDLuffy) used a skinned_boar 2-6-2021, 5:54:08 PM
MonkeyDLuffy(MonkeyDLuffy) used a skinned_boar 2-6-2021, 5:54:08 PM
MonkeyDLuffy(MonkeyDLuffy) used a skinned_boar 2-6-2021, 5:54:08 PM
MonkeyDLuffy(MonkeyDLuffy) used a skinned_boar 2-6-2021, 5:54:08 PM
MonkeyDLuffy(MonkeyDLuffy) used a skinned_boar 2-6-2021, 5:54:08 PM
MonkeyDLuffy(MonkeyDLuffy) used a skinned_boar 2-6-2021, 5:54:09 PM
MonkeyDLuffy(MonkeyDLuffy) used a skinned_boar 2-6-2021, 5:54:09 PM
MonkeyDLuffy(MonkeyDLuffy) used a skinned_boar 2-6-2021, 5:54:10 PM
MonkeyDLuffy(MonkeyDLuffy) used a skinned_boar 2-6-2021, 5:54:10 PM
MonkeyDLuffy(MonkeyDLuffy) used a skinned_boar 2-6-2021, 5:54:10 PM
MonkeyDLuffy(MonkeyDLuffy) used a skinned_boar 2-6-2021, 5:54:10 PM
MonkeyDLuffy(MonkeyDLuffy) used a skinned_boar 2-6-2021, 5:54:10 PM
MonkeyDLuffy(MonkeyDLuffy) used a skinned_boar 2-6-2021, 5:54:10 PM
MonkeyDLuffy(MonkeyDLuffy) used a skinned_boar 2-6-2021, 5:54:10 PM
MonkeyDLuffy(MonkeyDLuffy) used a skinned_boar 2-6-2021, 5:54:10 PM
MonkeyDLuffy(MonkeyDLuffy) used a skinned_boar 2-6-2021, 5:54:11 PM
MonkeyDLuffy(MonkeyDLuffy) used a skinned_boar 2-6-2021, 5:54:11 PM
MonkeyDLuffy(MonkeyDLuffy) used a skinned_boar 2-6-2021, 5:54:11 PM
MonkeyDLuffy(MonkeyDLuffy) used a skinned_boar 2-6-2021, 5:54:11 PM
MonkeyDLuffy(MonkeyDLuffy) used a skinned_boar 2-6-2021, 5:54:11 PM
MonkeyDLuffy(MonkeyDLuffy) used a skinned_boar 2-6-2021, 5:54:12 PM
MonkeyDLuffy(MonkeyDLuffy) used a skinned_boar 2-6-2021, 5:54:12 PM
MonkeyDLuffy(MonkeyDLuffy) used a skinned_boar 2-6-2021, 5:54:12 PM
MonkeyDLuffy(MonkeyDLuffy) used a skinned_boar 2-6-2021, 5:54:12 PM
MonkeyDLuffy(MonkeyDLuffy) used a skinned_boar 2-6-2021, 5:54:12 PM
MonkeyDLuffy(MonkeyDLuffy) used a skinned_boar 2-6-2021, 5:54:14 PM
MonkeyDLuffy(MonkeyDLuffy) used a skinned_boar 2-6-2021, 5:54:14 PM
MonkeyDLuffy(MonkeyDLuffy) used a skinned_boar 2-6-2021, 5:54:14 PM
MonkeyDLuffy(MonkeyDLuffy) used a skinned_boar 2-6-2021, 5:54:14 PM
MonkeyDLuffy(MonkeyDLuffy) used a skinned_boar 2-6-2021, 5:54:14 PM
MonkeyDLuffy(MonkeyDLuffy) used a skinned_boar 2-6-2021, 5:54:14 PM
MonkeyDLuffy(MonkeyDLuffy) used a skinned_boar 2-6-2021, 5:54:14 PM
MonkeyDLuffy(MonkeyDLuffy) used a skinned_boar 2-6-2021, 5:54:14 PM
MonkeyDLuffy(MonkeyDLuffy) used a skinned_boar 2-6-2021, 5:54:14 PM
MonkeyDLuffy(MonkeyDLuffy) used a skinned_boar 2-6-2021, 5:54:14 PM
MonkeyDLuffy(MonkeyDLuffy) used a skinned_boar 2-6-2021, 5:54:16 PM
MonkeyDLuffy(MonkeyDLuffy) used a skinned_boar 2-6-2021, 5:54:16 PM
MonkeyDLuffy(MonkeyDLuffy) used a skinned_boar 2-6-2021, 5:54:16 PM
MonkeyDLuffy(MonkeyDLuffy) used a skinned_boar 2-6-2021, 5:54:16 PM
MonkeyDLuffy(MonkeyDLuffy) used a skinned_boar 2-6-2021, 5:54:16 PM
MonkeyDLuffy(MonkeyDLuffy) used a skinned_boar 2-6-2021, 5:54:16 PM
MonkeyDLuffy(MonkeyDLuffy) used a skinned_boar 2-6-2021, 5:54:16 PM
MonkeyDLuffy(MonkeyDLuffy) used a skinned_boar 2-6-2021, 5:54:16 PM
MonkeyDLuffy(MonkeyDLuffy) used a skinned_boar 2-6-2021, 5:54:16 PM
MonkeyDLuffy(MonkeyDLuffy) used a skinned_boar 2-6-2021, 5:54:17 PM
MonkeyDLuffy(MonkeyDLuffy) used a skinned_boar 2-6-2021, 5:54:17 PM
MonkeyDLuffy(MonkeyDLuffy) used a skinned_boar 2-6-2021, 5:54:17 PM
MonkeyDLuffy(MonkeyDLuffy) used a skinned_boar 2-6-2021, 5:54:17 PM
MonkeyDLuffy(MonkeyDLuffy) used a skinned_boar 2-6-2021, 5:54:18 PM
MonkeyDLuffy(MonkeyDLuffy) used a skinned_boar 2-6-2021, 5:54:18 PM
MonkeyDLuffy(MonkeyDLuffy) used a skinned_boar 2-6-2021, 5:54:18 PM
MonkeyDLuffy(MonkeyDLuffy) used a skinned_boar 2-6-2021, 5:54:18 PM
MonkeyDLuffy(MonkeyDLuffy) used a skinned_boar 2-6-2021, 5:54:18 PM
MonkeyDLuffy(MonkeyDLuffy) used a skinned_boar 2-6-2021, 5:54:19 PM
MonkeyDLuffy(MonkeyDLuffy) used a skinned_boar 2-6-2021, 5:54:19 PM
MonkeyDLuffy(MonkeyDLuffy) used a skinned_boar 2-6-2021, 5:54:19 PM
MonkeyDLuffy(MonkeyDLuffy) used a skinned_boar 2-6-2021, 5:54:19 PM
MonkeyDLuffy(MonkeyDLuffy) used a skinned_boar 2-6-2021, 5:54:19 PM
MonkeyDLuffy(MonkeyDLuffy) used a skinned_boar 2-6-2021, 5:54:20 PM
MonkeyDLuffy(MonkeyDLuffy) used a skinned_boar 2-6-2021, 5:54:21 PM
MonkeyDLuffy(MonkeyDLuffy) used a skinned_boar 2-6-2021, 5:54:21 PM
MonkeyDLuffy(MonkeyDLuffy) used a skinned_boar 2-6-2021, 5:54:21 PM
MonkeyDLuffy(MonkeyDLuffy) used a skinned_boar 2-6-2021, 5:54:21 PM
MonkeyDLuffy(MonkeyDLuffy) used a skinned_boar 2-6-2021, 5:54:21 PM
MonkeyDLuffy(MonkeyDLuffy) used a skinned_boar 2-6-2021, 5:54:21 PM
MonkeyDLuffy(MonkeyDLuffy) used a skinned_boar 2-6-2021, 5:54:21 PM
MonkeyDLuffy(MonkeyDLuffy) used a skinned_boar 2-6-2021, 5:54:22 PM
MonkeyDLuffy(MonkeyDLuffy) used a skinned_boar 2-6-2021, 5:54:22 PM
MonkeyDLuffy(MonkeyDLuffy) used a skinned_boar 2-6-2021, 5:54:22 PM
MonkeyDLuffy(MonkeyDLuffy) used a skinned_boar 2-6-2021, 5:54:22 PM
MonkeyDLuffy(MonkeyDLuffy) used a skinned_boar 2-6-2021, 5:54:22 PM
MonkeyDLuffy(MonkeyDLuffy) used a skinned_boar 2-6-2021, 5:54:22 PM
MonkeyDLuffy(MonkeyDLuffy) used a skinned_boar 2-6-2021, 5:54:23 PM
MonkeyDLuffy(MonkeyDLuffy) used a skinned_boar 2-6-2021, 5:54:23 PM
MonkeyDLuffy(MonkeyDLuffy) used a skinned_boar 2-6-2021, 5:54:23 PM
MonkeyDLuffy(MonkeyDLuffy) used a skinned_boar 2-6-2021, 5:54:23 PM
MonkeyDLuffy(MonkeyDLuffy) used a skinned_boar 2-6-2021, 5:54:24 PM
MonkeyDLuffy(MonkeyDLuffy) used a skinned_boar 2-6-2021, 5:54:24 PM
MonkeyDLuffy(MonkeyDLuffy) used a skinned_boar 2-6-2021, 5:54:24 PM
MonkeyDLuffy(MonkeyDLuffy) used a skinned_boar 2-6-2021, 5:54:24 PM
MonkeyDLuffy(MonkeyDLuffy) used a skinned_boar 2-6-2021, 5:54:24 PM
MonkeyDLuffy(MonkeyDLuffy) used a skinned_boar 2-6-2021, 5:54:24 PM
MonkeyDLuffy(MonkeyDLuffy) used a skinned_boar 2-6-2021, 5:54:25 PM
MonkeyDLuffy(MonkeyDLuffy) used a skinned_boar 2-6-2021, 5:54:25 PM
MonkeyDLuffy(MonkeyDLuffy) used a skinned_boar 2-6-2021, 5:54:25 PM
MonkeyDLuffy(MonkeyDLuffy) used a skinned_boar 2-6-2021, 5:54:25 PM
MonkeyDLuffy(MonkeyDLuffy) used a skinned_boar 2-6-2021, 5:54:26 PM
MonkeyDLuffy(MonkeyDLuffy) used a skinned_boar 2-6-2021, 5:54:26 PM
MonkeyDLuffy(MonkeyDLuffy) used a skinned_boar 2-6-2021, 5:54:26 PM
MonkeyDLuffy(MonkeyDLuffy) used a skinned_boar 2-6-2021, 5:54:26 PM
MonkeyDLuffy(MonkeyDLuffy) used a skinned_boar 2-6-2021, 5:54:26 PM
MonkeyDLuffy(MonkeyDLuffy) used a skinned_boar 2-6-2021, 5:54:27 PM
MonkeyDLuffy(MonkeyDLuffy) used a skinned_boar 2-6-2021, 5:54:27 PM
MonkeyDLuffy(MonkeyDLuffy) used a skinned_boar 2-6-2021, 5:54:27 PM
MonkeyDLuffy(MonkeyDLuffy) used a skinned_boar 2-6-2021, 5:54:27 PM
MonkeyDLuffy(MonkeyDLuffy) used a skinned_boar 2-6-2021, 5:54:27 PM
MonkeyDLuffy(MonkeyDLuffy) used a skinned_boar 2-6-2021, 5:54:28 PM
MonkeyDLuffy(MonkeyDLuffy) used a skinned_boar 2-6-2021, 5:54:28 PM
MonkeyDLuffy(MonkeyDLuffy) used a skinned_boar 2-6-2021, 5:54:28 PM
MonkeyDLuffy(MonkeyDLuffy) used a skinned_boar 2-6-2021, 5:54:28 PM
MonkeyDLuffy(MonkeyDLuffy) used a skinned_boar 2-6-2021, 5:54:28 PM
MonkeyDLuffy(MonkeyDLuffy) used a skinned_boar 2-6-2021, 5:54:29 PM
MonkeyDLuffy(MonkeyDLuffy) used a skinned_boar 2-6-2021, 5:54:29 PM
MonkeyDLuffy(MonkeyDLuffy) used a skinned_boar 2-6-2021, 5:54:29 PM
MonkeyDLuffy(MonkeyDLuffy) used a skinned_boar 2-6-2021, 5:54:30 PM
MonkeyDLuffy(MonkeyDLuffy) used a skinned_boar 2-6-2021, 5:54:30 PM
MonkeyDLuffy(MonkeyDLuffy) used a skinned_boar 2-6-2021, 5:54:30 PM
MonkeyDLuffy(MonkeyDLuffy) used a skinned_boar 2-6-2021, 5:54:30 PM
MonkeyDLuffy(MonkeyDLuffy) used a skinned_boar 2-6-2021, 5:54:30 PM
MonkeyDLuffy(MonkeyDLuffy) used a skinned_boar 2-6-2021, 5:54:31 PM
MonkeyDLuffy(MonkeyDLuffy) used a skinned_boar 2-6-2021, 5:54:31 PM
MonkeyDLuffy(MonkeyDLuffy) used a skinned_boar 2-6-2021, 5:54:31 PM
MonkeyDLuffy(MonkeyDLuffy) used a skinned_boar 2-6-2021, 5:54:32 PM
MonkeyDLuffy(MonkeyDLuffy) used a skinned_boar 2-6-2021, 5:54:32 PM
MonkeyDLuffy(MonkeyDLuffy) used a skinned_boar 2-6-2021, 5:54:32 PM
MonkeyDLuffy(MonkeyDLuffy) used a skinned_boar 2-6-2021, 5:54:32 PM
MonkeyDLuffy(MonkeyDLuffy) used a skinned_boar 2-6-2021, 5:54:32 PM
MonkeyDLuffy(MonkeyDLuffy) used a skinned_boar 2-6-2021, 5:54:32 PM
MonkeyDLuffy(MonkeyDLuffy) used a skinned_boar 2-6-2021, 5:54:33 PM
MonkeyDLuffy(MonkeyDLuffy) used a skinned_boar 2-6-2021, 5:54:33 PM
MonkeyDLuffy(MonkeyDLuffy) used a skinned_boar 2-6-2021, 5:54:33 PM
MonkeyDLuffy(MonkeyDLuffy) used a skinned_boar 2-6-2021, 5:54:33 PM
MonkeyDLuffy(MonkeyDLuffy) used a skinned_boar 2-6-2021, 5:54:33 PM
MonkeyDLuffy(MonkeyDLuffy) used a skinned_boar 2-6-2021, 5:54:34 PM
MonkeyDLuffy(MonkeyDLuffy) used a skinned_boar 2-6-2021, 5:54:34 PM
MonkeyDLuffy(MonkeyDLuffy) used a skinned_boar 2-6-2021, 5:54:34 PM
MonkeyDLuffy(MonkeyDLuffy) used a skinned_boar 2-6-2021, 5:54:34 PM
MonkeyDLuffy(MonkeyDLuffy) used a skinned_boar 2-6-2021, 5:54:34 PM
MonkeyDLuffy(MonkeyDLuffy) used a skinned_boar 2-6-2021, 5:54:35 PM
MonkeyDLuffy(MonkeyDLuffy) used a skinned_boar 2-6-2021, 5:54:35 PM
MonkeyDLuffy(MonkeyDLuffy) used a skinned_boar 2-6-2021, 5:54:35 PM
MonkeyDLuffy(MonkeyDLuffy) used a skinned_boar 2-6-2021, 5:54:35 PM
MonkeyDLuffy(MonkeyDLuffy) used a skinned_boar 2-6-2021, 5:54:36 PM
MonkeyDLuffy(MonkeyDLuffy) used a skinned_boar 2-6-2021, 5:54:36 PM
MonkeyDLuffy(MonkeyDLuffy) used a skinned_boar 2-6-2021, 5:54:36 PM
MonkeyDLuffy(MonkeyDLuffy) used a skinned_boar 2-6-2021, 5:54:36 PM
MonkeyDLuffy(MonkeyDLuffy) used a skinned_boar 2-6-2021, 5:54:36 PM
MonkeyDLuffy(MonkeyDLuffy) used a skinned_boar 2-6-2021, 5:54:37 PM
MonkeyDLuffy(MonkeyDLuffy) used a skinned_boar 2-6-2021, 5:54:37 PM
MonkeyDLuffy(MonkeyDLuffy) used a skinned_boar 2-6-2021, 5:54:37 PM
MonkeyDLuffy(MonkeyDLuffy) used a skinned_boar 2-6-2021, 5:54:37 PM
MonkeyDLuffy(MonkeyDLuffy) used a skinned_boar 2-6-2021, 5:54:38 PM
MonkeyDLuffy(MonkeyDLuffy) used a skinned_boar 2-6-2021, 5:54:38 PM
MonkeyDLuffy(MonkeyDLuffy) used a skinned_boar 2-6-2021, 5:54:38 PM
MonkeyDLuffy(MonkeyDLuffy) used a skinned_boar 2-6-2021, 5:54:38 PM
MonkeyDLuffy(MonkeyDLuffy) used a skinned_boar 2-6-2021, 5:54:38 PM
MonkeyDLuffy(MonkeyDLuffy) used a skinned_boar 2-6-2021, 5:54:39 PM
MonkeyDLuffy(MonkeyDLuffy) used a skinned_boar 2-6-2021, 5:54:39 PM
MonkeyDLuffy(MonkeyDLuffy) used a skinned_boar 2-6-2021, 5:54:39 PM
MonkeyDLuffy(MonkeyDLuffy) used a skinned_boar 2-6-2021, 5:54:39 PM
MonkeyDLuffy(MonkeyDLuffy) used a skinned_boar 2-6-2021, 5:54:40 PM
MonkeyDLuffy(MonkeyDLuffy) used a skinned_boar 2-6-2021, 5:54:40 PM
MonkeyDLuffy(MonkeyDLuffy) used a skinned_boar 2-6-2021, 5:54:40 PM
MonkeyDLuffy(MonkeyDLuffy) used a skinned_boar 2-6-2021, 5:54:40 PM
MonkeyDLuffy(MonkeyDLuffy) used a skinned_boar 2-6-2021, 5:54:40 PM
MonkeyDLuffy(MonkeyDLuffy) used a skinned_boar 2-6-2021, 5:54:40 PM
MonkeyDLuffy(MonkeyDLuffy) used a skinned_boar 2-6-2021, 5:54:41 PM
MonkeyDLuffy(MonkeyDLuffy) used a skinned_boar 2-6-2021, 5:54:41 PM
MonkeyDLuffy(MonkeyDLuffy) used a skinned_boar 2-6-2021, 5:54:41 PM
MonkeyDLuffy(MonkeyDLuffy) used a skinned_boar 2-6-2021, 5:54:41 PM
MonkeyDLuffy(MonkeyDLuffy) used a skinned_boar 2-6-2021, 5:54:41 PM
MonkeyDLuffy(MonkeyDLuffy) used a skinned_boar 2-6-2021, 5:54:42 PM
MonkeyDLuffy(MonkeyDLuffy) used a skinned_boar 2-6-2021, 5:54:42 PM
MonkeyDLuffy(MonkeyDLuffy) used a skinned_boar 2-6-2021, 5:54:42 PM
MonkeyDLuffy(MonkeyDLuffy) used a skinned_boar 2-6-2021, 5:54:42 PM
MonkeyDLuffy(MonkeyDLuffy) used a skinned_boar 2-6-2021, 5:54:43 PM
MonkeyDLuffy(MonkeyDLuffy) used a skinned_boar 2-6-2021, 5:54:43 PM
MonkeyDLuffy(MonkeyDLuffy) used a skinned_boar 2-6-2021, 5:54:43 PM
MonkeyDLuffy(MonkeyDLuffy) used a skinned_boar 2-6-2021, 5:54:43 PM
MonkeyDLuffy(MonkeyDLuffy) used a skinned_boar 2-6-2021, 5:54:43 PM
MonkeyDLuffy(MonkeyDLuffy) used a skinned_boar 2-6-2021, 5:54:44 PM
MonkeyDLuffy(MonkeyDLuffy) used a skinned_boar 2-6-2021, 5:54:44 PM
MonkeyDLuffy(MonkeyDLuffy) used a skinned_boar 2-6-2021, 5:54:44 PM
MonkeyDLuffy(MonkeyDLuffy) used a skinned_boar 2-6-2021, 5:54:44 PM
MonkeyDLuffy(MonkeyDLuffy) used a skinned_boar 2-6-2021, 5:54:45 PM
MonkeyDLuffy(MonkeyDLuffy) used a skinned_boar 2-6-2021, 5:54:45 PM
MonkeyDLuffy(MonkeyDLuffy) used a skinned_boar 2-6-2021, 5:54:45 PM
MonkeyDLuffy(MonkeyDLuffy) used a skinned_boar 2-6-2021, 5:54:45 PM
MonkeyDLuffy(MonkeyDLuffy) used a skinned_boar 2-6-2021, 5:54:45 PM
MonkeyDLuffy(MonkeyDLuffy) used a skinned_boar 2-6-2021, 5:54:45 PM
MonkeyDLuffy(MonkeyDLuffy) used a skinned_boar 2-6-2021, 5:54:46 PM
MonkeyDLuffy(MonkeyDLuffy) used a skinned_boar 2-6-2021, 5:54:46 PM
MonkeyDLuffy(MonkeyDLuffy) used a skinned_boar 2-6-2021, 5:54:46 PM
MonkeyDLuffy(MonkeyDLuffy) used a skinned_boar 2-6-2021, 5:54:46 PM
MonkeyDLuffy(MonkeyDLuffy) used a skinned_boar 2-6-2021, 5:54:46 PM
MonkeyDLuffy(MonkeyDLuffy) used a skinned_boar 2-6-2021, 5:54:47 PM
MonkeyDLuffy(MonkeyDLuffy) used a skinned_boar 2-6-2021, 5:54:47 PM
MonkeyDLuffy(MonkeyDLuffy) used a skinned_boar 2-6-2021, 5:54:47 PM
MonkeyDLuffy(MonkeyDLuffy) used a skinned_boar 2-6-2021, 5:54:48 PM
MonkeyDLuffy(MonkeyDLuffy) used a skinned_boar 2-6-2021, 5:54:48 PM
MonkeyDLuffy(MonkeyDLuffy) used a skinned_boar 2-6-2021, 5:54:48 PM
MonkeyDLuffy(MonkeyDLuffy) used a skinned_boar 2-6-2021, 5:54:48 PM
MonkeyDLuffy(MonkeyDLuffy) used a skinned_boar 2-6-2021, 5:54:48 PM
MonkeyDLuffy(MonkeyDLuffy) used a skinned_boar 2-6-2021, 5:54:48 PM
MonkeyDLuffy(MonkeyDLuffy) used a skinned_boar 2-6-2021, 5:54:49 PM
MonkeyDLuffy(MonkeyDLuffy) used a skinned_boar 2-6-2021, 5:54:49 PM
MonkeyDLuffy(MonkeyDLuffy) used a skinned_boar 2-6-2021, 5:54:49 PM
MonkeyDLuffy(MonkeyDLuffy) used a skinned_boar 2-6-2021, 5:54:49 PM
MonkeyDLuffy(MonkeyDLuffy) used a skinned_boar 2-6-2021, 5:54:49 PM
MonkeyDLuffy(MonkeyDLuffy) used a skinned_boar 2-6-2021, 5:54:50 PM
MonkeyDLuffy(MonkeyDLuffy) used a skinned_boar 2-6-2021, 5:54:50 PM
MonkeyDLuffy(MonkeyDLuffy) used a skinned_boar 2-6-2021, 5:54:50 PM
MonkeyDLuffy(MonkeyDLuffy) used a skinned_boar 2-6-2021, 5:54:50 PM
MonkeyDLuffy(MonkeyDLuffy) used a skinned_boar 2-6-2021, 5:54:51 PM
MonkeyDLuffy(MonkeyDLuffy) used a skinned_boar 2-6-2021, 5:54:51 PM
MonkeyDLuffy(MonkeyDLuffy) used a skinned_boar 2-6-2021, 5:54:51 PM
MonkeyDLuffy(MonkeyDLuffy) used a skinned_boar 2-6-2021, 5:54:51 PM
MonkeyDLuffy(MonkeyDLuffy) used a skinned_boar 2-6-2021, 5:54:52 PM
MonkeyDLuffy(MonkeyDLuffy) used a skinned_boar 2-6-2021, 5:54:52 PM
MonkeyDLuffy(MonkeyDLuffy) used a skinned_boar 2-6-2021, 5:54:52 PM
MonkeyDLuffy(MonkeyDLuffy) used a skinned_boar 2-6-2021, 5:54:52 PM
MonkeyDLuffy(MonkeyDLuffy) used a skinned_boar 2-6-2021, 5:54:52 PM
MonkeyDLuffy(MonkeyDLuffy) used a skinned_boar 2-6-2021, 5:54:53 PM
MonkeyDLuffy(MonkeyDLuffy) used a skinned_boar 2-6-2021, 5:54:53 PM
MonkeyDLuffy(MonkeyDLuffy) used a skinned_boar 2-6-2021, 5:54:53 PM
MonkeyDLuffy(MonkeyDLuffy) used a skinned_boar 2-6-2021, 5:54:53 PM
MonkeyDLuffy(MonkeyDLuffy) used a skinned_boar 2-6-2021, 5:54:53 PM
MonkeyDLuffy(MonkeyDLuffy) used a skinned_boar 2-6-2021, 5:54:54 PM
MonkeyDLuffy(MonkeyDLuffy) used a skinned_boar 2-6-2021, 5:54:54 PM
MonkeyDLuffy(MonkeyDLuffy) used a skinned_boar 2-6-2021, 5:54:54 PM
MonkeyDLuffy(MonkeyDLuffy) used a skinned_boar 2-6-2021, 5:54:54 PM
MonkeyDLuffy(MonkeyDLuffy) used a skinned_boar 2-6-2021, 5:54:55 PM
MonkeyDLuffy(MonkeyDLuffy) used a skinned_boar 2-6-2021, 5:54:55 PM
MonkeyDLuffy(MonkeyDLuffy) used a skinned_boar 2-6-2021, 5:54:55 PM
MonkeyDLuffy(MonkeyDLuffy) used a skinned_boar 2-6-2021, 5:54:55 PM
MonkeyDLuffy(MonkeyDLuffy) used a skinned_boar 2-6-2021, 5:55:05 PM
MonkeyDLuffy(MonkeyDLuffy) used a skinned_boar 2-6-2021, 5:55:05 PM
MonkeyDLuffy(MonkeyDLuffy) used a skinned_boar 2-6-2021, 5:55:05 PM
MonkeyDLuffy(MonkeyDLuffy) used a skinned_boar 2-6-2021, 5:55:05 PM
MonkeyDLuffy(MonkeyDLuffy) used a skinned_boar 2-6-2021, 5:55:05 PM
MonkeyDLuffy(MonkeyDLuffy) used a skinned_boar 2-6-2021, 5:55:05 PM
MonkeyDLuffy(MonkeyDLuffy) used a skinned_boar 2-6-2021, 5:55:05 PM
MonkeyDLuffy(MonkeyDLuffy) used a skinned_boar 2-6-2021, 5:55:05 PM
MonkeyDLuffy(MonkeyDLuffy) used a skinned_boar 2-6-2021, 5:55:05 PM
MonkeyDLuffy(MonkeyDLuffy) used a skinned_boar 2-6-2021, 5:55:05 PM
MonkeyDLuffy(MonkeyDLuffy) used a skinned_boar 2-6-2021, 5:55:06 PM
MonkeyDLuffy(MonkeyDLuffy) used a skinned_boar 2-6-2021, 5:55:06 PM
MonkeyDLuffy(MonkeyDLuffy) used a skinned_boar 2-6-2021, 5:55:06 PM
MonkeyDLuffy(MonkeyDLuffy) used a skinned_boar 2-6-2021, 5:55:06 PM
MonkeyDLuffy(MonkeyDLuffy) used a skinned_boar 2-6-2021, 5:55:06 PM
MonkeyDLuffy(MonkeyDLuffy) used a skinned_boar 2-6-2021, 5:55:06 PM
MonkeyDLuffy(MonkeyDLuffy) used a skinned_boar 2-6-2021, 5:55:06 PM
MonkeyDLuffy(MonkeyDLuffy) used a skinned_boar 2-6-2021, 5:55:06 PM
MonkeyDLuffy(MonkeyDLuffy) used a skinned_boar 2-6-2021, 5:55:06 PM
MonkeyDLuffy(MonkeyDLuffy) used a skinned_boar 2-6-2021, 5:55:07 PM
MonkeyDLuffy(MonkeyDLuffy) used a skinned_boar 2-6-2021, 5:55:07 PM
MonkeyDLuffy(MonkeyDLuffy) used a skinned_boar 2-6-2021, 5:55:07 PM
MonkeyDLuffy(MonkeyDLuffy) used a skinned_boar 2-6-2021, 5:55:08 PM
MonkeyDLuffy(MonkeyDLuffy) used a skinned_boar 2-6-2021, 5:55:08 PM
MonkeyDLuffy(MonkeyDLuffy) used a skinned_boar 2-6-2021, 5:55:10 PM
MonkeyDLuffy(MonkeyDLuffy) used a skinned_boar 2-6-2021, 5:55:10 PM
MonkeyDLuffy(MonkeyDLuffy) used a skinned_boar 2-6-2021, 5:55:10 PM
MonkeyDLuffy(MonkeyDLuffy) used a skinned_boar 2-6-2021, 5:55:10 PM
MonkeyDLuffy(MonkeyDLuffy) used a skinned_boar 2-6-2021, 5:55:10 PM
MonkeyDLuffy(MonkeyDLuffy) used a skinned_boar 2-6-2021, 5:55:10 PM
MonkeyDLuffy(MonkeyDLuffy) used a skinned_boar 2-6-2021, 5:55:10 PM
MonkeyDLuffy(MonkeyDLuffy) used a skinned_boar 2-6-2021, 5:55:10 PM
MonkeyDLuffy(MonkeyDLuffy) used a skinned_boar 2-6-2021, 5:55:10 PM
MonkeyDLuffy(MonkeyDLuffy) used a skinned_boar 2-6-2021, 5:55:10 PM
MonkeyDLuffy(MonkeyDLuffy) used a skinned_boar 2-6-2021, 5:55:10 PM
MonkeyDLuffy(MonkeyDLuffy) used a skinned_boar 2-6-2021, 5:55:11 PM
MonkeyDLuffy(MonkeyDLuffy) used a skinned_boar 2-6-2021, 5:55:11 PM
MonkeyDLuffy(MonkeyDLuffy) used a skinned_boar 2-6-2021, 5:55:11 PM
MonkeyDLuffy(MonkeyDLuffy) used a skinned_boar 2-6-2021, 5:55:11 PM
MonkeyDLuffy(MonkeyDLuffy) used a skinned_boar 2-6-2021, 5:55:11 PM
MonkeyDLuffy(MonkeyDLuffy) used a skinned_boar 2-6-2021, 5:55:11 PM
MonkeyDLuffy(MonkeyDLuffy) used a skinned_boar 2-6-2021, 5:55:12 PM
MonkeyDLuffy(MonkeyDLuffy) used a skinned_boar 2-6-2021, 5:55:12 PM
MonkeyDLuffy(MonkeyDLuffy) used a skinned_boar 2-6-2021, 5:55:12 PM
MonkeyDLuffy(MonkeyDLuffy) used a skinned_boar 2-6-2021, 5:55:12 PM
MonkeyDLuffy(MonkeyDLuffy) used a skinned_boar 2-6-2021, 5:55:12 PM
MonkeyDLuffy(MonkeyDLuffy) used a skinned_boar 2-6-2021, 5:55:13 PM
MonkeyDLuffy(MonkeyDLuffy) used a skinned_boar 2-6-2021, 5:55:13 PM
MonkeyDLuffy(MonkeyDLuffy) used a skinned_boar 2-6-2021, 5:55:13 PM
MonkeyDLuffy(MonkeyDLuffy) used a skinned_boar 2-6-2021, 5:55:13 PM
MonkeyDLuffy(MonkeyDLuffy) used a skinned_boar 2-6-2021, 5:55:14 PM
MonkeyDLuffy(MonkeyDLuffy) used a skinned_boar 2-6-2021, 5:55:14 PM
MonkeyDLuffy(MonkeyDLuffy) used a skinned_boar 2-6-2021, 5:55:14 PM
MonkeyDLuffy(MonkeyDLuffy) used a skinned_boar 2-6-2021, 5:55:14 PM
MonkeyDLuffy(MonkeyDLuffy) used a skinned_boar 2-6-2021, 5:55:14 PM
MonkeyDLuffy(MonkeyDLuffy) used a skinned_boar 2-6-2021, 5:55:15 PM
MonkeyDLuffy(MonkeyDLuffy) used a skinned_boar 2-6-2021, 5:55:15 PM
MonkeyDLuffy(MonkeyDLuffy) used a skinned_boar 2-6-2021, 5:55:15 PM
MonkeyDLuffy(MonkeyDLuffy) used a skinned_boar 2-6-2021, 5:55:16 PM
MonkeyDLuffy(MonkeyDLuffy) used a skinned_boar 2-6-2021, 5:55:16 PM
MonkeyDLuffy(MonkeyDLuffy) used a skinned_boar 2-6-2021, 5:55:16 PM
MonkeyDLuffy(MonkeyDLuffy) used a skinned_boar 2-6-2021, 5:55:16 PM
MonkeyDLuffy(MonkeyDLuffy) used a skinned_boar 2-6-2021, 5:55:16 PM
MonkeyDLuffy(MonkeyDLuffy) used a skinned_boar 2-6-2021, 5:55:17 PM
MonkeyDLuffy(MonkeyDLuffy) used a skinned_boar 2-6-2021, 5:55:17 PM
MonkeyDLuffy(MonkeyDLuffy) used a skinned_boar 2-6-2021, 5:55:17 PM
MonkeyDLuffy(MonkeyDLuffy) used a antibiotic_pack 2-6-2021, 5:56:05 PM
MonkeyDLuffy(MonkeyDLuffy) used a antibiotic_pack 2-6-2021, 5:56:29 PM
MonkeyDLuffy(MonkeyDLuffy) used a antibiotic_pack 2-6-2021, 5:56:29 PM
MonkeyDLuffy(MonkeyDLuffy) used a antibiotic 2-6-2021, 5:56:35 PM
MonkeyDLuffy(MonkeyDLuffy) used a antibiotic 2-6-2021, 5:56:35 PM
MonkeyDLuffy(MonkeyDLuffy) used a antibiotic 2-6-2021, 5:56:35 PM
MonkeyDLuffy(MonkeyDLuffy) used a shield 2-6-2021, 5:57:26 PM
MonkeyDLuffy(MonkeyDLuffy) used a shield 2-6-2021, 5:57:26 PM
MonkeyDLuffy(MonkeyDLuffy) used a shield 2-6-2021, 5:57:26 PM
MonkeyDLuffy(MonkeyDLuffy) used a shield 2-6-2021, 5:57:26 PM
MonkeyDLuffy(MonkeyDLuffy) used a shield 2-6-2021, 5:57:26 PM
MonkeyDLuffy(MonkeyDLuffy) used a shield 2-6-2021, 5:57:26 PM
MonkeyDLuffy(MonkeyDLuffy) used a shield 2-6-2021, 5:57:26 PM
MonkeyDLuffy(MonkeyDLuffy) used a shield 2-6-2021, 5:57:26 PM
MonkeyDLuffy(MonkeyDLuffy) used a shield 2-6-2021, 5:57:26 PM
MonkeyDLuffy(MonkeyDLuffy) used a shield 2-6-2021, 5:57:26 PM
MonkeyDLuffy(MonkeyDLuffy) used a shield 2-6-2021, 5:57:26 PM
MonkeyDLuffy(MonkeyDLuffy) used a antibiotic 2-6-2021, 5:57:56 PM
MonkeyDLuffy(MonkeyDLuffy) used a antibiotic 2-6-2021, 5:57:56 PM
MonkeyDLuffy(MonkeyDLuffy) used a antibiotic 2-6-2021, 5:57:56 PM
MonkeyDLuffy(MonkeyDLuffy) used a antibiotic 2-6-2021, 5:57:58 PM
MonkeyDLuffy(MonkeyDLuffy) used a antibiotic 2-6-2021, 5:58:07 PM