
MonkeyDLuffy(MonkeyDLuffy) used a long_sword 2-9-2021, 5:25:19 AM
MonkeyDLuffy(MonkeyDLuffy) used a throwing_knives 2-9-2021, 5:25:23 AM
MonkeyDLuffy(MonkeyDLuffy) used a shotgun 2-9-2021, 5:25:32 AM
MonkeyDLuffy(MonkeyDLuffy) used a awp 2-9-2021, 5:25:42 AM
MonkeyDLuffy(MonkeyDLuffy) used a fnminimilight 2-9-2021, 5:25:56 AM
MonkeyDLuffy(MonkeyDLuffy) used a gp30 2-9-2021, 5:26:11 AM
MonkeyDLuffy(MonkeyDLuffy) used a hand_cannon 2-9-2021, 5:26:18 AM
MonkeyDLuffy(MonkeyDLuffy) used a colt_ar_15_assault_rifle 2-9-2021, 5:28:25 AM
MonkeyDLuffy(MonkeyDLuffy) used a pack_of_20_fire_extinguisher 2-9-2021, 5:28:31 AM
MonkeyDLuffy(MonkeyDLuffy) used a pack_of_15_stone 2-9-2021, 5:28:36 AM
MonkeyDLuffy(MonkeyDLuffy) used a pack_of_15_stone 2-9-2021, 5:28:36 AM
MonkeyDLuffy(MonkeyDLuffy) used a pack_of_10_remote_timebomb 2-9-2021, 5:28:41 AM
MonkeyDLuffy(MonkeyDLuffy) used a pack_of_100_ammo_colt_ar_15_assault_rifle 2-9-2021, 5:28:49 AM
MonkeyDLuffy(MonkeyDLuffy) used a pack_of_100_ammo_colt_ar_15_assault_rifle 2-9-2021, 5:28:49 AM
MonkeyDLuffy(MonkeyDLuffy) used a pack_of_100_ammo_colt_ar_15_assault_rifle 2-9-2021, 5:28:49 AM
MonkeyDLuffy(MonkeyDLuffy) used a pack_of_100_ammo_colt_ar_15_assault_rifle 2-9-2021, 5:28:49 AM
MonkeyDLuffy(MonkeyDLuffy) used a pack_of_100_ammo_colt_ar_15_assault_rifle 2-9-2021, 5:28:50 AM
MonkeyDLuffy(MonkeyDLuffy) used a pack_of_100_ammo_colt_ar_15_assault_rifle 2-9-2021, 5:28:50 AM
MonkeyDLuffy(MonkeyDLuffy) used a pack_of_100_ammo_colt_ar_15_assault_rifle 2-9-2021, 5:28:50 AM
MonkeyDLuffy(MonkeyDLuffy) used a pack_of_100_ammo_colt_ar_15_assault_rifle 2-9-2021, 5:28:50 AM
MonkeyDLuffy(MonkeyDLuffy) used a pack_of_100_ammo_colt_ar_15_assault_rifle 2-9-2021, 5:28:50 AM
MonkeyDLuffy(MonkeyDLuffy) used a pack_of_100_ammo_colt_ar_15_assault_rifle 2-9-2021, 5:28:51 AM
MonkeyDLuffy(MonkeyDLuffy) used a pack_of_100_ammo_colt_ar_15_assault_rifle 2-9-2021, 5:28:51 AM
MonkeyDLuffy(MonkeyDLuffy) used a pack_of_100_ammo_colt_ar_15_assault_rifle 2-9-2021, 5:28:51 AM
MonkeyDLuffy(MonkeyDLuffy) used a pack_of_100_ammo_colt_ar_15_assault_rifle 2-9-2021, 5:28:51 AM
MonkeyDLuffy(MonkeyDLuffy) used a pack_of_100_ammo_colt_ar_15_assault_rifle 2-9-2021, 5:28:51 AM
MonkeyDLuffy(MonkeyDLuffy) used a pack_of_100_ammo_colt_ar_15_assault_rifle 2-9-2021, 5:28:52 AM
MonkeyDLuffy(MonkeyDLuffy) used a pack_of_100_ammo_colt_ar_15_assault_rifle 2-9-2021, 5:28:52 AM
MonkeyDLuffy(MonkeyDLuffy) used a pack_of_100_ammo_colt_ar_15_assault_rifle 2-9-2021, 5:28:52 AM
MonkeyDLuffy(MonkeyDLuffy) used a pack_of_100_ammo_colt_ar_15_assault_rifle 2-9-2021, 5:28:52 AM
MonkeyDLuffy(MonkeyDLuffy) used a pack_of_100_ammo_colt_ar_15_assault_rifle 2-9-2021, 5:28:52 AM
MonkeyDLuffy(MonkeyDLuffy) used a pack_of_100_ammo_colt_ar_15_assault_rifle 2-9-2021, 5:28:53 AM
MonkeyDLuffy(MonkeyDLuffy) used a shield 2-9-2021, 5:29:05 AM
MonkeyDLuffy(MonkeyDLuffy) used a shield 2-9-2021, 5:29:05 AM
MonkeyDLuffy(MonkeyDLuffy) used a shield 2-9-2021, 5:29:05 AM
MonkeyDLuffy(MonkeyDLuffy) used a shield 2-9-2021, 5:29:05 AM
MonkeyDLuffy(MonkeyDLuffy) used a shield 2-9-2021, 5:29:06 AM
MonkeyDLuffy(MonkeyDLuffy) used a antibiotic 2-9-2021, 5:29:09 AM
MonkeyDLuffy(MonkeyDLuffy) used a antibiotic 2-9-2021, 5:29:16 AM
MonkeyDLuffy(MonkeyDLuffy) used a antibiotic 2-9-2021, 5:29:17 AM
MonkeyDLuffy(MonkeyDLuffy) used a antibiotic 2-9-2021, 5:29:18 AM
MonkeyDLuffy(MonkeyDLuffy) used a antibiotic 2-9-2021, 5:29:18 AM
MonkeyDLuffy(MonkeyDLuffy) used a antibiotic 2-9-2021, 5:29:20 AM
MonkeyDLuffy(MonkeyDLuffy) used a antibiotic 2-9-2021, 5:29:20 AM
MonkeyDLuffy(MonkeyDLuffy) used a antibiotic 2-9-2021, 5:29:20 AM
MonkeyDLuffy(MonkeyDLuffy) used a antibiotic 2-9-2021, 5:29:21 AM
MonkeyDLuffy(MonkeyDLuffy) used a antibiotic 2-9-2021, 5:29:31 AM
MonkeyDLuffy(MonkeyDLuffy) used a antibiotic 2-9-2021, 5:29:32 AM
MonkeyDLuffy(MonkeyDLuffy) used a antibiotic 2-9-2021, 5:29:50 AM
MonkeyDLuffy(MonkeyDLuffy) used a antibiotic 2-9-2021, 5:29:56 AM
MonkeyDLuffy(MonkeyDLuffy) used a antibiotic 2-9-2021, 5:30:18 AM
MonkeyDLuffy(MonkeyDLuffy) used a antibiotic 2-9-2021, 5:30:18 AM
MonkeyDLuffy(MonkeyDLuffy) used a rpg7 2-9-2021, 5:32:03 AM
MonkeyDLuffy(MonkeyDLuffy) used a rpg7_ammo_pack 2-9-2021, 5:32:44 AM
MonkeyDLuffy(MonkeyDLuffy) used a rpg7_ammo_pack 2-9-2021, 5:32:44 AM
MonkeyDLuffy(MonkeyDLuffy) used a rpg7_ammo_pack 2-9-2021, 5:32:45 AM
MonkeyDLuffy(MonkeyDLuffy) used a rpg7_ammo_pack 2-9-2021, 5:32:45 AM
MonkeyDLuffy(MonkeyDLuffy) used a rpg7_ammo_pack 2-9-2021, 5:32:45 AM
MonkeyDLuffy(MonkeyDLuffy) used a rpg7_ammo_pack 2-9-2021, 5:32:45 AM
MonkeyDLuffy(MonkeyDLuffy) used a rpg7_ammo_pack 2-9-2021, 5:32:45 AM
MonkeyDLuffy(MonkeyDLuffy) used a rpg7_ammo_pack 2-9-2021, 5:32:46 AM
MonkeyDLuffy(MonkeyDLuffy) used a rpg7_ammo_pack 2-9-2021, 5:32:46 AM
MonkeyDLuffy(MonkeyDLuffy) used a rpg7_ammo_pack 2-9-2021, 5:32:46 AM
MonkeyDLuffy(MonkeyDLuffy) used a rpg7_ammo_pack 2-9-2021, 5:32:46 AM
MonkeyDLuffy(MonkeyDLuffy) used a rpg7_ammo_pack 2-9-2021, 5:32:46 AM
MonkeyDLuffy(MonkeyDLuffy) used a rpg7_ammo_pack 2-9-2021, 5:32:46 AM
MonkeyDLuffy(MonkeyDLuffy) used a rpg7_ammo_pack 2-9-2021, 5:32:47 AM
MonkeyDLuffy(MonkeyDLuffy) used a rpg7_ammo_pack 2-9-2021, 5:32:47 AM
MonkeyDLuffy(MonkeyDLuffy) used a rpg7_ammo_pack 2-9-2021, 5:32:47 AM
MonkeyDLuffy(MonkeyDLuffy) used a rpg7_ammo_pack 2-9-2021, 5:32:47 AM
MonkeyDLuffy(MonkeyDLuffy) used a rpg7_ammo_pack 2-9-2021, 5:32:47 AM
MonkeyDLuffy(MonkeyDLuffy) used a rpg7_ammo_pack 2-9-2021, 5:32:48 AM
MonkeyDLuffy(MonkeyDLuffy) used a rpg7_ammo_pack 2-9-2021, 5:32:48 AM
MonkeyDLuffy(MonkeyDLuffy) used a taser_ammo_pack 2-9-2021, 5:33:51 AM
MonkeyDLuffy(MonkeyDLuffy) used a taser_ammo_pack 2-9-2021, 5:33:51 AM
MonkeyDLuffy(MonkeyDLuffy) used a taser_ammo_pack 2-9-2021, 5:33:52 AM
MonkeyDLuffy(MonkeyDLuffy) used a taser_ammo_pack 2-9-2021, 5:33:52 AM
MonkeyDLuffy(MonkeyDLuffy) used a taser_ammo_pack 2-9-2021, 5:33:52 AM
MonkeyDLuffy(MonkeyDLuffy) used a taser_ammo_pack 2-9-2021, 5:33:52 AM
MonkeyDLuffy(MonkeyDLuffy) used a taser_ammo_pack 2-9-2021, 5:33:52 AM
MonkeyDLuffy(MonkeyDLuffy) used a taser_ammo_pack 2-9-2021, 5:33:53 AM
MonkeyDLuffy(MonkeyDLuffy) used a taser_ammo_pack 2-9-2021, 5:33:53 AM
MonkeyDLuffy(MonkeyDLuffy) used a taser_ammo_pack 2-9-2021, 5:33:53 AM
MonkeyDLuffy(MonkeyDLuffy) used a taser_ammo_pack 2-9-2021, 5:33:53 AM
MonkeyDLuffy(MonkeyDLuffy) used a taser_ammo_pack 2-9-2021, 5:33:53 AM
MonkeyDLuffy(MonkeyDLuffy) used a taser_ammo_pack 2-9-2021, 5:33:53 AM
MonkeyDLuffy(MonkeyDLuffy) used a taser_ammo_pack 2-9-2021, 5:33:54 AM
MonkeyDLuffy(MonkeyDLuffy) used a taser_ammo_pack 2-9-2021, 5:33:54 AM
MonkeyDLuffy(MonkeyDLuffy) used a taser_ammo_pack 2-9-2021, 5:33:54 AM
MonkeyDLuffy(MonkeyDLuffy) used a taser_ammo_pack 2-9-2021, 5:33:54 AM
MonkeyDLuffy(MonkeyDLuffy) used a taser_ammo_pack 2-9-2021, 5:33:54 AM
MonkeyDLuffy(MonkeyDLuffy) used a taser_ammo_pack 2-9-2021, 5:33:54 AM
MonkeyDLuffy(MonkeyDLuffy) used a taser_ammo_pack 2-9-2021, 5:33:55 AM
MonkeyDLuffy(MonkeyDLuffy) used a taser 2-9-2021, 5:34:04 AM
MonkeyDLuffy(MonkeyDLuffy) used a modern_sub_machine_gun_carbine 2-9-2021, 5:39:15 AM
MonkeyDLuffy(MonkeyDLuffy) used a pack_of_10_security_bomb 2-9-2021, 5:39:22 AM
MonkeyDLuffy(MonkeyDLuffy) used a pack_of_100_ammo_modern_sub_machine_gun_carbine 2-9-2021, 5:39:26 AM
MonkeyDLuffy(MonkeyDLuffy) used a pack_of_100_ammo_modern_sub_machine_gun_carbine 2-9-2021, 5:39:26 AM
MonkeyDLuffy(MonkeyDLuffy) used a pack_of_100_ammo_modern_sub_machine_gun_carbine 2-9-2021, 5:39:26 AM
MonkeyDLuffy(MonkeyDLuffy) used a pack_of_100_ammo_modern_sub_machine_gun_carbine 2-9-2021, 5:39:27 AM
MonkeyDLuffy(MonkeyDLuffy) used a pack_of_100_ammo_modern_sub_machine_gun_carbine 2-9-2021, 5:39:27 AM
MonkeyDLuffy(MonkeyDLuffy) used a pack_of_100_ammo_modern_sub_machine_gun_carbine 2-9-2021, 5:39:27 AM
MonkeyDLuffy(MonkeyDLuffy) used a pack_of_100_ammo_modern_sub_machine_gun_carbine 2-9-2021, 5:39:27 AM
MonkeyDLuffy(MonkeyDLuffy) used a pack_of_100_ammo_modern_sub_machine_gun_carbine 2-9-2021, 5:39:27 AM
MonkeyDLuffy(MonkeyDLuffy) used a pack_of_100_ammo_modern_sub_machine_gun_carbine 2-9-2021, 5:39:27 AM
MonkeyDLuffy(MonkeyDLuffy) used a pack_of_100_ammo_modern_sub_machine_gun_carbine 2-9-2021, 5:39:28 AM
MonkeyDLuffy(MonkeyDLuffy) used a pack_of_100_ammo_modern_sub_machine_gun_carbine 2-9-2021, 5:39:28 AM
MonkeyDLuffy(MonkeyDLuffy) used a pack_of_100_ammo_modern_sub_machine_gun_carbine 2-9-2021, 5:39:28 AM
MonkeyDLuffy(MonkeyDLuffy) used a pack_of_100_ammo_modern_sub_machine_gun_carbine 2-9-2021, 5:39:28 AM
MonkeyDLuffy(MonkeyDLuffy) used a pack_of_100_ammo_modern_sub_machine_gun_carbine 2-9-2021, 5:39:28 AM
MonkeyDLuffy(MonkeyDLuffy) used a pack_of_100_ammo_modern_sub_machine_gun_carbine 2-9-2021, 5:39:29 AM
MonkeyDLuffy(MonkeyDLuffy) used a pack_of_100_ammo_modern_sub_machine_gun_carbine 2-9-2021, 5:39:29 AM
MonkeyDLuffy(MonkeyDLuffy) used a pack_of_100_ammo_modern_sub_machine_gun_carbine 2-9-2021, 5:39:29 AM
MonkeyDLuffy(MonkeyDLuffy) used a pack_of_100_ammo_modern_sub_machine_gun_carbine 2-9-2021, 5:39:29 AM
MonkeyDLuffy(MonkeyDLuffy) used a pack_of_100_ammo_modern_sub_machine_gun_carbine 2-9-2021, 5:39:29 AM
MonkeyDLuffy(MonkeyDLuffy) used a pack_of_100_ammo_modern_sub_machine_gun_carbine 2-9-2021, 5:39:29 AM
MonkeyDLuffy(MonkeyDLuffy) used a air_canister 2-9-2021, 5:40:02 AM
MonkeyDLuffy(MonkeyDLuffy) used a air_canister 2-9-2021, 5:40:02 AM
MonkeyDLuffy(MonkeyDLuffy) used a air_canister 2-9-2021, 5:40:02 AM
MonkeyDLuffy(MonkeyDLuffy) used a air_canister 2-9-2021, 5:40:02 AM
MonkeyDLuffy(MonkeyDLuffy) used a air_canister 2-9-2021, 5:41:14 AM
MonkeyDLuffy(MonkeyDLuffy) used a boar_skin 2-9-2021, 5:44:03 AM
MonkeyDLuffy(MonkeyDLuffy) used a boar_skin 2-9-2021, 5:44:04 AM
MonkeyDLuffy(MonkeyDLuffy) used a boar_skin 2-9-2021, 5:44:04 AM
MonkeyDLuffy(MonkeyDLuffy) used a boar_skin 2-9-2021, 5:44:04 AM
MonkeyDLuffy(MonkeyDLuffy) used a boar_skin 2-9-2021, 5:44:04 AM
MonkeyDLuffy(MonkeyDLuffy) used a boar_skin 2-9-2021, 5:44:04 AM
MonkeyDLuffy(MonkeyDLuffy) used a boar_skin 2-9-2021, 5:44:05 AM
MonkeyDLuffy(MonkeyDLuffy) used a skinned_bear 2-9-2021, 5:44:49 AM
MonkeyDLuffy(MonkeyDLuffy) used a skinned_bear 2-9-2021, 5:44:50 AM
MonkeyDLuffy(MonkeyDLuffy) used a skinned_bear 2-9-2021, 5:44:50 AM
MonkeyDLuffy(MonkeyDLuffy) used a skinned_bear 2-9-2021, 5:44:50 AM
MonkeyDLuffy(MonkeyDLuffy) used a skinned_bear 2-9-2021, 5:44:51 AM
MonkeyDLuffy(MonkeyDLuffy) used a skinned_bear 2-9-2021, 5:44:51 AM
MonkeyDLuffy(MonkeyDLuffy) used a skinned_bear 2-9-2021, 5:44:51 AM
MonkeyDLuffy(MonkeyDLuffy) used a skinned_bear 2-9-2021, 5:44:51 AM
MonkeyDLuffy(MonkeyDLuffy) used a skinned_bear 2-9-2021, 5:44:52 AM
MonkeyDLuffy(MonkeyDLuffy) used a skinned_bear 2-9-2021, 5:44:52 AM
MonkeyDLuffy(MonkeyDLuffy) used a skinned_bear 2-9-2021, 5:44:52 AM
MonkeyDLuffy(MonkeyDLuffy) used a skinned_bear 2-9-2021, 5:44:52 AM
MonkeyDLuffy(MonkeyDLuffy) used a skinned_bear 2-9-2021, 5:44:53 AM
MonkeyDLuffy(MonkeyDLuffy) used a skinned_bear 2-9-2021, 5:44:53 AM
MonkeyDLuffy(MonkeyDLuffy) used a skinned_bear 2-9-2021, 5:44:53 AM
MonkeyDLuffy(MonkeyDLuffy) used a skinned_bear 2-9-2021, 5:44:54 AM
MonkeyDLuffy(MonkeyDLuffy) used a skinned_bear 2-9-2021, 5:44:54 AM
MonkeyDLuffy(MonkeyDLuffy) used a skinned_bear 2-9-2021, 5:44:54 AM
MonkeyDLuffy(MonkeyDLuffy) used a skinned_bear 2-9-2021, 5:44:54 AM
MonkeyDLuffy(MonkeyDLuffy) used a skinned_bear 2-9-2021, 5:44:54 AM
MonkeyDLuffy(MonkeyDLuffy) used a skinned_bear 2-9-2021, 5:44:55 AM
MonkeyDLuffy(MonkeyDLuffy) used a skinned_bear 2-9-2021, 5:44:55 AM
MonkeyDLuffy(MonkeyDLuffy) used a skinned_bear 2-9-2021, 5:44:55 AM
MonkeyDLuffy(MonkeyDLuffy) used a skinned_bear 2-9-2021, 5:44:55 AM
MonkeyDLuffy(MonkeyDLuffy) used a skinned_bear 2-9-2021, 5:44:56 AM
MonkeyDLuffy(MonkeyDLuffy) used a skinned_bear 2-9-2021, 5:44:56 AM
MonkeyDLuffy(MonkeyDLuffy) used a skinned_bear 2-9-2021, 5:44:58 AM
MonkeyDLuffy(MonkeyDLuffy) used a skinned_bear 2-9-2021, 5:44:58 AM
MonkeyDLuffy(MonkeyDLuffy) used a skinned_bear 2-9-2021, 5:44:58 AM
MonkeyDLuffy(MonkeyDLuffy) used a skinned_bear 2-9-2021, 5:44:58 AM
MonkeyDLuffy(MonkeyDLuffy) used a skinned_bear 2-9-2021, 5:44:59 AM
MonkeyDLuffy(MonkeyDLuffy) used a skinned_bear 2-9-2021, 5:44:59 AM
MonkeyDLuffy(MonkeyDLuffy) used a skinned_bear 2-9-2021, 5:44:59 AM
MonkeyDLuffy(MonkeyDLuffy) used a skinned_bear 2-9-2021, 5:44:59 AM
MonkeyDLuffy(MonkeyDLuffy) used a skinned_bear 2-9-2021, 5:44:59 AM
MonkeyDLuffy(MonkeyDLuffy) used a skinned_bear 2-9-2021, 5:44:59 AM
MonkeyDLuffy(MonkeyDLuffy) used a skinned_bear 2-9-2021, 5:45:00 AM
MonkeyDLuffy(MonkeyDLuffy) used a skinned_bear 2-9-2021, 5:45:00 AM
MonkeyDLuffy(MonkeyDLuffy) used a skinned_bear 2-9-2021, 5:45:00 AM
MonkeyDLuffy(MonkeyDLuffy) used a skinned_bear 2-9-2021, 5:45:00 AM
MonkeyDLuffy(MonkeyDLuffy) used a skinned_bear 2-9-2021, 5:45:01 AM
MonkeyDLuffy(MonkeyDLuffy) used a skinned_bear 2-9-2021, 5:45:01 AM
MonkeyDLuffy(MonkeyDLuffy) used a skinned_bear 2-9-2021, 5:45:01 AM
MonkeyDLuffy(MonkeyDLuffy) used a skinned_bear 2-9-2021, 5:45:01 AM
MonkeyDLuffy(MonkeyDLuffy) used a skinned_bear 2-9-2021, 5:45:01 AM
MonkeyDLuffy(MonkeyDLuffy) used a skinned_bear 2-9-2021, 5:45:02 AM
MonkeyDLuffy(MonkeyDLuffy) used a skinned_bear 2-9-2021, 5:45:02 AM
MonkeyDLuffy(MonkeyDLuffy) used a skinned_bear 2-9-2021, 5:45:02 AM
MonkeyDLuffy(MonkeyDLuffy) used a skinned_bear 2-9-2021, 5:45:02 AM
MonkeyDLuffy(MonkeyDLuffy) used a skinned_bear 2-9-2021, 5:45:03 AM
MonkeyDLuffy(MonkeyDLuffy) used a skinned_bear 2-9-2021, 5:45:03 AM
MonkeyDLuffy(MonkeyDLuffy) used a skinned_bear 2-9-2021, 5:45:03 AM
MonkeyDLuffy(MonkeyDLuffy) used a skinned_bear 2-9-2021, 5:45:03 AM
MonkeyDLuffy(MonkeyDLuffy) used a skinned_bear 2-9-2021, 5:45:04 AM
MonkeyDLuffy(MonkeyDLuffy) used a skinned_bear 2-9-2021, 5:45:04 AM
MonkeyDLuffy(MonkeyDLuffy) used a skinned_bear 2-9-2021, 5:45:04 AM
MonkeyDLuffy(MonkeyDLuffy) used a skinned_bear 2-9-2021, 5:45:04 AM
MonkeyDLuffy(MonkeyDLuffy) used a skinned_bear 2-9-2021, 5:45:05 AM
MonkeyDLuffy(MonkeyDLuffy) used a skinned_bear 2-9-2021, 5:45:05 AM
MonkeyDLuffy(MonkeyDLuffy) used a skinned_bear 2-9-2021, 5:45:05 AM
MonkeyDLuffy(MonkeyDLuffy) used a skinned_bear 2-9-2021, 5:45:05 AM
MonkeyDLuffy(MonkeyDLuffy) used a skinned_bear 2-9-2021, 5:45:05 AM
MonkeyDLuffy(MonkeyDLuffy) used a skinned_bear 2-9-2021, 5:45:06 AM
MonkeyDLuffy(MonkeyDLuffy) used a skinned_bear 2-9-2021, 5:45:06 AM
MonkeyDLuffy(MonkeyDLuffy) used a skinned_bear 2-9-2021, 5:45:06 AM
MonkeyDLuffy(MonkeyDLuffy) used a skinned_bear 2-9-2021, 5:45:06 AM
MonkeyDLuffy(MonkeyDLuffy) used a skinned_bear 2-9-2021, 5:45:07 AM
MonkeyDLuffy(MonkeyDLuffy) used a skinned_bear 2-9-2021, 5:45:07 AM
MonkeyDLuffy(MonkeyDLuffy) used a skinned_bear 2-9-2021, 5:45:07 AM
MonkeyDLuffy(MonkeyDLuffy) used a skinned_bear 2-9-2021, 5:45:07 AM
MonkeyDLuffy(MonkeyDLuffy) used a skinned_bear 2-9-2021, 5:45:08 AM
MonkeyDLuffy(MonkeyDLuffy) used a skinned_bear 2-9-2021, 5:45:08 AM
MonkeyDLuffy(MonkeyDLuffy) used a skinned_bear 2-9-2021, 5:45:08 AM
MonkeyDLuffy(MonkeyDLuffy) used a skinned_bear 2-9-2021, 5:45:08 AM
MonkeyDLuffy(MonkeyDLuffy) used a shield 2-9-2021, 5:45:09 AM
MonkeyDLuffy(MonkeyDLuffy) used a shield 2-9-2021, 5:45:10 AM
MonkeyDLuffy(MonkeyDLuffy) used a antibiotic 2-9-2021, 5:45:10 AM
MonkeyDLuffy(MonkeyDLuffy) used a skinned_bear 2-9-2021, 5:45:11 AM
MonkeyDLuffy(MonkeyDLuffy) used a skinned_bear 2-9-2021, 5:45:12 AM
MonkeyDLuffy(MonkeyDLuffy) used a skinned_bear 2-9-2021, 5:45:12 AM
MonkeyDLuffy(MonkeyDLuffy) used a skinned_bear 2-9-2021, 5:45:12 AM
MonkeyDLuffy(MonkeyDLuffy) used a skinned_bear 2-9-2021, 5:45:13 AM
MonkeyDLuffy(MonkeyDLuffy) used a skinned_bear 2-9-2021, 5:45:13 AM
MonkeyDLuffy(MonkeyDLuffy) used a skinned_bear 2-9-2021, 5:45:13 AM
MonkeyDLuffy(MonkeyDLuffy) used a skinned_bear 2-9-2021, 5:45:13 AM
MonkeyDLuffy(MonkeyDLuffy) used a skinned_bear 2-9-2021, 5:45:14 AM
MonkeyDLuffy(MonkeyDLuffy) used a skinned_bear 2-9-2021, 5:45:14 AM
MonkeyDLuffy(MonkeyDLuffy) used a skinned_bear 2-9-2021, 5:45:14 AM
MonkeyDLuffy(MonkeyDLuffy) used a skinned_bear 2-9-2021, 5:45:15 AM
MonkeyDLuffy(MonkeyDLuffy) used a skinned_bear 2-9-2021, 5:45:15 AM
MonkeyDLuffy(MonkeyDLuffy) used a skinned_bear 2-9-2021, 5:45:15 AM
MonkeyDLuffy(MonkeyDLuffy) used a skinned_bear 2-9-2021, 5:45:28 AM
MonkeyDLuffy(MonkeyDLuffy) used a skinned_bear 2-9-2021, 5:45:28 AM
MonkeyDLuffy(MonkeyDLuffy) used a skinned_bear 2-9-2021, 5:45:28 AM
MonkeyDLuffy(MonkeyDLuffy) used a skinned_bear 2-9-2021, 5:45:28 AM
MonkeyDLuffy(MonkeyDLuffy) used a skinned_bear 2-9-2021, 5:45:28 AM
MonkeyDLuffy(MonkeyDLuffy) used a skinned_bear 2-9-2021, 5:45:29 AM
MonkeyDLuffy(MonkeyDLuffy) used a skinned_bear 2-9-2021, 5:45:29 AM
MonkeyDLuffy(MonkeyDLuffy) used a skinned_bear 2-9-2021, 5:45:29 AM
MonkeyDLuffy(MonkeyDLuffy) used a skinned_bear 2-9-2021, 5:45:30 AM
MonkeyDLuffy(MonkeyDLuffy) used a skinned_bear 2-9-2021, 5:45:30 AM
MonkeyDLuffy(MonkeyDLuffy) used a skinned_bear 2-9-2021, 5:45:30 AM
MonkeyDLuffy(MonkeyDLuffy) used a skinned_bear 2-9-2021, 5:45:31 AM
MonkeyDLuffy(MonkeyDLuffy) used a skinned_bear 2-9-2021, 5:45:31 AM
MonkeyDLuffy(MonkeyDLuffy) used a skinned_bear 2-9-2021, 5:45:31 AM
MonkeyDLuffy(MonkeyDLuffy) used a skinned_bear 2-9-2021, 5:45:31 AM
MonkeyDLuffy(MonkeyDLuffy) used a skinned_bear 2-9-2021, 5:45:31 AM
MonkeyDLuffy(MonkeyDLuffy) used a skinned_bear 2-9-2021, 5:45:32 AM
MonkeyDLuffy(MonkeyDLuffy) used a skinned_bear 2-9-2021, 5:45:32 AM
MonkeyDLuffy(MonkeyDLuffy) used a skinned_bear 2-9-2021, 5:45:32 AM
MonkeyDLuffy(MonkeyDLuffy) used a skinned_bear 2-9-2021, 5:45:32 AM
MonkeyDLuffy(MonkeyDLuffy) used a skinned_bear 2-9-2021, 5:45:32 AM
MonkeyDLuffy(MonkeyDLuffy) used a skinned_bear 2-9-2021, 5:45:33 AM
MonkeyDLuffy(MonkeyDLuffy) used a skinned_bear 2-9-2021, 5:45:36 AM
MonkeyDLuffy(MonkeyDLuffy) used a skinned_bear 2-9-2021, 5:45:36 AM
MonkeyDLuffy(MonkeyDLuffy) used a skinned_bear 2-9-2021, 5:45:36 AM
MonkeyDLuffy(MonkeyDLuffy) used a skinned_bear 2-9-2021, 5:45:36 AM
MonkeyDLuffy(MonkeyDLuffy) used a skinned_bear 2-9-2021, 5:45:37 AM
MonkeyDLuffy(MonkeyDLuffy) used a skinned_bear 2-9-2021, 5:45:37 AM
MonkeyDLuffy(MonkeyDLuffy) used a skinned_bear 2-9-2021, 5:45:37 AM
MonkeyDLuffy(MonkeyDLuffy) used a skinned_bear 2-9-2021, 5:45:37 AM
MonkeyDLuffy(MonkeyDLuffy) used a skinned_bear 2-9-2021, 5:45:38 AM
MonkeyDLuffy(MonkeyDLuffy) used a skinned_bear 2-9-2021, 5:45:38 AM
MonkeyDLuffy(MonkeyDLuffy) used a skinned_bear 2-9-2021, 5:45:38 AM
MonkeyDLuffy(MonkeyDLuffy) used a skinned_bear 2-9-2021, 5:45:39 AM
MonkeyDLuffy(MonkeyDLuffy) used a skinned_bear 2-9-2021, 5:45:39 AM
MonkeyDLuffy(MonkeyDLuffy) used a skinned_bear 2-9-2021, 5:45:39 AM
MonkeyDLuffy(MonkeyDLuffy) used a skinned_bear 2-9-2021, 5:45:39 AM
MonkeyDLuffy(MonkeyDLuffy) used a skinned_bear 2-9-2021, 5:45:39 AM
MonkeyDLuffy(MonkeyDLuffy) used a skinned_bear 2-9-2021, 5:45:40 AM
MonkeyDLuffy(MonkeyDLuffy) used a skinned_bear 2-9-2021, 5:45:40 AM
MonkeyDLuffy(MonkeyDLuffy) used a skinned_bear 2-9-2021, 5:45:40 AM
MonkeyDLuffy(MonkeyDLuffy) used a skinned_bear 2-9-2021, 5:45:40 AM
MonkeyDLuffy(MonkeyDLuffy) used a skinned_bear 2-9-2021, 5:45:41 AM
MonkeyDLuffy(MonkeyDLuffy) used a skinned_bear 2-9-2021, 5:45:41 AM
MonkeyDLuffy(MonkeyDLuffy) used a skinned_bear 2-9-2021, 5:45:41 AM
MonkeyDLuffy(MonkeyDLuffy) used a skinned_bear 2-9-2021, 5:45:41 AM
MonkeyDLuffy(MonkeyDLuffy) used a skinned_bear 2-9-2021, 5:45:41 AM
MonkeyDLuffy(MonkeyDLuffy) used a skinned_bear 2-9-2021, 5:45:42 AM
MonkeyDLuffy(MonkeyDLuffy) used a skinned_bear 2-9-2021, 5:45:42 AM
MonkeyDLuffy(MonkeyDLuffy) used a skinned_bear 2-9-2021, 5:45:42 AM
MonkeyDLuffy(MonkeyDLuffy) used a skinned_bear 2-9-2021, 5:45:42 AM
MonkeyDLuffy(MonkeyDLuffy) used a skinned_bear 2-9-2021, 5:45:43 AM
MonkeyDLuffy(MonkeyDLuffy) used a skinned_bear 2-9-2021, 5:45:43 AM
MonkeyDLuffy(MonkeyDLuffy) used a skinned_bear 2-9-2021, 5:45:43 AM
MonkeyDLuffy(MonkeyDLuffy) used a skinned_bear 2-9-2021, 5:45:43 AM
MonkeyDLuffy(MonkeyDLuffy) used a skinned_bear 2-9-2021, 5:45:43 AM
MonkeyDLuffy(MonkeyDLuffy) used a skinned_bear 2-9-2021, 5:45:44 AM
MonkeyDLuffy(MonkeyDLuffy) used a skinned_bear 2-9-2021, 5:45:44 AM
MonkeyDLuffy(MonkeyDLuffy) used a skinned_bear 2-9-2021, 5:45:44 AM
MonkeyDLuffy(MonkeyDLuffy) used a skinned_bear 2-9-2021, 5:45:44 AM
MonkeyDLuffy(MonkeyDLuffy) used a skinned_bear 2-9-2021, 5:45:45 AM
MonkeyDLuffy(MonkeyDLuffy) used a skinned_bear 2-9-2021, 5:45:45 AM
MonkeyDLuffy(MonkeyDLuffy) used a skinned_bear 2-9-2021, 5:45:45 AM
MonkeyDLuffy(MonkeyDLuffy) used a skinned_bear 2-9-2021, 5:45:45 AM
MonkeyDLuffy(MonkeyDLuffy) used a skinned_bear 2-9-2021, 5:45:45 AM
MonkeyDLuffy(MonkeyDLuffy) used a skinned_bear 2-9-2021, 5:45:46 AM
MonkeyDLuffy(MonkeyDLuffy) used a skinned_bear 2-9-2021, 5:45:46 AM
MonkeyDLuffy(MonkeyDLuffy) used a skinned_bear 2-9-2021, 5:45:46 AM
MonkeyDLuffy(MonkeyDLuffy) used a skinned_bear 2-9-2021, 5:45:46 AM
MonkeyDLuffy(MonkeyDLuffy) used a skinned_bear 2-9-2021, 5:45:47 AM
MonkeyDLuffy(MonkeyDLuffy) used a skinned_bear 2-9-2021, 5:45:47 AM
MonkeyDLuffy(MonkeyDLuffy) used a skinned_bear 2-9-2021, 5:45:47 AM
MonkeyDLuffy(MonkeyDLuffy) used a skinned_bear 2-9-2021, 5:45:47 AM
MonkeyDLuffy(MonkeyDLuffy) used a skinned_bear 2-9-2021, 5:45:47 AM
MonkeyDLuffy(MonkeyDLuffy) used a skinned_bear 2-9-2021, 5:45:48 AM
MonkeyDLuffy(MonkeyDLuffy) used a skinned_bear 2-9-2021, 5:45:48 AM
MonkeyDLuffy(MonkeyDLuffy) used a skinned_bear 2-9-2021, 5:45:48 AM
MonkeyDLuffy(MonkeyDLuffy) used a skinned_bear 2-9-2021, 5:45:48 AM
MonkeyDLuffy(MonkeyDLuffy) used a skinned_bear 2-9-2021, 5:45:49 AM
MonkeyDLuffy(MonkeyDLuffy) used a skinned_bear 2-9-2021, 5:45:49 AM
MonkeyDLuffy(MonkeyDLuffy) used a skinned_bear 2-9-2021, 5:45:49 AM
MonkeyDLuffy(MonkeyDLuffy) used a skinned_bear 2-9-2021, 5:45:49 AM
MonkeyDLuffy(MonkeyDLuffy) used a skinned_bear 2-9-2021, 5:45:49 AM
MonkeyDLuffy(MonkeyDLuffy) used a skinned_bear 2-9-2021, 5:45:50 AM
MonkeyDLuffy(MonkeyDLuffy) used a skinned_bear 2-9-2021, 5:45:50 AM
MonkeyDLuffy(MonkeyDLuffy) used a skinned_bear 2-9-2021, 5:45:50 AM
MonkeyDLuffy(MonkeyDLuffy) used a skinned_bear 2-9-2021, 5:45:50 AM
MonkeyDLuffy(MonkeyDLuffy) used a skinned_bear 2-9-2021, 5:45:51 AM
MonkeyDLuffy(MonkeyDLuffy) used a skinned_bear 2-9-2021, 5:45:51 AM
MonkeyDLuffy(MonkeyDLuffy) used a skinned_bear 2-9-2021, 5:45:51 AM
MonkeyDLuffy(MonkeyDLuffy) used a skinned_bear 2-9-2021, 5:45:51 AM
MonkeyDLuffy(MonkeyDLuffy) used a skinned_bear 2-9-2021, 5:45:52 AM
MonkeyDLuffy(MonkeyDLuffy) used a skinned_bear 2-9-2021, 5:45:52 AM
MonkeyDLuffy(MonkeyDLuffy) used a skinned_bear 2-9-2021, 5:45:52 AM
MonkeyDLuffy(MonkeyDLuffy) used a skinned_bear 2-9-2021, 5:45:52 AM
MonkeyDLuffy(MonkeyDLuffy) used a skinned_bear 2-9-2021, 5:45:52 AM
MonkeyDLuffy(MonkeyDLuffy) used a skinned_bear 2-9-2021, 5:45:53 AM
MonkeyDLuffy(MonkeyDLuffy) used a skinned_bear 2-9-2021, 5:45:53 AM
MonkeyDLuffy(MonkeyDLuffy) used a skinned_bear 2-9-2021, 5:45:53 AM
MonkeyDLuffy(MonkeyDLuffy) used a skinned_bear 2-9-2021, 5:45:53 AM
MonkeyDLuffy(MonkeyDLuffy) used a skinned_bear 2-9-2021, 5:45:54 AM
MonkeyDLuffy(MonkeyDLuffy) used a skinned_bear 2-9-2021, 5:45:54 AM
MonkeyDLuffy(MonkeyDLuffy) used a skinned_bear 2-9-2021, 5:45:54 AM
MonkeyDLuffy(MonkeyDLuffy) used a skinned_bear 2-9-2021, 5:45:54 AM
MonkeyDLuffy(MonkeyDLuffy) used a skinned_bear 2-9-2021, 5:45:55 AM
MonkeyDLuffy(MonkeyDLuffy) used a skinned_bear 2-9-2021, 5:45:55 AM
MonkeyDLuffy(MonkeyDLuffy) used a skinned_bear 2-9-2021, 5:45:55 AM
MonkeyDLuffy(MonkeyDLuffy) used a skinned_bear 2-9-2021, 5:45:55 AM
MonkeyDLuffy(MonkeyDLuffy) used a skinned_bear 2-9-2021, 5:45:55 AM
MonkeyDLuffy(MonkeyDLuffy) used a skinned_bear 2-9-2021, 5:45:56 AM
MonkeyDLuffy(MonkeyDLuffy) used a skinned_bear 2-9-2021, 5:45:56 AM
MonkeyDLuffy(MonkeyDLuffy) used a skinned_bear 2-9-2021, 5:45:56 AM
MonkeyDLuffy(MonkeyDLuffy) used a skinned_bear 2-9-2021, 5:45:56 AM
MonkeyDLuffy(MonkeyDLuffy) used a skinned_bear 2-9-2021, 5:45:57 AM
MonkeyDLuffy(MonkeyDLuffy) used a skinned_bear 2-9-2021, 5:45:57 AM
MonkeyDLuffy(MonkeyDLuffy) used a skinned_bear 2-9-2021, 5:45:57 AM
MonkeyDLuffy(MonkeyDLuffy) used a skinned_bear 2-9-2021, 5:45:57 AM
MonkeyDLuffy(MonkeyDLuffy) used a skinned_bear 2-9-2021, 5:45:58 AM
MonkeyDLuffy(MonkeyDLuffy) used a skinned_bear 2-9-2021, 5:45:58 AM
MonkeyDLuffy(MonkeyDLuffy) used a skinned_bear 2-9-2021, 5:45:58 AM
MonkeyDLuffy(MonkeyDLuffy) used a skinned_bear 2-9-2021, 5:46:01 AM
MonkeyDLuffy(MonkeyDLuffy) used a skinned_bear 2-9-2021, 5:46:02 AM
MonkeyDLuffy(MonkeyDLuffy) used a skinned_bear 2-9-2021, 5:46:02 AM
MonkeyDLuffy(MonkeyDLuffy) used a skinned_bear 2-9-2021, 5:46:02 AM
MonkeyDLuffy(MonkeyDLuffy) used a skinned_bear 2-9-2021, 5:46:02 AM
MonkeyDLuffy(MonkeyDLuffy) used a skinned_bear 2-9-2021, 5:46:03 AM
MonkeyDLuffy(MonkeyDLuffy) used a skinned_bear 2-9-2021, 5:46:03 AM
MonkeyDLuffy(MonkeyDLuffy) used a skinned_bear 2-9-2021, 5:46:03 AM
MonkeyDLuffy(MonkeyDLuffy) used a skinned_bear 2-9-2021, 5:46:03 AM
MonkeyDLuffy(MonkeyDLuffy) used a skinned_bear 2-9-2021, 5:46:04 AM
MonkeyDLuffy(MonkeyDLuffy) used a skinned_bear 2-9-2021, 5:46:04 AM
MonkeyDLuffy(MonkeyDLuffy) used a skinned_bear 2-9-2021, 5:46:04 AM
MonkeyDLuffy(MonkeyDLuffy) used a skinned_bear 2-9-2021, 5:46:04 AM
MonkeyDLuffy(MonkeyDLuffy) used a skinned_bear 2-9-2021, 5:46:04 AM
MonkeyDLuffy(MonkeyDLuffy) used a skinned_bear 2-9-2021, 5:46:05 AM
MonkeyDLuffy(MonkeyDLuffy) used a skinned_bear 2-9-2021, 5:46:05 AM
MonkeyDLuffy(MonkeyDLuffy) used a skinned_bear 2-9-2021, 5:46:05 AM
MonkeyDLuffy(MonkeyDLuffy) used a skinned_bear 2-9-2021, 5:46:05 AM
MonkeyDLuffy(MonkeyDLuffy) used a skinned_bear 2-9-2021, 5:46:06 AM
MonkeyDLuffy(MonkeyDLuffy) used a skinned_bear 2-9-2021, 5:46:06 AM
MonkeyDLuffy(MonkeyDLuffy) used a skinned_bear 2-9-2021, 5:46:06 AM
MonkeyDLuffy(MonkeyDLuffy) used a skinned_bear 2-9-2021, 5:46:06 AM
MonkeyDLuffy(MonkeyDLuffy) used a skinned_bear 2-9-2021, 5:46:06 AM
MonkeyDLuffy(MonkeyDLuffy) used a skinned_bear 2-9-2021, 5:46:07 AM
MonkeyDLuffy(MonkeyDLuffy) used a skinned_bear 2-9-2021, 5:46:07 AM
MonkeyDLuffy(MonkeyDLuffy) used a skinned_bear 2-9-2021, 5:46:07 AM
MonkeyDLuffy(MonkeyDLuffy) used a skinned_bear 2-9-2021, 5:46:07 AM
MonkeyDLuffy(MonkeyDLuffy) used a skinned_bear 2-9-2021, 5:46:07 AM
MonkeyDLuffy(MonkeyDLuffy) used a skinned_bear 2-9-2021, 5:46:08 AM
MonkeyDLuffy(MonkeyDLuffy) used a skinned_bear 2-9-2021, 5:46:08 AM
MonkeyDLuffy(MonkeyDLuffy) used a skinned_bear 2-9-2021, 5:46:08 AM
MonkeyDLuffy(MonkeyDLuffy) used a skinned_bear 2-9-2021, 5:46:08 AM
MonkeyDLuffy(MonkeyDLuffy) used a skinned_bear 2-9-2021, 5:46:08 AM
MonkeyDLuffy(MonkeyDLuffy) used a skinned_bear 2-9-2021, 5:46:08 AM
MonkeyDLuffy(MonkeyDLuffy) used a skinned_bear 2-9-2021, 5:46:09 AM
MonkeyDLuffy(MonkeyDLuffy) used a skinned_bear 2-9-2021, 5:46:09 AM
MonkeyDLuffy(MonkeyDLuffy) used a skinned_bear 2-9-2021, 5:46:09 AM
MonkeyDLuffy(MonkeyDLuffy) used a skinned_bear 2-9-2021, 5:46:09 AM
MonkeyDLuffy(MonkeyDLuffy) used a skinned_bear 2-9-2021, 5:46:09 AM
MonkeyDLuffy(MonkeyDLuffy) used a skinned_bear 2-9-2021, 5:46:09 AM
MonkeyDLuffy(MonkeyDLuffy) used a skinned_bear 2-9-2021, 5:46:10 AM
MonkeyDLuffy(MonkeyDLuffy) used a skinned_bear 2-9-2021, 5:46:10 AM
MonkeyDLuffy(MonkeyDLuffy) used a skinned_bear 2-9-2021, 5:46:10 AM
MonkeyDLuffy(MonkeyDLuffy) used a skinned_bear 2-9-2021, 5:46:10 AM
MonkeyDLuffy(MonkeyDLuffy) used a skinned_bear 2-9-2021, 5:46:10 AM
MonkeyDLuffy(MonkeyDLuffy) used a skinned_bear 2-9-2021, 5:46:11 AM
MonkeyDLuffy(MonkeyDLuffy) used a skinned_bear 2-9-2021, 5:46:11 AM
MonkeyDLuffy(MonkeyDLuffy) used a skinned_bear 2-9-2021, 5:46:11 AM
MonkeyDLuffy(MonkeyDLuffy) used a skinned_bear 2-9-2021, 5:46:11 AM
MonkeyDLuffy(MonkeyDLuffy) used a skinned_bear 2-9-2021, 5:46:11 AM
MonkeyDLuffy(MonkeyDLuffy) used a skinned_bear 2-9-2021, 5:46:11 AM
MonkeyDLuffy(MonkeyDLuffy) used a skinned_bear 2-9-2021, 5:46:12 AM
MonkeyDLuffy(MonkeyDLuffy) used a skinned_bear 2-9-2021, 5:46:12 AM
MonkeyDLuffy(MonkeyDLuffy) used a skinned_bear 2-9-2021, 5:46:12 AM
MonkeyDLuffy(MonkeyDLuffy) used a skinned_bear 2-9-2021, 5:46:12 AM
MonkeyDLuffy(MonkeyDLuffy) used a skinned_bear 2-9-2021, 5:46:12 AM
MonkeyDLuffy(MonkeyDLuffy) used a skinned_bear 2-9-2021, 5:46:13 AM
MonkeyDLuffy(MonkeyDLuffy) used a skinned_bear 2-9-2021, 5:46:13 AM
MonkeyDLuffy(MonkeyDLuffy) used a skinned_bear 2-9-2021, 5:46:13 AM
MonkeyDLuffy(MonkeyDLuffy) used a skinned_bear 2-9-2021, 5:46:13 AM
MonkeyDLuffy(MonkeyDLuffy) used a skinned_bear 2-9-2021, 5:46:13 AM
MonkeyDLuffy(MonkeyDLuffy) used a skinned_bear 2-9-2021, 5:46:14 AM
MonkeyDLuffy(MonkeyDLuffy) used a skinned_bear 2-9-2021, 5:46:14 AM
MonkeyDLuffy(MonkeyDLuffy) used a skinned_bear 2-9-2021, 5:46:14 AM
MonkeyDLuffy(MonkeyDLuffy) used a skinned_bear 2-9-2021, 5:46:14 AM
MonkeyDLuffy(MonkeyDLuffy) used a skinned_bear 2-9-2021, 5:46:14 AM
MonkeyDLuffy(MonkeyDLuffy) used a skinned_bear 2-9-2021, 5:46:15 AM
MonkeyDLuffy(MonkeyDLuffy) used a skinned_bear 2-9-2021, 5:46:15 AM
MonkeyDLuffy(MonkeyDLuffy) used a skinned_bear 2-9-2021, 5:46:15 AM
MonkeyDLuffy(MonkeyDLuffy) used a skinned_bear 2-9-2021, 5:46:15 AM
MonkeyDLuffy(MonkeyDLuffy) used a skinned_bear 2-9-2021, 5:46:15 AM
MonkeyDLuffy(MonkeyDLuffy) used a skinned_bear 2-9-2021, 5:46:16 AM
MonkeyDLuffy(MonkeyDLuffy) used a skinned_bear 2-9-2021, 5:46:16 AM
MonkeyDLuffy(MonkeyDLuffy) used a skinned_bear 2-9-2021, 5:46:16 AM
MonkeyDLuffy(MonkeyDLuffy) used a skinned_bear 2-9-2021, 5:46:16 AM
MonkeyDLuffy(MonkeyDLuffy) used a skinned_bear 2-9-2021, 5:46:16 AM
MonkeyDLuffy(MonkeyDLuffy) used a skinned_bear 2-9-2021, 5:46:17 AM
MonkeyDLuffy(MonkeyDLuffy) used a skinned_bear 2-9-2021, 5:46:17 AM
MonkeyDLuffy(MonkeyDLuffy) used a skinned_bear 2-9-2021, 5:46:17 AM
MonkeyDLuffy(MonkeyDLuffy) used a skinned_bear 2-9-2021, 5:46:17 AM
MonkeyDLuffy(MonkeyDLuffy) used a skinned_bear 2-9-2021, 5:46:17 AM
MonkeyDLuffy(MonkeyDLuffy) used a skinned_bear 2-9-2021, 5:46:18 AM
MonkeyDLuffy(MonkeyDLuffy) used a skinned_bear 2-9-2021, 5:46:18 AM
MonkeyDLuffy(MonkeyDLuffy) used a skinned_bear 2-9-2021, 5:46:18 AM
MonkeyDLuffy(MonkeyDLuffy) used a skinned_bear 2-9-2021, 5:46:18 AM
MonkeyDLuffy(MonkeyDLuffy) used a skinned_bear 2-9-2021, 5:46:18 AM
MonkeyDLuffy(MonkeyDLuffy) used a skinned_bear 2-9-2021, 5:46:19 AM
MonkeyDLuffy(MonkeyDLuffy) used a skinned_bear 2-9-2021, 5:46:25 AM
MonkeyDLuffy(MonkeyDLuffy) used a skinned_bear 2-9-2021, 5:46:25 AM
MonkeyDLuffy(MonkeyDLuffy) used a skinned_bear 2-9-2021, 5:46:25 AM
MonkeyDLuffy(MonkeyDLuffy) used a skinned_bear 2-9-2021, 5:46:26 AM
MonkeyDLuffy(MonkeyDLuffy) used a skinned_bear 2-9-2021, 5:46:26 AM
MonkeyDLuffy(MonkeyDLuffy) used a skinned_bear 2-9-2021, 5:46:26 AM
MonkeyDLuffy(MonkeyDLuffy) used a skinned_bear 2-9-2021, 5:46:26 AM
MonkeyDLuffy(MonkeyDLuffy) used a skinned_bear 2-9-2021, 5:46:26 AM
MonkeyDLuffy(MonkeyDLuffy) used a skinned_bear 2-9-2021, 5:46:27 AM
MonkeyDLuffy(MonkeyDLuffy) used a skinned_bear 2-9-2021, 5:46:27 AM
MonkeyDLuffy(MonkeyDLuffy) used a skinned_bear 2-9-2021, 5:46:27 AM
MonkeyDLuffy(MonkeyDLuffy) used a skinned_bear 2-9-2021, 5:46:27 AM
MonkeyDLuffy(MonkeyDLuffy) used a skinned_bear 2-9-2021, 5:46:27 AM
MonkeyDLuffy(MonkeyDLuffy) used a skinned_bear 2-9-2021, 5:46:28 AM
MonkeyDLuffy(MonkeyDLuffy) used a skinned_bear 2-9-2021, 5:46:28 AM
MonkeyDLuffy(MonkeyDLuffy) used a skinned_bear 2-9-2021, 5:46:28 AM
MonkeyDLuffy(MonkeyDLuffy) used a skinned_bear 2-9-2021, 5:46:28 AM
MonkeyDLuffy(MonkeyDLuffy) used a skinned_bear 2-9-2021, 5:46:28 AM
MonkeyDLuffy(MonkeyDLuffy) used a skinned_bear 2-9-2021, 5:46:29 AM
MonkeyDLuffy(MonkeyDLuffy) used a skinned_bear 2-9-2021, 5:46:29 AM
MonkeyDLuffy(MonkeyDLuffy) used a skinned_bear 2-9-2021, 5:46:29 AM
MonkeyDLuffy(MonkeyDLuffy) used a skinned_bear 2-9-2021, 5:46:29 AM
MonkeyDLuffy(MonkeyDLuffy) used a skinned_bear 2-9-2021, 5:46:29 AM
MonkeyDLuffy(MonkeyDLuffy) used a skinned_bear 2-9-2021, 5:46:30 AM
MonkeyDLuffy(MonkeyDLuffy) used a skinned_bear 2-9-2021, 5:46:30 AM
MonkeyDLuffy(MonkeyDLuffy) used a skinned_bear 2-9-2021, 5:46:30 AM
MonkeyDLuffy(MonkeyDLuffy) used a skinned_bear 2-9-2021, 5:46:30 AM
MonkeyDLuffy(MonkeyDLuffy) used a skinned_bear 2-9-2021, 5:46:31 AM
MonkeyDLuffy(MonkeyDLuffy) used a skinned_bear 2-9-2021, 5:46:31 AM
MonkeyDLuffy(MonkeyDLuffy) used a skinned_bear 2-9-2021, 5:46:34 AM
MonkeyDLuffy(MonkeyDLuffy) used a skinned_bear 2-9-2021, 5:46:34 AM
MonkeyDLuffy(MonkeyDLuffy) used a skinned_bear 2-9-2021, 5:46:35 AM
MonkeyDLuffy(MonkeyDLuffy) used a skinned_bear 2-9-2021, 5:46:35 AM
MonkeyDLuffy(MonkeyDLuffy) used a skinned_bear 2-9-2021, 5:46:35 AM
MonkeyDLuffy(MonkeyDLuffy) used a skinned_bear 2-9-2021, 5:46:35 AM
MonkeyDLuffy(MonkeyDLuffy) used a skinned_bear 2-9-2021, 5:46:35 AM
MonkeyDLuffy(MonkeyDLuffy) used a skinned_bear 2-9-2021, 5:46:36 AM
MonkeyDLuffy(MonkeyDLuffy) used a skinned_bear 2-9-2021, 5:46:36 AM
MonkeyDLuffy(MonkeyDLuffy) used a skinned_bear 2-9-2021, 5:46:36 AM
MonkeyDLuffy(MonkeyDLuffy) used a skinned_bear 2-9-2021, 5:46:36 AM
MonkeyDLuffy(MonkeyDLuffy) used a skinned_bear 2-9-2021, 5:46:37 AM
MonkeyDLuffy(MonkeyDLuffy) used a skinned_bear 2-9-2021, 5:46:37 AM
MonkeyDLuffy(MonkeyDLuffy) used a skinned_bear 2-9-2021, 5:46:37 AM
MonkeyDLuffy(MonkeyDLuffy) used a skinned_bear 2-9-2021, 5:46:37 AM
MonkeyDLuffy(MonkeyDLuffy) used a skinned_bear 2-9-2021, 5:46:38 AM
MonkeyDLuffy(MonkeyDLuffy) used a skinned_bear 2-9-2021, 5:46:38 AM
MonkeyDLuffy(MonkeyDLuffy) used a skinned_bear 2-9-2021, 5:46:38 AM
MonkeyDLuffy(MonkeyDLuffy) used a skinned_bear 2-9-2021, 5:46:38 AM
MonkeyDLuffy(MonkeyDLuffy) used a skinned_bear 2-9-2021, 5:46:38 AM
MonkeyDLuffy(MonkeyDLuffy) used a skinned_bear 2-9-2021, 5:46:39 AM
MonkeyDLuffy(MonkeyDLuffy) used a skinned_bear 2-9-2021, 5:46:39 AM
MonkeyDLuffy(MonkeyDLuffy) used a skinned_bear 2-9-2021, 5:46:39 AM
MonkeyDLuffy(MonkeyDLuffy) used a skinned_bear 2-9-2021, 5:46:39 AM
MonkeyDLuffy(MonkeyDLuffy) used a skinned_bear 2-9-2021, 5:46:39 AM
MonkeyDLuffy(MonkeyDLuffy) used a skinned_bear 2-9-2021, 5:46:40 AM
MonkeyDLuffy(MonkeyDLuffy) used a skinned_bear 2-9-2021, 5:46:40 AM
MonkeyDLuffy(MonkeyDLuffy) used a skinned_bear 2-9-2021, 5:46:40 AM
MonkeyDLuffy(MonkeyDLuffy) used a skinned_bear 2-9-2021, 5:46:40 AM
MonkeyDLuffy(MonkeyDLuffy) used a skinned_bear 2-9-2021, 5:46:41 AM
MonkeyDLuffy(MonkeyDLuffy) used a skinned_bear 2-9-2021, 5:46:41 AM
MonkeyDLuffy(MonkeyDLuffy) used a skinned_bear 2-9-2021, 5:46:41 AM
MonkeyDLuffy(MonkeyDLuffy) used a skinned_bear 2-9-2021, 5:46:41 AM
MonkeyDLuffy(MonkeyDLuffy) used a skinned_bear 2-9-2021, 5:46:41 AM
MonkeyDLuffy(MonkeyDLuffy) used a skinned_bear 2-9-2021, 5:46:42 AM
MonkeyDLuffy(MonkeyDLuffy) used a skinned_bear 2-9-2021, 5:46:42 AM
MonkeyDLuffy(MonkeyDLuffy) used a skinned_bear 2-9-2021, 5:46:42 AM
MonkeyDLuffy(MonkeyDLuffy) used a skinned_bear 2-9-2021, 5:46:42 AM
MonkeyDLuffy(MonkeyDLuffy) used a skinned_bear 2-9-2021, 5:46:43 AM
MonkeyDLuffy(MonkeyDLuffy) used a skinned_bear 2-9-2021, 5:46:43 AM
MonkeyDLuffy(MonkeyDLuffy) used a skinned_bear 2-9-2021, 5:46:43 AM
MonkeyDLuffy(MonkeyDLuffy) used a skinned_bear 2-9-2021, 5:46:43 AM
MonkeyDLuffy(MonkeyDLuffy) used a skinned_bear 2-9-2021, 5:46:43 AM
MonkeyDLuffy(MonkeyDLuffy) used a skinned_bear 2-9-2021, 5:46:44 AM
MonkeyDLuffy(MonkeyDLuffy) used a skinned_bear 2-9-2021, 5:46:46 AM
MonkeyDLuffy(MonkeyDLuffy) used a skinned_bear 2-9-2021, 5:46:46 AM
MonkeyDLuffy(MonkeyDLuffy) used a skinned_bear 2-9-2021, 5:46:46 AM
MonkeyDLuffy(MonkeyDLuffy) used a skinned_bear 2-9-2021, 5:46:47 AM
MonkeyDLuffy(MonkeyDLuffy) used a skinned_bear 2-9-2021, 5:46:47 AM
MonkeyDLuffy(MonkeyDLuffy) used a skinned_bear 2-9-2021, 5:46:47 AM
MonkeyDLuffy(MonkeyDLuffy) used a skinned_bear 2-9-2021, 5:46:48 AM
MonkeyDLuffy(MonkeyDLuffy) used a skinned_bear 2-9-2021, 5:46:48 AM
MonkeyDLuffy(MonkeyDLuffy) used a skinned_bear 2-9-2021, 5:46:48 AM
MonkeyDLuffy(MonkeyDLuffy) used a skinned_bear 2-9-2021, 5:46:48 AM
MonkeyDLuffy(MonkeyDLuffy) used a skinned_bear 2-9-2021, 5:46:48 AM
MonkeyDLuffy(MonkeyDLuffy) used a skinned_bear 2-9-2021, 5:46:49 AM
MonkeyDLuffy(MonkeyDLuffy) used a skinned_bear 2-9-2021, 5:46:49 AM
MonkeyDLuffy(MonkeyDLuffy) used a skinned_bear 2-9-2021, 5:46:49 AM
MonkeyDLuffy(MonkeyDLuffy) used a skinned_bear 2-9-2021, 5:46:49 AM
MonkeyDLuffy(MonkeyDLuffy) used a skinned_bear 2-9-2021, 5:46:50 AM
MonkeyDLuffy(MonkeyDLuffy) used a skinned_bear 2-9-2021, 5:46:50 AM
MonkeyDLuffy(MonkeyDLuffy) used a skinned_bear 2-9-2021, 5:46:50 AM
MonkeyDLuffy(MonkeyDLuffy) used a skinned_bear 2-9-2021, 5:46:50 AM
MonkeyDLuffy(MonkeyDLuffy) used a skinned_bear 2-9-2021, 5:46:50 AM
MonkeyDLuffy(MonkeyDLuffy) used a skinned_bear 2-9-2021, 5:46:51 AM
MonkeyDLuffy(MonkeyDLuffy) used a skinned_bear 2-9-2021, 5:46:51 AM
MonkeyDLuffy(MonkeyDLuffy) used a skinned_bear 2-9-2021, 5:46:51 AM
MonkeyDLuffy(MonkeyDLuffy) used a skinned_bear 2-9-2021, 5:46:51 AM
MonkeyDLuffy(MonkeyDLuffy) used a skinned_bear 2-9-2021, 5:46:52 AM
MonkeyDLuffy(MonkeyDLuffy) used a skinned_bear 2-9-2021, 5:46:52 AM
MonkeyDLuffy(MonkeyDLuffy) used a skinned_bear 2-9-2021, 5:46:52 AM
MonkeyDLuffy(MonkeyDLuffy) used a skinned_bear 2-9-2021, 5:46:52 AM
MonkeyDLuffy(MonkeyDLuffy) used a skinned_bear 2-9-2021, 5:46:53 AM
MonkeyDLuffy(MonkeyDLuffy) used a skinned_bear 2-9-2021, 5:46:53 AM
MonkeyDLuffy(MonkeyDLuffy) used a skinned_bear 2-9-2021, 5:46:53 AM
MonkeyDLuffy(MonkeyDLuffy) used a skinned_bear 2-9-2021, 5:46:53 AM
MonkeyDLuffy(MonkeyDLuffy) used a skinned_bear 2-9-2021, 5:46:53 AM
MonkeyDLuffy(MonkeyDLuffy) used a skinned_bear 2-9-2021, 5:46:54 AM
MonkeyDLuffy(MonkeyDLuffy) used a skinned_bear 2-9-2021, 5:46:54 AM
MonkeyDLuffy(MonkeyDLuffy) used a skinned_bear 2-9-2021, 5:46:54 AM
MonkeyDLuffy(MonkeyDLuffy) used a skinned_bear 2-9-2021, 5:46:54 AM
MonkeyDLuffy(MonkeyDLuffy) used a skinned_bear 2-9-2021, 5:46:55 AM
MonkeyDLuffy(MonkeyDLuffy) used a skinned_bear 2-9-2021, 5:46:55 AM
MonkeyDLuffy(MonkeyDLuffy) used a skinned_bear 2-9-2021, 5:46:55 AM
MonkeyDLuffy(MonkeyDLuffy) used a skinned_bear 2-9-2021, 5:46:55 AM
MonkeyDLuffy(MonkeyDLuffy) used a skinned_bear 2-9-2021, 5:46:55 AM
MonkeyDLuffy(MonkeyDLuffy) used a skinned_bear 2-9-2021, 5:46:56 AM
MonkeyDLuffy(MonkeyDLuffy) used a skinned_bear 2-9-2021, 5:46:56 AM
MonkeyDLuffy(MonkeyDLuffy) used a skinned_bear 2-9-2021, 5:46:56 AM
MonkeyDLuffy(MonkeyDLuffy) used a skinned_bear 2-9-2021, 5:46:56 AM
MonkeyDLuffy(MonkeyDLuffy) used a skinned_bear 2-9-2021, 5:46:57 AM
MonkeyDLuffy(MonkeyDLuffy) used a skinned_bear 2-9-2021, 5:46:57 AM
MonkeyDLuffy(MonkeyDLuffy) used a skinned_bear 2-9-2021, 5:46:57 AM
MonkeyDLuffy(MonkeyDLuffy) used a skinned_bear 2-9-2021, 5:46:57 AM
MonkeyDLuffy(MonkeyDLuffy) used a skinned_bear 2-9-2021, 5:46:58 AM
MonkeyDLuffy(MonkeyDLuffy) used a skinned_bear 2-9-2021, 5:46:58 AM
MonkeyDLuffy(MonkeyDLuffy) used a skinned_bear 2-9-2021, 5:46:58 AM
MonkeyDLuffy(MonkeyDLuffy) used a skinned_bear 2-9-2021, 5:46:58 AM
MonkeyDLuffy(MonkeyDLuffy) used a skinned_bear 2-9-2021, 5:46:59 AM
MonkeyDLuffy(MonkeyDLuffy) used a skinned_bear 2-9-2021, 5:46:59 AM
MonkeyDLuffy(MonkeyDLuffy) used a skinned_bear 2-9-2021, 5:46:59 AM
MonkeyDLuffy(MonkeyDLuffy) used a skinned_bear 2-9-2021, 5:46:59 AM
MonkeyDLuffy(MonkeyDLuffy) used a skinned_bear 2-9-2021, 5:47:00 AM
MonkeyDLuffy(MonkeyDLuffy) used a skinned_bear 2-9-2021, 5:47:00 AM
MonkeyDLuffy(MonkeyDLuffy) used a skinned_bear 2-9-2021, 5:47:00 AM
MonkeyDLuffy(MonkeyDLuffy) used a skinned_bear 2-9-2021, 5:47:00 AM
MonkeyDLuffy(MonkeyDLuffy) used a skinned_bear 2-9-2021, 5:47:01 AM
MonkeyDLuffy(MonkeyDLuffy) used a skinned_bear 2-9-2021, 5:47:01 AM
MonkeyDLuffy(MonkeyDLuffy) used a skinned_bear 2-9-2021, 5:47:01 AM
MonkeyDLuffy(MonkeyDLuffy) used a skinned_bear 2-9-2021, 5:47:02 AM
MonkeyDLuffy(MonkeyDLuffy) used a skinned_bear 2-9-2021, 5:47:02 AM
MonkeyDLuffy(MonkeyDLuffy) used a skinned_bear 2-9-2021, 5:47:02 AM
MonkeyDLuffy(MonkeyDLuffy) used a skinned_bear 2-9-2021, 5:47:02 AM
MonkeyDLuffy(MonkeyDLuffy) used a skinned_bear 2-9-2021, 5:47:03 AM
MonkeyDLuffy(MonkeyDLuffy) used a skinned_bear 2-9-2021, 5:47:03 AM
MonkeyDLuffy(MonkeyDLuffy) used a skinned_bear 2-9-2021, 5:47:03 AM
MonkeyDLuffy(MonkeyDLuffy) used a skinned_bear 2-9-2021, 5:47:03 AM
MonkeyDLuffy(MonkeyDLuffy) used a skinned_bear 2-9-2021, 5:47:04 AM
MonkeyDLuffy(MonkeyDLuffy) used a skinned_bear 2-9-2021, 5:47:04 AM
MonkeyDLuffy(MonkeyDLuffy) used a skinned_bear 2-9-2021, 5:47:04 AM
MonkeyDLuffy(MonkeyDLuffy) used a skinned_bear 2-9-2021, 5:47:05 AM
MonkeyDLuffy(MonkeyDLuffy) used a skinned_bear 2-9-2021, 5:47:46 AM
MonkeyDLuffy(MonkeyDLuffy) used a skinned_bear 2-9-2021, 5:47:47 AM
MonkeyDLuffy(MonkeyDLuffy) used a skinned_bear 2-9-2021, 5:47:47 AM
MonkeyDLuffy(MonkeyDLuffy) used a skinned_bear 2-9-2021, 5:47:47 AM
MonkeyDLuffy(MonkeyDLuffy) used a skinned_bear 2-9-2021, 5:47:48 AM
MonkeyDLuffy(MonkeyDLuffy) used a skinned_bear 2-9-2021, 5:47:48 AM
MonkeyDLuffy(MonkeyDLuffy) used a skinned_bear 2-9-2021, 5:47:48 AM
MonkeyDLuffy(MonkeyDLuffy) used a skinned_bear 2-9-2021, 5:47:48 AM
MonkeyDLuffy(MonkeyDLuffy) used a skinned_bear 2-9-2021, 5:47:48 AM
MonkeyDLuffy(MonkeyDLuffy) used a skinned_bear 2-9-2021, 5:47:49 AM
MonkeyDLuffy(MonkeyDLuffy) used a skinned_bear 2-9-2021, 5:47:49 AM
MonkeyDLuffy(MonkeyDLuffy) used a skinned_bear 2-9-2021, 5:47:49 AM
MonkeyDLuffy(MonkeyDLuffy) used a skinned_bear 2-9-2021, 5:47:49 AM
MonkeyDLuffy(MonkeyDLuffy) used a skinned_bear 2-9-2021, 5:47:49 AM
MonkeyDLuffy(MonkeyDLuffy) used a skinned_bear 2-9-2021, 5:47:50 AM
MonkeyDLuffy(MonkeyDLuffy) used a skinned_bear 2-9-2021, 5:47:50 AM
MonkeyDLuffy(MonkeyDLuffy) used a skinned_bear 2-9-2021, 5:47:50 AM
MonkeyDLuffy(MonkeyDLuffy) used a skinned_bear 2-9-2021, 5:47:50 AM
MonkeyDLuffy(MonkeyDLuffy) used a skinned_bear 2-9-2021, 5:47:51 AM
MonkeyDLuffy(MonkeyDLuffy) used a skinned_bear 2-9-2021, 5:47:51 AM
MonkeyDLuffy(MonkeyDLuffy) used a skinned_bear 2-9-2021, 5:47:51 AM
MonkeyDLuffy(MonkeyDLuffy) used a skinned_bear 2-9-2021, 5:47:51 AM
MonkeyDLuffy(MonkeyDLuffy) used a skinned_bear 2-9-2021, 5:47:51 AM
MonkeyDLuffy(MonkeyDLuffy) used a skinned_bear 2-9-2021, 5:47:52 AM
MonkeyDLuffy(MonkeyDLuffy) used a skinned_bear 2-9-2021, 5:47:52 AM
MonkeyDLuffy(MonkeyDLuffy) used a skinned_bear 2-9-2021, 5:48:10 AM
MonkeyDLuffy(MonkeyDLuffy) used a skinned_bear 2-9-2021, 5:48:10 AM
MonkeyDLuffy(MonkeyDLuffy) used a skinned_bear 2-9-2021, 5:48:11 AM
MonkeyDLuffy(MonkeyDLuffy) used a skinned_bear 2-9-2021, 5:48:11 AM
MonkeyDLuffy(MonkeyDLuffy) used a skinned_bear 2-9-2021, 5:48:11 AM
MonkeyDLuffy(MonkeyDLuffy) used a skinned_bear 2-9-2021, 5:48:11 AM
MonkeyDLuffy(MonkeyDLuffy) used a skinned_bear 2-9-2021, 5:48:11 AM
MonkeyDLuffy(MonkeyDLuffy) used a skinned_bear 2-9-2021, 5:48:12 AM
MonkeyDLuffy(MonkeyDLuffy) used a skinned_bear 2-9-2021, 5:48:12 AM
MonkeyDLuffy(MonkeyDLuffy) used a skinned_bear 2-9-2021, 5:48:12 AM
MonkeyDLuffy(MonkeyDLuffy) used a skinned_bear 2-9-2021, 5:48:12 AM
MonkeyDLuffy(MonkeyDLuffy) used a skinned_bear 2-9-2021, 5:48:13 AM
MonkeyDLuffy(MonkeyDLuffy) used a skinned_bear 2-9-2021, 5:48:13 AM
MonkeyDLuffy(MonkeyDLuffy) used a skinned_bear 2-9-2021, 5:48:13 AM
MonkeyDLuffy(MonkeyDLuffy) used a skinned_bear 2-9-2021, 5:48:13 AM
MonkeyDLuffy(MonkeyDLuffy) used a skinned_bear 2-9-2021, 5:48:13 AM
MonkeyDLuffy(MonkeyDLuffy) used a skinned_bear 2-9-2021, 5:48:13 AM
MonkeyDLuffy(MonkeyDLuffy) used a skinned_bear 2-9-2021, 5:48:14 AM
MonkeyDLuffy(MonkeyDLuffy) used a skinned_bear 2-9-2021, 5:48:14 AM
MonkeyDLuffy(MonkeyDLuffy) used a skinned_bear 2-9-2021, 5:48:14 AM
MonkeyDLuffy(MonkeyDLuffy) used a skinned_bear 2-9-2021, 5:48:14 AM
MonkeyDLuffy(MonkeyDLuffy) used a skinned_bear 2-9-2021, 5:48:15 AM
MonkeyDLuffy(MonkeyDLuffy) used a skinned_bear 2-9-2021, 5:48:15 AM
MonkeyDLuffy(MonkeyDLuffy) used a skinned_bear 2-9-2021, 5:48:15 AM
MonkeyDLuffy(MonkeyDLuffy) used a skinned_bear 2-9-2021, 5:48:15 AM
MonkeyDLuffy(MonkeyDLuffy) used a skinned_bear 2-9-2021, 5:48:16 AM
MonkeyDLuffy(MonkeyDLuffy) used a skinned_bear 2-9-2021, 5:48:16 AM
MonkeyDLuffy(MonkeyDLuffy) used a skinned_bear 2-9-2021, 5:48:16 AM
MonkeyDLuffy(MonkeyDLuffy) used a skinned_bear 2-9-2021, 5:48:16 AM
MonkeyDLuffy(MonkeyDLuffy) used a skinned_bear 2-9-2021, 5:48:17 AM
MonkeyDLuffy(MonkeyDLuffy) used a skinned_bear 2-9-2021, 5:48:17 AM
MonkeyDLuffy(MonkeyDLuffy) used a skinned_bear 2-9-2021, 5:48:17 AM
MonkeyDLuffy(MonkeyDLuffy) used a skinned_bear 2-9-2021, 5:48:17 AM
MonkeyDLuffy(MonkeyDLuffy) used a skinned_bear 2-9-2021, 5:48:17 AM
MonkeyDLuffy(MonkeyDLuffy) used a skinned_bear 2-9-2021, 5:48:18 AM
MonkeyDLuffy(MonkeyDLuffy) used a skinned_bear 2-9-2021, 5:48:18 AM
MonkeyDLuffy(MonkeyDLuffy) used a skinned_bear 2-9-2021, 5:48:18 AM
MonkeyDLuffy(MonkeyDLuffy) used a skinned_bear 2-9-2021, 5:48:18 AM
MonkeyDLuffy(MonkeyDLuffy) used a skinned_bear 2-9-2021, 5:48:19 AM
MonkeyDLuffy(MonkeyDLuffy) used a skinned_bear 2-9-2021, 5:48:19 AM
MonkeyDLuffy(MonkeyDLuffy) used a skinned_bear 2-9-2021, 5:48:19 AM
MonkeyDLuffy(MonkeyDLuffy) used a skinned_bear 2-9-2021, 5:48:19 AM
MonkeyDLuffy(MonkeyDLuffy) used a skinned_bear 2-9-2021, 5:48:20 AM
MonkeyDLuffy(MonkeyDLuffy) used a skinned_bear 2-9-2021, 5:48:20 AM
MonkeyDLuffy(MonkeyDLuffy) used a skinned_bear 2-9-2021, 5:48:20 AM
MonkeyDLuffy(MonkeyDLuffy) used a skinned_bear 2-9-2021, 5:48:20 AM
MonkeyDLuffy(MonkeyDLuffy) used a skinned_bear 2-9-2021, 5:48:21 AM
MonkeyDLuffy(MonkeyDLuffy) used a skinned_bear 2-9-2021, 5:48:21 AM
MonkeyDLuffy(MonkeyDLuffy) used a skinned_bear 2-9-2021, 5:48:21 AM
MonkeyDLuffy(MonkeyDLuffy) used a skinned_bear 2-9-2021, 5:48:22 AM
MonkeyDLuffy(MonkeyDLuffy) used a skinned_bear 2-9-2021, 5:48:22 AM
MonkeyDLuffy(MonkeyDLuffy) used a skinned_bear 2-9-2021, 5:48:22 AM
MonkeyDLuffy(MonkeyDLuffy) used a skinned_bear 2-9-2021, 5:48:22 AM
MonkeyDLuffy(MonkeyDLuffy) used a skinned_bear 2-9-2021, 5:48:22 AM
MonkeyDLuffy(MonkeyDLuffy) used a skinned_bear 2-9-2021, 5:48:23 AM
MonkeyDLuffy(MonkeyDLuffy) used a skinned_bear 2-9-2021, 5:48:23 AM
MonkeyDLuffy(MonkeyDLuffy) used a skinned_bear 2-9-2021, 5:48:23 AM
MonkeyDLuffy(MonkeyDLuffy) used a skinned_bear 2-9-2021, 5:48:23 AM
MonkeyDLuffy(MonkeyDLuffy) used a skinned_bear 2-9-2021, 5:48:24 AM
MonkeyDLuffy(MonkeyDLuffy) used a skinned_bear 2-9-2021, 5:48:24 AM
MonkeyDLuffy(MonkeyDLuffy) used a skinned_bear 2-9-2021, 5:48:24 AM
MonkeyDLuffy(MonkeyDLuffy) used a skinned_bear 2-9-2021, 5:48:24 AM
MonkeyDLuffy(MonkeyDLuffy) used a skinned_bear 2-9-2021, 5:48:24 AM
MonkeyDLuffy(MonkeyDLuffy) used a skinned_bear 2-9-2021, 5:48:25 AM
MonkeyDLuffy(MonkeyDLuffy) used a skinned_bear 2-9-2021, 5:48:25 AM
MonkeyDLuffy(MonkeyDLuffy) used a skinned_bear 2-9-2021, 5:48:25 AM
MonkeyDLuffy(MonkeyDLuffy) used a skinned_bear 2-9-2021, 5:48:25 AM
MonkeyDLuffy(MonkeyDLuffy) used a skinned_bear 2-9-2021, 5:48:26 AM
MonkeyDLuffy(MonkeyDLuffy) used a skinned_bear 2-9-2021, 5:48:26 AM
MonkeyDLuffy(MonkeyDLuffy) used a skinned_bear 2-9-2021, 5:48:26 AM
MonkeyDLuffy(MonkeyDLuffy) used a skinned_bear 2-9-2021, 5:48:26 AM
MonkeyDLuffy(MonkeyDLuffy) used a skinned_bear 2-9-2021, 5:48:27 AM
MonkeyDLuffy(MonkeyDLuffy) used a skinned_bear 2-9-2021, 5:48:27 AM
MonkeyDLuffy(MonkeyDLuffy) used a skinned_bear 2-9-2021, 5:48:27 AM
MonkeyDLuffy(MonkeyDLuffy) used a skinned_bear 2-9-2021, 5:48:27 AM
MonkeyDLuffy(MonkeyDLuffy) used a skinned_bear 2-9-2021, 5:48:27 AM
MonkeyDLuffy(MonkeyDLuffy) used a skinned_bear 2-9-2021, 5:48:28 AM
MonkeyDLuffy(MonkeyDLuffy) used a skinned_bear 2-9-2021, 5:48:28 AM
MonkeyDLuffy(MonkeyDLuffy) used a skinned_bear 2-9-2021, 5:48:28 AM
MonkeyDLuffy(MonkeyDLuffy) used a skinned_bear 2-9-2021, 5:48:28 AM
MonkeyDLuffy(MonkeyDLuffy) used a skinned_bear 2-9-2021, 5:48:29 AM
MonkeyDLuffy(MonkeyDLuffy) used a skinned_bear 2-9-2021, 5:48:29 AM
MonkeyDLuffy(MonkeyDLuffy) used a skinned_bear 2-9-2021, 5:48:29 AM
MonkeyDLuffy(MonkeyDLuffy) used a skinned_bear 2-9-2021, 5:48:29 AM
MonkeyDLuffy(MonkeyDLuffy) used a skinned_bear 2-9-2021, 5:48:30 AM
MonkeyDLuffy(MonkeyDLuffy) used a skinned_bear 2-9-2021, 5:48:30 AM
MonkeyDLuffy(MonkeyDLuffy) used a skinned_bear 2-9-2021, 5:48:30 AM
MonkeyDLuffy(MonkeyDLuffy) used a skinned_bear 2-9-2021, 5:48:30 AM
MonkeyDLuffy(MonkeyDLuffy) used a skinned_bear 2-9-2021, 5:48:30 AM
MonkeyDLuffy(MonkeyDLuffy) used a skinned_bear 2-9-2021, 5:48:31 AM
MonkeyDLuffy(MonkeyDLuffy) used a skinned_bear 2-9-2021, 5:48:31 AM
MonkeyDLuffy(MonkeyDLuffy) used a skinned_bear 2-9-2021, 5:48:31 AM
MonkeyDLuffy(MonkeyDLuffy) used a skinned_bear 2-9-2021, 5:48:31 AM
MonkeyDLuffy(MonkeyDLuffy) used a skinned_bear 2-9-2021, 5:48:32 AM
MonkeyDLuffy(MonkeyDLuffy) used a skinned_bear 2-9-2021, 5:48:32 AM
MonkeyDLuffy(MonkeyDLuffy) used a skinned_bear 2-9-2021, 5:48:32 AM
MonkeyDLuffy(MonkeyDLuffy) used a skinned_bear 2-9-2021, 5:48:32 AM
MonkeyDLuffy(MonkeyDLuffy) used a skinned_bear 2-9-2021, 5:48:33 AM
MonkeyDLuffy(MonkeyDLuffy) used a skinned_bear 2-9-2021, 5:48:33 AM
MonkeyDLuffy(MonkeyDLuffy) used a skinned_bear 2-9-2021, 5:48:33 AM
MonkeyDLuffy(MonkeyDLuffy) used a skinned_bear 2-9-2021, 5:48:33 AM
MonkeyDLuffy(MonkeyDLuffy) used a skinned_bear 2-9-2021, 5:48:33 AM
MonkeyDLuffy(MonkeyDLuffy) used a skinned_bear 2-9-2021, 5:48:34 AM
MonkeyDLuffy(MonkeyDLuffy) used a skinned_bear 2-9-2021, 5:48:34 AM
MonkeyDLuffy(MonkeyDLuffy) used a skinned_bear 2-9-2021, 5:48:34 AM
MonkeyDLuffy(MonkeyDLuffy) used a skinned_bear 2-9-2021, 5:48:34 AM
MonkeyDLuffy(MonkeyDLuffy) used a skinned_bear 2-9-2021, 5:48:35 AM
MonkeyDLuffy(MonkeyDLuffy) used a skinned_bear 2-9-2021, 5:49:12 AM
MonkeyDLuffy(MonkeyDLuffy) used a skinned_bear 2-9-2021, 5:49:12 AM
MonkeyDLuffy(MonkeyDLuffy) used a skinned_bear 2-9-2021, 5:49:13 AM
MonkeyDLuffy(MonkeyDLuffy) used a skinned_bear 2-9-2021, 5:49:13 AM
MonkeyDLuffy(MonkeyDLuffy) used a skinned_bear 2-9-2021, 5:49:15 AM
MonkeyDLuffy(MonkeyDLuffy) used a skinned_bear 2-9-2021, 5:49:15 AM
MonkeyDLuffy(MonkeyDLuffy) used a skinned_bear 2-9-2021, 5:49:15 AM
MonkeyDLuffy(MonkeyDLuffy) used a skinned_bear 2-9-2021, 5:49:15 AM
MonkeyDLuffy(MonkeyDLuffy) used a skinned_bear 2-9-2021, 5:49:16 AM
MonkeyDLuffy(MonkeyDLuffy) used a skinned_bear 2-9-2021, 5:49:16 AM
MonkeyDLuffy(MonkeyDLuffy) used a skinned_bear 2-9-2021, 5:49:16 AM
MonkeyDLuffy(MonkeyDLuffy) used a skinned_bear 2-9-2021, 5:49:16 AM
MonkeyDLuffy(MonkeyDLuffy) used a skinned_bear 2-9-2021, 5:49:16 AM
MonkeyDLuffy(MonkeyDLuffy) used a skinned_bear 2-9-2021, 5:49:17 AM
MonkeyDLuffy(MonkeyDLuffy) used a skinned_bear 2-9-2021, 5:49:17 AM
MonkeyDLuffy(MonkeyDLuffy) used a skinned_bear 2-9-2021, 5:49:17 AM
MonkeyDLuffy(MonkeyDLuffy) used a skinned_bear 2-9-2021, 5:49:17 AM
MonkeyDLuffy(MonkeyDLuffy) used a skinned_bear 2-9-2021, 5:49:18 AM
MonkeyDLuffy(MonkeyDLuffy) used a skinned_bear 2-9-2021, 5:49:18 AM
MonkeyDLuffy(MonkeyDLuffy) used a skinned_bear 2-9-2021, 5:49:18 AM
MonkeyDLuffy(MonkeyDLuffy) used a skinned_bear 2-9-2021, 5:49:18 AM
MonkeyDLuffy(MonkeyDLuffy) used a skinned_bear 2-9-2021, 5:49:19 AM
MonkeyDLuffy(MonkeyDLuffy) used a skinned_bear 2-9-2021, 5:49:19 AM
MonkeyDLuffy(MonkeyDLuffy) used a skinned_bear 2-9-2021, 5:49:19 AM
MonkeyDLuffy(MonkeyDLuffy) used a skinned_bear 2-9-2021, 5:49:19 AM
MonkeyDLuffy(MonkeyDLuffy) used a skinned_bear 2-9-2021, 5:49:19 AM
MonkeyDLuffy(MonkeyDLuffy) used a skinned_bear 2-9-2021, 5:49:20 AM
MonkeyDLuffy(MonkeyDLuffy) used a skinned_bear 2-9-2021, 5:49:20 AM
MonkeyDLuffy(MonkeyDLuffy) used a skinned_bear 2-9-2021, 5:49:20 AM
MonkeyDLuffy(MonkeyDLuffy) used a skinned_bear 2-9-2021, 5:49:20 AM
MonkeyDLuffy(MonkeyDLuffy) used a skinned_bear 2-9-2021, 5:49:21 AM
MonkeyDLuffy(MonkeyDLuffy) used a skinned_bear 2-9-2021, 5:49:21 AM
MonkeyDLuffy(MonkeyDLuffy) used a skinned_bear 2-9-2021, 5:49:21 AM
MonkeyDLuffy(MonkeyDLuffy) used a skinned_bear 2-9-2021, 5:49:21 AM
MonkeyDLuffy(MonkeyDLuffy) used a skinned_bear 2-9-2021, 5:49:22 AM
MonkeyDLuffy(MonkeyDLuffy) used a skinned_bear 2-9-2021, 5:49:22 AM
MonkeyDLuffy(MonkeyDLuffy) used a skinned_bear 2-9-2021, 5:49:22 AM
MonkeyDLuffy(MonkeyDLuffy) used a skinned_bear 2-9-2021, 5:49:23 AM
MonkeyDLuffy(MonkeyDLuffy) used a skinned_bear 2-9-2021, 5:49:24 AM
MonkeyDLuffy(MonkeyDLuffy) used a skinned_bear 2-9-2021, 5:49:24 AM
MonkeyDLuffy(MonkeyDLuffy) used a skinned_bear 2-9-2021, 5:49:24 AM
MonkeyDLuffy(MonkeyDLuffy) used a skinned_bear 2-9-2021, 5:49:25 AM
MonkeyDLuffy(MonkeyDLuffy) used a skinned_bear 2-9-2021, 5:49:25 AM
MonkeyDLuffy(MonkeyDLuffy) used a skinned_bear 2-9-2021, 5:49:25 AM
MonkeyDLuffy(MonkeyDLuffy) used a skinned_bear 2-9-2021, 5:50:34 AM
MonkeyDLuffy(MonkeyDLuffy) used a skinned_bear 2-9-2021, 5:50:34 AM
MonkeyDLuffy(MonkeyDLuffy) used a skinned_bear 2-9-2021, 5:50:34 AM
MonkeyDLuffy(MonkeyDLuffy) used a skinned_bear 2-9-2021, 5:50:34 AM
MonkeyDLuffy(MonkeyDLuffy) used a skinned_bear 2-9-2021, 5:50:34 AM
MonkeyDLuffy(MonkeyDLuffy) used a skinned_bear 2-9-2021, 5:50:35 AM
MonkeyDLuffy(MonkeyDLuffy) used a skinned_bear 2-9-2021, 5:50:35 AM
MonkeyDLuffy(MonkeyDLuffy) used a skinned_bear 2-9-2021, 5:50:35 AM
MonkeyDLuffy(MonkeyDLuffy) used a skinned_bear 2-9-2021, 5:50:35 AM
MonkeyDLuffy(MonkeyDLuffy) used a skinned_bear 2-9-2021, 5:50:36 AM
MonkeyDLuffy(MonkeyDLuffy) used a skinned_bear 2-9-2021, 5:50:36 AM
MonkeyDLuffy(MonkeyDLuffy) used a skinned_bear 2-9-2021, 5:50:36 AM
MonkeyDLuffy(MonkeyDLuffy) used a skinned_bear 2-9-2021, 5:50:36 AM
MonkeyDLuffy(MonkeyDLuffy) used a skinned_bear 2-9-2021, 5:50:36 AM
MonkeyDLuffy(MonkeyDLuffy) used a skinned_bear 2-9-2021, 5:50:37 AM
MonkeyDLuffy(MonkeyDLuffy) used a skinned_bear 2-9-2021, 5:50:37 AM
MonkeyDLuffy(MonkeyDLuffy) used a skinned_bear 2-9-2021, 5:50:44 AM
MonkeyDLuffy(MonkeyDLuffy) used a skinned_bear 2-9-2021, 5:50:44 AM
MonkeyDLuffy(MonkeyDLuffy) used a skinned_bear 2-9-2021, 5:50:45 AM
MonkeyDLuffy(MonkeyDLuffy) used a skinned_bear 2-9-2021, 5:50:45 AM
MonkeyDLuffy(MonkeyDLuffy) used a skinned_bear 2-9-2021, 5:50:45 AM
MonkeyDLuffy(MonkeyDLuffy) used a skinned_bear 2-9-2021, 5:50:45 AM
MonkeyDLuffy(MonkeyDLuffy) used a skinned_bear 2-9-2021, 5:50:45 AM
MonkeyDLuffy(MonkeyDLuffy) used a skinned_bear 2-9-2021, 5:50:46 AM
MonkeyDLuffy(MonkeyDLuffy) used a skinned_bear 2-9-2021, 5:50:46 AM
MonkeyDLuffy(MonkeyDLuffy) used a skinned_bear 2-9-2021, 5:50:46 AM
MonkeyDLuffy(MonkeyDLuffy) used a skinned_bear 2-9-2021, 5:50:46 AM
MonkeyDLuffy(MonkeyDLuffy) used a skinned_bear 2-9-2021, 5:50:47 AM
MonkeyDLuffy(MonkeyDLuffy) used a skinned_bear 2-9-2021, 5:50:47 AM
MonkeyDLuffy(MonkeyDLuffy) used a skinned_bear 2-9-2021, 5:50:47 AM
MonkeyDLuffy(MonkeyDLuffy) used a skinned_bear 2-9-2021, 5:50:47 AM
MonkeyDLuffy(MonkeyDLuffy) used a skinned_bear 2-9-2021, 5:50:47 AM
MonkeyDLuffy(MonkeyDLuffy) used a skinned_bear 2-9-2021, 5:50:48 AM
MonkeyDLuffy(MonkeyDLuffy) used a skinned_bear 2-9-2021, 5:50:48 AM
MonkeyDLuffy(MonkeyDLuffy) used a skinned_bear 2-9-2021, 5:50:48 AM
MonkeyDLuffy(MonkeyDLuffy) used a skinned_bear 2-9-2021, 5:50:48 AM
MonkeyDLuffy(MonkeyDLuffy) used a skinned_bear 2-9-2021, 5:50:49 AM
MonkeyDLuffy(MonkeyDLuffy) used a skinned_bear 2-9-2021, 5:50:49 AM
MonkeyDLuffy(MonkeyDLuffy) used a skinned_bear 2-9-2021, 5:50:51 AM
MonkeyDLuffy(MonkeyDLuffy) used a skinned_bear 2-9-2021, 5:50:51 AM
MonkeyDLuffy(MonkeyDLuffy) used a skinned_bear 2-9-2021, 5:50:51 AM
MonkeyDLuffy(MonkeyDLuffy) used a skinned_bear 2-9-2021, 5:50:51 AM
MonkeyDLuffy(MonkeyDLuffy) used a skinned_bear 2-9-2021, 5:50:52 AM
MonkeyDLuffy(MonkeyDLuffy) used a skinned_bear 2-9-2021, 5:50:52 AM
MonkeyDLuffy(MonkeyDLuffy) used a skinned_bear 2-9-2021, 5:50:52 AM
MonkeyDLuffy(MonkeyDLuffy) used a skinned_bear 2-9-2021, 5:50:52 AM
MonkeyDLuffy(MonkeyDLuffy) used a skinned_bear 2-9-2021, 5:50:53 AM
MonkeyDLuffy(MonkeyDLuffy) used a skinned_bear 2-9-2021, 5:50:53 AM
MonkeyDLuffy(MonkeyDLuffy) used a skinned_bear 2-9-2021, 5:50:54 AM
MonkeyDLuffy(MonkeyDLuffy) used a skinned_bear 2-9-2021, 5:50:54 AM
MonkeyDLuffy(MonkeyDLuffy) used a skinned_bear 2-9-2021, 5:50:54 AM
MonkeyDLuffy(MonkeyDLuffy) used a skinned_bear 2-9-2021, 5:50:57 AM
MonkeyDLuffy(MonkeyDLuffy) used a skinned_bear 2-9-2021, 5:50:57 AM
MonkeyDLuffy(MonkeyDLuffy) used a skinned_bear 2-9-2021, 5:50:58 AM
MonkeyDLuffy(MonkeyDLuffy) used a skinned_bear 2-9-2021, 5:50:58 AM
MonkeyDLuffy(MonkeyDLuffy) used a skinned_bear 2-9-2021, 5:50:58 AM
MonkeyDLuffy(MonkeyDLuffy) used a skinned_bear 2-9-2021, 5:50:58 AM
MonkeyDLuffy(MonkeyDLuffy) used a skinned_bear 2-9-2021, 5:50:59 AM
MonkeyDLuffy(MonkeyDLuffy) used a skinned_bear 2-9-2021, 5:50:59 AM
MonkeyDLuffy(MonkeyDLuffy) used a skinned_bear 2-9-2021, 5:50:59 AM
MonkeyDLuffy(MonkeyDLuffy) used a skinned_bear 2-9-2021, 5:50:59 AM
MonkeyDLuffy(MonkeyDLuffy) used a skinned_bear 2-9-2021, 5:51:00 AM
MonkeyDLuffy(MonkeyDLuffy) used a skinned_bear 2-9-2021, 5:51:00 AM
MonkeyDLuffy(MonkeyDLuffy) used a skinned_bear 2-9-2021, 5:51:00 AM
MonkeyDLuffy(MonkeyDLuffy) used a skinned_bear 2-9-2021, 5:51:00 AM
MonkeyDLuffy(MonkeyDLuffy) used a skinned_bear 2-9-2021, 5:51:01 AM
MonkeyDLuffy(MonkeyDLuffy) used a skinned_bear 2-9-2021, 5:51:01 AM
MonkeyDLuffy(MonkeyDLuffy) used a skinned_bear 2-9-2021, 5:51:01 AM
MonkeyDLuffy(MonkeyDLuffy) used a skinned_bear 2-9-2021, 5:51:02 AM
MonkeyDLuffy(MonkeyDLuffy) used a skinned_bear 2-9-2021, 5:51:02 AM
MonkeyDLuffy(MonkeyDLuffy) used a skinned_bear 2-9-2021, 5:51:02 AM
MonkeyDLuffy(MonkeyDLuffy) used a skinned_bear 2-9-2021, 5:51:02 AM
MonkeyDLuffy(MonkeyDLuffy) used a skinned_bear 2-9-2021, 5:51:03 AM
MonkeyDLuffy(MonkeyDLuffy) used a skinned_bear 2-9-2021, 5:51:03 AM
MonkeyDLuffy(MonkeyDLuffy) used a skinned_bear 2-9-2021, 5:51:03 AM
MonkeyDLuffy(MonkeyDLuffy) used a skinned_bear 2-9-2021, 5:51:03 AM
MonkeyDLuffy(MonkeyDLuffy) used a skinned_bear 2-9-2021, 5:51:03 AM
MonkeyDLuffy(MonkeyDLuffy) used a skinned_bear 2-9-2021, 5:51:04 AM
MonkeyDLuffy(MonkeyDLuffy) used a skinned_bear 2-9-2021, 5:51:04 AM
MonkeyDLuffy(MonkeyDLuffy) used a skinned_bear 2-9-2021, 5:51:04 AM
MonkeyDLuffy(MonkeyDLuffy) used a skinned_bear 2-9-2021, 5:51:04 AM
MonkeyDLuffy(MonkeyDLuffy) used a skinned_bear 2-9-2021, 5:51:10 AM
MonkeyDLuffy(MonkeyDLuffy) used a skinned_bear 2-9-2021, 5:51:10 AM
MonkeyDLuffy(MonkeyDLuffy) used a skinned_bear 2-9-2021, 5:51:10 AM
MonkeyDLuffy(MonkeyDLuffy) used a skinned_bear 2-9-2021, 5:51:10 AM
MonkeyDLuffy(MonkeyDLuffy) used a skinned_bear 2-9-2021, 5:51:11 AM
MonkeyDLuffy(MonkeyDLuffy) used a skinned_bear 2-9-2021, 5:51:11 AM
MonkeyDLuffy(MonkeyDLuffy) used a skinned_bear 2-9-2021, 5:51:11 AM
MonkeyDLuffy(MonkeyDLuffy) used a skinned_bear 2-9-2021, 5:51:11 AM
MonkeyDLuffy(MonkeyDLuffy) used a skinned_bear 2-9-2021, 5:51:11 AM
MonkeyDLuffy(MonkeyDLuffy) used a skinned_bear 2-9-2021, 5:51:12 AM
MonkeyDLuffy(MonkeyDLuffy) used a skinned_bear 2-9-2021, 5:51:12 AM
MonkeyDLuffy(MonkeyDLuffy) used a skinned_bear 2-9-2021, 5:51:12 AM
MonkeyDLuffy(MonkeyDLuffy) used a skinned_bear 2-9-2021, 5:51:12 AM
MonkeyDLuffy(MonkeyDLuffy) used a skinned_bear 2-9-2021, 5:51:13 AM
MonkeyDLuffy(MonkeyDLuffy) used a skinned_bear 2-9-2021, 5:51:13 AM
MonkeyDLuffy(MonkeyDLuffy) used a skinned_bear 2-9-2021, 5:51:13 AM
MonkeyDLuffy(MonkeyDLuffy) used a skinned_bear 2-9-2021, 5:51:13 AM
MonkeyDLuffy(MonkeyDLuffy) used a skinned_bear 2-9-2021, 5:51:13 AM
MonkeyDLuffy(MonkeyDLuffy) used a skinned_bear 2-9-2021, 5:51:14 AM
MonkeyDLuffy(MonkeyDLuffy) used a skinned_bear 2-9-2021, 5:51:14 AM
MonkeyDLuffy(MonkeyDLuffy) used a skinned_bear 2-9-2021, 5:51:14 AM
MonkeyDLuffy(MonkeyDLuffy) used a skinned_bear 2-9-2021, 5:51:14 AM
MonkeyDLuffy(MonkeyDLuffy) used a skinned_bear 2-9-2021, 5:51:15 AM
MonkeyDLuffy(MonkeyDLuffy) used a skinned_bear 2-9-2021, 5:51:15 AM
MonkeyDLuffy(MonkeyDLuffy) used a skinned_bear 2-9-2021, 5:51:15 AM
MonkeyDLuffy(MonkeyDLuffy) used a skinned_bear 2-9-2021, 5:51:15 AM
MonkeyDLuffy(MonkeyDLuffy) used a skinned_bear 2-9-2021, 5:51:15 AM
MonkeyDLuffy(MonkeyDLuffy) used a skinned_bear 2-9-2021, 5:51:16 AM
MonkeyDLuffy(MonkeyDLuffy) used a skinned_bear 2-9-2021, 5:51:16 AM
MonkeyDLuffy(MonkeyDLuffy) used a skinned_bear 2-9-2021, 5:51:16 AM
MonkeyDLuffy(MonkeyDLuffy) used a skinned_bear 2-9-2021, 5:51:16 AM
MonkeyDLuffy(MonkeyDLuffy) used a skinned_bear 2-9-2021, 5:51:17 AM
MonkeyDLuffy(MonkeyDLuffy) used a skinned_bear 2-9-2021, 5:51:19 AM
MonkeyDLuffy(MonkeyDLuffy) used a skinned_bear 2-9-2021, 5:51:19 AM
MonkeyDLuffy(MonkeyDLuffy) used a skinned_bear 2-9-2021, 5:51:19 AM
MonkeyDLuffy(MonkeyDLuffy) used a skinned_bear 2-9-2021, 5:51:19 AM
MonkeyDLuffy(MonkeyDLuffy) used a skinned_bear 2-9-2021, 5:51:19 AM
MonkeyDLuffy(MonkeyDLuffy) used a skinned_bear 2-9-2021, 5:51:20 AM
MonkeyDLuffy(MonkeyDLuffy) used a skinned_bear 2-9-2021, 5:51:20 AM
MonkeyDLuffy(MonkeyDLuffy) used a skinned_bear 2-9-2021, 5:51:20 AM
MonkeyDLuffy(MonkeyDLuffy) used a skinned_bear 2-9-2021, 5:51:21 AM
MonkeyDLuffy(MonkeyDLuffy) used a skinned_bear 2-9-2021, 5:51:21 AM
MonkeyDLuffy(MonkeyDLuffy) used a skinned_bear 2-9-2021, 5:51:21 AM
MonkeyDLuffy(MonkeyDLuffy) used a skinned_bear 2-9-2021, 5:51:21 AM
MonkeyDLuffy(MonkeyDLuffy) used a skinned_bear 2-9-2021, 5:51:22 AM
MonkeyDLuffy(MonkeyDLuffy) used a skinned_bear 2-9-2021, 5:51:22 AM
MonkeyDLuffy(MonkeyDLuffy) used a skinned_bear 2-9-2021, 5:51:22 AM
MonkeyDLuffy(MonkeyDLuffy) used a skinned_bear 2-9-2021, 5:51:22 AM
MonkeyDLuffy(MonkeyDLuffy) used a skinned_bear 2-9-2021, 5:51:23 AM
MonkeyDLuffy(MonkeyDLuffy) used a skinned_bear 2-9-2021, 5:51:23 AM
MonkeyDLuffy(MonkeyDLuffy) used a skinned_bear 2-9-2021, 5:51:23 AM
MonkeyDLuffy(MonkeyDLuffy) used a skinned_bear 2-9-2021, 5:51:23 AM
MonkeyDLuffy(MonkeyDLuffy) used a skinned_bear 2-9-2021, 5:51:24 AM
MonkeyDLuffy(MonkeyDLuffy) used a skinned_bear 2-9-2021, 5:51:24 AM
MonkeyDLuffy(MonkeyDLuffy) used a skinned_bear 2-9-2021, 5:51:24 AM
MonkeyDLuffy(MonkeyDLuffy) used a skinned_bear 2-9-2021, 5:51:24 AM
MonkeyDLuffy(MonkeyDLuffy) used a skinned_bear 2-9-2021, 5:51:25 AM
MonkeyDLuffy(MonkeyDLuffy) used a skinned_bear 2-9-2021, 5:51:25 AM
MonkeyDLuffy(MonkeyDLuffy) used a skinned_bear 2-9-2021, 5:51:25 AM
MonkeyDLuffy(MonkeyDLuffy) used a skinned_bear 2-9-2021, 5:51:25 AM
MonkeyDLuffy(MonkeyDLuffy) used a skinned_bear 2-9-2021, 5:51:26 AM
MonkeyDLuffy(MonkeyDLuffy) used a skinned_bear 2-9-2021, 5:51:26 AM
MonkeyDLuffy(MonkeyDLuffy) used a skinned_bear 2-9-2021, 5:51:26 AM
MonkeyDLuffy(MonkeyDLuffy) used a skinned_bear 2-9-2021, 5:51:26 AM
MonkeyDLuffy(MonkeyDLuffy) used a skinned_bear 2-9-2021, 5:51:27 AM
MonkeyDLuffy(MonkeyDLuffy) used a skinned_bear 2-9-2021, 5:51:27 AM
MonkeyDLuffy(MonkeyDLuffy) used a skinned_bear 2-9-2021, 5:51:27 AM
MonkeyDLuffy(MonkeyDLuffy) used a skinned_bear 2-9-2021, 5:51:27 AM
MonkeyDLuffy(MonkeyDLuffy) used a skinned_bear 2-9-2021, 5:51:28 AM
MonkeyDLuffy(MonkeyDLuffy) used a skinned_bear 2-9-2021, 5:51:28 AM
MonkeyDLuffy(MonkeyDLuffy) used a skinned_bear 2-9-2021, 5:51:28 AM
MonkeyDLuffy(MonkeyDLuffy) used a skinned_bear 2-9-2021, 5:51:28 AM
MonkeyDLuffy(MonkeyDLuffy) used a skinned_bear 2-9-2021, 5:51:28 AM
MonkeyDLuffy(MonkeyDLuffy) used a skinned_bear 2-9-2021, 5:51:29 AM
MonkeyDLuffy(MonkeyDLuffy) used a skinned_bear 2-9-2021, 5:51:29 AM
MonkeyDLuffy(MonkeyDLuffy) used a skinned_bear 2-9-2021, 5:51:29 AM
MonkeyDLuffy(MonkeyDLuffy) used a skinned_bear 2-9-2021, 5:51:29 AM
MonkeyDLuffy(MonkeyDLuffy) used a skinned_bear 2-9-2021, 5:51:30 AM
MonkeyDLuffy(MonkeyDLuffy) used a skinned_bear 2-9-2021, 5:51:30 AM
MonkeyDLuffy(MonkeyDLuffy) used a skinned_bear 2-9-2021, 5:51:30 AM
MonkeyDLuffy(MonkeyDLuffy) used a skinned_bear 2-9-2021, 5:51:30 AM
MonkeyDLuffy(MonkeyDLuffy) used a skinned_bear 2-9-2021, 5:51:30 AM
MonkeyDLuffy(MonkeyDLuffy) used a skinned_bear 2-9-2021, 5:51:31 AM
MonkeyDLuffy(MonkeyDLuffy) used a skinned_bear 2-9-2021, 5:51:31 AM
MonkeyDLuffy(MonkeyDLuffy) used a skinned_bear 2-9-2021, 5:51:31 AM
MonkeyDLuffy(MonkeyDLuffy) used a skinned_bear 2-9-2021, 5:51:31 AM
MonkeyDLuffy(MonkeyDLuffy) used a skinned_bear 2-9-2021, 5:51:32 AM
MonkeyDLuffy(MonkeyDLuffy) used a skinned_bear 2-9-2021, 5:51:32 AM
MonkeyDLuffy(MonkeyDLuffy) used a skinned_bear 2-9-2021, 5:51:32 AM
MonkeyDLuffy(MonkeyDLuffy) used a skinned_bear 2-9-2021, 5:51:32 AM
MonkeyDLuffy(MonkeyDLuffy) used a skinned_bear 2-9-2021, 5:51:33 AM
MonkeyDLuffy(MonkeyDLuffy) used a skinned_bear 2-9-2021, 5:51:33 AM
MonkeyDLuffy(MonkeyDLuffy) used a skinned_bear 2-9-2021, 5:51:33 AM
MonkeyDLuffy(MonkeyDLuffy) used a skinned_bear 2-9-2021, 5:51:33 AM
MonkeyDLuffy(MonkeyDLuffy) used a skinned_bear 2-9-2021, 5:51:33 AM
MonkeyDLuffy(MonkeyDLuffy) used a skinned_bear 2-9-2021, 5:51:34 AM
MonkeyDLuffy(MonkeyDLuffy) used a skinned_bear 2-9-2021, 5:51:34 AM
MonkeyDLuffy(MonkeyDLuffy) used a skinned_bear 2-9-2021, 5:51:34 AM
MonkeyDLuffy(MonkeyDLuffy) used a skinned_bear 2-9-2021, 5:51:34 AM
MonkeyDLuffy(MonkeyDLuffy) used a skinned_bear 2-9-2021, 5:51:35 AM
MonkeyDLuffy(MonkeyDLuffy) used a skinned_bear 2-9-2021, 5:51:35 AM
MonkeyDLuffy(MonkeyDLuffy) used a skinned_bear 2-9-2021, 5:51:35 AM
MonkeyDLuffy(MonkeyDLuffy) used a skinned_bear 2-9-2021, 5:51:35 AM
MonkeyDLuffy(MonkeyDLuffy) used a skinned_bear 2-9-2021, 5:51:36 AM
MonkeyDLuffy(MonkeyDLuffy) used a skinned_bear 2-9-2021, 5:51:36 AM
MonkeyDLuffy(MonkeyDLuffy) used a skinned_bear 2-9-2021, 5:51:36 AM
MonkeyDLuffy(MonkeyDLuffy) used a skinned_bear 2-9-2021, 5:51:36 AM
MonkeyDLuffy(MonkeyDLuffy) used a skinned_bear 2-9-2021, 5:51:36 AM
MonkeyDLuffy(MonkeyDLuffy) used a skinned_bear 2-9-2021, 5:51:37 AM
MonkeyDLuffy(MonkeyDLuffy) used a skinned_bear 2-9-2021, 5:51:37 AM
MonkeyDLuffy(MonkeyDLuffy) used a skinned_bear 2-9-2021, 5:51:37 AM
MonkeyDLuffy(MonkeyDLuffy) used a skinned_bear 2-9-2021, 5:51:37 AM
MonkeyDLuffy(MonkeyDLuffy) used a skinned_bear 2-9-2021, 5:51:38 AM
MonkeyDLuffy(MonkeyDLuffy) used a skinned_bear 2-9-2021, 5:51:38 AM
MonkeyDLuffy(MonkeyDLuffy) used a skinned_bear 2-9-2021, 5:51:38 AM
MonkeyDLuffy(MonkeyDLuffy) used a skinned_bear 2-9-2021, 5:51:38 AM
MonkeyDLuffy(MonkeyDLuffy) used a skinned_bear 2-9-2021, 5:51:39 AM
MonkeyDLuffy(MonkeyDLuffy) used a skinned_bear 2-9-2021, 5:51:39 AM
MonkeyDLuffy(MonkeyDLuffy) used a skinned_bear 2-9-2021, 5:51:39 AM
MonkeyDLuffy(MonkeyDLuffy) used a skinned_bear 2-9-2021, 5:51:39 AM
MonkeyDLuffy(MonkeyDLuffy) used a skinned_bear 2-9-2021, 5:51:40 AM
MonkeyDLuffy(MonkeyDLuffy) used a skinned_bear 2-9-2021, 5:51:40 AM
MonkeyDLuffy(MonkeyDLuffy) used a skinned_bear 2-9-2021, 5:51:40 AM
MonkeyDLuffy(MonkeyDLuffy) used a skinned_bear 2-9-2021, 5:51:40 AM
MonkeyDLuffy(MonkeyDLuffy) used a skinned_bear 2-9-2021, 5:51:40 AM
MonkeyDLuffy(MonkeyDLuffy) used a skinned_bear 2-9-2021, 5:51:41 AM
MonkeyDLuffy(MonkeyDLuffy) used a skinned_bear 2-9-2021, 5:51:41 AM
MonkeyDLuffy(MonkeyDLuffy) used a skinned_bear 2-9-2021, 5:51:41 AM
MonkeyDLuffy(MonkeyDLuffy) used a skinned_bear 2-9-2021, 5:51:41 AM
MonkeyDLuffy(MonkeyDLuffy) used a skinned_bear 2-9-2021, 5:51:42 AM
MonkeyDLuffy(MonkeyDLuffy) used a skinned_bear 2-9-2021, 5:51:42 AM
MonkeyDLuffy(MonkeyDLuffy) used a skinned_bear 2-9-2021, 5:51:42 AM
MonkeyDLuffy(MonkeyDLuffy) used a skinned_bear 2-9-2021, 5:51:42 AM
MonkeyDLuffy(MonkeyDLuffy) used a skinned_bear 2-9-2021, 5:51:43 AM
MonkeyDLuffy(MonkeyDLuffy) used a skinned_bear 2-9-2021, 5:51:43 AM
MonkeyDLuffy(MonkeyDLuffy) used a skinned_bear 2-9-2021, 5:51:43 AM
MonkeyDLuffy(MonkeyDLuffy) used a skinned_bear 2-9-2021, 5:51:43 AM
MonkeyDLuffy(MonkeyDLuffy) used a skinned_bear 2-9-2021, 5:51:43 AM
MonkeyDLuffy(MonkeyDLuffy) used a skinned_bear 2-9-2021, 5:51:44 AM
MonkeyDLuffy(MonkeyDLuffy) used a skinned_bear 2-9-2021, 5:51:44 AM
MonkeyDLuffy(MonkeyDLuffy) used a skinned_bear 2-9-2021, 5:51:44 AM
MonkeyDLuffy(MonkeyDLuffy) used a skinned_bear 2-9-2021, 5:51:44 AM
MonkeyDLuffy(MonkeyDLuffy) used a skinned_bear 2-9-2021, 5:51:45 AM
MonkeyDLuffy(MonkeyDLuffy) used a skinned_bear 2-9-2021, 5:51:45 AM
MonkeyDLuffy(MonkeyDLuffy) used a skinned_bear 2-9-2021, 5:51:45 AM
MonkeyDLuffy(MonkeyDLuffy) used a skinned_bear 2-9-2021, 5:51:45 AM
MonkeyDLuffy(MonkeyDLuffy) used a skinned_bear 2-9-2021, 5:51:46 AM
MonkeyDLuffy(MonkeyDLuffy) used a skinned_bear 2-9-2021, 5:51:46 AM
MonkeyDLuffy(MonkeyDLuffy) used a skinned_bear 2-9-2021, 5:51:46 AM
MonkeyDLuffy(MonkeyDLuffy) used a skinned_bear 2-9-2021, 5:51:46 AM
MonkeyDLuffy(MonkeyDLuffy) used a skinned_bear 2-9-2021, 5:51:47 AM
MonkeyDLuffy(MonkeyDLuffy) used a skinned_bear 2-9-2021, 5:51:47 AM
MonkeyDLuffy(MonkeyDLuffy) used a skinned_bear 2-9-2021, 5:51:47 AM
MonkeyDLuffy(MonkeyDLuffy) used a skinned_bear 2-9-2021, 5:51:48 AM
MonkeyDLuffy(MonkeyDLuffy) used a skinned_bear 2-9-2021, 5:51:48 AM
MonkeyDLuffy(MonkeyDLuffy) used a skinned_bear 2-9-2021, 5:51:48 AM
MonkeyDLuffy(MonkeyDLuffy) used a skinned_bear 2-9-2021, 5:51:52 AM
MonkeyDLuffy(MonkeyDLuffy) used a skinned_bear 2-9-2021, 5:51:52 AM
MonkeyDLuffy(MonkeyDLuffy) used a skinned_bear 2-9-2021, 5:51:52 AM
MonkeyDLuffy(MonkeyDLuffy) used a skinned_bear 2-9-2021, 5:51:52 AM
MonkeyDLuffy(MonkeyDLuffy) used a skinned_bear 2-9-2021, 5:51:53 AM
MonkeyDLuffy(MonkeyDLuffy) used a skinned_bear 2-9-2021, 5:51:53 AM
MonkeyDLuffy(MonkeyDLuffy) used a skinned_bear 2-9-2021, 5:51:53 AM
MonkeyDLuffy(MonkeyDLuffy) used a skinned_bear 2-9-2021, 5:51:53 AM
MonkeyDLuffy(MonkeyDLuffy) used a skinned_bear 2-9-2021, 5:51:53 AM
MonkeyDLuffy(MonkeyDLuffy) used a skinned_bear 2-9-2021, 5:51:54 AM
MonkeyDLuffy(MonkeyDLuffy) used a skinned_bear 2-9-2021, 5:51:54 AM
MonkeyDLuffy(MonkeyDLuffy) used a skinned_bear 2-9-2021, 5:51:54 AM
MonkeyDLuffy(MonkeyDLuffy) used a skinned_bear 2-9-2021, 5:51:54 AM
MonkeyDLuffy(MonkeyDLuffy) used a skinned_bear 2-9-2021, 5:51:54 AM
MonkeyDLuffy(MonkeyDLuffy) used a skinned_bear 2-9-2021, 5:51:55 AM
MonkeyDLuffy(MonkeyDLuffy) used a skinned_bear 2-9-2021, 5:51:55 AM
MonkeyDLuffy(MonkeyDLuffy) used a skinned_bear 2-9-2021, 5:51:55 AM
MonkeyDLuffy(MonkeyDLuffy) used a skinned_bear 2-9-2021, 5:51:55 AM
MonkeyDLuffy(MonkeyDLuffy) used a skinned_bear 2-9-2021, 5:51:56 AM
MonkeyDLuffy(MonkeyDLuffy) used a skinned_bear 2-9-2021, 5:51:56 AM
MonkeyDLuffy(MonkeyDLuffy) used a skinned_bear 2-9-2021, 5:51:56 AM
MonkeyDLuffy(MonkeyDLuffy) used a skinned_bear 2-9-2021, 5:51:56 AM
MonkeyDLuffy(MonkeyDLuffy) used a skinned_bear 2-9-2021, 5:52:02 AM
MonkeyDLuffy(MonkeyDLuffy) used a skinned_bear 2-9-2021, 5:52:02 AM
MonkeyDLuffy(MonkeyDLuffy) used a skinned_bear 2-9-2021, 5:52:02 AM
MonkeyDLuffy(MonkeyDLuffy) used a skinned_bear 2-9-2021, 5:52:03 AM
MonkeyDLuffy(MonkeyDLuffy) used a skinned_bear 2-9-2021, 5:52:03 AM
MonkeyDLuffy(MonkeyDLuffy) used a skinned_bear 2-9-2021, 5:52:03 AM
MonkeyDLuffy(MonkeyDLuffy) used a skinned_bear 2-9-2021, 5:52:03 AM
MonkeyDLuffy(MonkeyDLuffy) used a skinned_bear 2-9-2021, 5:52:04 AM
MonkeyDLuffy(MonkeyDLuffy) used a skinned_bear 2-9-2021, 5:52:04 AM
MonkeyDLuffy(MonkeyDLuffy) used a skinned_bear 2-9-2021, 5:52:04 AM
MonkeyDLuffy(MonkeyDLuffy) used a skinned_bear 2-9-2021, 5:52:04 AM
MonkeyDLuffy(MonkeyDLuffy) used a skinned_bear 2-9-2021, 5:52:04 AM
MonkeyDLuffy(MonkeyDLuffy) used a skinned_bear 2-9-2021, 5:52:50 AM
MonkeyDLuffy(MonkeyDLuffy) used a skinned_bear 2-9-2021, 5:52:50 AM
MonkeyDLuffy(MonkeyDLuffy) used a skinned_bear 2-9-2021, 5:52:50 AM
MonkeyDLuffy(MonkeyDLuffy) used a skinned_bear 2-9-2021, 5:52:51 AM
MonkeyDLuffy(MonkeyDLuffy) used a skinned_bear 2-9-2021, 5:52:51 AM
MonkeyDLuffy(MonkeyDLuffy) used a skinned_bear 2-9-2021, 5:52:51 AM
MonkeyDLuffy(MonkeyDLuffy) used a skinned_bear 2-9-2021, 5:52:51 AM
MonkeyDLuffy(MonkeyDLuffy) used a skinned_bear 2-9-2021, 5:52:51 AM
MonkeyDLuffy(MonkeyDLuffy) used a skinned_bear 2-9-2021, 5:52:52 AM
MonkeyDLuffy(MonkeyDLuffy) used a skinned_bear 2-9-2021, 5:52:52 AM
MonkeyDLuffy(MonkeyDLuffy) used a skinned_bear 2-9-2021, 5:52:52 AM
MonkeyDLuffy(MonkeyDLuffy) used a skinned_bear 2-9-2021, 5:52:52 AM
MonkeyDLuffy(MonkeyDLuffy) used a skinned_bear 2-9-2021, 5:52:52 AM
MonkeyDLuffy(MonkeyDLuffy) used a skinned_bear 2-9-2021, 5:52:53 AM
MonkeyDLuffy(MonkeyDLuffy) used a skinned_bear 2-9-2021, 5:52:53 AM
MonkeyDLuffy(MonkeyDLuffy) used a skinned_bear 2-9-2021, 5:52:53 AM
MonkeyDLuffy(MonkeyDLuffy) used a skinned_bear 2-9-2021, 5:52:53 AM
MonkeyDLuffy(MonkeyDLuffy) used a skinned_bear 2-9-2021, 5:52:53 AM
MonkeyDLuffy(MonkeyDLuffy) used a skinned_bear 2-9-2021, 5:52:54 AM
MonkeyDLuffy(MonkeyDLuffy) used a skinned_bear 2-9-2021, 5:52:54 AM
MonkeyDLuffy(MonkeyDLuffy) used a skinned_bear 2-9-2021, 5:52:54 AM
MonkeyDLuffy(MonkeyDLuffy) used a skinned_bear 2-9-2021, 5:52:54 AM
MonkeyDLuffy(MonkeyDLuffy) used a skinned_bear 2-9-2021, 5:52:54 AM
MonkeyDLuffy(MonkeyDLuffy) used a skinned_bear 2-9-2021, 5:52:55 AM
MonkeyDLuffy(MonkeyDLuffy) used a skinned_bear 2-9-2021, 5:52:55 AM
MonkeyDLuffy(MonkeyDLuffy) used a skinned_bear 2-9-2021, 5:52:55 AM
MonkeyDLuffy(MonkeyDLuffy) used a skinned_bear 2-9-2021, 5:52:55 AM
MonkeyDLuffy(MonkeyDLuffy) used a skinned_bear 2-9-2021, 5:52:55 AM
MonkeyDLuffy(MonkeyDLuffy) used a skinned_bear 2-9-2021, 5:52:56 AM
MonkeyDLuffy(MonkeyDLuffy) used a skinned_bear 2-9-2021, 5:52:56 AM
MonkeyDLuffy(MonkeyDLuffy) used a skinned_bear 2-9-2021, 5:52:56 AM
MonkeyDLuffy(MonkeyDLuffy) used a skinned_bear 2-9-2021, 5:52:56 AM
MonkeyDLuffy(MonkeyDLuffy) used a skinned_bear 2-9-2021, 5:52:57 AM
MonkeyDLuffy(MonkeyDLuffy) used a skinned_bear 2-9-2021, 5:52:57 AM
MonkeyDLuffy(MonkeyDLuffy) used a skinned_bear 2-9-2021, 5:52:57 AM
MonkeyDLuffy(MonkeyDLuffy) used a skinned_bear 2-9-2021, 5:52:57 AM
MonkeyDLuffy(MonkeyDLuffy) used a skinned_bear 2-9-2021, 5:52:58 AM
MonkeyDLuffy(MonkeyDLuffy) used a skinned_bear 2-9-2021, 5:52:58 AM
MonkeyDLuffy(MonkeyDLuffy) used a skinned_bear 2-9-2021, 5:52:58 AM
MonkeyDLuffy(MonkeyDLuffy) used a skinned_bear 2-9-2021, 5:52:58 AM
MonkeyDLuffy(MonkeyDLuffy) used a skinned_bear 2-9-2021, 5:52:59 AM
MonkeyDLuffy(MonkeyDLuffy) used a skinned_bear 2-9-2021, 5:52:59 AM
MonkeyDLuffy(MonkeyDLuffy) used a skinned_bear 2-9-2021, 5:52:59 AM
MonkeyDLuffy(MonkeyDLuffy) used a skinned_bear 2-9-2021, 5:52:59 AM
MonkeyDLuffy(MonkeyDLuffy) used a skinned_bear 2-9-2021, 5:53:00 AM
MonkeyDLuffy(MonkeyDLuffy) used a skinned_bear 2-9-2021, 5:53:00 AM
MonkeyDLuffy(MonkeyDLuffy) used a skinned_bear 2-9-2021, 5:53:00 AM
MonkeyDLuffy(MonkeyDLuffy) used a skinned_bear 2-9-2021, 5:53:00 AM
MonkeyDLuffy(MonkeyDLuffy) used a skinned_bear 2-9-2021, 5:53:00 AM
MonkeyDLuffy(MonkeyDLuffy) used a skinned_bear 2-9-2021, 5:53:01 AM
MonkeyDLuffy(MonkeyDLuffy) used a skinned_bear 2-9-2021, 5:53:01 AM
MonkeyDLuffy(MonkeyDLuffy) used a skinned_bear 2-9-2021, 5:53:01 AM
MonkeyDLuffy(MonkeyDLuffy) used a skinned_bear 2-9-2021, 5:53:01 AM
MonkeyDLuffy(MonkeyDLuffy) used a skinned_bear 2-9-2021, 5:53:01 AM
MonkeyDLuffy(MonkeyDLuffy) used a skinned_bear 2-9-2021, 5:53:02 AM
MonkeyDLuffy(MonkeyDLuffy) used a skinned_bear 2-9-2021, 5:53:02 AM
MonkeyDLuffy(MonkeyDLuffy) used a skinned_bear 2-9-2021, 5:53:02 AM
MonkeyDLuffy(MonkeyDLuffy) used a skinned_bear 2-9-2021, 5:53:02 AM
MonkeyDLuffy(MonkeyDLuffy) used a skinned_bear 2-9-2021, 5:53:03 AM
MonkeyDLuffy(MonkeyDLuffy) used a skinned_bear 2-9-2021, 5:53:03 AM
MonkeyDLuffy(MonkeyDLuffy) used a skinned_bear 2-9-2021, 5:53:03 AM
MonkeyDLuffy(MonkeyDLuffy) used a skinned_bear 2-9-2021, 5:53:03 AM
MonkeyDLuffy(MonkeyDLuffy) used a skinned_bear 2-9-2021, 5:53:03 AM
MonkeyDLuffy(MonkeyDLuffy) used a skinned_bear 2-9-2021, 5:53:04 AM
MonkeyDLuffy(MonkeyDLuffy) used a skinned_bear 2-9-2021, 5:53:04 AM
MonkeyDLuffy(MonkeyDLuffy) used a skinned_bear 2-9-2021, 5:53:04 AM
MonkeyDLuffy(MonkeyDLuffy) used a skinned_bear 2-9-2021, 5:53:04 AM
MonkeyDLuffy(MonkeyDLuffy) used a skinned_bear 2-9-2021, 5:53:05 AM
MonkeyDLuffy(MonkeyDLuffy) used a skinned_bear 2-9-2021, 5:53:05 AM
MonkeyDLuffy(MonkeyDLuffy) used a skinned_bear 2-9-2021, 5:53:05 AM
MonkeyDLuffy(MonkeyDLuffy) used a skinned_bear 2-9-2021, 5:53:05 AM
MonkeyDLuffy(MonkeyDLuffy) used a skinned_bear 2-9-2021, 5:53:05 AM
MonkeyDLuffy(MonkeyDLuffy) used a skinned_bear 2-9-2021, 5:53:06 AM
MonkeyDLuffy(MonkeyDLuffy) used a skinned_bear 2-9-2021, 5:53:06 AM
MonkeyDLuffy(MonkeyDLuffy) used a skinned_bear 2-9-2021, 5:53:06 AM
MonkeyDLuffy(MonkeyDLuffy) used a skinned_bear 2-9-2021, 5:53:06 AM
MonkeyDLuffy(MonkeyDLuffy) used a skinned_bear 2-9-2021, 5:53:07 AM
MonkeyDLuffy(MonkeyDLuffy) used a skinned_bear 2-9-2021, 5:53:07 AM
MonkeyDLuffy(MonkeyDLuffy) used a skinned_bear 2-9-2021, 5:53:07 AM
MonkeyDLuffy(MonkeyDLuffy) used a skinned_bear 2-9-2021, 5:53:08 AM
MonkeyDLuffy(MonkeyDLuffy) used a skinned_bear 2-9-2021, 5:53:08 AM
MonkeyDLuffy(MonkeyDLuffy) used a skinned_bear 2-9-2021, 5:53:08 AM
MonkeyDLuffy(MonkeyDLuffy) used a skinned_bear 2-9-2021, 5:53:08 AM
MonkeyDLuffy(MonkeyDLuffy) used a skinned_bear 2-9-2021, 5:53:08 AM
MonkeyDLuffy(MonkeyDLuffy) used a skinned_bear 2-9-2021, 5:53:10 AM
MonkeyDLuffy(MonkeyDLuffy) used a skinned_bear 2-9-2021, 5:53:10 AM
MonkeyDLuffy(MonkeyDLuffy) used a skinned_bear 2-9-2021, 5:53:11 AM
MonkeyDLuffy(MonkeyDLuffy) used a skinned_bear 2-9-2021, 5:53:11 AM
MonkeyDLuffy(MonkeyDLuffy) used a skinned_bear 2-9-2021, 5:53:11 AM
MonkeyDLuffy(MonkeyDLuffy) used a skinned_bear 2-9-2021, 5:53:11 AM
MonkeyDLuffy(MonkeyDLuffy) used a skinned_bear 2-9-2021, 5:53:12 AM
MonkeyDLuffy(MonkeyDLuffy) used a skinned_bear 2-9-2021, 5:53:12 AM
MonkeyDLuffy(MonkeyDLuffy) used a skinned_bear 2-9-2021, 5:53:12 AM
MonkeyDLuffy(MonkeyDLuffy) used a skinned_bear 2-9-2021, 5:53:12 AM
MonkeyDLuffy(MonkeyDLuffy) used a skinned_bear 2-9-2021, 5:53:28 AM
MonkeyDLuffy(MonkeyDLuffy) used a skinned_bear 2-9-2021, 5:53:28 AM
MonkeyDLuffy(MonkeyDLuffy) used a skinned_bear 2-9-2021, 5:53:28 AM
MonkeyDLuffy(MonkeyDLuffy) used a skinned_bear 2-9-2021, 5:53:28 AM
MonkeyDLuffy(MonkeyDLuffy) used a skinned_bear 2-9-2021, 5:53:29 AM
MonkeyDLuffy(MonkeyDLuffy) used a skinned_bear 2-9-2021, 5:53:29 AM
MonkeyDLuffy(MonkeyDLuffy) used a skinned_bear 2-9-2021, 5:53:29 AM
MonkeyDLuffy(MonkeyDLuffy) used a skinned_bear 2-9-2021, 5:53:29 AM
MonkeyDLuffy(MonkeyDLuffy) used a skinned_bear 2-9-2021, 5:53:33 AM
MonkeyDLuffy(MonkeyDLuffy) used a skinned_bear 2-9-2021, 5:53:33 AM
MonkeyDLuffy(MonkeyDLuffy) used a skinned_bear 2-9-2021, 5:53:34 AM
MonkeyDLuffy(MonkeyDLuffy) used a skinned_bear 2-9-2021, 5:53:34 AM
MonkeyDLuffy(MonkeyDLuffy) used a skinned_bear 2-9-2021, 5:53:34 AM
MonkeyDLuffy(MonkeyDLuffy) used a skinned_bear 2-9-2021, 5:53:35 AM
MonkeyDLuffy(MonkeyDLuffy) used a skinned_bear 2-9-2021, 5:53:35 AM
MonkeyDLuffy(MonkeyDLuffy) used a skinned_bear 2-9-2021, 5:53:35 AM
MonkeyDLuffy(MonkeyDLuffy) used a skinned_bear 2-9-2021, 5:53:35 AM
MonkeyDLuffy(MonkeyDLuffy) used a skinned_bear 2-9-2021, 5:53:35 AM
MonkeyDLuffy(MonkeyDLuffy) used a skinned_bear 2-9-2021, 5:53:36 AM
MonkeyDLuffy(MonkeyDLuffy) used a skinned_bear 2-9-2021, 5:53:36 AM
MonkeyDLuffy(MonkeyDLuffy) used a skinned_bear 2-9-2021, 5:53:36 AM
MonkeyDLuffy(MonkeyDLuffy) used a skinned_bear 2-9-2021, 5:53:36 AM
MonkeyDLuffy(MonkeyDLuffy) used a skinned_bear 2-9-2021, 5:53:36 AM
MonkeyDLuffy(MonkeyDLuffy) used a skinned_bear 2-9-2021, 5:53:37 AM
MonkeyDLuffy(MonkeyDLuffy) used a skinned_bear 2-9-2021, 5:53:37 AM
MonkeyDLuffy(MonkeyDLuffy) used a skinned_bear 2-9-2021, 5:55:38 AM
MonkeyDLuffy(MonkeyDLuffy) used a skinned_bear 2-9-2021, 5:55:38 AM
MonkeyDLuffy(MonkeyDLuffy) used a skinned_bear 2-9-2021, 5:55:38 AM
MonkeyDLuffy(MonkeyDLuffy) used a skinned_bear 2-9-2021, 5:55:54 AM
MonkeyDLuffy(MonkeyDLuffy) used a skinned_bear 2-9-2021, 5:55:55 AM
MonkeyDLuffy(MonkeyDLuffy) used a skinned_bear 2-9-2021, 5:55:55 AM
MonkeyDLuffy(MonkeyDLuffy) used a skinned_bear 2-9-2021, 5:55:55 AM
MonkeyDLuffy(MonkeyDLuffy) used a skinned_bear 2-9-2021, 5:55:56 AM
MonkeyDLuffy(MonkeyDLuffy) used a skinned_bear 2-9-2021, 5:55:56 AM
MonkeyDLuffy(MonkeyDLuffy) used a skinned_bear 2-9-2021, 5:55:56 AM
MonkeyDLuffy(MonkeyDLuffy) used a skinned_bear 2-9-2021, 5:55:57 AM
MonkeyDLuffy(MonkeyDLuffy) used a skinned_bear 2-9-2021, 5:55:57 AM
MonkeyDLuffy(MonkeyDLuffy) used a skinned_bear 2-9-2021, 5:55:57 AM
MonkeyDLuffy(MonkeyDLuffy) used a skinned_bear 2-9-2021, 5:55:57 AM
MonkeyDLuffy(MonkeyDLuffy) used a skinned_bear 2-9-2021, 5:55:58 AM
MonkeyDLuffy(MonkeyDLuffy) used a skinned_bear 2-9-2021, 5:55:58 AM
MonkeyDLuffy(MonkeyDLuffy) used a skinned_bear 2-9-2021, 5:55:58 AM
MonkeyDLuffy(MonkeyDLuffy) used a skinned_bear 2-9-2021, 5:55:58 AM
MonkeyDLuffy(MonkeyDLuffy) used a skinned_bear 2-9-2021, 5:55:59 AM
MonkeyDLuffy(MonkeyDLuffy) used a skinned_bear 2-9-2021, 5:55:59 AM
MonkeyDLuffy(MonkeyDLuffy) used a skinned_bear 2-9-2021, 5:55:59 AM
MonkeyDLuffy(MonkeyDLuffy) used a skinned_bear 2-9-2021, 5:55:59 AM
MonkeyDLuffy(MonkeyDLuffy) used a skinned_bear 2-9-2021, 5:56:00 AM
MonkeyDLuffy(MonkeyDLuffy) used a skinned_bear 2-9-2021, 5:56:00 AM
MonkeyDLuffy(MonkeyDLuffy) used a skinned_bear 2-9-2021, 5:56:00 AM
MonkeyDLuffy(MonkeyDLuffy) used a skinned_bear 2-9-2021, 5:56:00 AM
MonkeyDLuffy(MonkeyDLuffy) used a skinned_bear 2-9-2021, 5:56:00 AM
MonkeyDLuffy(MonkeyDLuffy) used a skinned_bear 2-9-2021, 5:56:00 AM
MonkeyDLuffy(MonkeyDLuffy) used a skinned_bear 2-9-2021, 5:56:01 AM
MonkeyDLuffy(MonkeyDLuffy) used a skinned_bear 2-9-2021, 5:56:01 AM
MonkeyDLuffy(MonkeyDLuffy) used a skinned_bear 2-9-2021, 5:56:01 AM
MonkeyDLuffy(MonkeyDLuffy) used a skinned_bear 2-9-2021, 5:56:01 AM
MonkeyDLuffy(MonkeyDLuffy) used a skinned_bear 2-9-2021, 5:56:01 AM
MonkeyDLuffy(MonkeyDLuffy) used a skinned_bear 2-9-2021, 5:56:02 AM
MonkeyDLuffy(MonkeyDLuffy) used a skinned_bear 2-9-2021, 5:56:02 AM
MonkeyDLuffy(MonkeyDLuffy) used a skinned_bear 2-9-2021, 5:56:02 AM
MonkeyDLuffy(MonkeyDLuffy) used a skinned_bear 2-9-2021, 5:56:02 AM
MonkeyDLuffy(MonkeyDLuffy) used a skinned_bear 2-9-2021, 5:56:03 AM
MonkeyDLuffy(MonkeyDLuffy) used a skinned_bear 2-9-2021, 5:56:03 AM
MonkeyDLuffy(MonkeyDLuffy) used a skinned_bear 2-9-2021, 5:56:03 AM
MonkeyDLuffy(MonkeyDLuffy) used a skinned_bear 2-9-2021, 5:56:03 AM
MonkeyDLuffy(MonkeyDLuffy) used a skinned_bear 2-9-2021, 5:56:04 AM
MonkeyDLuffy(MonkeyDLuffy) used a skinned_bear 2-9-2021, 5:56:04 AM
MonkeyDLuffy(MonkeyDLuffy) used a skinned_bear 2-9-2021, 5:56:04 AM
MonkeyDLuffy(MonkeyDLuffy) used a skinned_bear 2-9-2021, 5:56:04 AM
MonkeyDLuffy(MonkeyDLuffy) used a skinned_bear 2-9-2021, 5:56:05 AM
MonkeyDLuffy(MonkeyDLuffy) used a skinned_bear 2-9-2021, 5:56:05 AM
MonkeyDLuffy(MonkeyDLuffy) used a skinned_bear 2-9-2021, 5:56:05 AM
MonkeyDLuffy(MonkeyDLuffy) used a skinned_bear 2-9-2021, 5:56:05 AM
MonkeyDLuffy(MonkeyDLuffy) used a skinned_bear 2-9-2021, 5:56:06 AM
MonkeyDLuffy(MonkeyDLuffy) used a skinned_bear 2-9-2021, 5:56:06 AM
MonkeyDLuffy(MonkeyDLuffy) used a skinned_bear 2-9-2021, 5:56:06 AM
MonkeyDLuffy(MonkeyDLuffy) used a skinned_bear 2-9-2021, 5:56:07 AM
MonkeyDLuffy(MonkeyDLuffy) used a skinned_bear 2-9-2021, 5:56:07 AM
MonkeyDLuffy(MonkeyDLuffy) used a skinned_bear 2-9-2021, 5:56:07 AM
MonkeyDLuffy(MonkeyDLuffy) used a skinned_bear 2-9-2021, 5:56:07 AM
MonkeyDLuffy(MonkeyDLuffy) used a skinned_bear 2-9-2021, 5:56:10 AM
MonkeyDLuffy(MonkeyDLuffy) used a skinned_bear 2-9-2021, 5:56:10 AM
MonkeyDLuffy(MonkeyDLuffy) used a skinned_bear 2-9-2021, 5:56:10 AM
MonkeyDLuffy(MonkeyDLuffy) used a skinned_bear 2-9-2021, 5:56:11 AM
MonkeyDLuffy(MonkeyDLuffy) used a skinned_bear 2-9-2021, 5:56:11 AM
MonkeyDLuffy(MonkeyDLuffy) used a skinned_bear 2-9-2021, 5:56:11 AM
MonkeyDLuffy(MonkeyDLuffy) used a skinned_bear 2-9-2021, 5:56:11 AM
MonkeyDLuffy(MonkeyDLuffy) used a skinned_bear 2-9-2021, 5:56:12 AM
MonkeyDLuffy(MonkeyDLuffy) used a skinned_bear 2-9-2021, 5:56:12 AM
MonkeyDLuffy(MonkeyDLuffy) used a skinned_bear 2-9-2021, 5:56:12 AM
MonkeyDLuffy(MonkeyDLuffy) used a skinned_bear 2-9-2021, 5:56:15 AM
MonkeyDLuffy(MonkeyDLuffy) used a skinned_bear 2-9-2021, 5:56:15 AM
MonkeyDLuffy(MonkeyDLuffy) used a skinned_bear 2-9-2021, 5:56:16 AM
MonkeyDLuffy(MonkeyDLuffy) used a skinned_bear 2-9-2021, 5:56:16 AM
MonkeyDLuffy(MonkeyDLuffy) used a skinned_bear 2-9-2021, 5:56:19 AM
MonkeyDLuffy(MonkeyDLuffy) used a skinned_bear 2-9-2021, 5:56:19 AM
MonkeyDLuffy(MonkeyDLuffy) used a skinned_bear 2-9-2021, 5:56:19 AM
MonkeyDLuffy(MonkeyDLuffy) used a skinned_bear 2-9-2021, 5:56:20 AM
MonkeyDLuffy(MonkeyDLuffy) used a skinned_bear 2-9-2021, 5:56:20 AM
MonkeyDLuffy(MonkeyDLuffy) used a skinned_bear 2-9-2021, 5:56:20 AM
MonkeyDLuffy(MonkeyDLuffy) used a skinned_bear 2-9-2021, 5:56:21 AM
MonkeyDLuffy(MonkeyDLuffy) used a skinned_bear 2-9-2021, 5:56:21 AM
MonkeyDLuffy(MonkeyDLuffy) used a skinned_bear 2-9-2021, 5:56:21 AM
MonkeyDLuffy(MonkeyDLuffy) used a skinned_bear 2-9-2021, 5:56:21 AM
MonkeyDLuffy(MonkeyDLuffy) used a skinned_bear 2-9-2021, 5:56:22 AM
MonkeyDLuffy(MonkeyDLuffy) used a skinned_bear 2-9-2021, 5:56:22 AM
MonkeyDLuffy(MonkeyDLuffy) used a skinned_bear 2-9-2021, 5:56:22 AM
MonkeyDLuffy(MonkeyDLuffy) used a skinned_bear 2-9-2021, 5:56:22 AM
MonkeyDLuffy(MonkeyDLuffy) used a skinned_bear 2-9-2021, 5:56:23 AM
MonkeyDLuffy(MonkeyDLuffy) used a skinned_bear 2-9-2021, 5:56:23 AM
MonkeyDLuffy(MonkeyDLuffy) used a skinned_bear 2-9-2021, 5:56:23 AM
MonkeyDLuffy(MonkeyDLuffy) used a skinned_bear 2-9-2021, 5:56:23 AM
MonkeyDLuffy(MonkeyDLuffy) used a skinned_bear 2-9-2021, 5:56:24 AM
MonkeyDLuffy(MonkeyDLuffy) used a skinned_bear 2-9-2021, 5:56:24 AM
MonkeyDLuffy(MonkeyDLuffy) used a skinned_bear 2-9-2021, 5:56:24 AM
MonkeyDLuffy(MonkeyDLuffy) used a skinned_bear 2-9-2021, 5:56:24 AM
MonkeyDLuffy(MonkeyDLuffy) used a skinned_bear 2-9-2021, 5:56:24 AM
MonkeyDLuffy(MonkeyDLuffy) used a skinned_bear 2-9-2021, 5:56:25 AM
MonkeyDLuffy(MonkeyDLuffy) used a skinned_bear 2-9-2021, 5:56:25 AM
MonkeyDLuffy(MonkeyDLuffy) used a skinned_bear 2-9-2021, 5:56:25 AM
MonkeyDLuffy(MonkeyDLuffy) used a skinned_bear 2-9-2021, 5:56:25 AM
MonkeyDLuffy(MonkeyDLuffy) used a skinned_bear 2-9-2021, 5:56:26 AM
MonkeyDLuffy(MonkeyDLuffy) used a skinned_bear 2-9-2021, 5:56:26 AM
MonkeyDLuffy(MonkeyDLuffy) used a skinned_bear 2-9-2021, 5:56:26 AM
MonkeyDLuffy(MonkeyDLuffy) used a skinned_bear 2-9-2021, 5:56:26 AM
MonkeyDLuffy(MonkeyDLuffy) used a skinned_bear 2-9-2021, 5:56:27 AM
MonkeyDLuffy(MonkeyDLuffy) used a skinned_bear 2-9-2021, 5:56:27 AM
MonkeyDLuffy(MonkeyDLuffy) used a skinned_bear 2-9-2021, 5:56:27 AM
MonkeyDLuffy(MonkeyDLuffy) used a skinned_bear 2-9-2021, 5:56:27 AM
MonkeyDLuffy(MonkeyDLuffy) used a skinned_bear 2-9-2021, 5:56:28 AM
MonkeyDLuffy(MonkeyDLuffy) used a skinned_bear 2-9-2021, 5:57:07 AM
MonkeyDLuffy(MonkeyDLuffy) used a skinned_bear 2-9-2021, 5:57:07 AM
MonkeyDLuffy(MonkeyDLuffy) used a skinned_bear 2-9-2021, 5:57:08 AM
MonkeyDLuffy(MonkeyDLuffy) used a skinned_bear 2-9-2021, 5:57:08 AM
MonkeyDLuffy(MonkeyDLuffy) used a skinned_bear 2-9-2021, 5:57:08 AM
MonkeyDLuffy(MonkeyDLuffy) used a skinned_bear 2-9-2021, 5:57:08 AM
MonkeyDLuffy(MonkeyDLuffy) used a skinned_bear 2-9-2021, 5:57:09 AM
MonkeyDLuffy(MonkeyDLuffy) used a skinned_bear 2-9-2021, 5:57:09 AM
MonkeyDLuffy(MonkeyDLuffy) used a skinned_bear 2-9-2021, 5:57:09 AM
MonkeyDLuffy(MonkeyDLuffy) used a skinned_bear 2-9-2021, 5:57:09 AM
MonkeyDLuffy(MonkeyDLuffy) used a skinned_bear 2-9-2021, 5:57:10 AM
MonkeyDLuffy(MonkeyDLuffy) used a skinned_bear 2-9-2021, 5:57:10 AM
MonkeyDLuffy(MonkeyDLuffy) used a skinned_bear 2-9-2021, 5:57:10 AM
MonkeyDLuffy(MonkeyDLuffy) used a skinned_bear 2-9-2021, 5:57:10 AM
MonkeyDLuffy(MonkeyDLuffy) used a skinned_bear 2-9-2021, 5:57:11 AM
MonkeyDLuffy(MonkeyDLuffy) used a skinned_bear 2-9-2021, 5:57:11 AM
MonkeyDLuffy(MonkeyDLuffy) used a skinned_bear 2-9-2021, 5:57:11 AM
MonkeyDLuffy(MonkeyDLuffy) used a skinned_bear 2-9-2021, 5:57:11 AM
MonkeyDLuffy(MonkeyDLuffy) used a skinned_bear 2-9-2021, 5:57:12 AM
MonkeyDLuffy(MonkeyDLuffy) used a skinned_bear 2-9-2021, 5:57:12 AM
MonkeyDLuffy(MonkeyDLuffy) used a skinned_bear 2-9-2021, 5:57:12 AM
MonkeyDLuffy(MonkeyDLuffy) used a skinned_bear 2-9-2021, 5:57:13 AM
MonkeyDLuffy(MonkeyDLuffy) used a skinned_bear 2-9-2021, 5:57:13 AM
MonkeyDLuffy(MonkeyDLuffy) used a skinned_bear 2-9-2021, 5:57:13 AM
MonkeyDLuffy(MonkeyDLuffy) used a skinned_bear 2-9-2021, 5:57:13 AM
MonkeyDLuffy(MonkeyDLuffy) used a skinned_bear 2-9-2021, 5:57:14 AM
MonkeyDLuffy(MonkeyDLuffy) used a skinned_bear 2-9-2021, 5:57:17 AM
MonkeyDLuffy(MonkeyDLuffy) used a skinned_bear 2-9-2021, 5:57:17 AM
MonkeyDLuffy(MonkeyDLuffy) used a skinned_bear 2-9-2021, 5:57:17 AM
MonkeyDLuffy(MonkeyDLuffy) used a skinned_bear 2-9-2021, 5:57:18 AM
MonkeyDLuffy(MonkeyDLuffy) used a skinned_bear 2-9-2021, 5:57:18 AM
MonkeyDLuffy(MonkeyDLuffy) used a skinned_bear 2-9-2021, 5:57:18 AM
MonkeyDLuffy(MonkeyDLuffy) used a skinned_bear 2-9-2021, 5:57:19 AM
MonkeyDLuffy(MonkeyDLuffy) used a skinned_bear 2-9-2021, 5:57:19 AM
MonkeyDLuffy(MonkeyDLuffy) used a skinned_bear 2-9-2021, 5:57:19 AM
MonkeyDLuffy(MonkeyDLuffy) used a skinned_bear 2-9-2021, 5:57:19 AM
MonkeyDLuffy(MonkeyDLuffy) used a skinned_bear 2-9-2021, 5:57:19 AM
MonkeyDLuffy(MonkeyDLuffy) used a skinned_bear 2-9-2021, 5:57:20 AM
MonkeyDLuffy(MonkeyDLuffy) used a skinned_bear 2-9-2021, 5:57:20 AM
MonkeyDLuffy(MonkeyDLuffy) used a skinned_bear 2-9-2021, 5:57:20 AM
MonkeyDLuffy(MonkeyDLuffy) used a skinned_bear 2-9-2021, 5:57:20 AM
MonkeyDLuffy(MonkeyDLuffy) used a skinned_bear 2-9-2021, 5:57:21 AM
MonkeyDLuffy(MonkeyDLuffy) used a skinned_bear 2-9-2021, 5:57:21 AM
MonkeyDLuffy(MonkeyDLuffy) used a skinned_bear 2-9-2021, 5:57:21 AM
MonkeyDLuffy(MonkeyDLuffy) used a skinned_bear 2-9-2021, 5:57:21 AM
MonkeyDLuffy(MonkeyDLuffy) used a skinned_bear 2-9-2021, 5:57:22 AM
MonkeyDLuffy(MonkeyDLuffy) used a skinned_bear 2-9-2021, 5:57:22 AM
MonkeyDLuffy(MonkeyDLuffy) used a skinned_bear 2-9-2021, 5:57:22 AM
MonkeyDLuffy(MonkeyDLuffy) used a skinned_bear 2-9-2021, 5:57:23 AM
MonkeyDLuffy(MonkeyDLuffy) used a skinned_bear 2-9-2021, 5:57:23 AM
MonkeyDLuffy(MonkeyDLuffy) used a skinned_bear 2-9-2021, 5:57:23 AM
MonkeyDLuffy(MonkeyDLuffy) used a skinned_bear 2-9-2021, 5:57:23 AM
MonkeyDLuffy(MonkeyDLuffy) used a skinned_bear 2-9-2021, 5:57:24 AM
MonkeyDLuffy(MonkeyDLuffy) used a skinned_bear 2-9-2021, 5:57:24 AM
MonkeyDLuffy(MonkeyDLuffy) used a skinned_bear 2-9-2021, 5:57:24 AM
MonkeyDLuffy(MonkeyDLuffy) used a skinned_bear 2-9-2021, 5:57:24 AM
MonkeyDLuffy(MonkeyDLuffy) used a skinned_bear 2-9-2021, 5:57:25 AM
MonkeyDLuffy(MonkeyDLuffy) used a skinned_bear 2-9-2021, 5:57:25 AM
MonkeyDLuffy(MonkeyDLuffy) used a skinned_bear 2-9-2021, 5:57:25 AM
MonkeyDLuffy(MonkeyDLuffy) used a skinned_bear 2-9-2021, 5:57:25 AM
MonkeyDLuffy(MonkeyDLuffy) used a skinned_bear 2-9-2021, 5:57:26 AM
MonkeyDLuffy(MonkeyDLuffy) used a skinned_bear 2-9-2021, 5:57:26 AM
MonkeyDLuffy(MonkeyDLuffy) used a skinned_bear 2-9-2021, 5:57:26 AM
MonkeyDLuffy(MonkeyDLuffy) used a skinned_bear 2-9-2021, 5:57:26 AM
MonkeyDLuffy(MonkeyDLuffy) used a skinned_bear 2-9-2021, 5:57:27 AM
MonkeyDLuffy(MonkeyDLuffy) used a skinned_bear 2-9-2021, 5:57:27 AM
MonkeyDLuffy(MonkeyDLuffy) used a skinned_bear 2-9-2021, 5:58:03 AM
MonkeyDLuffy(MonkeyDLuffy) used a skinned_bear 2-9-2021, 5:58:03 AM
MonkeyDLuffy(MonkeyDLuffy) used a skinned_bear 2-9-2021, 5:58:03 AM
MonkeyDLuffy(MonkeyDLuffy) used a skinned_bear 2-9-2021, 5:58:04 AM
MonkeyDLuffy(MonkeyDLuffy) used a skinned_bear 2-9-2021, 5:58:04 AM
MonkeyDLuffy(MonkeyDLuffy) used a skinned_bear 2-9-2021, 5:58:04 AM
MonkeyDLuffy(MonkeyDLuffy) used a skinned_bear 2-9-2021, 5:58:04 AM
MonkeyDLuffy(MonkeyDLuffy) used a skinned_bear 2-9-2021, 5:58:05 AM
MonkeyDLuffy(MonkeyDLuffy) used a skinned_bear 2-9-2021, 5:58:05 AM
MonkeyDLuffy(MonkeyDLuffy) used a skinned_bear 2-9-2021, 5:58:05 AM
MonkeyDLuffy(MonkeyDLuffy) used a skinned_bear 2-9-2021, 5:58:05 AM
MonkeyDLuffy(MonkeyDLuffy) used a skinned_bear 2-9-2021, 5:58:05 AM
MonkeyDLuffy(MonkeyDLuffy) used a skinned_bear 2-9-2021, 5:58:06 AM
MonkeyDLuffy(MonkeyDLuffy) used a skinned_bear 2-9-2021, 5:58:06 AM
MonkeyDLuffy(MonkeyDLuffy) used a skinned_bear 2-9-2021, 5:58:06 AM
MonkeyDLuffy(MonkeyDLuffy) used a skinned_bear 2-9-2021, 5:58:06 AM
MonkeyDLuffy(MonkeyDLuffy) used a skinned_bear 2-9-2021, 5:58:07 AM
MonkeyDLuffy(MonkeyDLuffy) used a skinned_bear 2-9-2021, 5:58:07 AM
MonkeyDLuffy(MonkeyDLuffy) used a skinned_bear 2-9-2021, 5:58:08 AM
MonkeyDLuffy(MonkeyDLuffy) used a skinned_bear 2-9-2021, 5:58:08 AM
MonkeyDLuffy(MonkeyDLuffy) used a skinned_bear 2-9-2021, 5:58:08 AM
MonkeyDLuffy(MonkeyDLuffy) used a skinned_bear 2-9-2021, 5:58:09 AM
MonkeyDLuffy(MonkeyDLuffy) used a skinned_bear 2-9-2021, 5:58:09 AM
MonkeyDLuffy(MonkeyDLuffy) used a skinned_bear 2-9-2021, 5:58:09 AM
MonkeyDLuffy(MonkeyDLuffy) used a skinned_bear 2-9-2021, 5:58:09 AM
MonkeyDLuffy(MonkeyDLuffy) used a skinned_bear 2-9-2021, 5:58:09 AM
MonkeyDLuffy(MonkeyDLuffy) used a skinned_bear 2-9-2021, 5:58:10 AM
MonkeyDLuffy(MonkeyDLuffy) used a skinned_bear 2-9-2021, 5:58:11 AM
MonkeyDLuffy(MonkeyDLuffy) used a skinned_bear 2-9-2021, 5:58:11 AM
MonkeyDLuffy(MonkeyDLuffy) used a skinned_bear 2-9-2021, 5:58:11 AM
MonkeyDLuffy(MonkeyDLuffy) used a skinned_bear 2-9-2021, 5:58:11 AM
MonkeyDLuffy(MonkeyDLuffy) used a skinned_bear 2-9-2021, 5:58:11 AM
MonkeyDLuffy(MonkeyDLuffy) used a skinned_bear 2-9-2021, 5:58:12 AM
MonkeyDLuffy(MonkeyDLuffy) used a skinned_bear 2-9-2021, 5:58:12 AM
MonkeyDLuffy(MonkeyDLuffy) used a skinned_bear 2-9-2021, 5:58:12 AM
MonkeyDLuffy(MonkeyDLuffy) used a skinned_bear 2-9-2021, 5:58:12 AM
MonkeyDLuffy(MonkeyDLuffy) used a skinned_bear 2-9-2021, 5:58:13 AM
MonkeyDLuffy(MonkeyDLuffy) used a skinned_bear 2-9-2021, 5:58:13 AM
MonkeyDLuffy(MonkeyDLuffy) used a skinned_bear 2-9-2021, 5:58:13 AM
MonkeyDLuffy(MonkeyDLuffy) used a skinned_bear 2-9-2021, 5:58:13 AM
MonkeyDLuffy(MonkeyDLuffy) used a skinned_bear 2-9-2021, 5:58:13 AM
MonkeyDLuffy(MonkeyDLuffy) used a skinned_bear 2-9-2021, 5:58:14 AM
MonkeyDLuffy(MonkeyDLuffy) used a skinned_bear 2-9-2021, 5:58:14 AM
MonkeyDLuffy(MonkeyDLuffy) used a skinned_bear 2-9-2021, 5:58:14 AM
MonkeyDLuffy(MonkeyDLuffy) used a skinned_bear 2-9-2021, 5:58:14 AM
MonkeyDLuffy(MonkeyDLuffy) used a skinned_bear 2-9-2021, 5:58:15 AM
MonkeyDLuffy(MonkeyDLuffy) used a skinned_bear 2-9-2021, 5:58:15 AM
MonkeyDLuffy(MonkeyDLuffy) used a skinned_bear 2-9-2021, 5:58:15 AM
MonkeyDLuffy(MonkeyDLuffy) used a skinned_bear 2-9-2021, 5:58:17 AM
MonkeyDLuffy(MonkeyDLuffy) used a skinned_bear 2-9-2021, 5:58:17 AM
MonkeyDLuffy(MonkeyDLuffy) used a skinned_bear 2-9-2021, 5:58:17 AM
MonkeyDLuffy(MonkeyDLuffy) used a skinned_bear 2-9-2021, 5:58:17 AM
MonkeyDLuffy(MonkeyDLuffy) used a skinned_bear 2-9-2021, 5:58:18 AM
MonkeyDLuffy(MonkeyDLuffy) used a skinned_bear 2-9-2021, 5:58:18 AM
MonkeyDLuffy(MonkeyDLuffy) used a skinned_bear 2-9-2021, 5:58:18 AM
MonkeyDLuffy(MonkeyDLuffy) used a skinned_bear 2-9-2021, 5:58:18 AM
MonkeyDLuffy(MonkeyDLuffy) used a skinned_bear 2-9-2021, 5:58:18 AM
MonkeyDLuffy(MonkeyDLuffy) used a skinned_bear 2-9-2021, 5:58:19 AM
MonkeyDLuffy(MonkeyDLuffy) used a skinned_bear 2-9-2021, 5:58:19 AM
MonkeyDLuffy(MonkeyDLuffy) used a skinned_bear 2-9-2021, 5:58:19 AM
MonkeyDLuffy(MonkeyDLuffy) used a skinned_bear 2-9-2021, 5:58:19 AM
MonkeyDLuffy(MonkeyDLuffy) used a skinned_bear 2-9-2021, 5:58:19 AM
MonkeyDLuffy(MonkeyDLuffy) used a skinned_bear 2-9-2021, 5:58:20 AM
MonkeyDLuffy(MonkeyDLuffy) used a skinned_bear 2-9-2021, 5:58:20 AM
MonkeyDLuffy(MonkeyDLuffy) used a skinned_bear 2-9-2021, 5:58:20 AM
MonkeyDLuffy(MonkeyDLuffy) used a skinned_bear 2-9-2021, 5:58:20 AM
MonkeyDLuffy(MonkeyDLuffy) used a skinned_bear 2-9-2021, 5:58:21 AM
MonkeyDLuffy(MonkeyDLuffy) used a skinned_bear 2-9-2021, 5:58:21 AM
MonkeyDLuffy(MonkeyDLuffy) used a skinned_bear 2-9-2021, 5:58:21 AM
MonkeyDLuffy(MonkeyDLuffy) used a skinned_bear 2-9-2021, 5:58:21 AM
MonkeyDLuffy(MonkeyDLuffy) used a skinned_bear 2-9-2021, 5:58:22 AM
MonkeyDLuffy(MonkeyDLuffy) used a skinned_bear 2-9-2021, 5:58:22 AM
MonkeyDLuffy(MonkeyDLuffy) used a skinned_bear 2-9-2021, 5:58:22 AM
MonkeyDLuffy(MonkeyDLuffy) used a skinned_bear 2-9-2021, 5:58:22 AM
MonkeyDLuffy(MonkeyDLuffy) used a skinned_bear 2-9-2021, 5:58:23 AM
MonkeyDLuffy(MonkeyDLuffy) used a skinned_bear 2-9-2021, 5:58:23 AM
MonkeyDLuffy(MonkeyDLuffy) used a skinned_bear 2-9-2021, 5:58:23 AM
MonkeyDLuffy(MonkeyDLuffy) used a skinned_bear 2-9-2021, 5:58:24 AM
MonkeyDLuffy(MonkeyDLuffy) used a skinned_bear 2-9-2021, 5:58:24 AM
MonkeyDLuffy(MonkeyDLuffy) used a skinned_bear 2-9-2021, 5:58:24 AM
MonkeyDLuffy(MonkeyDLuffy) used a skinned_bear 2-9-2021, 5:58:24 AM
MonkeyDLuffy(MonkeyDLuffy) used a skinned_bear 2-9-2021, 5:58:24 AM
MonkeyDLuffy(MonkeyDLuffy) used a skinned_bear 2-9-2021, 5:58:25 AM
MonkeyDLuffy(MonkeyDLuffy) used a skinned_bear 2-9-2021, 5:58:25 AM
MonkeyDLuffy(MonkeyDLuffy) used a skinned_bear 2-9-2021, 5:58:25 AM
MonkeyDLuffy(MonkeyDLuffy) used a skinned_bear 2-9-2021, 5:58:26 AM
MonkeyDLuffy(MonkeyDLuffy) used a skinned_bear 2-9-2021, 5:58:26 AM
MonkeyDLuffy(MonkeyDLuffy) used a skinned_bear 2-9-2021, 5:58:26 AM
MonkeyDLuffy(MonkeyDLuffy) used a skinned_bear 2-9-2021, 5:58:26 AM
MonkeyDLuffy(MonkeyDLuffy) used a skinned_bear 2-9-2021, 5:58:26 AM
MonkeyDLuffy(MonkeyDLuffy) used a skinned_bear 2-9-2021, 5:58:28 AM
MonkeyDLuffy(MonkeyDLuffy) used a skinned_bear 2-9-2021, 5:58:28 AM
MonkeyDLuffy(MonkeyDLuffy) used a skinned_bear 2-9-2021, 5:58:28 AM
MonkeyDLuffy(MonkeyDLuffy) used a skinned_bear 2-9-2021, 5:58:28 AM
MonkeyDLuffy(MonkeyDLuffy) used a skinned_bear 2-9-2021, 5:58:29 AM
MonkeyDLuffy(MonkeyDLuffy) used a skinned_bear 2-9-2021, 5:58:29 AM
MonkeyDLuffy(MonkeyDLuffy) used a skinned_bear 2-9-2021, 5:58:29 AM
MonkeyDLuffy(MonkeyDLuffy) used a skinned_bear 2-9-2021, 5:58:29 AM
MonkeyDLuffy(MonkeyDLuffy) used a skinned_bear 2-9-2021, 5:58:30 AM
MonkeyDLuffy(MonkeyDLuffy) used a skinned_bear 2-9-2021, 5:58:30 AM
MonkeyDLuffy(MonkeyDLuffy) used a skinned_bear 2-9-2021, 5:58:30 AM
MonkeyDLuffy(MonkeyDLuffy) used a skinned_bear 2-9-2021, 5:58:30 AM
MonkeyDLuffy(MonkeyDLuffy) used a skinned_bear 2-9-2021, 5:58:31 AM
MonkeyDLuffy(MonkeyDLuffy) used a skinned_bear 2-9-2021, 5:58:31 AM
MonkeyDLuffy(MonkeyDLuffy) used a skinned_bear 2-9-2021, 5:58:31 AM
MonkeyDLuffy(MonkeyDLuffy) used a skinned_bear 2-9-2021, 5:58:31 AM
MonkeyDLuffy(MonkeyDLuffy) used a skinned_bear 2-9-2021, 5:58:31 AM
MonkeyDLuffy(MonkeyDLuffy) used a skinned_bear 2-9-2021, 5:58:32 AM
MonkeyDLuffy(MonkeyDLuffy) used a skinned_bear 2-9-2021, 5:58:32 AM
MonkeyDLuffy(MonkeyDLuffy) used a skinned_bear 2-9-2021, 5:58:32 AM
MonkeyDLuffy(MonkeyDLuffy) used a skinned_bear 2-9-2021, 5:58:32 AM
MonkeyDLuffy(MonkeyDLuffy) used a skinned_bear 2-9-2021, 5:58:33 AM
MonkeyDLuffy(MonkeyDLuffy) used a skinned_bear 2-9-2021, 5:58:33 AM
MonkeyDLuffy(MonkeyDLuffy) used a skinned_bear 2-9-2021, 5:58:33 AM
MonkeyDLuffy(MonkeyDLuffy) used a skinned_bear 2-9-2021, 5:58:33 AM
MonkeyDLuffy(MonkeyDLuffy) used a skinned_bear 2-9-2021, 5:58:34 AM
MonkeyDLuffy(MonkeyDLuffy) used a skinned_bear 2-9-2021, 5:58:34 AM
MonkeyDLuffy(MonkeyDLuffy) used a skinned_bear 2-9-2021, 5:58:34 AM
MonkeyDLuffy(MonkeyDLuffy) used a skinned_bear 2-9-2021, 5:58:34 AM
MonkeyDLuffy(MonkeyDLuffy) used a skinned_bear 2-9-2021, 5:58:35 AM
MonkeyDLuffy(MonkeyDLuffy) used a shield 2-9-2021, 5:58:36 AM
MonkeyDLuffy(MonkeyDLuffy) used a shield 2-9-2021, 5:58:38 AM
MonkeyDLuffy(MonkeyDLuffy) used a shield 2-9-2021, 5:58:40 AM
MonkeyDLuffy(MonkeyDLuffy) used a antibiotic 2-9-2021, 5:58:40 AM
MonkeyDLuffy(MonkeyDLuffy) used a antibiotic 2-9-2021, 5:58:40 AM
MonkeyDLuffy(MonkeyDLuffy) used a skinned_bear 2-9-2021, 5:58:41 AM
MonkeyDLuffy(MonkeyDLuffy) used a skinned_bear 2-9-2021, 5:58:42 AM
MonkeyDLuffy(MonkeyDLuffy) used a skinned_bear 2-9-2021, 5:58:42 AM
MonkeyDLuffy(MonkeyDLuffy) used a skinned_bear 2-9-2021, 5:58:42 AM
MonkeyDLuffy(MonkeyDLuffy) used a skinned_bear 2-9-2021, 5:58:42 AM
MonkeyDLuffy(MonkeyDLuffy) used a skinned_bear 2-9-2021, 5:58:53 AM
MonkeyDLuffy(MonkeyDLuffy) used a skinned_bear 2-9-2021, 5:58:53 AM
MonkeyDLuffy(MonkeyDLuffy) used a skinned_bear 2-9-2021, 5:58:53 AM
MonkeyDLuffy(MonkeyDLuffy) used a skinned_bear 2-9-2021, 5:58:54 AM
MonkeyDLuffy(MonkeyDLuffy) used a skinned_bear 2-9-2021, 5:58:54 AM
MonkeyDLuffy(MonkeyDLuffy) used a skinned_bear 2-9-2021, 5:58:54 AM
MonkeyDLuffy(MonkeyDLuffy) used a skinned_bear 2-9-2021, 5:58:54 AM
MonkeyDLuffy(MonkeyDLuffy) used a skinned_bear 2-9-2021, 5:58:55 AM
MonkeyDLuffy(MonkeyDLuffy) used a skinned_bear 2-9-2021, 5:58:55 AM
MonkeyDLuffy(MonkeyDLuffy) used a skinned_bear 2-9-2021, 5:58:55 AM
MonkeyDLuffy(MonkeyDLuffy) used a skinned_bear 2-9-2021, 5:58:55 AM
MonkeyDLuffy(MonkeyDLuffy) used a skinned_bear 2-9-2021, 5:58:55 AM
MonkeyDLuffy(MonkeyDLuffy) used a skinned_bear 2-9-2021, 5:58:56 AM
MonkeyDLuffy(MonkeyDLuffy) used a skinned_bear 2-9-2021, 5:58:56 AM
MonkeyDLuffy(MonkeyDLuffy) used a skinned_bear 2-9-2021, 5:58:56 AM
MonkeyDLuffy(MonkeyDLuffy) used a skinned_bear 2-9-2021, 5:58:56 AM
MonkeyDLuffy(MonkeyDLuffy) used a skinned_bear 2-9-2021, 5:58:57 AM
MonkeyDLuffy(MonkeyDLuffy) used a skinned_bear 2-9-2021, 5:58:57 AM
MonkeyDLuffy(MonkeyDLuffy) used a skinned_bear 2-9-2021, 5:58:58 AM
MonkeyDLuffy(MonkeyDLuffy) used a skinned_bear 2-9-2021, 5:58:58 AM
MonkeyDLuffy(MonkeyDLuffy) used a skinned_bear 2-9-2021, 5:58:58 AM
MonkeyDLuffy(MonkeyDLuffy) used a skinned_bear 2-9-2021, 5:58:58 AM
MonkeyDLuffy(MonkeyDLuffy) used a skinned_bear 2-9-2021, 5:58:59 AM
MonkeyDLuffy(MonkeyDLuffy) used a skinned_bear 2-9-2021, 5:58:59 AM
MonkeyDLuffy(MonkeyDLuffy) used a skinned_bear 2-9-2021, 5:59:00 AM
MonkeyDLuffy(MonkeyDLuffy) used a skinned_bear 2-9-2021, 5:59:00 AM
MonkeyDLuffy(MonkeyDLuffy) used a skinned_bear 2-9-2021, 5:59:00 AM
MonkeyDLuffy(MonkeyDLuffy) used a skinned_bear 2-9-2021, 5:59:00 AM
MonkeyDLuffy(MonkeyDLuffy) used a skinned_bear 2-9-2021, 5:59:01 AM
MonkeyDLuffy(MonkeyDLuffy) used a skinned_bear 2-9-2021, 5:59:01 AM
MonkeyDLuffy(MonkeyDLuffy) used a skinned_bear 2-9-2021, 5:59:01 AM
MonkeyDLuffy(MonkeyDLuffy) used a skinned_bear 2-9-2021, 5:59:01 AM
MonkeyDLuffy(MonkeyDLuffy) used a skinned_bear 2-9-2021, 5:59:02 AM
MonkeyDLuffy(MonkeyDLuffy) used a skinned_bear 2-9-2021, 5:59:02 AM
MonkeyDLuffy(MonkeyDLuffy) used a skinned_bear 2-9-2021, 5:59:02 AM
MonkeyDLuffy(MonkeyDLuffy) used a skinned_bear 2-9-2021, 5:59:02 AM
MonkeyDLuffy(MonkeyDLuffy) used a skinned_bear 2-9-2021, 5:59:02 AM
MonkeyDLuffy(MonkeyDLuffy) used a skinned_bear 2-9-2021, 5:59:03 AM
MonkeyDLuffy(MonkeyDLuffy) used a skinned_bear 2-9-2021, 5:59:03 AM
MonkeyDLuffy(MonkeyDLuffy) used a skinned_bear 2-9-2021, 5:59:03 AM
MonkeyDLuffy(MonkeyDLuffy) used a skinned_bear 2-9-2021, 5:59:03 AM
MonkeyDLuffy(MonkeyDLuffy) used a skinned_bear 2-9-2021, 5:59:04 AM
MonkeyDLuffy(MonkeyDLuffy) used a skinned_bear 2-9-2021, 5:59:04 AM
MonkeyDLuffy(MonkeyDLuffy) used a skinned_bear 2-9-2021, 5:59:04 AM
MonkeyDLuffy(MonkeyDLuffy) used a skinned_bear 2-9-2021, 5:59:04 AM
MonkeyDLuffy(MonkeyDLuffy) used a skinned_bear 2-9-2021, 5:59:04 AM
MonkeyDLuffy(MonkeyDLuffy) used a skinned_bear 2-9-2021, 5:59:05 AM
MonkeyDLuffy(MonkeyDLuffy) used a skinned_bear 2-9-2021, 5:59:05 AM
MonkeyDLuffy(MonkeyDLuffy) used a skinned_bear 2-9-2021, 5:59:05 AM
MonkeyDLuffy(MonkeyDLuffy) used a skinned_bear 2-9-2021, 5:59:05 AM
MonkeyDLuffy(MonkeyDLuffy) used a skinned_bear 2-9-2021, 5:59:06 AM
MonkeyDLuffy(MonkeyDLuffy) used a skinned_bear 2-9-2021, 5:59:06 AM
MonkeyDLuffy(MonkeyDLuffy) used a skinned_bear 2-9-2021, 5:59:06 AM
MonkeyDLuffy(MonkeyDLuffy) used a skinned_bear 2-9-2021, 5:59:06 AM
MonkeyDLuffy(MonkeyDLuffy) used a skinned_bear 2-9-2021, 5:59:07 AM
MonkeyDLuffy(MonkeyDLuffy) used a skinned_bear 2-9-2021, 5:59:07 AM
MonkeyDLuffy(MonkeyDLuffy) used a skinned_bear 2-9-2021, 5:59:07 AM
MonkeyDLuffy(MonkeyDLuffy) used a skinned_bear 2-9-2021, 5:59:07 AM
MonkeyDLuffy(MonkeyDLuffy) used a skinned_bear 2-9-2021, 5:59:08 AM
MonkeyDLuffy(MonkeyDLuffy) used a skinned_bear 2-9-2021, 5:59:08 AM
MonkeyDLuffy(MonkeyDLuffy) used a skinned_bear 2-9-2021, 5:59:08 AM
MonkeyDLuffy(MonkeyDLuffy) used a skinned_bear 2-9-2021, 5:59:08 AM
MonkeyDLuffy(MonkeyDLuffy) used a skinned_bear 2-9-2021, 5:59:08 AM
MonkeyDLuffy(MonkeyDLuffy) used a skinned_bear 2-9-2021, 5:59:09 AM
MonkeyDLuffy(MonkeyDLuffy) used a skinned_bear 2-9-2021, 5:59:09 AM
MonkeyDLuffy(MonkeyDLuffy) used a skinned_bear 2-9-2021, 5:59:09 AM
MonkeyDLuffy(MonkeyDLuffy) used a skinned_bear 2-9-2021, 5:59:09 AM
MonkeyDLuffy(MonkeyDLuffy) used a skinned_bear 2-9-2021, 5:59:10 AM
MonkeyDLuffy(MonkeyDLuffy) used a skinned_bear 2-9-2021, 5:59:10 AM
MonkeyDLuffy(MonkeyDLuffy) used a skinned_bear 2-9-2021, 5:59:10 AM
MonkeyDLuffy(MonkeyDLuffy) used a skinned_bear 2-9-2021, 5:59:10 AM
MonkeyDLuffy(MonkeyDLuffy) used a skinned_bear 2-9-2021, 5:59:10 AM
MonkeyDLuffy(MonkeyDLuffy) used a skinned_bear 2-9-2021, 5:59:11 AM
MonkeyDLuffy(MonkeyDLuffy) used a skinned_bear 2-9-2021, 5:59:11 AM
MonkeyDLuffy(MonkeyDLuffy) used a skinned_bear 2-9-2021, 5:59:11 AM
MonkeyDLuffy(MonkeyDLuffy) used a skinned_bear 2-9-2021, 5:59:11 AM
MonkeyDLuffy(MonkeyDLuffy) used a skinned_bear 2-9-2021, 5:59:12 AM
MonkeyDLuffy(MonkeyDLuffy) used a skinned_bear 2-9-2021, 5:59:12 AM
MonkeyDLuffy(MonkeyDLuffy) used a skinned_bear 2-9-2021, 5:59:12 AM
MonkeyDLuffy(MonkeyDLuffy) used a skinned_bear 2-9-2021, 5:59:12 AM
MonkeyDLuffy(MonkeyDLuffy) used a skinned_bear 2-9-2021, 5:59:12 AM
MonkeyDLuffy(MonkeyDLuffy) used a skinned_bear 2-9-2021, 5:59:13 AM
MonkeyDLuffy(MonkeyDLuffy) used a skinned_bear 2-9-2021, 5:59:13 AM
MonkeyDLuffy(MonkeyDLuffy) used a skinned_bear 2-9-2021, 5:59:13 AM
MonkeyDLuffy(MonkeyDLuffy) used a skinned_bear 2-9-2021, 5:59:13 AM
MonkeyDLuffy(MonkeyDLuffy) used a skinned_bear 2-9-2021, 5:59:13 AM
MonkeyDLuffy(MonkeyDLuffy) used a skinned_bear 2-9-2021, 5:59:14 AM
MonkeyDLuffy(MonkeyDLuffy) used a skinned_bear 2-9-2021, 5:59:14 AM
MonkeyDLuffy(MonkeyDLuffy) used a skinned_bear 2-9-2021, 5:59:14 AM
MonkeyDLuffy(MonkeyDLuffy) used a skinned_bear 2-9-2021, 5:59:14 AM
MonkeyDLuffy(MonkeyDLuffy) used a skinned_bear 2-9-2021, 5:59:15 AM
MonkeyDLuffy(MonkeyDLuffy) used a skinned_bear 2-9-2021, 5:59:15 AM
MonkeyDLuffy(MonkeyDLuffy) used a skinned_bear 2-9-2021, 5:59:15 AM
MonkeyDLuffy(MonkeyDLuffy) used a skinned_bear 2-9-2021, 5:59:15 AM
MonkeyDLuffy(MonkeyDLuffy) used a skinned_bear 2-9-2021, 5:59:15 AM
MonkeyDLuffy(MonkeyDLuffy) used a skinned_bear 2-9-2021, 5:59:16 AM
MonkeyDLuffy(MonkeyDLuffy) used a skinned_bear 2-9-2021, 5:59:16 AM
MonkeyDLuffy(MonkeyDLuffy) used a skinned_bear 2-9-2021, 5:59:16 AM
MonkeyDLuffy(MonkeyDLuffy) used a skinned_bear 2-9-2021, 5:59:16 AM
MonkeyDLuffy(MonkeyDLuffy) used a skinned_bear 2-9-2021, 5:59:17 AM
MonkeyDLuffy(MonkeyDLuffy) used a skinned_bear 2-9-2021, 5:59:17 AM
MonkeyDLuffy(MonkeyDLuffy) used a skinned_bear 2-9-2021, 5:59:17 AM
MonkeyDLuffy(MonkeyDLuffy) used a skinned_bear 2-9-2021, 5:59:17 AM
MonkeyDLuffy(MonkeyDLuffy) used a skinned_bear 2-9-2021, 5:59:17 AM
MonkeyDLuffy(MonkeyDLuffy) used a skinned_bear 2-9-2021, 5:59:18 AM
MonkeyDLuffy(MonkeyDLuffy) used a skinned_bear 2-9-2021, 5:59:18 AM
MonkeyDLuffy(MonkeyDLuffy) used a skinned_bear 2-9-2021, 5:59:18 AM
MonkeyDLuffy(MonkeyDLuffy) used a skinned_bear 2-9-2021, 5:59:18 AM
MonkeyDLuffy(MonkeyDLuffy) used a skinned_bear 2-9-2021, 5:59:19 AM
MonkeyDLuffy(MonkeyDLuffy) used a skinned_bear 2-9-2021, 5:59:19 AM
MonkeyDLuffy(MonkeyDLuffy) used a skinned_bear 2-9-2021, 5:59:19 AM
MonkeyDLuffy(MonkeyDLuffy) used a skinned_bear 2-9-2021, 5:59:19 AM
MonkeyDLuffy(MonkeyDLuffy) used a skinned_bear 2-9-2021, 5:59:19 AM
MonkeyDLuffy(MonkeyDLuffy) used a skinned_bear 2-9-2021, 5:59:20 AM
MonkeyDLuffy(MonkeyDLuffy) used a skinned_bear 2-9-2021, 5:59:20 AM
MonkeyDLuffy(MonkeyDLuffy) used a skinned_bear 2-9-2021, 5:59:21 AM
MonkeyDLuffy(MonkeyDLuffy) used a skinned_bear 2-9-2021, 5:59:21 AM
MonkeyDLuffy(MonkeyDLuffy) used a skinned_bear 2-9-2021, 5:59:21 AM
MonkeyDLuffy(MonkeyDLuffy) used a skinned_bear 2-9-2021, 5:59:22 AM
MonkeyDLuffy(MonkeyDLuffy) used a skinned_bear 2-9-2021, 5:59:22 AM
MonkeyDLuffy(MonkeyDLuffy) used a skinned_bear 2-9-2021, 5:59:22 AM
MonkeyDLuffy(MonkeyDLuffy) used a skinned_bear 2-9-2021, 5:59:22 AM
MonkeyDLuffy(MonkeyDLuffy) used a skinned_bear 2-9-2021, 5:59:23 AM
MonkeyDLuffy(MonkeyDLuffy) used a skinned_bear 2-9-2021, 5:59:23 AM
MonkeyDLuffy(MonkeyDLuffy) used a skinned_bear 2-9-2021, 5:59:23 AM
MonkeyDLuffy(MonkeyDLuffy) used a skinned_bear 2-9-2021, 5:59:23 AM
MonkeyDLuffy(MonkeyDLuffy) used a skinned_bear 2-9-2021, 5:59:23 AM
MonkeyDLuffy(MonkeyDLuffy) used a skinned_bear 2-9-2021, 5:59:24 AM
MonkeyDLuffy(MonkeyDLuffy) used a skinned_bear 2-9-2021, 5:59:25 AM
MonkeyDLuffy(MonkeyDLuffy) used a skinned_bear 2-9-2021, 5:59:25 AM
MonkeyDLuffy(MonkeyDLuffy) used a skinned_bear 2-9-2021, 5:59:28 AM
MonkeyDLuffy(MonkeyDLuffy) used a skinned_bear 2-9-2021, 5:59:28 AM
MonkeyDLuffy(MonkeyDLuffy) used a skinned_bear 2-9-2021, 5:59:28 AM
MonkeyDLuffy(MonkeyDLuffy) used a skinned_bear 2-9-2021, 5:59:29 AM
MonkeyDLuffy(MonkeyDLuffy) used a skinned_bear 2-9-2021, 5:59:29 AM
MonkeyDLuffy(MonkeyDLuffy) used a skinned_bear 2-9-2021, 6:00:08 AM
MonkeyDLuffy(MonkeyDLuffy) used a skinned_bear 2-9-2021, 6:00:08 AM
MonkeyDLuffy(MonkeyDLuffy) used a skinned_bear 2-9-2021, 6:00:08 AM
MonkeyDLuffy(MonkeyDLuffy) used a skinned_bear 2-9-2021, 6:00:09 AM
MonkeyDLuffy(MonkeyDLuffy) used a skinned_bear 2-9-2021, 6:00:09 AM
MonkeyDLuffy(MonkeyDLuffy) used a skinned_bear 2-9-2021, 6:00:09 AM
MonkeyDLuffy(MonkeyDLuffy) used a skinned_bear 2-9-2021, 6:00:09 AM
MonkeyDLuffy(MonkeyDLuffy) used a skinned_bear 2-9-2021, 6:00:11 AM
MonkeyDLuffy(MonkeyDLuffy) used a skinned_bear 2-9-2021, 6:00:11 AM
MonkeyDLuffy(MonkeyDLuffy) used a skinned_bear 2-9-2021, 6:00:11 AM
MonkeyDLuffy(MonkeyDLuffy) used a skinned_bear 2-9-2021, 6:00:11 AM
MonkeyDLuffy(MonkeyDLuffy) used a skinned_bear 2-9-2021, 6:00:12 AM
MonkeyDLuffy(MonkeyDLuffy) used a skinned_bear 2-9-2021, 6:00:12 AM
MonkeyDLuffy(MonkeyDLuffy) used a skinned_bear 2-9-2021, 6:00:12 AM
MonkeyDLuffy(MonkeyDLuffy) used a skinned_bear 2-9-2021, 6:00:12 AM
MonkeyDLuffy(MonkeyDLuffy) used a skinned_bear 2-9-2021, 6:00:13 AM
MonkeyDLuffy(MonkeyDLuffy) used a skinned_bear 2-9-2021, 6:00:13 AM
MonkeyDLuffy(MonkeyDLuffy) used a skinned_bear 2-9-2021, 6:00:13 AM
MonkeyDLuffy(MonkeyDLuffy) used a skinned_bear 2-9-2021, 6:00:13 AM
MonkeyDLuffy(MonkeyDLuffy) used a skinned_bear 2-9-2021, 6:00:14 AM
MonkeyDLuffy(MonkeyDLuffy) used a skinned_bear 2-9-2021, 6:00:14 AM
MonkeyDLuffy(MonkeyDLuffy) used a skinned_bear 2-9-2021, 6:00:14 AM
MonkeyDLuffy(MonkeyDLuffy) used a skinned_bear 2-9-2021, 6:00:14 AM
MonkeyDLuffy(MonkeyDLuffy) used a skinned_bear 2-9-2021, 6:00:14 AM
MonkeyDLuffy(MonkeyDLuffy) used a skinned_bear 2-9-2021, 6:00:15 AM
MonkeyDLuffy(MonkeyDLuffy) used a skinned_bear 2-9-2021, 6:00:15 AM
MonkeyDLuffy(MonkeyDLuffy) used a skinned_bear 2-9-2021, 6:00:15 AM
MonkeyDLuffy(MonkeyDLuffy) used a fire_starter 2-9-2021, 6:00:39 AM
MonkeyDLuffy(MonkeyDLuffy) used a cutted_goat_meat 2-9-2021, 6:00:42 AM
MonkeyDLuffy(MonkeyDLuffy) used a cutted_goat_meat 2-9-2021, 6:00:42 AM
MonkeyDLuffy(MonkeyDLuffy) used a cutted_goat_meat 2-9-2021, 6:00:43 AM
MonkeyDLuffy(MonkeyDLuffy) used a cutted_goat_meat 2-9-2021, 6:00:43 AM
MonkeyDLuffy(MonkeyDLuffy) used a cutted_goat_meat 2-9-2021, 6:00:43 AM
MonkeyDLuffy(MonkeyDLuffy) used a cutted_goat_meat 2-9-2021, 6:00:43 AM
MonkeyDLuffy(MonkeyDLuffy) used a cutted_goat_meat 2-9-2021, 6:00:44 AM
MonkeyDLuffy(MonkeyDLuffy) used a cutted_goat_meat 2-9-2021, 6:00:44 AM
MonkeyDLuffy(MonkeyDLuffy) used a cutted_goat_meat 2-9-2021, 6:00:44 AM
MonkeyDLuffy(MonkeyDLuffy) used a cutted_goat_meat 2-9-2021, 6:00:44 AM
MonkeyDLuffy(MonkeyDLuffy) used a cutted_goat_meat 2-9-2021, 6:00:45 AM
MonkeyDLuffy(MonkeyDLuffy) used a cutted_goat_meat 2-9-2021, 6:00:46 AM
MonkeyDLuffy(MonkeyDLuffy) used a cutted_goat_meat 2-9-2021, 6:00:46 AM
MonkeyDLuffy(MonkeyDLuffy) used a cutted_goat_meat 2-9-2021, 6:00:46 AM
MonkeyDLuffy(MonkeyDLuffy) used a cutted_goat_meat 2-9-2021, 6:00:46 AM
MonkeyDLuffy(MonkeyDLuffy) used a cutted_goat_meat 2-9-2021, 6:00:46 AM
MonkeyDLuffy(MonkeyDLuffy) used a cutted_goat_meat 2-9-2021, 6:00:47 AM
MonkeyDLuffy(MonkeyDLuffy) used a cutted_goat_meat 2-9-2021, 6:00:47 AM
MonkeyDLuffy(MonkeyDLuffy) used a cutted_goat_meat 2-9-2021, 6:00:47 AM
MonkeyDLuffy(MonkeyDLuffy) used a cutted_goat_meat 2-9-2021, 6:00:47 AM
MonkeyDLuffy(MonkeyDLuffy) used a cutted_goat_meat 2-9-2021, 6:00:47 AM
MonkeyDLuffy(MonkeyDLuffy) used a cutted_goat_meat 2-9-2021, 6:00:48 AM
MonkeyDLuffy(MonkeyDLuffy) used a cutted_goat_meat 2-9-2021, 6:00:48 AM
MonkeyDLuffy(MonkeyDLuffy) used a cutted_goat_meat 2-9-2021, 6:00:48 AM
MonkeyDLuffy(MonkeyDLuffy) used a cutted_goat_meat 2-9-2021, 6:00:48 AM
MonkeyDLuffy(MonkeyDLuffy) used a cutted_goat_meat 2-9-2021, 6:00:49 AM
MonkeyDLuffy(MonkeyDLuffy) used a cutted_goat_meat 2-9-2021, 6:00:49 AM
MonkeyDLuffy(MonkeyDLuffy) used a cutted_goat_meat 2-9-2021, 6:00:49 AM
MonkeyDLuffy(MonkeyDLuffy) used a cutted_goat_meat 2-9-2021, 6:00:50 AM
MonkeyDLuffy(MonkeyDLuffy) used a cutted_goat_meat 2-9-2021, 6:00:50 AM
MonkeyDLuffy(MonkeyDLuffy) used a cutted_goat_meat 2-9-2021, 6:00:50 AM
MonkeyDLuffy(MonkeyDLuffy) used a cutted_goat_meat 2-9-2021, 6:00:50 AM
MonkeyDLuffy(MonkeyDLuffy) used a cutted_goat_meat 2-9-2021, 6:00:50 AM
MonkeyDLuffy(MonkeyDLuffy) used a cutted_goat_meat 2-9-2021, 6:00:50 AM
MonkeyDLuffy(MonkeyDLuffy) used a cutted_goat_meat 2-9-2021, 6:00:51 AM
MonkeyDLuffy(MonkeyDLuffy) used a cutted_goat_meat 2-9-2021, 6:00:51 AM
MonkeyDLuffy(MonkeyDLuffy) used a cutted_goat_meat 2-9-2021, 6:00:51 AM
MonkeyDLuffy(MonkeyDLuffy) used a cutted_goat_meat 2-9-2021, 6:00:51 AM
MonkeyDLuffy(MonkeyDLuffy) used a cutted_goat_meat 2-9-2021, 6:00:52 AM
MonkeyDLuffy(MonkeyDLuffy) used a cutted_goat_meat 2-9-2021, 6:00:52 AM
MonkeyDLuffy(MonkeyDLuffy) used a cutted_goat_meat 2-9-2021, 6:00:52 AM
MonkeyDLuffy(MonkeyDLuffy) used a cutted_goat_meat 2-9-2021, 6:00:52 AM
MonkeyDLuffy(MonkeyDLuffy) used a cutted_goat_meat 2-9-2021, 6:00:53 AM
MonkeyDLuffy(MonkeyDLuffy) used a cutted_goat_meat 2-9-2021, 6:00:53 AM
MonkeyDLuffy(MonkeyDLuffy) used a cutted_goat_meat 2-9-2021, 6:00:53 AM
MonkeyDLuffy(MonkeyDLuffy) used a cutted_goat_meat 2-9-2021, 6:00:53 AM
MonkeyDLuffy(MonkeyDLuffy) used a cutted_goat_meat 2-9-2021, 6:00:54 AM
MonkeyDLuffy(MonkeyDLuffy) used a cutted_goat_meat 2-9-2021, 6:00:54 AM
MonkeyDLuffy(MonkeyDLuffy) used a cutted_goat_meat 2-9-2021, 6:00:54 AM
MonkeyDLuffy(MonkeyDLuffy) used a cutted_goat_meat 2-9-2021, 6:00:54 AM
MonkeyDLuffy(MonkeyDLuffy) used a cutted_goat_meat 2-9-2021, 6:00:54 AM
MonkeyDLuffy(MonkeyDLuffy) used a cutted_goat_meat 2-9-2021, 6:00:55 AM
MonkeyDLuffy(MonkeyDLuffy) used a cutted_goat_meat 2-9-2021, 6:00:55 AM
MonkeyDLuffy(MonkeyDLuffy) used a cutted_goat_meat 2-9-2021, 6:00:55 AM
MonkeyDLuffy(MonkeyDLuffy) used a cutted_goat_meat 2-9-2021, 6:00:55 AM
MonkeyDLuffy(MonkeyDLuffy) used a cutted_goat_meat 2-9-2021, 6:00:56 AM
MonkeyDLuffy(MonkeyDLuffy) used a cutted_goat_meat 2-9-2021, 6:00:56 AM
MonkeyDLuffy(MonkeyDLuffy) used a cutted_goat_meat 2-9-2021, 6:00:56 AM
MonkeyDLuffy(MonkeyDLuffy) used a cutted_goat_meat 2-9-2021, 6:00:56 AM
MonkeyDLuffy(MonkeyDLuffy) used a cutted_goat_meat 2-9-2021, 6:00:57 AM
MonkeyDLuffy(MonkeyDLuffy) used a cutted_goat_meat 2-9-2021, 6:00:57 AM
MonkeyDLuffy(MonkeyDLuffy) used a cutted_goat_meat 2-9-2021, 6:00:57 AM
MonkeyDLuffy(MonkeyDLuffy) used a cutted_goat_meat 2-9-2021, 6:00:58 AM
MonkeyDLuffy(MonkeyDLuffy) used a cutted_goat_meat 2-9-2021, 6:00:58 AM
MonkeyDLuffy(MonkeyDLuffy) used a cutted_goat_meat 2-9-2021, 6:00:58 AM
MonkeyDLuffy(MonkeyDLuffy) used a cutted_goat_meat 2-9-2021, 6:00:59 AM
MonkeyDLuffy(MonkeyDLuffy) used a cutted_goat_meat 2-9-2021, 6:00:59 AM
MonkeyDLuffy(MonkeyDLuffy) used a cutted_goat_meat 2-9-2021, 6:00:59 AM
MonkeyDLuffy(MonkeyDLuffy) used a cutted_goat_meat 2-9-2021, 6:00:59 AM
MonkeyDLuffy(MonkeyDLuffy) used a cutted_goat_meat 2-9-2021, 6:01:00 AM
MonkeyDLuffy(MonkeyDLuffy) used a cutted_goat_meat 2-9-2021, 6:01:00 AM
MonkeyDLuffy(MonkeyDLuffy) used a cutted_goat_meat 2-9-2021, 6:01:00 AM
MonkeyDLuffy(MonkeyDLuffy) used a cutted_goat_meat 2-9-2021, 6:01:00 AM
MonkeyDLuffy(MonkeyDLuffy) used a cutted_goat_meat 2-9-2021, 6:01:00 AM
MonkeyDLuffy(MonkeyDLuffy) used a cutted_goat_meat 2-9-2021, 6:01:01 AM
MonkeyDLuffy(MonkeyDLuffy) used a cutted_goat_meat 2-9-2021, 6:01:01 AM
MonkeyDLuffy(MonkeyDLuffy) used a cutted_goat_meat 2-9-2021, 6:01:01 AM
MonkeyDLuffy(MonkeyDLuffy) used a cutted_goat_meat 2-9-2021, 6:01:01 AM
MonkeyDLuffy(MonkeyDLuffy) used a cutted_goat_meat 2-9-2021, 6:01:02 AM
MonkeyDLuffy(MonkeyDLuffy) used a cutted_goat_meat 2-9-2021, 6:01:02 AM
MonkeyDLuffy(MonkeyDLuffy) used a cutted_goat_meat 2-9-2021, 6:01:02 AM
MonkeyDLuffy(MonkeyDLuffy) used a cutted_goat_meat 2-9-2021, 6:01:02 AM
MonkeyDLuffy(MonkeyDLuffy) used a cutted_goat_meat 2-9-2021, 6:01:03 AM
MonkeyDLuffy(MonkeyDLuffy) used a cutted_goat_meat 2-9-2021, 6:01:03 AM
MonkeyDLuffy(MonkeyDLuffy) used a cutted_goat_meat 2-9-2021, 6:01:03 AM
MonkeyDLuffy(MonkeyDLuffy) used a cutted_goat_meat 2-9-2021, 6:01:03 AM
MonkeyDLuffy(MonkeyDLuffy) used a cutted_goat_meat 2-9-2021, 6:01:04 AM
MonkeyDLuffy(MonkeyDLuffy) used a cutted_goat_meat 2-9-2021, 6:01:04 AM
MonkeyDLuffy(MonkeyDLuffy) used a cutted_goat_meat 2-9-2021, 6:01:04 AM
MonkeyDLuffy(MonkeyDLuffy) used a cutted_goat_meat 2-9-2021, 6:01:04 AM
MonkeyDLuffy(MonkeyDLuffy) used a cutted_goat_meat 2-9-2021, 6:01:04 AM
MonkeyDLuffy(MonkeyDLuffy) used a cutted_goat_meat 2-9-2021, 6:01:05 AM
MonkeyDLuffy(MonkeyDLuffy) used a cutted_goat_meat 2-9-2021, 6:01:05 AM
MonkeyDLuffy(MonkeyDLuffy) used a cutted_goat_meat 2-9-2021, 6:01:05 AM
MonkeyDLuffy(MonkeyDLuffy) used a cutted_goat_meat 2-9-2021, 6:01:05 AM
MonkeyDLuffy(MonkeyDLuffy) used a cutted_goat_meat 2-9-2021, 6:01:06 AM
MonkeyDLuffy(MonkeyDLuffy) used a cutted_goat_meat 2-9-2021, 6:01:06 AM
MonkeyDLuffy(MonkeyDLuffy) used a cutted_goat_meat 2-9-2021, 6:01:06 AM
MonkeyDLuffy(MonkeyDLuffy) used a cutted_goat_meat 2-9-2021, 6:01:06 AM
MonkeyDLuffy(MonkeyDLuffy) used a cutted_goat_meat 2-9-2021, 6:01:06 AM
MonkeyDLuffy(MonkeyDLuffy) used a cutted_goat_meat 2-9-2021, 6:01:08 AM
MonkeyDLuffy(MonkeyDLuffy) used a cutted_goat_meat 2-9-2021, 6:01:08 AM
MonkeyDLuffy(MonkeyDLuffy) used a cutted_goat_meat 2-9-2021, 6:01:08 AM
MonkeyDLuffy(MonkeyDLuffy) used a cutted_goat_meat 2-9-2021, 6:01:08 AM
MonkeyDLuffy(MonkeyDLuffy) used a cutted_goat_meat 2-9-2021, 6:01:09 AM
MonkeyDLuffy(MonkeyDLuffy) used a cutted_goat_meat 2-9-2021, 6:01:09 AM
MonkeyDLuffy(MonkeyDLuffy) used a cutted_goat_meat 2-9-2021, 6:01:09 AM
MonkeyDLuffy(MonkeyDLuffy) used a cutted_goat_meat 2-9-2021, 6:01:09 AM
MonkeyDLuffy(MonkeyDLuffy) used a cutted_goat_meat 2-9-2021, 6:01:09 AM
MonkeyDLuffy(MonkeyDLuffy) used a cutted_goat_meat 2-9-2021, 6:01:10 AM
MonkeyDLuffy(MonkeyDLuffy) used a cutted_goat_meat 2-9-2021, 6:01:10 AM
MonkeyDLuffy(MonkeyDLuffy) used a cutted_goat_meat 2-9-2021, 6:01:10 AM
MonkeyDLuffy(MonkeyDLuffy) used a cutted_goat_meat 2-9-2021, 6:01:10 AM
MonkeyDLuffy(MonkeyDLuffy) used a cutted_goat_meat 2-9-2021, 6:01:11 AM
MonkeyDLuffy(MonkeyDLuffy) used a cutted_goat_meat 2-9-2021, 6:01:11 AM
MonkeyDLuffy(MonkeyDLuffy) used a cutted_goat_meat 2-9-2021, 6:01:11 AM
MonkeyDLuffy(MonkeyDLuffy) used a cutted_goat_meat 2-9-2021, 6:01:11 AM
MonkeyDLuffy(MonkeyDLuffy) used a cutted_goat_meat 2-9-2021, 6:01:11 AM
MonkeyDLuffy(MonkeyDLuffy) used a cutted_goat_meat 2-9-2021, 6:01:12 AM
MonkeyDLuffy(MonkeyDLuffy) used a cutted_goat_meat 2-9-2021, 6:01:12 AM
MonkeyDLuffy(MonkeyDLuffy) used a cutted_goat_meat 2-9-2021, 6:01:12 AM
MonkeyDLuffy(MonkeyDLuffy) used a cutted_goat_meat 2-9-2021, 6:01:13 AM
MonkeyDLuffy(MonkeyDLuffy) used a cutted_goat_meat 2-9-2021, 6:01:13 AM
MonkeyDLuffy(MonkeyDLuffy) used a cutted_goat_meat 2-9-2021, 6:01:13 AM
MonkeyDLuffy(MonkeyDLuffy) used a cutted_goat_meat 2-9-2021, 6:01:13 AM
MonkeyDLuffy(MonkeyDLuffy) used a cutted_goat_meat 2-9-2021, 6:01:13 AM
MonkeyDLuffy(MonkeyDLuffy) used a cutted_goat_meat 2-9-2021, 6:01:14 AM
MonkeyDLuffy(MonkeyDLuffy) used a cutted_goat_meat 2-9-2021, 6:01:14 AM
MonkeyDLuffy(MonkeyDLuffy) used a cutted_goat_meat 2-9-2021, 6:01:14 AM
MonkeyDLuffy(MonkeyDLuffy) used a cutted_goat_meat 2-9-2021, 6:01:15 AM
MonkeyDLuffy(MonkeyDLuffy) used a cutted_goat_meat 2-9-2021, 6:01:15 AM
MonkeyDLuffy(MonkeyDLuffy) used a cutted_goat_meat 2-9-2021, 6:01:15 AM
MonkeyDLuffy(MonkeyDLuffy) used a cutted_goat_meat 2-9-2021, 6:01:15 AM
MonkeyDLuffy(MonkeyDLuffy) used a cutted_goat_meat 2-9-2021, 6:01:15 AM
MonkeyDLuffy(MonkeyDLuffy) used a cutted_goat_meat 2-9-2021, 6:01:16 AM
MonkeyDLuffy(MonkeyDLuffy) used a cutted_goat_meat 2-9-2021, 6:01:16 AM
MonkeyDLuffy(MonkeyDLuffy) used a cutted_goat_meat 2-9-2021, 6:01:16 AM
MonkeyDLuffy(MonkeyDLuffy) used a cutted_goat_meat 2-9-2021, 6:01:16 AM
MonkeyDLuffy(MonkeyDLuffy) used a cutted_goat_meat 2-9-2021, 6:01:16 AM
MonkeyDLuffy(MonkeyDLuffy) used a cutted_goat_meat 2-9-2021, 6:01:17 AM
MonkeyDLuffy(MonkeyDLuffy) used a cutted_goat_meat 2-9-2021, 6:01:17 AM
MonkeyDLuffy(MonkeyDLuffy) used a cutted_goat_meat 2-9-2021, 6:01:17 AM
MonkeyDLuffy(MonkeyDLuffy) used a cutted_goat_meat 2-9-2021, 6:01:17 AM
MonkeyDLuffy(MonkeyDLuffy) used a cutted_goat_meat 2-9-2021, 6:01:17 AM
MonkeyDLuffy(MonkeyDLuffy) used a cutted_goat_meat 2-9-2021, 6:01:18 AM
MonkeyDLuffy(MonkeyDLuffy) used a cutted_goat_meat 2-9-2021, 6:01:18 AM
MonkeyDLuffy(MonkeyDLuffy) used a cutted_goat_meat 2-9-2021, 6:01:18 AM
MonkeyDLuffy(MonkeyDLuffy) used a cutted_goat_meat 2-9-2021, 6:01:18 AM
MonkeyDLuffy(MonkeyDLuffy) used a cutted_goat_meat 2-9-2021, 6:01:19 AM
MonkeyDLuffy(MonkeyDLuffy) used a cutted_goat_meat 2-9-2021, 6:01:19 AM
MonkeyDLuffy(MonkeyDLuffy) used a cutted_goat_meat 2-9-2021, 6:01:19 AM
MonkeyDLuffy(MonkeyDLuffy) used a cutted_goat_meat 2-9-2021, 6:01:19 AM
MonkeyDLuffy(MonkeyDLuffy) used a cutted_goat_meat 2-9-2021, 6:01:19 AM
MonkeyDLuffy(MonkeyDLuffy) used a cutted_goat_meat 2-9-2021, 6:01:20 AM
MonkeyDLuffy(MonkeyDLuffy) used a cutted_goat_meat 2-9-2021, 6:01:20 AM
MonkeyDLuffy(MonkeyDLuffy) used a cutted_goat_meat 2-9-2021, 6:01:20 AM
MonkeyDLuffy(MonkeyDLuffy) used a cutted_goat_meat 2-9-2021, 6:01:20 AM
MonkeyDLuffy(MonkeyDLuffy) used a cutted_goat_meat 2-9-2021, 6:01:20 AM
MonkeyDLuffy(MonkeyDLuffy) used a cutted_goat_meat 2-9-2021, 6:01:21 AM
MonkeyDLuffy(MonkeyDLuffy) used a cutted_goat_meat 2-9-2021, 6:01:21 AM
MonkeyDLuffy(MonkeyDLuffy) used a cutted_goat_meat 2-9-2021, 6:01:21 AM
MonkeyDLuffy(MonkeyDLuffy) used a cutted_goat_meat 2-9-2021, 6:01:21 AM
MonkeyDLuffy(MonkeyDLuffy) used a cutted_goat_meat 2-9-2021, 6:01:22 AM
MonkeyDLuffy(MonkeyDLuffy) used a cutted_goat_meat 2-9-2021, 6:01:22 AM
MonkeyDLuffy(MonkeyDLuffy) used a cutted_goat_meat 2-9-2021, 6:01:22 AM
MonkeyDLuffy(MonkeyDLuffy) used a cutted_goat_meat 2-9-2021, 6:01:22 AM
MonkeyDLuffy(MonkeyDLuffy) used a cutted_goat_meat 2-9-2021, 6:01:22 AM
MonkeyDLuffy(MonkeyDLuffy) used a cutted_goat_meat 2-9-2021, 6:01:23 AM
MonkeyDLuffy(MonkeyDLuffy) used a cutted_goat_meat 2-9-2021, 6:01:23 AM
MonkeyDLuffy(MonkeyDLuffy) used a cutted_goat_meat 2-9-2021, 6:01:23 AM
MonkeyDLuffy(MonkeyDLuffy) used a cutted_goat_meat 2-9-2021, 6:01:23 AM
MonkeyDLuffy(MonkeyDLuffy) used a cutted_goat_meat 2-9-2021, 6:01:24 AM
MonkeyDLuffy(MonkeyDLuffy) used a cutted_goat_meat 2-9-2021, 6:01:24 AM
MonkeyDLuffy(MonkeyDLuffy) used a cutted_goat_meat 2-9-2021, 6:01:24 AM
MonkeyDLuffy(MonkeyDLuffy) used a cutted_goat_meat 2-9-2021, 6:01:24 AM
MonkeyDLuffy(MonkeyDLuffy) used a cutted_goat_meat 2-9-2021, 6:01:24 AM
MonkeyDLuffy(MonkeyDLuffy) used a cutted_goat_meat 2-9-2021, 6:01:25 AM
MonkeyDLuffy(MonkeyDLuffy) used a cutted_goat_meat 2-9-2021, 6:01:25 AM
MonkeyDLuffy(MonkeyDLuffy) used a cutted_goat_meat 2-9-2021, 6:01:25 AM
MonkeyDLuffy(MonkeyDLuffy) used a cutted_goat_meat 2-9-2021, 6:01:25 AM
MonkeyDLuffy(MonkeyDLuffy) used a cutted_goat_meat 2-9-2021, 6:01:25 AM
MonkeyDLuffy(MonkeyDLuffy) used a cutted_goat_meat 2-9-2021, 6:01:26 AM
MonkeyDLuffy(MonkeyDLuffy) used a cutted_goat_meat 2-9-2021, 6:01:26 AM
MonkeyDLuffy(MonkeyDLuffy) used a cutted_goat_meat 2-9-2021, 6:01:26 AM
MonkeyDLuffy(MonkeyDLuffy) used a cutted_goat_meat 2-9-2021, 6:01:26 AM
MonkeyDLuffy(MonkeyDLuffy) used a cutted_goat_meat 2-9-2021, 6:01:27 AM
MonkeyDLuffy(MonkeyDLuffy) used a cutted_goat_meat 2-9-2021, 6:01:27 AM
MonkeyDLuffy(MonkeyDLuffy) used a cutted_goat_meat 2-9-2021, 6:01:27 AM
MonkeyDLuffy(MonkeyDLuffy) used a cutted_goat_meat 2-9-2021, 6:01:27 AM
MonkeyDLuffy(MonkeyDLuffy) used a cutted_goat_meat 2-9-2021, 6:01:27 AM
MonkeyDLuffy(MonkeyDLuffy) used a cutted_goat_meat 2-9-2021, 6:01:28 AM
MonkeyDLuffy(MonkeyDLuffy) used a cutted_goat_meat 2-9-2021, 6:01:28 AM
MonkeyDLuffy(MonkeyDLuffy) used a cutted_goat_meat 2-9-2021, 6:01:28 AM
MonkeyDLuffy(MonkeyDLuffy) used a cutted_goat_meat 2-9-2021, 6:01:29 AM
MonkeyDLuffy(MonkeyDLuffy) used a cutted_goat_meat 2-9-2021, 6:01:29 AM
MonkeyDLuffy(MonkeyDLuffy) used a cutted_goat_meat 2-9-2021, 6:01:29 AM
MonkeyDLuffy(MonkeyDLuffy) used a cutted_goat_meat 2-9-2021, 6:01:29 AM
MonkeyDLuffy(MonkeyDLuffy) used a cutted_goat_meat 2-9-2021, 6:01:29 AM
MonkeyDLuffy(MonkeyDLuffy) used a cutted_goat_meat 2-9-2021, 6:01:30 AM
MonkeyDLuffy(MonkeyDLuffy) used a cutted_goat_meat 2-9-2021, 6:01:30 AM
MonkeyDLuffy(MonkeyDLuffy) used a cutted_goat_meat 2-9-2021, 6:01:30 AM
MonkeyDLuffy(MonkeyDLuffy) used a cutted_goat_meat 2-9-2021, 6:01:30 AM
MonkeyDLuffy(MonkeyDLuffy) used a cutted_goat_meat 2-9-2021, 6:01:31 AM
MonkeyDLuffy(MonkeyDLuffy) used a cutted_goat_meat 2-9-2021, 6:01:31 AM
MonkeyDLuffy(MonkeyDLuffy) used a cutted_goat_meat 2-9-2021, 6:01:31 AM
MonkeyDLuffy(MonkeyDLuffy) used a cutted_goat_meat 2-9-2021, 6:01:31 AM
MonkeyDLuffy(MonkeyDLuffy) used a cutted_goat_meat 2-9-2021, 6:01:32 AM
MonkeyDLuffy(MonkeyDLuffy) used a cutted_goat_meat 2-9-2021, 6:01:32 AM
MonkeyDLuffy(MonkeyDLuffy) used a cutted_goat_meat 2-9-2021, 6:01:32 AM
MonkeyDLuffy(MonkeyDLuffy) used a cutted_goat_meat 2-9-2021, 6:01:32 AM
MonkeyDLuffy(MonkeyDLuffy) used a cutted_goat_meat 2-9-2021, 6:01:33 AM
MonkeyDLuffy(MonkeyDLuffy) used a cutted_goat_meat 2-9-2021, 6:01:33 AM
MonkeyDLuffy(MonkeyDLuffy) used a cutted_goat_meat 2-9-2021, 6:01:33 AM
MonkeyDLuffy(MonkeyDLuffy) used a cutted_goat_meat 2-9-2021, 6:01:33 AM
MonkeyDLuffy(MonkeyDLuffy) used a cutted_goat_meat 2-9-2021, 6:01:33 AM
MonkeyDLuffy(MonkeyDLuffy) used a cutted_goat_meat 2-9-2021, 6:01:34 AM
MonkeyDLuffy(MonkeyDLuffy) used a cutted_goat_meat 2-9-2021, 6:01:34 AM
MonkeyDLuffy(MonkeyDLuffy) used a cutted_goat_meat 2-9-2021, 6:01:34 AM
MonkeyDLuffy(MonkeyDLuffy) used a cutted_goat_meat 2-9-2021, 6:01:34 AM
MonkeyDLuffy(MonkeyDLuffy) used a cutted_goat_meat 2-9-2021, 6:01:35 AM
MonkeyDLuffy(MonkeyDLuffy) used a cutted_goat_meat 2-9-2021, 6:01:35 AM
MonkeyDLuffy(MonkeyDLuffy) used a cutted_goat_meat 2-9-2021, 6:01:35 AM
MonkeyDLuffy(MonkeyDLuffy) used a cutted_goat_meat 2-9-2021, 6:01:35 AM
MonkeyDLuffy(MonkeyDLuffy) used a cutted_goat_meat 2-9-2021, 6:01:35 AM
MonkeyDLuffy(MonkeyDLuffy) used a cutted_goat_meat 2-9-2021, 6:01:36 AM
MonkeyDLuffy(MonkeyDLuffy) used a cutted_goat_meat 2-9-2021, 6:01:36 AM
MonkeyDLuffy(MonkeyDLuffy) used a cutted_goat_meat 2-9-2021, 6:01:36 AM
MonkeyDLuffy(MonkeyDLuffy) used a cutted_goat_meat 2-9-2021, 6:01:36 AM
MonkeyDLuffy(MonkeyDLuffy) used a cutted_goat_meat 2-9-2021, 6:01:36 AM
MonkeyDLuffy(MonkeyDLuffy) used a cutted_goat_meat 2-9-2021, 6:01:37 AM
MonkeyDLuffy(MonkeyDLuffy) used a cutted_goat_meat 2-9-2021, 6:01:37 AM
MonkeyDLuffy(MonkeyDLuffy) used a cutted_goat_meat 2-9-2021, 6:01:37 AM
MonkeyDLuffy(MonkeyDLuffy) used a cutted_goat_meat 2-9-2021, 6:01:37 AM
MonkeyDLuffy(MonkeyDLuffy) used a cutted_goat_meat 2-9-2021, 6:01:38 AM
MonkeyDLuffy(MonkeyDLuffy) used a cutted_goat_meat 2-9-2021, 6:01:38 AM
MonkeyDLuffy(MonkeyDLuffy) used a cutted_goat_meat 2-9-2021, 6:01:38 AM
MonkeyDLuffy(MonkeyDLuffy) used a cutted_goat_meat 2-9-2021, 6:01:38 AM
MonkeyDLuffy(MonkeyDLuffy) used a cutted_goat_meat 2-9-2021, 6:01:38 AM
MonkeyDLuffy(MonkeyDLuffy) used a cutted_goat_meat 2-9-2021, 6:01:39 AM
MonkeyDLuffy(MonkeyDLuffy) used a cutted_goat_meat 2-9-2021, 6:01:39 AM
MonkeyDLuffy(MonkeyDLuffy) used a cutted_goat_meat 2-9-2021, 6:01:39 AM
MonkeyDLuffy(MonkeyDLuffy) used a cutted_goat_meat 2-9-2021, 6:01:39 AM
MonkeyDLuffy(MonkeyDLuffy) used a cutted_goat_meat 2-9-2021, 6:01:40 AM
MonkeyDLuffy(MonkeyDLuffy) used a cutted_goat_meat 2-9-2021, 6:01:40 AM
MonkeyDLuffy(MonkeyDLuffy) used a cutted_goat_meat 2-9-2021, 6:01:40 AM
MonkeyDLuffy(MonkeyDLuffy) used a cutted_goat_meat 2-9-2021, 6:01:40 AM
MonkeyDLuffy(MonkeyDLuffy) used a cutted_goat_meat 2-9-2021, 6:01:40 AM
MonkeyDLuffy(MonkeyDLuffy) used a cutted_goat_meat 2-9-2021, 6:01:41 AM
MonkeyDLuffy(MonkeyDLuffy) used a cutted_goat_meat 2-9-2021, 6:01:41 AM
MonkeyDLuffy(MonkeyDLuffy) used a cutted_goat_meat 2-9-2021, 6:01:41 AM
MonkeyDLuffy(MonkeyDLuffy) used a cutted_goat_meat 2-9-2021, 6:01:41 AM
MonkeyDLuffy(MonkeyDLuffy) used a cutted_goat_meat 2-9-2021, 6:01:42 AM
MonkeyDLuffy(MonkeyDLuffy) used a cutted_goat_meat 2-9-2021, 6:01:42 AM
MonkeyDLuffy(MonkeyDLuffy) used a cutted_goat_meat 2-9-2021, 6:01:42 AM
MonkeyDLuffy(MonkeyDLuffy) used a cutted_goat_meat 2-9-2021, 6:01:42 AM
MonkeyDLuffy(MonkeyDLuffy) used a cutted_goat_meat 2-9-2021, 6:01:42 AM
MonkeyDLuffy(MonkeyDLuffy) used a cutted_goat_meat 2-9-2021, 6:01:43 AM
MonkeyDLuffy(MonkeyDLuffy) used a cutted_goat_meat 2-9-2021, 6:01:43 AM
MonkeyDLuffy(MonkeyDLuffy) used a cutted_goat_meat 2-9-2021, 6:01:43 AM
MonkeyDLuffy(MonkeyDLuffy) used a cutted_goat_meat 2-9-2021, 6:01:43 AM
MonkeyDLuffy(MonkeyDLuffy) used a cutted_goat_meat 2-9-2021, 6:01:44 AM
MonkeyDLuffy(MonkeyDLuffy) used a cutted_goat_meat 2-9-2021, 6:01:44 AM
MonkeyDLuffy(MonkeyDLuffy) used a cutted_goat_meat 2-9-2021, 6:01:44 AM
MonkeyDLuffy(MonkeyDLuffy) used a cutted_goat_meat 2-9-2021, 6:01:44 AM
MonkeyDLuffy(MonkeyDLuffy) used a cutted_goat_meat 2-9-2021, 6:01:45 AM
MonkeyDLuffy(MonkeyDLuffy) used a cutted_goat_meat 2-9-2021, 6:01:45 AM
MonkeyDLuffy(MonkeyDLuffy) used a cutted_goat_meat 2-9-2021, 6:01:45 AM
MonkeyDLuffy(MonkeyDLuffy) used a cutted_goat_meat 2-9-2021, 6:01:45 AM
MonkeyDLuffy(MonkeyDLuffy) used a cutted_goat_meat 2-9-2021, 6:01:45 AM
MonkeyDLuffy(MonkeyDLuffy) used a cutted_goat_meat 2-9-2021, 6:01:46 AM
MonkeyDLuffy(MonkeyDLuffy) used a cutted_goat_meat 2-9-2021, 6:01:46 AM
MonkeyDLuffy(MonkeyDLuffy) used a cutted_goat_meat 2-9-2021, 6:01:46 AM
MonkeyDLuffy(MonkeyDLuffy) used a cutted_goat_meat 2-9-2021, 6:01:47 AM
MonkeyDLuffy(MonkeyDLuffy) used a cutted_goat_meat 2-9-2021, 6:01:47 AM
MonkeyDLuffy(MonkeyDLuffy) used a cutted_goat_meat 2-9-2021, 6:01:47 AM
MonkeyDLuffy(MonkeyDLuffy) used a cutted_goat_meat 2-9-2021, 6:01:47 AM
MonkeyDLuffy(MonkeyDLuffy) used a cutted_goat_meat 2-9-2021, 6:01:48 AM
MonkeyDLuffy(MonkeyDLuffy) used a cutted_goat_meat 2-9-2021, 6:01:48 AM
MonkeyDLuffy(MonkeyDLuffy) used a cutted_goat_meat 2-9-2021, 6:01:48 AM
MonkeyDLuffy(MonkeyDLuffy) used a cutted_goat_meat 2-9-2021, 6:01:48 AM
MonkeyDLuffy(MonkeyDLuffy) used a cutted_goat_meat 2-9-2021, 6:01:48 AM
MonkeyDLuffy(MonkeyDLuffy) used a cutted_goat_meat 2-9-2021, 6:01:49 AM
MonkeyDLuffy(MonkeyDLuffy) used a cutted_goat_meat 2-9-2021, 6:01:51 AM
MonkeyDLuffy(MonkeyDLuffy) used a cutted_goat_meat 2-9-2021, 6:01:51 AM
MonkeyDLuffy(MonkeyDLuffy) used a cutted_goat_meat 2-9-2021, 6:01:52 AM
MonkeyDLuffy(MonkeyDLuffy) used a cutted_goat_meat 2-9-2021, 6:01:56 AM
MonkeyDLuffy(MonkeyDLuffy) used a cutted_goat_meat 2-9-2021, 6:01:56 AM
MonkeyDLuffy(MonkeyDLuffy) used a cutted_goat_meat 2-9-2021, 6:01:56 AM
MonkeyDLuffy(MonkeyDLuffy) used a cutted_goat_meat 2-9-2021, 6:01:57 AM
MonkeyDLuffy(MonkeyDLuffy) used a cutted_goat_meat 2-9-2021, 6:01:57 AM
MonkeyDLuffy(MonkeyDLuffy) used a cutted_goat_meat 2-9-2021, 6:01:57 AM
MonkeyDLuffy(MonkeyDLuffy) used a cutted_goat_meat 2-9-2021, 6:01:57 AM
MonkeyDLuffy(MonkeyDLuffy) used a cutted_goat_meat 2-9-2021, 6:01:58 AM
MonkeyDLuffy(MonkeyDLuffy) used a cutted_goat_meat 2-9-2021, 6:01:58 AM
MonkeyDLuffy(MonkeyDLuffy) used a cutted_goat_meat 2-9-2021, 6:01:58 AM
MonkeyDLuffy(MonkeyDLuffy) used a cutted_goat_meat 2-9-2021, 6:01:58 AM
MonkeyDLuffy(MonkeyDLuffy) used a cutted_goat_meat 2-9-2021, 6:01:59 AM
MonkeyDLuffy(MonkeyDLuffy) used a cutted_goat_meat 2-9-2021, 6:01:59 AM
MonkeyDLuffy(MonkeyDLuffy) used a cutted_goat_meat 2-9-2021, 6:01:59 AM
MonkeyDLuffy(MonkeyDLuffy) used a cutted_goat_meat 2-9-2021, 6:01:59 AM
MonkeyDLuffy(MonkeyDLuffy) used a cutted_goat_meat 2-9-2021, 6:01:59 AM
MonkeyDLuffy(MonkeyDLuffy) used a cutted_goat_meat 2-9-2021, 6:02:00 AM
MonkeyDLuffy(MonkeyDLuffy) used a cutted_goat_meat 2-9-2021, 6:02:01 AM
MonkeyDLuffy(MonkeyDLuffy) used a cutted_goat_meat 2-9-2021, 6:02:01 AM
MonkeyDLuffy(MonkeyDLuffy) used a cutted_goat_meat 2-9-2021, 6:02:01 AM
MonkeyDLuffy(MonkeyDLuffy) used a cutted_goat_meat 2-9-2021, 6:02:01 AM
MonkeyDLuffy(MonkeyDLuffy) used a cutted_goat_meat 2-9-2021, 6:02:01 AM
MonkeyDLuffy(MonkeyDLuffy) used a cutted_goat_meat 2-9-2021, 6:02:02 AM
MonkeyDLuffy(MonkeyDLuffy) used a cutted_goat_meat 2-9-2021, 6:02:02 AM
MonkeyDLuffy(MonkeyDLuffy) used a cutted_goat_meat 2-9-2021, 6:02:02 AM
MonkeyDLuffy(MonkeyDLuffy) used a cutted_goat_meat 2-9-2021, 6:02:02 AM
MonkeyDLuffy(MonkeyDLuffy) used a cutted_goat_meat 2-9-2021, 6:02:02 AM
MonkeyDLuffy(MonkeyDLuffy) used a cutted_goat_meat 2-9-2021, 6:02:03 AM
MonkeyDLuffy(MonkeyDLuffy) used a cutted_goat_meat 2-9-2021, 6:02:03 AM
MonkeyDLuffy(MonkeyDLuffy) used a cutted_goat_meat 2-9-2021, 6:02:03 AM
MonkeyDLuffy(MonkeyDLuffy) used a cutted_goat_meat 2-9-2021, 6:02:03 AM
MonkeyDLuffy(MonkeyDLuffy) used a cutted_goat_meat 2-9-2021, 6:02:04 AM
MonkeyDLuffy(MonkeyDLuffy) used a cutted_goat_meat 2-9-2021, 6:02:04 AM
MonkeyDLuffy(MonkeyDLuffy) used a cutted_goat_meat 2-9-2021, 6:02:04 AM
MonkeyDLuffy(MonkeyDLuffy) used a cutted_goat_meat 2-9-2021, 6:02:04 AM
MonkeyDLuffy(MonkeyDLuffy) used a cutted_goat_meat 2-9-2021, 6:02:04 AM
MonkeyDLuffy(MonkeyDLuffy) used a cutted_goat_meat 2-9-2021, 6:02:05 AM
MonkeyDLuffy(MonkeyDLuffy) used a cutted_goat_meat 2-9-2021, 6:02:05 AM
MonkeyDLuffy(MonkeyDLuffy) used a cutted_goat_meat 2-9-2021, 6:02:05 AM
MonkeyDLuffy(MonkeyDLuffy) used a cutted_goat_meat 2-9-2021, 6:02:05 AM
MonkeyDLuffy(MonkeyDLuffy) used a cutted_goat_meat 2-9-2021, 6:02:06 AM
MonkeyDLuffy(MonkeyDLuffy) used a cutted_goat_meat 2-9-2021, 6:02:06 AM
MonkeyDLuffy(MonkeyDLuffy) used a cutted_goat_meat 2-9-2021, 6:02:06 AM
MonkeyDLuffy(MonkeyDLuffy) used a cutted_goat_meat 2-9-2021, 6:02:06 AM
MonkeyDLuffy(MonkeyDLuffy) used a cutted_goat_meat 2-9-2021, 6:02:06 AM
MonkeyDLuffy(MonkeyDLuffy) used a cutted_goat_meat 2-9-2021, 6:02:07 AM
MonkeyDLuffy(MonkeyDLuffy) used a cutted_goat_meat 2-9-2021, 6:02:07 AM
MonkeyDLuffy(MonkeyDLuffy) used a cutted_goat_meat 2-9-2021, 6:02:07 AM
MonkeyDLuffy(MonkeyDLuffy) used a cutted_goat_meat 2-9-2021, 6:02:12 AM
MonkeyDLuffy(MonkeyDLuffy) used a cutted_goat_meat 2-9-2021, 6:02:12 AM
MonkeyDLuffy(MonkeyDLuffy) used a cutted_goat_meat 2-9-2021, 6:02:12 AM
MonkeyDLuffy(MonkeyDLuffy) used a cutted_goat_meat 2-9-2021, 6:02:12 AM
MonkeyDLuffy(MonkeyDLuffy) used a cutted_goat_meat 2-9-2021, 6:02:13 AM
MonkeyDLuffy(MonkeyDLuffy) used a cutted_goat_meat 2-9-2021, 6:02:13 AM
MonkeyDLuffy(MonkeyDLuffy) used a cutted_goat_meat 2-9-2021, 6:02:13 AM
MonkeyDLuffy(MonkeyDLuffy) used a cutted_goat_meat 2-9-2021, 6:02:14 AM
MonkeyDLuffy(MonkeyDLuffy) used a cutted_goat_meat 2-9-2021, 6:02:14 AM
MonkeyDLuffy(MonkeyDLuffy) used a cutted_goat_meat 2-9-2021, 6:02:14 AM
MonkeyDLuffy(MonkeyDLuffy) used a cutted_goat_meat 2-9-2021, 6:02:14 AM
MonkeyDLuffy(MonkeyDLuffy) used a cutted_goat_meat 2-9-2021, 6:02:14 AM
MonkeyDLuffy(MonkeyDLuffy) used a cutted_goat_meat 2-9-2021, 6:02:15 AM
MonkeyDLuffy(MonkeyDLuffy) used a cutted_goat_meat 2-9-2021, 6:02:15 AM
MonkeyDLuffy(MonkeyDLuffy) used a cutted_goat_meat 2-9-2021, 6:02:15 AM
MonkeyDLuffy(MonkeyDLuffy) used a cutted_goat_meat 2-9-2021, 6:02:15 AM
MonkeyDLuffy(MonkeyDLuffy) used a cutted_goat_meat 2-9-2021, 6:02:16 AM
MonkeyDLuffy(MonkeyDLuffy) used a cutted_goat_meat 2-9-2021, 6:02:16 AM
MonkeyDLuffy(MonkeyDLuffy) used a cutted_goat_meat 2-9-2021, 6:02:16 AM
MonkeyDLuffy(MonkeyDLuffy) used a cutted_goat_meat 2-9-2021, 6:02:16 AM
MonkeyDLuffy(MonkeyDLuffy) used a cutted_goat_meat 2-9-2021, 6:02:16 AM
MonkeyDLuffy(MonkeyDLuffy) used a cutted_goat_meat 2-9-2021, 6:02:17 AM
MonkeyDLuffy(MonkeyDLuffy) used a cutted_goat_meat 2-9-2021, 6:02:17 AM
MonkeyDLuffy(MonkeyDLuffy) used a cutted_goat_meat 2-9-2021, 6:02:17 AM
MonkeyDLuffy(MonkeyDLuffy) used a cutted_goat_meat 2-9-2021, 6:02:17 AM
MonkeyDLuffy(MonkeyDLuffy) used a cutted_goat_meat 2-9-2021, 6:02:17 AM
MonkeyDLuffy(MonkeyDLuffy) used a cutted_goat_meat 2-9-2021, 6:02:18 AM
MonkeyDLuffy(MonkeyDLuffy) used a cutted_goat_meat 2-9-2021, 6:02:18 AM
MonkeyDLuffy(MonkeyDLuffy) used a cutted_goat_meat 2-9-2021, 6:02:18 AM
MonkeyDLuffy(MonkeyDLuffy) used a cutted_goat_meat 2-9-2021, 6:02:18 AM
MonkeyDLuffy(MonkeyDLuffy) used a cutted_goat_meat 2-9-2021, 6:02:18 AM
MonkeyDLuffy(MonkeyDLuffy) used a cutted_goat_meat 2-9-2021, 6:02:19 AM
MonkeyDLuffy(MonkeyDLuffy) used a cutted_goat_meat 2-9-2021, 6:02:19 AM
MonkeyDLuffy(MonkeyDLuffy) used a cutted_goat_meat 2-9-2021, 6:02:19 AM
MonkeyDLuffy(MonkeyDLuffy) used a cutted_goat_meat 2-9-2021, 6:02:19 AM
MonkeyDLuffy(MonkeyDLuffy) used a cutted_goat_meat 2-9-2021, 6:02:19 AM
MonkeyDLuffy(MonkeyDLuffy) used a cutted_goat_meat 2-9-2021, 6:02:20 AM
MonkeyDLuffy(MonkeyDLuffy) used a cutted_goat_meat 2-9-2021, 6:02:20 AM
MonkeyDLuffy(MonkeyDLuffy) used a fire_starter 2-9-2021, 6:03:38 AM
MonkeyDLuffy(MonkeyDLuffy) used a cutted_goat_meat 2-9-2021, 6:03:45 AM
MonkeyDLuffy(MonkeyDLuffy) used a cutted_goat_meat 2-9-2021, 6:03:45 AM
MonkeyDLuffy(MonkeyDLuffy) used a cutted_goat_meat 2-9-2021, 6:03:45 AM
MonkeyDLuffy(MonkeyDLuffy) used a cutted_goat_meat 2-9-2021, 6:03:45 AM
MonkeyDLuffy(MonkeyDLuffy) used a cutted_goat_meat 2-9-2021, 6:03:45 AM
MonkeyDLuffy(MonkeyDLuffy) used a cutted_goat_meat 2-9-2021, 6:03:46 AM
MonkeyDLuffy(MonkeyDLuffy) used a cutted_goat_meat 2-9-2021, 6:03:46 AM
MonkeyDLuffy(MonkeyDLuffy) used a cutted_goat_meat 2-9-2021, 6:03:46 AM
MonkeyDLuffy(MonkeyDLuffy) used a cutted_goat_meat 2-9-2021, 6:03:46 AM
MonkeyDLuffy(MonkeyDLuffy) used a cutted_goat_meat 2-9-2021, 6:03:46 AM
MonkeyDLuffy(MonkeyDLuffy) used a cutted_goat_meat 2-9-2021, 6:03:47 AM
MonkeyDLuffy(MonkeyDLuffy) used a cutted_goat_meat 2-9-2021, 6:03:47 AM
MonkeyDLuffy(MonkeyDLuffy) used a cutted_goat_meat 2-9-2021, 6:03:47 AM
MonkeyDLuffy(MonkeyDLuffy) used a cutted_goat_meat 2-9-2021, 6:03:47 AM
MonkeyDLuffy(MonkeyDLuffy) used a cutted_goat_meat 2-9-2021, 6:03:47 AM
MonkeyDLuffy(MonkeyDLuffy) used a cutted_goat_meat 2-9-2021, 6:03:48 AM
MonkeyDLuffy(MonkeyDLuffy) used a cutted_goat_meat 2-9-2021, 6:03:48 AM
MonkeyDLuffy(MonkeyDLuffy) used a cutted_goat_meat 2-9-2021, 6:03:48 AM
MonkeyDLuffy(MonkeyDLuffy) used a cutted_goat_meat 2-9-2021, 6:03:48 AM
MonkeyDLuffy(MonkeyDLuffy) used a cutted_goat_meat 2-9-2021, 6:03:48 AM
MonkeyDLuffy(MonkeyDLuffy) used a cutted_goat_meat 2-9-2021, 6:03:49 AM
MonkeyDLuffy(MonkeyDLuffy) used a cutted_goat_meat 2-9-2021, 6:03:49 AM
MonkeyDLuffy(MonkeyDLuffy) used a cutted_goat_meat 2-9-2021, 6:03:49 AM
MonkeyDLuffy(MonkeyDLuffy) used a cutted_goat_meat 2-9-2021, 6:03:49 AM
MonkeyDLuffy(MonkeyDLuffy) used a cutted_goat_meat 2-9-2021, 6:03:50 AM
MonkeyDLuffy(MonkeyDLuffy) used a cutted_goat_meat 2-9-2021, 6:03:50 AM
MonkeyDLuffy(MonkeyDLuffy) used a cutted_goat_meat 2-9-2021, 6:03:50 AM
MonkeyDLuffy(MonkeyDLuffy) used a cutted_goat_meat 2-9-2021, 6:03:50 AM
MonkeyDLuffy(MonkeyDLuffy) used a cutted_goat_meat 2-9-2021, 6:03:50 AM
MonkeyDLuffy(MonkeyDLuffy) used a cutted_goat_meat 2-9-2021, 6:03:51 AM
MonkeyDLuffy(MonkeyDLuffy) used a cutted_goat_meat 2-9-2021, 6:03:51 AM
MonkeyDLuffy(MonkeyDLuffy) used a cutted_goat_meat 2-9-2021, 6:03:51 AM
MonkeyDLuffy(MonkeyDLuffy) used a cutted_goat_meat 2-9-2021, 6:03:52 AM
MonkeyDLuffy(MonkeyDLuffy) used a cutted_goat_meat 2-9-2021, 6:03:52 AM
MonkeyDLuffy(MonkeyDLuffy) used a cutted_goat_meat 2-9-2021, 6:03:53 AM
MonkeyDLuffy(MonkeyDLuffy) used a cutted_goat_meat 2-9-2021, 6:03:53 AM
MonkeyDLuffy(MonkeyDLuffy) used a cutted_goat_meat 2-9-2021, 6:03:53 AM
MonkeyDLuffy(MonkeyDLuffy) used a cutted_goat_meat 2-9-2021, 6:03:53 AM
MonkeyDLuffy(MonkeyDLuffy) used a cutted_goat_meat 2-9-2021, 6:03:54 AM
MonkeyDLuffy(MonkeyDLuffy) used a cutted_goat_meat 2-9-2021, 6:03:54 AM
MonkeyDLuffy(MonkeyDLuffy) used a cutted_goat_meat 2-9-2021, 6:03:54 AM
MonkeyDLuffy(MonkeyDLuffy) used a cutted_goat_meat 2-9-2021, 6:03:54 AM
MonkeyDLuffy(MonkeyDLuffy) used a cutted_goat_meat 2-9-2021, 6:03:55 AM
MonkeyDLuffy(MonkeyDLuffy) used a cutted_goat_meat 2-9-2021, 6:03:55 AM
MonkeyDLuffy(MonkeyDLuffy) used a cutted_goat_meat 2-9-2021, 6:03:55 AM
MonkeyDLuffy(MonkeyDLuffy) used a cutted_goat_meat 2-9-2021, 6:03:55 AM
MonkeyDLuffy(MonkeyDLuffy) used a cutted_goat_meat 2-9-2021, 6:03:55 AM
MonkeyDLuffy(MonkeyDLuffy) used a cutted_goat_meat 2-9-2021, 6:03:56 AM
MonkeyDLuffy(MonkeyDLuffy) used a cutted_boar_meat 2-9-2021, 6:04:02 AM
MonkeyDLuffy(MonkeyDLuffy) used a cutted_boar_meat 2-9-2021, 6:04:03 AM
MonkeyDLuffy(MonkeyDLuffy) used a cutted_boar_meat 2-9-2021, 6:04:03 AM
MonkeyDLuffy(MonkeyDLuffy) used a cutted_boar_meat 2-9-2021, 6:04:03 AM
MonkeyDLuffy(MonkeyDLuffy) used a cutted_boar_meat 2-9-2021, 6:04:03 AM
MonkeyDLuffy(MonkeyDLuffy) used a cutted_boar_meat 2-9-2021, 6:04:04 AM
MonkeyDLuffy(MonkeyDLuffy) used a cutted_boar_meat 2-9-2021, 6:04:04 AM
MonkeyDLuffy(MonkeyDLuffy) used a cutted_boar_meat 2-9-2021, 6:04:04 AM
MonkeyDLuffy(MonkeyDLuffy) used a cutted_boar_meat 2-9-2021, 6:04:04 AM
MonkeyDLuffy(MonkeyDLuffy) used a cutted_boar_meat 2-9-2021, 6:04:04 AM
MonkeyDLuffy(MonkeyDLuffy) used a cutted_boar_meat 2-9-2021, 6:04:05 AM
MonkeyDLuffy(MonkeyDLuffy) used a cutted_boar_meat 2-9-2021, 6:04:05 AM
MonkeyDLuffy(MonkeyDLuffy) used a cutted_boar_meat 2-9-2021, 6:04:05 AM
MonkeyDLuffy(MonkeyDLuffy) used a cutted_boar_meat 2-9-2021, 6:04:05 AM
MonkeyDLuffy(MonkeyDLuffy) used a cutted_boar_meat 2-9-2021, 6:04:06 AM
MonkeyDLuffy(MonkeyDLuffy) used a cutted_boar_meat 2-9-2021, 6:04:06 AM
MonkeyDLuffy(MonkeyDLuffy) used a cutted_boar_meat 2-9-2021, 6:04:06 AM
MonkeyDLuffy(MonkeyDLuffy) used a cutted_boar_meat 2-9-2021, 6:04:06 AM
MonkeyDLuffy(MonkeyDLuffy) used a cutted_boar_meat 2-9-2021, 6:04:06 AM
MonkeyDLuffy(MonkeyDLuffy) used a cutted_boar_meat 2-9-2021, 6:04:07 AM
MonkeyDLuffy(MonkeyDLuffy) used a cutted_boar_meat 2-9-2021, 6:04:07 AM
MonkeyDLuffy(MonkeyDLuffy) used a cutted_boar_meat 2-9-2021, 6:04:07 AM
MonkeyDLuffy(MonkeyDLuffy) used a cutted_boar_meat 2-9-2021, 6:04:07 AM
MonkeyDLuffy(MonkeyDLuffy) used a cutted_boar_meat 2-9-2021, 6:04:07 AM
MonkeyDLuffy(MonkeyDLuffy) used a cutted_boar_meat 2-9-2021, 6:04:08 AM
MonkeyDLuffy(MonkeyDLuffy) used a cutted_boar_meat 2-9-2021, 6:04:08 AM
MonkeyDLuffy(MonkeyDLuffy) used a cutted_boar_meat 2-9-2021, 6:04:08 AM
MonkeyDLuffy(MonkeyDLuffy) used a cutted_boar_meat 2-9-2021, 6:04:09 AM
MonkeyDLuffy(MonkeyDLuffy) used a cutted_boar_meat 2-9-2021, 6:04:09 AM
MonkeyDLuffy(MonkeyDLuffy) used a cutted_boar_meat 2-9-2021, 6:04:09 AM
MonkeyDLuffy(MonkeyDLuffy) used a cutted_boar_meat 2-9-2021, 6:04:10 AM
MonkeyDLuffy(MonkeyDLuffy) used a cutted_boar_meat 2-9-2021, 6:04:10 AM
MonkeyDLuffy(MonkeyDLuffy) used a cutted_boar_meat 2-9-2021, 6:04:10 AM
MonkeyDLuffy(MonkeyDLuffy) used a cutted_boar_meat 2-9-2021, 6:04:10 AM
MonkeyDLuffy(MonkeyDLuffy) used a cutted_boar_meat 2-9-2021, 6:04:11 AM
MonkeyDLuffy(MonkeyDLuffy) used a cutted_boar_meat 2-9-2021, 6:04:11 AM
MonkeyDLuffy(MonkeyDLuffy) used a cutted_boar_meat 2-9-2021, 6:04:11 AM
MonkeyDLuffy(MonkeyDLuffy) used a cutted_boar_meat 2-9-2021, 6:04:11 AM
MonkeyDLuffy(MonkeyDLuffy) used a cutted_boar_meat 2-9-2021, 6:04:12 AM
MonkeyDLuffy(MonkeyDLuffy) used a cutted_boar_meat 2-9-2021, 6:04:12 AM
MonkeyDLuffy(MonkeyDLuffy) used a cutted_boar_meat 2-9-2021, 6:04:12 AM
MonkeyDLuffy(MonkeyDLuffy) used a cutted_boar_meat 2-9-2021, 6:04:12 AM
MonkeyDLuffy(MonkeyDLuffy) used a cutted_boar_meat 2-9-2021, 6:04:12 AM
MonkeyDLuffy(MonkeyDLuffy) used a cutted_boar_meat 2-9-2021, 6:04:13 AM
MonkeyDLuffy(MonkeyDLuffy) used a cutted_boar_meat 2-9-2021, 6:04:13 AM
MonkeyDLuffy(MonkeyDLuffy) used a cutted_boar_meat 2-9-2021, 6:04:13 AM
MonkeyDLuffy(MonkeyDLuffy) used a cutted_boar_meat 2-9-2021, 6:04:13 AM
MonkeyDLuffy(MonkeyDLuffy) used a cutted_boar_meat 2-9-2021, 6:04:14 AM
MonkeyDLuffy(MonkeyDLuffy) used a cutted_boar_meat 2-9-2021, 6:04:14 AM
MonkeyDLuffy(MonkeyDLuffy) used a cutted_boar_meat 2-9-2021, 6:04:14 AM
MonkeyDLuffy(MonkeyDLuffy) used a cutted_boar_meat 2-9-2021, 6:04:14 AM
MonkeyDLuffy(MonkeyDLuffy) used a cutted_boar_meat 2-9-2021, 6:04:14 AM
MonkeyDLuffy(MonkeyDLuffy) used a cutted_boar_meat 2-9-2021, 6:04:15 AM
MonkeyDLuffy(MonkeyDLuffy) used a cutted_boar_meat 2-9-2021, 6:04:15 AM
MonkeyDLuffy(MonkeyDLuffy) used a cutted_boar_meat 2-9-2021, 6:04:15 AM
MonkeyDLuffy(MonkeyDLuffy) used a cutted_boar_meat 2-9-2021, 6:04:15 AM
MonkeyDLuffy(MonkeyDLuffy) used a cutted_boar_meat 2-9-2021, 6:04:15 AM
MonkeyDLuffy(MonkeyDLuffy) used a cutted_boar_meat 2-9-2021, 6:04:16 AM
MonkeyDLuffy(MonkeyDLuffy) used a cutted_boar_meat 2-9-2021, 6:04:16 AM
MonkeyDLuffy(MonkeyDLuffy) used a cutted_boar_meat 2-9-2021, 6:04:16 AM
MonkeyDLuffy(MonkeyDLuffy) used a cutted_boar_meat 2-9-2021, 6:04:16 AM
MonkeyDLuffy(MonkeyDLuffy) used a cutted_boar_meat 2-9-2021, 6:04:16 AM
MonkeyDLuffy(MonkeyDLuffy) used a cutted_boar_meat 2-9-2021, 6:04:17 AM
MonkeyDLuffy(MonkeyDLuffy) used a cutted_boar_meat 2-9-2021, 6:04:17 AM
MonkeyDLuffy(MonkeyDLuffy) used a cutted_boar_meat 2-9-2021, 6:04:17 AM
MonkeyDLuffy(MonkeyDLuffy) used a cutted_boar_meat 2-9-2021, 6:04:17 AM
MonkeyDLuffy(MonkeyDLuffy) used a cutted_boar_meat 2-9-2021, 6:04:18 AM
MonkeyDLuffy(MonkeyDLuffy) used a cutted_boar_meat 2-9-2021, 6:04:18 AM
MonkeyDLuffy(MonkeyDLuffy) used a cutted_boar_meat 2-9-2021, 6:04:18 AM
MonkeyDLuffy(MonkeyDLuffy) used a cutted_boar_meat 2-9-2021, 6:04:18 AM
MonkeyDLuffy(MonkeyDLuffy) used a cutted_boar_meat 2-9-2021, 6:04:18 AM
MonkeyDLuffy(MonkeyDLuffy) used a cutted_boar_meat 2-9-2021, 6:04:19 AM
MonkeyDLuffy(MonkeyDLuffy) used a cutted_boar_meat 2-9-2021, 6:04:19 AM
MonkeyDLuffy(MonkeyDLuffy) used a cutted_boar_meat 2-9-2021, 6:04:19 AM
MonkeyDLuffy(MonkeyDLuffy) used a cutted_boar_meat 2-9-2021, 6:04:19 AM
MonkeyDLuffy(MonkeyDLuffy) used a cutted_boar_meat 2-9-2021, 6:04:19 AM
MonkeyDLuffy(MonkeyDLuffy) used a cutted_boar_meat 2-9-2021, 6:04:20 AM
MonkeyDLuffy(MonkeyDLuffy) used a cutted_boar_meat 2-9-2021, 6:04:20 AM
MonkeyDLuffy(MonkeyDLuffy) used a cutted_boar_meat 2-9-2021, 6:04:20 AM
MonkeyDLuffy(MonkeyDLuffy) used a cutted_boar_meat 2-9-2021, 6:04:20 AM
MonkeyDLuffy(MonkeyDLuffy) used a cutted_boar_meat 2-9-2021, 6:04:20 AM
MonkeyDLuffy(MonkeyDLuffy) used a cutted_boar_meat 2-9-2021, 6:04:21 AM
MonkeyDLuffy(MonkeyDLuffy) used a cutted_boar_meat 2-9-2021, 6:04:21 AM
MonkeyDLuffy(MonkeyDLuffy) used a cutted_boar_meat 2-9-2021, 6:04:21 AM
MonkeyDLuffy(MonkeyDLuffy) used a cutted_boar_meat 2-9-2021, 6:04:21 AM
MonkeyDLuffy(MonkeyDLuffy) used a cutted_boar_meat 2-9-2021, 6:04:22 AM
MonkeyDLuffy(MonkeyDLuffy) used a cutted_boar_meat 2-9-2021, 6:04:22 AM
MonkeyDLuffy(MonkeyDLuffy) used a cutted_boar_meat 2-9-2021, 6:04:22 AM
MonkeyDLuffy(MonkeyDLuffy) used a cutted_boar_meat 2-9-2021, 6:04:22 AM
MonkeyDLuffy(MonkeyDLuffy) used a cutted_boar_meat 2-9-2021, 6:04:22 AM
MonkeyDLuffy(MonkeyDLuffy) used a cutted_boar_meat 2-9-2021, 6:04:23 AM
MonkeyDLuffy(MonkeyDLuffy) used a cutted_boar_meat 2-9-2021, 6:04:23 AM
MonkeyDLuffy(MonkeyDLuffy) used a cutted_boar_meat 2-9-2021, 6:04:23 AM
MonkeyDLuffy(MonkeyDLuffy) used a cutted_boar_meat 2-9-2021, 6:04:23 AM
MonkeyDLuffy(MonkeyDLuffy) used a cutted_boar_meat 2-9-2021, 6:04:24 AM
MonkeyDLuffy(MonkeyDLuffy) used a cutted_boar_meat 2-9-2021, 6:04:24 AM
MonkeyDLuffy(MonkeyDLuffy) used a cutted_boar_meat 2-9-2021, 6:04:24 AM
MonkeyDLuffy(MonkeyDLuffy) used a cutted_boar_meat 2-9-2021, 6:04:24 AM
MonkeyDLuffy(MonkeyDLuffy) used a cutted_boar_meat 2-9-2021, 6:04:24 AM
MonkeyDLuffy(MonkeyDLuffy) used a cutted_boar_meat 2-9-2021, 6:04:25 AM
MonkeyDLuffy(MonkeyDLuffy) used a cutted_boar_meat 2-9-2021, 6:04:25 AM
MonkeyDLuffy(MonkeyDLuffy) used a cutted_boar_meat 2-9-2021, 6:04:25 AM
MonkeyDLuffy(MonkeyDLuffy) used a cutted_boar_meat 2-9-2021, 6:04:25 AM
MonkeyDLuffy(MonkeyDLuffy) used a cutted_boar_meat 2-9-2021, 6:04:26 AM
MonkeyDLuffy(MonkeyDLuffy) used a cutted_boar_meat 2-9-2021, 6:04:26 AM
MonkeyDLuffy(MonkeyDLuffy) used a cutted_boar_meat 2-9-2021, 6:04:26 AM
MonkeyDLuffy(MonkeyDLuffy) used a cutted_boar_meat 2-9-2021, 6:04:26 AM
MonkeyDLuffy(MonkeyDLuffy) used a cutted_boar_meat 2-9-2021, 6:04:26 AM
MonkeyDLuffy(MonkeyDLuffy) used a cutted_boar_meat 2-9-2021, 6:04:27 AM
MonkeyDLuffy(MonkeyDLuffy) used a cutted_boar_meat 2-9-2021, 6:04:27 AM
MonkeyDLuffy(MonkeyDLuffy) used a cutted_boar_meat 2-9-2021, 6:04:27 AM
MonkeyDLuffy(MonkeyDLuffy) used a cutted_boar_meat 2-9-2021, 6:04:27 AM
MonkeyDLuffy(MonkeyDLuffy) used a cutted_boar_meat 2-9-2021, 6:04:28 AM
MonkeyDLuffy(MonkeyDLuffy) used a cutted_boar_meat 2-9-2021, 6:04:28 AM
MonkeyDLuffy(MonkeyDLuffy) used a cutted_boar_meat 2-9-2021, 6:04:28 AM
MonkeyDLuffy(MonkeyDLuffy) used a cutted_boar_meat 2-9-2021, 6:04:28 AM
MonkeyDLuffy(MonkeyDLuffy) used a cutted_boar_meat 2-9-2021, 6:04:28 AM
MonkeyDLuffy(MonkeyDLuffy) used a cutted_boar_meat 2-9-2021, 6:04:29 AM
MonkeyDLuffy(MonkeyDLuffy) used a cutted_boar_meat 2-9-2021, 6:04:29 AM
MonkeyDLuffy(MonkeyDLuffy) used a cutted_boar_meat 2-9-2021, 6:04:29 AM
MonkeyDLuffy(MonkeyDLuffy) used a cutted_boar_meat 2-9-2021, 6:04:29 AM
MonkeyDLuffy(MonkeyDLuffy) used a cutted_boar_meat 2-9-2021, 6:04:30 AM
MonkeyDLuffy(MonkeyDLuffy) used a cutted_boar_meat 2-9-2021, 6:04:30 AM
MonkeyDLuffy(MonkeyDLuffy) used a cutted_boar_meat 2-9-2021, 6:04:30 AM
MonkeyDLuffy(MonkeyDLuffy) used a cutted_boar_meat 2-9-2021, 6:04:30 AM
MonkeyDLuffy(MonkeyDLuffy) used a cutted_boar_meat 2-9-2021, 6:04:30 AM
MonkeyDLuffy(MonkeyDLuffy) used a cutted_boar_meat 2-9-2021, 6:04:31 AM
MonkeyDLuffy(MonkeyDLuffy) used a cutted_boar_meat 2-9-2021, 6:04:31 AM
MonkeyDLuffy(MonkeyDLuffy) used a cutted_boar_meat 2-9-2021, 6:04:31 AM
MonkeyDLuffy(MonkeyDLuffy) used a cutted_boar_meat 2-9-2021, 6:04:31 AM
MonkeyDLuffy(MonkeyDLuffy) used a cutted_boar_meat 2-9-2021, 6:04:32 AM
MonkeyDLuffy(MonkeyDLuffy) used a cutted_boar_meat 2-9-2021, 6:04:32 AM
MonkeyDLuffy(MonkeyDLuffy) used a cutted_boar_meat 2-9-2021, 6:04:32 AM
MonkeyDLuffy(MonkeyDLuffy) used a cutted_boar_meat 2-9-2021, 6:04:32 AM
MonkeyDLuffy(MonkeyDLuffy) used a cutted_boar_meat 2-9-2021, 6:04:32 AM
MonkeyDLuffy(MonkeyDLuffy) used a cutted_boar_meat 2-9-2021, 6:04:33 AM
MonkeyDLuffy(MonkeyDLuffy) used a cutted_boar_meat 2-9-2021, 6:04:33 AM
MonkeyDLuffy(MonkeyDLuffy) used a cutted_boar_meat 2-9-2021, 6:04:33 AM
MonkeyDLuffy(MonkeyDLuffy) used a cutted_boar_meat 2-9-2021, 6:04:33 AM
MonkeyDLuffy(MonkeyDLuffy) used a cutted_boar_meat 2-9-2021, 6:04:33 AM
MonkeyDLuffy(MonkeyDLuffy) used a cutted_boar_meat 2-9-2021, 6:04:34 AM
MonkeyDLuffy(MonkeyDLuffy) used a cutted_boar_meat 2-9-2021, 6:04:34 AM
MonkeyDLuffy(MonkeyDLuffy) used a cutted_boar_meat 2-9-2021, 6:04:34 AM
MonkeyDLuffy(MonkeyDLuffy) used a cutted_boar_meat 2-9-2021, 6:04:34 AM
MonkeyDLuffy(MonkeyDLuffy) used a cutted_boar_meat 2-9-2021, 6:04:36 AM
MonkeyDLuffy(MonkeyDLuffy) used a cutted_boar_meat 2-9-2021, 6:04:36 AM
MonkeyDLuffy(MonkeyDLuffy) used a cutted_boar_meat 2-9-2021, 6:04:36 AM
MonkeyDLuffy(MonkeyDLuffy) used a cutted_boar_meat 2-9-2021, 6:04:36 AM
MonkeyDLuffy(MonkeyDLuffy) used a cutted_boar_meat 2-9-2021, 6:04:37 AM
MonkeyDLuffy(MonkeyDLuffy) used a cutted_boar_meat 2-9-2021, 6:04:37 AM
MonkeyDLuffy(MonkeyDLuffy) used a cutted_boar_meat 2-9-2021, 6:04:37 AM
MonkeyDLuffy(MonkeyDLuffy) used a cutted_boar_meat 2-9-2021, 6:04:37 AM
MonkeyDLuffy(MonkeyDLuffy) used a cutted_boar_meat 2-9-2021, 6:04:38 AM
MonkeyDLuffy(MonkeyDLuffy) used a cutted_boar_meat 2-9-2021, 6:04:38 AM
MonkeyDLuffy(MonkeyDLuffy) used a cutted_boar_meat 2-9-2021, 6:04:38 AM
MonkeyDLuffy(MonkeyDLuffy) used a cutted_boar_meat 2-9-2021, 6:04:38 AM
MonkeyDLuffy(MonkeyDLuffy) used a cutted_boar_meat 2-9-2021, 6:04:38 AM
MonkeyDLuffy(MonkeyDLuffy) used a cutted_boar_meat 2-9-2021, 6:04:39 AM
MonkeyDLuffy(MonkeyDLuffy) used a cutted_boar_meat 2-9-2021, 6:04:39 AM
MonkeyDLuffy(MonkeyDLuffy) used a cutted_boar_meat 2-9-2021, 6:04:39 AM
MonkeyDLuffy(MonkeyDLuffy) used a cutted_boar_meat 2-9-2021, 6:04:39 AM
MonkeyDLuffy(MonkeyDLuffy) used a cutted_boar_meat 2-9-2021, 6:04:39 AM
MonkeyDLuffy(MonkeyDLuffy) used a cutted_boar_meat 2-9-2021, 6:04:40 AM
MonkeyDLuffy(MonkeyDLuffy) used a cutted_boar_meat 2-9-2021, 6:04:40 AM
MonkeyDLuffy(MonkeyDLuffy) used a cutted_boar_meat 2-9-2021, 6:04:40 AM
MonkeyDLuffy(MonkeyDLuffy) used a cutted_boar_meat 2-9-2021, 6:04:40 AM
MonkeyDLuffy(MonkeyDLuffy) used a cutted_boar_meat 2-9-2021, 6:04:41 AM
MonkeyDLuffy(MonkeyDLuffy) used a cutted_boar_meat 2-9-2021, 6:04:41 AM
MonkeyDLuffy(MonkeyDLuffy) used a cutted_boar_meat 2-9-2021, 6:04:41 AM
MonkeyDLuffy(MonkeyDLuffy) used a cutted_boar_meat 2-9-2021, 6:04:41 AM
MonkeyDLuffy(MonkeyDLuffy) used a cutted_boar_meat 2-9-2021, 6:04:41 AM
MonkeyDLuffy(MonkeyDLuffy) used a cutted_boar_meat 2-9-2021, 6:04:42 AM
MonkeyDLuffy(MonkeyDLuffy) used a cutted_boar_meat 2-9-2021, 6:04:42 AM
MonkeyDLuffy(MonkeyDLuffy) used a cutted_boar_meat 2-9-2021, 6:04:42 AM
MonkeyDLuffy(MonkeyDLuffy) used a cutted_boar_meat 2-9-2021, 6:04:42 AM
MonkeyDLuffy(MonkeyDLuffy) used a cutted_boar_meat 2-9-2021, 6:04:42 AM
MonkeyDLuffy(MonkeyDLuffy) used a cutted_boar_meat 2-9-2021, 6:04:43 AM
MonkeyDLuffy(MonkeyDLuffy) used a cutted_boar_meat 2-9-2021, 6:04:43 AM
MonkeyDLuffy(MonkeyDLuffy) used a cutted_boar_meat 2-9-2021, 6:04:43 AM
MonkeyDLuffy(MonkeyDLuffy) used a cutted_boar_meat 2-9-2021, 6:04:43 AM
MonkeyDLuffy(MonkeyDLuffy) used a cutted_boar_meat 2-9-2021, 6:04:44 AM
MonkeyDLuffy(MonkeyDLuffy) used a cutted_boar_meat 2-9-2021, 6:04:44 AM
MonkeyDLuffy(MonkeyDLuffy) used a cutted_boar_meat 2-9-2021, 6:04:44 AM
MonkeyDLuffy(MonkeyDLuffy) used a cutted_boar_meat 2-9-2021, 6:04:44 AM
MonkeyDLuffy(MonkeyDLuffy) used a cutted_boar_meat 2-9-2021, 6:04:44 AM
MonkeyDLuffy(MonkeyDLuffy) used a cutted_boar_meat 2-9-2021, 6:04:45 AM
MonkeyDLuffy(MonkeyDLuffy) used a cutted_boar_meat 2-9-2021, 6:04:45 AM
MonkeyDLuffy(MonkeyDLuffy) used a cutted_boar_meat 2-9-2021, 6:04:45 AM
MonkeyDLuffy(MonkeyDLuffy) used a cutted_boar_meat 2-9-2021, 6:04:45 AM
MonkeyDLuffy(MonkeyDLuffy) used a cutted_boar_meat 2-9-2021, 6:04:45 AM
MonkeyDLuffy(MonkeyDLuffy) used a cutted_boar_meat 2-9-2021, 6:04:53 AM
MonkeyDLuffy(MonkeyDLuffy) used a cutted_boar_meat 2-9-2021, 6:04:53 AM
MonkeyDLuffy(MonkeyDLuffy) used a cutted_boar_meat 2-9-2021, 6:04:53 AM
MonkeyDLuffy(MonkeyDLuffy) used a cutted_boar_meat 2-9-2021, 6:04:54 AM
MonkeyDLuffy(MonkeyDLuffy) used a cutted_boar_meat 2-9-2021, 6:04:54 AM
MonkeyDLuffy(MonkeyDLuffy) used a cutted_boar_meat 2-9-2021, 6:04:54 AM
MonkeyDLuffy(MonkeyDLuffy) used a cutted_boar_meat 2-9-2021, 6:04:54 AM
MonkeyDLuffy(MonkeyDLuffy) used a cutted_boar_meat 2-9-2021, 6:04:54 AM
MonkeyDLuffy(MonkeyDLuffy) used a cutted_boar_meat 2-9-2021, 6:04:55 AM
MonkeyDLuffy(MonkeyDLuffy) used a cutted_boar_meat 2-9-2021, 6:04:55 AM
MonkeyDLuffy(MonkeyDLuffy) used a cutted_boar_meat 2-9-2021, 6:04:55 AM
MonkeyDLuffy(MonkeyDLuffy) used a cutted_boar_meat 2-9-2021, 6:04:55 AM
MonkeyDLuffy(MonkeyDLuffy) used a cutted_boar_meat 2-9-2021, 6:04:55 AM
MonkeyDLuffy(MonkeyDLuffy) used a cutted_boar_meat 2-9-2021, 6:04:56 AM
MonkeyDLuffy(MonkeyDLuffy) used a cutted_boar_meat 2-9-2021, 6:05:00 AM
MonkeyDLuffy(MonkeyDLuffy) used a cutted_boar_meat 2-9-2021, 6:05:01 AM
MonkeyDLuffy(MonkeyDLuffy) used a cutted_boar_meat 2-9-2021, 6:05:01 AM
MonkeyDLuffy(MonkeyDLuffy) used a cutted_boar_meat 2-9-2021, 6:05:01 AM
MonkeyDLuffy(MonkeyDLuffy) used a cutted_boar_meat 2-9-2021, 6:05:01 AM
MonkeyDLuffy(MonkeyDLuffy) used a cutted_boar_meat 2-9-2021, 6:05:02 AM
MonkeyDLuffy(MonkeyDLuffy) used a cutted_boar_meat 2-9-2021, 6:05:02 AM
MonkeyDLuffy(MonkeyDLuffy) used a cutted_boar_meat 2-9-2021, 6:05:02 AM
MonkeyDLuffy(MonkeyDLuffy) used a cutted_boar_meat 2-9-2021, 6:05:02 AM
MonkeyDLuffy(MonkeyDLuffy) used a cutted_boar_meat 2-9-2021, 6:05:04 AM
MonkeyDLuffy(MonkeyDLuffy) used a cutted_boar_meat 2-9-2021, 6:05:04 AM
MonkeyDLuffy(MonkeyDLuffy) used a cutted_boar_meat 2-9-2021, 6:05:04 AM
MonkeyDLuffy(MonkeyDLuffy) used a cutted_boar_meat 2-9-2021, 6:05:04 AM
MonkeyDLuffy(MonkeyDLuffy) used a cutted_boar_meat 2-9-2021, 6:05:05 AM
MonkeyDLuffy(MonkeyDLuffy) used a cutted_boar_meat 2-9-2021, 6:05:05 AM
MonkeyDLuffy(MonkeyDLuffy) used a cutted_boar_meat 2-9-2021, 6:05:05 AM
MonkeyDLuffy(MonkeyDLuffy) used a cutted_boar_meat 2-9-2021, 6:05:05 AM
MonkeyDLuffy(MonkeyDLuffy) used a cutted_boar_meat 2-9-2021, 6:05:06 AM
MonkeyDLuffy(MonkeyDLuffy) used a cutted_boar_meat 2-9-2021, 6:05:06 AM
MonkeyDLuffy(MonkeyDLuffy) used a cutted_boar_meat 2-9-2021, 6:05:07 AM
MonkeyDLuffy(MonkeyDLuffy) used a cutted_boar_meat 2-9-2021, 6:05:07 AM
MonkeyDLuffy(MonkeyDLuffy) used a cutted_boar_meat 2-9-2021, 6:05:07 AM
MonkeyDLuffy(MonkeyDLuffy) used a cutted_boar_meat 2-9-2021, 6:05:07 AM
MonkeyDLuffy(MonkeyDLuffy) used a cutted_boar_meat 2-9-2021, 6:05:07 AM
MonkeyDLuffy(MonkeyDLuffy) used a cutted_boar_meat 2-9-2021, 6:05:08 AM
MonkeyDLuffy(MonkeyDLuffy) used a cutted_boar_meat 2-9-2021, 6:05:08 AM
MonkeyDLuffy(MonkeyDLuffy) used a cutted_boar_meat 2-9-2021, 6:05:08 AM
MonkeyDLuffy(MonkeyDLuffy) used a cutted_boar_meat 2-9-2021, 6:05:08 AM
MonkeyDLuffy(MonkeyDLuffy) used a cutted_boar_meat 2-9-2021, 6:05:09 AM
MonkeyDLuffy(MonkeyDLuffy) used a cutted_boar_meat 2-9-2021, 6:05:09 AM
MonkeyDLuffy(MonkeyDLuffy) used a cutted_boar_meat 2-9-2021, 6:05:09 AM
MonkeyDLuffy(MonkeyDLuffy) used a cutted_boar_meat 2-9-2021, 6:05:09 AM
MonkeyDLuffy(MonkeyDLuffy) used a cutted_boar_meat 2-9-2021, 6:05:09 AM
MonkeyDLuffy(MonkeyDLuffy) used a cutted_boar_meat 2-9-2021, 6:05:10 AM
MonkeyDLuffy(MonkeyDLuffy) used a cutted_boar_meat 2-9-2021, 6:05:10 AM
MonkeyDLuffy(MonkeyDLuffy) used a cutted_boar_meat 2-9-2021, 6:05:10 AM
MonkeyDLuffy(MonkeyDLuffy) used a cutted_boar_meat 2-9-2021, 6:05:10 AM
MonkeyDLuffy(MonkeyDLuffy) used a cutted_boar_meat 2-9-2021, 6:05:10 AM
MonkeyDLuffy(MonkeyDLuffy) used a cutted_boar_meat 2-9-2021, 6:05:11 AM
MonkeyDLuffy(MonkeyDLuffy) used a cutted_boar_meat 2-9-2021, 6:05:11 AM
MonkeyDLuffy(MonkeyDLuffy) used a cutted_boar_meat 2-9-2021, 6:05:11 AM
MonkeyDLuffy(MonkeyDLuffy) used a cutted_boar_meat 2-9-2021, 6:05:11 AM
MonkeyDLuffy(MonkeyDLuffy) used a cutted_boar_meat 2-9-2021, 6:05:12 AM
MonkeyDLuffy(MonkeyDLuffy) used a cutted_boar_meat 2-9-2021, 6:05:12 AM
MonkeyDLuffy(MonkeyDLuffy) used a cutted_boar_meat 2-9-2021, 6:05:12 AM
MonkeyDLuffy(MonkeyDLuffy) used a cutted_boar_meat 2-9-2021, 6:05:12 AM
MonkeyDLuffy(MonkeyDLuffy) used a cutted_boar_meat 2-9-2021, 6:05:12 AM
MonkeyDLuffy(MonkeyDLuffy) used a cutted_boar_meat 2-9-2021, 6:05:13 AM
MonkeyDLuffy(MonkeyDLuffy) used a cutted_boar_meat 2-9-2021, 6:05:13 AM
MonkeyDLuffy(MonkeyDLuffy) used a cutted_boar_meat 2-9-2021, 6:05:13 AM
MonkeyDLuffy(MonkeyDLuffy) used a cutted_boar_meat 2-9-2021, 6:05:13 AM
MonkeyDLuffy(MonkeyDLuffy) used a cutted_boar_meat 2-9-2021, 6:05:14 AM
MonkeyDLuffy(MonkeyDLuffy) used a cutted_boar_meat 2-9-2021, 6:05:14 AM
MonkeyDLuffy(MonkeyDLuffy) used a cutted_boar_meat 2-9-2021, 6:05:14 AM
MonkeyDLuffy(MonkeyDLuffy) used a cutted_boar_meat 2-9-2021, 6:05:14 AM
MonkeyDLuffy(MonkeyDLuffy) used a cutted_boar_meat 2-9-2021, 6:05:14 AM
MonkeyDLuffy(MonkeyDLuffy) used a cutted_boar_meat 2-9-2021, 6:05:15 AM
MonkeyDLuffy(MonkeyDLuffy) used a cutted_boar_meat 2-9-2021, 6:05:15 AM
MonkeyDLuffy(MonkeyDLuffy) used a cutted_boar_meat 2-9-2021, 6:05:16 AM
MonkeyDLuffy(MonkeyDLuffy) used a cutted_boar_meat 2-9-2021, 6:05:16 AM
MonkeyDLuffy(MonkeyDLuffy) used a fire_starter 2-9-2021, 6:06:00 AM
MonkeyDLuffy(MonkeyDLuffy) used a cutted_boar_meat 2-9-2021, 6:06:05 AM
MonkeyDLuffy(MonkeyDLuffy) used a cutted_boar_meat 2-9-2021, 6:06:05 AM
MonkeyDLuffy(MonkeyDLuffy) used a cutted_boar_meat 2-9-2021, 6:06:05 AM
MonkeyDLuffy(MonkeyDLuffy) used a cutted_boar_meat 2-9-2021, 6:06:05 AM
MonkeyDLuffy(MonkeyDLuffy) used a cutted_boar_meat 2-9-2021, 6:06:06 AM
MonkeyDLuffy(MonkeyDLuffy) used a cutted_boar_meat 2-9-2021, 6:06:06 AM
MonkeyDLuffy(MonkeyDLuffy) used a cutted_boar_meat 2-9-2021, 6:06:06 AM
MonkeyDLuffy(MonkeyDLuffy) used a cutted_boar_meat 2-9-2021, 6:06:07 AM
MonkeyDLuffy(MonkeyDLuffy) used a cutted_boar_meat 2-9-2021, 6:06:07 AM
MonkeyDLuffy(MonkeyDLuffy) used a cutted_boar_meat 2-9-2021, 6:06:08 AM
MonkeyDLuffy(MonkeyDLuffy) used a cutted_boar_meat 2-9-2021, 6:06:08 AM
MonkeyDLuffy(MonkeyDLuffy) used a cutted_boar_meat 2-9-2021, 6:06:08 AM
MonkeyDLuffy(MonkeyDLuffy) used a cutted_boar_meat 2-9-2021, 6:06:08 AM
MonkeyDLuffy(MonkeyDLuffy) used a cutted_boar_meat 2-9-2021, 6:06:08 AM
MonkeyDLuffy(MonkeyDLuffy) used a cutted_boar_meat 2-9-2021, 6:06:09 AM
MonkeyDLuffy(MonkeyDLuffy) used a cutted_boar_meat 2-9-2021, 6:06:09 AM
MonkeyDLuffy(MonkeyDLuffy) used a cutted_boar_meat 2-9-2021, 6:06:09 AM
MonkeyDLuffy(MonkeyDLuffy) used a cutted_boar_meat 2-9-2021, 6:06:09 AM
MonkeyDLuffy(MonkeyDLuffy) used a cutted_boar_meat 2-9-2021, 6:06:09 AM
MonkeyDLuffy(MonkeyDLuffy) used a cutted_boar_meat 2-9-2021, 6:06:10 AM
MonkeyDLuffy(MonkeyDLuffy) used a cutted_boar_meat 2-9-2021, 6:06:10 AM
MonkeyDLuffy(MonkeyDLuffy) used a cutted_boar_meat 2-9-2021, 6:06:10 AM
MonkeyDLuffy(MonkeyDLuffy) used a cutted_boar_meat 2-9-2021, 6:06:10 AM
MonkeyDLuffy(MonkeyDLuffy) used a cutted_boar_meat 2-9-2021, 6:06:10 AM
MonkeyDLuffy(MonkeyDLuffy) used a cutted_boar_meat 2-9-2021, 6:06:11 AM
MonkeyDLuffy(MonkeyDLuffy) used a cutted_boar_meat 2-9-2021, 6:06:11 AM
MonkeyDLuffy(MonkeyDLuffy) used a cutted_boar_meat 2-9-2021, 6:06:11 AM
MonkeyDLuffy(MonkeyDLuffy) used a cutted_boar_meat 2-9-2021, 6:06:11 AM
MonkeyDLuffy(MonkeyDLuffy) used a cutted_boar_meat 2-9-2021, 6:06:12 AM
MonkeyDLuffy(MonkeyDLuffy) used a cutted_boar_meat 2-9-2021, 6:06:12 AM
MonkeyDLuffy(MonkeyDLuffy) used a cutted_boar_meat 2-9-2021, 6:06:12 AM
MonkeyDLuffy(MonkeyDLuffy) used a cutted_boar_meat 2-9-2021, 6:06:12 AM
MonkeyDLuffy(MonkeyDLuffy) used a cutted_boar_meat 2-9-2021, 6:06:12 AM
MonkeyDLuffy(MonkeyDLuffy) used a cutted_boar_meat 2-9-2021, 6:06:13 AM
MonkeyDLuffy(MonkeyDLuffy) used a cutted_boar_meat 2-9-2021, 6:06:13 AM
MonkeyDLuffy(MonkeyDLuffy) used a cutted_boar_meat 2-9-2021, 6:06:13 AM
MonkeyDLuffy(MonkeyDLuffy) used a cutted_boar_meat 2-9-2021, 6:06:13 AM
MonkeyDLuffy(MonkeyDLuffy) used a cutted_boar_meat 2-9-2021, 6:06:14 AM
MonkeyDLuffy(MonkeyDLuffy) used a cutted_boar_meat 2-9-2021, 6:06:14 AM
MonkeyDLuffy(MonkeyDLuffy) used a cutted_boar_meat 2-9-2021, 6:06:15 AM
MonkeyDLuffy(MonkeyDLuffy) used a cutted_boar_meat 2-9-2021, 6:06:15 AM
MonkeyDLuffy(MonkeyDLuffy) used a cutted_boar_meat 2-9-2021, 6:06:15 AM
MonkeyDLuffy(MonkeyDLuffy) used a cutted_boar_meat 2-9-2021, 6:06:15 AM
MonkeyDLuffy(MonkeyDLuffy) used a cutted_boar_meat 2-9-2021, 6:06:16 AM
MonkeyDLuffy(MonkeyDLuffy) used a cutted_boar_meat 2-9-2021, 6:06:16 AM
MonkeyDLuffy(MonkeyDLuffy) used a cutted_boar_meat 2-9-2021, 6:06:16 AM
MonkeyDLuffy(MonkeyDLuffy) used a cutted_boar_meat 2-9-2021, 6:06:16 AM
MonkeyDLuffy(MonkeyDLuffy) used a cutted_boar_meat 2-9-2021, 6:06:16 AM
MonkeyDLuffy(MonkeyDLuffy) used a cutted_boar_meat 2-9-2021, 6:06:17 AM
MonkeyDLuffy(MonkeyDLuffy) used a cutted_boar_meat 2-9-2021, 6:06:17 AM
MonkeyDLuffy(MonkeyDLuffy) used a cutted_boar_meat 2-9-2021, 6:06:17 AM
MonkeyDLuffy(MonkeyDLuffy) used a cutted_boar_meat 2-9-2021, 6:06:19 AM
MonkeyDLuffy(MonkeyDLuffy) used a cutted_boar_meat 2-9-2021, 6:06:19 AM
MonkeyDLuffy(MonkeyDLuffy) used a cutted_boar_meat 2-9-2021, 6:06:19 AM
MonkeyDLuffy(MonkeyDLuffy) used a cutted_boar_meat 2-9-2021, 6:06:20 AM
MonkeyDLuffy(MonkeyDLuffy) used a cutted_boar_meat 2-9-2021, 6:06:20 AM
MonkeyDLuffy(MonkeyDLuffy) used a cutted_boar_meat 2-9-2021, 6:06:20 AM
MonkeyDLuffy(MonkeyDLuffy) used a cutted_boar_meat 2-9-2021, 6:06:20 AM
MonkeyDLuffy(MonkeyDLuffy) used a cutted_boar_meat 2-9-2021, 6:06:20 AM
MonkeyDLuffy(MonkeyDLuffy) used a cutted_boar_meat 2-9-2021, 6:06:21 AM
MonkeyDLuffy(MonkeyDLuffy) used a cutted_boar_meat 2-9-2021, 6:06:21 AM
MonkeyDLuffy(MonkeyDLuffy) used a cutted_boar_meat 2-9-2021, 6:06:21 AM
MonkeyDLuffy(MonkeyDLuffy) used a cutted_boar_meat 2-9-2021, 6:06:21 AM
MonkeyDLuffy(MonkeyDLuffy) used a cutted_boar_meat 2-9-2021, 6:06:21 AM
MonkeyDLuffy(MonkeyDLuffy) used a cutted_boar_meat 2-9-2021, 6:06:22 AM
MonkeyDLuffy(MonkeyDLuffy) used a cutted_boar_meat 2-9-2021, 6:06:22 AM
MonkeyDLuffy(MonkeyDLuffy) used a cutted_boar_meat 2-9-2021, 6:06:22 AM
MonkeyDLuffy(MonkeyDLuffy) used a cutted_boar_meat 2-9-2021, 6:06:22 AM
MonkeyDLuffy(MonkeyDLuffy) used a cutted_boar_meat 2-9-2021, 6:06:23 AM
MonkeyDLuffy(MonkeyDLuffy) used a cutted_boar_meat 2-9-2021, 6:06:23 AM
MonkeyDLuffy(MonkeyDLuffy) used a cutted_boar_meat 2-9-2021, 6:06:23 AM
MonkeyDLuffy(MonkeyDLuffy) used a cutted_boar_meat 2-9-2021, 6:06:23 AM
MonkeyDLuffy(MonkeyDLuffy) used a cutted_boar_meat 2-9-2021, 6:06:23 AM
MonkeyDLuffy(MonkeyDLuffy) used a cutted_boar_meat 2-9-2021, 6:06:24 AM
MonkeyDLuffy(MonkeyDLuffy) used a cutted_boar_meat 2-9-2021, 6:06:24 AM
MonkeyDLuffy(MonkeyDLuffy) used a cutted_boar_meat 2-9-2021, 6:06:24 AM
MonkeyDLuffy(MonkeyDLuffy) used a cutted_boar_meat 2-9-2021, 6:06:24 AM
MonkeyDLuffy(MonkeyDLuffy) used a cutted_boar_meat 2-9-2021, 6:06:25 AM
MonkeyDLuffy(MonkeyDLuffy) used a cutted_boar_meat 2-9-2021, 6:06:25 AM
MonkeyDLuffy(MonkeyDLuffy) used a cutted_boar_meat 2-9-2021, 6:06:25 AM
MonkeyDLuffy(MonkeyDLuffy) used a cutted_boar_meat 2-9-2021, 6:06:25 AM
MonkeyDLuffy(MonkeyDLuffy) used a cutted_boar_meat 2-9-2021, 6:06:25 AM
MonkeyDLuffy(MonkeyDLuffy) used a cutted_boar_meat 2-9-2021, 6:06:26 AM
MonkeyDLuffy(MonkeyDLuffy) used a cutted_boar_meat 2-9-2021, 6:06:26 AM
MonkeyDLuffy(MonkeyDLuffy) used a cutted_boar_meat 2-9-2021, 6:06:26 AM
MonkeyDLuffy(MonkeyDLuffy) used a cutted_boar_meat 2-9-2021, 6:06:26 AM
MonkeyDLuffy(MonkeyDLuffy) used a cutted_boar_meat 2-9-2021, 6:06:27 AM
MonkeyDLuffy(MonkeyDLuffy) used a cutted_boar_meat 2-9-2021, 6:06:27 AM
MonkeyDLuffy(MonkeyDLuffy) used a cutted_boar_meat 2-9-2021, 6:06:27 AM
MonkeyDLuffy(MonkeyDLuffy) used a cutted_boar_meat 2-9-2021, 6:06:27 AM
MonkeyDLuffy(MonkeyDLuffy) used a cutted_boar_meat 2-9-2021, 6:06:27 AM
MonkeyDLuffy(MonkeyDLuffy) used a cutted_boar_meat 2-9-2021, 6:06:28 AM
MonkeyDLuffy(MonkeyDLuffy) used a cutted_boar_meat 2-9-2021, 6:06:28 AM
MonkeyDLuffy(MonkeyDLuffy) used a cutted_boar_meat 2-9-2021, 6:06:28 AM
MonkeyDLuffy(MonkeyDLuffy) used a cutted_boar_meat 2-9-2021, 6:06:28 AM
MonkeyDLuffy(MonkeyDLuffy) used a cutted_boar_meat 2-9-2021, 6:06:29 AM
MonkeyDLuffy(MonkeyDLuffy) used a cutted_boar_meat 2-9-2021, 6:06:29 AM
MonkeyDLuffy(MonkeyDLuffy) used a cutted_boar_meat 2-9-2021, 6:06:29 AM
MonkeyDLuffy(MonkeyDLuffy) used a cutted_boar_meat 2-9-2021, 6:06:29 AM
MonkeyDLuffy(MonkeyDLuffy) used a cutted_boar_meat 2-9-2021, 6:06:29 AM
MonkeyDLuffy(MonkeyDLuffy) used a cutted_boar_meat 2-9-2021, 6:06:30 AM
MonkeyDLuffy(MonkeyDLuffy) used a cutted_boar_meat 2-9-2021, 6:06:30 AM
MonkeyDLuffy(MonkeyDLuffy) used a cutted_boar_meat 2-9-2021, 6:06:30 AM
MonkeyDLuffy(MonkeyDLuffy) used a cutted_boar_meat 2-9-2021, 6:06:30 AM
MonkeyDLuffy(MonkeyDLuffy) used a cutted_boar_meat 2-9-2021, 6:06:30 AM
MonkeyDLuffy(MonkeyDLuffy) used a cutted_boar_meat 2-9-2021, 6:06:31 AM
MonkeyDLuffy(MonkeyDLuffy) used a cutted_boar_meat 2-9-2021, 6:06:31 AM
MonkeyDLuffy(MonkeyDLuffy) used a cutted_boar_meat 2-9-2021, 6:06:31 AM
MonkeyDLuffy(MonkeyDLuffy) used a cutted_boar_meat 2-9-2021, 6:06:31 AM
MonkeyDLuffy(MonkeyDLuffy) used a cutted_boar_meat 2-9-2021, 6:06:31 AM
MonkeyDLuffy(MonkeyDLuffy) used a cutted_boar_meat 2-9-2021, 6:06:32 AM
MonkeyDLuffy(MonkeyDLuffy) used a cutted_boar_meat 2-9-2021, 6:06:32 AM
MonkeyDLuffy(MonkeyDLuffy) used a cutted_boar_meat 2-9-2021, 6:06:32 AM
MonkeyDLuffy(MonkeyDLuffy) used a cutted_boar_meat 2-9-2021, 6:06:32 AM
MonkeyDLuffy(MonkeyDLuffy) used a cutted_boar_meat 2-9-2021, 6:06:33 AM
MonkeyDLuffy(MonkeyDLuffy) used a cutted_boar_meat 2-9-2021, 6:06:33 AM
MonkeyDLuffy(MonkeyDLuffy) used a cutted_boar_meat 2-9-2021, 6:06:33 AM
MonkeyDLuffy(MonkeyDLuffy) used a cutted_boar_meat 2-9-2021, 6:06:33 AM
MonkeyDLuffy(MonkeyDLuffy) used a cutted_boar_meat 2-9-2021, 6:06:34 AM
MonkeyDLuffy(MonkeyDLuffy) used a cutted_boar_meat 2-9-2021, 6:06:34 AM
MonkeyDLuffy(MonkeyDLuffy) used a cutted_boar_meat 2-9-2021, 6:06:34 AM
MonkeyDLuffy(MonkeyDLuffy) used a cutted_boar_meat 2-9-2021, 6:06:34 AM
MonkeyDLuffy(MonkeyDLuffy) used a cutted_boar_meat 2-9-2021, 6:06:34 AM
MonkeyDLuffy(MonkeyDLuffy) used a cutted_boar_meat 2-9-2021, 6:06:35 AM
MonkeyDLuffy(MonkeyDLuffy) used a cutted_boar_meat 2-9-2021, 6:06:35 AM
MonkeyDLuffy(MonkeyDLuffy) used a cutted_boar_meat 2-9-2021, 6:06:35 AM
MonkeyDLuffy(MonkeyDLuffy) used a cutted_boar_meat 2-9-2021, 6:06:35 AM
MonkeyDLuffy(MonkeyDLuffy) used a cutted_boar_meat 2-9-2021, 6:06:36 AM
MonkeyDLuffy(MonkeyDLuffy) used a cutted_boar_meat 2-9-2021, 6:06:36 AM
MonkeyDLuffy(MonkeyDLuffy) used a cutted_boar_meat 2-9-2021, 6:06:36 AM
MonkeyDLuffy(MonkeyDLuffy) used a cutted_boar_meat 2-9-2021, 6:06:36 AM
MonkeyDLuffy(MonkeyDLuffy) used a cutted_boar_meat 2-9-2021, 6:06:37 AM
MonkeyDLuffy(MonkeyDLuffy) used a cutted_boar_meat 2-9-2021, 6:06:37 AM
MonkeyDLuffy(MonkeyDLuffy) used a cutted_boar_meat 2-9-2021, 6:06:37 AM
MonkeyDLuffy(MonkeyDLuffy) used a cutted_boar_meat 2-9-2021, 6:06:37 AM
MonkeyDLuffy(MonkeyDLuffy) used a cutted_boar_meat 2-9-2021, 6:06:37 AM
MonkeyDLuffy(MonkeyDLuffy) used a cutted_boar_meat 2-9-2021, 6:06:38 AM
MonkeyDLuffy(MonkeyDLuffy) used a cutted_boar_meat 2-9-2021, 6:06:38 AM
MonkeyDLuffy(MonkeyDLuffy) used a cutted_boar_meat 2-9-2021, 6:06:38 AM
MonkeyDLuffy(MonkeyDLuffy) used a cutted_boar_meat 2-9-2021, 6:06:38 AM
MonkeyDLuffy(MonkeyDLuffy) used a cutted_boar_meat 2-9-2021, 6:06:39 AM
MonkeyDLuffy(MonkeyDLuffy) used a cutted_boar_meat 2-9-2021, 6:06:39 AM
MonkeyDLuffy(MonkeyDLuffy) used a cutted_boar_meat 2-9-2021, 6:06:39 AM
MonkeyDLuffy(MonkeyDLuffy) used a cutted_boar_meat 2-9-2021, 6:06:39 AM
MonkeyDLuffy(MonkeyDLuffy) used a cutted_boar_meat 2-9-2021, 6:06:39 AM
MonkeyDLuffy(MonkeyDLuffy) used a cutted_boar_meat 2-9-2021, 6:06:40 AM
MonkeyDLuffy(MonkeyDLuffy) used a cutted_boar_meat 2-9-2021, 6:06:40 AM
MonkeyDLuffy(MonkeyDLuffy) used a cutted_boar_meat 2-9-2021, 6:06:40 AM
MonkeyDLuffy(MonkeyDLuffy) used a cutted_boar_meat 2-9-2021, 6:06:40 AM
MonkeyDLuffy(MonkeyDLuffy) used a cutted_boar_meat 2-9-2021, 6:06:40 AM
MonkeyDLuffy(MonkeyDLuffy) used a cutted_boar_meat 2-9-2021, 6:06:41 AM
MonkeyDLuffy(MonkeyDLuffy) used a cutted_boar_meat 2-9-2021, 6:06:41 AM
MonkeyDLuffy(MonkeyDLuffy) used a cutted_boar_meat 2-9-2021, 6:06:41 AM
MonkeyDLuffy(MonkeyDLuffy) used a cutted_boar_meat 2-9-2021, 6:06:42 AM
MonkeyDLuffy(MonkeyDLuffy) used a cutted_boar_meat 2-9-2021, 6:06:42 AM
MonkeyDLuffy(MonkeyDLuffy) used a cutted_boar_meat 2-9-2021, 6:06:42 AM
MonkeyDLuffy(MonkeyDLuffy) used a cutted_boar_meat 2-9-2021, 6:06:42 AM
MonkeyDLuffy(MonkeyDLuffy) used a cutted_boar_meat 2-9-2021, 6:06:42 AM
MonkeyDLuffy(MonkeyDLuffy) used a cutted_boar_meat 2-9-2021, 6:06:43 AM
MonkeyDLuffy(MonkeyDLuffy) used a cutted_boar_meat 2-9-2021, 6:06:43 AM
MonkeyDLuffy(MonkeyDLuffy) used a cutted_boar_meat 2-9-2021, 6:06:43 AM
MonkeyDLuffy(MonkeyDLuffy) used a cutted_boar_meat 2-9-2021, 6:06:43 AM
MonkeyDLuffy(MonkeyDLuffy) used a cutted_boar_meat 2-9-2021, 6:06:44 AM
MonkeyDLuffy(MonkeyDLuffy) used a cutted_boar_meat 2-9-2021, 6:06:44 AM
MonkeyDLuffy(MonkeyDLuffy) used a cutted_boar_meat 2-9-2021, 6:06:44 AM
MonkeyDLuffy(MonkeyDLuffy) used a cutted_boar_meat 2-9-2021, 6:06:44 AM
MonkeyDLuffy(MonkeyDLuffy) used a cutted_boar_meat 2-9-2021, 6:06:44 AM
MonkeyDLuffy(MonkeyDLuffy) used a cutted_boar_meat 2-9-2021, 6:06:45 AM
MonkeyDLuffy(MonkeyDLuffy) used a cutted_boar_meat 2-9-2021, 6:06:45 AM
MonkeyDLuffy(MonkeyDLuffy) used a cutted_boar_meat 2-9-2021, 6:06:45 AM
MonkeyDLuffy(MonkeyDLuffy) used a cutted_boar_meat 2-9-2021, 6:06:45 AM
MonkeyDLuffy(MonkeyDLuffy) used a cutted_boar_meat 2-9-2021, 6:06:45 AM
MonkeyDLuffy(MonkeyDLuffy) used a cutted_boar_meat 2-9-2021, 6:06:46 AM
MonkeyDLuffy(MonkeyDLuffy) used a cutted_boar_meat 2-9-2021, 6:06:46 AM
MonkeyDLuffy(MonkeyDLuffy) used a cutted_boar_meat 2-9-2021, 6:06:46 AM
MonkeyDLuffy(MonkeyDLuffy) used a cutted_boar_meat 2-9-2021, 6:06:46 AM
MonkeyDLuffy(MonkeyDLuffy) used a cutted_boar_meat 2-9-2021, 6:06:47 AM
MonkeyDLuffy(MonkeyDLuffy) used a cutted_boar_meat 2-9-2021, 6:06:47 AM
MonkeyDLuffy(MonkeyDLuffy) used a cutted_boar_meat 2-9-2021, 6:06:48 AM
MonkeyDLuffy(MonkeyDLuffy) used a cutted_boar_meat 2-9-2021, 6:06:48 AM
MonkeyDLuffy(MonkeyDLuffy) used a cutted_boar_meat 2-9-2021, 6:06:48 AM
MonkeyDLuffy(MonkeyDLuffy) used a cutted_boar_meat 2-9-2021, 6:06:48 AM
MonkeyDLuffy(MonkeyDLuffy) used a cutted_boar_meat 2-9-2021, 6:06:48 AM
MonkeyDLuffy(MonkeyDLuffy) used a cutted_boar_meat 2-9-2021, 6:06:49 AM
MonkeyDLuffy(MonkeyDLuffy) used a cutted_boar_meat 2-9-2021, 6:06:49 AM
MonkeyDLuffy(MonkeyDLuffy) used a cutted_boar_meat 2-9-2021, 6:06:49 AM
MonkeyDLuffy(MonkeyDLuffy) used a cutted_boar_meat 2-9-2021, 6:06:49 AM
MonkeyDLuffy(MonkeyDLuffy) used a cutted_boar_meat 2-9-2021, 6:06:50 AM
MonkeyDLuffy(MonkeyDLuffy) used a cutted_boar_meat 2-9-2021, 6:06:50 AM
MonkeyDLuffy(MonkeyDLuffy) used a cutted_boar_meat 2-9-2021, 6:06:50 AM
MonkeyDLuffy(MonkeyDLuffy) used a cutted_boar_meat 2-9-2021, 6:06:50 AM
MonkeyDLuffy(MonkeyDLuffy) used a cutted_boar_meat 2-9-2021, 6:06:50 AM
MonkeyDLuffy(MonkeyDLuffy) used a cutted_boar_meat 2-9-2021, 6:06:51 AM
MonkeyDLuffy(MonkeyDLuffy) used a cutted_boar_meat 2-9-2021, 6:06:51 AM
MonkeyDLuffy(MonkeyDLuffy) used a cutted_boar_meat 2-9-2021, 6:06:51 AM
MonkeyDLuffy(MonkeyDLuffy) used a cutted_boar_meat 2-9-2021, 6:06:51 AM
MonkeyDLuffy(MonkeyDLuffy) used a cutted_boar_meat 2-9-2021, 6:06:52 AM
MonkeyDLuffy(MonkeyDLuffy) used a cutted_boar_meat 2-9-2021, 6:06:52 AM
MonkeyDLuffy(MonkeyDLuffy) used a cutted_boar_meat 2-9-2021, 6:06:52 AM
MonkeyDLuffy(MonkeyDLuffy) used a cutted_boar_meat 2-9-2021, 6:06:52 AM
MonkeyDLuffy(MonkeyDLuffy) used a cutted_boar_meat 2-9-2021, 6:06:52 AM
MonkeyDLuffy(MonkeyDLuffy) used a cutted_boar_meat 2-9-2021, 6:06:53 AM
MonkeyDLuffy(MonkeyDLuffy) used a cutted_boar_meat 2-9-2021, 6:06:53 AM
MonkeyDLuffy(MonkeyDLuffy) used a cutted_boar_meat 2-9-2021, 6:06:53 AM
MonkeyDLuffy(MonkeyDLuffy) used a cutted_boar_meat 2-9-2021, 6:06:53 AM
MonkeyDLuffy(MonkeyDLuffy) used a cutted_boar_meat 2-9-2021, 6:06:53 AM
MonkeyDLuffy(MonkeyDLuffy) used a cutted_boar_meat 2-9-2021, 6:06:54 AM
MonkeyDLuffy(MonkeyDLuffy) used a cutted_boar_meat 2-9-2021, 6:06:54 AM
MonkeyDLuffy(MonkeyDLuffy) used a cutted_boar_meat 2-9-2021, 6:06:54 AM
MonkeyDLuffy(MonkeyDLuffy) used a cutted_boar_meat 2-9-2021, 6:06:55 AM
MonkeyDLuffy(MonkeyDLuffy) used a cutted_boar_meat 2-9-2021, 6:06:55 AM
MonkeyDLuffy(MonkeyDLuffy) used a cutted_boar_meat 2-9-2021, 6:06:55 AM
MonkeyDLuffy(MonkeyDLuffy) used a cutted_boar_meat 2-9-2021, 6:06:56 AM
MonkeyDLuffy(MonkeyDLuffy) used a cutted_boar_meat 2-9-2021, 6:06:56 AM
MonkeyDLuffy(MonkeyDLuffy) used a cutted_boar_meat 2-9-2021, 6:06:56 AM
MonkeyDLuffy(MonkeyDLuffy) used a cutted_boar_meat 2-9-2021, 6:06:56 AM
MonkeyDLuffy(MonkeyDLuffy) used a cutted_boar_meat 2-9-2021, 6:06:57 AM
MonkeyDLuffy(MonkeyDLuffy) used a cutted_boar_meat 2-9-2021, 6:06:57 AM
MonkeyDLuffy(MonkeyDLuffy) used a cutted_boar_meat 2-9-2021, 6:06:57 AM
MonkeyDLuffy(MonkeyDLuffy) used a cutted_boar_meat 2-9-2021, 6:06:57 AM
MonkeyDLuffy(MonkeyDLuffy) used a cutted_boar_meat 2-9-2021, 6:06:57 AM
MonkeyDLuffy(MonkeyDLuffy) used a cutted_boar_meat 2-9-2021, 6:06:58 AM
MonkeyDLuffy(MonkeyDLuffy) used a cutted_boar_meat 2-9-2021, 6:06:58 AM
MonkeyDLuffy(MonkeyDLuffy) used a cutted_boar_meat 2-9-2021, 6:06:58 AM
MonkeyDLuffy(MonkeyDLuffy) used a cutted_boar_meat 2-9-2021, 6:06:58 AM
MonkeyDLuffy(MonkeyDLuffy) used a cutted_boar_meat 2-9-2021, 6:06:59 AM
MonkeyDLuffy(MonkeyDLuffy) used a cutted_boar_meat 2-9-2021, 6:06:59 AM
MonkeyDLuffy(MonkeyDLuffy) used a cutted_boar_meat 2-9-2021, 6:06:59 AM
MonkeyDLuffy(MonkeyDLuffy) used a cutted_boar_meat 2-9-2021, 6:06:59 AM
MonkeyDLuffy(MonkeyDLuffy) used a cutted_boar_meat 2-9-2021, 6:06:59 AM
MonkeyDLuffy(MonkeyDLuffy) used a cutted_boar_meat 2-9-2021, 6:07:00 AM
MonkeyDLuffy(MonkeyDLuffy) used a cutted_boar_meat 2-9-2021, 6:07:00 AM
MonkeyDLuffy(MonkeyDLuffy) used a cutted_boar_meat 2-9-2021, 6:07:00 AM
MonkeyDLuffy(MonkeyDLuffy) used a cutted_boar_meat 2-9-2021, 6:07:00 AM
MonkeyDLuffy(MonkeyDLuffy) used a cutted_boar_meat 2-9-2021, 6:07:00 AM
MonkeyDLuffy(MonkeyDLuffy) used a cutted_boar_meat 2-9-2021, 6:07:01 AM
MonkeyDLuffy(MonkeyDLuffy) used a cutted_boar_meat 2-9-2021, 6:07:01 AM
MonkeyDLuffy(MonkeyDLuffy) used a cutted_boar_meat 2-9-2021, 6:07:01 AM
MonkeyDLuffy(MonkeyDLuffy) used a cutted_boar_meat 2-9-2021, 6:07:01 AM
MonkeyDLuffy(MonkeyDLuffy) used a cutted_boar_meat 2-9-2021, 6:07:02 AM
MonkeyDLuffy(MonkeyDLuffy) used a cutted_boar_meat 2-9-2021, 6:07:02 AM
MonkeyDLuffy(MonkeyDLuffy) used a cutted_boar_meat 2-9-2021, 6:07:02 AM
MonkeyDLuffy(MonkeyDLuffy) used a cutted_boar_meat 2-9-2021, 6:07:02 AM
MonkeyDLuffy(MonkeyDLuffy) used a cutted_boar_meat 2-9-2021, 6:07:03 AM
MonkeyDLuffy(MonkeyDLuffy) used a cutted_boar_meat 2-9-2021, 6:07:03 AM
MonkeyDLuffy(MonkeyDLuffy) used a cutted_boar_meat 2-9-2021, 6:07:03 AM
MonkeyDLuffy(MonkeyDLuffy) used a cutted_boar_meat 2-9-2021, 6:07:03 AM
MonkeyDLuffy(MonkeyDLuffy) used a cutted_boar_meat 2-9-2021, 6:07:03 AM
MonkeyDLuffy(MonkeyDLuffy) used a cutted_boar_meat 2-9-2021, 6:07:04 AM
MonkeyDLuffy(MonkeyDLuffy) used a cutted_boar_meat 2-9-2021, 6:07:04 AM
MonkeyDLuffy(MonkeyDLuffy) used a cutted_boar_meat 2-9-2021, 6:07:04 AM
MonkeyDLuffy(MonkeyDLuffy) used a cutted_boar_meat 2-9-2021, 6:07:04 AM
MonkeyDLuffy(MonkeyDLuffy) used a cutted_boar_meat 2-9-2021, 6:07:05 AM
MonkeyDLuffy(MonkeyDLuffy) used a cutted_boar_meat 2-9-2021, 6:07:05 AM
MonkeyDLuffy(MonkeyDLuffy) used a cutted_boar_meat 2-9-2021, 6:07:05 AM
MonkeyDLuffy(MonkeyDLuffy) used a cutted_boar_meat 2-9-2021, 6:07:05 AM
MonkeyDLuffy(MonkeyDLuffy) used a cutted_boar_meat 2-9-2021, 6:07:05 AM
MonkeyDLuffy(MonkeyDLuffy) used a cutted_boar_meat 2-9-2021, 6:07:06 AM
MonkeyDLuffy(MonkeyDLuffy) used a cutted_boar_meat 2-9-2021, 6:07:06 AM
MonkeyDLuffy(MonkeyDLuffy) used a cutted_boar_meat 2-9-2021, 6:07:06 AM
MonkeyDLuffy(MonkeyDLuffy) used a cutted_boar_meat 2-9-2021, 6:07:06 AM
MonkeyDLuffy(MonkeyDLuffy) used a cutted_boar_meat 2-9-2021, 6:07:07 AM
MonkeyDLuffy(MonkeyDLuffy) used a cutted_boar_meat 2-9-2021, 6:07:07 AM
MonkeyDLuffy(MonkeyDLuffy) used a cutted_boar_meat 2-9-2021, 6:07:07 AM
MonkeyDLuffy(MonkeyDLuffy) used a cutted_boar_meat 2-9-2021, 6:07:07 AM
MonkeyDLuffy(MonkeyDLuffy) used a cutted_boar_meat 2-9-2021, 6:07:08 AM
MonkeyDLuffy(MonkeyDLuffy) used a cutted_boar_meat 2-9-2021, 6:07:08 AM
MonkeyDLuffy(MonkeyDLuffy) used a cutted_boar_meat 2-9-2021, 6:07:08 AM
MonkeyDLuffy(MonkeyDLuffy) used a cutted_boar_meat 2-9-2021, 6:07:08 AM
MonkeyDLuffy(MonkeyDLuffy) used a cutted_boar_meat 2-9-2021, 6:07:08 AM
MonkeyDLuffy(MonkeyDLuffy) used a cutted_boar_meat 2-9-2021, 6:07:09 AM
MonkeyDLuffy(MonkeyDLuffy) used a cutted_boar_meat 2-9-2021, 6:07:09 AM
MonkeyDLuffy(MonkeyDLuffy) used a cutted_boar_meat 2-9-2021, 6:07:09 AM
MonkeyDLuffy(MonkeyDLuffy) used a cutted_boar_meat 2-9-2021, 6:07:09 AM
MonkeyDLuffy(MonkeyDLuffy) used a cutted_boar_meat 2-9-2021, 6:07:10 AM
MonkeyDLuffy(MonkeyDLuffy) used a cutted_boar_meat 2-9-2021, 6:07:10 AM
MonkeyDLuffy(MonkeyDLuffy) used a cutted_boar_meat 2-9-2021, 6:07:10 AM
MonkeyDLuffy(MonkeyDLuffy) used a cutted_boar_meat 2-9-2021, 6:07:10 AM
MonkeyDLuffy(MonkeyDLuffy) used a cutted_boar_meat 2-9-2021, 6:07:10 AM
MonkeyDLuffy(MonkeyDLuffy) used a cutted_boar_meat 2-9-2021, 6:07:11 AM
MonkeyDLuffy(MonkeyDLuffy) used a cutted_boar_meat 2-9-2021, 6:07:11 AM
MonkeyDLuffy(MonkeyDLuffy) used a cutted_boar_meat 2-9-2021, 6:07:11 AM
MonkeyDLuffy(MonkeyDLuffy) used a cutted_boar_meat 2-9-2021, 6:07:11 AM
MonkeyDLuffy(MonkeyDLuffy) used a cutted_boar_meat 2-9-2021, 6:07:12 AM
MonkeyDLuffy(MonkeyDLuffy) used a cutted_boar_meat 2-9-2021, 6:07:12 AM
MonkeyDLuffy(MonkeyDLuffy) used a cutted_boar_meat 2-9-2021, 6:07:12 AM
MonkeyDLuffy(MonkeyDLuffy) used a cutted_boar_meat 2-9-2021, 6:07:12 AM
MonkeyDLuffy(MonkeyDLuffy) used a cutted_boar_meat 2-9-2021, 6:07:12 AM
MonkeyDLuffy(MonkeyDLuffy) used a cutted_boar_meat 2-9-2021, 6:07:13 AM
MonkeyDLuffy(MonkeyDLuffy) used a cutted_boar_meat 2-9-2021, 6:07:13 AM
MonkeyDLuffy(MonkeyDLuffy) used a cutted_boar_meat 2-9-2021, 6:07:13 AM
MonkeyDLuffy(MonkeyDLuffy) used a cutted_boar_meat 2-9-2021, 6:07:13 AM
MonkeyDLuffy(MonkeyDLuffy) used a cutted_boar_meat 2-9-2021, 6:07:14 AM
MonkeyDLuffy(MonkeyDLuffy) used a cutted_boar_meat 2-9-2021, 6:07:14 AM
MonkeyDLuffy(MonkeyDLuffy) used a cutted_boar_meat 2-9-2021, 6:07:14 AM
MonkeyDLuffy(MonkeyDLuffy) used a cutted_boar_meat 2-9-2021, 6:07:14 AM
MonkeyDLuffy(MonkeyDLuffy) used a cutted_boar_meat 2-9-2021, 6:07:14 AM
MonkeyDLuffy(MonkeyDLuffy) used a cutted_boar_meat 2-9-2021, 6:07:15 AM
MonkeyDLuffy(MonkeyDLuffy) used a cutted_boar_meat 2-9-2021, 6:07:15 AM
MonkeyDLuffy(MonkeyDLuffy) used a cutted_boar_meat 2-9-2021, 6:07:15 AM
MonkeyDLuffy(MonkeyDLuffy) used a cutted_boar_meat 2-9-2021, 6:07:15 AM
MonkeyDLuffy(MonkeyDLuffy) used a cutted_boar_meat 2-9-2021, 6:07:15 AM
MonkeyDLuffy(MonkeyDLuffy) used a cutted_boar_meat 2-9-2021, 6:07:16 AM
MonkeyDLuffy(MonkeyDLuffy) used a cutted_boar_meat 2-9-2021, 6:07:16 AM
MonkeyDLuffy(MonkeyDLuffy) used a cutted_boar_meat 2-9-2021, 6:07:16 AM
MonkeyDLuffy(MonkeyDLuffy) used a cutted_boar_meat 2-9-2021, 6:07:16 AM
MonkeyDLuffy(MonkeyDLuffy) used a cutted_boar_meat 2-9-2021, 6:07:16 AM
MonkeyDLuffy(MonkeyDLuffy) used a cutted_boar_meat 2-9-2021, 6:07:17 AM
MonkeyDLuffy(MonkeyDLuffy) used a cutted_boar_meat 2-9-2021, 6:07:17 AM
MonkeyDLuffy(MonkeyDLuffy) used a cutted_boar_meat 2-9-2021, 6:07:17 AM
MonkeyDLuffy(MonkeyDLuffy) used a cutted_boar_meat 2-9-2021, 6:07:17 AM
MonkeyDLuffy(MonkeyDLuffy) used a cutted_boar_meat 2-9-2021, 6:07:17 AM
MonkeyDLuffy(MonkeyDLuffy) used a cutted_boar_meat 2-9-2021, 6:07:18 AM
MonkeyDLuffy(MonkeyDLuffy) used a cutted_boar_meat 2-9-2021, 6:07:18 AM
MonkeyDLuffy(MonkeyDLuffy) used a cutted_boar_meat 2-9-2021, 6:07:18 AM
MonkeyDLuffy(MonkeyDLuffy) used a cutted_boar_meat 2-9-2021, 6:07:18 AM
MonkeyDLuffy(MonkeyDLuffy) used a cutted_boar_meat 2-9-2021, 6:07:19 AM
MonkeyDLuffy(MonkeyDLuffy) used a cutted_boar_meat 2-9-2021, 6:07:19 AM
MonkeyDLuffy(MonkeyDLuffy) used a cutted_boar_meat 2-9-2021, 6:07:19 AM
MonkeyDLuffy(MonkeyDLuffy) used a cutted_boar_meat 2-9-2021, 6:07:19 AM
MonkeyDLuffy(MonkeyDLuffy) used a cutted_boar_meat 2-9-2021, 6:07:19 AM
MonkeyDLuffy(MonkeyDLuffy) used a cutted_boar_meat 2-9-2021, 6:07:20 AM
MonkeyDLuffy(MonkeyDLuffy) used a cutted_boar_meat 2-9-2021, 6:07:20 AM
MonkeyDLuffy(MonkeyDLuffy) used a cutted_boar_meat 2-9-2021, 6:07:20 AM
MonkeyDLuffy(MonkeyDLuffy) used a cutted_boar_meat 2-9-2021, 6:07:20 AM
MonkeyDLuffy(MonkeyDLuffy) used a cutted_boar_meat 2-9-2021, 6:07:20 AM
MonkeyDLuffy(MonkeyDLuffy) used a cutted_boar_meat 2-9-2021, 6:07:21 AM
MonkeyDLuffy(MonkeyDLuffy) used a cutted_boar_meat 2-9-2021, 6:07:21 AM
MonkeyDLuffy(MonkeyDLuffy) used a cutted_boar_meat 2-9-2021, 6:07:21 AM
MonkeyDLuffy(MonkeyDLuffy) used a cutted_boar_meat 2-9-2021, 6:07:21 AM
MonkeyDLuffy(MonkeyDLuffy) used a cutted_boar_meat 2-9-2021, 6:07:21 AM
MonkeyDLuffy(MonkeyDLuffy) used a cutted_boar_meat 2-9-2021, 6:07:22 AM
MonkeyDLuffy(MonkeyDLuffy) used a cutted_boar_meat 2-9-2021, 6:07:22 AM
MonkeyDLuffy(MonkeyDLuffy) used a cutted_boar_meat 2-9-2021, 6:07:22 AM
MonkeyDLuffy(MonkeyDLuffy) used a cutted_boar_meat 2-9-2021, 6:07:22 AM
MonkeyDLuffy(MonkeyDLuffy) used a cutted_boar_meat 2-9-2021, 6:07:23 AM
MonkeyDLuffy(MonkeyDLuffy) used a cutted_boar_meat 2-9-2021, 6:07:23 AM
MonkeyDLuffy(MonkeyDLuffy) used a cutted_boar_meat 2-9-2021, 6:07:23 AM
MonkeyDLuffy(MonkeyDLuffy) used a cutted_boar_meat 2-9-2021, 6:07:23 AM
MonkeyDLuffy(MonkeyDLuffy) used a cutted_boar_meat 2-9-2021, 6:07:23 AM
MonkeyDLuffy(MonkeyDLuffy) used a cutted_boar_meat 2-9-2021, 6:07:24 AM
MonkeyDLuffy(MonkeyDLuffy) used a cutted_boar_meat 2-9-2021, 6:07:24 AM
MonkeyDLuffy(MonkeyDLuffy) used a cutted_boar_meat 2-9-2021, 6:07:24 AM
MonkeyDLuffy(MonkeyDLuffy) used a cutted_boar_meat 2-9-2021, 6:07:24 AM
MonkeyDLuffy(MonkeyDLuffy) used a cutted_boar_meat 2-9-2021, 6:07:25 AM
MonkeyDLuffy(MonkeyDLuffy) used a cutted_boar_meat 2-9-2021, 6:07:25 AM
MonkeyDLuffy(MonkeyDLuffy) used a cutted_boar_meat 2-9-2021, 6:07:25 AM
MonkeyDLuffy(MonkeyDLuffy) used a cutted_boar_meat 2-9-2021, 6:07:25 AM
MonkeyDLuffy(MonkeyDLuffy) used a cutted_boar_meat 2-9-2021, 6:07:25 AM
MonkeyDLuffy(MonkeyDLuffy) used a cutted_boar_meat 2-9-2021, 6:07:26 AM
MonkeyDLuffy(MonkeyDLuffy) used a cutted_boar_meat 2-9-2021, 6:07:26 AM
MonkeyDLuffy(MonkeyDLuffy) used a cutted_boar_meat 2-9-2021, 6:07:26 AM
MonkeyDLuffy(MonkeyDLuffy) used a cutted_boar_meat 2-9-2021, 6:07:26 AM
MonkeyDLuffy(MonkeyDLuffy) used a cutted_boar_meat 2-9-2021, 6:07:26 AM
MonkeyDLuffy(MonkeyDLuffy) used a cutted_boar_meat 2-9-2021, 6:07:27 AM
MonkeyDLuffy(MonkeyDLuffy) used a cutted_boar_meat 2-9-2021, 6:07:27 AM
MonkeyDLuffy(MonkeyDLuffy) used a cutted_boar_meat 2-9-2021, 6:07:27 AM
MonkeyDLuffy(MonkeyDLuffy) used a cutted_boar_meat 2-9-2021, 6:07:27 AM
MonkeyDLuffy(MonkeyDLuffy) used a cutted_boar_meat 2-9-2021, 6:07:28 AM
MonkeyDLuffy(MonkeyDLuffy) used a cutted_boar_meat 2-9-2021, 6:07:28 AM
MonkeyDLuffy(MonkeyDLuffy) used a cutted_boar_meat 2-9-2021, 6:07:28 AM
MonkeyDLuffy(MonkeyDLuffy) used a cutted_boar_meat 2-9-2021, 6:07:28 AM
MonkeyDLuffy(MonkeyDLuffy) used a cutted_boar_meat 2-9-2021, 6:07:29 AM
MonkeyDLuffy(MonkeyDLuffy) used a cutted_boar_meat 2-9-2021, 6:07:29 AM
MonkeyDLuffy(MonkeyDLuffy) used a cutted_boar_meat 2-9-2021, 6:07:29 AM
MonkeyDLuffy(MonkeyDLuffy) used a cutted_boar_meat 2-9-2021, 6:07:29 AM
MonkeyDLuffy(MonkeyDLuffy) used a cutted_boar_meat 2-9-2021, 6:07:30 AM
MonkeyDLuffy(MonkeyDLuffy) used a cutted_boar_meat 2-9-2021, 6:07:30 AM
MonkeyDLuffy(MonkeyDLuffy) used a cutted_boar_meat 2-9-2021, 6:07:30 AM
MonkeyDLuffy(MonkeyDLuffy) used a cutted_boar_meat 2-9-2021, 6:07:31 AM
MonkeyDLuffy(MonkeyDLuffy) used a cutted_boar_meat 2-9-2021, 6:07:31 AM
MonkeyDLuffy(MonkeyDLuffy) used a cutted_boar_meat 2-9-2021, 6:07:31 AM
MonkeyDLuffy(MonkeyDLuffy) used a cutted_boar_meat 2-9-2021, 6:07:31 AM
MonkeyDLuffy(MonkeyDLuffy) used a cutted_boar_meat 2-9-2021, 6:07:31 AM
MonkeyDLuffy(MonkeyDLuffy) used a cutted_boar_meat 2-9-2021, 6:07:32 AM
MonkeyDLuffy(MonkeyDLuffy) used a cutted_boar_meat 2-9-2021, 6:07:32 AM
MonkeyDLuffy(MonkeyDLuffy) used a cutted_boar_meat 2-9-2021, 6:07:32 AM
MonkeyDLuffy(MonkeyDLuffy) used a cutted_boar_meat 2-9-2021, 6:07:32 AM
MonkeyDLuffy(MonkeyDLuffy) used a cutted_boar_meat 2-9-2021, 6:07:33 AM
MonkeyDLuffy(MonkeyDLuffy) used a cutted_boar_meat 2-9-2021, 6:07:33 AM
MonkeyDLuffy(MonkeyDLuffy) used a cutted_boar_meat 2-9-2021, 6:07:33 AM
MonkeyDLuffy(MonkeyDLuffy) used a cutted_boar_meat 2-9-2021, 6:07:33 AM
MonkeyDLuffy(MonkeyDLuffy) used a cutted_boar_meat 2-9-2021, 6:07:33 AM
MonkeyDLuffy(MonkeyDLuffy) used a cutted_boar_meat 2-9-2021, 6:07:34 AM
MonkeyDLuffy(MonkeyDLuffy) used a cutted_boar_meat 2-9-2021, 6:07:34 AM
MonkeyDLuffy(MonkeyDLuffy) used a cutted_boar_meat 2-9-2021, 6:07:34 AM
MonkeyDLuffy(MonkeyDLuffy) used a cutted_boar_meat 2-9-2021, 6:07:34 AM
MonkeyDLuffy(MonkeyDLuffy) used a cutted_boar_meat 2-9-2021, 6:07:35 AM
MonkeyDLuffy(MonkeyDLuffy) used a cutted_boar_meat 2-9-2021, 6:07:35 AM
MonkeyDLuffy(MonkeyDLuffy) used a cutted_boar_meat 2-9-2021, 6:07:35 AM
MonkeyDLuffy(MonkeyDLuffy) used a cutted_boar_meat 2-9-2021, 6:07:35 AM
MonkeyDLuffy(MonkeyDLuffy) used a cutted_boar_meat 2-9-2021, 6:07:36 AM
MonkeyDLuffy(MonkeyDLuffy) used a cutted_boar_meat 2-9-2021, 6:07:36 AM
MonkeyDLuffy(MonkeyDLuffy) used a cutted_boar_meat 2-9-2021, 6:07:36 AM
MonkeyDLuffy(MonkeyDLuffy) used a cutted_boar_meat 2-9-2021, 6:07:36 AM
MonkeyDLuffy(MonkeyDLuffy) used a cutted_boar_meat 2-9-2021, 6:07:36 AM
MonkeyDLuffy(MonkeyDLuffy) used a cutted_boar_meat 2-9-2021, 6:07:37 AM
MonkeyDLuffy(MonkeyDLuffy) used a cutted_boar_meat 2-9-2021, 6:07:37 AM
MonkeyDLuffy(MonkeyDLuffy) used a cutted_boar_meat 2-9-2021, 6:07:37 AM
MonkeyDLuffy(MonkeyDLuffy) used a cutted_boar_meat 2-9-2021, 6:07:37 AM
MonkeyDLuffy(MonkeyDLuffy) used a cutted_boar_meat 2-9-2021, 6:07:38 AM
MonkeyDLuffy(MonkeyDLuffy) used a cutted_boar_meat 2-9-2021, 6:07:38 AM
MonkeyDLuffy(MonkeyDLuffy) used a cutted_boar_meat 2-9-2021, 6:07:38 AM
MonkeyDLuffy(MonkeyDLuffy) used a cutted_boar_meat 2-9-2021, 6:07:38 AM
MonkeyDLuffy(MonkeyDLuffy) used a cutted_boar_meat 2-9-2021, 6:07:39 AM
MonkeyDLuffy(MonkeyDLuffy) used a cutted_boar_meat 2-9-2021, 6:07:39 AM
MonkeyDLuffy(MonkeyDLuffy) used a cutted_boar_meat 2-9-2021, 6:07:39 AM
MonkeyDLuffy(MonkeyDLuffy) used a cutted_boar_meat 2-9-2021, 6:07:39 AM
MonkeyDLuffy(MonkeyDLuffy) used a cutted_boar_meat 2-9-2021, 6:07:39 AM
MonkeyDLuffy(MonkeyDLuffy) used a cutted_boar_meat 2-9-2021, 6:07:40 AM
MonkeyDLuffy(MonkeyDLuffy) used a cutted_boar_meat 2-9-2021, 6:07:40 AM
MonkeyDLuffy(MonkeyDLuffy) used a cutted_boar_meat 2-9-2021, 6:07:40 AM
MonkeyDLuffy(MonkeyDLuffy) used a cutted_boar_meat 2-9-2021, 6:07:40 AM
MonkeyDLuffy(MonkeyDLuffy) used a cutted_boar_meat 2-9-2021, 6:07:40 AM
MonkeyDLuffy(MonkeyDLuffy) used a cutted_boar_meat 2-9-2021, 6:07:41 AM
MonkeyDLuffy(MonkeyDLuffy) used a cutted_boar_meat 2-9-2021, 6:07:41 AM
MonkeyDLuffy(MonkeyDLuffy) used a cutted_boar_meat 2-9-2021, 6:07:41 AM
MonkeyDLuffy(MonkeyDLuffy) used a shield 2-9-2021, 6:08:54 AM
MonkeyDLuffy(MonkeyDLuffy) used a shield 2-9-2021, 6:08:54 AM
MonkeyDLuffy(MonkeyDLuffy) used a antibiotic 2-9-2021, 6:08:55 AM
MonkeyDLuffy(MonkeyDLuffy) used a hand_cannon 2-9-2021, 5:25:45 PM
MonkeyDLuffy(MonkeyDLuffy) used a coin 2-9-2021, 5:28:23 PM
MonkeyDLuffy(MonkeyDLuffy) used a colt_ar_15_assault_rifle 2-9-2021, 5:28:29 PM
MonkeyDLuffy(MonkeyDLuffy) used a throwing_knives 2-9-2021, 5:34:37 PM
MonkeyDLuffy(MonkeyDLuffy) used a shield 2-9-2021, 5:34:55 PM
MonkeyDLuffy(MonkeyDLuffy) used a shield 2-9-2021, 5:34:55 PM
MonkeyDLuffy(MonkeyDLuffy) used a shield 2-9-2021, 5:34:55 PM
MonkeyDLuffy(MonkeyDLuffy) used a shield 2-9-2021, 5:34:55 PM
MonkeyDLuffy(MonkeyDLuffy) used a shield 2-9-2021, 5:34:55 PM
MonkeyDLuffy(MonkeyDLuffy) used a shield 2-9-2021, 5:34:56 PM
MonkeyDLuffy(MonkeyDLuffy) used a shield 2-9-2021, 5:34:56 PM
MonkeyDLuffy(MonkeyDLuffy) used a shield 2-9-2021, 5:34:56 PM
MonkeyDLuffy(MonkeyDLuffy) used a shield 2-9-2021, 5:34:56 PM
MonkeyDLuffy(MonkeyDLuffy) used a shield 2-9-2021, 5:34:56 PM
MonkeyDLuffy(MonkeyDLuffy) used a shield 2-9-2021, 5:34:56 PM
MonkeyDLuffy(MonkeyDLuffy) used a shield 2-9-2021, 5:34:56 PM
MonkeyDLuffy(MonkeyDLuffy) used a shield 2-9-2021, 5:34:56 PM
MonkeyDLuffy(MonkeyDLuffy) used a shield 2-9-2021, 5:34:57 PM
MonkeyDLuffy(MonkeyDLuffy) used a shield 2-9-2021, 5:34:57 PM
MonkeyDLuffy(MonkeyDLuffy) used a shield 2-9-2021, 5:34:57 PM
MonkeyDLuffy(MonkeyDLuffy) used a shield 2-9-2021, 5:34:57 PM
MonkeyDLuffy(MonkeyDLuffy) used a shield 2-9-2021, 5:34:57 PM
MonkeyDLuffy(MonkeyDLuffy) used a shield 2-9-2021, 5:34:57 PM
MonkeyDLuffy(MonkeyDLuffy) used a shield 2-9-2021, 5:34:57 PM
MonkeyDLuffy(MonkeyDLuffy) used a shield 2-9-2021, 5:34:58 PM
MonkeyDLuffy(MonkeyDLuffy) used a shield 2-9-2021, 5:34:58 PM
MonkeyDLuffy(MonkeyDLuffy) used a shield 2-9-2021, 5:34:58 PM
MonkeyDLuffy(MonkeyDLuffy) used a shield 2-9-2021, 5:34:58 PM
MonkeyDLuffy(MonkeyDLuffy) used a shield 2-9-2021, 5:34:58 PM
MonkeyDLuffy(MonkeyDLuffy) used a shield 2-9-2021, 5:34:59 PM
MonkeyDLuffy(MonkeyDLuffy) used a shield 2-9-2021, 5:34:59 PM
MonkeyDLuffy(MonkeyDLuffy) used a shield 2-9-2021, 5:34:59 PM
MonkeyDLuffy(MonkeyDLuffy) used a antibiotic 2-9-2021, 5:35:01 PM
MonkeyDLuffy(MonkeyDLuffy) used a antibiotic 2-9-2021, 5:35:01 PM
MonkeyDLuffy(MonkeyDLuffy) used a shield 2-9-2021, 5:35:25 PM
MonkeyDLuffy(MonkeyDLuffy) used a antibiotic 2-9-2021, 5:35:26 PM
MonkeyDLuffy(MonkeyDLuffy) used a shield 2-9-2021, 5:36:32 PM
MonkeyDLuffy(MonkeyDLuffy) used a shield 2-9-2021, 5:36:32 PM
MonkeyDLuffy(MonkeyDLuffy) used a shield 2-9-2021, 5:36:32 PM
MonkeyDLuffy(MonkeyDLuffy) used a antibiotic 2-9-2021, 5:36:33 PM
MonkeyDLuffy(MonkeyDLuffy) used a antibiotic 2-9-2021, 5:36:33 PM
MonkeyDLuffy(MonkeyDLuffy) used a long_sword 2-9-2021, 5:37:19 PM
MonkeyDLuffy(MonkeyDLuffy) used a throwing_knives 2-9-2021, 5:37:31 PM
MonkeyDLuffy(MonkeyDLuffy) used a shotgun 2-9-2021, 5:37:39 PM
MonkeyDLuffy(MonkeyDLuffy) used a awp 2-9-2021, 5:37:53 PM
MonkeyDLuffy(MonkeyDLuffy) used a colt_ar_15_assault_rifle 2-9-2021, 5:38:32 PM
MonkeyDLuffy(MonkeyDLuffy) used a shield 2-9-2021, 5:40:32 PM
MonkeyDLuffy(MonkeyDLuffy) used a shield 2-9-2021, 5:40:33 PM
MonkeyDLuffy(MonkeyDLuffy) used a antibiotic 2-9-2021, 5:40:33 PM
MonkeyDLuffy(MonkeyDLuffy) used a antibiotic 2-9-2021, 5:40:33 PM
MonkeyDLuffy(MonkeyDLuffy) used a modern_sub_machine_gun_carbine 2-9-2021, 5:42:11 PM
MonkeyDLuffy(MonkeyDLuffy) used a fnminimilight 2-9-2021, 5:42:18 PM
MonkeyDLuffy(MonkeyDLuffy) used a taser 2-9-2021, 5:42:34 PM
MonkeyDLuffy(MonkeyDLuffy) used a gp30 2-9-2021, 5:42:42 PM
MonkeyDLuffy(MonkeyDLuffy) used a rpg7 2-9-2021, 5:42:52 PM
MonkeyDLuffy(MonkeyDLuffy) used a hand_cannon 2-9-2021, 5:43:00 PM
MonkeyDLuffy(MonkeyDLuffy) used a shield 2-9-2021, 5:44:16 PM
MonkeyDLuffy(MonkeyDLuffy) used a antibiotic 2-9-2021, 5:44:17 PM
MonkeyDLuffy(MonkeyDLuffy) used a antibiotic 2-9-2021, 5:44:17 PM
MonkeyDLuffy(MonkeyDLuffy) used a shield 2-9-2021, 5:44:32 PM
MonkeyDLuffy(MonkeyDLuffy) used a antibiotic 2-9-2021, 5:44:33 PM
MonkeyDLuffy(MonkeyDLuffy) used a antibiotic 2-9-2021, 5:44:33 PM
MonkeyDLuffy(MonkeyDLuffy) used a antibiotic 2-9-2021, 5:44:37 PM
MonkeyDLuffy(MonkeyDLuffy) used a antibiotic 2-9-2021, 5:44:38 PM
MonkeyDLuffy(MonkeyDLuffy) used a antibiotic 2-9-2021, 5:44:38 PM
MonkeyDLuffy(MonkeyDLuffy) used a dead_wolf 2-9-2021, 5:46:52 PM
MonkeyDLuffy(MonkeyDLuffy) used a dead_wolf 2-9-2021, 5:46:53 PM
MonkeyDLuffy(MonkeyDLuffy) used a dead_wolf 2-9-2021, 5:46:53 PM
MonkeyDLuffy(MonkeyDLuffy) used a dead_wolf 2-9-2021, 5:46:54 PM
MonkeyDLuffy(MonkeyDLuffy) used a dead_wolf 2-9-2021, 5:46:54 PM
MonkeyDLuffy(MonkeyDLuffy) used a dead_wolf 2-9-2021, 5:46:54 PM
MonkeyDLuffy(MonkeyDLuffy) used a dead_wolf 2-9-2021, 5:46:55 PM
MonkeyDLuffy(MonkeyDLuffy) used a dead_wolf 2-9-2021, 5:46:55 PM
MonkeyDLuffy(MonkeyDLuffy) used a dead_wolf 2-9-2021, 5:46:55 PM
MonkeyDLuffy(MonkeyDLuffy) used a dead_wolf 2-9-2021, 5:46:55 PM
MonkeyDLuffy(MonkeyDLuffy) used a dead_wolf 2-9-2021, 5:46:56 PM
MonkeyDLuffy(MonkeyDLuffy) used a dead_wolf 2-9-2021, 5:47:07 PM
MonkeyDLuffy(MonkeyDLuffy) used a dead_wolf 2-9-2021, 5:47:08 PM
MonkeyDLuffy(MonkeyDLuffy) used a dead_wolf 2-9-2021, 5:47:08 PM
MonkeyDLuffy(MonkeyDLuffy) used a dead_wolf 2-9-2021, 5:47:08 PM
MonkeyDLuffy(MonkeyDLuffy) used a dead_wolf 2-9-2021, 5:47:09 PM
MonkeyDLuffy(MonkeyDLuffy) used a dead_wolf 2-9-2021, 5:47:09 PM
MonkeyDLuffy(MonkeyDLuffy) used a dead_wolf 2-9-2021, 5:47:09 PM
MonkeyDLuffy(MonkeyDLuffy) used a dead_wolf 2-9-2021, 5:47:09 PM
MonkeyDLuffy(MonkeyDLuffy) used a dead_wolf 2-9-2021, 5:47:10 PM
MonkeyDLuffy(MonkeyDLuffy) used a dead_wolf 2-9-2021, 5:47:10 PM
MonkeyDLuffy(MonkeyDLuffy) used a dead_wolf 2-9-2021, 5:47:10 PM
MonkeyDLuffy(MonkeyDLuffy) used a dead_wolf 2-9-2021, 5:47:10 PM
MonkeyDLuffy(MonkeyDLuffy) used a dead_wolf 2-9-2021, 5:47:11 PM
MonkeyDLuffy(MonkeyDLuffy) used a dead_wolf 2-9-2021, 5:47:11 PM
MonkeyDLuffy(MonkeyDLuffy) used a dead_wolf 2-9-2021, 5:47:11 PM
MonkeyDLuffy(MonkeyDLuffy) used a dead_wolf 2-9-2021, 5:47:12 PM
MonkeyDLuffy(MonkeyDLuffy) used a dead_wolf 2-9-2021, 5:47:15 PM
MonkeyDLuffy(MonkeyDLuffy) used a dead_wolf 2-9-2021, 5:47:16 PM
MonkeyDLuffy(MonkeyDLuffy) used a dead_wolf 2-9-2021, 5:47:16 PM
MonkeyDLuffy(MonkeyDLuffy) used a dead_wolf 2-9-2021, 5:47:16 PM
MonkeyDLuffy(MonkeyDLuffy) used a dead_wolf 2-9-2021, 5:47:16 PM
MonkeyDLuffy(MonkeyDLuffy) used a dead_wolf 2-9-2021, 5:47:20 PM
MonkeyDLuffy(MonkeyDLuffy) used a dead_wolf 2-9-2021, 5:47:20 PM
MonkeyDLuffy(MonkeyDLuffy) used a dead_wolf 2-9-2021, 5:47:21 PM
MonkeyDLuffy(MonkeyDLuffy) used a dead_wolf 2-9-2021, 5:47:21 PM
MonkeyDLuffy(MonkeyDLuffy) used a dead_wolf 2-9-2021, 5:47:21 PM
MonkeyDLuffy(MonkeyDLuffy) used a dead_wolf 2-9-2021, 5:47:22 PM
MonkeyDLuffy(MonkeyDLuffy) used a dead_wolf 2-9-2021, 5:47:22 PM
MonkeyDLuffy(MonkeyDLuffy) used a dead_wolf 2-9-2021, 5:47:22 PM
MonkeyDLuffy(MonkeyDLuffy) used a dead_wolf 2-9-2021, 5:47:22 PM
MonkeyDLuffy(MonkeyDLuffy) used a dead_wolf 2-9-2021, 5:47:23 PM
MonkeyDLuffy(MonkeyDLuffy) used a dead_wolf 2-9-2021, 5:47:23 PM
MonkeyDLuffy(MonkeyDLuffy) used a dead_wolf 2-9-2021, 5:47:23 PM
MonkeyDLuffy(MonkeyDLuffy) used a dead_wolf 2-9-2021, 5:47:24 PM
MonkeyDLuffy(MonkeyDLuffy) used a dead_wolf 2-9-2021, 5:47:24 PM
MonkeyDLuffy(MonkeyDLuffy) used a dead_wolf 2-9-2021, 5:47:24 PM
MonkeyDLuffy(MonkeyDLuffy) used a dead_wolf 2-9-2021, 5:47:24 PM
MonkeyDLuffy(MonkeyDLuffy) used a dead_wolf 2-9-2021, 5:47:24 PM
MonkeyDLuffy(MonkeyDLuffy) used a dead_wolf 2-9-2021, 5:47:25 PM
MonkeyDLuffy(MonkeyDLuffy) used a dead_wolf 2-9-2021, 5:47:25 PM
MonkeyDLuffy(MonkeyDLuffy) used a dead_wolf 2-9-2021, 5:47:25 PM
MonkeyDLuffy(MonkeyDLuffy) used a dead_wolf 2-9-2021, 5:47:25 PM
MonkeyDLuffy(MonkeyDLuffy) used a dead_wolf 2-9-2021, 5:47:26 PM
MonkeyDLuffy(MonkeyDLuffy) used a dead_wolf 2-9-2021, 5:47:26 PM
MonkeyDLuffy(MonkeyDLuffy) used a dead_wolf 2-9-2021, 5:47:26 PM
MonkeyDLuffy(MonkeyDLuffy) used a dead_wolf 2-9-2021, 5:47:26 PM
MonkeyDLuffy(MonkeyDLuffy) used a dead_wolf 2-9-2021, 5:47:27 PM
MonkeyDLuffy(MonkeyDLuffy) used a dead_wolf 2-9-2021, 5:47:27 PM
MonkeyDLuffy(MonkeyDLuffy) used a dead_wolf 2-9-2021, 5:47:27 PM
MonkeyDLuffy(MonkeyDLuffy) used a dead_wolf 2-9-2021, 5:47:28 PM
MonkeyDLuffy(MonkeyDLuffy) used a dead_wolf 2-9-2021, 5:47:28 PM
MonkeyDLuffy(MonkeyDLuffy) used a dead_wolf 2-9-2021, 5:47:28 PM
MonkeyDLuffy(MonkeyDLuffy) used a dead_wolf 2-9-2021, 5:47:28 PM
MonkeyDLuffy(MonkeyDLuffy) used a dead_wolf 2-9-2021, 5:47:28 PM
MonkeyDLuffy(MonkeyDLuffy) used a dead_wolf 2-9-2021, 5:47:29 PM
MonkeyDLuffy(MonkeyDLuffy) used a dead_wolf 2-9-2021, 5:47:29 PM
MonkeyDLuffy(MonkeyDLuffy) used a dead_wolf 2-9-2021, 5:47:29 PM
MonkeyDLuffy(MonkeyDLuffy) used a dead_wolf 2-9-2021, 5:47:29 PM
MonkeyDLuffy(MonkeyDLuffy) used a dead_wolf 2-9-2021, 5:47:30 PM
MonkeyDLuffy(MonkeyDLuffy) used a dead_wolf 2-9-2021, 5:47:30 PM
MonkeyDLuffy(MonkeyDLuffy) used a dead_wolf 2-9-2021, 5:47:30 PM
MonkeyDLuffy(MonkeyDLuffy) used a dead_wolf 2-9-2021, 5:47:30 PM
MonkeyDLuffy(MonkeyDLuffy) used a dead_wolf 2-9-2021, 5:47:30 PM
MonkeyDLuffy(MonkeyDLuffy) used a dead_wolf 2-9-2021, 5:47:31 PM
MonkeyDLuffy(MonkeyDLuffy) used a dead_wolf 2-9-2021, 5:47:31 PM
MonkeyDLuffy(MonkeyDLuffy) used a dead_wolf 2-9-2021, 5:47:31 PM
MonkeyDLuffy(MonkeyDLuffy) used a dead_wolf 2-9-2021, 5:47:31 PM
MonkeyDLuffy(MonkeyDLuffy) used a dead_wolf 2-9-2021, 5:47:31 PM
MonkeyDLuffy(MonkeyDLuffy) used a dead_wolf 2-9-2021, 5:47:31 PM
MonkeyDLuffy(MonkeyDLuffy) used a dead_wolf 2-9-2021, 5:47:32 PM
MonkeyDLuffy(MonkeyDLuffy) used a dead_wolf 2-9-2021, 5:47:32 PM
MonkeyDLuffy(MonkeyDLuffy) used a dead_wolf 2-9-2021, 5:47:32 PM
MonkeyDLuffy(MonkeyDLuffy) used a dead_wolf 2-9-2021, 5:47:32 PM
MonkeyDLuffy(MonkeyDLuffy) used a dead_wolf 2-9-2021, 5:47:32 PM
MonkeyDLuffy(MonkeyDLuffy) used a dead_wolf 2-9-2021, 5:47:33 PM
MonkeyDLuffy(MonkeyDLuffy) used a dead_wolf 2-9-2021, 5:47:33 PM
MonkeyDLuffy(MonkeyDLuffy) used a dead_wolf 2-9-2021, 5:47:33 PM
MonkeyDLuffy(MonkeyDLuffy) used a dead_wolf 2-9-2021, 5:47:33 PM
MonkeyDLuffy(MonkeyDLuffy) used a dead_wolf 2-9-2021, 5:47:33 PM
MonkeyDLuffy(MonkeyDLuffy) used a dead_wolf 2-9-2021, 5:47:34 PM
MonkeyDLuffy(MonkeyDLuffy) used a dead_goat 2-9-2021, 5:47:40 PM
MonkeyDLuffy(MonkeyDLuffy) used a dead_goat 2-9-2021, 5:47:41 PM
MonkeyDLuffy(MonkeyDLuffy) used a dead_goat 2-9-2021, 5:47:41 PM
MonkeyDLuffy(MonkeyDLuffy) used a dead_goat 2-9-2021, 5:47:41 PM
MonkeyDLuffy(MonkeyDLuffy) used a shield 2-9-2021, 5:47:43 PM
MonkeyDLuffy(MonkeyDLuffy) used a antibiotic 2-9-2021, 5:47:43 PM
MonkeyDLuffy(MonkeyDLuffy) used a antibiotic 2-9-2021, 5:47:44 PM
MonkeyDLuffy(MonkeyDLuffy) used a dead_goat 2-9-2021, 5:47:45 PM
MonkeyDLuffy(MonkeyDLuffy) used a dead_goat 2-9-2021, 5:47:46 PM
MonkeyDLuffy(MonkeyDLuffy) used a dead_goat 2-9-2021, 5:47:46 PM
MonkeyDLuffy(MonkeyDLuffy) used a dead_goat 2-9-2021, 5:47:46 PM
MonkeyDLuffy(MonkeyDLuffy) used a dead_goat 2-9-2021, 5:47:46 PM
MonkeyDLuffy(MonkeyDLuffy) used a dead_goat 2-9-2021, 5:47:47 PM
MonkeyDLuffy(MonkeyDLuffy) used a dead_goat 2-9-2021, 5:47:47 PM
MonkeyDLuffy(MonkeyDLuffy) used a dead_goat 2-9-2021, 5:47:47 PM
MonkeyDLuffy(MonkeyDLuffy) used a dead_goat 2-9-2021, 5:47:47 PM
MonkeyDLuffy(MonkeyDLuffy) used a dead_goat 2-9-2021, 5:47:48 PM
MonkeyDLuffy(MonkeyDLuffy) used a dead_goat 2-9-2021, 5:47:49 PM
MonkeyDLuffy(MonkeyDLuffy) used a dead_goat 2-9-2021, 5:47:49 PM
MonkeyDLuffy(MonkeyDLuffy) used a dead_goat 2-9-2021, 5:47:49 PM
MonkeyDLuffy(MonkeyDLuffy) used a dead_goat 2-9-2021, 5:47:49 PM
MonkeyDLuffy(MonkeyDLuffy) used a dead_goat 2-9-2021, 5:47:50 PM
MonkeyDLuffy(MonkeyDLuffy) used a dead_goat 2-9-2021, 5:47:50 PM
MonkeyDLuffy(MonkeyDLuffy) used a dead_goat 2-9-2021, 5:47:50 PM
MonkeyDLuffy(MonkeyDLuffy) used a dead_goat 2-9-2021, 5:47:50 PM
MonkeyDLuffy(MonkeyDLuffy) used a dead_goat 2-9-2021, 5:47:51 PM
MonkeyDLuffy(MonkeyDLuffy) used a dead_goat 2-9-2021, 5:47:51 PM
MonkeyDLuffy(MonkeyDLuffy) used a dead_goat 2-9-2021, 5:47:51 PM
MonkeyDLuffy(MonkeyDLuffy) used a dead_goat 2-9-2021, 5:47:51 PM
MonkeyDLuffy(MonkeyDLuffy) used a dead_goat 2-9-2021, 5:47:52 PM
MonkeyDLuffy(MonkeyDLuffy) used a dead_goat 2-9-2021, 5:47:52 PM
MonkeyDLuffy(MonkeyDLuffy) used a dead_goat 2-9-2021, 5:47:52 PM
MonkeyDLuffy(MonkeyDLuffy) used a dead_goat 2-9-2021, 5:47:53 PM
MonkeyDLuffy(MonkeyDLuffy) used a dead_goat 2-9-2021, 5:47:53 PM
MonkeyDLuffy(MonkeyDLuffy) used a dead_goat 2-9-2021, 5:47:53 PM
MonkeyDLuffy(MonkeyDLuffy) used a dead_goat 2-9-2021, 5:47:53 PM
MonkeyDLuffy(MonkeyDLuffy) used a dead_goat 2-9-2021, 5:47:54 PM
MonkeyDLuffy(MonkeyDLuffy) used a dead_goat 2-9-2021, 5:47:58 PM
MonkeyDLuffy(MonkeyDLuffy) used a skinned_goat 2-9-2021, 5:48:09 PM
MonkeyDLuffy(MonkeyDLuffy) used a skinned_goat 2-9-2021, 5:48:09 PM
MonkeyDLuffy(MonkeyDLuffy) used a skinned_goat 2-9-2021, 5:48:10 PM
MonkeyDLuffy(MonkeyDLuffy) used a skinned_goat 2-9-2021, 5:48:10 PM
MonkeyDLuffy(MonkeyDLuffy) used a skinned_goat 2-9-2021, 5:48:10 PM
MonkeyDLuffy(MonkeyDLuffy) used a skinned_goat 2-9-2021, 5:48:10 PM
MonkeyDLuffy(MonkeyDLuffy) used a skinned_goat 2-9-2021, 5:48:10 PM
MonkeyDLuffy(MonkeyDLuffy) used a skinned_goat 2-9-2021, 5:48:11 PM
MonkeyDLuffy(MonkeyDLuffy) used a skinned_goat 2-9-2021, 5:48:11 PM
MonkeyDLuffy(MonkeyDLuffy) used a skinned_goat 2-9-2021, 5:48:11 PM
MonkeyDLuffy(MonkeyDLuffy) used a skinned_goat 2-9-2021, 5:48:11 PM
MonkeyDLuffy(MonkeyDLuffy) used a skinned_goat 2-9-2021, 5:48:12 PM
MonkeyDLuffy(MonkeyDLuffy) used a skinned_goat 2-9-2021, 5:48:12 PM
MonkeyDLuffy(MonkeyDLuffy) used a skinned_goat 2-9-2021, 5:48:12 PM
MonkeyDLuffy(MonkeyDLuffy) used a skinned_goat 2-9-2021, 5:48:12 PM
MonkeyDLuffy(MonkeyDLuffy) used a skinned_goat 2-9-2021, 5:48:13 PM
MonkeyDLuffy(MonkeyDLuffy) used a skinned_goat 2-9-2021, 5:48:13 PM
MonkeyDLuffy(MonkeyDLuffy) used a skinned_goat 2-9-2021, 5:48:13 PM
MonkeyDLuffy(MonkeyDLuffy) used a skinned_goat 2-9-2021, 5:48:13 PM
MonkeyDLuffy(MonkeyDLuffy) used a skinned_goat 2-9-2021, 5:48:13 PM
MonkeyDLuffy(MonkeyDLuffy) used a skinned_goat 2-9-2021, 5:48:14 PM
MonkeyDLuffy(MonkeyDLuffy) used a skinned_goat 2-9-2021, 5:48:14 PM
MonkeyDLuffy(MonkeyDLuffy) used a skinned_goat 2-9-2021, 5:48:14 PM
MonkeyDLuffy(MonkeyDLuffy) used a skinned_goat 2-9-2021, 5:48:14 PM
MonkeyDLuffy(MonkeyDLuffy) used a skinned_goat 2-9-2021, 5:48:15 PM
MonkeyDLuffy(MonkeyDLuffy) used a shield 2-9-2021, 5:48:16 PM
MonkeyDLuffy(MonkeyDLuffy) used a antibiotic 2-9-2021, 5:48:16 PM
MonkeyDLuffy(MonkeyDLuffy) used a antibiotic 2-9-2021, 5:48:16 PM
MonkeyDLuffy(MonkeyDLuffy) used a skinned_goat 2-9-2021, 5:48:18 PM
MonkeyDLuffy(MonkeyDLuffy) used a skinned_goat 2-9-2021, 5:48:18 PM
MonkeyDLuffy(MonkeyDLuffy) used a skinned_goat 2-9-2021, 5:48:18 PM
MonkeyDLuffy(MonkeyDLuffy) used a skinned_goat 2-9-2021, 5:48:18 PM
MonkeyDLuffy(MonkeyDLuffy) used a skinned_goat 2-9-2021, 5:48:19 PM
MonkeyDLuffy(MonkeyDLuffy) used a skinned_goat 2-9-2021, 5:48:19 PM
MonkeyDLuffy(MonkeyDLuffy) used a skinned_goat 2-9-2021, 5:48:19 PM
MonkeyDLuffy(MonkeyDLuffy) used a skinned_goat 2-9-2021, 5:48:19 PM
MonkeyDLuffy(MonkeyDLuffy) used a skinned_goat 2-9-2021, 5:48:20 PM
MonkeyDLuffy(MonkeyDLuffy) used a skinned_goat 2-9-2021, 5:48:20 PM
MonkeyDLuffy(MonkeyDLuffy) used a skinned_goat 2-9-2021, 5:48:20 PM
MonkeyDLuffy(MonkeyDLuffy) used a skinned_goat 2-9-2021, 5:48:20 PM
MonkeyDLuffy(MonkeyDLuffy) used a skinned_goat 2-9-2021, 5:48:20 PM
MonkeyDLuffy(MonkeyDLuffy) used a skinned_goat 2-9-2021, 5:48:21 PM
MonkeyDLuffy(MonkeyDLuffy) used a skinned_goat 2-9-2021, 5:48:21 PM
MonkeyDLuffy(MonkeyDLuffy) used a skinned_goat 2-9-2021, 5:48:21 PM
MonkeyDLuffy(MonkeyDLuffy) used a skinned_goat 2-9-2021, 5:48:21 PM
MonkeyDLuffy(MonkeyDLuffy) used a skinned_goat 2-9-2021, 5:48:22 PM
MonkeyDLuffy(MonkeyDLuffy) used a skinned_goat 2-9-2021, 5:48:22 PM
MonkeyDLuffy(MonkeyDLuffy) used a skinned_goat 2-9-2021, 5:48:22 PM
MonkeyDLuffy(MonkeyDLuffy) used a skinned_goat 2-9-2021, 5:48:22 PM
MonkeyDLuffy(MonkeyDLuffy) used a skinned_goat 2-9-2021, 5:48:23 PM
MonkeyDLuffy(MonkeyDLuffy) used a skinned_goat 2-9-2021, 5:48:23 PM
MonkeyDLuffy(MonkeyDLuffy) used a skinned_goat 2-9-2021, 5:48:23 PM
MonkeyDLuffy(MonkeyDLuffy) used a skinned_goat 2-9-2021, 5:48:23 PM
MonkeyDLuffy(MonkeyDLuffy) used a skinned_goat 2-9-2021, 5:48:24 PM
MonkeyDLuffy(MonkeyDLuffy) used a skinned_goat 2-9-2021, 5:48:24 PM
MonkeyDLuffy(MonkeyDLuffy) used a skinned_goat 2-9-2021, 5:48:24 PM
MonkeyDLuffy(MonkeyDLuffy) used a skinned_goat 2-9-2021, 5:48:24 PM
MonkeyDLuffy(MonkeyDLuffy) used a skinned_goat 2-9-2021, 5:48:25 PM
MonkeyDLuffy(MonkeyDLuffy) used a skinned_goat 2-9-2021, 5:48:25 PM
MonkeyDLuffy(MonkeyDLuffy) used a skinned_goat 2-9-2021, 5:48:25 PM
MonkeyDLuffy(MonkeyDLuffy) used a skinned_goat 2-9-2021, 5:48:25 PM
MonkeyDLuffy(MonkeyDLuffy) used a skinned_goat 2-9-2021, 5:48:26 PM
MonkeyDLuffy(MonkeyDLuffy) used a skinned_goat 2-9-2021, 5:48:26 PM
MonkeyDLuffy(MonkeyDLuffy) used a skinned_goat 2-9-2021, 5:48:26 PM
MonkeyDLuffy(MonkeyDLuffy) used a skinned_goat 2-9-2021, 5:48:26 PM
MonkeyDLuffy(MonkeyDLuffy) used a skinned_goat 2-9-2021, 5:48:27 PM
MonkeyDLuffy(MonkeyDLuffy) used a skinned_goat 2-9-2021, 5:48:27 PM
MonkeyDLuffy(MonkeyDLuffy) used a skinned_goat 2-9-2021, 5:48:27 PM
MonkeyDLuffy(MonkeyDLuffy) used a skinned_goat 2-9-2021, 5:48:27 PM
MonkeyDLuffy(MonkeyDLuffy) used a skinned_goat 2-9-2021, 5:48:28 PM
MonkeyDLuffy(MonkeyDLuffy) used a skinned_goat 2-9-2021, 5:48:28 PM
MonkeyDLuffy(MonkeyDLuffy) used a skinned_goat 2-9-2021, 5:48:28 PM
MonkeyDLuffy(MonkeyDLuffy) used a skinned_goat 2-9-2021, 5:48:28 PM
MonkeyDLuffy(MonkeyDLuffy) used a skinned_goat 2-9-2021, 5:48:29 PM
MonkeyDLuffy(MonkeyDLuffy) used a skinned_goat 2-9-2021, 5:48:29 PM
MonkeyDLuffy(MonkeyDLuffy) used a skinned_goat 2-9-2021, 5:48:29 PM
MonkeyDLuffy(MonkeyDLuffy) used a skinned_goat 2-9-2021, 5:48:29 PM
MonkeyDLuffy(MonkeyDLuffy) used a skinned_goat 2-9-2021, 5:48:30 PM
MonkeyDLuffy(MonkeyDLuffy) used a skinned_goat 2-9-2021, 5:48:30 PM
MonkeyDLuffy(MonkeyDLuffy) used a skinned_goat 2-9-2021, 5:48:30 PM
MonkeyDLuffy(MonkeyDLuffy) used a skinned_goat 2-9-2021, 5:48:30 PM
MonkeyDLuffy(MonkeyDLuffy) used a skinned_goat 2-9-2021, 5:48:31 PM
MonkeyDLuffy(MonkeyDLuffy) used a skinned_goat 2-9-2021, 5:48:31 PM
MonkeyDLuffy(MonkeyDLuffy) used a skinned_goat 2-9-2021, 5:48:31 PM
MonkeyDLuffy(MonkeyDLuffy) used a skinned_goat 2-9-2021, 5:48:31 PM
MonkeyDLuffy(MonkeyDLuffy) used a skinned_goat 2-9-2021, 5:48:32 PM
MonkeyDLuffy(MonkeyDLuffy) used a skinned_goat 2-9-2021, 5:48:32 PM
MonkeyDLuffy(MonkeyDLuffy) used a skinned_goat 2-9-2021, 5:48:32 PM
MonkeyDLuffy(MonkeyDLuffy) used a skinned_goat 2-9-2021, 5:48:32 PM
MonkeyDLuffy(MonkeyDLuffy) used a skinned_goat 2-9-2021, 5:48:33 PM
MonkeyDLuffy(MonkeyDLuffy) used a skinned_goat 2-9-2021, 5:48:33 PM
MonkeyDLuffy(MonkeyDLuffy) used a skinned_goat 2-9-2021, 5:48:33 PM
MonkeyDLuffy(MonkeyDLuffy) used a skinned_goat 2-9-2021, 5:48:33 PM
MonkeyDLuffy(MonkeyDLuffy) used a skinned_goat 2-9-2021, 5:48:34 PM
MonkeyDLuffy(MonkeyDLuffy) used a skinned_goat 2-9-2021, 5:48:34 PM
MonkeyDLuffy(MonkeyDLuffy) used a skinned_goat 2-9-2021, 5:48:34 PM
MonkeyDLuffy(MonkeyDLuffy) used a skinned_goat 2-9-2021, 5:49:00 PM
MonkeyDLuffy(MonkeyDLuffy) used a skinned_wolf 2-9-2021, 5:49:35 PM
MonkeyDLuffy(MonkeyDLuffy) used a skinned_wolf 2-9-2021, 5:49:35 PM
MonkeyDLuffy(MonkeyDLuffy) used a skinned_wolf 2-9-2021, 5:49:35 PM
MonkeyDLuffy(MonkeyDLuffy) used a skinned_wolf 2-9-2021, 5:49:36 PM
MonkeyDLuffy(MonkeyDLuffy) used a skinned_wolf 2-9-2021, 5:49:37 PM
MonkeyDLuffy(MonkeyDLuffy) used a skinned_wolf 2-9-2021, 5:49:37 PM
MonkeyDLuffy(MonkeyDLuffy) used a skinned_wolf 2-9-2021, 5:49:38 PM
MonkeyDLuffy(MonkeyDLuffy) used a skinned_wolf 2-9-2021, 5:49:38 PM
MonkeyDLuffy(MonkeyDLuffy) used a skinned_wolf 2-9-2021, 5:49:38 PM
MonkeyDLuffy(MonkeyDLuffy) used a skinned_wolf 2-9-2021, 5:49:39 PM
MonkeyDLuffy(MonkeyDLuffy) used a skinned_wolf 2-9-2021, 5:49:39 PM
MonkeyDLuffy(MonkeyDLuffy) used a skinned_wolf 2-9-2021, 5:49:39 PM
MonkeyDLuffy(MonkeyDLuffy) used a skinned_wolf 2-9-2021, 5:49:39 PM
MonkeyDLuffy(MonkeyDLuffy) used a skinned_wolf 2-9-2021, 5:49:40 PM
MonkeyDLuffy(MonkeyDLuffy) used a skinned_wolf 2-9-2021, 5:49:40 PM
MonkeyDLuffy(MonkeyDLuffy) used a skinned_wolf 2-9-2021, 5:49:40 PM
MonkeyDLuffy(MonkeyDLuffy) used a skinned_wolf 2-9-2021, 5:49:40 PM
MonkeyDLuffy(MonkeyDLuffy) used a skinned_wolf 2-9-2021, 5:49:41 PM
MonkeyDLuffy(MonkeyDLuffy) used a skinned_wolf 2-9-2021, 5:49:41 PM
MonkeyDLuffy(MonkeyDLuffy) used a skinned_wolf 2-9-2021, 5:49:41 PM
MonkeyDLuffy(MonkeyDLuffy) used a skinned_wolf 2-9-2021, 5:49:41 PM
MonkeyDLuffy(MonkeyDLuffy) used a skinned_wolf 2-9-2021, 5:49:42 PM
MonkeyDLuffy(MonkeyDLuffy) used a skinned_wolf 2-9-2021, 5:49:42 PM
MonkeyDLuffy(MonkeyDLuffy) used a skinned_wolf 2-9-2021, 5:49:42 PM
MonkeyDLuffy(MonkeyDLuffy) used a skinned_wolf 2-9-2021, 5:49:52 PM
MonkeyDLuffy(MonkeyDLuffy) used a skinned_wolf 2-9-2021, 5:49:52 PM
MonkeyDLuffy(MonkeyDLuffy) used a skinned_wolf 2-9-2021, 5:49:53 PM
MonkeyDLuffy(MonkeyDLuffy) used a skinned_wolf 2-9-2021, 5:49:53 PM
MonkeyDLuffy(MonkeyDLuffy) used a skinned_wolf 2-9-2021, 5:49:53 PM
MonkeyDLuffy(MonkeyDLuffy) used a skinned_wolf 2-9-2021, 5:49:54 PM
MonkeyDLuffy(MonkeyDLuffy) used a skinned_wolf 2-9-2021, 5:49:54 PM
MonkeyDLuffy(MonkeyDLuffy) used a skinned_wolf 2-9-2021, 5:49:56 PM
MonkeyDLuffy(MonkeyDLuffy) used a skinned_wolf 2-9-2021, 5:49:57 PM
MonkeyDLuffy(MonkeyDLuffy) used a skinned_wolf 2-9-2021, 5:49:57 PM
MonkeyDLuffy(MonkeyDLuffy) used a skinned_wolf 2-9-2021, 5:49:57 PM
MonkeyDLuffy(MonkeyDLuffy) used a skinned_wolf 2-9-2021, 5:49:58 PM
MonkeyDLuffy(MonkeyDLuffy) used a skinned_wolf 2-9-2021, 5:49:58 PM
MonkeyDLuffy(MonkeyDLuffy) used a skinned_wolf 2-9-2021, 5:49:58 PM
MonkeyDLuffy(MonkeyDLuffy) used a skinned_wolf 2-9-2021, 5:49:58 PM
MonkeyDLuffy(MonkeyDLuffy) used a skinned_wolf 2-9-2021, 5:49:58 PM
MonkeyDLuffy(MonkeyDLuffy) used a skinned_wolf 2-9-2021, 5:49:59 PM
MonkeyDLuffy(MonkeyDLuffy) used a skinned_wolf 2-9-2021, 5:49:59 PM
MonkeyDLuffy(MonkeyDLuffy) used a skinned_wolf 2-9-2021, 5:49:59 PM
MonkeyDLuffy(MonkeyDLuffy) used a skinned_wolf 2-9-2021, 5:49:59 PM
MonkeyDLuffy(MonkeyDLuffy) used a skinned_wolf 2-9-2021, 5:50:00 PM
MonkeyDLuffy(MonkeyDLuffy) used a skinned_wolf 2-9-2021, 5:50:00 PM
MonkeyDLuffy(MonkeyDLuffy) used a skinned_wolf 2-9-2021, 5:50:00 PM
MonkeyDLuffy(MonkeyDLuffy) used a skinned_wolf 2-9-2021, 5:50:00 PM
MonkeyDLuffy(MonkeyDLuffy) used a skinned_wolf 2-9-2021, 5:50:01 PM
MonkeyDLuffy(MonkeyDLuffy) used a skinned_wolf 2-9-2021, 5:50:01 PM
MonkeyDLuffy(MonkeyDLuffy) used a skinned_wolf 2-9-2021, 5:50:01 PM
MonkeyDLuffy(MonkeyDLuffy) used a skinned_wolf 2-9-2021, 5:50:01 PM
MonkeyDLuffy(MonkeyDLuffy) used a skinned_wolf 2-9-2021, 5:50:02 PM
MonkeyDLuffy(MonkeyDLuffy) used a skinned_wolf 2-9-2021, 5:50:02 PM
MonkeyDLuffy(MonkeyDLuffy) used a skinned_wolf 2-9-2021, 5:50:05 PM
MonkeyDLuffy(MonkeyDLuffy) used a skinned_wolf 2-9-2021, 5:50:05 PM
MonkeyDLuffy(MonkeyDLuffy) used a skinned_wolf 2-9-2021, 5:50:05 PM
MonkeyDLuffy(MonkeyDLuffy) used a skinned_wolf 2-9-2021, 5:50:06 PM
MonkeyDLuffy(MonkeyDLuffy) used a skinned_wolf 2-9-2021, 5:50:06 PM
MonkeyDLuffy(MonkeyDLuffy) used a skinned_wolf 2-9-2021, 5:50:06 PM
MonkeyDLuffy(MonkeyDLuffy) used a skinned_wolf 2-9-2021, 5:50:06 PM
MonkeyDLuffy(MonkeyDLuffy) used a skinned_wolf 2-9-2021, 5:50:07 PM
MonkeyDLuffy(MonkeyDLuffy) used a skinned_wolf 2-9-2021, 5:50:07 PM
MonkeyDLuffy(MonkeyDLuffy) used a skinned_wolf 2-9-2021, 5:50:07 PM
MonkeyDLuffy(MonkeyDLuffy) used a skinned_wolf 2-9-2021, 5:50:07 PM
MonkeyDLuffy(MonkeyDLuffy) used a skinned_wolf 2-9-2021, 5:50:08 PM
MonkeyDLuffy(MonkeyDLuffy) used a skinned_wolf 2-9-2021, 5:50:08 PM
MonkeyDLuffy(MonkeyDLuffy) used a skinned_wolf 2-9-2021, 5:50:08 PM
MonkeyDLuffy(MonkeyDLuffy) used a skinned_wolf 2-9-2021, 5:50:08 PM
MonkeyDLuffy(MonkeyDLuffy) used a skinned_wolf 2-9-2021, 5:50:09 PM
MonkeyDLuffy(MonkeyDLuffy) used a skinned_wolf 2-9-2021, 5:50:09 PM
MonkeyDLuffy(MonkeyDLuffy) used a skinned_wolf 2-9-2021, 5:50:09 PM
MonkeyDLuffy(MonkeyDLuffy) used a skinned_wolf 2-9-2021, 5:50:09 PM
MonkeyDLuffy(MonkeyDLuffy) used a skinned_wolf 2-9-2021, 5:50:10 PM
MonkeyDLuffy(MonkeyDLuffy) used a skinned_wolf 2-9-2021, 5:50:10 PM
MonkeyDLuffy(MonkeyDLuffy) used a skinned_wolf 2-9-2021, 5:50:10 PM
MonkeyDLuffy(MonkeyDLuffy) used a skinned_wolf 2-9-2021, 5:50:11 PM
MonkeyDLuffy(MonkeyDLuffy) used a skinned_wolf 2-9-2021, 5:50:11 PM
MonkeyDLuffy(MonkeyDLuffy) used a skinned_wolf 2-9-2021, 5:50:11 PM
MonkeyDLuffy(MonkeyDLuffy) used a skinned_wolf 2-9-2021, 5:50:11 PM
MonkeyDLuffy(MonkeyDLuffy) used a skinned_wolf 2-9-2021, 5:50:12 PM
MonkeyDLuffy(MonkeyDLuffy) used a skinned_wolf 2-9-2021, 5:50:12 PM
MonkeyDLuffy(MonkeyDLuffy) used a skinned_wolf 2-9-2021, 5:50:12 PM
MonkeyDLuffy(MonkeyDLuffy) used a skinned_wolf 2-9-2021, 5:50:13 PM
MonkeyDLuffy(MonkeyDLuffy) used a skinned_wolf 2-9-2021, 5:50:13 PM
MonkeyDLuffy(MonkeyDLuffy) used a skinned_wolf 2-9-2021, 5:50:13 PM
MonkeyDLuffy(MonkeyDLuffy) used a skinned_wolf 2-9-2021, 5:50:13 PM
MonkeyDLuffy(MonkeyDLuffy) used a skinned_wolf 2-9-2021, 5:50:14 PM
MonkeyDLuffy(MonkeyDLuffy) used a skinned_wolf 2-9-2021, 5:50:14 PM
MonkeyDLuffy(MonkeyDLuffy) used a skinned_wolf 2-9-2021, 5:50:14 PM
MonkeyDLuffy(MonkeyDLuffy) used a skinned_wolf 2-9-2021, 5:50:15 PM
MonkeyDLuffy(MonkeyDLuffy) used a skinned_wolf 2-9-2021, 5:50:15 PM
MonkeyDLuffy(MonkeyDLuffy) used a skinned_wolf 2-9-2021, 5:50:15 PM
MonkeyDLuffy(MonkeyDLuffy) used a skinned_wolf 2-9-2021, 5:50:16 PM
MonkeyDLuffy(MonkeyDLuffy) used a skinned_wolf 2-9-2021, 5:50:16 PM
MonkeyDLuffy(MonkeyDLuffy) used a skinned_wolf 2-9-2021, 5:50:16 PM
MonkeyDLuffy(MonkeyDLuffy) used a skinned_wolf 2-9-2021, 5:50:16 PM
MonkeyDLuffy(MonkeyDLuffy) used a skinned_wolf 2-9-2021, 5:50:17 PM
MonkeyDLuffy(MonkeyDLuffy) used a skinned_wolf 2-9-2021, 5:50:17 PM
MonkeyDLuffy(MonkeyDLuffy) used a skinned_wolf 2-9-2021, 5:50:17 PM
MonkeyDLuffy(MonkeyDLuffy) used a skinned_wolf 2-9-2021, 5:50:17 PM
MonkeyDLuffy(MonkeyDLuffy) used a skinned_wolf 2-9-2021, 5:50:18 PM
MonkeyDLuffy(MonkeyDLuffy) used a skinned_wolf 2-9-2021, 5:50:24 PM
MonkeyDLuffy(MonkeyDLuffy) used a skinned_leopard 2-9-2021, 5:50:40 PM
MonkeyDLuffy(MonkeyDLuffy) used a skinned_leopard 2-9-2021, 5:50:41 PM
MonkeyDLuffy(MonkeyDLuffy) used a skinned_leopard 2-9-2021, 5:50:41 PM
MonkeyDLuffy(MonkeyDLuffy) used a skinned_leopard 2-9-2021, 5:50:41 PM
MonkeyDLuffy(MonkeyDLuffy) used a skinned_leopard 2-9-2021, 5:50:41 PM
MonkeyDLuffy(MonkeyDLuffy) used a skinned_leopard 2-9-2021, 5:50:42 PM
MonkeyDLuffy(MonkeyDLuffy) used a skinned_leopard 2-9-2021, 5:50:42 PM
MonkeyDLuffy(MonkeyDLuffy) used a skinned_leopard 2-9-2021, 5:50:42 PM
MonkeyDLuffy(MonkeyDLuffy) used a skinned_leopard 2-9-2021, 5:50:42 PM
MonkeyDLuffy(MonkeyDLuffy) used a skinned_leopard 2-9-2021, 5:50:43 PM
MonkeyDLuffy(MonkeyDLuffy) used a skinned_leopard 2-9-2021, 5:50:43 PM
MonkeyDLuffy(MonkeyDLuffy) used a skinned_leopard 2-9-2021, 5:50:46 PM
MonkeyDLuffy(MonkeyDLuffy) used a skinned_leopard 2-9-2021, 5:50:46 PM
MonkeyDLuffy(MonkeyDLuffy) used a skinned_leopard 2-9-2021, 5:50:47 PM
MonkeyDLuffy(MonkeyDLuffy) used a skinned_leopard 2-9-2021, 5:50:47 PM
MonkeyDLuffy(MonkeyDLuffy) used a skinned_leopard 2-9-2021, 5:50:47 PM
MonkeyDLuffy(MonkeyDLuffy) used a skinned_leopard 2-9-2021, 5:50:48 PM
MonkeyDLuffy(MonkeyDLuffy) used a skinned_leopard 2-9-2021, 5:50:48 PM
MonkeyDLuffy(MonkeyDLuffy) used a skinned_leopard 2-9-2021, 5:50:48 PM
MonkeyDLuffy(MonkeyDLuffy) used a skinned_leopard 2-9-2021, 5:50:49 PM
MonkeyDLuffy(MonkeyDLuffy) used a skinned_leopard 2-9-2021, 5:50:49 PM
MonkeyDLuffy(MonkeyDLuffy) used a skinned_leopard 2-9-2021, 5:50:49 PM
MonkeyDLuffy(MonkeyDLuffy) used a skinned_leopard 2-9-2021, 5:50:49 PM
MonkeyDLuffy(MonkeyDLuffy) used a skinned_leopard 2-9-2021, 5:50:50 PM
MonkeyDLuffy(MonkeyDLuffy) used a skinned_leopard 2-9-2021, 5:50:50 PM
MonkeyDLuffy(MonkeyDLuffy) used a skinned_leopard 2-9-2021, 5:50:50 PM
MonkeyDLuffy(MonkeyDLuffy) used a skinned_leopard 2-9-2021, 5:50:50 PM
MonkeyDLuffy(MonkeyDLuffy) used a skinned_leopard 2-9-2021, 5:50:51 PM
MonkeyDLuffy(MonkeyDLuffy) used a skinned_leopard 2-9-2021, 5:50:51 PM
MonkeyDLuffy(MonkeyDLuffy) used a skinned_leopard 2-9-2021, 5:50:51 PM
MonkeyDLuffy(MonkeyDLuffy) used a skinned_leopard 2-9-2021, 5:50:51 PM
MonkeyDLuffy(MonkeyDLuffy) used a skinned_leopard 2-9-2021, 5:50:51 PM
MonkeyDLuffy(MonkeyDLuffy) used a skinned_leopard 2-9-2021, 5:50:52 PM
MonkeyDLuffy(MonkeyDLuffy) used a skinned_leopard 2-9-2021, 5:50:52 PM
MonkeyDLuffy(MonkeyDLuffy) used a skinned_leopard 2-9-2021, 5:50:52 PM
MonkeyDLuffy(MonkeyDLuffy) used a skinned_leopard 2-9-2021, 5:50:52 PM
MonkeyDLuffy(MonkeyDLuffy) used a skinned_leopard 2-9-2021, 5:50:53 PM
MonkeyDLuffy(MonkeyDLuffy) used a skinned_leopard 2-9-2021, 5:50:53 PM
MonkeyDLuffy(MonkeyDLuffy) used a skinned_leopard 2-9-2021, 5:50:53 PM
MonkeyDLuffy(MonkeyDLuffy) used a skinned_leopard 2-9-2021, 5:50:53 PM
MonkeyDLuffy(MonkeyDLuffy) used a skinned_leopard 2-9-2021, 5:50:54 PM
MonkeyDLuffy(MonkeyDLuffy) used a skinned_leopard 2-9-2021, 5:50:54 PM
MonkeyDLuffy(MonkeyDLuffy) used a skinned_leopard 2-9-2021, 5:50:54 PM
MonkeyDLuffy(MonkeyDLuffy) used a skinned_leopard 2-9-2021, 5:50:54 PM
MonkeyDLuffy(MonkeyDLuffy) used a skinned_leopard 2-9-2021, 5:50:54 PM
MonkeyDLuffy(MonkeyDLuffy) used a skinned_leopard 2-9-2021, 5:50:55 PM
MonkeyDLuffy(MonkeyDLuffy) used a skinned_leopard 2-9-2021, 5:50:55 PM
MonkeyDLuffy(MonkeyDLuffy) used a skinned_leopard 2-9-2021, 5:50:55 PM
MonkeyDLuffy(MonkeyDLuffy) used a skinned_leopard 2-9-2021, 5:50:55 PM
MonkeyDLuffy(MonkeyDLuffy) used a skinned_leopard 2-9-2021, 5:50:56 PM
MonkeyDLuffy(MonkeyDLuffy) used a skinned_leopard 2-9-2021, 5:50:56 PM
MonkeyDLuffy(MonkeyDLuffy) used a skinned_leopard 2-9-2021, 5:50:56 PM
MonkeyDLuffy(MonkeyDLuffy) used a skinned_leopard 2-9-2021, 5:50:56 PM
MonkeyDLuffy(MonkeyDLuffy) used a skinned_leopard 2-9-2021, 5:50:57 PM
MonkeyDLuffy(MonkeyDLuffy) used a skinned_leopard 2-9-2021, 5:50:57 PM
MonkeyDLuffy(MonkeyDLuffy) used a skinned_leopard 2-9-2021, 5:50:57 PM
MonkeyDLuffy(MonkeyDLuffy) used a skinned_leopard 2-9-2021, 5:50:58 PM
MonkeyDLuffy(MonkeyDLuffy) used a skinned_leopard 2-9-2021, 5:50:58 PM
MonkeyDLuffy(MonkeyDLuffy) used a skinned_leopard 2-9-2021, 5:50:58 PM
MonkeyDLuffy(MonkeyDLuffy) used a skinned_leopard 2-9-2021, 5:50:58 PM
MonkeyDLuffy(MonkeyDLuffy) used a skinned_leopard 2-9-2021, 5:50:59 PM
MonkeyDLuffy(MonkeyDLuffy) used a skinned_leopard 2-9-2021, 5:50:59 PM
MonkeyDLuffy(MonkeyDLuffy) used a skinned_leopard 2-9-2021, 5:51:00 PM
MonkeyDLuffy(MonkeyDLuffy) used a skinned_leopard 2-9-2021, 5:51:00 PM
MonkeyDLuffy(MonkeyDLuffy) used a skinned_leopard 2-9-2021, 5:51:01 PM
MonkeyDLuffy(MonkeyDLuffy) used a skinned_leopard 2-9-2021, 5:51:02 PM
MonkeyDLuffy(MonkeyDLuffy) used a skinned_leopard 2-9-2021, 5:51:02 PM
MonkeyDLuffy(MonkeyDLuffy) used a skinned_leopard 2-9-2021, 5:51:02 PM
MonkeyDLuffy(MonkeyDLuffy) used a skinned_leopard 2-9-2021, 5:51:02 PM
MonkeyDLuffy(MonkeyDLuffy) used a skinned_leopard 2-9-2021, 5:51:02 PM
MonkeyDLuffy(MonkeyDLuffy) used a skinned_leopard 2-9-2021, 5:51:03 PM
MonkeyDLuffy(MonkeyDLuffy) used a skinned_leopard 2-9-2021, 5:51:03 PM
MonkeyDLuffy(MonkeyDLuffy) used a skinned_leopard 2-9-2021, 5:51:03 PM
MonkeyDLuffy(MonkeyDLuffy) used a skinned_leopard 2-9-2021, 5:51:04 PM
MonkeyDLuffy(MonkeyDLuffy) used a skinned_leopard 2-9-2021, 5:51:04 PM
MonkeyDLuffy(MonkeyDLuffy) used a skinned_leopard 2-9-2021, 5:51:04 PM
MonkeyDLuffy(MonkeyDLuffy) used a skinned_leopard 2-9-2021, 5:51:04 PM
MonkeyDLuffy(MonkeyDLuffy) used a skinned_leopard 2-9-2021, 5:51:05 PM
MonkeyDLuffy(MonkeyDLuffy) used a skinned_leopard 2-9-2021, 5:51:05 PM
MonkeyDLuffy(MonkeyDLuffy) used a skinned_leopard 2-9-2021, 5:51:05 PM
MonkeyDLuffy(MonkeyDLuffy) used a skinned_leopard 2-9-2021, 5:51:05 PM
MonkeyDLuffy(MonkeyDLuffy) used a skinned_leopard 2-9-2021, 5:51:06 PM
MonkeyDLuffy(MonkeyDLuffy) used a skinned_leopard 2-9-2021, 5:51:06 PM
MonkeyDLuffy(MonkeyDLuffy) used a skinned_leopard 2-9-2021, 5:51:06 PM
MonkeyDLuffy(MonkeyDLuffy) used a skinned_leopard 2-9-2021, 5:51:06 PM
MonkeyDLuffy(MonkeyDLuffy) used a skinned_leopard 2-9-2021, 5:51:07 PM
MonkeyDLuffy(MonkeyDLuffy) used a skinned_leopard 2-9-2021, 5:51:07 PM
MonkeyDLuffy(MonkeyDLuffy) used a skinned_leopard 2-9-2021, 5:51:07 PM
MonkeyDLuffy(MonkeyDLuffy) used a skinned_leopard 2-9-2021, 5:51:07 PM
MonkeyDLuffy(MonkeyDLuffy) used a skinned_leopard 2-9-2021, 5:51:08 PM
MonkeyDLuffy(MonkeyDLuffy) used a skinned_leopard 2-9-2021, 5:51:08 PM
MonkeyDLuffy(MonkeyDLuffy) used a skinned_leopard 2-9-2021, 5:51:08 PM
MonkeyDLuffy(MonkeyDLuffy) used a skinned_leopard 2-9-2021, 5:51:08 PM
MonkeyDLuffy(MonkeyDLuffy) used a skinned_leopard 2-9-2021, 5:51:08 PM
MonkeyDLuffy(MonkeyDLuffy) used a skinned_leopard 2-9-2021, 5:51:09 PM
MonkeyDLuffy(MonkeyDLuffy) used a skinned_leopard 2-9-2021, 5:51:09 PM
MonkeyDLuffy(MonkeyDLuffy) used a skinned_leopard 2-9-2021, 5:51:09 PM
MonkeyDLuffy(MonkeyDLuffy) used a skinned_leopard 2-9-2021, 5:51:09 PM
MonkeyDLuffy(MonkeyDLuffy) used a skinned_leopard 2-9-2021, 5:51:10 PM
MonkeyDLuffy(MonkeyDLuffy) used a skinned_leopard 2-9-2021, 5:51:10 PM
MonkeyDLuffy(MonkeyDLuffy) used a skinned_leopard 2-9-2021, 5:51:10 PM
MonkeyDLuffy(MonkeyDLuffy) used a skinned_leopard 2-9-2021, 5:51:10 PM
MonkeyDLuffy(MonkeyDLuffy) used a skinned_leopard 2-9-2021, 5:51:11 PM
MonkeyDLuffy(MonkeyDLuffy) used a skinned_leopard 2-9-2021, 5:51:11 PM
MonkeyDLuffy(MonkeyDLuffy) used a skinned_leopard 2-9-2021, 5:51:11 PM
MonkeyDLuffy(MonkeyDLuffy) used a skinned_leopard 2-9-2021, 5:51:11 PM
MonkeyDLuffy(MonkeyDLuffy) used a skinned_leopard 2-9-2021, 5:51:12 PM
MonkeyDLuffy(MonkeyDLuffy) used a skinned_leopard 2-9-2021, 5:51:12 PM
MonkeyDLuffy(MonkeyDLuffy) used a skinned_leopard 2-9-2021, 5:51:12 PM
MonkeyDLuffy(MonkeyDLuffy) used a skinned_leopard 2-9-2021, 5:51:12 PM
MonkeyDLuffy(MonkeyDLuffy) used a skinned_leopard 2-9-2021, 5:51:12 PM
MonkeyDLuffy(MonkeyDLuffy) used a skinned_leopard 2-9-2021, 5:51:13 PM
MonkeyDLuffy(MonkeyDLuffy) used a skinned_leopard 2-9-2021, 5:51:13 PM
MonkeyDLuffy(MonkeyDLuffy) used a skinned_leopard 2-9-2021, 5:51:13 PM
MonkeyDLuffy(MonkeyDLuffy) used a skinned_leopard 2-9-2021, 5:51:14 PM
MonkeyDLuffy(MonkeyDLuffy) used a skinned_leopard 2-9-2021, 5:51:14 PM
MonkeyDLuffy(MonkeyDLuffy) used a skinned_leopard 2-9-2021, 5:51:14 PM
MonkeyDLuffy(MonkeyDLuffy) used a skinned_leopard 2-9-2021, 5:51:14 PM
MonkeyDLuffy(MonkeyDLuffy) used a skinned_leopard 2-9-2021, 5:51:15 PM
MonkeyDLuffy(MonkeyDLuffy) used a skinned_leopard 2-9-2021, 5:51:15 PM
MonkeyDLuffy(MonkeyDLuffy) used a skinned_leopard 2-9-2021, 5:51:15 PM
MonkeyDLuffy(MonkeyDLuffy) used a skinned_leopard 2-9-2021, 5:51:15 PM
MonkeyDLuffy(MonkeyDLuffy) used a skinned_leopard 2-9-2021, 5:51:16 PM
MonkeyDLuffy(MonkeyDLuffy) used a skinned_leopard 2-9-2021, 5:51:16 PM
MonkeyDLuffy(MonkeyDLuffy) used a skinned_leopard 2-9-2021, 5:51:16 PM
MonkeyDLuffy(MonkeyDLuffy) used a skinned_leopard 2-9-2021, 5:51:16 PM
MonkeyDLuffy(MonkeyDLuffy) used a skinned_leopard 2-9-2021, 5:51:16 PM
MonkeyDLuffy(MonkeyDLuffy) used a skinned_leopard 2-9-2021, 5:51:17 PM
MonkeyDLuffy(MonkeyDLuffy) used a skinned_leopard 2-9-2021, 5:51:17 PM
MonkeyDLuffy(MonkeyDLuffy) used a skinned_leopard 2-9-2021, 5:51:17 PM
MonkeyDLuffy(MonkeyDLuffy) used a skinned_leopard 2-9-2021, 5:51:18 PM
MonkeyDLuffy(MonkeyDLuffy) used a skinned_leopard 2-9-2021, 5:51:18 PM
MonkeyDLuffy(MonkeyDLuffy) used a skinned_leopard 2-9-2021, 5:51:18 PM
MonkeyDLuffy(MonkeyDLuffy) used a skinned_leopard 2-9-2021, 5:51:18 PM
MonkeyDLuffy(MonkeyDLuffy) used a skinned_leopard 2-9-2021, 5:51:18 PM
MonkeyDLuffy(MonkeyDLuffy) used a skinned_leopard 2-9-2021, 5:51:19 PM
MonkeyDLuffy(MonkeyDLuffy) used a skinned_leopard 2-9-2021, 5:51:19 PM
MonkeyDLuffy(MonkeyDLuffy) used a skinned_leopard 2-9-2021, 5:51:19 PM
MonkeyDLuffy(MonkeyDLuffy) used a skinned_leopard 2-9-2021, 5:51:19 PM
MonkeyDLuffy(MonkeyDLuffy) used a skinned_leopard 2-9-2021, 5:51:20 PM
MonkeyDLuffy(MonkeyDLuffy) used a skinned_leopard 2-9-2021, 5:51:20 PM
MonkeyDLuffy(MonkeyDLuffy) used a skinned_leopard 2-9-2021, 5:51:24 PM
MonkeyDLuffy(MonkeyDLuffy) used a skinned_leopard 2-9-2021, 5:51:25 PM
MonkeyDLuffy(MonkeyDLuffy) used a skinned_leopard 2-9-2021, 5:51:25 PM
MonkeyDLuffy(MonkeyDLuffy) used a skinned_leopard 2-9-2021, 5:51:25 PM
MonkeyDLuffy(MonkeyDLuffy) used a skinned_leopard 2-9-2021, 5:51:25 PM
MonkeyDLuffy(MonkeyDLuffy) used a skinned_leopard 2-9-2021, 5:51:26 PM
MonkeyDLuffy(MonkeyDLuffy) used a skinned_leopard 2-9-2021, 5:51:26 PM
MonkeyDLuffy(MonkeyDLuffy) used a skinned_leopard 2-9-2021, 5:51:26 PM
MonkeyDLuffy(MonkeyDLuffy) used a skinned_leopard 2-9-2021, 5:51:26 PM
MonkeyDLuffy(MonkeyDLuffy) used a skinned_leopard 2-9-2021, 5:51:27 PM
MonkeyDLuffy(MonkeyDLuffy) used a skinned_leopard 2-9-2021, 5:51:27 PM
MonkeyDLuffy(MonkeyDLuffy) used a skinned_leopard 2-9-2021, 5:51:27 PM
MonkeyDLuffy(MonkeyDLuffy) used a skinned_leopard 2-9-2021, 5:51:27 PM
MonkeyDLuffy(MonkeyDLuffy) used a skinned_leopard 2-9-2021, 5:51:28 PM
MonkeyDLuffy(MonkeyDLuffy) used a skinned_leopard 2-9-2021, 5:51:28 PM
MonkeyDLuffy(MonkeyDLuffy) used a skinned_leopard 2-9-2021, 5:51:28 PM
MonkeyDLuffy(MonkeyDLuffy) used a skinned_leopard 2-9-2021, 5:51:28 PM
MonkeyDLuffy(MonkeyDLuffy) used a skinned_leopard 2-9-2021, 5:51:29 PM
MonkeyDLuffy(MonkeyDLuffy) used a skinned_leopard 2-9-2021, 5:51:29 PM
MonkeyDLuffy(MonkeyDLuffy) used a skinned_leopard 2-9-2021, 5:51:29 PM
MonkeyDLuffy(MonkeyDLuffy) used a skinned_leopard 2-9-2021, 5:51:29 PM
MonkeyDLuffy(MonkeyDLuffy) used a skinned_leopard 2-9-2021, 5:51:30 PM
MonkeyDLuffy(MonkeyDLuffy) used a skinned_leopard 2-9-2021, 5:51:43 PM
MonkeyDLuffy(MonkeyDLuffy) used a skinned_leopard 2-9-2021, 5:51:43 PM
MonkeyDLuffy(MonkeyDLuffy) used a skinned_leopard 2-9-2021, 5:51:43 PM
MonkeyDLuffy(MonkeyDLuffy) used a skinned_leopard 2-9-2021, 5:51:44 PM
MonkeyDLuffy(MonkeyDLuffy) used a skinned_leopard 2-9-2021, 5:51:44 PM
MonkeyDLuffy(MonkeyDLuffy) used a skinned_leopard 2-9-2021, 5:51:44 PM
MonkeyDLuffy(MonkeyDLuffy) used a skinned_leopard 2-9-2021, 5:51:44 PM
MonkeyDLuffy(MonkeyDLuffy) used a skinned_leopard 2-9-2021, 5:51:45 PM
MonkeyDLuffy(MonkeyDLuffy) used a skinned_leopard 2-9-2021, 5:51:45 PM
MonkeyDLuffy(MonkeyDLuffy) used a skinned_leopard 2-9-2021, 5:51:48 PM
MonkeyDLuffy(MonkeyDLuffy) used a skinned_leopard 2-9-2021, 5:51:48 PM
MonkeyDLuffy(MonkeyDLuffy) used a skinned_leopard 2-9-2021, 5:51:49 PM
MonkeyDLuffy(MonkeyDLuffy) used a skinned_leopard 2-9-2021, 5:51:49 PM
MonkeyDLuffy(MonkeyDLuffy) used a shield 2-9-2021, 5:52:35 PM
MonkeyDLuffy(MonkeyDLuffy) used a antibiotic 2-9-2021, 5:52:35 PM
MonkeyDLuffy(MonkeyDLuffy) used a shield 2-9-2021, 5:53:12 PM
MonkeyDLuffy(MonkeyDLuffy) used a shield 2-9-2021, 5:53:12 PM
MonkeyDLuffy(MonkeyDLuffy) used a antibiotic 2-9-2021, 5:53:13 PM
MonkeyDLuffy(MonkeyDLuffy) used a antibiotic 2-9-2021, 5:53:13 PM
MonkeyDLuffy(MonkeyDLuffy) used a shield 2-9-2021, 5:53:57 PM
MonkeyDLuffy(MonkeyDLuffy) used a antibiotic 2-9-2021, 5:53:58 PM
MonkeyDLuffy(MonkeyDLuffy) used a shield 2-9-2021, 5:54:25 PM
MonkeyDLuffy(MonkeyDLuffy) used a shield 2-9-2021, 5:54:25 PM
MonkeyDLuffy(MonkeyDLuffy) used a shield 2-9-2021, 5:54:26 PM
MonkeyDLuffy(MonkeyDLuffy) used a antibiotic 2-9-2021, 5:54:27 PM
MonkeyDLuffy(MonkeyDLuffy) used a shield 2-9-2021, 5:54:57 PM
MonkeyDLuffy(MonkeyDLuffy) used a shield 2-9-2021, 5:54:58 PM
MonkeyDLuffy(MonkeyDLuffy) used a antibiotic 2-9-2021, 5:54:58 PM
MonkeyDLuffy(MonkeyDLuffy) used a antibiotic 2-9-2021, 5:54:58 PM
MonkeyDLuffy(MonkeyDLuffy) used a shield 2-9-2021, 5:55:17 PM
MonkeyDLuffy(MonkeyDLuffy) used a antibiotic 2-9-2021, 5:55:18 PM
MonkeyDLuffy(MonkeyDLuffy) used a shield 2-9-2021, 5:55:31 PM
MonkeyDLuffy(MonkeyDLuffy) used a antibiotic 2-9-2021, 5:55:31 PM
MonkeyDLuffy(MonkeyDLuffy) used a antibiotic 2-9-2021, 5:55:32 PM
MonkeyDLuffy(MonkeyDLuffy) used a antibiotic 2-9-2021, 5:55:32 PM
MonkeyDLuffy(MonkeyDLuffy) used a shield 2-9-2021, 5:55:47 PM
MonkeyDLuffy(MonkeyDLuffy) used a antibiotic 2-9-2021, 5:55:47 PM
MonkeyDLuffy(MonkeyDLuffy) used a shield 2-9-2021, 5:56:46 PM
MonkeyDLuffy(MonkeyDLuffy) used a antibiotic 2-9-2021, 5:56:47 PM
MonkeyDLuffy(MonkeyDLuffy) used a antibiotic 2-9-2021, 5:56:47 PM
MonkeyDLuffy(MonkeyDLuffy) used a shield 2-9-2021, 5:57:11 PM
MonkeyDLuffy(MonkeyDLuffy) used a shield 2-9-2021, 5:57:12 PM
MonkeyDLuffy(MonkeyDLuffy) used a cyanide_pistol 2-9-2021, 6:04:12 PM
MonkeyDLuffy(MonkeyDLuffy) used a shield 2-9-2021, 6:17:55 PM
MonkeyDLuffy(MonkeyDLuffy) used a shield 2-9-2021, 6:17:55 PM
MonkeyDLuffy(MonkeyDLuffy) used a shield 2-9-2021, 6:17:56 PM
MonkeyDLuffy(MonkeyDLuffy) used a shield 2-9-2021, 6:17:56 PM
MonkeyDLuffy(MonkeyDLuffy) used a shield 2-9-2021, 6:17:56 PM
MonkeyDLuffy(MonkeyDLuffy) used a shield 2-9-2021, 6:18:36 PM
MonkeyDLuffy(MonkeyDLuffy) used a shield 2-9-2021, 6:18:36 PM
MonkeyDLuffy(MonkeyDLuffy) used a shield 2-9-2021, 6:18:37 PM
MonkeyDLuffy(MonkeyDLuffy) used a shield 2-9-2021, 6:18:37 PM
MonkeyDLuffy(MonkeyDLuffy) used a shield 2-9-2021, 6:18:37 PM
MonkeyDLuffy(MonkeyDLuffy) used a shield 2-9-2021, 6:20:58 PM
MonkeyDLuffy(MonkeyDLuffy) used a shield 2-9-2021, 6:20:58 PM