
skemenok logged in. 8-12-2020, 5:01:45 AM
death: I think I just saw skemenok's corpse flying as fireball owned them on main. 8-12-2020, 5:07:57 AM
death: Man? what's this! boxer died? No! He's my friend! Or what... I mean, he's skemenok's friend! But I still can't believe looking at how he killed them on boxing. 8-12-2020, 5:10:54 AM
death: skemenok just mauled boxer 8-12-2020, 5:10:59 AM
death: boxer was totaled by skemenok on map boxing 8-12-2020, 5:11:03 AM
death: A new freshly killed blood of boxer lies now on boxing, thanks skemenok! 8-12-2020, 5:11:10 AM
death: skemenok just blew boxer's brains out. Somebody get a mo 8-12-2020, 5:11:16 AM
death: Stay clear of boxing, skemenok has begun decaying. Thanks boxer 8-12-2020, 5:11:22 AM
death: skemenok just completely and totally pulvarized trainer over here! 8-12-2020, 5:13:38 AM
death: Man? what's this! boxer died? No! He's my friend! Or what... I mean, he's skemenok's friend! But I still can't believe looking at how he killed them on boxing. 8-12-2020, 5:13:48 AM
death: Another one bites the dust! trainer, have fun, I'm sure skemenok is 8-12-2020, 5:13:52 AM
death: boxer was owned by skemenok on boxing 8-12-2020, 5:14:07 AM
death: skemenok just beat the shit out of boxer 8-12-2020, 5:14:11 AM
death: Somebody call 9 1 1, oh wait, rain check. skemenok gives no shits. Peace out, boxer 8-12-2020, 5:14:13 AM
death: Is there a doctor on the map? boxer has no paulse. Oh, there isn't? Okay. skemenok laughs. 8-12-2020, 5:14:22 AM
death: ownage! boxer managed to escape by killing skemenok on the map boxing 8-12-2020, 5:14:30 AM
death: boxer was just obliterated by the force of skemenok on boxing 8-12-2020, 5:14:36 AM
death: skemenok just condemned boxer to hell! 8-12-2020, 5:14:44 AM
death: skemenok just completely and totally pulvarized trainer over here! 8-12-2020, 5:14:47 AM
death: and the deathly scream of trainer pierces the air as skemenok finishes them off! 8-12-2020, 5:14:54 AM
death: Stay clear of boxing, boxer has begun decaying. Thanks skemenok 8-12-2020, 5:15:07 AM
death: Somebody call 9 1 1, oh wait, rain check. skemenok gives no shits. Peace out, trainer 8-12-2020, 5:15:07 AM
death: boxer has been terminated by skemenok 8-12-2020, 5:15:26 AM
death: oy, where'd boxer go. Do you happen to know, skemenok? 8-12-2020, 5:15:26 AM
death: A new corpse of boxer is flying on boxing, because skemenok made this to happen! 8-12-2020, 5:15:29 AM
death: trainer just got creamed by skemenok 8-12-2020, 5:15:37 AM
death: skemenok just blasted boxer away! 8-12-2020, 5:15:46 AM
death: trainer was turned to pulp by skemenok 8-12-2020, 5:15:51 AM
death: skemenok just blasted boxer away! 8-12-2020, 5:15:57 AM
death: skemenok just put trainer 6 feet under on boxing 8-12-2020, 5:16:05 AM
death: Another one bites the dust! boxer, have fun, I'm sure skemenok is 8-12-2020, 5:16:12 AM
death: trainer was turned to pulp by skemenok 8-12-2020, 5:16:24 AM
death: skemenok just blasted boxer away! 8-12-2020, 5:16:24 AM
death: skemenok just completely and totally pulvarized boxer over here! 8-12-2020, 5:16:34 AM
death: OK, let's see what else skemenok can do for boxer on boxing. I saw he killed them! 8-12-2020, 5:16:44 AM
death: skemenok killed trainer on boxing. 8-12-2020, 5:16:48 AM
death: trainer was turned to pulp by skemenok 8-12-2020, 5:16:57 AM
death: Rest  in piece, boxer. We'll sure miss you, guess we can thank skemenok for what they did. 8-12-2020, 5:17:05 AM
death: A new corpse of boxer is flying on boxing, because skemenok made this to happen! 8-12-2020, 5:17:09 AM
death: boxer, You have a murderer on line 1, go ahead skemenok  8-12-2020, 5:17:19 AM
death: Is there a doctor on the map? boxer has no paulse. Oh, there isn't? Okay. skemenok laughs. 8-12-2020, 5:17:24 AM
death: trainer was totaled by skemenok on map boxing 8-12-2020, 5:17:29 AM
death: skemenok laughs mockingly at the dying form of boxer on boxing 8-12-2020, 5:17:36 AM
death: Well, trainer doesn't exist anymore. Looks to be that skemenok has ultimate victory. Clean up on boxing  8-12-2020, 5:17:45 AM
death: skemenok just gave  boxer a royal beating 8-12-2020, 5:17:54 AM
death: ownage! boxer managed to escape by killing skemenok on the map boxing 8-12-2020, 5:18:00 AM
death: Man? what's this! boxer died? No! He's my friend! Or what... I mean, he's skemenok's friend! But I still can't believe looking at how he killed them on boxing. 8-12-2020, 5:18:07 AM
death: skemenok just completely and totally pulvarized boxer over here! 8-12-2020, 5:18:13 AM
death: boxer was nuked out of existance by skemenok 8-12-2020, 5:18:20 AM
death: trainer died. Why? Because skemenok owned them on boxing. 8-12-2020, 5:18:28 AM
death: Is there a doctor on the map? boxer has no paulse. Oh, there isn't? Okay. skemenok laughs. 8-12-2020, 5:18:35 AM
death: Is there a doctor on the map? boxer has no paulse. Oh, there isn't? Okay. skemenok laughs. 8-12-2020, 5:18:40 AM
death: boxer was just obliterated by the force of skemenok on boxing 8-12-2020, 5:18:48 AM
death: skemenok just completely and totally pulvarized boxer over here! 8-12-2020, 5:18:55 AM
death: boxer, You have a murderer on line 1, go ahead skemenok  8-12-2020, 5:19:00 AM
death: skemenok killed boxer on boxing. 8-12-2020, 5:19:09 AM
death: boxer just got annihilated by skemenok 8-12-2020, 5:19:14 AM
death: A new freshly killed blood of boxer lies now on boxing, thanks skemenok! 8-12-2020, 5:19:21 AM
death: and splat goes boxer, with skemenok standing over them with quite the smile 8-12-2020, 5:19:31 AM
death: Anybody knows why boxer died? I know! boxer got owned by skemenok! Where? On boxing! 8-12-2020, 5:19:38 AM
death: Another one bites the dust, trainer, you will be greatly missed on boxing. 8-12-2020, 5:19:41 AM
death: You know that particular element in physics where velocity increases as you fall? yeah, boxer learned that really fuckin quick. 8-12-2020, 5:19:51 AM
death: boxing smells pretty dank. trainer needs a proper barrial by skemenok 8-12-2020, 5:19:55 AM
death: Damn, skemenok, that was quite a vicious display of violence towards boxer 8-12-2020, 5:20:02 AM
death: Is there a doctor on the map? boxer has no paulse. Oh, there isn't? Okay. skemenok laughs. 8-12-2020, 5:20:11 AM
death: trainer was nuked out of existance by skemenok 8-12-2020, 5:20:18 AM
death: boxer was nuked off the map boxing by skemenok 8-12-2020, 5:20:28 AM
death: skemenok just blasted boxer away! 8-12-2020, 5:20:34 AM
death: trainer, You have a murderer on line 1, go ahead skemenok  8-12-2020, 5:20:38 AM
death: Another one bites the dust, boxer, you will be greatly missed on boxing. 8-12-2020, 5:20:45 AM
death: boxer, You have a murderer on line 1, go ahead skemenok  8-12-2020, 5:20:53 AM
death: boxer just got creamed by skemenok 8-12-2020, 5:21:02 AM
death: The boxing map is full now with boxer's guts as skemenok owned them! 8-12-2020, 5:21:05 AM
death: Stay clear of boxing, boxer has begun decaying. Thanks skemenok 8-12-2020, 5:21:18 AM
death: skemenok just blasted trainer away! 8-12-2020, 5:21:19 AM
death: boxer died. Why? Because skemenok owned them on boxing. 8-12-2020, 5:21:27 AM
death: A new freshly killed blood of boxer lies now on boxing, thanks skemenok! 8-12-2020, 5:21:34 AM
death: You know that particular element in physics where velocity increases as you fall? yeah, boxer learned that really fuckin quick. 8-12-2020, 5:21:44 AM
death: Well, boxer doesn't exist anymore. Looks to be that skemenok has ultimate victory. Clean up on boxing  8-12-2020, 5:21:49 AM
death: You know that particular element in physics where velocity increases as you fall? yeah, boxer learned that really fuckin quick. 8-12-2020, 5:21:58 AM
death: Oh flapjacks, boxing looks like a big bloody mess. skemenok definitely pushed hard to use boxer's remains as a deceration 8-12-2020, 5:22:03 AM
death: Breaking news! Today, skemenok killed boxer so easy on boxing! isn't it a good news? 8-12-2020, 5:22:08 AM
death: Breaking news! Today, skemenok killed boxer so easy on boxing! isn't it a good news? 8-12-2020, 5:22:16 AM
death: OK, let's see what else skemenok can do for boxer on boxing. I saw he killed them! 8-12-2020, 5:22:22 AM
death: and splat goes boxer, with skemenok standing over them with quite the smile 8-12-2020, 5:22:30 AM
death: OK, let's see what else skemenok can do for boxer on boxing. I saw he killed them! 8-12-2020, 5:22:38 AM
death: the boxing map now contains loads of guts from boxer, thanks to skemenok.  8-12-2020, 5:22:44 AM
death: A new corpse of boxer is flying on boxing, because skemenok made this to happen! 8-12-2020, 5:22:52 AM
death: Well, trainer doesn't exist anymore. Looks to be that skemenok has ultimate victory. Clean up on boxing  8-12-2020, 5:23:00 AM
death: Another one bites the dust! boxer, have fun, I'm sure skemenok is 8-12-2020, 5:23:07 AM
death: skemenok just condemned boxer to hell! 8-12-2020, 5:23:12 AM
death: boxer just got creamed by skemenok 8-12-2020, 5:23:22 AM
death: trainer got fucked up by skemenok on boxing. 8-12-2020, 5:23:30 AM
death: trainer just got bashed by skemenok on the boxing map 8-12-2020, 5:23:40 AM
death: Stop crying, trainer! Go kill skemenok! 8-12-2020, 5:23:40 AM
death: trainer was nuked off the map boxing by skemenok 8-12-2020, 5:23:50 AM
death: Oh flapjacks, boxing looks like a big bloody mess. skemenok definitely pushed hard to use boxer's remains as a deceration 8-12-2020, 5:23:57 AM
death: skemenok just gave trainer what for! 8-12-2020, 5:24:01 AM
death: skemenok just royally kicked boxer's ass 8-12-2020, 5:24:08 AM
death: oy, where'd boxer go. Do you happen to know, skemenok? 8-12-2020, 5:24:16 AM
death: Is there a doctor on the map? skemenok has no paulse. Oh, there isn't? Okay. trainer laughs. 8-12-2020, 5:24:20 AM
skemenok disconnected 8-12-2020, 5:32:12 AM
skemenok logged in. 8-12-2020, 5:32:16 AM
death: skemenok, I believe skemenok's rpg7 had something to say. 8-12-2020, 5:34:43 AM
death: skemenok just got bashed by skemenok's pipe bomb on the near the tall tall center tower, wich is going upp to the sky map 8-12-2020, 5:37:04 AM
death: skemenok's remote gun 19 was given what was coming to them, thank you skemenok's pipe bomb! 8-12-2020, 5:38:37 AM
death: skemenok's suicide bomb just used the grounds of the main map to teach skemenok's tank a very important lesson!  8-12-2020, 5:42:43 AM
death: skemenok was obliterated by the explosion of their tank 8-12-2020, 5:42:43 AM
death: and the deathly scream of skemenok's turret 771 pierces the air as dead battery finishes them off! 8-12-2020, 5:43:51 AM
death: skemenok's turret 339 died. Why? Because skemenok's stp21_handgun owned them on main. 8-12-2020, 5:44:40 AM
death: A new freshly killed blood of skemenok lies now on main, thanks dentist! 8-12-2020, 5:45:42 AM
skemenok disconnected 8-12-2020, 5:46:02 AM
skemenok logged in. 8-12-2020, 5:47:17 AM
skemenok disconnected 8-12-2020, 5:47:25 AM
maks2003 logged in. 8-12-2020, 8:04:00 AM
maks2003 disconnected 8-12-2020, 8:04:50 AM
Yarina logged in. 8-12-2020, 9:48:03 AM
Yarina disconnected 8-12-2020, 10:24:11 AM
nikita-k logged in. 8-12-2020, 11:13:47 AM
nikita-k disconnected 8-12-2020, 11:16:53 AM
nikita-k logged in. 8-12-2020, 11:25:40 AM
nikita-k (nikita-k) said a 8-12-2020, 11:26:15 AM
nikita-k updated the message of the day to –елиз выйдет примерно в воскресенье или в понидельник. Ќаслождайтесь игрой! 8-12-2020, 11:29:56 AM
nikita-k disconnected 8-12-2020, 11:32:14 AM
nikita-k logged in. 8-12-2020, 11:41:27 AM
nikita-k disconnected 8-12-2020, 11:43:39 AM
nikita-k logged in. 8-12-2020, 12:01:03 PM
nikita-k disconnected 8-12-2020, 12:01:39 PM
nikita-k logged in. 8-12-2020, 12:08:29 PM
nikita-k updated the message of the day to ќбновление выйдет примерно в воскресенье или в понидельник. ѕри€тной игры! 8-12-2020, 12:09:53 PM
nikita-k disconnected 8-12-2020, 12:13:30 PM
nikita-k logged in. 8-12-2020, 12:19:08 PM
nikita-k disconnected 8-12-2020, 12:21:58 PM
maks2003 logged in. 8-12-2020, 12:36:03 PM
nikita-k logged in. 8-12-2020, 12:38:20 PM
nikita-k (nikita-k) said hi 8-12-2020, 12:38:32 PM
maks2003 (maks2003) said привет 8-12-2020, 12:38:40 PM
nikita-k disconnected 8-12-2020, 12:39:22 PM
ramil logged in. 8-12-2020, 12:40:45 PM
ramil (ramil) said hi 8-12-2020, 12:40:51 PM
death: Damn, ramil, that was quite a vicious display of violence towards securityguard 8-12-2020, 12:41:32 PM
death: a bloody corpse of maks2003 now lies on map main, thanks to hunter 8-12-2020, 12:41:41 PM
death: ramil just put grandpa 6 feet under on office 8-12-2020, 12:42:01 PM
death: A pool of red reminder liquid now forms under mosquito's corpse. ramil has the credibility for their demise.  8-12-2020, 12:44:09 PM
death: Is there a doctor on the map? maks2003 has no paulse. Oh, there isn't? Okay. the laws of gravity laughs. 8-12-2020, 12:44:37 PM
death: hunter just gave  maks2003 a royal beating 8-12-2020, 12:45:36 PM
maks2003 disconnected 8-12-2020, 12:45:44 PM
death: securityguard got fucked up by ramil on kpp. 8-12-2020, 12:46:03 PM
death: securityguard was given what was coming to them, thank you ramil! 8-12-2020, 12:46:11 PM
death: A new corpse of securityguard is flying on kpp, because ramil made this to happen! 8-12-2020, 12:46:23 PM
death: train just got annihilated by ramil 8-12-2020, 12:51:56 PM
death: Anybody knows why train died? I know! train got owned by ramil! Where? On factory! 8-12-2020, 12:52:36 PM
death: Rest  in piece, securityguard. We'll sure miss you, guess we can thank ramil for what they did. 8-12-2020, 12:52:42 PM
death: oy, where'd cockroach go. Do you happen to know, ramil? 8-12-2020, 12:53:34 PM
death: Breaking news! Today, ramil killed horse so easy on vinni! isn't it a good news? 8-12-2020, 12:53:39 PM
death: OK, let's see what else ramil can do for doctor on vinni. I saw he killed them! 8-12-2020, 12:53:49 PM
death: ramil just gave  sniper a royal beating 8-12-2020, 12:53:55 PM
death: surgeon was just obliterated by the force of ramil on vinni 8-12-2020, 12:54:12 PM
death: A new corpse of surgeon is flying on vinni, because ramil made this to happen! 8-12-2020, 12:55:00 PM
death: robocop just blew ramil's brains out. Somebody get a mo 8-12-2020, 12:55:10 PM
death: Man? what's this! robocop died? No! He's my friend! Or what... I mean, he's ramil's friend! But I still can't believe looking at how he killed them on vinni. 8-12-2020, 12:55:11 PM
death: trainer was owned by ramil on vinni 8-12-2020, 12:55:33 PM
death: oy, where'd glider go. Do you happen to know, ramil? 8-12-2020, 12:55:50 PM
death: ramil just beat the shit out of gun 8-12-2020, 12:55:59 PM
death: soldier just got creamed by ramil 8-12-2020, 12:56:05 PM
death: ramil just condemned doctor to hell! 8-12-2020, 12:56:12 PM
death: A new freshly killed blood of tank lies now on vinni, thanks ramil! 8-12-2020, 12:56:25 PM
death: Man? what's this! zombie died? No! He's my friend! Or what... I mean, he's ramil's friend! But I still can't believe looking at how he killed them on vinni. 8-12-2020, 12:56:37 PM
death: tushkano just got their ass handed to them on a platter, happily served by ramil 8-12-2020, 12:56:44 PM
death: Well, glider doesn't exist anymore. Looks to be that ramil has ultimate victory. Clean up on vinni  8-12-2020, 12:56:51 PM
death: tushkano just got their ass handed to them on a platter, happily served by ramil 8-12-2020, 12:56:57 PM
death: ownage! polarbear managed to escape by killing ramil on the map vinni 8-12-2020, 12:57:09 PM
death: ramil just blasted cockroach away! 8-12-2020, 12:57:13 PM
death: ramil killed fireball on vinni. 8-12-2020, 12:57:31 PM
death: nurse was nuked off the map vinni by ramil 8-12-2020, 12:57:56 PM
death: A new corpse of lion is flying on vinni, because ramil made this to happen! 8-12-2020, 12:58:56 PM
death: A new freshly killed blood of manager lies now on vinni, thanks ramil! 8-12-2020, 12:59:11 PM
death: ramil laughs mockingly at the dying form of tank on vinni 8-12-2020, 12:59:15 PM
death: ramil just put the smack down on lion 8-12-2020, 12:59:22 PM
death: tank, I believe ramil had something to say. 8-12-2020, 12:59:30 PM
death: because of the villany of ramil, rat will no longer have a beating heart again, because it is broken on the vinni map.  8-12-2020, 12:59:38 PM
death: ramil just blew Amphibian's brains out. Somebody get a mo 8-12-2020, 12:59:48 PM
death: Man? what's this! psycho died? No! He's my friend! Or what... I mean, he's ramil's friend! But I still can't believe looking at how he killed them on vinni. 8-12-2020, 12:59:55 PM
death: the vinni map now contains loads of guts from metallurgist, thanks to ramil.  8-12-2020, 1:00:00 PM
death: ramil killed patient on vinni. 8-12-2020, 1:00:08 PM
death: rabbit died. Why? Because ramil owned them on vinni. 8-12-2020, 1:00:16 PM
death: rat just got bashed by ramil on the vinni map 8-12-2020, 1:00:21 PM
death: Stay clear of vinni, pan has begun decaying. Thanks ramil 8-12-2020, 1:00:29 PM
death: ramil just totaled gangster's ass on vinni 8-12-2020, 1:00:32 PM
death: hunter really made a mess of ramil on the vinni map.  8-12-2020, 1:00:39 PM
death: boxer was given what was coming to them, thank you ramil! 8-12-2020, 1:00:43 PM
death: Stop crying, worm! Go kill ramil! 8-12-2020, 1:00:46 PM
death: worm was nuked out of existance by ramil 8-12-2020, 1:00:55 PM
death: Another one bites the dust! grandpa, have fun, I'm sure ramil is 8-12-2020, 1:02:13 PM
death: Stop crying, coyote! Go kill ramil! 8-12-2020, 1:02:24 PM
death: gun was nuked off the map event2 by ramil 8-12-2020, 1:02:32 PM
death: helicopter just got bashed by ramil on the field map 8-12-2020, 1:04:53 PM
death: helicopter was owned by ramil on field 8-12-2020, 1:06:39 PM
death: dragon just got their ass handed to them on a platter, happily served by ramil 8-12-2020, 1:07:08 PM
death: Rest  in piece, helicopter. We'll sure miss you, guess we can thank ramil for what they did. 8-12-2020, 1:08:10 PM
death: I think I just saw glider's corpse flying as ramil owned them on field. 8-12-2020, 1:08:52 PM
death: Man? what's this! harvester died? No! He's my friend! Or what... I mean, he's ramil's friend! But I still can't believe looking at how he killed them on field. 8-12-2020, 1:09:04 PM
death: ramil just gave  helicopter a royal beating 8-12-2020, 1:09:20 PM
ramil disconnected 8-12-2020, 1:11:48 PM
ramil logged in. 8-12-2020, 1:11:51 PM
ramil disconnected 8-12-2020, 1:11:56 PM
nikita-k logged in. 8-12-2020, 1:16:05 PM
nikita-k disconnected 8-12-2020, 1:16:27 PM
ramil logged in. 8-12-2020, 1:21:45 PM
death: Damn, ramil, that was quite a vicious display of violence towards welder 8-12-2020, 1:25:59 PM
death: pan was totaled by ramil on map zalp 8-12-2020, 1:26:15 PM
death: Another one bites the dust, psycho, you will be greatly missed on zalp. 8-12-2020, 1:26:49 PM
death: moth just got annihilated by ramil 8-12-2020, 1:27:19 PM
death: Damn, ramil, that was quite a vicious display of violence towards tank 8-12-2020, 1:28:27 PM
death: You know that particular element in physics where velocity increases as you fall? yeah, doctor learned that really fuckin quick. 8-12-2020, 1:28:53 PM
death: ramil just condemned hunter to hell! 8-12-2020, 1:29:13 PM
death: grandpa died. Why? Because ramil owned them on zalp. 8-12-2020, 1:29:44 PM
death: helicopter just got bashed by ramil on the zalp map 8-12-2020, 1:29:59 PM
death: OK, let's see what else ramil can do for sniper on zalp. I saw he killed them! 8-12-2020, 1:30:08 PM
spay logged in. 8-12-2020, 1:30:35 PM
death: ramil is so happy because he killed hunter on zalp! 8-12-2020, 1:30:38 PM
ramil (ramil) said hi 8-12-2020, 1:30:40 PM
spay disconnected 8-12-2020, 1:30:48 PM
death: helicopter just got their ass handed to them on a platter, happily served by ramil 8-12-2020, 1:30:49 PM
death: cockroach has been terminated by ramil 8-12-2020, 1:31:06 PM
death: There's a light at the end of the tunnel excavator, actually, fuck that. ramil ran you down. Sor'r'r'r'r'r'r'r'r'r'ry 8-12-2020, 1:31:13 PM
death: dentist was nuked out of existance by ramil 8-12-2020, 1:31:43 PM
death: Stay clear of zalp, robot has begun decaying. Thanks ramil 8-12-2020, 1:32:05 PM
death: There's a light at the end of the tunnel welder, actually, fuck that. ramil ran you down. Sor'r'r'r'r'r'r'r'r'r'ry 8-12-2020, 1:32:33 PM
death: Is there a doctor on the map? nurse has no paulse. Oh, there isn't? Okay. ramil laughs. 8-12-2020, 1:32:49 PM
death: Damn, ramil, that was quite a vicious display of violence towards snake 8-12-2020, 1:32:57 PM
death: ramil was totaled by robocop on map zalp 8-12-2020, 1:33:08 PM
death: a bloody corpse of robocop now lies on map zalp, thanks to ramil 8-12-2020, 1:33:13 PM
death: doctor just got their ass handed to them on a platter, happily served by ramil 8-12-2020, 1:33:34 PM
death: nurse just got annihilated by ramil 8-12-2020, 1:33:47 PM
ramil disconnected 8-12-2020, 1:34:01 PM
death: Rest  in piece, ramil. We'll sure miss you, guess we can thank nurse for what they did. 8-12-2020, 1:34:01 PM
ramil logged in. 8-12-2020, 1:35:32 PM
nikita-k logged in. 8-12-2020, 1:38:06 PM
ramil (ramil) said die 8-12-2020, 1:38:10 PM
ramil (ramil) said oy 8-12-2020, 1:38:12 PM
nikita-k (nikita-k) said die 8-12-2020, 1:38:14 PM
nikita-k disconnected 8-12-2020, 1:38:19 PM
death: I think I just saw ramil's corpse flying as ramil's barricade bomb owned them on secret storehouse. 8-12-2020, 1:38:41 PM
death: boxer was owned by ramil on boxing 8-12-2020, 1:39:30 PM
death: boxer takes their last breath as ramil blasts them in the face one last time. Brutallity! 8-12-2020, 1:39:31 PM
death: ramil just condemned boxer to hell! 8-12-2020, 1:39:32 PM
death: You know that particular element in physics where velocity increases as you fall? yeah, boxer learned that really fuckin quick. 8-12-2020, 1:39:33 PM
death: ramil just neutralized boxer 8-12-2020, 1:39:42 PM
death: ramil just blasted boxer away! 8-12-2020, 1:39:47 PM
death: ramil killed boxer on boxing. 8-12-2020, 1:39:55 PM
death: and the deathly scream of cyborg pierces the air as ramil finishes them off! 8-12-2020, 1:40:16 PM
server notification: The 1 shelter has been created! 8-12-2020, 1:41:37 PM
kirill logged in. 8-12-2020, 1:47:25 PM
kirill disconnected 8-12-2020, 1:47:34 PM
death: Amphibian just totaled ramil's ass on secret_house 8-12-2020, 1:47:44 PM
death: ramil just put the smack down on Amphibian 8-12-2020, 1:47:48 PM
death: ownage! ramil managed to escape by killing ramil's rocket on the map boxing ring 8-12-2020, 1:48:52 PM
death: and the deathly scream of boxer pierces the air as ramil's rocket finishes them off! 8-12-2020, 1:48:53 PM
death: ramil's rocket just totaled ramil's ass on boxing 8-12-2020, 1:49:15 PM
death: boxer just got creamed by ramil's rocket 8-12-2020, 1:49:16 PM
death: boxer was nuked out of existance by ramil 8-12-2020, 1:49:41 PM
death: ramil is so happy because he killed boxer on boxing! 8-12-2020, 1:49:46 PM
death: boxer was totaled by ramil's rpg7 on map boxing 8-12-2020, 1:49:54 PM
death: Stop crying, boxer! Go kill ramil! 8-12-2020, 1:50:10 PM
death: Stop crying, trainer! Go kill ramil! 8-12-2020, 1:50:12 PM
death: and the deathly scream of boxer pierces the air as ramil finishes them off! 8-12-2020, 1:50:18 PM
death: ownage! boxer managed to escape by killing ramil on the map boxing 8-12-2020, 1:50:18 PM
death: cyborg died. Why? Because ramil owned them on c_system. 8-12-2020, 1:50:40 PM
death: and the deathly scream of cyborg pierces the air as ramil finishes them off! 8-12-2020, 1:50:42 PM
death: and splat goes cyborg, with ramil standing over them with quite the smile 8-12-2020, 1:50:53 PM
death: oy, where'd cyborg go. Do you happen to know, ramil's rpg7? 8-12-2020, 1:51:11 PM
kirill logged in. 8-12-2020, 1:52:05 PM
kirill disconnected 8-12-2020, 1:52:15 PM
death: Oh flapjacks, secret_house looks like a big bloody mess. ramil definitely pushed hard to use robocop's remains as a deceration 8-12-2020, 1:52:19 PM
death: You know that particular element in physics where velocity increases as you fall? yeah, ramil learned that really fuckin quick. 8-12-2020, 1:53:20 PM
death: ramil just gave Amphibian what for! 8-12-2020, 1:53:23 PM
ramil disconnected 8-12-2020, 1:57:05 PM
kirill logged in. 8-12-2020, 1:58:17 PM
kirill disconnected 8-12-2020, 1:58:20 PM
kirill logged in. 8-12-2020, 2:00:21 PM
kirill disconnected 8-12-2020, 2:00:25 PM
kirill logged in. 8-12-2020, 2:02:27 PM
kirill disconnected 8-12-2020, 2:02:30 PM
kirill logged in. 8-12-2020, 2:04:19 PM
kirill disconnected 8-12-2020, 2:04:22 PM
ramil logged in. 8-12-2020, 2:04:30 PM
ramil disconnected 8-12-2020, 2:05:43 PM
nikita-k logged in. 8-12-2020, 2:06:36 PM
kirill logged in. 8-12-2020, 2:07:52 PM
kirill disconnected 8-12-2020, 2:07:55 PM
nikita-k disconnected 8-12-2020, 2:08:42 PM
kirill logged in. 8-12-2020, 2:11:32 PM
kirill disconnected 8-12-2020, 2:11:35 PM
kirill logged in. 8-12-2020, 2:11:59 PM
kirill disconnected 8-12-2020, 2:12:02 PM
kirill logged in. 8-12-2020, 2:14:30 PM
kirill disconnected 8-12-2020, 2:14:39 PM
death: Stop crying, kirill! Go kill no one! 8-12-2020, 2:14:39 PM
kirill logged in. 8-12-2020, 2:14:45 PM
kirill disconnected 8-12-2020, 2:15:02 PM
nikita-k logged in. 8-12-2020, 2:15:03 PM
kirill logged in. 8-12-2020, 2:15:06 PM
nikita-k disconnected 8-12-2020, 2:15:07 PM
nikita-k logged in. 8-12-2020, 2:15:10 PM
kirill disconnected 8-12-2020, 2:15:15 PM
death: There's a light at the end of the tunnel kirill, actually, fuck that. no one ran you down. Sor'r'r'r'r'r'r'r'r'r'ry 8-12-2020, 2:15:15 PM
kirill logged in. 8-12-2020, 2:15:21 PM
nikita-k disconnected 8-12-2020, 2:15:35 PM
kirill disconnected 8-12-2020, 2:16:11 PM
kirill logged in. 8-12-2020, 2:17:54 PM
nikita-k logged in. 8-12-2020, 2:18:12 PM
nikita-k (nikita-k) said a 8-12-2020, 2:18:45 PM
kirill disconnected 8-12-2020, 2:20:27 PM
kirill logged in. 8-12-2020, 2:20:30 PM
kirill disconnected 8-12-2020, 2:20:44 PM
death: no one just completely and totally pulvarized kirill over here! 8-12-2020, 2:20:44 PM
kirill logged in. 8-12-2020, 2:20:50 PM
kirill disconnected 8-12-2020, 2:22:21 PM
death: kirill was given what was coming to them, thank you no one! 8-12-2020, 2:22:21 PM
nikita-k disconnected 8-12-2020, 2:22:26 PM
death: no one just beat the shit out of nikita-k 8-12-2020, 2:22:26 PM
kirill logged in. 8-12-2020, 2:22:27 PM
ramil logged in. 8-12-2020, 2:22:44 PM
ramil (ramil) said hi 8-12-2020, 2:23:01 PM
kirill disconnected 8-12-2020, 2:23:13 PM
kirill logged in. 8-12-2020, 2:23:16 PM
kirill disconnected 8-12-2020, 2:23:32 PM
death: no one just completely and totally pulvarized kirill over here! 8-12-2020, 2:23:32 PM
kirill logged in. 8-12-2020, 2:23:38 PM
death: A pool of red reminder liquid now forms under storekeeper's corpse. ramil has the credibility for their demise.  8-12-2020, 2:24:39 PM
death: heavy hammer just completely and totally pulvarized kirill over here! 8-12-2020, 2:25:09 PM
death: There's a light at the end of the tunnel gangster, actually, fuck that. bottle bomb ran you down. Sor'r'r'r'r'r'r'r'r'r'ry 8-12-2020, 2:25:16 PM
kirill disconnected 8-12-2020, 2:25:26 PM
death: kirill's head was blown apart and now heavy hammer plays basketball today, up for a game? 8-12-2020, 2:25:26 PM
kirill logged in. 8-12-2020, 2:25:32 PM
death: ramil just put wolf 6 feet under on zalp 8-12-2020, 2:25:42 PM
death: robocop really made a mess of ramil on the zalp map.  8-12-2020, 2:25:51 PM
kirill disconnected 8-12-2020, 2:25:56 PM
death: no one just put kirill 6 feet under on Illinois parkway 8-12-2020, 2:25:56 PM
death: ramil just neutralized tushkano 8-12-2020, 2:25:56 PM
kirill logged in. 8-12-2020, 2:26:02 PM
death: Anybody knows why dragon died? I know! dragon got owned by ramil! Where? On zalp! 8-12-2020, 2:26:07 PM
death: ramil just blasted dog away! 8-12-2020, 2:26:16 PM
death: dog just got their ass handed to them on a platter, happily served by ramil 8-12-2020, 2:26:22 PM
death: A new corpse of surgeon is flying on zalp, because ramil made this to happen! 8-12-2020, 2:26:30 PM
death: Anybody knows why snake died? I know! snake got owned by ramil! Where? On zalp! 8-12-2020, 2:27:30 PM
death: Another one bites the dust! cat, have fun, I'm sure ramil is 8-12-2020, 2:27:37 PM
nikita-k logged in. 8-12-2020, 2:27:46 PM
kirill disconnected 8-12-2020, 2:28:11 PM
death: gravaty just finished pulling the corpse of kirill to the ground of the Uncharted Nothingness map, and we can thank no one for the help!  8-12-2020, 2:28:11 PM
nikita-k disconnected 8-12-2020, 2:28:17 PM
kirill logged in. 8-12-2020, 2:28:18 PM
ramil (ramil) said перезаходи 8-12-2020, 2:28:34 PM
ramil (ramil) said ой 8-12-2020, 2:28:35 PM
kirill disconnected 8-12-2020, 2:29:02 PM
kirill logged in. 8-12-2020, 2:29:24 PM
kirill disconnected 8-12-2020, 2:30:12 PM
kirill logged in. 8-12-2020, 2:31:05 PM
death: fitter was nuked out of existance by ramil 8-12-2020, 2:31:37 PM
death: dentist just got creamed by ramil 8-12-2020, 2:31:46 PM
death: kirill's nuclear bomb just used the grounds of the to go to the boxing ring, press enter map to teach ramil a very important lesson!  8-12-2020, 2:32:11 PM
death: You know that particular element in physics where velocity increases as you fall? yeah, kirill learned that really fuckin quick. 8-12-2020, 2:32:11 PM
ramil (ramil) said uuuuuuuuuuu 8-12-2020, 2:32:16 PM
ramil (ramil) said gg 8-12-2020, 2:32:29 PM
kirill disconnected 8-12-2020, 2:32:50 PM
kirill logged in. 8-12-2020, 2:32:59 PM
nikita-k logged in. 8-12-2020, 2:33:01 PM
ramil (ramil) said die 8-12-2020, 2:33:06 PM
nikita-k logged in. 8-12-2020, 2:33:19 PM
nikita-k disconnected 8-12-2020, 2:33:26 PM
nikita-k logged in. 8-12-2020, 2:34:22 PM
kirill logged in. 8-12-2020, 2:34:31 PM
ramil logged in. 8-12-2020, 2:34:34 PM
nikita-k logged in. 8-12-2020, 2:34:35 PM
nikita-k added to the MOTD:   оманда afk была убрана 8-12-2020, 2:35:25 PM
nikita-k (nikita-k) said xxx 8-12-2020, 2:35:53 PM
death: ramil just used the grounds of the vinni map to teach rabbit a very important lesson!  8-12-2020, 2:36:01 PM
ramil (ramil) said a 8-12-2020, 2:36:02 PM
death: vinni smells pretty dank. welder needs a proper barrial by ramil 8-12-2020, 2:36:03 PM
death: He shoots, he scores! metallurgist's testicles went flying through the hoops. ramil stands tall with quite the sinical smile. 8-12-2020, 2:36:15 PM
death: ownage! gangster managed to escape by killing ramil on the map vinni 8-12-2020, 2:36:26 PM
death: A new corpse of kirill is flying on Uncharted Nothingness, because heavy hammer made this to happen! 8-12-2020, 2:36:36 PM
death: The main map is full now with nikita-k's guts as nikita-k's impact bomb owned them! 8-12-2020, 2:39:33 PM
nikita-k disconnected 8-12-2020, 2:40:01 PM
kirill disconnected 8-12-2020, 2:40:05 PM
nikita-k logged in. 8-12-2020, 2:40:07 PM
kirill logged in. 8-12-2020, 2:40:11 PM
ramil logged in. 8-12-2020, 2:40:20 PM
nikita-k logged in. 8-12-2020, 2:40:22 PM
kirill logged in. 8-12-2020, 2:40:23 PM
nikita-k disconnected 8-12-2020, 2:40:28 PM
homutayzer logged in. 8-12-2020, 2:40:28 PM
homutayzer logged in. 8-12-2020, 2:41:13 PM
death: ramil's hand_grenade just condemned kirill to hell! 8-12-2020, 2:41:27 PM
ramil logged in. 8-12-2020, 2:42:59 PM
kirill logged in. 8-12-2020, 2:43:01 PM
homutayzer logged in. 8-12-2020, 2:43:06 PM
death: ramil's suicide bomb just put the smack down on ramil 8-12-2020, 2:43:34 PM
death: ramil just got their ass handed to them on a platter, happily served by ramil's suicide bomb 8-12-2020, 2:44:15 PM
ramil (ramil) said there are 1 teams. 1 with 2 members and 2853 kills and 2441174 points, leader ramil.  8-12-2020, 2:44:51 PM
death: kirill got fucked up by homutayzer's rpg7 on main. 8-12-2020, 2:45:37 PM
death: because of the villany of ramil's rocket, homutayzer will no longer have a beating heart again, because it is broken on the main map.  8-12-2020, 2:46:32 PM
ramil (ramil) said there are 1 teams. 1 with 2 members and 2853 kills and 2441174 points, leader ramil.  8-12-2020, 2:46:36 PM
kirill lost connection 8-12-2020, 2:47:24 PM
death: ownage! homutayzer managed to escape by killing ramil's rocket on the map main 8-12-2020, 2:47:33 PM
ramil logged in. 8-12-2020, 2:47:55 PM
kirill logged in. 8-12-2020, 2:48:01 PM
homutayzer logged in. 8-12-2020, 2:48:05 PM
death: ramil's suicide bomb just used the grounds of the main map to teach ramil a very important lesson!  8-12-2020, 2:48:09 PM
nikita-k logged in. 8-12-2020, 2:48:31 PM
death: Anybody knows why ramil died? I know! ramil got owned by ramil's suicide bomb! Where? On Illinois parkway! 8-12-2020, 2:48:44 PM
death: kirill got fucked up by kirill's suicide bomb on Illinois parkway. 8-12-2020, 2:49:44 PM
nikita-k updated the message of the day to » так, не большое обновление.  оманда /afk была убрана во избежании читерства. “акже, suicide бомбы были изменены. “еперь они взрываютс€ почти сразу и снос€т на много больше хп. ≈щЄ не забываем про обновление, которое выйдет в воскресенье или в понидельник. ѕри€тной игры! 8-12-2020, 2:51:10 PM
kirill disconnected 8-12-2020, 2:51:22 PM
nikita-k disconnected 8-12-2020, 2:51:27 PM
ramil disconnected 8-12-2020, 2:52:29 PM
kirill logged in. 8-12-2020, 2:57:25 PM
kirill disconnected 8-12-2020, 2:58:05 PM
kirill logged in. 8-12-2020, 2:58:12 PM
kirill disconnected 8-12-2020, 2:58:17 PM
Yarina logged in. 8-12-2020, 3:10:50 PM
Yarina disconnected 8-12-2020, 3:12:51 PM
ramil logged in. 8-12-2020, 3:15:57 PM
death: ramil's suicide bomb killed ramil on to leave, press enter. 8-12-2020, 3:16:13 PM
death: Another one bites the dust! ramil, have fun, I'm sure ramil's suicide bomb is 8-12-2020, 3:16:49 PM
ramil disconnected 8-12-2020, 3:16:55 PM
death: ramil really made a mess of ramil's suicide bomb on the store map.  8-12-2020, 3:16:55 PM
ramil logged in. 8-12-2020, 3:34:18 PM
death: trainer just got annihilated by ramil 8-12-2020, 3:36:03 PM
death: The boxing map is full now with boxer's guts as ramil owned them! 8-12-2020, 3:36:06 PM
death: because of the villany of ramil, trainer will no longer have a beating heart again, because it is broken on the boxing map.  8-12-2020, 3:36:08 PM
death: ramil just condemned boxer to hell! 8-12-2020, 3:36:25 PM
death: ramil just condemned boxer to hell! 8-12-2020, 3:36:27 PM
death: Stop crying, trainer! Go kill ramil! 8-12-2020, 3:36:27 PM
death: and splat goes cyborg, with ramil standing over them with quite the smile 8-12-2020, 3:36:36 PM
death: Breaking news! Today, ramil's suicide bomb killed ramil so easy on secret storehouse! isn't it a good news? 8-12-2020, 3:38:05 PM
death: ramil's suicide bomb just blasted ramil away! 8-12-2020, 3:38:20 PM
ramil disconnected 8-12-2020, 3:38:24 PM
ramil logged in. 8-12-2020, 3:51:21 PM
death: ramil just neutralized helicopter 8-12-2020, 3:53:15 PM
death: Another one bites the dust, dragon, you will be greatly missed on field. 8-12-2020, 3:54:23 PM
death: glider was just obliterated by the force of ramil on field 8-12-2020, 3:55:22 PM
death: Oops? Man down! That man is dragon. ramil isn't so kind on field. 8-12-2020, 3:55:37 PM
death: because of the villany of ramil, helicopter will no longer have a beating heart again, because it is broken on the field map.  8-12-2020, 3:56:05 PM
death: Breaking news! Today, ramil killed cyborg so easy on h_road! isn't it a good news? 8-12-2020, 3:57:27 PM
death: OK, let's see what else ramil can do for car on h_road. I saw he killed them! 8-12-2020, 3:57:41 PM
death: ramil is so happy because he killed fitter on road! 8-12-2020, 3:58:24 PM
death: the kpp map now contains loads of guts from securityguard, thanks to ramil.  8-12-2020, 4:04:01 PM
death: and splat goes securityguard, with ramil standing over them with quite the smile 8-12-2020, 4:04:35 PM
death: Rest  in piece, securityguard. We'll sure miss you, guess we can thank ramil for what they did. 8-12-2020, 4:04:39 PM
death: Damn, ramil, that was quite a vicious display of violence towards securityguard 8-12-2020, 4:04:59 PM
death: securityguard was totaled by ramil on map kpp 8-12-2020, 4:05:05 PM
death: because of the villany of ramil, securityguard will no longer have a beating heart again, because it is broken on the kpp map.  8-12-2020, 4:05:08 PM
death: securityguard was given what was coming to them, thank you ramil! 8-12-2020, 4:05:18 PM
death: ramil just condemned rat to hell! 8-12-2020, 4:06:58 PM
death: ramil just condemned rat to hell! 8-12-2020, 4:06:59 PM
death: Another one bites the dust! securityguard, have fun, I'm sure ramil is 8-12-2020, 4:07:05 PM
death: manager was totaled by ramil on map office 8-12-2020, 4:09:22 PM
death: ramil just gave soldier what for! 8-12-2020, 4:10:34 PM
death: oy, where'd horse go. Do you happen to know, ramil? 8-12-2020, 4:11:38 PM
death: Another one bites the dust, cat, you will be greatly missed on toys. 8-12-2020, 4:12:35 PM
death: horse really made a mess of ramil on the toys map.  8-12-2020, 4:13:46 PM
death: tank really made a mess of ramil on the toys map.  8-12-2020, 4:14:27 PM
death: ramil just completely and totally pulvarized cat over here! 8-12-2020, 4:17:04 PM
death: tank was given what was coming to them, thank you ramil! 8-12-2020, 4:17:24 PM
death: ramil was nuked out of existance by ramil's suicide bomb 8-12-2020, 4:22:00 PM
ramil (ramil) said move ramil 5 5 5 armen's-school 8-12-2020, 4:29:57 PM
ramil disconnected 8-12-2020, 4:31:21 PM
nikita-k logged in. 8-12-2020, 4:33:02 PM
nikita-k disconnected 8-12-2020, 4:34:06 PM
nikita-k logged in. 8-12-2020, 4:39:28 PM
nikita-k added to the MOTD:  And so, not a big update. The / afk command has been removed to avoid cheating. Also, the suicide bombs have been changed. Now they explode almost immediately and take a lot more HP. Don't forget about the update coming out on Sunday or Monday. Have a nice game! 8-12-2020, 4:40:26 PM
nikita-k disconnected 8-12-2020, 4:40:51 PM
nikita-k logged in. 8-12-2020, 4:49:26 PM
nikita-k disconnected 8-12-2020, 4:50:09 PM
ramil logged in. 8-12-2020, 4:53:04 PM
nikita-k logged in. 8-12-2020, 4:56:45 PM
nikita-k (nikita-k) said пиздец 8-12-2020, 4:56:57 PM
nikita-k (nikita-k) said € разослал тк в консту и ств 8-12-2020, 4:57:04 PM
nikita-k (nikita-k) said рофл 8-12-2020, 4:57:07 PM
ramil (ramil) said рофл 8-12-2020, 4:57:10 PM
ramil (ramil) said гг 8-12-2020, 4:57:11 PM
nikita-k disconnected 8-12-2020, 5:01:21 PM
ramil lost connection 8-12-2020, 5:03:48 PM
ramil logged in. 8-12-2020, 5:05:15 PM
yastreb logged in. 8-12-2020, 5:12:13 PM
ramil (ramil) said hi 8-12-2020, 5:12:18 PM
ramil (ramil) said ilyafomich 8-12-2020, 5:12:24 PM
nikita-k logged in. 8-12-2020, 5:15:05 PM
yastreb (yastreb) said привет 8-12-2020, 5:15:08 PM
nikita-k (nikita-k) said die 8-12-2020, 5:15:23 PM
ramil (ramil) said dieall 8-12-2020, 5:15:28 PM
ramil (ramil) said hospital3 8-12-2020, 5:17:07 PM
ramil (ramil) said oy 8-12-2020, 5:17:12 PM
franklin logged in. 8-12-2020, 5:17:15 PM
ramil (ramil) said sory 8-12-2020, 5:17:16 PM
ramil (ramil) said hi and die 8-12-2020, 5:17:23 PM
franklin (franklin) said o 8-12-2020, 5:17:32 PM
nikita-k (nikita-k) said die 8-12-2020, 5:17:37 PM
yastreb (yastreb) said что 8-12-2020, 5:17:45 PM
nikita-k (nikita-k) said ничего 8-12-2020, 5:17:51 PM
franklin (franklin) said эх бобла мало 8-12-2020, 5:18:16 PM
nikita-k (nikita-k) said нормально 8-12-2020, 5:18:23 PM
nikita-k (nikita-k) said на ринге накопишь 8-12-2020, 5:18:29 PM
nikita-k (nikita-k) said или в клетке 8-12-2020, 5:18:32 PM
nikita-k (nikita-k) said или на залпе 8-12-2020, 5:18:35 PM
death: ramil's nuclear bomb is so happy because he killed yastreb on main! 8-12-2020, 5:18:36 PM
franklin (franklin) said ух спс 8-12-2020, 5:19:21 PM
nikita-k (nikita-k) said rofl 8-12-2020, 5:19:21 PM
death: the boxing map now contains loads of guts from trainer, thanks to ramil.  8-12-2020, 5:20:16 PM
death: oy, where'd cyborg go. Do you happen to know, ramil? 8-12-2020, 5:20:25 PM
death: gravaty just finished pulling the corpse of cyborg to the ground of the c_system map, and we can thank ramil for the help!  8-12-2020, 5:20:26 PM
death: Another one bites the dust, cyborg, you will be greatly missed on c_system. 8-12-2020, 5:20:27 PM
death: Well, Amphibian doesn't exist anymore. Looks to be that ramil has ultimate victory. Clean up on secret_house  8-12-2020, 5:21:17 PM
nikita-k (nikita-k) said ой мл€ баг нашЄл 8-12-2020, 5:21:49 PM
nikita-k (nikita-k) said rofl 8-12-2020, 5:22:01 PM
ramil (ramil) said roflllllllllllllllllll 8-12-2020, 5:22:06 PM
nikita-k (nikita-k) said потом исправлю 8-12-2020, 5:22:14 PM
nikita-k (nikita-k) said к воскресному обновлению 8-12-2020, 5:22:33 PM
nikita-k (nikita-k) said хех 8-12-2020, 5:22:36 PM
death: ramil just royally kicked Amphibian's ass 8-12-2020, 5:22:39 PM
nikita-k (nikita-k) said uraaa 8-12-2020, 5:24:59 PM
nikita-k (nikita-k) said xd 8-12-2020, 5:25:01 PM
pax logged in. 8-12-2020, 5:25:05 PM
nikita-k (nikita-k) said hello 8-12-2020, 5:25:16 PM
franklin (franklin) said .newbie 8-12-2020, 5:25:41 PM
franklin (franklin) said щн 8-12-2020, 5:25:44 PM
nikita-k (nikita-k) said rofl 8-12-2020, 5:25:44 PM
nikita-k (nikita-k) said не снимешь 8-12-2020, 5:25:51 PM
nikita-k (nikita-k) said потом сам изменитс€ 8-12-2020, 5:25:57 PM
ramil (ramil) said качайс€, и уберЄтс€ 8-12-2020, 5:25:58 PM
franklin (franklin) said а как с ним 8-12-2020, 5:25:59 PM
nikita-k (nikita-k) said когда качатс€ будеш 8-12-2020, 5:26:02 PM
franklin (franklin) said аа 8-12-2020, 5:26:05 PM
franklin (franklin) said €сно 8-12-2020, 5:26:07 PM
ramil (ramil) said лол 8-12-2020, 5:26:09 PM
pax (pax) said hi where I can find channels menu? 8-12-2020, 5:26:15 PM
death: Another one bites the dust! snake, have fun, I'm sure franklin is 8-12-2020, 5:26:29 PM
nikita-k (nikita-k) said f10 8-12-2020, 5:26:38 PM
ramil (ramil) said до 50 уровн€ 8-12-2020, 5:26:40 PM
death: and the deathly scream of boxer pierces the air as franklin finishes them off! 8-12-2020, 5:26:40 PM
death: franklin just completely and totally pulvarized mosquito over here! 8-12-2020, 5:26:50 PM
ramil (ramil) said невбие будит 8-12-2020, 5:26:55 PM
death: nurse was turned to pulp by franklin 8-12-2020, 5:27:06 PM
death: robot just got creamed by franklin 8-12-2020, 5:27:21 PM
death: franklin was totaled by pan on map zalp 8-12-2020, 5:27:32 PM
franklin (franklin) said лагааает! 8-12-2020, 5:27:46 PM
ramil (ramil) said no 8-12-2020, 5:27:49 PM
franklin (franklin) said ну у кого как 8-12-2020, 5:27:56 PM
nikita-k (nikita-k) said the ping took 68 ms 8-12-2020, 5:28:02 PM
death: boxer just got creamed by ramil 8-12-2020, 5:28:04 PM
pax (pax) said it is english channel 8-12-2020, 5:28:06 PM
nikita-k (nikita-k) said yes 8-12-2020, 5:28:09 PM
death: boxer's head was blown apart and now ramil plays basketball today, up for a game? 8-12-2020, 5:28:36 PM
franklin (franklin) said ух ты што играет 8-12-2020, 5:28:49 PM
death: Man? what's this! boxer died? No! He's my friend! Or what... I mean, he's ramil's friend! But I still can't believe looking at how he killed them on boxing_ring. 8-12-2020, 5:29:04 PM
death: trainer just got creamed by ramil 8-12-2020, 5:29:16 PM
death: pax takes their last breath as franklin's hand_grenade blasts them in the face one last time. Brutallity! 8-12-2020, 5:30:13 PM
franklin (franklin) said oy 8-12-2020, 5:30:17 PM
death: moth really made a mess of ramil on the zalp map.  8-12-2020, 5:30:18 PM
franklin (franklin) said а придметы што невал€ютс€? 8-12-2020, 5:31:02 PM
ramil (ramil) said там их мало 8-12-2020, 5:31:10 PM
franklin (franklin) said а не вал€ютс€ 8-12-2020, 5:31:12 PM
franklin (franklin) said пон€л 8-12-2020, 5:31:17 PM
death: You know that particular element in physics where velocity increases as you fall? yeah, yastreb learned that really fuckin quick. 8-12-2020, 5:31:19 PM
ramil logged in. 8-12-2020, 5:31:32 PM
yastreb logged in. 8-12-2020, 5:31:32 PM
nikita-k logged in. 8-12-2020, 5:31:35 PM
franklin logged in. 8-12-2020, 5:31:35 PM
yastreb disconnected 8-12-2020, 5:32:05 PM
yastreb logged in. 8-12-2020, 5:32:11 PM
pax logged in. 8-12-2020, 5:32:11 PM
death: Stay clear of Uncharted Nothingness, ramil has begun decaying. Thanks ramil's suicide bomb 8-12-2020, 5:32:17 PM
death: Damn, the laws of gravity, that was quite a vicious display of violence towards ramil 8-12-2020, 5:32:21 PM
yastreb disconnected 8-12-2020, 5:32:21 PM
nikita-k (nikita-k) said короче, из меню /help убрал команду /newbie 8-12-2020, 5:32:32 PM
nikita-k (nikita-k) said за ненадобностью 8-12-2020, 5:32:42 PM
pax (pax) said yep 8-12-2020, 5:32:55 PM
yastreb logged in. 8-12-2020, 5:32:55 PM
ramil (ramil) said можеи фигхт в магазе 8-12-2020, 5:33:10 PM
nikita-k (nikita-k) said no 8-12-2020, 5:33:15 PM
franklin (franklin) said ууу 8-12-2020, 5:33:16 PM
franklin (franklin) said а хот€ гыгыгы 8-12-2020, 5:33:24 PM
franklin (franklin) said у мен€ есть ручные гранатки 8-12-2020, 5:33:32 PM
franklin (franklin) said думаю на всех хватит 8-12-2020, 5:33:39 PM
nikita-k (nikita-k) said та неадо 8-12-2020, 5:33:39 PM
nikita-k (nikita-k) said щ€ новые игроки может пойдут, а тут файт будет 8-12-2020, 5:33:53 PM
franklin (franklin) said аа 8-12-2020, 5:33:56 PM
franklin (franklin) said ну да 8-12-2020, 5:33:59 PM
ramil (ramil) said event 8-12-2020, 5:33:59 PM
death: Anybody knows why ramil died? I know! ramil got owned by ramil's suicide bomb! Where? On Uncharted Nothingness! 8-12-2020, 5:34:03 PM
death: A new freshly killed blood of ramil lies now on store, thanks the laws of gravity! 8-12-2020, 5:34:07 PM
franklin (franklin) said а пивка нету? или есть? 8-12-2020, 5:34:30 PM
death: no one just royally kicked yastreb's ass 8-12-2020, 5:34:32 PM
franklin (franklin) said гыгыгы 8-12-2020, 5:34:33 PM
nikita-k (nikita-k) said xddd 8-12-2020, 5:35:00 PM
ramil (ramil) said xdd 8-12-2020, 5:35:09 PM
franklin (franklin) said ну не сор€н покупать небуду лудше по ищу 8-12-2020, 5:35:13 PM
franklin (franklin) said а то налители как мухи на гавно 8-12-2020, 5:35:23 PM
franklin (franklin) said уууууууу 1000000 8-12-2020, 5:35:33 PM
pax (pax) said please translate 8-12-2020, 5:35:33 PM
nikita-k (nikita-k) said roofkfkfkfkfk 8-12-2020, 5:35:41 PM
nikita-k (nikita-k) said flflflflflflf 8-12-2020, 5:35:47 PM
nikita-k (nikita-k) said oops 8-12-2020, 5:35:51 PM
franklin (franklin) said lol 8-12-2020, 5:35:53 PM
pax (pax) said what is message of the day about? 8-12-2020, 5:35:59 PM
death: Well, pax's helicopter 95 doesn't exist anymore. Looks to be that ramil's hand_grenade has ultimate victory. Clean up on battles  8-12-2020, 5:36:21 PM
death: and the deathly scream of pax pierces the air as ramil's hand_grenade finishes them off! 8-12-2020, 5:36:21 PM
nikita-k (nikita-k) said messages of the day in Russian, then in English 8-12-2020, 5:36:26 PM
franklin disconnected 8-12-2020, 5:36:53 PM
pax (pax) said I'll going to delete the game 8-12-2020, 5:36:58 PM
nikita-k (nikita-k) said why? 8-12-2020, 5:37:10 PM
pax (pax) said because too many items in Russian 8-12-2020, 5:37:23 PM
death: Man? what's this! helicopter died? No! He's my friend! Or what... I mean, he's ramil's friend! But I still can't believe looking at how he killed them on zalp. 8-12-2020, 5:37:31 PM
death: A new freshly killed blood of rat lies now on zalp, thanks ramil! 8-12-2020, 5:37:41 PM
franklin logged in. 8-12-2020, 5:37:48 PM
nikita-k (nikita-k) said message of the day in english 8-12-2020, 5:37:52 PM
ramil (ramil) said diew 8-12-2020, 5:37:54 PM
ramil (ramil) said die 8-12-2020, 5:37:57 PM
death: ramil killed sniper on zalp. 8-12-2020, 5:37:58 PM
nikita-k (nikita-k) said and russion 8-12-2020, 5:38:06 PM
death: tushkano, You have a murderer on line 1, go ahead ramil  8-12-2020, 5:38:14 PM
death: franklin is so happy because he killed fly on zalp! 8-12-2020, 5:38:18 PM
death: boxer just got their ass handed to them on a platter, happily served by ramil 8-12-2020, 5:38:28 PM
death: the main map now contains loads of guts from yastreb, thanks to psycho.  8-12-2020, 5:38:29 PM
death: franklin's modern_sub_machine_gun_carbine just completely and totally pulvarized ramil over here! 8-12-2020, 5:38:52 PM
death: ownage! robocop managed to escape by killing franklin on the map zalp 8-12-2020, 5:38:54 PM
nikita-k (nikita-k) said press enter, to go to the battlefield at 5, 30, 0 8-12-2020, 5:39:00 PM
nikita-k (nikita-k) said rofl 8-12-2020, 5:39:02 PM
nikita-k lost connection 8-12-2020, 5:39:18 PM
death: a bloody corpse of franklin now lies on map zalp, thanks to ramil's hand_grenade 8-12-2020, 5:39:37 PM
death: and splat goes snake, with ramil standing over them with quite the smile 8-12-2020, 5:39:45 PM
death: Oops? Man down! That man is glider. ramil isn't so kind on zalp. 8-12-2020, 5:39:56 PM
death: psychiatrist was owned by ramil on zalp 8-12-2020, 5:40:03 PM
death: OK, let's see what else franklin can do for psychiatrist on zalp. I saw he killed them! 8-12-2020, 5:40:16 PM
death: franklin's modern_sub_machine_gun_carbine just blew ramil's brains out. Somebody get a mo 8-12-2020, 5:40:19 PM
death: franklin just blew snake's brains out. Somebody get a mo 8-12-2020, 5:40:26 PM
death: A pool of red reminder liquid now forms under coyote's corpse. pax has the credibility for their demise.  8-12-2020, 5:40:30 PM
death: Man? what's this! ramil died? No! He's my friend! Or what... I mean, he's franklin's hand_grenade's friend! But I still can't believe looking at how he killed them on zalp. 8-12-2020, 5:40:39 PM
death: fireball just got their ass handed to them on a platter, happily served by franklin 8-12-2020, 5:40:54 PM
death: franklin just condemned mosquito to hell! 8-12-2020, 5:40:58 PM
death: a bloody corpse of ramil now lies on map zalp, thanks to ramil's suicide bomb 8-12-2020, 5:41:02 PM
death: and the deathly scream of franklin pierces the air as ramil's suicide bomb finishes them off! 8-12-2020, 5:41:02 PM
death: Another one bites the dust! excavator, have fun, I'm sure ramil's suicide bomb is 8-12-2020, 5:41:05 PM
franklin (franklin) said сука 8-12-2020, 5:41:17 PM
franklin (franklin) said достали читеры бл€ дайте нормально покачатс€ 8-12-2020, 5:41:29 PM
ramil (ramil) said ok 8-12-2020, 5:41:33 PM
franklin (franklin) said € понимаю што ты админ но бл€ 8-12-2020, 5:41:50 PM
death: A new corpse of excavator is flying on zalp, because franklin made this to happen! 8-12-2020, 5:42:09 PM
ramil (ramil) said € зашЄл и суициде поставел и здох. 8-12-2020, 5:42:11 PM
pax (pax) said why I cant move? 8-12-2020, 5:42:16 PM
death: franklin just put the smack down on rat 8-12-2020, 5:42:17 PM
franklin (franklin) said ага и мен€ 8-12-2020, 5:42:25 PM
death: franklin just condemned mosquito to hell! 8-12-2020, 5:42:26 PM
franklin (franklin) said слил 8-12-2020, 5:42:28 PM
ramil (ramil) said ну да 8-12-2020, 5:42:29 PM
pax (pax) said what? 8-12-2020, 5:42:45 PM
death: and the deathly scream of bear pierces the air as franklin finishes them off! 8-12-2020, 5:43:06 PM
death: helicopter has been terminated by franklin 8-12-2020, 5:43:16 PM
death: welder was nuked off the map zalp by franklin 8-12-2020, 5:43:28 PM
pax (pax) said why I cant move? 8-12-2020, 5:43:40 PM
franklin (franklin) said бл€ когда же этот флаг снимут 8-12-2020, 5:43:45 PM
death: A new freshly killed blood of lion lies now on vinni, thanks ramil! 8-12-2020, 5:43:51 PM
pax (pax) said what? 8-12-2020, 5:43:51 PM
franklin (franklin) said s 8-12-2020, 5:43:57 PM
death: ramil just condemned excavator to hell! 8-12-2020, 5:43:58 PM
death: ramil just beat the shit out of car 8-12-2020, 5:44:02 PM
franklin (franklin) said rofl 8-12-2020, 5:44:09 PM
pax (pax) said Im not Russian guy 8-12-2020, 5:44:18 PM
death: ownage! psycho managed to escape by killing franklin on the map zalp 8-12-2020, 5:44:24 PM
death: ramil just gave  zombie a royal beating 8-12-2020, 5:44:31 PM
death: franklin just put the smack down on cyborg 8-12-2020, 5:44:31 PM
pax disconnected 8-12-2020, 5:44:37 PM
death: Somebody call 9 1 1, oh wait, rain check. franklin gives no shits. Peace out, coyote 8-12-2020, 5:44:40 PM
pax logged in. 8-12-2020, 5:44:41 PM
death: snake really made a mess of franklin on the zalp map.  8-12-2020, 5:44:44 PM
death: Is there a doctor on the map? franklin has no paulse. Oh, there isn't? Okay. heavy hammer laughs. 8-12-2020, 5:44:51 PM
pax (pax) said really? game is that buggy? shift del 8-12-2020, 5:45:03 PM
death: and the deathly scream of robocop pierces the air as ramil finishes them off! 8-12-2020, 5:45:22 PM
franklin (franklin) said Click s 8-12-2020, 5:45:29 PM
death: Somebody call 9 1 1, oh wait, rain check. ramil gives no shits. Peace out, cockroach 8-12-2020, 5:45:29 PM
death: securityguard was turned to pulp by ramil 8-12-2020, 5:45:36 PM
pax (pax) said nothing 8-12-2020, 5:45:43 PM
pax (pax) said hell 8-12-2020, 5:45:48 PM
death: ramil just got bashed by rabbit on the vinni map 8-12-2020, 5:46:00 PM
franklin (franklin) said you are stuck in the wall 8-12-2020, 5:46:11 PM
pax (pax) said I can only jump 8-12-2020, 5:46:13 PM
death: psycho just got bashed by ramil on the vinni map 8-12-2020, 5:46:33 PM
pax (pax) said seryously? deleting right now! 8-12-2020, 5:46:34 PM
death: ramil is so happy because he killed mosquito on vinni! 8-12-2020, 5:46:35 PM
pax disconnected 8-12-2020, 5:46:36 PM
death: Is there a doctor on the map? snake has no paulse. Oh, there isn't? Okay. ramil laughs. 8-12-2020, 5:46:37 PM
death: psycho takes their last breath as ramil blasts them in the face one last time. Brutallity! 8-12-2020, 5:46:53 PM
death: franklin's hand_grenade is so happy because he killed yastreb on main! 8-12-2020, 5:47:09 PM
franklin (franklin) said oy 8-12-2020, 5:47:15 PM
death: horse was turned to pulp by ramil 8-12-2020, 5:47:18 PM
death: robot was nuked out of existance by ramil 8-12-2020, 5:47:52 PM
death: oy, where'd bear go. Do you happen to know, ramil? 8-12-2020, 5:48:07 PM
death: The vinni map is full now with storekeeper's guts as ramil owned them! 8-12-2020, 5:48:10 PM
franklin (franklin) said ramil 8-12-2020, 5:48:11 PM
death: I think I just saw bear's corpse flying as ramil owned them on vinni. 8-12-2020, 5:48:18 PM
franklin (franklin) said давай создадим тимку 8-12-2020, 5:48:27 PM
death: ownage! bear managed to escape by killing ramil on the map vinni 8-12-2020, 5:48:35 PM
death: ramil is so happy because he killed pan on vinni! 8-12-2020, 5:48:40 PM
franklin (franklin) said ramilramilramilramilramilramilramilramilramilramilramilramilramil 8-12-2020, 5:48:44 PM
ramil (ramil) said what 8-12-2020, 5:48:47 PM
death: Damn, ramil, that was quite a vicious display of violence towards cat 8-12-2020, 5:48:49 PM
franklin (franklin) said давай создадим тимку 8-12-2020, 5:48:57 PM
death: securityguard was totaled by ramil on map vinni 8-12-2020, 5:48:59 PM
ramil (ramil) said go 8-12-2020, 5:49:00 PM
death: Well, surgeon doesn't exist anymore. Looks to be that ramil has ultimate victory. Clean up on vinni  8-12-2020, 5:49:07 PM
death: lion has been terminated by ramil 8-12-2020, 5:49:24 PM
franklin (franklin) said ты создаш? 8-12-2020, 5:49:26 PM
ramil sent a Pm to franklin: pass 2 8-12-2020, 5:49:36 PM
franklin (franklin) said .рудз 8-12-2020, 5:49:46 PM
death: flamethrower was given what was coming to them, thank you ramil! 8-12-2020, 5:49:49 PM
death: OK, let's see what else ramil can do for wolf on vinni. I saw he killed them! 8-12-2020, 5:49:52 PM
death: metallurgist was owned by ramil on vinni 8-12-2020, 5:49:56 PM
ramil (ramil) said name 1 8-12-2020, 5:49:59 PM
death: rat was given what was coming to them, thank you ramil! 8-12-2020, 5:50:09 PM
death: mosquito was totaled by ramil on map vinni 8-12-2020, 5:50:14 PM
death: harvester just got bashed by ramil on the vinni map 8-12-2020, 5:50:20 PM
death: and the deathly scream of doctor pierces the air as ramil finishes them off! 8-12-2020, 5:50:25 PM
death: ramil just blasted grandpa away! 8-12-2020, 5:50:36 PM
franklin (franklin) said пароль только помин€й 8-12-2020, 5:50:40 PM
death: worm just got creamed by ramil 8-12-2020, 5:50:40 PM
death: Man? what's this! metallurgist died? No! He's my friend! Or what... I mean, he's ramil's friend! But I still can't believe looking at how he killed them on vinni. 8-12-2020, 5:50:51 PM
death: Damn, ramil, that was quite a vicious display of violence towards worm 8-12-2020, 5:50:55 PM
death: storekeeper died. Why? Because ramil owned them on vinni. 8-12-2020, 5:50:57 PM
death: dragon really made a mess of ramil on the vinni map.  8-12-2020, 5:51:00 PM
franklin (franklin) said а то надеюсь пиндосов понабижыыт 8-12-2020, 5:51:04 PM
ramil (ramil) said dun 8-12-2020, 5:51:07 PM
death: flamethrower just got annihilated by ramil 8-12-2020, 5:51:11 PM
death: ramil just condemned storekeeper to hell! 8-12-2020, 5:51:17 PM
franklin (franklin) said это чо за карта гыгыгы 8-12-2020, 5:51:33 PM
death: fly just got creamed by ramil 8-12-2020, 5:51:34 PM
ramil (ramil) said test 8-12-2020, 5:51:40 PM
franklin (franklin) said move me pls 8-12-2020, 5:51:52 PM
Flammia logged in. 8-12-2020, 5:51:56 PM
franklin (franklin) said yo! 8-12-2020, 5:52:02 PM
death: A new freshly killed blood of robocop lies now on vinni, thanks ramil! 8-12-2020, 5:52:24 PM
death: ramil just mauled cockroach 8-12-2020, 5:52:32 PM
death: tank, You have a murderer on line 1, go ahead ramil  8-12-2020, 5:52:56 PM
death: ramil just put metallurgist 6 feet under on vinni 8-12-2020, 5:53:13 PM
death: Stop crying, psycho! Go kill ramil! 8-12-2020, 5:53:25 PM
death: Stay clear of vinni, helicopter has begun decaying. Thanks ramil 8-12-2020, 5:53:29 PM
franklin (franklin) said ramil go tt 8-12-2020, 5:53:36 PM
death: ramil just neutralized patient 8-12-2020, 5:53:59 PM
death: Damn, ramil, that was quite a vicious display of violence towards worm 8-12-2020, 5:54:18 PM
death: a bloody corpse of surgeon now lies on map vinni, thanks to ramil 8-12-2020, 5:54:25 PM
franklin sent a Pm to ramil: move me pls 8-12-2020, 5:54:33 PM
death: ramil just completely and totally pulvarized manager over here! 8-12-2020, 5:54:34 PM
death: A pool of red reminder liquid now forms under sniper's corpse. ramil has the credibility for their demise.  8-12-2020, 5:54:43 PM
death: ramil is so happy because he killed helicopter on vinni! 8-12-2020, 5:54:53 PM
ramil (ramil) said second 8-12-2020, 5:55:20 PM
death: vinni smells pretty dank. dentist needs a proper barrial by ramil 8-12-2020, 5:55:21 PM
death: franklin just got annihilated by the laws of gravity 8-12-2020, 5:55:43 PM
death: metallurgist was turned to pulp by ramil 8-12-2020, 5:55:49 PM
death: ownage! pan managed to escape by killing ramil on the map vinni 8-12-2020, 5:55:50 PM
franklin (franklin) said oy 8-12-2020, 5:55:53 PM
death: Well, cyborg doesn't exist anymore. Looks to be that ramil has ultimate victory. Clean up on vinni  8-12-2020, 5:55:54 PM
death: Man? what's this! helicopter died? No! He's my friend! Or what... I mean, he's ramil's friend! But I still can't believe looking at how he killed them on vinni. 8-12-2020, 5:55:56 PM
franklin (franklin) said мен€ свернуло 8-12-2020, 5:56:02 PM
ramil (ramil) said nice 8-12-2020, 5:56:10 PM
franklin (franklin) said ага 8-12-2020, 5:56:14 PM
franklin (franklin) said ммда 8-12-2020, 5:56:20 PM
ramil (ramil) said gg 8-12-2020, 5:56:27 PM
death: ramil just royally kicked grandpa's ass 8-12-2020, 5:57:31 PM
death: boxer just got annihilated by franklin 8-12-2020, 5:58:48 PM
death: Damn, franklin, that was quite a vicious display of violence towards boxer 8-12-2020, 5:58:49 PM
death: franklin just put the smack down on trainer 8-12-2020, 5:58:49 PM
death: franklin killed boxer on boxing. 8-12-2020, 5:58:53 PM
death: oy, where'd boxer go. Do you happen to know, franklin? 8-12-2020, 5:59:05 PM
death: ramil just mauled trainer 8-12-2020, 5:59:09 PM
death: There's a light at the end of the tunnel boxer, actually, fuck that. ramil ran you down. Sor'r'r'r'r'r'r'r'r'r'ry 8-12-2020, 5:59:12 PM
death: and the deathly scream of boxer pierces the air as ramil finishes them off! 8-12-2020, 5:59:20 PM
death: There's a light at the end of the tunnel yastreb, actually, fuck that. yastreb's Timebomb ran you down. Sor'r'r'r'r'r'r'r'r'r'ry 8-12-2020, 5:59:24 PM
death: and the deathly scream of boxer pierces the air as ramil finishes them off! 8-12-2020, 5:59:28 PM
death: trainer just got annihilated by ramil 8-12-2020, 5:59:36 PM
death: boxer has been terminated by ramil 8-12-2020, 5:59:40 PM
death: A pool of red reminder liquid now forms under boxer's corpse. ramil has the credibility for their demise.  8-12-2020, 5:59:50 PM
death: ramil just blew boxer's brains out. Somebody get a mo 8-12-2020, 5:59:58 PM
death: ownage! trainer managed to escape by killing ramil on the map boxing 8-12-2020, 6:00:06 PM
death: Stop crying, trainer! Go kill ramil! 8-12-2020, 6:00:09 PM
death: A new freshly killed blood of boxer lies now on boxing, thanks ramil! 8-12-2020, 6:00:20 PM
death: ownage! boxer managed to escape by killing ramil on the map boxing 8-12-2020, 6:00:23 PM
yastreb disconnected 8-12-2020, 6:00:28 PM
death: ramil just blew boxer's brains out. Somebody get a mo 8-12-2020, 6:00:34 PM
death: Man? what's this! boxer died? No! He's my friend! Or what... I mean, he's ramil's friend! But I still can't believe looking at how he killed them on boxing. 8-12-2020, 6:00:38 PM
death: boxer just got bashed by ramil on the boxing map 8-12-2020, 6:00:45 PM
death: boxer was totaled by ramil on map boxing 8-12-2020, 6:00:57 PM
death: ramil just beat the shit out of boxer 8-12-2020, 6:00:57 PM
death: ramil just blew trainer's brains out. Somebody get a mo 8-12-2020, 6:01:06 PM
death: Another one bites the dust, trainer, you will be greatly missed on boxing. 8-12-2020, 6:01:13 PM
death: Well, boxer doesn't exist anymore. Looks to be that ramil has ultimate victory. Clean up on boxing  8-12-2020, 6:01:23 PM
death: Breaking news! Today, ramil killed boxer so easy on boxing! isn't it a good news? 8-12-2020, 6:01:30 PM
death: ramil just put the smack down on boxer 8-12-2020, 6:01:36 PM
death: Anybody knows why boxer died? I know! boxer got owned by ramil! Where? On boxing! 8-12-2020, 6:01:41 PM
death: ramil just blasted boxer away! 8-12-2020, 6:01:46 PM
death: ramil just mauled boxer 8-12-2020, 6:01:55 PM
death: ramil killed boxer on boxing. 8-12-2020, 6:02:02 PM
death: Man? what's this! boxer died? No! He's my friend! Or what... I mean, he's ramil's friend! But I still can't believe looking at how he killed them on boxing. 8-12-2020, 6:02:11 PM
death: A pool of red reminder liquid now forms under trainer's corpse. ramil has the credibility for their demise.  8-12-2020, 6:02:18 PM
death: gravaty just finished pulling the corpse of boxer to the ground of the boxing map, and we can thank ramil for the help!  8-12-2020, 6:02:26 PM
death: Is there a doctor on the map? boxer has no paulse. Oh, there isn't? Okay. ramil laughs. 8-12-2020, 6:05:33 PM
death: boxing smells pretty dank. boxer needs a proper barrial by ramil 8-12-2020, 6:05:35 PM
death: a bloody corpse of trainer now lies on map boxing, thanks to ramil 8-12-2020, 6:05:36 PM
death: Damn, ramil, that was quite a vicious display of violence towards boxer 8-12-2020, 6:05:40 PM
death: ramil just gave  trainer a royal beating 8-12-2020, 6:05:47 PM
death: ramil laughs mockingly at the dying form of boxer on boxing 8-12-2020, 6:05:53 PM
death: ramil just put boxer 6 feet under on boxing 8-12-2020, 6:06:02 PM
death: trainer's head was blown apart and now ramil plays basketball today, up for a game? 8-12-2020, 6:06:08 PM
death: trainer just got bashed by ramil on the boxing map 8-12-2020, 6:06:16 PM
lirik logged in. 8-12-2020, 6:07:14 PM
franklin (franklin) said hi 8-12-2020, 6:07:22 PM
ramil (ramil) said hi newbie 8-12-2020, 6:07:28 PM
lirik (lirik) said hi 8-12-2020, 6:07:35 PM
franklin (franklin) said yo bro! 8-12-2020, 6:07:36 PM
Flammia (Flammia) said привет 8-12-2020, 6:07:48 PM
franklin (franklin) said hey! 8-12-2020, 6:07:52 PM
ramil (ramil) said russian keybord 8-12-2020, 6:08:01 PM
ramil (ramil) said gg 8-12-2020, 6:08:04 PM
franklin (franklin) said ок 8-12-2020, 6:08:07 PM
ramil (ramil) said go to cage 8-12-2020, 6:08:51 PM
ramil (ramil) said newbie 8-12-2020, 6:08:53 PM
ramil (ramil) said newbis 8-12-2020, 6:08:59 PM
ramil (ramil) said newbies,go to cage 8-12-2020, 6:10:24 PM
ramil (ramil) said n 8-12-2020, 6:10:31 PM
ramil (ramil) said e 8-12-2020, 6:10:32 PM
ramil (ramil) said w 8-12-2020, 6:10:35 PM
ramil (ramil) said b 8-12-2020, 6:10:37 PM
ramil (ramil) said i 8-12-2020, 6:10:39 PM
ramil (ramil) said e 8-12-2020, 6:10:43 PM
franklin (franklin) said гыгыгыгыгы 8-12-2020, 6:10:44 PM
ramil (ramil) said s 8-12-2020, 6:10:44 PM
franklin (franklin) said да нехот€т они гы 8-12-2020, 6:10:53 PM
ramil (ramil) said franklin 8-12-2020, 6:12:45 PM
franklin (franklin) said ф 8-12-2020, 6:12:47 PM
franklin (franklin) said а 8-12-2020, 6:12:49 PM
ramil (ramil) said there are currently 4 players online. 1 administrator ramil (ramil) with 1050 deaths and 2415 kills, 1  franklin (franklin) with 5 deaths and 5 kills,  flammia ( flammia) with 0 deaths and 0 kills, and  lirik ( lirik) with 0 deaths and 0 kills. 8-12-2020, 6:16:02 PM
death: franklin just royally kicked rabbit's ass 8-12-2020, 6:16:30 PM
death: and splat goes dog, with franklin standing over them with quite the smile 8-12-2020, 6:16:33 PM
death: coyote was nuked out of existance by franklin 8-12-2020, 6:16:36 PM
death: bear got fucked up by franklin on cage. 8-12-2020, 6:16:39 PM
death: hunter was just obliterated by the force of franklin on cage 8-12-2020, 6:16:42 PM
death: dog just got creamed by franklin 8-12-2020, 6:16:45 PM
death: dog takes their last breath as ramil blasts them in the face one last time. Brutallity! 8-12-2020, 6:16:48 PM
death: franklin just blasted dog away! 8-12-2020, 6:16:51 PM
death: He shoots, he scores! coyote's testicles went flying through the hoops. franklin stands tall with quite the sinical smile. 8-12-2020, 6:16:54 PM
death: dog really made a mess of ramil on the cage map.  8-12-2020, 6:16:56 PM
death: Somebody call 9 1 1, oh wait, rain check. ramil gives no shits. Peace out, rabbit 8-12-2020, 6:16:58 PM
death: lion just put the smack down on franklin 8-12-2020, 6:17:04 PM
death: Rest  in piece, lion. We'll sure miss you, guess we can thank ramil for what they did. 8-12-2020, 6:17:11 PM
death: lion really made a mess of ramil on the cage map.  8-12-2020, 6:17:20 PM
death: Damn, ramil, that was quite a vicious display of violence towards wolf 8-12-2020, 6:17:28 PM
death: A new corpse of wolf is flying on cage, because ramil made this to happen! 8-12-2020, 6:17:33 PM
death: You know that particular element in physics where velocity increases as you fall? yeah, coyote learned that really fuckin quick. 8-12-2020, 6:17:36 PM
death: ramil just gave  coyote a royal beating 8-12-2020, 6:17:42 PM
death: Flammia just used the grounds of the main map to teach fly a very important lesson!  8-12-2020, 6:17:45 PM
death: polarbear died. Why? Because ramil owned them on cage. 8-12-2020, 6:17:46 PM
death: ramil is so happy because he killed rabbit on cage! 8-12-2020, 6:17:51 PM
death: Is there a doctor on the map? hunter has no paulse. Oh, there isn't? Okay. ramil laughs. 8-12-2020, 6:17:55 PM
death: The cage map is full now with hunter's guts as ramil owned them! 8-12-2020, 6:18:00 PM
death: ramil's head was blown apart and now rabbit plays basketball today, up for a game? 8-12-2020, 6:18:03 PM
Flammia disconnected 8-12-2020, 6:18:21 PM
Flammia logged in. 8-12-2020, 6:18:34 PM
death: There's a light at the end of the tunnel lirik, actually, fuck that. dentist ran you down. Sor'r'r'r'r'r'r'r'r'r'ry 8-12-2020, 6:19:22 PM
death: dog was totaled by ramil on map cage 8-12-2020, 6:20:14 PM
death: rabbit just got their ass handed to them on a platter, happily served by ramil 8-12-2020, 6:20:20 PM
lirik (lirik) said senx 8-12-2020, 6:20:22 PM
death: wolf was owned by ramil on cage 8-12-2020, 6:20:25 PM
maxgamer logged in. 8-12-2020, 6:20:25 PM
franklin (franklin) said yo 8-12-2020, 6:20:27 PM
death: wolf was owned by ramil on cage 8-12-2020, 6:20:29 PM
maxgamer (maxgamer) said kdsalfjlsdaflashbfkashfokasdhuvfeufr 8-12-2020, 6:20:31 PM
death: rabbit got fucked up by ramil on cage. 8-12-2020, 6:20:34 PM
franklin (franklin) said hey! 8-12-2020, 6:20:37 PM
death: Stop crying, polarbear! Go kill ramil! 8-12-2020, 6:20:37 PM
death: wolf died. Why? Because ramil owned them on cage. 8-12-2020, 6:20:40 PM
death: The cage map is full now with wolf's guts as ramil owned them! 8-12-2020, 6:20:45 PM
death: ramil just completely and totally pulvarized dog over here! 8-12-2020, 6:21:09 PM
death: because of the villany of ramil, rabbit will no longer have a beating heart again, because it is broken on the cage map.  8-12-2020, 6:21:14 PM
death: hunter was totaled by ramil on map cage 8-12-2020, 6:21:20 PM
death: dog was given what was coming to them, thank you ramil! 8-12-2020, 6:21:24 PM
death: Another one bites the dust, hunter, you will be greatly missed on cage. 8-12-2020, 6:21:32 PM
death: Well, polarbear doesn't exist anymore. Looks to be that ramil has ultimate victory. Clean up on cage  8-12-2020, 6:21:38 PM
death: ramil just put polarbear 6 feet under on cage 8-12-2020, 6:21:42 PM
death: coyote takes their last breath as ramil blasts them in the face one last time. Brutallity! 8-12-2020, 6:21:44 PM
death: He shoots, he scores! polarbear's testicles went flying through the hoops. ramil stands tall with quite the sinical smile. 8-12-2020, 6:21:47 PM
death: Oops? Man down! That man is coyote. ramil isn't so kind on cage. 8-12-2020, 6:21:52 PM
death: Well, ramil doesn't exist anymore. Looks to be that lion has ultimate victory. Clean up on cage  8-12-2020, 6:21:58 PM
death: lion was owned by ramil on cage 8-12-2020, 6:22:04 PM
maxgamer (maxgamer) said ';';';';';';';'; 8-12-2020, 6:22:50 PM
death: franklin's hand_grenade killed lirik on main. 8-12-2020, 6:23:46 PM
franklin (franklin) said die 8-12-2020, 6:23:53 PM
maxgamer (maxgamer) said you 8-12-2020, 6:23:57 PM
franklin (franklin) said no! 8-12-2020, 6:24:01 PM
lirik (lirik) said fuk 8-12-2020, 6:24:01 PM
franklin (franklin) said hahaha 8-12-2020, 6:24:05 PM
death: trainer was nuked out of existance by ramil 8-12-2020, 6:24:34 PM
death: zalp smells pretty dank. metallurgist needs a proper barrial by maxgamer 8-12-2020, 6:24:49 PM
death: Stop crying, snake! Go kill maxgamer! 8-12-2020, 6:24:56 PM
death: metallurgist just condemned maxgamer to hell! 8-12-2020, 6:25:10 PM
death: trainer was owned by maxgamer on zalp 8-12-2020, 6:25:39 PM
death: rat, You have a murderer on line 1, go ahead maxgamer  8-12-2020, 6:25:45 PM
death: polarbear just royally kicked maxgamer's ass 8-12-2020, 6:26:00 PM
death: Oh flapjacks, zalp looks like a big bloody mess. maxgamer definitely pushed hard to use polarbear's remains as a deceration 8-12-2020, 6:26:05 PM
death: Another one bites the dust, tank, you will be greatly missed on zalp. 8-12-2020, 6:26:51 PM
death: You know that particular element in physics where velocity increases as you fall? yeah, glider learned that really fuckin quick. 8-12-2020, 6:27:00 PM
death: Damn, franklin, that was quite a vicious display of violence towards dragon 8-12-2020, 6:27:08 PM
death: the zalp map now contains loads of guts from moth, thanks to maxgamer.  8-12-2020, 6:27:16 PM
death: Oh flapjacks, zalp looks like a big bloody mess. maxgamer definitely pushed hard to use coyote's remains as a deceration 8-12-2020, 6:27:33 PM
death: and splat goes boxer, with ramil standing over them with quite the smile 8-12-2020, 6:27:34 PM
death: boxer was just obliterated by the force of ramil on boxing 8-12-2020, 6:27:41 PM
death: The boxing map is full now with boxer's guts as ramil owned them! 8-12-2020, 6:27:41 PM
death: maxgamer just gave polarbear what for! 8-12-2020, 6:27:42 PM
death: A pool of red reminder liquid now forms under nurse's corpse. mini_missile has the credibility for their demise.  8-12-2020, 6:27:52 PM
death: the viewing platform map now contains loads of guts from ramil, thanks to Flammia's nuclear bomb.  8-12-2020, 6:28:03 PM
death: gravaty just finished pulling the corpse of franklin to the ground of the zalp map, and we can thank Flammia's nuclear bomb for the help!  8-12-2020, 6:28:03 PM
death: Flammia's nuclear bomb just mauled lirik 8-12-2020, 6:28:03 PM
death: Flammia, I believe Flammia's nuclear bomb had something to say. 8-12-2020, 6:28:03 PM
death: Flammia's nuclear bomb just condemned maxgamer to hell! 8-12-2020, 6:28:03 PM
death: Another one bites the dust! moth, have fun, I'm sure maxgamer is 8-12-2020, 6:28:31 PM
death: Is there a doctor on the map? lirik has no paulse. Oh, there isn't? Okay. franklin's hand_grenade laughs. 8-12-2020, 6:28:35 PM
death: I think I just saw Flammia's corpse flying as franklin's hand_grenade owned them on store. 8-12-2020, 6:28:36 PM
death: franklin's hand_grenade is so happy because he killed Flammia on store! 8-12-2020, 6:28:44 PM
death: maxgamer just used the grounds of the zalp map to teach manager a very important lesson!  8-12-2020, 6:28:48 PM
death: Flammia really made a mess of franklin's hand_grenade on the store map.  8-12-2020, 6:28:49 PM
death: maxgamer takes their last breath as robot blasts them in the face one last time. Brutallity! 8-12-2020, 6:28:54 PM
death: lirik was owned by franklin's hand_grenade on store 8-12-2020, 6:28:55 PM
death: franklin's hand_grenade just blasted lirik away! 8-12-2020, 6:29:04 PM
death: ramil's throwing_star just totaled Flammia's ass on store 8-12-2020, 6:29:04 PM
death: A pool of red reminder liquid now forms under lirik's corpse. franklin's hand_grenade has the credibility for their demise.  8-12-2020, 6:29:11 PM
death: A new freshly killed blood of Flammia lies now on store, thanks franklin's hand_grenade! 8-12-2020, 6:29:12 PM
death: lirik was nuked out of existance by ramil's throwing_star 8-12-2020, 6:29:14 PM
death: lirik takes their last breath as ramil's throwing_star blasts them in the face one last time. Brutallity! 8-12-2020, 6:29:22 PM
death: Flammia was nuked off the map store by franklin's hand_grenade 8-12-2020, 6:29:24 PM
death: ownage! maxgamer managed to escape by killing Amphibian on the map zalp 8-12-2020, 6:29:28 PM
death: You know that particular element in physics where velocity increases as you fall? yeah, Amphibian learned that really fuckin quick. 8-12-2020, 6:29:34 PM
death: Another one bites the dust! lirik, have fun, I'm sure ramil's throwing_star is 8-12-2020, 6:29:35 PM
death: A pool of red reminder liquid now forms under lirik's corpse. ramil's throwing_star has the credibility for their demise.  8-12-2020, 6:29:43 PM
death: A pool of red reminder liquid now forms under Flammia's corpse. franklin's hand_grenade has the credibility for their demise.  8-12-2020, 6:29:43 PM
death: Rest  in piece, lirik. We'll sure miss you, guess we can thank franklin's hand_grenade for what they did. 8-12-2020, 6:29:48 PM
death: Flammia was just obliterated by the force of franklin's hand_grenade on store 8-12-2020, 6:29:51 PM
death: ramil's throwing_star just mauled lirik 8-12-2020, 6:29:55 PM
death: lirik got fucked up by franklin's hand_grenade on store. 8-12-2020, 6:29:59 PM
death: maxgamer died. Why? Because tank owned them on zalp. 8-12-2020, 6:30:02 PM
death: Oh flapjacks, zalp looks like a big bloody mess. maxgamer definitely pushed hard to use tank's remains as a deceration 8-12-2020, 6:30:04 PM
death: lirik was given what was coming to them, thank you franklin's hand_grenade! 8-12-2020, 6:30:05 PM
death: and the deathly scream of lirik pierces the air as franklin's hand_grenade finishes them off! 8-12-2020, 6:30:12 PM
death: Flammia died. Why? Because franklin's hand_grenade owned them on store. 8-12-2020, 6:30:17 PM
death: ramil's throwing_star just beat the shit out of lirik 8-12-2020, 6:30:18 PM
death: lirik has been terminated by franklin's hand_grenade 8-12-2020, 6:30:22 PM
death: maxgamer just neutralized polarbear 8-12-2020, 6:30:29 PM
death: franklin's hand_grenade just mauled Flammia 8-12-2020, 6:30:29 PM
maxgamer (maxgamer) said f 8-12-2020, 6:30:33 PM
death: ramil's hand_cannon just gave  lirik a royal beating 8-12-2020, 6:30:34 PM
lirik disconnected 8-12-2020, 6:30:41 PM
death: franklin's hand_grenade just neutralized Flammia 8-12-2020, 6:30:43 PM
death: maxgamer just royally kicked lion's ass 8-12-2020, 6:30:48 PM
death: Flammia just got bashed by franklin's hand_grenade on the store map 8-12-2020, 6:30:50 PM
death: Oops? Man down! That man is maxgamer. metallurgist isn't so kind on zalp. 8-12-2020, 6:30:53 PM
death: Flammia's head was blown apart and now franklin's hand_grenade plays basketball today, up for a game? 8-12-2020, 6:30:56 PM
death: I think I just saw metallurgist's corpse flying as maxgamer owned them on zalp. 8-12-2020, 6:30:59 PM
Flammia disconnected 8-12-2020, 6:31:04 PM
death: maxgamer just neutralized pan 8-12-2020, 6:31:14 PM
maxgamer (maxgamer) said f 8-12-2020, 6:31:17 PM
death: excavator got fucked up by maxgamer on zalp. 8-12-2020, 6:31:51 PM
death: oy, where'd maxgamer go. Do you happen to know, harvester? 8-12-2020, 6:31:59 PM
death: franklin just used the grounds of the zalp map to teach mosquito a very important lesson!  8-12-2020, 6:32:22 PM
death: Breaking news! Today, Amphibian killed franklin so easy on zalp! isn't it a good news? 8-12-2020, 6:32:49 PM
death: Is there a doctor on the map? rabbit has no paulse. Oh, there isn't? Okay. maxgamer laughs. 8-12-2020, 6:32:49 PM
death: Is there a doctor on the map? Amphibian has no paulse. Oh, there isn't? Okay. franklin laughs. 8-12-2020, 6:32:52 PM
death: maxgamer just condemned wolf to hell! 8-12-2020, 6:32:57 PM
death: maxgamer killed coyote on cage. 8-12-2020, 6:33:00 PM
death: Stop crying, maxgamer! Go kill lion! 8-12-2020, 6:33:04 PM
death: Breaking news! Today, franklin killed manager so easy on zalp! isn't it a good news? 8-12-2020, 6:33:16 PM
death: franklin just gave  worm a royal beating 8-12-2020, 6:33:20 PM
death: oy, where'd rabbit go. Do you happen to know, maxgamer? 8-12-2020, 6:33:27 PM
death: franklin just royally kicked nurse's ass 8-12-2020, 6:33:29 PM
death: He shoots, he scores! bear's testicles went flying through the hoops. maxgamer stands tall with quite the sinical smile. 8-12-2020, 6:33:32 PM
death: maxgamer just beat the shit out of wolf 8-12-2020, 6:33:37 PM
death: soldier just got bashed by ramil on the zalp map 8-12-2020, 6:33:38 PM
death: coyote really made a mess of maxgamer on the cage map.  8-12-2020, 6:33:41 PM
death: horse has been terminated by ramil 8-12-2020, 6:33:45 PM
death: maxgamer just put coyote 6 feet under on cage 8-12-2020, 6:33:47 PM
death: Anybody knows why bear died? I know! bear got owned by maxgamer! Where? On cage! 8-12-2020, 6:33:51 PM
death: wolf was nuked out of existance by maxgamer 8-12-2020, 6:33:57 PM
death: tank was turned to pulp by franklin 8-12-2020, 6:33:59 PM
death: There's a light at the end of the tunnel hunter, actually, fuck that. maxgamer ran you down. Sor'r'r'r'r'r'r'r'r'r'ry 8-12-2020, 6:34:03 PM
death: Stop crying, bear! Go kill maxgamer! 8-12-2020, 6:34:10 PM
death: Is there a doctor on the map? worm has no paulse. Oh, there isn't? Okay. ramil laughs. 8-12-2020, 6:34:11 PM
death: OK, let's see what else maxgamer can do for hunter on cage. I saw he killed them! 8-12-2020, 6:34:17 PM
death: ramil just completely and totally pulvarized surgeon over here! 8-12-2020, 6:34:19 PM
death: coyote was totaled by maxgamer on map cage 8-12-2020, 6:34:19 PM
death: He shoots, he scores! wolf's testicles went flying through the hoops. maxgamer stands tall with quite the sinical smile. 8-12-2020, 6:34:24 PM
death: fitter, You have a murderer on line 1, go ahead franklin  8-12-2020, 6:34:26 PM
death: maxgamer just neutralized wolf 8-12-2020, 6:34:29 PM
death: Man? what's this! polarbear died? No! He's my friend! Or what... I mean, he's maxgamer's friend! But I still can't believe looking at how he killed them on cage. 8-12-2020, 6:34:33 PM
death: car was turned to pulp by franklin 8-12-2020, 6:34:34 PM
death: Rest  in piece, hunter. We'll sure miss you, guess we can thank maxgamer for what they did. 8-12-2020, 6:34:39 PM
death: franklin just completely and totally pulvarized pan over here! 8-12-2020, 6:34:40 PM
death: hunter just got annihilated by maxgamer 8-12-2020, 6:34:42 PM
death: A new corpse of rabbit is flying on cage, because maxgamer made this to happen! 8-12-2020, 6:34:44 PM
death: A pool of red reminder liquid now forms under rabbit's corpse. maxgamer has the credibility for their demise.  8-12-2020, 6:34:49 PM
death: Rest  in piece, doctor. We'll sure miss you, guess we can thank franklin for what they did. 8-12-2020, 6:34:56 PM
death: and splat goes hunter, with maxgamer standing over them with quite the smile 8-12-2020, 6:34:57 PM
death: wolf just got their ass handed to them on a platter, happily served by maxgamer 8-12-2020, 6:35:01 PM
death: The cage map is full now with rabbit's guts as maxgamer owned them! 8-12-2020, 6:35:05 PM
death: coyote was turned to pulp by ramil 8-12-2020, 6:35:06 PM
death: bear has been terminated by maxgamer 8-12-2020, 6:35:08 PM
death: Somebody call 9 1 1, oh wait, rain check. franklin gives no shits. Peace out, surgeon 8-12-2020, 6:35:14 PM
death: lion was totaled by maxgamer on map cage 8-12-2020, 6:35:14 PM
death: a bloody corpse of maxgamer now lies on map cage, thanks to lion 8-12-2020, 6:35:17 PM
death: A new corpse of lion is flying on cage, because maxgamer made this to happen! 8-12-2020, 6:35:22 PM
death: cyborg, You have a murderer on line 1, go ahead franklin  8-12-2020, 6:35:28 PM
death: maxgamer just beat the shit out of coyote 8-12-2020, 6:35:43 PM
death: He shoots, he scores! boxer's testicles went flying through the hoops. franklin stands tall with quite the sinical smile. 8-12-2020, 6:35:43 PM
death: polarbear just got creamed by maxgamer 8-12-2020, 6:35:45 PM
death: OK, let's see what else maxgamer can do for dog on cage. I saw he killed them! 8-12-2020, 6:35:47 PM
death: glider takes their last breath as ramil blasts them in the face one last time. Brutallity! 8-12-2020, 6:35:51 PM
death: dog just got their ass handed to them on a platter, happily served by maxgamer 8-12-2020, 6:35:53 PM
death: A new corpse of coyote is flying on cage, because maxgamer made this to happen! 8-12-2020, 6:35:56 PM
death: and the deathly scream of coyote pierces the air as maxgamer finishes them off! 8-12-2020, 6:35:58 PM
death: maxgamer just gave rabbit what for! 8-12-2020, 6:36:00 PM
death: dragon got fucked up by franklin on zalp. 8-12-2020, 6:36:03 PM
death: Is there a doctor on the map? maxgamer has no paulse. Oh, there isn't? Okay. lion laughs. 8-12-2020, 6:36:03 PM
death: A new corpse of lion is flying on cage, because maxgamer made this to happen! 8-12-2020, 6:36:07 PM
death: gravaty just finished pulling the corpse of zombie to the ground of the zalp map, and we can thank franklin for the help!  8-12-2020, 6:36:43 PM
death: franklin just put glider 6 feet under on zalp 8-12-2020, 6:36:54 PM
death: dog was turned to pulp by maxgamer 8-12-2020, 6:36:59 PM
death: ownage! coyote managed to escape by killing maxgamer on the map cage 8-12-2020, 6:37:01 PM
death: There's a light at the end of the tunnel coyote, actually, fuck that. maxgamer ran you down. Sor'r'r'r'r'r'r'r'r'r'ry 8-12-2020, 6:37:03 PM
death: fly just got their ass handed to them on a platter, happily served by franklin 8-12-2020, 6:37:05 PM
death: maxgamer just completely and totally pulvarized lion over here! 8-12-2020, 6:37:11 PM
death: rabbit got fucked up by franklin on zalp. 8-12-2020, 6:37:13 PM
death: maxgamer just royally kicked lion's ass 8-12-2020, 6:37:22 PM
death: Somebody call 9 1 1, oh wait, rain check. maxgamer gives no shits. Peace out, bear 8-12-2020, 6:37:30 PM
death: robocop really made a mess of ramil on the zalp map.  8-12-2020, 6:37:32 PM
death: robocop was nuked off the map zalp by ramil 8-12-2020, 6:37:41 PM
death: rabbit died. Why? Because franklin owned them on zalp. 8-12-2020, 6:37:52 PM
death: coyote really made a mess of franklin on the zalp map.  8-12-2020, 6:38:00 PM
death: franklin just gave  manager a royal beating 8-12-2020, 6:38:10 PM
death: franklin just totaled storekeeper's ass on zalp 8-12-2020, 6:38:24 PM
death: ramil just condemned flamethrower to hell! 8-12-2020, 6:38:27 PM
death: You know that particular element in physics where velocity increases as you fall? yeah, maxgamer learned that really fuckin quick. 8-12-2020, 6:38:31 PM
death: zalp smells pretty dank. cyborg needs a proper barrial by franklin 8-12-2020, 6:38:34 PM
death: Stay clear of zalp, worm has begun decaying. Thanks franklin 8-12-2020, 6:38:39 PM
death: glider has been terminated by franklin 8-12-2020, 6:38:51 PM
death: tushkano died. Why? Because ramil owned them on zalp. 8-12-2020, 6:39:13 PM
death: fitter just got their ass handed to them on a platter, happily served by ramil 8-12-2020, 6:39:19 PM
death: and the deathly scream of psychiatrist pierces the air as franklin finishes them off! 8-12-2020, 6:39:28 PM
death: Another one bites the dust, glider, you will be greatly missed on zalp. 8-12-2020, 6:39:35 PM
death: Man? what's this! dog died? No! He's my friend! Or what... I mean, he's franklin's friend! But I still can't believe looking at how he killed them on zalp. 8-12-2020, 6:39:38 PM
death: The zalp map is full now with cockroach's guts as maxgamer owned them! 8-12-2020, 6:39:45 PM
death: securityguard was nuked off the map zalp by maxgamer 8-12-2020, 6:39:51 PM
death: franklin just royally kicked gun's ass 8-12-2020, 6:40:00 PM
death: sniper was given what was coming to them, thank you franklin! 8-12-2020, 6:40:06 PM
death: Anybody knows why gangster died? I know! gangster got owned by ramil! Where? On zalp! 8-12-2020, 6:40:15 PM
death: and the deathly scream of sniper pierces the air as ramil finishes them off! 8-12-2020, 6:40:18 PM
death: metallurgist got fucked up by maxgamer on zalp. 8-12-2020, 6:40:27 PM
death: polarbear just got their ass handed to them on a platter, happily served by ramil 8-12-2020, 6:40:43 PM
death: gravaty just finished pulling the corpse of robot to the ground of the zalp map, and we can thank ramil for the help!  8-12-2020, 6:40:56 PM
death: because of the villany of franklin, robot will no longer have a beating heart again, because it is broken on the zalp map.  8-12-2020, 6:41:07 PM
death: Oh flapjacks, zalp looks like a big bloody mess. maxgamer definitely pushed hard to use wolf's remains as a deceration 8-12-2020, 6:41:16 PM
franklin (franklin) said yo! 8-12-2020, 6:41:16 PM
death: The zalp map is full now with moth's guts as maxgamer owned them! 8-12-2020, 6:41:20 PM
death: dragonfly just got their ass handed to them on a platter, happily served by maxgamer 8-12-2020, 6:41:24 PM
death: Another one bites the dust! storekeeper, have fun, I'm sure franklin is 8-12-2020, 6:41:29 PM
death: franklin just condemned robocop to hell! 8-12-2020, 6:41:36 PM
death: the zalp map now contains loads of guts from pan, thanks to franklin.  8-12-2020, 6:41:37 PM
death: Oh flapjacks, zalp looks like a big bloody mess. maxgamer definitely pushed hard to use cockroach's remains as a deceration 8-12-2020, 6:41:46 PM
death: gangster was totaled by franklin on map zalp 8-12-2020, 6:41:51 PM
death: The zalp map is full now with worm's guts as franklin owned them! 8-12-2020, 6:42:00 PM
death: franklin just neutralized cockroach 8-12-2020, 6:42:04 PM
death: surgeon was totaled by maxgamer on map zalp 8-12-2020, 6:42:19 PM
death: robot really made a mess of ramil on the zalp map.  8-12-2020, 6:42:26 PM
death: Oops? Man down! That man is boxer. maxgamer isn't so kind on zalp. 8-12-2020, 6:42:35 PM
death: ramil just used the grounds of the zalp map to teach helicopter a very important lesson!  8-12-2020, 6:42:37 PM
death: mosquito just got annihilated by maxgamer 8-12-2020, 6:42:45 PM
death: fly, You have a murderer on line 1, go ahead franklin  8-12-2020, 6:42:50 PM
death: patient just got bashed by ramil on the zalp map 8-12-2020, 6:43:08 PM
death: cyborg was just obliterated by the force of maxgamer on zalp 8-12-2020, 6:43:13 PM
death: maxgamer just mauled fly 8-12-2020, 6:43:19 PM
death: a bloody corpse of ramil now lies on map zalp, thanks to ramil's suicide bomb 8-12-2020, 6:43:21 PM
death: Anybody knows why franklin died? I know! franklin got owned by ramil's suicide bomb! Where? On zalp! 8-12-2020, 6:43:21 PM
death: The zalp map is full now with maxgamer's guts as ramil's suicide bomb owned them! 8-12-2020, 6:43:21 PM
death: gangster really made a mess of ramil's suicide bomb on the zalp map.  8-12-2020, 6:43:22 PM
death: robocop died. Why? Because ramil owned them on zalp. 8-12-2020, 6:43:53 PM
death: maxgamer laughs mockingly at the dying form of bear on zalp 8-12-2020, 6:44:06 PM
death: Breaking news! Today, franklin killed coyote so easy on zalp! isn't it a good news? 8-12-2020, 6:44:14 PM
death: Man? what's this! trainer died? No! He's my friend! Or what... I mean, he's ramil's friend! But I still can't believe looking at how he killed them on zalp. 8-12-2020, 6:44:19 PM
death: Oops? Man down! That man is securityguard. maxgamer isn't so kind on zalp. 8-12-2020, 6:44:26 PM
death: maxgamer is so happy because he killed train on zalp! 8-12-2020, 6:44:34 PM
death: franklin just royally kicked train's ass 8-12-2020, 6:44:38 PM
death: I think I just saw harvester's corpse flying as ramil owned them on zalp. 8-12-2020, 6:44:44 PM
death: grandpa just beat the shit out of maxgamer 8-12-2020, 6:44:50 PM
death: franklin's suicide bomb just blew ramil's brains out. Somebody get a mo 8-12-2020, 6:44:51 PM
death: franklin was totaled by franklin's suicide bomb on map zalp 8-12-2020, 6:44:51 PM
death: franklin's suicide bomb just totaled grandpa's ass on zalp 8-12-2020, 6:44:57 PM
death: metallurgist got fucked up by ramil on zalp. 8-12-2020, 6:45:19 PM
death: Well, ramil doesn't exist anymore. Looks to be that franklin's suicide bomb has ultimate victory. Clean up on zalp  8-12-2020, 6:45:27 PM
death: franklin was given what was coming to them, thank you franklin's suicide bomb! 8-12-2020, 6:45:27 PM
death: Breaking news! Today, ramil killed lion so easy on zalp! isn't it a good news? 8-12-2020, 6:46:02 PM
death: You know that particular element in physics where velocity increases as you fall? yeah, nurse learned that really fuckin quick. 8-12-2020, 6:46:11 PM
death: robot just completely and totally pulvarized franklin over here! 8-12-2020, 6:46:27 PM
death: ramil laughs mockingly at the dying form of robot on zalp 8-12-2020, 6:46:29 PM
death: oy, where'd coyote go. Do you happen to know, ramil? 8-12-2020, 6:46:34 PM
death: I think I just saw robot's corpse flying as maxgamer owned them on zalp. 8-12-2020, 6:46:41 PM
death: maxgamer just used the grounds of the zalp map to teach psycho a very important lesson!  8-12-2020, 6:46:46 PM
death: franklin laughs mockingly at the dying form of dentist on zalp 8-12-2020, 6:46:54 PM
death: I think I just saw storekeeper's corpse flying as ramil owned them on zalp. 8-12-2020, 6:46:58 PM
death: ramil just put dentist 6 feet under on zalp 8-12-2020, 6:47:04 PM
death: ramil just mauled boxer 8-12-2020, 6:47:12 PM
death: Stop crying, bear! Go kill maxgamer! 8-12-2020, 6:47:21 PM
death: Stop crying, pan! Go kill franklin! 8-12-2020, 6:47:32 PM
death: rabbit takes their last breath as ramil blasts them in the face one last time. Brutallity! 8-12-2020, 6:47:38 PM
death: maxgamer just used the grounds of the zalp map to teach trainer a very important lesson!  8-12-2020, 6:47:47 PM
death: A new corpse of rat is flying on zalp, because ramil made this to happen! 8-12-2020, 6:47:54 PM
death: Breaking news! Today, ramil killed tushkano so easy on zalp! isn't it a good news? 8-12-2020, 6:48:05 PM
death: Man? what's this! cat died? No! He's my friend! Or what... I mean, he's ramil's friend! But I still can't believe looking at how he killed them on zalp. 8-12-2020, 6:48:11 PM
death: welder was totaled by ramil on map zalp 8-12-2020, 6:48:14 PM
death: Well, bear doesn't exist anymore. Looks to be that maxgamer has ultimate victory. Clean up on zalp  8-12-2020, 6:48:21 PM
death: OK, let's see what else franklin can do for rocketlauncher on zalp. I saw he killed them! 8-12-2020, 6:48:30 PM
death: gravaty just finished pulling the corpse of coyote to the ground of the zalp map, and we can thank maxgamer for the help!  8-12-2020, 6:48:37 PM
death: surgeon just got bashed by ramil on the zalp map 8-12-2020, 6:48:44 PM
death: oy, where'd trainer go. Do you happen to know, maxgamer? 8-12-2020, 6:48:51 PM
death: A pool of red reminder liquid now forms under psychiatrist's corpse. franklin has the credibility for their demise.  8-12-2020, 6:49:03 PM
death: franklin just condemned pan to hell! 8-12-2020, 6:49:34 PM
death: maxgamer just put dragon 6 feet under on zalp 8-12-2020, 6:49:40 PM
death: the zalp map now contains loads of guts from coyote, thanks to maxgamer.  8-12-2020, 6:49:47 PM
death: because of the villany of franklin, rabbit will no longer have a beating heart again, because it is broken on the zalp map.  8-12-2020, 6:49:55 PM
death: I think I just saw dentist's corpse flying as franklin owned them on zalp. 8-12-2020, 6:49:58 PM
death: franklin laughs mockingly at the dying form of pan on zalp 8-12-2020, 6:50:11 PM
death: Damn, maxgamer, that was quite a vicious display of violence towards wolf 8-12-2020, 6:50:18 PM
death: Stay clear of zalp, fly has begun decaying. Thanks ramil 8-12-2020, 6:50:24 PM
death: welder just got annihilated by maxgamer 8-12-2020, 6:50:30 PM
death: maxgamer just blew welder's brains out. Somebody get a mo 8-12-2020, 6:50:38 PM
maxgamer (maxgamer) said f 8-12-2020, 6:50:43 PM
death: grandpa was turned to pulp by maxgamer 8-12-2020, 6:50:49 PM
death: glider was owned by maxgamer on zalp 8-12-2020, 6:50:54 PM
death: maxgamer just neutralized rat 8-12-2020, 6:50:58 PM
death: and splat goes tushkano, with maxgamer standing over them with quite the smile 8-12-2020, 6:51:04 PM
death: franklin just beat the shit out of cockroach 8-12-2020, 6:51:12 PM
death: bear just got creamed by franklin 8-12-2020, 6:51:23 PM
death: a bloody corpse of boxer now lies on map zalp, thanks to franklin 8-12-2020, 6:51:29 PM
death: ramil just totaled trainer's ass on zalp 8-12-2020, 6:51:34 PM
death: fly has been terminated by ramil 8-12-2020, 6:51:39 PM
death: patient died. Why? Because maxgamer owned them on zalp. 8-12-2020, 6:51:49 PM
death: maxgamer killed dragonfly on zalp. 8-12-2020, 6:51:54 PM
death: franklin just put fly 6 feet under on zalp 8-12-2020, 6:51:58 PM
death: franklin is so happy because he killed patient on zalp! 8-12-2020, 6:52:08 PM
death: maxgamer just mauled flamethrower 8-12-2020, 6:52:16 PM
death: Man? what's this! helicopter died? No! He's my friend! Or what... I mean, he's maxgamer's friend! But I still can't believe looking at how he killed them on zalp. 8-12-2020, 6:52:20 PM
death: the zalp map now contains loads of guts from maxgamer, thanks to Amphibian.  8-12-2020, 6:52:33 PM
maxgamer disconnected 8-12-2020, 6:52:38 PM
death: Another one bites the dust! Amphibian, have fun, I'm sure ramil is 8-12-2020, 6:52:49 PM
death: There's a light at the end of the tunnel pan, actually, fuck that. ramil ran you down. Sor'r'r'r'r'r'r'r'r'r'ry 8-12-2020, 6:52:57 PM
death: and splat goes securityguard, with ramil standing over them with quite the smile 8-12-2020, 6:53:09 PM
death: rabbit just got their ass handed to them on a platter, happily served by franklin 8-12-2020, 6:53:19 PM
death: ramil just put the smack down on psychiatrist 8-12-2020, 6:53:31 PM
ramil disconnected 8-12-2020, 6:55:07 PM
ramil logged in. 8-12-2020, 6:55:13 PM
ramil lost connection 8-12-2020, 6:55:23 PM
ramil logged in. 8-12-2020, 6:56:19 PM
death: ramil was nuked out of existance by ramil's suicide bomb 8-12-2020, 7:02:02 PM
ramil (ramil) said franklin 8-12-2020, 7:03:32 PM
death: the laws of gravity just blasted franklin away! 8-12-2020, 7:06:33 PM
franklin lost connection 8-12-2020, 7:07:47 PM
franklin logged in. 8-12-2020, 7:08:39 PM
ramil (ramil) said go in tt] 8-12-2020, 7:08:59 PM
ramil (ramil) said 29 8-12-2020, 7:09:12 PM
franklin (franklin) said иду 8-12-2020, 7:09:12 PM
franklin (franklin) said ща 8-12-2020, 7:09:16 PM
death: The intricate cave system map is full now with ramil's guts as the laws of gravity owned them! 8-12-2020, 7:11:04 PM
death: the laws of gravity just beat the shit out of franklin 8-12-2020, 7:11:06 PM
death: the laws of gravity is so happy because he killed franklin on tunnell! 8-12-2020, 7:13:56 PM
franklin disconnected 8-12-2020, 7:16:42 PM
ramil disconnected 8-12-2020, 7:16:47 PM
ramil logged in. 8-12-2020, 7:43:17 PM
ramil disconnected 8-12-2020, 7:45:10 PM
vladon logged in. 8-12-2020, 7:48:24 PM
death: vladon just got bashed by heavy hammer on the main map 8-12-2020, 7:48:31 PM
death: Damn, heavy hammer, that was quite a vicious display of violence towards vladon 8-12-2020, 7:49:06 PM
death: Oh flapjacks, Illinois parkway looks like a big bloody mess. heavy hammer definitely pushed hard to use vladon's remains as a deceration 8-12-2020, 7:49:47 PM
death: Stop crying, vladon! Go kill heavy hammer! 8-12-2020, 7:50:57 PM
vladon disconnected 8-12-2020, 7:51:15 PM
Flammia logged in. 8-12-2020, 8:09:47 PM
death: rabbit just completely and totally pulvarized Flammia over here! 8-12-2020, 8:13:28 PM
death: OK, let's see what else the laws of gravity can do for Flammia on path to bridge. I saw he killed them! 8-12-2020, 8:16:27 PM
death: Flammia just royally kicked boxer's ass 8-12-2020, 8:27:52 PM
death: Flammia's head was blown apart and now boxer plays basketball today, up for a game? 8-12-2020, 8:27:53 PM
death: Flammia just blew boxer's brains out. Somebody get a mo 8-12-2020, 8:27:56 PM
death: boxer has been terminated by Flammia 8-12-2020, 8:27:56 PM
ramil logged in. 8-12-2020, 8:30:19 PM
ramil (ramil) said go to battles 8-12-2020, 8:34:04 PM
ramil (ramil) said 5 30 0 8-12-2020, 8:34:22 PM
Flammia (Flammia) said no wipens 8-12-2020, 8:34:27 PM
Flammia (Flammia) said thanks 8-12-2020, 8:34:57 PM
ramil (ramil) said fight 8-12-2020, 8:35:54 PM
ramil (ramil) said in the store 8-12-2020, 8:36:01 PM
death: gangster just got their ass handed to them on a platter, happily served by ramil 8-12-2020, 8:36:24 PM
death: Stop crying, trainer! Go kill ramil! 8-12-2020, 8:36:34 PM
ramil (ramil) said fight 8-12-2020, 8:37:05 PM
death: Flammia takes their last breath as ramil's hand_grenade blasts them in the face one last time. Brutallity! 8-12-2020, 8:37:23 PM
death: Is there a doctor on the map? Flammia has no paulse. Oh, there isn't? Okay. ramil's hand_grenade laughs. 8-12-2020, 8:37:28 PM
death: Damn, ramil's hand_grenade, that was quite a vicious display of violence towards Flammia 8-12-2020, 8:37:36 PM
ramil (ramil) said huntgrenade 8-12-2020, 8:37:42 PM
death: ramil's hand_grenade just used the grounds of the store map to teach Flammia a very important lesson!  8-12-2020, 8:37:44 PM
death: ramil's hand_grenade is so happy because he killed Flammia on store! 8-12-2020, 8:37:49 PM
death: Flammia was given what was coming to them, thank you Flammia's rpg7! 8-12-2020, 8:38:06 PM
death: ramil's hand_grenade is so happy because he killed Flammia on store! 8-12-2020, 8:38:12 PM
death: Stop crying, Flammia! Go kill ramil's hand_grenade! 8-12-2020, 8:38:24 PM
death: Flammia was turned to pulp by ramil's hand_cannon 8-12-2020, 8:38:35 PM
death: A new corpse of Flammia is flying on store, because Flammia's rpg7 made this to happen! 8-12-2020, 8:39:07 PM
death: Man? what's this! Flammia died? No! He's my friend! Or what... I mean, he's ramil's hand_cannon's friend! But I still can't believe looking at how he killed them on store. 8-12-2020, 8:39:19 PM
death: ramil's hand_cannon is so happy because he killed Flammia on store! 8-12-2020, 8:39:26 PM
death: Flammia was owned by Flammia's rpg7 on store 8-12-2020, 8:39:31 PM
death: Man? what's this! Flammia died? No! He's my friend! Or what... I mean, he's ramil's hand_cannon's friend! But I still can't believe looking at how he killed them on store. 8-12-2020, 8:39:44 PM
death: ownage! Flammia managed to escape by killing ramil's hand_grenade on the map store 8-12-2020, 8:39:52 PM
ramil (ramil) said пулимет не получитс€ 8-12-2020, 8:40:08 PM
ramil (ramil) said здесь € хз почиму. 8-12-2020, 8:40:16 PM
death: Stay clear of store, Flammia has begun decaying. Thanks ramil's hand_grenade 8-12-2020, 8:40:30 PM
death: Flammia just got bashed by ramil's hand_grenade on the store map 8-12-2020, 8:40:36 PM
death: Flammia just got their ass handed to them on a platter, happily served by ramil's hand_grenade 8-12-2020, 8:40:44 PM
death: Flammia has been terminated by ramil's hand_grenade 8-12-2020, 8:40:52 PM
death: He shoots, he scores! ramil's testicles went flying through the hoops. Flammia's hand_grenade stands tall with quite the sinical smile. 8-12-2020, 8:40:59 PM
death: Flammia, I believe ramil's hand_grenade had something to say. 8-12-2020, 8:41:04 PM
death: ramil's hand_grenade just totaled Flammia's ass on store 8-12-2020, 8:41:18 PM
death: Damn, the laws of gravity, that was quite a vicious display of violence towards Flammia 8-12-2020, 8:41:19 PM
death: gravaty just finished pulling the corpse of ramil to the ground of the store map, and we can thank Flammia's hand_grenade for the help!  8-12-2020, 8:41:25 PM
death: the laws of gravity just put Flammia 6 feet under on store 8-12-2020, 8:41:29 PM
death: the laws of gravity just gave Flammia what for! 8-12-2020, 8:41:41 PM
death: Man? what's this! Flammia died? No! He's my friend! Or what... I mean, he's ramil's hand_grenade's friend! But I still can't believe looking at how he killed them on store. 8-12-2020, 8:41:49 PM
death: Oops? Man down! That man is Flammia. ramil's hand_grenade isn't so kind on store. 8-12-2020, 8:41:58 PM
death: ramil's hand_grenade just neutralized Flammia 8-12-2020, 8:42:05 PM
death: because of the villany of ramil's hand_grenade, Flammia will no longer have a beating heart again, because it is broken on the store map.  8-12-2020, 8:42:19 PM
death: Flammia just got bashed by ramil's hand_grenade on the store map 8-12-2020, 8:42:25 PM
death: Flammia was nuked off the map store by ramil's hand_grenade 8-12-2020, 8:42:39 PM
death: Flammia really made a mess of the laws of gravity on the store map.  8-12-2020, 8:42:39 PM
death: ramil's hand_grenade killed Flammia on store. 8-12-2020, 8:42:56 PM
death: store smells pretty dank. Flammia needs a proper barrial by ramil's hand_grenade 8-12-2020, 8:43:09 PM
death: Stay clear of store, Flammia has begun decaying. Thanks ramil's hand_grenade 8-12-2020, 8:43:14 PM
death: ramil's hand_grenade just gave Flammia what for! 8-12-2020, 8:43:29 PM
death: Flammia just got annihilated by the laws of gravity 8-12-2020, 8:43:33 PM
death: Stop crying, Flammia! Go kill ramil's hand_grenade! 8-12-2020, 8:43:45 PM
death: Flammia was totaled by the laws of gravity on map store 8-12-2020, 8:43:46 PM
death: The store map is full now with Flammia's guts as ramil's throwing_star owned them! 8-12-2020, 8:43:56 PM
death: ramil's hand_grenade just condemned Flammia to hell! 8-12-2020, 8:44:04 PM
death: Flammia was turned to pulp by ramil's suicide bomb 8-12-2020, 8:44:12 PM
death: A pool of red reminder liquid now forms under ramil's corpse. ramil's suicide bomb has the credibility for their demise.  8-12-2020, 8:44:12 PM
death: Stop crying, Flammia! Go kill ramil's suicide bomb! 8-12-2020, 8:44:18 PM
death: Well, ramil doesn't exist anymore. Looks to be that ramil's suicide bomb has ultimate victory. Clean up on store  8-12-2020, 8:44:18 PM
death: ownage! Flammia managed to escape by killing ramil's suicide bomb on the map store 8-12-2020, 8:44:24 PM
death: ramil's suicide bomb just put ramil 6 feet under on store 8-12-2020, 8:44:24 PM
ramil lost connection 8-12-2020, 8:44:36 PM
ramil logged in. 8-12-2020, 8:44:43 PM
death: Rest  in piece, ramil. We'll sure miss you, guess we can thank Flammia's hand_grenade for what they did. 8-12-2020, 8:45:09 PM
death: Breaking news! Today, Flammia's hand_grenade killed ramil so easy on store! isn't it a good news? 8-12-2020, 8:45:12 PM
death: Oops? Man down! That man is Flammia. ramil's hand_grenade isn't so kind on store. 8-12-2020, 8:45:28 PM
death: ramil's hand_grenade just put the smack down on Flammia 8-12-2020, 8:45:34 PM
death: Flammia just got bashed by ramil's hand_grenade on the store map 8-12-2020, 8:45:40 PM
death: He shoots, he scores! Flammia's testicles went flying through the hoops. ramil's hand_grenade stands tall with quite the sinical smile. 8-12-2020, 8:45:53 PM
death: Oops? Man down! That man is Flammia. the laws of gravity isn't so kind on melee weapons store. 8-12-2020, 8:46:06 PM
death: because of the villany of Flammia's hand_grenade, ramil will no longer have a beating heart again, because it is broken on the store map.  8-12-2020, 8:46:14 PM
death: ramil's hand_grenade just used the grounds of the store map to teach Flammia a very important lesson!  8-12-2020, 8:46:19 PM
death: Well, Flammia doesn't exist anymore. Looks to be that ramil's hand_grenade has ultimate victory. Clean up on store  8-12-2020, 8:46:31 PM
death: Oops? Man down! That man is Flammia. ramil's hand_grenade isn't so kind on store. 8-12-2020, 8:46:41 PM
death: Flammia just got bashed by ramil's hand_grenade on the store map 8-12-2020, 8:47:01 PM
death: ramil's hand_grenade just mauled Flammia 8-12-2020, 8:47:09 PM
death: A new freshly killed blood of Flammia lies now on store, thanks the laws of gravity! 8-12-2020, 8:47:23 PM
death: ramil's hand_grenade just blasted Flammia away! 8-12-2020, 8:47:30 PM
death: Flammia just got bashed by ramil's poison dart on the store map 8-12-2020, 8:47:45 PM
death: because of the villany of ramil's hand_grenade, Flammia will no longer have a beating heart again, because it is broken on the store map.  8-12-2020, 8:47:56 PM
death: Flammia, You have a murderer on line 1, go ahead ramil's hand_grenade  8-12-2020, 8:48:11 PM
death: ramil just got bashed by Flammia's hand_grenade on the store map 8-12-2020, 8:48:32 PM
ramil (ramil) said stop 8-12-2020, 8:48:51 PM
death: You know that particular element in physics where velocity increases as you fall? yeah, Flammia learned that really fuckin quick. 8-12-2020, 8:50:03 PM
ramil (ramil) said poisoned_small_projectile, 6 8-12-2020, 8:50:06 PM
death: Flammia has been terminated by ramil's poisoned small projectile  8-12-2020, 8:50:18 PM
death: Flammia died. Why? Because ramil's hand_grenade owned them on store. 8-12-2020, 8:50:30 PM
death: Flammia has been terminated by ramil's hand_grenade 8-12-2020, 8:50:37 PM
death: Oh flapjacks, store looks like a big bloody mess. Flammia's hand_grenade definitely pushed hard to use ramil's remains as a deceration 8-12-2020, 8:50:48 PM
death: Damn, ramil's poisoned small projectile , that was quite a vicious display of violence towards Flammia 8-12-2020, 8:50:51 PM
death: Flammia has been terminated by ramil's poisoned small projectile  8-12-2020, 8:51:03 PM
death: ramil's poisoned small projectile  just gave Flammia what for! 8-12-2020, 8:51:18 PM
death: Flammia, You have a murderer on line 1, go ahead ramil's poisoned small projectile   8-12-2020, 8:51:30 PM
death: ramil's hand_grenade just royally kicked Flammia's ass 8-12-2020, 8:51:37 PM
death: and the deathly scream of Flammia pierces the air as ramil's poisoned small projectile  finishes them off! 8-12-2020, 8:51:48 PM
death: Flammia was nuked off the map store by ramil's poisoned small projectile  8-12-2020, 8:52:02 PM
death: Flammia was owned by ramil's hand_grenade on store 8-12-2020, 8:52:08 PM
death: ramil's hand_grenade just neutralized Flammia 8-12-2020, 8:52:16 PM
death: the store map now contains loads of guts from Flammia, thanks to ramil's hand_grenade.  8-12-2020, 8:52:25 PM
death: OK, let's see what else ramil's hand_grenade can do for Flammia on store. I saw he killed them! 8-12-2020, 8:52:35 PM
death: Anybody knows why ramil died? I know! ramil got owned by Flammia's hand_grenade! Where? On store! 8-12-2020, 8:52:41 PM
death: and splat goes Flammia, with ramil's poisoned small projectile  standing over them with quite the smile 8-12-2020, 8:52:45 PM
death: Flammia just got bashed by ramil's hand_grenade on the store map 8-12-2020, 8:52:55 PM
death: ramil's head was blown apart and now Flammia's hand_grenade plays basketball today, up for a game? 8-12-2020, 8:53:02 PM
death: oy, where'd Flammia go. Do you happen to know, ramil's hand_grenade? 8-12-2020, 8:53:13 PM
death: ramil, You have a murderer on line 1, go ahead Flammia's hand_grenade  8-12-2020, 8:53:13 PM
death: ownage! Flammia managed to escape by killing ramil's hand_grenade on the map store 8-12-2020, 8:53:21 PM
death: store smells pretty dank. Flammia needs a proper barrial by ramil's throwing_star 8-12-2020, 8:53:30 PM
death: ramil's throwing_star just royally kicked Flammia's ass 8-12-2020, 8:53:42 PM
death: Flammia really made a mess of ramil's throwing_star on the store map.  8-12-2020, 8:53:54 PM
death: ramil's throwing_star just totaled Flammia's ass on store 8-12-2020, 8:54:07 PM
death: Oops? Man down! That man is Flammia. ramil's throwing_star isn't so kind on store. 8-12-2020, 8:54:27 PM
death: ramil's throwing_star just blew Flammia's brains out. Somebody get a mo 8-12-2020, 8:54:38 PM
death: Flammia was just obliterated by the force of ramil's throwing_star on store 8-12-2020, 8:54:48 PM
death: A new corpse of Flammia is flying on store, because ramil's throwing_star made this to happen! 8-12-2020, 8:55:24 PM
death: the laws of gravity is so happy because he killed Flammia on store! 8-12-2020, 8:55:25 PM
death: Flammia, I believe ramil's throwing_star had something to say. 8-12-2020, 8:55:37 PM
death: Rest  in piece, ramil. We'll sure miss you, guess we can thank Flammia's hand_grenade for what they did. 8-12-2020, 8:55:49 PM
death: ramil, I believe Flammia's hand_grenade had something to say. 8-12-2020, 8:55:54 PM
death: Well, Flammia doesn't exist anymore. Looks to be that ramil's throwing_star has ultimate victory. Clean up on store  8-12-2020, 8:56:02 PM
death: There's a light at the end of the tunnel ramil, actually, fuck that. Flammia's hand_grenade ran you down. Sor'r'r'r'r'r'r'r'r'r'ry 8-12-2020, 8:56:12 PM
death: Flammia was totaled by ramil's throwing_star on map store 8-12-2020, 8:56:25 PM
death: Flammia's hand_grenade killed ramil on store. 8-12-2020, 8:56:33 PM
death: Flammia's hand_grenade just used the grounds of the store map to teach ramil a very important lesson!  8-12-2020, 8:56:37 PM
death: ramil's throwing_star just gave  Flammia a royal beating 8-12-2020, 8:56:44 PM
death: Man? what's this! Flammia died? No! He's my friend! Or what... I mean, he's ramil's throwing_star's friend! But I still can't believe looking at how he killed them on pass to old main map. 8-12-2020, 8:57:02 PM
death: ownage! Flammia managed to escape by killing ramil's throwing_star on the map store 8-12-2020, 8:57:14 PM
death: Flammia's hand_grenade killed ramil on store. 8-12-2020, 8:57:22 PM
death: gravaty just finished pulling the corpse of Flammia to the ground of the store map, and we can thank ramil's throwing_star for the help!  8-12-2020, 8:57:30 PM
death: ramil's throwing_star laughs mockingly at the dying form of Flammia on door to the cage of the angry and hungry animals, it looks like a really dangerous place, be very carefull entering this 8-12-2020, 8:57:48 PM
ramil (ramil) said stop 8-12-2020, 8:57:52 PM
ramil (ramil) said 1 second 8-12-2020, 8:57:59 PM
death: You know that particular element in physics where velocity increases as you fall? yeah, Flammia learned that really fuckin quick. 8-12-2020, 8:59:46 PM
death: Flammia's sky 436 mine laughs mockingly at the dying form of Flammia on store 8-12-2020, 9:00:05 PM
death: Stop crying, Flammia! Go kill ramil's throwing_star! 8-12-2020, 9:00:12 PM
death: Flammia was owned by ramil's throwing_star on store 8-12-2020, 9:00:18 PM
death: Flammia was nuked off the map store by Flammia's sky 436 mine 8-12-2020, 9:00:23 PM
death: ramil just got their ass handed to them on a platter, happily served by Flammia's sky 436 mine 8-12-2020, 9:00:23 PM
death: ramil's throwing_star just completely and totally pulvarized Flammia over here! 8-12-2020, 9:00:29 PM
death: Oh flapjacks, store looks like a big bloody mess. Flammia's sky 436 mine definitely pushed hard to use ramil's remains as a deceration 8-12-2020, 9:00:32 PM
death: the store map now contains loads of guts from Flammia, thanks to ramil's throwing_star.  8-12-2020, 9:00:38 PM
death: Flammia just got annihilated by Flammia's sky 436 mine 8-12-2020, 9:01:01 PM
death: ramil really made a mess of Flammia's sky 436 mine on the store map.  8-12-2020, 9:01:01 PM
death: The store map is full now with Flammia's guts as Flammia's sky 436 mine owned them! 8-12-2020, 9:01:16 PM
death: A new freshly killed blood of ramil lies now on store, thanks Flammia's sky 436 mine! 8-12-2020, 9:01:16 PM
death: the store map now contains loads of guts from Flammia, thanks to Flammia's sky 436 mine.  8-12-2020, 9:01:34 PM
death: ramil's sky 436 mine just used the grounds of the store map to teach Flammia a very important lesson!  8-12-2020, 9:01:53 PM
death: ramil's sky 436 mine laughs mockingly at the dying form of ramil on store 8-12-2020, 9:01:53 PM
death: Flammia, You have a murderer on line 1, go ahead Flammia's sky 436 mine  8-12-2020, 9:01:59 PM
death: ramil just got annihilated by Flammia's sky 436 mine 8-12-2020, 9:01:59 PM
death: A new corpse of Flammia is flying on store, because ramil's sky 436 mine made this to happen! 8-12-2020, 9:02:05 PM
death: ramil's sky 436 mine just royally kicked ramil's ass 8-12-2020, 9:02:05 PM
ramil (ramil) said inv 8-12-2020, 9:02:10 PM
death: Flammia's sky 436 mine just used the grounds of the store map to teach Flammia a very important lesson!  8-12-2020, 9:02:21 PM
death: Anybody knows why Flammia died? I know! Flammia got owned by Flammia's sky 436 mine! Where? On store! 8-12-2020, 9:02:43 PM
death: Damn, Flammia's sky 436 mine, that was quite a vicious display of violence towards Flammia 8-12-2020, 9:02:51 PM
death: Flammia was totaled by Flammia's sky 436 mine on map store 8-12-2020, 9:03:00 PM
death: ramil's hand_grenade just put the smack down on Flammia 8-12-2020, 9:03:31 PM
death: ramil's sky 436 mine just put the smack down on Flammia 8-12-2020, 9:03:41 PM
death: ramil's sky 436 mine just blasted Flammia away! 8-12-2020, 9:03:54 PM
ramil (ramil) said gg 8-12-2020, 9:03:58 PM
death: The store map is full now with Flammia's guts as ramil's hand_grenade owned them! 8-12-2020, 9:04:16 PM
death: ramil was turned to pulp by Flammia's hand_grenade 8-12-2020, 9:04:23 PM
death: Flammia, I believe ramil's hand_grenade had something to say. 8-12-2020, 9:04:32 PM
death: ramil's sky 436 mine just neutralized Flammia 8-12-2020, 9:04:39 PM
death: A pool of red reminder liquid now forms under ramil's corpse. ramil's sky 436 mine has the credibility for their demise.  8-12-2020, 9:04:39 PM
death: and splat goes Flammia, with ramil's hand_grenade standing over them with quite the smile 8-12-2020, 9:04:45 PM
death: Flammia died. Why? Because ramil's sky 436 mine owned them on store. 8-12-2020, 9:04:52 PM
death: ramil's sky 436 mine just totaled ramil's ass on store 8-12-2020, 9:04:52 PM
death: ramil's hand_grenade just gave Flammia what for! 8-12-2020, 9:05:01 PM
death: Another one bites the dust, Flammia, you will be greatly missed on store. 8-12-2020, 9:05:07 PM
death: ramil just got their ass handed to them on a platter, happily served by Flammia's hand_grenade 8-12-2020, 9:05:15 PM
death: Flammia's hand_grenade just blasted ramil away! 8-12-2020, 9:05:21 PM
death: A new freshly killed blood of ramil lies now on store, thanks Flammia's hand_grenade! 8-12-2020, 9:05:24 PM
death: oy, where'd ramil go. Do you happen to know, Flammia's hand_grenade? 8-12-2020, 9:05:28 PM
death: Rest  in piece, ramil. We'll sure miss you, guess we can thank ramil's sky 436 mine for what they did. 8-12-2020, 9:05:32 PM
death: ramil really made a mess of Flammia's hand_grenade on the store map.  8-12-2020, 9:05:37 PM
death: ownage! Flammia managed to escape by killing ramil's hand_grenade on the map store 8-12-2020, 9:06:02 PM
death: A new corpse of Flammia is flying on store, because ramil's sky 436 mine made this to happen! 8-12-2020, 9:06:07 PM
death: ramil's sky 436 mine just put the smack down on ramil 8-12-2020, 9:06:07 PM
death: Oh flapjacks, store looks like a big bloody mess. ramil's hand_grenade definitely pushed hard to use Flammia's remains as a deceration 8-12-2020, 9:06:13 PM
death: Breaking news! Today, ramil's hand_grenade killed Flammia so easy on store! isn't it a good news? 8-12-2020, 9:06:22 PM
death: ramil's throwing_star just condemned Flammia to hell! 8-12-2020, 9:06:29 PM
death: Flammia was owned by ramil's hand_grenade on store 8-12-2020, 9:06:35 PM
death: Another one bites the dust, Flammia, you will be greatly missed on store. 8-12-2020, 9:06:42 PM
death: Flammia was given what was coming to them, thank you ramil's hand_grenade! 8-12-2020, 9:06:55 PM
death: Flammia died. Why? Because ramil's hand_grenade owned them on store. 8-12-2020, 9:07:00 PM
death: a bloody corpse of ramil now lies on map to go on the zalp map, press enter, thanks to ramil's sky 436 mine 8-12-2020, 9:07:05 PM
death: ramil's sky 436 mine just put ramil 6 feet under on store 8-12-2020, 9:07:15 PM
death: You know that particular element in physics where velocity increases as you fall? yeah, Flammia learned that really fuckin quick. 8-12-2020, 9:07:20 PM
death: Flammia was given what was coming to them, thank you ramil's throwing_star! 8-12-2020, 9:07:36 PM
death: OK, let's see what else ramil's throwing_star can do for Flammia on store. I saw he killed them! 8-12-2020, 9:07:51 PM
death: There's a light at the end of the tunnel Flammia, actually, fuck that. ramil's throwing_star ran you down. Sor'r'r'r'r'r'r'r'r'r'ry 8-12-2020, 9:08:01 PM
death: Flammia's head was blown apart and now ramil's throwing_star plays basketball today, up for a game? 8-12-2020, 9:08:07 PM
death: ramil's sky 436 mine just blew Flammia's brains out. Somebody get a mo 8-12-2020, 9:08:15 PM
death: Oops? Man down! That man is ramil. ramil's sky 436 mine isn't so kind on store. 8-12-2020, 9:08:15 PM
death: ramil's throwing_star just blasted Flammia away! 8-12-2020, 9:08:31 PM
death: Flammia just got creamed by ramil's sky 436 mine 8-12-2020, 9:08:37 PM
death: ramil's throwing_star just used the grounds of the store map to teach Flammia a very important lesson!  8-12-2020, 9:08:48 PM
death: Somebody call 9 1 1, oh wait, rain check. ramil's throwing_star gives no shits. Peace out, Flammia 8-12-2020, 9:08:57 PM
death: Is there a doctor on the map? Flammia has no paulse. Oh, there isn't? Okay. ramil's throwing_star laughs. 8-12-2020, 9:09:02 PM
death: Flammia, You have a murderer on line 1, go ahead ramil's throwing_star  8-12-2020, 9:09:07 PM
death: and the deathly scream of Flammia pierces the air as ramil's throwing_star finishes them off! 8-12-2020, 9:09:13 PM
death: Damn, ramil's throwing_star, that was quite a vicious display of violence towards Flammia 8-12-2020, 9:09:19 PM
death: Damn, ramil's throwing_star, that was quite a vicious display of violence towards Flammia 8-12-2020, 9:09:24 PM
death: ramil's throwing_star just beat the shit out of Flammia 8-12-2020, 9:09:29 PM
death: Damn, ramil's throwing_star, that was quite a vicious display of violence towards Flammia 8-12-2020, 9:09:35 PM
death: Flammia just got their ass handed to them on a platter, happily served by ramil's throwing_star 8-12-2020, 9:09:40 PM
death: gravaty just finished pulling the corpse of Flammia to the ground of the store map, and we can thank ramil's throwing_star for the help!  8-12-2020, 9:09:45 PM
death: Stop crying, Flammia! Go kill ramil's throwing_star! 8-12-2020, 9:09:53 PM
death: Flammia's head was blown apart and now ramil's throwing_star plays basketball today, up for a game? 8-12-2020, 9:10:13 PM
death: oy, where'd Flammia go. Do you happen to know, ramil's throwing_star? 8-12-2020, 9:10:21 PM
death: Flammia, I believe ramil's throwing_star had something to say. 8-12-2020, 9:10:37 PM
death: because of the villany of ramil's throwing_star, Flammia will no longer have a beating heart again, because it is broken on the store map.  8-12-2020, 9:10:46 PM
death: Flammia just got their ass handed to them on a platter, happily served by ramil's throwing_star 8-12-2020, 9:10:56 PM
death: ramil's throwing_star just used the grounds of the store map to teach Flammia a very important lesson!  8-12-2020, 9:11:02 PM
death: Flammia was totaled by ramil's throwing_star on map store 8-12-2020, 9:11:10 PM
death: Flammia got fucked up by ramil's throwing_star on store. 8-12-2020, 9:11:15 PM
death: ramil's throwing_star laughs mockingly at the dying form of Flammia on store 8-12-2020, 9:11:19 PM
death: Flammia just got creamed by ramil's throwing_star 8-12-2020, 9:11:24 PM
death: ramil died. Why? Because Amphibian owned them on zalp. 8-12-2020, 9:11:40 PM
death: Stop crying, Flammia! Go kill ramil's throwing_star! 8-12-2020, 9:11:46 PM
death: Flammia just got their ass handed to them on a platter, happily served by ramil's throwing_star 8-12-2020, 9:11:56 PM
death: Oops? Man down! That man is Flammia. ramil's throwing_star isn't so kind on store. 8-12-2020, 9:12:03 PM
death: Oh flapjacks, store looks like a big bloody mess. ramil's throwing_star definitely pushed hard to use Flammia's remains as a deceration 8-12-2020, 9:12:17 PM
death: Flammia was nuked off the map store by ramil's throwing_star 8-12-2020, 9:12:22 PM
death: Man? what's this! Flammia died? No! He's my friend! Or what... I mean, he's ramil's throwing_star's friend! But I still can't believe looking at how he killed them on store. 8-12-2020, 9:12:32 PM
death: ramil's throwing_star just gave Flammia what for! 8-12-2020, 9:12:39 PM
death: Flammia, You have a murderer on line 1, go ahead ramil's throwing_star  8-12-2020, 9:12:44 PM
death: You know that particular element in physics where velocity increases as you fall? yeah, Flammia learned that really fuckin quick. 8-12-2020, 9:12:50 PM
death: ramil's throwing_star laughs mockingly at the dying form of Flammia on store 8-12-2020, 9:12:57 PM
death: pass to old main map smells pretty dank. Flammia needs a proper barrial by ramil's throwing_star 8-12-2020, 9:13:08 PM
death: Rest  in piece, ramil. We'll sure miss you, guess we can thank Flammia's hand_grenade for what they did. 8-12-2020, 9:13:19 PM
death: Rest  in piece, ramil. We'll sure miss you, guess we can thank Flammia's hand_grenade for what they did. 8-12-2020, 9:13:23 PM
death: gravaty just finished pulling the corpse of ramil to the ground of the store map, and we can thank Flammia's hand_grenade for the help!  8-12-2020, 9:13:30 PM
death: I think I just saw Flammia's corpse flying as ramil's gp30 owned them on store. 8-12-2020, 9:13:48 PM
death: Flammia just got their ass handed to them on a platter, happily served by ramil's throwing_star 8-12-2020, 9:13:57 PM
death: ownage! Flammia managed to escape by killing ramil's gp30 on the map store 8-12-2020, 9:14:02 PM
death: ownage! Flammia managed to escape by killing ramil's throwing_star on the map store 8-12-2020, 9:14:09 PM
death: OK, let's see what else ramil's throwing_star can do for Flammia on store. I saw he killed them! 8-12-2020, 9:14:15 PM
death: gravaty just finished pulling the corpse of ramil to the ground of the store map, and we can thank Flammia's hand_grenade for the help!  8-12-2020, 9:14:20 PM
death: and splat goes ramil, with Flammia's hand_grenade standing over them with quite the smile 8-12-2020, 9:14:24 PM
death: Flammia's hand_grenade just royally kicked ramil's ass 8-12-2020, 9:14:32 PM
death: ramil just got annihilated by Flammia's hand_grenade 8-12-2020, 9:14:37 PM
death: Flammia's hand_grenade just put the smack down on ramil 8-12-2020, 9:14:41 PM
death: Flammia's hand_grenade just gave ramil what for! 8-12-2020, 9:14:45 PM
death: ramil's gp30 just royally kicked Flammia's ass 8-12-2020, 9:15:12 PM
death: ramil died. Why? Because Flammia's hand_grenade owned them on store. 8-12-2020, 9:15:18 PM
death: Somebody call 9 1 1, oh wait, rain check. Flammia's hand_grenade gives no shits. Peace out, ramil 8-12-2020, 9:15:22 PM
death: ramil's throwing_star just used the grounds of the store map to teach Flammia a very important lesson!  8-12-2020, 9:15:30 PM
death: and splat goes Flammia, with ramil's gp30 standing over them with quite the smile 8-12-2020, 9:15:36 PM
death: ownage! Flammia managed to escape by killing ramil's gp30 on the map store 8-12-2020, 9:15:42 PM
death: A new freshly killed blood of Flammia lies now on store, thanks ramil's throwing_star! 8-12-2020, 9:15:47 PM
death: ramil's rpg7 just gave Flammia what for! 8-12-2020, 9:16:05 PM
death: the store map now contains loads of guts from Flammia, thanks to ramil's rpg7.  8-12-2020, 9:16:13 PM
death: ramil's rpg7 killed Flammia on store. 8-12-2020, 9:16:18 PM
death: Stop crying, Flammia! Go kill ramil's hand_grenade! 8-12-2020, 9:16:30 PM
death: Anybody knows why Flammia died? I know! Flammia got owned by ramil's rpg7! Where? On store! 8-12-2020, 9:16:41 PM
death: The store map is full now with Flammia's guts as ramil's rpg7 owned them! 8-12-2020, 9:16:48 PM
death: ramil's hand_grenade just put Flammia 6 feet under on store 8-12-2020, 9:16:54 PM
death: ramil's rpg7 just totaled Flammia's ass on store 8-12-2020, 9:16:59 PM
death: Flammia was just obliterated by the force of ramil's rpg7 on store 8-12-2020, 9:17:04 PM
death: Flammia was given what was coming to them, thank you ramil's rpg7! 8-12-2020, 9:17:08 PM
death: There's a light at the end of the tunnel Flammia, actually, fuck that. ramil's rpg7 ran you down. Sor'r'r'r'r'r'r'r'r'r'ry 8-12-2020, 9:17:13 PM
death: ownage! Flammia managed to escape by killing ramil's rpg7 on the map store 8-12-2020, 9:17:22 PM
death: ramil's rpg7 just blasted Flammia away! 8-12-2020, 9:17:33 PM
death: Rest  in piece, Flammia. We'll sure miss you, guess we can thank ramil's sky 436 mine for what they did. 8-12-2020, 9:17:38 PM
death: Flammia just got their ass handed to them on a platter, happily served by ramil's rpg7 8-12-2020, 9:17:45 PM
death: Flammia was totaled by ramil's rpg7 on map store 8-12-2020, 9:17:55 PM
death: Flammia's rpg7 just put the smack down on Flammia 8-12-2020, 9:18:03 PM
death: ramil's rocket just blasted Flammia away! 8-12-2020, 9:18:10 PM
death: Oops? Man down! That man is Flammia. Flammia's rpg7 isn't so kind on store. 8-12-2020, 9:18:15 PM
death: gravaty just finished pulling the corpse of Flammia to the ground of the store map, and we can thank Flammia's rpg7 for the help!  8-12-2020, 9:18:27 PM
death: He shoots, he scores! Flammia's testicles went flying through the hoops. ramil's rocket stands tall with quite the sinical smile. 8-12-2020, 9:18:34 PM
death: Flammia was just obliterated by the force of ramil's rocket on store 8-12-2020, 9:18:49 PM
death: ramil's rocket just put Flammia 6 feet under on store 8-12-2020, 9:18:56 PM
death: OK, let's see what else ramil's rocket can do for Flammia on store. I saw he killed them! 8-12-2020, 9:19:09 PM
death: Man? what's this! Flammia died? No! He's my friend! Or what... I mean, he's ramil's hand_grenade's friend! But I still can't believe looking at how he killed them on store. 8-12-2020, 9:19:17 PM
death: Rest  in piece, Flammia. We'll sure miss you, guess we can thank ramil's hand_grenade for what they did. 8-12-2020, 9:19:25 PM
death: and splat goes Flammia, with ramil's rocket standing over them with quite the smile 8-12-2020, 9:19:34 PM
death: Oh flapjacks, store looks like a big bloody mess. ramil's rocket definitely pushed hard to use Flammia's remains as a deceration 8-12-2020, 9:19:46 PM
death: Is there a doctor on the map? Flammia has no paulse. Oh, there isn't? Okay. ramil's hand_grenade laughs. 8-12-2020, 9:19:56 PM
death: Flammia just got bashed by ramil's rocket on the store map 8-12-2020, 9:20:02 PM
death: ramil really made a mess of ramil's rocket on the store map.  8-12-2020, 9:20:02 PM
death: Flammia was totaled by ramil's hand_grenade on map store 8-12-2020, 9:20:08 PM
death: A new corpse of Flammia is flying on ammo store, because ramil's hand_grenade made this to happen! 8-12-2020, 9:20:18 PM
death: and splat goes Flammia, with ramil's rocket standing over them with quite the smile 8-12-2020, 9:20:25 PM
death: Flammia, You have a murderer on line 1, go ahead ramil's hand_grenade  8-12-2020, 9:20:34 PM
death: Breaking news! Today, ramil's rpg7 killed Flammia so easy on store! isn't it a good news? 8-12-2020, 9:20:52 PM
death: OK, let's see what else ramil's rpg7 can do for Flammia on store. I saw he killed them! 8-12-2020, 9:21:02 PM
death: I think I just saw Flammia's corpse flying as ramil's hand_grenade owned them on store. 8-12-2020, 9:21:09 PM
death: Flammia died. Why? Because ramil's rpg7 owned them on store. 8-12-2020, 9:21:19 PM
death: Flammia was owned by ramil's rpg7 on store 8-12-2020, 9:21:25 PM
death: I think I just saw Flammia's corpse flying as ramil's rpg7 owned them on store. 8-12-2020, 9:21:32 PM
death: Flammia just got annihilated by ramil's rpg7 8-12-2020, 9:21:41 PM
ramil (ramil) said gg 8-12-2020, 9:21:45 PM
death: ramil's rpg7 just blew Flammia's brains out. Somebody get a mo 8-12-2020, 9:21:47 PM
death: Is there a doctor on the map? Flammia has no paulse. Oh, there isn't? Okay. ramil's rpg7 laughs. 8-12-2020, 9:21:52 PM
death: ramil's rpg7 just used the grounds of the store map to teach Flammia a very important lesson!  8-12-2020, 9:21:57 PM
death: Oh flapjacks, store looks like a big bloody mess. ramil's rpg7 definitely pushed hard to use Flammia's remains as a deceration 8-12-2020, 9:22:02 PM
death: Flammia died. Why? Because ramil's rpg7 owned them on store. 8-12-2020, 9:22:10 PM
death: ramil's rpg7 just blew Flammia's brains out. Somebody get a mo 8-12-2020, 9:22:20 PM
death: Rest  in piece, Flammia. We'll sure miss you, guess we can thank ramil's rpg7 for what they did. 8-12-2020, 9:22:25 PM
death: Flammia just got their ass handed to them on a platter, happily served by ramil's rpg7 8-12-2020, 9:22:34 PM
death: ramil's hand_grenade just royally kicked Flammia's ass 8-12-2020, 9:22:42 PM
death: Another one bites the dust! Flammia, have fun, I'm sure ramil's rpg7 is 8-12-2020, 9:23:05 PM
death: because of the villany of ramil's rpg7, Flammia will no longer have a beating heart again, because it is broken on the store map.  8-12-2020, 9:23:11 PM
death: the store map now contains loads of guts from ramil, thanks to Flammia's rpg7.  8-12-2020, 9:23:16 PM
death: Flammia's rpg7 just totaled ramil's ass on store 8-12-2020, 9:23:21 PM
death: ramil just got creamed by Flammia's rpg7 8-12-2020, 9:23:25 PM
death: A new freshly killed blood of Flammia lies now on store, thanks ramil's hand_grenade! 8-12-2020, 9:23:32 PM
death: Rest  in piece, Flammia. We'll sure miss you, guess we can thank ramil's rpg7 for what they did. 8-12-2020, 9:23:37 PM
death: ramil's hand_grenade just put the smack down on Flammia 8-12-2020, 9:23:43 PM
death: He shoots, he scores! Flammia's testicles went flying through the hoops. ramil's rpg7 stands tall with quite the sinical smile. 8-12-2020, 9:23:48 PM
death: ramil's rpg7 just put the smack down on Flammia 8-12-2020, 9:23:57 PM
death: Flammia's rpg7 just gave  Flammia a royal beating 8-12-2020, 9:24:02 PM
death: oy, where'd Flammia go. Do you happen to know, ramil's rpg7? 8-12-2020, 9:24:07 PM
death: ramil's hand_grenade just completely and totally pulvarized Flammia over here! 8-12-2020, 9:24:13 PM
death: ramil's rpg7 just gave Flammia what for! 8-12-2020, 9:24:36 PM
death: A new corpse of Flammia is flying on store, because Flammia's rpg7 made this to happen! 8-12-2020, 9:24:47 PM
death: ramil's hand_grenade just used the grounds of the store map to teach Flammia a very important lesson!  8-12-2020, 9:24:53 PM
death: Flammia was totaled by ramil's hand_grenade on map store 8-12-2020, 9:24:58 PM
death: ramil's rpg7 killed Flammia on store. 8-12-2020, 9:25:04 PM
death: I think I just saw Flammia's corpse flying as ramil's rpg7 owned them on store. 8-12-2020, 9:25:09 PM
death: Another one bites the dust, Flammia, you will be greatly missed on store. 8-12-2020, 9:25:14 PM
death: Flammia has been terminated by ramil's rpg7 8-12-2020, 9:25:19 PM
death: ramil's hand_grenade just beat the shit out of Flammia 8-12-2020, 9:25:30 PM
death: Flammia's rpg7 killed Flammia on store. 8-12-2020, 9:25:35 PM
death: oy, where'd Flammia go. Do you happen to know, Flammia's rpg7? 8-12-2020, 9:25:40 PM
ramil (ramil) said ok stopt 8-12-2020, 9:25:45 PM
ramil (ramil) said fighting of. 8-12-2020, 9:26:07 PM
ramil disconnected 8-12-2020, 9:26:08 PM
Flammia disconnected 8-12-2020, 9:26:23 PM
spay logged in. 8-12-2020, 9:29:40 PM
andriy logged in. 8-12-2020, 9:30:45 PM
spay (spay) said ghbndt 8-12-2020, 9:30:55 PM
spay (spay) said привет 8-12-2020, 9:31:04 PM
spay (spay) said подходи подеремс€ 8-12-2020, 9:31:18 PM
spay (spay) said ноль тридцать 8-12-2020, 9:31:27 PM
spay (spay) said ентер 8-12-2020, 9:31:31 PM
andriy (andriy) said дарова спайс 8-12-2020, 9:31:33 PM
spay (spay) said кр€ 8-12-2020, 9:31:36 PM
andriy (andriy) said неееее 8-12-2020, 9:31:45 PM
spay (spay) said ээээ 8-12-2020, 9:31:53 PM
spay (spay) said че это 8-12-2020, 9:31:57 PM
andriy (andriy) said подождЄшь 8-12-2020, 9:32:00 PM
spay (spay) said ты мен€ убить можешь 8-12-2020, 9:32:04 PM
spay (spay) said да стою же 8-12-2020, 9:32:09 PM
andriy (andriy) said как 8-12-2020, 9:32:11 PM
spay (spay) said могу бабок дать если нету на оружку. а так ручками! рууучками 8-12-2020, 9:32:35 PM
andriy (andriy) said скорее ножками 8-12-2020, 9:32:54 PM
andriy (andriy) said а € тута баг нашЄл 8-12-2020, 9:33:19 PM
spay (spay) said хочешь молоточками подеремс€ 8-12-2020, 9:33:20 PM
spay (spay) said о 8-12-2020, 9:33:26 PM
spay (spay) said какой 8-12-2020, 9:33:28 PM
andriy (andriy) said € в ринге на танке каталс€ 8-12-2020, 9:33:41 PM
spay (spay) said гы 8-12-2020, 9:33:46 PM
spay (spay) said и как? 8-12-2020, 9:33:49 PM
andriy (andriy) said пришлось суесайд делать 8-12-2020, 9:34:07 PM
spay (spay) said lol 8-12-2020, 9:34:20 PM
spay (spay) said под сталом 8-12-2020, 9:34:27 PM
andriy (andriy) said ты где 8-12-2020, 9:34:41 PM
spay (spay) said в клетке 8-12-2020, 9:34:51 PM
spay (spay) said ноль 30 ноль и ентер 8-12-2020, 9:35:16 PM
andriy (andriy) said ты где там 8-12-2020, 9:35:44 PM
andriy (andriy) said дуй в ринг 8-12-2020, 9:35:52 PM
spay (spay) said эээ 8-12-2020, 9:35:58 PM
spay (spay) said ну лан ща убьюсь 8-12-2020, 9:36:03 PM
andriy (andriy) said а чЄ в клетке делать 8-12-2020, 9:36:14 PM
death: hunter just got bashed by spay on the cage map 8-12-2020, 9:36:23 PM
death: rabbit killed spay on cage. 8-12-2020, 9:36:31 PM
spay (spay) said зверей бить 8-12-2020, 9:36:36 PM
spay (spay) said 1 moment pleaz 8-12-2020, 9:36:55 PM
death: spay just blew boxer's brains out. Somebody get a mo 8-12-2020, 9:37:44 PM
death: The boxing map is full now with boxer's guts as spay owned them! 8-12-2020, 9:37:45 PM
death: I think I just saw trainer's corpse flying as spay owned them on boxing. 8-12-2020, 9:37:46 PM
death: You know that particular element in physics where velocity increases as you fall? yeah, boxer learned that really fuckin quick. 8-12-2020, 9:37:47 PM
spay (spay) said bltim 8-12-2020, 9:37:54 PM
death: Rest  in piece, boxer. We'll sure miss you, guess we can thank spay for what they did. 8-12-2020, 9:37:56 PM
death: boxer was nuked off the map boxing by spay 8-12-2020, 9:38:02 PM
andriy (andriy) said чЄ 8-12-2020, 9:38:04 PM
spay (spay) said € на ринге 8-12-2020, 9:38:10 PM
death: boxer was turned to pulp by spay 8-12-2020, 9:38:13 PM
death: The boxing map is full now with boxer's guts as spay owned them! 8-12-2020, 9:38:18 PM
spay (spay) said ты где 8-12-2020, 9:38:23 PM
death: I think I just saw boxer's corpse flying as spay owned them on boxing. 8-12-2020, 9:38:24 PM
andriy (andriy) said на платформу 8-12-2020, 9:38:25 PM
death: boxer just got annihilated by spay 8-12-2020, 9:38:30 PM
spay (spay) said какую 8-12-2020, 9:38:33 PM
spay (spay) said задрал 8-12-2020, 9:38:35 PM
death: boxer, I believe spay had something to say. 8-12-2020, 9:38:39 PM
spay (spay) said р 8-12-2020, 9:38:43 PM
andriy (andriy) said вход в ринг 8-12-2020, 9:38:43 PM
death: He shoots, he scores! trainer's testicles went flying through the hoops. spay stands tall with quite the sinical smile. 8-12-2020, 9:38:48 PM
death: boxer really made a mess of spay on the boxing map.  8-12-2020, 9:38:53 PM
death: boxing smells pretty dank. trainer needs a proper barrial by spay 8-12-2020, 9:39:40 PM
death: trainer's head was blown apart and now spay plays basketball today, up for a game? 8-12-2020, 9:39:40 PM
death: Anybody knows why boxer died? I know! boxer got owned by spay! Where? On boxing! 8-12-2020, 9:39:41 PM
death: oy, where'd spay go. Do you happen to know, andriy's armored tank? 8-12-2020, 9:40:45 PM
andriy (andriy) said урааааа 8-12-2020, 9:40:53 PM
spay (spay) said ты че такой неубиваемый гад 8-12-2020, 9:40:57 PM
spay (spay) said гг 8-12-2020, 9:41:01 PM
andriy (andriy) said € ж на танке 8-12-2020, 9:41:13 PM
spay (spay) said ааа 8-12-2020, 9:41:25 PM
spay (spay) said сууука 8-12-2020, 9:41:28 PM
andriy (andriy) said гасииииии 8-12-2020, 9:41:33 PM
spay (spay) said of 8-12-2020, 9:41:43 PM
spay (spay) said ща 8-12-2020, 9:41:46 PM
death: spay takes their last breath as andriy's armored tank blasts them in the face one last time. Brutallity! 8-12-2020, 9:42:20 PM
andriy (andriy) said ураааааааа 8-12-2020, 9:42:28 PM
spay (spay) said .вылезай 8-12-2020, 9:42:30 PM
death: the laws of gravity just royally kicked spay's ass 8-12-2020, 9:42:31 PM
andriy (andriy) said нееееее 8-12-2020, 9:42:35 PM
spay (spay) said вылезай гааад 8-12-2020, 9:42:41 PM
spay (spay) said ггг 8-12-2020, 9:42:44 PM
andriy (andriy) said мне и тут не плохо 8-12-2020, 9:42:48 PM
spay (spay) said ok 8-12-2020, 9:43:00 PM
andriy (andriy) said идЄшь? 8-12-2020, 9:43:24 PM
spay (spay) said yes 8-12-2020, 9:43:34 PM
death: andriy's armored_tank just got bashed by spay's rocket on the viewing platform map 8-12-2020, 9:44:03 PM
death: andriy was obliterated by the explosion of their armored_tank 8-12-2020, 9:44:03 PM
andriy (andriy) said неееееееееееееет 8-12-2020, 9:44:17 PM
spay (spay) said yes 8-12-2020, 9:44:22 PM
andriy (andriy) said мой таааааанк 8-12-2020, 9:44:24 PM
andriy (andriy) said сцууууууукаааааааа 8-12-2020, 9:44:33 PM
spay (spay) said иди сюда 8-12-2020, 9:44:39 PM
spay (spay) said ггг 8-12-2020, 9:44:41 PM
ramil logged in. 8-12-2020, 9:44:54 PM
spay (spay) said ты где 8-12-2020, 9:45:04 PM
andriy (andriy) said иду 8-12-2020, 9:45:08 PM
andriy (andriy) said ой 8-12-2020, 9:45:10 PM
andriy (andriy) said кто здесь 8-12-2020, 9:45:15 PM
spay (spay) said что 8-12-2020, 9:45:16 PM
ramil (ramil) said ramil 8-12-2020, 9:45:18 PM
spay (spay) said привет 8-12-2020, 9:45:24 PM
ramil (ramil) said hi 8-12-2020, 9:45:27 PM
andriy (andriy) said дарова 8-12-2020, 9:45:27 PM
spay (spay) said ты где там 8-12-2020, 9:45:39 PM
death: spay was just obliterated by the force of spay's rocket on viewing platform 8-12-2020, 9:45:45 PM
death: spay's rocket just gave andriy what for! 8-12-2020, 9:45:45 PM
andriy (andriy) said гондоооооооон 8-12-2020, 9:46:05 PM
ramil (ramil) said gg 8-12-2020, 9:46:09 PM
death: wolf just got annihilated by ramil 8-12-2020, 9:46:19 PM
death: Somebody call 9 1 1, oh wait, rain check. ramil gives no shits. Peace out, polarbear 8-12-2020, 9:46:25 PM
death: coyote just got annihilated by ramil 8-12-2020, 9:46:27 PM
death: dog was totaled by ramil on map cage 8-12-2020, 9:46:31 PM
andriy (andriy) said рамиль 8-12-2020, 9:46:32 PM
death: Stop crying, coyote! Go kill ramil! 8-12-2020, 9:46:34 PM
ramil (ramil) said what 8-12-2020, 9:46:36 PM
death: ramil just completely and totally pulvarized polarbear over here! 8-12-2020, 9:46:39 PM
andriy (andriy) said дай админ ган 8-12-2020, 9:46:41 PM
death: dog just got bashed by ramil on the cage map 8-12-2020, 9:46:42 PM
ramil (ramil) said ne mogu 8-12-2020, 9:46:49 PM
andriy (andriy) said € колю завалю 8-12-2020, 9:46:52 PM
spay (spay) said ytn 8-12-2020, 9:46:56 PM
spay (spay) said no 8-12-2020, 9:46:58 PM
ramil (ramil) said это только дл€ админов 8-12-2020, 9:46:59 PM
spay (spay) said мне дай 8-12-2020, 9:47:10 PM
spay (spay) said ты где андрей 8-12-2020, 9:47:17 PM
ramil (ramil) said это только дл€ админов 8-12-2020, 9:47:21 PM
ramil (ramil) said админган 8-12-2020, 9:47:26 PM
andriy (andriy) said покупаю танк 8-12-2020, 9:47:29 PM
andriy (andriy) said бронированый 8-12-2020, 9:47:39 PM
spay (spay) said lfdfq lfdfq 8-12-2020, 9:47:44 PM
ramil (ramil) said 1000000 health  8-12-2020, 9:47:50 PM
spay (spay) said fest dura 8-12-2020, 9:47:52 PM
andriy (andriy) said чЄЄЄЄЄЄ 8-12-2020, 9:47:53 PM
death: and splat goes bear, with ramil standing over them with quite the smile 8-12-2020, 9:47:54 PM
spay (spay) said ggg 8-12-2020, 9:48:01 PM
andriy (andriy) said такс 8-12-2020, 9:48:09 PM
andriy (andriy) said € буду ху€рить 8-12-2020, 9:48:17 PM
death: cage smells pretty dank. hunter needs a proper barrial by ramil 8-12-2020, 9:48:20 PM
spay (spay) said bistro 8-12-2020, 9:48:23 PM
andriy (andriy) said пивасик 8-12-2020, 9:48:30 PM
death: bear was just obliterated by the force of ramil on cage 8-12-2020, 9:48:31 PM
spay (spay) said при€тного 8-12-2020, 9:48:37 PM
death: Is there a doctor on the map? lion has no paulse. Oh, there isn't? Okay. ramil laughs. 8-12-2020, 9:48:38 PM
death: bear was owned by ramil on cage 8-12-2020, 9:48:42 PM
andriy (andriy) said пасиб 8-12-2020, 9:48:50 PM
spay (spay) said иди сюда вместе поху€рим 8-12-2020, 9:48:51 PM
death: because of the villany of ramil, lion will no longer have a beating heart again, because it is broken on the cage map.  8-12-2020, 9:48:54 PM
andriy (andriy) said та не 8-12-2020, 9:48:58 PM
andriy (andriy) said сам иди 8-12-2020, 9:49:03 PM
spay (spay) said не хочу мне лень 8-12-2020, 9:49:11 PM
andriy (andriy) said сам иди 8-12-2020, 9:49:12 PM
death: oy, where'd hunter go. Do you happen to know, ramil? 8-12-2020, 9:49:16 PM
death: ramil just blasted dog away! 8-12-2020, 9:49:18 PM
andriy (andriy) said мне тоже 8-12-2020, 9:49:21 PM
death: boxer just got annihilated by spay 8-12-2020, 9:49:23 PM
death: Another one bites the dust, wolf, you will be greatly missed on cage. 8-12-2020, 9:49:24 PM
death: spay just gave  boxer a royal beating 8-12-2020, 9:49:25 PM
death: trainer was owned by spay on boxing 8-12-2020, 9:49:26 PM
andriy (andriy) said ааааааааааа 8-12-2020, 9:49:27 PM
death: hunter takes their last breath as ramil blasts them in the face one last time. Brutallity! 8-12-2020, 9:49:30 PM
death: He shoots, he scores! boxer's testicles went flying through the hoops. spay stands tall with quite the sinical smile. 8-12-2020, 9:49:33 PM
death: oy, where'd boxer go. Do you happen to know, spay? 8-12-2020, 9:49:38 PM
death: hunter, You have a murderer on line 1, go ahead ramil  8-12-2020, 9:49:41 PM
death: Another one bites the dust, boxer, you will be greatly missed on boxing. 8-12-2020, 9:49:44 PM
death: wolf takes their last breath as ramil blasts them in the face one last time. Brutallity! 8-12-2020, 9:49:48 PM
spay (spay) said а 8-12-2020, 9:49:50 PM
death: Stop crying, hunter! Go kill ramil! 8-12-2020, 9:49:53 PM
death: Another one bites the dust! boxer, have fun, I'm sure spay is 8-12-2020, 9:49:55 PM
death: trainer was nuked off the map boxing by spay 8-12-2020, 9:49:55 PM
death: coyote takes their last breath as ramil blasts them in the face one last time. Brutallity! 8-12-2020, 9:49:59 PM
death: spay just gave trainer what for! 8-12-2020, 9:50:04 PM
death: ramil just beat the shit out of lion 8-12-2020, 9:50:09 PM
death: Another one bites the dust! boxer, have fun, I'm sure spay is 8-12-2020, 9:50:10 PM
spay (spay) said ф 8-12-2020, 9:50:12 PM
death: ramil is so happy because he killed rabbit on cage! 8-12-2020, 9:50:17 PM
death: A pool of red reminder liquid now forms under boxer's corpse. spay has the credibility for their demise.  8-12-2020, 9:50:19 PM
death: ramil just blasted wolf away! 8-12-2020, 9:50:20 PM
spay (spay) said во  8-12-2020, 9:50:21 PM
death: Breaking news! Today, ramil killed polarbear so easy on cage! isn't it a good news? 8-12-2020, 9:50:22 PM
spay (spay) said салага 8-12-2020, 9:50:24 PM
death: gravaty just finished pulling the corpse of boxer to the ground of the boxing map, and we can thank spay for the help!  8-12-2020, 9:50:26 PM
death: OK, let's see what else ramil can do for wolf on cage. I saw he killed them! 8-12-2020, 9:50:27 PM
death: spay just beat the shit out of boxer 8-12-2020, 9:50:33 PM
death: I think I just saw rabbit's corpse flying as ramil owned them on cage. 8-12-2020, 9:50:41 PM
death: a bloody corpse of boxer now lies on map boxing, thanks to spay 8-12-2020, 9:50:42 PM
death: boxing smells pretty dank. trainer needs a proper barrial by spay 8-12-2020, 9:50:45 PM
death: cage smells pretty dank. lion needs a proper barrial by ramil 8-12-2020, 9:50:48 PM
death: trainer, I believe spay had something to say. 8-12-2020, 9:50:54 PM
death: Oops? Man down! That man is trainer. spay isn't so kind on boxing. 8-12-2020, 9:51:00 PM
death: Man? what's this! trainer died? No! He's my friend! Or what... I mean, he's spay's friend! But I still can't believe looking at how he killed them on boxing. 8-12-2020, 9:51:06 PM
death: boxer really made a mess of spay on the boxing map.  8-12-2020, 9:51:13 PM
death: trainer really made a mess of spay on the boxing map.  8-12-2020, 9:51:21 PM
andriy (andriy) said рамиль 8-12-2020, 9:51:27 PM
death: spay just blew trainer's brains out. Somebody get a mo 8-12-2020, 9:51:27 PM
andriy (andriy) said это чЄ 8-12-2020, 9:51:32 PM
death: A new freshly killed blood of boxer lies now on boxing, thanks spay! 8-12-2020, 9:51:35 PM
death: and splat goes boxer, with spay standing over them with quite the smile 8-12-2020, 9:51:41 PM
spay (spay) said так че вы тут? 8-12-2020, 9:51:45 PM
death: Anybody knows why trainer died? I know! trainer got owned by spay! Where? On boxing! 8-12-2020, 9:51:50 PM
spay (spay) said боитесь  8-12-2020, 9:51:53 PM
ramil (ramil) said no 8-12-2020, 9:51:56 PM
death: the boxing map now contains loads of guts from boxer, thanks to spay.  8-12-2020, 9:51:57 PM
ramil (ramil) said bitch 8-12-2020, 9:52:00 PM
death: Stay clear of boxing, boxer has begun decaying. Thanks spay 8-12-2020, 9:52:02 PM
andriy (andriy) said у мен€ еще те остались 8-12-2020, 9:52:05 PM
death: A new corpse of trainer is flying on boxing, because spay made this to happen! 8-12-2020, 9:52:09 PM
spay (spay) said че осталось? 8-12-2020, 9:52:15 PM
death: spay killed trainer on boxing. 8-12-2020, 9:52:17 PM
death: A new freshly killed blood of trainer lies now on boxing, thanks spay! 8-12-2020, 9:52:28 PM
andriy (andriy) said кеш 8-12-2020, 9:52:32 PM
death: boxer was turned to pulp by ramil 8-12-2020, 9:52:35 PM
death: trainer just got their ass handed to them on a platter, happily served by ramil 8-12-2020, 9:52:36 PM
death: gravaty just finished pulling the corpse of ramil to the ground of the boxing ring map, and we can thank spay's hand_grenade for the help!  8-12-2020, 9:52:37 PM
ramil (ramil) said mapname:store
maxx:30
maxy:30
maxz:30
tile:0:30:0:30:0:0:wood3
zone:0:30:0:30:0:30:store
src:0:30:0:30:0:30:supermarket.ogg
tile:0:0:0:0:0:0:beam
zone:0:0:0:0:0:15:weapon store:trackme
tile:0:0:10:10:0:0:beam
zone:0:0:10:10:0:15:ammo store:trackme
tile:10:10:10:10:0:0:beam
zone:10:10:10:10:0:15:explosive store:trackme
tile:0:0:20:20:0:0:beam
zone:0:0:20:20:0:15:misc store:trackme
tile:10:10:20:20:0:0:beam
zone:10:10:20:20:0:15:medical store:trackme
tile:20:20:10:10:0:0:beam
zone:20:20:10:10:0:15:vehicle store:trackme
tile:20:20:0:0:0:0:beam
zone:20:20:0:0:0:15:melee weapons store:trackme
tile:15:15:15:15:0:0:diamond
zone:15:15:15:15:0:15:put a coin!:trackme
tile:10:10:0:0:0:0:plywood
zone:10:10:0:0:0:15:exit to the main:trackme
zone:30:30:30:30:0:15:to go to the boxing ring, press enter:trackme
travelpoint:30:30:30:30:0:10:boxing:1:1:40:moved
zone:0:0:30:30:0:15:door to the cage of the angry and hungry animals, it looks like a really dangerous place, be very carefull entering this:trackme
travelpoint:0:0:30:30:0:10:cage:0:0:20:good luck, try to survive here!
vending_machine:20:20:0
tile:20:20:20:20:0:0:beam
zone:20:20:20:20:0:15:vending machine:trackme
zone:15:15:30:30:0:15:to go on the zalp map, press enter:trackme
travelpoint:15:15:30:30:0:10:zalp:25:25:0:good luck to surviv!
/travelpoint:0:30:0:30:30:50:store:15:15:0:done
/travelpoint:30:30:11:11:0:10:balls:0:150:100:moved
noitems:0:30:0:30:0:30:wirebomb:motion_bomb:mine:stun_dart:remote_timebomb:remote_bomb:security_bomb:remote_gun:timebomb:barricade_bomb:health_dart:suicide_bomb:mass_bomb:bottle_bomb:impact_bomb:guided_missile:ultrabomb:bottle_bomb:carrier_missile:bullet_bomb:stun_grenade:sticky_bomb:grenade:robot:helicopter:pipe_bomb:snowball:small_projectile:tasing_small_projectile:stp429_mini_missile:throwing_star:poison_dart:sky_436_mine:warp_box:bomb_defuser:health_orb:poisoned_small_projectile:robocop:missile_interceptor:nuclear_bomb:stone:concussive_grenade:turret:hand_grenade
travelpoint:30:30:0:0:0:10:oldmain:250:250:0:moved
zone:30:30:0:0:0:10:pass to old main map:trackme
jplayer:15:15:0
fightingstate:0
zone:5:5:0:0:0:0:pornohub vidios now enable!
zone:5:5:0:0:0:0:store
tile:0:30:0:30:0:0:bare
tile:0:30:0:30:0:0:stone2
tile:10:10:0:0:0:0:vent
tile:10:10:10:10:10:10:plywood
tile:0:0:0:0:0:0:beam
tile:0:0:10:10:0:0:beam
tile:0:0:20:20:0:0:beam
tile:10:10:20:20:0:0:beam
tile:10:10:10:10:0:0:beam
tile:20:20:10:10:0:0:beam
tile:20:20:20:20:0:0:beam
tile:20:20:0:0:0:0:beam
tile:10:10:0:0:0:0:plywood
tile:15:15:15:15:0:0:diamond
travelpoint:5:5:30:30:0:0:battles:0:0:0:ok 8-12-2020, 9:52:41 PM
death: boxer was just obliterated by the force of spay on boxing 8-12-2020, 9:52:46 PM
death: Well, boxer doesn't exist anymore. Looks to be that spay has ultimate victory. Clean up on boxing  8-12-2020, 9:52:53 PM
ramil (ramil) said € грены разрешил. 8-12-2020, 9:52:54 PM
death: ownage! boxer managed to escape by killing spay on the map boxing 8-12-2020, 9:52:59 PM
spay (spay) said кого кого* 8-12-2020, 9:53:04 PM
death: boxer was nuked off the map boxing by spay 8-12-2020, 9:53:06 PM
death: the boxing map now contains loads of guts from boxer, thanks to spay.  8-12-2020, 9:53:15 PM
death: because of the villany of andriy, fly will no longer have a beating heart again, because it is broken on the zalp map.  8-12-2020, 9:53:22 PM
death: spay just used the grounds of the boxing map to teach trainer a very important lesson!  8-12-2020, 9:53:22 PM
death: boxer just got creamed by spay 8-12-2020, 9:53:27 PM
death: spay just condemned trainer to hell! 8-12-2020, 9:53:32 PM
death: Rest  in piece, spay. We'll sure miss you, guess we can thank ramil's hand_grenade for what they did. 8-12-2020, 9:53:34 PM
death: Man? what's this! boxer died? No! He's my friend! Or what... I mean, he's ramil's friend! But I still can't believe looking at how he killed them on boxing. 8-12-2020, 9:53:45 PM
death: You know that particular element in physics where velocity increases as you fall? yeah, andriy learned that really fuckin quick. 8-12-2020, 9:53:51 PM
death: boxer just got creamed by ramil 8-12-2020, 9:53:51 PM
death: Anybody knows why bear died? I know! bear got owned by andriy! Where? On zalp! 8-12-2020, 9:53:55 PM
death: Anybody knows why trainer died? I know! trainer got owned by ramil! Where? On boxing! 8-12-2020, 9:53:56 PM
andriy (andriy) said неееееееет 8-12-2020, 9:54:02 PM
death: Damn, spay, that was quite a vicious display of violence towards trainer 8-12-2020, 9:54:26 PM
death: boxer, I believe spay had something to say. 8-12-2020, 9:54:26 PM
death: and the deathly scream of boxer pierces the air as spay finishes them off! 8-12-2020, 9:54:27 PM
andriy (andriy) said выключи ботов 8-12-2020, 9:54:31 PM
death: spay just condemned boxer to hell! 8-12-2020, 9:54:33 PM
ramil (ramil) said no 8-12-2020, 9:54:35 PM
death: spay just neutralized boxer 8-12-2020, 9:54:38 PM
andriy (andriy) said чего 8-12-2020, 9:54:42 PM
death: trainer just got creamed by spay 8-12-2020, 9:54:44 PM
death: Somebody call 9 1 1, oh wait, rain check. ramil gives no shits. Peace out, welder 8-12-2020, 9:54:45 PM
ramil (ramil) said noo 8-12-2020, 9:54:46 PM
ramil (ramil) said no 8-12-2020, 9:54:48 PM
death: ramil just neutralized trainer 8-12-2020, 9:54:53 PM
death: spay just gave  boxer a royal beating 8-12-2020, 9:54:54 PM
death: because of the villany of spay, boxer will no longer have a beating heart again, because it is broken on the boxing map.  8-12-2020, 9:54:58 PM
death: soldier really made a mess of ramil on the vinni map.  8-12-2020, 9:55:02 PM
death: and splat goes boxer, with spay standing over them with quite the smile 8-12-2020, 9:55:06 PM
death: and splat goes trainer, with spay standing over them with quite the smile 8-12-2020, 9:55:11 PM
death: dog was given what was coming to them, thank you ramil! 8-12-2020, 9:55:13 PM
death: and the deathly scream of boxer pierces the air as spay finishes them off! 8-12-2020, 9:55:18 PM
death: the vinni map now contains loads of guts from glider, thanks to ramil.  8-12-2020, 9:55:20 PM
death: oy, where'd trainer go. Do you happen to know, spay? 8-12-2020, 9:55:25 PM
death: ramil just used the grounds of the vinni map to teach cockroach a very important lesson!  8-12-2020, 9:55:28 PM
death: vinni smells pretty dank. sniper needs a proper barrial by ramil 8-12-2020, 9:55:31 PM
death: Rest  in piece, trainer. We'll sure miss you, guess we can thank spay for what they did. 8-12-2020, 9:55:32 PM
spay (spay) said rnj yf hbyut 8-12-2020, 9:55:40 PM
death: ownage! boxer managed to escape by killing spay on the map boxing 8-12-2020, 9:55:43 PM
death: boxer just got annihilated by spay 8-12-2020, 9:55:49 PM
death: ramil just gave bear what for! 8-12-2020, 9:55:49 PM
death: Another one bites the dust, trainer, you will be greatly missed on boxing. 8-12-2020, 9:55:53 PM
death: ramil just mauled pan 8-12-2020, 9:55:53 PM
death: robot just beat the shit out of andriy 8-12-2020, 9:55:56 PM
death: Rest  in piece, robot. We'll sure miss you, guess we can thank andriy for what they did. 8-12-2020, 9:56:01 PM
death: trainer was owned by spay on boxing 8-12-2020, 9:56:05 PM
death: boxer has been terminated by spay 8-12-2020, 9:56:08 PM
death: zombie just got creamed by ramil 8-12-2020, 9:56:21 PM
death: Well, spay doesn't exist anymore. Looks to be that spay's gp30 has ultimate victory. Clean up on boxing ring  8-12-2020, 9:56:25 PM
death: boxer's head was blown apart and now spay's gp30 plays basketball today, up for a game? 8-12-2020, 9:56:26 PM
death: gravaty just finished pulling the corpse of trainer to the ground of the boxing map, and we can thank spay's gp30 for the help!  8-12-2020, 9:56:26 PM
andriy (andriy) said да почему же € так быстро подыхаааааааю 8-12-2020, 9:56:33 PM
death: gravaty just finished pulling the corpse of harvester to the ground of the vinni map, and we can thank ramil for the help!  8-12-2020, 9:56:37 PM
andriy (andriy) said о 8-12-2020, 9:56:41 PM
andriy (andriy) said спайс 8-12-2020, 9:56:45 PM
death: robot really made a mess of ramil on the vinni map.  8-12-2020, 9:56:47 PM
andriy (andriy) said поделись 8-12-2020, 9:56:53 PM
death: ramil has been terminated by lion 8-12-2020, 9:57:01 PM
spay (spay) said xtv 8-12-2020, 9:57:04 PM
death: lion just got annihilated by ramil 8-12-2020, 9:57:06 PM
spay (spay) said чем 8-12-2020, 9:57:07 PM
spay (spay) said не могу читать чат 8-12-2020, 9:57:13 PM
andriy (andriy) said хпшкой 8-12-2020, 9:57:20 PM
spay (spay) said чеееее 8-12-2020, 9:57:26 PM
death: ramil just put car 6 feet under on vinni 8-12-2020, 9:57:27 PM
andriy (andriy) said напитками 8-12-2020, 9:57:34 PM
death: ramil is so happy because he killed car on vinni! 8-12-2020, 9:57:36 PM
death: A new corpse of sniper is flying on vinni, because ramil made this to happen! 8-12-2020, 9:57:41 PM
death: ramil just gave dragon what for! 8-12-2020, 9:58:00 PM
spay (spay) said ,thb 8-12-2020, 9:58:04 PM
spay (spay) said бери 8-12-2020, 9:58:09 PM
death: train was nuked out of existance by ramil 8-12-2020, 9:58:14 PM
spay (spay) said бабки надо? 8-12-2020, 9:58:15 PM
andriy (andriy) said а щитыыыыы 8-12-2020, 9:58:15 PM
death: flamethrower was totaled by ramil on map vinni 8-12-2020, 9:58:21 PM
death: A pool of red reminder liquid now forms under dragon's corpse. ramil has the credibility for their demise.  8-12-2020, 9:58:32 PM
andriy (andriy) said пасиб 8-12-2020, 9:58:33 PM
spay (spay) said нзч 8-12-2020, 9:58:39 PM
spay (spay) said blb d rktnre 8-12-2020, 9:59:37 PM
andriy (andriy) said а чЄ тут даЄт левел 8-12-2020, 9:59:38 PM
ramil (ramil) said ни чего. ггг 8-12-2020, 9:59:46 PM
andriy (andriy) said чЄЄЄЄЄ 8-12-2020, 9:59:46 PM
spay (spay) said ничего 8-12-2020, 9:59:47 PM
spay (spay) said в клетку иди 8-12-2020, 9:59:53 PM
andriy (andriy) said неееее 8-12-2020, 9:59:59 PM
andriy (andriy) said там звери 8-12-2020, 10:00:05 PM
spay (spay) said быстро 8-12-2020, 10:00:06 PM
death: The vinni map is full now with coyote's guts as ramil owned them! 8-12-2020, 10:00:09 PM
spay (spay) said гг 8-12-2020, 10:00:11 PM
ramil (ramil) said .так, € пошЄл 8-12-2020, 10:00:24 PM
andriy (andriy) said нееееее 8-12-2020, 10:00:24 PM
death: spay just condemned bear to hell! 8-12-2020, 10:00:27 PM
death: ramil laughs mockingly at the dying form of rabbit on vinni 8-12-2020, 10:00:28 PM
death: spay just neutralized wolf 8-12-2020, 10:00:30 PM
death: polarbear just got bashed by spay on the cage map 8-12-2020, 10:00:33 PM
death: Anybody knows why hunter died? I know! hunter got owned by spay! Where? On cage! 8-12-2020, 10:00:36 PM
andriy (andriy) said куды 8-12-2020, 10:00:39 PM
death: wolf, I believe spay had something to say. 8-12-2020, 10:00:41 PM
death: Stay clear of cage, bear has begun decaying. Thanks spay 8-12-2020, 10:00:47 PM
spay (spay) said € пока выживаю 8-12-2020, 10:00:51 PM
death: Another one bites the dust, zombie, you will be greatly missed on vinni. 8-12-2020, 10:00:52 PM
death: Damn, spay, that was quite a vicious display of violence towards polarbear 8-12-2020, 10:00:53 PM
death: dog, You have a murderer on line 1, go ahead spay  8-12-2020, 10:00:57 PM
death: A new corpse of bear is flying on cage, because spay made this to happen! 8-12-2020, 10:01:01 PM
death: spay killed bear on cage. 8-12-2020, 10:01:08 PM
death: Is there a doctor on the map? spay has no paulse. Oh, there isn't? Okay. rabbit laughs. 8-12-2020, 10:01:11 PM
death: ramil just completely and totally pulvarized zombie over here! 8-12-2020, 10:01:23 PM
andriy (andriy) said € пришЄЄЄЄЄл 8-12-2020, 10:01:31 PM
ramil (ramil) said .ьщму кфьшд 5 5 5 фвьшт_фкуф 8-12-2020, 10:01:33 PM
death: Stay clear of cage, andriy has begun decaying. Thanks rabbit 8-12-2020, 10:01:55 PM
death: ramil just used the grounds of the vinni map to teach robocop a very important lesson!  8-12-2020, 10:02:00 PM
andriy (andriy) said каааааааак 8-12-2020, 10:02:13 PM
spay (spay) said ult 8-12-2020, 10:02:14 PM
spay (spay) said где ты 8-12-2020, 10:02:19 PM
ramil disconnected 8-12-2020, 10:02:28 PM
spay (spay) said заходииии 8-12-2020, 10:02:32 PM
andriy (andriy) said зашЄл в клетку 8-12-2020, 10:02:33 PM
andriy (andriy) said ща 8-12-2020, 10:02:41 PM
spay (spay) said не к самим звер€м 8-12-2020, 10:02:49 PM
spay (spay) said где ты тааам 8-12-2020, 10:03:14 PM
andriy (andriy) said перезар€дка 8-12-2020, 10:03:24 PM
spay (spay) said какааа€ 8-12-2020, 10:03:51 PM
andriy (andriy) said пушок 8-12-2020, 10:03:56 PM
andriy (andriy) said только сразу не гаси 8-12-2020, 10:04:05 PM
spay (spay) said погоди не атакуй  8-12-2020, 10:04:06 PM
spay (spay) said погоди 8-12-2020, 10:04:11 PM
spay (spay) said не стрел€й 8-12-2020, 10:04:14 PM
andriy (andriy) said ты чЄ там 8-12-2020, 10:05:22 PM
spay (spay) said готов 8-12-2020, 10:05:30 PM
death: spay's hand_grenade just mauled andriy 8-12-2020, 10:05:50 PM
spay (spay) said го 8-12-2020, 10:06:05 PM
andriy logged in. 8-12-2020, 10:06:08 PM
andriy (andriy) said да иди ты! 8-12-2020, 10:06:19 PM
spay (spay) said € готов 8-12-2020, 10:06:22 PM
spay (spay) said просто помогал 8-12-2020, 10:06:28 PM
spay (spay) said даваай еще раз и € пошел 8-12-2020, 10:06:36 PM
spay (spay) said гг 8-12-2020, 10:06:39 PM
andriy (andriy) said не 8-12-2020, 10:06:46 PM
andriy (andriy) said € не иду 8-12-2020, 10:06:51 PM
spay (spay) said а шо 8-12-2020, 10:06:52 PM
spay (spay) said даваааай 8-12-2020, 10:06:59 PM
andriy (andriy) said ты с гранатами 8-12-2020, 10:07:03 PM
andriy (andriy) said го на ножиках 8-12-2020, 10:07:15 PM
spay (spay) said ну могу тебе дать их или без них теб€ уработать 8-12-2020, 10:07:17 PM
spay (spay) said пщ 8-12-2020, 10:07:25 PM
spay (spay) said го 8-12-2020, 10:07:27 PM
Flammia logged in. 8-12-2020, 10:07:48 PM
spay (spay) said че идиешь 8-12-2020, 10:07:55 PM
spay (spay) said о! фига се 8-12-2020, 10:08:01 PM
andriy (andriy) said ща 8-12-2020, 10:08:01 PM
spay (spay) said €б нунчаки лучше заюзал гггг 8-12-2020, 10:08:17 PM
death: Stay clear of safe zone, andriy has begun decaying. Thanks spay's knife 8-12-2020, 10:10:14 PM
spay (spay) said new achievement! commander blade. reward: 5 shotgun_ammo_pack 8-12-2020, 10:10:22 PM
spay (spay) said us 8-12-2020, 10:10:26 PM
spay (spay) said гы 8-12-2020, 10:10:29 PM
spay (spay) said ты че не лечилс€ чтоли 8-12-2020, 10:10:35 PM
spay (spay) said го еще 8-12-2020, 10:10:51 PM
andriy (andriy) said стооой 8-12-2020, 10:10:58 PM
spay (spay) said xnj 8-12-2020, 10:11:04 PM
spay (spay) said what 8-12-2020, 10:11:09 PM
spay (spay) said что 8-12-2020, 10:11:16 PM
andriy (andriy) said стооооой 8-12-2020, 10:11:19 PM
spay (spay) said что 8-12-2020, 10:11:26 PM
spay (spay) said ну терь победа тво€ € щиты не могу одеть 8-12-2020, 10:11:53 PM
spay (spay) said ггг 8-12-2020, 10:11:55 PM
spay (spay) said в этой локе 8-12-2020, 10:11:59 PM
spay (spay) said идешь? 8-12-2020, 10:12:18 PM
andriy (andriy) said у мен€ лаги 8-12-2020, 10:12:20 PM
andriy (andriy) said ой 8-12-2020, 10:12:50 PM
andriy (andriy) said кто здес€ 8-12-2020, 10:12:57 PM
spay (spay) said что 8-12-2020, 10:12:57 PM
spay (spay) said € 8-12-2020, 10:13:00 PM
spay (spay) said ты где 8-12-2020, 10:13:04 PM
spay (spay) said идешь или читаю €? 8-12-2020, 10:13:10 PM
spay (spay) said а? 8-12-2020, 10:13:14 PM
spay (spay) said а? 8-12-2020, 10:13:15 PM
andriy (andriy) said читай 8-12-2020, 10:13:19 PM
spay (spay) said оки 8-12-2020, 10:13:22 PM
death: OK, let's see what else spay can do for rabbit on cage. I saw he killed them! 8-12-2020, 10:13:33 PM
andriy (andriy) said тут ктото третий есть 8-12-2020, 10:13:38 PM
andriy (andriy) said даров 8-12-2020, 10:13:41 PM
death: You know that particular element in physics where velocity increases as you fall? yeah, coyote learned that really fuckin quick. 8-12-2020, 10:13:55 PM
death: Stay clear of cage, dog has begun decaying. Thanks spay 8-12-2020, 10:14:00 PM
death: dog died. Why? Because grenade owned them on cage. 8-12-2020, 10:14:08 PM
death: grenade just put hunter 6 feet under on cage 8-12-2020, 10:14:22 PM
death: rabbit, I believe grenade had something to say. 8-12-2020, 10:14:24 PM
death: spay died. Why? Because spay's grenade owned them on cage. 8-12-2020, 10:14:29 PM
death: coyote just got bashed by grenade on the cage map 8-12-2020, 10:14:31 PM
andriy (andriy) said где вз€€€€€л 8-12-2020, 10:14:47 PM
andriy (andriy) said € тоже хочууу 8-12-2020, 10:15:00 PM
spay (spay) said хз 8-12-2020, 10:15:11 PM
spay (spay) said eitk 8-12-2020, 10:15:39 PM
spay (spay) said ушел 8-12-2020, 10:15:44 PM
andriy (andriy) said давай 8-12-2020, 10:15:50 PM
spay (spay) said или мб убить теб€€€ еще раз? 8-12-2020, 10:15:53 PM
spay (spay) said хех 8-12-2020, 10:15:58 PM
andriy (andriy) said не 8-12-2020, 10:16:06 PM
spay (spay) said хот€ может и не убью 8-12-2020, 10:16:07 PM
spay (spay) said та давааай че ты 8-12-2020, 10:16:15 PM
andriy (andriy) said сукааааааа 8-12-2020, 10:16:19 PM
spay (spay) said что 8-12-2020, 10:16:23 PM
andriy (andriy) said кто автомат трогал 8-12-2020, 10:16:26 PM
death: Flammia just blew boxer's brains out. Somebody get a mo 8-12-2020, 10:16:35 PM
death: boxer just got their ass handed to them on a platter, happily served by Flammia 8-12-2020, 10:16:35 PM
death: Flammia just neutralized boxer 8-12-2020, 10:16:36 PM
spay (spay) said оксана помочь с деньагми? 8-12-2020, 10:16:42 PM
death: Flammia just put the smack down on boxer 8-12-2020, 10:16:42 PM
death: gravaty just finished pulling the corpse of boxer to the ground of the boxing map, and we can thank Flammia for the help!  8-12-2020, 10:16:52 PM
death: Flammia just beat the shit out of boxer 8-12-2020, 10:16:55 PM
andriy (andriy) said € тоже могу помоч 8-12-2020, 10:16:55 PM
andriy (andriy) said у мен€ 20 л€мов 8-12-2020, 10:17:04 PM
death: Flammia laughs mockingly at the dying form of cyborg on c_system 8-12-2020, 10:17:08 PM
spay (spay) said угу мы хлопцы не жадные 8-12-2020, 10:17:10 PM
andriy (andriy) said спайс 8-12-2020, 10:17:18 PM
death: c_system smells pretty dank. cyborg needs a proper barrial by Flammia 8-12-2020, 10:17:22 PM
spay (spay) said айс 8-12-2020, 10:17:23 PM
death: A pool of red reminder liquid now forms under cyborg's corpse. Flammia has the credibility for their demise.  8-12-2020, 10:17:26 PM
andriy (andriy) said как теб€ завалить 8-12-2020, 10:17:27 PM
spay (spay) said руччками 8-12-2020, 10:17:34 PM
death: Stay clear of c_system, cyborg has begun decaying. Thanks Flammia 8-12-2020, 10:17:38 PM
death: Somebody call 9 1 1, oh wait, rain check. Flammia gives no shits. Peace out, cyborg 8-12-2020, 10:17:43 PM
spay (spay) said ушел поссать можешь убить гг 8-12-2020, 10:17:46 PM
andriy (andriy) said а можно ножками? 8-12-2020, 10:17:46 PM
spay (spay) said в клетке моей люимой 8-12-2020, 10:17:58 PM
death: A new corpse of cyborg is flying on c_system, because Flammia made this to happen! 8-12-2020, 10:18:01 PM
spay (spay) said можешь ножками 8-12-2020, 10:18:05 PM
death: cyborg was just obliterated by the force of Flammia on c_system 8-12-2020, 10:18:07 PM
death: cyborg just got their ass handed to them on a platter, happily served by Flammia 8-12-2020, 10:18:17 PM
andriy (andriy) said флами€, подойди дам бабла 8-12-2020, 10:18:20 PM
death: Somebody call 9 1 1, oh wait, rain check. Flammia gives no shits. Peace out, cyborg 8-12-2020, 10:18:28 PM
Flammia (Flammia) said current location: cyberdine system 8-12-2020, 10:18:37 PM
death: Flammia just condemned cyborg to hell! 8-12-2020, 10:18:43 PM
death: a bloody corpse of cyborg now lies on map c_system, thanks to Flammia 8-12-2020, 10:18:47 PM
andriy (andriy) said не знаю где это 8-12-2020, 10:18:49 PM
death: Flammia just blasted cyborg away! 8-12-2020, 10:18:57 PM
death: A new corpse of cyborg is flying on c_system, because Flammia made this to happen! 8-12-2020, 10:19:06 PM
death: cyborg really made a mess of Flammia on the c_system map.  8-12-2020, 10:19:13 PM
death: a bloody corpse of cyborg now lies on map c_system, thanks to Flammia 8-12-2020, 10:19:15 PM
death: cyborg really made a mess of Flammia on the c_system map.  8-12-2020, 10:19:27 PM
death: cyborg was turned to pulp by Flammia 8-12-2020, 10:19:30 PM
death: Is there a doctor on the map? cyborg has no paulse. Oh, there isn't? Okay. Flammia laughs. 8-12-2020, 10:19:38 PM
death: Another one bites the dust! cyborg, have fun, I'm sure Flammia is 8-12-2020, 10:19:38 PM
death: rat just condemned Flammia to hell! 8-12-2020, 10:19:58 PM
spay (spay) said j 8-12-2020, 10:20:52 PM
spay (spay) said о 8-12-2020, 10:20:55 PM
spay (spay) said € еще жив 8-12-2020, 10:20:58 PM
Flammia (Flammia) said thanks 8-12-2020, 10:21:04 PM
spay (spay) said заходи подеремс€ 8-12-2020, 10:21:05 PM
andriy (andriy) said не за что 8-12-2020, 10:21:16 PM
andriy (andriy) said блииииииин 8-12-2020, 10:21:29 PM
spay (spay) said ult 8-12-2020, 10:21:35 PM
Flammia (Flammia) said а тут можно найти ћ4? 8-12-2020, 10:21:38 PM
andriy (andriy) said как мне найти эту песенку 8-12-2020, 10:21:40 PM
spay (spay) said можно 8-12-2020, 10:21:49 PM
spay (spay) said в пещере 8-12-2020, 10:21:52 PM
spay (spay) said вроде 8-12-2020, 10:21:54 PM
andriy (andriy) said не знаю а зачем 8-12-2020, 10:21:58 PM
spay (spay) said если в магазине нету 8-12-2020, 10:21:58 PM
Flammia (Flammia) said нету 8-12-2020, 10:22:04 PM
Flammia (Flammia) said в магазине 8-12-2020, 10:22:07 PM
andriy (andriy) said бери гаулс 8-12-2020, 10:22:09 PM
death: spay got fucked up by lion on cage. 8-12-2020, 10:22:22 PM
andriy (andriy) said и пошли спайса дубасить 8-12-2020, 10:22:22 PM
Flammia (Flammia) said :) 8-12-2020, 10:22:31 PM
andriy (andriy) said о 8-12-2020, 10:22:32 PM
Flammia (Flammia) said ок 8-12-2020, 10:22:34 PM
andriy (andriy) said а вот и спайс 8-12-2020, 10:22:39 PM
andriy (andriy) said ааааааааааа 8-12-2020, 10:22:58 PM
spay (spay) said ,sss 8-12-2020, 10:23:08 PM
death: dog just got their ass handed to them on a platter, happily served by spay 8-12-2020, 10:24:35 PM
death: spay killed rabbit on cage. 8-12-2020, 10:24:39 PM
death: coyote has been terminated by spay 8-12-2020, 10:24:43 PM
death: Well, rabbit doesn't exist anymore. Looks to be that spay has ultimate victory. Clean up on cage  8-12-2020, 10:24:46 PM
death: bear has been terminated by spay 8-12-2020, 10:24:49 PM
death: Oh flapjacks, cage looks like a big bloody mess. spay definitely pushed hard to use dog's remains as a deceration 8-12-2020, 10:24:53 PM
death: hunter died. Why? Because spay owned them on cage. 8-12-2020, 10:25:06 PM
andriy (andriy) said € упаааааааал 8-12-2020, 10:25:06 PM
death: coyote was just obliterated by the force of spay on cage 8-12-2020, 10:25:19 PM
death: spay just gave dog what for! 8-12-2020, 10:25:23 PM
death: because of the villany of Flammia's gauss, spay will no longer have a beating heart again, because it is broken on the cage map.  8-12-2020, 10:25:25 PM
death: spay laughs mockingly at the dying form of wolf on cage 8-12-2020, 10:25:26 PM
death: Stop crying, wolf! Go kill Flammia! 8-12-2020, 10:25:44 PM
spay (spay) said .у мен€ тачпэд зачудил гад выкинул в дургое окно 8-12-2020, 10:25:47 PM
death: wolf was nuked off the map cage by Flammia 8-12-2020, 10:25:49 PM
death: Well, coyote doesn't exist anymore. Looks to be that Flammia has ultimate victory. Clean up on cage  8-12-2020, 10:25:54 PM
andriy (andriy) said чЄЄЄЄ 8-12-2020, 10:25:55 PM
death: wolf just got bashed by Flammia on the cage map 8-12-2020, 10:26:02 PM
death: rabbit got fucked up by Flammia on cage. 8-12-2020, 10:26:13 PM
death: Flammia just royally kicked polarbear's ass 8-12-2020, 10:26:15 PM
death: Flammia just put rabbit 6 feet under on cage 8-12-2020, 10:26:20 PM
andriy (andriy) said зачем щит нивидимка 8-12-2020, 10:26:21 PM
death: coyote was turned to pulp by Flammia 8-12-2020, 10:26:26 PM
death: Flammia just blasted wolf away! 8-12-2020, 10:26:30 PM
death: cage smells pretty dank. Flammia needs a proper barrial by lion 8-12-2020, 10:26:33 PM
death: Somebody call 9 1 1, oh wait, rain check. andriy's gauss gives no shits. Peace out, spay 8-12-2020, 10:26:43 PM
andriy (andriy) said вали 8-12-2020, 10:27:09 PM
spay (spay) said eee 8-12-2020, 10:27:13 PM
death: Man? what's this! andriy died? No! He's my friend! Or what... I mean, he's spay's hand_grenade's friend! But I still can't believe looking at how he killed them on safe zone. 8-12-2020, 10:27:26 PM
andriy (andriy) said ааааааааааааа 8-12-2020, 10:27:36 PM
death: Is there a doctor on the map? spay has no paulse. Oh, there isn't? Okay. lion laughs. 8-12-2020, 10:28:00 PM
andriy (andriy) said дуратска€ песн€ 8-12-2020, 10:28:01 PM
death: spay just neutralized lion 8-12-2020, 10:28:02 PM
spay (spay) said fufu 8-12-2020, 10:28:07 PM
andriy (andriy) said чЄ 8-12-2020, 10:28:13 PM
andriy (andriy) said а как ты от туда выходишь 8-12-2020, 10:28:25 PM
spay (spay) said смертью 8-12-2020, 10:28:36 PM
death: spay just completely and totally pulvarized hunter over here! 8-12-2020, 10:28:53 PM
death: ownage! hunter managed to escape by killing spay on the map cage 8-12-2020, 10:28:57 PM
death: spay just totaled polarbear's ass on cage 8-12-2020, 10:29:00 PM
death: and the deathly scream of bear pierces the air as spay finishes them off! 8-12-2020, 10:29:07 PM
death: Well, bear doesn't exist anymore. Looks to be that spay has ultimate victory. Clean up on cage  8-12-2020, 10:29:14 PM
death: andriy's gauss just totaled andriy's helicopter 10's ass on zalp 8-12-2020, 10:29:19 PM
death: hunter takes their last breath as spay blasts them in the face one last time. Brutallity! 8-12-2020, 10:29:20 PM
death: the cage map now contains loads of guts from hunter, thanks to spay.  8-12-2020, 10:29:23 PM
death: Another one bites the dust, andriy, you will be greatly missed on zalp. 8-12-2020, 10:29:23 PM
death: Another one bites the dust! bear, have fun, I'm sure andriy is 8-12-2020, 10:29:27 PM
death: hunter was totaled by spay on map cage 8-12-2020, 10:29:29 PM
death: You know that particular element in physics where velocity increases as you fall? yeah, hunter learned that really fuckin quick. 8-12-2020, 10:29:35 PM
andriy (andriy) said ниеееееееееет 8-12-2020, 10:29:36 PM
death: lion, I believe spay had something to say. 8-12-2020, 10:29:42 PM
death: Rest  in piece, wolf. We'll sure miss you, guess we can thank spay for what they did. 8-12-2020, 10:29:45 PM
death: spay just gave  coyote a royal beating 8-12-2020, 10:29:48 PM
death: cage smells pretty dank. coyote needs a proper barrial by spay 8-12-2020, 10:29:52 PM
death: hunter died. Why? Because spay owned them on cage. 8-12-2020, 10:29:55 PM
death: spay just gave  dog a royal beating 8-12-2020, 10:29:58 PM
death: spay just gave  hunter a royal beating 8-12-2020, 10:30:01 PM
death: There's a light at the end of the tunnel coyote, actually, fuck that. spay ran you down. Sor'r'r'r'r'r'r'r'r'r'ry 8-12-2020, 10:30:05 PM
death: gravaty just finished pulling the corpse of coyote to the ground of the cage map, and we can thank spay for the help!  8-12-2020, 10:30:08 PM
death: lion, You have a murderer on line 1, go ahead spay  8-12-2020, 10:30:14 PM
death: A new corpse of bear is flying on cage, because spay made this to happen! 8-12-2020, 10:30:26 PM
death: Man? what's this! hunter died? No! He's my friend! Or what... I mean, he's spay's friend! But I still can't believe looking at how he killed them on cage. 8-12-2020, 10:30:29 PM
death: Oops? Man down! That man is dog. spay isn't so kind on cage. 8-12-2020, 10:30:34 PM
death: Flammia really made a mess of spay's modern_sub_machine_gun_carbine on the cage map.  8-12-2020, 10:30:36 PM
death: cage smells pretty dank. hunter needs a proper barrial by spay 8-12-2020, 10:30:42 PM
death: rabbit has been terminated by spay 8-12-2020, 10:30:45 PM
death: dog, I believe spay had something to say. 8-12-2020, 10:30:48 PM
death: dog has been terminated by spay 8-12-2020, 10:30:51 PM
death: spay just mauled coyote 8-12-2020, 10:30:54 PM
death: OK, let's see what else lion can do for spay on cage. I saw he killed them! 8-12-2020, 10:30:57 PM
death: spay just mauled lion 8-12-2020, 10:31:02 PM
spay (spay) said ггг 8-12-2020, 10:31:03 PM
andriy (andriy) said спайс 8-12-2020, 10:31:03 PM
spay (spay) said аа 8-12-2020, 10:31:08 PM
spay (spay) said что 8-12-2020, 10:31:11 PM
andriy (andriy) said куда 8-12-2020, 10:31:12 PM
spay (spay) said го залп чтоли 8-12-2020, 10:31:21 PM
andriy (andriy) said го 8-12-2020, 10:31:30 PM
andriy (andriy) said только не бей 8-12-2020, 10:31:39 PM
spay (spay) said ok 8-12-2020, 10:31:45 PM
spay (spay) said i m hear 8-12-2020, 10:31:56 PM
death: Anybody knows why dog died? I know! dog got owned by spay! Where? On zalp! 8-12-2020, 10:32:04 PM
death: and splat goes excavator, with spay standing over them with quite the smile 8-12-2020, 10:32:14 PM
death: polarbear was owned by spay on zalp 8-12-2020, 10:32:20 PM
death: gangster just got their ass handed to them on a platter, happily served by spay 8-12-2020, 10:32:25 PM
death: oy, where'd spay go. Do you happen to know, cockroach? 8-12-2020, 10:32:50 PM
death: cockroach just blasted andriy away! 8-12-2020, 10:32:51 PM
death: the zalp map now contains loads of guts from cockroach, thanks to andriy.  8-12-2020, 10:32:52 PM
spay (spay) said хыхы 8-12-2020, 10:32:55 PM
andriy (andriy) said зато сороковый левел 8-12-2020, 10:33:10 PM
andriy (andriy) said спайс 8-12-2020, 10:33:20 PM
andriy (andriy) said чЄ ищиш 8-12-2020, 10:33:25 PM
spay (spay) said 'n yt z 8-12-2020, 10:33:32 PM
spay (spay) said это не € 8-12-2020, 10:33:37 PM
Flammia (Flammia) said ничего интересного 8-12-2020, 10:33:58 PM
spay (spay) said fuf 8-12-2020, 10:34:03 PM
spay (spay) said aga 8-12-2020, 10:34:08 PM
spay (spay) said но скоро всЄ поменяетс€  8-12-2020, 10:34:23 PM
death: OK, let's see what else spay can do for moth on zalp. I saw he killed them! 8-12-2020, 10:34:52 PM
andriy (andriy) said там только две нормальных песни 8-12-2020, 10:34:55 PM
Flammia (Flammia) said aga 8-12-2020, 10:35:01 PM
death: and splat goes fireball, with spay standing over them with quite the smile 8-12-2020, 10:35:02 PM
death: wolf was nuked out of existance by spay 8-12-2020, 10:35:12 PM
death: the zalp map now contains loads of guts from boxer, thanks to spay.  8-12-2020, 10:35:23 PM
andriy (andriy) said ай 8-12-2020, 10:35:24 PM
death: spay killed car on zalp. 8-12-2020, 10:35:29 PM
death: robocop was nuked out of existance by spay 8-12-2020, 10:35:36 PM
death: The zalp map is full now with Flammia's guts as spay's hand_grenade owned them! 8-12-2020, 10:35:38 PM
death: Breaking news! Today, spay killed sniper so easy on zalp! isn't it a good news? 8-12-2020, 10:35:48 PM
death: worm was nuked out of existance by spay 8-12-2020, 10:35:54 PM
andriy (andriy) said спайс 8-12-2020, 10:36:01 PM
death: spay just used the grounds of the zalp map to teach robocop a very important lesson!  8-12-2020, 10:36:07 PM
spay (spay) said что 8-12-2020, 10:36:15 PM
andriy (andriy) said ты только мен€ будешь дубасить? 8-12-2020, 10:36:20 PM
death: spay just completely and totally pulvarized sniper over here! 8-12-2020, 10:36:22 PM
spay (spay) said неа 8-12-2020, 10:36:30 PM
death: dragon just got annihilated by spay 8-12-2020, 10:36:33 PM
spay (spay) said того кто попадетс€ 8-12-2020, 10:36:40 PM
death: a bloody corpse of train now lies on map zalp, thanks to spay 8-12-2020, 10:36:42 PM
death: moth died. Why? Because spay owned them on zalp. 8-12-2020, 10:36:47 PM
spay (spay) said а что 8-12-2020, 10:36:52 PM
death: Man? what's this! psycho died? No! He's my friend! Or what... I mean, he's spay's friend! But I still can't believe looking at how he killed them on zalp. 8-12-2020, 10:36:54 PM
andriy (andriy) said тогда там и сиди 8-12-2020, 10:37:06 PM
andriy (andriy) said € туда не пойду 8-12-2020, 10:37:14 PM
spay (spay) said тут хорошооо 8-12-2020, 10:37:16 PM
andriy (andriy) said мне страаааааашноооооо 8-12-2020, 10:37:22 PM
death: spay just put the smack down on hunter 8-12-2020, 10:37:22 PM
andriy (andriy) said гггг 8-12-2020, 10:37:25 PM
death: mini_missile just put car 6 feet under on zalp 8-12-2020, 10:37:31 PM
death: because of the villany of spay, dentist will no longer have a beating heart again, because it is broken on the zalp map.  8-12-2020, 10:37:36 PM
death: Flammia's mini missile just mauled spay 8-12-2020, 10:37:40 PM
death: and splat goes moth, with Flammia standing over them with quite the smile 8-12-2020, 10:37:44 PM
andriy (andriy) said € лучше пивасик буду пить 8-12-2020, 10:37:48 PM
death: Rest  in piece, Flammia. We'll sure miss you, guess we can thank Flammia's mini missile for what they did. 8-12-2020, 10:37:54 PM
death: Another one bites the dust! fireball, have fun, I'm sure mini_missile is 8-12-2020, 10:37:55 PM
spay (spay) said хах 8-12-2020, 10:38:00 PM
andriy (andriy) said блиииииин 8-12-2020, 10:38:11 PM
andriy (andriy) said € не могу монетку кинуть 8-12-2020, 10:38:20 PM
spay (spay) said € могу 8-12-2020, 10:39:02 PM
andriy (andriy) said а нафига геликоптер 8-12-2020, 10:39:09 PM
spay (spay) said хз 8-12-2020, 10:39:18 PM
death: spay just neutralized securityguard 8-12-2020, 10:39:33 PM
death: and splat goes doctor, with spay standing over them with quite the smile 8-12-2020, 10:39:43 PM
andriy (andriy) said давай ты постоишь а € его на теб€ пущу 8-12-2020, 10:39:44 PM
death: spay just beat the shit out of metallurgist 8-12-2020, 10:39:51 PM
spay (spay) said of 8-12-2020, 10:39:53 PM
death: spay has been terminated by psychiatrist 8-12-2020, 10:39:54 PM
death: a bloody corpse of psychiatrist now lies on map zalp, thanks to spay 8-12-2020, 10:39:58 PM
spay (spay) said lfdfq 8-12-2020, 10:40:00 PM
spay (spay) said давай 8-12-2020, 10:40:03 PM
andriy (andriy) said ок 8-12-2020, 10:40:07 PM
andriy (andriy) said пошли на зап 8-12-2020, 10:40:31 PM
death: spay's hand_grenade just beat the shit out of Flammia 8-12-2020, 10:40:45 PM
death: patient just got bashed by spay on the zalp map 8-12-2020, 10:40:46 PM
death: zalp smells pretty dank. doctor needs a proper barrial by spay 8-12-2020, 10:40:56 PM
death: mosquito really made a mess of spay on the zalp map.  8-12-2020, 10:41:00 PM
spay (spay) said relf& 8-12-2020, 10:41:04 PM
spay (spay) said куда пойдем? 8-12-2020, 10:41:09 PM
death: spay just beat the shit out of securityguard 8-12-2020, 10:41:16 PM
andriy (andriy) said на зап 8-12-2020, 10:41:17 PM
spay (spay) said это что 8-12-2020, 10:41:24 PM
death: Another one bites the dust! horse, have fun, I'm sure spay is 8-12-2020, 10:41:26 PM
death: glider just beat the shit out of spay 8-12-2020, 10:41:36 PM
andriy (andriy) said 15 230 8-12-2020, 10:41:41 PM
andriy (andriy) said 15 30 8-12-2020, 10:41:49 PM
andriy (andriy) said вроде 8-12-2020, 10:41:53 PM
spay (spay) said аа 8-12-2020, 10:41:54 PM
spay (spay) said залп 8-12-2020, 10:41:59 PM
andriy (andriy) said а где пищеры 8-12-2020, 10:42:17 PM
spay (spay) said gjibk 8-12-2020, 10:42:19 PM
spay (spay) said пошли 8-12-2020, 10:42:22 PM
spay (spay) said идешь? 8-12-2020, 10:42:31 PM
andriy (andriy) said ща 8-12-2020, 10:42:37 PM
spay (spay) said мб в клетке лучше? 8-12-2020, 10:42:38 PM
spay (spay) said там хот€б не атачат роботы пока не задйешь туда 8-12-2020, 10:42:53 PM
andriy (andriy) said там  нельз€ запускать 8-12-2020, 10:42:55 PM
spay (spay) said аа 8-12-2020, 10:42:58 PM
death: and splat goes andriy's helicopter 48, with spay's modern_sub_machine_gun_carbine standing over them with quite the smile 8-12-2020, 10:43:28 PM
death: Anybody knows why andriy died? I know! andriy got owned by spay's hand_grenade! Where? On zalp! 8-12-2020, 10:43:32 PM
death: spay just completely and totally pulvarized dentist over here! 8-12-2020, 10:43:36 PM
spay (spay) said он стрел€ет 8-12-2020, 10:43:42 PM
death: and splat goes dog, with spay standing over them with quite the smile 8-12-2020, 10:43:45 PM
death: spay just put patient 6 feet under on zalp 8-12-2020, 10:43:52 PM
andriy (andriy) said сколько снЄс 8-12-2020, 10:43:57 PM
death: worm has been terminated by spay 8-12-2020, 10:44:00 PM
spay (spay) said щиты 8-12-2020, 10:44:04 PM
death: Another one bites the dust, flamethrower, you will be greatly missed on zalp. 8-12-2020, 10:44:09 PM
andriy (andriy) said сколько 8-12-2020, 10:44:11 PM
death: spay just completely and totally pulvarized rat over here! 8-12-2020, 10:44:13 PM
spay (spay) said 1568 щитов осталось 8-12-2020, 10:44:24 PM
death: Another one bites the dust! moth, have fun, I'm sure spay is 8-12-2020, 10:44:25 PM
death: storekeeper was given what was coming to them, thank you spay! 8-12-2020, 10:44:32 PM
andriy (andriy) said нооооорм 8-12-2020, 10:44:33 PM
spay (spay) said 156 8-12-2020, 10:44:34 PM
andriy (andriy) said так всего можно же 500 8-12-2020, 10:44:45 PM
death: OK, let's see what else spay can do for doctor on zalp. I saw he killed them! 8-12-2020, 10:44:46 PM
spay (spay) said ну € ошибс€ в го€рчке бо€ 156 щитов осталось писал ж 8-12-2020, 10:45:04 PM
death: Flammia just got bashed by spay's hand_grenade on the zalp map 8-12-2020, 10:45:21 PM
death: spay just put the smack down on pan 8-12-2020, 10:45:27 PM
death: Anybody knows why boxer died? I know! boxer got owned by spay! Where? On zalp! 8-12-2020, 10:45:30 PM
spay (spay) said 50145 health, 16 shielded shots. 8-12-2020, 10:45:38 PM
death: a bloody corpse of grandpa now lies on map zalp, thanks to spay 8-12-2020, 10:45:46 PM
death: spay is so happy because he killed rat on zalp! 8-12-2020, 10:45:49 PM
death: wolf got fucked up by spay on zalp. 8-12-2020, 10:45:55 PM
andriy (andriy) said осталось роботов пробнуть 8-12-2020, 10:45:59 PM
death: Amphibian just used the grounds of the zalp map to teach spay a very important lesson!  8-12-2020, 10:46:04 PM
spay (spay) said да они вата 8-12-2020, 10:46:23 PM
andriy (andriy) said чЄ 8-12-2020, 10:46:35 PM
spay (spay) said .роботы фигн€ 8-12-2020, 10:46:50 PM
andriy (andriy) said чегоо 8-12-2020, 10:46:59 PM
spay (spay) said abuz 8-12-2020, 10:47:09 PM
spay (spay) said фиг€н тьфу 8-12-2020, 10:47:15 PM
andriy (andriy) said хош € теб€ шокером лупану 8-12-2020, 10:47:23 PM
death: There's a light at the end of the tunnel Flammia, actually, fuck that. lion ran you down. Sor'r'r'r'r'r'r'r'r'r'ry 8-12-2020, 10:47:32 PM
spay (spay) said lfdfq 8-12-2020, 10:47:39 PM
spay (spay) said пошил 8-12-2020, 10:47:42 PM
spay (spay) said pfkg 8-12-2020, 10:47:55 PM
spay (spay) said zalp 8-12-2020, 10:47:59 PM
death: robot's head was blown apart and now spay plays basketball today, up for a game? 8-12-2020, 10:48:08 PM
death: Rest  in piece, manager. We'll sure miss you, guess we can thank spay for what they did. 8-12-2020, 10:48:15 PM
spay (spay) said repede 8-12-2020, 10:48:21 PM
death: train died. Why? Because spay owned them on zalp. 8-12-2020, 10:48:23 PM
spay (spay) said что писал не могу чат листаь 8-12-2020, 10:48:29 PM
andriy (andriy) said чЄЄЄ 8-12-2020, 10:48:32 PM
death: oy, where'd bear go. Do you happen to know, spay? 8-12-2020, 10:48:39 PM
spay (spay) said подохди с шокером своим 8-12-2020, 10:48:51 PM
death: spay just gave  moth a royal beating 8-12-2020, 10:48:55 PM
death: moth was turned to pulp by spay 8-12-2020, 10:49:00 PM
death: coyote just got bashed by spay on the zalp map 8-12-2020, 10:49:06 PM
death: gravaty just finished pulling the corpse of dog to the ground of the zalp map, and we can thank spay for the help!  8-12-2020, 10:49:10 PM
death: Stay clear of zalp, flamethrower has begun decaying. Thanks spay 8-12-2020, 10:49:23 PM
death: Damn, spay, that was quite a vicious display of violence towards fireball 8-12-2020, 10:49:33 PM
death: dentist really made a mess of spay on the zalp map.  8-12-2020, 10:49:45 PM
death: spay just put the smack down on sniper 8-12-2020, 10:49:55 PM
andriy (andriy) said оооооооо 8-12-2020, 10:50:02 PM
death: spay just condemned welder to hell! 8-12-2020, 10:50:06 PM
spay (spay) said что 8-12-2020, 10:50:10 PM
andriy (andriy) said ди твэлв 8-12-2020, 10:50:10 PM
death: spay just neutralized storekeeper 8-12-2020, 10:50:13 PM
spay (spay) said что 8-12-2020, 10:50:16 PM
death: Another one bites the dust, trainer, you will be greatly missed on zalp. 8-12-2020, 10:50:19 PM
death: pan really made a mess of spay on the zalp map.  8-12-2020, 10:50:25 PM
andriy (andriy) said играет ди твэлв 8-12-2020, 10:50:29 PM
death: spay just neutralized excavator 8-12-2020, 10:50:32 PM
spay (spay) said ааа 8-12-2020, 10:50:33 PM
death: psychiatrist was turned to pulp by spay 8-12-2020, 10:50:40 PM
death: spay just used the grounds of the zalp map to teach bear a very important lesson!  8-12-2020, 10:50:44 PM
death: spay just blew glider's brains out. Somebody get a mo 8-12-2020, 10:50:50 PM
death: cat takes their last breath as spay blasts them in the face one last time. Brutallity! 8-12-2020, 10:50:54 PM
andriy (andriy) said а тогда три нормальных песни 8-12-2020, 10:50:56 PM
death: sniper was owned by spay on zalp 8-12-2020, 10:51:03 PM
death: Flammia was nuked out of existance by spay's hand_grenade 8-12-2020, 10:51:06 PM
death: robot was nuked out of existance by spay 8-12-2020, 10:51:19 PM
spay (spay) said ой прости думал андрюха 8-12-2020, 10:51:25 PM
death: spay just put wolf 6 feet under on zalp 8-12-2020, 10:51:34 PM
death: spay just put fireball 6 feet under on zalp 8-12-2020, 10:51:46 PM
death: moth was turned to pulp by spay 8-12-2020, 10:51:54 PM
death: oy, where'd manager go. Do you happen to know, spay? 8-12-2020, 10:52:00 PM
death: zombie, You have a murderer on line 1, go ahead spay  8-12-2020, 10:52:14 PM
death: OK, let's see what else spay can do for gun on zalp. I saw he killed them! 8-12-2020, 10:52:22 PM
death: spay is so happy because he killed snake on zalp! 8-12-2020, 10:52:28 PM
death: oy, where'd nurse go. Do you happen to know, spay? 8-12-2020, 10:52:35 PM
death: and the deathly scream of cockroach pierces the air as spay finishes them off! 8-12-2020, 10:52:41 PM
death: Stop crying, rabbit! Go kill spay! 8-12-2020, 10:52:50 PM
andriy (andriy) said спайс 8-12-2020, 10:52:54 PM
death: Another one bites the dust, flamethrower, you will be greatly missed on zalp. 8-12-2020, 10:53:18 PM
spay (spay) said что 8-12-2020, 10:53:25 PM
death: Damn, spay, that was quite a vicious display of violence towards grandpa 8-12-2020, 10:53:28 PM
andriy (andriy) said чЄ ты там 8-12-2020, 10:53:36 PM
death: Oops? Man down! That man is horse. spay isn't so kind on zalp. 8-12-2020, 10:53:36 PM
death: moth has been terminated by spay 8-12-2020, 10:53:41 PM
spay (spay) said качаюсь 8-12-2020, 10:53:44 PM
death: rocketlauncher really made a mess of spay on the zalp map.  8-12-2020, 10:53:48 PM
spay (spay) said жду теб€ сшокером 8-12-2020, 10:53:59 PM
death: Flammia laughs mockingly at the dying form of welder on zalp 8-12-2020, 10:54:04 PM
death: spay just put the smack down on fly 8-12-2020, 10:54:10 PM
death: spay was owned by Amphibian on zalp 8-12-2020, 10:54:26 PM
death: zalp smells pretty dank. Flammia needs a proper barrial by Amphibian 8-12-2020, 10:54:42 PM
death: Stay clear of zalp, Amphibian has begun decaying. Thanks spay 8-12-2020, 10:54:48 PM
spay (spay) said fylh.[f yflj nt,z e,bnm 8-12-2020, 10:55:24 PM
spay (spay) said че андрюха го на молоточках в клетке 8-12-2020, 10:55:36 PM
andriy (andriy) said иди 8-12-2020, 10:55:45 PM
spay (spay) said сукааа 8-12-2020, 10:55:52 PM
death: boxer just got creamed by Flammia 8-12-2020, 10:56:19 PM
spay (spay) said fylh.[f 8-12-2020, 10:56:21 PM
death: A new freshly killed blood of trainer lies now on boxing, thanks Flammia! 8-12-2020, 10:56:24 PM
spay (spay) said андрюха откуда столько хп 8-12-2020, 10:56:28 PM
death: boxing smells pretty dank. boxer needs a proper barrial by Flammia 8-12-2020, 10:56:34 PM
death: Is there a doctor on the map? boxer has no paulse. Oh, there isn't? Okay. Flammia laughs. 8-12-2020, 10:56:35 PM
andriy (andriy) said иди 8-12-2020, 10:56:35 PM
death: spay died. Why? Because andriy's turret 368 owned them on safe zone. 8-12-2020, 10:56:46 PM
death: Well, boxer doesn't exist anymore. Looks to be that Flammia has ultimate victory. Clean up on boxing  8-12-2020, 10:56:47 PM
spay (spay) said ах тыыы 8-12-2020, 10:56:52 PM
death: boxer was totaled by Flammia on map boxing 8-12-2020, 10:56:52 PM
andriy (andriy) said урааааааааа 8-12-2020, 10:57:01 PM
death: a bloody corpse of boxer now lies on map boxing, thanks to Flammia 8-12-2020, 10:57:04 PM
death: gravaty just finished pulling the corpse of boxer to the ground of the boxing map, and we can thank Flammia for the help!  8-12-2020, 10:57:07 PM
death: Somebody call 9 1 1, oh wait, rain check. Flammia gives no shits. Peace out, boxer 8-12-2020, 10:57:18 PM
death: boxer got fucked up by Flammia on boxing. 8-12-2020, 10:57:18 PM
andriy (andriy) said иди 8-12-2020, 10:57:19 PM
andriy (andriy) said спайс 8-12-2020, 10:57:25 PM
death: boxing smells pretty dank. boxer needs a proper barrial by Flammia 8-12-2020, 10:57:29 PM
spay (spay) said what 8-12-2020, 10:57:32 PM
death: boxer, You have a murderer on line 1, go ahead Flammia  8-12-2020, 10:57:34 PM
andriy (andriy) said залетай 8-12-2020, 10:57:38 PM
death: Flammia just royally kicked boxer's ass 8-12-2020, 10:57:42 PM
death: boxer was owned by Flammia on boxing 8-12-2020, 10:57:47 PM
andriy (andriy) said пока турель работает 8-12-2020, 10:57:51 PM
death: Flammia just condemned boxer to hell! 8-12-2020, 10:57:54 PM
death: trainer was owned by Flammia on boxing 8-12-2020, 10:58:03 PM
death: the boxing map now contains loads of guts from boxer, thanks to Flammia.  8-12-2020, 10:58:06 PM
andriy (andriy) said спаааааааайс 8-12-2020, 10:58:14 PM
death: boxer just got annihilated by Flammia 8-12-2020, 10:58:15 PM
spay (spay) said JNRELF JYF E NT,Z 8-12-2020, 10:58:18 PM
death: Flammia just put the smack down on trainer 8-12-2020, 10:58:28 PM
death: Flammia is so happy because he killed trainer on boxing! 8-12-2020, 10:58:30 PM
death: Somebody call 9 1 1, oh wait, rain check. Flammia gives no shits. Peace out, boxer 8-12-2020, 10:58:35 PM
death: oy, where'd andriy go. Do you happen to know, spay's hand_grenade? 8-12-2020, 10:58:35 PM
death: I think I just saw boxer's corpse flying as Flammia owned them on boxing. 8-12-2020, 10:58:41 PM
andriy (andriy) said как 8-12-2020, 10:58:48 PM
death: You know that particular element in physics where velocity increases as you fall? yeah, andriy's turret 368 learned that really fuckin quick. 8-12-2020, 10:58:48 PM
spay (spay) said heeexrfvb 8-12-2020, 10:58:55 PM
death: A new freshly killed blood of trainer lies now on boxing, thanks Flammia! 8-12-2020, 10:58:59 PM
spay (spay) said рууучками андрюха рууучками 8-12-2020, 10:59:03 PM
death: boxer killed Flammia on boxing. 8-12-2020, 10:59:05 PM
spay (spay) said где турель вз€л 8-12-2020, 10:59:10 PM
andriy (andriy) said купил 8-12-2020, 10:59:14 PM
spay (spay) said а где она продаЄтс€: 8-12-2020, 10:59:24 PM
andriy (andriy) said в магазе 8-12-2020, 10:59:30 PM
spay (spay) said каком не видал 8-12-2020, 10:59:38 PM
spay (spay) said убей мен€ мне лень идти к звер€м 8-12-2020, 10:59:48 PM
andriy logged in. 8-12-2020, 10:59:55 PM
andriy (andriy) said в оружейке 8-12-2020, 11:00:05 PM
spay (spay) said ок 8-12-2020, 11:00:10 PM
death: spay is so happy because he killed coyote on cage! 8-12-2020, 11:00:21 PM
death: You know that particular element in physics where velocity increases as you fall? yeah, spay learned that really fuckin quick. 8-12-2020, 11:00:25 PM
death: a bloody corpse of lion now lies on map cage, thanks to spay 8-12-2020, 11:00:28 PM
death: boxer just got bashed by Flammia on the boxing map 8-12-2020, 11:00:52 PM
death: A pool of red reminder liquid now forms under boxer's corpse. Flammia has the credibility for their demise.  8-12-2020, 11:00:56 PM
death: boxer just got annihilated by Flammia 8-12-2020, 11:01:04 PM
death: Flammia just blasted boxer away! 8-12-2020, 11:01:13 PM
death: boxer has been terminated by Flammia 8-12-2020, 11:01:17 PM
spay (spay) said как называет? 8-12-2020, 11:01:19 PM
spay (spay) said с€ 8-12-2020, 11:01:22 PM
death: Flammia just mauled trainer 8-12-2020, 11:01:24 PM
death: Flammia just royally kicked trainer's ass 8-12-2020, 11:01:33 PM
death: Flammia just blasted boxer away! 8-12-2020, 11:01:37 PM
death: because of the villany of Flammia, boxer will no longer have a beating heart again, because it is broken on the boxing map.  8-12-2020, 11:01:48 PM
death: Another one bites the dust! boxer, have fun, I'm sure Flammia is 8-12-2020, 11:01:51 PM
death: Rest  in piece, trainer. We'll sure miss you, guess we can thank Flammia for what they did. 8-12-2020, 11:02:00 PM
death: boxer died. Why? Because Flammia owned them on boxing. 8-12-2020, 11:02:06 PM
death: boxer's head was blown apart and now Flammia plays basketball today, up for a game? 8-12-2020, 11:02:14 PM
death: OK, let's see what else Flammia can do for boxer on boxing. I saw he killed them! 8-12-2020, 11:02:24 PM
death: A pool of red reminder liquid now forms under boxer's corpse. Flammia has the credibility for their demise.  8-12-2020, 11:02:27 PM
death: You know that particular element in physics where velocity increases as you fall? yeah, boxer learned that really fuckin quick. 8-12-2020, 11:02:33 PM
death: Flammia just used the grounds of the boxing map to teach trainer a very important lesson!  8-12-2020, 11:02:39 PM
death: boxer just got annihilated by Flammia 8-12-2020, 11:02:51 PM
death: fitter just got bashed by spay on the zalp map 8-12-2020, 11:02:57 PM
death: Flammia is so happy because he killed boxer on boxing! 8-12-2020, 11:02:59 PM
andriy (andriy) said turret: you have 99. 5 of 63 8-12-2020, 11:03:00 PM
death: Well, rocketlauncher doesn't exist anymore. Looks to be that spay has ultimate victory. Clean up on zalp  8-12-2020, 11:03:04 PM
death: boxer's head was blown apart and now Flammia plays basketball today, up for a game? 8-12-2020, 11:03:05 PM
death: Man? what's this! glider died? No! He's my friend! Or what... I mean, he's spay's friend! But I still can't believe looking at how he killed them on zalp. 8-12-2020, 11:03:11 PM
death: Anybody knows why boxer died? I know! boxer got owned by Flammia! Where? On boxing! 8-12-2020, 11:03:13 PM
spay (spay) said aaa 8-12-2020, 11:03:14 PM
death: and the deathly scream of grandpa pierces the air as spay finishes them off! 8-12-2020, 11:03:22 PM
death: Man? what's this! trainer died? No! He's my friend! Or what... I mean, he's Flammia's friend! But I still can't believe looking at how he killed them on boxing. 8-12-2020, 11:03:22 PM
death: because of the villany of Flammia, boxer will no longer have a beating heart again, because it is broken on the boxing map.  8-12-2020, 11:03:25 PM
death: horse just got annihilated by spay 8-12-2020, 11:03:26 PM
death: rabbit was turned to pulp by spay 8-12-2020, 11:03:30 PM
death: A new corpse of boxer is flying on boxing, because Flammia made this to happen! 8-12-2020, 11:03:33 PM
death: I think I just saw boxer's corpse flying as Flammia owned them on boxing. 8-12-2020, 11:03:39 PM
death: spay got fucked up by excavator on zalp. 8-12-2020, 11:03:53 PM
death: trainer died. Why? Because Flammia owned them on boxing. 8-12-2020, 11:03:55 PM
death: trainer has been terminated by Flammia 8-12-2020, 11:04:02 PM
death: Flammia just completely and totally pulvarized boxer over here! 8-12-2020, 11:04:09 PM
spay disconnected 8-12-2020, 11:04:11 PM
spay logged in. 8-12-2020, 11:04:14 PM
death: a bloody corpse of boxer now lies on map boxing, thanks to Flammia 8-12-2020, 11:04:16 PM
death: Flammia just mauled trainer 8-12-2020, 11:04:19 PM
spay (spay) said gjyzk 8-12-2020, 11:04:23 PM
spay (spay) said пон€л 8-12-2020, 11:04:26 PM
death: Flammia just gave boxer what for! 8-12-2020, 11:04:28 PM
death: Flammia just gave trainer what for! 8-12-2020, 11:04:33 PM
death: boxer just got bashed by Flammia on the boxing map 8-12-2020, 11:04:39 PM
death: Flammia just neutralized trainer 8-12-2020, 11:04:45 PM
death: Rest  in piece, trainer. We'll sure miss you, guess we can thank Flammia for what they did. 8-12-2020, 11:04:45 PM
andriy (andriy) said залетай 8-12-2020, 11:04:53 PM
death: Damn, boxer, that was quite a vicious display of violence towards Flammia 8-12-2020, 11:04:55 PM
andriy (andriy) said в клетку 8-12-2020, 11:04:57 PM
andriy (andriy) said спаааааайс 8-12-2020, 11:05:19 PM
death: Well, spay doesn't exist anymore. Looks to be that andriy's turret 824 has ultimate victory. Clean up on safe zone  8-12-2020, 11:05:23 PM
death: spay was turned to pulp by the laws of gravity 8-12-2020, 11:05:31 PM
andriy (andriy) said урааааааааа 8-12-2020, 11:05:36 PM
andriy (andriy) said ты не зайдЄЄЄЄшь 8-12-2020, 11:05:47 PM
andriy (andriy) said € теб€ выыыынеееес 8-12-2020, 11:05:56 PM
spay (spay) said zayduuu 8-12-2020, 11:05:58 PM
andriy (andriy) said нееееееет 8-12-2020, 11:06:05 PM
spay (spay) said tibi pizda 8-12-2020, 11:06:11 PM
andriy (andriy) said боюсь 8-12-2020, 11:06:20 PM
death: gravaty just finished pulling the corpse of spay to the ground of the safe zone map, and we can thank andriy's turret 824 for the help!  8-12-2020, 11:06:28 PM
andriy (andriy) said ахахахахахахахахаха 8-12-2020, 11:06:38 PM
death: Breaking news! Today, andriy's turret 824 killed spay so easy on door to the cage of the angry and hungry animals, it looks like a really dangerous place, be very carefull entering this! isn't it a good news? 8-12-2020, 11:06:41 PM
death: Oops? Man down! That man is spay. the laws of gravity isn't so kind on store. 8-12-2020, 11:06:49 PM
death: Oh flapjacks, safe zone looks like a big bloody mess. Flammia's rpg7 definitely pushed hard to use Flammia's remains as a deceration 8-12-2020, 11:07:13 PM
death: spay takes their last breath as andriy's turret 824 blasts them in the face one last time. Brutallity! 8-12-2020, 11:07:22 PM
spay (spay) said bitch 8-12-2020, 11:07:31 PM
andriy (andriy) said ахахахахахахаха 8-12-2020, 11:07:43 PM
death: andriy was nuked off the map safe zone by spay's modern_sub_machine_gun_carbine 8-12-2020, 11:08:23 PM
andriy (andriy) said а теперь иди к турели 8-12-2020, 11:08:53 PM
andriy (andriy) said а € покурить айкос 8-12-2020, 11:09:13 PM
death: He shoots, he scores! andriy's turret 824's testicles went flying through the hoops. spay's hand_grenade stands tall with quite the sinical smile. 8-12-2020, 11:09:19 PM
spay (spay) said idu 8-12-2020, 11:09:23 PM
andriy (andriy) said куды 8-12-2020, 11:09:29 PM
andriy (andriy) said к туреле? 8-12-2020, 11:09:34 PM
death: Flammia was turned to pulp by Flammia's rocket 8-12-2020, 11:09:42 PM
andriy (andriy) said она же теб€ размотает 8-12-2020, 11:09:51 PM
spay (spay) said ytf 8-12-2020, 11:09:55 PM
spay (spay) said no 8-12-2020, 11:09:58 PM
andriy (andriy) said как так 8-12-2020, 11:10:04 PM
andriy (andriy) said такс 8-12-2020, 11:10:13 PM
spay (spay) said зайди ко мне 8-12-2020, 11:10:13 PM
spay (spay) said ахах ксюха как это ты об свою ракету 8-12-2020, 11:10:25 PM
andriy (andriy) said надо бы бузины по пить 8-12-2020, 11:10:29 PM
spay (spay) said зачем теб бузить? 8-12-2020, 11:10:42 PM
spay (spay) said иди в мою сторону 8-12-2020, 11:10:53 PM
spay (spay) said ггг 8-12-2020, 11:10:59 PM
andriy (andriy) said да бузины. растение есть такое 8-12-2020, 11:11:01 PM
spay (spay) said а пон€л 8-12-2020, 11:11:06 PM
andriy (andriy) said и из него вар€т сироп 8-12-2020, 11:11:16 PM
death: Somebody call 9 1 1, oh wait, rain check. spay's turret 513 gives no shits. Peace out, Flammia 8-12-2020, 11:11:25 PM
andriy (andriy) said очень вкусный 8-12-2020, 11:11:27 PM
andriy (andriy) said а € на перекур 8-12-2020, 11:11:42 PM
spay (spay) said зр€ 8-12-2020, 11:12:00 PM
andriy (andriy) said за одно придумаю как спайса завалить. 8-12-2020, 11:12:03 PM
spay (spay) said гг 8-12-2020, 11:12:09 PM
death: dog, I believe spay had something to say. 8-12-2020, 11:12:23 PM
andriy (andriy) said чЄ зр€ 8-12-2020, 11:12:26 PM
death: Somebody call 9 1 1, oh wait, rain check. lion gives no shits. Peace out, spay 8-12-2020, 11:12:29 PM
spay (spay) said не придумаешь 8-12-2020, 11:12:45 PM
spay disconnected 8-12-2020, 11:12:57 PM
death: spay's turret 655 was turned to pulp by dead battery 8-12-2020, 11:12:57 PM
death: dead battery just totaled spay's turret 513's ass on cage 8-12-2020, 11:12:57 PM
andriy (andriy) said придумаю 8-12-2020, 11:12:59 PM
spay logged in. 8-12-2020, 11:13:00 PM
andriy (andriy) said а 8-12-2020, 11:13:01 PM
andriy (andriy) said придумал 8-12-2020, 11:13:09 PM
andriy (andriy) said надо курнуть 8-12-2020, 11:13:31 PM
andriy (andriy) said а то € всЄ никак не могу 8-12-2020, 11:13:40 PM
spay (spay) said blb e;t 8-12-2020, 11:13:48 PM
spay (spay) said BLB E;T 8-12-2020, 11:13:54 PM
andriy (andriy) said раскладку мен€€€€€€€й 8-12-2020, 11:13:59 PM
spay (spay) said иди уже говорю рр 8-12-2020, 11:14:07 PM
spay (spay) said гг 8-12-2020, 11:14:09 PM
death: polarbear was turned to pulp by spay 8-12-2020, 11:14:21 PM
death: hunter has been terminated by spay 8-12-2020, 11:14:26 PM
death: Damn, spay, that was quite a vicious display of violence towards coyote 8-12-2020, 11:14:28 PM
death: hunter was totaled by spay on map cage 8-12-2020, 11:14:45 PM
death: spay's turret 771 laughs mockingly at the dying form of Flammia on cage 8-12-2020, 11:15:18 PM
death: Oh flapjacks, cage looks like a big bloody mess. Flammia definitely pushed hard to use hunter's remains as a deceration 8-12-2020, 11:15:18 PM
death: spay just used the grounds of the cage map to teach polarbear a very important lesson!  8-12-2020, 11:15:25 PM
death: spay's hand_grenade just mauled spay's turret 771 8-12-2020, 11:15:29 PM
death: wolf was nuked out of existance by spay 8-12-2020, 11:15:30 PM
death: bear was turned to pulp by spay 8-12-2020, 11:15:37 PM
death: and the deathly scream of polarbear pierces the air as spay finishes them off! 8-12-2020, 11:15:40 PM
death: dog just got creamed by spay 8-12-2020, 11:15:43 PM
death: Another one bites the dust, polarbear, you will be greatly missed on cage. 8-12-2020, 11:15:46 PM
death: OK, let's see what else spay can do for rabbit on cage. I saw he killed them! 8-12-2020, 11:15:49 PM
death: polarbear was owned by spay on cage 8-12-2020, 11:15:53 PM
death: spay just neutralized hunter 8-12-2020, 11:16:13 PM
death: bear's head was blown apart and now spay plays basketball today, up for a game? 8-12-2020, 11:16:18 PM
death: There's a light at the end of the tunnel rabbit, actually, fuck that. spay ran you down. Sor'r'r'r'r'r'r'r'r'r'ry 8-12-2020, 11:16:21 PM
death: cage smells pretty dank. rabbit needs a proper barrial by spay 8-12-2020, 11:16:23 PM
death: spay just beat the shit out of polarbear 8-12-2020, 11:17:00 PM
death: ownage! polarbear managed to escape by killing spay on the map cage 8-12-2020, 11:17:03 PM
death: a bloody corpse of polarbear now lies on map cage, thanks to spay 8-12-2020, 11:17:05 PM
death: spay just put the smack down on dog 8-12-2020, 11:17:09 PM
death: You know that particular element in physics where velocity increases as you fall? yeah, lion learned that really fuckin quick. 8-12-2020, 11:17:15 PM
death: spay just gave  bear a royal beating 8-12-2020, 11:17:24 PM
death: hunter died. Why? Because spay owned them on cage. 8-12-2020, 11:17:35 PM
death: wolf's head was blown apart and now spay plays basketball today, up for a game? 8-12-2020, 11:17:37 PM
death: spay just got their ass handed to them on a platter, happily served by Flammia's modern_sub_machine_gun_carbine 8-12-2020, 11:17:39 PM
death: Breaking news! Today, Flammia killed wolf so easy on cage! isn't it a good news? 8-12-2020, 11:17:49 PM
death: Flammia is so happy because he killed dog on cage! 8-12-2020, 11:17:55 PM
death: Flammia laughs mockingly at the dying form of dog on cage 8-12-2020, 11:18:03 PM
death: Somebody call 9 1 1, oh wait, rain check. Flammia gives no shits. Peace out, dog 8-12-2020, 11:18:12 PM
death: Anybody knows why coyote died? I know! coyote got owned by Flammia! Where? On cage! 8-12-2020, 11:18:14 PM
death: lion just blew Flammia's brains out. Somebody get a mo 8-12-2020, 11:18:21 PM
death: Oops? Man down! That man is spay. lion isn't so kind on cage. 8-12-2020, 11:18:30 PM
death: sniper died. Why? Because spay owned them on zalp. 8-12-2020, 11:19:17 PM
death: spay laughs mockingly at the dying form of rat on zalp 8-12-2020, 11:19:24 PM
death: spay just put the smack down on helicopter 8-12-2020, 11:19:35 PM
death: He shoots, he scores! harvester's testicles went flying through the hoops. spay stands tall with quite the sinical smile. 8-12-2020, 11:19:49 PM
death: Another one bites the dust, spay, you will be greatly missed on zalp. 8-12-2020, 11:20:17 PM
andriy (andriy) said такс, € здес€ 8-12-2020, 11:20:34 PM
andriy (andriy) said спайс, ты в тт? 8-12-2020, 11:20:46 PM
spay (spay) said pochti 8-12-2020, 11:21:01 PM
spay (spay) said скоро буду тут 8-12-2020, 11:21:09 PM
spay (spay) said отошел 8-12-2020, 11:21:11 PM
spay (spay) said ujnjd 8-12-2020, 11:23:34 PM
spay (spay) said redy 8-12-2020, 11:23:36 PM
spay (spay) said bltim fylh.[f 8-12-2020, 11:24:03 PM
spay (spay) said идешь андрюха? 8-12-2020, 11:24:10 PM
andriy (andriy) said куды 8-12-2020, 11:24:23 PM
spay (spay) said клетка 8-12-2020, 11:24:26 PM
andriy (andriy) said го в тим ток 8-12-2020, 11:24:38 PM
spay (spay) said пока не могу 8-12-2020, 11:24:44 PM
spay (spay) said шумно 8-12-2020, 11:24:47 PM
Flammia disconnected 8-12-2020, 11:25:07 PM
andriy (andriy) said аааа, а € просто хочу стрим по тестить 8-12-2020, 11:25:27 PM
spay (spay) said ye tckb yt ujdhbnm nj vj;yj 8-12-2020, 11:25:39 PM
spay (spay) said если не говорить то можно 8-12-2020, 11:25:45 PM
andriy lost connection 8-12-2020, 11:26:41 PM
andriy logged in. 8-12-2020, 11:27:33 PM
spay (spay) said nfr xnj 8-12-2020, 11:28:30 PM
spay (spay) said так что 8-12-2020, 11:28:35 PM
spay (spay) said лан пока упер завтра буду 8-12-2020, 11:28:43 PM
spay disconnected 8-12-2020, 11:28:45 PM
death: spay's remote gun 36 has expired! 8-12-2020, 11:30:06 PM
death: spay's remote gun 81 has expired! 8-12-2020, 11:30:18 PM
andriy lost connection 8-12-2020, 11:34:23 PM
andriy logged in. 8-12-2020, 11:58:48 PM