
best(best) used a tk_ultra_health_potion 8-29-2020, 11:44:49 AM
best(best) used a tk_ultra_health_potion 8-29-2020, 11:44:49 AM
best(best) used a hand_grenade 8-29-2020, 11:45:35 AM
best(best) used a hand_grenade 8-29-2020, 11:45:35 AM
best(best) used a hand_grenade 8-29-2020, 11:45:35 AM
best(best) used a hand_grenade 8-29-2020, 11:45:35 AM
best(best) used a hand_grenade 8-29-2020, 11:45:35 AM
best(best) used a hand_grenade 8-29-2020, 11:45:35 AM
best(best) used a hand_grenade 8-29-2020, 11:45:36 AM
best(best) used a hand_grenade 8-29-2020, 11:45:36 AM
best(best) used a hand_grenade 8-29-2020, 11:45:36 AM
best(best) used a hand_grenade 8-29-2020, 11:45:36 AM
best(best) used a hand_grenade 8-29-2020, 11:45:36 AM
best(best) used a hand_grenade 8-29-2020, 11:45:37 AM
best(best) used a hand_grenade 8-29-2020, 11:45:37 AM
best(best) used a hand_grenade 8-29-2020, 11:45:37 AM
best(best) used a hand_grenade 8-29-2020, 11:45:37 AM
best(best) used a hand_grenade 8-29-2020, 11:45:37 AM
best(best) used a hand_grenade 8-29-2020, 11:45:37 AM
best(best) used a hand_grenade 8-29-2020, 11:45:38 AM
best(best) used a hand_grenade 8-29-2020, 11:45:38 AM
best(best) used a hand_grenade 8-29-2020, 11:45:38 AM
best(best) used a hand_grenade 8-29-2020, 11:45:38 AM
best(best) used a hand_grenade 8-29-2020, 11:45:38 AM
best(best) used a hand_grenade 8-29-2020, 11:45:38 AM
best(best) used a hand_grenade 8-29-2020, 11:45:39 AM
best(best) used a hand_grenade 8-29-2020, 11:45:39 AM
best(best) used a hand_grenade 8-29-2020, 11:45:39 AM
best(best) used a hand_grenade 8-29-2020, 11:45:39 AM
best(best) used a hand_grenade 8-29-2020, 11:45:39 AM
best(best) used a hand_grenade 8-29-2020, 11:45:39 AM
best(best) used a hand_grenade 8-29-2020, 11:45:40 AM
best(best) used a hand_grenade 8-29-2020, 11:45:40 AM
best(best) used a hand_grenade 8-29-2020, 11:45:40 AM
best(best) used a hand_grenade 8-29-2020, 11:45:40 AM
best(best) used a hand_grenade 8-29-2020, 11:45:41 AM
best(best) used a hand_grenade 8-29-2020, 11:45:41 AM
best(best) used a hand_grenade 8-29-2020, 11:45:41 AM
best(best) used a hand_grenade 8-29-2020, 11:45:53 AM
best(best) used a hand_grenade 8-29-2020, 11:45:53 AM
best(best) used a hand_grenade 8-29-2020, 11:45:54 AM
best(best) used a hand_grenade 8-29-2020, 11:45:54 AM
best(best) used a hand_grenade 8-29-2020, 11:45:55 AM
best(best) used a hand_grenade 8-29-2020, 11:45:55 AM
best(best) used a hand_grenade 8-29-2020, 11:45:55 AM
best(best) used a hand_grenade 8-29-2020, 11:45:56 AM
best(best) used a hand_grenade 8-29-2020, 11:45:56 AM
best(best) used a hand_grenade 8-29-2020, 11:45:56 AM
best(best) used a hand_grenade 8-29-2020, 11:45:56 AM
best(best) used a hand_grenade 8-29-2020, 11:45:56 AM
best(best) used a hand_grenade 8-29-2020, 11:45:57 AM
best(best) used a hand_grenade 8-29-2020, 11:45:57 AM
best(best) used a hand_grenade 8-29-2020, 11:45:57 AM
best(best) used a hand_grenade 8-29-2020, 11:45:57 AM
best(best) used a hand_grenade 8-29-2020, 11:46:09 AM
best(best) used a hand_grenade 8-29-2020, 11:46:22 AM
best(best) used a hand_grenade 8-29-2020, 11:46:22 AM
best(best) used a hand_grenade 8-29-2020, 11:46:22 AM
best(best) used a hand_grenade 8-29-2020, 11:46:22 AM
best(best) used a hand_grenade 8-29-2020, 11:46:22 AM
best(best) used a hand_grenade 8-29-2020, 11:46:23 AM
best(best) used a hand_grenade 8-29-2020, 11:46:23 AM
best(best) used a hand_grenade 8-29-2020, 11:46:23 AM
best(best) used a hand_grenade 8-29-2020, 11:46:23 AM
best(best) used a hand_grenade 8-29-2020, 11:46:23 AM
best(best) used a hand_grenade 8-29-2020, 11:46:23 AM
best(best) used a hand_grenade 8-29-2020, 11:46:23 AM
best(best) used a hand_grenade 8-29-2020, 11:46:24 AM
best(best) used a hand_grenade 8-29-2020, 11:46:24 AM
best(best) used a hand_grenade 8-29-2020, 11:46:24 AM
best(best) used a hand_grenade 8-29-2020, 11:46:24 AM
best(best) used a hand_grenade 8-29-2020, 11:46:24 AM
best(best) used a hand_grenade 8-29-2020, 11:46:25 AM
best(best) used a hand_grenade 8-29-2020, 11:46:25 AM
best(best) used a hand_grenade 8-29-2020, 11:46:25 AM
best(best) used a hand_grenade 8-29-2020, 11:46:25 AM
best(best) used a hand_grenade 8-29-2020, 11:46:25 AM
best(best) used a hand_grenade 8-29-2020, 11:46:26 AM
best(best) used a hand_grenade 8-29-2020, 11:46:26 AM
best(best) used a hand_grenade 8-29-2020, 11:46:26 AM
best(best) used a hand_grenade 8-29-2020, 11:46:29 AM
best(best) used a hand_grenade 8-29-2020, 11:46:29 AM
best(best) used a hand_grenade 8-29-2020, 11:46:30 AM
best(best) used a hand_grenade 8-29-2020, 11:46:30 AM
best(best) used a hand_grenade 8-29-2020, 11:46:41 AM
best(best) used a hand_grenade 8-29-2020, 11:46:44 AM
best(best) used a hand_grenade 8-29-2020, 11:46:46 AM
best(best) used a hand_grenade 8-29-2020, 11:46:47 AM
best(best) used a hand_grenade 8-29-2020, 11:46:50 AM
best(best) used a hand_grenade 8-29-2020, 11:46:51 AM
best(best) used a hand_grenade 8-29-2020, 11:46:51 AM
best(best) used a hand_grenade 8-29-2020, 11:46:51 AM
best(best) used a hand_grenade 8-29-2020, 11:46:51 AM
best(best) used a hand_grenade 8-29-2020, 11:46:52 AM
best(best) used a hand_grenade 8-29-2020, 11:46:52 AM
best(best) used a hand_grenade 8-29-2020, 11:46:52 AM
best(best) used a hand_grenade 8-29-2020, 11:46:57 AM
best(best) used a hand_grenade 8-29-2020, 11:46:57 AM
best(best) used a hand_grenade 8-29-2020, 11:46:58 AM
best(best) used a hand_grenade 8-29-2020, 11:46:59 AM
best(best) used a hand_grenade 8-29-2020, 11:47:00 AM
best(best) used a hand_grenade 8-29-2020, 11:47:00 AM
best(best) used a hand_grenade 8-29-2020, 11:47:01 AM
best(best) used a hand_grenade 8-29-2020, 11:47:01 AM
best(best) used a hand_grenade 8-29-2020, 11:47:02 AM
best(best) used a hand_grenade 8-29-2020, 11:47:03 AM
best(best) used a hand_grenade 8-29-2020, 11:47:03 AM
best(best) used a hand_grenade 8-29-2020, 11:47:04 AM
best(best) used a hand_grenade 8-29-2020, 11:47:07 AM
best(best) used a hand_grenade 8-29-2020, 11:47:17 AM
best(best) used a hand_grenade 8-29-2020, 11:47:21 AM
best(best) used a hand_grenade 8-29-2020, 11:47:22 AM
best(best) used a hand_grenade 8-29-2020, 11:47:22 AM
best(best) used a hand_grenade 8-29-2020, 11:47:49 AM
best(best) used a hand_grenade 8-29-2020, 11:47:49 AM
best(best) used a hand_grenade 8-29-2020, 11:47:50 AM
best(best) used a tk_ultra_health_potion 8-29-2020, 11:48:05 AM
best(best) used a tk_ultra_health_potion 8-29-2020, 11:48:05 AM
best(best) used a shield 8-29-2020, 11:48:13 AM
best(best) used a shield 8-29-2020, 11:48:14 AM
best(best) used a shield 8-29-2020, 11:48:21 AM
best(best) used a shield 8-29-2020, 11:48:21 AM
best(best) used a shield 8-29-2020, 11:48:21 AM
best(best) used a shield 8-29-2020, 11:48:22 AM
best(best) used a shield 8-29-2020, 11:48:22 AM
best(best) used a shield 8-29-2020, 11:48:22 AM
best(best) used a shield 8-29-2020, 11:48:22 AM
best(best) used a shield 8-29-2020, 11:48:22 AM
best(best) used a shield 8-29-2020, 11:48:22 AM
best(best) used a shield 8-29-2020, 11:48:23 AM
best(best) used a shield 8-29-2020, 11:48:23 AM
best(best) used a shield 8-29-2020, 11:48:23 AM
best(best) used a shield 8-29-2020, 11:48:23 AM
best(best) used a shield 8-29-2020, 11:48:23 AM
best(best) used a shield 8-29-2020, 11:48:24 AM
best(best) used a shield 8-29-2020, 11:48:24 AM
best(best) used a shield 8-29-2020, 11:48:25 AM
best(best) used a shield 8-29-2020, 11:48:25 AM
best(best) used a shield 8-29-2020, 11:48:25 AM
best(best) used a shield 8-29-2020, 11:48:25 AM
best(best) used a shield 8-29-2020, 11:48:26 AM
best(best) used a shield 8-29-2020, 11:48:26 AM
best(best) used a shield 8-29-2020, 11:48:26 AM
best(best) used a shield 8-29-2020, 11:48:27 AM
best(best) used a shield 8-29-2020, 11:48:27 AM
best(best) used a shield 8-29-2020, 11:48:27 AM
best(best) used a shield 8-29-2020, 11:48:27 AM
best(best) used a shield 8-29-2020, 11:48:27 AM
best(best) used a shield 8-29-2020, 11:48:28 AM
best(best) used a shield 8-29-2020, 11:48:28 AM
best(best) used a shield 8-29-2020, 11:48:28 AM
best(best) used a shield 8-29-2020, 11:48:28 AM
best(best) used a shield 8-29-2020, 11:48:29 AM
best(best) used a cannon 8-29-2020, 11:48:38 AM
best(best) used a cannon 8-29-2020, 11:49:23 AM
best(best) used a cannon 8-29-2020, 11:49:24 AM
best(best) used a hand_grenade 8-29-2020, 11:49:42 AM
best(best) used a hand_grenade 8-29-2020, 11:49:42 AM
best(best) used a hand_grenade 8-29-2020, 11:49:42 AM
best(best) used a hand_grenade 8-29-2020, 11:49:43 AM
best(best) used a hand_grenade 8-29-2020, 11:49:43 AM
best(best) used a hand_grenade 8-29-2020, 11:49:43 AM
best(best) used a hand_grenade 8-29-2020, 11:49:43 AM
best(best) used a hand_grenade 8-29-2020, 11:49:43 AM
best(best) used a hand_grenade 8-29-2020, 11:49:44 AM
best(best) used a hand_grenade 8-29-2020, 11:49:44 AM
best(best) used a hand_grenade 8-29-2020, 11:49:44 AM
best(best) used a hand_grenade 8-29-2020, 11:49:44 AM
best(best) used a hand_grenade 8-29-2020, 11:49:44 AM
best(best) used a hand_grenade 8-29-2020, 11:49:45 AM
best(best) used a hand_grenade 8-29-2020, 11:49:45 AM
best(best) used a hand_grenade 8-29-2020, 11:49:45 AM
best(best) used a hand_grenade 8-29-2020, 11:49:45 AM
best(best) used a hand_grenade 8-29-2020, 11:49:45 AM
best(best) used a hand_grenade 8-29-2020, 11:49:46 AM
best(best) used a hand_grenade 8-29-2020, 11:49:56 AM
best(best) used a hand_grenade 8-29-2020, 11:49:56 AM
best(best) used a hand_grenade 8-29-2020, 11:49:57 AM
best(best) used a hand_grenade 8-29-2020, 11:49:57 AM
best(best) used a hand_grenade 8-29-2020, 11:49:57 AM
best(best) used a hand_grenade 8-29-2020, 11:49:57 AM
best(best) used a hand_grenade 8-29-2020, 11:49:57 AM
best(best) used a hand_grenade 8-29-2020, 11:49:57 AM
best(best) used a hand_grenade 8-29-2020, 11:49:58 AM
best(best) used a hand_grenade 8-29-2020, 11:49:58 AM
best(best) used a hand_grenade 8-29-2020, 11:49:58 AM
best(best) used a hand_grenade 8-29-2020, 11:49:58 AM
best(best) used a hand_grenade 8-29-2020, 11:49:58 AM
best(best) used a hand_grenade 8-29-2020, 11:49:59 AM
best(best) used a hand_grenade 8-29-2020, 11:49:59 AM
best(best) used a hand_grenade 8-29-2020, 11:49:59 AM
best(best) used a hand_grenade 8-29-2020, 11:49:59 AM
best(best) used a hand_grenade 8-29-2020, 11:49:59 AM
best(best) used a hand_grenade 8-29-2020, 11:50:00 AM
best(best) used a hand_grenade 8-29-2020, 11:50:00 AM
best(best) used a hand_grenade 8-29-2020, 11:50:00 AM
best(best) used a hand_grenade 8-29-2020, 11:50:01 AM
best(best) used a hand_grenade 8-29-2020, 11:50:01 AM
best(best) used a hand_grenade 8-29-2020, 11:50:01 AM
best(best) used a hand_grenade 8-29-2020, 11:50:01 AM
best(best) used a hand_grenade 8-29-2020, 11:50:01 AM
best(best) used a hand_grenade 8-29-2020, 11:50:02 AM
best(best) used a hand_grenade 8-29-2020, 11:50:12 AM
best(best) used a hand_grenade 8-29-2020, 11:50:12 AM
best(best) used a hand_grenade 8-29-2020, 11:50:12 AM
best(best) used a hand_grenade 8-29-2020, 11:50:13 AM
best(best) used a hand_grenade 8-29-2020, 11:50:13 AM
best(best) used a hand_grenade 8-29-2020, 11:50:13 AM
best(best) used a hand_grenade 8-29-2020, 11:50:13 AM
best(best) used a hand_grenade 8-29-2020, 11:50:13 AM
best(best) used a hand_grenade 8-29-2020, 11:50:14 AM
best(best) used a hand_grenade 8-29-2020, 11:50:14 AM
best(best) used a hand_grenade 8-29-2020, 11:50:14 AM
best(best) used a hand_grenade 8-29-2020, 11:50:14 AM
best(best) used a hand_grenade 8-29-2020, 11:50:14 AM
best(best) used a hand_grenade 8-29-2020, 11:50:16 AM
best(best) used a hand_grenade 8-29-2020, 11:50:16 AM
best(best) used a hand_grenade 8-29-2020, 11:50:16 AM
best(best) used a hand_grenade 8-29-2020, 11:50:16 AM
best(best) used a hand_grenade 8-29-2020, 11:50:16 AM
best(best) used a hand_grenade 8-29-2020, 11:50:17 AM
best(best) used a hand_grenade 8-29-2020, 11:50:17 AM
best(best) used a hand_grenade 8-29-2020, 11:50:17 AM
best(best) used a hand_grenade 8-29-2020, 11:50:17 AM
best(best) used a hand_grenade 8-29-2020, 11:50:17 AM
best(best) used a hand_grenade 8-29-2020, 11:50:18 AM
best(best) used a hand_grenade 8-29-2020, 11:50:18 AM
best(best) used a hand_grenade 8-29-2020, 11:50:18 AM
best(best) used a hand_grenade 8-29-2020, 11:50:18 AM
best(best) used a hand_grenade 8-29-2020, 11:50:19 AM
best(best) used a hand_grenade 8-29-2020, 11:50:19 AM
best(best) used a hand_grenade 8-29-2020, 11:50:19 AM
best(best) used a hand_grenade 8-29-2020, 11:50:19 AM
best(best) used a hand_grenade 8-29-2020, 11:50:19 AM
best(best) used a hand_grenade 8-29-2020, 11:50:20 AM
best(best) used a hand_grenade 8-29-2020, 11:50:20 AM
best(best) used a hand_grenade 8-29-2020, 11:50:20 AM
best(best) used a hand_grenade 8-29-2020, 11:50:22 AM
best(best) used a hand_grenade 8-29-2020, 11:50:22 AM
best(best) used a hand_grenade 8-29-2020, 11:50:22 AM
best(best) used a hand_grenade 8-29-2020, 11:50:23 AM
best(best) used a hand_grenade 8-29-2020, 11:50:26 AM
best(best) used a hand_grenade 8-29-2020, 11:50:26 AM
best(best) used a hand_grenade 8-29-2020, 11:50:26 AM
best(best) used a hand_grenade 8-29-2020, 11:50:26 AM
best(best) used a hand_grenade 8-29-2020, 11:50:27 AM
best(best) used a hand_grenade 8-29-2020, 11:50:27 AM
best(best) used a hand_grenade 8-29-2020, 11:50:27 AM
best(best) used a hand_grenade 8-29-2020, 11:50:27 AM
best(best) used a hand_grenade 8-29-2020, 11:50:27 AM
best(best) used a hand_grenade 8-29-2020, 11:50:27 AM
best(best) used a hand_grenade 8-29-2020, 11:50:28 AM
best(best) used a hand_grenade 8-29-2020, 11:50:28 AM
best(best) used a hand_grenade 8-29-2020, 11:50:28 AM
best(best) used a hand_grenade 8-29-2020, 11:50:28 AM
best(best) used a hand_grenade 8-29-2020, 11:50:28 AM
best(best) used a hand_grenade 8-29-2020, 11:50:29 AM
best(best) used a hand_grenade 8-29-2020, 11:50:29 AM
best(best) used a hand_grenade 8-29-2020, 11:50:29 AM
best(best) used a hand_grenade 8-29-2020, 11:50:29 AM
best(best) used a hand_grenade 8-29-2020, 11:50:29 AM
best(best) used a hand_grenade 8-29-2020, 11:50:30 AM
best(best) used a hand_grenade 8-29-2020, 11:50:30 AM
best(best) used a hand_grenade 8-29-2020, 11:50:30 AM
best(best) used a hand_grenade 8-29-2020, 11:50:30 AM
best(best) used a hand_grenade 8-29-2020, 11:50:30 AM
best(best) used a hand_grenade 8-29-2020, 11:50:31 AM
best(best) used a hand_grenade 8-29-2020, 11:50:32 AM
best(best) used a hand_grenade 8-29-2020, 11:50:32 AM
best(best) used a hand_grenade 8-29-2020, 11:50:32 AM
best(best) used a hand_grenade 8-29-2020, 11:50:33 AM
best(best) used a hand_grenade 8-29-2020, 11:50:33 AM
best(best) used a hand_grenade 8-29-2020, 11:50:33 AM
best(best) used a hand_grenade 8-29-2020, 11:50:33 AM
best(best) used a hand_grenade 8-29-2020, 11:50:33 AM
best(best) used a hand_grenade 8-29-2020, 11:50:34 AM
best(best) used a hand_grenade 8-29-2020, 11:50:34 AM
best(best) used a hand_grenade 8-29-2020, 11:50:34 AM
best(best) used a hand_grenade 8-29-2020, 11:50:34 AM
best(best) used a hand_grenade 8-29-2020, 11:50:35 AM
best(best) used a hand_grenade 8-29-2020, 11:50:35 AM
best(best) used a hand_grenade 8-29-2020, 11:50:35 AM
best(best) used a hand_grenade 8-29-2020, 11:50:35 AM
best(best) used a hand_grenade 8-29-2020, 11:50:35 AM
best(best) used a hand_grenade 8-29-2020, 11:50:35 AM
best(best) used a hand_grenade 8-29-2020, 11:50:36 AM
best(best) used a hand_grenade 8-29-2020, 11:50:36 AM
best(best) used a hand_grenade 8-29-2020, 11:50:36 AM
best(best) used a hand_grenade 8-29-2020, 11:50:36 AM
best(best) used a hand_grenade 8-29-2020, 11:50:36 AM
best(best) used a hand_grenade 8-29-2020, 11:50:37 AM
best(best) used a hand_grenade 8-29-2020, 11:50:37 AM
best(best) used a hand_grenade 8-29-2020, 11:50:37 AM
best(best) used a hand_grenade 8-29-2020, 11:50:37 AM
best(best) used a hand_grenade 8-29-2020, 11:50:38 AM
best(best) used a hand_grenade 8-29-2020, 11:50:38 AM
best(best) used a hand_grenade 8-29-2020, 11:50:38 AM
best(best) used a hand_grenade 8-29-2020, 11:50:39 AM
best(best) used a hand_grenade 8-29-2020, 11:50:39 AM
best(best) used a hand_grenade 8-29-2020, 11:50:39 AM
best(best) used a hand_grenade 8-29-2020, 11:50:40 AM
best(best) used a hand_grenade 8-29-2020, 11:50:41 AM
best(best) used a hand_grenade 8-29-2020, 11:50:42 AM
best(best) used a hand_grenade 8-29-2020, 11:50:42 AM
best(best) used a hand_grenade 8-29-2020, 11:50:46 AM
best(best) used a hand_grenade 8-29-2020, 11:50:47 AM
best(best) used a hand_grenade 8-29-2020, 11:50:47 AM
best(best) used a hand_grenade 8-29-2020, 11:50:49 AM
best(best) used a hand_grenade 8-29-2020, 11:50:50 AM
best(best) used a hand_grenade 8-29-2020, 11:50:50 AM
best(best) used a hand_grenade 8-29-2020, 11:50:50 AM
best(best) used a hand_grenade 8-29-2020, 11:50:50 AM
best(best) used a hand_grenade 8-29-2020, 11:50:57 AM
best(best) used a hand_grenade 8-29-2020, 11:50:58 AM
best(best) used a hand_grenade 8-29-2020, 11:50:58 AM
best(best) used a hand_grenade 8-29-2020, 11:50:58 AM
best(best) used a hand_grenade 8-29-2020, 11:50:58 AM
best(best) used a hand_grenade 8-29-2020, 11:50:58 AM
best(best) used a hand_grenade 8-29-2020, 11:50:59 AM
best(best) used a hand_grenade 8-29-2020, 11:50:59 AM
best(best) used a hand_grenade 8-29-2020, 11:50:59 AM
best(best) used a hand_grenade 8-29-2020, 11:50:59 AM
best(best) used a hand_grenade 8-29-2020, 11:50:59 AM
best(best) used a hand_grenade 8-29-2020, 11:50:59 AM
best(best) used a hand_grenade 8-29-2020, 11:51:00 AM
best(best) used a hand_grenade 8-29-2020, 11:51:00 AM
best(best) used a hand_grenade 8-29-2020, 11:51:00 AM
best(best) used a hand_grenade 8-29-2020, 11:51:00 AM
best(best) used a hand_grenade 8-29-2020, 11:51:00 AM
best(best) used a hand_grenade 8-29-2020, 11:51:00 AM
best(best) used a hand_grenade 8-29-2020, 11:51:01 AM
best(best) used a hand_grenade 8-29-2020, 11:51:01 AM
best(best) used a hand_grenade 8-29-2020, 11:51:01 AM
best(best) used a hand_grenade 8-29-2020, 11:51:01 AM
best(best) used a hand_grenade 8-29-2020, 11:51:01 AM
best(best) used a hand_grenade 8-29-2020, 11:51:01 AM
best(best) used a hand_grenade 8-29-2020, 11:51:02 AM
best(best) used a hand_grenade 8-29-2020, 11:51:02 AM
best(best) used a hand_grenade 8-29-2020, 11:51:02 AM
best(best) used a shield 8-29-2020, 11:51:12 AM
best(best) used a shield 8-29-2020, 11:51:12 AM
best(best) used a shield 8-29-2020, 11:51:12 AM
best(best) used a shield 8-29-2020, 11:51:12 AM
best(best) used a shield 8-29-2020, 11:51:13 AM
best(best) used a shield 8-29-2020, 11:51:13 AM
best(best) used a shield 8-29-2020, 11:51:13 AM
best(best) used a shield 8-29-2020, 11:51:13 AM
best(best) used a shield 8-29-2020, 11:51:13 AM
best(best) used a shield 8-29-2020, 11:51:13 AM
best(best) used a shield 8-29-2020, 11:51:14 AM
best(best) used a shield 8-29-2020, 11:51:14 AM
best(best) used a shield 8-29-2020, 11:51:15 AM
best(best) used a shield 8-29-2020, 11:51:15 AM
best(best) used a tk_ultra_health_potion 8-29-2020, 11:51:18 AM
best(best) used a tk_ultra_health_potion 8-29-2020, 11:51:18 AM
best(best) used a hand_grenade 8-29-2020, 11:52:09 AM
best(best) used a hand_grenade 8-29-2020, 11:52:09 AM
best(best) used a hand_grenade 8-29-2020, 11:52:09 AM
best(best) used a hand_grenade 8-29-2020, 11:52:09 AM
best(best) used a hand_grenade 8-29-2020, 11:52:09 AM
best(best) used a hand_grenade 8-29-2020, 11:52:10 AM
best(best) used a hand_grenade 8-29-2020, 11:52:10 AM
best(best) used a hand_grenade 8-29-2020, 11:52:10 AM
best(best) used a hand_grenade 8-29-2020, 11:52:10 AM
best(best) used a hand_grenade 8-29-2020, 11:52:10 AM
best(best) used a tk_ultra_health_potion 8-29-2020, 11:52:17 AM
best(best) used a tk_ultra_health_potion 8-29-2020, 11:52:18 AM
best(best) used a tk_ultra_health_potion 8-29-2020, 11:52:18 AM
best(best) used a hand_grenade 8-29-2020, 11:52:21 AM
best(best) used a hand_grenade 8-29-2020, 11:52:21 AM
best(best) used a hand_grenade 8-29-2020, 11:52:21 AM
best(best) used a hand_grenade 8-29-2020, 11:52:21 AM
best(best) used a hand_grenade 8-29-2020, 11:52:21 AM
best(best) used a hand_grenade 8-29-2020, 11:52:23 AM
best(best) used a hand_grenade 8-29-2020, 11:52:25 AM
best(best) used a hand_grenade 8-29-2020, 11:52:25 AM
best(best) used a hand_grenade 8-29-2020, 11:53:02 AM
best(best) used a hand_grenade 8-29-2020, 11:53:03 AM
best(best) used a hand_grenade 8-29-2020, 11:53:03 AM
best(best) used a hand_grenade 8-29-2020, 11:53:03 AM
best(best) used a hand_grenade 8-29-2020, 11:53:03 AM
best(best) used a hand_grenade 8-29-2020, 11:53:03 AM
best(best) used a tk_ultra_health_potion 8-29-2020, 11:53:08 AM
best(best) used a tk_ultra_health_potion 8-29-2020, 11:53:08 AM
best(best) used a tk_ultra_health_potion 8-29-2020, 11:53:09 AM
best(best) used a tk_ultra_health_potion 8-29-2020, 11:53:09 AM
best(best) used a hand_grenade 8-29-2020, 11:53:25 AM
best(best) used a hand_grenade 8-29-2020, 11:53:25 AM
best(best) used a hand_grenade 8-29-2020, 11:53:25 AM
best(best) used a hand_grenade 8-29-2020, 11:53:25 AM
best(best) used a hand_grenade 8-29-2020, 11:53:25 AM
best(best) used a hand_grenade 8-29-2020, 11:53:26 AM
best(best) used a hand_grenade 8-29-2020, 11:53:36 AM
best(best) used a hand_grenade 8-29-2020, 11:53:37 AM
best(best) used a hand_grenade 8-29-2020, 11:53:37 AM
best(best) used a hand_grenade 8-29-2020, 11:53:37 AM
best(best) used a hand_grenade 8-29-2020, 11:53:37 AM
best(best) used a hand_grenade 8-29-2020, 11:53:37 AM
best(best) used a hand_grenade 8-29-2020, 11:53:37 AM
best(best) used a hand_grenade 8-29-2020, 11:53:38 AM
best(best) used a hand_grenade 8-29-2020, 11:53:38 AM
best(best) used a hand_grenade 8-29-2020, 11:53:38 AM
best(best) used a hand_grenade 8-29-2020, 11:53:38 AM
best(best) used a hand_grenade 8-29-2020, 11:53:38 AM
best(best) used a hand_grenade 8-29-2020, 11:53:38 AM
best(best) used a hand_grenade 8-29-2020, 11:53:38 AM
best(best) used a hand_grenade 8-29-2020, 11:53:39 AM
best(best) used a hand_grenade 8-29-2020, 11:53:39 AM
best(best) used a hand_grenade 8-29-2020, 11:53:39 AM
best(best) used a hand_grenade 8-29-2020, 11:53:39 AM
best(best) used a hand_grenade 8-29-2020, 11:53:39 AM
best(best) used a hand_grenade 8-29-2020, 11:53:39 AM
best(best) used a hand_grenade 8-29-2020, 11:53:43 AM
best(best) used a hand_grenade 8-29-2020, 11:53:46 AM
best(best) used a hand_grenade 8-29-2020, 11:54:00 AM
best(best) used a hand_grenade 8-29-2020, 11:54:00 AM
best(best) used a hand_grenade 8-29-2020, 11:54:01 AM
best(best) used a hand_grenade 8-29-2020, 11:54:01 AM
best(best) used a hand_grenade 8-29-2020, 11:54:39 AM
best(best) used a hand_grenade 8-29-2020, 11:54:39 AM
best(best) used a hand_grenade 8-29-2020, 11:54:39 AM
best(best) used a hand_grenade 8-29-2020, 11:54:40 AM
best(best) used a hand_grenade 8-29-2020, 11:54:41 AM
best(best) used a hand_grenade 8-29-2020, 11:54:42 AM
best(best) used a tk_ultra_health_potion 8-29-2020, 11:56:15 AM
best(best) used a tk_ultra_health_potion 8-29-2020, 11:56:15 AM
best(best) used a hand_grenade 8-29-2020, 11:56:22 AM
best(best) used a hand_grenade 8-29-2020, 11:56:22 AM
best(best) used a hand_grenade 8-29-2020, 11:56:22 AM
best(best) used a hand_grenade 8-29-2020, 11:56:23 AM
best(best) used a hand_grenade 8-29-2020, 11:56:23 AM
best(best) used a hand_grenade 8-29-2020, 11:56:23 AM
best(best) used a hand_grenade 8-29-2020, 11:56:23 AM
best(best) used a hand_grenade 8-29-2020, 11:56:23 AM
best(best) used a hand_grenade 8-29-2020, 11:56:23 AM
best(best) used a hand_grenade 8-29-2020, 11:56:24 AM
best(best) used a hand_grenade 8-29-2020, 11:56:24 AM
best(best) used a hand_grenade 8-29-2020, 11:56:24 AM
best(best) used a hand_grenade 8-29-2020, 11:56:24 AM
best(best) used a hand_grenade 8-29-2020, 11:56:24 AM
best(best) used a hand_grenade 8-29-2020, 11:56:24 AM
best(best) used a hand_grenade 8-29-2020, 11:56:25 AM
best(best) used a hand_grenade 8-29-2020, 11:56:28 AM
best(best) used a hand_grenade 8-29-2020, 11:56:29 AM
best(best) used a hand_grenade 8-29-2020, 11:56:29 AM
best(best) used a hand_grenade 8-29-2020, 11:56:30 AM
best(best) used a hand_grenade 8-29-2020, 11:56:31 AM
best(best) used a hand_grenade 8-29-2020, 11:56:31 AM
best(best) used a hand_grenade 8-29-2020, 11:56:31 AM
best(best) used a hand_grenade 8-29-2020, 11:56:31 AM
best(best) used a hand_grenade 8-29-2020, 11:56:31 AM
best(best) used a hand_grenade 8-29-2020, 11:56:31 AM
best(best) used a hand_grenade 8-29-2020, 11:56:32 AM
best(best) used a hand_grenade 8-29-2020, 11:56:32 AM
best(best) used a hand_grenade 8-29-2020, 11:56:32 AM
best(best) used a hand_grenade 8-29-2020, 11:56:32 AM
best(best) used a hand_grenade 8-29-2020, 11:56:32 AM
best(best) used a hand_grenade 8-29-2020, 11:56:33 AM
best(best) used a hand_grenade 8-29-2020, 11:56:33 AM
best(best) used a hand_grenade 8-29-2020, 11:56:33 AM
best(best) used a hand_grenade 8-29-2020, 11:56:33 AM
best(best) used a hand_grenade 8-29-2020, 11:56:33 AM
best(best) used a hand_grenade 8-29-2020, 11:56:34 AM
best(best) used a hand_grenade 8-29-2020, 11:56:34 AM
best(best) used a hand_grenade 8-29-2020, 11:56:34 AM
best(best) used a hand_grenade 8-29-2020, 11:56:34 AM
best(best) used a hand_grenade 8-29-2020, 11:56:35 AM
best(best) used a hand_grenade 8-29-2020, 11:56:35 AM
best(best) used a hand_grenade 8-29-2020, 11:56:35 AM
best(best) used a hand_grenade 8-29-2020, 11:56:35 AM
best(best) used a hand_grenade 8-29-2020, 11:56:36 AM
best(best) used a hand_grenade 8-29-2020, 11:56:36 AM
best(best) used a hand_grenade 8-29-2020, 11:56:36 AM
best(best) used a hand_grenade 8-29-2020, 11:56:36 AM
best(best) used a hand_grenade 8-29-2020, 11:56:36 AM
best(best) used a hand_grenade 8-29-2020, 11:56:37 AM
best(best) used a hand_grenade 8-29-2020, 11:56:37 AM
best(best) used a hand_grenade 8-29-2020, 11:56:37 AM
best(best) used a hand_grenade 8-29-2020, 11:56:37 AM
best(best) used a hand_grenade 8-29-2020, 11:56:37 AM
best(best) used a hand_grenade 8-29-2020, 11:56:38 AM
best(best) used a hand_grenade 8-29-2020, 11:56:38 AM
best(best) used a hand_grenade 8-29-2020, 11:56:38 AM
best(best) used a hand_grenade 8-29-2020, 11:56:38 AM
best(best) used a hand_grenade 8-29-2020, 11:56:38 AM
best(best) used a hand_grenade 8-29-2020, 11:56:39 AM
best(best) used a hand_grenade 8-29-2020, 11:56:39 AM
best(best) used a hand_grenade 8-29-2020, 11:56:39 AM
best(best) used a hand_grenade 8-29-2020, 11:56:39 AM
best(best) used a hand_grenade 8-29-2020, 11:56:39 AM
best(best) used a hand_grenade 8-29-2020, 11:56:40 AM
best(best) used a hand_grenade 8-29-2020, 11:56:40 AM
best(best) used a hand_grenade 8-29-2020, 11:56:40 AM
best(best) used a hand_grenade 8-29-2020, 11:56:42 AM
best(best) used a hand_grenade 8-29-2020, 11:56:42 AM
best(best) used a hand_grenade 8-29-2020, 11:56:42 AM
best(best) used a hand_grenade 8-29-2020, 11:56:42 AM
best(best) used a hand_grenade 8-29-2020, 11:56:42 AM
best(best) used a hand_grenade 8-29-2020, 11:56:42 AM
best(best) used a hand_grenade 8-29-2020, 11:56:43 AM
best(best) used a hand_grenade 8-29-2020, 11:56:43 AM
best(best) used a hand_grenade 8-29-2020, 11:56:43 AM
best(best) used a hand_grenade 8-29-2020, 11:56:43 AM
best(best) used a hand_grenade 8-29-2020, 11:56:44 AM
best(best) used a hand_grenade 8-29-2020, 11:56:44 AM
best(best) used a hand_grenade 8-29-2020, 11:56:44 AM
best(best) used a hand_grenade 8-29-2020, 11:56:45 AM
best(best) used a hand_grenade 8-29-2020, 11:56:45 AM
best(best) used a hand_grenade 8-29-2020, 11:56:46 AM
best(best) used a hand_grenade 8-29-2020, 11:56:46 AM
best(best) used a hand_grenade 8-29-2020, 11:56:46 AM
best(best) used a hand_grenade 8-29-2020, 11:56:46 AM
best(best) used a hand_grenade 8-29-2020, 11:56:46 AM
best(best) used a hand_grenade 8-29-2020, 11:56:49 AM
best(best) used a hand_grenade 8-29-2020, 11:56:49 AM
best(best) used a hand_grenade 8-29-2020, 11:56:49 AM
best(best) used a hand_grenade 8-29-2020, 11:56:50 AM
best(best) used a hand_grenade 8-29-2020, 11:56:50 AM
best(best) used a hand_grenade 8-29-2020, 11:56:50 AM
best(best) used a hand_grenade 8-29-2020, 11:56:50 AM
best(best) used a hand_grenade 8-29-2020, 11:56:51 AM
best(best) used a hand_grenade 8-29-2020, 11:56:51 AM
best(best) used a hand_grenade 8-29-2020, 11:56:54 AM
best(best) used a hand_grenade 8-29-2020, 11:56:54 AM
best(best) used a hand_grenade 8-29-2020, 11:56:54 AM
best(best) used a hand_grenade 8-29-2020, 11:56:54 AM
best(best) used a hand_grenade 8-29-2020, 11:56:54 AM
best(best) used a hand_grenade 8-29-2020, 11:56:55 AM
best(best) used a hand_grenade 8-29-2020, 11:56:55 AM
best(best) used a hand_grenade 8-29-2020, 11:56:55 AM
best(best) used a hand_grenade 8-29-2020, 11:56:55 AM
best(best) used a hand_grenade 8-29-2020, 11:56:55 AM
best(best) used a hand_grenade 8-29-2020, 11:56:55 AM
best(best) used a hand_grenade 8-29-2020, 11:56:56 AM
best(best) used a hand_grenade 8-29-2020, 11:56:56 AM
best(best) used a hand_grenade 8-29-2020, 11:56:56 AM
best(best) used a hand_grenade 8-29-2020, 11:56:56 AM
best(best) used a hand_grenade 8-29-2020, 11:56:57 AM
best(best) used a hand_grenade 8-29-2020, 11:56:57 AM
best(best) used a hand_grenade 8-29-2020, 11:56:57 AM
best(best) used a hand_grenade 8-29-2020, 11:56:57 AM
best(best) used a hand_grenade 8-29-2020, 11:56:57 AM
best(best) used a hand_grenade 8-29-2020, 11:56:58 AM
best(best) used a hand_grenade 8-29-2020, 11:56:58 AM
best(best) used a hand_grenade 8-29-2020, 11:56:58 AM
best(best) used a hand_grenade 8-29-2020, 11:56:58 AM
best(best) used a hand_grenade 8-29-2020, 11:56:59 AM
best(best) used a hand_grenade 8-29-2020, 11:56:59 AM
best(best) used a hand_grenade 8-29-2020, 11:56:59 AM
best(best) used a hand_grenade 8-29-2020, 11:56:59 AM
best(best) used a hand_grenade 8-29-2020, 11:56:59 AM
best(best) used a hand_grenade 8-29-2020, 11:57:00 AM
best(best) used a hand_grenade 8-29-2020, 11:57:00 AM
best(best) used a hand_grenade 8-29-2020, 11:57:00 AM
best(best) used a hand_grenade 8-29-2020, 11:57:00 AM
best(best) used a hand_grenade 8-29-2020, 11:57:00 AM
best(best) used a hand_grenade 8-29-2020, 11:57:01 AM
best(best) used a hand_grenade 8-29-2020, 11:57:01 AM
best(best) used a hand_grenade 8-29-2020, 11:57:01 AM
best(best) used a hand_grenade 8-29-2020, 11:57:01 AM
best(best) used a hand_grenade 8-29-2020, 11:57:01 AM
best(best) used a hand_grenade 8-29-2020, 11:57:02 AM
best(best) used a hand_grenade 8-29-2020, 11:57:02 AM
best(best) used a hand_grenade 8-29-2020, 11:57:02 AM
best(best) used a hand_grenade 8-29-2020, 11:57:02 AM
best(best) used a hand_grenade 8-29-2020, 11:57:02 AM
best(best) used a hand_grenade 8-29-2020, 11:57:02 AM
best(best) used a hand_grenade 8-29-2020, 11:57:03 AM
best(best) used a hand_grenade 8-29-2020, 11:57:03 AM
best(best) used a hand_grenade 8-29-2020, 11:57:03 AM
best(best) used a shield 8-29-2020, 11:57:21 AM
best(best) used a shield 8-29-2020, 11:57:21 AM
best(best) used a shield 8-29-2020, 11:57:22 AM
best(best) used a shield 8-29-2020, 11:57:22 AM
best(best) used a shield 8-29-2020, 11:57:22 AM
best(best) used a shield 8-29-2020, 11:57:22 AM
best(best) used a shield 8-29-2020, 11:57:22 AM
best(best) used a shield 8-29-2020, 11:57:23 AM
best(best) used a shield 8-29-2020, 11:57:23 AM
best(best) used a shield 8-29-2020, 11:57:23 AM
best(best) used a shield 8-29-2020, 11:57:23 AM
best(best) used a shield 8-29-2020, 11:57:25 AM
best(best) used a shield 8-29-2020, 11:57:26 AM
best(best) used a shield 8-29-2020, 11:57:26 AM
best(best) used a tk_ultra_health_potion 8-29-2020, 11:57:28 AM
best(best) used a tk_ultra_health_potion 8-29-2020, 11:57:28 AM
best(best) used a hand_grenade 8-29-2020, 11:57:43 AM
best(best) used a hand_grenade 8-29-2020, 11:57:43 AM
best(best) used a hand_grenade 8-29-2020, 11:57:43 AM
best(best) used a hand_grenade 8-29-2020, 11:57:43 AM
best(best) used a hand_grenade 8-29-2020, 11:57:43 AM
best(best) used a hand_grenade 8-29-2020, 11:57:44 AM
best(best) used a hand_grenade 8-29-2020, 11:57:44 AM
best(best) used a hand_grenade 8-29-2020, 11:57:44 AM
best(best) used a hand_grenade 8-29-2020, 11:57:44 AM
best(best) used a hand_grenade 8-29-2020, 11:57:44 AM
best(best) used a hand_grenade 8-29-2020, 11:57:45 AM
best(best) used a hand_grenade 8-29-2020, 11:57:45 AM
best(best) used a hand_grenade 8-29-2020, 11:57:45 AM
best(best) used a hand_grenade 8-29-2020, 11:57:45 AM
best(best) used a hand_grenade 8-29-2020, 11:58:00 AM
best(best) used a hand_grenade 8-29-2020, 11:58:01 AM
best(best) used a hand_grenade 8-29-2020, 11:58:01 AM
best(best) used a hand_grenade 8-29-2020, 11:58:01 AM
best(best) used a hand_grenade 8-29-2020, 11:58:01 AM
best(best) used a hand_grenade 8-29-2020, 11:58:01 AM
best(best) used a hand_grenade 8-29-2020, 11:58:02 AM
best(best) used a hand_grenade 8-29-2020, 11:58:02 AM
best(best) used a hand_grenade 8-29-2020, 11:58:02 AM
best(best) used a hand_grenade 8-29-2020, 11:58:02 AM
best(best) used a hand_grenade 8-29-2020, 11:58:03 AM
best(best) used a hand_grenade 8-29-2020, 11:58:03 AM
best(best) used a hand_grenade 8-29-2020, 11:58:03 AM
best(best) used a hand_grenade 8-29-2020, 11:58:04 AM
best(best) used a hand_grenade 8-29-2020, 11:58:04 AM
best(best) used a hand_grenade 8-29-2020, 11:58:04 AM
best(best) used a hand_grenade 8-29-2020, 11:58:05 AM
best(best) used a hand_grenade 8-29-2020, 11:58:05 AM
best(best) used a hand_grenade 8-29-2020, 11:58:05 AM
best(best) used a hand_grenade 8-29-2020, 11:58:05 AM
best(best) used a tk_ultra_health_potion 8-29-2020, 11:58:18 AM
best(best) used a tk_ultra_health_potion 8-29-2020, 11:58:19 AM
best(best) used a hand_grenade 8-29-2020, 11:58:35 AM
best(best) used a hand_grenade 8-29-2020, 11:58:40 AM
best(best) used a hand_grenade 8-29-2020, 11:58:40 AM
best(best) used a hand_grenade 8-29-2020, 11:58:41 AM
best(best) used a hand_grenade 8-29-2020, 11:58:42 AM
best(best) used a hand_grenade 8-29-2020, 11:58:44 AM
best(best) used a hand_grenade 8-29-2020, 11:58:46 AM
best(best) used a hand_grenade 8-29-2020, 11:58:53 AM
best(best) used a hand_grenade 8-29-2020, 11:58:53 AM
best(best) used a hand_grenade 8-29-2020, 11:58:55 AM
best(best) used a hand_grenade 8-29-2020, 11:58:56 AM
best(best) used a hand_grenade 8-29-2020, 11:59:00 AM
best(best) used a hand_grenade 8-29-2020, 12:00:16 PM
best(best) used a hand_grenade 8-29-2020, 12:00:16 PM
best(best) used a hand_grenade 8-29-2020, 12:00:16 PM
best(best) used a hand_grenade 8-29-2020, 12:00:17 PM
best(best) used a hand_grenade 8-29-2020, 12:00:17 PM
best(best) used a hand_grenade 8-29-2020, 12:00:17 PM
best(best) used a hand_grenade 8-29-2020, 12:00:17 PM
best(best) used a hand_grenade 8-29-2020, 12:00:17 PM
best(best) used a hand_grenade 8-29-2020, 12:00:17 PM
best(best) used a hand_grenade 8-29-2020, 12:00:18 PM
best(best) used a hand_grenade 8-29-2020, 12:00:18 PM
best(best) used a hand_grenade 8-29-2020, 12:00:18 PM
best(best) used a hand_grenade 8-29-2020, 12:00:18 PM
best(best) used a hand_grenade 8-29-2020, 12:00:18 PM
best(best) used a hand_grenade 8-29-2020, 12:00:19 PM
best(best) used a hand_grenade 8-29-2020, 12:00:19 PM
best(best) used a hand_grenade 8-29-2020, 12:00:19 PM
best(best) used a hand_grenade 8-29-2020, 12:00:19 PM
best(best) used a hand_grenade 8-29-2020, 12:00:19 PM
best(best) used a hand_grenade 8-29-2020, 12:00:20 PM
best(best) used a hand_grenade 8-29-2020, 12:00:20 PM
best(best) used a hand_grenade 8-29-2020, 12:00:20 PM
best(best) used a hand_grenade 8-29-2020, 12:00:21 PM
best(best) used a hand_grenade 8-29-2020, 12:00:21 PM
best(best) used a hand_grenade 8-29-2020, 12:00:21 PM
best(best) used a hand_grenade 8-29-2020, 12:00:21 PM
best(best) used a hand_grenade 8-29-2020, 12:00:22 PM
best(best) used a hand_grenade 8-29-2020, 12:00:22 PM
best(best) used a hand_grenade 8-29-2020, 12:00:22 PM
best(best) used a hand_grenade 8-29-2020, 12:00:22 PM
best(best) used a hand_grenade 8-29-2020, 12:00:22 PM
best(best) used a hand_grenade 8-29-2020, 12:00:22 PM
best(best) used a hand_grenade 8-29-2020, 12:00:23 PM
best(best) used a hand_grenade 8-29-2020, 12:00:23 PM
best(best) used a hand_grenade 8-29-2020, 12:00:23 PM
best(best) used a hand_grenade 8-29-2020, 12:00:24 PM
best(best) used a hand_grenade 8-29-2020, 12:00:24 PM
best(best) used a hand_grenade 8-29-2020, 12:00:24 PM
best(best) used a hand_grenade 8-29-2020, 12:00:24 PM
best(best) used a hand_grenade 8-29-2020, 12:00:24 PM
best(best) used a hand_grenade 8-29-2020, 12:00:25 PM
best(best) used a hand_grenade 8-29-2020, 12:00:25 PM
best(best) used a hand_grenade 8-29-2020, 12:00:25 PM
best(best) used a hand_grenade 8-29-2020, 12:00:28 PM
best(best) used a hand_grenade 8-29-2020, 12:00:28 PM
best(best) used a hand_grenade 8-29-2020, 12:00:28 PM
best(best) used a hand_grenade 8-29-2020, 12:00:28 PM
best(best) used a hand_grenade 8-29-2020, 12:00:28 PM
best(best) used a hand_grenade 8-29-2020, 12:00:29 PM
best(best) used a hand_grenade 8-29-2020, 12:00:29 PM
best(best) used a hand_grenade 8-29-2020, 12:00:29 PM
best(best) used a hand_grenade 8-29-2020, 12:00:29 PM
best(best) used a hand_grenade 8-29-2020, 12:00:29 PM
best(best) used a hand_grenade 8-29-2020, 12:00:30 PM
best(best) used a hand_grenade 8-29-2020, 12:00:30 PM
best(best) used a hand_grenade 8-29-2020, 12:00:30 PM
best(best) used a hand_grenade 8-29-2020, 12:00:30 PM
best(best) used a hand_grenade 8-29-2020, 12:00:31 PM
best(best) used a hand_grenade 8-29-2020, 12:00:31 PM
best(best) used a hand_grenade 8-29-2020, 12:00:31 PM
best(best) used a hand_grenade 8-29-2020, 12:00:31 PM
best(best) used a hand_grenade 8-29-2020, 12:00:31 PM
best(best) used a hand_grenade 8-29-2020, 12:00:31 PM
best(best) used a hand_grenade 8-29-2020, 12:00:32 PM
best(best) used a hand_grenade 8-29-2020, 12:00:32 PM
best(best) used a hand_grenade 8-29-2020, 12:00:33 PM
best(best) used a hand_grenade 8-29-2020, 12:00:33 PM
best(best) used a hand_grenade 8-29-2020, 12:00:34 PM
best(best) used a hand_grenade 8-29-2020, 12:00:34 PM
best(best) used a hand_grenade 8-29-2020, 12:00:34 PM
best(best) used a hand_grenade 8-29-2020, 12:00:34 PM
best(best) used a hand_grenade 8-29-2020, 12:00:34 PM
best(best) used a hand_grenade 8-29-2020, 12:00:35 PM
best(best) used a hand_grenade 8-29-2020, 12:00:35 PM
best(best) used a hand_grenade 8-29-2020, 12:00:35 PM
best(best) used a hand_grenade 8-29-2020, 12:00:35 PM
best(best) used a hand_grenade 8-29-2020, 12:00:35 PM
best(best) used a hand_grenade 8-29-2020, 12:00:36 PM
best(best) used a hand_grenade 8-29-2020, 12:00:36 PM
best(best) used a hand_grenade 8-29-2020, 12:00:37 PM
best(best) used a hand_grenade 8-29-2020, 12:00:37 PM
best(best) used a hand_grenade 8-29-2020, 12:00:37 PM
best(best) used a hand_grenade 8-29-2020, 12:00:38 PM
best(best) used a hand_grenade 8-29-2020, 12:00:38 PM
best(best) used a hand_grenade 8-29-2020, 12:00:38 PM
best(best) used a hand_grenade 8-29-2020, 12:00:38 PM
best(best) used a hand_grenade 8-29-2020, 12:00:39 PM
best(best) used a hand_grenade 8-29-2020, 12:00:39 PM
best(best) used a hand_grenade 8-29-2020, 12:00:39 PM
best(best) used a hand_grenade 8-29-2020, 12:00:39 PM
best(best) used a hand_grenade 8-29-2020, 12:00:39 PM
best(best) used a hand_grenade 8-29-2020, 12:00:40 PM
best(best) used a hand_grenade 8-29-2020, 12:00:40 PM
best(best) used a hand_grenade 8-29-2020, 12:00:40 PM
best(best) used a hand_grenade 8-29-2020, 12:00:40 PM
best(best) used a hand_grenade 8-29-2020, 12:00:40 PM
best(best) used a hand_grenade 8-29-2020, 12:00:40 PM
best(best) used a hand_grenade 8-29-2020, 12:00:41 PM
best(best) used a hand_grenade 8-29-2020, 12:00:41 PM
best(best) used a hand_grenade 8-29-2020, 12:00:41 PM
best(best) used a hand_grenade 8-29-2020, 12:00:42 PM
best(best) used a hand_grenade 8-29-2020, 12:00:42 PM
best(best) used a hand_grenade 8-29-2020, 12:00:42 PM
best(best) used a hand_grenade 8-29-2020, 12:00:42 PM
best(best) used a hand_grenade 8-29-2020, 12:00:42 PM
best(best) used a hand_grenade 8-29-2020, 12:00:43 PM
best(best) used a hand_grenade 8-29-2020, 12:00:43 PM
best(best) used a hand_grenade 8-29-2020, 12:00:43 PM
best(best) used a hand_grenade 8-29-2020, 12:00:44 PM
best(best) used a hand_grenade 8-29-2020, 12:00:45 PM
best(best) used a hand_grenade 8-29-2020, 12:00:45 PM
best(best) used a hand_grenade 8-29-2020, 12:00:45 PM
best(best) used a hand_grenade 8-29-2020, 12:00:45 PM
best(best) used a hand_grenade 8-29-2020, 12:00:46 PM
best(best) used a hand_grenade 8-29-2020, 12:00:46 PM
best(best) used a hand_grenade 8-29-2020, 12:00:46 PM
best(best) used a hand_grenade 8-29-2020, 12:00:46 PM
best(best) used a hand_grenade 8-29-2020, 12:00:47 PM
best(best) used a hand_grenade 8-29-2020, 12:00:47 PM
best(best) used a hand_grenade 8-29-2020, 12:00:47 PM
best(best) used a hand_grenade 8-29-2020, 12:00:47 PM
best(best) used a hand_grenade 8-29-2020, 12:00:47 PM
best(best) used a hand_grenade 8-29-2020, 12:00:48 PM
best(best) used a hand_grenade 8-29-2020, 12:00:48 PM
best(best) used a hand_grenade 8-29-2020, 12:00:50 PM
best(best) used a hand_grenade 8-29-2020, 12:00:50 PM
best(best) used a hand_grenade 8-29-2020, 12:00:51 PM
best(best) used a hand_grenade 8-29-2020, 12:00:51 PM
best(best) used a hand_grenade 8-29-2020, 12:00:51 PM
best(best) used a hand_grenade 8-29-2020, 12:00:51 PM
best(best) used a hand_grenade 8-29-2020, 12:00:51 PM
best(best) used a hand_grenade 8-29-2020, 12:00:52 PM
best(best) used a hand_grenade 8-29-2020, 12:00:52 PM
best(best) used a hand_grenade 8-29-2020, 12:00:52 PM
best(best) used a hand_grenade 8-29-2020, 12:00:52 PM
best(best) used a hand_grenade 8-29-2020, 12:00:52 PM
best(best) used a hand_grenade 8-29-2020, 12:00:53 PM
best(best) used a hand_grenade 8-29-2020, 12:00:56 PM
best(best) used a hand_grenade 8-29-2020, 12:00:56 PM
best(best) used a hand_grenade 8-29-2020, 12:00:56 PM
best(best) used a hand_grenade 8-29-2020, 12:00:56 PM
best(best) used a hand_grenade 8-29-2020, 12:00:57 PM
best(best) used a hand_grenade 8-29-2020, 12:00:57 PM
best(best) used a hand_grenade 8-29-2020, 12:00:57 PM
best(best) used a hand_grenade 8-29-2020, 12:00:57 PM
best(best) used a hand_grenade 8-29-2020, 12:00:57 PM
best(best) used a hand_grenade 8-29-2020, 12:00:58 PM
best(best) used a hand_grenade 8-29-2020, 12:00:59 PM
best(best) used a hand_grenade 8-29-2020, 12:00:59 PM
best(best) used a hand_grenade 8-29-2020, 12:00:59 PM
best(best) used a hand_grenade 8-29-2020, 12:00:59 PM
best(best) used a hand_grenade 8-29-2020, 12:00:59 PM
best(best) used a hand_grenade 8-29-2020, 12:01:00 PM
best(best) used a hand_grenade 8-29-2020, 12:01:00 PM
best(best) used a hand_grenade 8-29-2020, 12:01:00 PM
best(best) used a hand_grenade 8-29-2020, 12:01:00 PM
best(best) used a hand_grenade 8-29-2020, 12:01:00 PM
best(best) used a hand_grenade 8-29-2020, 12:01:01 PM
best(best) used a hand_grenade 8-29-2020, 12:01:01 PM
best(best) used a hand_grenade 8-29-2020, 12:01:01 PM
best(best) used a hand_grenade 8-29-2020, 12:01:01 PM
best(best) used a hand_grenade 8-29-2020, 12:01:02 PM
best(best) used a hand_grenade 8-29-2020, 12:01:02 PM
best(best) used a hand_grenade 8-29-2020, 12:01:03 PM
best(best) used a hand_grenade 8-29-2020, 12:01:04 PM
best(best) used a hand_grenade 8-29-2020, 12:01:04 PM
best(best) used a hand_grenade 8-29-2020, 12:01:04 PM
best(best) used a hand_grenade 8-29-2020, 12:01:04 PM
best(best) used a hand_grenade 8-29-2020, 12:01:06 PM
best(best) used a hand_grenade 8-29-2020, 12:01:06 PM
best(best) used a hand_grenade 8-29-2020, 12:01:06 PM
best(best) used a hand_grenade 8-29-2020, 12:01:06 PM
best(best) used a hand_grenade 8-29-2020, 12:01:06 PM
best(best) used a hand_grenade 8-29-2020, 12:01:07 PM
best(best) used a hand_grenade 8-29-2020, 12:01:07 PM
best(best) used a hand_grenade 8-29-2020, 12:01:07 PM
best(best) used a hand_grenade 8-29-2020, 12:01:07 PM
best(best) used a hand_grenade 8-29-2020, 12:01:07 PM
best(best) used a hand_grenade 8-29-2020, 12:01:08 PM
best(best) used a hand_grenade 8-29-2020, 12:01:08 PM
best(best) used a hand_grenade 8-29-2020, 12:01:08 PM
best(best) used a hand_grenade 8-29-2020, 12:01:08 PM
best(best) used a hand_grenade 8-29-2020, 12:01:08 PM
best(best) used a hand_grenade 8-29-2020, 12:01:09 PM
best(best) used a hand_grenade 8-29-2020, 12:01:09 PM
best(best) used a hand_grenade 8-29-2020, 12:01:12 PM
best(best) used a hand_grenade 8-29-2020, 12:01:12 PM
best(best) used a hand_grenade 8-29-2020, 12:01:12 PM
best(best) used a hand_grenade 8-29-2020, 12:01:13 PM
best(best) used a hand_grenade 8-29-2020, 12:01:13 PM
best(best) used a hand_grenade 8-29-2020, 12:01:13 PM
best(best) used a hand_grenade 8-29-2020, 12:01:13 PM
best(best) used a hand_grenade 8-29-2020, 12:01:13 PM
best(best) used a hand_grenade 8-29-2020, 12:01:15 PM
best(best) used a hand_grenade 8-29-2020, 12:01:15 PM
best(best) used a hand_grenade 8-29-2020, 12:01:15 PM
best(best) used a hand_grenade 8-29-2020, 12:01:16 PM
best(best) used a hand_grenade 8-29-2020, 12:01:16 PM
best(best) used a hand_grenade 8-29-2020, 12:01:16 PM
best(best) used a hand_grenade 8-29-2020, 12:01:16 PM
best(best) used a hand_grenade 8-29-2020, 12:01:16 PM
best(best) used a hand_grenade 8-29-2020, 12:01:17 PM
best(best) used a hand_grenade 8-29-2020, 12:01:17 PM
best(best) used a hand_grenade 8-29-2020, 12:01:17 PM
best(best) used a hand_grenade 8-29-2020, 12:01:17 PM
best(best) used a hand_grenade 8-29-2020, 12:01:18 PM
best(best) used a hand_grenade 8-29-2020, 12:01:18 PM
best(best) used a hand_grenade 8-29-2020, 12:01:18 PM
best(best) used a hand_grenade 8-29-2020, 12:01:18 PM
best(best) used a hand_grenade 8-29-2020, 12:01:22 PM
best(best) used a hand_grenade 8-29-2020, 12:01:23 PM
best(best) used a hand_grenade 8-29-2020, 12:01:23 PM
best(best) used a hand_grenade 8-29-2020, 12:01:23 PM
best(best) used a hand_grenade 8-29-2020, 12:01:23 PM
best(best) used a hand_grenade 8-29-2020, 12:01:23 PM
best(best) used a hand_grenade 8-29-2020, 12:01:23 PM
best(best) used a hand_grenade 8-29-2020, 12:01:25 PM
best(best) used a hand_grenade 8-29-2020, 12:01:25 PM
best(best) used a hand_grenade 8-29-2020, 12:01:26 PM
best(best) used a hand_grenade 8-29-2020, 12:01:26 PM
best(best) used a hand_grenade 8-29-2020, 12:01:26 PM
best(best) used a hand_grenade 8-29-2020, 12:01:26 PM
best(best) used a hand_grenade 8-29-2020, 12:01:27 PM
best(best) used a hand_grenade 8-29-2020, 12:01:27 PM
best(best) used a hand_grenade 8-29-2020, 12:01:27 PM
best(best) used a hand_grenade 8-29-2020, 12:01:27 PM
best(best) used a hand_grenade 8-29-2020, 12:01:27 PM
best(best) used a hand_grenade 8-29-2020, 12:01:27 PM
best(best) used a hand_grenade 8-29-2020, 12:01:28 PM
best(best) used a hand_grenade 8-29-2020, 12:01:28 PM
best(best) used a hand_grenade 8-29-2020, 12:01:28 PM
best(best) used a hand_grenade 8-29-2020, 12:01:29 PM
best(best) used a hand_grenade 8-29-2020, 12:01:29 PM
best(best) used a hand_grenade 8-29-2020, 12:01:29 PM
best(best) used a hand_grenade 8-29-2020, 12:01:29 PM
best(best) used a hand_grenade 8-29-2020, 12:01:29 PM
best(best) used a hand_grenade 8-29-2020, 12:01:30 PM
best(best) used a hand_grenade 8-29-2020, 12:01:30 PM
best(best) used a hand_grenade 8-29-2020, 12:01:30 PM
best(best) used a hand_grenade 8-29-2020, 12:01:30 PM
best(best) used a hand_grenade 8-29-2020, 12:01:30 PM
best(best) used a hand_grenade 8-29-2020, 12:01:31 PM
best(best) used a hand_grenade 8-29-2020, 12:01:31 PM
best(best) used a hand_grenade 8-29-2020, 12:01:31 PM
best(best) used a hand_grenade 8-29-2020, 12:01:31 PM
best(best) used a hand_grenade 8-29-2020, 12:01:32 PM
best(best) used a hand_grenade 8-29-2020, 12:01:34 PM
best(best) used a hand_grenade 8-29-2020, 12:01:34 PM
best(best) used a hand_grenade 8-29-2020, 12:01:34 PM
best(best) used a hand_grenade 8-29-2020, 12:01:34 PM
best(best) used a hand_grenade 8-29-2020, 12:01:35 PM
best(best) used a hand_grenade 8-29-2020, 12:01:36 PM
best(best) used a hand_grenade 8-29-2020, 12:01:36 PM
best(best) used a hand_grenade 8-29-2020, 12:01:36 PM
best(best) used a hand_grenade 8-29-2020, 12:01:36 PM
best(best) used a hand_grenade 8-29-2020, 12:01:36 PM
best(best) used a hand_grenade 8-29-2020, 12:01:36 PM
best(best) used a hand_grenade 8-29-2020, 12:01:37 PM
best(best) used a hand_grenade 8-29-2020, 12:01:37 PM
best(best) used a hand_grenade 8-29-2020, 12:01:37 PM
best(best) used a hand_grenade 8-29-2020, 12:01:37 PM
best(best) used a hand_grenade 8-29-2020, 12:01:37 PM
best(best) used a hand_grenade 8-29-2020, 12:01:38 PM
best(best) used a hand_grenade 8-29-2020, 12:01:38 PM
best(best) used a hand_grenade 8-29-2020, 12:01:38 PM
best(best) used a hand_grenade 8-29-2020, 12:01:38 PM
best(best) used a hand_grenade 8-29-2020, 12:01:39 PM
best(best) used a hand_grenade 8-29-2020, 12:01:39 PM
best(best) used a hand_grenade 8-29-2020, 12:01:39 PM
best(best) used a hand_grenade 8-29-2020, 12:01:39 PM
best(best) used a hand_grenade 8-29-2020, 12:01:40 PM
best(best) used a hand_grenade 8-29-2020, 12:01:40 PM
best(best) used a hand_grenade 8-29-2020, 12:01:40 PM
best(best) used a hand_grenade 8-29-2020, 12:01:40 PM
best(best) used a hand_grenade 8-29-2020, 12:01:40 PM
best(best) used a hand_grenade 8-29-2020, 12:01:41 PM
best(best) used a hand_grenade 8-29-2020, 12:01:41 PM
best(best) used a hand_grenade 8-29-2020, 12:01:41 PM
best(best) used a hand_grenade 8-29-2020, 12:01:41 PM
best(best) used a hand_grenade 8-29-2020, 12:01:42 PM
best(best) used a hand_grenade 8-29-2020, 12:01:42 PM
best(best) used a hand_grenade 8-29-2020, 12:01:42 PM
best(best) used a hand_grenade 8-29-2020, 12:01:42 PM
best(best) used a hand_grenade 8-29-2020, 12:01:43 PM
best(best) used a hand_grenade 8-29-2020, 12:01:44 PM
best(best) used a hand_grenade 8-29-2020, 12:01:44 PM
best(best) used a hand_grenade 8-29-2020, 12:01:44 PM
best(best) used a hand_grenade 8-29-2020, 12:01:44 PM
best(best) used a hand_grenade 8-29-2020, 12:01:45 PM
best(best) used a hand_grenade 8-29-2020, 12:01:45 PM
best(best) used a hand_grenade 8-29-2020, 12:01:45 PM
best(best) used a hand_grenade 8-29-2020, 12:01:45 PM
best(best) used a hand_grenade 8-29-2020, 12:01:46 PM
best(best) used a hand_grenade 8-29-2020, 12:01:46 PM
best(best) used a hand_grenade 8-29-2020, 12:01:46 PM
best(best) used a hand_grenade 8-29-2020, 12:01:47 PM
best(best) used a hand_grenade 8-29-2020, 12:01:49 PM
best(best) used a hand_grenade 8-29-2020, 12:01:52 PM
best(best) used a hand_grenade 8-29-2020, 12:01:52 PM
best(best) used a hand_grenade 8-29-2020, 12:01:52 PM
best(best) used a hand_grenade 8-29-2020, 12:01:53 PM
best(best) used a hand_grenade 8-29-2020, 12:01:53 PM
best(best) used a hand_grenade 8-29-2020, 12:01:53 PM
best(best) used a hand_grenade 8-29-2020, 12:01:53 PM
best(best) used a hand_grenade 8-29-2020, 12:01:54 PM
best(best) used a hand_grenade 8-29-2020, 12:01:54 PM
best(best) used a hand_grenade 8-29-2020, 12:01:54 PM
best(best) used a hand_grenade 8-29-2020, 12:01:55 PM
best(best) used a hand_grenade 8-29-2020, 12:01:55 PM
best(best) used a hand_grenade 8-29-2020, 12:01:55 PM
best(best) used a hand_grenade 8-29-2020, 12:01:55 PM
best(best) used a hand_grenade 8-29-2020, 12:01:55 PM
best(best) used a hand_grenade 8-29-2020, 12:01:56 PM
best(best) used a hand_grenade 8-29-2020, 12:01:56 PM
best(best) used a hand_grenade 8-29-2020, 12:01:56 PM
best(best) used a hand_grenade 8-29-2020, 12:01:57 PM
best(best) used a hand_grenade 8-29-2020, 12:01:57 PM
best(best) used a hand_grenade 8-29-2020, 12:01:57 PM
best(best) used a hand_grenade 8-29-2020, 12:01:58 PM
best(best) used a hand_grenade 8-29-2020, 12:01:58 PM
best(best) used a hand_grenade 8-29-2020, 12:01:58 PM
best(best) used a hand_grenade 8-29-2020, 12:01:58 PM
best(best) used a hand_grenade 8-29-2020, 12:01:59 PM
best(best) used a hand_grenade 8-29-2020, 12:01:59 PM
best(best) used a hand_grenade 8-29-2020, 12:01:59 PM
best(best) used a hand_grenade 8-29-2020, 12:01:59 PM
best(best) used a hand_grenade 8-29-2020, 12:01:59 PM
best(best) used a hand_grenade 8-29-2020, 12:02:00 PM
best(best) used a hand_grenade 8-29-2020, 12:02:00 PM
best(best) used a tk_ultra_health_potion 8-29-2020, 12:02:09 PM
best(best) used a tk_ultra_health_potion 8-29-2020, 12:02:10 PM
best(best) used a tk_ultra_health_potion 8-29-2020, 12:02:10 PM
best(best) used a shield 8-29-2020, 12:02:15 PM
best(best) used a shield 8-29-2020, 12:02:15 PM
best(best) used a shield 8-29-2020, 12:02:16 PM
best(best) used a shield 8-29-2020, 12:02:17 PM
best(best) used a shield 8-29-2020, 12:02:17 PM
best(best) used a shield 8-29-2020, 12:02:18 PM
best(best) used a shield 8-29-2020, 12:02:18 PM
best(best) used a shield 8-29-2020, 12:02:19 PM
best(best) used a shield 8-29-2020, 12:02:21 PM
best(best) used a shield 8-29-2020, 12:02:24 PM
best(best) used a shield 8-29-2020, 12:02:24 PM
best(best) used a shield 8-29-2020, 12:02:24 PM
best(best) used a shield 8-29-2020, 12:02:25 PM
best(best) used a shield 8-29-2020, 12:02:25 PM
best(best) used a shield 8-29-2020, 12:02:25 PM
best(best) used a shield 8-29-2020, 12:02:26 PM
best(best) used a shield 8-29-2020, 12:02:26 PM
best(best) used a shield 8-29-2020, 12:02:27 PM
best(best) used a shield 8-29-2020, 12:02:27 PM
best(best) used a shield 8-29-2020, 12:02:27 PM
best(best) used a shield 8-29-2020, 12:02:27 PM
best(best) used a hand_grenade 8-29-2020, 12:02:56 PM
best(best) used a hand_grenade 8-29-2020, 12:02:56 PM
best(best) used a hand_grenade 8-29-2020, 12:02:56 PM
best(best) used a hand_grenade 8-29-2020, 12:02:57 PM
best(best) used a hand_grenade 8-29-2020, 12:02:57 PM
best(best) used a hand_grenade 8-29-2020, 12:02:57 PM
best(best) used a hand_grenade 8-29-2020, 12:02:57 PM
best(best) used a hand_grenade 8-29-2020, 12:02:57 PM
best(best) used a hand_grenade 8-29-2020, 12:02:58 PM
best(best) used a hand_grenade 8-29-2020, 12:02:58 PM
best(best) used a hand_grenade 8-29-2020, 12:02:58 PM
best(best) used a hand_grenade 8-29-2020, 12:02:58 PM
best(best) used a hand_grenade 8-29-2020, 12:02:58 PM
best(best) used a hand_grenade 8-29-2020, 12:02:59 PM
best(best) used a hand_grenade 8-29-2020, 12:02:59 PM
best(best) used a hand_grenade 8-29-2020, 12:02:59 PM
best(best) used a hand_grenade 8-29-2020, 12:02:59 PM
best(best) used a hand_grenade 8-29-2020, 12:02:59 PM
best(best) used a hand_grenade 8-29-2020, 12:03:00 PM
best(best) used a hand_grenade 8-29-2020, 12:03:00 PM
best(best) used a hand_grenade 8-29-2020, 12:03:00 PM
best(best) used a hand_grenade 8-29-2020, 12:03:01 PM
best(best) used a hand_grenade 8-29-2020, 12:03:03 PM
best(best) used a hand_grenade 8-29-2020, 12:03:04 PM
best(best) used a hand_grenade 8-29-2020, 12:03:06 PM
best(best) used a hand_grenade 8-29-2020, 12:03:09 PM
best(best) used a hand_grenade 8-29-2020, 12:03:11 PM
best(best) used a hand_grenade 8-29-2020, 12:03:12 PM
best(best) used a hand_grenade 8-29-2020, 12:03:12 PM
best(best) used a hand_grenade 8-29-2020, 12:03:12 PM
best(best) used a hand_grenade 8-29-2020, 12:03:12 PM
best(best) used a hand_grenade 8-29-2020, 12:03:12 PM
best(best) used a hand_grenade 8-29-2020, 12:03:12 PM
best(best) used a hand_grenade 8-29-2020, 12:03:13 PM
best(best) used a hand_grenade 8-29-2020, 12:03:13 PM
best(best) used a hand_grenade 8-29-2020, 12:03:13 PM
best(best) used a hand_grenade 8-29-2020, 12:03:13 PM
best(best) used a hand_grenade 8-29-2020, 12:03:13 PM
best(best) used a hand_grenade 8-29-2020, 12:03:14 PM
best(best) used a hand_grenade 8-29-2020, 12:03:14 PM
best(best) used a hand_grenade 8-29-2020, 12:03:14 PM
best(best) used a hand_grenade 8-29-2020, 12:03:14 PM
best(best) used a hand_grenade 8-29-2020, 12:03:14 PM
best(best) used a hand_grenade 8-29-2020, 12:03:14 PM
best(best) used a hand_grenade 8-29-2020, 12:03:19 PM
best(best) used a hand_grenade 8-29-2020, 12:03:19 PM
best(best) used a hand_grenade 8-29-2020, 12:03:20 PM
best(best) used a hand_grenade 8-29-2020, 12:03:26 PM
best(best) used a hand_grenade 8-29-2020, 12:03:26 PM
best(best) used a hand_grenade 8-29-2020, 12:03:28 PM
best(best) used a hand_grenade 8-29-2020, 12:03:29 PM
best(best) used a hand_grenade 8-29-2020, 12:03:29 PM
best(best) used a hand_grenade 8-29-2020, 12:04:02 PM
best(best) used a hand_grenade 8-29-2020, 12:04:05 PM
best(best) used a hand_grenade 8-29-2020, 12:04:05 PM
best(best) used a hand_grenade 8-29-2020, 12:04:05 PM
best(best) used a hand_grenade 8-29-2020, 12:04:14 PM
best(best) used a hand_grenade 8-29-2020, 12:04:14 PM
best(best) used a hand_grenade 8-29-2020, 12:04:14 PM
best(best) used a hand_grenade 8-29-2020, 12:04:15 PM
best(best) used a hand_grenade 8-29-2020, 12:04:17 PM
best(best) used a hand_grenade 8-29-2020, 12:04:17 PM
best(best) used a hand_grenade 8-29-2020, 12:04:17 PM
best(best) used a tk_ultra_health_potion 8-29-2020, 12:05:32 PM
best(best) used a tk_ultra_health_potion 8-29-2020, 12:05:33 PM
best(best) used a hand_grenade 8-29-2020, 12:05:37 PM
best(best) used a tk_ultra_health_potion 8-29-2020, 12:07:27 PM
best(best) used a tk_ultra_health_potion 8-29-2020, 12:07:27 PM
best(best) used a shield 8-29-2020, 12:07:33 PM
best(best) used a shield 8-29-2020, 12:07:34 PM
best(best) used a shield 8-29-2020, 12:07:34 PM
best(best) used a shield 8-29-2020, 12:07:35 PM
best(best) used a shield 8-29-2020, 12:07:38 PM
best(best) used a shield 8-29-2020, 12:07:38 PM
best(best) used a shield 8-29-2020, 12:07:39 PM
best(best) used a shield 8-29-2020, 12:07:41 PM
best(best) used a shield 8-29-2020, 12:07:42 PM
best(best) used a shield 8-29-2020, 12:07:42 PM
best(best) used a shield 8-29-2020, 12:07:42 PM
best(best) used a shield 8-29-2020, 12:07:42 PM
best(best) used a shield 8-29-2020, 12:07:43 PM
best(best) used a shield 8-29-2020, 12:07:43 PM
best(best) used a shield 8-29-2020, 12:07:43 PM
best(best) used a shield 8-29-2020, 12:07:43 PM
best(best) used a shield 8-29-2020, 12:07:43 PM
best(best) used a shield 8-29-2020, 12:07:44 PM
best(best) used a shield 8-29-2020, 12:07:44 PM
best(best) used a hand_grenade 8-29-2020, 12:07:50 PM
best(best) used a hand_grenade 8-29-2020, 12:07:51 PM
best(best) used a hand_grenade 8-29-2020, 12:07:51 PM
best(best) used a hand_grenade 8-29-2020, 12:07:52 PM
best(best) used a hand_grenade 8-29-2020, 12:07:52 PM
best(best) used a hand_grenade 8-29-2020, 12:08:18 PM
best(best) used a hand_grenade 8-29-2020, 12:08:18 PM
best(best) used a hand_grenade 8-29-2020, 12:08:19 PM
best(best) used a hand_grenade 8-29-2020, 12:08:19 PM
best(best) used a hand_grenade 8-29-2020, 12:08:19 PM
best(best) used a hand_grenade 8-29-2020, 12:08:20 PM
best(best) used a hand_grenade 8-29-2020, 12:08:20 PM
best(best) used a hand_grenade 8-29-2020, 12:08:20 PM
best(best) used a hand_grenade 8-29-2020, 12:08:20 PM
best(best) used a hand_grenade 8-29-2020, 12:08:20 PM
best(best) used a hand_grenade 8-29-2020, 12:08:21 PM
best(best) used a hand_grenade 8-29-2020, 12:08:21 PM
best(best) used a hand_grenade 8-29-2020, 12:08:21 PM
best(best) used a hand_grenade 8-29-2020, 12:08:21 PM
best(best) used a hand_grenade 8-29-2020, 12:08:21 PM
best(best) used a hand_grenade 8-29-2020, 12:08:21 PM
best(best) used a hand_grenade 8-29-2020, 12:08:21 PM
best(best) used a hand_grenade 8-29-2020, 12:08:21 PM
best(best) used a hand_grenade 8-29-2020, 12:08:22 PM
best(best) used a hand_grenade 8-29-2020, 12:08:22 PM
best(best) used a hand_grenade 8-29-2020, 12:08:22 PM
best(best) used a hand_grenade 8-29-2020, 12:08:22 PM
best(best) used a hand_grenade 8-29-2020, 12:08:22 PM
best(best) used a hand_grenade 8-29-2020, 12:08:22 PM
best(best) used a hand_grenade 8-29-2020, 12:08:23 PM
best(best) used a hand_grenade 8-29-2020, 12:08:23 PM
best(best) used a hand_grenade 8-29-2020, 12:08:23 PM
best(best) used a hand_grenade 8-29-2020, 12:08:23 PM
best(best) used a hand_grenade 8-29-2020, 12:08:23 PM
best(best) used a hand_grenade 8-29-2020, 12:08:23 PM
best(best) used a hand_grenade 8-29-2020, 12:08:24 PM
best(best) used a hand_grenade 8-29-2020, 12:08:24 PM
best(best) used a hand_grenade 8-29-2020, 12:08:24 PM
best(best) used a hand_grenade 8-29-2020, 12:08:24 PM
best(best) used a hand_grenade 8-29-2020, 12:08:24 PM
best(best) used a hand_grenade 8-29-2020, 12:08:24 PM
best(best) used a hand_grenade 8-29-2020, 12:08:24 PM
best(best) used a hand_grenade 8-29-2020, 12:08:25 PM
best(best) used a hand_grenade 8-29-2020, 12:08:25 PM
best(best) used a hand_grenade 8-29-2020, 12:08:25 PM
best(best) used a hand_grenade 8-29-2020, 12:08:25 PM
best(best) used a hand_grenade 8-29-2020, 12:08:25 PM
best(best) used a hand_grenade 8-29-2020, 12:08:25 PM
best(best) used a hand_grenade 8-29-2020, 12:08:26 PM
best(best) used a hand_grenade 8-29-2020, 12:08:26 PM
best(best) used a hand_grenade 8-29-2020, 12:08:26 PM
best(best) used a hand_grenade 8-29-2020, 12:08:26 PM
best(best) used a hand_grenade 8-29-2020, 12:08:26 PM
best(best) used a hand_grenade 8-29-2020, 12:08:26 PM
best(best) used a hand_grenade 8-29-2020, 12:08:27 PM
best(best) used a hand_grenade 8-29-2020, 12:08:27 PM
best(best) used a hand_grenade 8-29-2020, 12:08:28 PM
best(best) used a hand_grenade 8-29-2020, 12:08:30 PM
best(best) used a hand_grenade 8-29-2020, 12:08:31 PM
best(best) used a hand_grenade 8-29-2020, 12:08:31 PM
best(best) used a hand_grenade 8-29-2020, 12:08:31 PM
best(best) used a hand_grenade 8-29-2020, 12:08:47 PM
best(best) used a hand_grenade 8-29-2020, 12:08:47 PM
best(best) used a hand_grenade 8-29-2020, 12:08:47 PM
best(best) used a hand_grenade 8-29-2020, 12:08:50 PM
best(best) used a hand_grenade 8-29-2020, 12:08:50 PM
best(best) used a hand_grenade 8-29-2020, 12:08:51 PM
best(best) used a hand_grenade 8-29-2020, 12:08:51 PM
best(best) used a hand_grenade 8-29-2020, 12:08:58 PM
best(best) used a hand_grenade 8-29-2020, 12:08:58 PM
best(best) used a hand_grenade 8-29-2020, 12:08:59 PM
best(best) used a hand_grenade 8-29-2020, 12:12:27 PM
best(best) used a hand_grenade 8-29-2020, 12:12:27 PM
best(best) used a hand_grenade 8-29-2020, 12:12:35 PM
best(best) used a hand_grenade 8-29-2020, 12:12:36 PM
best(best) used a shield 8-29-2020, 12:13:02 PM
best(best) used a shield 8-29-2020, 12:13:02 PM
best(best) used a shield 8-29-2020, 12:13:02 PM
best(best) used a shield 8-29-2020, 12:13:02 PM
best(best) used a shield 8-29-2020, 12:13:02 PM
best(best) used a shield 8-29-2020, 12:13:03 PM
best(best) used a shield 8-29-2020, 12:13:03 PM
best(best) used a shield 8-29-2020, 12:13:03 PM
best(best) used a shield 8-29-2020, 12:13:03 PM
best(best) used a shield 8-29-2020, 12:13:04 PM
best(best) used a shield 8-29-2020, 12:13:04 PM
best(best) used a shield 8-29-2020, 12:13:04 PM
best(best) used a shield 8-29-2020, 12:13:04 PM
best(best) used a shield 8-29-2020, 12:13:05 PM
best(best) used a shield 8-29-2020, 12:13:05 PM
best(best) used a shield 8-29-2020, 12:13:05 PM
best(best) used a shield 8-29-2020, 12:13:05 PM
best(best) used a shield 8-29-2020, 12:13:05 PM
best(best) used a shield 8-29-2020, 12:13:05 PM
best(best) used a shield 8-29-2020, 12:13:06 PM
best(best) used a shield 8-29-2020, 12:13:06 PM
best(best) used a shield 8-29-2020, 12:13:06 PM
best(best) used a shield 8-29-2020, 12:13:06 PM
best(best) used a shield 8-29-2020, 12:13:06 PM
best(best) used a shield 8-29-2020, 12:13:07 PM
best(best) used a shield 8-29-2020, 12:13:07 PM
best(best) used a shield 8-29-2020, 12:13:07 PM
best(best) used a shield 8-29-2020, 12:13:07 PM
best(best) used a shield 8-29-2020, 12:13:07 PM
best(best) used a shield 8-29-2020, 12:13:08 PM
best(best) used a shield 8-29-2020, 12:13:08 PM
best(best) used a tasing_small_projectile 8-29-2020, 12:13:10 PM
best(best) used a tk_ultra_health_potion 8-29-2020, 12:13:13 PM
best(best) used a tk_ultra_health_potion 8-29-2020, 12:13:13 PM
best(best) used a hand_grenade 8-29-2020, 12:13:30 PM
best(best) used a hand_grenade 8-29-2020, 12:13:30 PM
best(best) used a hand_grenade 8-29-2020, 12:13:30 PM
best(best) used a hand_grenade 8-29-2020, 12:13:30 PM
best(best) used a hand_grenade 8-29-2020, 12:13:30 PM
best(best) used a hand_grenade 8-29-2020, 12:14:43 PM
best(best) used a hand_grenade 8-29-2020, 12:14:43 PM
best(best) used a hand_grenade 8-29-2020, 12:14:44 PM
best(best) used a hand_grenade 8-29-2020, 12:14:48 PM
best(best) used a hand_grenade 8-29-2020, 12:14:55 PM
best(best) used a hand_grenade 8-29-2020, 12:14:55 PM
best(best) used a hand_grenade 8-29-2020, 12:14:57 PM
best(best) used a hand_grenade 8-29-2020, 12:14:58 PM
best(best) used a hand_grenade 8-29-2020, 12:14:58 PM
best(best) used a hand_grenade 8-29-2020, 12:15:04 PM
best(best) used a hand_grenade 8-29-2020, 12:15:04 PM
best(best) used a hand_grenade 8-29-2020, 12:15:05 PM
best(best) used a hand_grenade 8-29-2020, 12:15:10 PM
best(best) used a hand_grenade 8-29-2020, 12:15:10 PM
best(best) used a hand_grenade 8-29-2020, 12:15:10 PM
best(best) used a hand_grenade 8-29-2020, 12:15:11 PM
best(best) used a hand_grenade 8-29-2020, 12:15:11 PM
best(best) used a hand_grenade 8-29-2020, 12:15:11 PM
best(best) used a hand_grenade 8-29-2020, 12:15:11 PM
best(best) used a hand_grenade 8-29-2020, 12:15:12 PM
best(best) used a hand_grenade 8-29-2020, 12:15:12 PM
best(best) used a hand_grenade 8-29-2020, 12:15:12 PM
best(best) used a hand_grenade 8-29-2020, 12:15:14 PM
best(best) used a hand_grenade 8-29-2020, 12:15:14 PM
best(best) used a hand_grenade 8-29-2020, 12:15:14 PM
best(best) used a hand_grenade 8-29-2020, 12:15:14 PM
best(best) used a hand_grenade 8-29-2020, 12:15:15 PM
best(best) used a hand_grenade 8-29-2020, 12:15:15 PM
best(best) used a hand_grenade 8-29-2020, 12:15:15 PM
best(best) used a hand_grenade 8-29-2020, 12:15:15 PM
best(best) used a hand_grenade 8-29-2020, 12:15:16 PM
best(best) used a hand_grenade 8-29-2020, 12:15:16 PM
best(best) used a hand_grenade 8-29-2020, 12:15:16 PM
best(best) used a hand_grenade 8-29-2020, 12:15:18 PM
best(best) used a hand_grenade 8-29-2020, 12:15:18 PM
best(best) used a hand_grenade 8-29-2020, 12:15:18 PM
best(best) used a hand_grenade 8-29-2020, 12:15:18 PM
best(best) used a hand_grenade 8-29-2020, 12:15:18 PM
best(best) used a hand_grenade 8-29-2020, 12:15:19 PM
best(best) used a hand_grenade 8-29-2020, 12:15:19 PM
best(best) used a hand_grenade 8-29-2020, 12:15:19 PM
best(best) used a hand_grenade 8-29-2020, 12:15:19 PM
best(best) used a hand_grenade 8-29-2020, 12:15:19 PM
best(best) used a hand_grenade 8-29-2020, 12:15:20 PM
best(best) used a hand_grenade 8-29-2020, 12:15:20 PM
best(best) used a hand_grenade 8-29-2020, 12:15:20 PM
best(best) used a hand_grenade 8-29-2020, 12:15:20 PM
best(best) used a hand_grenade 8-29-2020, 12:16:54 PM
best(best) used a hand_grenade 8-29-2020, 12:16:54 PM
best(best) used a hand_grenade 8-29-2020, 12:16:54 PM
best(best) used a hand_grenade 8-29-2020, 12:16:55 PM
best(best) used a hand_grenade 8-29-2020, 12:16:55 PM
best(best) used a hand_grenade 8-29-2020, 12:16:55 PM
best(best) used a hand_grenade 8-29-2020, 12:16:55 PM
best(best) used a hand_grenade 8-29-2020, 12:16:55 PM
best(best) used a hand_grenade 8-29-2020, 12:16:59 PM
best(best) used a hand_grenade 8-29-2020, 12:16:59 PM
best(best) used a hand_grenade 8-29-2020, 12:16:59 PM
best(best) used a hand_grenade 8-29-2020, 12:17:15 PM
best(best) used a hand_grenade 8-29-2020, 12:17:16 PM
best(best) used a hand_grenade 8-29-2020, 12:17:16 PM
best(best) used a hand_grenade 8-29-2020, 12:17:16 PM
best(best) used a hand_grenade 8-29-2020, 12:17:16 PM
best(best) used a hand_grenade 8-29-2020, 12:17:16 PM
best(best) used a hand_grenade 8-29-2020, 12:17:17 PM
best(best) used a hand_grenade 8-29-2020, 12:17:17 PM
best(best) used a hand_grenade 8-29-2020, 12:17:17 PM
best(best) used a hand_grenade 8-29-2020, 12:17:17 PM
best(best) used a hand_grenade 8-29-2020, 12:17:28 PM
best(best) used a hand_grenade 8-29-2020, 12:17:28 PM
best(best) used a hand_grenade 8-29-2020, 12:17:28 PM
best(best) used a hand_grenade 8-29-2020, 12:17:28 PM
best(best) used a hand_grenade 8-29-2020, 12:17:28 PM
best(best) used a hand_grenade 8-29-2020, 12:17:29 PM
best(best) used a hand_grenade 8-29-2020, 12:17:29 PM
best(best) used a hand_grenade 8-29-2020, 12:17:29 PM
best(best) used a hand_grenade 8-29-2020, 12:17:29 PM
best(best) used a hand_grenade 8-29-2020, 12:17:29 PM
best(best) used a hand_grenade 8-29-2020, 12:17:29 PM
best(best) used a hand_grenade 8-29-2020, 12:17:30 PM
best(best) used a hand_grenade 8-29-2020, 12:17:30 PM
best(best) used a hand_grenade 8-29-2020, 12:17:30 PM
best(best) used a hand_grenade 8-29-2020, 12:17:30 PM
best(best) used a hand_grenade 8-29-2020, 12:17:30 PM
best(best) used a hand_grenade 8-29-2020, 12:17:31 PM
best(best) used a hand_grenade 8-29-2020, 12:17:31 PM
best(best) used a hand_grenade 8-29-2020, 12:17:31 PM
best(best) used a hand_grenade 8-29-2020, 12:17:31 PM
best(best) used a hand_grenade 8-29-2020, 12:17:32 PM
best(best) used a hand_grenade 8-29-2020, 12:17:32 PM
best(best) used a hand_grenade 8-29-2020, 12:17:32 PM
best(best) used a hand_grenade 8-29-2020, 12:17:33 PM
best(best) used a hand_grenade 8-29-2020, 12:17:33 PM
best(best) used a hand_grenade 8-29-2020, 12:17:33 PM
best(best) used a hand_grenade 8-29-2020, 12:17:33 PM
best(best) used a hand_grenade 8-29-2020, 12:17:34 PM
best(best) used a hand_grenade 8-29-2020, 12:17:34 PM
best(best) used a hand_grenade 8-29-2020, 12:17:34 PM
best(best) used a hand_grenade 8-29-2020, 12:17:34 PM
best(best) used a hand_grenade 8-29-2020, 12:17:34 PM
best(best) used a hand_grenade 8-29-2020, 12:17:35 PM
best(best) used a hand_grenade 8-29-2020, 12:17:35 PM
best(best) used a hand_grenade 8-29-2020, 12:17:35 PM
best(best) used a hand_grenade 8-29-2020, 12:17:35 PM
best(best) used a hand_grenade 8-29-2020, 12:17:35 PM
best(best) used a hand_grenade 8-29-2020, 12:17:35 PM
best(best) used a hand_grenade 8-29-2020, 12:17:36 PM
best(best) used a hand_grenade 8-29-2020, 12:17:36 PM
best(best) used a hand_grenade 8-29-2020, 12:17:36 PM
best(best) used a hand_grenade 8-29-2020, 12:17:36 PM
best(best) used a hand_grenade 8-29-2020, 12:17:37 PM
best(best) used a hand_grenade 8-29-2020, 12:17:37 PM
best(best) used a hand_grenade 8-29-2020, 12:17:37 PM
best(best) used a hand_grenade 8-29-2020, 12:17:37 PM
best(best) used a hand_grenade 8-29-2020, 12:17:38 PM
best(best) used a hand_grenade 8-29-2020, 12:17:38 PM
best(best) used a hand_grenade 8-29-2020, 12:17:38 PM
best(best) used a hand_grenade 8-29-2020, 12:17:38 PM
best(best) used a hand_grenade 8-29-2020, 12:17:38 PM
best(best) used a hand_grenade 8-29-2020, 12:17:38 PM
best(best) used a hand_grenade 8-29-2020, 12:17:39 PM
best(best) used a hand_grenade 8-29-2020, 12:17:39 PM
best(best) used a hand_grenade 8-29-2020, 12:17:39 PM
best(best) used a hand_grenade 8-29-2020, 12:17:39 PM
best(best) used a hand_grenade 8-29-2020, 12:17:39 PM
best(best) used a hand_grenade 8-29-2020, 12:17:40 PM
best(best) used a hand_grenade 8-29-2020, 12:17:40 PM
best(best) used a hand_grenade 8-29-2020, 12:17:40 PM
best(best) used a hand_grenade 8-29-2020, 12:17:40 PM
best(best) used a hand_grenade 8-29-2020, 12:17:40 PM
best(best) used a hand_grenade 8-29-2020, 12:17:41 PM
best(best) used a hand_grenade 8-29-2020, 12:17:41 PM
best(best) used a hand_grenade 8-29-2020, 12:17:41 PM
best(best) used a hand_grenade 8-29-2020, 12:17:41 PM
best(best) used a hand_grenade 8-29-2020, 12:17:41 PM
best(best) used a hand_grenade 8-29-2020, 12:17:42 PM
best(best) used a hand_grenade 8-29-2020, 12:17:42 PM
best(best) used a hand_grenade 8-29-2020, 12:17:42 PM
best(best) used a hand_grenade 8-29-2020, 12:17:42 PM
best(best) used a hand_grenade 8-29-2020, 12:17:42 PM
best(best) used a hand_grenade 8-29-2020, 12:17:42 PM
best(best) used a hand_grenade 8-29-2020, 12:17:43 PM
best(best) used a hand_grenade 8-29-2020, 12:17:43 PM
best(best) used a hand_grenade 8-29-2020, 12:17:43 PM
best(best) used a hand_grenade 8-29-2020, 12:17:43 PM
best(best) used a hand_grenade 8-29-2020, 12:17:43 PM
best(best) used a hand_grenade 8-29-2020, 12:17:44 PM
best(best) used a hand_grenade 8-29-2020, 12:17:44 PM
best(best) used a hand_grenade 8-29-2020, 12:17:44 PM
best(best) used a hand_grenade 8-29-2020, 12:17:44 PM
best(best) used a hand_grenade 8-29-2020, 12:17:44 PM
best(best) used a hand_grenade 8-29-2020, 12:17:45 PM
best(best) used a hand_grenade 8-29-2020, 12:17:45 PM
best(best) used a hand_grenade 8-29-2020, 12:17:45 PM
best(best) used a hand_grenade 8-29-2020, 12:17:45 PM
best(best) used a hand_grenade 8-29-2020, 12:17:46 PM
best(best) used a hand_grenade 8-29-2020, 12:17:46 PM
best(best) used a hand_grenade 8-29-2020, 12:17:46 PM
best(best) used a hand_grenade 8-29-2020, 12:17:46 PM
best(best) used a hand_grenade 8-29-2020, 12:17:47 PM
best(best) used a hand_grenade 8-29-2020, 12:17:47 PM
best(best) used a hand_grenade 8-29-2020, 12:17:47 PM
best(best) used a hand_grenade 8-29-2020, 12:17:47 PM
best(best) used a hand_grenade 8-29-2020, 12:17:47 PM
best(best) used a hand_grenade 8-29-2020, 12:17:48 PM
best(best) used a hand_grenade 8-29-2020, 12:17:48 PM
best(best) used a hand_grenade 8-29-2020, 12:17:48 PM
best(best) used a hand_grenade 8-29-2020, 12:17:48 PM
best(best) used a hand_grenade 8-29-2020, 12:17:48 PM
best(best) used a hand_grenade 8-29-2020, 12:17:49 PM
best(best) used a hand_grenade 8-29-2020, 12:18:49 PM
best(best) used a hand_grenade 8-29-2020, 12:18:50 PM
best(best) used a hand_grenade 8-29-2020, 12:18:50 PM
best(best) used a shield 8-29-2020, 12:18:54 PM
best(best) used a shield 8-29-2020, 12:18:54 PM
best(best) used a shield 8-29-2020, 12:18:54 PM
best(best) used a shield 8-29-2020, 12:18:55 PM
best(best) used a shield 8-29-2020, 12:18:55 PM
best(best) used a shield 8-29-2020, 12:18:55 PM
best(best) used a shield 8-29-2020, 12:18:55 PM
best(best) used a shield 8-29-2020, 12:18:55 PM
best(best) used a shield 8-29-2020, 12:18:55 PM
best(best) used a shield 8-29-2020, 12:18:56 PM
best(best) used a shield 8-29-2020, 12:18:56 PM
best(best) used a shield 8-29-2020, 12:18:56 PM
best(best) used a shield 8-29-2020, 12:18:56 PM
best(best) used a shield 8-29-2020, 12:18:56 PM
best(best) used a shield 8-29-2020, 12:18:56 PM
best(best) used a shield 8-29-2020, 12:18:57 PM
best(best) used a shield 8-29-2020, 12:18:57 PM
best(best) used a shield 8-29-2020, 12:18:57 PM
best(best) used a shield 8-29-2020, 12:18:57 PM
best(best) used a shield 8-29-2020, 12:18:57 PM
best(best) used a shield 8-29-2020, 12:18:57 PM
best(best) used a shield 8-29-2020, 12:18:58 PM
best(best) used a shield 8-29-2020, 12:18:58 PM
best(best) used a shield 8-29-2020, 12:18:58 PM
best(best) used a shield 8-29-2020, 12:18:58 PM
best(best) used a shield 8-29-2020, 12:18:58 PM
best(best) used a shield 8-29-2020, 12:18:59 PM
best(best) used a shield 8-29-2020, 12:18:59 PM
best(best) used a shield 8-29-2020, 12:18:59 PM
best(best) used a shield 8-29-2020, 12:18:59 PM
best(best) used a shield 8-29-2020, 12:18:59 PM
best(best) used a shield 8-29-2020, 12:19:00 PM
best(best) used a shield 8-29-2020, 12:19:00 PM
best(best) used a tk_ultra_health_potion 8-29-2020, 12:19:13 PM
best(best) used a tk_ultra_health_potion 8-29-2020, 12:19:13 PM
best(best) used a hand_grenade 8-29-2020, 12:20:13 PM
best(best) used a hand_grenade 8-29-2020, 12:20:13 PM
best(best) used a hand_grenade 8-29-2020, 12:20:13 PM
best(best) used a hand_grenade 8-29-2020, 12:20:13 PM
best(best) used a hand_grenade 8-29-2020, 12:20:14 PM
best(best) used a hand_grenade 8-29-2020, 12:20:14 PM
best(best) used a hand_grenade 8-29-2020, 12:20:14 PM
best(best) used a hand_grenade 8-29-2020, 12:20:14 PM
best(best) used a hand_grenade 8-29-2020, 12:20:14 PM
best(best) used a hand_grenade 8-29-2020, 12:20:15 PM
best(best) used a hand_grenade 8-29-2020, 12:20:15 PM
best(best) used a hand_grenade 8-29-2020, 12:20:15 PM
best(best) used a hand_grenade 8-29-2020, 12:20:15 PM
best(best) used a hand_grenade 8-29-2020, 12:20:15 PM
best(best) used a hand_grenade 8-29-2020, 12:20:16 PM
best(best) used a hand_grenade 8-29-2020, 12:20:16 PM
best(best) used a hand_grenade 8-29-2020, 12:20:35 PM
best(best) used a hand_grenade 8-29-2020, 12:20:35 PM
best(best) used a hand_grenade 8-29-2020, 12:20:35 PM
best(best) used a hand_grenade 8-29-2020, 12:20:35 PM
best(best) used a hand_grenade 8-29-2020, 12:20:35 PM
best(best) used a hand_grenade 8-29-2020, 12:20:36 PM
best(best) used a hand_grenade 8-29-2020, 12:20:36 PM
best(best) used a hand_grenade 8-29-2020, 12:20:36 PM
best(best) used a hand_grenade 8-29-2020, 12:20:37 PM
best(best) used a hand_grenade 8-29-2020, 12:20:37 PM
best(best) used a hand_grenade 8-29-2020, 12:21:06 PM
best(best) used a hand_grenade 8-29-2020, 12:21:06 PM
best(best) used a hand_grenade 8-29-2020, 12:21:06 PM
best(best) used a hand_grenade 8-29-2020, 12:21:06 PM
best(best) used a hand_grenade 8-29-2020, 12:21:06 PM
best(best) used a hand_grenade 8-29-2020, 12:21:07 PM
best(best) used a hand_grenade 8-29-2020, 12:21:07 PM
best(best) used a hand_grenade 8-29-2020, 12:21:11 PM
best(best) used a hand_grenade 8-29-2020, 12:21:11 PM
best(best) used a hand_grenade 8-29-2020, 12:21:11 PM
best(best) used a hand_grenade 8-29-2020, 12:21:11 PM
best(best) used a hand_grenade 8-29-2020, 12:21:12 PM
best(best) used a hand_grenade 8-29-2020, 12:21:12 PM
best(best) used a hand_grenade 8-29-2020, 12:21:12 PM
best(best) used a hand_grenade 8-29-2020, 12:21:14 PM
best(best) used a hand_grenade 8-29-2020, 12:21:14 PM
best(best) used a hand_grenade 8-29-2020, 12:21:14 PM
best(best) used a hand_grenade 8-29-2020, 12:21:14 PM
best(best) used a hand_grenade 8-29-2020, 12:21:14 PM
best(best) used a hand_grenade 8-29-2020, 12:21:15 PM
best(best) used a hand_grenade 8-29-2020, 12:21:15 PM
best(best) used a hand_grenade 8-29-2020, 12:21:16 PM
best(best) used a hand_grenade 8-29-2020, 12:21:16 PM
best(best) used a hand_grenade 8-29-2020, 12:21:16 PM
best(best) used a hand_grenade 8-29-2020, 12:21:16 PM
best(best) used a hand_grenade 8-29-2020, 12:21:16 PM
best(best) used a hand_grenade 8-29-2020, 12:21:17 PM
best(best) used a hand_grenade 8-29-2020, 12:21:17 PM
best(best) used a hand_grenade 8-29-2020, 12:21:17 PM
best(best) used a hand_grenade 8-29-2020, 12:21:17 PM
best(best) used a hand_grenade 8-29-2020, 12:21:17 PM
best(best) used a hand_grenade 8-29-2020, 12:21:17 PM
best(best) used a hand_grenade 8-29-2020, 12:21:18 PM
best(best) used a hand_grenade 8-29-2020, 12:21:18 PM
best(best) used a hand_grenade 8-29-2020, 12:21:18 PM
best(best) used a hand_grenade 8-29-2020, 12:21:18 PM
best(best) used a hand_grenade 8-29-2020, 12:21:18 PM
best(best) used a hand_grenade 8-29-2020, 12:21:18 PM
best(best) used a hand_grenade 8-29-2020, 12:21:19 PM
best(best) used a hand_grenade 8-29-2020, 12:21:19 PM
best(best) used a hand_grenade 8-29-2020, 12:21:19 PM
best(best) used a hand_grenade 8-29-2020, 12:21:19 PM
best(best) used a hand_grenade 8-29-2020, 12:21:19 PM
best(best) used a hand_grenade 8-29-2020, 12:21:19 PM
best(best) used a hand_grenade 8-29-2020, 12:21:20 PM
best(best) used a hand_grenade 8-29-2020, 12:21:20 PM
best(best) used a hand_grenade 8-29-2020, 12:21:20 PM
best(best) used a hand_grenade 8-29-2020, 12:21:20 PM
best(best) used a hand_grenade 8-29-2020, 12:21:20 PM
best(best) used a hand_grenade 8-29-2020, 12:21:21 PM
best(best) used a hand_grenade 8-29-2020, 12:21:21 PM
best(best) used a hand_grenade 8-29-2020, 12:21:21 PM
best(best) used a hand_grenade 8-29-2020, 12:21:21 PM
best(best) used a hand_grenade 8-29-2020, 12:21:21 PM
best(best) used a hand_grenade 8-29-2020, 12:21:21 PM
best(best) used a hand_grenade 8-29-2020, 12:21:22 PM
best(best) used a hand_grenade 8-29-2020, 12:21:22 PM
best(best) used a hand_grenade 8-29-2020, 12:21:22 PM
best(best) used a hand_grenade 8-29-2020, 12:21:22 PM
best(best) used a hand_grenade 8-29-2020, 12:21:23 PM
best(best) used a hand_grenade 8-29-2020, 12:21:23 PM
best(best) used a hand_grenade 8-29-2020, 12:21:23 PM
best(best) used a hand_grenade 8-29-2020, 12:21:23 PM
best(best) used a hand_grenade 8-29-2020, 12:21:23 PM
best(best) used a hand_grenade 8-29-2020, 12:21:24 PM
best(best) used a hand_grenade 8-29-2020, 12:21:24 PM
best(best) used a hand_grenade 8-29-2020, 12:21:24 PM
best(best) used a hand_grenade 8-29-2020, 12:21:24 PM
best(best) used a hand_grenade 8-29-2020, 12:21:24 PM
best(best) used a hand_grenade 8-29-2020, 12:21:24 PM
best(best) used a hand_grenade 8-29-2020, 12:21:25 PM
best(best) used a hand_grenade 8-29-2020, 12:21:25 PM
best(best) used a hand_grenade 8-29-2020, 12:21:25 PM
best(best) used a hand_grenade 8-29-2020, 12:21:25 PM
best(best) used a hand_grenade 8-29-2020, 12:21:25 PM
best(best) used a hand_grenade 8-29-2020, 12:21:26 PM
best(best) used a hand_grenade 8-29-2020, 12:21:26 PM
best(best) used a hand_grenade 8-29-2020, 12:21:26 PM
best(best) used a hand_grenade 8-29-2020, 12:21:26 PM
best(best) used a hand_grenade 8-29-2020, 12:21:26 PM
best(best) used a hand_grenade 8-29-2020, 12:21:27 PM
best(best) used a hand_grenade 8-29-2020, 12:21:27 PM
best(best) used a hand_grenade 8-29-2020, 12:21:27 PM
best(best) used a hand_grenade 8-29-2020, 12:21:27 PM
best(best) used a hand_grenade 8-29-2020, 12:21:27 PM
best(best) used a hand_grenade 8-29-2020, 12:21:28 PM
best(best) used a hand_grenade 8-29-2020, 12:21:28 PM
best(best) used a hand_grenade 8-29-2020, 12:21:28 PM
best(best) used a hand_grenade 8-29-2020, 12:21:28 PM
best(best) used a hand_grenade 8-29-2020, 12:21:28 PM
best(best) used a hand_grenade 8-29-2020, 12:21:29 PM
best(best) used a hand_grenade 8-29-2020, 12:21:29 PM
best(best) used a hand_grenade 8-29-2020, 12:21:29 PM
best(best) used a hand_grenade 8-29-2020, 12:21:29 PM
best(best) used a hand_grenade 8-29-2020, 12:21:29 PM
best(best) used a hand_grenade 8-29-2020, 12:21:29 PM
best(best) used a hand_grenade 8-29-2020, 12:21:30 PM
best(best) used a hand_grenade 8-29-2020, 12:21:30 PM
best(best) used a hand_grenade 8-29-2020, 12:21:30 PM
best(best) used a hand_grenade 8-29-2020, 12:21:31 PM
best(best) used a hand_grenade 8-29-2020, 12:21:31 PM
best(best) used a hand_grenade 8-29-2020, 12:21:31 PM
best(best) used a hand_grenade 8-29-2020, 12:21:31 PM
best(best) used a hand_grenade 8-29-2020, 12:21:31 PM
best(best) used a hand_grenade 8-29-2020, 12:21:32 PM
best(best) used a hand_grenade 8-29-2020, 12:21:32 PM
best(best) used a hand_grenade 8-29-2020, 12:21:32 PM
best(best) used a hand_grenade 8-29-2020, 12:21:32 PM
best(best) used a hand_grenade 8-29-2020, 12:21:32 PM
best(best) used a hand_grenade 8-29-2020, 12:21:32 PM
best(best) used a hand_grenade 8-29-2020, 12:21:33 PM
best(best) used a hand_grenade 8-29-2020, 12:21:33 PM
best(best) used a hand_grenade 8-29-2020, 12:21:33 PM
best(best) used a hand_grenade 8-29-2020, 12:21:33 PM
best(best) used a hand_grenade 8-29-2020, 12:21:33 PM
best(best) used a hand_grenade 8-29-2020, 12:21:34 PM
best(best) used a hand_grenade 8-29-2020, 12:21:34 PM
best(best) used a hand_grenade 8-29-2020, 12:21:34 PM
best(best) used a hand_grenade 8-29-2020, 12:21:34 PM
best(best) used a hand_grenade 8-29-2020, 12:21:34 PM
best(best) used a hand_grenade 8-29-2020, 12:21:34 PM
best(best) used a hand_grenade 8-29-2020, 12:21:35 PM
best(best) used a hand_grenade 8-29-2020, 12:21:35 PM
best(best) used a hand_grenade 8-29-2020, 12:21:35 PM
best(best) used a hand_grenade 8-29-2020, 12:21:35 PM
best(best) used a hand_grenade 8-29-2020, 12:21:35 PM
best(best) used a hand_grenade 8-29-2020, 12:21:35 PM
best(best) used a hand_grenade 8-29-2020, 12:21:36 PM
best(best) used a hand_grenade 8-29-2020, 12:21:36 PM
best(best) used a hand_grenade 8-29-2020, 12:21:36 PM
best(best) used a hand_grenade 8-29-2020, 12:21:36 PM
best(best) used a hand_grenade 8-29-2020, 12:21:36 PM
best(best) used a hand_grenade 8-29-2020, 12:21:36 PM
best(best) used a hand_grenade 8-29-2020, 12:21:37 PM
best(best) used a hand_grenade 8-29-2020, 12:21:37 PM
best(best) used a hand_grenade 8-29-2020, 12:21:37 PM
best(best) used a hand_grenade 8-29-2020, 12:21:37 PM
best(best) used a hand_grenade 8-29-2020, 12:21:42 PM
best(best) used a hand_grenade 8-29-2020, 12:21:42 PM
best(best) used a hand_grenade 8-29-2020, 12:21:43 PM
best(best) used a hand_grenade 8-29-2020, 12:21:43 PM
best(best) used a hand_grenade 8-29-2020, 12:21:43 PM
best(best) used a hand_grenade 8-29-2020, 12:21:43 PM
best(best) used a hand_grenade 8-29-2020, 12:21:43 PM
best(best) used a hand_grenade 8-29-2020, 12:21:43 PM
best(best) used a hand_grenade 8-29-2020, 12:21:44 PM
best(best) used a hand_grenade 8-29-2020, 12:21:44 PM
best(best) used a hand_grenade 8-29-2020, 12:21:44 PM
best(best) used a hand_grenade 8-29-2020, 12:21:44 PM
best(best) used a hand_grenade 8-29-2020, 12:21:44 PM
best(best) used a hand_grenade 8-29-2020, 12:21:44 PM
best(best) used a hand_grenade 8-29-2020, 12:21:45 PM
best(best) used a hand_grenade 8-29-2020, 12:21:45 PM
best(best) used a hand_grenade 8-29-2020, 12:21:45 PM
best(best) used a hand_grenade 8-29-2020, 12:21:45 PM
best(best) used a hand_grenade 8-29-2020, 12:21:45 PM
best(best) used a hand_grenade 8-29-2020, 12:21:45 PM
best(best) used a hand_grenade 8-29-2020, 12:21:46 PM
best(best) used a hand_grenade 8-29-2020, 12:21:46 PM
best(best) used a hand_grenade 8-29-2020, 12:21:46 PM
best(best) used a hand_grenade 8-29-2020, 12:21:46 PM
best(best) used a hand_grenade 8-29-2020, 12:21:46 PM
best(best) used a hand_grenade 8-29-2020, 12:21:47 PM
best(best) used a hand_grenade 8-29-2020, 12:21:47 PM
best(best) used a hand_grenade 8-29-2020, 12:21:47 PM
best(best) used a hand_grenade 8-29-2020, 12:21:47 PM
best(best) used a hand_grenade 8-29-2020, 12:21:47 PM
best(best) used a hand_grenade 8-29-2020, 12:21:47 PM
best(best) used a hand_grenade 8-29-2020, 12:21:48 PM
best(best) used a hand_grenade 8-29-2020, 12:21:48 PM
best(best) used a hand_grenade 8-29-2020, 12:21:50 PM
best(best) used a hand_grenade 8-29-2020, 12:21:50 PM
best(best) used a hand_grenade 8-29-2020, 12:21:50 PM
best(best) used a hand_grenade 8-29-2020, 12:21:50 PM
best(best) used a hand_grenade 8-29-2020, 12:21:51 PM
best(best) used a hand_grenade 8-29-2020, 12:21:51 PM
best(best) used a hand_grenade 8-29-2020, 12:21:51 PM
best(best) used a hand_grenade 8-29-2020, 12:21:53 PM
best(best) used a hand_grenade 8-29-2020, 12:21:53 PM
best(best) used a hand_grenade 8-29-2020, 12:21:53 PM
best(best) used a hand_grenade 8-29-2020, 12:21:53 PM
best(best) used a hand_grenade 8-29-2020, 12:21:54 PM
best(best) used a hand_grenade 8-29-2020, 12:21:54 PM
best(best) used a hand_grenade 8-29-2020, 12:21:54 PM
best(best) used a hand_grenade 8-29-2020, 12:21:54 PM
best(best) used a hand_grenade 8-29-2020, 12:21:55 PM
best(best) used a hand_grenade 8-29-2020, 12:21:55 PM
best(best) used a hand_grenade 8-29-2020, 12:21:55 PM
best(best) used a hand_grenade 8-29-2020, 12:21:55 PM
best(best) used a hand_grenade 8-29-2020, 12:21:55 PM
best(best) used a hand_grenade 8-29-2020, 12:21:55 PM
best(best) used a hand_grenade 8-29-2020, 12:21:56 PM
best(best) used a hand_grenade 8-29-2020, 12:21:56 PM
best(best) used a hand_grenade 8-29-2020, 12:21:56 PM
best(best) used a hand_grenade 8-29-2020, 12:21:56 PM
best(best) used a hand_grenade 8-29-2020, 12:21:56 PM
best(best) used a hand_grenade 8-29-2020, 12:21:57 PM
best(best) used a hand_grenade 8-29-2020, 12:21:57 PM
best(best) used a hand_grenade 8-29-2020, 12:21:57 PM
best(best) used a hand_grenade 8-29-2020, 12:21:57 PM
best(best) used a hand_grenade 8-29-2020, 12:21:57 PM
best(best) used a hand_grenade 8-29-2020, 12:22:00 PM
best(best) used a hand_grenade 8-29-2020, 12:22:00 PM
best(best) used a hand_grenade 8-29-2020, 12:22:00 PM
best(best) used a hand_grenade 8-29-2020, 12:22:00 PM
best(best) used a hand_grenade 8-29-2020, 12:22:12 PM
best(best) used a hand_grenade 8-29-2020, 12:22:12 PM
best(best) used a hand_grenade 8-29-2020, 12:22:12 PM
best(best) used a hand_grenade 8-29-2020, 12:22:13 PM
best(best) used a hand_grenade 8-29-2020, 12:22:13 PM
best(best) used a hand_grenade 8-29-2020, 12:22:13 PM
best(best) used a hand_grenade 8-29-2020, 12:22:16 PM
best(best) used a hand_grenade 8-29-2020, 12:22:16 PM
best(best) used a hand_grenade 8-29-2020, 12:22:17 PM
best(best) used a hand_grenade 8-29-2020, 12:22:17 PM
best(best) used a hand_grenade 8-29-2020, 12:22:18 PM
best(best) used a hand_grenade 8-29-2020, 12:22:18 PM
best(best) used a hand_grenade 8-29-2020, 12:22:18 PM
best(best) used a hand_grenade 8-29-2020, 12:22:18 PM
best(best) used a hand_grenade 8-29-2020, 12:22:18 PM
best(best) used a hand_grenade 8-29-2020, 12:22:19 PM
best(best) used a hand_grenade 8-29-2020, 12:22:19 PM
best(best) used a hand_grenade 8-29-2020, 12:22:19 PM
best(best) used a hand_grenade 8-29-2020, 12:22:19 PM
best(best) used a hand_grenade 8-29-2020, 12:22:19 PM
best(best) used a hand_grenade 8-29-2020, 12:22:20 PM
best(best) used a hand_grenade 8-29-2020, 12:22:20 PM
best(best) used a hand_grenade 8-29-2020, 12:22:20 PM
best(best) used a hand_grenade 8-29-2020, 12:22:20 PM
best(best) used a hand_grenade 8-29-2020, 12:22:20 PM
best(best) used a hand_grenade 8-29-2020, 12:22:21 PM
best(best) used a hand_grenade 8-29-2020, 12:22:21 PM
best(best) used a hand_grenade 8-29-2020, 12:22:21 PM
best(best) used a hand_grenade 8-29-2020, 12:22:21 PM
best(best) used a hand_grenade 8-29-2020, 12:22:21 PM
best(best) used a hand_grenade 8-29-2020, 12:22:22 PM
best(best) used a hand_grenade 8-29-2020, 12:22:22 PM
best(best) used a hand_grenade 8-29-2020, 12:22:22 PM
best(best) used a hand_grenade 8-29-2020, 12:22:22 PM
best(best) used a hand_grenade 8-29-2020, 12:22:22 PM
best(best) used a hand_grenade 8-29-2020, 12:22:22 PM
best(best) used a hand_grenade 8-29-2020, 12:22:23 PM
best(best) used a hand_grenade 8-29-2020, 12:22:23 PM
best(best) used a hand_grenade 8-29-2020, 12:22:23 PM
best(best) used a hand_grenade 8-29-2020, 12:22:23 PM
best(best) used a hand_grenade 8-29-2020, 12:22:23 PM
best(best) used a hand_grenade 8-29-2020, 12:22:23 PM
best(best) used a hand_grenade 8-29-2020, 12:22:24 PM
best(best) used a hand_grenade 8-29-2020, 12:22:24 PM
best(best) used a hand_grenade 8-29-2020, 12:22:24 PM
best(best) used a hand_grenade 8-29-2020, 12:22:24 PM
best(best) used a hand_grenade 8-29-2020, 12:22:24 PM
best(best) used a hand_grenade 8-29-2020, 12:22:24 PM
best(best) used a hand_grenade 8-29-2020, 12:22:25 PM
best(best) used a hand_grenade 8-29-2020, 12:22:30 PM
best(best) used a hand_grenade 8-29-2020, 12:22:30 PM
best(best) used a hand_grenade 8-29-2020, 12:22:30 PM
best(best) used a hand_grenade 8-29-2020, 12:22:30 PM
best(best) used a hand_grenade 8-29-2020, 12:22:31 PM
best(best) used a hand_grenade 8-29-2020, 12:22:31 PM
best(best) used a hand_grenade 8-29-2020, 12:22:32 PM
best(best) used a hand_grenade 8-29-2020, 12:22:32 PM
best(best) used a hand_grenade 8-29-2020, 12:22:32 PM
best(best) used a hand_grenade 8-29-2020, 12:22:32 PM
best(best) used a hand_grenade 8-29-2020, 12:22:33 PM
best(best) used a hand_grenade 8-29-2020, 12:22:34 PM
best(best) used a hand_grenade 8-29-2020, 12:22:34 PM
best(best) used a hand_grenade 8-29-2020, 12:22:34 PM
best(best) used a hand_grenade 8-29-2020, 12:22:34 PM
best(best) used a hand_grenade 8-29-2020, 12:22:34 PM
best(best) used a hand_grenade 8-29-2020, 12:22:34 PM
best(best) used a hand_grenade 8-29-2020, 12:22:34 PM
best(best) used a hand_grenade 8-29-2020, 12:22:35 PM
best(best) used a hand_grenade 8-29-2020, 12:22:35 PM
best(best) used a hand_grenade 8-29-2020, 12:22:35 PM
best(best) used a hand_grenade 8-29-2020, 12:22:35 PM
best(best) used a hand_grenade 8-29-2020, 12:22:35 PM
best(best) used a hand_grenade 8-29-2020, 12:22:36 PM
best(best) used a hand_grenade 8-29-2020, 12:22:36 PM
best(best) used a hand_grenade 8-29-2020, 12:22:36 PM
best(best) used a hand_grenade 8-29-2020, 12:22:36 PM
best(best) used a hand_grenade 8-29-2020, 12:22:36 PM
best(best) used a hand_grenade 8-29-2020, 12:22:36 PM
best(best) used a hand_grenade 8-29-2020, 12:22:37 PM
best(best) used a hand_grenade 8-29-2020, 12:22:37 PM
best(best) used a hand_grenade 8-29-2020, 12:22:37 PM
best(best) used a hand_grenade 8-29-2020, 12:22:37 PM
best(best) used a hand_grenade 8-29-2020, 12:22:37 PM
best(best) used a hand_grenade 8-29-2020, 12:22:38 PM
best(best) used a hand_grenade 8-29-2020, 12:22:38 PM
best(best) used a hand_grenade 8-29-2020, 12:22:38 PM
best(best) used a hand_grenade 8-29-2020, 12:22:38 PM
best(best) used a hand_grenade 8-29-2020, 12:22:38 PM
best(best) used a hand_grenade 8-29-2020, 12:22:39 PM
best(best) used a hand_grenade 8-29-2020, 12:22:39 PM
best(best) used a hand_grenade 8-29-2020, 12:22:39 PM
best(best) used a hand_grenade 8-29-2020, 12:22:39 PM
best(best) used a hand_grenade 8-29-2020, 12:22:39 PM
best(best) used a hand_grenade 8-29-2020, 12:22:39 PM
best(best) used a hand_grenade 8-29-2020, 12:22:40 PM
best(best) used a hand_grenade 8-29-2020, 12:22:40 PM
best(best) used a hand_grenade 8-29-2020, 12:22:40 PM
best(best) used a hand_grenade 8-29-2020, 12:22:40 PM
best(best) used a hand_grenade 8-29-2020, 12:22:40 PM
best(best) used a hand_grenade 8-29-2020, 12:22:41 PM
best(best) used a hand_grenade 8-29-2020, 12:22:41 PM
best(best) used a hand_grenade 8-29-2020, 12:22:41 PM
best(best) used a hand_grenade 8-29-2020, 12:22:41 PM
best(best) used a hand_grenade 8-29-2020, 12:22:41 PM
best(best) used a hand_grenade 8-29-2020, 12:22:41 PM
best(best) used a hand_grenade 8-29-2020, 12:22:42 PM
best(best) used a hand_grenade 8-29-2020, 12:22:42 PM
best(best) used a hand_grenade 8-29-2020, 12:22:42 PM
best(best) used a hand_grenade 8-29-2020, 12:22:42 PM
best(best) used a hand_grenade 8-29-2020, 12:22:42 PM
best(best) used a hand_grenade 8-29-2020, 12:22:42 PM
best(best) used a hand_grenade 8-29-2020, 12:22:43 PM
best(best) used a hand_grenade 8-29-2020, 12:22:43 PM
best(best) used a hand_grenade 8-29-2020, 12:22:43 PM
best(best) used a hand_grenade 8-29-2020, 12:22:43 PM
best(best) used a hand_grenade 8-29-2020, 12:22:43 PM
best(best) used a hand_grenade 8-29-2020, 12:22:44 PM
best(best) used a hand_grenade 8-29-2020, 12:22:44 PM
best(best) used a hand_grenade 8-29-2020, 12:22:44 PM
best(best) used a hand_grenade 8-29-2020, 12:22:44 PM
best(best) used a hand_grenade 8-29-2020, 12:22:44 PM
best(best) used a hand_grenade 8-29-2020, 12:22:44 PM
best(best) used a hand_grenade 8-29-2020, 12:22:45 PM
best(best) used a hand_grenade 8-29-2020, 12:22:45 PM
best(best) used a hand_grenade 8-29-2020, 12:22:45 PM
best(best) used a hand_grenade 8-29-2020, 12:22:45 PM
best(best) used a hand_grenade 8-29-2020, 12:22:45 PM
best(best) used a hand_grenade 8-29-2020, 12:22:45 PM
best(best) used a hand_grenade 8-29-2020, 12:22:46 PM
best(best) used a hand_grenade 8-29-2020, 12:22:46 PM
best(best) used a hand_grenade 8-29-2020, 12:22:46 PM
best(best) used a hand_grenade 8-29-2020, 12:22:46 PM
best(best) used a hand_grenade 8-29-2020, 12:22:46 PM
best(best) used a hand_grenade 8-29-2020, 12:22:46 PM
best(best) used a hand_grenade 8-29-2020, 12:22:47 PM
best(best) used a hand_grenade 8-29-2020, 12:22:47 PM
best(best) used a hand_grenade 8-29-2020, 12:22:47 PM
best(best) used a hand_grenade 8-29-2020, 12:22:47 PM
best(best) used a hand_grenade 8-29-2020, 12:22:47 PM
best(best) used a hand_grenade 8-29-2020, 12:22:48 PM
best(best) used a hand_grenade 8-29-2020, 12:22:48 PM
best(best) used a hand_grenade 8-29-2020, 12:22:48 PM
best(best) used a hand_grenade 8-29-2020, 12:22:48 PM
best(best) used a hand_grenade 8-29-2020, 12:22:54 PM
best(best) used a hand_grenade 8-29-2020, 12:22:55 PM
best(best) used a hand_grenade 8-29-2020, 12:22:55 PM
best(best) used a hand_grenade 8-29-2020, 12:22:55 PM
best(best) used a hand_grenade 8-29-2020, 12:22:55 PM
best(best) used a hand_grenade 8-29-2020, 12:22:55 PM
best(best) used a hand_grenade 8-29-2020, 12:22:56 PM
best(best) used a hand_grenade 8-29-2020, 12:22:56 PM
best(best) used a hand_grenade 8-29-2020, 12:22:56 PM
best(best) used a hand_grenade 8-29-2020, 12:22:56 PM
best(best) used a hand_grenade 8-29-2020, 12:22:56 PM
best(best) used a hand_grenade 8-29-2020, 12:22:56 PM
best(best) used a hand_grenade 8-29-2020, 12:22:57 PM
best(best) used a hand_grenade 8-29-2020, 12:22:57 PM
best(best) used a hand_grenade 8-29-2020, 12:22:57 PM
best(best) used a hand_grenade 8-29-2020, 12:23:24 PM
best(best) used a hand_grenade 8-29-2020, 12:23:24 PM
best(best) used a hand_grenade 8-29-2020, 12:23:24 PM
best(best) used a hand_grenade 8-29-2020, 12:23:25 PM
best(best) used a hand_grenade 8-29-2020, 12:23:28 PM
best(best) used a hand_grenade 8-29-2020, 12:23:29 PM
best(best) used a hand_grenade 8-29-2020, 12:23:29 PM
best(best) used a hand_grenade 8-29-2020, 12:23:29 PM
best(best) used a hand_grenade 8-29-2020, 12:23:32 PM
best(best) used a hand_grenade 8-29-2020, 12:23:33 PM
best(best) used a hand_grenade 8-29-2020, 12:23:33 PM
best(best) used a hand_grenade 8-29-2020, 12:23:33 PM
best(best) used a hand_grenade 8-29-2020, 12:23:33 PM
best(best) used a hand_grenade 8-29-2020, 12:23:33 PM
best(best) used a hand_grenade 8-29-2020, 12:23:34 PM
best(best) used a hand_grenade 8-29-2020, 12:23:34 PM
best(best) used a hand_grenade 8-29-2020, 12:23:34 PM
best(best) used a hand_grenade 8-29-2020, 12:23:34 PM
best(best) used a hand_grenade 8-29-2020, 12:23:34 PM
best(best) used a hand_grenade 8-29-2020, 12:23:34 PM
best(best) used a hand_grenade 8-29-2020, 12:23:35 PM
best(best) used a hand_grenade 8-29-2020, 12:23:45 PM
best(best) used a hand_grenade 8-29-2020, 12:23:45 PM
best(best) used a hand_grenade 8-29-2020, 12:23:45 PM
best(best) used a hand_grenade 8-29-2020, 12:23:45 PM
best(best) used a hand_grenade 8-29-2020, 12:23:46 PM
best(best) used a hand_grenade 8-29-2020, 12:23:46 PM
best(best) used a hand_grenade 8-29-2020, 12:23:46 PM
best(best) used a hand_grenade 8-29-2020, 12:23:46 PM
best(best) used a hand_grenade 8-29-2020, 12:23:46 PM
best(best) used a hand_grenade 8-29-2020, 12:23:46 PM
best(best) used a hand_grenade 8-29-2020, 12:23:47 PM
best(best) used a hand_grenade 8-29-2020, 12:23:47 PM
best(best) used a hand_grenade 8-29-2020, 12:23:47 PM
best(best) used a hand_grenade 8-29-2020, 12:23:47 PM
best(best) used a hand_grenade 8-29-2020, 12:23:59 PM
best(best) used a hand_grenade 8-29-2020, 12:24:00 PM
best(best) used a hand_grenade 8-29-2020, 12:24:00 PM
best(best) used a hand_grenade 8-29-2020, 12:24:00 PM
best(best) used a hand_grenade 8-29-2020, 12:24:00 PM
best(best) used a hand_grenade 8-29-2020, 12:24:00 PM
best(best) used a hand_grenade 8-29-2020, 12:24:01 PM
best(best) used a hand_grenade 8-29-2020, 12:24:01 PM
best(best) used a hand_grenade 8-29-2020, 12:24:01 PM
best(best) used a hand_grenade 8-29-2020, 12:24:01 PM
best(best) used a hand_grenade 8-29-2020, 12:24:01 PM
best(best) used a hand_grenade 8-29-2020, 12:24:02 PM
best(best) used a hand_grenade 8-29-2020, 12:24:02 PM
best(best) used a hand_grenade 8-29-2020, 12:24:02 PM
best(best) used a hand_grenade 8-29-2020, 12:24:02 PM
best(best) used a hand_grenade 8-29-2020, 12:24:02 PM
best(best) used a hand_grenade 8-29-2020, 12:24:02 PM
best(best) used a hand_grenade 8-29-2020, 12:24:03 PM
best(best) used a hand_grenade 8-29-2020, 12:24:03 PM
best(best) used a hand_grenade 8-29-2020, 12:24:03 PM
best(best) used a hand_grenade 8-29-2020, 12:24:03 PM
best(best) used a hand_grenade 8-29-2020, 12:24:03 PM
best(best) used a hand_grenade 8-29-2020, 12:24:04 PM
best(best) used a hand_grenade 8-29-2020, 12:24:04 PM
best(best) used a hand_grenade 8-29-2020, 12:24:04 PM
best(best) used a hand_grenade 8-29-2020, 12:24:04 PM
best(best) used a hand_grenade 8-29-2020, 12:24:04 PM
best(best) used a hand_grenade 8-29-2020, 12:24:04 PM
best(best) used a hand_grenade 8-29-2020, 12:24:05 PM
best(best) used a hand_grenade 8-29-2020, 12:24:05 PM
best(best) used a hand_grenade 8-29-2020, 12:24:05 PM
best(best) used a hand_grenade 8-29-2020, 12:24:05 PM
best(best) used a hand_grenade 8-29-2020, 12:24:05 PM
best(best) used a hand_grenade 8-29-2020, 12:24:06 PM
best(best) used a hand_grenade 8-29-2020, 12:24:06 PM
best(best) used a hand_grenade 8-29-2020, 12:24:06 PM
best(best) used a hand_grenade 8-29-2020, 12:24:06 PM
best(best) used a hand_grenade 8-29-2020, 12:24:07 PM
best(best) used a hand_grenade 8-29-2020, 12:24:07 PM
best(best) used a hand_grenade 8-29-2020, 12:24:07 PM
best(best) used a hand_grenade 8-29-2020, 12:24:08 PM
best(best) used a hand_grenade 8-29-2020, 12:24:08 PM
best(best) used a hand_grenade 8-29-2020, 12:24:08 PM
best(best) used a hand_grenade 8-29-2020, 12:24:09 PM
best(best) used a hand_grenade 8-29-2020, 12:24:12 PM
best(best) used a hand_grenade 8-29-2020, 12:24:12 PM
best(best) used a hand_grenade 8-29-2020, 12:24:12 PM
best(best) used a hand_grenade 8-29-2020, 12:24:13 PM
best(best) used a hand_grenade 8-29-2020, 12:24:13 PM
best(best) used a hand_grenade 8-29-2020, 12:24:34 PM
best(best) used a hand_grenade 8-29-2020, 12:24:34 PM
best(best) used a hand_grenade 8-29-2020, 12:24:34 PM
best(best) used a hand_grenade 8-29-2020, 12:24:50 PM
best(best) used a hand_grenade 8-29-2020, 12:24:51 PM
best(best) used a hand_grenade 8-29-2020, 12:24:51 PM
best(best) used a hand_grenade 8-29-2020, 12:24:51 PM
best(best) used a hand_grenade 8-29-2020, 12:24:51 PM
best(best) used a hand_grenade 8-29-2020, 12:24:51 PM
best(best) used a hand_grenade 8-29-2020, 12:24:51 PM
best(best) used a hand_grenade 8-29-2020, 12:24:52 PM
best(best) used a hand_grenade 8-29-2020, 12:24:57 PM
best(best) used a hand_grenade 8-29-2020, 12:24:57 PM
best(best) used a hand_grenade 8-29-2020, 12:24:58 PM
best(best) used a hand_grenade 8-29-2020, 12:24:58 PM
best(best) used a hand_grenade 8-29-2020, 12:24:58 PM
best(best) used a hand_grenade 8-29-2020, 12:24:58 PM
best(best) used a hand_grenade 8-29-2020, 12:24:58 PM
best(best) used a hand_grenade 8-29-2020, 12:24:59 PM
best(best) used a hand_grenade 8-29-2020, 12:24:59 PM
best(best) used a hand_grenade 8-29-2020, 12:24:59 PM
best(best) used a hand_grenade 8-29-2020, 12:24:59 PM
best(best) used a hand_grenade 8-29-2020, 12:25:00 PM
best(best) used a hand_grenade 8-29-2020, 12:25:00 PM
best(best) used a hand_grenade 8-29-2020, 12:25:01 PM
best(best) used a hand_grenade 8-29-2020, 12:25:01 PM
best(best) used a hand_grenade 8-29-2020, 12:25:01 PM
best(best) used a hand_grenade 8-29-2020, 12:25:01 PM
best(best) used a hand_grenade 8-29-2020, 12:25:02 PM
best(best) used a hand_grenade 8-29-2020, 12:25:10 PM
best(best) used a hand_grenade 8-29-2020, 12:25:10 PM
best(best) used a hand_grenade 8-29-2020, 12:25:10 PM
best(best) used a hand_grenade 8-29-2020, 12:25:10 PM
best(best) used a hand_grenade 8-29-2020, 12:25:10 PM
best(best) used a hand_grenade 8-29-2020, 12:25:10 PM
best(best) used a hand_grenade 8-29-2020, 12:25:11 PM
best(best) used a hand_grenade 8-29-2020, 12:25:11 PM
best(best) used a hand_grenade 8-29-2020, 12:25:11 PM
best(best) used a hand_grenade 8-29-2020, 12:25:11 PM
best(best) used a hand_grenade 8-29-2020, 12:25:12 PM
best(best) used a hand_grenade 8-29-2020, 12:25:12 PM
best(best) used a hand_grenade 8-29-2020, 12:25:12 PM
best(best) used a hand_grenade 8-29-2020, 12:25:12 PM
best(best) used a hand_grenade 8-29-2020, 12:25:12 PM
best(best) used a hand_grenade 8-29-2020, 12:25:12 PM
best(best) used a hand_grenade 8-29-2020, 12:25:13 PM
best(best) used a shield 8-29-2020, 12:25:29 PM
best(best) used a shield 8-29-2020, 12:25:29 PM
best(best) used a shield 8-29-2020, 12:25:29 PM
best(best) used a shield 8-29-2020, 12:25:30 PM
best(best) used a shield 8-29-2020, 12:25:30 PM
best(best) used a shield 8-29-2020, 12:25:30 PM
best(best) used a shield 8-29-2020, 12:25:30 PM
best(best) used a shield 8-29-2020, 12:25:30 PM
best(best) used a shield 8-29-2020, 12:25:30 PM
best(best) used a shield 8-29-2020, 12:25:30 PM
best(best) used a shield 8-29-2020, 12:25:31 PM
best(best) used a shield 8-29-2020, 12:25:31 PM
best(best) used a shield 8-29-2020, 12:25:31 PM
best(best) used a shield 8-29-2020, 12:25:31 PM
best(best) used a shield 8-29-2020, 12:25:31 PM
best(best) used a shield 8-29-2020, 12:25:31 PM
best(best) used a shield 8-29-2020, 12:25:31 PM
best(best) used a shield 8-29-2020, 12:25:32 PM
best(best) used a shield 8-29-2020, 12:25:32 PM
best(best) used a shield 8-29-2020, 12:25:32 PM
best(best) used a shield 8-29-2020, 12:25:32 PM
best(best) used a shield 8-29-2020, 12:25:33 PM
best(best) used a shield 8-29-2020, 12:25:33 PM
best(best) used a shield 8-29-2020, 12:25:33 PM
best(best) used a shield 8-29-2020, 12:25:33 PM
best(best) used a shield 8-29-2020, 12:25:33 PM
best(best) used a shield 8-29-2020, 12:25:34 PM
best(best) used a tk_ultra_health_potion 8-29-2020, 12:25:36 PM
best(best) used a tk_ultra_health_potion 8-29-2020, 12:25:36 PM
best(best) used a hand_grenade 8-29-2020, 12:26:00 PM
best(best) used a hand_grenade 8-29-2020, 12:26:00 PM
best(best) used a hand_grenade 8-29-2020, 12:26:00 PM
best(best) used a hand_grenade 8-29-2020, 12:26:01 PM
best(best) used a hand_grenade 8-29-2020, 12:26:01 PM
best(best) used a hand_grenade 8-29-2020, 12:26:01 PM
best(best) used a hand_grenade 8-29-2020, 12:26:01 PM
best(best) used a hand_grenade 8-29-2020, 12:26:01 PM
best(best) used a hand_grenade 8-29-2020, 12:26:02 PM
best(best) used a hand_grenade 8-29-2020, 12:26:02 PM
best(best) used a hand_grenade 8-29-2020, 12:26:07 PM
best(best) used a hand_grenade 8-29-2020, 12:26:08 PM
best(best) used a hand_grenade 8-29-2020, 12:26:08 PM
best(best) used a missile_interceptor 8-29-2020, 12:26:12 PM
best(best) used a missile_interceptor 8-29-2020, 12:26:13 PM
best(best) used a missile_interceptor 8-29-2020, 12:26:21 PM
best(best) used a missile_interceptor 8-29-2020, 12:26:23 PM
best(best) used a missile_interceptor 8-29-2020, 12:26:24 PM
best(best) used a missile_interceptor 8-29-2020, 12:26:31 PM
best(best) used a missile_interceptor 8-29-2020, 12:26:34 PM
best(best) used a missile_interceptor 8-29-2020, 12:26:44 PM
best(best) used a missile_interceptor 8-29-2020, 12:26:45 PM
best(best) used a missile_interceptor 8-29-2020, 12:26:59 PM
best(best) used a missile_interceptor 8-29-2020, 12:27:01 PM
best(best) used a missile_interceptor 8-29-2020, 12:27:04 PM
best(best) used a aircraft 8-29-2020, 12:27:12 PM
best(best) used a missile_interceptor 8-29-2020, 12:28:18 PM
best(best) used a missile_interceptor 8-29-2020, 12:28:18 PM
best(best) used a missile_interceptor 8-29-2020, 12:28:40 PM
best(best) used a tk_ultra_health_potion 8-29-2020, 12:28:49 PM
best(best) used a tk_ultra_health_potion 8-29-2020, 12:28:49 PM
best(best) used a shield 8-29-2020, 12:28:52 PM
best(best) used a shield 8-29-2020, 12:28:52 PM
best(best) used a guided_missile 8-29-2020, 12:29:21 PM
best(best) used a guided_missile 8-29-2020, 12:29:22 PM
best(best) used a guided_missile 8-29-2020, 12:29:23 PM
best(best) used a guided_missile 8-29-2020, 12:29:23 PM
best(best) used a guided_missile 8-29-2020, 12:29:24 PM
best(best) used a guided_missile 8-29-2020, 12:29:24 PM
best(best) used a guided_missile 8-29-2020, 12:29:24 PM
best(best) used a guided_missile 8-29-2020, 12:29:26 PM
best(best) used a guided_missile 8-29-2020, 12:29:26 PM
best(best) used a guided_missile 8-29-2020, 12:29:27 PM
best(best) used a guided_missile 8-29-2020, 12:29:29 PM
best(best) used a guided_missile 8-29-2020, 12:29:31 PM
best(best) used a guided_missile 8-29-2020, 12:29:31 PM
best(best) used a guided_missile 8-29-2020, 12:29:39 PM
best(best) used a guided_missile 8-29-2020, 12:29:47 PM
best(best) used a guided_missile 8-29-2020, 12:29:47 PM
best(best) used a guided_missile 8-29-2020, 12:29:48 PM
best(best) used a guided_missile 8-29-2020, 12:29:48 PM
best(best) used a guided_missile 8-29-2020, 12:29:49 PM
best(best) used a guided_missile 8-29-2020, 12:29:58 PM
best(best) used a guided_missile 8-29-2020, 12:30:01 PM
best(best) used a guided_missile 8-29-2020, 12:30:01 PM
best(best) used a guided_missile 8-29-2020, 12:30:02 PM
best(best) used a guided_missile 8-29-2020, 12:30:02 PM
best(best) used a guided_missile 8-29-2020, 12:30:02 PM
best(best) used a guided_missile 8-29-2020, 12:30:03 PM
best(best) used a guided_missile 8-29-2020, 12:30:04 PM
best(best) used a guided_missile 8-29-2020, 12:30:04 PM
best(best) used a guided_missile 8-29-2020, 12:30:05 PM
best(best) used a guided_missile 8-29-2020, 12:30:08 PM
best(best) used a guided_missile 8-29-2020, 12:30:08 PM
best(best) used a guided_missile 8-29-2020, 12:30:09 PM
best(best) used a guided_missile 8-29-2020, 12:30:09 PM
best(best) used a guided_missile 8-29-2020, 12:30:09 PM
best(best) used a guided_missile 8-29-2020, 12:30:10 PM
best(best) used a guided_missile 8-29-2020, 12:30:10 PM
best(best) used a guided_missile 8-29-2020, 12:30:11 PM
best(best) used a guided_missile 8-29-2020, 12:30:11 PM
best(best) used a guided_missile 8-29-2020, 12:30:11 PM
best(best) used a guided_missile 8-29-2020, 12:30:14 PM
best(best) used a guided_missile 8-29-2020, 12:30:14 PM
best(best) used a guided_missile 8-29-2020, 12:30:15 PM
best(best) used a guided_missile 8-29-2020, 12:30:15 PM
best(best) used a guided_missile 8-29-2020, 12:30:16 PM
best(best) used a guided_missile 8-29-2020, 12:30:16 PM
best(best) used a guided_missile 8-29-2020, 12:30:17 PM
best(best) used a guided_missile 8-29-2020, 12:30:17 PM
best(best) used a guided_missile 8-29-2020, 12:30:18 PM
best(best) used a guided_missile 8-29-2020, 12:30:20 PM
best(best) used a guided_missile 8-29-2020, 12:30:21 PM
best(best) used a guided_missile 8-29-2020, 12:30:24 PM
best(best) used a guided_missile 8-29-2020, 12:30:26 PM
best(best) used a guided_missile 8-29-2020, 12:30:29 PM
best(best) used a guided_missile 8-29-2020, 12:30:31 PM
best(best) used a guided_missile 8-29-2020, 12:30:32 PM
best(best) used a guided_missile 8-29-2020, 12:30:38 PM
best(best) used a guided_missile 8-29-2020, 12:30:45 PM
best(best) used a guided_missile 8-29-2020, 12:30:48 PM
best(best) used a guided_missile 8-29-2020, 12:30:48 PM
best(best) used a guided_missile 8-29-2020, 12:30:48 PM
best(best) used a guided_missile 8-29-2020, 12:30:49 PM
best(best) used a guided_missile 8-29-2020, 12:30:49 PM
best(best) used a guided_missile 8-29-2020, 12:30:49 PM
best(best) used a guided_missile 8-29-2020, 12:30:50 PM
best(best) used a guided_missile 8-29-2020, 12:30:50 PM
best(best) used a guided_missile 8-29-2020, 12:30:51 PM
best(best) used a guided_missile 8-29-2020, 12:30:52 PM
best(best) used a guided_missile 8-29-2020, 12:30:52 PM
best(best) used a guided_missile 8-29-2020, 12:30:53 PM
best(best) used a guided_missile 8-29-2020, 12:30:54 PM
best(best) used a guided_missile 8-29-2020, 12:30:54 PM
best(best) used a guided_missile 8-29-2020, 12:30:55 PM
best(best) used a guided_missile 8-29-2020, 12:31:05 PM
best(best) used a guided_missile 8-29-2020, 12:31:12 PM
best(best) used a guided_missile 8-29-2020, 12:31:16 PM
best(best) used a guided_missile 8-29-2020, 12:31:16 PM
best(best) used a guided_missile 8-29-2020, 12:31:22 PM
best(best) used a guided_missile 8-29-2020, 12:31:23 PM
best(best) used a guided_missile 8-29-2020, 12:31:23 PM
best(best) used a guided_missile 8-29-2020, 12:31:25 PM
best(best) used a guided_missile 8-29-2020, 12:31:33 PM
best(best) used a guided_missile 8-29-2020, 12:31:34 PM
best(best) used a guided_missile 8-29-2020, 12:31:34 PM
best(best) used a guided_missile 8-29-2020, 12:31:37 PM
best(best) used a carrier_missile 8-29-2020, 12:31:43 PM
best(best) used a carrier_missile 8-29-2020, 12:31:51 PM
best(best) used a hand_grenade 8-29-2020, 12:32:14 PM
best(best) used a hand_grenade 8-29-2020, 12:32:15 PM
best(best) used a hand_grenade 8-29-2020, 12:32:16 PM
best(best) used a hand_grenade 8-29-2020, 12:32:16 PM
best(best) used a hand_grenade 8-29-2020, 12:32:16 PM
best(best) used a hand_grenade 8-29-2020, 12:32:23 PM
best(best) used a hand_grenade 8-29-2020, 12:32:23 PM
best(best) used a hand_grenade 8-29-2020, 12:32:23 PM
best(best) used a hand_grenade 8-29-2020, 12:32:23 PM
best(best) used a hand_grenade 8-29-2020, 12:32:23 PM
best(best) used a hand_grenade 8-29-2020, 12:32:24 PM
best(best) used a hand_grenade 8-29-2020, 12:32:24 PM
best(best) used a hand_grenade 8-29-2020, 12:32:24 PM
best(best) used a hand_grenade 8-29-2020, 12:32:24 PM
best(best) used a hand_grenade 8-29-2020, 12:32:25 PM
best(best) used a hand_grenade 8-29-2020, 12:32:38 PM
best(best) used a hand_grenade 8-29-2020, 12:32:38 PM
best(best) used a hand_grenade 8-29-2020, 12:32:44 PM
best(best) used a missile_interceptor 8-29-2020, 12:32:59 PM
best(best) used a missile_interceptor 8-29-2020, 12:33:03 PM
best(best) used a missile_interceptor 8-29-2020, 12:33:06 PM
best(best) used a missile_interceptor 8-29-2020, 12:33:18 PM
best(best) used a guided_missile 8-29-2020, 12:33:26 PM
best(best) used a guided_missile 8-29-2020, 12:33:29 PM
best(best) used a guided_missile 8-29-2020, 12:33:30 PM
best(best) used a guided_missile 8-29-2020, 12:33:30 PM
best(best) used a guided_missile 8-29-2020, 12:33:31 PM
best(best) used a guided_missile 8-29-2020, 12:33:31 PM
best(best) used a guided_missile 8-29-2020, 12:33:31 PM
best(best) used a guided_missile 8-29-2020, 12:33:32 PM
best(best) used a guided_missile 8-29-2020, 12:33:32 PM
best(best) used a guided_missile 8-29-2020, 12:33:33 PM
best(best) used a guided_missile 8-29-2020, 12:33:33 PM
best(best) used a guided_missile 8-29-2020, 12:33:34 PM
best(best) used a missile_interceptor 8-29-2020, 12:33:39 PM
best(best) used a missile_interceptor 8-29-2020, 12:33:43 PM
best(best) used a missile_interceptor 8-29-2020, 12:33:53 PM
best(best) used a hand_grenade 8-29-2020, 12:34:05 PM
best(best) used a hand_grenade 8-29-2020, 12:34:05 PM
best(best) used a hand_grenade 8-29-2020, 12:34:05 PM
best(best) used a shield 8-29-2020, 12:34:09 PM
best(best) used a shield 8-29-2020, 12:34:09 PM
best(best) used a shield 8-29-2020, 12:34:13 PM
best(best) used a shield 8-29-2020, 12:34:14 PM
best(best) used a shield 8-29-2020, 12:34:14 PM
best(best) used a shield 8-29-2020, 12:34:22 PM
best(best) used a shield 8-29-2020, 12:34:22 PM
best(best) used a shield 8-29-2020, 12:34:23 PM
best(best) used a tk_ultra_health_potion 8-29-2020, 12:34:25 PM
best(best) used a tk_ultra_health_potion 8-29-2020, 12:34:26 PM
best(best) used a aircraft 8-29-2020, 12:34:51 PM
best(best) used a aircraft 8-29-2020, 12:34:51 PM
best(best) used a aircraft 8-29-2020, 12:34:51 PM
best(best) used a aircraft 8-29-2020, 12:34:52 PM
best(best) used a aircraft 8-29-2020, 12:34:52 PM
best(best) used a aircraft 8-29-2020, 12:35:19 PM
best(best) used a hand_grenade 8-29-2020, 12:36:36 PM
best(best) used a hand_grenade 8-29-2020, 12:36:36 PM
best(best) used a hand_grenade 8-29-2020, 12:36:36 PM
best(best) used a tasing_small_projectile 8-29-2020, 12:37:08 PM
best(best) used a tk_ultra_health_potion 8-29-2020, 12:37:10 PM
best(best) used a aircraft 8-29-2020, 12:37:50 PM
best(best) used a aircraft 8-29-2020, 12:37:51 PM
best(best) used a aircraft 8-29-2020, 12:37:51 PM
best(best) used a missile_interceptor 8-29-2020, 12:38:43 PM
best(best) used a missile_interceptor 8-29-2020, 12:38:51 PM
best(best) used a hand_grenade 8-29-2020, 12:40:25 PM
best(best) used a hand_grenade 8-29-2020, 12:40:25 PM
best(best) used a hand_grenade 8-29-2020, 12:40:25 PM
best(best) used a hand_grenade 8-29-2020, 12:40:26 PM
best(best) used a hand_grenade 8-29-2020, 12:40:26 PM
best(best) used a hand_grenade 8-29-2020, 12:40:26 PM
best(best) used a hand_grenade 8-29-2020, 12:40:26 PM
best(best) used a hand_grenade 8-29-2020, 12:40:26 PM
best(best) used a hand_grenade 8-29-2020, 12:40:27 PM
best(best) used a hand_grenade 8-29-2020, 12:40:27 PM
best(best) used a hand_grenade 8-29-2020, 12:40:27 PM
best(best) used a hand_grenade 8-29-2020, 12:40:27 PM
best(best) used a hand_grenade 8-29-2020, 12:40:27 PM
best(best) used a hand_grenade 8-29-2020, 12:40:27 PM
best(best) used a hand_grenade 8-29-2020, 12:40:28 PM
best(best) used a hand_grenade 8-29-2020, 12:40:28 PM
best(best) used a hand_grenade 8-29-2020, 12:40:28 PM
best(best) used a hand_grenade 8-29-2020, 12:40:28 PM
best(best) used a hand_grenade 8-29-2020, 12:40:28 PM
best(best) used a hand_grenade 8-29-2020, 12:40:29 PM
best(best) used a hand_grenade 8-29-2020, 12:40:29 PM
best(best) used a hand_grenade 8-29-2020, 12:40:29 PM
best(best) used a hand_grenade 8-29-2020, 12:40:29 PM
best(best) used a hand_grenade 8-29-2020, 12:40:30 PM
best(best) used a hand_grenade 8-29-2020, 12:40:30 PM
best(best) used a hand_grenade 8-29-2020, 12:40:30 PM
best(best) used a hand_grenade 8-29-2020, 12:40:30 PM
best(best) used a hand_grenade 8-29-2020, 12:40:31 PM
best(best) used a hand_grenade 8-29-2020, 12:40:31 PM
best(best) used a hand_grenade 8-29-2020, 12:40:31 PM
best(best) used a hand_grenade 8-29-2020, 12:40:31 PM
best(best) used a hand_grenade 8-29-2020, 12:40:31 PM
best(best) used a hand_grenade 8-29-2020, 12:40:33 PM
best(best) used a hand_grenade 8-29-2020, 12:40:33 PM
best(best) used a hand_grenade 8-29-2020, 12:40:33 PM
best(best) used a hand_grenade 8-29-2020, 12:40:34 PM
best(best) used a hand_grenade 8-29-2020, 12:40:34 PM
best(best) used a hand_grenade 8-29-2020, 12:40:34 PM
best(best) used a hand_grenade 8-29-2020, 12:40:34 PM
best(best) used a hand_grenade 8-29-2020, 12:40:34 PM
best(best) used a hand_grenade 8-29-2020, 12:40:41 PM
best(best) used a hand_grenade 8-29-2020, 12:40:42 PM
best(best) used a hand_grenade 8-29-2020, 12:40:42 PM
best(best) used a hand_grenade 8-29-2020, 12:40:42 PM
best(best) used a hand_grenade 8-29-2020, 12:40:42 PM
best(best) used a hand_grenade 8-29-2020, 12:40:42 PM
best(best) used a hand_grenade 8-29-2020, 12:40:43 PM
best(best) used a hand_grenade 8-29-2020, 12:40:43 PM
best(best) used a hand_grenade 8-29-2020, 12:40:43 PM
best(best) used a hand_grenade 8-29-2020, 12:40:43 PM
best(best) used a hand_grenade 8-29-2020, 12:40:43 PM
best(best) used a hand_grenade 8-29-2020, 12:40:43 PM
best(best) used a hand_grenade 8-29-2020, 12:40:44 PM
best(best) used a hand_grenade 8-29-2020, 12:40:44 PM
best(best) used a hand_grenade 8-29-2020, 12:40:44 PM
best(best) used a hand_grenade 8-29-2020, 12:40:44 PM
best(best) used a hand_grenade 8-29-2020, 12:40:44 PM
best(best) used a hand_grenade 8-29-2020, 12:40:44 PM
best(best) used a hand_grenade 8-29-2020, 12:40:45 PM
best(best) used a hand_grenade 8-29-2020, 12:40:45 PM
best(best) used a hand_grenade 8-29-2020, 12:40:45 PM
best(best) used a hand_grenade 8-29-2020, 12:40:45 PM
best(best) used a hand_grenade 8-29-2020, 12:40:45 PM
best(best) used a hand_grenade 8-29-2020, 12:40:46 PM
best(best) used a hand_grenade 8-29-2020, 12:40:46 PM
best(best) used a hand_grenade 8-29-2020, 12:40:46 PM
best(best) used a hand_grenade 8-29-2020, 12:40:46 PM
best(best) used a hand_grenade 8-29-2020, 12:40:46 PM
best(best) used a hand_grenade 8-29-2020, 12:40:46 PM
best(best) used a hand_grenade 8-29-2020, 12:40:47 PM
best(best) used a hand_grenade 8-29-2020, 12:40:47 PM
best(best) used a hand_grenade 8-29-2020, 12:40:47 PM
best(best) used a hand_grenade 8-29-2020, 12:40:47 PM
best(best) used a hand_grenade 8-29-2020, 12:40:47 PM
best(best) used a hand_grenade 8-29-2020, 12:40:48 PM
best(best) used a hand_grenade 8-29-2020, 12:40:48 PM
best(best) used a hand_grenade 8-29-2020, 12:40:48 PM
best(best) used a hand_grenade 8-29-2020, 12:40:48 PM
best(best) used a hand_grenade 8-29-2020, 12:40:48 PM
best(best) used a hand_grenade 8-29-2020, 12:40:48 PM
best(best) used a hand_grenade 8-29-2020, 12:40:49 PM
best(best) used a hand_grenade 8-29-2020, 12:40:49 PM
best(best) used a hand_grenade 8-29-2020, 12:40:49 PM
best(best) used a hand_grenade 8-29-2020, 12:40:49 PM
best(best) used a hand_grenade 8-29-2020, 12:40:49 PM
best(best) used a hand_grenade 8-29-2020, 12:40:49 PM
best(best) used a hand_grenade 8-29-2020, 12:40:49 PM
best(best) used a hand_grenade 8-29-2020, 12:40:50 PM
best(best) used a hand_grenade 8-29-2020, 12:40:50 PM
best(best) used a hand_grenade 8-29-2020, 12:40:50 PM
best(best) used a hand_grenade 8-29-2020, 12:40:50 PM
best(best) used a hand_grenade 8-29-2020, 12:40:51 PM
best(best) used a hand_grenade 8-29-2020, 12:40:51 PM
best(best) used a hand_grenade 8-29-2020, 12:40:51 PM
best(best) used a hand_grenade 8-29-2020, 12:40:51 PM
best(best) used a hand_grenade 8-29-2020, 12:40:51 PM
best(best) used a hand_grenade 8-29-2020, 12:40:51 PM
best(best) used a hand_grenade 8-29-2020, 12:40:51 PM
best(best) used a hand_grenade 8-29-2020, 12:40:52 PM
best(best) used a hand_grenade 8-29-2020, 12:40:52 PM
best(best) used a hand_grenade 8-29-2020, 12:40:52 PM
best(best) used a hand_grenade 8-29-2020, 12:40:52 PM
best(best) used a hand_grenade 8-29-2020, 12:40:52 PM
best(best) used a hand_grenade 8-29-2020, 12:40:52 PM
best(best) used a hand_grenade 8-29-2020, 12:40:53 PM
best(best) used a hand_grenade 8-29-2020, 12:40:53 PM
best(best) used a hand_grenade 8-29-2020, 12:40:53 PM
best(best) used a hand_grenade 8-29-2020, 12:40:53 PM
best(best) used a hand_grenade 8-29-2020, 12:40:53 PM
best(best) used a hand_grenade 8-29-2020, 12:40:53 PM
best(best) used a hand_grenade 8-29-2020, 12:40:54 PM
best(best) used a hand_grenade 8-29-2020, 12:40:54 PM
best(best) used a hand_grenade 8-29-2020, 12:40:54 PM
best(best) used a hand_grenade 8-29-2020, 12:40:54 PM
best(best) used a hand_grenade 8-29-2020, 12:40:54 PM
best(best) used a hand_grenade 8-29-2020, 12:40:55 PM
best(best) used a hand_grenade 8-29-2020, 12:40:55 PM
best(best) used a hand_grenade 8-29-2020, 12:40:55 PM
best(best) used a hand_grenade 8-29-2020, 12:40:55 PM
best(best) used a hand_grenade 8-29-2020, 12:40:55 PM
best(best) used a hand_grenade 8-29-2020, 12:41:01 PM
best(best) used a hand_grenade 8-29-2020, 12:41:02 PM
best(best) used a missile_interceptor 8-29-2020, 12:41:10 PM
best(best) used a aircraft 8-29-2020, 12:42:40 PM
best(best) used a aircraft 8-29-2020, 12:42:40 PM
best(best) used a missile_interceptor 8-29-2020, 12:44:16 PM
best(best) used a missile_interceptor 8-29-2020, 12:44:17 PM
best(best) used a shield 8-29-2020, 12:44:35 PM
best(best) used a shield 8-29-2020, 12:44:35 PM
best(best) used a shield 8-29-2020, 12:44:39 PM
best(best) used a shield 8-29-2020, 12:44:40 PM
best(best) used a shield 8-29-2020, 12:44:40 PM
best(best) used a tk_ultra_health_potion 8-29-2020, 12:44:43 PM
best(best) used a invisibility_shield 8-29-2020, 12:44:53 PM
best(best) used a invisibility_shield 8-29-2020, 12:44:54 PM
best(best) used a invisibility_shield 8-29-2020, 12:44:54 PM
best(best) used a invisibility_shield 8-29-2020, 12:44:55 PM
best(best) used a invisibility_shield 8-29-2020, 12:44:55 PM
best(best) used a invisibility_shield 8-29-2020, 12:44:56 PM
best(best) used a invisibility_shield 8-29-2020, 12:45:01 PM
best(best) used a invisibility_shield 8-29-2020, 12:45:01 PM
best(best) used a invisibility_shield 8-29-2020, 12:45:02 PM
best(best) used a invisibility_shield 8-29-2020, 12:45:02 PM
best(best) used a invisibility_shield 8-29-2020, 12:45:05 PM
best(best) used a invisibility_shield 8-29-2020, 12:45:06 PM
best(best) used a invisibility_shield 8-29-2020, 12:45:07 PM
best(best) used a invisibility_shield 8-29-2020, 12:45:10 PM
best(best) used a invisibility_shield 8-29-2020, 12:45:11 PM
best(best) used a invisibility_shield 8-29-2020, 12:45:11 PM
best(best) used a invisibility_shield 8-29-2020, 12:45:11 PM
best(best) used a invisibility_shield 8-29-2020, 12:45:12 PM
best(best) used a invisibility_shield 8-29-2020, 12:45:12 PM
best(best) used a invisibility_shield 8-29-2020, 12:45:14 PM
best(best) used a invisibility_shield 8-29-2020, 12:45:15 PM
best(best) used a invisibility_shield 8-29-2020, 12:45:15 PM
best(best) used a hand_grenade 8-29-2020, 12:45:21 PM
best(best) used a hand_grenade 8-29-2020, 12:45:21 PM
best(best) used a hand_grenade 8-29-2020, 12:45:21 PM
best(best) used a hand_grenade 8-29-2020, 12:45:21 PM
best(best) used a hand_grenade 8-29-2020, 12:45:21 PM
best(best) used a hand_grenade 8-29-2020, 12:45:22 PM
best(best) used a hand_grenade 8-29-2020, 12:45:22 PM
best(best) used a hand_grenade 8-29-2020, 12:45:22 PM
best(best) used a hand_grenade 8-29-2020, 12:45:22 PM
best(best) used a hand_grenade 8-29-2020, 12:45:22 PM
best(best) used a hand_grenade 8-29-2020, 12:45:23 PM
best(best) used a hand_grenade 8-29-2020, 12:45:23 PM
best(best) used a hand_grenade 8-29-2020, 12:45:23 PM
best(best) used a hand_grenade 8-29-2020, 12:45:23 PM
best(best) used a hand_grenade 8-29-2020, 12:45:24 PM
best(best) used a hand_grenade 8-29-2020, 12:45:24 PM
best(best) used a hand_grenade 8-29-2020, 12:45:24 PM
best(best) used a hand_grenade 8-29-2020, 12:45:24 PM
best(best) used a hand_grenade 8-29-2020, 12:45:24 PM
best(best) used a hand_grenade 8-29-2020, 12:45:24 PM
best(best) used a hand_grenade 8-29-2020, 12:45:25 PM
best(best) used a hand_grenade 8-29-2020, 12:45:25 PM
best(best) used a hand_grenade 8-29-2020, 12:45:25 PM
best(best) used a hand_grenade 8-29-2020, 12:45:25 PM
best(best) used a hand_grenade 8-29-2020, 12:45:25 PM
best(best) used a hand_grenade 8-29-2020, 12:45:25 PM
best(best) used a hand_grenade 8-29-2020, 12:45:25 PM
best(best) used a hand_grenade 8-29-2020, 12:45:26 PM
best(best) used a hand_grenade 8-29-2020, 12:45:26 PM
best(best) used a hand_grenade 8-29-2020, 12:45:26 PM
best(best) used a hand_grenade 8-29-2020, 12:45:26 PM
best(best) used a hand_grenade 8-29-2020, 12:45:26 PM
best(best) used a hand_grenade 8-29-2020, 12:45:26 PM
best(best) used a hand_grenade 8-29-2020, 12:45:27 PM
best(best) used a hand_grenade 8-29-2020, 12:45:27 PM
best(best) used a hand_grenade 8-29-2020, 12:45:27 PM
best(best) used a hand_grenade 8-29-2020, 12:45:27 PM
best(best) used a hand_grenade 8-29-2020, 12:45:27 PM
best(best) used a hand_grenade 8-29-2020, 12:45:27 PM
best(best) used a hand_grenade 8-29-2020, 12:45:28 PM
best(best) used a hand_grenade 8-29-2020, 12:45:28 PM
best(best) used a hand_grenade 8-29-2020, 12:45:28 PM
best(best) used a hand_grenade 8-29-2020, 12:45:28 PM
best(best) used a hand_grenade 8-29-2020, 12:45:28 PM
best(best) used a hand_grenade 8-29-2020, 12:45:29 PM
best(best) used a hand_grenade 8-29-2020, 12:45:29 PM
best(best) used a hand_grenade 8-29-2020, 12:45:29 PM
best(best) used a hand_grenade 8-29-2020, 12:45:29 PM
best(best) used a hand_grenade 8-29-2020, 12:45:29 PM
best(best) used a hand_grenade 8-29-2020, 12:45:30 PM
best(best) used a hand_grenade 8-29-2020, 12:45:30 PM
best(best) used a hand_grenade 8-29-2020, 12:45:30 PM
best(best) used a hand_grenade 8-29-2020, 12:45:30 PM
best(best) used a hand_grenade 8-29-2020, 12:45:30 PM
best(best) used a hand_grenade 8-29-2020, 12:45:31 PM
best(best) used a hand_grenade 8-29-2020, 12:45:31 PM
best(best) used a hand_grenade 8-29-2020, 12:45:31 PM
best(best) used a hand_grenade 8-29-2020, 12:45:31 PM
best(best) used a hand_grenade 8-29-2020, 12:45:31 PM
best(best) used a hand_grenade 8-29-2020, 12:45:31 PM
best(best) used a hand_grenade 8-29-2020, 12:45:31 PM
best(best) used a hand_grenade 8-29-2020, 12:45:32 PM
best(best) used a hand_grenade 8-29-2020, 12:45:32 PM
best(best) used a hand_grenade 8-29-2020, 12:45:32 PM
best(best) used a hand_grenade 8-29-2020, 12:45:32 PM
best(best) used a hand_grenade 8-29-2020, 12:45:32 PM
best(best) used a hand_grenade 8-29-2020, 12:45:33 PM
best(best) used a hand_grenade 8-29-2020, 12:45:33 PM
best(best) used a hand_grenade 8-29-2020, 12:45:33 PM
best(best) used a hand_grenade 8-29-2020, 12:45:33 PM
best(best) used a hand_grenade 8-29-2020, 12:45:33 PM
best(best) used a hand_grenade 8-29-2020, 12:45:33 PM
best(best) used a hand_grenade 8-29-2020, 12:45:34 PM
best(best) used a hand_grenade 8-29-2020, 12:45:34 PM
best(best) used a hand_grenade 8-29-2020, 12:45:34 PM
best(best) used a hand_grenade 8-29-2020, 12:45:34 PM
best(best) used a hand_grenade 8-29-2020, 12:45:34 PM
best(best) used a hand_grenade 8-29-2020, 12:45:34 PM
best(best) used a hand_grenade 8-29-2020, 12:45:35 PM
best(best) used a hand_grenade 8-29-2020, 12:45:35 PM
best(best) used a hand_grenade 8-29-2020, 12:45:35 PM
best(best) used a hand_grenade 8-29-2020, 12:45:35 PM
best(best) used a hand_grenade 8-29-2020, 12:45:36 PM
best(best) used a hand_grenade 8-29-2020, 12:45:36 PM
best(best) used a hand_grenade 8-29-2020, 12:45:36 PM
best(best) used a hand_grenade 8-29-2020, 12:45:36 PM
best(best) used a hand_grenade 8-29-2020, 12:45:36 PM
best(best) used a hand_grenade 8-29-2020, 12:45:36 PM
best(best) used a hand_grenade 8-29-2020, 12:45:37 PM
best(best) used a hand_grenade 8-29-2020, 12:45:37 PM
best(best) used a hand_grenade 8-29-2020, 12:45:37 PM
best(best) used a hand_grenade 8-29-2020, 12:45:37 PM
best(best) used a hand_grenade 8-29-2020, 12:45:37 PM
best(best) used a hand_grenade 8-29-2020, 12:45:37 PM
best(best) used a hand_grenade 8-29-2020, 12:45:38 PM
best(best) used a hand_grenade 8-29-2020, 12:45:38 PM
best(best) used a hand_grenade 8-29-2020, 12:45:38 PM
best(best) used a hand_grenade 8-29-2020, 12:45:38 PM
best(best) used a hand_grenade 8-29-2020, 12:45:38 PM
best(best) used a hand_grenade 8-29-2020, 12:45:38 PM
best(best) used a hand_grenade 8-29-2020, 12:45:38 PM
best(best) used a hand_grenade 8-29-2020, 12:45:39 PM
best(best) used a hand_grenade 8-29-2020, 12:45:39 PM
best(best) used a hand_grenade 8-29-2020, 12:45:39 PM
best(best) used a hand_grenade 8-29-2020, 12:45:39 PM
best(best) used a hand_grenade 8-29-2020, 12:46:25 PM
best(best) used a hand_grenade 8-29-2020, 12:46:25 PM
best(best) used a hand_grenade 8-29-2020, 12:46:49 PM
best(best) used a hand_grenade 8-29-2020, 12:46:50 PM
best(best) used a missile_interceptor 8-29-2020, 12:46:54 PM
best(best) used a missile_interceptor 8-29-2020, 12:46:59 PM
best(best) used a missile_interceptor 8-29-2020, 12:47:00 PM
best(best) used a hand_grenade 8-29-2020, 12:47:13 PM
best(best) used a hand_grenade 8-29-2020, 12:47:13 PM
best(best) used a hand_grenade 8-29-2020, 12:47:13 PM
best(best) used a hand_grenade 8-29-2020, 12:47:15 PM
best(best) used a hand_grenade 8-29-2020, 12:47:15 PM
best(best) used a hand_grenade 8-29-2020, 12:47:15 PM
best(best) used a guided_missile 8-29-2020, 12:47:29 PM
best(best) used a guided_missile 8-29-2020, 12:47:32 PM
best(best) used a guided_missile 8-29-2020, 12:47:32 PM
best(best) used a guided_missile 8-29-2020, 12:47:32 PM
best(best) used a guided_missile 8-29-2020, 12:47:33 PM
best(best) used a guided_missile 8-29-2020, 12:47:33 PM
best(best) used a guided_missile 8-29-2020, 12:47:34 PM
best(best) used a guided_missile 8-29-2020, 12:47:34 PM
best(best) used a guided_missile 8-29-2020, 12:47:34 PM
best(best) used a guided_missile 8-29-2020, 12:47:35 PM
best(best) used a guided_missile 8-29-2020, 12:47:37 PM
best(best) used a guided_missile 8-29-2020, 12:47:40 PM
best(best) used a guided_missile 8-29-2020, 12:47:40 PM
best(best) used a guided_missile 8-29-2020, 12:47:40 PM
best(best) used a guided_missile 8-29-2020, 12:47:41 PM
best(best) used a guided_missile 8-29-2020, 12:47:41 PM
best(best) used a guided_missile 8-29-2020, 12:47:42 PM
best(best) used a guided_missile 8-29-2020, 12:47:42 PM
best(best) used a guided_missile 8-29-2020, 12:47:43 PM
best(best) used a guided_missile 8-29-2020, 12:47:46 PM
best(best) used a guided_missile 8-29-2020, 12:47:46 PM
best(best) used a guided_missile 8-29-2020, 12:47:48 PM
best(best) used a guided_missile 8-29-2020, 12:47:49 PM
best(best) used a guided_missile 8-29-2020, 12:47:50 PM
best(best) used a guided_missile 8-29-2020, 12:47:53 PM
best(best) used a guided_missile 8-29-2020, 12:47:55 PM
best(best) used a guided_missile 8-29-2020, 12:47:55 PM
best(best) used a guided_missile 8-29-2020, 12:47:57 PM
best(best) used a guided_missile 8-29-2020, 12:47:59 PM
best(best) used a guided_missile 8-29-2020, 12:47:59 PM
best(best) used a guided_missile 8-29-2020, 12:48:00 PM
best(best) used a guided_missile 8-29-2020, 12:48:00 PM
best(best) used a guided_missile 8-29-2020, 12:48:00 PM
best(best) used a guided_missile 8-29-2020, 12:48:01 PM
best(best) used a guided_missile 8-29-2020, 12:48:01 PM
best(best) used a guided_missile 8-29-2020, 12:48:02 PM
best(best) used a guided_missile 8-29-2020, 12:48:07 PM
best(best) used a guided_missile 8-29-2020, 12:48:31 PM
best(best) used a guided_missile 8-29-2020, 12:48:44 PM
best(best) used a guided_missile 8-29-2020, 12:48:46 PM
best(best) used a guided_missile 8-29-2020, 12:48:47 PM
best(best) used a guided_missile 8-29-2020, 12:48:47 PM
best(best) used a guided_missile 8-29-2020, 12:48:48 PM
best(best) used a guided_missile 8-29-2020, 12:48:48 PM
best(best) used a guided_missile 8-29-2020, 12:48:48 PM
best(best) used a guided_missile 8-29-2020, 12:48:49 PM
best(best) used a guided_missile 8-29-2020, 12:48:49 PM
best(best) used a guided_missile 8-29-2020, 12:48:49 PM
best(best) used a guided_missile 8-29-2020, 12:48:50 PM
best(best) used a guided_missile 8-29-2020, 12:48:50 PM
best(best) used a guided_missile 8-29-2020, 12:48:51 PM
best(best) used a guided_missile 8-29-2020, 12:48:53 PM
best(best) used a guided_missile 8-29-2020, 12:48:54 PM
best(best) used a guided_missile 8-29-2020, 12:48:54 PM
best(best) used a guided_missile 8-29-2020, 12:48:54 PM
best(best) used a guided_missile 8-29-2020, 12:48:55 PM
best(best) used a guided_missile 8-29-2020, 12:48:55 PM
best(best) used a guided_missile 8-29-2020, 12:48:55 PM
best(best) used a guided_missile 8-29-2020, 12:48:56 PM
best(best) used a guided_missile 8-29-2020, 12:48:56 PM
best(best) used a guided_missile 8-29-2020, 12:48:57 PM
best(best) used a guided_missile 8-29-2020, 12:48:59 PM
best(best) used a guided_missile 8-29-2020, 12:49:03 PM
best(best) used a guided_missile 8-29-2020, 12:49:04 PM
best(best) used a guided_missile 8-29-2020, 12:49:07 PM
best(best) used a guided_missile 8-29-2020, 12:49:07 PM
best(best) used a guided_missile 8-29-2020, 12:49:08 PM
best(best) used a guided_missile 8-29-2020, 12:49:08 PM
best(best) used a guided_missile 8-29-2020, 12:49:08 PM
best(best) used a guided_missile 8-29-2020, 12:49:09 PM
best(best) used a guided_missile 8-29-2020, 12:49:09 PM
best(best) used a guided_missile 8-29-2020, 12:49:10 PM
best(best) used a guided_missile 8-29-2020, 12:49:12 PM
best(best) used a guided_missile 8-29-2020, 12:49:13 PM
best(best) used a guided_missile 8-29-2020, 12:49:13 PM
best(best) used a guided_missile 8-29-2020, 12:49:15 PM
best(best) used a guided_missile 8-29-2020, 12:49:15 PM
best(best) used a guided_missile 8-29-2020, 12:49:16 PM
best(best) used a guided_missile 8-29-2020, 12:49:21 PM
best(best) used a guided_missile 8-29-2020, 12:49:21 PM
best(best) used a guided_missile 8-29-2020, 12:49:23 PM
best(best) used a guided_missile 8-29-2020, 12:49:23 PM
best(best) used a guided_missile 8-29-2020, 12:49:24 PM
best(best) used a guided_missile 8-29-2020, 12:49:24 PM
best(best) used a guided_missile 8-29-2020, 12:49:24 PM
best(best) used a guided_missile 8-29-2020, 12:49:25 PM
best(best) used a guided_missile 8-29-2020, 12:49:25 PM
best(best) used a guided_missile 8-29-2020, 12:49:25 PM
best(best) used a guided_missile 8-29-2020, 12:49:26 PM
best(best) used a guided_missile 8-29-2020, 12:49:28 PM
best(best) used a guided_missile 8-29-2020, 12:49:30 PM
best(best) used a guided_missile 8-29-2020, 12:49:30 PM
best(best) used a guided_missile 8-29-2020, 12:49:31 PM
best(best) used a guided_missile 8-29-2020, 12:49:31 PM
best(best) used a guided_missile 8-29-2020, 12:49:31 PM
best(best) used a guided_missile 8-29-2020, 12:49:33 PM
best(best) used a guided_missile 8-29-2020, 12:49:34 PM
best(best) used a tk_ultra_health_potion 8-29-2020, 12:49:53 PM
best(best) used a tk_ultra_health_potion 8-29-2020, 12:49:54 PM
best(best) used a invisibility_shield 8-29-2020, 12:49:56 PM
best(best) used a invisibility_shield 8-29-2020, 12:49:57 PM
best(best) used a invisibility_shield 8-29-2020, 12:49:57 PM
best(best) used a invisibility_shield 8-29-2020, 12:50:00 PM
best(best) used a invisibility_shield 8-29-2020, 12:50:00 PM
best(best) used a invisibility_shield 8-29-2020, 12:50:08 PM
best(best) used a invisibility_shield 8-29-2020, 12:50:08 PM
best(best) used a invisibility_shield 8-29-2020, 12:50:08 PM
best(best) used a invisibility_shield 8-29-2020, 12:50:09 PM
best(best) used a invisibility_shield 8-29-2020, 12:50:09 PM
best(best) used a invisibility_shield 8-29-2020, 12:50:10 PM
best(best) used a invisibility_shield 8-29-2020, 12:50:10 PM
best(best) used a invisibility_shield 8-29-2020, 12:50:10 PM
best(best) used a invisibility_shield 8-29-2020, 12:50:11 PM
best(best) used a invisibility_shield 8-29-2020, 12:50:11 PM
best(best) used a invisibility_shield 8-29-2020, 12:50:11 PM
best(best) used a invisibility_shield 8-29-2020, 12:50:12 PM
best(best) used a invisibility_shield 8-29-2020, 12:50:12 PM
best(best) used a invisibility_shield 8-29-2020, 12:50:12 PM
best(best) used a invisibility_shield 8-29-2020, 12:50:12 PM
best(best) used a invisibility_shield 8-29-2020, 12:50:13 PM
best(best) used a invisibility_shield 8-29-2020, 12:50:13 PM
best(best) used a shield 8-29-2020, 12:50:17 PM
best(best) used a shield 8-29-2020, 12:50:17 PM
best(best) used a shield 8-29-2020, 12:50:17 PM
best(best) used a shield 8-29-2020, 12:50:17 PM
best(best) used a shield 8-29-2020, 12:50:17 PM
best(best) used a shield 8-29-2020, 12:50:18 PM
best(best) used a shield 8-29-2020, 12:50:18 PM
best(best) used a shield 8-29-2020, 12:50:18 PM
best(best) used a shield 8-29-2020, 12:50:18 PM
best(best) used a shield 8-29-2020, 12:50:18 PM
best(best) used a shield 8-29-2020, 12:50:18 PM
best(best) used a shield 8-29-2020, 12:50:19 PM
best(best) used a shield 8-29-2020, 12:50:19 PM
best(best) used a shield 8-29-2020, 12:50:19 PM
best(best) used a shield 8-29-2020, 12:50:19 PM
best(best) used a shield 8-29-2020, 12:50:19 PM
best(best) used a shield 8-29-2020, 12:50:19 PM
best(best) used a shield 8-29-2020, 12:50:19 PM
best(best) used a shield 8-29-2020, 12:50:20 PM
best(best) used a shield 8-29-2020, 12:50:20 PM
best(best) used a shield 8-29-2020, 12:50:20 PM
best(best) used a shield 8-29-2020, 12:50:20 PM
best(best) used a shield 8-29-2020, 12:50:21 PM
best(best) used a invisibility_shield 8-29-2020, 12:50:24 PM
best(best) used a invisibility_shield 8-29-2020, 12:50:24 PM
best(best) used a invisibility_shield 8-29-2020, 12:50:24 PM
best(best) used a invisibility_shield 8-29-2020, 12:50:24 PM
best(best) used a hand_grenade 8-29-2020, 12:50:31 PM
best(best) used a hand_grenade 8-29-2020, 12:50:31 PM
best(best) used a hand_grenade 8-29-2020, 12:50:31 PM
best(best) used a hand_grenade 8-29-2020, 12:50:31 PM
best(best) used a hand_grenade 8-29-2020, 12:50:32 PM
best(best) used a hand_grenade 8-29-2020, 12:50:32 PM
best(best) used a hand_grenade 8-29-2020, 12:50:32 PM
best(best) used a hand_grenade 8-29-2020, 12:50:32 PM
best(best) used a hand_grenade 8-29-2020, 12:50:32 PM
best(best) used a hand_grenade 8-29-2020, 12:50:33 PM
best(best) used a hand_grenade 8-29-2020, 12:50:33 PM
best(best) used a shield 8-29-2020, 12:50:44 PM
best(best) used a shield 8-29-2020, 12:50:44 PM
best(best) used a shield 8-29-2020, 12:50:44 PM
best(best) used a shield 8-29-2020, 12:50:44 PM
best(best) used a shield 8-29-2020, 12:50:44 PM
best(best) used a shield 8-29-2020, 12:50:44 PM
best(best) used a shield 8-29-2020, 12:50:45 PM
best(best) used a shield 8-29-2020, 12:50:45 PM
best(best) used a shield 8-29-2020, 12:50:45 PM
best(best) used a shield 8-29-2020, 12:50:45 PM
best(best) used a shield 8-29-2020, 12:50:45 PM
best(best) used a shield 8-29-2020, 12:50:45 PM
best(best) used a shield 8-29-2020, 12:50:45 PM
best(best) used a shield 8-29-2020, 12:50:46 PM
best(best) used a shield 8-29-2020, 12:50:46 PM
best(best) used a shield 8-29-2020, 12:50:46 PM
best(best) used a shield 8-29-2020, 12:50:46 PM
best(best) used a shield 8-29-2020, 12:50:46 PM
best(best) used a shield 8-29-2020, 12:50:46 PM
best(best) used a shield 8-29-2020, 12:50:47 PM
best(best) used a shield 8-29-2020, 12:50:47 PM
best(best) used a shield 8-29-2020, 12:50:47 PM
best(best) used a shield 8-29-2020, 12:50:47 PM
best(best) used a shield 8-29-2020, 12:50:47 PM
best(best) used a shield 8-29-2020, 12:50:47 PM
best(best) used a shield 8-29-2020, 12:50:48 PM
best(best) used a shield 8-29-2020, 12:50:48 PM
best(best) used a shield 8-29-2020, 12:50:48 PM
best(best) used a shield 8-29-2020, 12:50:48 PM
best(best) used a shield 8-29-2020, 12:50:48 PM
best(best) used a shield 8-29-2020, 12:50:48 PM
best(best) used a shield 8-29-2020, 12:50:49 PM
best(best) used a shield 8-29-2020, 12:50:49 PM
best(best) used a shield 8-29-2020, 12:50:49 PM
best(best) used a tk_ultra_health_potion 8-29-2020, 12:50:53 PM
best(best) used a shield 8-29-2020, 12:51:21 PM
best(best) used a shield 8-29-2020, 12:51:21 PM
best(best) used a shield 8-29-2020, 12:51:21 PM
best(best) used a shield 8-29-2020, 12:51:21 PM
best(best) used a shield 8-29-2020, 12:51:22 PM
best(best) used a shield 8-29-2020, 12:51:22 PM
best(best) used a shield 8-29-2020, 12:51:22 PM
best(best) used a shield 8-29-2020, 12:51:22 PM
best(best) used a shield 8-29-2020, 12:51:22 PM
best(best) used a shield 8-29-2020, 12:51:22 PM
best(best) used a shield 8-29-2020, 12:51:22 PM
best(best) used a shield 8-29-2020, 12:51:23 PM
best(best) used a shield 8-29-2020, 12:51:23 PM
best(best) used a shield 8-29-2020, 12:51:23 PM
best(best) used a shield 8-29-2020, 12:51:23 PM
best(best) used a shield 8-29-2020, 12:51:23 PM
best(best) used a shield 8-29-2020, 12:51:23 PM
best(best) used a shield 8-29-2020, 12:51:23 PM
best(best) used a shield 8-29-2020, 12:51:24 PM
best(best) used a shield 8-29-2020, 12:51:24 PM
best(best) used a shield 8-29-2020, 12:51:24 PM
best(best) used a shield 8-29-2020, 12:51:24 PM
best(best) used a shield 8-29-2020, 12:51:24 PM
best(best) used a shield 8-29-2020, 12:51:24 PM
best(best) used a shield 8-29-2020, 12:51:25 PM
best(best) used a shield 8-29-2020, 12:51:25 PM
best(best) used a shield 8-29-2020, 12:51:25 PM
best(best) used a shield 8-29-2020, 12:51:25 PM
best(best) used a shield 8-29-2020, 12:51:25 PM
best(best) used a shield 8-29-2020, 12:51:26 PM
best(best) used a shield 8-29-2020, 12:51:26 PM
best(best) used a shield 8-29-2020, 12:51:26 PM
best(best) used a tk_ultra_health_potion 8-29-2020, 12:51:29 PM
best(best) used a tk_ultra_health_potion 8-29-2020, 12:51:29 PM
best(best) used a cannon 8-29-2020, 12:51:43 PM
best(best) used a invisibility_shield 8-29-2020, 12:52:11 PM
best(best) used a invisibility_shield 8-29-2020, 12:52:12 PM
best(best) used a invisibility_shield 8-29-2020, 12:52:12 PM
best(best) used a hand_grenade 8-29-2020, 12:52:29 PM
best(best) used a hand_grenade 8-29-2020, 12:52:30 PM
best(best) used a hand_grenade 8-29-2020, 12:52:30 PM
best(best) used a hand_grenade 8-29-2020, 12:52:30 PM
best(best) used a hand_grenade 8-29-2020, 12:52:30 PM
best(best) used a hand_grenade 8-29-2020, 12:52:30 PM
best(best) used a hand_grenade 8-29-2020, 12:52:30 PM
best(best) used a hand_grenade 8-29-2020, 12:52:30 PM
best(best) used a hand_grenade 8-29-2020, 12:52:31 PM
best(best) used a hand_grenade 8-29-2020, 12:52:32 PM
best(best) used a hand_grenade 8-29-2020, 12:52:32 PM
best(best) used a hand_grenade 8-29-2020, 12:52:32 PM
best(best) used a hand_grenade 8-29-2020, 12:52:32 PM
best(best) used a hand_grenade 8-29-2020, 12:52:32 PM
best(best) used a hand_grenade 8-29-2020, 12:52:32 PM
best(best) used a hand_grenade 8-29-2020, 12:52:33 PM
best(best) used a hand_grenade 8-29-2020, 12:52:33 PM
best(best) used a hand_grenade 8-29-2020, 12:52:33 PM
best(best) used a hand_grenade 8-29-2020, 12:52:33 PM
best(best) used a hand_grenade 8-29-2020, 12:52:33 PM
best(best) used a hand_grenade 8-29-2020, 12:52:33 PM
best(best) used a hand_grenade 8-29-2020, 12:52:33 PM
best(best) used a hand_grenade 8-29-2020, 12:52:34 PM
best(best) used a hand_grenade 8-29-2020, 12:52:34 PM
best(best) used a hand_grenade 8-29-2020, 12:52:34 PM
best(best) used a hand_grenade 8-29-2020, 12:52:34 PM
best(best) used a hand_grenade 8-29-2020, 12:52:34 PM
best(best) used a hand_grenade 8-29-2020, 12:52:34 PM
best(best) used a hand_grenade 8-29-2020, 12:52:35 PM
best(best) used a hand_grenade 8-29-2020, 12:52:35 PM
best(best) used a hand_grenade 8-29-2020, 12:52:35 PM
best(best) used a hand_grenade 8-29-2020, 12:52:35 PM
best(best) used a hand_grenade 8-29-2020, 12:52:35 PM
best(best) used a hand_grenade 8-29-2020, 12:52:35 PM
best(best) used a hand_grenade 8-29-2020, 12:52:36 PM
best(best) used a hand_grenade 8-29-2020, 12:52:36 PM
best(best) used a hand_grenade 8-29-2020, 12:52:36 PM
best(best) used a hand_grenade 8-29-2020, 12:52:36 PM
best(best) used a hand_grenade 8-29-2020, 12:52:36 PM
best(best) used a hand_grenade 8-29-2020, 12:52:36 PM
best(best) used a hand_grenade 8-29-2020, 12:52:37 PM
best(best) used a hand_grenade 8-29-2020, 12:52:37 PM
best(best) used a hand_grenade 8-29-2020, 12:52:41 PM
best(best) used a hand_grenade 8-29-2020, 12:52:41 PM
best(best) used a hand_grenade 8-29-2020, 12:52:42 PM
best(best) used a hand_grenade 8-29-2020, 12:52:42 PM
best(best) used a hand_grenade 8-29-2020, 12:52:42 PM
best(best) used a hand_grenade 8-29-2020, 12:52:42 PM
best(best) used a hand_grenade 8-29-2020, 12:52:42 PM
best(best) used a hand_grenade 8-29-2020, 12:52:43 PM
best(best) used a hand_grenade 8-29-2020, 12:52:43 PM
best(best) used a hand_grenade 8-29-2020, 12:52:43 PM
best(best) used a hand_grenade 8-29-2020, 12:52:43 PM
best(best) used a hand_grenade 8-29-2020, 12:52:43 PM
best(best) used a hand_grenade 8-29-2020, 12:52:43 PM
best(best) used a hand_grenade 8-29-2020, 12:52:44 PM
best(best) used a hand_grenade 8-29-2020, 12:52:44 PM
best(best) used a hand_grenade 8-29-2020, 12:52:44 PM
best(best) used a hand_grenade 8-29-2020, 12:52:44 PM
best(best) used a hand_grenade 8-29-2020, 12:52:44 PM
best(best) used a hand_grenade 8-29-2020, 12:52:44 PM
best(best) used a hand_grenade 8-29-2020, 12:52:45 PM
best(best) used a hand_grenade 8-29-2020, 12:52:45 PM
best(best) used a hand_grenade 8-29-2020, 12:52:45 PM
best(best) used a hand_grenade 8-29-2020, 12:52:45 PM
best(best) used a hand_grenade 8-29-2020, 12:52:45 PM
best(best) used a hand_grenade 8-29-2020, 12:52:46 PM
best(best) used a hand_grenade 8-29-2020, 12:52:46 PM
best(best) used a shield 8-29-2020, 12:52:55 PM
best(best) used a shield 8-29-2020, 12:52:55 PM
best(best) used a shield 8-29-2020, 12:52:55 PM
best(best) used a shield 8-29-2020, 12:52:55 PM
best(best) used a shield 8-29-2020, 12:52:55 PM
best(best) used a shield 8-29-2020, 12:52:56 PM
best(best) used a shield 8-29-2020, 12:52:56 PM
best(best) used a shield 8-29-2020, 12:52:56 PM
best(best) used a shield 8-29-2020, 12:52:56 PM
best(best) used a shield 8-29-2020, 12:52:56 PM
best(best) used a shield 8-29-2020, 12:52:56 PM
best(best) used a shield 8-29-2020, 12:52:56 PM
best(best) used a shield 8-29-2020, 12:52:57 PM
best(best) used a shield 8-29-2020, 12:52:57 PM
best(best) used a shield 8-29-2020, 12:52:57 PM
best(best) used a shield 8-29-2020, 12:52:57 PM
best(best) used a shield 8-29-2020, 12:52:57 PM
best(best) used a shield 8-29-2020, 12:52:58 PM
best(best) used a shield 8-29-2020, 12:52:58 PM
best(best) used a shield 8-29-2020, 12:52:58 PM
best(best) used a shield 8-29-2020, 12:52:58 PM
best(best) used a shield 8-29-2020, 12:52:58 PM
best(best) used a shield 8-29-2020, 12:52:58 PM
best(best) used a shield 8-29-2020, 12:52:58 PM
best(best) used a shield 8-29-2020, 12:52:59 PM
best(best) used a shield 8-29-2020, 12:52:59 PM
best(best) used a shield 8-29-2020, 12:52:59 PM
best(best) used a shield 8-29-2020, 12:52:59 PM
best(best) used a shield 8-29-2020, 12:53:00 PM
best(best) used a shield 8-29-2020, 12:53:00 PM
best(best) used a invisibility_shield 8-29-2020, 12:53:21 PM
best(best) used a hand_grenade 8-29-2020, 12:53:40 PM
best(best) used a hand_grenade 8-29-2020, 12:53:41 PM
best(best) used a hand_grenade 8-29-2020, 12:53:41 PM
best(best) used a shield 8-29-2020, 12:53:52 PM
best(best) used a shield 8-29-2020, 12:53:52 PM
best(best) used a shield 8-29-2020, 12:53:52 PM
best(best) used a shield 8-29-2020, 12:53:53 PM
best(best) used a shield 8-29-2020, 12:53:53 PM
best(best) used a tk_ultra_health_potion 8-29-2020, 12:53:58 PM
best(best) used a tk_ultra_health_potion 8-29-2020, 12:53:58 PM
best(best) used a shield 8-29-2020, 12:54:05 PM
best(best) used a invisibility_shield 8-29-2020, 12:55:06 PM
best(best) used a invisibility_shield 8-29-2020, 12:55:06 PM
best(best) used a invisibility_shield 8-29-2020, 12:55:06 PM
best(best) used a missile_interceptor 8-29-2020, 12:55:21 PM
best(best) used a missile_interceptor 8-29-2020, 12:55:22 PM
best(best) used a missile_interceptor 8-29-2020, 12:55:26 PM
best(best) used a missile_interceptor 8-29-2020, 12:55:27 PM
best(best) used a missile_interceptor 8-29-2020, 12:55:34 PM
best(best) used a hand_grenade 8-29-2020, 12:55:41 PM
best(best) used a hand_grenade 8-29-2020, 12:55:41 PM
best(best) used a hand_grenade 8-29-2020, 12:55:41 PM
best(best) used a hand_grenade 8-29-2020, 12:55:41 PM
best(best) used a hand_grenade 8-29-2020, 12:55:41 PM
best(best) used a hand_grenade 8-29-2020, 12:55:42 PM
best(best) used a hand_grenade 8-29-2020, 12:55:42 PM
best(best) used a hand_grenade 8-29-2020, 12:55:42 PM
best(best) used a hand_grenade 8-29-2020, 12:55:42 PM
best(best) used a hand_grenade 8-29-2020, 12:55:42 PM
best(best) used a hand_grenade 8-29-2020, 12:55:42 PM
best(best) used a hand_grenade 8-29-2020, 12:55:43 PM
best(best) used a hand_grenade 8-29-2020, 12:55:43 PM
best(best) used a hand_grenade 8-29-2020, 12:55:43 PM
best(best) used a hand_grenade 8-29-2020, 12:55:43 PM
best(best) used a hand_grenade 8-29-2020, 12:55:43 PM
best(best) used a hand_grenade 8-29-2020, 12:55:43 PM
best(best) used a hand_grenade 8-29-2020, 12:55:44 PM
best(best) used a hand_grenade 8-29-2020, 12:55:44 PM
best(best) used a hand_grenade 8-29-2020, 12:55:44 PM
best(best) used a hand_grenade 8-29-2020, 12:55:44 PM
best(best) used a hand_grenade 8-29-2020, 12:55:44 PM
best(best) used a hand_grenade 8-29-2020, 12:55:44 PM
best(best) used a hand_grenade 8-29-2020, 12:55:44 PM
best(best) used a hand_grenade 8-29-2020, 12:55:45 PM
best(best) used a hand_grenade 8-29-2020, 12:55:45 PM
best(best) used a hand_grenade 8-29-2020, 12:55:45 PM
best(best) used a hand_grenade 8-29-2020, 12:55:45 PM
best(best) used a hand_grenade 8-29-2020, 12:55:45 PM
best(best) used a hand_grenade 8-29-2020, 12:55:45 PM
best(best) used a hand_grenade 8-29-2020, 12:55:46 PM
best(best) used a hand_grenade 8-29-2020, 12:55:46 PM
best(best) used a hand_grenade 8-29-2020, 12:55:46 PM
best(best) used a hand_grenade 8-29-2020, 12:55:46 PM
best(best) used a hand_grenade 8-29-2020, 12:55:46 PM
best(best) used a hand_grenade 8-29-2020, 12:55:46 PM
best(best) used a hand_grenade 8-29-2020, 12:55:47 PM
best(best) used a hand_grenade 8-29-2020, 12:55:47 PM
best(best) used a hand_grenade 8-29-2020, 12:55:47 PM
best(best) used a hand_grenade 8-29-2020, 12:55:47 PM
best(best) used a hand_grenade 8-29-2020, 12:55:47 PM
best(best) used a hand_grenade 8-29-2020, 12:55:48 PM
best(best) used a hand_grenade 8-29-2020, 12:55:48 PM
best(best) used a hand_grenade 8-29-2020, 12:55:48 PM
best(best) used a hand_grenade 8-29-2020, 12:55:48 PM
best(best) used a hand_grenade 8-29-2020, 12:55:48 PM
best(best) used a hand_grenade 8-29-2020, 12:55:48 PM
best(best) used a hand_grenade 8-29-2020, 12:55:49 PM
best(best) used a hand_grenade 8-29-2020, 12:55:49 PM
best(best) used a hand_grenade 8-29-2020, 12:55:49 PM
best(best) used a hand_grenade 8-29-2020, 12:55:49 PM
best(best) used a hand_grenade 8-29-2020, 12:55:49 PM
best(best) used a hand_grenade 8-29-2020, 12:55:49 PM
best(best) used a hand_grenade 8-29-2020, 12:55:50 PM
best(best) used a hand_grenade 8-29-2020, 12:55:50 PM
best(best) used a hand_grenade 8-29-2020, 12:55:50 PM
best(best) used a hand_grenade 8-29-2020, 12:55:50 PM
best(best) used a hand_grenade 8-29-2020, 12:55:50 PM
best(best) used a hand_grenade 8-29-2020, 12:55:51 PM
best(best) used a hand_grenade 8-29-2020, 12:55:51 PM
best(best) used a hand_grenade 8-29-2020, 12:55:51 PM
best(best) used a hand_grenade 8-29-2020, 12:55:51 PM
best(best) used a hand_grenade 8-29-2020, 12:55:52 PM
best(best) used a hand_grenade 8-29-2020, 12:55:52 PM
best(best) used a hand_grenade 8-29-2020, 12:55:52 PM
best(best) used a hand_grenade 8-29-2020, 12:55:52 PM
best(best) used a hand_grenade 8-29-2020, 12:55:52 PM
best(best) used a hand_grenade 8-29-2020, 12:55:52 PM
best(best) used a hand_grenade 8-29-2020, 12:55:53 PM
best(best) used a hand_grenade 8-29-2020, 12:55:53 PM
best(best) used a hand_grenade 8-29-2020, 12:55:53 PM
best(best) used a hand_grenade 8-29-2020, 12:55:53 PM
best(best) used a hand_grenade 8-29-2020, 12:55:53 PM
best(best) used a hand_grenade 8-29-2020, 12:55:53 PM
best(best) used a hand_grenade 8-29-2020, 12:55:54 PM
best(best) used a hand_grenade 8-29-2020, 12:55:54 PM
best(best) used a hand_grenade 8-29-2020, 12:55:54 PM
best(best) used a hand_grenade 8-29-2020, 12:55:54 PM
best(best) used a hand_grenade 8-29-2020, 12:55:54 PM
best(best) used a hand_grenade 8-29-2020, 12:55:54 PM
best(best) used a hand_grenade 8-29-2020, 12:55:55 PM
best(best) used a hand_grenade 8-29-2020, 12:55:55 PM
best(best) used a hand_grenade 8-29-2020, 12:55:55 PM
best(best) used a hand_grenade 8-29-2020, 12:55:55 PM
best(best) used a hand_grenade 8-29-2020, 12:55:55 PM
best(best) used a hand_grenade 8-29-2020, 12:55:56 PM
best(best) used a hand_grenade 8-29-2020, 12:55:56 PM
best(best) used a hand_grenade 8-29-2020, 12:55:56 PM
best(best) used a hand_grenade 8-29-2020, 12:55:56 PM
best(best) used a hand_grenade 8-29-2020, 12:55:57 PM
best(best) used a hand_grenade 8-29-2020, 12:55:57 PM
best(best) used a hand_grenade 8-29-2020, 12:55:57 PM
best(best) used a hand_grenade 8-29-2020, 12:55:57 PM
best(best) used a hand_grenade 8-29-2020, 12:55:57 PM
best(best) used a hand_grenade 8-29-2020, 12:55:57 PM
best(best) used a hand_grenade 8-29-2020, 12:55:58 PM
best(best) used a hand_grenade 8-29-2020, 12:55:58 PM
best(best) used a hand_grenade 8-29-2020, 12:55:58 PM
best(best) used a hand_grenade 8-29-2020, 12:55:58 PM
best(best) used a hand_grenade 8-29-2020, 12:55:58 PM
best(best) used a hand_grenade 8-29-2020, 12:55:59 PM
best(best) used a hand_grenade 8-29-2020, 12:55:59 PM
best(best) used a hand_grenade 8-29-2020, 12:55:59 PM
best(best) used a hand_grenade 8-29-2020, 12:55:59 PM
best(best) used a hand_grenade 8-29-2020, 12:55:59 PM
best(best) used a hand_grenade 8-29-2020, 12:55:59 PM
best(best) used a hand_grenade 8-29-2020, 12:56:00 PM
best(best) used a hand_grenade 8-29-2020, 12:56:00 PM
best(best) used a hand_grenade 8-29-2020, 12:56:00 PM
best(best) used a hand_grenade 8-29-2020, 12:56:00 PM
best(best) used a hand_grenade 8-29-2020, 12:56:01 PM
best(best) used a hand_grenade 8-29-2020, 12:56:01 PM
best(best) used a hand_grenade 8-29-2020, 12:56:01 PM
best(best) used a hand_grenade 8-29-2020, 12:56:01 PM
best(best) used a hand_grenade 8-29-2020, 12:56:01 PM
best(best) used a hand_grenade 8-29-2020, 12:56:01 PM
best(best) used a hand_grenade 8-29-2020, 12:56:01 PM
best(best) used a hand_grenade 8-29-2020, 12:56:02 PM
best(best) used a hand_grenade 8-29-2020, 12:56:02 PM
best(best) used a hand_grenade 8-29-2020, 12:56:02 PM
best(best) used a hand_grenade 8-29-2020, 12:56:02 PM
best(best) used a hand_grenade 8-29-2020, 12:56:02 PM
best(best) used a hand_grenade 8-29-2020, 12:56:03 PM
best(best) used a hand_grenade 8-29-2020, 12:56:03 PM
best(best) used a hand_grenade 8-29-2020, 12:56:03 PM
best(best) used a hand_grenade 8-29-2020, 12:56:03 PM
best(best) used a hand_grenade 8-29-2020, 12:56:10 PM
best(best) used a hand_grenade 8-29-2020, 12:56:11 PM
best(best) used a hand_grenade 8-29-2020, 12:56:13 PM
best(best) used a hand_grenade 8-29-2020, 12:56:13 PM
best(best) used a hand_grenade 8-29-2020, 12:56:14 PM
best(best) used a hand_grenade 8-29-2020, 12:56:14 PM
best(best) used a hand_grenade 8-29-2020, 12:56:14 PM
best(best) used a hand_grenade 8-29-2020, 12:56:14 PM
best(best) used a hand_grenade 8-29-2020, 12:56:15 PM
best(best) used a hand_grenade 8-29-2020, 12:56:15 PM
best(best) used a hand_grenade 8-29-2020, 12:56:15 PM
best(best) used a hand_grenade 8-29-2020, 12:56:15 PM
best(best) used a hand_grenade 8-29-2020, 12:56:16 PM
best(best) used a hand_grenade 8-29-2020, 12:56:16 PM
best(best) used a hand_grenade 8-29-2020, 12:56:16 PM
best(best) used a hand_grenade 8-29-2020, 12:56:16 PM
best(best) used a hand_grenade 8-29-2020, 12:56:17 PM
best(best) used a hand_grenade 8-29-2020, 12:56:17 PM
best(best) used a hand_grenade 8-29-2020, 12:56:17 PM
best(best) used a hand_grenade 8-29-2020, 12:56:17 PM
best(best) used a hand_grenade 8-29-2020, 12:56:18 PM
best(best) used a hand_grenade 8-29-2020, 12:56:18 PM
best(best) used a hand_grenade 8-29-2020, 12:56:18 PM
best(best) used a hand_grenade 8-29-2020, 12:56:18 PM
best(best) used a hand_grenade 8-29-2020, 12:56:18 PM
best(best) used a hand_grenade 8-29-2020, 12:56:19 PM
best(best) used a hand_grenade 8-29-2020, 12:56:19 PM
best(best) used a hand_grenade 8-29-2020, 12:56:19 PM
best(best) used a hand_grenade 8-29-2020, 12:56:20 PM
best(best) used a hand_grenade 8-29-2020, 12:56:20 PM
best(best) used a hand_grenade 8-29-2020, 12:56:20 PM
best(best) used a hand_grenade 8-29-2020, 12:56:21 PM
best(best) used a hand_grenade 8-29-2020, 12:56:21 PM
best(best) used a hand_grenade 8-29-2020, 12:56:21 PM
best(best) used a hand_grenade 8-29-2020, 12:56:21 PM
best(best) used a hand_grenade 8-29-2020, 12:56:21 PM
best(best) used a hand_grenade 8-29-2020, 12:56:22 PM
best(best) used a hand_grenade 8-29-2020, 12:56:22 PM
best(best) used a hand_grenade 8-29-2020, 12:56:23 PM
best(best) used a hand_grenade 8-29-2020, 12:56:23 PM
best(best) used a hand_grenade 8-29-2020, 12:56:23 PM
best(best) used a hand_grenade 8-29-2020, 12:56:31 PM
best(best) used a hand_grenade 8-29-2020, 12:56:31 PM
best(best) used a hand_grenade 8-29-2020, 12:56:32 PM
best(best) used a hand_grenade 8-29-2020, 12:56:32 PM
best(best) used a hand_grenade 8-29-2020, 12:56:32 PM
best(best) used a hand_grenade 8-29-2020, 12:56:33 PM
best(best) used a hand_grenade 8-29-2020, 12:56:33 PM
best(best) used a hand_grenade 8-29-2020, 12:56:33 PM
best(best) used a hand_grenade 8-29-2020, 12:56:33 PM
best(best) used a hand_grenade 8-29-2020, 12:56:33 PM
best(best) used a hand_grenade 8-29-2020, 12:56:33 PM
best(best) used a hand_grenade 8-29-2020, 12:56:33 PM
best(best) used a hand_grenade 8-29-2020, 12:56:34 PM
best(best) used a hand_grenade 8-29-2020, 12:56:34 PM
best(best) used a hand_grenade 8-29-2020, 12:56:34 PM
best(best) used a hand_grenade 8-29-2020, 12:56:34 PM
best(best) used a hand_grenade 8-29-2020, 12:56:34 PM
best(best) used a hand_grenade 8-29-2020, 12:56:34 PM
best(best) used a hand_grenade 8-29-2020, 12:56:35 PM
best(best) used a hand_grenade 8-29-2020, 12:56:35 PM
best(best) used a hand_grenade 8-29-2020, 12:56:35 PM
best(best) used a hand_grenade 8-29-2020, 12:56:35 PM
best(best) used a hand_grenade 8-29-2020, 12:56:35 PM
best(best) used a hand_grenade 8-29-2020, 12:56:35 PM
best(best) used a hand_grenade 8-29-2020, 12:56:35 PM
best(best) used a hand_grenade 8-29-2020, 12:56:36 PM
best(best) used a hand_grenade 8-29-2020, 12:56:36 PM
best(best) used a hand_grenade 8-29-2020, 12:56:44 PM
best(best) used a hand_grenade 8-29-2020, 12:56:45 PM
best(best) used a hand_grenade 8-29-2020, 12:56:45 PM
best(best) used a hand_grenade 8-29-2020, 12:56:46 PM
best(best) used a hand_grenade 8-29-2020, 12:56:46 PM
best(best) used a hand_grenade 8-29-2020, 12:56:46 PM
best(best) used a hand_grenade 8-29-2020, 12:56:46 PM
best(best) used a hand_grenade 8-29-2020, 12:56:46 PM
best(best) used a hand_grenade 8-29-2020, 12:56:48 PM
best(best) used a hand_grenade 8-29-2020, 12:56:50 PM
best(best) used a hand_grenade 8-29-2020, 12:56:50 PM
best(best) used a hand_grenade 8-29-2020, 12:56:50 PM
best(best) used a hand_grenade 8-29-2020, 12:56:51 PM
best(best) used a hand_grenade 8-29-2020, 12:56:52 PM
best(best) used a hand_grenade 8-29-2020, 12:56:52 PM
best(best) used a hand_grenade 8-29-2020, 12:56:53 PM
best(best) used a hand_grenade 8-29-2020, 12:56:53 PM
best(best) used a hand_grenade 8-29-2020, 12:56:53 PM
best(best) used a hand_grenade 8-29-2020, 12:56:53 PM
best(best) used a hand_grenade 8-29-2020, 12:56:54 PM
best(best) used a hand_grenade 8-29-2020, 12:56:54 PM
best(best) used a hand_grenade 8-29-2020, 12:56:55 PM
best(best) used a hand_grenade 8-29-2020, 12:56:55 PM
best(best) used a hand_grenade 8-29-2020, 12:56:55 PM
best(best) used a hand_grenade 8-29-2020, 12:56:55 PM
best(best) used a hand_grenade 8-29-2020, 12:56:55 PM
best(best) used a hand_grenade 8-29-2020, 12:56:56 PM
best(best) used a hand_grenade 8-29-2020, 12:56:56 PM
best(best) used a hand_grenade 8-29-2020, 12:56:56 PM
best(best) used a hand_grenade 8-29-2020, 12:56:57 PM
best(best) used a hand_grenade 8-29-2020, 12:56:57 PM
best(best) used a hand_grenade 8-29-2020, 12:56:57 PM
best(best) used a hand_grenade 8-29-2020, 12:56:57 PM
best(best) used a hand_grenade 8-29-2020, 12:56:58 PM
best(best) used a hand_grenade 8-29-2020, 12:56:58 PM
best(best) used a hand_grenade 8-29-2020, 12:56:58 PM
best(best) used a hand_grenade 8-29-2020, 12:56:58 PM
best(best) used a hand_grenade 8-29-2020, 12:56:58 PM
best(best) used a hand_grenade 8-29-2020, 12:56:59 PM
best(best) used a hand_grenade 8-29-2020, 12:56:59 PM
best(best) used a hand_grenade 8-29-2020, 12:57:00 PM
best(best) used a hand_grenade 8-29-2020, 12:57:00 PM
best(best) used a hand_grenade 8-29-2020, 12:57:00 PM
best(best) used a hand_grenade 8-29-2020, 12:57:00 PM
best(best) used a hand_grenade 8-29-2020, 12:57:01 PM
best(best) used a hand_grenade 8-29-2020, 12:57:01 PM
best(best) used a hand_grenade 8-29-2020, 12:57:03 PM
best(best) used a hand_grenade 8-29-2020, 12:57:03 PM
best(best) used a hand_grenade 8-29-2020, 12:57:04 PM
best(best) used a hand_grenade 8-29-2020, 12:57:04 PM
best(best) used a hand_grenade 8-29-2020, 12:57:05 PM
best(best) used a hand_grenade 8-29-2020, 12:57:05 PM
best(best) used a hand_grenade 8-29-2020, 12:57:05 PM
best(best) used a hand_grenade 8-29-2020, 12:57:06 PM
best(best) used a hand_grenade 8-29-2020, 12:57:06 PM
best(best) used a hand_grenade 8-29-2020, 12:57:06 PM
best(best) used a hand_grenade 8-29-2020, 12:57:06 PM
best(best) used a hand_grenade 8-29-2020, 12:57:07 PM
best(best) used a hand_grenade 8-29-2020, 12:57:07 PM
best(best) used a hand_grenade 8-29-2020, 12:57:07 PM
best(best) used a hand_grenade 8-29-2020, 12:57:07 PM
best(best) used a hand_grenade 8-29-2020, 12:57:07 PM
best(best) used a hand_grenade 8-29-2020, 12:57:07 PM
best(best) used a hand_grenade 8-29-2020, 12:57:08 PM
best(best) used a hand_grenade 8-29-2020, 12:57:08 PM
best(best) used a hand_grenade 8-29-2020, 12:57:08 PM
best(best) used a hand_grenade 8-29-2020, 12:57:08 PM
best(best) used a hand_grenade 8-29-2020, 12:57:08 PM
best(best) used a hand_grenade 8-29-2020, 12:57:08 PM
best(best) used a hand_grenade 8-29-2020, 12:57:09 PM
best(best) used a hand_grenade 8-29-2020, 12:57:09 PM
best(best) used a hand_grenade 8-29-2020, 12:57:09 PM
best(best) used a hand_grenade 8-29-2020, 12:57:09 PM
best(best) used a hand_grenade 8-29-2020, 12:57:09 PM
best(best) used a hand_grenade 8-29-2020, 12:57:09 PM
best(best) used a hand_grenade 8-29-2020, 12:57:10 PM
best(best) used a hand_grenade 8-29-2020, 12:57:10 PM
best(best) used a hand_grenade 8-29-2020, 12:57:10 PM
best(best) used a hand_grenade 8-29-2020, 12:57:10 PM
best(best) used a hand_grenade 8-29-2020, 12:57:10 PM
best(best) used a hand_grenade 8-29-2020, 12:57:10 PM
best(best) used a hand_grenade 8-29-2020, 12:57:10 PM
best(best) used a hand_grenade 8-29-2020, 12:57:11 PM
best(best) used a hand_grenade 8-29-2020, 12:57:11 PM
best(best) used a hand_grenade 8-29-2020, 12:57:11 PM
best(best) used a hand_grenade 8-29-2020, 12:57:11 PM
best(best) used a hand_grenade 8-29-2020, 12:57:11 PM
best(best) used a hand_grenade 8-29-2020, 12:57:11 PM
best(best) used a hand_grenade 8-29-2020, 12:57:12 PM
best(best) used a hand_grenade 8-29-2020, 12:57:12 PM
best(best) used a hand_grenade 8-29-2020, 12:57:12 PM
best(best) used a hand_grenade 8-29-2020, 12:57:12 PM
best(best) used a hand_grenade 8-29-2020, 12:57:12 PM
best(best) used a hand_grenade 8-29-2020, 12:57:12 PM
best(best) used a hand_grenade 8-29-2020, 12:57:13 PM
best(best) used a hand_grenade 8-29-2020, 12:57:13 PM
best(best) used a hand_grenade 8-29-2020, 12:57:14 PM
best(best) used a hand_grenade 8-29-2020, 12:57:14 PM
best(best) used a hand_grenade 8-29-2020, 12:57:15 PM
best(best) used a hand_grenade 8-29-2020, 12:57:15 PM
best(best) used a hand_grenade 8-29-2020, 12:57:15 PM
best(best) used a hand_grenade 8-29-2020, 12:57:15 PM
best(best) used a hand_grenade 8-29-2020, 12:57:15 PM
best(best) used a hand_grenade 8-29-2020, 12:57:16 PM
best(best) used a hand_grenade 8-29-2020, 12:57:16 PM
best(best) used a hand_grenade 8-29-2020, 12:57:24 PM
best(best) used a hand_grenade 8-29-2020, 12:57:25 PM
best(best) used a hand_grenade 8-29-2020, 12:57:25 PM
best(best) used a hand_grenade 8-29-2020, 12:57:25 PM
best(best) used a hand_grenade 8-29-2020, 12:57:25 PM
best(best) used a hand_grenade 8-29-2020, 12:57:25 PM
best(best) used a hand_grenade 8-29-2020, 12:57:26 PM
best(best) used a stun_dart 8-29-2020, 12:57:29 PM
best(best) used a shield 8-29-2020, 12:57:38 PM
best(best) used a shield 8-29-2020, 12:57:38 PM
best(best) used a shield 8-29-2020, 12:57:38 PM
best(best) used a shield 8-29-2020, 12:57:38 PM
best(best) used a shield 8-29-2020, 12:57:38 PM
best(best) used a shield 8-29-2020, 12:57:39 PM
best(best) used a shield 8-29-2020, 12:57:39 PM
best(best) used a shield 8-29-2020, 12:57:39 PM
best(best) used a shield 8-29-2020, 12:57:39 PM
best(best) used a shield 8-29-2020, 12:57:39 PM
best(best) used a shield 8-29-2020, 12:57:39 PM
best(best) used a shield 8-29-2020, 12:57:40 PM
best(best) used a shield 8-29-2020, 12:57:40 PM
best(best) used a shield 8-29-2020, 12:57:40 PM
best(best) used a shield 8-29-2020, 12:57:40 PM
best(best) used a shield 8-29-2020, 12:57:40 PM
best(best) used a shield 8-29-2020, 12:57:40 PM
best(best) used a shield 8-29-2020, 12:57:41 PM
best(best) used a shield 8-29-2020, 12:57:41 PM
best(best) used a shield 8-29-2020, 12:57:41 PM
best(best) used a shield 8-29-2020, 12:57:41 PM
best(best) used a shield 8-29-2020, 12:57:41 PM
best(best) used a shield 8-29-2020, 12:57:42 PM
best(best) used a shield 8-29-2020, 12:57:42 PM
best(best) used a shield 8-29-2020, 12:57:42 PM
best(best) used a shield 8-29-2020, 12:57:42 PM
best(best) used a shield 8-29-2020, 12:57:42 PM
best(best) used a shield 8-29-2020, 12:57:43 PM
best(best) used a tk_ultra_health_potion 8-29-2020, 12:57:45 PM
best(best) used a tk_ultra_health_potion 8-29-2020, 12:57:46 PM
best(best) used a tk_ultra_health_potion 8-29-2020, 12:57:46 PM
best(best) used a hand_grenade 8-29-2020, 12:57:50 PM
best(best) used a hand_grenade 8-29-2020, 12:57:50 PM
best(best) used a hand_grenade 8-29-2020, 12:57:50 PM
best(best) used a hand_grenade 8-29-2020, 12:57:50 PM
best(best) used a hand_grenade 8-29-2020, 12:57:50 PM
best(best) used a hand_grenade 8-29-2020, 12:57:51 PM
best(best) used a hand_grenade 8-29-2020, 12:57:52 PM
best(best) used a hand_grenade 8-29-2020, 12:57:52 PM
best(best) used a hand_grenade 8-29-2020, 12:57:52 PM
best(best) used a hand_grenade 8-29-2020, 12:57:52 PM
best(best) used a hand_grenade 8-29-2020, 12:57:52 PM
best(best) used a hand_grenade 8-29-2020, 12:57:53 PM
best(best) used a hand_grenade 8-29-2020, 12:57:53 PM
best(best) used a hand_grenade 8-29-2020, 12:57:53 PM
best(best) used a hand_grenade 8-29-2020, 12:57:53 PM
best(best) used a hand_grenade 8-29-2020, 12:57:54 PM
best(best) used a hand_grenade 8-29-2020, 12:57:54 PM
best(best) used a hand_grenade 8-29-2020, 12:57:54 PM
best(best) used a hand_grenade 8-29-2020, 12:57:54 PM
best(best) used a hand_grenade 8-29-2020, 12:57:54 PM
best(best) used a hand_grenade 8-29-2020, 12:57:54 PM
best(best) used a hand_grenade 8-29-2020, 12:57:55 PM
best(best) used a hand_grenade 8-29-2020, 12:57:55 PM
best(best) used a hand_grenade 8-29-2020, 12:57:55 PM
best(best) used a hand_grenade 8-29-2020, 12:57:55 PM
best(best) used a hand_grenade 8-29-2020, 12:57:55 PM
best(best) used a hand_grenade 8-29-2020, 12:57:55 PM
best(best) used a hand_grenade 8-29-2020, 12:57:56 PM
best(best) used a hand_grenade 8-29-2020, 12:57:56 PM
best(best) used a hand_grenade 8-29-2020, 12:57:57 PM
best(best) used a hand_grenade 8-29-2020, 12:57:57 PM
best(best) used a hand_grenade 8-29-2020, 12:57:57 PM
best(best) used a hand_grenade 8-29-2020, 12:57:57 PM
best(best) used a hand_grenade 8-29-2020, 12:57:57 PM
best(best) used a hand_grenade 8-29-2020, 12:57:58 PM
best(best) used a hand_grenade 8-29-2020, 12:57:58 PM
best(best) used a hand_grenade 8-29-2020, 12:57:58 PM
best(best) used a hand_grenade 8-29-2020, 12:57:58 PM
best(best) used a hand_grenade 8-29-2020, 12:57:58 PM
best(best) used a hand_grenade 8-29-2020, 12:57:59 PM
best(best) used a hand_grenade 8-29-2020, 12:58:01 PM
best(best) used a hand_grenade 8-29-2020, 12:58:01 PM
best(best) used a hand_grenade 8-29-2020, 12:58:01 PM
best(best) used a hand_grenade 8-29-2020, 12:58:02 PM
best(best) used a hand_grenade 8-29-2020, 12:58:02 PM
best(best) used a hand_grenade 8-29-2020, 12:58:02 PM
best(best) used a hand_grenade 8-29-2020, 12:58:03 PM
best(best) used a hand_grenade 8-29-2020, 12:58:03 PM
best(best) used a hand_grenade 8-29-2020, 12:58:03 PM
best(best) used a hand_grenade 8-29-2020, 12:58:03 PM
best(best) used a shield 8-29-2020, 12:58:13 PM
best(best) used a shield 8-29-2020, 12:58:14 PM
best(best) used a tk_ultra_health_potion 8-29-2020, 12:58:17 PM
best(best) used a tk_ultra_health_potion 8-29-2020, 12:58:17 PM
best(best) used a tk_ultra_health_potion 8-29-2020, 12:58:18 PM
best(best) used a health_dart 8-29-2020, 12:58:26 PM
best(best) used a health_dart 8-29-2020, 12:58:27 PM
best(best) used a invisibility_shield 8-29-2020, 12:58:48 PM
best(best) used a invisibility_shield 8-29-2020, 12:58:48 PM
best(best) used a invisibility_shield 8-29-2020, 12:58:48 PM
best(best) used a invisibility_shield 8-29-2020, 12:58:49 PM
best(best) used a guided_missile 8-29-2020, 7:23:32 PM
best(best) used a tk_ultra_health_potion 8-29-2020, 7:24:03 PM
best(best) used a tk_ultra_health_potion 8-29-2020, 7:24:03 PM
best(best) used a hand_grenade 8-29-2020, 7:25:05 PM
best(best) used a hand_grenade 8-29-2020, 7:25:05 PM
best(best) used a hand_grenade 8-29-2020, 7:25:05 PM
best(best) used a hand_grenade 8-29-2020, 7:25:05 PM
best(best) used a hand_grenade 8-29-2020, 7:25:06 PM
best(best) used a hand_grenade 8-29-2020, 7:25:06 PM
best(best) used a hand_grenade 8-29-2020, 7:25:06 PM
best(best) used a hand_grenade 8-29-2020, 7:25:06 PM
best(best) used a hand_grenade 8-29-2020, 7:25:06 PM
best(best) used a hand_grenade 8-29-2020, 7:25:07 PM
best(best) used a hand_grenade 8-29-2020, 7:25:07 PM
best(best) used a hand_grenade 8-29-2020, 7:25:07 PM
best(best) used a hand_grenade 8-29-2020, 7:25:07 PM
best(best) used a hand_grenade 8-29-2020, 7:25:07 PM
best(best) used a hand_grenade 8-29-2020, 7:25:08 PM
best(best) used a hand_grenade 8-29-2020, 7:25:08 PM
best(best) used a hand_grenade 8-29-2020, 7:25:08 PM
best(best) used a shield 8-29-2020, 7:25:13 PM
best(best) used a shield 8-29-2020, 7:25:14 PM
best(best) used a shield 8-29-2020, 7:25:14 PM
best(best) used a shield 8-29-2020, 7:25:14 PM
best(best) used a shield 8-29-2020, 7:25:14 PM
best(best) used a hand_grenade 8-29-2020, 7:25:52 PM
best(best) used a hand_grenade 8-29-2020, 7:25:52 PM
best(best) used a hand_grenade 8-29-2020, 7:25:53 PM
best(best) used a hand_grenade 8-29-2020, 7:25:53 PM
best(best) used a hand_grenade 8-29-2020, 7:25:54 PM
best(best) used a hand_grenade 8-29-2020, 7:25:54 PM
best(best) used a hand_grenade 8-29-2020, 7:25:54 PM
best(best) used a hand_grenade 8-29-2020, 7:25:54 PM
best(best) used a hand_grenade 8-29-2020, 7:25:55 PM
best(best) used a hand_grenade 8-29-2020, 7:25:55 PM
best(best) used a hand_grenade 8-29-2020, 7:25:55 PM
best(best) used a hand_grenade 8-29-2020, 7:25:56 PM
best(best) used a hand_grenade 8-29-2020, 7:25:56 PM
best(best) used a hand_grenade 8-29-2020, 7:25:58 PM
best(best) used a hand_grenade 8-29-2020, 7:25:58 PM
best(best) used a hand_grenade 8-29-2020, 7:25:58 PM
best(best) used a hand_grenade 8-29-2020, 7:25:58 PM
best(best) used a hand_grenade 8-29-2020, 7:25:58 PM
best(best) used a hand_grenade 8-29-2020, 7:26:18 PM
best(best) used a hand_grenade 8-29-2020, 7:26:18 PM
best(best) used a hand_grenade 8-29-2020, 7:26:19 PM
best(best) used a hand_grenade 8-29-2020, 7:26:19 PM
best(best) used a hand_grenade 8-29-2020, 7:26:19 PM
best(best) used a hand_grenade 8-29-2020, 7:26:19 PM
best(best) used a hand_grenade 8-29-2020, 7:26:20 PM
best(best) used a hand_grenade 8-29-2020, 7:26:20 PM
best(best) used a hand_grenade 8-29-2020, 7:26:21 PM
best(best) used a hand_grenade 8-29-2020, 7:26:23 PM
best(best) used a hand_grenade 8-29-2020, 7:26:37 PM
best(best) used a hand_grenade 8-29-2020, 7:26:37 PM
best(best) used a hand_grenade 8-29-2020, 7:26:37 PM
best(best) used a hand_grenade 8-29-2020, 7:26:37 PM
best(best) used a hand_grenade 8-29-2020, 7:26:37 PM
best(best) used a hand_grenade 8-29-2020, 7:26:38 PM
best(best) used a hand_grenade 8-29-2020, 7:26:38 PM
best(best) used a hand_grenade 8-29-2020, 7:26:40 PM
best(best) used a hand_grenade 8-29-2020, 7:26:40 PM
best(best) used a hand_grenade 8-29-2020, 7:26:40 PM
best(best) used a hand_grenade 8-29-2020, 7:26:44 PM
best(best) used a hand_grenade 8-29-2020, 7:26:44 PM
best(best) used a hand_grenade 8-29-2020, 7:26:44 PM
best(best) used a hand_grenade 8-29-2020, 7:26:46 PM
best(best) used a hand_grenade 8-29-2020, 7:26:46 PM
best(best) used a hand_grenade 8-29-2020, 7:26:46 PM
best(best) used a hand_grenade 8-29-2020, 7:26:46 PM
best(best) used a hand_grenade 8-29-2020, 7:26:47 PM
best(best) used a hand_grenade 8-29-2020, 7:26:49 PM
best(best) used a hand_grenade 8-29-2020, 7:26:49 PM
best(best) used a hand_grenade 8-29-2020, 7:26:49 PM
best(best) used a hand_grenade 8-29-2020, 7:26:53 PM
best(best) used a hand_grenade 8-29-2020, 7:26:54 PM
best(best) used a hand_grenade 8-29-2020, 7:26:54 PM
best(best) used a hand_grenade 8-29-2020, 7:26:54 PM
best(best) used a hand_grenade 8-29-2020, 7:26:54 PM
best(best) used a hand_grenade 8-29-2020, 7:26:54 PM
best(best) used a hand_grenade 8-29-2020, 7:26:55 PM
best(best) used a hand_grenade 8-29-2020, 7:26:55 PM
best(best) used a hand_grenade 8-29-2020, 7:26:55 PM
best(best) used a hand_grenade 8-29-2020, 7:26:57 PM
best(best) used a hand_grenade 8-29-2020, 7:26:57 PM
best(best) used a hand_grenade 8-29-2020, 7:26:57 PM
best(best) used a hand_grenade 8-29-2020, 7:26:59 PM
best(best) used a hand_grenade 8-29-2020, 7:26:59 PM
best(best) used a hand_grenade 8-29-2020, 7:26:59 PM
best(best) used a hand_grenade 8-29-2020, 7:26:59 PM
best(best) used a hand_grenade 8-29-2020, 7:26:59 PM
best(best) used a hand_grenade 8-29-2020, 7:27:00 PM
best(best) used a hand_grenade 8-29-2020, 7:27:00 PM
best(best) used a hand_grenade 8-29-2020, 7:27:00 PM
best(best) used a hand_grenade 8-29-2020, 7:27:00 PM
best(best) used a hand_grenade 8-29-2020, 7:27:00 PM
best(best) used a hand_grenade 8-29-2020, 7:27:01 PM
best(best) used a hand_grenade 8-29-2020, 7:27:01 PM
best(best) used a hand_grenade 8-29-2020, 7:27:01 PM
best(best) used a hand_grenade 8-29-2020, 7:27:01 PM
best(best) used a hand_grenade 8-29-2020, 7:27:01 PM
best(best) used a hand_grenade 8-29-2020, 7:27:02 PM
best(best) used a hand_grenade 8-29-2020, 7:27:02 PM
best(best) used a hand_grenade 8-29-2020, 7:27:02 PM
best(best) used a hand_grenade 8-29-2020, 7:27:02 PM
best(best) used a hand_grenade 8-29-2020, 7:27:02 PM
best(best) used a hand_grenade 8-29-2020, 7:27:03 PM
best(best) used a hand_grenade 8-29-2020, 7:27:03 PM
best(best) used a hand_grenade 8-29-2020, 7:27:04 PM
best(best) used a shield 8-29-2020, 7:27:17 PM
best(best) used a shield 8-29-2020, 7:27:17 PM
best(best) used a shield 8-29-2020, 7:27:17 PM
best(best) used a shield 8-29-2020, 7:27:17 PM
best(best) used a shield 8-29-2020, 7:27:21 PM
best(best) used a shield 8-29-2020, 7:27:22 PM
best(best) used a shield 8-29-2020, 7:27:22 PM
best(best) used a shield 8-29-2020, 7:27:22 PM
best(best) used a shield 8-29-2020, 7:27:22 PM
best(best) used a shield 8-29-2020, 7:27:22 PM
best(best) used a shield 8-29-2020, 7:27:22 PM
best(best) used a shield 8-29-2020, 7:27:23 PM
best(best) used a shield 8-29-2020, 7:27:23 PM
best(best) used a shield 8-29-2020, 7:27:23 PM
best(best) used a shield 8-29-2020, 7:27:23 PM
best(best) used a shield 8-29-2020, 7:27:23 PM
best(best) used a shield 8-29-2020, 7:27:23 PM
best(best) used a shield 8-29-2020, 7:27:24 PM
best(best) used a shield 8-29-2020, 7:27:24 PM
best(best) used a shield 8-29-2020, 7:27:24 PM
best(best) used a shield 8-29-2020, 7:27:24 PM
best(best) used a shield 8-29-2020, 7:27:24 PM
best(best) used a shield 8-29-2020, 7:27:24 PM
best(best) used a shield 8-29-2020, 7:27:24 PM
best(best) used a shield 8-29-2020, 7:27:25 PM
best(best) used a shield 8-29-2020, 7:27:25 PM
best(best) used a shield 8-29-2020, 7:27:25 PM
best(best) used a shield 8-29-2020, 7:27:25 PM
best(best) used a tk_ultra_health_potion 8-29-2020, 7:27:28 PM
best(best) used a tk_ultra_health_potion 8-29-2020, 7:27:28 PM
best(best) used a hand_grenade 8-29-2020, 7:27:32 PM
best(best) used a hand_grenade 8-29-2020, 7:27:33 PM
best(best) used a hand_grenade 8-29-2020, 7:28:02 PM
best(best) used a hand_grenade 8-29-2020, 7:28:03 PM
best(best) used a hand_grenade 8-29-2020, 7:28:03 PM
best(best) used a hand_grenade 8-29-2020, 7:28:03 PM
best(best) used a hand_grenade 8-29-2020, 7:28:03 PM
best(best) used a hand_grenade 8-29-2020, 7:28:03 PM
best(best) used a hand_grenade 8-29-2020, 7:28:36 PM
best(best) used a hand_grenade 8-29-2020, 7:29:03 PM
best(best) used a hand_grenade 8-29-2020, 7:29:08 PM
best(best) used a hand_grenade 8-29-2020, 7:29:09 PM
best(best) used a hand_grenade 8-29-2020, 7:29:09 PM
best(best) used a hand_grenade 8-29-2020, 7:29:09 PM
best(best) used a hand_grenade 8-29-2020, 7:29:20 PM
best(best) used a hand_grenade 8-29-2020, 7:29:20 PM
best(best) used a hand_grenade 8-29-2020, 7:29:22 PM
best(best) used a hand_grenade 8-29-2020, 7:29:22 PM
best(best) used a hand_grenade 8-29-2020, 7:29:22 PM
best(best) used a hand_grenade 8-29-2020, 7:29:33 PM
best(best) used a hand_grenade 8-29-2020, 7:29:46 PM
best(best) used a hand_grenade 8-29-2020, 7:29:46 PM
best(best) used a hand_grenade 8-29-2020, 7:29:47 PM
best(best) used a hand_grenade 8-29-2020, 7:29:47 PM
best(best) used a hand_grenade 8-29-2020, 7:29:47 PM
best(best) used a hand_grenade 8-29-2020, 7:29:47 PM
best(best) used a hand_grenade 8-29-2020, 7:29:47 PM
best(best) used a hand_grenade 8-29-2020, 7:29:48 PM
best(best) used a hand_grenade 8-29-2020, 7:29:48 PM
best(best) used a hand_grenade 8-29-2020, 7:29:48 PM
best(best) used a hand_grenade 8-29-2020, 7:29:49 PM
best(best) used a hand_grenade 8-29-2020, 7:29:49 PM
best(best) used a hand_grenade 8-29-2020, 7:29:50 PM
best(best) used a hand_grenade 8-29-2020, 7:29:51 PM
best(best) used a hand_grenade 8-29-2020, 7:29:51 PM
best(best) used a hand_grenade 8-29-2020, 7:29:51 PM
best(best) used a hand_grenade 8-29-2020, 7:29:51 PM
best(best) used a hand_grenade 8-29-2020, 7:29:51 PM
best(best) used a hand_grenade 8-29-2020, 7:29:51 PM
best(best) used a hand_grenade 8-29-2020, 7:29:52 PM
best(best) used a hand_grenade 8-29-2020, 7:29:52 PM
best(best) used a hand_grenade 8-29-2020, 7:29:52 PM
best(best) used a hand_grenade 8-29-2020, 7:29:52 PM
best(best) used a hand_grenade 8-29-2020, 7:29:52 PM
best(best) used a hand_grenade 8-29-2020, 7:29:52 PM
best(best) used a hand_grenade 8-29-2020, 7:29:53 PM
best(best) used a hand_grenade 8-29-2020, 7:29:53 PM
best(best) used a hand_grenade 8-29-2020, 7:29:53 PM
best(best) used a hand_grenade 8-29-2020, 7:30:12 PM
best(best) used a hand_grenade 8-29-2020, 7:30:12 PM
best(best) used a hand_grenade 8-29-2020, 7:30:12 PM
best(best) used a hand_grenade 8-29-2020, 7:30:22 PM
best(best) used a hand_grenade 8-29-2020, 7:30:22 PM
best(best) used a hand_grenade 8-29-2020, 7:30:48 PM
best(best) used a hand_grenade 8-29-2020, 7:31:26 PM
best(best) used a hand_grenade 8-29-2020, 7:31:26 PM
best(best) used a hand_grenade 8-29-2020, 7:31:26 PM
best(best) used a hand_grenade 8-29-2020, 7:31:26 PM
best(best) used a hand_grenade 8-29-2020, 7:31:26 PM
best(best) used a hand_grenade 8-29-2020, 7:31:33 PM
best(best) used a hand_grenade 8-29-2020, 7:31:33 PM
best(best) used a hand_grenade 8-29-2020, 7:31:33 PM
best(best) used a hand_grenade 8-29-2020, 7:31:34 PM
best(best) used a hand_grenade 8-29-2020, 7:31:34 PM
best(best) used a hand_grenade 8-29-2020, 7:31:34 PM
best(best) used a hand_grenade 8-29-2020, 7:31:34 PM
best(best) used a hand_grenade 8-29-2020, 7:31:34 PM
best(best) used a hand_grenade 8-29-2020, 7:31:35 PM
best(best) used a hand_grenade 8-29-2020, 7:31:35 PM
best(best) used a hand_grenade 8-29-2020, 7:31:35 PM
best(best) used a hand_grenade 8-29-2020, 7:31:35 PM
best(best) used a hand_grenade 8-29-2020, 7:31:35 PM
best(best) used a hand_grenade 8-29-2020, 7:31:36 PM
best(best) used a hand_grenade 8-29-2020, 7:31:36 PM
best(best) used a hand_grenade 8-29-2020, 7:31:36 PM
best(best) used a hand_grenade 8-29-2020, 7:31:36 PM
best(best) used a hand_grenade 8-29-2020, 7:31:36 PM
best(best) used a hand_grenade 8-29-2020, 7:31:41 PM
best(best) used a hand_grenade 8-29-2020, 7:31:41 PM
best(best) used a hand_grenade 8-29-2020, 7:31:42 PM
best(best) used a hand_grenade 8-29-2020, 7:31:42 PM
best(best) used a hand_grenade 8-29-2020, 7:31:42 PM
best(best) used a hand_grenade 8-29-2020, 7:31:42 PM
best(best) used a hand_grenade 8-29-2020, 7:31:43 PM
best(best) used a hand_grenade 8-29-2020, 7:31:43 PM
best(best) used a hand_grenade 8-29-2020, 7:31:44 PM
best(best) used a hand_grenade 8-29-2020, 7:31:44 PM
best(best) used a hand_grenade 8-29-2020, 7:31:45 PM
best(best) used a hand_grenade 8-29-2020, 7:31:45 PM
best(best) used a hand_grenade 8-29-2020, 7:31:45 PM
best(best) used a hand_grenade 8-29-2020, 7:31:45 PM
best(best) used a hand_grenade 8-29-2020, 7:31:46 PM
best(best) used a hand_grenade 8-29-2020, 7:31:46 PM
best(best) used a hand_grenade 8-29-2020, 7:31:46 PM
best(best) used a hand_grenade 8-29-2020, 7:31:46 PM
best(best) used a hand_grenade 8-29-2020, 7:31:48 PM
best(best) used a hand_grenade 8-29-2020, 7:31:48 PM
best(best) used a hand_grenade 8-29-2020, 7:31:48 PM
best(best) used a hand_grenade 8-29-2020, 7:31:49 PM
best(best) used a hand_grenade 8-29-2020, 7:31:49 PM
best(best) used a hand_grenade 8-29-2020, 7:31:52 PM
best(best) used a hand_grenade 8-29-2020, 7:31:52 PM
best(best) used a hand_grenade 8-29-2020, 7:31:52 PM
best(best) used a hand_grenade 8-29-2020, 7:31:53 PM
best(best) used a hand_grenade 8-29-2020, 7:31:54 PM
best(best) used a hand_grenade 8-29-2020, 7:31:57 PM
best(best) used a hand_grenade 8-29-2020, 7:31:58 PM
best(best) used a hand_grenade 8-29-2020, 7:31:58 PM
best(best) used a hand_grenade 8-29-2020, 7:31:58 PM
best(best) used a hand_grenade 8-29-2020, 7:31:58 PM
best(best) used a hand_grenade 8-29-2020, 7:31:58 PM
best(best) used a hand_grenade 8-29-2020, 7:31:59 PM
best(best) used a hand_grenade 8-29-2020, 7:31:59 PM
best(best) used a hand_grenade 8-29-2020, 7:31:59 PM
best(best) used a hand_grenade 8-29-2020, 7:31:59 PM
best(best) used a hand_grenade 8-29-2020, 7:31:59 PM
best(best) used a hand_grenade 8-29-2020, 7:32:00 PM
best(best) used a hand_grenade 8-29-2020, 7:32:00 PM
best(best) used a hand_grenade 8-29-2020, 7:32:00 PM
best(best) used a hand_grenade 8-29-2020, 7:32:01 PM
best(best) used a hand_grenade 8-29-2020, 7:32:01 PM
best(best) used a hand_grenade 8-29-2020, 7:32:01 PM
best(best) used a hand_grenade 8-29-2020, 7:32:01 PM
best(best) used a hand_grenade 8-29-2020, 7:32:39 PM
best(best) used a hand_grenade 8-29-2020, 7:32:39 PM
best(best) used a hand_grenade 8-29-2020, 7:32:39 PM
best(best) used a hand_grenade 8-29-2020, 7:32:52 PM
best(best) used a hand_grenade 8-29-2020, 7:32:52 PM
best(best) used a hand_grenade 8-29-2020, 7:32:52 PM
best(best) used a hand_grenade 8-29-2020, 7:32:52 PM
best(best) used a hand_grenade 8-29-2020, 7:32:52 PM
best(best) used a hand_grenade 8-29-2020, 7:32:53 PM
best(best) used a tk_ultra_health_potion 8-29-2020, 7:33:06 PM
best(best) used a tk_ultra_health_potion 8-29-2020, 7:33:06 PM
best(best) used a tk_ultra_health_potion 8-29-2020, 7:33:06 PM
best(best) used a hand_grenade 8-29-2020, 7:34:13 PM
best(best) used a hand_grenade 8-29-2020, 7:34:13 PM
best(best) used a hand_grenade 8-29-2020, 7:34:25 PM
best(best) used a hand_grenade 8-29-2020, 7:34:25 PM
best(best) used a hand_grenade 8-29-2020, 7:34:25 PM
best(best) used a hand_grenade 8-29-2020, 7:34:25 PM
best(best) used a hand_grenade 8-29-2020, 7:34:25 PM
best(best) used a hand_grenade 8-29-2020, 7:34:26 PM
best(best) used a hand_grenade 8-29-2020, 7:34:26 PM
best(best) used a hand_grenade 8-29-2020, 7:34:26 PM
best(best) used a hand_grenade 8-29-2020, 7:35:13 PM
best(best) used a hand_grenade 8-29-2020, 7:35:13 PM
best(best) used a hand_grenade 8-29-2020, 7:35:14 PM
best(best) used a hand_grenade 8-29-2020, 7:35:14 PM
best(best) used a hand_grenade 8-29-2020, 7:35:14 PM
best(best) used a hand_grenade 8-29-2020, 7:35:14 PM
best(best) used a hand_grenade 8-29-2020, 7:35:14 PM
best(best) used a hand_grenade 8-29-2020, 7:35:15 PM
best(best) used a hand_grenade 8-29-2020, 7:35:15 PM
best(best) used a hand_grenade 8-29-2020, 7:35:15 PM
best(best) used a hand_grenade 8-29-2020, 7:35:15 PM
best(best) used a hand_grenade 8-29-2020, 7:35:16 PM
best(best) used a hand_grenade 8-29-2020, 7:35:17 PM
best(best) used a hand_grenade 8-29-2020, 7:35:17 PM
best(best) used a hand_grenade 8-29-2020, 7:35:17 PM
best(best) used a hand_grenade 8-29-2020, 7:35:17 PM
best(best) used a hand_grenade 8-29-2020, 7:35:18 PM
best(best) used a hand_grenade 8-29-2020, 7:35:18 PM
best(best) used a hand_grenade 8-29-2020, 7:35:18 PM
best(best) used a hand_grenade 8-29-2020, 7:35:18 PM
best(best) used a hand_grenade 8-29-2020, 7:35:18 PM
best(best) used a hand_grenade 8-29-2020, 7:35:18 PM
best(best) used a hand_grenade 8-29-2020, 7:35:19 PM
best(best) used a hand_grenade 8-29-2020, 7:35:19 PM
best(best) used a hand_grenade 8-29-2020, 7:35:19 PM
best(best) used a hand_grenade 8-29-2020, 7:35:19 PM
best(best) used a hand_grenade 8-29-2020, 7:35:19 PM
best(best) used a hand_grenade 8-29-2020, 7:35:20 PM
best(best) used a hand_grenade 8-29-2020, 7:35:20 PM
best(best) used a hand_grenade 8-29-2020, 7:35:20 PM
best(best) used a hand_grenade 8-29-2020, 7:35:20 PM
best(best) used a hand_grenade 8-29-2020, 7:35:20 PM
best(best) used a hand_grenade 8-29-2020, 7:35:21 PM
best(best) used a hand_grenade 8-29-2020, 7:35:21 PM
best(best) used a hand_grenade 8-29-2020, 7:35:21 PM
best(best) used a hand_grenade 8-29-2020, 7:35:22 PM
best(best) used a hand_grenade 8-29-2020, 7:35:22 PM
best(best) used a hand_grenade 8-29-2020, 7:35:22 PM
best(best) used a hand_grenade 8-29-2020, 7:35:22 PM
best(best) used a hand_grenade 8-29-2020, 7:35:23 PM
best(best) used a hand_grenade 8-29-2020, 7:35:23 PM
best(best) used a hand_grenade 8-29-2020, 7:35:23 PM
best(best) used a hand_grenade 8-29-2020, 7:35:23 PM
best(best) used a hand_grenade 8-29-2020, 7:35:23 PM
best(best) used a hand_grenade 8-29-2020, 7:35:24 PM
best(best) used a hand_grenade 8-29-2020, 7:35:24 PM
best(best) used a hand_grenade 8-29-2020, 7:35:24 PM
best(best) used a hand_grenade 8-29-2020, 7:35:24 PM
best(best) used a hand_grenade 8-29-2020, 7:35:24 PM
best(best) used a hand_grenade 8-29-2020, 7:35:24 PM
best(best) used a hand_grenade 8-29-2020, 7:35:25 PM
best(best) used a hand_grenade 8-29-2020, 7:35:25 PM
best(best) used a hand_grenade 8-29-2020, 7:35:25 PM
best(best) used a hand_grenade 8-29-2020, 7:35:25 PM
best(best) used a hand_grenade 8-29-2020, 7:35:25 PM
best(best) used a hand_grenade 8-29-2020, 7:35:26 PM
best(best) used a hand_grenade 8-29-2020, 7:35:26 PM
best(best) used a hand_grenade 8-29-2020, 7:35:26 PM
best(best) used a hand_grenade 8-29-2020, 7:35:26 PM
best(best) used a hand_grenade 8-29-2020, 7:35:26 PM
best(best) used a hand_grenade 8-29-2020, 7:35:37 PM
best(best) used a hand_grenade 8-29-2020, 7:35:37 PM
best(best) used a hand_grenade 8-29-2020, 7:35:37 PM
best(best) used a hand_grenade 8-29-2020, 7:35:37 PM
best(best) used a hand_grenade 8-29-2020, 7:35:38 PM
best(best) used a hand_grenade 8-29-2020, 7:35:38 PM
best(best) used a hand_grenade 8-29-2020, 7:35:38 PM
best(best) used a hand_grenade 8-29-2020, 7:35:38 PM
best(best) used a hand_grenade 8-29-2020, 7:35:38 PM
best(best) used a hand_grenade 8-29-2020, 7:35:39 PM
best(best) used a hand_grenade 8-29-2020, 7:35:39 PM
best(best) used a hand_grenade 8-29-2020, 7:35:39 PM
best(best) used a hand_grenade 8-29-2020, 7:35:39 PM
best(best) used a hand_grenade 8-29-2020, 7:35:39 PM
best(best) used a hand_grenade 8-29-2020, 7:35:40 PM
best(best) used a hand_grenade 8-29-2020, 7:35:40 PM
best(best) used a hand_grenade 8-29-2020, 7:35:40 PM
best(best) used a hand_grenade 8-29-2020, 7:35:40 PM
best(best) used a hand_grenade 8-29-2020, 7:35:41 PM
best(best) used a hand_grenade 8-29-2020, 7:35:41 PM
best(best) used a hand_grenade 8-29-2020, 7:35:41 PM
best(best) used a hand_grenade 8-29-2020, 7:35:41 PM
best(best) used a hand_grenade 8-29-2020, 7:35:41 PM
best(best) used a hand_grenade 8-29-2020, 7:35:42 PM
best(best) used a hand_grenade 8-29-2020, 7:35:42 PM
best(best) used a hand_grenade 8-29-2020, 7:35:42 PM
best(best) used a hand_grenade 8-29-2020, 7:35:42 PM
best(best) used a hand_grenade 8-29-2020, 7:35:42 PM
best(best) used a hand_grenade 8-29-2020, 7:35:43 PM
best(best) used a hand_grenade 8-29-2020, 7:35:43 PM
best(best) used a hand_grenade 8-29-2020, 7:35:43 PM
best(best) used a hand_grenade 8-29-2020, 7:35:43 PM
best(best) used a hand_grenade 8-29-2020, 7:35:43 PM
best(best) used a hand_grenade 8-29-2020, 7:35:43 PM
best(best) used a hand_grenade 8-29-2020, 7:35:44 PM
best(best) used a hand_grenade 8-29-2020, 7:35:44 PM
best(best) used a hand_grenade 8-29-2020, 7:35:44 PM
best(best) used a hand_grenade 8-29-2020, 7:35:44 PM
best(best) used a hand_grenade 8-29-2020, 7:35:44 PM
best(best) used a hand_grenade 8-29-2020, 7:35:44 PM
best(best) used a hand_grenade 8-29-2020, 7:35:45 PM
best(best) used a hand_grenade 8-29-2020, 7:35:45 PM
best(best) used a hand_grenade 8-29-2020, 7:35:45 PM
best(best) used a hand_grenade 8-29-2020, 7:35:46 PM
best(best) used a hand_grenade 8-29-2020, 7:35:50 PM
best(best) used a hand_grenade 8-29-2020, 7:35:51 PM
best(best) used a hand_grenade 8-29-2020, 7:35:58 PM
best(best) used a hand_grenade 8-29-2020, 7:35:58 PM
best(best) used a hand_grenade 8-29-2020, 7:35:59 PM
best(best) used a hand_grenade 8-29-2020, 7:35:59 PM
best(best) used a hand_grenade 8-29-2020, 7:35:59 PM
best(best) used a hand_grenade 8-29-2020, 7:35:59 PM
best(best) used a hand_grenade 8-29-2020, 7:35:59 PM
best(best) used a hand_grenade 8-29-2020, 7:36:00 PM
best(best) used a hand_grenade 8-29-2020, 7:36:00 PM
best(best) used a hand_grenade 8-29-2020, 7:36:00 PM
best(best) used a hand_grenade 8-29-2020, 7:36:00 PM
best(best) used a hand_grenade 8-29-2020, 7:36:01 PM
best(best) used a hand_grenade 8-29-2020, 7:36:01 PM
best(best) used a hand_grenade 8-29-2020, 7:36:01 PM
best(best) used a hand_grenade 8-29-2020, 7:36:02 PM
best(best) used a hand_grenade 8-29-2020, 7:36:02 PM
best(best) used a hand_grenade 8-29-2020, 7:36:02 PM
best(best) used a hand_grenade 8-29-2020, 7:36:02 PM
best(best) used a hand_grenade 8-29-2020, 7:36:03 PM
best(best) used a hand_grenade 8-29-2020, 7:36:03 PM
best(best) used a hand_grenade 8-29-2020, 7:36:03 PM
best(best) used a hand_grenade 8-29-2020, 7:36:03 PM
best(best) used a hand_grenade 8-29-2020, 7:36:03 PM
best(best) used a hand_grenade 8-29-2020, 7:36:03 PM
best(best) used a hand_grenade 8-29-2020, 7:36:03 PM
best(best) used a hand_grenade 8-29-2020, 7:36:04 PM
best(best) used a hand_grenade 8-29-2020, 7:36:04 PM
best(best) used a hand_grenade 8-29-2020, 7:36:20 PM
best(best) used a hand_grenade 8-29-2020, 7:36:20 PM
best(best) used a hand_grenade 8-29-2020, 7:36:20 PM
best(best) used a hand_grenade 8-29-2020, 7:36:20 PM
best(best) used a hand_grenade 8-29-2020, 7:36:27 PM
best(best) used a hand_grenade 8-29-2020, 7:36:27 PM
best(best) used a hand_grenade 8-29-2020, 7:36:27 PM
best(best) used a hand_grenade 8-29-2020, 7:36:27 PM
best(best) used a hand_grenade 8-29-2020, 7:36:27 PM
best(best) used a hand_grenade 8-29-2020, 7:36:27 PM
best(best) used a hand_grenade 8-29-2020, 7:36:27 PM
best(best) used a hand_grenade 8-29-2020, 7:36:27 PM
best(best) used a hand_grenade 8-29-2020, 7:36:28 PM
best(best) used a hand_grenade 8-29-2020, 7:36:28 PM
best(best) used a hand_grenade 8-29-2020, 7:36:28 PM
best(best) used a hand_grenade 8-29-2020, 7:36:28 PM
best(best) used a hand_grenade 8-29-2020, 7:36:28 PM
best(best) used a hand_grenade 8-29-2020, 7:36:28 PM
best(best) used a hand_grenade 8-29-2020, 7:36:29 PM
best(best) used a hand_grenade 8-29-2020, 7:36:29 PM
best(best) used a hand_grenade 8-29-2020, 7:36:29 PM
best(best) used a hand_grenade 8-29-2020, 7:36:29 PM
best(best) used a hand_grenade 8-29-2020, 7:36:29 PM
best(best) used a hand_grenade 8-29-2020, 7:36:30 PM
best(best) used a hand_grenade 8-29-2020, 7:36:30 PM
best(best) used a hand_grenade 8-29-2020, 7:36:30 PM
best(best) used a hand_grenade 8-29-2020, 7:36:31 PM
best(best) used a hand_grenade 8-29-2020, 7:36:31 PM
best(best) used a hand_grenade 8-29-2020, 7:36:31 PM
best(best) used a hand_grenade 8-29-2020, 7:36:31 PM
best(best) used a hand_grenade 8-29-2020, 7:36:31 PM
best(best) used a hand_grenade 8-29-2020, 7:36:32 PM
best(best) used a hand_grenade 8-29-2020, 7:36:32 PM
best(best) used a hand_grenade 8-29-2020, 7:36:32 PM
best(best) used a hand_grenade 8-29-2020, 7:36:32 PM
best(best) used a hand_grenade 8-29-2020, 7:36:32 PM
best(best) used a hand_grenade 8-29-2020, 7:36:33 PM
best(best) used a hand_grenade 8-29-2020, 7:36:33 PM
best(best) used a hand_grenade 8-29-2020, 7:36:33 PM
best(best) used a hand_grenade 8-29-2020, 7:36:33 PM
best(best) used a hand_grenade 8-29-2020, 7:36:35 PM
best(best) used a hand_grenade 8-29-2020, 7:36:35 PM
best(best) used a hand_grenade 8-29-2020, 7:36:35 PM
best(best) used a hand_grenade 8-29-2020, 7:36:35 PM
best(best) used a hand_grenade 8-29-2020, 7:36:35 PM
best(best) used a hand_grenade 8-29-2020, 7:36:36 PM
best(best) used a hand_grenade 8-29-2020, 7:36:36 PM
best(best) used a hand_grenade 8-29-2020, 7:36:36 PM
best(best) used a hand_grenade 8-29-2020, 7:36:36 PM
best(best) used a hand_grenade 8-29-2020, 7:36:36 PM
best(best) used a hand_grenade 8-29-2020, 7:36:36 PM
best(best) used a hand_grenade 8-29-2020, 7:36:37 PM
best(best) used a hand_grenade 8-29-2020, 7:36:37 PM
best(best) used a hand_grenade 8-29-2020, 7:36:37 PM
best(best) used a hand_grenade 8-29-2020, 7:36:38 PM
best(best) used a hand_grenade 8-29-2020, 7:36:38 PM
best(best) used a hand_grenade 8-29-2020, 7:36:38 PM
best(best) used a hand_grenade 8-29-2020, 7:36:38 PM
best(best) used a hand_grenade 8-29-2020, 7:36:39 PM
best(best) used a hand_grenade 8-29-2020, 7:36:39 PM
best(best) used a hand_grenade 8-29-2020, 7:36:48 PM
best(best) used a hand_grenade 8-29-2020, 7:36:48 PM
best(best) used a hand_grenade 8-29-2020, 7:36:48 PM
best(best) used a hand_grenade 8-29-2020, 7:36:56 PM
best(best) used a hand_grenade 8-29-2020, 7:36:56 PM
best(best) used a hand_grenade 8-29-2020, 7:36:57 PM
best(best) used a hand_grenade 8-29-2020, 7:36:57 PM
best(best) used a hand_grenade 8-29-2020, 7:36:57 PM
best(best) used a hand_grenade 8-29-2020, 7:36:58 PM
best(best) used a hand_grenade 8-29-2020, 7:36:58 PM
best(best) used a hand_grenade 8-29-2020, 7:36:58 PM
best(best) used a hand_grenade 8-29-2020, 7:37:01 PM
best(best) used a hand_grenade 8-29-2020, 7:37:01 PM
best(best) used a hand_grenade 8-29-2020, 7:37:01 PM
best(best) used a hand_grenade 8-29-2020, 7:37:01 PM
best(best) used a hand_grenade 8-29-2020, 7:37:01 PM
best(best) used a hand_grenade 8-29-2020, 7:37:02 PM
best(best) used a hand_grenade 8-29-2020, 7:37:02 PM
best(best) used a hand_grenade 8-29-2020, 7:37:02 PM
best(best) used a hand_grenade 8-29-2020, 7:37:02 PM
best(best) used a hand_grenade 8-29-2020, 7:37:03 PM
best(best) used a hand_grenade 8-29-2020, 7:37:03 PM
best(best) used a hand_grenade 8-29-2020, 7:37:03 PM
best(best) used a hand_grenade 8-29-2020, 7:37:03 PM
best(best) used a hand_grenade 8-29-2020, 7:37:03 PM
best(best) used a hand_grenade 8-29-2020, 7:37:04 PM
best(best) used a hand_grenade 8-29-2020, 7:37:04 PM
best(best) used a cannon 8-29-2020, 7:37:43 PM
best(best) used a cannon 8-29-2020, 7:37:44 PM
best(best) used a cannon 8-29-2020, 7:37:44 PM
best(best) used a cannon 8-29-2020, 7:37:45 PM
best(best) used a cannon 8-29-2020, 7:37:45 PM
best(best) used a cannon 8-29-2020, 7:37:53 PM
best(best) used a cannon 8-29-2020, 7:38:49 PM
best(best) used a hand_grenade 8-29-2020, 7:38:56 PM
best(best) used a hand_grenade 8-29-2020, 7:38:56 PM
best(best) used a hand_grenade 8-29-2020, 7:38:57 PM
best(best) used a hand_grenade 8-29-2020, 7:38:57 PM
best(best) used a hand_grenade 8-29-2020, 7:38:58 PM
best(best) used a hand_grenade 8-29-2020, 7:38:58 PM
best(best) used a hand_grenade 8-29-2020, 7:38:58 PM
best(best) used a hand_grenade 8-29-2020, 7:38:58 PM
best(best) used a hand_grenade 8-29-2020, 7:38:58 PM
best(best) used a hand_grenade 8-29-2020, 7:38:59 PM
best(best) used a hand_grenade 8-29-2020, 7:38:59 PM
best(best) used a hand_grenade 8-29-2020, 7:38:59 PM
best(best) used a hand_grenade 8-29-2020, 7:38:59 PM
best(best) used a hand_grenade 8-29-2020, 7:38:59 PM
best(best) used a hand_grenade 8-29-2020, 7:39:00 PM
best(best) used a hand_grenade 8-29-2020, 7:39:00 PM
best(best) used a hand_grenade 8-29-2020, 7:39:00 PM
best(best) used a hand_grenade 8-29-2020, 7:39:00 PM
best(best) used a hand_grenade 8-29-2020, 7:39:00 PM
best(best) used a hand_grenade 8-29-2020, 7:39:00 PM
best(best) used a hand_grenade 8-29-2020, 7:39:01 PM
best(best) used a hand_grenade 8-29-2020, 7:39:01 PM
best(best) used a hand_grenade 8-29-2020, 7:39:01 PM
best(best) used a hand_grenade 8-29-2020, 7:39:01 PM
best(best) used a hand_grenade 8-29-2020, 7:39:01 PM
best(best) used a hand_grenade 8-29-2020, 7:39:02 PM
best(best) used a hand_grenade 8-29-2020, 7:39:02 PM
best(best) used a hand_grenade 8-29-2020, 7:39:02 PM
best(best) used a hand_grenade 8-29-2020, 7:39:02 PM
best(best) used a hand_grenade 8-29-2020, 7:39:02 PM
best(best) used a hand_grenade 8-29-2020, 7:39:03 PM
best(best) used a hand_grenade 8-29-2020, 7:39:03 PM
best(best) used a hand_grenade 8-29-2020, 7:39:03 PM
best(best) used a hand_grenade 8-29-2020, 7:39:04 PM
best(best) used a hand_grenade 8-29-2020, 7:39:04 PM
best(best) used a hand_grenade 8-29-2020, 7:39:04 PM
best(best) used a hand_grenade 8-29-2020, 7:39:05 PM
best(best) used a hand_grenade 8-29-2020, 7:39:05 PM
best(best) used a hand_grenade 8-29-2020, 7:39:05 PM
best(best) used a hand_grenade 8-29-2020, 7:39:05 PM
best(best) used a hand_grenade 8-29-2020, 7:39:05 PM
best(best) used a hand_grenade 8-29-2020, 7:39:06 PM
best(best) used a hand_grenade 8-29-2020, 7:39:06 PM
best(best) used a hand_grenade 8-29-2020, 7:39:27 PM
best(best) used a hand_grenade 8-29-2020, 7:39:28 PM
best(best) used a hand_grenade 8-29-2020, 7:39:28 PM
best(best) used a hand_grenade 8-29-2020, 7:39:28 PM
best(best) used a hand_grenade 8-29-2020, 7:39:28 PM
best(best) used a hand_grenade 8-29-2020, 7:39:28 PM
best(best) used a hand_grenade 8-29-2020, 7:39:28 PM
best(best) used a hand_grenade 8-29-2020, 7:39:29 PM
best(best) used a hand_grenade 8-29-2020, 7:39:29 PM
best(best) used a hand_grenade 8-29-2020, 7:39:29 PM
best(best) used a hand_grenade 8-29-2020, 7:39:29 PM
best(best) used a hand_grenade 8-29-2020, 7:39:30 PM
best(best) used a hand_grenade 8-29-2020, 7:39:31 PM
best(best) used a hand_grenade 8-29-2020, 7:39:31 PM
best(best) used a hand_grenade 8-29-2020, 7:39:31 PM
best(best) used a hand_grenade 8-29-2020, 7:39:31 PM
best(best) used a hand_grenade 8-29-2020, 7:39:31 PM
best(best) used a hand_grenade 8-29-2020, 7:39:31 PM
best(best) used a hand_grenade 8-29-2020, 7:39:32 PM
best(best) used a hand_grenade 8-29-2020, 7:39:32 PM
best(best) used a hand_grenade 8-29-2020, 7:39:32 PM
best(best) used a hand_grenade 8-29-2020, 7:39:32 PM
best(best) used a hand_grenade 8-29-2020, 7:39:32 PM
best(best) used a hand_grenade 8-29-2020, 7:39:32 PM
best(best) used a hand_grenade 8-29-2020, 7:39:33 PM
best(best) used a hand_grenade 8-29-2020, 7:39:33 PM
best(best) used a hand_grenade 8-29-2020, 7:39:33 PM
best(best) used a hand_grenade 8-29-2020, 7:39:33 PM
best(best) used a hand_grenade 8-29-2020, 7:39:33 PM
best(best) used a hand_grenade 8-29-2020, 7:39:33 PM
best(best) used a hand_grenade 8-29-2020, 7:39:34 PM
best(best) used a hand_grenade 8-29-2020, 7:39:34 PM
best(best) used a hand_grenade 8-29-2020, 7:39:35 PM
best(best) used a hand_grenade 8-29-2020, 7:39:35 PM
best(best) used a hand_grenade 8-29-2020, 7:39:35 PM
best(best) used a hand_grenade 8-29-2020, 7:39:35 PM
best(best) used a hand_grenade 8-29-2020, 7:39:35 PM
best(best) used a hand_grenade 8-29-2020, 7:39:36 PM
best(best) used a hand_grenade 8-29-2020, 7:39:36 PM
best(best) used a hand_grenade 8-29-2020, 7:39:38 PM
best(best) used a hand_grenade 8-29-2020, 7:39:38 PM
best(best) used a hand_grenade 8-29-2020, 7:39:38 PM
best(best) used a hand_grenade 8-29-2020, 7:39:39 PM
best(best) used a hand_grenade 8-29-2020, 7:39:40 PM
best(best) used a hand_grenade 8-29-2020, 7:39:42 PM
best(best) used a hand_grenade 8-29-2020, 7:39:42 PM
best(best) used a hand_grenade 8-29-2020, 7:39:42 PM
best(best) used a hand_grenade 8-29-2020, 7:39:42 PM
best(best) used a hand_grenade 8-29-2020, 7:39:43 PM
best(best) used a hand_grenade 8-29-2020, 7:40:07 PM
best(best) used a hand_grenade 8-29-2020, 7:40:07 PM
best(best) used a hand_grenade 8-29-2020, 7:40:07 PM
best(best) used a hand_grenade 8-29-2020, 7:40:08 PM
best(best) used a hand_grenade 8-29-2020, 7:40:08 PM
best(best) used a hand_grenade 8-29-2020, 7:40:08 PM
best(best) used a hand_grenade 8-29-2020, 7:40:08 PM
best(best) used a hand_grenade 8-29-2020, 7:40:08 PM
best(best) used a hand_grenade 8-29-2020, 7:40:08 PM
best(best) used a hand_grenade 8-29-2020, 7:40:09 PM
best(best) used a hand_grenade 8-29-2020, 7:40:09 PM
best(best) used a hand_grenade 8-29-2020, 7:40:09 PM
best(best) used a hand_grenade 8-29-2020, 7:40:09 PM
best(best) used a hand_grenade 8-29-2020, 7:40:09 PM
best(best) used a hand_grenade 8-29-2020, 7:40:10 PM
best(best) used a hand_grenade 8-29-2020, 7:40:10 PM
best(best) used a hand_grenade 8-29-2020, 7:40:10 PM
best(best) used a tk_ultra_health_potion 8-29-2020, 7:40:17 PM
best(best) used a tk_ultra_health_potion 8-29-2020, 7:40:17 PM
best(best) used a tk_ultra_health_potion 8-29-2020, 7:40:18 PM
best(best) used a tk_ultra_health_potion 8-29-2020, 7:40:18 PM
best(best) used a tk_ultra_health_potion 8-29-2020, 7:40:18 PM
best(best) used a tk_ultra_health_potion 8-29-2020, 7:40:19 PM
best(best) used a tk_ultra_health_potion 8-29-2020, 7:40:19 PM
best(best) used a tk_ultra_health_potion 8-29-2020, 7:40:22 PM
best(best) used a tk_ultra_health_potion 8-29-2020, 7:40:22 PM
best(best) used a tk_ultra_health_potion 8-29-2020, 7:40:26 PM
best(best) used a tk_ultra_health_potion 8-29-2020, 7:40:26 PM
best(best) used a tk_ultra_health_potion 8-29-2020, 7:40:27 PM
best(best) used a tk_ultra_health_potion 8-29-2020, 7:40:27 PM
best(best) used a tk_ultra_health_potion 8-29-2020, 7:40:27 PM
best(best) used a tk_ultra_health_potion 8-29-2020, 7:40:28 PM
best(best) used a tk_ultra_health_potion 8-29-2020, 7:40:29 PM
best(best) used a tk_ultra_health_potion 8-29-2020, 7:40:30 PM
best(best) used a tk_ultra_health_potion 8-29-2020, 7:40:38 PM
best(best) used a tk_ultra_health_potion 8-29-2020, 7:40:39 PM
best(best) used a hand_grenade 8-29-2020, 7:40:52 PM
best(best) used a hand_grenade 8-29-2020, 7:40:52 PM
best(best) used a hand_grenade 8-29-2020, 7:40:52 PM
best(best) used a hand_grenade 8-29-2020, 7:40:52 PM
best(best) used a hand_grenade 8-29-2020, 7:40:52 PM
best(best) used a hand_grenade 8-29-2020, 7:40:53 PM
best(best) used a hand_grenade 8-29-2020, 7:40:55 PM
best(best) used a hand_grenade 8-29-2020, 7:40:55 PM
best(best) used a hand_grenade 8-29-2020, 7:40:56 PM
best(best) used a hand_grenade 8-29-2020, 7:40:56 PM
best(best) used a hand_grenade 8-29-2020, 7:40:56 PM
best(best) used a hand_grenade 8-29-2020, 7:40:56 PM
best(best) used a hand_grenade 8-29-2020, 7:40:56 PM
best(best) used a hand_grenade 8-29-2020, 7:40:57 PM
best(best) used a hand_grenade 8-29-2020, 7:40:57 PM
best(best) used a hand_grenade 8-29-2020, 7:40:57 PM
best(best) used a hand_grenade 8-29-2020, 7:41:00 PM
best(best) used a hand_grenade 8-29-2020, 7:41:00 PM
best(best) used a hand_grenade 8-29-2020, 7:41:00 PM
best(best) used a hand_grenade 8-29-2020, 7:41:01 PM
best(best) used a hand_grenade 8-29-2020, 7:41:01 PM
best(best) used a hand_grenade 8-29-2020, 7:41:01 PM
best(best) used a hand_grenade 8-29-2020, 7:41:01 PM
best(best) used a hand_grenade 8-29-2020, 7:41:02 PM
best(best) used a hand_grenade 8-29-2020, 7:41:02 PM
best(best) used a hand_grenade 8-29-2020, 7:41:07 PM
best(best) used a hand_grenade 8-29-2020, 7:41:07 PM
best(best) used a hand_grenade 8-29-2020, 7:41:07 PM
best(best) used a hand_grenade 8-29-2020, 7:41:10 PM
best(best) used a hand_grenade 8-29-2020, 7:46:32 PM
best(best) used a hand_grenade 8-29-2020, 7:46:32 PM
best(best) used a hand_grenade 8-29-2020, 7:46:33 PM
best(best) used a hand_grenade 8-29-2020, 7:46:33 PM
best(best) used a hand_grenade 8-29-2020, 7:46:33 PM
best(best) used a hand_grenade 8-29-2020, 7:46:33 PM
best(best) used a hand_grenade 8-29-2020, 7:46:33 PM
best(best) used a hand_grenade 8-29-2020, 7:46:34 PM
best(best) used a hand_grenade 8-29-2020, 7:46:34 PM
best(best) used a hand_grenade 8-29-2020, 7:46:54 PM
best(best) used a tk_ultra_health_potion 8-29-2020, 7:47:01 PM
best(best) used a shield 8-29-2020, 7:47:03 PM
best(best) used a shield 8-29-2020, 7:47:04 PM
best(best) used a shield 8-29-2020, 7:47:04 PM
best(best) used a shield 8-29-2020, 7:47:05 PM
best(best) used a shield 8-29-2020, 7:47:05 PM
best(best) used a shield 8-29-2020, 7:47:06 PM
best(best) used a shield 8-29-2020, 7:47:07 PM
best(best) used a shield 8-29-2020, 7:47:08 PM
best(best) used a shield 8-29-2020, 7:47:11 PM
best(best) used a shield 8-29-2020, 7:47:12 PM
best(best) used a shield 8-29-2020, 7:47:12 PM
best(best) used a shield 8-29-2020, 7:47:13 PM
best(best) used a shield 8-29-2020, 7:47:13 PM
best(best) used a shield 8-29-2020, 7:47:13 PM
best(best) used a shield 8-29-2020, 7:47:17 PM
best(best) used a shield 8-29-2020, 7:47:17 PM
best(best) used a shield 8-29-2020, 7:47:17 PM
best(best) used a shield 8-29-2020, 7:47:17 PM
best(best) used a shield 8-29-2020, 7:47:17 PM
best(best) used a shield 8-29-2020, 7:47:18 PM
best(best) used a shield 8-29-2020, 7:47:18 PM
best(best) used a shield 8-29-2020, 7:47:18 PM
best(best) used a shield 8-29-2020, 7:47:18 PM
best(best) used a shield 8-29-2020, 7:47:18 PM
best(best) used a shield 8-29-2020, 7:47:18 PM
best(best) used a shield 8-29-2020, 7:47:19 PM
best(best) used a shield 8-29-2020, 7:47:19 PM
best(best) used a shield 8-29-2020, 7:47:19 PM
best(best) used a shield 8-29-2020, 7:47:19 PM
best(best) used a shield 8-29-2020, 7:47:19 PM
best(best) used a shield 8-29-2020, 7:47:19 PM
best(best) used a shield 8-29-2020, 7:47:20 PM
best(best) used a shield 8-29-2020, 7:47:20 PM
best(best) used a shield 8-29-2020, 7:47:20 PM
best(best) used a shield 8-29-2020, 7:47:20 PM
best(best) used a shield 8-29-2020, 7:47:20 PM
best(best) used a shield 8-29-2020, 7:47:21 PM
best(best) used a shield 8-29-2020, 7:47:21 PM
best(best) used a shield 8-29-2020, 7:47:21 PM
best(best) used a shield 8-29-2020, 7:47:21 PM
best(best) used a shield 8-29-2020, 7:47:21 PM
best(best) used a shield 8-29-2020, 7:47:22 PM
best(best) used a shield 8-29-2020, 7:47:22 PM
best(best) used a shield 8-29-2020, 7:47:22 PM
best(best) used a shield 8-29-2020, 7:47:25 PM
best(best) used a tk_ultra_health_potion 8-29-2020, 7:48:44 PM
best(best) used a tk_ultra_health_potion 8-29-2020, 7:48:44 PM
best(best) used a hand_grenade 8-29-2020, 8:02:07 PM
best(best) used a hand_grenade 8-29-2020, 8:02:08 PM
best(best) used a hand_grenade 8-29-2020, 8:02:08 PM
best(best) used a hand_grenade 8-29-2020, 8:02:08 PM
best(best) used a hand_grenade 8-29-2020, 8:02:08 PM
best(best) used a hand_grenade 8-29-2020, 8:02:08 PM
best(best) used a hand_grenade 8-29-2020, 8:02:08 PM
best(best) used a hand_grenade 8-29-2020, 8:02:09 PM
best(best) used a hand_grenade 8-29-2020, 8:02:09 PM
best(best) used a hand_grenade 8-29-2020, 8:02:09 PM
best(best) used a hand_grenade 8-29-2020, 8:02:09 PM
best(best) used a hand_grenade 8-29-2020, 8:02:10 PM
best(best) used a hand_grenade 8-29-2020, 8:02:10 PM
best(best) used a hand_grenade 8-29-2020, 8:02:10 PM
best(best) used a hand_grenade 8-29-2020, 8:02:10 PM
best(best) used a hand_grenade 8-29-2020, 8:02:10 PM
best(best) used a hand_grenade 8-29-2020, 8:02:11 PM
best(best) used a hand_grenade 8-29-2020, 8:02:11 PM
best(best) used a hand_grenade 8-29-2020, 8:02:11 PM
best(best) used a hand_grenade 8-29-2020, 8:02:11 PM
best(best) used a hand_grenade 8-29-2020, 8:02:11 PM
best(best) used a hand_grenade 8-29-2020, 8:02:12 PM
best(best) used a hand_grenade 8-29-2020, 8:02:12 PM
best(best) used a hand_grenade 8-29-2020, 8:02:12 PM
best(best) used a tk_ultra_health_potion 8-29-2020, 8:02:36 PM
best(best) used a tk_ultra_health_potion 8-29-2020, 8:02:37 PM
best(best) used a shield 8-29-2020, 8:02:39 PM
best(best) used a shield 8-29-2020, 8:02:40 PM
best(best) used a shield 8-29-2020, 8:02:40 PM
best(best) used a shield 8-29-2020, 8:02:40 PM
best(best) used a shield 8-29-2020, 8:02:40 PM
best(best) used a shield 8-29-2020, 8:02:41 PM
best(best) used a shield 8-29-2020, 8:02:41 PM
best(best) used a shield 8-29-2020, 8:02:48 PM
best(best) used a shield 8-29-2020, 8:02:49 PM
best(best) used a shield 8-29-2020, 8:02:49 PM
best(best) used a shield 8-29-2020, 8:02:51 PM
best(best) used a shield 8-29-2020, 8:02:51 PM
best(best) used a shield 8-29-2020, 8:02:51 PM
best(best) used a shield 8-29-2020, 8:03:23 PM
best(best) used a shield 8-29-2020, 8:03:23 PM
best(best) used a shield 8-29-2020, 8:03:23 PM
best(best) used a shield 8-29-2020, 8:03:24 PM
best(best) used a shield 8-29-2020, 8:03:24 PM
best(best) used a shield 8-29-2020, 8:03:24 PM
best(best) used a shield 8-29-2020, 8:03:24 PM
best(best) used a shield 8-29-2020, 8:03:24 PM
best(best) used a shield 8-29-2020, 8:03:24 PM
best(best) used a shield 8-29-2020, 8:03:24 PM
best(best) used a shield 8-29-2020, 8:03:24 PM
best(best) used a shield 8-29-2020, 8:03:24 PM
best(best) used a shield 8-29-2020, 8:03:25 PM
best(best) used a shield 8-29-2020, 8:03:25 PM
best(best) used a shield 8-29-2020, 8:03:25 PM
best(best) used a shield 8-29-2020, 8:03:25 PM
best(best) used a shield 8-29-2020, 8:03:25 PM
best(best) used a shield 8-29-2020, 8:03:26 PM
best(best) used a shield 8-29-2020, 8:03:26 PM
best(best) used a shield 8-29-2020, 8:03:26 PM
best(best) used a shield 8-29-2020, 8:03:26 PM
best(best) used a shield 8-29-2020, 8:03:26 PM
best(best) used a shield 8-29-2020, 8:03:26 PM
best(best) used a shield 8-29-2020, 8:03:27 PM
best(best) used a shield 8-29-2020, 8:03:27 PM
best(best) used a shield 8-29-2020, 8:03:27 PM
best(best) used a shield 8-29-2020, 8:03:27 PM
best(best) used a shield 8-29-2020, 8:03:27 PM
best(best) used a shield 8-29-2020, 8:03:27 PM
best(best) used a shield 8-29-2020, 8:03:28 PM
best(best) used a shield 8-29-2020, 8:10:57 PM
best(best) used a shield 8-29-2020, 8:10:57 PM
best(best) used a shield 8-29-2020, 8:10:58 PM
best(best) used a shield 8-29-2020, 8:10:58 PM
best(best) used a shield 8-29-2020, 8:10:59 PM
best(best) used a tk_ultra_health_potion 8-29-2020, 8:23:37 PM
best(best) used a tk_ultra_health_potion 8-29-2020, 8:23:37 PM
best(best) used a hand_grenade 8-29-2020, 8:23:55 PM
best(best) used a hand_grenade 8-29-2020, 8:23:55 PM
best(best) used a hand_grenade 8-29-2020, 8:23:55 PM
best(best) used a hand_grenade 8-29-2020, 8:23:56 PM
best(best) used a hand_grenade 8-29-2020, 8:23:57 PM
best(best) used a hand_grenade 8-29-2020, 8:23:57 PM
best(best) used a hand_grenade 8-29-2020, 8:23:57 PM
best(best) used a hand_grenade 8-29-2020, 8:23:57 PM
best(best) used a hand_grenade 8-29-2020, 8:23:58 PM
best(best) used a hand_grenade 8-29-2020, 8:23:58 PM
best(best) used a hand_grenade 8-29-2020, 8:23:58 PM
best(best) used a hand_grenade 8-29-2020, 8:23:58 PM
best(best) used a hand_grenade 8-29-2020, 8:23:58 PM
best(best) used a hand_grenade 8-29-2020, 8:23:58 PM
best(best) used a hand_grenade 8-29-2020, 8:23:59 PM
best(best) used a hand_grenade 8-29-2020, 8:23:59 PM
best(best) used a hand_grenade 8-29-2020, 8:23:59 PM
best(best) used a hand_grenade 8-29-2020, 8:23:59 PM
best(best) used a hand_grenade 8-29-2020, 8:23:59 PM
best(best) used a hand_grenade 8-29-2020, 8:23:59 PM
best(best) used a hand_grenade 8-29-2020, 8:24:01 PM
best(best) used a hand_grenade 8-29-2020, 8:24:01 PM
best(best) used a hand_grenade 8-29-2020, 8:24:01 PM
best(best) used a hand_grenade 8-29-2020, 8:24:01 PM
best(best) used a hand_grenade 8-29-2020, 8:24:01 PM
best(best) used a hand_grenade 8-29-2020, 8:24:01 PM
best(best) used a hand_grenade 8-29-2020, 8:24:01 PM
best(best) used a hand_grenade 8-29-2020, 8:24:02 PM
best(best) used a hand_grenade 8-29-2020, 8:24:02 PM
best(best) used a hand_grenade 8-29-2020, 8:24:02 PM
best(best) used a hand_grenade 8-29-2020, 8:24:02 PM
best(best) used a hand_grenade 8-29-2020, 8:24:02 PM
best(best) used a hand_grenade 8-29-2020, 8:24:02 PM
best(best) used a hand_grenade 8-29-2020, 8:24:03 PM
best(best) used a hand_grenade 8-29-2020, 8:24:03 PM
best(best) used a hand_grenade 8-29-2020, 8:24:03 PM
best(best) used a hand_grenade 8-29-2020, 8:24:03 PM
best(best) used a hand_grenade 8-29-2020, 8:24:03 PM
best(best) used a hand_grenade 8-29-2020, 8:24:03 PM
best(best) used a hand_grenade 8-29-2020, 8:24:04 PM
best(best) used a hand_grenade 8-29-2020, 8:24:04 PM
best(best) used a hand_grenade 8-29-2020, 8:24:04 PM
best(best) used a hand_grenade 8-29-2020, 8:24:04 PM
best(best) used a hand_grenade 8-29-2020, 8:24:04 PM
best(best) used a hand_grenade 8-29-2020, 8:24:04 PM
best(best) used a hand_grenade 8-29-2020, 8:24:05 PM
best(best) used a hand_grenade 8-29-2020, 8:24:05 PM
best(best) used a hand_grenade 8-29-2020, 8:24:05 PM
best(best) used a hand_grenade 8-29-2020, 8:24:05 PM
best(best) used a hand_grenade 8-29-2020, 8:24:05 PM
best(best) used a hand_grenade 8-29-2020, 8:24:05 PM
best(best) used a hand_grenade 8-29-2020, 8:24:06 PM
best(best) used a hand_grenade 8-29-2020, 8:24:06 PM
best(best) used a hand_grenade 8-29-2020, 8:24:06 PM
best(best) used a hand_grenade 8-29-2020, 8:24:06 PM
best(best) used a hand_grenade 8-29-2020, 8:24:06 PM
best(best) used a hand_grenade 8-29-2020, 8:24:06 PM
best(best) used a hand_grenade 8-29-2020, 8:24:07 PM
best(best) used a hand_grenade 8-29-2020, 8:24:07 PM
best(best) used a hand_grenade 8-29-2020, 8:24:07 PM
best(best) used a hand_grenade 8-29-2020, 8:24:07 PM
best(best) used a hand_grenade 8-29-2020, 8:24:07 PM
best(best) used a hand_grenade 8-29-2020, 8:24:07 PM
best(best) used a hand_grenade 8-29-2020, 8:24:08 PM
best(best) used a hand_grenade 8-29-2020, 8:24:08 PM
best(best) used a hand_grenade 8-29-2020, 8:24:08 PM
best(best) used a hand_grenade 8-29-2020, 8:24:08 PM
best(best) used a hand_grenade 8-29-2020, 8:24:08 PM
best(best) used a hand_grenade 8-29-2020, 8:24:08 PM
best(best) used a hand_grenade 8-29-2020, 8:24:09 PM
best(best) used a hand_grenade 8-29-2020, 8:24:09 PM
best(best) used a hand_grenade 8-29-2020, 8:24:09 PM
best(best) used a hand_grenade 8-29-2020, 8:24:09 PM
best(best) used a hand_grenade 8-29-2020, 8:24:09 PM
best(best) used a hand_grenade 8-29-2020, 8:24:09 PM
best(best) used a hand_grenade 8-29-2020, 8:24:10 PM
best(best) used a hand_grenade 8-29-2020, 8:24:10 PM
best(best) used a hand_grenade 8-29-2020, 8:24:10 PM
best(best) used a hand_grenade 8-29-2020, 8:24:10 PM
best(best) used a hand_grenade 8-29-2020, 8:24:10 PM
best(best) used a hand_grenade 8-29-2020, 8:24:11 PM
best(best) used a hand_grenade 8-29-2020, 8:24:11 PM
best(best) used a hand_grenade 8-29-2020, 8:24:12 PM
best(best) used a hand_grenade 8-29-2020, 8:24:12 PM
best(best) used a hand_grenade 8-29-2020, 8:24:12 PM
best(best) used a hand_grenade 8-29-2020, 8:24:12 PM
best(best) used a hand_grenade 8-29-2020, 8:24:13 PM
best(best) used a hand_grenade 8-29-2020, 8:24:13 PM
best(best) used a hand_grenade 8-29-2020, 8:24:14 PM
best(best) used a hand_grenade 8-29-2020, 8:24:14 PM
best(best) used a hand_grenade 8-29-2020, 8:24:14 PM
best(best) used a hand_grenade 8-29-2020, 8:24:14 PM
best(best) used a hand_grenade 8-29-2020, 8:24:14 PM
best(best) used a hand_grenade 8-29-2020, 8:24:15 PM
best(best) used a hand_grenade 8-29-2020, 8:24:15 PM
best(best) used a hand_grenade 8-29-2020, 8:24:15 PM
best(best) used a hand_grenade 8-29-2020, 8:24:16 PM
best(best) used a hand_grenade 8-29-2020, 8:24:16 PM
best(best) used a hand_grenade 8-29-2020, 8:24:16 PM
best(best) used a hand_grenade 8-29-2020, 8:24:16 PM
best(best) used a hand_grenade 8-29-2020, 8:24:16 PM
best(best) used a hand_grenade 8-29-2020, 8:24:17 PM
best(best) used a hand_grenade 8-29-2020, 8:24:17 PM
best(best) used a hand_grenade 8-29-2020, 8:24:17 PM
best(best) used a hand_grenade 8-29-2020, 8:24:17 PM
best(best) used a hand_grenade 8-29-2020, 8:24:17 PM
best(best) used a hand_grenade 8-29-2020, 8:24:17 PM
best(best) used a hand_grenade 8-29-2020, 8:24:18 PM
best(best) used a hand_grenade 8-29-2020, 8:24:18 PM
best(best) used a hand_grenade 8-29-2020, 8:24:18 PM
best(best) used a hand_grenade 8-29-2020, 8:24:18 PM
best(best) used a hand_grenade 8-29-2020, 8:24:18 PM
best(best) used a hand_grenade 8-29-2020, 8:24:19 PM
best(best) used a hand_grenade 8-29-2020, 8:24:19 PM
best(best) used a hand_grenade 8-29-2020, 8:24:19 PM
best(best) used a hand_grenade 8-29-2020, 8:24:19 PM
best(best) used a hand_grenade 8-29-2020, 8:24:19 PM
best(best) used a hand_grenade 8-29-2020, 8:24:19 PM
best(best) used a hand_grenade 8-29-2020, 8:24:20 PM
best(best) used a hand_grenade 8-29-2020, 8:24:20 PM
best(best) used a hand_grenade 8-29-2020, 8:24:20 PM
best(best) used a hand_grenade 8-29-2020, 8:24:20 PM
best(best) used a hand_grenade 8-29-2020, 8:24:20 PM
best(best) used a hand_grenade 8-29-2020, 8:24:20 PM
best(best) used a hand_grenade 8-29-2020, 8:24:21 PM
best(best) used a hand_grenade 8-29-2020, 8:24:21 PM
best(best) used a hand_grenade 8-29-2020, 8:24:21 PM
best(best) used a hand_grenade 8-29-2020, 8:24:21 PM
best(best) used a hand_grenade 8-29-2020, 8:24:21 PM
best(best) used a hand_grenade 8-29-2020, 8:24:21 PM
best(best) used a hand_grenade 8-29-2020, 8:24:22 PM
best(best) used a hand_grenade 8-29-2020, 8:24:22 PM
best(best) used a hand_grenade 8-29-2020, 8:24:22 PM
best(best) used a hand_grenade 8-29-2020, 8:24:22 PM
best(best) used a hand_grenade 8-29-2020, 8:24:23 PM
best(best) used a hand_grenade 8-29-2020, 8:24:23 PM
best(best) used a hand_grenade 8-29-2020, 8:24:23 PM
best(best) used a hand_grenade 8-29-2020, 8:24:30 PM
best(best) used a tk_ultra_health_potion 8-29-2020, 8:30:48 PM
best(best) used a tk_ultra_health_potion 8-29-2020, 8:30:49 PM
best(best) used a tk_ultra_health_potion 8-29-2020, 8:30:49 PM
best(best) used a hand_grenade 8-29-2020, 8:30:53 PM
best(best) used a hand_grenade 8-29-2020, 8:30:53 PM
best(best) used a shield 8-29-2020, 8:30:58 PM
best(best) used a shield 8-29-2020, 8:30:59 PM
best(best) used a shield 8-29-2020, 8:31:05 PM
best(best) used a shield 8-29-2020, 8:31:06 PM
best(best) used a shield 8-29-2020, 8:31:06 PM
best(best) used a shield 8-29-2020, 8:31:07 PM
best(best) used a shield 8-29-2020, 8:31:07 PM
best(best) used a shield 8-29-2020, 8:31:07 PM
best(best) used a shield 8-29-2020, 8:31:07 PM
best(best) used a shield 8-29-2020, 8:31:07 PM
best(best) used a shield 8-29-2020, 8:31:07 PM
best(best) used a shield 8-29-2020, 8:31:08 PM
best(best) used a shield 8-29-2020, 8:31:08 PM
best(best) used a shield 8-29-2020, 8:31:08 PM
best(best) used a shield 8-29-2020, 8:31:08 PM
best(best) used a shield 8-29-2020, 8:31:08 PM
best(best) used a shield 8-29-2020, 8:31:09 PM
best(best) used a shield 8-29-2020, 8:31:09 PM
best(best) used a shield 8-29-2020, 8:31:13 PM
best(best) used a shield 8-29-2020, 8:31:13 PM
best(best) used a shield 8-29-2020, 8:31:13 PM
best(best) used a shield 8-29-2020, 8:31:13 PM
best(best) used a shield 8-29-2020, 8:31:13 PM
best(best) used a shield 8-29-2020, 8:31:13 PM
best(best) used a shield 8-29-2020, 8:31:14 PM
best(best) used a shield 8-29-2020, 8:31:14 PM
best(best) used a shield 8-29-2020, 8:31:14 PM
best(best) used a shield 8-29-2020, 8:31:14 PM
best(best) used a shield 8-29-2020, 8:31:15 PM
best(best) used a hand_grenade 8-29-2020, 8:32:23 PM
best(best) used a hand_grenade 8-29-2020, 8:32:23 PM
best(best) used a hand_grenade 8-29-2020, 8:32:23 PM
best(best) used a hand_grenade 8-29-2020, 8:32:35 PM
best(best) used a shield 8-29-2020, 8:32:38 PM
best(best) used a shield 8-29-2020, 8:32:38 PM
best(best) used a shield 8-29-2020, 8:32:38 PM
best(best) used a tk_ultra_health_potion 8-29-2020, 8:32:43 PM
best(best) used a tk_ultra_health_potion 8-29-2020, 8:32:43 PM
best(best) used a cannon 8-29-2020, 8:32:52 PM
best(best) used a cannon 8-29-2020, 8:32:52 PM
best(best) used a cannon 8-29-2020, 8:32:52 PM
best(best) used a cannon 8-29-2020, 8:32:53 PM
best(best) used a cannon 8-29-2020, 8:32:55 PM
best(best) used a cannon 8-29-2020, 8:32:55 PM
best(best) used a tk_ultra_health_potion 8-29-2020, 8:33:05 PM
best(best) used a tk_ultra_health_potion 8-29-2020, 8:33:05 PM
best(best) used a cannon 8-29-2020, 8:33:25 PM
best(best) used a cannon 8-29-2020, 8:33:46 PM
best(best) used a cannon 8-29-2020, 8:33:46 PM
best(best) used a cannon 8-29-2020, 8:33:46 PM
best(best) used a cannon 8-29-2020, 8:33:47 PM
best(best) used a hand_grenade 8-29-2020, 8:33:50 PM
best(best) used a hand_grenade 8-29-2020, 8:33:50 PM
best(best) used a hand_grenade 8-29-2020, 8:33:50 PM
best(best) used a hand_grenade 8-29-2020, 8:33:50 PM
best(best) used a hand_grenade 8-29-2020, 8:33:50 PM
best(best) used a hand_grenade 8-29-2020, 8:33:52 PM
best(best) used a hand_grenade 8-29-2020, 8:33:52 PM
best(best) used a hand_grenade 8-29-2020, 8:33:53 PM
best(best) used a hand_grenade 8-29-2020, 8:33:53 PM
best(best) used a hand_grenade 8-29-2020, 8:33:53 PM
best(best) used a hand_grenade 8-29-2020, 8:33:53 PM
best(best) used a hand_grenade 8-29-2020, 8:33:54 PM
best(best) used a hand_grenade 8-29-2020, 8:33:54 PM
best(best) used a hand_grenade 8-29-2020, 8:34:00 PM
best(best) used a hand_grenade 8-29-2020, 8:34:00 PM
best(best) used a hand_grenade 8-29-2020, 8:34:00 PM
best(best) used a hand_grenade 8-29-2020, 8:34:00 PM
best(best) used a hand_grenade 8-29-2020, 8:34:01 PM
best(best) used a hand_grenade 8-29-2020, 8:34:01 PM
best(best) used a hand_grenade 8-29-2020, 8:34:01 PM
best(best) used a hand_grenade 8-29-2020, 8:34:02 PM
best(best) used a hand_grenade 8-29-2020, 8:34:02 PM
best(best) used a hand_grenade 8-29-2020, 8:34:02 PM
best(best) used a hand_grenade 8-29-2020, 8:34:02 PM
best(best) used a hand_grenade 8-29-2020, 8:34:02 PM
best(best) used a hand_grenade 8-29-2020, 8:34:03 PM
best(best) used a tk_ultra_health_potion 8-29-2020, 8:34:14 PM
best(best) used a tk_ultra_health_potion 8-29-2020, 8:34:14 PM
best(best) used a shield 8-29-2020, 8:35:25 PM
best(best) used a shield 8-29-2020, 8:35:25 PM
best(best) used a shield 8-29-2020, 8:35:25 PM
best(best) used a tk_ultra_health_potion 8-29-2020, 8:35:39 PM
best(best) used a tk_ultra_health_potion 8-29-2020, 8:35:39 PM
best(best) used a hand_grenade 8-29-2020, 8:36:27 PM
best(best) used a hand_grenade 8-29-2020, 8:36:27 PM
best(best) used a hand_grenade 8-29-2020, 8:36:28 PM
best(best) used a hand_grenade 8-29-2020, 8:36:28 PM
best(best) used a hand_grenade 8-29-2020, 8:36:28 PM
best(best) used a hand_grenade 8-29-2020, 8:36:28 PM
best(best) used a hand_grenade 8-29-2020, 8:36:28 PM
best(best) used a hand_grenade 8-29-2020, 8:36:28 PM
best(best) used a hand_grenade 8-29-2020, 8:36:28 PM
best(best) used a hand_grenade 8-29-2020, 8:36:29 PM
best(best) used a hand_grenade 8-29-2020, 8:36:29 PM
best(best) used a hand_grenade 8-29-2020, 8:36:29 PM
best(best) used a hand_grenade 8-29-2020, 8:36:29 PM
best(best) used a hand_grenade 8-29-2020, 8:36:29 PM
best(best) used a hand_grenade 8-29-2020, 8:36:29 PM
best(best) used a hand_grenade 8-29-2020, 8:36:29 PM
best(best) used a hand_grenade 8-29-2020, 8:36:30 PM
best(best) used a hand_grenade 8-29-2020, 8:36:37 PM
best(best) used a hand_grenade 8-29-2020, 8:38:28 PM
best(best) used a hand_grenade 8-29-2020, 8:38:28 PM
best(best) used a hand_grenade 8-29-2020, 8:38:28 PM
best(best) used a hand_grenade 8-29-2020, 8:38:28 PM
best(best) used a hand_grenade 8-29-2020, 8:38:29 PM
best(best) used a hand_grenade 8-29-2020, 8:38:29 PM
best(best) used a hand_grenade 8-29-2020, 8:38:29 PM
best(best) used a hand_grenade 8-29-2020, 8:38:29 PM
best(best) used a hand_grenade 8-29-2020, 8:38:29 PM
best(best) used a hand_grenade 8-29-2020, 8:38:29 PM
best(best) used a hand_grenade 8-29-2020, 8:38:29 PM
best(best) used a hand_grenade 8-29-2020, 8:38:30 PM
best(best) used a shield 8-29-2020, 8:38:51 PM
best(best) used a shield 8-29-2020, 8:38:51 PM
best(best) used a shield 8-29-2020, 8:38:52 PM
best(best) used a shield 8-29-2020, 8:38:52 PM
best(best) used a shield 8-29-2020, 8:38:52 PM
best(best) used a shield 8-29-2020, 8:38:52 PM
best(best) used a shield 8-29-2020, 8:38:52 PM
best(best) used a shield 8-29-2020, 8:38:53 PM
best(best) used a shield 8-29-2020, 8:38:53 PM
best(best) used a shield 8-29-2020, 8:38:53 PM
best(best) used a shield 8-29-2020, 8:38:53 PM
best(best) used a shield 8-29-2020, 8:38:53 PM
best(best) used a shield 8-29-2020, 8:38:53 PM
best(best) used a shield 8-29-2020, 8:38:54 PM
best(best) used a shield 8-29-2020, 8:38:54 PM
best(best) used a shield 8-29-2020, 8:38:54 PM
best(best) used a shield 8-29-2020, 8:38:54 PM
best(best) used a shield 8-29-2020, 8:38:54 PM
best(best) used a shield 8-29-2020, 8:38:54 PM
best(best) used a shield 8-29-2020, 8:38:55 PM
best(best) used a shield 8-29-2020, 8:38:55 PM
best(best) used a shield 8-29-2020, 8:38:55 PM
best(best) used a shield 8-29-2020, 8:38:55 PM
best(best) used a shield 8-29-2020, 8:38:55 PM
best(best) used a shield 8-29-2020, 8:38:55 PM
best(best) used a shield 8-29-2020, 8:38:56 PM
best(best) used a shield 8-29-2020, 8:38:56 PM
best(best) used a shield 8-29-2020, 8:38:56 PM
best(best) used a tk_ultra_health_potion 8-29-2020, 8:38:59 PM
best(best) used a tk_ultra_health_potion 8-29-2020, 8:38:59 PM
best(best) used a tk_ultra_health_potion 8-29-2020, 8:39:00 PM
best(best) used a tk_ultra_health_potion 8-29-2020, 8:40:08 PM
best(best) used a tk_ultra_health_potion 8-29-2020, 8:40:08 PM
best(best) used a shield 8-29-2020, 8:40:15 PM
best(best) used a shield 8-29-2020, 8:40:15 PM