
blindgamers14(roflgamer) used a storm_sniper 1-26-2021, 4:10:21 AM
blindgamers14(roflgamer) used a storm_sniper 1-26-2021, 4:10:21 AM
blindgamers14(roflgamer) used a modern_sub_machine_gun_carbine 1-26-2021, 4:11:22 AM
blindgamers14(roflgamer) used a modern_sub_machine_gun_carbine 1-26-2021, 4:11:23 AM
blindgamers14(roflgamer) used a warp_box 1-26-2021, 4:12:37 AM
blindgamers14(roflgamer) used a warp_box 1-26-2021, 4:12:58 AM
blindgamers14(roflgamer) used a warp_box 1-26-2021, 4:16:10 AM
blindgamers14(roflgamer) used a bullet_bomb 1-26-2021, 4:16:46 AM
blindgamers14(roflgamer) used a bomb_defuser 1-26-2021, 4:17:01 AM
blindgamers14(roflgamer) used a bomb_defuser 1-26-2021, 4:17:02 AM
blindgamers14(roflgamer) used a bomb_defuser 1-26-2021, 4:17:12 AM
blindgamers14(roflgamer) used a tk_ultra_health_potion 1-26-2021, 4:17:20 AM
blindgamers14(roflgamer) used a tk_ultra_health_potion 1-26-2021, 4:17:20 AM
blindgamers14(roflgamer) used a tk_ultra_health_potion 1-26-2021, 4:17:21 AM
blindgamers14(roflgamer) used a health_drink 1-26-2021, 4:17:23 AM
blindgamers14(roflgamer) used a health_drink 1-26-2021, 4:17:23 AM
blindgamers14(roflgamer) used a health_drink 1-26-2021, 4:17:26 AM
blindgamers14(roflgamer) used a health_drink 1-26-2021, 4:17:27 AM
blindgamers14(roflgamer) used a health_drink 1-26-2021, 4:17:30 AM
blindgamers14(roflgamer) used a health_drink 1-26-2021, 4:17:31 AM
blindgamers14(roflgamer) used a barricade_bomb 1-26-2021, 4:19:33 AM
blindgamers14(roflgamer) used a bomb_defuser 1-26-2021, 4:19:54 AM
blindgamers14(roflgamer) used a remote_timebomb 1-26-2021, 4:20:22 AM
blindgamers14(roflgamer) used a remote_timebomb 1-26-2021, 4:20:23 AM
blindgamers14(roflgamer) used a remote_timebomb 1-26-2021, 4:20:26 AM
blindgamers14(roflgamer) used a remote_timebomb 1-26-2021, 4:20:26 AM
blindgamers14(roflgamer) used a remote_timebomb 1-26-2021, 4:20:28 AM
blindgamers14(roflgamer) used a remote_timebomb 1-26-2021, 4:20:28 AM
blindgamers14(roflgamer) used a remote_timebomb 1-26-2021, 4:20:30 AM
blindgamers14(roflgamer) used a remote_timebomb 1-26-2021, 4:20:31 AM
blindgamers14(roflgamer) used a remote_timebomb 1-26-2021, 4:20:31 AM
blindgamers14(roflgamer) used a remote_timebomb 1-26-2021, 4:20:33 AM
blindgamers14(roflgamer) used a remote_timebomb 1-26-2021, 4:20:34 AM
blindgamers14(roflgamer) used a remote_timebomb 1-26-2021, 4:20:34 AM
blindgamers14(roflgamer) used a remote_timebomb 1-26-2021, 4:20:34 AM
blindgamers14(roflgamer) used a remote_timebomb 1-26-2021, 4:20:34 AM
blindgamers14(roflgamer) used a remote_timebomb 1-26-2021, 4:20:34 AM
blindgamers14(roflgamer) used a remote_timebomb 1-26-2021, 4:21:04 AM
blindgamers14(roflgamer) used a remote_timebomb 1-26-2021, 4:21:04 AM
blindgamers14(roflgamer) used a remote_timebomb 1-26-2021, 4:21:23 AM
blindgamers14(roflgamer) used a remote_timebomb 1-26-2021, 4:21:25 AM
blindgamers14(roflgamer) used a remote_timebomb 1-26-2021, 4:21:26 AM
blindgamers14(roflgamer) used a remote_timebomb 1-26-2021, 4:21:26 AM
blindgamers14(roflgamer) used a remote_timebomb 1-26-2021, 4:21:28 AM
blindgamers14(roflgamer) used a remote_timebomb 1-26-2021, 4:21:28 AM
blindgamers14(roflgamer) used a remote_timebomb 1-26-2021, 4:21:30 AM
blindgamers14(roflgamer) used a remote_timebomb 1-26-2021, 4:21:30 AM
blindgamers14(roflgamer) used a remote_timebomb 1-26-2021, 4:21:30 AM
blindgamers14(roflgamer) used a remote_timebomb 1-26-2021, 4:21:30 AM
blindgamers14(roflgamer) used a remote_timebomb 1-26-2021, 4:21:30 AM
blindgamers14(roflgamer) used a remote_timebomb 1-26-2021, 4:21:45 AM
blindgamers14(roflgamer) used a remote_timebomb 1-26-2021, 4:21:45 AM
blindgamers14(roflgamer) used a remote_timebomb 1-26-2021, 4:21:55 AM
blindgamers14(roflgamer) used a remote_timebomb 1-26-2021, 4:21:55 AM
blindgamers14(roflgamer) used a remote_timebomb 1-26-2021, 4:21:58 AM
blindgamers14(roflgamer) used a remote_timebomb 1-26-2021, 4:21:58 AM
blindgamers14(roflgamer) used a remote_timebomb 1-26-2021, 4:21:58 AM
blindgamers14(roflgamer) used a remote_timebomb 1-26-2021, 4:22:01 AM
blindgamers14(roflgamer) used a remote_timebomb 1-26-2021, 4:22:01 AM
blindgamers14(roflgamer) used a remote_timebomb 1-26-2021, 4:22:01 AM
blindgamers14(roflgamer) used a remote_timebomb 1-26-2021, 4:22:06 AM
blindgamers14(roflgamer) used a remote_timebomb 1-26-2021, 4:22:06 AM
blindgamers14(roflgamer) used a remote_timebomb 1-26-2021, 4:22:06 AM
blindgamers14(roflgamer) used a remote_timebomb 1-26-2021, 4:22:06 AM
blindgamers14(roflgamer) used a remote_timebomb 1-26-2021, 4:22:06 AM
blindgamers14(roflgamer) used a remote_timebomb 1-26-2021, 4:22:07 AM
blindgamers14(roflgamer) used a remote_timebomb 1-26-2021, 4:22:17 AM
blindgamers14(roflgamer) used a remote_timebomb 1-26-2021, 4:22:17 AM
blindgamers14(roflgamer) used a remote_timebomb 1-26-2021, 4:22:17 AM
blindgamers14(roflgamer) used a remote_timebomb 1-26-2021, 4:22:26 AM
blindgamers14(roflgamer) used a remote_timebomb 1-26-2021, 4:22:26 AM
blindgamers14(roflgamer) used a remote_timebomb 1-26-2021, 4:22:26 AM
blindgamers14(roflgamer) used a remote_timebomb 1-26-2021, 4:22:33 AM
blindgamers14(roflgamer) used a remote_timebomb 1-26-2021, 4:22:33 AM
blindgamers14(roflgamer) used a remote_timebomb 1-26-2021, 4:22:45 AM
blindgamers14(roflgamer) used a remote_timebomb 1-26-2021, 4:22:46 AM
blindgamers14(roflgamer) used a remote_timebomb 1-26-2021, 4:22:46 AM
blindgamers14(roflgamer) used a remote_timebomb 1-26-2021, 4:22:46 AM
blindgamers14(roflgamer) used a remote_timebomb 1-26-2021, 4:22:46 AM
blindgamers14(roflgamer) used a remote_timebomb 1-26-2021, 4:22:55 AM
blindgamers14(roflgamer) used a remote_timebomb 1-26-2021, 4:22:55 AM
blindgamers14(roflgamer) used a remote_timebomb 1-26-2021, 4:22:56 AM
blindgamers14(roflgamer) used a remote_timebomb 1-26-2021, 4:22:56 AM
blindgamers14(roflgamer) used a remote_timebomb 1-26-2021, 4:22:56 AM
blindgamers14(roflgamer) used a remote_timebomb 1-26-2021, 4:23:07 AM
blindgamers14(roflgamer) used a remote_timebomb 1-26-2021, 4:23:07 AM
blindgamers14(roflgamer) used a remote_timebomb 1-26-2021, 4:23:07 AM
blindgamers14(roflgamer) used a remote_timebomb 1-26-2021, 4:23:42 AM
blindgamers14(roflgamer) used a remote_timebomb 1-26-2021, 4:23:42 AM
blindgamers14(roflgamer) used a remote_timebomb 1-26-2021, 4:23:42 AM
blindgamers14(roflgamer) used a remote_timebomb 1-26-2021, 4:23:49 AM
blindgamers14(roflgamer) used a remote_timebomb 1-26-2021, 4:23:49 AM
blindgamers14(roflgamer) used a remote_timebomb 1-26-2021, 4:23:49 AM
blindgamers14(roflgamer) used a remote_timebomb 1-26-2021, 4:23:49 AM
blindgamers14(roflgamer) used a remote_timebomb 1-26-2021, 4:23:49 AM
blindgamers14(roflgamer) used a remote_timebomb 1-26-2021, 4:23:49 AM
blindgamers14(roflgamer) used a remote_timebomb 1-26-2021, 4:23:50 AM
blindgamers14(roflgamer) used a remote_timebomb 1-26-2021, 4:23:50 AM
blindgamers14(roflgamer) used a remote_timebomb 1-26-2021, 4:23:50 AM
blindgamers14(roflgamer) used a remote_timebomb 1-26-2021, 4:23:50 AM
blindgamers14(roflgamer) used a remote_timebomb 1-26-2021, 4:23:50 AM
blindgamers14(roflgamer) used a remote_timebomb 1-26-2021, 4:23:50 AM
blindgamers14(roflgamer) used a remote_timebomb 1-26-2021, 4:23:51 AM
blindgamers14(roflgamer) used a remote_timebomb 1-26-2021, 4:23:51 AM
blindgamers14(roflgamer) used a remote_timebomb 1-26-2021, 4:23:51 AM
blindgamers14(roflgamer) used a remote_timebomb 1-26-2021, 4:23:51 AM
blindgamers14(roflgamer) used a remote_timebomb 1-26-2021, 4:23:53 AM
blindgamers14(roflgamer) used a remote_timebomb 1-26-2021, 4:23:53 AM
blindgamers14(roflgamer) used a remote_timebomb 1-26-2021, 4:23:53 AM
blindgamers14(roflgamer) used a remote_timebomb 1-26-2021, 4:23:54 AM
blindgamers14(roflgamer) used a remote_timebomb 1-26-2021, 4:23:54 AM
blindgamers14(roflgamer) used a remote_timebomb 1-26-2021, 4:23:54 AM
blindgamers14(roflgamer) used a remote_timebomb 1-26-2021, 4:23:54 AM
blindgamers14(roflgamer) used a remote_timebomb 1-26-2021, 4:23:54 AM
blindgamers14(roflgamer) used a remote_timebomb 1-26-2021, 4:23:54 AM
blindgamers14(roflgamer) used a remote_timebomb 1-26-2021, 4:24:37 AM
blindgamers14(roflgamer) used a remote_timebomb 1-26-2021, 4:24:37 AM
blindgamers14(roflgamer) used a remote_timebomb 1-26-2021, 4:24:40 AM
blindgamers14(roflgamer) used a remote_timebomb 1-26-2021, 4:24:40 AM
blindgamers14(roflgamer) used a remote_timebomb 1-26-2021, 4:24:46 AM
blindgamers14(roflgamer) used a remote_timebomb 1-26-2021, 4:24:46 AM
blindgamers14(roflgamer) used a remote_timebomb 1-26-2021, 4:24:50 AM
blindgamers14(roflgamer) used a remote_timebomb 1-26-2021, 4:24:50 AM
blindgamers14(roflgamer) used a remote_timebomb 1-26-2021, 4:24:54 AM
blindgamers14(roflgamer) used a remote_timebomb 1-26-2021, 4:24:55 AM
blindgamers14(roflgamer) used a remote_timebomb 1-26-2021, 4:24:55 AM
blindgamers14(roflgamer) used a remote_timebomb 1-26-2021, 4:24:55 AM
blindgamers14(roflgamer) used a remote_timebomb 1-26-2021, 4:24:55 AM
blindgamers14(roflgamer) used a remote_timebomb 1-26-2021, 4:24:55 AM
blindgamers14(roflgamer) used a remote_timebomb 1-26-2021, 4:24:55 AM
blindgamers14(roflgamer) used a remote_timebomb 1-26-2021, 4:24:56 AM
blindgamers14(roflgamer) used a remote_timebomb 1-26-2021, 4:25:16 AM
blindgamers14(roflgamer) used a remote_timebomb 1-26-2021, 4:25:16 AM
blindgamers14(roflgamer) used a remote_timebomb 1-26-2021, 4:25:20 AM
blindgamers14(roflgamer) used a remote_timebomb 1-26-2021, 4:25:20 AM
blindgamers14(roflgamer) used a remote_timebomb 1-26-2021, 4:25:20 AM
blindgamers14(roflgamer) used a remote_timebomb 1-26-2021, 4:25:25 AM
blindgamers14(roflgamer) used a remote_timebomb 1-26-2021, 4:25:25 AM
blindgamers14(roflgamer) used a remote_timebomb 1-26-2021, 4:25:25 AM
blindgamers14(roflgamer) used a remote_timebomb 1-26-2021, 4:25:29 AM
blindgamers14(roflgamer) used a remote_timebomb 1-26-2021, 4:25:29 AM
blindgamers14(roflgamer) used a remote_timebomb 1-26-2021, 4:25:29 AM
blindgamers14(roflgamer) used a remote_timebomb 1-26-2021, 4:25:33 AM
blindgamers14(roflgamer) used a remote_timebomb 1-26-2021, 4:25:33 AM
blindgamers14(roflgamer) used a remote_timebomb 1-26-2021, 4:25:33 AM
blindgamers14(roflgamer) used a remote_timebomb 1-26-2021, 4:25:41 AM
blindgamers14(roflgamer) used a remote_timebomb 1-26-2021, 4:25:41 AM
blindgamers14(roflgamer) used a remote_timebomb 1-26-2021, 4:25:41 AM
blindgamers14(roflgamer) used a remote_timebomb 1-26-2021, 4:25:41 AM
blindgamers14(roflgamer) used a remote_timebomb 1-26-2021, 4:25:42 AM
blindgamers14(roflgamer) used a remote_timebomb 1-26-2021, 4:25:42 AM
blindgamers14(roflgamer) used a remote_timebomb 1-26-2021, 4:25:42 AM
blindgamers14(roflgamer) used a remote_timebomb 1-26-2021, 4:25:42 AM
blindgamers14(roflgamer) used a remote_timebomb 1-26-2021, 4:25:42 AM
blindgamers14(roflgamer) used a remote_timebomb 1-26-2021, 4:25:42 AM
blindgamers14(roflgamer) used a remote_timebomb 1-26-2021, 4:25:43 AM
blindgamers14(roflgamer) used a remote_timebomb 1-26-2021, 4:26:06 AM
blindgamers14(roflgamer) used a remote_timebomb 1-26-2021, 4:26:06 AM
blindgamers14(roflgamer) used a remote_timebomb 1-26-2021, 4:26:07 AM
blindgamers14(roflgamer) used a remote_timebomb 1-26-2021, 4:26:10 AM
blindgamers14(roflgamer) used a remote_timebomb 1-26-2021, 4:26:10 AM
blindgamers14(roflgamer) used a remote_timebomb 1-26-2021, 4:26:10 AM
blindgamers14(roflgamer) used a remote_timebomb 1-26-2021, 4:26:18 AM
blindgamers14(roflgamer) used a remote_timebomb 1-26-2021, 4:26:18 AM
blindgamers14(roflgamer) used a remote_timebomb 1-26-2021, 4:26:19 AM
blindgamers14(roflgamer) used a remote_timebomb 1-26-2021, 4:26:28 AM
blindgamers14(roflgamer) used a remote_timebomb 1-26-2021, 4:26:28 AM
blindgamers14(roflgamer) used a remote_timebomb 1-26-2021, 4:26:28 AM
blindgamers14(roflgamer) used a remote_timebomb 1-26-2021, 4:26:28 AM
blindgamers14(roflgamer) used a remote_timebomb 1-26-2021, 4:26:28 AM
blindgamers14(roflgamer) used a remote_timebomb 1-26-2021, 4:26:28 AM
blindgamers14(roflgamer) used a remote_timebomb 1-26-2021, 4:26:29 AM
blindgamers14(roflgamer) used a remote_timebomb 1-26-2021, 4:27:17 AM
blindgamers14(roflgamer) used a remote_timebomb 1-26-2021, 4:27:17 AM
blindgamers14(roflgamer) used a remote_timebomb 1-26-2021, 4:27:20 AM
blindgamers14(roflgamer) used a remote_timebomb 1-26-2021, 4:27:20 AM
blindgamers14(roflgamer) used a remote_timebomb 1-26-2021, 4:27:21 AM
blindgamers14(roflgamer) used a remote_timebomb 1-26-2021, 4:27:25 AM
blindgamers14(roflgamer) used a remote_timebomb 1-26-2021, 4:27:25 AM
blindgamers14(roflgamer) used a remote_timebomb 1-26-2021, 4:27:25 AM
blindgamers14(roflgamer) used a remote_timebomb 1-26-2021, 4:27:25 AM
blindgamers14(roflgamer) used a remote_timebomb 1-26-2021, 4:27:25 AM
blindgamers14(roflgamer) used a remote_timebomb 1-26-2021, 4:27:32 AM
blindgamers14(roflgamer) used a remote_timebomb 1-26-2021, 4:27:32 AM
blindgamers14(roflgamer) used a remote_timebomb 1-26-2021, 4:27:32 AM
blindgamers14(roflgamer) used a remote_timebomb 1-26-2021, 4:27:47 AM
blindgamers14(roflgamer) used a remote_timebomb 1-26-2021, 4:27:47 AM
blindgamers14(roflgamer) used a remote_timebomb 1-26-2021, 4:27:47 AM
blindgamers14(roflgamer) used a remote_timebomb 1-26-2021, 4:27:52 AM
blindgamers14(roflgamer) used a remote_timebomb 1-26-2021, 4:27:53 AM
blindgamers14(roflgamer) used a remote_timebomb 1-26-2021, 4:27:53 AM
blindgamers14(roflgamer) used a remote_timebomb 1-26-2021, 4:27:59 AM
blindgamers14(roflgamer) used a remote_timebomb 1-26-2021, 4:27:59 AM
blindgamers14(roflgamer) used a remote_timebomb 1-26-2021, 4:28:08 AM
blindgamers14(roflgamer) used a remote_timebomb 1-26-2021, 4:28:08 AM
blindgamers14(roflgamer) used a remote_timebomb 1-26-2021, 4:28:13 AM
blindgamers14(roflgamer) used a remote_timebomb 1-26-2021, 4:28:13 AM
blindgamers14(roflgamer) used a remote_timebomb 1-26-2021, 4:28:13 AM
blindgamers14(roflgamer) used a remote_timebomb 1-26-2021, 4:28:16 AM
blindgamers14(roflgamer) used a remote_timebomb 1-26-2021, 4:28:16 AM
blindgamers14(roflgamer) used a remote_timebomb 1-26-2021, 4:28:16 AM
blindgamers14(roflgamer) used a remote_timebomb 1-26-2021, 4:28:16 AM
blindgamers14(roflgamer) used a remote_timebomb 1-26-2021, 4:28:16 AM
blindgamers14(roflgamer) used a remote_timebomb 1-26-2021, 4:28:16 AM
blindgamers14(roflgamer) used a remote_timebomb 1-26-2021, 4:28:17 AM
blindgamers14(roflgamer) used a remote_timebomb 1-26-2021, 4:28:17 AM
blindgamers14(roflgamer) used a remote_timebomb 1-26-2021, 4:28:17 AM
blindgamers14(roflgamer) used a remote_timebomb 1-26-2021, 4:28:18 AM
blindgamers14(roflgamer) used a remote_timebomb 1-26-2021, 4:28:18 AM
blindgamers14(roflgamer) used a remote_timebomb 1-26-2021, 4:28:18 AM
blindgamers14(roflgamer) used a remote_timebomb 1-26-2021, 4:28:31 AM
blindgamers14(roflgamer) used a remote_timebomb 1-26-2021, 4:28:31 AM
blindgamers14(roflgamer) used a remote_timebomb 1-26-2021, 4:28:39 AM
blindgamers14(roflgamer) used a remote_timebomb 1-26-2021, 4:28:39 AM
blindgamers14(roflgamer) used a remote_timebomb 1-26-2021, 4:28:40 AM
blindgamers14(roflgamer) used a remote_timebomb 1-26-2021, 4:28:40 AM
blindgamers14(roflgamer) used a remote_timebomb 1-26-2021, 4:28:47 AM
blindgamers14(roflgamer) used a remote_timebomb 1-26-2021, 4:28:47 AM
blindgamers14(roflgamer) used a remote_timebomb 1-26-2021, 4:28:48 AM
blindgamers14(roflgamer) used a remote_timebomb_controller 1-26-2021, 4:29:08 AM
blindgamers14(roflgamer) used a fire_extinguisher 1-26-2021, 4:29:37 AM
blindgamers14(roflgamer) used a remote_timebomb_controller 1-26-2021, 4:30:52 AM
blindgamers14(roflgamer) used a remote_timebomb_controller 1-26-2021, 4:31:11 AM
blindgamers14(roflgamer) used a wood 1-26-2021, 4:42:11 AM
blindgamers14(roflgamer) used a wood_pack 1-26-2021, 4:43:27 AM
blindgamers14(roflgamer) used a wood_pack 1-26-2021, 4:43:28 AM
blindgamers14(roflgamer) used a wood_pack 1-26-2021, 4:43:28 AM
blindgamers14(roflgamer) used a wood_pack 1-26-2021, 4:43:28 AM
blindgamers14(roflgamer) used a wood_pack 1-26-2021, 4:43:28 AM
blindgamers14(roflgamer) used a wood_pack 1-26-2021, 4:43:29 AM
blindgamers14(roflgamer) used a wood_pack 1-26-2021, 4:43:29 AM
blindgamers14(roflgamer) used a wood_pack 1-26-2021, 4:43:29 AM
blindgamers14(roflgamer) used a wood_pack 1-26-2021, 4:43:30 AM
blindgamers14(roflgamer) used a wood_pack 1-26-2021, 4:43:30 AM
blindgamers14(roflgamer) used a wood_pack 1-26-2021, 4:43:30 AM
blindgamers14(roflgamer) used a wood_pack 1-26-2021, 4:43:30 AM
blindgamers14(roflgamer) used a wood_pack 1-26-2021, 4:43:30 AM
blindgamers14(roflgamer) used a wood_pack 1-26-2021, 4:43:30 AM
blindgamers14(roflgamer) used a wood_pack 1-26-2021, 4:43:31 AM
blindgamers14(roflgamer) used a wood_pack 1-26-2021, 4:43:31 AM
blindgamers14(roflgamer) used a wood_pack 1-26-2021, 4:43:32 AM
blindgamers14(roflgamer) used a wood_pack 1-26-2021, 4:43:32 AM
blindgamers14(roflgamer) used a wood_pack 1-26-2021, 4:43:32 AM
blindgamers14(roflgamer) used a wood_pack 1-26-2021, 4:43:32 AM
blindgamers14(roflgamer) used a wood_pack 1-26-2021, 4:43:33 AM
blindgamers14(roflgamer) used a wood_pack 1-26-2021, 4:43:33 AM
blindgamers14(roflgamer) used a wood_pack 1-26-2021, 4:43:33 AM
blindgamers14(roflgamer) used a wood_pack 1-26-2021, 4:43:33 AM
blindgamers14(roflgamer) used a wood_pack 1-26-2021, 4:43:33 AM
blindgamers14(roflgamer) used a wood_pack 1-26-2021, 4:43:33 AM
blindgamers14(roflgamer) used a wood_pack 1-26-2021, 4:43:33 AM
blindgamers14(roflgamer) used a wood_pack 1-26-2021, 4:43:34 AM
blindgamers14(roflgamer) used a wood_pack 1-26-2021, 4:43:34 AM
blindgamers14(roflgamer) used a wood_pack 1-26-2021, 4:43:34 AM
blindgamers14(roflgamer) used a wood_pack 1-26-2021, 4:43:34 AM
blindgamers14(roflgamer) used a wood_pack 1-26-2021, 4:43:34 AM
blindgamers14(roflgamer) used a wood_pack 1-26-2021, 4:43:34 AM
blindgamers14(roflgamer) used a wood_pack 1-26-2021, 4:43:35 AM
blindgamers14(roflgamer) used a wood_pack 1-26-2021, 4:43:35 AM
blindgamers14(roflgamer) used a wood_pack 1-26-2021, 4:43:35 AM
blindgamers14(roflgamer) used a wood_pack 1-26-2021, 4:43:35 AM
blindgamers14(roflgamer) used a wood_pack 1-26-2021, 4:43:35 AM
blindgamers14(roflgamer) used a wood_pack 1-26-2021, 4:43:35 AM
blindgamers14(roflgamer) used a wood_pack 1-26-2021, 4:43:36 AM
blindgamers14(roflgamer) used a wood_pack 1-26-2021, 4:43:36 AM
blindgamers14(roflgamer) used a wood_pack 1-26-2021, 4:43:36 AM
blindgamers14(roflgamer) used a wood_pack 1-26-2021, 4:43:36 AM
blindgamers14(roflgamer) used a wood_pack 1-26-2021, 4:43:36 AM
blindgamers14(roflgamer) used a wood_pack 1-26-2021, 4:43:37 AM
blindgamers14(roflgamer) used a wood_pack 1-26-2021, 4:43:37 AM
blindgamers14(roflgamer) used a wood_pack 1-26-2021, 4:43:37 AM
blindgamers14(roflgamer) used a wood_pack 1-26-2021, 4:43:37 AM
blindgamers14(roflgamer) used a wood_pack 1-26-2021, 4:43:37 AM
blindgamers14(roflgamer) used a wood_pack 1-26-2021, 4:43:37 AM
blindgamers14(roflgamer) used a wood_pack 1-26-2021, 4:43:37 AM
blindgamers14(roflgamer) used a wood_pack 1-26-2021, 4:43:37 AM
blindgamers14(roflgamer) used a wood_pack 1-26-2021, 4:43:37 AM
blindgamers14(roflgamer) used a wood_pack 1-26-2021, 4:43:38 AM
blindgamers14(roflgamer) used a wood_pack 1-26-2021, 4:43:38 AM
blindgamers14(roflgamer) used a wood_pack 1-26-2021, 4:43:38 AM
blindgamers14(roflgamer) used a wood_pack 1-26-2021, 4:43:38 AM
blindgamers14(roflgamer) used a wood_pack 1-26-2021, 4:43:38 AM
blindgamers14(roflgamer) used a wood_pack 1-26-2021, 4:43:38 AM
blindgamers14(roflgamer) used a wood_pack 1-26-2021, 4:43:39 AM
blindgamers14(roflgamer) used a wood_pack 1-26-2021, 4:43:39 AM
blindgamers14(roflgamer) used a wood_pack 1-26-2021, 4:43:39 AM
blindgamers14(roflgamer) used a wood_pack 1-26-2021, 4:43:39 AM
blindgamers14(roflgamer) used a wood_pack 1-26-2021, 4:43:39 AM
blindgamers14(roflgamer) used a wood_pack 1-26-2021, 4:43:39 AM
blindgamers14(roflgamer) used a wood_pack 1-26-2021, 4:43:40 AM
blindgamers14(roflgamer) used a wood_pack 1-26-2021, 4:43:40 AM
blindgamers14(roflgamer) used a wood_pack 1-26-2021, 4:43:40 AM
blindgamers14(roflgamer) used a wood_pack 1-26-2021, 4:43:40 AM
blindgamers14(roflgamer) used a wood_pack 1-26-2021, 4:43:40 AM
blindgamers14(roflgamer) used a wood_pack 1-26-2021, 4:43:40 AM
blindgamers14(roflgamer) used a wood_pack 1-26-2021, 4:43:40 AM
blindgamers14(roflgamer) used a wood_pack 1-26-2021, 4:43:41 AM
blindgamers14(roflgamer) used a wood_pack 1-26-2021, 4:43:41 AM
blindgamers14(roflgamer) used a wood_pack 1-26-2021, 4:43:41 AM
blindgamers14(roflgamer) used a wood_pack 1-26-2021, 4:43:41 AM
blindgamers14(roflgamer) used a wood_pack 1-26-2021, 4:43:41 AM
blindgamers14(roflgamer) used a wood_pack 1-26-2021, 4:43:41 AM
blindgamers14(roflgamer) used a wood_pack 1-26-2021, 4:43:41 AM
blindgamers14(roflgamer) used a wood_pack 1-26-2021, 4:43:41 AM
blindgamers14(roflgamer) used a wood_pack 1-26-2021, 4:43:41 AM
blindgamers14(roflgamer) used a wood_pack 1-26-2021, 4:43:42 AM
blindgamers14(roflgamer) used a wood_pack 1-26-2021, 4:43:42 AM
blindgamers14(roflgamer) used a wood_pack 1-26-2021, 4:43:42 AM
blindgamers14(roflgamer) used a wood_pack 1-26-2021, 4:43:42 AM
blindgamers14(roflgamer) used a wood_pack 1-26-2021, 4:43:42 AM
blindgamers14(roflgamer) used a wood_pack 1-26-2021, 4:43:42 AM
blindgamers14(roflgamer) used a wood_pack 1-26-2021, 4:43:42 AM
blindgamers14(roflgamer) used a wood_pack 1-26-2021, 4:43:42 AM
blindgamers14(roflgamer) used a wood_pack 1-26-2021, 4:43:43 AM
blindgamers14(roflgamer) used a wood_pack 1-26-2021, 4:43:43 AM
blindgamers14(roflgamer) used a wood_pack 1-26-2021, 4:43:43 AM
blindgamers14(roflgamer) used a wood_pack 1-26-2021, 4:43:43 AM
blindgamers14(roflgamer) used a wood_pack 1-26-2021, 4:43:43 AM
blindgamers14(roflgamer) used a wood_pack 1-26-2021, 4:43:43 AM
blindgamers14(roflgamer) used a wood_pack 1-26-2021, 4:43:43 AM
blindgamers14(roflgamer) used a wood_pack 1-26-2021, 4:43:43 AM
blindgamers14(roflgamer) used a wood_pack 1-26-2021, 4:43:43 AM
blindgamers14(roflgamer) used a wood_pack 1-26-2021, 4:43:44 AM
blindgamers14(roflgamer) used a wood_pack 1-26-2021, 4:43:44 AM
blindgamers14(roflgamer) used a wood_pack 1-26-2021, 4:43:44 AM
blindgamers14(roflgamer) used a wood_pack 1-26-2021, 4:43:44 AM
blindgamers14(roflgamer) used a wood_pack 1-26-2021, 4:43:44 AM
blindgamers14(roflgamer) used a wood_pack 1-26-2021, 4:43:44 AM
blindgamers14(roflgamer) used a wood_pack 1-26-2021, 4:43:45 AM
blindgamers14(roflgamer) used a wood_pack 1-26-2021, 4:43:45 AM
blindgamers14(roflgamer) used a wood_pack 1-26-2021, 4:43:45 AM
blindgamers14(roflgamer) used a wood_pack 1-26-2021, 4:43:45 AM
blindgamers14(roflgamer) used a wood_pack 1-26-2021, 4:43:45 AM
blindgamers14(roflgamer) used a wood_pack 1-26-2021, 4:43:46 AM
blindgamers14(roflgamer) used a wood_pack 1-26-2021, 4:43:46 AM
blindgamers14(roflgamer) used a wood_pack 1-26-2021, 4:43:46 AM
blindgamers14(roflgamer) used a wood_pack 1-26-2021, 4:43:46 AM
blindgamers14(roflgamer) used a wood_pack 1-26-2021, 4:43:46 AM
blindgamers14(roflgamer) used a wood_pack 1-26-2021, 4:43:46 AM
blindgamers14(roflgamer) used a wood_pack 1-26-2021, 4:43:47 AM
blindgamers14(roflgamer) used a wood_pack 1-26-2021, 4:43:47 AM
blindgamers14(roflgamer) used a wood_pack 1-26-2021, 4:43:47 AM
blindgamers14(roflgamer) used a wood_pack 1-26-2021, 4:43:47 AM
blindgamers14(roflgamer) used a wood_pack 1-26-2021, 4:43:47 AM
blindgamers14(roflgamer) used a wood_pack 1-26-2021, 4:43:47 AM
blindgamers14(roflgamer) used a wood_pack 1-26-2021, 4:43:48 AM
blindgamers14(roflgamer) used a wood_pack 1-26-2021, 4:43:48 AM
blindgamers14(roflgamer) used a wood_pack 1-26-2021, 4:43:48 AM
blindgamers14(roflgamer) used a wood_pack 1-26-2021, 4:43:48 AM
blindgamers14(roflgamer) used a wood_pack 1-26-2021, 4:43:48 AM
blindgamers14(roflgamer) used a wood_pack 1-26-2021, 4:43:48 AM
blindgamers14(roflgamer) used a wood_pack 1-26-2021, 4:43:49 AM
blindgamers14(roflgamer) used a wood_pack 1-26-2021, 4:43:49 AM
blindgamers14(roflgamer) used a wood_pack 1-26-2021, 4:43:49 AM
blindgamers14(roflgamer) used a wood_pack 1-26-2021, 4:43:49 AM
blindgamers14(roflgamer) used a wood_pack 1-26-2021, 4:43:49 AM
blindgamers14(roflgamer) used a wood_pack 1-26-2021, 4:43:49 AM
blindgamers14(roflgamer) used a wood_pack 1-26-2021, 4:43:50 AM
blindgamers14(roflgamer) used a wood_pack 1-26-2021, 4:43:50 AM
blindgamers14(roflgamer) used a wood_pack 1-26-2021, 4:43:50 AM
blindgamers14(roflgamer) used a wood_pack 1-26-2021, 4:43:50 AM
blindgamers14(roflgamer) used a wood_pack 1-26-2021, 4:43:50 AM
blindgamers14(roflgamer) used a wood_pack 1-26-2021, 4:43:51 AM
blindgamers14(roflgamer) used a wood_pack 1-26-2021, 4:43:51 AM
blindgamers14(roflgamer) used a wood_pack 1-26-2021, 4:43:51 AM
blindgamers14(roflgamer) used a wood_pack 1-26-2021, 4:43:51 AM
blindgamers14(roflgamer) used a wood_pack 1-26-2021, 4:43:51 AM
blindgamers14(roflgamer) used a wood_pack 1-26-2021, 4:43:52 AM
blindgamers14(roflgamer) used a wood_pack 1-26-2021, 4:43:52 AM
blindgamers14(roflgamer) used a wood_pack 1-26-2021, 4:43:52 AM
blindgamers14(roflgamer) used a wood_pack 1-26-2021, 4:43:52 AM
blindgamers14(roflgamer) used a wood_pack 1-26-2021, 4:43:52 AM
blindgamers14(roflgamer) used a wood_pack 1-26-2021, 4:43:52 AM
blindgamers14(roflgamer) used a wood_pack 1-26-2021, 4:43:52 AM
blindgamers14(roflgamer) used a wood_pack 1-26-2021, 4:43:53 AM
blindgamers14(roflgamer) used a wood_pack 1-26-2021, 4:43:53 AM
blindgamers14(roflgamer) used a wood_pack 1-26-2021, 4:43:53 AM
blindgamers14(roflgamer) used a wood_pack 1-26-2021, 4:43:53 AM
blindgamers14(roflgamer) used a wood_pack 1-26-2021, 4:43:53 AM
blindgamers14(roflgamer) used a wood_pack 1-26-2021, 4:43:53 AM
blindgamers14(roflgamer) used a wood_pack 1-26-2021, 4:43:54 AM
blindgamers14(roflgamer) used a wood_pack 1-26-2021, 4:43:54 AM
blindgamers14(roflgamer) used a wood_pack 1-26-2021, 4:43:54 AM
blindgamers14(roflgamer) used a wood_pack 1-26-2021, 4:43:54 AM
blindgamers14(roflgamer) used a wood_pack 1-26-2021, 4:43:54 AM
blindgamers14(roflgamer) used a wood_pack 1-26-2021, 4:43:54 AM
blindgamers14(roflgamer) used a wood_pack 1-26-2021, 4:43:54 AM
blindgamers14(roflgamer) used a wood_pack 1-26-2021, 4:43:54 AM
blindgamers14(roflgamer) used a wood_pack 1-26-2021, 4:43:55 AM
blindgamers14(roflgamer) used a wood_pack 1-26-2021, 4:43:55 AM
blindgamers14(roflgamer) used a wood_pack 1-26-2021, 4:43:55 AM
blindgamers14(roflgamer) used a wood_pack 1-26-2021, 4:43:55 AM
blindgamers14(roflgamer) used a wood_pack 1-26-2021, 4:43:55 AM
blindgamers14(roflgamer) used a wood_pack 1-26-2021, 4:43:55 AM
blindgamers14(roflgamer) used a wood_pack 1-26-2021, 4:43:55 AM
blindgamers14(roflgamer) used a wood_pack 1-26-2021, 4:43:56 AM
blindgamers14(roflgamer) used a wood_pack 1-26-2021, 4:43:56 AM
blindgamers14(roflgamer) used a wood_pack 1-26-2021, 4:43:56 AM
blindgamers14(roflgamer) used a wood_pack 1-26-2021, 4:43:56 AM
blindgamers14(roflgamer) used a wood_pack 1-26-2021, 4:43:56 AM
blindgamers14(roflgamer) used a wood_pack 1-26-2021, 4:43:56 AM
blindgamers14(roflgamer) used a wood_pack 1-26-2021, 4:43:56 AM
blindgamers14(roflgamer) used a wood_pack 1-26-2021, 4:43:56 AM
blindgamers14(roflgamer) used a wood_pack 1-26-2021, 4:43:57 AM
blindgamers14(roflgamer) used a wood_pack 1-26-2021, 4:43:57 AM
blindgamers14(roflgamer) used a wood_pack 1-26-2021, 4:43:57 AM
blindgamers14(roflgamer) used a wood_pack 1-26-2021, 4:43:57 AM
blindgamers14(roflgamer) used a wood_pack 1-26-2021, 4:43:58 AM
blindgamers14(roflgamer) used a wood_pack 1-26-2021, 4:43:58 AM
blindgamers14(roflgamer) used a wood_pack 1-26-2021, 4:43:58 AM
blindgamers14(roflgamer) used a wood_pack 1-26-2021, 4:43:58 AM
blindgamers14(roflgamer) used a wood_pack 1-26-2021, 4:43:58 AM
blindgamers14(roflgamer) used a wood_pack 1-26-2021, 4:43:59 AM
blindgamers14(roflgamer) used a wood_pack 1-26-2021, 4:43:59 AM
blindgamers14(roflgamer) used a wood_pack 1-26-2021, 4:43:59 AM
blindgamers14(roflgamer) used a wood_pack 1-26-2021, 4:43:59 AM
blindgamers14(roflgamer) used a wood_pack 1-26-2021, 4:43:59 AM
blindgamers14(roflgamer) used a wood_pack 1-26-2021, 4:44:00 AM
blindgamers14(roflgamer) used a wood_pack 1-26-2021, 4:44:00 AM
blindgamers14(roflgamer) used a wood_pack 1-26-2021, 4:44:00 AM
blindgamers14(roflgamer) used a wood_pack 1-26-2021, 4:44:00 AM
blindgamers14(roflgamer) used a wood_pack 1-26-2021, 4:44:00 AM
blindgamers14(roflgamer) used a wood_pack 1-26-2021, 4:44:01 AM
blindgamers14(roflgamer) used a wood_pack 1-26-2021, 4:44:01 AM
blindgamers14(roflgamer) used a wood_pack 1-26-2021, 4:44:01 AM
blindgamers14(roflgamer) used a wood_pack 1-26-2021, 4:44:01 AM
blindgamers14(roflgamer) used a wood_pack 1-26-2021, 4:44:01 AM
blindgamers14(roflgamer) used a wood_pack 1-26-2021, 4:44:01 AM
blindgamers14(roflgamer) used a wood_pack 1-26-2021, 4:44:01 AM
blindgamers14(roflgamer) used a wood_pack 1-26-2021, 4:44:02 AM
blindgamers14(roflgamer) used a wood_pack 1-26-2021, 4:44:02 AM
blindgamers14(roflgamer) used a wood_pack 1-26-2021, 4:44:02 AM
blindgamers14(roflgamer) used a wood_pack 1-26-2021, 4:44:02 AM
blindgamers14(roflgamer) used a wood_pack 1-26-2021, 4:44:02 AM
blindgamers14(roflgamer) used a wood_pack 1-26-2021, 4:44:02 AM
blindgamers14(roflgamer) used a wood_pack 1-26-2021, 4:44:03 AM
blindgamers14(roflgamer) used a wood_pack 1-26-2021, 4:44:03 AM
blindgamers14(roflgamer) used a wood_pack 1-26-2021, 4:44:03 AM
blindgamers14(roflgamer) used a wood_pack 1-26-2021, 4:44:03 AM
blindgamers14(roflgamer) used a wood_pack 1-26-2021, 4:44:03 AM
blindgamers14(roflgamer) used a wood_pack 1-26-2021, 4:44:03 AM
blindgamers14(roflgamer) used a wood_pack 1-26-2021, 4:44:03 AM
blindgamers14(roflgamer) used a wood_pack 1-26-2021, 4:44:03 AM
blindgamers14(roflgamer) used a wood_pack 1-26-2021, 4:44:03 AM
blindgamers14(roflgamer) used a wood_pack 1-26-2021, 4:44:04 AM
blindgamers14(roflgamer) used a wood_pack 1-26-2021, 4:44:04 AM
blindgamers14(roflgamer) used a wood_pack 1-26-2021, 4:44:04 AM
blindgamers14(roflgamer) used a wood_pack 1-26-2021, 4:44:04 AM
blindgamers14(roflgamer) used a wood_pack 1-26-2021, 4:44:04 AM
blindgamers14(roflgamer) used a wood_pack 1-26-2021, 4:44:04 AM
blindgamers14(roflgamer) used a wood_pack 1-26-2021, 4:44:05 AM
blindgamers14(roflgamer) used a wood_pack 1-26-2021, 4:44:05 AM
blindgamers14(roflgamer) used a wood_pack 1-26-2021, 4:44:05 AM
blindgamers14(roflgamer) used a wood_pack 1-26-2021, 4:44:05 AM
blindgamers14(roflgamer) used a wood_pack 1-26-2021, 4:44:05 AM
blindgamers14(roflgamer) used a wood_pack 1-26-2021, 4:44:06 AM
blindgamers14(roflgamer) used a wood_pack 1-26-2021, 4:44:06 AM
blindgamers14(roflgamer) used a wood_pack 1-26-2021, 4:44:06 AM
blindgamers14(roflgamer) used a wood_pack 1-26-2021, 4:44:06 AM
blindgamers14(roflgamer) used a wood_pack 1-26-2021, 4:44:06 AM
blindgamers14(roflgamer) used a wood_pack 1-26-2021, 4:44:06 AM
blindgamers14(roflgamer) used a wood_pack 1-26-2021, 4:44:06 AM
blindgamers14(roflgamer) used a wood_pack 1-26-2021, 4:44:07 AM
blindgamers14(roflgamer) used a wood_pack 1-26-2021, 4:44:07 AM
blindgamers14(roflgamer) used a wood_pack 1-26-2021, 4:44:07 AM
blindgamers14(roflgamer) used a wood_pack 1-26-2021, 4:44:07 AM
blindgamers14(roflgamer) used a wood_pack 1-26-2021, 4:44:07 AM
blindgamers14(roflgamer) used a wood_pack 1-26-2021, 4:44:07 AM
blindgamers14(roflgamer) used a wood_pack 1-26-2021, 4:44:07 AM
blindgamers14(roflgamer) used a wood_pack 1-26-2021, 4:44:07 AM
blindgamers14(roflgamer) used a wood_pack 1-26-2021, 4:44:07 AM
blindgamers14(roflgamer) used a wood_pack 1-26-2021, 4:44:08 AM
blindgamers14(roflgamer) used a wood_pack 1-26-2021, 4:44:08 AM
blindgamers14(roflgamer) used a wood_pack 1-26-2021, 4:44:08 AM
blindgamers14(roflgamer) used a wood_pack 1-26-2021, 4:44:08 AM
blindgamers14(roflgamer) used a wood_pack 1-26-2021, 4:44:08 AM
blindgamers14(roflgamer) used a wood_pack 1-26-2021, 4:44:08 AM
blindgamers14(roflgamer) used a wood_pack 1-26-2021, 4:44:08 AM
blindgamers14(roflgamer) used a wood_pack 1-26-2021, 4:44:08 AM
blindgamers14(roflgamer) used a wood_pack 1-26-2021, 4:44:09 AM
blindgamers14(roflgamer) used a wood_pack 1-26-2021, 4:44:09 AM
blindgamers14(roflgamer) used a wood_pack 1-26-2021, 4:44:09 AM
blindgamers14(roflgamer) used a wood_pack 1-26-2021, 4:44:09 AM
blindgamers14(roflgamer) used a wood_pack 1-26-2021, 4:44:09 AM
blindgamers14(roflgamer) used a wood_pack 1-26-2021, 4:44:09 AM
blindgamers14(roflgamer) used a wood_pack 1-26-2021, 4:44:10 AM
blindgamers14(roflgamer) used a wood_pack 1-26-2021, 4:44:10 AM
blindgamers14(roflgamer) used a wood_pack 1-26-2021, 4:44:10 AM
blindgamers14(roflgamer) used a wood_pack 1-26-2021, 4:44:10 AM
blindgamers14(roflgamer) used a wood_pack 1-26-2021, 4:44:10 AM
blindgamers14(roflgamer) used a wood_pack 1-26-2021, 4:44:10 AM
blindgamers14(roflgamer) used a wood_pack 1-26-2021, 4:44:10 AM
blindgamers14(roflgamer) used a wood_pack 1-26-2021, 4:44:10 AM
blindgamers14(roflgamer) used a wood_pack 1-26-2021, 4:44:11 AM
blindgamers14(roflgamer) used a wood_pack 1-26-2021, 4:44:11 AM
blindgamers14(roflgamer) used a wood_pack 1-26-2021, 4:44:11 AM
blindgamers14(roflgamer) used a wood_pack 1-26-2021, 4:44:11 AM
blindgamers14(roflgamer) used a wood_pack 1-26-2021, 4:44:11 AM
blindgamers14(roflgamer) used a wood_pack 1-26-2021, 4:44:11 AM
blindgamers14(roflgamer) used a wood_pack 1-26-2021, 4:44:11 AM
blindgamers14(roflgamer) used a wood_pack 1-26-2021, 4:44:11 AM
blindgamers14(roflgamer) used a wood_pack 1-26-2021, 4:44:12 AM
blindgamers14(roflgamer) used a wood_pack 1-26-2021, 4:44:12 AM
blindgamers14(roflgamer) used a wood_pack 1-26-2021, 4:44:12 AM
blindgamers14(roflgamer) used a wood_pack 1-26-2021, 4:44:12 AM
blindgamers14(roflgamer) used a wood_pack 1-26-2021, 4:44:12 AM
blindgamers14(roflgamer) used a wood_pack 1-26-2021, 4:44:12 AM
blindgamers14(roflgamer) used a wood_pack 1-26-2021, 4:44:13 AM
blindgamers14(roflgamer) used a wood_pack 1-26-2021, 4:44:13 AM
blindgamers14(roflgamer) used a wood_pack 1-26-2021, 4:44:13 AM
blindgamers14(roflgamer) used a wood_pack 1-26-2021, 4:44:13 AM
blindgamers14(roflgamer) used a wood_pack 1-26-2021, 4:44:13 AM
blindgamers14(roflgamer) used a wood_pack 1-26-2021, 4:44:13 AM
blindgamers14(roflgamer) used a wood_pack 1-26-2021, 4:44:13 AM
blindgamers14(roflgamer) used a wood_pack 1-26-2021, 4:44:14 AM
blindgamers14(roflgamer) used a wood_pack 1-26-2021, 4:44:14 AM
blindgamers14(roflgamer) used a wood_pack 1-26-2021, 4:44:14 AM
blindgamers14(roflgamer) used a wood_pack 1-26-2021, 4:44:14 AM
blindgamers14(roflgamer) used a wood_pack 1-26-2021, 4:44:14 AM
blindgamers14(roflgamer) used a wood_pack 1-26-2021, 4:44:15 AM
blindgamers14(roflgamer) used a wood_pack 1-26-2021, 4:44:15 AM
blindgamers14(roflgamer) used a wood_pack 1-26-2021, 4:44:15 AM
blindgamers14(roflgamer) used a wood_pack 1-26-2021, 4:44:15 AM
blindgamers14(roflgamer) used a wood_pack 1-26-2021, 4:44:15 AM
blindgamers14(roflgamer) used a wood_pack 1-26-2021, 4:44:15 AM
blindgamers14(roflgamer) used a wood_pack 1-26-2021, 4:44:15 AM
blindgamers14(roflgamer) used a wood_pack 1-26-2021, 4:44:16 AM
blindgamers14(roflgamer) used a wood_pack 1-26-2021, 4:44:16 AM
blindgamers14(roflgamer) used a wood_pack 1-26-2021, 4:44:16 AM
blindgamers14(roflgamer) used a wood_pack 1-26-2021, 4:44:16 AM
blindgamers14(roflgamer) used a wood_pack 1-26-2021, 4:44:16 AM
blindgamers14(roflgamer) used a wood_pack 1-26-2021, 4:44:16 AM
blindgamers14(roflgamer) used a wood_pack 1-26-2021, 4:44:17 AM
blindgamers14(roflgamer) used a wood_pack 1-26-2021, 4:44:17 AM
blindgamers14(roflgamer) used a wood_pack 1-26-2021, 4:44:17 AM
blindgamers14(roflgamer) used a wood_pack 1-26-2021, 4:44:17 AM
blindgamers14(roflgamer) used a wood_pack 1-26-2021, 4:44:17 AM
blindgamers14(roflgamer) used a wood_pack 1-26-2021, 4:44:17 AM
blindgamers14(roflgamer) used a wood_pack 1-26-2021, 4:44:18 AM
blindgamers14(roflgamer) used a wood_pack 1-26-2021, 4:44:18 AM
blindgamers14(roflgamer) used a wood_pack 1-26-2021, 4:44:18 AM
blindgamers14(roflgamer) used a wood_pack 1-26-2021, 4:44:18 AM
blindgamers14(roflgamer) used a wood_pack 1-26-2021, 4:44:18 AM
blindgamers14(roflgamer) used a wood_pack 1-26-2021, 4:44:18 AM
blindgamers14(roflgamer) used a wood_pack 1-26-2021, 4:44:18 AM
blindgamers14(roflgamer) used a wood_pack 1-26-2021, 4:44:18 AM
blindgamers14(roflgamer) used a wood_pack 1-26-2021, 4:44:19 AM
blindgamers14(roflgamer) used a wood_pack 1-26-2021, 4:44:19 AM
blindgamers14(roflgamer) used a wood_pack 1-26-2021, 4:44:19 AM
blindgamers14(roflgamer) used a wood_pack 1-26-2021, 4:44:19 AM
blindgamers14(roflgamer) used a wood_pack 1-26-2021, 4:44:19 AM
blindgamers14(roflgamer) used a wood_pack 1-26-2021, 4:44:19 AM
blindgamers14(roflgamer) used a wood_pack 1-26-2021, 4:44:19 AM
blindgamers14(roflgamer) used a wood_pack 1-26-2021, 4:44:20 AM
blindgamers14(roflgamer) used a wood_pack 1-26-2021, 4:44:20 AM
blindgamers14(roflgamer) used a wood_pack 1-26-2021, 4:44:20 AM
blindgamers14(roflgamer) used a wood_pack 1-26-2021, 4:44:20 AM
blindgamers14(roflgamer) used a wood_pack 1-26-2021, 4:44:20 AM
blindgamers14(roflgamer) used a wood_pack 1-26-2021, 4:44:20 AM
blindgamers14(roflgamer) used a wood_pack 1-26-2021, 4:44:21 AM
blindgamers14(roflgamer) used a wood_pack 1-26-2021, 4:44:21 AM
blindgamers14(roflgamer) used a wood_pack 1-26-2021, 4:44:21 AM
blindgamers14(roflgamer) used a wood_pack 1-26-2021, 4:44:21 AM
blindgamers14(roflgamer) used a wood_pack 1-26-2021, 4:44:21 AM
blindgamers14(roflgamer) used a wood_pack 1-26-2021, 4:44:21 AM
blindgamers14(roflgamer) used a wood_pack 1-26-2021, 4:44:22 AM
blindgamers14(roflgamer) used a wood_pack 1-26-2021, 4:44:22 AM
blindgamers14(roflgamer) used a wood_pack 1-26-2021, 4:44:22 AM
blindgamers14(roflgamer) used a wood_pack 1-26-2021, 4:44:22 AM
blindgamers14(roflgamer) used a wood_pack 1-26-2021, 4:44:22 AM
blindgamers14(roflgamer) used a wood_pack 1-26-2021, 4:44:22 AM
blindgamers14(roflgamer) used a wood_pack 1-26-2021, 4:44:22 AM
blindgamers14(roflgamer) used a wood_pack 1-26-2021, 4:44:23 AM
blindgamers14(roflgamer) used a wood_pack 1-26-2021, 4:44:23 AM
blindgamers14(roflgamer) used a wood_pack 1-26-2021, 4:44:23 AM
blindgamers14(roflgamer) used a wood_pack 1-26-2021, 4:44:23 AM
blindgamers14(roflgamer) used a wood_pack 1-26-2021, 4:44:23 AM
blindgamers14(roflgamer) used a wood_pack 1-26-2021, 4:44:23 AM
blindgamers14(roflgamer) used a wood_pack 1-26-2021, 4:44:24 AM
blindgamers14(roflgamer) used a wood_pack 1-26-2021, 4:44:24 AM
blindgamers14(roflgamer) used a wood_pack 1-26-2021, 4:44:24 AM
blindgamers14(roflgamer) used a wood_pack 1-26-2021, 4:44:24 AM
blindgamers14(roflgamer) used a wood_pack 1-26-2021, 4:44:24 AM
blindgamers14(roflgamer) used a wood_pack 1-26-2021, 4:44:24 AM
blindgamers14(roflgamer) used a wood_pack 1-26-2021, 4:44:25 AM
blindgamers14(roflgamer) used a wood_pack 1-26-2021, 4:44:25 AM
blindgamers14(roflgamer) used a wood_pack 1-26-2021, 4:44:25 AM
blindgamers14(roflgamer) used a wood_pack 1-26-2021, 4:44:25 AM
blindgamers14(roflgamer) used a wood_pack 1-26-2021, 4:44:25 AM
blindgamers14(roflgamer) used a wood_pack 1-26-2021, 4:44:25 AM
blindgamers14(roflgamer) used a wood_pack 1-26-2021, 4:44:25 AM
blindgamers14(roflgamer) used a wood_pack 1-26-2021, 4:44:26 AM
blindgamers14(roflgamer) used a wood_pack 1-26-2021, 4:44:26 AM
blindgamers14(roflgamer) used a wood_pack 1-26-2021, 4:44:26 AM
blindgamers14(roflgamer) used a wood_pack 1-26-2021, 4:44:26 AM
blindgamers14(roflgamer) used a wood_pack 1-26-2021, 4:44:26 AM
blindgamers14(roflgamer) used a wood_pack 1-26-2021, 4:44:26 AM
blindgamers14(roflgamer) used a wood_pack 1-26-2021, 4:44:26 AM
blindgamers14(roflgamer) used a wood_pack 1-26-2021, 4:44:27 AM
blindgamers14(roflgamer) used a wood_pack 1-26-2021, 4:44:27 AM
blindgamers14(roflgamer) used a wood_pack 1-26-2021, 4:44:27 AM
blindgamers14(roflgamer) used a wood_pack 1-26-2021, 4:44:27 AM
blindgamers14(roflgamer) used a wood_pack 1-26-2021, 4:44:27 AM
blindgamers14(roflgamer) used a wood_pack 1-26-2021, 4:44:27 AM
blindgamers14(roflgamer) used a wood_pack 1-26-2021, 4:44:27 AM
blindgamers14(roflgamer) used a wood_pack 1-26-2021, 4:44:28 AM
blindgamers14(roflgamer) used a wood_pack 1-26-2021, 4:44:28 AM
blindgamers14(roflgamer) used a wood_pack 1-26-2021, 4:44:28 AM
blindgamers14(roflgamer) used a wood_pack 1-26-2021, 4:44:29 AM
blindgamers14(roflgamer) used a wood_pack 1-26-2021, 4:44:29 AM
blindgamers14(roflgamer) used a wood_pack 1-26-2021, 4:44:29 AM
blindgamers14(roflgamer) used a wood_pack 1-26-2021, 4:44:30 AM
blindgamers14(roflgamer) used a wood_pack 1-26-2021, 4:44:30 AM
blindgamers14(roflgamer) used a wood_pack 1-26-2021, 4:44:30 AM
blindgamers14(roflgamer) used a wood_pack 1-26-2021, 4:44:30 AM
blindgamers14(roflgamer) used a wood_pack 1-26-2021, 4:44:30 AM
blindgamers14(roflgamer) used a wood_pack 1-26-2021, 4:44:31 AM
blindgamers14(roflgamer) used a wood_pack 1-26-2021, 4:44:31 AM
blindgamers14(roflgamer) used a wood_pack 1-26-2021, 4:44:31 AM
blindgamers14(roflgamer) used a wood_pack 1-26-2021, 4:44:31 AM
blindgamers14(roflgamer) used a wood_pack 1-26-2021, 4:44:31 AM
blindgamers14(roflgamer) used a wood_pack 1-26-2021, 4:44:31 AM
blindgamers14(roflgamer) used a wood_pack 1-26-2021, 4:44:31 AM
blindgamers14(roflgamer) used a wood_pack 1-26-2021, 4:44:32 AM
blindgamers14(roflgamer) used a wood_pack 1-26-2021, 4:44:32 AM
blindgamers14(roflgamer) used a wood_pack 1-26-2021, 4:44:32 AM
blindgamers14(roflgamer) used a wood_pack 1-26-2021, 4:44:32 AM
blindgamers14(roflgamer) used a wood_pack 1-26-2021, 4:44:32 AM
blindgamers14(roflgamer) used a wood_pack 1-26-2021, 4:44:32 AM
blindgamers14(roflgamer) used a wood_pack 1-26-2021, 4:44:32 AM
blindgamers14(roflgamer) used a wood_pack 1-26-2021, 4:44:32 AM
blindgamers14(roflgamer) used a wood 1-26-2021, 4:44:41 AM
blindgamers14(roflgamer) used a wood 1-26-2021, 4:44:50 AM
blindgamers14(roflgamer) used a music_box 1-26-2021, 4:57:30 AM
blindgamers14(roflgamer) used a fight_inviter 1-26-2021, 5:27:23 AM
blindgamers14(roflgamer) used a tk_ultra_health_potion 1-26-2021, 5:27:44 AM
blindgamers14(roflgamer) used a tk_ultra_health_potion 1-26-2021, 5:27:44 AM
blindgamers14(roflgamer) used a turret 1-26-2021, 5:27:48 AM
blindgamers14(roflgamer) used a turret 1-26-2021, 5:29:38 AM
blindgamers14(roflgamer) used a tk_ultra_health_potion 1-26-2021, 5:48:20 AM
blindgamers14(roflgamer) used a tk_ultra_health_potion 1-26-2021, 5:48:20 AM
blindgamers14(roflgamer) used a tk_ultra_health_potion 1-26-2021, 5:48:20 AM
blindgamers14(roflgamer) used a shield 1-26-2021, 5:50:06 AM
blindgamers14(roflgamer) used a shield 1-26-2021, 5:50:06 AM
blindgamers14(roflgamer) used a shield 1-26-2021, 5:50:06 AM
blindgamers14(roflgamer) used a shield 1-26-2021, 5:50:06 AM
blindgamers14(roflgamer) used a shield 1-26-2021, 5:50:07 AM
blindgamers14(roflgamer) used a shield 1-26-2021, 5:50:07 AM
blindgamers14(roflgamer) used a shield 1-26-2021, 5:50:07 AM
blindgamers14(roflgamer) used a shield 1-26-2021, 5:50:07 AM
blindgamers14(roflgamer) used a shield 1-26-2021, 5:50:08 AM
blindgamers14(roflgamer) used a tk_ultra_health_potion 1-26-2021, 5:50:08 AM
blindgamers14(roflgamer) used a tk_ultra_health_potion 1-26-2021, 5:50:08 AM
blindgamers14(roflgamer) used a the_legendary_sword 1-26-2021, 5:50:14 AM
blindgamers14(roflgamer) used a health_drink 1-26-2021, 5:51:20 AM
blindgamers14(roflgamer) used a health_drink 1-26-2021, 5:51:20 AM
blindgamers14(roflgamer) used a health_drink 1-26-2021, 5:51:21 AM
blindgamers14(roflgamer) used a shield 1-26-2021, 5:52:09 AM
blindgamers14(roflgamer) used a shield 1-26-2021, 5:52:09 AM
blindgamers14(roflgamer) used a shield 1-26-2021, 5:52:09 AM
blindgamers14(roflgamer) used a shield 1-26-2021, 5:52:10 AM
blindgamers14(roflgamer) used a shield 1-26-2021, 5:52:10 AM
blindgamers14(roflgamer) used a shield 1-26-2021, 5:52:10 AM
blindgamers14(roflgamer) used a shield 1-26-2021, 5:52:10 AM
blindgamers14(roflgamer) used a shield 1-26-2021, 5:52:10 AM
blindgamers14(roflgamer) used a shield 1-26-2021, 5:52:10 AM
blindgamers14(roflgamer) used a shield 1-26-2021, 5:52:10 AM
blindgamers14(roflgamer) used a shield 1-26-2021, 5:52:11 AM
blindgamers14(roflgamer) used a shield 1-26-2021, 5:52:11 AM
blindgamers14(roflgamer) used a shield 1-26-2021, 5:52:11 AM
blindgamers14(roflgamer) used a shield 1-26-2021, 5:52:11 AM
blindgamers14(roflgamer) used a shield 1-26-2021, 5:52:11 AM
blindgamers14(roflgamer) used a shield 1-26-2021, 5:52:12 AM
blindgamers14(roflgamer) used a shield 1-26-2021, 5:52:12 AM
blindgamers14(roflgamer) used a shield 1-26-2021, 5:52:12 AM
blindgamers14(roflgamer) used a shield 1-26-2021, 5:52:12 AM
blindgamers14(roflgamer) used a shield 1-26-2021, 5:52:12 AM
blindgamers14(roflgamer) used a shield 1-26-2021, 5:52:13 AM
blindgamers14(roflgamer) used a shield 1-26-2021, 5:52:13 AM
blindgamers14(roflgamer) used a shield 1-26-2021, 5:52:13 AM
blindgamers14(roflgamer) used a shield 1-26-2021, 5:52:13 AM
blindgamers14(roflgamer) used a tk_ultra_health_potion 1-26-2021, 5:52:14 AM
blindgamers14(roflgamer) used a tk_ultra_health_potion 1-26-2021, 5:52:14 AM
blindgamers14(roflgamer) used a shield 1-26-2021, 5:53:08 AM
blindgamers14(roflgamer) used a shield 1-26-2021, 5:53:09 AM
blindgamers14(roflgamer) used a shield 1-26-2021, 5:53:09 AM
blindgamers14(roflgamer) used a shield 1-26-2021, 5:53:09 AM
blindgamers14(roflgamer) used a shield 1-26-2021, 5:53:09 AM
blindgamers14(roflgamer) used a shield 1-26-2021, 5:53:09 AM
blindgamers14(roflgamer) used a shield 1-26-2021, 5:53:10 AM
blindgamers14(roflgamer) used a shield 1-26-2021, 5:53:10 AM
blindgamers14(roflgamer) used a shield 1-26-2021, 5:53:10 AM
blindgamers14(roflgamer) used a shield 1-26-2021, 5:53:10 AM
blindgamers14(roflgamer) used a shield 1-26-2021, 5:53:10 AM
blindgamers14(roflgamer) used a shield 1-26-2021, 5:53:10 AM
blindgamers14(roflgamer) used a shield 1-26-2021, 5:53:11 AM
blindgamers14(roflgamer) used a shield 1-26-2021, 5:53:11 AM
blindgamers14(roflgamer) used a shield 1-26-2021, 5:53:11 AM
blindgamers14(roflgamer) used a shield 1-26-2021, 5:53:11 AM
blindgamers14(roflgamer) used a shield 1-26-2021, 5:53:11 AM
blindgamers14(roflgamer) used a shield 1-26-2021, 5:53:11 AM
blindgamers14(roflgamer) used a shield 1-26-2021, 5:53:11 AM
blindgamers14(roflgamer) used a shield 1-26-2021, 5:53:12 AM
blindgamers14(roflgamer) used a shield 1-26-2021, 5:53:12 AM
blindgamers14(roflgamer) used a shield 1-26-2021, 5:53:12 AM
blindgamers14(roflgamer) used a shield 1-26-2021, 5:53:12 AM
blindgamers14(roflgamer) used a shield 1-26-2021, 5:53:12 AM
blindgamers14(roflgamer) used a shield 1-26-2021, 5:53:13 AM
blindgamers14(roflgamer) used a shield 1-26-2021, 5:53:13 AM
blindgamers14(roflgamer) used a shield 1-26-2021, 5:53:13 AM
blindgamers14(roflgamer) used a tk_ultra_health_potion 1-26-2021, 5:53:17 AM
blindgamers14(roflgamer) used a health_drink 1-26-2021, 5:53:18 AM
blindgamers14(roflgamer) used a health_drink 1-26-2021, 5:53:18 AM
blindgamers14(roflgamer) used a shield 1-26-2021, 5:54:29 AM
blindgamers14(roflgamer) used a shield 1-26-2021, 5:54:29 AM
blindgamers14(roflgamer) used a shield 1-26-2021, 5:54:29 AM
blindgamers14(roflgamer) used a shield 1-26-2021, 5:54:29 AM
blindgamers14(roflgamer) used a shield 1-26-2021, 5:55:44 AM
blindgamers14(roflgamer) used a shield 1-26-2021, 5:55:44 AM
blindgamers14(roflgamer) used a shield 1-26-2021, 5:55:44 AM
blindgamers14(roflgamer) used a tk_ultra_health_potion 1-26-2021, 5:55:51 AM
blindgamers14(roflgamer) used a tk_ultra_health_potion 1-26-2021, 5:55:51 AM
blindgamers14(roflgamer) used a tk_ultra_health_potion 1-26-2021, 5:55:52 AM
blindgamers14(roflgamer) used a shield 1-26-2021, 5:55:52 AM
blindgamers14(roflgamer) used a shield 1-26-2021, 5:55:52 AM
blindgamers14(roflgamer) used a shield 1-26-2021, 5:55:53 AM
blindgamers14(roflgamer) used a shield 1-26-2021, 5:55:53 AM
blindgamers14(roflgamer) used a health_drink 1-26-2021, 5:55:55 AM
blindgamers14(roflgamer) used a health_drink 1-26-2021, 5:55:55 AM
blindgamers14(roflgamer) used a shield 1-26-2021, 5:58:03 AM
blindgamers14(roflgamer) used a shield 1-26-2021, 5:58:03 AM
blindgamers14(roflgamer) used a shield 1-26-2021, 5:58:04 AM
blindgamers14(roflgamer) used a shield 1-26-2021, 5:58:04 AM
blindgamers14(roflgamer) used a shield 1-26-2021, 5:58:07 AM
blindgamers14(roflgamer) used a shield 1-26-2021, 5:58:07 AM
blindgamers14(roflgamer) used a shield 1-26-2021, 5:58:07 AM
blindgamers14(roflgamer) used a shield 1-26-2021, 5:58:07 AM
blindgamers14(roflgamer) used a shield 1-26-2021, 5:58:07 AM
blindgamers14(roflgamer) used a shield 1-26-2021, 5:58:08 AM
blindgamers14(roflgamer) used a shield 1-26-2021, 5:58:08 AM
blindgamers14(roflgamer) used a shield 1-26-2021, 5:58:08 AM
blindgamers14(roflgamer) used a shield 1-26-2021, 5:58:08 AM
blindgamers14(roflgamer) used a shield 1-26-2021, 5:58:08 AM
blindgamers14(roflgamer) used a shield 1-26-2021, 5:58:08 AM
blindgamers14(roflgamer) used a shield 1-26-2021, 5:58:09 AM
blindgamers14(roflgamer) used a shield 1-26-2021, 5:58:09 AM
blindgamers14(roflgamer) used a health_drink 1-26-2021, 5:58:10 AM
blindgamers14(roflgamer) used a health_drink 1-26-2021, 5:58:10 AM
blindgamers14(roflgamer) used a health_drink 1-26-2021, 6:00:44 AM
blindgamers14(roflgamer) used a health_drink 1-26-2021, 6:00:44 AM
blindgamers14(roflgamer) used a health_drink 1-26-2021, 6:00:51 AM
blindgamers14(roflgamer) used a health_drink 1-26-2021, 6:00:51 AM
blindgamers14(roflgamer) used a health_drink 1-26-2021, 6:01:10 AM
blindgamers14(roflgamer) used a health_drink 1-26-2021, 6:01:10 AM
blindgamers14(roflgamer) used a tk_ultra_health_potion 1-26-2021, 6:01:46 AM
blindgamers14(roflgamer) used a bullet_bomb 1-26-2021, 6:07:07 AM
blindgamers14(roflgamer) used a bullet_bomb 1-26-2021, 6:07:19 AM
blindgamers14(roflgamer) used a rocket_launcher 1-26-2021, 6:08:27 AM
blindgamers14(roflgamer) used a tk_ultra_health_potion 1-26-2021, 6:08:58 AM
blindgamers14(roflgamer) used a tk_ultra_health_potion 1-26-2021, 6:08:58 AM
blindgamers14(roflgamer) used a shield 1-26-2021, 6:10:06 AM
blindgamers14(roflgamer) used a shield 1-26-2021, 6:10:07 AM
blindgamers14(roflgamer) used a shield 1-26-2021, 6:10:07 AM
blindgamers14(roflgamer) used a shield 1-26-2021, 6:10:07 AM
blindgamers14(roflgamer) used a shield 1-26-2021, 6:10:07 AM
blindgamers14(roflgamer) used a shield 1-26-2021, 6:10:07 AM
blindgamers14(roflgamer) used a shield 1-26-2021, 6:10:08 AM
blindgamers14(roflgamer) used a shield 1-26-2021, 6:10:08 AM
blindgamers14(roflgamer) used a shield 1-26-2021, 6:10:08 AM
blindgamers14(roflgamer) used a shield 1-26-2021, 6:10:08 AM
blindgamers14(roflgamer) used a shield 1-26-2021, 6:10:08 AM
blindgamers14(roflgamer) used a shield 1-26-2021, 6:10:08 AM
blindgamers14(roflgamer) used a shield 1-26-2021, 6:10:09 AM
blindgamers14(roflgamer) used a shield 1-26-2021, 6:10:09 AM
blindgamers14(roflgamer) used a shield 1-26-2021, 6:10:09 AM
blindgamers14(roflgamer) used a shield 1-26-2021, 6:10:09 AM
blindgamers14(roflgamer) used a shield 1-26-2021, 6:10:09 AM
blindgamers14(roflgamer) used a shield 1-26-2021, 6:10:09 AM
blindgamers14(roflgamer) used a shield 1-26-2021, 6:10:10 AM
blindgamers14(roflgamer) used a shield 1-26-2021, 6:10:10 AM
blindgamers14(roflgamer) used a shield 1-26-2021, 6:10:10 AM
blindgamers14(roflgamer) used a shield 1-26-2021, 6:10:10 AM
blindgamers14(roflgamer) used a shield 1-26-2021, 6:10:10 AM
blindgamers14(roflgamer) used a shield 1-26-2021, 6:10:10 AM
blindgamers14(roflgamer) used a shield 1-26-2021, 6:10:11 AM
blindgamers14(roflgamer) used a shield 1-26-2021, 6:10:11 AM
blindgamers14(roflgamer) used a shield 1-26-2021, 6:10:11 AM
blindgamers14(roflgamer) used a shield 1-26-2021, 6:10:11 AM
blindgamers14(roflgamer) used a tk_ultra_health_potion 1-26-2021, 6:10:12 AM
blindgamers14(roflgamer) used a tk_ultra_health_potion 1-26-2021, 6:10:12 AM
blindgamers14(roflgamer) used a health_drink 1-26-2021, 6:10:35 AM
blindgamers14(roflgamer) used a health_drink 1-26-2021, 6:10:35 AM
blindgamers14(roflgamer) used a warp_box 1-26-2021, 6:11:23 AM
blindgamers14(roflgamer) used a warp_box 1-26-2021, 6:12:02 AM
blindgamers14(roflgamer) used a warp_box 1-26-2021, 6:12:14 AM
blindgamers14(roflgamer) used a remote_timebomb_controller 1-26-2021, 6:15:24 AM
blindgamers14(roflgamer) used a remote_timebomb_controller 1-26-2021, 6:15:27 AM
blindgamers14(roflgamer) used a remote_timebomb 1-26-2021, 6:15:31 AM
blindgamers14(roflgamer) used a remote_timebomb_controller 1-26-2021, 6:15:34 AM
blindgamers14(roflgamer) used a tk_ultra_health_potion 1-26-2021, 6:18:10 AM
blindgamers14(roflgamer) used a tk_ultra_health_potion 1-26-2021, 6:18:11 AM
blindgamers14(roflgamer) used a pipe_bomb 1-26-2021, 6:18:13 AM
blindgamers14(roflgamer) used a health_drink 1-26-2021, 6:18:28 AM
blindgamers14(roflgamer) used a health_drink 1-26-2021, 6:18:29 AM
blindgamers14(roflgamer) used a remote_timebomb_controller 1-26-2021, 6:26:58 AM
blindgamers14(roflgamer) used a turret 1-26-2021, 6:29:05 AM
blindgamers14(roflgamer) used a the_legendary_sword 1-26-2021, 6:29:23 AM
blindgamers14(roflgamer) used a the_legendary_sword 1-26-2021, 6:29:23 AM
blindgamers14(roflgamer) used a ags30 1-26-2021, 6:29:31 AM
blindgamers14(roflgamer) used a wood 1-26-2021, 6:30:20 AM
blindgamers14(roflgamer) used a remote_gun 1-26-2021, 6:30:30 AM
blindgamers14(roflgamer) used a remote_gun 1-26-2021, 6:30:30 AM
blindgamers14(roflgamer) used a turret 1-26-2021, 6:30:38 AM
blindgamers14(roflgamer) used a rocket_launcher 1-26-2021, 6:30:53 AM
blindgamers14(roflgamer) used a wood 1-26-2021, 6:31:23 AM
blindgamers14(roflgamer) used a wood 1-26-2021, 6:31:25 AM
blindgamers14(roflgamer) used a wood 1-26-2021, 6:31:28 AM
blindgamers14(roflgamer) used a ags30 1-26-2021, 6:37:45 AM
blindgamers14(roflgamer) used a remote_gun 1-26-2021, 6:38:21 AM
blindgamers14(roflgamer) used a remote_gun 1-26-2021, 6:38:36 AM
blindgamers14(roflgamer) used a wood 1-26-2021, 6:38:43 AM
blindgamers14(roflgamer) used a tk_ultra_health_potion 1-26-2021, 6:43:33 AM
blindgamers14(roflgamer) used a tk_ultra_health_potion 1-26-2021, 6:43:34 AM
blindgamers14(roflgamer) used a tk_ultra_health_potion 1-26-2021, 6:43:34 AM
blindgamers14(roflgamer) used a fire_starter 1-26-2021, 6:43:54 AM
blindgamers14(roflgamer) used a fire_starter 1-26-2021, 6:43:57 AM
blindgamers14(roflgamer) used a fire_starter 1-26-2021, 6:43:57 AM
blindgamers14(roflgamer) used a fire_starter 1-26-2021, 6:44:00 AM
blindgamers14(roflgamer) used a fire_starter 1-26-2021, 6:44:00 AM
blindgamers14(roflgamer) used a fire_starter 1-26-2021, 6:44:00 AM
blindgamers14(roflgamer) used a cutted_wolf_meat 1-26-2021, 6:44:03 AM
blindgamers14(roflgamer) used a cutted_wolf_meat 1-26-2021, 6:44:03 AM
blindgamers14(roflgamer) used a cutted_wolf_meat 1-26-2021, 6:44:03 AM
blindgamers14(roflgamer) used a cutted_wolf_meat 1-26-2021, 6:44:03 AM
blindgamers14(roflgamer) used a cutted_wolf_meat 1-26-2021, 6:44:04 AM
blindgamers14(roflgamer) used a cutted_wolf_meat 1-26-2021, 6:44:04 AM
blindgamers14(roflgamer) used a fire_starter 1-26-2021, 6:44:05 AM
blindgamers14(roflgamer) used a fire_starter 1-26-2021, 6:44:06 AM
blindgamers14(roflgamer) used a fire_starter 1-26-2021, 6:44:06 AM
blindgamers14(roflgamer) used a fire_starter 1-26-2021, 6:44:08 AM
blindgamers14(roflgamer) used a fire_starter 1-26-2021, 6:44:09 AM
blindgamers14(roflgamer) used a fire_starter 1-26-2021, 6:44:09 AM
blindgamers14(roflgamer) used a fire_starter 1-26-2021, 6:44:11 AM
blindgamers14(roflgamer) used a fire_starter 1-26-2021, 6:44:11 AM
blindgamers14(roflgamer) used a fire_starter 1-26-2021, 6:44:12 AM
blindgamers14(roflgamer) used a fire_starter 1-26-2021, 6:44:12 AM
blindgamers14(roflgamer) used a fire_starter 1-26-2021, 6:44:13 AM
blindgamers14(roflgamer) used a fire_starter 1-26-2021, 6:44:13 AM
blindgamers14(roflgamer) used a fire_starter 1-26-2021, 6:44:14 AM
blindgamers14(roflgamer) used a fire_starter 1-26-2021, 6:44:14 AM
blindgamers14(roflgamer) used a fire_starter 1-26-2021, 6:44:15 AM
blindgamers14(roflgamer) used a fire_starter 1-26-2021, 6:44:15 AM
blindgamers14(roflgamer) used a cutted_wolf_meat 1-26-2021, 6:44:22 AM
blindgamers14(roflgamer) used a cutted_wolf_meat 1-26-2021, 6:44:22 AM
blindgamers14(roflgamer) used a cutted_wolf_meat 1-26-2021, 6:44:22 AM
blindgamers14(roflgamer) used a cutted_wolf_meat 1-26-2021, 6:44:22 AM
blindgamers14(roflgamer) used a cutted_wolf_meat 1-26-2021, 6:44:22 AM
blindgamers14(roflgamer) used a cutted_wolf_meat 1-26-2021, 6:44:23 AM
blindgamers14(roflgamer) used a cutted_wolf_meat 1-26-2021, 6:44:23 AM
blindgamers14(roflgamer) used a cutted_wolf_meat 1-26-2021, 6:44:23 AM
blindgamers14(roflgamer) used a cutted_wolf_meat 1-26-2021, 6:44:23 AM
blindgamers14(roflgamer) used a cutted_wolf_meat 1-26-2021, 6:44:23 AM
blindgamers14(roflgamer) used a cutted_wolf_meat 1-26-2021, 6:44:23 AM
blindgamers14(roflgamer) used a cutted_wolf_meat 1-26-2021, 6:44:24 AM
blindgamers14(roflgamer) used a cutted_wolf_meat 1-26-2021, 6:44:24 AM
blindgamers14(roflgamer) used a cutted_wolf_meat 1-26-2021, 6:44:24 AM
blindgamers14(roflgamer) used a cutted_wolf_meat 1-26-2021, 6:44:24 AM
blindgamers14(roflgamer) used a cutted_wolf_meat 1-26-2021, 6:44:24 AM
blindgamers14(roflgamer) used a cutted_wolf_meat 1-26-2021, 6:44:25 AM
blindgamers14(roflgamer) used a cutted_wolf_meat 1-26-2021, 6:44:25 AM
blindgamers14(roflgamer) used a cutted_wolf_meat 1-26-2021, 6:44:25 AM
blindgamers14(roflgamer) used a cutted_wolf_meat 1-26-2021, 6:44:25 AM
blindgamers14(roflgamer) used a cutted_wolf_meat 1-26-2021, 6:44:25 AM
blindgamers14(roflgamer) used a cutted_wolf_meat 1-26-2021, 6:44:25 AM
blindgamers14(roflgamer) used a cutted_wolf_meat 1-26-2021, 6:44:26 AM
blindgamers14(roflgamer) used a cutted_wolf_meat 1-26-2021, 6:44:26 AM
blindgamers14(roflgamer) used a cutted_wolf_meat 1-26-2021, 6:44:26 AM
blindgamers14(roflgamer) used a cutted_wolf_meat 1-26-2021, 6:44:26 AM
blindgamers14(roflgamer) used a cutted_wolf_meat 1-26-2021, 6:44:26 AM
blindgamers14(roflgamer) used a cutted_wolf_meat 1-26-2021, 6:44:27 AM
blindgamers14(roflgamer) used a cutted_wolf_meat 1-26-2021, 6:44:27 AM
blindgamers14(roflgamer) used a cutted_wolf_meat 1-26-2021, 6:44:27 AM
blindgamers14(roflgamer) used a cutted_wolf_meat 1-26-2021, 6:44:27 AM
blindgamers14(roflgamer) used a cutted_wolf_meat 1-26-2021, 6:44:27 AM
blindgamers14(roflgamer) used a cutted_wolf_meat 1-26-2021, 6:44:27 AM
blindgamers14(roflgamer) used a cutted_wolf_meat 1-26-2021, 6:44:28 AM
blindgamers14(roflgamer) used a cutted_wolf_meat 1-26-2021, 6:44:28 AM
blindgamers14(roflgamer) used a cutted_wolf_meat 1-26-2021, 6:44:28 AM
blindgamers14(roflgamer) used a cutted_wolf_meat 1-26-2021, 6:44:28 AM
blindgamers14(roflgamer) used a cutted_wolf_meat 1-26-2021, 6:44:28 AM
blindgamers14(roflgamer) used a cutted_wolf_meat 1-26-2021, 6:44:29 AM
blindgamers14(roflgamer) used a cutted_wolf_meat 1-26-2021, 6:44:29 AM
blindgamers14(roflgamer) used a cutted_wolf_meat 1-26-2021, 6:44:29 AM
blindgamers14(roflgamer) used a cutted_wolf_meat 1-26-2021, 6:44:29 AM
blindgamers14(roflgamer) used a cutted_wolf_meat 1-26-2021, 6:44:30 AM
blindgamers14(roflgamer) used a cutted_wolf_meat 1-26-2021, 6:44:30 AM
blindgamers14(roflgamer) used a cutted_wolf_meat 1-26-2021, 6:44:30 AM
blindgamers14(roflgamer) used a cutted_wolf_meat 1-26-2021, 6:44:30 AM
blindgamers14(roflgamer) used a cutted_wolf_meat 1-26-2021, 6:44:31 AM
blindgamers14(roflgamer) used a cutted_wolf_meat 1-26-2021, 6:44:31 AM
blindgamers14(roflgamer) used a cutted_wolf_meat 1-26-2021, 6:44:31 AM
blindgamers14(roflgamer) used a cutted_wolf_meat 1-26-2021, 6:44:31 AM
blindgamers14(roflgamer) used a cutted_wolf_meat 1-26-2021, 6:44:31 AM
blindgamers14(roflgamer) used a cutted_wolf_meat 1-26-2021, 6:44:32 AM
blindgamers14(roflgamer) used a cutted_wolf_meat 1-26-2021, 6:44:32 AM
blindgamers14(roflgamer) used a cutted_wolf_meat 1-26-2021, 6:44:32 AM
blindgamers14(roflgamer) used a cutted_wolf_meat 1-26-2021, 6:44:32 AM
blindgamers14(roflgamer) used a cutted_wolf_meat 1-26-2021, 6:44:32 AM
blindgamers14(roflgamer) used a cutted_wolf_meat 1-26-2021, 6:44:33 AM
blindgamers14(roflgamer) used a cutted_wolf_meat 1-26-2021, 6:44:33 AM
blindgamers14(roflgamer) used a cutted_wolf_meat 1-26-2021, 6:44:33 AM
blindgamers14(roflgamer) used a cutted_wolf_meat 1-26-2021, 6:44:33 AM
blindgamers14(roflgamer) used a cutted_wolf_meat 1-26-2021, 6:44:33 AM
blindgamers14(roflgamer) used a cutted_wolf_meat 1-26-2021, 6:44:34 AM
blindgamers14(roflgamer) used a cutted_wolf_meat 1-26-2021, 6:44:34 AM
blindgamers14(roflgamer) used a cutted_wolf_meat 1-26-2021, 6:44:34 AM
blindgamers14(roflgamer) used a cutted_wolf_meat 1-26-2021, 6:44:34 AM
blindgamers14(roflgamer) used a cutted_wolf_meat 1-26-2021, 6:44:34 AM
blindgamers14(roflgamer) used a cutted_wolf_meat 1-26-2021, 6:44:35 AM
blindgamers14(roflgamer) used a cutted_wolf_meat 1-26-2021, 6:44:35 AM
blindgamers14(roflgamer) used a cutted_wolf_meat 1-26-2021, 6:44:35 AM
blindgamers14(roflgamer) used a cutted_wolf_meat 1-26-2021, 6:44:35 AM
blindgamers14(roflgamer) used a cutted_wolf_meat 1-26-2021, 6:44:36 AM
blindgamers14(roflgamer) used a cutted_wolf_meat 1-26-2021, 6:44:36 AM
blindgamers14(roflgamer) used a cutted_wolf_meat 1-26-2021, 6:44:36 AM
blindgamers14(roflgamer) used a cutted_wolf_meat 1-26-2021, 6:44:36 AM
blindgamers14(roflgamer) used a cutted_wolf_meat 1-26-2021, 6:44:36 AM
blindgamers14(roflgamer) used a cutted_wolf_meat 1-26-2021, 6:44:37 AM
blindgamers14(roflgamer) used a cutted_wolf_meat 1-26-2021, 6:44:37 AM
blindgamers14(roflgamer) used a cutted_wolf_meat 1-26-2021, 6:44:37 AM
blindgamers14(roflgamer) used a cutted_wolf_meat 1-26-2021, 6:44:37 AM
blindgamers14(roflgamer) used a cutted_wolf_meat 1-26-2021, 6:44:37 AM
blindgamers14(roflgamer) used a cutted_wolf_meat 1-26-2021, 6:44:38 AM
blindgamers14(roflgamer) used a cutted_wolf_meat 1-26-2021, 6:44:38 AM
blindgamers14(roflgamer) used a cutted_wolf_meat 1-26-2021, 6:44:38 AM
blindgamers14(roflgamer) used a tk_ultra_health_potion 1-26-2021, 6:44:40 AM
blindgamers14(roflgamer) used a cutted_wolf_meat 1-26-2021, 6:44:40 AM
blindgamers14(roflgamer) used a cutted_wolf_meat 1-26-2021, 6:44:41 AM
blindgamers14(roflgamer) used a cutted_wolf_meat 1-26-2021, 6:44:41 AM
blindgamers14(roflgamer) used a cutted_wolf_meat 1-26-2021, 6:44:41 AM
blindgamers14(roflgamer) used a cutted_wolf_meat 1-26-2021, 6:44:41 AM
blindgamers14(roflgamer) used a cutted_wolf_meat 1-26-2021, 6:44:41 AM
blindgamers14(roflgamer) used a cutted_wolf_meat 1-26-2021, 6:44:42 AM
blindgamers14(roflgamer) used a cutted_wolf_meat 1-26-2021, 6:44:45 AM
blindgamers14(roflgamer) used a cutted_wolf_meat 1-26-2021, 6:44:45 AM
blindgamers14(roflgamer) used a cutted_wolf_meat 1-26-2021, 6:44:45 AM
blindgamers14(roflgamer) used a cutted_wolf_meat 1-26-2021, 6:44:45 AM
blindgamers14(roflgamer) used a cutted_wolf_meat 1-26-2021, 6:44:45 AM
blindgamers14(roflgamer) used a cutted_wolf_meat 1-26-2021, 6:44:46 AM
blindgamers14(roflgamer) used a cutted_wolf_meat 1-26-2021, 6:44:57 AM
blindgamers14(roflgamer) used a cutted_wolf_meat 1-26-2021, 6:44:57 AM
blindgamers14(roflgamer) used a cutted_wolf_meat 1-26-2021, 6:44:57 AM
blindgamers14(roflgamer) used a cutted_wolf_meat 1-26-2021, 6:44:57 AM
blindgamers14(roflgamer) used a cutted_wolf_meat 1-26-2021, 6:44:57 AM
blindgamers14(roflgamer) used a cutted_wolf_meat 1-26-2021, 6:44:57 AM
blindgamers14(roflgamer) used a cutted_wolf_meat 1-26-2021, 6:44:58 AM
blindgamers14(roflgamer) used a cutted_wolf_meat 1-26-2021, 6:44:58 AM
blindgamers14(roflgamer) used a cutted_wolf_meat 1-26-2021, 6:44:58 AM
blindgamers14(roflgamer) used a cutted_wolf_meat 1-26-2021, 6:44:58 AM
blindgamers14(roflgamer) used a cutted_wolf_meat 1-26-2021, 6:44:58 AM
blindgamers14(roflgamer) used a cutted_wolf_meat 1-26-2021, 6:44:58 AM
blindgamers14(roflgamer) used a cutted_wolf_meat 1-26-2021, 6:44:59 AM
blindgamers14(roflgamer) used a cutted_wolf_meat 1-26-2021, 6:44:59 AM
blindgamers14(roflgamer) used a cutted_wolf_meat 1-26-2021, 6:44:59 AM
blindgamers14(roflgamer) used a cutted_wolf_meat 1-26-2021, 6:44:59 AM
blindgamers14(roflgamer) used a cutted_wolf_meat 1-26-2021, 6:45:22 AM
blindgamers14(roflgamer) used a fire_extinguisher 1-26-2021, 6:45:40 AM
blindgamers14(roflgamer) used a fire_extinguisher 1-26-2021, 6:45:40 AM
blindgamers14(roflgamer) used a remote_gun 1-26-2021, 6:46:34 AM
blindgamers14(roflgamer) used a tank 1-26-2021, 6:47:27 AM
blindgamers14(roflgamer) used a suicide_bomb 1-26-2021, 6:47:29 AM
blindgamers14(roflgamer) used a suicide_bomb 1-26-2021, 6:47:29 AM
blindgamers14(roflgamer) used a suicide_bomb 1-26-2021, 6:47:38 AM
blindgamers14(roflgamer) used a aircraft 1-26-2021, 6:47:50 AM
blindgamers14(roflgamer) used a tk_ultra_health_potion 1-26-2021, 6:52:20 AM
blindgamers14(roflgamer) used a tk_ultra_health_potion 1-26-2021, 6:52:21 AM
blindgamers14(roflgamer) used a tk_ultra_health_potion 1-26-2021, 6:52:21 AM
blindgamers14(roflgamer) used a hand_cannon 1-26-2021, 6:52:29 AM
blindgamers14(roflgamer) used a hand_cannon 1-26-2021, 6:52:29 AM
blindgamers14(roflgamer) used a wood 1-26-2021, 6:55:34 AM
blindgamers14(roflgamer) used a remote_gun 1-26-2021, 6:55:53 AM
blindgamers14(roflgamer) used a remote_gun 1-26-2021, 6:55:54 AM
blindgamers14(roflgamer) used a rocket_launcher 1-26-2021, 6:56:05 AM
blindgamers14(roflgamer) used a turret 1-26-2021, 6:57:02 AM
blindgamers14(roflgamer) used a antibiotic_canister 1-26-2021, 6:58:02 AM
blindgamers14(roflgamer) used a antibiotic_canister 1-26-2021, 6:58:02 AM
blindgamers14(roflgamer) used a antibiotic_canister 1-26-2021, 6:58:02 AM
blindgamers14(roflgamer) used a antibiotic_canister 1-26-2021, 6:58:02 AM
blindgamers14(roflgamer) used a rocket_launcher 1-26-2021, 6:58:09 AM
blindgamers14(roflgamer) used a rocket_launcher 1-26-2021, 6:58:09 AM
blindgamers14(roflgamer) used a rocket_launcher 1-26-2021, 6:58:10 AM
blindgamers14(roflgamer) used a wood 1-26-2021, 6:59:20 AM
blindgamers14(roflgamer) used a wood 1-26-2021, 6:59:38 AM
blindgamers14(roflgamer) used a wood 1-26-2021, 6:59:45 AM
blindgamers14(roflgamer) used a armored_tank 1-26-2021, 7:00:15 AM
blindgamers14(roflgamer) used a metal 1-26-2021, 7:02:27 AM
blindgamers14(roflgamer) used a metal 1-26-2021, 7:02:27 AM
blindgamers14(roflgamer) used a turret 1-26-2021, 7:03:23 AM
blindgamers14(roflgamer) used a turret 1-26-2021, 7:03:23 AM
blindgamers14(roflgamer) used a metal 1-26-2021, 7:03:55 AM
blindgamers14(roflgamer) used a metal 1-26-2021, 7:03:55 AM
blindgamers14(roflgamer) used a metal 1-26-2021, 7:03:55 AM
blindgamers14(roflgamer) used a metal 1-26-2021, 7:03:56 AM
blindgamers14(roflgamer) used a metal 1-26-2021, 7:03:56 AM
blindgamers14(roflgamer) used a metal 1-26-2021, 7:03:56 AM
blindgamers14(roflgamer) used a metal 1-26-2021, 7:03:56 AM
blindgamers14(roflgamer) used a metal 1-26-2021, 7:03:56 AM
blindgamers14(roflgamer) used a metal 1-26-2021, 7:03:56 AM
blindgamers14(roflgamer) used a metal 1-26-2021, 7:03:57 AM
blindgamers14(roflgamer) used a hand_grenade 1-26-2021, 7:04:10 AM
blindgamers14(roflgamer) used a hand_grenade 1-26-2021, 7:04:11 AM
blindgamers14(roflgamer) used a hand_grenade 1-26-2021, 7:04:11 AM
blindgamers14(roflgamer) used a hand_grenade 1-26-2021, 7:04:11 AM
blindgamers14(roflgamer) used a hand_grenade 1-26-2021, 7:04:11 AM
blindgamers14(roflgamer) used a hand_grenade 1-26-2021, 7:04:13 AM
blindgamers14(roflgamer) used a hand_grenade 1-26-2021, 7:04:13 AM
blindgamers14(roflgamer) used a hand_grenade 1-26-2021, 7:04:14 AM
blindgamers14(roflgamer) used a hand_grenade 1-26-2021, 7:04:14 AM
blindgamers14(roflgamer) used a hand_grenade 1-26-2021, 7:04:14 AM
blindgamers14(roflgamer) used a hand_grenade 1-26-2021, 7:04:14 AM
blindgamers14(roflgamer) used a hand_grenade 1-26-2021, 7:04:14 AM
blindgamers14(roflgamer) used a hand_grenade 1-26-2021, 7:04:14 AM
blindgamers14(roflgamer) used a hand_grenade 1-26-2021, 7:04:16 AM
blindgamers14(roflgamer) used a hand_grenade 1-26-2021, 7:04:16 AM
blindgamers14(roflgamer) used a hand_grenade 1-26-2021, 7:04:16 AM
blindgamers14(roflgamer) used a hand_grenade 1-26-2021, 7:04:16 AM
blindgamers14(roflgamer) used a hand_grenade 1-26-2021, 7:04:16 AM
blindgamers14(roflgamer) used a hand_grenade 1-26-2021, 7:04:16 AM
blindgamers14(roflgamer) used a hand_grenade 1-26-2021, 7:04:17 AM
blindgamers14(roflgamer) used a hand_grenade 1-26-2021, 7:04:17 AM
blindgamers14(roflgamer) used a hand_grenade 1-26-2021, 7:04:17 AM
blindgamers14(roflgamer) used a hand_grenade 1-26-2021, 7:04:17 AM
blindgamers14(roflgamer) used a metal 1-26-2021, 7:04:35 AM
blindgamers14(roflgamer) used a metal 1-26-2021, 7:04:35 AM
blindgamers14(roflgamer) used a metal 1-26-2021, 7:04:35 AM
blindgamers14(roflgamer) used a metal 1-26-2021, 7:04:35 AM
blindgamers14(roflgamer) used a metal 1-26-2021, 7:04:36 AM
blindgamers14(roflgamer) used a metal 1-26-2021, 7:04:37 AM
blindgamers14(roflgamer) used a metal 1-26-2021, 7:04:37 AM
blindgamers14(roflgamer) used a metal 1-26-2021, 7:04:37 AM
blindgamers14(roflgamer) used a metal 1-26-2021, 7:04:37 AM
blindgamers14(roflgamer) used a metal 1-26-2021, 7:04:37 AM
blindgamers14(roflgamer) used a metal 1-26-2021, 7:04:37 AM
blindgamers14(roflgamer) used a metal 1-26-2021, 7:04:38 AM
blindgamers14(roflgamer) used a metal 1-26-2021, 7:04:38 AM
blindgamers14(roflgamer) used a bullet_bomb 1-26-2021, 7:05:01 AM
blindgamers14(roflgamer) used a bullet_bomb 1-26-2021, 7:05:01 AM
blindgamers14(roflgamer) used a the_legendary_sword 1-26-2021, 7:42:54 AM
blindgamers14(roflgamer) used a tk_ultra_health_potion 1-26-2021, 7:46:46 AM
blindgamers14(roflgamer) used a tk_ultra_health_potion 1-26-2021, 7:46:46 AM
blindgamers14(roflgamer) used a pack_of_5_barricade_bomb 1-26-2021, 7:48:12 AM
blindgamers14(roflgamer) used a pack_of_5_barricade_bomb 1-26-2021, 7:48:12 AM
blindgamers14(roflgamer) used a pack_of_5_barricade_bomb 1-26-2021, 7:48:12 AM
blindgamers14(roflgamer) used a pack_of_20_bomb_defuser 1-26-2021, 7:48:15 AM
blindgamers14(roflgamer) used a pack_of_20_bomb_defuser 1-26-2021, 7:48:15 AM
blindgamers14(roflgamer) used a pack_of_20_bomb_defuser 1-26-2021, 7:48:16 AM
blindgamers14(roflgamer) used a pack_of_20_fire_extinguisher 1-26-2021, 7:48:20 AM
blindgamers14(roflgamer) used a pack_of_15_shield 1-26-2021, 7:48:25 AM
blindgamers14(roflgamer) used a pack_of_15_shield 1-26-2021, 7:48:25 AM
blindgamers14(roflgamer) used a pack_of_5_mass_bomb 1-26-2021, 7:48:30 AM
blindgamers14(roflgamer) used a pack_of_5_mass_bomb 1-26-2021, 7:48:30 AM
blindgamers14(roflgamer) used a pack_of_5_mass_bomb 1-26-2021, 7:48:30 AM
blindgamers14(roflgamer) used a pack_of_20_missile_interceptor 1-26-2021, 7:48:33 AM
blindgamers14(roflgamer) used a pack_of_20_missile_interceptor 1-26-2021, 7:48:34 AM
blindgamers14(roflgamer) used a pack_of_20_missile_interceptor 1-26-2021, 7:48:34 AM
blindgamers14(roflgamer) used a pack_of_10_antibiotic 1-26-2021, 7:48:50 AM
blindgamers14(roflgamer) used a armored_tank 1-26-2021, 7:49:00 AM
blindgamers14(roflgamer) used a armored_tank 1-26-2021, 7:49:00 AM
blindgamers14(roflgamer) used a pack_of_6_ammo_gp30 1-26-2021, 7:49:17 AM
blindgamers14(roflgamer) used a pack_of_6_ammo_gp30 1-26-2021, 7:49:17 AM
blindgamers14(roflgamer) used a pack_of_6_ammo_gp30 1-26-2021, 7:49:17 AM
blindgamers14(roflgamer) used a pack_of_6_ammo_gp30 1-26-2021, 7:49:18 AM
blindgamers14(roflgamer) used a pack_of_15_stone 1-26-2021, 7:49:49 AM
blindgamers14(roflgamer) used a pack_of_15_stone 1-26-2021, 7:49:49 AM
blindgamers14(roflgamer) used a pack_of_15_stone 1-26-2021, 7:49:49 AM
blindgamers14(roflgamer) used a aircraft 1-26-2021, 7:49:56 AM
blindgamers14(roflgamer) used a aircraft 1-26-2021, 7:49:56 AM
blindgamers14(roflgamer) used a tk_ultra_health_potion 1-26-2021, 7:51:17 AM
blindgamers14(roflgamer) used a tk_ultra_health_potion 1-26-2021, 7:51:18 AM
blindgamers14(roflgamer) used a tk_ultra_health_potion 1-26-2021, 7:51:20 AM
blindgamers14(roflgamer) used a health_drink 1-26-2021, 7:51:44 AM
blindgamers14(roflgamer) used a health_drink 1-26-2021, 7:51:44 AM
blindgamers14(roflgamer) used a gas_mask 1-26-2021, 7:53:02 AM
blindgamers14(roflgamer) used a health_drink 1-26-2021, 7:54:21 AM
blindgamers14(roflgamer) used a health_drink 1-26-2021, 7:54:21 AM
blindgamers14(roflgamer) used a tk_ultra_health_potion 1-26-2021, 7:54:53 AM
blindgamers14(roflgamer) used a tk_ultra_health_potion 1-26-2021, 7:54:53 AM
blindgamers14(roflgamer) used a tk_ultra_health_potion 1-26-2021, 7:54:53 AM
blindgamers14(roflgamer) used a gas_mask 1-26-2021, 7:56:14 AM
blindgamers14(roflgamer) used a gas_mask 1-26-2021, 7:56:14 AM
blindgamers14(roflgamer) used a gas_mask 1-26-2021, 7:56:14 AM
blindgamers14(roflgamer) used a gas_mask 1-26-2021, 7:56:14 AM
blindgamers14(roflgamer) used a gas_mask 1-26-2021, 7:56:16 AM
blindgamers14(roflgamer) used a armored_tank 1-26-2021, 7:56:23 AM
blindgamers14(roflgamer) used a armored_tank 1-26-2021, 7:56:24 AM
blindgamers14(roflgamer) used a tk_ultra_health_potion 1-26-2021, 7:58:20 AM
blindgamers14(roflgamer) used a tk_ultra_health_potion 1-26-2021, 7:58:21 AM
blindgamers14(roflgamer) used a gas_mask 1-26-2021, 7:58:50 AM
blindgamers14(roflgamer) used a shield 1-26-2021, 7:58:53 AM
blindgamers14(roflgamer) used a shield 1-26-2021, 7:58:53 AM
blindgamers14(roflgamer) used a shield 1-26-2021, 7:58:53 AM
blindgamers14(roflgamer) used a shield 1-26-2021, 7:58:53 AM
blindgamers14(roflgamer) used a shield 1-26-2021, 7:58:53 AM
blindgamers14(roflgamer) used a shield 1-26-2021, 7:58:53 AM
blindgamers14(roflgamer) used a shield 1-26-2021, 7:58:54 AM
blindgamers14(roflgamer) used a shield 1-26-2021, 7:58:54 AM
blindgamers14(roflgamer) used a shield 1-26-2021, 7:58:54 AM
blindgamers14(roflgamer) used a shield 1-26-2021, 7:58:54 AM
blindgamers14(roflgamer) used a shield 1-26-2021, 7:58:54 AM
blindgamers14(roflgamer) used a shield 1-26-2021, 7:58:55 AM
blindgamers14(roflgamer) used a shield 1-26-2021, 7:58:55 AM
blindgamers14(roflgamer) used a shield 1-26-2021, 7:58:55 AM
blindgamers14(roflgamer) used a gas_mask 1-26-2021, 8:00:58 AM
blindgamers14(roflgamer) used a gas_mask 1-26-2021, 8:00:59 AM
blindgamers14(roflgamer) used a health_drink 1-26-2021, 8:01:53 AM
blindgamers14(roflgamer) used a health_drink 1-26-2021, 8:01:53 AM
blindgamers14(roflgamer) used a health_drink 1-26-2021, 8:02:07 AM
blindgamers14(roflgamer) used a health_drink 1-26-2021, 8:02:07 AM
blindgamers14(roflgamer) used a armored_tank 1-26-2021, 8:06:45 AM
blindgamers14(roflgamer) used a hand_grenade 1-26-2021, 8:06:51 AM
blindgamers14(roflgamer) used a hand_grenade 1-26-2021, 8:06:52 AM
blindgamers14(roflgamer) used a hand_grenade 1-26-2021, 8:06:52 AM
blindgamers14(roflgamer) used a shield 1-26-2021, 8:08:41 AM
blindgamers14(roflgamer) used a shield 1-26-2021, 8:08:41 AM
blindgamers14(roflgamer) used a shield 1-26-2021, 8:08:41 AM
blindgamers14(roflgamer) used a shield 1-26-2021, 8:08:41 AM
blindgamers14(roflgamer) used a shield 1-26-2021, 8:08:41 AM
blindgamers14(roflgamer) used a shield 1-26-2021, 8:08:41 AM
blindgamers14(roflgamer) used a shield 1-26-2021, 8:08:42 AM
blindgamers14(roflgamer) used a shield 1-26-2021, 8:08:42 AM
blindgamers14(roflgamer) used a health_drink 1-26-2021, 8:08:43 AM
blindgamers14(roflgamer) used a health_drink 1-26-2021, 8:08:43 AM
blindgamers14(roflgamer) used a storm_sniper 1-26-2021, 8:09:28 AM
blindgamers14(roflgamer) used a shield 1-26-2021, 8:11:27 AM
blindgamers14(roflgamer) used a shield 1-26-2021, 8:11:27 AM
blindgamers14(roflgamer) used a shield 1-26-2021, 8:11:27 AM
blindgamers14(roflgamer) used a shield 1-26-2021, 8:11:27 AM
blindgamers14(roflgamer) used a shield 1-26-2021, 8:11:28 AM
blindgamers14(roflgamer) used a shield 1-26-2021, 8:11:28 AM
blindgamers14(roflgamer) used a shield 1-26-2021, 8:11:34 AM
blindgamers14(roflgamer) used a shield 1-26-2021, 8:11:35 AM
blindgamers14(roflgamer) used a shield 1-26-2021, 8:11:35 AM
blindgamers14(roflgamer) used a shield 1-26-2021, 8:11:35 AM
blindgamers14(roflgamer) used a shield 1-26-2021, 8:11:35 AM
blindgamers14(roflgamer) used a shield 1-26-2021, 8:11:35 AM
blindgamers14(roflgamer) used a shield 1-26-2021, 8:11:35 AM
blindgamers14(roflgamer) used a shield 1-26-2021, 8:11:36 AM
blindgamers14(roflgamer) used a shield 1-26-2021, 8:11:36 AM
blindgamers14(roflgamer) used a shield 1-26-2021, 8:11:36 AM
blindgamers14(roflgamer) used a shield 1-26-2021, 8:11:37 AM
blindgamers14(roflgamer) used a gas_mask 1-26-2021, 8:11:51 AM
blindgamers14(roflgamer) used a armored_tank 1-26-2021, 8:12:36 AM
blindgamers14(roflgamer) used a armored_tank 1-26-2021, 8:12:36 AM
blindgamers14(roflgamer) used a armored_tank 1-26-2021, 8:12:37 AM
blindgamers14(roflgamer) used a health_drink 1-26-2021, 8:14:57 AM
blindgamers14(roflgamer) used a health_drink 1-26-2021, 8:14:57 AM
blindgamers14(roflgamer) used a health_drink 1-26-2021, 8:15:07 AM
blindgamers14(roflgamer) used a health_drink 1-26-2021, 8:15:07 AM
blindgamers14(roflgamer) used a shield 1-26-2021, 8:15:49 AM
blindgamers14(roflgamer) used a shield 1-26-2021, 8:15:49 AM
blindgamers14(roflgamer) used a shield 1-26-2021, 8:15:49 AM
blindgamers14(roflgamer) used a shield 1-26-2021, 8:15:49 AM
blindgamers14(roflgamer) used a shield 1-26-2021, 8:15:49 AM
blindgamers14(roflgamer) used a shield 1-26-2021, 8:15:49 AM
blindgamers14(roflgamer) used a shield 1-26-2021, 8:15:49 AM
blindgamers14(roflgamer) used a shield 1-26-2021, 8:15:50 AM
blindgamers14(roflgamer) used a shield 1-26-2021, 8:15:50 AM
blindgamers14(roflgamer) used a shield 1-26-2021, 8:15:50 AM
blindgamers14(roflgamer) used a shield 1-26-2021, 8:15:50 AM
blindgamers14(roflgamer) used a shield 1-26-2021, 8:15:50 AM
blindgamers14(roflgamer) used a shield 1-26-2021, 8:15:50 AM
blindgamers14(roflgamer) used a shield 1-26-2021, 8:15:50 AM
blindgamers14(roflgamer) used a shield 1-26-2021, 8:15:51 AM
blindgamers14(roflgamer) used a shield 1-26-2021, 8:15:51 AM
blindgamers14(roflgamer) used a shield 1-26-2021, 8:15:51 AM
blindgamers14(roflgamer) used a armored_tank 1-26-2021, 8:16:28 AM
blindgamers14(roflgamer) used a armored_tank 1-26-2021, 8:16:28 AM
blindgamers14(roflgamer) used a armored_tank 1-26-2021, 8:17:42 AM
blindgamers14(roflgamer) used a armored_tank 1-26-2021, 8:17:43 AM
blindgamers14(roflgamer) used a tank 1-26-2021, 8:18:50 AM
blindgamers14(roflgamer) used a tank 1-26-2021, 8:18:50 AM
blindgamers14(roflgamer) used a tank 1-26-2021, 8:18:54 AM
blindgamers14(roflgamer) used a tank 1-26-2021, 8:18:55 AM
blindgamers14(roflgamer) used a armored_tank 1-26-2021, 8:18:56 AM
blindgamers14(roflgamer) used a armored_tank 1-26-2021, 8:18:57 AM
blindgamers14(roflgamer) used a armored_tank 1-26-2021, 8:18:57 AM
blindgamers14(roflgamer) used a armored_tank 1-26-2021, 8:21:58 AM
blindgamers14(roflgamer) used a armored_tank 1-26-2021, 8:21:58 AM
blindgamers14(roflgamer) used a armored_tank 1-26-2021, 8:21:58 AM
blindgamers14(roflgamer) used a armored_tank 1-26-2021, 8:21:59 AM
blindgamers14(roflgamer) used a dead_rabbit 1-26-2021, 8:31:15 AM
blindgamers14(roflgamer) used a missile_interceptor 1-26-2021, 8:31:21 AM
blindgamers14(roflgamer) used a taser 1-26-2021, 8:31:30 AM
blindgamers14(roflgamer) used a remote_gun 1-26-2021, 8:31:57 AM
blindgamers14(roflgamer) used a remote_gun 1-26-2021, 8:31:58 AM
blindgamers14(roflgamer) used a the_legendary_sword 1-26-2021, 8:33:03 AM
blindgamers14(roflgamer) used a wood_pack 1-26-2021, 8:33:15 AM
blindgamers14(roflgamer) used a wood 1-26-2021, 8:33:19 AM
blindgamers14(roflgamer) used a wood 1-26-2021, 8:33:35 AM
blindgamers14(roflgamer) used a wood 1-26-2021, 8:33:40 AM
blindgamers14(roflgamer) used a wood_pack 1-26-2021, 8:34:40 AM
blindgamers14(roflgamer) used a wood_pack 1-26-2021, 8:34:40 AM
blindgamers14(roflgamer) used a wood_pack 1-26-2021, 8:34:41 AM
blindgamers14(roflgamer) used a wood_pack 1-26-2021, 8:34:41 AM
blindgamers14(roflgamer) used a wood_pack 1-26-2021, 8:34:42 AM
blindgamers14(roflgamer) used a wood_pack 1-26-2021, 8:34:42 AM
blindgamers14(roflgamer) used a wood_pack 1-26-2021, 8:34:42 AM
blindgamers14(roflgamer) used a wood_pack 1-26-2021, 8:34:42 AM
blindgamers14(roflgamer) used a wood_pack 1-26-2021, 8:34:42 AM
blindgamers14(roflgamer) used a wood_pack 1-26-2021, 8:34:42 AM
blindgamers14(roflgamer) used a wood_pack 1-26-2021, 8:34:43 AM
blindgamers14(roflgamer) used a wood_pack 1-26-2021, 8:34:43 AM
blindgamers14(roflgamer) used a wood_pack 1-26-2021, 8:34:43 AM
blindgamers14(roflgamer) used a wood_pack 1-26-2021, 8:34:43 AM
blindgamers14(roflgamer) used a wood_pack 1-26-2021, 8:34:43 AM
blindgamers14(roflgamer) used a wood_pack 1-26-2021, 8:34:43 AM
blindgamers14(roflgamer) used a wood_pack 1-26-2021, 8:34:43 AM
blindgamers14(roflgamer) used a wood_pack 1-26-2021, 8:34:44 AM
blindgamers14(roflgamer) used a wood_pack 1-26-2021, 8:34:44 AM
blindgamers14(roflgamer) used a wood_pack 1-26-2021, 8:34:44 AM
blindgamers14(roflgamer) used a wood_pack 1-26-2021, 8:34:44 AM
blindgamers14(roflgamer) used a wood_pack 1-26-2021, 8:34:44 AM
blindgamers14(roflgamer) used a wood_pack 1-26-2021, 8:34:44 AM
blindgamers14(roflgamer) used a wood_pack 1-26-2021, 8:34:45 AM
blindgamers14(roflgamer) used a wood_pack 1-26-2021, 8:34:45 AM
blindgamers14(roflgamer) used a wood_pack 1-26-2021, 8:34:45 AM
blindgamers14(roflgamer) used a wood_pack 1-26-2021, 8:34:45 AM
blindgamers14(roflgamer) used a wood_pack 1-26-2021, 8:34:45 AM
blindgamers14(roflgamer) used a wood_pack 1-26-2021, 8:34:45 AM
blindgamers14(roflgamer) used a wood_pack 1-26-2021, 8:34:45 AM
blindgamers14(roflgamer) used a wood_pack 1-26-2021, 8:34:46 AM
blindgamers14(roflgamer) used a wood_pack 1-26-2021, 8:34:46 AM
blindgamers14(roflgamer) used a wood_pack 1-26-2021, 8:34:46 AM
blindgamers14(roflgamer) used a wood_pack 1-26-2021, 8:34:46 AM
blindgamers14(roflgamer) used a wood_pack 1-26-2021, 8:34:46 AM
blindgamers14(roflgamer) used a wood_pack 1-26-2021, 8:34:47 AM
blindgamers14(roflgamer) used a wood_pack 1-26-2021, 8:34:47 AM
blindgamers14(roflgamer) used a wood_pack 1-26-2021, 8:34:47 AM
blindgamers14(roflgamer) used a wood_pack 1-26-2021, 8:34:47 AM
blindgamers14(roflgamer) used a wood_pack 1-26-2021, 8:34:47 AM
blindgamers14(roflgamer) used a wood_pack 1-26-2021, 8:34:47 AM
blindgamers14(roflgamer) used a wood_pack 1-26-2021, 8:34:48 AM
blindgamers14(roflgamer) used a wood_pack 1-26-2021, 8:34:48 AM
blindgamers14(roflgamer) used a wood_pack 1-26-2021, 8:34:48 AM
blindgamers14(roflgamer) used a wood_pack 1-26-2021, 8:34:48 AM
blindgamers14(roflgamer) used a wood_pack 1-26-2021, 8:34:48 AM
blindgamers14(roflgamer) used a wood_pack 1-26-2021, 8:34:48 AM
blindgamers14(roflgamer) used a wood_pack 1-26-2021, 8:34:49 AM
blindgamers14(roflgamer) used a wood_pack 1-26-2021, 8:34:49 AM
blindgamers14(roflgamer) used a wood_pack 1-26-2021, 8:34:49 AM
blindgamers14(roflgamer) used a wood_pack 1-26-2021, 8:34:49 AM
blindgamers14(roflgamer) used a wood_pack 1-26-2021, 8:34:49 AM
blindgamers14(roflgamer) used a wood_pack 1-26-2021, 8:34:50 AM
blindgamers14(roflgamer) used a wood_pack 1-26-2021, 8:34:50 AM
blindgamers14(roflgamer) used a wood_pack 1-26-2021, 8:34:50 AM
blindgamers14(roflgamer) used a wood_pack 1-26-2021, 8:34:50 AM
blindgamers14(roflgamer) used a wood_pack 1-26-2021, 8:34:50 AM
blindgamers14(roflgamer) used a wood_pack 1-26-2021, 8:34:50 AM
blindgamers14(roflgamer) used a wood_pack 1-26-2021, 8:34:51 AM
blindgamers14(roflgamer) used a wood_pack 1-26-2021, 8:34:51 AM
blindgamers14(roflgamer) used a wood_pack 1-26-2021, 8:34:51 AM
blindgamers14(roflgamer) used a wood_pack 1-26-2021, 8:34:51 AM
blindgamers14(roflgamer) used a wood_pack 1-26-2021, 8:34:51 AM
blindgamers14(roflgamer) used a wood_pack 1-26-2021, 8:34:52 AM
blindgamers14(roflgamer) used a wood_pack 1-26-2021, 8:34:52 AM
blindgamers14(roflgamer) used a wood_pack 1-26-2021, 8:34:52 AM
blindgamers14(roflgamer) used a wood_pack 1-26-2021, 8:34:52 AM
blindgamers14(roflgamer) used a wood_pack 1-26-2021, 8:34:52 AM
blindgamers14(roflgamer) used a wood_pack 1-26-2021, 8:34:53 AM
blindgamers14(roflgamer) used a wood_pack 1-26-2021, 8:34:53 AM
blindgamers14(roflgamer) used a wood_pack 1-26-2021, 8:34:53 AM
blindgamers14(roflgamer) used a wood_pack 1-26-2021, 8:34:53 AM
blindgamers14(roflgamer) used a wood_pack 1-26-2021, 8:34:53 AM
blindgamers14(roflgamer) used a wood_pack 1-26-2021, 8:34:53 AM
blindgamers14(roflgamer) used a wood_pack 1-26-2021, 8:34:54 AM
blindgamers14(roflgamer) used a wood_pack 1-26-2021, 8:34:54 AM
blindgamers14(roflgamer) used a wood_pack 1-26-2021, 8:34:54 AM
blindgamers14(roflgamer) used a wood_pack 1-26-2021, 8:34:54 AM
blindgamers14(roflgamer) used a wood_pack 1-26-2021, 8:34:54 AM
blindgamers14(roflgamer) used a wood_pack 1-26-2021, 8:34:54 AM
blindgamers14(roflgamer) used a wood_pack 1-26-2021, 8:34:55 AM
blindgamers14(roflgamer) used a wood_pack 1-26-2021, 8:34:55 AM
blindgamers14(roflgamer) used a wood_pack 1-26-2021, 8:34:55 AM
blindgamers14(roflgamer) used a wood_pack 1-26-2021, 8:36:38 AM
blindgamers14(roflgamer) used a wood_pack 1-26-2021, 8:36:39 AM
blindgamers14(roflgamer) used a wood_pack 1-26-2021, 8:36:39 AM
blindgamers14(roflgamer) used a wood_pack 1-26-2021, 8:36:39 AM
blindgamers14(roflgamer) used a wood_pack 1-26-2021, 8:36:39 AM
blindgamers14(roflgamer) used a wood_pack 1-26-2021, 8:36:39 AM
blindgamers14(roflgamer) used a wood_pack 1-26-2021, 8:36:39 AM
blindgamers14(roflgamer) used a wood_pack 1-26-2021, 8:36:40 AM
blindgamers14(roflgamer) used a wood_pack 1-26-2021, 8:36:40 AM
blindgamers14(roflgamer) used a wood_pack 1-26-2021, 8:36:40 AM
blindgamers14(roflgamer) used a wood_pack 1-26-2021, 8:36:40 AM
blindgamers14(roflgamer) used a wood_pack 1-26-2021, 8:36:40 AM
blindgamers14(roflgamer) used a wood_pack 1-26-2021, 8:36:40 AM
blindgamers14(roflgamer) used a wood_pack 1-26-2021, 8:36:40 AM
blindgamers14(roflgamer) used a wood_pack 1-26-2021, 8:36:41 AM
blindgamers14(roflgamer) used a wood_pack 1-26-2021, 8:36:41 AM
blindgamers14(roflgamer) used a wood_pack 1-26-2021, 8:36:41 AM
blindgamers14(roflgamer) used a wood_pack 1-26-2021, 8:36:41 AM
blindgamers14(roflgamer) used a wood_pack 1-26-2021, 8:36:41 AM
blindgamers14(roflgamer) used a wood_pack 1-26-2021, 8:36:41 AM
blindgamers14(roflgamer) used a wood_pack 1-26-2021, 8:36:41 AM
blindgamers14(roflgamer) used a wood_pack 1-26-2021, 8:36:42 AM
blindgamers14(roflgamer) used a wood_pack 1-26-2021, 8:36:42 AM
blindgamers14(roflgamer) used a wood_pack 1-26-2021, 8:36:42 AM
blindgamers14(roflgamer) used a wood_pack 1-26-2021, 8:36:42 AM
blindgamers14(roflgamer) used a wood_pack 1-26-2021, 8:36:42 AM
blindgamers14(roflgamer) used a wood_pack 1-26-2021, 8:36:42 AM
blindgamers14(roflgamer) used a wood_pack 1-26-2021, 8:36:43 AM
blindgamers14(roflgamer) used a wood_pack 1-26-2021, 8:36:43 AM
blindgamers14(roflgamer) used a wood_pack 1-26-2021, 8:36:43 AM
blindgamers14(roflgamer) used a wood_pack 1-26-2021, 8:36:43 AM
blindgamers14(roflgamer) used a wood_pack 1-26-2021, 8:36:43 AM
blindgamers14(roflgamer) used a wood_pack 1-26-2021, 8:36:43 AM
blindgamers14(roflgamer) used a wood_pack 1-26-2021, 8:36:43 AM
blindgamers14(roflgamer) used a wood_pack 1-26-2021, 8:36:43 AM
blindgamers14(roflgamer) used a wood_pack 1-26-2021, 8:36:43 AM
blindgamers14(roflgamer) used a wood_pack 1-26-2021, 8:36:43 AM
blindgamers14(roflgamer) used a wood_pack 1-26-2021, 8:36:43 AM
blindgamers14(roflgamer) used a wood_pack 1-26-2021, 8:36:44 AM
blindgamers14(roflgamer) used a wood_pack 1-26-2021, 8:36:44 AM
blindgamers14(roflgamer) used a wood_pack 1-26-2021, 8:36:44 AM
blindgamers14(roflgamer) used a wood_pack 1-26-2021, 8:36:44 AM
blindgamers14(roflgamer) used a wood_pack 1-26-2021, 8:36:44 AM
blindgamers14(roflgamer) used a wood_pack 1-26-2021, 8:36:44 AM
blindgamers14(roflgamer) used a wood_pack 1-26-2021, 8:36:44 AM
blindgamers14(roflgamer) used a wood_pack 1-26-2021, 8:36:44 AM
blindgamers14(roflgamer) used a wood_pack 1-26-2021, 8:36:45 AM
blindgamers14(roflgamer) used a wood_pack 1-26-2021, 8:36:45 AM
blindgamers14(roflgamer) used a wood_pack 1-26-2021, 8:36:45 AM
blindgamers14(roflgamer) used a wood_pack 1-26-2021, 8:36:45 AM
blindgamers14(roflgamer) used a wood_pack 1-26-2021, 8:36:45 AM
blindgamers14(roflgamer) used a wood_pack 1-26-2021, 8:36:45 AM
blindgamers14(roflgamer) used a wood_pack 1-26-2021, 8:36:45 AM
blindgamers14(roflgamer) used a wood_pack 1-26-2021, 8:36:45 AM
blindgamers14(roflgamer) used a wood_pack 1-26-2021, 8:36:46 AM
blindgamers14(roflgamer) used a wood_pack 1-26-2021, 8:36:46 AM
blindgamers14(roflgamer) used a wood_pack 1-26-2021, 8:36:46 AM
blindgamers14(roflgamer) used a wood_pack 1-26-2021, 8:36:46 AM
blindgamers14(roflgamer) used a wood_pack 1-26-2021, 8:36:46 AM
blindgamers14(roflgamer) used a wood_pack 1-26-2021, 8:36:46 AM
blindgamers14(roflgamer) used a wood_pack 1-26-2021, 8:36:46 AM
blindgamers14(roflgamer) used a wood_pack 1-26-2021, 8:36:46 AM
blindgamers14(roflgamer) used a wood_pack 1-26-2021, 8:36:46 AM
blindgamers14(roflgamer) used a wood_pack 1-26-2021, 8:36:47 AM
blindgamers14(roflgamer) used a wood_pack 1-26-2021, 8:36:47 AM
blindgamers14(roflgamer) used a wood_pack 1-26-2021, 8:36:47 AM
blindgamers14(roflgamer) used a wood_pack 1-26-2021, 8:36:47 AM
blindgamers14(roflgamer) used a wood_pack 1-26-2021, 8:36:47 AM
blindgamers14(roflgamer) used a wood_pack 1-26-2021, 8:36:47 AM
blindgamers14(roflgamer) used a wood_pack 1-26-2021, 8:36:47 AM
blindgamers14(roflgamer) used a wood_pack 1-26-2021, 8:36:47 AM
blindgamers14(roflgamer) used a wood_pack 1-26-2021, 8:36:47 AM
blindgamers14(roflgamer) used a wood_pack 1-26-2021, 8:36:48 AM
blindgamers14(roflgamer) used a wood_pack 1-26-2021, 8:36:48 AM
blindgamers14(roflgamer) used a wood_pack 1-26-2021, 8:36:48 AM
blindgamers14(roflgamer) used a wood_pack 1-26-2021, 8:36:48 AM
blindgamers14(roflgamer) used a wood_pack 1-26-2021, 8:36:48 AM
blindgamers14(roflgamer) used a wood_pack 1-26-2021, 8:36:48 AM
blindgamers14(roflgamer) used a wood_pack 1-26-2021, 8:36:48 AM
blindgamers14(roflgamer) used a wood_pack 1-26-2021, 8:36:48 AM
blindgamers14(roflgamer) used a wood_pack 1-26-2021, 8:36:48 AM
blindgamers14(roflgamer) used a wood_pack 1-26-2021, 8:36:48 AM
blindgamers14(roflgamer) used a wood_pack 1-26-2021, 8:36:48 AM
blindgamers14(roflgamer) used a wood_pack 1-26-2021, 8:36:49 AM
blindgamers14(roflgamer) used a wood_pack 1-26-2021, 8:36:49 AM
blindgamers14(roflgamer) used a wood_pack 1-26-2021, 8:36:49 AM
blindgamers14(roflgamer) used a wood_pack 1-26-2021, 8:36:49 AM
blindgamers14(roflgamer) used a wood_pack 1-26-2021, 8:36:49 AM
blindgamers14(roflgamer) used a wood_pack 1-26-2021, 8:36:49 AM
blindgamers14(roflgamer) used a wood_pack 1-26-2021, 8:36:49 AM
blindgamers14(roflgamer) used a wood_pack 1-26-2021, 8:36:50 AM
blindgamers14(roflgamer) used a wood_pack 1-26-2021, 8:36:50 AM
blindgamers14(roflgamer) used a wood_pack 1-26-2021, 8:36:50 AM
blindgamers14(roflgamer) used a wood_pack 1-26-2021, 8:36:50 AM
blindgamers14(roflgamer) used a wood_pack 1-26-2021, 8:36:50 AM
blindgamers14(roflgamer) used a wood_pack 1-26-2021, 8:36:50 AM
blindgamers14(roflgamer) used a wood_pack 1-26-2021, 8:36:50 AM
blindgamers14(roflgamer) used a wood_pack 1-26-2021, 8:36:51 AM
blindgamers14(roflgamer) used a wood_pack 1-26-2021, 8:36:51 AM
blindgamers14(roflgamer) used a wood_pack 1-26-2021, 8:36:51 AM
blindgamers14(roflgamer) used a wood_pack 1-26-2021, 8:36:51 AM
blindgamers14(roflgamer) used a wood_pack 1-26-2021, 8:36:51 AM
blindgamers14(roflgamer) used a wood_pack 1-26-2021, 8:36:57 AM
blindgamers14(roflgamer) used a wood_pack 1-26-2021, 8:36:57 AM
blindgamers14(roflgamer) used a wood_pack 1-26-2021, 8:36:57 AM
blindgamers14(roflgamer) used a wood_pack 1-26-2021, 8:36:57 AM
blindgamers14(roflgamer) used a wood_pack 1-26-2021, 8:36:57 AM
blindgamers14(roflgamer) used a wood_pack 1-26-2021, 8:36:57 AM
blindgamers14(roflgamer) used a wood_pack 1-26-2021, 8:36:57 AM
blindgamers14(roflgamer) used a wood_pack 1-26-2021, 8:36:58 AM
blindgamers14(roflgamer) used a wood_pack 1-26-2021, 8:36:58 AM
blindgamers14(roflgamer) used a wood_pack 1-26-2021, 8:36:58 AM
blindgamers14(roflgamer) used a wood_pack 1-26-2021, 8:36:58 AM
blindgamers14(roflgamer) used a wood_pack 1-26-2021, 8:36:58 AM
blindgamers14(roflgamer) used a wood_pack 1-26-2021, 8:36:58 AM
blindgamers14(roflgamer) used a wood_pack 1-26-2021, 8:36:58 AM
blindgamers14(roflgamer) used a wood_pack 1-26-2021, 8:36:58 AM
blindgamers14(roflgamer) used a wood_pack 1-26-2021, 8:36:58 AM
blindgamers14(roflgamer) used a wood_pack 1-26-2021, 8:36:59 AM
blindgamers14(roflgamer) used a wood_pack 1-26-2021, 8:36:59 AM
blindgamers14(roflgamer) used a wood_pack 1-26-2021, 8:36:59 AM
blindgamers14(roflgamer) used a wood_pack 1-26-2021, 8:36:59 AM
blindgamers14(roflgamer) used a wood_pack 1-26-2021, 8:36:59 AM
blindgamers14(roflgamer) used a wood_pack 1-26-2021, 8:36:59 AM
blindgamers14(roflgamer) used a wood_pack 1-26-2021, 8:36:59 AM
blindgamers14(roflgamer) used a wood_pack 1-26-2021, 8:37:00 AM
blindgamers14(roflgamer) used a wood_pack 1-26-2021, 8:37:00 AM
blindgamers14(roflgamer) used a wood_pack 1-26-2021, 8:37:00 AM
blindgamers14(roflgamer) used a wood_pack 1-26-2021, 8:37:00 AM
blindgamers14(roflgamer) used a wood_pack 1-26-2021, 8:37:00 AM
blindgamers14(roflgamer) used a wood_pack 1-26-2021, 8:37:00 AM
blindgamers14(roflgamer) used a wood_pack 1-26-2021, 8:37:00 AM
blindgamers14(roflgamer) used a wood_pack 1-26-2021, 8:37:00 AM
blindgamers14(roflgamer) used a wood_pack 1-26-2021, 8:37:00 AM
blindgamers14(roflgamer) used a wood_pack 1-26-2021, 8:37:00 AM
blindgamers14(roflgamer) used a wood_pack 1-26-2021, 8:37:01 AM
blindgamers14(roflgamer) used a wood_pack 1-26-2021, 8:37:01 AM
blindgamers14(roflgamer) used a wood_pack 1-26-2021, 8:37:01 AM
blindgamers14(roflgamer) used a wood_pack 1-26-2021, 8:37:01 AM
blindgamers14(roflgamer) used a wood_pack 1-26-2021, 8:37:01 AM
blindgamers14(roflgamer) used a wood_pack 1-26-2021, 8:37:01 AM
blindgamers14(roflgamer) used a wood_pack 1-26-2021, 8:37:01 AM
blindgamers14(roflgamer) used a wood_pack 1-26-2021, 8:37:01 AM
blindgamers14(roflgamer) used a wood_pack 1-26-2021, 8:37:01 AM
blindgamers14(roflgamer) used a wood_pack 1-26-2021, 8:37:01 AM
blindgamers14(roflgamer) used a wood_pack 1-26-2021, 8:37:01 AM
blindgamers14(roflgamer) used a wood_pack 1-26-2021, 8:37:02 AM
blindgamers14(roflgamer) used a wood_pack 1-26-2021, 8:37:02 AM
blindgamers14(roflgamer) used a wood_pack 1-26-2021, 8:37:02 AM
blindgamers14(roflgamer) used a wood_pack 1-26-2021, 8:37:02 AM
blindgamers14(roflgamer) used a wood_pack 1-26-2021, 8:37:02 AM
blindgamers14(roflgamer) used a wood_pack 1-26-2021, 8:37:02 AM
blindgamers14(roflgamer) used a wood_pack 1-26-2021, 8:37:02 AM
blindgamers14(roflgamer) used a wood_pack 1-26-2021, 8:37:03 AM
blindgamers14(roflgamer) used a wood_pack 1-26-2021, 8:37:03 AM
blindgamers14(roflgamer) used a wood_pack 1-26-2021, 8:37:03 AM
blindgamers14(roflgamer) used a wood_pack 1-26-2021, 8:37:03 AM
blindgamers14(roflgamer) used a wood_pack 1-26-2021, 8:37:03 AM
blindgamers14(roflgamer) used a wood_pack 1-26-2021, 8:37:03 AM
blindgamers14(roflgamer) used a wood_pack 1-26-2021, 8:37:03 AM
blindgamers14(roflgamer) used a wood_pack 1-26-2021, 8:37:03 AM
blindgamers14(roflgamer) used a wood_pack 1-26-2021, 8:37:03 AM
blindgamers14(roflgamer) used a wood_pack 1-26-2021, 8:37:03 AM
blindgamers14(roflgamer) used a wood_pack 1-26-2021, 8:37:04 AM
blindgamers14(roflgamer) used a wood_pack 1-26-2021, 8:37:04 AM
blindgamers14(roflgamer) used a wood_pack 1-26-2021, 8:37:04 AM
blindgamers14(roflgamer) used a wood_pack 1-26-2021, 8:37:04 AM
blindgamers14(roflgamer) used a wood_pack 1-26-2021, 8:37:04 AM
blindgamers14(roflgamer) used a wood_pack 1-26-2021, 8:37:04 AM
blindgamers14(roflgamer) used a wood_pack 1-26-2021, 8:37:05 AM
blindgamers14(roflgamer) used a wood_pack 1-26-2021, 8:37:05 AM
blindgamers14(roflgamer) used a wood_pack 1-26-2021, 8:37:05 AM
blindgamers14(roflgamer) used a wood_pack 1-26-2021, 8:37:05 AM
blindgamers14(roflgamer) used a wood_pack 1-26-2021, 8:37:05 AM
blindgamers14(roflgamer) used a wood_pack 1-26-2021, 8:37:05 AM
blindgamers14(roflgamer) used a wood_pack 1-26-2021, 8:37:05 AM
blindgamers14(roflgamer) used a wood_pack 1-26-2021, 8:37:06 AM
blindgamers14(roflgamer) used a wood_pack 1-26-2021, 8:37:06 AM
blindgamers14(roflgamer) used a wood_pack 1-26-2021, 8:37:06 AM
blindgamers14(roflgamer) used a wood_pack 1-26-2021, 8:37:06 AM
blindgamers14(roflgamer) used a wood_pack 1-26-2021, 8:37:06 AM
blindgamers14(roflgamer) used a wood_pack 1-26-2021, 8:37:06 AM
blindgamers14(roflgamer) used a wood_pack 1-26-2021, 8:37:06 AM
blindgamers14(roflgamer) used a wood_pack 1-26-2021, 8:37:08 AM
blindgamers14(roflgamer) used a wood_pack 1-26-2021, 8:37:08 AM
blindgamers14(roflgamer) used a wood_pack 1-26-2021, 8:37:08 AM
blindgamers14(roflgamer) used a wood_pack 1-26-2021, 8:37:09 AM
blindgamers14(roflgamer) used a wood_pack 1-26-2021, 8:37:09 AM
blindgamers14(roflgamer) used a wood_pack 1-26-2021, 8:37:09 AM
blindgamers14(roflgamer) used a wood_pack 1-26-2021, 8:37:09 AM
blindgamers14(roflgamer) used a wood_pack 1-26-2021, 8:37:09 AM
blindgamers14(roflgamer) used a wood_pack 1-26-2021, 8:37:09 AM
blindgamers14(roflgamer) used a wood_pack 1-26-2021, 8:37:09 AM
blindgamers14(roflgamer) used a wood_pack 1-26-2021, 8:37:09 AM
blindgamers14(roflgamer) used a wood_pack 1-26-2021, 8:37:09 AM
blindgamers14(roflgamer) used a wood_pack 1-26-2021, 8:37:09 AM
blindgamers14(roflgamer) used a wood_pack 1-26-2021, 8:37:10 AM
blindgamers14(roflgamer) used a wood_pack 1-26-2021, 8:37:10 AM
blindgamers14(roflgamer) used a wood_pack 1-26-2021, 8:37:10 AM
blindgamers14(roflgamer) used a wood_pack 1-26-2021, 8:37:10 AM
blindgamers14(roflgamer) used a wood_pack 1-26-2021, 8:37:10 AM
blindgamers14(roflgamer) used a wood_pack 1-26-2021, 8:37:10 AM
blindgamers14(roflgamer) used a wood_pack 1-26-2021, 8:37:10 AM
blindgamers14(roflgamer) used a wood_pack 1-26-2021, 8:37:10 AM
blindgamers14(roflgamer) used a wood_pack 1-26-2021, 8:37:10 AM
blindgamers14(roflgamer) used a wood_pack 1-26-2021, 8:37:11 AM
blindgamers14(roflgamer) used a wood_pack 1-26-2021, 8:37:11 AM
blindgamers14(roflgamer) used a wood_pack 1-26-2021, 8:37:11 AM
blindgamers14(roflgamer) used a wood_pack 1-26-2021, 8:37:20 AM
blindgamers14(roflgamer) used a wood_pack 1-26-2021, 8:37:20 AM
blindgamers14(roflgamer) used a wood_pack 1-26-2021, 8:37:20 AM
blindgamers14(roflgamer) used a wood_pack 1-26-2021, 8:37:20 AM
blindgamers14(roflgamer) used a wood_pack 1-26-2021, 8:37:20 AM
blindgamers14(roflgamer) used a wood_pack 1-26-2021, 8:37:20 AM
blindgamers14(roflgamer) used a wood_pack 1-26-2021, 8:37:20 AM
blindgamers14(roflgamer) used a wood_pack 1-26-2021, 8:37:20 AM
blindgamers14(roflgamer) used a wood_pack 1-26-2021, 8:37:20 AM
blindgamers14(roflgamer) used a wood_pack 1-26-2021, 8:37:20 AM
blindgamers14(roflgamer) used a wood_pack 1-26-2021, 8:37:21 AM
blindgamers14(roflgamer) used a wood_pack 1-26-2021, 8:37:21 AM
blindgamers14(roflgamer) used a wood_pack 1-26-2021, 8:37:21 AM
blindgamers14(roflgamer) used a wood_pack 1-26-2021, 8:37:21 AM
blindgamers14(roflgamer) used a wood_pack 1-26-2021, 8:37:21 AM
blindgamers14(roflgamer) used a wood_pack 1-26-2021, 8:37:21 AM
blindgamers14(roflgamer) used a wood_pack 1-26-2021, 8:37:21 AM
blindgamers14(roflgamer) used a wood_pack 1-26-2021, 8:37:21 AM
blindgamers14(roflgamer) used a wood_pack 1-26-2021, 8:37:21 AM
blindgamers14(roflgamer) used a wood_pack 1-26-2021, 8:37:22 AM
blindgamers14(roflgamer) used a wood_pack 1-26-2021, 8:37:22 AM
blindgamers14(roflgamer) used a wood_pack 1-26-2021, 8:37:22 AM
blindgamers14(roflgamer) used a wood_pack 1-26-2021, 8:37:22 AM
blindgamers14(roflgamer) used a wood_pack 1-26-2021, 8:37:22 AM
blindgamers14(roflgamer) used a wood_pack 1-26-2021, 8:37:22 AM
blindgamers14(roflgamer) used a wood_pack 1-26-2021, 8:37:22 AM
blindgamers14(roflgamer) used a wood_pack 1-26-2021, 8:37:22 AM
blindgamers14(roflgamer) used a wood_pack 1-26-2021, 8:37:22 AM
blindgamers14(roflgamer) used a wood_pack 1-26-2021, 8:37:22 AM
blindgamers14(roflgamer) used a wood_pack 1-26-2021, 8:37:23 AM
blindgamers14(roflgamer) used a wood_pack 1-26-2021, 8:37:23 AM
blindgamers14(roflgamer) used a wood_pack 1-26-2021, 8:37:23 AM
blindgamers14(roflgamer) used a wood_pack 1-26-2021, 8:37:23 AM
blindgamers14(roflgamer) used a wood_pack 1-26-2021, 8:37:23 AM
blindgamers14(roflgamer) used a wood_pack 1-26-2021, 8:37:23 AM
blindgamers14(roflgamer) used a wood_pack 1-26-2021, 8:37:23 AM
blindgamers14(roflgamer) used a wood_pack 1-26-2021, 8:37:23 AM
blindgamers14(roflgamer) used a wood_pack 1-26-2021, 8:37:23 AM
blindgamers14(roflgamer) used a wood_pack 1-26-2021, 8:37:24 AM
blindgamers14(roflgamer) used a wood_pack 1-26-2021, 8:37:24 AM
blindgamers14(roflgamer) used a wood_pack 1-26-2021, 8:37:24 AM
blindgamers14(roflgamer) used a wood_pack 1-26-2021, 8:37:24 AM
blindgamers14(roflgamer) used a wood_pack 1-26-2021, 8:37:24 AM
blindgamers14(roflgamer) used a wood_pack 1-26-2021, 8:37:24 AM
blindgamers14(roflgamer) used a wood_pack 1-26-2021, 8:37:24 AM
blindgamers14(roflgamer) used a wood_pack 1-26-2021, 8:37:24 AM
blindgamers14(roflgamer) used a wood_pack 1-26-2021, 8:37:24 AM
blindgamers14(roflgamer) used a wood_pack 1-26-2021, 8:37:25 AM
blindgamers14(roflgamer) used a wood_pack 1-26-2021, 8:37:25 AM
blindgamers14(roflgamer) used a wood_pack 1-26-2021, 8:37:25 AM
blindgamers14(roflgamer) used a wood_pack 1-26-2021, 8:37:25 AM
blindgamers14(roflgamer) used a wood_pack 1-26-2021, 8:37:25 AM
blindgamers14(roflgamer) used a wood_pack 1-26-2021, 8:37:25 AM
blindgamers14(roflgamer) used a wood_pack 1-26-2021, 8:37:25 AM
blindgamers14(roflgamer) used a wood_pack 1-26-2021, 8:37:25 AM
blindgamers14(roflgamer) used a wood_pack 1-26-2021, 8:37:26 AM
blindgamers14(roflgamer) used a wood_pack 1-26-2021, 8:37:26 AM
blindgamers14(roflgamer) used a wood_pack 1-26-2021, 8:37:26 AM
blindgamers14(roflgamer) used a wood_pack 1-26-2021, 8:37:26 AM
blindgamers14(roflgamer) used a wood_pack 1-26-2021, 8:37:26 AM
blindgamers14(roflgamer) used a wood_pack 1-26-2021, 8:37:26 AM
blindgamers14(roflgamer) used a wood_pack 1-26-2021, 8:37:26 AM
blindgamers14(roflgamer) used a storm_sniper 1-26-2021, 9:35:42 AM
blindgamers14(roflgamer) used a storm_sniper 1-26-2021, 9:35:43 AM
blindgamers14(roflgamer) used a storm_sniper 1-26-2021, 9:35:43 AM
blindgamers14(roflgamer) used a storm_sniper 1-26-2021, 9:36:47 AM
blindgamers14(roflgamer) used a storm_sniper 1-26-2021, 9:36:48 AM
blindgamers14(roflgamer) used a shield 1-26-2021, 9:37:17 AM
blindgamers14(roflgamer) used a shield 1-26-2021, 9:37:17 AM
blindgamers14(roflgamer) used a shield 1-26-2021, 9:37:18 AM
blindgamers14(roflgamer) used a shield 1-26-2021, 9:37:18 AM
blindgamers14(roflgamer) used a shield 1-26-2021, 9:37:18 AM
blindgamers14(roflgamer) used a shield 1-26-2021, 9:37:18 AM
blindgamers14(roflgamer) used a shield 1-26-2021, 9:37:25 AM
blindgamers14(roflgamer) used a shield 1-26-2021, 9:37:25 AM
blindgamers14(roflgamer) used a tk_ultra_health_potion 1-26-2021, 9:37:25 AM
blindgamers14(roflgamer) used a tk_ultra_health_potion 1-26-2021, 9:37:25 AM
blindgamers14(roflgamer) used a tk_ultra_health_potion 1-26-2021, 9:37:26 AM
blindgamers14(roflgamer) used a tk_ultra_health_potion 1-26-2021, 9:37:26 AM
blindgamers14(roflgamer) used a tk_ultra_health_potion 1-26-2021, 9:37:26 AM
blindgamers14(roflgamer) used a shield 1-26-2021, 9:37:27 AM
blindgamers14(roflgamer) used a tk_ultra_health_potion 1-26-2021, 9:37:32 AM
blindgamers14(roflgamer) used a shield 1-26-2021, 9:37:32 AM
blindgamers14(roflgamer) used a shield 1-26-2021, 9:37:32 AM
blindgamers14(roflgamer) used a tk_ultra_health_potion 1-26-2021, 9:37:33 AM
blindgamers14(roflgamer) used a tk_ultra_health_potion 1-26-2021, 9:37:36 AM
blindgamers14(roflgamer) used a colt_ar_15_assault_rifle 1-26-2021, 10:05:41 AM
blindgamers14(roflgamer) used a health_drink 1-26-2021, 10:06:09 AM
blindgamers14(roflgamer) used a tk_ultra_health_potion 1-26-2021, 10:07:00 AM
blindgamers14(roflgamer) used a tk_ultra_health_potion 1-26-2021, 10:07:00 AM
blindgamers14(roflgamer) used a open_beer_bottle 1-26-2021, 10:07:04 AM
blindgamers14(roflgamer) used a open_beer_bottle 1-26-2021, 10:07:05 AM
blindgamers14(roflgamer) used a open_beer_bottle 1-26-2021, 10:07:05 AM
blindgamers14(roflgamer) used a open_beer_bottle 1-26-2021, 10:07:05 AM
blindgamers14(roflgamer) used a open_beer_bottle 1-26-2021, 10:07:05 AM
blindgamers14(roflgamer) used a pack_of_10_remote_timebomb 1-26-2021, 10:09:01 AM
blindgamers14(roflgamer) used a pack_of_10_remote_timebomb 1-26-2021, 10:09:01 AM
blindgamers14(roflgamer) used a pack_of_10_remote_timebomb 1-26-2021, 10:09:01 AM
blindgamers14(roflgamer) used a pack_of_10_remote_timebomb 1-26-2021, 10:09:01 AM
blindgamers14(roflgamer) used a tk_ultra_health_potion 1-26-2021, 10:09:31 AM
blindgamers14(roflgamer) used a tk_ultra_health_potion 1-26-2021, 10:09:31 AM
blindgamers14(roflgamer) used a storm_sniper 1-26-2021, 10:09:42 AM
blindgamers14(roflgamer) used a hand_cannon 1-26-2021, 10:09:44 AM
blindgamers14(roflgamer) used a warp_box 1-26-2021, 10:09:53 AM
blindgamers14(roflgamer) used a dead_boar 1-26-2021, 10:10:07 AM
blindgamers14(roflgamer) used a dead_boar 1-26-2021, 10:10:07 AM
blindgamers14(roflgamer) used a dead_boar 1-26-2021, 10:10:08 AM
blindgamers14(roflgamer) used a dead_boar 1-26-2021, 10:10:08 AM
blindgamers14(roflgamer) used a dead_boar 1-26-2021, 10:10:08 AM
blindgamers14(roflgamer) used a dead_boar 1-26-2021, 10:10:08 AM
blindgamers14(roflgamer) used a dead_boar 1-26-2021, 10:10:08 AM
blindgamers14(roflgamer) used a warp_box 1-26-2021, 10:10:17 AM
blindgamers14(roflgamer) used a storm_sniper 1-26-2021, 10:10:58 AM
blindgamers14(roflgamer) used a warp_box 1-26-2021, 10:11:00 AM
blindgamers14(roflgamer) used a invisibility_shield 1-26-2021, 10:12:53 AM
blindgamers14(roflgamer) used a invisibility_shield 1-26-2021, 10:12:55 AM
blindgamers14(roflgamer) used a fuel_tank 1-26-2021, 10:13:20 AM
blindgamers14(roflgamer) used a fuel_tank 1-26-2021, 10:13:21 AM
blindgamers14(roflgamer) used a fuel_tank 1-26-2021, 10:13:21 AM
blindgamers14(roflgamer) used a fuel_tank 1-26-2021, 10:13:21 AM
blindgamers14(roflgamer) used a fuel_tank 1-26-2021, 10:13:22 AM
blindgamers14(roflgamer) used a fuel_tank 1-26-2021, 10:13:22 AM
blindgamers14(roflgamer) used a fuel_tank 1-26-2021, 10:13:23 AM
blindgamers14(roflgamer) used a fuel_tank 1-26-2021, 10:13:23 AM
blindgamers14(roflgamer) used a fuel_tank 1-26-2021, 10:13:23 AM
blindgamers14(roflgamer) used a fuel_tank 1-26-2021, 10:13:24 AM
blindgamers14(roflgamer) used a fuel_tank 1-26-2021, 10:13:24 AM
blindgamers14(roflgamer) used a fuel_tank 1-26-2021, 10:13:25 AM
blindgamers14(roflgamer) used a fuel_tank 1-26-2021, 10:13:25 AM
blindgamers14(roflgamer) used a fuel_tank 1-26-2021, 10:13:26 AM
blindgamers14(roflgamer) used a fuel_tank 1-26-2021, 10:13:26 AM
blindgamers14(roflgamer) used a fuel_tank 1-26-2021, 10:13:26 AM
blindgamers14(roflgamer) used a fuel_tank 1-26-2021, 10:13:27 AM
blindgamers14(roflgamer) used a fuel_tank 1-26-2021, 10:13:27 AM
blindgamers14(roflgamer) used a fuel_tank 1-26-2021, 10:13:27 AM
blindgamers14(roflgamer) used a fuel_tank 1-26-2021, 10:13:28 AM
blindgamers14(roflgamer) used a fuel_tank 1-26-2021, 10:13:28 AM
blindgamers14(roflgamer) used a fuel_tank 1-26-2021, 10:13:29 AM
blindgamers14(roflgamer) used a fuel_tank 1-26-2021, 10:13:29 AM
blindgamers14(roflgamer) used a fuel_tank 1-26-2021, 10:13:30 AM
blindgamers14(roflgamer) used a fuel_tank 1-26-2021, 10:13:30 AM
blindgamers14(roflgamer) used a fuel_tank 1-26-2021, 10:13:30 AM
blindgamers14(roflgamer) used a fuel_tank 1-26-2021, 10:13:31 AM
blindgamers14(roflgamer) used a fuel_tank 1-26-2021, 10:13:31 AM
blindgamers14(roflgamer) used a fuel_tank 1-26-2021, 10:13:32 AM
blindgamers14(roflgamer) used a fuel_tank 1-26-2021, 10:13:32 AM
blindgamers14(roflgamer) used a fuel_tank 1-26-2021, 10:13:32 AM
blindgamers14(roflgamer) used a fuel_tank 1-26-2021, 10:13:33 AM
blindgamers14(roflgamer) used a fuel_tank 1-26-2021, 10:13:33 AM
blindgamers14(roflgamer) used a fuel_tank 1-26-2021, 10:13:34 AM
blindgamers14(roflgamer) used a fuel_tank 1-26-2021, 10:13:34 AM
blindgamers14(roflgamer) used a fuel_tank 1-26-2021, 10:13:35 AM
blindgamers14(roflgamer) used a fuel_tank 1-26-2021, 10:13:35 AM
blindgamers14(roflgamer) used a fuel_tank 1-26-2021, 10:13:35 AM
blindgamers14(roflgamer) used a fuel_tank 1-26-2021, 10:13:36 AM
blindgamers14(roflgamer) used a fuel_tank 1-26-2021, 10:13:36 AM
blindgamers14(roflgamer) used a fuel_tank 1-26-2021, 10:13:36 AM
blindgamers14(roflgamer) used a fuel_tank 1-26-2021, 10:13:37 AM
blindgamers14(roflgamer) used a fuel_tank 1-26-2021, 10:13:37 AM
blindgamers14(roflgamer) used a fuel_tank 1-26-2021, 10:13:38 AM
blindgamers14(roflgamer) used a fuel_tank 1-26-2021, 10:13:38 AM
blindgamers14(roflgamer) used a fuel_tank 1-26-2021, 10:13:38 AM
blindgamers14(roflgamer) used a fuel_tank 1-26-2021, 10:13:39 AM
blindgamers14(roflgamer) used a fuel_tank 1-26-2021, 10:13:39 AM
blindgamers14(roflgamer) used a fuel_tank 1-26-2021, 10:13:40 AM
blindgamers14(roflgamer) used a fuel_tank 1-26-2021, 10:13:40 AM
blindgamers14(roflgamer) used a fuel_tank 1-26-2021, 10:13:40 AM
blindgamers14(roflgamer) used a fuel_tank 1-26-2021, 10:13:41 AM
blindgamers14(roflgamer) used a fuel_tank 1-26-2021, 10:13:41 AM
blindgamers14(roflgamer) used a fuel_tank 1-26-2021, 10:13:41 AM
blindgamers14(roflgamer) used a fuel_tank 1-26-2021, 10:13:42 AM
blindgamers14(roflgamer) used a fuel_tank 1-26-2021, 10:13:42 AM
blindgamers14(roflgamer) used a fuel_tank 1-26-2021, 10:13:43 AM
blindgamers14(roflgamer) used a fuel_tank 1-26-2021, 10:13:43 AM
blindgamers14(roflgamer) used a fuel_tank 1-26-2021, 10:13:43 AM
blindgamers14(roflgamer) used a fuel_tank 1-26-2021, 10:13:44 AM
blindgamers14(roflgamer) used a fuel_tank 1-26-2021, 10:13:44 AM
blindgamers14(roflgamer) used a fuel_tank 1-26-2021, 10:13:45 AM
blindgamers14(roflgamer) used a fuel_tank 1-26-2021, 10:13:46 AM
blindgamers14(roflgamer) used a fuel_tank 1-26-2021, 10:13:46 AM
blindgamers14(roflgamer) used a fuel_tank 1-26-2021, 10:13:46 AM
blindgamers14(roflgamer) used a fuel_tank 1-26-2021, 10:13:47 AM
blindgamers14(roflgamer) used a fuel_tank 1-26-2021, 10:13:47 AM
blindgamers14(roflgamer) used a fuel_tank 1-26-2021, 10:13:48 AM
blindgamers14(roflgamer) used a fuel_tank 1-26-2021, 10:13:48 AM
blindgamers14(roflgamer) used a fuel_tank 1-26-2021, 10:13:48 AM
blindgamers14(roflgamer) used a fuel_tank 1-26-2021, 10:13:49 AM
blindgamers14(roflgamer) used a fuel_tank 1-26-2021, 10:13:49 AM
blindgamers14(roflgamer) used a fuel_tank 1-26-2021, 10:13:50 AM
blindgamers14(roflgamer) used a fuel_tank 1-26-2021, 10:13:50 AM
blindgamers14(roflgamer) used a fuel_tank 1-26-2021, 10:13:51 AM
blindgamers14(roflgamer) used a fuel_tank 1-26-2021, 10:13:51 AM
blindgamers14(roflgamer) used a fuel_tank 1-26-2021, 10:13:51 AM
blindgamers14(roflgamer) used a fuel_tank 1-26-2021, 10:13:52 AM
blindgamers14(roflgamer) used a fuel_tank 1-26-2021, 10:13:52 AM
blindgamers14(roflgamer) used a fuel_tank 1-26-2021, 10:13:53 AM
blindgamers14(roflgamer) used a fuel_tank 1-26-2021, 10:13:53 AM
blindgamers14(roflgamer) used a fuel_tank 1-26-2021, 10:13:54 AM
blindgamers14(roflgamer) used a fuel_tank 1-26-2021, 10:13:54 AM
blindgamers14(roflgamer) used a fuel_tank 1-26-2021, 10:13:55 AM
blindgamers14(roflgamer) used a fuel_tank 1-26-2021, 10:13:55 AM
blindgamers14(roflgamer) used a fuel_tank 1-26-2021, 10:13:55 AM
blindgamers14(roflgamer) used a fuel_tank 1-26-2021, 10:13:56 AM
blindgamers14(roflgamer) used a fuel_tank 1-26-2021, 10:13:56 AM
blindgamers14(roflgamer) used a fuel_tank 1-26-2021, 10:13:57 AM
blindgamers14(roflgamer) used a fuel_tank 1-26-2021, 10:13:57 AM
blindgamers14(roflgamer) used a fuel_tank 1-26-2021, 10:13:58 AM
blindgamers14(roflgamer) used a fuel_tank 1-26-2021, 10:13:58 AM
blindgamers14(roflgamer) used a fuel_tank 1-26-2021, 10:13:58 AM
blindgamers14(roflgamer) used a fuel_tank 1-26-2021, 10:13:59 AM
blindgamers14(roflgamer) used a fuel_tank 1-26-2021, 10:13:59 AM
blindgamers14(roflgamer) used a fuel_tank 1-26-2021, 10:14:00 AM
blindgamers14(roflgamer) used a fuel_tank 1-26-2021, 10:14:00 AM
blindgamers14(roflgamer) used a fuel_tank 1-26-2021, 10:14:01 AM
blindgamers14(roflgamer) used a fuel_tank 1-26-2021, 10:14:01 AM
blindgamers14(roflgamer) used a fuel_tank 1-26-2021, 10:14:02 AM
blindgamers14(roflgamer) used a fuel_tank 1-26-2021, 10:14:02 AM
blindgamers14(roflgamer) used a fuel_tank 1-26-2021, 10:14:03 AM
blindgamers14(roflgamer) used a fuel_tank 1-26-2021, 10:14:03 AM
blindgamers14(roflgamer) used a fuel_tank 1-26-2021, 10:14:03 AM
blindgamers14(roflgamer) used a fuel_tank 1-26-2021, 10:14:04 AM
blindgamers14(roflgamer) used a fuel_tank 1-26-2021, 10:14:04 AM
blindgamers14(roflgamer) used a fuel_tank 1-26-2021, 10:14:05 AM
blindgamers14(roflgamer) used a fuel_tank 1-26-2021, 10:14:05 AM
blindgamers14(roflgamer) used a fuel_tank 1-26-2021, 10:14:06 AM
blindgamers14(roflgamer) used a fuel_tank 1-26-2021, 10:14:06 AM
blindgamers14(roflgamer) used a fuel_tank 1-26-2021, 10:14:06 AM
blindgamers14(roflgamer) used a fuel_tank 1-26-2021, 10:14:07 AM
blindgamers14(roflgamer) used a fuel_tank 1-26-2021, 10:14:07 AM
blindgamers14(roflgamer) used a fuel_tank 1-26-2021, 10:14:08 AM
blindgamers14(roflgamer) used a fuel_tank 1-26-2021, 10:14:08 AM
blindgamers14(roflgamer) used a fuel_tank 1-26-2021, 10:14:08 AM
blindgamers14(roflgamer) used a fuel_tank 1-26-2021, 10:14:09 AM
blindgamers14(roflgamer) used a fuel_tank 1-26-2021, 10:14:09 AM
blindgamers14(roflgamer) used a fuel_tank 1-26-2021, 10:14:09 AM
blindgamers14(roflgamer) used a fuel_tank 1-26-2021, 10:14:10 AM
blindgamers14(roflgamer) used a fuel_tank 1-26-2021, 10:14:10 AM
blindgamers14(roflgamer) used a fuel_tank 1-26-2021, 10:14:11 AM
blindgamers14(roflgamer) used a fuel_tank 1-26-2021, 10:14:11 AM
blindgamers14(roflgamer) used a fuel_tank 1-26-2021, 10:14:11 AM
blindgamers14(roflgamer) used a fuel_tank 1-26-2021, 10:14:12 AM
blindgamers14(roflgamer) used a fuel_tank 1-26-2021, 10:14:12 AM
blindgamers14(roflgamer) used a fuel_tank 1-26-2021, 10:14:13 AM
blindgamers14(roflgamer) used a fuel_tank 1-26-2021, 10:14:13 AM
blindgamers14(roflgamer) used a fuel_tank 1-26-2021, 10:14:14 AM
blindgamers14(roflgamer) used a fuel_tank 1-26-2021, 10:14:14 AM
blindgamers14(roflgamer) used a fuel_tank 1-26-2021, 10:14:14 AM
blindgamers14(roflgamer) used a fuel_tank 1-26-2021, 10:14:15 AM
blindgamers14(roflgamer) used a fuel_tank 1-26-2021, 10:14:15 AM
blindgamers14(roflgamer) used a fuel_tank 1-26-2021, 10:14:16 AM
blindgamers14(roflgamer) used a fuel_tank 1-26-2021, 10:14:16 AM
blindgamers14(roflgamer) used a fuel_tank 1-26-2021, 10:14:17 AM
blindgamers14(roflgamer) used a fuel_tank 1-26-2021, 10:14:17 AM
blindgamers14(roflgamer) used a fuel_tank 1-26-2021, 10:14:17 AM
blindgamers14(roflgamer) used a fuel_tank 1-26-2021, 10:14:18 AM
blindgamers14(roflgamer) used a fuel_tank 1-26-2021, 10:14:18 AM
blindgamers14(roflgamer) used a fuel_tank 1-26-2021, 10:14:18 AM
blindgamers14(roflgamer) used a fuel_tank 1-26-2021, 10:14:18 AM
blindgamers14(roflgamer) used a fuel_tank 1-26-2021, 10:14:19 AM
blindgamers14(roflgamer) used a fuel_tank 1-26-2021, 10:14:19 AM
blindgamers14(roflgamer) used a fuel_tank 1-26-2021, 10:14:19 AM
blindgamers14(roflgamer) used a fuel_tank 1-26-2021, 10:14:19 AM
blindgamers14(roflgamer) used a fuel_tank 1-26-2021, 10:14:20 AM
blindgamers14(roflgamer) used a fuel_tank 1-26-2021, 10:14:20 AM
blindgamers14(roflgamer) used a fuel_tank 1-26-2021, 10:14:20 AM
blindgamers14(roflgamer) used a fuel_tank 1-26-2021, 10:14:21 AM
blindgamers14(roflgamer) used a fuel_tank 1-26-2021, 10:14:21 AM
blindgamers14(roflgamer) used a fuel_tank 1-26-2021, 10:14:21 AM
blindgamers14(roflgamer) used a fuel_tank 1-26-2021, 10:14:21 AM
blindgamers14(roflgamer) used a fuel_tank 1-26-2021, 10:14:22 AM
blindgamers14(roflgamer) used a fuel_tank 1-26-2021, 10:14:22 AM
blindgamers14(roflgamer) used a fuel_tank 1-26-2021, 10:14:22 AM
blindgamers14(roflgamer) used a fuel_tank 1-26-2021, 10:14:23 AM
blindgamers14(roflgamer) used a fuel_tank 1-26-2021, 10:14:23 AM
blindgamers14(roflgamer) used a fuel_tank 1-26-2021, 10:14:23 AM
blindgamers14(roflgamer) used a fuel_tank 1-26-2021, 10:14:23 AM
blindgamers14(roflgamer) used a fuel_tank 1-26-2021, 10:14:23 AM
blindgamers14(roflgamer) used a coin 1-26-2021, 10:14:54 AM
blindgamers14(roflgamer) used a coin 1-26-2021, 10:14:55 AM
blindgamers14(roflgamer) used a coin 1-26-2021, 10:14:57 AM
blindgamers14(roflgamer) used a coin 1-26-2021, 10:16:37 AM
blindgamers14(roflgamer) used a fuel_tank 1-26-2021, 10:17:46 AM
blindgamers14(roflgamer) used a fuel_tank 1-26-2021, 10:17:47 AM
blindgamers14(roflgamer) used a fuel_tank 1-26-2021, 10:17:47 AM
blindgamers14(roflgamer) used a fuel_tank 1-26-2021, 10:17:48 AM
blindgamers14(roflgamer) used a fuel_tank 1-26-2021, 10:17:49 AM
blindgamers14(roflgamer) used a fuel_tank 1-26-2021, 10:17:49 AM
blindgamers14(roflgamer) used a fuel_tank 1-26-2021, 10:17:49 AM
blindgamers14(roflgamer) used a fuel_tank 1-26-2021, 10:17:50 AM
blindgamers14(roflgamer) used a fuel_tank 1-26-2021, 10:17:50 AM
blindgamers14(roflgamer) used a fuel_tank 1-26-2021, 10:17:51 AM
blindgamers14(roflgamer) used a fuel_tank 1-26-2021, 10:17:51 AM
blindgamers14(roflgamer) used a fuel_tank 1-26-2021, 10:17:51 AM
blindgamers14(roflgamer) used a fuel_tank 1-26-2021, 10:17:52 AM
blindgamers14(roflgamer) used a fuel_tank 1-26-2021, 10:17:52 AM
blindgamers14(roflgamer) used a fuel_tank 1-26-2021, 10:17:52 AM
blindgamers14(roflgamer) used a fuel_tank 1-26-2021, 10:17:53 AM
blindgamers14(roflgamer) used a fuel_tank 1-26-2021, 10:17:53 AM
blindgamers14(roflgamer) used a fuel_tank 1-26-2021, 10:17:54 AM
blindgamers14(roflgamer) used a fuel_tank 1-26-2021, 10:17:54 AM
blindgamers14(roflgamer) used a fuel_tank 1-26-2021, 10:17:55 AM
blindgamers14(roflgamer) used a fuel_tank 1-26-2021, 10:17:55 AM
blindgamers14(roflgamer) used a fuel_tank 1-26-2021, 10:17:55 AM
blindgamers14(roflgamer) used a fuel_tank 1-26-2021, 10:17:56 AM
blindgamers14(roflgamer) used a fuel_tank 1-26-2021, 10:17:56 AM
blindgamers14(roflgamer) used a fuel_tank 1-26-2021, 10:17:57 AM
blindgamers14(roflgamer) used a fuel_tank 1-26-2021, 10:17:57 AM
blindgamers14(roflgamer) used a fuel_tank 1-26-2021, 10:17:57 AM
blindgamers14(roflgamer) used a fuel_tank 1-26-2021, 10:17:58 AM
blindgamers14(roflgamer) used a fuel_tank 1-26-2021, 10:17:58 AM
blindgamers14(roflgamer) used a fuel_tank 1-26-2021, 10:17:58 AM
blindgamers14(roflgamer) used a fuel_tank 1-26-2021, 10:17:59 AM
blindgamers14(roflgamer) used a fuel_tank 1-26-2021, 10:17:59 AM
blindgamers14(roflgamer) used a fuel_tank 1-26-2021, 10:18:00 AM
blindgamers14(roflgamer) used a fuel_tank 1-26-2021, 10:18:08 AM
blindgamers14(roflgamer) used a fuel_tank 1-26-2021, 10:18:08 AM
blindgamers14(roflgamer) used a fuel_tank 1-26-2021, 10:18:08 AM
blindgamers14(roflgamer) used a fuel_tank 1-26-2021, 10:18:09 AM
blindgamers14(roflgamer) used a fuel_tank 1-26-2021, 10:18:09 AM
blindgamers14(roflgamer) used a fuel_tank 1-26-2021, 10:18:09 AM
blindgamers14(roflgamer) used a fuel_tank 1-26-2021, 10:18:10 AM
blindgamers14(roflgamer) used a fuel_tank 1-26-2021, 10:18:10 AM
blindgamers14(roflgamer) used a fuel_tank 1-26-2021, 10:18:10 AM
blindgamers14(roflgamer) used a fuel_tank 1-26-2021, 10:18:11 AM
blindgamers14(roflgamer) used a fuel_tank 1-26-2021, 10:18:12 AM
blindgamers14(roflgamer) used a fuel_tank 1-26-2021, 10:18:13 AM
blindgamers14(roflgamer) used a fuel_tank 1-26-2021, 10:18:13 AM
blindgamers14(roflgamer) used a fuel_tank 1-26-2021, 10:18:13 AM
blindgamers14(roflgamer) used a fuel_tank 1-26-2021, 10:18:13 AM
blindgamers14(roflgamer) used a fuel_tank 1-26-2021, 10:18:14 AM
blindgamers14(roflgamer) used a fuel_tank 1-26-2021, 10:18:14 AM
blindgamers14(roflgamer) used a fuel_tank 1-26-2021, 10:18:15 AM
blindgamers14(roflgamer) used a fuel_tank 1-26-2021, 10:18:15 AM
blindgamers14(roflgamer) used a fuel_tank 1-26-2021, 10:18:15 AM
blindgamers14(roflgamer) used a fuel_tank 1-26-2021, 10:18:16 AM
blindgamers14(roflgamer) used a fuel_tank 1-26-2021, 10:18:16 AM
blindgamers14(roflgamer) used a fuel_tank 1-26-2021, 10:18:17 AM
blindgamers14(roflgamer) used a fuel_tank 1-26-2021, 10:18:17 AM
blindgamers14(roflgamer) used a fuel_tank 1-26-2021, 10:18:17 AM
blindgamers14(roflgamer) used a fuel_tank 1-26-2021, 10:18:18 AM
blindgamers14(roflgamer) used a fuel_tank 1-26-2021, 10:18:18 AM
blindgamers14(roflgamer) used a fuel_tank 1-26-2021, 10:18:19 AM
blindgamers14(roflgamer) used a fuel_tank 1-26-2021, 10:18:19 AM
blindgamers14(roflgamer) used a fuel_tank 1-26-2021, 10:18:19 AM
blindgamers14(roflgamer) used a fuel_tank 1-26-2021, 10:18:19 AM
blindgamers14(roflgamer) used a fuel_tank 1-26-2021, 10:18:20 AM
blindgamers14(roflgamer) used a fuel_tank 1-26-2021, 10:18:20 AM
blindgamers14(roflgamer) used a fuel_tank 1-26-2021, 10:18:21 AM
blindgamers14(roflgamer) used a fuel_tank 1-26-2021, 10:18:21 AM
blindgamers14(roflgamer) used a fuel_tank 1-26-2021, 10:18:21 AM
blindgamers14(roflgamer) used a fuel_tank 1-26-2021, 10:18:22 AM
blindgamers14(roflgamer) used a fuel_tank 1-26-2021, 10:18:22 AM
blindgamers14(roflgamer) used a fuel_tank 1-26-2021, 10:18:22 AM
blindgamers14(roflgamer) used a fuel_tank 1-26-2021, 10:18:23 AM
blindgamers14(roflgamer) used a fuel_tank 1-26-2021, 10:18:23 AM
blindgamers14(roflgamer) used a fuel_tank 1-26-2021, 10:18:24 AM
blindgamers14(roflgamer) used a fuel_tank 1-26-2021, 10:18:24 AM
blindgamers14(roflgamer) used a fuel_tank 1-26-2021, 10:18:25 AM
blindgamers14(roflgamer) used a fuel_tank 1-26-2021, 10:18:25 AM
blindgamers14(roflgamer) used a fuel_tank 1-26-2021, 10:18:25 AM
blindgamers14(roflgamer) used a fuel_tank 1-26-2021, 10:18:26 AM
blindgamers14(roflgamer) used a fuel_tank 1-26-2021, 10:18:26 AM
blindgamers14(roflgamer) used a fuel_tank 1-26-2021, 10:18:27 AM
blindgamers14(roflgamer) used a fuel_tank 1-26-2021, 10:18:27 AM
blindgamers14(roflgamer) used a fuel_tank 1-26-2021, 10:18:28 AM
blindgamers14(roflgamer) used a fuel_tank 1-26-2021, 10:18:28 AM
blindgamers14(roflgamer) used a fuel_tank 1-26-2021, 10:18:28 AM
blindgamers14(roflgamer) used a fuel_tank 1-26-2021, 10:18:29 AM
blindgamers14(roflgamer) used a fuel_tank 1-26-2021, 10:18:29 AM
blindgamers14(roflgamer) used a fuel_tank 1-26-2021, 10:18:29 AM
blindgamers14(roflgamer) used a fuel_tank 1-26-2021, 10:18:30 AM
blindgamers14(roflgamer) used a fuel_tank 1-26-2021, 10:18:30 AM
blindgamers14(roflgamer) used a fuel_tank 1-26-2021, 10:18:30 AM
blindgamers14(roflgamer) used a fuel_tank 1-26-2021, 10:18:30 AM
blindgamers14(roflgamer) used a fuel_tank 1-26-2021, 10:18:31 AM
blindgamers14(roflgamer) used a fuel_tank 1-26-2021, 10:18:31 AM
blindgamers14(roflgamer) used a fuel_tank 1-26-2021, 10:18:31 AM
blindgamers14(roflgamer) used a fuel_tank 1-26-2021, 10:18:32 AM
blindgamers14(roflgamer) used a fuel_tank 1-26-2021, 10:18:32 AM
blindgamers14(roflgamer) used a fuel_tank 1-26-2021, 10:18:32 AM
blindgamers14(roflgamer) used a fuel_tank 1-26-2021, 10:18:32 AM
blindgamers14(roflgamer) used a fuel_tank 1-26-2021, 10:18:33 AM
blindgamers14(roflgamer) used a fuel_tank 1-26-2021, 10:18:33 AM
blindgamers14(roflgamer) used a fuel_tank 1-26-2021, 10:18:34 AM
blindgamers14(roflgamer) used a fuel_tank 1-26-2021, 10:18:34 AM
blindgamers14(roflgamer) used a fuel_tank 1-26-2021, 10:18:34 AM
blindgamers14(roflgamer) used a fuel_tank 1-26-2021, 10:18:35 AM
blindgamers14(roflgamer) used a fuel_tank 1-26-2021, 10:18:35 AM
blindgamers14(roflgamer) used a fuel_tank 1-26-2021, 10:18:35 AM
blindgamers14(roflgamer) used a fuel_tank 1-26-2021, 10:18:36 AM
blindgamers14(roflgamer) used a fuel_tank 1-26-2021, 10:18:36 AM
blindgamers14(roflgamer) used a fuel_tank 1-26-2021, 10:18:36 AM
blindgamers14(roflgamer) used a fuel_tank 1-26-2021, 10:18:37 AM
blindgamers14(roflgamer) used a fuel_tank 1-26-2021, 10:18:37 AM
blindgamers14(roflgamer) used a fuel_tank 1-26-2021, 10:18:38 AM
blindgamers14(roflgamer) used a fuel_tank 1-26-2021, 10:18:38 AM
blindgamers14(roflgamer) used a fuel_tank 1-26-2021, 10:18:38 AM
blindgamers14(roflgamer) used a fuel_tank 1-26-2021, 10:18:38 AM
blindgamers14(roflgamer) used a fuel_tank 1-26-2021, 10:18:39 AM
blindgamers14(roflgamer) used a fuel_tank 1-26-2021, 10:18:39 AM
blindgamers14(roflgamer) used a fuel_tank 1-26-2021, 10:18:39 AM
blindgamers14(roflgamer) used a fuel_tank 1-26-2021, 10:18:39 AM
blindgamers14(roflgamer) used a fuel_tank 1-26-2021, 10:18:40 AM
blindgamers14(roflgamer) used a fuel_tank 1-26-2021, 10:18:40 AM
blindgamers14(roflgamer) used a fuel_tank 1-26-2021, 10:18:40 AM
blindgamers14(roflgamer) used a fuel_tank 1-26-2021, 10:18:41 AM
blindgamers14(roflgamer) used a fuel_tank 1-26-2021, 10:18:41 AM
blindgamers14(roflgamer) used a fuel_tank 1-26-2021, 10:18:41 AM
blindgamers14(roflgamer) used a fuel_tank 1-26-2021, 10:18:53 AM
blindgamers14(roflgamer) used a fuel_tank 1-26-2021, 10:18:53 AM
blindgamers14(roflgamer) used a fuel_tank 1-26-2021, 10:18:54 AM
blindgamers14(roflgamer) used a fuel_tank 1-26-2021, 10:18:54 AM
blindgamers14(roflgamer) used a fuel_tank 1-26-2021, 10:18:54 AM
blindgamers14(roflgamer) used a fuel_tank 1-26-2021, 10:18:54 AM
blindgamers14(roflgamer) used a fuel_tank 1-26-2021, 10:18:55 AM
blindgamers14(roflgamer) used a fuel_tank 1-26-2021, 10:18:55 AM
blindgamers14(roflgamer) used a fuel_tank 1-26-2021, 10:18:55 AM
blindgamers14(roflgamer) used a fuel_tank 1-26-2021, 10:18:56 AM
blindgamers14(roflgamer) used a fuel_tank 1-26-2021, 10:18:56 AM
blindgamers14(roflgamer) used a fuel_tank 1-26-2021, 10:18:57 AM
blindgamers14(roflgamer) used a fuel_tank 1-26-2021, 10:18:57 AM
blindgamers14(roflgamer) used a fuel_tank 1-26-2021, 10:18:57 AM
blindgamers14(roflgamer) used a fuel_tank 1-26-2021, 10:18:57 AM
blindgamers14(roflgamer) used a fuel_tank 1-26-2021, 10:18:58 AM
blindgamers14(roflgamer) used a fuel_tank 1-26-2021, 10:18:58 AM
blindgamers14(roflgamer) used a fuel_tank 1-26-2021, 10:18:59 AM
blindgamers14(roflgamer) used a fuel_tank 1-26-2021, 10:18:59 AM
blindgamers14(roflgamer) used a fuel_tank 1-26-2021, 10:18:59 AM
blindgamers14(roflgamer) used a fuel_tank 1-26-2021, 10:19:00 AM
blindgamers14(roflgamer) used a fuel_tank 1-26-2021, 10:19:00 AM
blindgamers14(roflgamer) used a fuel_tank 1-26-2021, 10:19:00 AM
blindgamers14(roflgamer) used a fuel_tank 1-26-2021, 10:19:00 AM
blindgamers14(roflgamer) used a fuel_tank 1-26-2021, 10:19:01 AM
blindgamers14(roflgamer) used a fuel_tank 1-26-2021, 10:19:01 AM
blindgamers14(roflgamer) used a armored_tank 1-26-2021, 10:19:53 AM
blindgamers14(roflgamer) used a armored_tank 1-26-2021, 10:19:53 AM
blindgamers14(roflgamer) used a armored_tank 1-26-2021, 10:19:53 AM
blindgamers14(roflgamer) used a armored_tank 1-26-2021, 10:19:55 AM
blindgamers14(roflgamer) used a armored_tank 1-26-2021, 10:19:55 AM
blindgamers14(roflgamer) used a armored_tank 1-26-2021, 10:19:55 AM
blindgamers14(roflgamer) used a armored_tank 1-26-2021, 10:19:56 AM
blindgamers14(roflgamer) used a armored_tank 1-26-2021, 10:19:56 AM
blindgamers14(roflgamer) used a tk_ultra_health_potion 1-26-2021, 10:20:37 AM
blindgamers14(roflgamer) used a tk_ultra_health_potion 1-26-2021, 10:20:37 AM
blindgamers14(roflgamer) used a tk_ultra_health_potion 1-26-2021, 10:20:37 AM
blindgamers14(roflgamer) used a fuel_tank 1-26-2021, 10:24:51 AM
blindgamers14(roflgamer) used a fuel_tank 1-26-2021, 10:24:52 AM
blindgamers14(roflgamer) used a fuel_tank 1-26-2021, 10:24:52 AM
blindgamers14(roflgamer) used a fuel_tank 1-26-2021, 10:24:52 AM
blindgamers14(roflgamer) used a fuel_tank 1-26-2021, 10:24:53 AM
blindgamers14(roflgamer) used a fuel_tank 1-26-2021, 10:24:53 AM
blindgamers14(roflgamer) used a fuel_tank 1-26-2021, 10:24:54 AM
blindgamers14(roflgamer) used a fuel_tank 1-26-2021, 10:24:54 AM
blindgamers14(roflgamer) used a fuel_tank 1-26-2021, 10:24:55 AM
blindgamers14(roflgamer) used a fuel_tank 1-26-2021, 10:24:55 AM
blindgamers14(roflgamer) used a fuel_tank 1-26-2021, 10:24:55 AM
blindgamers14(roflgamer) used a fuel_tank 1-26-2021, 10:24:56 AM
blindgamers14(roflgamer) used a fuel_tank 1-26-2021, 10:24:56 AM
blindgamers14(roflgamer) used a fuel_tank 1-26-2021, 10:24:57 AM
blindgamers14(roflgamer) used a fuel_tank 1-26-2021, 10:24:57 AM
blindgamers14(roflgamer) used a fuel_tank 1-26-2021, 10:24:57 AM
blindgamers14(roflgamer) used a fuel_tank 1-26-2021, 10:24:58 AM
blindgamers14(roflgamer) used a fuel_tank 1-26-2021, 10:24:58 AM
blindgamers14(roflgamer) used a fuel_tank 1-26-2021, 10:24:59 AM
blindgamers14(roflgamer) used a fuel_tank 1-26-2021, 10:25:01 AM
blindgamers14(roflgamer) used a fuel_tank 1-26-2021, 10:25:02 AM
blindgamers14(roflgamer) used a fuel_tank 1-26-2021, 10:25:02 AM
blindgamers14(roflgamer) used a fuel_tank 1-26-2021, 10:25:02 AM
blindgamers14(roflgamer) used a fuel_tank 1-26-2021, 10:25:03 AM
blindgamers14(roflgamer) used a fuel_tank 1-26-2021, 10:25:03 AM
blindgamers14(roflgamer) used a fuel_tank 1-26-2021, 10:25:04 AM
blindgamers14(roflgamer) used a fuel_tank 1-26-2021, 10:25:04 AM
blindgamers14(roflgamer) used a fuel_tank 1-26-2021, 10:25:05 AM
blindgamers14(roflgamer) used a fuel_tank 1-26-2021, 10:25:06 AM
blindgamers14(roflgamer) used a fuel_tank 1-26-2021, 10:25:07 AM
blindgamers14(roflgamer) used a fuel_tank 1-26-2021, 10:25:07 AM
blindgamers14(roflgamer) used a fuel_tank 1-26-2021, 10:25:08 AM
blindgamers14(roflgamer) used a fuel_tank 1-26-2021, 10:25:08 AM
blindgamers14(roflgamer) used a fuel_tank 1-26-2021, 10:25:08 AM
blindgamers14(roflgamer) used a fuel_tank 1-26-2021, 10:25:09 AM
blindgamers14(roflgamer) used a fuel_tank 1-26-2021, 10:25:09 AM
blindgamers14(roflgamer) used a fuel_tank 1-26-2021, 10:25:10 AM
blindgamers14(roflgamer) used a fuel_tank 1-26-2021, 10:25:10 AM
blindgamers14(roflgamer) used a fuel_tank 1-26-2021, 10:25:10 AM
blindgamers14(roflgamer) used a fuel_tank 1-26-2021, 10:25:11 AM
blindgamers14(roflgamer) used a fuel_tank 1-26-2021, 10:25:11 AM
blindgamers14(roflgamer) used a fuel_tank 1-26-2021, 10:25:11 AM
blindgamers14(roflgamer) used a fuel_tank 1-26-2021, 10:25:12 AM
blindgamers14(roflgamer) used a fuel_tank 1-26-2021, 10:25:12 AM
blindgamers14(roflgamer) used a fuel_tank 1-26-2021, 10:25:12 AM
blindgamers14(roflgamer) used a fuel_tank 1-26-2021, 10:25:13 AM
blindgamers14(roflgamer) used a fuel_tank 1-26-2021, 10:25:13 AM
blindgamers14(roflgamer) used a fuel_tank 1-26-2021, 10:25:13 AM
blindgamers14(roflgamer) used a fuel_tank 1-26-2021, 10:25:14 AM
blindgamers14(roflgamer) used a fuel_tank 1-26-2021, 10:25:14 AM
blindgamers14(roflgamer) used a fuel_tank 1-26-2021, 10:25:14 AM
blindgamers14(roflgamer) used a fuel_tank 1-26-2021, 10:25:15 AM
blindgamers14(roflgamer) used a fuel_tank 1-26-2021, 10:25:15 AM
blindgamers14(roflgamer) used a fuel_tank 1-26-2021, 10:25:16 AM
blindgamers14(roflgamer) used a fuel_tank 1-26-2021, 10:25:16 AM
blindgamers14(roflgamer) used a fuel_tank 1-26-2021, 10:25:16 AM
blindgamers14(roflgamer) used a fuel_tank 1-26-2021, 10:25:17 AM
blindgamers14(roflgamer) used a fuel_tank 1-26-2021, 10:25:17 AM
blindgamers14(roflgamer) used a fuel_tank 1-26-2021, 10:25:18 AM
blindgamers14(roflgamer) used a fuel_tank 1-26-2021, 10:25:18 AM
blindgamers14(roflgamer) used a fuel_tank 1-26-2021, 10:25:18 AM
blindgamers14(roflgamer) used a fuel_tank 1-26-2021, 10:25:19 AM
blindgamers14(roflgamer) used a fuel_tank 1-26-2021, 10:25:19 AM
blindgamers14(roflgamer) used a fuel_tank 1-26-2021, 10:25:19 AM
blindgamers14(roflgamer) used a fuel_tank 1-26-2021, 10:25:20 AM
blindgamers14(roflgamer) used a fuel_tank 1-26-2021, 10:25:20 AM
blindgamers14(roflgamer) used a fuel_tank 1-26-2021, 10:25:20 AM
blindgamers14(roflgamer) used a fuel_tank 1-26-2021, 10:25:21 AM
blindgamers14(roflgamer) used a fuel_tank 1-26-2021, 10:25:21 AM
blindgamers14(roflgamer) used a fuel_tank 1-26-2021, 10:25:21 AM
blindgamers14(roflgamer) used a fuel_tank 1-26-2021, 10:25:22 AM
blindgamers14(roflgamer) used a fuel_tank 1-26-2021, 10:25:22 AM
blindgamers14(roflgamer) used a fuel_tank 1-26-2021, 10:25:23 AM
blindgamers14(roflgamer) used a fuel_tank 1-26-2021, 10:25:23 AM
blindgamers14(roflgamer) used a fuel_tank 1-26-2021, 10:25:23 AM
blindgamers14(roflgamer) used a fuel_tank 1-26-2021, 10:25:24 AM
blindgamers14(roflgamer) used a fuel_tank 1-26-2021, 10:25:24 AM
blindgamers14(roflgamer) used a fuel_tank 1-26-2021, 10:25:25 AM
blindgamers14(roflgamer) used a fuel_tank 1-26-2021, 10:25:25 AM
blindgamers14(roflgamer) used a fuel_tank 1-26-2021, 10:25:26 AM
blindgamers14(roflgamer) used a fuel_tank 1-26-2021, 10:25:26 AM
blindgamers14(roflgamer) used a fuel_tank 1-26-2021, 10:25:26 AM
blindgamers14(roflgamer) used a fuel_tank 1-26-2021, 10:25:27 AM
blindgamers14(roflgamer) used a fuel_tank 1-26-2021, 10:25:27 AM
blindgamers14(roflgamer) used a fuel_tank 1-26-2021, 10:25:28 AM
blindgamers14(roflgamer) used a fuel_tank 1-26-2021, 10:25:28 AM
blindgamers14(roflgamer) used a fuel_tank 1-26-2021, 10:25:28 AM
blindgamers14(roflgamer) used a fuel_tank 1-26-2021, 10:25:30 AM
blindgamers14(roflgamer) used a fuel_tank 1-26-2021, 10:25:30 AM
blindgamers14(roflgamer) used a fuel_tank 1-26-2021, 10:25:31 AM
blindgamers14(roflgamer) used a fuel_tank 1-26-2021, 10:25:31 AM
blindgamers14(roflgamer) used a fuel_tank 1-26-2021, 10:25:31 AM
blindgamers14(roflgamer) used a fuel_tank 1-26-2021, 10:25:32 AM
blindgamers14(roflgamer) used a fuel_tank 1-26-2021, 10:25:32 AM
blindgamers14(roflgamer) used a fuel_tank 1-26-2021, 10:25:32 AM
blindgamers14(roflgamer) used a fuel_tank 1-26-2021, 10:25:33 AM
blindgamers14(roflgamer) used a fuel_tank 1-26-2021, 10:25:33 AM
blindgamers14(roflgamer) used a fuel_tank 1-26-2021, 10:25:33 AM
blindgamers14(roflgamer) used a fuel_tank 1-26-2021, 10:25:33 AM
blindgamers14(roflgamer) used a fuel_tank 1-26-2021, 10:25:34 AM
blindgamers14(roflgamer) used a fuel_tank 1-26-2021, 10:25:34 AM
blindgamers14(roflgamer) used a fuel_tank 1-26-2021, 10:25:34 AM
blindgamers14(roflgamer) used a fuel_tank 1-26-2021, 10:25:35 AM
blindgamers14(roflgamer) used a fuel_tank 1-26-2021, 10:25:35 AM
blindgamers14(roflgamer) used a fuel_tank 1-26-2021, 10:25:36 AM
blindgamers14(roflgamer) used a fuel_tank 1-26-2021, 10:25:36 AM
blindgamers14(roflgamer) used a fuel_tank 1-26-2021, 10:25:36 AM
blindgamers14(roflgamer) used a fuel_tank 1-26-2021, 10:25:37 AM
blindgamers14(roflgamer) used a fuel_tank 1-26-2021, 10:25:37 AM
blindgamers14(roflgamer) used a fuel_tank 1-26-2021, 10:25:37 AM
blindgamers14(roflgamer) used a fuel_tank 1-26-2021, 10:25:38 AM
blindgamers14(roflgamer) used a fuel_tank 1-26-2021, 10:25:38 AM
blindgamers14(roflgamer) used a fuel_tank 1-26-2021, 10:25:38 AM
blindgamers14(roflgamer) used a fuel_tank 1-26-2021, 10:25:39 AM
blindgamers14(roflgamer) used a fuel_tank 1-26-2021, 10:25:39 AM
blindgamers14(roflgamer) used a fuel_tank 1-26-2021, 10:25:39 AM
blindgamers14(roflgamer) used a fuel_tank 1-26-2021, 10:25:40 AM
blindgamers14(roflgamer) used a fuel_tank 1-26-2021, 10:25:40 AM
blindgamers14(roflgamer) used a fuel_tank 1-26-2021, 10:25:40 AM
blindgamers14(roflgamer) used a fuel_tank 1-26-2021, 10:25:41 AM
blindgamers14(roflgamer) used a fuel_tank 1-26-2021, 10:25:41 AM
blindgamers14(roflgamer) used a fuel_tank 1-26-2021, 10:25:42 AM
blindgamers14(roflgamer) used a fuel_tank 1-26-2021, 10:25:42 AM
blindgamers14(roflgamer) used a fuel_tank 1-26-2021, 10:25:42 AM
blindgamers14(roflgamer) used a fuel_tank 1-26-2021, 10:25:43 AM
blindgamers14(roflgamer) used a fuel_tank 1-26-2021, 10:25:43 AM
blindgamers14(roflgamer) used a fuel_tank 1-26-2021, 10:25:44 AM
blindgamers14(roflgamer) used a fuel_tank 1-26-2021, 10:25:44 AM
blindgamers14(roflgamer) used a fuel_tank 1-26-2021, 10:25:44 AM
blindgamers14(roflgamer) used a fuel_tank 1-26-2021, 10:25:48 AM
blindgamers14(roflgamer) used a fuel_tank 1-26-2021, 10:25:48 AM
blindgamers14(roflgamer) used a fuel_tank 1-26-2021, 10:25:49 AM
blindgamers14(roflgamer) used a fuel_tank 1-26-2021, 10:25:49 AM
blindgamers14(roflgamer) used a fuel_tank 1-26-2021, 10:25:49 AM
blindgamers14(roflgamer) used a fuel_tank 1-26-2021, 10:25:50 AM
blindgamers14(roflgamer) used a fuel_tank 1-26-2021, 10:25:50 AM
blindgamers14(roflgamer) used a fuel_tank 1-26-2021, 10:25:50 AM
blindgamers14(roflgamer) used a fuel_tank 1-26-2021, 10:25:50 AM
blindgamers14(roflgamer) used a fuel_tank 1-26-2021, 10:25:51 AM
blindgamers14(roflgamer) used a fuel_tank 1-26-2021, 10:25:51 AM
blindgamers14(roflgamer) used a fuel_tank 1-26-2021, 10:25:53 AM
blindgamers14(roflgamer) used a fuel_tank 1-26-2021, 10:25:54 AM
blindgamers14(roflgamer) used a fuel_tank 1-26-2021, 10:25:54 AM
blindgamers14(roflgamer) used a fuel_tank 1-26-2021, 10:25:55 AM
blindgamers14(roflgamer) used a fuel_tank 1-26-2021, 10:25:55 AM
blindgamers14(roflgamer) used a fuel_tank 1-26-2021, 10:25:55 AM
blindgamers14(roflgamer) used a fuel_tank 1-26-2021, 10:25:56 AM
blindgamers14(roflgamer) used a fuel_tank 1-26-2021, 10:25:56 AM
blindgamers14(roflgamer) used a fuel_tank 1-26-2021, 10:25:56 AM
blindgamers14(roflgamer) used a fuel_tank 1-26-2021, 10:25:57 AM
blindgamers14(roflgamer) used a fuel_tank 1-26-2021, 10:25:57 AM
blindgamers14(roflgamer) used a fuel_tank 1-26-2021, 10:25:57 AM
blindgamers14(roflgamer) used a fuel_tank 1-26-2021, 10:25:57 AM
blindgamers14(roflgamer) used a fuel_tank 1-26-2021, 10:25:58 AM
blindgamers14(roflgamer) used a fuel_tank 1-26-2021, 10:25:58 AM
blindgamers14(roflgamer) used a fuel_tank 1-26-2021, 10:25:58 AM
blindgamers14(roflgamer) used a fuel_tank 1-26-2021, 10:25:59 AM
blindgamers14(roflgamer) used a fuel_tank 1-26-2021, 10:26:01 AM
blindgamers14(roflgamer) used a fuel_tank 1-26-2021, 10:26:01 AM
blindgamers14(roflgamer) used a fuel_tank 1-26-2021, 10:26:02 AM
blindgamers14(roflgamer) used a fuel_tank 1-26-2021, 10:26:02 AM
blindgamers14(roflgamer) used a fuel_tank 1-26-2021, 10:26:02 AM
blindgamers14(roflgamer) used a fuel_tank 1-26-2021, 10:26:03 AM
blindgamers14(roflgamer) used a fuel_tank 1-26-2021, 10:26:03 AM
blindgamers14(roflgamer) used a fuel_tank 1-26-2021, 10:26:03 AM
blindgamers14(roflgamer) used a fuel_tank 1-26-2021, 10:26:04 AM
blindgamers14(roflgamer) used a fuel_tank 1-26-2021, 10:26:04 AM
blindgamers14(roflgamer) used a fuel_tank 1-26-2021, 10:26:05 AM
blindgamers14(roflgamer) used a fuel_tank 1-26-2021, 10:26:05 AM
blindgamers14(roflgamer) used a fuel_tank 1-26-2021, 10:26:05 AM
blindgamers14(roflgamer) used a fuel_tank 1-26-2021, 10:26:06 AM
blindgamers14(roflgamer) used a fuel_tank 1-26-2021, 10:26:06 AM
blindgamers14(roflgamer) used a fuel_tank 1-26-2021, 10:28:08 AM
blindgamers14(roflgamer) used a fuel_tank 1-26-2021, 10:28:08 AM
blindgamers14(roflgamer) used a fuel_tank 1-26-2021, 10:28:08 AM
blindgamers14(roflgamer) used a fuel_tank 1-26-2021, 10:28:09 AM
blindgamers14(roflgamer) used a fuel_tank 1-26-2021, 10:28:11 AM
blindgamers14(roflgamer) used a fuel_tank 1-26-2021, 10:28:11 AM
blindgamers14(roflgamer) used a fuel_tank 1-26-2021, 10:28:12 AM
blindgamers14(roflgamer) used a fuel_tank 1-26-2021, 10:28:12 AM
blindgamers14(roflgamer) used a fuel_tank 1-26-2021, 10:28:16 AM
blindgamers14(roflgamer) used a fuel_tank 1-26-2021, 10:28:16 AM
blindgamers14(roflgamer) used a fuel_tank 1-26-2021, 10:28:17 AM
blindgamers14(roflgamer) used a fuel_tank 1-26-2021, 10:28:17 AM
blindgamers14(roflgamer) used a fuel_tank 1-26-2021, 10:28:17 AM
blindgamers14(roflgamer) used a fuel_tank 1-26-2021, 10:28:17 AM
blindgamers14(roflgamer) used a fuel_tank 1-26-2021, 10:28:18 AM
blindgamers14(roflgamer) used a fuel_tank 1-26-2021, 10:28:18 AM
blindgamers14(roflgamer) used a fuel_tank 1-26-2021, 10:28:19 AM
blindgamers14(roflgamer) used a fuel_tank 1-26-2021, 10:28:19 AM
blindgamers14(roflgamer) used a fuel_tank 1-26-2021, 10:28:19 AM
blindgamers14(roflgamer) used a fuel_tank 1-26-2021, 10:28:19 AM
blindgamers14(roflgamer) used a fuel_tank 1-26-2021, 10:28:20 AM
blindgamers14(roflgamer) used a fuel_tank 1-26-2021, 10:28:20 AM
blindgamers14(roflgamer) used a fuel_tank 1-26-2021, 10:28:21 AM
blindgamers14(roflgamer) used a fuel_tank 1-26-2021, 10:28:21 AM
blindgamers14(roflgamer) used a fuel_tank 1-26-2021, 10:28:21 AM
blindgamers14(roflgamer) used a fuel_tank 1-26-2021, 10:28:22 AM
blindgamers14(roflgamer) used a fuel_tank 1-26-2021, 10:28:22 AM
blindgamers14(roflgamer) used a fuel_tank 1-26-2021, 10:28:22 AM
blindgamers14(roflgamer) used a fuel_tank 1-26-2021, 10:28:23 AM
blindgamers14(roflgamer) used a fuel_tank 1-26-2021, 10:28:23 AM
blindgamers14(roflgamer) used a fuel_tank 1-26-2021, 10:28:24 AM
blindgamers14(roflgamer) used a fuel_tank 1-26-2021, 10:28:24 AM
blindgamers14(roflgamer) used a fuel_tank 1-26-2021, 10:28:24 AM
blindgamers14(roflgamer) used a fuel_tank 1-26-2021, 10:28:25 AM
blindgamers14(roflgamer) used a fuel_tank 1-26-2021, 10:28:25 AM
blindgamers14(roflgamer) used a fuel_tank 1-26-2021, 10:28:25 AM
blindgamers14(roflgamer) used a fuel_tank 1-26-2021, 10:28:26 AM
blindgamers14(roflgamer) used a fuel_tank 1-26-2021, 10:28:26 AM
blindgamers14(roflgamer) used a fuel_tank 1-26-2021, 10:28:27 AM
blindgamers14(roflgamer) used a fuel_tank 1-26-2021, 10:28:27 AM
blindgamers14(roflgamer) used a fuel_tank 1-26-2021, 10:28:27 AM
blindgamers14(roflgamer) used a fuel_tank 1-26-2021, 10:28:28 AM
blindgamers14(roflgamer) used a fuel_tank 1-26-2021, 10:28:28 AM
blindgamers14(roflgamer) used a fuel_tank 1-26-2021, 10:28:28 AM
blindgamers14(roflgamer) used a fuel_tank 1-26-2021, 10:28:29 AM
blindgamers14(roflgamer) used a fuel_tank 1-26-2021, 10:28:29 AM
blindgamers14(roflgamer) used a fuel_tank 1-26-2021, 10:28:30 AM
blindgamers14(roflgamer) used a fuel_tank 1-26-2021, 10:28:30 AM
blindgamers14(roflgamer) used a fuel_tank 1-26-2021, 10:28:30 AM
blindgamers14(roflgamer) used a fuel_tank 1-26-2021, 10:28:31 AM
blindgamers14(roflgamer) used a fuel_tank 1-26-2021, 10:28:31 AM
blindgamers14(roflgamer) used a fuel_tank 1-26-2021, 10:28:31 AM
blindgamers14(roflgamer) used a fuel_tank 1-26-2021, 10:28:32 AM
blindgamers14(roflgamer) used a fuel_tank 1-26-2021, 10:28:32 AM
blindgamers14(roflgamer) used a fuel_tank 1-26-2021, 10:28:33 AM
blindgamers14(roflgamer) used a fuel_tank 1-26-2021, 10:28:33 AM
blindgamers14(roflgamer) used a fuel_tank 1-26-2021, 10:28:34 AM
blindgamers14(roflgamer) used a fuel_tank 1-26-2021, 10:28:34 AM
blindgamers14(roflgamer) used a fuel_tank 1-26-2021, 10:28:34 AM
blindgamers14(roflgamer) used a fuel_tank 1-26-2021, 10:28:35 AM
blindgamers14(roflgamer) used a fuel_tank 1-26-2021, 10:28:35 AM
blindgamers14(roflgamer) used a fuel_tank 1-26-2021, 10:28:35 AM
blindgamers14(roflgamer) used a fuel_tank 1-26-2021, 10:28:36 AM
blindgamers14(roflgamer) used a fuel_tank 1-26-2021, 10:28:36 AM
blindgamers14(roflgamer) used a fuel_tank 1-26-2021, 10:28:36 AM
blindgamers14(roflgamer) used a fuel_tank 1-26-2021, 10:28:37 AM
blindgamers14(roflgamer) used a fuel_tank 1-26-2021, 10:28:37 AM
blindgamers14(roflgamer) used a fuel_tank 1-26-2021, 10:28:38 AM
blindgamers14(roflgamer) used a fuel_tank 1-26-2021, 10:28:39 AM
blindgamers14(roflgamer) used a fuel_tank 1-26-2021, 10:28:39 AM
blindgamers14(roflgamer) used a fuel_tank 1-26-2021, 10:28:39 AM
blindgamers14(roflgamer) used a fuel_tank 1-26-2021, 10:28:40 AM
blindgamers14(roflgamer) used a fuel_tank 1-26-2021, 10:28:40 AM
blindgamers14(roflgamer) used a fuel_tank 1-26-2021, 10:28:40 AM
blindgamers14(roflgamer) used a fuel_tank 1-26-2021, 10:28:41 AM
blindgamers14(roflgamer) used a fuel_tank 1-26-2021, 10:28:41 AM
blindgamers14(roflgamer) used a fuel_tank 1-26-2021, 10:28:42 AM
blindgamers14(roflgamer) used a fuel_tank 1-26-2021, 10:28:42 AM
blindgamers14(roflgamer) used a fuel_tank 1-26-2021, 10:28:42 AM
blindgamers14(roflgamer) used a fuel_tank 1-26-2021, 10:28:43 AM
blindgamers14(roflgamer) used a fuel_tank 1-26-2021, 10:28:43 AM
blindgamers14(roflgamer) used a fuel_tank 1-26-2021, 10:28:44 AM
blindgamers14(roflgamer) used a fuel_tank 1-26-2021, 10:28:44 AM
blindgamers14(roflgamer) used a fuel_tank 1-26-2021, 10:28:44 AM
blindgamers14(roflgamer) used a fuel_tank 1-26-2021, 10:28:45 AM
blindgamers14(roflgamer) used a fuel_tank 1-26-2021, 10:28:45 AM
blindgamers14(roflgamer) used a fuel_tank 1-26-2021, 10:28:47 AM
blindgamers14(roflgamer) used a fuel_tank 1-26-2021, 10:28:47 AM
blindgamers14(roflgamer) used a fuel_tank 1-26-2021, 10:28:48 AM
blindgamers14(roflgamer) used a fuel_tank 1-26-2021, 10:28:48 AM
blindgamers14(roflgamer) used a fuel_tank 1-26-2021, 10:28:50 AM
blindgamers14(roflgamer) used a fuel_tank 1-26-2021, 10:28:50 AM
blindgamers14(roflgamer) used a fuel_tank 1-26-2021, 10:28:50 AM
blindgamers14(roflgamer) used a tk_ultra_health_potion 1-26-2021, 10:28:51 AM
blindgamers14(roflgamer) used a fuel_tank 1-26-2021, 10:28:52 AM
blindgamers14(roflgamer) used a fuel_tank 1-26-2021, 10:28:53 AM
blindgamers14(roflgamer) used a fuel_tank 1-26-2021, 10:28:53 AM
blindgamers14(roflgamer) used a fuel_tank 1-26-2021, 10:28:53 AM
blindgamers14(roflgamer) used a fuel_tank 1-26-2021, 10:28:54 AM
blindgamers14(roflgamer) used a fuel_tank 1-26-2021, 10:28:54 AM
blindgamers14(roflgamer) used a fuel_tank 1-26-2021, 10:28:55 AM
blindgamers14(roflgamer) used a fuel_tank 1-26-2021, 10:28:55 AM
blindgamers14(roflgamer) used a fuel_tank 1-26-2021, 10:28:55 AM
blindgamers14(roflgamer) used a fuel_tank 1-26-2021, 10:28:56 AM
blindgamers14(roflgamer) used a fuel_tank 1-26-2021, 10:28:56 AM
blindgamers14(roflgamer) used a fuel_tank 1-26-2021, 10:28:56 AM
blindgamers14(roflgamer) used a fuel_tank 1-26-2021, 10:28:57 AM
blindgamers14(roflgamer) used a fuel_tank 1-26-2021, 10:28:57 AM
blindgamers14(roflgamer) used a fuel_tank 1-26-2021, 10:28:59 AM
blindgamers14(roflgamer) used a fuel_tank 1-26-2021, 10:29:00 AM
blindgamers14(roflgamer) used a fuel_tank 1-26-2021, 10:29:00 AM
blindgamers14(roflgamer) used a fuel_tank 1-26-2021, 10:29:00 AM
blindgamers14(roflgamer) used a fuel_tank 1-26-2021, 10:29:01 AM
blindgamers14(roflgamer) used a fuel_tank 1-26-2021, 10:29:01 AM
blindgamers14(roflgamer) used a fuel_tank 1-26-2021, 10:29:01 AM
blindgamers14(roflgamer) used a fuel_tank 1-26-2021, 10:29:02 AM
blindgamers14(roflgamer) used a fuel_tank 1-26-2021, 10:29:02 AM
blindgamers14(roflgamer) used a fuel_tank 1-26-2021, 10:29:03 AM
blindgamers14(roflgamer) used a fuel_tank 1-26-2021, 10:29:03 AM
blindgamers14(roflgamer) used a fuel_tank 1-26-2021, 10:29:03 AM
blindgamers14(roflgamer) used a fuel_tank 1-26-2021, 10:29:04 AM
blindgamers14(roflgamer) used a fuel_tank 1-26-2021, 10:29:04 AM
blindgamers14(roflgamer) used a fuel_tank 1-26-2021, 10:29:05 AM
blindgamers14(roflgamer) used a fuel_tank 1-26-2021, 10:29:05 AM
blindgamers14(roflgamer) used a fuel_tank 1-26-2021, 10:29:06 AM
blindgamers14(roflgamer) used a fuel_tank 1-26-2021, 10:29:06 AM
blindgamers14(roflgamer) used a fuel_tank 1-26-2021, 10:29:07 AM
blindgamers14(roflgamer) used a fuel_tank 1-26-2021, 10:29:07 AM
blindgamers14(roflgamer) used a fuel_tank 1-26-2021, 10:29:07 AM
blindgamers14(roflgamer) used a fuel_tank 1-26-2021, 10:29:08 AM
blindgamers14(roflgamer) used a fuel_tank 1-26-2021, 10:29:08 AM
blindgamers14(roflgamer) used a fuel_tank 1-26-2021, 10:29:09 AM
blindgamers14(roflgamer) used a fuel_tank 1-26-2021, 10:29:09 AM
blindgamers14(roflgamer) used a fuel_tank 1-26-2021, 10:29:09 AM
blindgamers14(roflgamer) used a fuel_tank 1-26-2021, 10:29:10 AM
blindgamers14(roflgamer) used a fuel_tank 1-26-2021, 10:29:10 AM
blindgamers14(roflgamer) used a fuel_tank 1-26-2021, 10:29:10 AM
blindgamers14(roflgamer) used a fuel_tank 1-26-2021, 10:29:11 AM
blindgamers14(roflgamer) used a fuel_tank 1-26-2021, 10:29:11 AM
blindgamers14(roflgamer) used a fuel_tank 1-26-2021, 10:29:12 AM
blindgamers14(roflgamer) used a fuel_tank 1-26-2021, 10:29:12 AM
blindgamers14(roflgamer) used a fuel_tank 1-26-2021, 10:29:12 AM
blindgamers14(roflgamer) used a fuel_tank 1-26-2021, 10:29:13 AM
blindgamers14(roflgamer) used a fuel_tank 1-26-2021, 10:29:13 AM
blindgamers14(roflgamer) used a fuel_tank 1-26-2021, 10:29:14 AM
blindgamers14(roflgamer) used a fuel_tank 1-26-2021, 10:29:14 AM
blindgamers14(roflgamer) used a fuel_tank 1-26-2021, 10:29:14 AM
blindgamers14(roflgamer) used a fuel_tank 1-26-2021, 10:29:15 AM
blindgamers14(roflgamer) used a fuel_tank 1-26-2021, 10:29:15 AM
blindgamers14(roflgamer) used a fuel_tank 1-26-2021, 10:29:15 AM
blindgamers14(roflgamer) used a fuel_tank 1-26-2021, 10:29:16 AM
blindgamers14(roflgamer) used a fuel_tank 1-26-2021, 10:29:16 AM
blindgamers14(roflgamer) used a fuel_tank 1-26-2021, 10:29:16 AM
blindgamers14(roflgamer) used a fuel_tank 1-26-2021, 10:29:17 AM
blindgamers14(roflgamer) used a fuel_tank 1-26-2021, 10:29:17 AM
blindgamers14(roflgamer) used a fuel_tank 1-26-2021, 10:29:18 AM
blindgamers14(roflgamer) used a fuel_tank 1-26-2021, 10:29:18 AM
blindgamers14(roflgamer) used a fuel_tank 1-26-2021, 10:29:19 AM
blindgamers14(roflgamer) used a fuel_tank 1-26-2021, 10:29:19 AM
blindgamers14(roflgamer) used a fuel_tank 1-26-2021, 10:29:19 AM
blindgamers14(roflgamer) used a fuel_tank 1-26-2021, 10:29:20 AM
blindgamers14(roflgamer) used a fuel_tank 1-26-2021, 10:29:20 AM
blindgamers14(roflgamer) used a fuel_tank 1-26-2021, 10:29:20 AM
blindgamers14(roflgamer) used a fuel_tank 1-26-2021, 10:29:21 AM
blindgamers14(roflgamer) used a fuel_tank 1-26-2021, 10:29:21 AM
blindgamers14(roflgamer) used a fuel_tank 1-26-2021, 10:29:22 AM
blindgamers14(roflgamer) used a fuel_tank 1-26-2021, 10:29:22 AM
blindgamers14(roflgamer) used a fuel_tank 1-26-2021, 10:29:23 AM
blindgamers14(roflgamer) used a fuel_tank 1-26-2021, 10:29:23 AM
blindgamers14(roflgamer) used a fuel_tank 1-26-2021, 10:29:23 AM
blindgamers14(roflgamer) used a fuel_tank 1-26-2021, 10:29:24 AM
blindgamers14(roflgamer) used a fuel_tank 1-26-2021, 10:29:24 AM
blindgamers14(roflgamer) used a fuel_tank 1-26-2021, 10:29:24 AM
blindgamers14(roflgamer) used a fuel_tank 1-26-2021, 10:29:25 AM
blindgamers14(roflgamer) used a fuel_tank 1-26-2021, 10:29:25 AM
blindgamers14(roflgamer) used a fuel_tank 1-26-2021, 10:29:26 AM
blindgamers14(roflgamer) used a fuel_tank 1-26-2021, 10:29:26 AM
blindgamers14(roflgamer) used a fuel_tank 1-26-2021, 10:29:27 AM
blindgamers14(roflgamer) used a fuel_tank 1-26-2021, 10:29:27 AM
blindgamers14(roflgamer) used a fuel_tank 1-26-2021, 10:29:28 AM
blindgamers14(roflgamer) used a fuel_tank 1-26-2021, 10:29:28 AM
blindgamers14(roflgamer) used a fuel_tank 1-26-2021, 10:29:28 AM
blindgamers14(roflgamer) used a fuel_tank 1-26-2021, 10:29:29 AM
blindgamers14(roflgamer) used a fuel_tank 1-26-2021, 10:29:29 AM
blindgamers14(roflgamer) used a fuel_tank 1-26-2021, 10:29:29 AM
blindgamers14(roflgamer) used a fuel_tank 1-26-2021, 10:29:30 AM
blindgamers14(roflgamer) used a fuel_tank 1-26-2021, 10:29:30 AM
blindgamers14(roflgamer) used a fuel_tank 1-26-2021, 10:29:31 AM
blindgamers14(roflgamer) used a fuel_tank 1-26-2021, 10:29:31 AM
blindgamers14(roflgamer) used a fuel_tank 1-26-2021, 10:29:31 AM
blindgamers14(roflgamer) used a fuel_tank 1-26-2021, 10:29:32 AM
blindgamers14(roflgamer) used a fuel_tank 1-26-2021, 10:29:32 AM
blindgamers14(roflgamer) used a fuel_tank 1-26-2021, 10:29:33 AM
blindgamers14(roflgamer) used a fuel_tank 1-26-2021, 10:29:33 AM
blindgamers14(roflgamer) used a fuel_tank 1-26-2021, 10:29:33 AM
blindgamers14(roflgamer) used a fuel_tank 1-26-2021, 10:29:34 AM
blindgamers14(roflgamer) used a fuel_tank 1-26-2021, 10:29:34 AM
blindgamers14(roflgamer) used a fuel_tank 1-26-2021, 10:29:34 AM
blindgamers14(roflgamer) used a fuel_tank 1-26-2021, 10:29:35 AM
blindgamers14(roflgamer) used a fuel_tank 1-26-2021, 10:29:35 AM
blindgamers14(roflgamer) used a fuel_tank 1-26-2021, 10:29:36 AM
blindgamers14(roflgamer) used a fuel_tank 1-26-2021, 10:29:36 AM
blindgamers14(roflgamer) used a fuel_tank 1-26-2021, 10:29:36 AM
blindgamers14(roflgamer) used a fuel_tank 1-26-2021, 10:29:37 AM
blindgamers14(roflgamer) used a fuel_tank 1-26-2021, 10:29:37 AM
blindgamers14(roflgamer) used a fuel_tank 1-26-2021, 10:29:38 AM
blindgamers14(roflgamer) used a fuel_tank 1-26-2021, 10:29:38 AM
blindgamers14(roflgamer) used a fuel_tank 1-26-2021, 10:29:39 AM
blindgamers14(roflgamer) used a fuel_tank 1-26-2021, 10:29:39 AM
blindgamers14(roflgamer) used a fuel_tank 1-26-2021, 10:29:39 AM
blindgamers14(roflgamer) used a fuel_tank 1-26-2021, 10:29:40 AM
blindgamers14(roflgamer) used a fuel_tank 1-26-2021, 10:29:40 AM
blindgamers14(roflgamer) used a fuel_tank 1-26-2021, 10:29:41 AM
blindgamers14(roflgamer) used a fuel_tank 1-26-2021, 10:29:41 AM
blindgamers14(roflgamer) used a fuel_tank 1-26-2021, 10:29:41 AM
blindgamers14(roflgamer) used a fuel_tank 1-26-2021, 10:29:42 AM
blindgamers14(roflgamer) used a fuel_tank 1-26-2021, 10:29:43 AM
blindgamers14(roflgamer) used a fuel_tank 1-26-2021, 10:29:43 AM
blindgamers14(roflgamer) used a fuel_tank 1-26-2021, 10:29:43 AM
blindgamers14(roflgamer) used a fuel_tank 1-26-2021, 10:29:44 AM
blindgamers14(roflgamer) used a fuel_tank 1-26-2021, 10:29:44 AM
blindgamers14(roflgamer) used a fuel_tank 1-26-2021, 10:29:45 AM
blindgamers14(roflgamer) used a fuel_tank 1-26-2021, 10:29:45 AM
blindgamers14(roflgamer) used a fuel_tank 1-26-2021, 10:29:45 AM
blindgamers14(roflgamer) used a fuel_tank 1-26-2021, 10:29:46 AM
blindgamers14(roflgamer) used a fuel_tank 1-26-2021, 10:29:46 AM
blindgamers14(roflgamer) used a fuel_tank 1-26-2021, 10:29:46 AM
blindgamers14(roflgamer) used a fuel_tank 1-26-2021, 10:29:47 AM
blindgamers14(roflgamer) used a fuel_tank 1-26-2021, 10:29:47 AM
blindgamers14(roflgamer) used a fuel_tank 1-26-2021, 10:29:47 AM
blindgamers14(roflgamer) used a fuel_tank 1-26-2021, 10:29:47 AM
blindgamers14(roflgamer) used a fuel_tank 1-26-2021, 10:29:48 AM
blindgamers14(roflgamer) used a fuel_tank 1-26-2021, 10:29:48 AM
blindgamers14(roflgamer) used a fuel_tank 1-26-2021, 10:29:48 AM
blindgamers14(roflgamer) used a fuel_tank 1-26-2021, 10:29:48 AM
blindgamers14(roflgamer) used a fuel_tank 1-26-2021, 10:29:49 AM
blindgamers14(roflgamer) used a fuel_tank 1-26-2021, 10:29:49 AM
blindgamers14(roflgamer) used a fuel_tank 1-26-2021, 10:29:49 AM
blindgamers14(roflgamer) used a fuel_tank 1-26-2021, 10:29:50 AM
blindgamers14(roflgamer) used a fuel_tank 1-26-2021, 10:29:50 AM
blindgamers14(roflgamer) used a fuel_tank 1-26-2021, 10:29:50 AM
blindgamers14(roflgamer) used a fuel_tank 1-26-2021, 10:29:51 AM
blindgamers14(roflgamer) used a fuel_tank 1-26-2021, 10:29:51 AM
blindgamers14(roflgamer) used a fuel_tank 1-26-2021, 10:29:51 AM
blindgamers14(roflgamer) used a fuel_tank 1-26-2021, 10:29:52 AM
blindgamers14(roflgamer) used a fuel_tank 1-26-2021, 10:29:52 AM
blindgamers14(roflgamer) used a fuel_tank 1-26-2021, 10:29:52 AM
blindgamers14(roflgamer) used a fuel_tank 1-26-2021, 10:29:53 AM
blindgamers14(roflgamer) used a fuel_tank 1-26-2021, 10:29:53 AM
blindgamers14(roflgamer) used a fuel_tank 1-26-2021, 10:29:53 AM
blindgamers14(roflgamer) used a fuel_tank 1-26-2021, 10:29:54 AM
blindgamers14(roflgamer) used a fuel_tank 1-26-2021, 10:29:54 AM
blindgamers14(roflgamer) used a fuel_tank 1-26-2021, 10:29:55 AM
blindgamers14(roflgamer) used a fuel_tank 1-26-2021, 10:29:55 AM
blindgamers14(roflgamer) used a fuel_tank 1-26-2021, 10:29:55 AM
blindgamers14(roflgamer) used a fuel_tank 1-26-2021, 10:29:56 AM
blindgamers14(roflgamer) used a fuel_tank 1-26-2021, 10:29:56 AM
blindgamers14(roflgamer) used a fuel_tank 1-26-2021, 10:29:56 AM
blindgamers14(roflgamer) used a fuel_tank 1-26-2021, 10:29:57 AM
blindgamers14(roflgamer) used a fuel_tank 1-26-2021, 10:29:57 AM
blindgamers14(roflgamer) used a fuel_tank 1-26-2021, 10:29:57 AM
blindgamers14(roflgamer) used a carrier_missile 1-26-2021, 10:31:50 AM
blindgamers14(roflgamer) used a remote_gun_controller 1-26-2021, 10:32:09 AM
blindgamers14(roflgamer) used a remote_gun_controller 1-26-2021, 10:32:16 AM
blindgamers14(roflgamer) used a remote_gun_controller 1-26-2021, 10:32:27 AM
blindgamers14(roflgamer) used a remote_gun_controller 1-26-2021, 10:32:50 AM
blindgamers14(roflgamer) used a remote_gun_controller 1-26-2021, 10:33:12 AM
blindgamers14(roflgamer) used a remote_gun_controller 1-26-2021, 10:33:17 AM
blindgamers14(roflgamer) used a remote_gun_controller 1-26-2021, 10:33:43 AM
blindgamers14(roflgamer) used a carrier_missile 1-26-2021, 10:33:49 AM
blindgamers14(roflgamer) used a remote_gun_controller 1-26-2021, 10:34:27 AM
blindgamers14(roflgamer) used a carrier_missile 1-26-2021, 10:35:15 AM
blindgamers14(roflgamer) used a carrier_missile 1-26-2021, 10:35:53 AM
blindgamers14(roflgamer) used a carrier_missile 1-26-2021, 10:38:17 AM
blindgamers14(roflgamer) used a bullet_bomb 1-26-2021, 10:39:18 AM
blindgamers14(roflgamer) used a bullet_bomb 1-26-2021, 10:39:42 AM
blindgamers14(roflgamer) used a bullet_bomb 1-26-2021, 10:39:42 AM
blindgamers14(roflgamer) used a tk_ultra_health_potion 1-26-2021, 10:42:15 AM
blindgamers14(roflgamer) used a tk_ultra_health_potion 1-26-2021, 10:42:15 AM
blindgamers14(roflgamer) used a sky_436_mine 1-26-2021, 10:42:21 AM
blindgamers14(roflgamer) used a sky_436_mine 1-26-2021, 10:42:21 AM
blindgamers14(roflgamer) used a sky_436_mine 1-26-2021, 10:42:21 AM
blindgamers14(roflgamer) used a sky_436_mine 1-26-2021, 10:42:22 AM
blindgamers14(roflgamer) used a sky_436_mine 1-26-2021, 10:42:22 AM
blindgamers14(roflgamer) used a sky_436_mine 1-26-2021, 10:42:22 AM
blindgamers14(roflgamer) used a sky_436_mine 1-26-2021, 10:42:23 AM
blindgamers14(roflgamer) used a sky_436_mine 1-26-2021, 10:42:23 AM
blindgamers14(roflgamer) used a sky_436_mine 1-26-2021, 10:42:23 AM
blindgamers14(roflgamer) used a sky_436_mine 1-26-2021, 10:42:23 AM
blindgamers14(roflgamer) used a sky_436_mine 1-26-2021, 10:42:23 AM
blindgamers14(roflgamer) used a sky_436_mine 1-26-2021, 10:42:24 AM
blindgamers14(roflgamer) used a sky_436_mine 1-26-2021, 10:42:24 AM
blindgamers14(roflgamer) used a sky_436_mine 1-26-2021, 10:42:24 AM
blindgamers14(roflgamer) used a sky_436_mine 1-26-2021, 10:42:25 AM
blindgamers14(roflgamer) used a sky_436_mine 1-26-2021, 10:42:25 AM
blindgamers14(roflgamer) used a sky_436_mine 1-26-2021, 10:42:25 AM
blindgamers14(roflgamer) used a sky_436_mine 1-26-2021, 10:42:27 AM
blindgamers14(roflgamer) used a sky_436_mine 1-26-2021, 10:42:28 AM
blindgamers14(roflgamer) used a sky_436_mine 1-26-2021, 10:42:28 AM
blindgamers14(roflgamer) used a sky_436_mine 1-26-2021, 10:42:28 AM
blindgamers14(roflgamer) used a sky_436_mine 1-26-2021, 10:42:29 AM
blindgamers14(roflgamer) used a sky_436_mine 1-26-2021, 10:42:29 AM
blindgamers14(roflgamer) used a sky_436_mine 1-26-2021, 10:42:29 AM
blindgamers14(roflgamer) used a sky_436_mine 1-26-2021, 10:42:29 AM
blindgamers14(roflgamer) used a sky_436_mine 1-26-2021, 10:42:30 AM
blindgamers14(roflgamer) used a sky_436_mine 1-26-2021, 10:42:30 AM
blindgamers14(roflgamer) used a sky_436_mine 1-26-2021, 10:42:30 AM
blindgamers14(roflgamer) used a sky_436_mine 1-26-2021, 10:42:30 AM
blindgamers14(roflgamer) used a sky_436_mine 1-26-2021, 10:42:31 AM
blindgamers14(roflgamer) used a sky_436_mine 1-26-2021, 10:42:31 AM
blindgamers14(roflgamer) used a sky_436_mine 1-26-2021, 10:42:31 AM
blindgamers14(roflgamer) used a sky_436_mine 1-26-2021, 10:42:33 AM
blindgamers14(roflgamer) used a sky_436_mine 1-26-2021, 10:42:33 AM
blindgamers14(roflgamer) used a sky_436_mine 1-26-2021, 10:42:34 AM
blindgamers14(roflgamer) used a sky_436_mine 1-26-2021, 10:42:34 AM
blindgamers14(roflgamer) used a sky_436_mine 1-26-2021, 10:42:34 AM
blindgamers14(roflgamer) used a sky_436_mine 1-26-2021, 10:42:35 AM
blindgamers14(roflgamer) used a sky_436_mine 1-26-2021, 10:42:35 AM
blindgamers14(roflgamer) used a sky_436_mine 1-26-2021, 10:42:35 AM
blindgamers14(roflgamer) used a sky_436_mine 1-26-2021, 10:42:35 AM
blindgamers14(roflgamer) used a sky_436_mine 1-26-2021, 10:42:36 AM
blindgamers14(roflgamer) used a sky_436_mine 1-26-2021, 10:42:36 AM
blindgamers14(roflgamer) used a sky_436_mine 1-26-2021, 10:42:36 AM
blindgamers14(roflgamer) used a sky_436_mine 1-26-2021, 10:42:36 AM
blindgamers14(roflgamer) used a sky_436_mine 1-26-2021, 10:42:37 AM
blindgamers14(roflgamer) used a sky_436_mine 1-26-2021, 10:42:37 AM
blindgamers14(roflgamer) used a sky_436_mine 1-26-2021, 10:42:37 AM
blindgamers14(roflgamer) used a sky_436_mine 1-26-2021, 10:42:39 AM
blindgamers14(roflgamer) used a sky_436_mine 1-26-2021, 10:42:39 AM
blindgamers14(roflgamer) used a sky_436_mine 1-26-2021, 10:42:39 AM
blindgamers14(roflgamer) used a sky_436_mine 1-26-2021, 10:42:40 AM
blindgamers14(roflgamer) used a sky_436_mine 1-26-2021, 10:42:40 AM
blindgamers14(roflgamer) used a sky_436_mine 1-26-2021, 10:42:40 AM
blindgamers14(roflgamer) used a sky_436_mine 1-26-2021, 10:42:41 AM
blindgamers14(roflgamer) used a sky_436_mine 1-26-2021, 10:42:41 AM
blindgamers14(roflgamer) used a sky_436_mine 1-26-2021, 10:42:41 AM
blindgamers14(roflgamer) used a sky_436_mine 1-26-2021, 10:42:41 AM
blindgamers14(roflgamer) used a sky_436_mine 1-26-2021, 10:42:42 AM
blindgamers14(roflgamer) used a sky_436_mine 1-26-2021, 10:42:42 AM
blindgamers14(roflgamer) used a sky_436_mine 1-26-2021, 10:42:42 AM
blindgamers14(roflgamer) used a sky_436_mine 1-26-2021, 10:42:43 AM
blindgamers14(roflgamer) used a sky_436_mine 1-26-2021, 10:42:43 AM
blindgamers14(roflgamer) used a sky_436_mine 1-26-2021, 10:42:43 AM
blindgamers14(roflgamer) used a sky_436_mine 1-26-2021, 10:42:43 AM
blindgamers14(roflgamer) used a sky_436_mine 1-26-2021, 10:42:45 AM
blindgamers14(roflgamer) used a sky_436_mine 1-26-2021, 10:42:45 AM
blindgamers14(roflgamer) used a sky_436_mine 1-26-2021, 10:42:45 AM
blindgamers14(roflgamer) used a sky_436_mine 1-26-2021, 10:42:46 AM
blindgamers14(roflgamer) used a sky_436_mine 1-26-2021, 10:42:46 AM
blindgamers14(roflgamer) used a sky_436_mine 1-26-2021, 10:42:46 AM
blindgamers14(roflgamer) used a sky_436_mine 1-26-2021, 10:42:47 AM
blindgamers14(roflgamer) used a sky_436_mine 1-26-2021, 10:42:47 AM
blindgamers14(roflgamer) used a sky_436_mine 1-26-2021, 10:42:47 AM
blindgamers14(roflgamer) used a sky_436_mine 1-26-2021, 10:42:47 AM
blindgamers14(roflgamer) used a sky_436_mine 1-26-2021, 10:42:48 AM
blindgamers14(roflgamer) used a sky_436_mine 1-26-2021, 10:42:48 AM
blindgamers14(roflgamer) used a sky_436_mine 1-26-2021, 10:42:48 AM
blindgamers14(roflgamer) used a sky_436_mine 1-26-2021, 10:42:49 AM
blindgamers14(roflgamer) used a sky_436_mine 1-26-2021, 10:42:49 AM
blindgamers14(roflgamer) used a sky_436_mine 1-26-2021, 10:42:49 AM
blindgamers14(roflgamer) used a sky_436_mine 1-26-2021, 10:42:51 AM
blindgamers14(roflgamer) used a sky_436_mine 1-26-2021, 10:42:51 AM
blindgamers14(roflgamer) used a sky_436_mine 1-26-2021, 10:42:51 AM
blindgamers14(roflgamer) used a sky_436_mine 1-26-2021, 10:42:52 AM
blindgamers14(roflgamer) used a sky_436_mine 1-26-2021, 10:42:52 AM
blindgamers14(roflgamer) used a sky_436_mine 1-26-2021, 10:42:53 AM
blindgamers14(roflgamer) used a sky_436_mine 1-26-2021, 10:42:53 AM
blindgamers14(roflgamer) used a sky_436_mine 1-26-2021, 10:42:53 AM
blindgamers14(roflgamer) used a sky_436_mine 1-26-2021, 10:42:53 AM
blindgamers14(roflgamer) used a sky_436_mine 1-26-2021, 10:42:54 AM
blindgamers14(roflgamer) used a sky_436_mine 1-26-2021, 10:42:54 AM
blindgamers14(roflgamer) used a sky_436_mine 1-26-2021, 10:42:54 AM
blindgamers14(roflgamer) used a sky_436_mine 1-26-2021, 10:42:55 AM
blindgamers14(roflgamer) used a sky_436_mine 1-26-2021, 10:42:55 AM
blindgamers14(roflgamer) used a sky_436_mine 1-26-2021, 10:42:55 AM
blindgamers14(roflgamer) used a sky_436_mine 1-26-2021, 10:42:55 AM
blindgamers14(roflgamer) used a sky_436_mine 1-26-2021, 10:42:56 AM
blindgamers14(roflgamer) used a sky_436_mine 1-26-2021, 10:43:28 AM
blindgamers14(roflgamer) used a sky_436_mine 1-26-2021, 10:43:28 AM
blindgamers14(roflgamer) used a sky_436_mine 1-26-2021, 10:43:28 AM
blindgamers14(roflgamer) used a sky_436_mine 1-26-2021, 10:43:29 AM
blindgamers14(roflgamer) used a sky_436_mine 1-26-2021, 10:43:29 AM
blindgamers14(roflgamer) used a sky_436_mine 1-26-2021, 10:43:30 AM
blindgamers14(roflgamer) used a sky_436_mine 1-26-2021, 10:43:30 AM
blindgamers14(roflgamer) used a sky_436_mine 1-26-2021, 10:43:33 AM
blindgamers14(roflgamer) used a sky_436_mine 1-26-2021, 10:43:33 AM
blindgamers14(roflgamer) used a sky_436_mine 1-26-2021, 10:43:33 AM
blindgamers14(roflgamer) used a sky_436_mine 1-26-2021, 10:43:34 AM
blindgamers14(roflgamer) used a sky_436_mine 1-26-2021, 10:43:34 AM
blindgamers14(roflgamer) used a sky_436_mine 1-26-2021, 10:43:39 AM
blindgamers14(roflgamer) used a sky_436_mine 1-26-2021, 10:43:39 AM
blindgamers14(roflgamer) used a sky_436_mine 1-26-2021, 10:43:39 AM
blindgamers14(roflgamer) used a sky_436_mine 1-26-2021, 10:43:40 AM
blindgamers14(roflgamer) used a sky_436_mine 1-26-2021, 10:43:44 AM
blindgamers14(roflgamer) used a sky_436_mine 1-26-2021, 10:43:44 AM
blindgamers14(roflgamer) used a sky_436_mine 1-26-2021, 10:43:45 AM
blindgamers14(roflgamer) used a sky_436_mine 1-26-2021, 10:43:46 AM
blindgamers14(roflgamer) used a sky_436_mine 1-26-2021, 10:43:46 AM
blindgamers14(roflgamer) used a sky_436_mine 1-26-2021, 10:43:46 AM
blindgamers14(roflgamer) used a sky_436_mine 1-26-2021, 10:43:46 AM
blindgamers14(roflgamer) used a sky_436_mine 1-26-2021, 10:43:47 AM
blindgamers14(roflgamer) used a sky_436_mine 1-26-2021, 10:43:56 AM
blindgamers14(roflgamer) used a sky_436_mine 1-26-2021, 10:43:56 AM
blindgamers14(roflgamer) used a sky_436_mine 1-26-2021, 10:43:56 AM
blindgamers14(roflgamer) used a sky_436_mine 1-26-2021, 10:43:56 AM
blindgamers14(roflgamer) used a sky_436_mine 1-26-2021, 10:43:57 AM
blindgamers14(roflgamer) used a sky_436_mine 1-26-2021, 10:43:57 AM
blindgamers14(roflgamer) used a sky_436_mine 1-26-2021, 10:43:57 AM
blindgamers14(roflgamer) used a sky_436_mine 1-26-2021, 10:43:57 AM
blindgamers14(roflgamer) used a sky_436_mine 1-26-2021, 10:43:59 AM
blindgamers14(roflgamer) used a sky_436_mine 1-26-2021, 10:43:59 AM
blindgamers14(roflgamer) used a sky_436_mine 1-26-2021, 10:44:00 AM
blindgamers14(roflgamer) used a sky_436_mine 1-26-2021, 10:44:00 AM
blindgamers14(roflgamer) used a sky_436_mine 1-26-2021, 10:44:00 AM
blindgamers14(roflgamer) used a sky_436_mine 1-26-2021, 10:44:01 AM
blindgamers14(roflgamer) used a sky_436_mine 1-26-2021, 10:44:01 AM
blindgamers14(roflgamer) used a sky_436_mine 1-26-2021, 10:44:01 AM
blindgamers14(roflgamer) used a sky_436_mine 1-26-2021, 10:44:01 AM
blindgamers14(roflgamer) used a sky_436_mine 1-26-2021, 10:44:02 AM
blindgamers14(roflgamer) used a sky_436_mine 1-26-2021, 10:44:02 AM
blindgamers14(roflgamer) used a sky_436_mine 1-26-2021, 10:44:02 AM
blindgamers14(roflgamer) used a sky_436_mine 1-26-2021, 10:44:03 AM
blindgamers14(roflgamer) used a sky_436_mine 1-26-2021, 10:44:03 AM
blindgamers14(roflgamer) used a sky_436_mine 1-26-2021, 10:44:03 AM
blindgamers14(roflgamer) used a sky_436_mine 1-26-2021, 10:44:04 AM
blindgamers14(roflgamer) used a sky_436_mine 1-26-2021, 10:44:05 AM
blindgamers14(roflgamer) used a sky_436_mine 1-26-2021, 10:44:05 AM
blindgamers14(roflgamer) used a sky_436_mine 1-26-2021, 10:44:05 AM
blindgamers14(roflgamer) used a sky_436_mine 1-26-2021, 10:44:06 AM
blindgamers14(roflgamer) used a sky_436_mine 1-26-2021, 10:44:06 AM
blindgamers14(roflgamer) used a sky_436_mine 1-26-2021, 10:44:06 AM
blindgamers14(roflgamer) used a sky_436_mine 1-26-2021, 10:44:07 AM
blindgamers14(roflgamer) used a sky_436_mine 1-26-2021, 10:44:07 AM
blindgamers14(roflgamer) used a sky_436_mine 1-26-2021, 10:44:11 AM
blindgamers14(roflgamer) used a sky_436_mine 1-26-2021, 10:44:11 AM
blindgamers14(roflgamer) used a sky_436_mine 1-26-2021, 10:44:11 AM
blindgamers14(roflgamer) used a sky_436_mine 1-26-2021, 10:44:12 AM
blindgamers14(roflgamer) used a sky_436_mine 1-26-2021, 10:44:12 AM
blindgamers14(roflgamer) used a sky_436_mine 1-26-2021, 10:44:12 AM
blindgamers14(roflgamer) used a sky_436_mine 1-26-2021, 10:44:12 AM
blindgamers14(roflgamer) used a sky_436_mine 1-26-2021, 10:44:20 AM
blindgamers14(roflgamer) used a sky_436_mine 1-26-2021, 10:44:20 AM
blindgamers14(roflgamer) used a sky_436_mine 1-26-2021, 10:44:20 AM
blindgamers14(roflgamer) used a sky_436_mine 1-26-2021, 10:44:20 AM
blindgamers14(roflgamer) used a sky_436_mine 1-26-2021, 10:44:21 AM
blindgamers14(roflgamer) used a sky_436_mine 1-26-2021, 10:44:21 AM
blindgamers14(roflgamer) used a sky_436_mine 1-26-2021, 10:44:21 AM
blindgamers14(roflgamer) used a sky_436_mine 1-26-2021, 10:44:21 AM
blindgamers14(roflgamer) used a sky_436_mine 1-26-2021, 10:44:22 AM
blindgamers14(roflgamer) used a sky_436_mine 1-26-2021, 10:44:24 AM
blindgamers14(roflgamer) used a sky_436_mine 1-26-2021, 10:44:24 AM
blindgamers14(roflgamer) used a sky_436_mine 1-26-2021, 10:44:25 AM
blindgamers14(roflgamer) used a sky_436_mine 1-26-2021, 10:44:25 AM
blindgamers14(roflgamer) used a sky_436_mine 1-26-2021, 10:44:25 AM
blindgamers14(roflgamer) used a sky_436_mine 1-26-2021, 10:44:25 AM
blindgamers14(roflgamer) used a sky_436_mine 1-26-2021, 10:44:27 AM
blindgamers14(roflgamer) used a sky_436_mine 1-26-2021, 10:44:27 AM
blindgamers14(roflgamer) used a sky_436_mine 1-26-2021, 10:44:28 AM
blindgamers14(roflgamer) used a sky_436_mine 1-26-2021, 10:44:28 AM
blindgamers14(roflgamer) used a sky_436_mine 1-26-2021, 10:44:28 AM
blindgamers14(roflgamer) used a sky_436_mine 1-26-2021, 10:44:29 AM
blindgamers14(roflgamer) used a sky_436_mine 1-26-2021, 10:44:29 AM
blindgamers14(roflgamer) used a sky_436_mine 1-26-2021, 10:44:29 AM
blindgamers14(roflgamer) used a sky_436_mine 1-26-2021, 10:44:30 AM
blindgamers14(roflgamer) used a sky_436_mine 1-26-2021, 10:44:30 AM
blindgamers14(roflgamer) used a sky_436_mine 1-26-2021, 10:44:30 AM
blindgamers14(roflgamer) used a sky_436_mine 1-26-2021, 10:44:30 AM
blindgamers14(roflgamer) used a sky_436_mine 1-26-2021, 10:44:31 AM
blindgamers14(roflgamer) used a sky_436_mine 1-26-2021, 10:44:31 AM
blindgamers14(roflgamer) used a sky_436_mine 1-26-2021, 10:44:31 AM
blindgamers14(roflgamer) used a sky_436_mine 1-26-2021, 10:44:32 AM
blindgamers14(roflgamer) used a sky_436_mine 1-26-2021, 10:45:00 AM
blindgamers14(roflgamer) used a tk_ultra_health_potion 1-26-2021, 10:46:35 AM
blindgamers14(roflgamer) used a tk_ultra_health_potion 1-26-2021, 10:46:35 AM
blindgamers14(roflgamer) used a tk_ultra_health_potion 1-26-2021, 10:46:35 AM
blindgamers14(roflgamer) used a fire_extinguisher 1-26-2021, 10:46:59 AM
blindgamers14(roflgamer) used a fire_extinguisher 1-26-2021, 10:47:03 AM
blindgamers14(roflgamer) used a fire_extinguisher 1-26-2021, 10:47:07 AM
blindgamers14(roflgamer) used a tk_ultra_health_potion 1-26-2021, 10:49:12 AM
blindgamers14(roflgamer) used a tk_ultra_health_potion 1-26-2021, 10:49:12 AM
blindgamers14(roflgamer) used a tk_ultra_health_potion 1-26-2021, 10:50:44 AM
blindgamers14(roflgamer) used a tk_ultra_health_potion 1-26-2021, 10:50:44 AM
blindgamers14(roflgamer) used a tk_ultra_health_potion 1-26-2021, 10:50:44 AM
blindgamers14(roflgamer) used a tk_ultra_health_potion 1-26-2021, 10:50:51 AM
blindgamers14(roflgamer) used a tk_ultra_health_potion 1-26-2021, 10:50:51 AM
blindgamers14(roflgamer) used a tk_ultra_health_potion 1-26-2021, 10:50:54 AM
blindgamers14(roflgamer) used a tk_ultra_health_potion 1-26-2021, 10:50:54 AM
blindgamers14(roflgamer) used a hand_cannon 1-26-2021, 10:51:35 AM
blindgamers14(roflgamer) used a zulfikar 1-26-2021, 10:51:38 AM
blindgamers14(roflgamer) used a tk_ultra_health_potion 1-26-2021, 10:53:35 AM
blindgamers14(roflgamer) used a tk_ultra_health_potion 1-26-2021, 10:53:35 AM
blindgamers14(roflgamer) used a tk_ultra_health_potion 1-26-2021, 10:53:35 AM
blindgamers14(roflgamer) used a tk_ultra_health_potion 1-26-2021, 10:55:29 AM
blindgamers14(roflgamer) used a tk_ultra_health_potion 1-26-2021, 10:55:29 AM
blindgamers14(roflgamer) used a tk_ultra_health_potion 1-26-2021, 10:55:29 AM
blindgamers14(roflgamer) used a remote_gun 1-26-2021, 10:56:15 AM
blindgamers14(roflgamer) used a remote_gun 1-26-2021, 10:56:15 AM
blindgamers14(roflgamer) used a shield 1-26-2021, 10:56:24 AM
blindgamers14(roflgamer) used a shield 1-26-2021, 10:56:24 AM
blindgamers14(roflgamer) used a shield 1-26-2021, 10:56:24 AM
blindgamers14(roflgamer) used a shield 1-26-2021, 10:56:24 AM
blindgamers14(roflgamer) used a shield 1-26-2021, 10:56:24 AM
blindgamers14(roflgamer) used a shield 1-26-2021, 10:56:24 AM
blindgamers14(roflgamer) used a shield 1-26-2021, 10:56:25 AM
blindgamers14(roflgamer) used a shield 1-26-2021, 10:56:25 AM
blindgamers14(roflgamer) used a shield 1-26-2021, 10:56:25 AM
blindgamers14(roflgamer) used a shield 1-26-2021, 10:56:25 AM
blindgamers14(roflgamer) used a shield 1-26-2021, 10:56:25 AM
blindgamers14(roflgamer) used a shield 1-26-2021, 10:56:25 AM
blindgamers14(roflgamer) used a shield 1-26-2021, 10:56:25 AM
blindgamers14(roflgamer) used a shield 1-26-2021, 10:56:26 AM
blindgamers14(roflgamer) used a shield 1-26-2021, 10:56:26 AM
blindgamers14(roflgamer) used a shield 1-26-2021, 10:56:26 AM
blindgamers14(roflgamer) used a shield 1-26-2021, 10:56:26 AM
blindgamers14(roflgamer) used a shield 1-26-2021, 10:56:26 AM
blindgamers14(roflgamer) used a shield 1-26-2021, 10:56:26 AM
blindgamers14(roflgamer) used a shield 1-26-2021, 10:56:27 AM
blindgamers14(roflgamer) used a shield 1-26-2021, 10:56:27 AM
blindgamers14(roflgamer) used a shield 1-26-2021, 10:56:27 AM
blindgamers14(roflgamer) used a shield 1-26-2021, 10:56:27 AM
blindgamers14(roflgamer) used a shield 1-26-2021, 10:56:27 AM
blindgamers14(roflgamer) used a shield 1-26-2021, 10:56:27 AM
blindgamers14(roflgamer) used a shield 1-26-2021, 10:56:28 AM
blindgamers14(roflgamer) used a shield 1-26-2021, 10:56:28 AM
blindgamers14(roflgamer) used a shield 1-26-2021, 10:56:28 AM
blindgamers14(roflgamer) used a shield 1-26-2021, 10:56:28 AM
blindgamers14(roflgamer) used a shield 1-26-2021, 10:56:28 AM
blindgamers14(roflgamer) used a shield 1-26-2021, 10:56:29 AM
blindgamers14(roflgamer) used a tk_ultra_health_potion 1-26-2021, 10:56:29 AM
blindgamers14(roflgamer) used a tk_ultra_health_potion 1-26-2021, 10:56:29 AM
blindgamers14(roflgamer) used a tk_ultra_health_potion 1-26-2021, 10:56:30 AM
blindgamers14(roflgamer) used a tk_ultra_health_potion 1-26-2021, 10:56:30 AM
blindgamers14(roflgamer) used a tk_ultra_health_potion 1-26-2021, 10:56:30 AM
blindgamers14(roflgamer) used a rocket_launcher 1-26-2021, 10:58:56 AM
blindgamers14(roflgamer) used a rocket_launcher 1-26-2021, 10:58:56 AM
blindgamers14(roflgamer) used a tk_ultra_health_potion 1-26-2021, 11:00:06 AM
blindgamers14(roflgamer) used a tk_ultra_health_potion 1-26-2021, 11:00:06 AM
blindgamers14(roflgamer) used a tk_ultra_health_potion 1-26-2021, 11:00:07 AM
blindgamers14(roflgamer) used a fire_extinguisher 1-26-2021, 11:00:26 AM
blindgamers14(roflgamer) used a tk_ultra_health_potion 1-26-2021, 11:00:44 AM
blindgamers14(roflgamer) used a tk_ultra_health_potion 1-26-2021, 11:00:44 AM
blindgamers14(roflgamer) used a armored_tank 1-26-2021, 11:01:52 AM
blindgamers14(roflgamer) used a armored_tank 1-26-2021, 11:01:52 AM
blindgamers14(roflgamer) used a armored_tank 1-26-2021, 11:01:52 AM
blindgamers14(roflgamer) used a suicide_bomb 1-26-2021, 11:02:36 AM
blindgamers14(roflgamer) used a suicide_bomb 1-26-2021, 11:02:37 AM
blindgamers14(roflgamer) used a suicide_bomb 1-26-2021, 11:02:37 AM
blindgamers14(roflgamer) used a suicide_bomb 1-26-2021, 11:02:37 AM
blindgamers14(roflgamer) used a suicide_bomb 1-26-2021, 11:02:37 AM
blindgamers14(roflgamer) used a suicide_bomb 1-26-2021, 11:02:37 AM
blindgamers14(roflgamer) used a suicide_bomb 1-26-2021, 11:02:38 AM
blindgamers14(roflgamer) used a suicide_bomb 1-26-2021, 11:02:38 AM
blindgamers14(roflgamer) used a tk_ultra_health_potion 1-26-2021, 11:03:32 AM
blindgamers14(roflgamer) used a tk_ultra_health_potion 1-26-2021, 11:03:33 AM
blindgamers14(roflgamer) used a tk_ultra_health_potion 1-26-2021, 11:03:33 AM
blindgamers14(roflgamer) used a tk_ultra_health_potion 1-26-2021, 11:03:33 AM
blindgamers14(roflgamer) used a tk_ultra_health_potion 1-26-2021, 11:04:43 AM
blindgamers14(roflgamer) used a tk_ultra_health_potion 1-26-2021, 11:04:43 AM
blindgamers14(roflgamer) used a tk_ultra_health_potion 1-26-2021, 11:05:33 AM
blindgamers14(roflgamer) used a armored_tank 1-26-2021, 11:08:14 AM
blindgamers14(roflgamer) used a armored_tank 1-26-2021, 11:08:14 AM
blindgamers14(roflgamer) used a armored_tank 1-26-2021, 11:08:15 AM
blindgamers14(roflgamer) used a armored_tank 1-26-2021, 11:08:16 AM
blindgamers14(roflgamer) used a armored_tank 1-26-2021, 11:08:16 AM
blindgamers14(roflgamer) used a armored_tank 1-26-2021, 11:08:16 AM
blindgamers14(roflgamer) used a armored_tank 1-26-2021, 11:08:16 AM
blindgamers14(roflgamer) used a armored_tank 1-26-2021, 11:08:17 AM
blindgamers14(roflgamer) used a armored_tank 1-26-2021, 11:08:17 AM
blindgamers14(roflgamer) used a armored_tank 1-26-2021, 11:08:17 AM
blindgamers14(roflgamer) used a metal 1-26-2021, 11:12:07 AM
blindgamers14(roflgamer) used a metal 1-26-2021, 11:12:07 AM
blindgamers14(roflgamer) used a metal_pack 1-26-2021, 11:12:10 AM
blindgamers14(roflgamer) used a metal_pack 1-26-2021, 11:12:10 AM
blindgamers14(roflgamer) used a metal_pack 1-26-2021, 11:12:10 AM
blindgamers14(roflgamer) used a metal_pack 1-26-2021, 11:12:10 AM
blindgamers14(roflgamer) used a metal_pack 1-26-2021, 11:12:10 AM
blindgamers14(roflgamer) used a metal_pack 1-26-2021, 11:12:10 AM
blindgamers14(roflgamer) used a metal_pack 1-26-2021, 11:12:10 AM
blindgamers14(roflgamer) used a metal_pack 1-26-2021, 11:12:10 AM
blindgamers14(roflgamer) used a metal_pack 1-26-2021, 11:12:11 AM
blindgamers14(roflgamer) used a metal_pack 1-26-2021, 11:12:11 AM
blindgamers14(roflgamer) used a metal_pack 1-26-2021, 11:12:11 AM
blindgamers14(roflgamer) used a metal_pack 1-26-2021, 11:12:11 AM
blindgamers14(roflgamer) used a metal_pack 1-26-2021, 11:12:11 AM
blindgamers14(roflgamer) used a metal_pack 1-26-2021, 11:12:11 AM
blindgamers14(roflgamer) used a metal_pack 1-26-2021, 11:12:11 AM
blindgamers14(roflgamer) used a metal_pack 1-26-2021, 11:12:11 AM
blindgamers14(roflgamer) used a metal_pack 1-26-2021, 11:12:11 AM
blindgamers14(roflgamer) used a metal_pack 1-26-2021, 11:12:12 AM
blindgamers14(roflgamer) used a metal_pack 1-26-2021, 11:12:12 AM
blindgamers14(roflgamer) used a metal_pack 1-26-2021, 11:12:12 AM
blindgamers14(roflgamer) used a metal_pack 1-26-2021, 11:12:12 AM
blindgamers14(roflgamer) used a metal_pack 1-26-2021, 11:12:12 AM
blindgamers14(roflgamer) used a metal_pack 1-26-2021, 11:12:12 AM
blindgamers14(roflgamer) used a metal_pack 1-26-2021, 11:12:12 AM
blindgamers14(roflgamer) used a metal_pack 1-26-2021, 11:12:12 AM
blindgamers14(roflgamer) used a metal_pack 1-26-2021, 11:12:12 AM
blindgamers14(roflgamer) used a metal_pack 1-26-2021, 11:12:12 AM
blindgamers14(roflgamer) used a metal_pack 1-26-2021, 11:12:12 AM
blindgamers14(roflgamer) used a metal_pack 1-26-2021, 11:12:12 AM
blindgamers14(roflgamer) used a metal_pack 1-26-2021, 11:12:13 AM
blindgamers14(roflgamer) used a metal_pack 1-26-2021, 11:12:13 AM
blindgamers14(roflgamer) used a metal_pack 1-26-2021, 11:12:13 AM
blindgamers14(roflgamer) used a metal_pack 1-26-2021, 11:12:13 AM
blindgamers14(roflgamer) used a metal_pack 1-26-2021, 11:12:13 AM
blindgamers14(roflgamer) used a metal_pack 1-26-2021, 11:12:13 AM
blindgamers14(roflgamer) used a metal_pack 1-26-2021, 11:12:13 AM
blindgamers14(roflgamer) used a metal_pack 1-26-2021, 11:12:13 AM
blindgamers14(roflgamer) used a metal_pack 1-26-2021, 11:12:13 AM
blindgamers14(roflgamer) used a metal_pack 1-26-2021, 11:12:14 AM
blindgamers14(roflgamer) used a metal_pack 1-26-2021, 11:12:14 AM
blindgamers14(roflgamer) used a metal_pack 1-26-2021, 11:12:14 AM
blindgamers14(roflgamer) used a metal_pack 1-26-2021, 11:12:14 AM
blindgamers14(roflgamer) used a metal_pack 1-26-2021, 11:12:14 AM
blindgamers14(roflgamer) used a metal_pack 1-26-2021, 11:12:14 AM
blindgamers14(roflgamer) used a metal_pack 1-26-2021, 11:12:14 AM
blindgamers14(roflgamer) used a metal_pack 1-26-2021, 11:12:15 AM
blindgamers14(roflgamer) used a metal_pack 1-26-2021, 11:12:15 AM
blindgamers14(roflgamer) used a metal_pack 1-26-2021, 11:12:15 AM
blindgamers14(roflgamer) used a metal_pack 1-26-2021, 11:12:15 AM
blindgamers14(roflgamer) used a metal_pack 1-26-2021, 11:12:15 AM
blindgamers14(roflgamer) used a metal_pack 1-26-2021, 11:12:15 AM
blindgamers14(roflgamer) used a metal_pack 1-26-2021, 11:12:17 AM
blindgamers14(roflgamer) used a metal_pack 1-26-2021, 11:12:18 AM
blindgamers14(roflgamer) used a metal_pack 1-26-2021, 11:12:18 AM
blindgamers14(roflgamer) used a metal_pack 1-26-2021, 11:12:18 AM
blindgamers14(roflgamer) used a metal_pack 1-26-2021, 11:12:18 AM
blindgamers14(roflgamer) used a metal_pack 1-26-2021, 11:12:18 AM
blindgamers14(roflgamer) used a metal_pack 1-26-2021, 11:12:18 AM
blindgamers14(roflgamer) used a metal_pack 1-26-2021, 11:12:18 AM
blindgamers14(roflgamer) used a metal_pack 1-26-2021, 11:12:19 AM
blindgamers14(roflgamer) used a metal_pack 1-26-2021, 11:12:19 AM
blindgamers14(roflgamer) used a metal_pack 1-26-2021, 11:12:19 AM
blindgamers14(roflgamer) used a metal_pack 1-26-2021, 11:12:19 AM
blindgamers14(roflgamer) used a metal_pack 1-26-2021, 11:12:19 AM
blindgamers14(roflgamer) used a metal_pack 1-26-2021, 11:12:19 AM
blindgamers14(roflgamer) used a metal_pack 1-26-2021, 11:12:20 AM
blindgamers14(roflgamer) used a metal_pack 1-26-2021, 11:12:20 AM
blindgamers14(roflgamer) used a metal_pack 1-26-2021, 11:12:20 AM
blindgamers14(roflgamer) used a metal_pack 1-26-2021, 11:12:20 AM
blindgamers14(roflgamer) used a metal_pack 1-26-2021, 11:12:20 AM
blindgamers14(roflgamer) used a metal_pack 1-26-2021, 11:12:20 AM
blindgamers14(roflgamer) used a metal_pack 1-26-2021, 11:12:28 AM
blindgamers14(roflgamer) used a metal_pack 1-26-2021, 11:12:28 AM
blindgamers14(roflgamer) used a metal_pack 1-26-2021, 11:12:28 AM
blindgamers14(roflgamer) used a metal_pack 1-26-2021, 11:12:28 AM
blindgamers14(roflgamer) used a metal_pack 1-26-2021, 11:12:29 AM
blindgamers14(roflgamer) used a metal_pack 1-26-2021, 11:12:29 AM
blindgamers14(roflgamer) used a metal_pack 1-26-2021, 11:12:29 AM
blindgamers14(roflgamer) used a metal_pack 1-26-2021, 11:12:29 AM
blindgamers14(roflgamer) used a metal_pack 1-26-2021, 11:12:29 AM
blindgamers14(roflgamer) used a metal_pack 1-26-2021, 11:12:29 AM
blindgamers14(roflgamer) used a metal_pack 1-26-2021, 11:12:29 AM
blindgamers14(roflgamer) used a metal_pack 1-26-2021, 11:12:29 AM
blindgamers14(roflgamer) used a metal_pack 1-26-2021, 11:12:32 AM
blindgamers14(roflgamer) used a metal_pack 1-26-2021, 11:12:32 AM
blindgamers14(roflgamer) used a metal_pack 1-26-2021, 11:12:32 AM
blindgamers14(roflgamer) used a metal_pack 1-26-2021, 11:12:32 AM
blindgamers14(roflgamer) used a metal_pack 1-26-2021, 11:12:32 AM
blindgamers14(roflgamer) used a metal_pack 1-26-2021, 11:12:33 AM
blindgamers14(roflgamer) used a metal_pack 1-26-2021, 11:12:33 AM
blindgamers14(roflgamer) used a metal_pack 1-26-2021, 11:12:33 AM
blindgamers14(roflgamer) used a metal_pack 1-26-2021, 11:12:33 AM
blindgamers14(roflgamer) used a metal_pack 1-26-2021, 11:12:33 AM
blindgamers14(roflgamer) used a metal_pack 1-26-2021, 11:12:33 AM
blindgamers14(roflgamer) used a metal_pack 1-26-2021, 11:12:34 AM
blindgamers14(roflgamer) used a metal_pack 1-26-2021, 11:12:34 AM
blindgamers14(roflgamer) used a metal_pack 1-26-2021, 11:12:34 AM
blindgamers14(roflgamer) used a metal_pack 1-26-2021, 11:12:34 AM
blindgamers14(roflgamer) used a metal_pack 1-26-2021, 11:12:34 AM
blindgamers14(roflgamer) used a metal_pack 1-26-2021, 11:12:41 AM
blindgamers14(roflgamer) used a metal_pack 1-26-2021, 11:12:41 AM
blindgamers14(roflgamer) used a metal_pack 1-26-2021, 11:12:41 AM
blindgamers14(roflgamer) used a metal_pack 1-26-2021, 11:12:41 AM
blindgamers14(roflgamer) used a metal_pack 1-26-2021, 11:12:42 AM
blindgamers14(roflgamer) used a metal_pack 1-26-2021, 11:12:42 AM
blindgamers14(roflgamer) used a metal_pack 1-26-2021, 11:12:42 AM
blindgamers14(roflgamer) used a metal_pack 1-26-2021, 11:12:42 AM
blindgamers14(roflgamer) used a metal_pack 1-26-2021, 11:12:42 AM
blindgamers14(roflgamer) used a metal_pack 1-26-2021, 11:12:42 AM
blindgamers14(roflgamer) used a metal_pack 1-26-2021, 11:12:42 AM
blindgamers14(roflgamer) used a metal_pack 1-26-2021, 11:12:43 AM
blindgamers14(roflgamer) used a metal_pack 1-26-2021, 11:12:43 AM
blindgamers14(roflgamer) used a metal_pack 1-26-2021, 11:12:43 AM
blindgamers14(roflgamer) used a metal_pack 1-26-2021, 11:12:43 AM
blindgamers14(roflgamer) used a metal_pack 1-26-2021, 11:12:43 AM
blindgamers14(roflgamer) used a metal_pack 1-26-2021, 11:12:43 AM
blindgamers14(roflgamer) used a metal_pack 1-26-2021, 11:12:43 AM
blindgamers14(roflgamer) used a metal_pack 1-26-2021, 11:12:43 AM
blindgamers14(roflgamer) used a metal_pack 1-26-2021, 11:12:44 AM
blindgamers14(roflgamer) used a metal_pack 1-26-2021, 11:12:44 AM
blindgamers14(roflgamer) used a metal_pack 1-26-2021, 11:12:44 AM
blindgamers14(roflgamer) used a metal_pack 1-26-2021, 11:12:44 AM
blindgamers14(roflgamer) used a metal_pack 1-26-2021, 11:12:44 AM
blindgamers14(roflgamer) used a metal_pack 1-26-2021, 11:12:57 AM
blindgamers14(roflgamer) used a metal_pack 1-26-2021, 11:12:57 AM
blindgamers14(roflgamer) used a metal_pack 1-26-2021, 11:12:57 AM
blindgamers14(roflgamer) used a metal_pack 1-26-2021, 11:12:58 AM
blindgamers14(roflgamer) used a metal_pack 1-26-2021, 11:12:58 AM
blindgamers14(roflgamer) used a metal_pack 1-26-2021, 11:12:58 AM
blindgamers14(roflgamer) used a metal_pack 1-26-2021, 11:12:58 AM
blindgamers14(roflgamer) used a metal_pack 1-26-2021, 11:12:58 AM
blindgamers14(roflgamer) used a metal_pack 1-26-2021, 11:12:58 AM
blindgamers14(roflgamer) used a metal_pack 1-26-2021, 11:12:58 AM
blindgamers14(roflgamer) used a metal_pack 1-26-2021, 11:12:58 AM
blindgamers14(roflgamer) used a metal_pack 1-26-2021, 11:12:59 AM
blindgamers14(roflgamer) used a metal_pack 1-26-2021, 11:12:59 AM
blindgamers14(roflgamer) used a metal_pack 1-26-2021, 11:12:59 AM
blindgamers14(roflgamer) used a metal_pack 1-26-2021, 11:12:59 AM
blindgamers14(roflgamer) used a metal_pack 1-26-2021, 11:12:59 AM
blindgamers14(roflgamer) used a metal_pack 1-26-2021, 11:12:59 AM
blindgamers14(roflgamer) used a metal_pack 1-26-2021, 11:12:59 AM
blindgamers14(roflgamer) used a metal_pack 1-26-2021, 11:12:59 AM
blindgamers14(roflgamer) used a metal_pack 1-26-2021, 11:13:00 AM
blindgamers14(roflgamer) used a metal_pack 1-26-2021, 11:13:00 AM
blindgamers14(roflgamer) used a metal_pack 1-26-2021, 11:13:00 AM
blindgamers14(roflgamer) used a metal_pack 1-26-2021, 11:13:00 AM
blindgamers14(roflgamer) used a metal_pack 1-26-2021, 11:13:00 AM
blindgamers14(roflgamer) used a metal_pack 1-26-2021, 11:13:00 AM
blindgamers14(roflgamer) used a metal_pack 1-26-2021, 11:13:00 AM
blindgamers14(roflgamer) used a metal_pack 1-26-2021, 11:13:00 AM
blindgamers14(roflgamer) used a metal_pack 1-26-2021, 11:13:00 AM
blindgamers14(roflgamer) used a metal_pack 1-26-2021, 11:13:00 AM
blindgamers14(roflgamer) used a metal_pack 1-26-2021, 11:13:01 AM
blindgamers14(roflgamer) used a metal_pack 1-26-2021, 11:13:01 AM
blindgamers14(roflgamer) used a metal_pack 1-26-2021, 11:13:01 AM
blindgamers14(roflgamer) used a metal_pack 1-26-2021, 11:13:01 AM
blindgamers14(roflgamer) used a metal_pack 1-26-2021, 11:13:01 AM
blindgamers14(roflgamer) used a metal_pack 1-26-2021, 11:13:01 AM
blindgamers14(roflgamer) used a metal_pack 1-26-2021, 11:13:02 AM
blindgamers14(roflgamer) used a metal_pack 1-26-2021, 11:13:02 AM
blindgamers14(roflgamer) used a metal_pack 1-26-2021, 11:13:02 AM
blindgamers14(roflgamer) used a metal_pack 1-26-2021, 11:13:02 AM
blindgamers14(roflgamer) used a metal_pack 1-26-2021, 11:13:02 AM
blindgamers14(roflgamer) used a metal_pack 1-26-2021, 11:13:02 AM
blindgamers14(roflgamer) used a metal_pack 1-26-2021, 11:13:02 AM
blindgamers14(roflgamer) used a metal_pack 1-26-2021, 11:13:02 AM
blindgamers14(roflgamer) used a metal_pack 1-26-2021, 11:13:02 AM
blindgamers14(roflgamer) used a helicopter 1-26-2021, 11:15:20 AM
blindgamers14(roflgamer) used a helicopter 1-26-2021, 11:15:20 AM
blindgamers14(roflgamer) used a helicopter 1-26-2021, 11:16:26 AM
blindgamers14(roflgamer) used a helicopter 1-26-2021, 11:16:26 AM
blindgamers14(roflgamer) used a helicopter 1-26-2021, 11:16:26 AM
blindgamers14(roflgamer) used a helicopter 1-26-2021, 11:17:11 AM
blindgamers14(roflgamer) used a helicopter 1-26-2021, 11:17:31 AM
blindgamers14(roflgamer) used a coin 1-26-2021, 11:18:14 AM
blindgamers14(roflgamer) used a coin 1-26-2021, 11:18:17 AM
blindgamers14(roflgamer) used a coin 1-26-2021, 11:18:18 AM
blindgamers14(roflgamer) used a coin 1-26-2021, 11:18:19 AM
blindgamers14(roflgamer) used a coin 1-26-2021, 11:18:20 AM
blindgamers14(roflgamer) used a helicopter 1-26-2021, 11:18:23 AM
blindgamers14(roflgamer) used a helicopter 1-26-2021, 11:18:25 AM
blindgamers14(roflgamer) used a helicopter 1-26-2021, 11:18:38 AM
blindgamers14(roflgamer) used a helicopter 1-26-2021, 11:18:38 AM
blindgamers14(roflgamer) used a helicopter 1-26-2021, 11:18:38 AM
blindgamers14(roflgamer) used a helicopter 1-26-2021, 11:19:50 AM
blindgamers14(roflgamer) used a helicopter 1-26-2021, 11:19:50 AM
blindgamers14(roflgamer) used a helicopter 1-26-2021, 11:20:53 AM
blindgamers14(roflgamer) used a helicopter 1-26-2021, 11:20:54 AM
blindgamers14(roflgamer) used a small_projectile 1-26-2021, 11:21:09 AM
blindgamers14(roflgamer) used a carrier_missile 1-26-2021, 11:21:24 AM
blindgamers14(roflgamer) used a carrier_missile 1-26-2021, 11:21:24 AM
blindgamers14(roflgamer) used a carrier_missile 1-26-2021, 11:21:40 AM
blindgamers14(roflgamer) used a carrier_missile 1-26-2021, 11:21:40 AM
blindgamers14(roflgamer) used a carrier_missile 1-26-2021, 11:21:40 AM
blindgamers14(roflgamer) used a helicopter 1-26-2021, 11:21:47 AM
blindgamers14(roflgamer) used a missile_interceptor 1-26-2021, 11:23:48 AM
blindgamers14(roflgamer) used a missile_interceptor 1-26-2021, 11:23:48 AM
blindgamers14(roflgamer) used a missile_interceptor 1-26-2021, 11:23:54 AM
blindgamers14(roflgamer) used a missile_interceptor 1-26-2021, 11:23:54 AM
blindgamers14(roflgamer) used a missile_interceptor 1-26-2021, 11:24:00 AM
blindgamers14(roflgamer) used a missile_interceptor 1-26-2021, 11:24:00 AM
blindgamers14(roflgamer) used a missile_interceptor 1-26-2021, 11:24:16 AM
blindgamers14(roflgamer) used a helicopter 1-26-2021, 11:24:42 AM
blindgamers14(roflgamer) used a helicopter 1-26-2021, 11:24:42 AM
blindgamers14(roflgamer) used a carrier_missile 1-26-2021, 11:24:57 AM
blindgamers14(roflgamer) used a pack_of_20_bomb_defuser 1-26-2021, 11:25:54 AM
blindgamers14(roflgamer) used a helicopter 1-26-2021, 11:26:47 AM
blindgamers14(roflgamer) used a invisibility_shield 1-26-2021, 11:27:10 AM
blindgamers14(roflgamer) used a turret 1-26-2021, 11:27:39 AM
blindgamers14(roflgamer) used a turret 1-26-2021, 11:27:50 AM
blindgamers14(roflgamer) used a turret 1-26-2021, 11:27:50 AM
blindgamers14(roflgamer) used a throwing_star 1-26-2021, 11:29:29 AM
blindgamers14(roflgamer) used a throwing_star 1-26-2021, 11:29:29 AM
blindgamers14(roflgamer) used a throwing_star 1-26-2021, 11:29:29 AM
blindgamers14(roflgamer) used a throwing_star 1-26-2021, 11:29:29 AM
blindgamers14(roflgamer) used a throwing_star 1-26-2021, 11:29:29 AM
blindgamers14(roflgamer) used a throwing_star 1-26-2021, 11:29:29 AM
blindgamers14(roflgamer) used a throwing_star 1-26-2021, 11:29:30 AM
blindgamers14(roflgamer) used a throwing_star 1-26-2021, 11:29:30 AM
blindgamers14(roflgamer) used a throwing_star 1-26-2021, 11:29:30 AM
blindgamers14(roflgamer) used a throwing_star 1-26-2021, 11:29:30 AM
blindgamers14(roflgamer) used a throwing_star 1-26-2021, 11:29:30 AM
blindgamers14(roflgamer) used a throwing_star 1-26-2021, 11:29:31 AM
blindgamers14(roflgamer) used a throwing_star 1-26-2021, 11:29:31 AM
blindgamers14(roflgamer) used a throwing_star 1-26-2021, 11:29:31 AM
blindgamers14(roflgamer) used a throwing_star 1-26-2021, 11:29:31 AM
blindgamers14(roflgamer) used a throwing_star 1-26-2021, 11:29:31 AM
blindgamers14(roflgamer) used a throwing_star 1-26-2021, 11:29:31 AM
blindgamers14(roflgamer) used a throwing_star 1-26-2021, 11:29:32 AM
blindgamers14(roflgamer) used a throwing_star 1-26-2021, 11:29:32 AM
blindgamers14(roflgamer) used a throwing_star 1-26-2021, 11:29:32 AM
blindgamers14(roflgamer) used a throwing_star 1-26-2021, 11:29:32 AM
blindgamers14(roflgamer) used a throwing_star 1-26-2021, 11:29:32 AM
blindgamers14(roflgamer) used a throwing_star 1-26-2021, 11:29:33 AM
blindgamers14(roflgamer) used a throwing_star 1-26-2021, 11:29:33 AM
blindgamers14(roflgamer) used a throwing_star 1-26-2021, 11:29:33 AM
blindgamers14(roflgamer) used a throwing_star 1-26-2021, 11:29:33 AM
blindgamers14(roflgamer) used a throwing_star 1-26-2021, 11:29:33 AM
blindgamers14(roflgamer) used a throwing_star 1-26-2021, 11:29:34 AM
blindgamers14(roflgamer) used a throwing_star 1-26-2021, 11:29:34 AM
blindgamers14(roflgamer) used a throwing_star 1-26-2021, 11:29:34 AM
blindgamers14(roflgamer) used a throwing_star 1-26-2021, 11:29:34 AM
blindgamers14(roflgamer) used a throwing_star 1-26-2021, 11:29:34 AM
blindgamers14(roflgamer) used a throwing_star 1-26-2021, 11:29:35 AM
blindgamers14(roflgamer) used a throwing_star 1-26-2021, 11:29:35 AM
blindgamers14(roflgamer) used a throwing_star 1-26-2021, 11:29:35 AM
blindgamers14(roflgamer) used a throwing_star 1-26-2021, 11:29:35 AM
blindgamers14(roflgamer) used a throwing_star 1-26-2021, 11:29:35 AM
blindgamers14(roflgamer) used a throwing_star 1-26-2021, 11:29:36 AM
blindgamers14(roflgamer) used a throwing_star 1-26-2021, 11:29:36 AM
blindgamers14(roflgamer) used a throwing_star 1-26-2021, 11:29:36 AM
blindgamers14(roflgamer) used a throwing_star 1-26-2021, 11:29:36 AM
blindgamers14(roflgamer) used a throwing_star 1-26-2021, 11:29:36 AM
blindgamers14(roflgamer) used a throwing_star 1-26-2021, 11:29:36 AM
blindgamers14(roflgamer) used a throwing_star 1-26-2021, 11:29:37 AM
blindgamers14(roflgamer) used a throwing_star 1-26-2021, 11:29:37 AM
blindgamers14(roflgamer) used a throwing_star 1-26-2021, 11:29:37 AM
blindgamers14(roflgamer) used a throwing_star 1-26-2021, 11:29:38 AM
blindgamers14(roflgamer) used a throwing_star 1-26-2021, 11:29:38 AM
blindgamers14(roflgamer) used a throwing_star 1-26-2021, 11:29:39 AM
blindgamers14(roflgamer) used a throwing_star 1-26-2021, 11:29:39 AM
blindgamers14(roflgamer) used a throwing_star 1-26-2021, 11:29:39 AM
blindgamers14(roflgamer) used a throwing_star 1-26-2021, 11:29:39 AM
blindgamers14(roflgamer) used a throwing_star 1-26-2021, 11:29:39 AM
blindgamers14(roflgamer) used a throwing_star 1-26-2021, 11:29:39 AM
blindgamers14(roflgamer) used a throwing_star 1-26-2021, 11:29:40 AM
blindgamers14(roflgamer) used a throwing_star 1-26-2021, 11:29:40 AM
blindgamers14(roflgamer) used a throwing_star 1-26-2021, 11:29:40 AM
blindgamers14(roflgamer) used a throwing_star 1-26-2021, 11:29:40 AM
blindgamers14(roflgamer) used a throwing_star 1-26-2021, 11:29:40 AM
blindgamers14(roflgamer) used a throwing_star 1-26-2021, 11:29:41 AM
blindgamers14(roflgamer) used a throwing_star 1-26-2021, 11:29:41 AM
blindgamers14(roflgamer) used a throwing_star 1-26-2021, 11:29:41 AM
blindgamers14(roflgamer) used a throwing_star 1-26-2021, 11:29:41 AM
blindgamers14(roflgamer) used a throwing_star 1-26-2021, 11:29:42 AM
blindgamers14(roflgamer) used a throwing_star 1-26-2021, 11:29:42 AM
blindgamers14(roflgamer) used a throwing_star 1-26-2021, 11:29:42 AM
blindgamers14(roflgamer) used a throwing_star 1-26-2021, 11:29:42 AM
blindgamers14(roflgamer) used a throwing_star 1-26-2021, 11:29:42 AM
blindgamers14(roflgamer) used a throwing_star 1-26-2021, 11:29:43 AM
blindgamers14(roflgamer) used a throwing_star 1-26-2021, 11:29:43 AM
blindgamers14(roflgamer) used a throwing_star 1-26-2021, 11:29:43 AM
blindgamers14(roflgamer) used a throwing_star 1-26-2021, 11:29:43 AM
blindgamers14(roflgamer) used a throwing_star 1-26-2021, 11:29:43 AM
blindgamers14(roflgamer) used a throwing_star 1-26-2021, 11:29:44 AM
blindgamers14(roflgamer) used a throwing_star 1-26-2021, 11:29:44 AM
blindgamers14(roflgamer) used a throwing_star 1-26-2021, 11:29:44 AM
blindgamers14(roflgamer) used a throwing_star 1-26-2021, 11:29:44 AM
blindgamers14(roflgamer) used a throwing_star 1-26-2021, 11:29:45 AM
blindgamers14(roflgamer) used a throwing_star 1-26-2021, 11:29:45 AM
blindgamers14(roflgamer) used a throwing_star 1-26-2021, 11:29:45 AM
blindgamers14(roflgamer) used a throwing_star 1-26-2021, 11:29:45 AM
blindgamers14(roflgamer) used a throwing_star 1-26-2021, 11:29:45 AM
blindgamers14(roflgamer) used a throwing_star 1-26-2021, 11:29:46 AM
blindgamers14(roflgamer) used a throwing_star 1-26-2021, 11:29:46 AM
blindgamers14(roflgamer) used a throwing_star 1-26-2021, 11:29:46 AM
blindgamers14(roflgamer) used a throwing_star 1-26-2021, 11:29:46 AM
blindgamers14(roflgamer) used a throwing_star 1-26-2021, 11:29:46 AM
blindgamers14(roflgamer) used a throwing_star 1-26-2021, 11:29:47 AM
blindgamers14(roflgamer) used a throwing_star 1-26-2021, 11:29:47 AM
blindgamers14(roflgamer) used a throwing_star 1-26-2021, 11:29:47 AM
blindgamers14(roflgamer) used a throwing_star 1-26-2021, 11:29:47 AM
blindgamers14(roflgamer) used a throwing_star 1-26-2021, 11:29:47 AM
blindgamers14(roflgamer) used a throwing_star 1-26-2021, 11:29:48 AM
blindgamers14(roflgamer) used a throwing_star 1-26-2021, 11:29:48 AM
blindgamers14(roflgamer) used a throwing_star 1-26-2021, 11:29:48 AM
blindgamers14(roflgamer) used a throwing_star 1-26-2021, 11:29:48 AM
blindgamers14(roflgamer) used a throwing_star 1-26-2021, 11:29:48 AM
blindgamers14(roflgamer) used a throwing_star 1-26-2021, 11:29:49 AM
blindgamers14(roflgamer) used a throwing_star 1-26-2021, 11:29:49 AM
blindgamers14(roflgamer) used a throwing_star 1-26-2021, 11:29:49 AM
blindgamers14(roflgamer) used a throwing_star 1-26-2021, 11:29:49 AM
blindgamers14(roflgamer) used a throwing_star 1-26-2021, 11:29:49 AM
blindgamers14(roflgamer) used a throwing_star 1-26-2021, 11:29:50 AM
blindgamers14(roflgamer) used a throwing_star 1-26-2021, 11:29:50 AM
blindgamers14(roflgamer) used a throwing_star 1-26-2021, 11:29:50 AM
blindgamers14(roflgamer) used a throwing_star 1-26-2021, 11:29:50 AM
blindgamers14(roflgamer) used a the_legendary_sword 1-26-2021, 11:30:07 AM
blindgamers14(roflgamer) used a helicopter 1-26-2021, 11:30:40 AM
blindgamers14(roflgamer) used a impact_bomb 1-26-2021, 11:30:57 AM
blindgamers14(roflgamer) used a impact_bomb 1-26-2021, 11:30:57 AM
blindgamers14(roflgamer) used a impact_bomb 1-26-2021, 11:30:58 AM
blindgamers14(roflgamer) used a impact_bomb 1-26-2021, 11:30:58 AM
blindgamers14(roflgamer) used a impact_bomb 1-26-2021, 11:30:59 AM
blindgamers14(roflgamer) used a impact_bomb 1-26-2021, 11:30:59 AM
blindgamers14(roflgamer) used a impact_bomb 1-26-2021, 11:30:59 AM
blindgamers14(roflgamer) used a impact_bomb 1-26-2021, 11:31:00 AM
blindgamers14(roflgamer) used a impact_bomb 1-26-2021, 11:31:00 AM
blindgamers14(roflgamer) used a impact_bomb 1-26-2021, 11:31:00 AM
blindgamers14(roflgamer) used a impact_bomb 1-26-2021, 11:31:01 AM
blindgamers14(roflgamer) used a impact_bomb 1-26-2021, 11:31:02 AM
blindgamers14(roflgamer) used a impact_bomb 1-26-2021, 11:31:02 AM
blindgamers14(roflgamer) used a impact_bomb 1-26-2021, 11:31:03 AM
blindgamers14(roflgamer) used a impact_bomb 1-26-2021, 11:31:03 AM
blindgamers14(roflgamer) used a impact_bomb 1-26-2021, 11:31:03 AM
blindgamers14(roflgamer) used a impact_bomb 1-26-2021, 11:31:04 AM
blindgamers14(roflgamer) used a impact_bomb 1-26-2021, 11:31:04 AM
blindgamers14(roflgamer) used a impact_bomb 1-26-2021, 11:31:04 AM
blindgamers14(roflgamer) used a impact_bomb 1-26-2021, 11:31:05 AM
blindgamers14(roflgamer) used a impact_bomb 1-26-2021, 11:31:05 AM
blindgamers14(roflgamer) used a impact_bomb 1-26-2021, 11:31:05 AM
blindgamers14(roflgamer) used a impact_bomb 1-26-2021, 11:31:06 AM
blindgamers14(roflgamer) used a impact_bomb 1-26-2021, 11:31:06 AM
blindgamers14(roflgamer) used a impact_bomb 1-26-2021, 11:31:06 AM
blindgamers14(roflgamer) used a impact_bomb 1-26-2021, 11:31:07 AM
blindgamers14(roflgamer) used a impact_bomb 1-26-2021, 11:31:07 AM
blindgamers14(roflgamer) used a impact_bomb 1-26-2021, 11:31:08 AM
blindgamers14(roflgamer) used a impact_bomb 1-26-2021, 11:31:08 AM
blindgamers14(roflgamer) used a impact_bomb 1-26-2021, 11:31:08 AM
blindgamers14(roflgamer) used a impact_bomb 1-26-2021, 11:31:08 AM
blindgamers14(roflgamer) used a impact_bomb 1-26-2021, 11:31:15 AM
blindgamers14(roflgamer) used a impact_bomb 1-26-2021, 11:31:16 AM
blindgamers14(roflgamer) used a impact_bomb 1-26-2021, 11:31:16 AM
blindgamers14(roflgamer) used a impact_bomb 1-26-2021, 11:31:28 AM
blindgamers14(roflgamer) used a impact_bomb 1-26-2021, 11:31:28 AM
blindgamers14(roflgamer) used a bullet_bomb 1-26-2021, 11:31:42 AM
blindgamers14(roflgamer) used a bullet_bomb 1-26-2021, 11:31:42 AM
blindgamers14(roflgamer) used a bullet_bomb 1-26-2021, 11:31:58 AM
blindgamers14(roflgamer) used a bullet_bomb 1-26-2021, 11:31:58 AM
blindgamers14(roflgamer) used a bullet_bomb 1-26-2021, 11:32:12 AM
blindgamers14(roflgamer) used a bullet_bomb 1-26-2021, 11:32:12 AM
blindgamers14(roflgamer) used a bullet_bomb 1-26-2021, 11:32:12 AM
blindgamers14(roflgamer) used a bullet_bomb 1-26-2021, 11:32:27 AM
blindgamers14(roflgamer) used a bullet_bomb 1-26-2021, 11:32:27 AM
blindgamers14(roflgamer) used a bullet_bomb 1-26-2021, 11:32:27 AM
blindgamers14(roflgamer) used a bullet_bomb 1-26-2021, 11:32:42 AM
blindgamers14(roflgamer) used a bullet_bomb 1-26-2021, 11:32:42 AM
blindgamers14(roflgamer) used a bullet_bomb 1-26-2021, 11:32:53 AM
blindgamers14(roflgamer) used a bullet_bomb 1-26-2021, 11:32:54 AM
blindgamers14(roflgamer) used a bullet_bomb 1-26-2021, 11:32:54 AM
blindgamers14(roflgamer) used a health_drink 1-26-2021, 11:33:13 AM
blindgamers14(roflgamer) used a health_drink 1-26-2021, 11:33:13 AM
blindgamers14(roflgamer) used a health_drink 1-26-2021, 11:33:14 AM
blindgamers14(roflgamer) used a health_drink 1-26-2021, 11:33:14 AM
blindgamers14(roflgamer) used a concussive_grenade 1-26-2021, 11:33:34 AM
blindgamers14(roflgamer) used a concussive_grenade 1-26-2021, 11:33:34 AM
blindgamers14(roflgamer) used a concussive_grenade 1-26-2021, 11:33:34 AM
blindgamers14(roflgamer) used a health_drink 1-26-2021, 11:33:35 AM
blindgamers14(roflgamer) used a robot 1-26-2021, 11:53:35 AM
blindgamers14(roflgamer) used a wood_pack 1-26-2021, 12:22:00 PM
blindgamers14(roflgamer) used a wood 1-26-2021, 12:22:04 PM
blindgamers14(roflgamer) used a wood 1-26-2021, 12:23:04 PM
blindgamers14(roflgamer) used a wood 1-26-2021, 12:23:10 PM
blindgamers14(roflgamer) used a wood 1-26-2021, 12:23:11 PM
blindgamers14(roflgamer) used a coin 1-26-2021, 12:27:30 PM
blindgamers14(roflgamer) used a coin 1-26-2021, 12:34:33 PM
blindgamers14(roflgamer) used a coin 1-26-2021, 12:34:34 PM
blindgamers14(roflgamer) used a coin 1-26-2021, 12:34:35 PM
blindgamers14(roflgamer) used a coin 1-26-2021, 12:34:36 PM
blindgamers14(roflgamer) used a coin 1-26-2021, 12:34:36 PM
blindgamers14(roflgamer) used a shipment_kgygl7y 1-26-2021, 12:36:24 PM
blindgamers14(roflgamer) used a fuel_tank 1-26-2021, 12:36:49 PM
blindgamers14(roflgamer) used a fuel_tank 1-26-2021, 12:36:49 PM
blindgamers14(roflgamer) used a fuel_tank 1-26-2021, 12:36:50 PM
blindgamers14(roflgamer) used a fuel_tank 1-26-2021, 12:36:52 PM
blindgamers14(roflgamer) used a fuel_tank 1-26-2021, 12:36:52 PM
blindgamers14(roflgamer) used a fuel_tank 1-26-2021, 12:36:52 PM
blindgamers14(roflgamer) used a fuel_tank 1-26-2021, 12:36:53 PM
blindgamers14(roflgamer) used a fuel_tank 1-26-2021, 12:36:53 PM
blindgamers14(roflgamer) used a fuel_tank 1-26-2021, 12:36:54 PM
blindgamers14(roflgamer) used a fuel_tank 1-26-2021, 12:36:55 PM
blindgamers14(roflgamer) used a fuel_tank 1-26-2021, 12:36:55 PM
blindgamers14(roflgamer) used a fuel_tank 1-26-2021, 12:36:56 PM
blindgamers14(roflgamer) used a fuel_tank 1-26-2021, 12:36:56 PM
blindgamers14(roflgamer) used a fuel_tank 1-26-2021, 12:36:57 PM
blindgamers14(roflgamer) used a fuel_tank 1-26-2021, 12:36:57 PM
blindgamers14(roflgamer) used a fuel_tank 1-26-2021, 12:36:58 PM
blindgamers14(roflgamer) used a fuel_tank 1-26-2021, 12:36:58 PM
blindgamers14(roflgamer) used a fuel_tank 1-26-2021, 12:36:59 PM
blindgamers14(roflgamer) used a fuel_tank 1-26-2021, 12:36:59 PM
blindgamers14(roflgamer) used a fuel_tank 1-26-2021, 12:36:59 PM
blindgamers14(roflgamer) used a fuel_tank 1-26-2021, 12:37:00 PM
blindgamers14(roflgamer) used a fuel_tank 1-26-2021, 12:37:05 PM
blindgamers14(roflgamer) used a fuel_tank 1-26-2021, 12:37:06 PM
blindgamers14(roflgamer) used a fuel_tank 1-26-2021, 12:37:06 PM
blindgamers14(roflgamer) used a fuel_tank 1-26-2021, 12:37:06 PM
blindgamers14(roflgamer) used a fuel_tank 1-26-2021, 12:37:07 PM
blindgamers14(roflgamer) used a fuel_tank 1-26-2021, 12:37:07 PM
blindgamers14(roflgamer) used a fuel_tank 1-26-2021, 12:37:07 PM
blindgamers14(roflgamer) used a fuel_tank 1-26-2021, 12:37:08 PM
blindgamers14(roflgamer) used a fuel_tank 1-26-2021, 12:37:08 PM
blindgamers14(roflgamer) used a fuel_tank 1-26-2021, 12:37:09 PM
blindgamers14(roflgamer) used a fuel_tank 1-26-2021, 12:37:09 PM
blindgamers14(roflgamer) used a fuel_tank 1-26-2021, 12:37:09 PM
blindgamers14(roflgamer) used a fuel_tank 1-26-2021, 12:37:10 PM
blindgamers14(roflgamer) used a fuel_tank 1-26-2021, 12:37:10 PM
blindgamers14(roflgamer) used a fuel_tank 1-26-2021, 12:37:11 PM
blindgamers14(roflgamer) used a fuel_tank 1-26-2021, 12:37:11 PM
blindgamers14(roflgamer) used a fuel_tank 1-26-2021, 12:37:11 PM
blindgamers14(roflgamer) used a fuel_tank 1-26-2021, 12:37:12 PM
blindgamers14(roflgamer) used a fuel_tank 1-26-2021, 12:37:12 PM
blindgamers14(roflgamer) used a fuel_tank 1-26-2021, 12:37:13 PM
blindgamers14(roflgamer) used a fuel_tank 1-26-2021, 12:37:13 PM
blindgamers14(roflgamer) used a fuel_tank 1-26-2021, 12:37:14 PM
blindgamers14(roflgamer) used a fuel_tank 1-26-2021, 12:37:14 PM
blindgamers14(roflgamer) used a fuel_tank 1-26-2021, 12:37:14 PM
blindgamers14(roflgamer) used a fuel_tank 1-26-2021, 12:37:15 PM
blindgamers14(roflgamer) used a fuel_tank 1-26-2021, 12:37:15 PM
blindgamers14(roflgamer) used a fuel_tank 1-26-2021, 12:37:16 PM
blindgamers14(roflgamer) used a fuel_tank 1-26-2021, 12:37:16 PM
blindgamers14(roflgamer) used a fuel_tank 1-26-2021, 12:37:16 PM
blindgamers14(roflgamer) used a fuel_tank 1-26-2021, 12:37:17 PM
blindgamers14(roflgamer) used a fuel_tank 1-26-2021, 12:37:17 PM
blindgamers14(roflgamer) used a fuel_tank 1-26-2021, 12:37:18 PM
blindgamers14(roflgamer) used a fuel_tank 1-26-2021, 12:37:18 PM
blindgamers14(roflgamer) used a fuel_tank 1-26-2021, 12:37:18 PM
blindgamers14(roflgamer) used a fuel_tank 1-26-2021, 12:37:19 PM
blindgamers14(roflgamer) used a fuel_tank 1-26-2021, 12:37:19 PM
blindgamers14(roflgamer) used a fuel_tank 1-26-2021, 12:37:20 PM
blindgamers14(roflgamer) used a fuel_tank 1-26-2021, 12:37:20 PM
blindgamers14(roflgamer) used a fuel_tank 1-26-2021, 12:37:20 PM
blindgamers14(roflgamer) used a fuel_tank 1-26-2021, 12:37:21 PM
blindgamers14(roflgamer) used a fuel_tank 1-26-2021, 12:37:21 PM
blindgamers14(roflgamer) used a fuel_tank 1-26-2021, 12:37:21 PM
blindgamers14(roflgamer) used a fuel_tank 1-26-2021, 12:37:21 PM
blindgamers14(roflgamer) used a fuel_tank 1-26-2021, 12:37:22 PM
blindgamers14(roflgamer) used a fuel_tank 1-26-2021, 12:37:22 PM
blindgamers14(roflgamer) used a fuel_tank 1-26-2021, 12:37:23 PM
blindgamers14(roflgamer) used a fuel_tank 1-26-2021, 12:37:23 PM
blindgamers14(roflgamer) used a fuel_tank 1-26-2021, 12:37:23 PM
blindgamers14(roflgamer) used a fuel_tank 1-26-2021, 12:37:24 PM
blindgamers14(roflgamer) used a fuel_tank 1-26-2021, 12:37:24 PM
blindgamers14(roflgamer) used a fuel_tank 1-26-2021, 12:37:24 PM
blindgamers14(roflgamer) used a fuel_tank 1-26-2021, 12:37:25 PM
blindgamers14(roflgamer) used a fuel_tank 1-26-2021, 12:37:25 PM
blindgamers14(roflgamer) used a fuel_tank 1-26-2021, 12:37:26 PM
blindgamers14(roflgamer) used a fuel_tank 1-26-2021, 12:37:26 PM
blindgamers14(roflgamer) used a fuel_tank 1-26-2021, 12:37:27 PM
blindgamers14(roflgamer) used a fuel_tank 1-26-2021, 12:37:27 PM
blindgamers14(roflgamer) used a fuel_tank 1-26-2021, 12:37:27 PM
blindgamers14(roflgamer) used a fuel_tank 1-26-2021, 12:37:28 PM
blindgamers14(roflgamer) used a fuel_tank 1-26-2021, 12:37:28 PM
blindgamers14(roflgamer) used a fuel_tank 1-26-2021, 12:37:28 PM
blindgamers14(roflgamer) used a fuel_tank 1-26-2021, 12:37:29 PM
blindgamers14(roflgamer) used a fuel_tank 1-26-2021, 12:37:29 PM
blindgamers14(roflgamer) used a fuel_tank 1-26-2021, 12:37:30 PM
blindgamers14(roflgamer) used a fuel_tank 1-26-2021, 12:37:30 PM
blindgamers14(roflgamer) used a fuel_tank 1-26-2021, 12:37:30 PM
blindgamers14(roflgamer) used a fuel_tank 1-26-2021, 12:37:31 PM
blindgamers14(roflgamer) used a fuel_tank 1-26-2021, 12:37:31 PM
blindgamers14(roflgamer) used a fuel_tank 1-26-2021, 12:37:32 PM
blindgamers14(roflgamer) used a fuel_tank 1-26-2021, 12:37:32 PM
blindgamers14(roflgamer) used a fuel_tank 1-26-2021, 12:37:32 PM
blindgamers14(roflgamer) used a fuel_tank 1-26-2021, 12:37:33 PM
blindgamers14(roflgamer) used a fuel_tank 1-26-2021, 12:37:33 PM
blindgamers14(roflgamer) used a fuel_tank 1-26-2021, 12:37:34 PM
blindgamers14(roflgamer) used a fuel_tank 1-26-2021, 12:37:34 PM
blindgamers14(roflgamer) used a fuel_tank 1-26-2021, 12:37:35 PM
blindgamers14(roflgamer) used a fuel_tank 1-26-2021, 12:37:35 PM
blindgamers14(roflgamer) used a fuel_tank 1-26-2021, 12:37:35 PM
blindgamers14(roflgamer) used a fuel_tank 1-26-2021, 12:37:36 PM
blindgamers14(roflgamer) used a fuel_tank 1-26-2021, 12:37:36 PM
blindgamers14(roflgamer) used a fuel_tank 1-26-2021, 12:37:36 PM
blindgamers14(roflgamer) used a fuel_tank 1-26-2021, 12:37:45 PM
blindgamers14(roflgamer) used a fuel_tank 1-26-2021, 12:37:45 PM
blindgamers14(roflgamer) used a fuel_tank 1-26-2021, 12:37:45 PM
blindgamers14(roflgamer) used a fuel_tank 1-26-2021, 12:37:46 PM
blindgamers14(roflgamer) used a fuel_tank 1-26-2021, 12:37:46 PM
blindgamers14(roflgamer) used a fuel_tank 1-26-2021, 12:37:47 PM
blindgamers14(roflgamer) used a fuel_tank 1-26-2021, 12:37:47 PM
blindgamers14(roflgamer) used a fuel_tank 1-26-2021, 12:37:47 PM
blindgamers14(roflgamer) used a fuel_tank 1-26-2021, 12:37:48 PM
blindgamers14(roflgamer) used a fuel_tank 1-26-2021, 12:37:48 PM
blindgamers14(roflgamer) used a fuel_tank 1-26-2021, 12:37:48 PM
blindgamers14(roflgamer) used a fuel_tank 1-26-2021, 12:37:49 PM
blindgamers14(roflgamer) used a fuel_tank 1-26-2021, 12:37:49 PM
blindgamers14(roflgamer) used a fuel_tank 1-26-2021, 12:37:49 PM
blindgamers14(roflgamer) used a fuel_tank 1-26-2021, 12:37:50 PM
blindgamers14(roflgamer) used a fuel_tank 1-26-2021, 12:37:50 PM
blindgamers14(roflgamer) used a fuel_tank 1-26-2021, 12:37:51 PM
blindgamers14(roflgamer) used a fuel_tank 1-26-2021, 12:37:51 PM
blindgamers14(roflgamer) used a fuel_tank 1-26-2021, 12:37:52 PM
blindgamers14(roflgamer) used a fuel_tank 1-26-2021, 12:37:52 PM
blindgamers14(roflgamer) used a fuel_tank 1-26-2021, 12:37:52 PM
blindgamers14(roflgamer) used a fuel_tank 1-26-2021, 12:37:53 PM
blindgamers14(roflgamer) used a fuel_tank 1-26-2021, 12:37:53 PM
blindgamers14(roflgamer) used a fuel_tank 1-26-2021, 12:37:53 PM
blindgamers14(roflgamer) used a fuel_tank 1-26-2021, 12:37:54 PM
blindgamers14(roflgamer) used a fuel_tank 1-26-2021, 12:37:54 PM
blindgamers14(roflgamer) used a fuel_tank 1-26-2021, 12:37:55 PM
blindgamers14(roflgamer) used a fuel_tank 1-26-2021, 12:37:55 PM
blindgamers14(roflgamer) used a fuel_tank 1-26-2021, 12:37:56 PM
blindgamers14(roflgamer) used a fuel_tank 1-26-2021, 12:37:56 PM
blindgamers14(roflgamer) used a fuel_tank 1-26-2021, 12:37:57 PM
blindgamers14(roflgamer) used a fuel_tank 1-26-2021, 12:37:57 PM
blindgamers14(roflgamer) used a fuel_tank 1-26-2021, 12:37:57 PM
blindgamers14(roflgamer) used a fuel_tank 1-26-2021, 12:37:58 PM
blindgamers14(roflgamer) used a fuel_tank 1-26-2021, 12:37:58 PM
blindgamers14(roflgamer) used a fuel_tank 1-26-2021, 12:37:59 PM
blindgamers14(roflgamer) used a fuel_tank 1-26-2021, 12:37:59 PM
blindgamers14(roflgamer) used a fuel_tank 1-26-2021, 12:38:00 PM
blindgamers14(roflgamer) used a fuel_tank 1-26-2021, 12:38:00 PM
blindgamers14(roflgamer) used a fuel_tank 1-26-2021, 12:38:00 PM
blindgamers14(roflgamer) used a fuel_tank 1-26-2021, 12:38:01 PM
blindgamers14(roflgamer) used a fuel_tank 1-26-2021, 12:38:01 PM
blindgamers14(roflgamer) used a fuel_tank 1-26-2021, 12:38:04 PM
blindgamers14(roflgamer) used a fuel_tank 1-26-2021, 12:38:05 PM
blindgamers14(roflgamer) used a fuel_tank 1-26-2021, 12:38:05 PM
blindgamers14(roflgamer) used a fuel_tank 1-26-2021, 12:38:05 PM
blindgamers14(roflgamer) used a fuel_tank 1-26-2021, 12:38:06 PM
blindgamers14(roflgamer) used a fuel_tank 1-26-2021, 12:38:06 PM
blindgamers14(roflgamer) used a fuel_tank 1-26-2021, 12:38:06 PM
blindgamers14(roflgamer) used a fuel_tank 1-26-2021, 12:38:07 PM
blindgamers14(roflgamer) used a fuel_tank 1-26-2021, 12:38:07 PM
blindgamers14(roflgamer) used a fuel_tank 1-26-2021, 12:38:07 PM
blindgamers14(roflgamer) used a fuel_tank 1-26-2021, 12:38:08 PM
blindgamers14(roflgamer) used a fuel_tank 1-26-2021, 12:38:08 PM
blindgamers14(roflgamer) used a fuel_tank 1-26-2021, 12:38:09 PM
blindgamers14(roflgamer) used a fuel_tank 1-26-2021, 12:38:09 PM
blindgamers14(roflgamer) used a fuel_tank 1-26-2021, 12:38:09 PM
blindgamers14(roflgamer) used a fuel_tank 1-26-2021, 12:38:10 PM
blindgamers14(roflgamer) used a fuel_tank 1-26-2021, 12:38:10 PM
blindgamers14(roflgamer) used a fuel_tank 1-26-2021, 12:38:11 PM
blindgamers14(roflgamer) used a fuel_tank 1-26-2021, 12:38:20 PM
blindgamers14(roflgamer) used a fuel_tank 1-26-2021, 12:38:20 PM
blindgamers14(roflgamer) used a fuel_tank 1-26-2021, 12:38:20 PM
blindgamers14(roflgamer) used a fuel_tank 1-26-2021, 12:38:21 PM
blindgamers14(roflgamer) used a fuel_tank 1-26-2021, 12:38:21 PM
blindgamers14(roflgamer) used a fuel_tank 1-26-2021, 12:38:22 PM
blindgamers14(roflgamer) used a fuel_tank 1-26-2021, 12:38:22 PM
blindgamers14(roflgamer) used a fuel_tank 1-26-2021, 12:38:23 PM
blindgamers14(roflgamer) used a fuel_tank 1-26-2021, 12:38:23 PM
blindgamers14(roflgamer) used a fuel_tank 1-26-2021, 12:38:23 PM
blindgamers14(roflgamer) used a fuel_tank 1-26-2021, 12:38:24 PM
blindgamers14(roflgamer) used a fuel_tank 1-26-2021, 12:38:24 PM
blindgamers14(roflgamer) used a fuel_tank 1-26-2021, 12:38:29 PM
blindgamers14(roflgamer) used a fuel_tank 1-26-2021, 12:38:30 PM
blindgamers14(roflgamer) used a fuel_tank 1-26-2021, 12:38:30 PM
blindgamers14(roflgamer) used a fuel_tank 1-26-2021, 12:38:30 PM
blindgamers14(roflgamer) used a fuel_tank 1-26-2021, 12:38:31 PM
blindgamers14(roflgamer) used a fuel_tank 1-26-2021, 12:38:31 PM
blindgamers14(roflgamer) used a fuel_tank 1-26-2021, 12:38:32 PM
blindgamers14(roflgamer) used a fuel_tank 1-26-2021, 12:38:32 PM
blindgamers14(roflgamer) used a fuel_tank 1-26-2021, 12:38:32 PM
blindgamers14(roflgamer) used a fuel_tank 1-26-2021, 12:38:33 PM
blindgamers14(roflgamer) used a fuel_tank 1-26-2021, 12:38:33 PM
blindgamers14(roflgamer) used a fuel_tank 1-26-2021, 12:38:34 PM
blindgamers14(roflgamer) used a fuel_tank 1-26-2021, 12:38:34 PM
blindgamers14(roflgamer) used a fuel_tank 1-26-2021, 12:38:34 PM
blindgamers14(roflgamer) used a fuel_tank 1-26-2021, 12:38:35 PM
blindgamers14(roflgamer) used a fuel_tank 1-26-2021, 12:38:35 PM
blindgamers14(roflgamer) used a fuel_tank 1-26-2021, 12:38:36 PM
blindgamers14(roflgamer) used a fuel_tank 1-26-2021, 12:38:36 PM
blindgamers14(roflgamer) used a fuel_tank 1-26-2021, 12:38:36 PM
blindgamers14(roflgamer) used a fuel_tank 1-26-2021, 12:38:37 PM
blindgamers14(roflgamer) used a fuel_tank 1-26-2021, 12:38:37 PM
blindgamers14(roflgamer) used a fuel_tank 1-26-2021, 12:38:38 PM
blindgamers14(roflgamer) used a fuel_tank 1-26-2021, 12:38:38 PM
blindgamers14(roflgamer) used a fuel_tank 1-26-2021, 12:38:39 PM
blindgamers14(roflgamer) used a fuel_tank 1-26-2021, 12:38:39 PM
blindgamers14(roflgamer) used a fuel_tank 1-26-2021, 12:38:39 PM
blindgamers14(roflgamer) used a fuel_tank 1-26-2021, 12:38:40 PM
blindgamers14(roflgamer) used a fuel_tank 1-26-2021, 12:38:40 PM
blindgamers14(roflgamer) used a fuel_tank 1-26-2021, 12:38:40 PM
blindgamers14(roflgamer) used a fuel_tank 1-26-2021, 12:38:41 PM
blindgamers14(roflgamer) used a fuel_tank 1-26-2021, 12:38:41 PM
blindgamers14(roflgamer) used a fuel_tank 1-26-2021, 12:38:42 PM
blindgamers14(roflgamer) used a fuel_tank 1-26-2021, 12:38:42 PM
blindgamers14(roflgamer) used a fuel_tank 1-26-2021, 12:38:42 PM
blindgamers14(roflgamer) used a fuel_tank 1-26-2021, 12:38:43 PM
blindgamers14(roflgamer) used a fuel_tank 1-26-2021, 12:38:43 PM
blindgamers14(roflgamer) used a fuel_tank 1-26-2021, 12:38:44 PM
blindgamers14(roflgamer) used a fuel_tank 1-26-2021, 12:38:44 PM
blindgamers14(roflgamer) used a fuel_tank 1-26-2021, 12:38:44 PM
blindgamers14(roflgamer) used a fuel_tank 1-26-2021, 12:38:45 PM
blindgamers14(roflgamer) used a fuel_tank 1-26-2021, 12:38:45 PM
blindgamers14(roflgamer) used a fuel_tank 1-26-2021, 12:38:46 PM
blindgamers14(roflgamer) used a fuel_tank 1-26-2021, 12:38:46 PM
blindgamers14(roflgamer) used a fuel_tank 1-26-2021, 12:38:46 PM
blindgamers14(roflgamer) used a fuel_tank 1-26-2021, 12:38:47 PM
blindgamers14(roflgamer) used a fuel_tank 1-26-2021, 12:38:47 PM
blindgamers14(roflgamer) used a fuel_tank 1-26-2021, 12:38:48 PM
blindgamers14(roflgamer) used a fuel_tank 1-26-2021, 12:38:48 PM
blindgamers14(roflgamer) used a fuel_tank 1-26-2021, 12:38:49 PM
blindgamers14(roflgamer) used a fuel_tank 1-26-2021, 12:38:49 PM
blindgamers14(roflgamer) used a fuel_tank 1-26-2021, 12:38:49 PM
blindgamers14(roflgamer) used a fuel_tank 1-26-2021, 12:38:50 PM
blindgamers14(roflgamer) used a fuel_tank 1-26-2021, 12:38:50 PM
blindgamers14(roflgamer) used a fuel_tank 1-26-2021, 12:38:51 PM
blindgamers14(roflgamer) used a fuel_tank 1-26-2021, 12:38:58 PM
blindgamers14(roflgamer) used a fuel_tank 1-26-2021, 12:39:02 PM
blindgamers14(roflgamer) used a fuel_tank 1-26-2021, 12:39:02 PM
blindgamers14(roflgamer) used a fuel_tank 1-26-2021, 12:39:03 PM
blindgamers14(roflgamer) used a fuel_tank 1-26-2021, 12:39:03 PM
blindgamers14(roflgamer) used a fuel_tank 1-26-2021, 12:39:04 PM
blindgamers14(roflgamer) used a fuel_tank 1-26-2021, 12:39:04 PM
blindgamers14(roflgamer) used a fuel_tank 1-26-2021, 12:39:13 PM
blindgamers14(roflgamer) used a fuel_tank 1-26-2021, 12:41:02 PM
blindgamers14(roflgamer) used a fuel_tank 1-26-2021, 12:41:03 PM
blindgamers14(roflgamer) used a fuel_tank 1-26-2021, 12:41:03 PM
blindgamers14(roflgamer) used a fuel_tank 1-26-2021, 12:41:03 PM
blindgamers14(roflgamer) used a fuel_tank 1-26-2021, 12:41:04 PM
blindgamers14(roflgamer) used a fuel_tank 1-26-2021, 12:41:04 PM
blindgamers14(roflgamer) used a fuel_tank 1-26-2021, 12:41:04 PM
blindgamers14(roflgamer) used a fuel_tank 1-26-2021, 12:41:05 PM
blindgamers14(roflgamer) used a fuel_tank 1-26-2021, 12:41:05 PM
blindgamers14(roflgamer) used a fuel_tank 1-26-2021, 12:41:05 PM
blindgamers14(roflgamer) used a fuel_tank 1-26-2021, 12:41:06 PM
blindgamers14(roflgamer) used a fuel_tank 1-26-2021, 12:41:06 PM
blindgamers14(roflgamer) used a fuel_tank 1-26-2021, 12:41:07 PM
blindgamers14(roflgamer) used a fuel_tank 1-26-2021, 12:41:07 PM
blindgamers14(roflgamer) used a fuel_tank 1-26-2021, 12:41:07 PM
blindgamers14(roflgamer) used a fuel_tank 1-26-2021, 12:41:08 PM
blindgamers14(roflgamer) used a fuel_tank 1-26-2021, 12:41:08 PM
blindgamers14(roflgamer) used a fuel_tank 1-26-2021, 12:41:09 PM
blindgamers14(roflgamer) used a fuel_tank 1-26-2021, 12:41:09 PM
blindgamers14(roflgamer) used a fuel_tank 1-26-2021, 12:41:10 PM
blindgamers14(roflgamer) used a fuel_tank 1-26-2021, 12:41:10 PM
blindgamers14(roflgamer) used a fuel_tank 1-26-2021, 12:41:11 PM
blindgamers14(roflgamer) used a fuel_tank 1-26-2021, 12:41:12 PM
blindgamers14(roflgamer) used a fuel_tank 1-26-2021, 12:41:12 PM
blindgamers14(roflgamer) used a fuel_tank 1-26-2021, 12:41:12 PM
blindgamers14(roflgamer) used a fuel_tank 1-26-2021, 12:41:13 PM
blindgamers14(roflgamer) used a fuel_tank 1-26-2021, 12:41:13 PM
blindgamers14(roflgamer) used a fuel_tank 1-26-2021, 12:41:14 PM
blindgamers14(roflgamer) used a fuel_tank 1-26-2021, 12:41:14 PM
blindgamers14(roflgamer) used a fuel_tank 1-26-2021, 12:41:14 PM
blindgamers14(roflgamer) used a fuel_tank 1-26-2021, 12:41:15 PM
blindgamers14(roflgamer) used a fuel_tank 1-26-2021, 12:41:15 PM
blindgamers14(roflgamer) used a fuel_tank 1-26-2021, 12:41:16 PM
blindgamers14(roflgamer) used a fuel_tank 1-26-2021, 12:41:16 PM
blindgamers14(roflgamer) used a fuel_tank 1-26-2021, 12:41:16 PM
blindgamers14(roflgamer) used a fuel_tank 1-26-2021, 12:41:17 PM
blindgamers14(roflgamer) used a fuel_tank 1-26-2021, 12:41:18 PM
blindgamers14(roflgamer) used a fuel_tank 1-26-2021, 12:41:18 PM
blindgamers14(roflgamer) used a fuel_tank 1-26-2021, 12:41:18 PM
blindgamers14(roflgamer) used a fuel_tank 1-26-2021, 12:41:19 PM
blindgamers14(roflgamer) used a fuel_tank 1-26-2021, 12:41:19 PM
blindgamers14(roflgamer) used a fuel_tank 1-26-2021, 12:41:20 PM
blindgamers14(roflgamer) used a fuel_tank 1-26-2021, 12:41:20 PM
blindgamers14(roflgamer) used a fuel_tank 1-26-2021, 12:41:20 PM
blindgamers14(roflgamer) used a fuel_tank 1-26-2021, 12:41:21 PM
blindgamers14(roflgamer) used a fuel_tank 1-26-2021, 12:41:21 PM
blindgamers14(roflgamer) used a fuel_tank 1-26-2021, 12:41:22 PM
blindgamers14(roflgamer) used a fuel_tank 1-26-2021, 12:41:23 PM
blindgamers14(roflgamer) used a fuel_tank 1-26-2021, 12:41:23 PM
blindgamers14(roflgamer) used a fuel_tank 1-26-2021, 12:41:23 PM
blindgamers14(roflgamer) used a fuel_tank 1-26-2021, 12:41:24 PM
blindgamers14(roflgamer) used a fuel_tank 1-26-2021, 12:41:24 PM
blindgamers14(roflgamer) used a fuel_tank 1-26-2021, 12:41:24 PM
blindgamers14(roflgamer) used a fuel_tank 1-26-2021, 12:41:25 PM
blindgamers14(roflgamer) used a fuel_tank 1-26-2021, 12:41:25 PM
blindgamers14(roflgamer) used a fuel_tank 1-26-2021, 12:41:25 PM
blindgamers14(roflgamer) used a fuel_tank 1-26-2021, 12:41:26 PM
blindgamers14(roflgamer) used a fuel_tank 1-26-2021, 12:41:27 PM
blindgamers14(roflgamer) used a fuel_tank 1-26-2021, 12:41:27 PM
blindgamers14(roflgamer) used a fuel_tank 1-26-2021, 12:41:27 PM
blindgamers14(roflgamer) used a fuel_tank 1-26-2021, 12:41:28 PM
blindgamers14(roflgamer) used a fuel_tank 1-26-2021, 12:41:28 PM
blindgamers14(roflgamer) used a fuel_tank 1-26-2021, 12:41:28 PM
blindgamers14(roflgamer) used a fuel_tank 1-26-2021, 12:41:29 PM
blindgamers14(roflgamer) used a fuel_tank 1-26-2021, 12:41:29 PM
blindgamers14(roflgamer) used a fuel_tank 1-26-2021, 12:41:30 PM
blindgamers14(roflgamer) used a fuel_tank 1-26-2021, 12:41:30 PM
blindgamers14(roflgamer) used a fuel_tank 1-26-2021, 12:41:30 PM
blindgamers14(roflgamer) used a fuel_tank 1-26-2021, 12:41:33 PM
blindgamers14(roflgamer) used a fuel_tank 1-26-2021, 12:41:34 PM
blindgamers14(roflgamer) used a fuel_tank 1-26-2021, 12:41:34 PM
blindgamers14(roflgamer) used a fuel_tank 1-26-2021, 12:41:34 PM
blindgamers14(roflgamer) used a fuel_tank 1-26-2021, 12:41:35 PM
blindgamers14(roflgamer) used a fuel_tank 1-26-2021, 12:41:35 PM
blindgamers14(roflgamer) used a fuel_tank 1-26-2021, 12:41:36 PM
blindgamers14(roflgamer) used a fuel_tank 1-26-2021, 12:41:36 PM
blindgamers14(roflgamer) used a fuel_tank 1-26-2021, 12:41:36 PM
blindgamers14(roflgamer) used a fuel_tank 1-26-2021, 12:41:37 PM
blindgamers14(roflgamer) used a fuel_tank 1-26-2021, 12:41:37 PM
blindgamers14(roflgamer) used a fuel_tank 1-26-2021, 12:41:37 PM
blindgamers14(roflgamer) used a fuel_tank 1-26-2021, 12:41:38 PM
blindgamers14(roflgamer) used a fuel_tank 1-26-2021, 12:41:38 PM
blindgamers14(roflgamer) used a fuel_tank 1-26-2021, 12:41:38 PM
blindgamers14(roflgamer) used a fuel_tank 1-26-2021, 12:41:38 PM
blindgamers14(roflgamer) used a fuel_tank 1-26-2021, 12:41:39 PM
blindgamers14(roflgamer) used a fuel_tank 1-26-2021, 12:41:39 PM
blindgamers14(roflgamer) used a fuel_tank 1-26-2021, 12:41:39 PM
blindgamers14(roflgamer) used a fuel_tank 1-26-2021, 12:41:40 PM
blindgamers14(roflgamer) used a fuel_tank 1-26-2021, 12:42:50 PM
blindgamers14(roflgamer) used a fuel_tank 1-26-2021, 12:42:51 PM
blindgamers14(roflgamer) used a fuel_tank 1-26-2021, 12:42:51 PM
blindgamers14(roflgamer) used a fuel_tank 1-26-2021, 12:42:51 PM
blindgamers14(roflgamer) used a fuel_tank 1-26-2021, 12:42:52 PM
blindgamers14(roflgamer) used a fuel_tank 1-26-2021, 12:42:53 PM
blindgamers14(roflgamer) used a fuel_tank 1-26-2021, 12:42:53 PM
blindgamers14(roflgamer) used a fuel_tank 1-26-2021, 12:42:53 PM
blindgamers14(roflgamer) used a fuel_tank 1-26-2021, 12:42:54 PM
blindgamers14(roflgamer) used a fuel_tank 1-26-2021, 12:42:54 PM
blindgamers14(roflgamer) used a fuel_tank 1-26-2021, 12:42:54 PM
blindgamers14(roflgamer) used a fuel_tank 1-26-2021, 12:43:03 PM
blindgamers14(roflgamer) used a fuel_tank 1-26-2021, 12:43:04 PM
blindgamers14(roflgamer) used a fuel_tank 1-26-2021, 12:43:04 PM
blindgamers14(roflgamer) used a fuel_tank 1-26-2021, 12:43:04 PM
blindgamers14(roflgamer) used a fuel_tank 1-26-2021, 12:43:05 PM
blindgamers14(roflgamer) used a fuel_tank 1-26-2021, 12:43:05 PM
blindgamers14(roflgamer) used a fuel_tank 1-26-2021, 12:43:05 PM
blindgamers14(roflgamer) used a fuel_tank 1-26-2021, 12:43:06 PM
blindgamers14(roflgamer) used a fuel_tank 1-26-2021, 12:43:06 PM
blindgamers14(roflgamer) used a fuel_tank 1-26-2021, 12:43:07 PM
blindgamers14(roflgamer) used a fuel_tank 1-26-2021, 12:43:07 PM
blindgamers14(roflgamer) used a fuel_tank 1-26-2021, 12:43:07 PM
blindgamers14(roflgamer) used a fuel_tank 1-26-2021, 12:43:08 PM
blindgamers14(roflgamer) used a fuel_tank 1-26-2021, 12:43:08 PM
blindgamers14(roflgamer) used a fuel_tank 1-26-2021, 12:43:08 PM
blindgamers14(roflgamer) used a fuel_tank 1-26-2021, 12:43:09 PM
blindgamers14(roflgamer) used a fuel_tank 1-26-2021, 12:43:09 PM
blindgamers14(roflgamer) used a fuel_tank 1-26-2021, 12:43:09 PM
blindgamers14(roflgamer) used a fuel_tank 1-26-2021, 12:43:10 PM
blindgamers14(roflgamer) used a fuel_tank 1-26-2021, 12:43:10 PM
blindgamers14(roflgamer) used a fuel_tank 1-26-2021, 12:43:11 PM
blindgamers14(roflgamer) used a fuel_tank 1-26-2021, 12:43:11 PM
blindgamers14(roflgamer) used a fuel_tank 1-26-2021, 12:43:11 PM
blindgamers14(roflgamer) used a fuel_tank 1-26-2021, 12:43:12 PM
blindgamers14(roflgamer) used a fuel_tank 1-26-2021, 12:43:12 PM
blindgamers14(roflgamer) used a fuel_tank 1-26-2021, 12:43:13 PM
blindgamers14(roflgamer) used a fuel_tank 1-26-2021, 12:43:13 PM
blindgamers14(roflgamer) used a fuel_tank 1-26-2021, 12:43:14 PM
blindgamers14(roflgamer) used a fuel_tank 1-26-2021, 12:43:14 PM
blindgamers14(roflgamer) used a fuel_tank 1-26-2021, 12:43:14 PM
blindgamers14(roflgamer) used a fuel_tank 1-26-2021, 12:43:15 PM
blindgamers14(roflgamer) used a fuel_tank 1-26-2021, 12:43:15 PM
blindgamers14(roflgamer) used a fuel_tank 1-26-2021, 12:43:15 PM
blindgamers14(roflgamer) used a coin 1-26-2021, 12:43:45 PM
blindgamers14(roflgamer) used a fuel_tank 1-26-2021, 12:44:31 PM
blindgamers14(roflgamer) used a fuel_tank 1-26-2021, 12:44:32 PM
blindgamers14(roflgamer) used a fuel_tank 1-26-2021, 12:44:32 PM
blindgamers14(roflgamer) used a fuel_tank 1-26-2021, 12:44:32 PM
blindgamers14(roflgamer) used a fuel_tank 1-26-2021, 12:44:33 PM
blindgamers14(roflgamer) used a fuel_tank 1-26-2021, 12:44:33 PM
blindgamers14(roflgamer) used a fuel_tank 1-26-2021, 12:44:33 PM
blindgamers14(roflgamer) used a fuel_tank 1-26-2021, 12:44:34 PM
blindgamers14(roflgamer) used a fuel_tank 1-26-2021, 12:44:38 PM
blindgamers14(roflgamer) used a fuel_tank 1-26-2021, 12:44:38 PM
blindgamers14(roflgamer) used a fuel_tank 1-26-2021, 12:44:38 PM
blindgamers14(roflgamer) used a fuel_tank 1-26-2021, 12:44:41 PM
blindgamers14(roflgamer) used a fuel_tank 1-26-2021, 12:44:41 PM
blindgamers14(roflgamer) used a fuel_tank 1-26-2021, 12:44:42 PM
blindgamers14(roflgamer) used a fuel_tank 1-26-2021, 12:44:42 PM
blindgamers14(roflgamer) used a fuel_tank 1-26-2021, 12:44:43 PM
blindgamers14(roflgamer) used a fuel_tank 1-26-2021, 12:44:44 PM
blindgamers14(roflgamer) used a fuel_tank 1-26-2021, 12:44:44 PM
blindgamers14(roflgamer) used a fuel_tank 1-26-2021, 12:44:44 PM
blindgamers14(roflgamer) used a fuel_tank 1-26-2021, 12:44:44 PM
blindgamers14(roflgamer) used a fuel_tank 1-26-2021, 12:44:45 PM
blindgamers14(roflgamer) used a fuel_tank 1-26-2021, 12:44:45 PM
blindgamers14(roflgamer) used a fuel_tank 1-26-2021, 12:44:45 PM
blindgamers14(roflgamer) used a fuel_tank 1-26-2021, 12:44:46 PM
blindgamers14(roflgamer) used a fuel_tank 1-26-2021, 12:44:46 PM
blindgamers14(roflgamer) used a fuel_tank 1-26-2021, 12:44:47 PM
blindgamers14(roflgamer) used a fuel_tank 1-26-2021, 12:44:47 PM
blindgamers14(roflgamer) used a fuel_tank 1-26-2021, 12:44:47 PM
blindgamers14(roflgamer) used a fuel_tank 1-26-2021, 12:44:48 PM
blindgamers14(roflgamer) used a fuel_tank 1-26-2021, 12:44:48 PM
blindgamers14(roflgamer) used a fuel_tank 1-26-2021, 12:44:48 PM
blindgamers14(roflgamer) used a fuel_tank 1-26-2021, 12:44:49 PM
blindgamers14(roflgamer) used a fuel_tank 1-26-2021, 12:44:49 PM
blindgamers14(roflgamer) used a fuel_tank 1-26-2021, 12:44:49 PM
blindgamers14(roflgamer) used a fuel_tank 1-26-2021, 12:44:50 PM
blindgamers14(roflgamer) used a fuel_tank 1-26-2021, 12:44:50 PM
blindgamers14(roflgamer) used a fuel_tank 1-26-2021, 12:44:50 PM
blindgamers14(roflgamer) used a fuel_tank 1-26-2021, 12:44:50 PM
blindgamers14(roflgamer) used a shipment_ctt1b63 1-26-2021, 12:46:52 PM
blindgamers14(roflgamer) used a hand_cannon 1-26-2021, 12:50:26 PM
blindgamers14(roflgamer) used a hand_cannon 1-26-2021, 12:50:26 PM
blindgamers14(roflgamer) used a storm_sniper 1-26-2021, 12:51:16 PM
blindgamers14(roflgamer) used a storm_sniper 1-26-2021, 12:51:16 PM
blindgamers14(roflgamer) used a storm_sniper 1-26-2021, 12:51:16 PM
blindgamers14(roflgamer) used a warp_box 1-26-2021, 12:51:19 PM
blindgamers14(roflgamer) used a warp_box 1-26-2021, 12:51:37 PM
blindgamers14(roflgamer) used a warp_box 1-26-2021, 12:51:38 PM
blindgamers14(roflgamer) used a warp_box 1-26-2021, 12:51:38 PM
blindgamers14(roflgamer) used a warp_box 1-26-2021, 12:51:39 PM
blindgamers14(roflgamer) used a warp_box 1-26-2021, 12:51:42 PM
blindgamers14(roflgamer) used a warp_box 1-26-2021, 12:51:56 PM
blindgamers14(roflgamer) used a warp_box 1-26-2021, 12:51:56 PM
blindgamers14(roflgamer) used a warp_box 1-26-2021, 12:51:57 PM
blindgamers14(roflgamer) used a hand_cannon 1-26-2021, 12:52:22 PM
blindgamers14(roflgamer) used a warp_box 1-26-2021, 12:52:25 PM
blindgamers14(roflgamer) used a warp_box 1-26-2021, 12:52:58 PM
blindgamers14(roflgamer) used a warp_box 1-26-2021, 12:52:59 PM
blindgamers14(roflgamer) used a warp_box 1-26-2021, 12:52:59 PM
blindgamers14(roflgamer) used a warp_box 1-26-2021, 12:53:04 PM
blindgamers14(roflgamer) used a wood 1-26-2021, 12:57:16 PM
blindgamers14(roflgamer) used a wood 1-26-2021, 12:57:22 PM
blindgamers14(roflgamer) used a tk_ultra_health_potion 1-26-2021, 12:57:54 PM
blindgamers14(roflgamer) used a tk_ultra_health_potion 1-26-2021, 12:57:54 PM
blindgamers14(roflgamer) used a armored_tank 1-26-2021, 12:58:02 PM
blindgamers14(roflgamer) used a wood 1-26-2021, 12:58:19 PM
blindgamers14(roflgamer) used a metal 1-26-2021, 12:58:49 PM
blindgamers14(roflgamer) used a metal 1-26-2021, 12:58:49 PM
blindgamers14(roflgamer) used a wood 1-26-2021, 12:58:53 PM
blindgamers14(roflgamer) used a wood 1-26-2021, 12:59:34 PM
blindgamers14(roflgamer) used a wood 1-26-2021, 12:59:37 PM
blindgamers14(roflgamer) used a wood 1-26-2021, 1:00:25 PM
blindgamers14(roflgamer) used a wood 1-26-2021, 1:01:20 PM
blindgamers14(roflgamer) used a wood 1-26-2021, 1:01:24 PM
blindgamers14(roflgamer) used a robot 1-26-2021, 1:02:24 PM
blindgamers14(roflgamer) used a wood 1-26-2021, 1:04:14 PM
blindgamers14(roflgamer) used a wood 1-26-2021, 1:04:20 PM
blindgamers14(roflgamer) used a wood 1-26-2021, 1:04:21 PM
blindgamers14(roflgamer) used a wood 1-26-2021, 1:04:21 PM
blindgamers14(roflgamer) used a wood 1-26-2021, 1:04:22 PM
blindgamers14(roflgamer) used a robot 1-26-2021, 1:04:31 PM
blindgamers14(roflgamer) used a robot 1-26-2021, 1:04:32 PM
blindgamers14(roflgamer) used a helicopter 1-26-2021, 1:04:48 PM
blindgamers14(roflgamer) used a turret 1-26-2021, 1:05:37 PM
blindgamers14(roflgamer) used a turret 1-26-2021, 1:05:37 PM
blindgamers14(roflgamer) used a metal 1-26-2021, 1:06:19 PM
blindgamers14(roflgamer) used a metal 1-26-2021, 1:06:19 PM
blindgamers14(roflgamer) used a robot 1-26-2021, 1:07:11 PM
blindgamers14(roflgamer) used a robot 1-26-2021, 1:07:11 PM
blindgamers14(roflgamer) used a wood 1-26-2021, 1:07:31 PM
blindgamers14(roflgamer) used a wood 1-26-2021, 1:07:31 PM
blindgamers14(roflgamer) used a warp_box 1-26-2021, 1:08:53 PM
blindgamers14(roflgamer) used a warp_box 1-26-2021, 1:09:17 PM
blindgamers14(roflgamer) used a warp_box 1-26-2021, 1:09:35 PM
blindgamers14(roflgamer) used a warp_box 1-26-2021, 1:09:35 PM
blindgamers14(roflgamer) used a warp_box 1-26-2021, 1:09:47 PM
blindgamers14(roflgamer) used a robot 1-26-2021, 1:10:02 PM
blindgamers14(roflgamer) used a robot 1-26-2021, 1:10:16 PM
blindgamers14(roflgamer) used a robot 1-26-2021, 1:10:23 PM
blindgamers14(roflgamer) used a robot 1-26-2021, 1:10:24 PM
blindgamers14(roflgamer) used a robot 1-26-2021, 1:10:26 PM
blindgamers14(roflgamer) used a robot 1-26-2021, 1:10:27 PM
blindgamers14(roflgamer) used a robot 1-26-2021, 1:10:27 PM
blindgamers14(roflgamer) used a robot 1-26-2021, 1:10:29 PM
blindgamers14(roflgamer) used a robot 1-26-2021, 1:10:29 PM
blindgamers14(roflgamer) used a robot 1-26-2021, 1:10:32 PM
blindgamers14(roflgamer) used a robot 1-26-2021, 1:10:32 PM
blindgamers14(roflgamer) used a robot 1-26-2021, 1:10:34 PM
blindgamers14(roflgamer) used a robot 1-26-2021, 1:10:34 PM
blindgamers14(roflgamer) used a robot 1-26-2021, 1:10:35 PM
blindgamers14(roflgamer) used a robot 1-26-2021, 1:10:35 PM
blindgamers14(roflgamer) used a robot 1-26-2021, 1:10:35 PM
blindgamers14(roflgamer) used a robot 1-26-2021, 1:10:36 PM
blindgamers14(roflgamer) used a warp_box 1-26-2021, 1:11:24 PM
blindgamers14(roflgamer) used a warp_box 1-26-2021, 1:11:47 PM
blindgamers14(roflgamer) used a warp_box 1-26-2021, 1:12:07 PM
blindgamers14(roflgamer) used a poison_drink 1-26-2021, 1:12:44 PM
blindgamers14(roflgamer) used a poison_drink 1-26-2021, 1:12:45 PM
blindgamers14(roflgamer) used a poison_dart 1-26-2021, 1:12:55 PM
blindgamers14(roflgamer) used a poison_dart 1-26-2021, 1:12:55 PM
blindgamers14(roflgamer) used a poison_dart 1-26-2021, 1:13:03 PM
blindgamers14(roflgamer) used a poison_dart 1-26-2021, 1:13:03 PM
blindgamers14(roflgamer) used a poison_dart 1-26-2021, 1:13:03 PM
blindgamers14(roflgamer) used a poison_dart 1-26-2021, 1:13:03 PM
blindgamers14(roflgamer) used a poison_dart 1-26-2021, 1:13:10 PM
blindgamers14(roflgamer) used a poison_dart 1-26-2021, 1:13:10 PM
blindgamers14(roflgamer) used a poison_dart 1-26-2021, 1:13:10 PM
blindgamers14(roflgamer) used a poison_drink 1-26-2021, 1:13:12 PM
blindgamers14(roflgamer) used a poison_drink 1-26-2021, 1:13:14 PM
blindgamers14(roflgamer) used a poison_dart 1-26-2021, 1:13:19 PM
blindgamers14(roflgamer) used a poison_dart 1-26-2021, 1:13:19 PM
blindgamers14(roflgamer) used a poison_dart 1-26-2021, 1:13:19 PM
blindgamers14(roflgamer) used a poison_dart 1-26-2021, 1:13:24 PM
blindgamers14(roflgamer) used a poison_dart 1-26-2021, 1:13:24 PM
blindgamers14(roflgamer) used a poison_dart 1-26-2021, 1:13:28 PM
blindgamers14(roflgamer) used a poison_dart 1-26-2021, 1:13:28 PM
blindgamers14(roflgamer) used a poison_dart 1-26-2021, 1:13:29 PM
blindgamers14(roflgamer) used a poison_dart 1-26-2021, 1:13:29 PM
blindgamers14(roflgamer) used a tk_ultra_health_potion 1-26-2021, 1:13:34 PM
blindgamers14(roflgamer) used a tk_ultra_health_potion 1-26-2021, 1:13:35 PM
blindgamers14(roflgamer) used a tk_ultra_health_potion 1-26-2021, 1:13:35 PM
blindgamers14(roflgamer) used a poison_dart 1-26-2021, 1:13:39 PM
blindgamers14(roflgamer) used a poison_dart 1-26-2021, 1:13:40 PM
blindgamers14(roflgamer) used a poison_dart 1-26-2021, 1:13:40 PM
blindgamers14(roflgamer) used a poison_dart 1-26-2021, 1:13:40 PM
blindgamers14(roflgamer) used a poison_dart 1-26-2021, 1:13:46 PM
blindgamers14(roflgamer) used a poison_dart 1-26-2021, 1:13:46 PM
blindgamers14(roflgamer) used a poison_dart 1-26-2021, 1:13:46 PM
blindgamers14(roflgamer) used a poison_dart 1-26-2021, 1:13:48 PM
blindgamers14(roflgamer) used a poison_dart 1-26-2021, 1:13:48 PM
blindgamers14(roflgamer) used a poison_dart 1-26-2021, 1:13:48 PM
blindgamers14(roflgamer) used a poison_dart 1-26-2021, 1:13:50 PM
blindgamers14(roflgamer) used a poison_dart 1-26-2021, 1:13:50 PM
blindgamers14(roflgamer) used a poison_dart 1-26-2021, 1:13:50 PM
blindgamers14(roflgamer) used a poison_dart 1-26-2021, 1:13:50 PM
blindgamers14(roflgamer) used a poison_dart 1-26-2021, 1:13:52 PM
blindgamers14(roflgamer) used a poison_dart 1-26-2021, 1:13:52 PM
blindgamers14(roflgamer) used a poison_dart 1-26-2021, 1:13:55 PM
blindgamers14(roflgamer) used a poison_dart 1-26-2021, 1:13:55 PM
blindgamers14(roflgamer) used a poison_dart 1-26-2021, 1:13:56 PM
blindgamers14(roflgamer) used a poison_dart 1-26-2021, 1:13:56 PM
blindgamers14(roflgamer) used a poison_dart 1-26-2021, 1:13:57 PM
blindgamers14(roflgamer) used a poison_dart 1-26-2021, 1:13:57 PM
blindgamers14(roflgamer) used a poison_dart 1-26-2021, 1:13:57 PM
blindgamers14(roflgamer) used a poison_dart 1-26-2021, 1:13:57 PM
blindgamers14(roflgamer) used a poison_dart 1-26-2021, 1:13:57 PM
blindgamers14(roflgamer) used a poison_dart 1-26-2021, 1:13:58 PM
blindgamers14(roflgamer) used a poison_dart 1-26-2021, 1:13:58 PM
blindgamers14(roflgamer) used a poison_dart 1-26-2021, 1:13:59 PM
blindgamers14(roflgamer) used a poison_dart 1-26-2021, 1:13:59 PM
blindgamers14(roflgamer) used a poison_dart 1-26-2021, 1:13:59 PM
blindgamers14(roflgamer) used a poison_dart 1-26-2021, 1:13:59 PM
blindgamers14(roflgamer) used a poison_dart 1-26-2021, 1:13:59 PM
blindgamers14(roflgamer) used a poison_dart 1-26-2021, 1:14:00 PM
blindgamers14(roflgamer) used a poison_dart 1-26-2021, 1:14:00 PM
blindgamers14(roflgamer) used a poison_dart 1-26-2021, 1:14:00 PM
blindgamers14(roflgamer) used a poison_drink 1-26-2021, 1:15:01 PM
blindgamers14(roflgamer) used a poison_drink 1-26-2021, 1:15:01 PM
blindgamers14(roflgamer) used a poison_drink 1-26-2021, 1:15:01 PM
blindgamers14(roflgamer) used a tk_ultra_health_potion 1-26-2021, 1:15:51 PM
blindgamers14(roflgamer) used a tk_ultra_health_potion 1-26-2021, 1:15:51 PM
blindgamers14(roflgamer) used a warp_box 1-26-2021, 1:17:18 PM
blindgamers14(roflgamer) used a warp_box 1-26-2021, 1:17:48 PM
blindgamers14(roflgamer) used a snowball 1-26-2021, 1:18:03 PM
blindgamers14(roflgamer) used a snowball 1-26-2021, 1:18:03 PM
blindgamers14(roflgamer) used a snowball 1-26-2021, 1:18:07 PM
blindgamers14(roflgamer) used a snowball 1-26-2021, 1:18:07 PM
blindgamers14(roflgamer) used a snowball 1-26-2021, 1:18:10 PM
blindgamers14(roflgamer) used a snowball 1-26-2021, 1:18:10 PM
blindgamers14(roflgamer) used a snowball 1-26-2021, 1:18:26 PM
blindgamers14(roflgamer) used a tk_ultra_health_potion 1-26-2021, 1:18:32 PM
blindgamers14(roflgamer) used a tk_ultra_health_potion 1-26-2021, 1:18:32 PM
blindgamers14(roflgamer) used a poison_dart 1-26-2021, 1:19:11 PM
blindgamers14(roflgamer) used a poison_dart 1-26-2021, 1:19:11 PM
blindgamers14(roflgamer) used a tk_ultra_health_potion 1-26-2021, 1:19:22 PM
blindgamers14(roflgamer) used a tk_ultra_health_potion 1-26-2021, 1:19:22 PM
blindgamers14(roflgamer) used a poison_dart 1-26-2021, 1:19:23 PM
blindgamers14(roflgamer) used a poison_dart 1-26-2021, 1:19:23 PM
blindgamers14(roflgamer) used a poison_dart 1-26-2021, 1:19:24 PM
blindgamers14(roflgamer) used a poison_dart 1-26-2021, 1:19:39 PM
blindgamers14(roflgamer) used a poison_dart 1-26-2021, 1:19:41 PM
blindgamers14(roflgamer) used a poison_dart 1-26-2021, 1:19:42 PM
blindgamers14(roflgamer) used a poison_dart 1-26-2021, 1:19:42 PM
blindgamers14(roflgamer) used a tk_ultra_health_potion 1-26-2021, 1:19:50 PM
blindgamers14(roflgamer) used a tk_ultra_health_potion 1-26-2021, 1:19:50 PM
blindgamers14(roflgamer) used a tk_ultra_health_potion 1-26-2021, 1:19:50 PM
blindgamers14(roflgamer) used a poison_dart 1-26-2021, 1:19:56 PM
blindgamers14(roflgamer) used a stone 1-26-2021, 1:20:09 PM
blindgamers14(roflgamer) used a stone 1-26-2021, 1:20:09 PM
blindgamers14(roflgamer) used a stone 1-26-2021, 1:20:11 PM
blindgamers14(roflgamer) used a stone 1-26-2021, 1:20:11 PM
blindgamers14(roflgamer) used a empty_beer_bottle 1-26-2021, 1:20:15 PM
blindgamers14(roflgamer) used a empty_beer_bottle 1-26-2021, 1:20:15 PM
blindgamers14(roflgamer) used a empty_beer_bottle 1-26-2021, 1:20:15 PM
blindgamers14(roflgamer) used a empty_beer_bottle 1-26-2021, 1:20:22 PM
blindgamers14(roflgamer) used a empty_beer_bottle 1-26-2021, 1:20:22 PM
blindgamers14(roflgamer) used a empty_beer_bottle 1-26-2021, 1:20:22 PM
blindgamers14(roflgamer) used a empty_beer_bottle 1-26-2021, 1:20:22 PM
blindgamers14(roflgamer) used a empty_beer_bottle 1-26-2021, 1:20:22 PM
blindgamers14(roflgamer) used a armored_tank 1-26-2021, 1:21:18 PM
blindgamers14(roflgamer) used a armored_tank 1-26-2021, 1:21:18 PM
blindgamers14(roflgamer) used a empty_beer_bottle 1-26-2021, 1:23:51 PM
blindgamers14(roflgamer) used a empty_beer_bottle 1-26-2021, 1:23:53 PM
blindgamers14(roflgamer) used a empty_beer_bottle 1-26-2021, 1:23:54 PM
blindgamers14(roflgamer) used a empty_beer_bottle 1-26-2021, 1:23:55 PM
blindgamers14(roflgamer) used a empty_beer_bottle 1-26-2021, 1:23:55 PM
blindgamers14(roflgamer) used a empty_beer_bottle 1-26-2021, 1:23:55 PM
blindgamers14(roflgamer) used a empty_beer_bottle 1-26-2021, 1:23:55 PM
blindgamers14(roflgamer) used a snowball 1-26-2021, 1:24:08 PM
blindgamers14(roflgamer) used a snowball 1-26-2021, 1:24:08 PM
blindgamers14(roflgamer) used a snowball 1-26-2021, 1:24:08 PM
blindgamers14(roflgamer) used a snowball 1-26-2021, 1:24:08 PM
blindgamers14(roflgamer) used a snowball 1-26-2021, 1:24:09 PM
blindgamers14(roflgamer) used a snowball 1-26-2021, 1:24:09 PM
blindgamers14(roflgamer) used a snowball 1-26-2021, 1:24:09 PM
blindgamers14(roflgamer) used a snowball 1-26-2021, 1:24:09 PM
blindgamers14(roflgamer) used a snowball 1-26-2021, 1:24:09 PM
blindgamers14(roflgamer) used a snowball 1-26-2021, 1:24:09 PM
blindgamers14(roflgamer) used a snowball 1-26-2021, 1:24:10 PM
blindgamers14(roflgamer) used a snowball 1-26-2021, 1:24:10 PM
blindgamers14(roflgamer) used a snowball 1-26-2021, 1:24:10 PM
blindgamers14(roflgamer) used a snowball 1-26-2021, 1:24:10 PM
blindgamers14(roflgamer) used a snowball 1-26-2021, 1:24:10 PM
blindgamers14(roflgamer) used a snowball 1-26-2021, 1:24:11 PM
blindgamers14(roflgamer) used a snowball 1-26-2021, 1:24:11 PM
blindgamers14(roflgamer) used a snowball 1-26-2021, 1:24:11 PM
blindgamers14(roflgamer) used a snowball 1-26-2021, 1:24:11 PM
blindgamers14(roflgamer) used a snowball 1-26-2021, 1:24:11 PM
blindgamers14(roflgamer) used a snowball 1-26-2021, 1:24:11 PM
blindgamers14(roflgamer) used a snowball 1-26-2021, 1:24:33 PM
blindgamers14(roflgamer) used a snowball 1-26-2021, 1:24:33 PM
blindgamers14(roflgamer) used a snowball 1-26-2021, 1:24:33 PM
blindgamers14(roflgamer) used a snowball 1-26-2021, 1:24:33 PM
blindgamers14(roflgamer) used a snowball 1-26-2021, 1:24:33 PM
blindgamers14(roflgamer) used a snowball 1-26-2021, 1:24:55 PM
blindgamers14(roflgamer) used a snowball 1-26-2021, 1:24:56 PM
blindgamers14(roflgamer) used a snowball 1-26-2021, 1:24:57 PM
blindgamers14(roflgamer) used a snowball 1-26-2021, 1:24:57 PM
blindgamers14(roflgamer) used a snowball 1-26-2021, 1:25:21 PM
blindgamers14(roflgamer) used a snowball 1-26-2021, 1:25:23 PM
blindgamers14(roflgamer) used a snowball 1-26-2021, 1:25:23 PM
blindgamers14(roflgamer) used a snowball 1-26-2021, 1:25:23 PM
blindgamers14(roflgamer) used a snowball 1-26-2021, 1:25:24 PM
blindgamers14(roflgamer) used a snowball 1-26-2021, 1:25:24 PM
blindgamers14(roflgamer) used a snowball 1-26-2021, 1:25:24 PM
blindgamers14(roflgamer) used a snowball 1-26-2021, 1:25:24 PM
blindgamers14(roflgamer) used a snowball 1-26-2021, 1:25:24 PM
blindgamers14(roflgamer) used a snowball 1-26-2021, 1:25:25 PM
blindgamers14(roflgamer) used a snowball 1-26-2021, 1:25:25 PM
blindgamers14(roflgamer) used a snowball 1-26-2021, 1:25:25 PM
blindgamers14(roflgamer) used a snowball 1-26-2021, 1:25:25 PM
blindgamers14(roflgamer) used a snowball 1-26-2021, 1:25:25 PM
blindgamers14(roflgamer) used a snowball 1-26-2021, 1:25:25 PM
blindgamers14(roflgamer) used a snowball 1-26-2021, 1:25:26 PM
blindgamers14(roflgamer) used a snowball 1-26-2021, 1:25:26 PM
blindgamers14(roflgamer) used a snowball 1-26-2021, 1:25:26 PM
blindgamers14(roflgamer) used a snowball 1-26-2021, 1:25:26 PM
blindgamers14(roflgamer) used a snowball 1-26-2021, 1:25:26 PM
blindgamers14(roflgamer) used a snowball 1-26-2021, 1:25:27 PM
blindgamers14(roflgamer) used a snowball 1-26-2021, 1:25:27 PM
blindgamers14(roflgamer) used a snowball 1-26-2021, 1:25:27 PM
blindgamers14(roflgamer) used a snowball 1-26-2021, 1:25:27 PM
blindgamers14(roflgamer) used a snowball 1-26-2021, 1:25:27 PM
blindgamers14(roflgamer) used a snowball 1-26-2021, 1:25:27 PM
blindgamers14(roflgamer) used a snowball 1-26-2021, 1:25:28 PM
blindgamers14(roflgamer) used a snowball 1-26-2021, 1:25:28 PM
blindgamers14(roflgamer) used a snowball 1-26-2021, 1:25:28 PM
blindgamers14(roflgamer) used a snowball 1-26-2021, 1:25:28 PM
blindgamers14(roflgamer) used a snowball 1-26-2021, 1:26:05 PM
blindgamers14(roflgamer) used a snowball 1-26-2021, 1:26:05 PM
blindgamers14(roflgamer) used a snowball 1-26-2021, 1:26:05 PM
blindgamers14(roflgamer) used a snowball 1-26-2021, 1:26:05 PM
blindgamers14(roflgamer) used a snowball 1-26-2021, 1:26:05 PM
blindgamers14(roflgamer) used a snowball 1-26-2021, 1:26:18 PM
blindgamers14(roflgamer) used a poison_drink 1-26-2021, 1:26:18 PM
blindgamers14(roflgamer) used a poison_drink 1-26-2021, 1:26:18 PM
blindgamers14(roflgamer) used a snowball 1-26-2021, 1:26:19 PM
blindgamers14(roflgamer) used a snowball 1-26-2021, 1:26:19 PM
blindgamers14(roflgamer) used a snowball 1-26-2021, 1:26:19 PM
blindgamers14(roflgamer) used a snowball 1-26-2021, 1:26:19 PM
blindgamers14(roflgamer) used a snowball 1-26-2021, 1:26:19 PM
blindgamers14(roflgamer) used a snowball 1-26-2021, 1:26:33 PM
blindgamers14(roflgamer) used a snowball 1-26-2021, 1:26:33 PM
blindgamers14(roflgamer) used a snowball 1-26-2021, 1:26:33 PM
blindgamers14(roflgamer) used a snowball 1-26-2021, 1:26:33 PM
blindgamers14(roflgamer) used a snowball 1-26-2021, 1:26:33 PM
blindgamers14(roflgamer) used a snowball 1-26-2021, 1:26:34 PM
blindgamers14(roflgamer) used a snowball 1-26-2021, 1:26:34 PM
blindgamers14(roflgamer) used a snowball 1-26-2021, 1:26:34 PM
blindgamers14(roflgamer) used a snowball 1-26-2021, 1:26:35 PM
blindgamers14(roflgamer) used a snowball 1-26-2021, 1:26:35 PM
blindgamers14(roflgamer) used a snowball 1-26-2021, 1:26:35 PM
blindgamers14(roflgamer) used a snowball 1-26-2021, 1:26:35 PM
blindgamers14(roflgamer) used a snowball 1-26-2021, 1:26:35 PM
blindgamers14(roflgamer) used a snowball 1-26-2021, 1:26:36 PM
blindgamers14(roflgamer) used a snowball 1-26-2021, 1:26:36 PM
blindgamers14(roflgamer) used a snowball 1-26-2021, 1:26:36 PM
blindgamers14(roflgamer) used a snowball 1-26-2021, 1:26:37 PM
blindgamers14(roflgamer) used a snowball 1-26-2021, 1:26:37 PM
blindgamers14(roflgamer) used a snowball 1-26-2021, 1:26:37 PM
blindgamers14(roflgamer) used a snowball 1-26-2021, 1:26:37 PM
blindgamers14(roflgamer) used a snowball 1-26-2021, 1:26:37 PM
blindgamers14(roflgamer) used a snowball 1-26-2021, 1:26:37 PM
blindgamers14(roflgamer) used a snowball 1-26-2021, 1:26:38 PM
blindgamers14(roflgamer) used a snowball 1-26-2021, 1:26:38 PM
blindgamers14(roflgamer) used a snowball 1-26-2021, 1:26:39 PM
blindgamers14(roflgamer) used a snowball 1-26-2021, 1:26:39 PM
blindgamers14(roflgamer) used a snowball 1-26-2021, 1:26:39 PM
blindgamers14(roflgamer) used a snowball 1-26-2021, 1:26:39 PM
blindgamers14(roflgamer) used a snowball 1-26-2021, 1:26:39 PM
blindgamers14(roflgamer) used a snowball 1-26-2021, 1:26:40 PM
blindgamers14(roflgamer) used a snowball 1-26-2021, 1:26:41 PM
blindgamers14(roflgamer) used a snowball 1-26-2021, 1:26:42 PM
blindgamers14(roflgamer) used a snowball 1-26-2021, 1:26:42 PM
blindgamers14(roflgamer) used a snowball 1-26-2021, 1:26:42 PM
blindgamers14(roflgamer) used a snowball 1-26-2021, 1:26:42 PM
blindgamers14(roflgamer) used a snowball 1-26-2021, 1:26:42 PM
blindgamers14(roflgamer) used a snowball 1-26-2021, 1:26:42 PM
blindgamers14(roflgamer) used a snowball 1-26-2021, 1:26:42 PM
blindgamers14(roflgamer) used a snowball 1-26-2021, 1:26:43 PM
blindgamers14(roflgamer) used a snowball 1-26-2021, 1:26:44 PM
blindgamers14(roflgamer) used a snowball 1-26-2021, 1:26:44 PM
blindgamers14(roflgamer) used a snowball 1-26-2021, 1:26:44 PM
blindgamers14(roflgamer) used a snowball 1-26-2021, 1:26:45 PM
blindgamers14(roflgamer) used a snowball 1-26-2021, 1:26:49 PM
blindgamers14(roflgamer) used a snowball 1-26-2021, 1:26:49 PM
blindgamers14(roflgamer) used a snowball 1-26-2021, 1:26:49 PM
blindgamers14(roflgamer) used a snowball 1-26-2021, 1:26:49 PM
blindgamers14(roflgamer) used a snowball 1-26-2021, 1:26:49 PM
blindgamers14(roflgamer) used a snowball 1-26-2021, 1:26:52 PM
blindgamers14(roflgamer) used a snowball 1-26-2021, 1:26:52 PM
blindgamers14(roflgamer) used a snowball 1-26-2021, 1:26:52 PM
blindgamers14(roflgamer) used a snowball 1-26-2021, 1:26:52 PM
blindgamers14(roflgamer) used a snowball 1-26-2021, 1:26:53 PM
blindgamers14(roflgamer) used a snowball 1-26-2021, 1:26:53 PM
blindgamers14(roflgamer) used a snowball 1-26-2021, 1:26:53 PM
blindgamers14(roflgamer) used a snowball 1-26-2021, 1:26:53 PM
blindgamers14(roflgamer) used a snowball 1-26-2021, 1:26:53 PM
blindgamers14(roflgamer) used a snowball 1-26-2021, 1:26:53 PM
blindgamers14(roflgamer) used a snowball 1-26-2021, 1:26:54 PM
blindgamers14(roflgamer) used a snowball 1-26-2021, 1:26:54 PM
blindgamers14(roflgamer) used a snowball 1-26-2021, 1:26:54 PM
blindgamers14(roflgamer) used a snowball 1-26-2021, 1:26:54 PM
blindgamers14(roflgamer) used a snowball 1-26-2021, 1:26:54 PM
blindgamers14(roflgamer) used a snowball 1-26-2021, 1:26:54 PM
blindgamers14(roflgamer) used a snowball 1-26-2021, 1:26:54 PM
blindgamers14(roflgamer) used a snowball 1-26-2021, 1:26:55 PM
blindgamers14(roflgamer) used a snowball 1-26-2021, 1:26:55 PM
blindgamers14(roflgamer) used a snowball 1-26-2021, 1:26:55 PM
blindgamers14(roflgamer) used a snowball 1-26-2021, 1:26:55 PM
blindgamers14(roflgamer) used a snowball 1-26-2021, 1:26:55 PM
blindgamers14(roflgamer) used a snowball 1-26-2021, 1:26:55 PM
blindgamers14(roflgamer) used a snowball 1-26-2021, 1:26:56 PM
blindgamers14(roflgamer) used a snowball 1-26-2021, 1:26:56 PM
blindgamers14(roflgamer) used a snowball 1-26-2021, 1:26:56 PM
blindgamers14(roflgamer) used a snowball 1-26-2021, 1:26:56 PM
blindgamers14(roflgamer) used a snowball 1-26-2021, 1:26:56 PM
blindgamers14(roflgamer) used a snowball 1-26-2021, 1:26:56 PM
blindgamers14(roflgamer) used a snowball 1-26-2021, 1:26:57 PM
blindgamers14(roflgamer) used a snowball 1-26-2021, 1:26:57 PM
blindgamers14(roflgamer) used a snowball 1-26-2021, 1:26:57 PM
blindgamers14(roflgamer) used a snowball 1-26-2021, 1:26:57 PM
blindgamers14(roflgamer) used a snowball 1-26-2021, 1:26:57 PM
blindgamers14(roflgamer) used a snowball 1-26-2021, 1:26:57 PM
blindgamers14(roflgamer) used a snowball 1-26-2021, 1:26:57 PM
blindgamers14(roflgamer) used a snowball 1-26-2021, 1:26:58 PM
blindgamers14(roflgamer) used a snowball 1-26-2021, 1:26:58 PM
blindgamers14(roflgamer) used a snowball 1-26-2021, 1:26:58 PM
blindgamers14(roflgamer) used a snowball 1-26-2021, 1:26:58 PM
blindgamers14(roflgamer) used a snowball 1-26-2021, 1:26:58 PM
blindgamers14(roflgamer) used a snowball 1-26-2021, 1:26:58 PM
blindgamers14(roflgamer) used a snowball 1-26-2021, 1:26:58 PM
blindgamers14(roflgamer) used a snowball 1-26-2021, 1:26:59 PM
blindgamers14(roflgamer) used a suicide_bomb 1-26-2021, 1:27:23 PM
blindgamers14(roflgamer) used a suicide_bomb 1-26-2021, 1:27:23 PM
blindgamers14(roflgamer) used a suicide_bomb 1-26-2021, 1:27:24 PM
blindgamers14(roflgamer) used a suicide_bomb 1-26-2021, 1:27:24 PM
blindgamers14(roflgamer) used a suicide_bomb 1-26-2021, 1:27:26 PM
blindgamers14(roflgamer) used a suicide_bomb 1-26-2021, 1:27:26 PM
blindgamers14(roflgamer) used a the_legendary_sword 1-26-2021, 1:28:18 PM
blindgamers14(roflgamer) used a the_legendary_sword 1-26-2021, 1:28:18 PM
blindgamers14(roflgamer) used a snowball 1-26-2021, 1:31:35 PM
blindgamers14(roflgamer) used a snowball 1-26-2021, 1:31:36 PM
blindgamers14(roflgamer) used a snowball 1-26-2021, 1:31:36 PM
blindgamers14(roflgamer) used a the_legendary_sword 1-26-2021, 1:34:13 PM
blindgamers14(roflgamer) used a tk_ultra_health_potion 1-26-2021, 1:34:25 PM
blindgamers14(roflgamer) used a police_car 1-26-2021, 1:59:28 PM
blindgamers14(roflgamer) used a police_car 1-26-2021, 1:59:28 PM
blindgamers14(roflgamer) used a tk_ultra_health_potion 1-26-2021, 1:59:31 PM
blindgamers14(roflgamer) used a tk_ultra_health_potion 1-26-2021, 1:59:31 PM
blindgamers14(roflgamer) used a suicide_bomb 1-26-2021, 2:00:06 PM
blindgamers14(roflgamer) used a health_drink 1-26-2021, 2:00:14 PM
blindgamers14(roflgamer) used a health_drink 1-26-2021, 2:00:14 PM
blindgamers14(roflgamer) used a remote_gun 1-26-2021, 2:00:24 PM
blindgamers14(roflgamer) used a tk_ultra_health_potion 1-26-2021, 2:00:34 PM
blindgamers14(roflgamer) used a rocket_launcher 1-26-2021, 2:00:40 PM
blindgamers14(roflgamer) used a police_car 1-26-2021, 2:00:43 PM
blindgamers14(roflgamer) used a police_car 1-26-2021, 2:00:52 PM
blindgamers14(roflgamer) used a police_car 1-26-2021, 2:00:52 PM
blindgamers14(roflgamer) used a wood 1-26-2021, 2:10:11 PM
blindgamers14(roflgamer) used a wood 1-26-2021, 2:10:48 PM
blindgamers14(roflgamer) used a wood 1-26-2021, 2:10:49 PM
blindgamers14(roflgamer) used a wood 1-26-2021, 2:11:03 PM
blindgamers14(roflgamer) used a wood 1-26-2021, 2:11:18 PM
blindgamers14(roflgamer) used a the_legendary_sword 1-26-2021, 2:17:24 PM
blindgamers14(roflgamer) used a air_canister 1-26-2021, 2:33:18 PM
blindgamers14(roflgamer) used a air_canister 1-26-2021, 2:33:18 PM
blindgamers14(roflgamer) used a air_canister 1-26-2021, 2:33:18 PM
blindgamers14(roflgamer) used a armored_tank 1-26-2021, 3:34:42 PM
blindgamers14(roflgamer) used a armored_tank 1-26-2021, 3:34:42 PM
blindgamers14(roflgamer) used a armored_tank 1-26-2021, 3:34:42 PM
blindgamers14(roflgamer) used a stp429_mini_missile 1-26-2021, 3:38:21 PM
blindgamers14(roflgamer) used a stp429_mini_missile 1-26-2021, 3:38:35 PM
blindgamers14(roflgamer) used a stp429_mini_missile 1-26-2021, 3:38:35 PM
blindgamers14(roflgamer) used a stp429_mini_missile 1-26-2021, 3:38:35 PM
blindgamers14(roflgamer) used a stp429_mini_missile 1-26-2021, 3:38:35 PM
blindgamers14(roflgamer) used a stp429_mini_missile 1-26-2021, 3:39:08 PM
blindgamers14(roflgamer) used a stp429_mini_missile 1-26-2021, 3:39:08 PM
blindgamers14(roflgamer) used a stp429_mini_missile 1-26-2021, 3:39:08 PM
blindgamers14(roflgamer) used a stp429_mini_missile 1-26-2021, 3:39:08 PM
blindgamers14(roflgamer) used a stp429_mini_missile 1-26-2021, 3:39:08 PM
blindgamers14(roflgamer) used a stp429_mini_missile 1-26-2021, 3:39:09 PM
blindgamers14(roflgamer) used a stp429_mini_missile 1-26-2021, 3:39:09 PM
blindgamers14(roflgamer) used a stp429_mini_missile 1-26-2021, 3:39:09 PM
blindgamers14(roflgamer) used a stp429_mini_missile 1-26-2021, 3:39:09 PM
blindgamers14(roflgamer) used a stp429_mini_missile 1-26-2021, 3:39:09 PM
blindgamers14(roflgamer) used a stp429_mini_missile 1-26-2021, 3:39:09 PM
blindgamers14(roflgamer) used a stp429_mini_missile 1-26-2021, 3:39:10 PM
blindgamers14(roflgamer) used a stp429_mini_missile 1-26-2021, 3:39:10 PM
blindgamers14(roflgamer) used a stp429_mini_missile 1-26-2021, 3:39:10 PM
blindgamers14(roflgamer) used a stp429_mini_missile 1-26-2021, 3:39:10 PM
blindgamers14(roflgamer) used a stp429_mini_missile 1-26-2021, 3:39:10 PM
blindgamers14(roflgamer) used a stp429_mini_missile 1-26-2021, 3:39:10 PM
blindgamers14(roflgamer) used a stp429_mini_missile 1-26-2021, 3:39:11 PM
blindgamers14(roflgamer) used a stp429_mini_missile 1-26-2021, 3:39:11 PM
blindgamers14(roflgamer) used a stp429_mini_missile 1-26-2021, 3:39:24 PM
blindgamers14(roflgamer) used a stp429_mini_missile 1-26-2021, 3:39:24 PM
blindgamers14(roflgamer) used a metal 1-26-2021, 3:40:13 PM
blindgamers14(roflgamer) used a metal 1-26-2021, 3:40:14 PM
blindgamers14(roflgamer) used a robot 1-26-2021, 3:47:13 PM
blindgamers14(roflgamer) used a robot 1-26-2021, 3:47:13 PM
blindgamers14(roflgamer) used a turret 1-26-2021, 3:48:45 PM
blindgamers14(roflgamer) used a turret 1-26-2021, 3:48:45 PM
blindgamers14(roflgamer) used a turret 1-26-2021, 3:50:12 PM
blindgamers14(roflgamer) used a turret 1-26-2021, 3:50:12 PM
blindgamers14(roflgamer) used a turret 1-26-2021, 3:50:12 PM
blindgamers14(roflgamer) used a suicide_bomb 1-26-2021, 3:50:48 PM
blindgamers14(roflgamer) used a suicide_bomb 1-26-2021, 3:50:48 PM
blindgamers14(roflgamer) used a health_drink 1-26-2021, 3:51:14 PM
blindgamers14(roflgamer) used a health_drink 1-26-2021, 3:51:36 PM
blindgamers14(roflgamer) used a shield 1-26-2021, 5:17:37 PM
blindgamers14(roflgamer) used a tk_ultra_health_potion 1-26-2021, 5:17:38 PM
blindgamers14(roflgamer) used a tk_ultra_health_potion 1-26-2021, 5:17:38 PM
blindgamers14(roflgamer) used a hand_cannon 1-26-2021, 5:17:45 PM
blindgamers14(roflgamer) used a the_legendary_sword 1-26-2021, 5:17:52 PM
blindgamers14(roflgamer) used a storm_sniper 1-26-2021, 5:18:03 PM
blindgamers14(roflgamer) used a colt_ar_15_assault_rifle 1-26-2021, 5:18:11 PM
blindgamers14(roflgamer) used a shotgun 1-26-2021, 5:18:20 PM
blindgamers14(roflgamer) used a tk_ultra_health_potion 1-26-2021, 5:18:51 PM
blindgamers14(roflgamer) used a air_canister 1-26-2021, 5:19:35 PM
blindgamers14(roflgamer) used a air_canister 1-26-2021, 5:19:36 PM
blindgamers14(roflgamer) used a air_canister 1-26-2021, 5:19:36 PM
blindgamers14(roflgamer) used a air_canister 1-26-2021, 5:19:36 PM
blindgamers14(roflgamer) used a air_canister 1-26-2021, 5:19:37 PM
blindgamers14(roflgamer) used a air_canister 1-26-2021, 5:19:37 PM
blindgamers14(roflgamer) used a air_canister 1-26-2021, 5:19:37 PM
blindgamers14(roflgamer) used a air_canister 1-26-2021, 5:19:37 PM
blindgamers14(roflgamer) used a air_canister 1-26-2021, 5:19:37 PM
blindgamers14(roflgamer) used a air_canister 1-26-2021, 5:19:37 PM
blindgamers14(roflgamer) used a air_canister 1-26-2021, 5:19:37 PM
blindgamers14(roflgamer) used a air_canister 1-26-2021, 5:19:37 PM
blindgamers14(roflgamer) used a air_canister 1-26-2021, 5:19:37 PM
blindgamers14(roflgamer) used a air_canister 1-26-2021, 5:19:37 PM
blindgamers14(roflgamer) used a air_canister 1-26-2021, 5:19:37 PM
blindgamers14(roflgamer) used a air_canister 1-26-2021, 5:19:37 PM
blindgamers14(roflgamer) used a air_canister 1-26-2021, 5:19:37 PM
blindgamers14(roflgamer) used a air_canister 1-26-2021, 5:19:37 PM
blindgamers14(roflgamer) used a air_canister 1-26-2021, 5:19:37 PM
blindgamers14(roflgamer) used a air_canister 1-26-2021, 5:19:38 PM
blindgamers14(roflgamer) used a air_canister 1-26-2021, 5:19:38 PM
blindgamers14(roflgamer) used a air_canister 1-26-2021, 5:19:38 PM
blindgamers14(roflgamer) used a air_canister 1-26-2021, 5:19:38 PM
blindgamers14(roflgamer) used a air_canister 1-26-2021, 5:19:38 PM
blindgamers14(roflgamer) used a air_canister 1-26-2021, 5:19:38 PM
blindgamers14(roflgamer) used a air_canister 1-26-2021, 5:19:39 PM
blindgamers14(roflgamer) used a air_canister 1-26-2021, 5:19:39 PM
blindgamers14(roflgamer) used a air_canister 1-26-2021, 5:19:39 PM
blindgamers14(roflgamer) used a air_canister 1-26-2021, 5:19:39 PM
blindgamers14(roflgamer) used a air_canister 1-26-2021, 5:19:39 PM
blindgamers14(roflgamer) used a air_canister 1-26-2021, 5:19:39 PM
blindgamers14(roflgamer) used a air_canister 1-26-2021, 5:19:39 PM
blindgamers14(roflgamer) used a air_canister 1-26-2021, 5:19:40 PM
blindgamers14(roflgamer) used a health_drink 1-26-2021, 5:28:45 PM
blindgamers14(roflgamer) used a the_legendary_sword 1-26-2021, 5:29:16 PM
blindgamers14(roflgamer) used a storm_sniper 1-26-2021, 5:29:18 PM
blindgamers14(roflgamer) used a storm_sniper 1-26-2021, 5:29:18 PM