
AnhSon(AnhSon) used a rocket_launcher 2-15-2021, 12:00:35 AM
AnhSon(AnhSon) used a rocket_launcher 2-15-2021, 12:00:35 AM
AnhSon(AnhSon) used a rocket_launcher 2-15-2021, 12:00:35 AM
AnhSon(AnhSon) used a rocket_launcher 2-15-2021, 12:00:58 AM
AnhSon(AnhSon) used a rocket_launcher 2-15-2021, 12:00:58 AM
AnhSon(AnhSon) used a rocket_launcher 2-15-2021, 12:00:58 AM
AnhSon(AnhSon) used a steal_warhammer 2-15-2021, 12:01:30 AM
AnhSon(AnhSon) used a steal_warhammer 2-15-2021, 12:01:31 AM
AnhSon(AnhSon) used a shield 2-15-2021, 12:03:19 AM
AnhSon(AnhSon) used a shield 2-15-2021, 12:03:19 AM
AnhSon(AnhSon) used a shield 2-15-2021, 12:03:19 AM
AnhSon(AnhSon) used a shield 2-15-2021, 12:03:20 AM
AnhSon(AnhSon) used a shield 2-15-2021, 12:03:20 AM
AnhSon(AnhSon) used a shield 2-15-2021, 12:03:20 AM
AnhSon(AnhSon) used a shield 2-15-2021, 12:03:20 AM
AnhSon(AnhSon) used a shield 2-15-2021, 12:03:21 AM
AnhSon(AnhSon) used a shield 2-15-2021, 12:03:21 AM
AnhSon(AnhSon) used a shield 2-15-2021, 12:03:21 AM
AnhSon(AnhSon) used a shield 2-15-2021, 12:03:21 AM
AnhSon(AnhSon) used a shield 2-15-2021, 12:03:21 AM
AnhSon(AnhSon) used a shield 2-15-2021, 12:03:21 AM
AnhSon(AnhSon) used a shield 2-15-2021, 12:03:21 AM
AnhSon(AnhSon) used a shield 2-15-2021, 12:03:21 AM
AnhSon(AnhSon) used a shield 2-15-2021, 12:03:22 AM
AnhSon(AnhSon) used a shield 2-15-2021, 12:03:22 AM
AnhSon(AnhSon) used a shield 2-15-2021, 12:03:22 AM
AnhSon(AnhSon) used a shield 2-15-2021, 12:03:22 AM
AnhSon(AnhSon) used a shield 2-15-2021, 12:03:23 AM
AnhSon(AnhSon) used a empty_beer_bottle 2-15-2021, 12:04:02 AM
AnhSon(AnhSon) used a empty_beer_bottle 2-15-2021, 12:04:02 AM
AnhSon(AnhSon) used a empty_beer_bottle 2-15-2021, 12:04:02 AM
AnhSon(AnhSon) used a rocket_launcher 2-15-2021, 12:04:51 AM
AnhSon(AnhSon) used a rocket_launcher 2-15-2021, 12:04:51 AM
AnhSon(AnhSon) used a steal_warhammer 2-15-2021, 12:05:10 AM
AnhSon(AnhSon) used a steal_warhammer 2-15-2021, 12:05:10 AM
AnhSon(AnhSon) used a health_drink 2-15-2021, 12:05:32 AM
AnhSon(AnhSon) used a health_drink 2-15-2021, 12:05:32 AM
AnhSon(AnhSon) used a health_drink 2-15-2021, 12:05:50 AM
AnhSon(AnhSon) used a sticky_bomb 2-15-2021, 12:05:58 AM
AnhSon(AnhSon) used a rocket_launcher 2-15-2021, 12:06:33 AM
AnhSon(AnhSon) used a rocket_launcher 2-15-2021, 12:06:33 AM
AnhSon(AnhSon) used a tk_ultra_health_potion 2-15-2021, 12:06:55 AM
AnhSon(AnhSon) used a tk_ultra_health_potion 2-15-2021, 12:06:55 AM
AnhSon(AnhSon) used a tk_ultra_health_potion 2-15-2021, 12:07:34 AM
AnhSon(AnhSon) used a tk_ultra_health_potion 2-15-2021, 12:07:34 AM
AnhSon(AnhSon) used a steal_warhammer 2-15-2021, 12:07:41 AM
AnhSon(AnhSon) used a steal_warhammer 2-15-2021, 12:07:41 AM
AnhSon(AnhSon) used a empty_beer_bottle 2-15-2021, 12:08:02 AM
AnhSon(AnhSon) used a empty_beer_bottle 2-15-2021, 12:08:02 AM
AnhSon(AnhSon) used a empty_beer_bottle 2-15-2021, 12:08:02 AM
AnhSon(AnhSon) used a empty_beer_bottle 2-15-2021, 12:08:03 AM
AnhSon(AnhSon) used a empty_beer_bottle 2-15-2021, 12:08:03 AM
AnhSon(AnhSon) used a empty_beer_bottle 2-15-2021, 12:08:03 AM
AnhSon(AnhSon) used a empty_beer_bottle 2-15-2021, 12:08:04 AM
AnhSon(AnhSon) used a empty_beer_bottle 2-15-2021, 12:08:04 AM
AnhSon(AnhSon) used a empty_beer_bottle 2-15-2021, 12:08:04 AM
AnhSon(AnhSon) used a empty_beer_bottle 2-15-2021, 12:08:04 AM
AnhSon(AnhSon) used a empty_beer_bottle 2-15-2021, 12:08:04 AM
AnhSon(AnhSon) used a empty_beer_bottle 2-15-2021, 12:08:05 AM
AnhSon(AnhSon) used a empty_beer_bottle 2-15-2021, 12:08:05 AM
AnhSon(AnhSon) used a empty_beer_bottle 2-15-2021, 12:08:05 AM
AnhSon(AnhSon) used a empty_beer_bottle 2-15-2021, 12:08:05 AM
AnhSon(AnhSon) used a empty_beer_bottle 2-15-2021, 12:08:05 AM
AnhSon(AnhSon) used a empty_beer_bottle 2-15-2021, 12:08:05 AM
AnhSon(AnhSon) used a empty_beer_bottle 2-15-2021, 12:08:06 AM
AnhSon(AnhSon) used a empty_beer_bottle 2-15-2021, 12:08:07 AM
AnhSon(AnhSon) used a empty_beer_bottle 2-15-2021, 12:08:08 AM
AnhSon(AnhSon) used a empty_beer_bottle 2-15-2021, 12:08:08 AM
AnhSon(AnhSon) used a empty_beer_bottle 2-15-2021, 12:08:08 AM
AnhSon(AnhSon) used a empty_beer_bottle 2-15-2021, 12:08:08 AM
AnhSon(AnhSon) used a empty_beer_bottle 2-15-2021, 12:08:40 AM
AnhSon(AnhSon) used a steal_warhammer 2-15-2021, 12:09:31 AM
AnhSon(AnhSon) used a steal_warhammer 2-15-2021, 12:09:31 AM
AnhSon(AnhSon) used a steal_warhammer 2-15-2021, 12:09:31 AM
AnhSon(AnhSon) used a police_car 2-15-2021, 12:09:44 AM
AnhSon(AnhSon) used a aircraft 2-15-2021, 12:11:06 AM
AnhSon(AnhSon) used a aircraft 2-15-2021, 12:11:07 AM
AnhSon(AnhSon) used a metal 2-15-2021, 12:13:04 AM
AnhSon(AnhSon) used a tk_ultra_health_potion 2-15-2021, 12:13:58 AM
AnhSon(AnhSon) used a tk_ultra_health_potion 2-15-2021, 12:13:58 AM
AnhSon(AnhSon) used a tk_ultra_health_potion 2-15-2021, 12:14:37 AM
AnhSon(AnhSon) used a shield 2-15-2021, 12:14:43 AM
AnhSon(AnhSon) used a shield 2-15-2021, 12:14:43 AM
AnhSon(AnhSon) used a shield 2-15-2021, 12:14:43 AM
AnhSon(AnhSon) used a empty_beer_bottle 2-15-2021, 12:14:57 AM
AnhSon(AnhSon) used a empty_beer_bottle 2-15-2021, 12:14:57 AM
AnhSon(AnhSon) used a empty_beer_bottle 2-15-2021, 12:14:57 AM
AnhSon(AnhSon) used a empty_beer_bottle 2-15-2021, 12:14:57 AM
AnhSon(AnhSon) used a empty_beer_bottle 2-15-2021, 12:15:02 AM
AnhSon(AnhSon) used a empty_beer_bottle 2-15-2021, 12:15:14 AM
AnhSon(AnhSon) used a empty_beer_bottle 2-15-2021, 12:15:35 AM
AnhSon(AnhSon) used a empty_beer_bottle 2-15-2021, 12:15:36 AM
AnhSon(AnhSon) used a steal_warhammer 2-15-2021, 12:16:24 AM
AnhSon(AnhSon) used a shield 2-15-2021, 12:16:50 AM
AnhSon(AnhSon) used a shield 2-15-2021, 12:16:50 AM
AnhSon(AnhSon) used a shield 2-15-2021, 12:16:50 AM
AnhSon(AnhSon) used a shield 2-15-2021, 12:16:51 AM
AnhSon(AnhSon) used a shield 2-15-2021, 12:16:51 AM
AnhSon(AnhSon) used a shield 2-15-2021, 12:16:51 AM
AnhSon(AnhSon) used a shield 2-15-2021, 12:16:51 AM
AnhSon(AnhSon) used a shield 2-15-2021, 12:16:52 AM
AnhSon(AnhSon) used a shield 2-15-2021, 12:16:52 AM
AnhSon(AnhSon) used a shield 2-15-2021, 12:16:52 AM
AnhSon(AnhSon) used a shield 2-15-2021, 12:16:52 AM
AnhSon(AnhSon) used a shield 2-15-2021, 12:16:52 AM
AnhSon(AnhSon) used a shield 2-15-2021, 12:16:52 AM
AnhSon(AnhSon) used a shield 2-15-2021, 12:16:53 AM
AnhSon(AnhSon) used a shield 2-15-2021, 12:16:53 AM
AnhSon(AnhSon) used a shield 2-15-2021, 12:16:53 AM
AnhSon(AnhSon) used a shield 2-15-2021, 12:16:54 AM
AnhSon(AnhSon) used a health_drink 2-15-2021, 12:17:22 AM
AnhSon(AnhSon) used a health_drink 2-15-2021, 12:17:22 AM
AnhSon(AnhSon) used a health_drink 2-15-2021, 12:17:25 AM
AnhSon(AnhSon) used a health_drink 2-15-2021, 12:17:26 AM
AnhSon(AnhSon) used a health_drink 2-15-2021, 12:17:26 AM
AnhSon(AnhSon) used a health_drink 2-15-2021, 12:17:27 AM
AnhSon(AnhSon) used a steal_warhammer 2-15-2021, 12:17:58 AM
AnhSon(AnhSon) used a empty_beer_bottle 2-15-2021, 12:18:07 AM
AnhSon(AnhSon) used a empty_beer_bottle 2-15-2021, 12:18:16 AM
AnhSon(AnhSon) used a empty_beer_bottle 2-15-2021, 12:18:16 AM
AnhSon(AnhSon) used a empty_beer_bottle 2-15-2021, 12:18:16 AM
AnhSon(AnhSon) used a empty_beer_bottle 2-15-2021, 12:18:17 AM
AnhSon(AnhSon) used a empty_beer_bottle 2-15-2021, 12:18:17 AM
AnhSon(AnhSon) used a empty_beer_bottle 2-15-2021, 12:18:17 AM
AnhSon(AnhSon) used a empty_beer_bottle 2-15-2021, 12:18:18 AM
AnhSon(AnhSon) used a empty_beer_bottle 2-15-2021, 12:18:18 AM
AnhSon(AnhSon) used a empty_beer_bottle 2-15-2021, 12:18:19 AM
AnhSon(AnhSon) used a empty_beer_bottle 2-15-2021, 12:18:19 AM
AnhSon(AnhSon) used a empty_beer_bottle 2-15-2021, 12:18:19 AM
AnhSon(AnhSon) used a empty_beer_bottle 2-15-2021, 12:18:20 AM
AnhSon(AnhSon) used a empty_beer_bottle 2-15-2021, 12:18:20 AM
AnhSon(AnhSon) used a empty_beer_bottle 2-15-2021, 12:18:20 AM
AnhSon(AnhSon) used a empty_beer_bottle 2-15-2021, 12:18:20 AM
AnhSon(AnhSon) used a rocket_launcher 2-15-2021, 12:18:53 AM
AnhSon(AnhSon) used a rocket_launcher 2-15-2021, 12:18:53 AM
AnhSon(AnhSon) used a steal_warhammer 2-15-2021, 12:19:56 AM
AnhSon(AnhSon) used a steal_warhammer 2-15-2021, 12:19:56 AM
AnhSon(AnhSon) used a steal_warhammer 2-15-2021, 12:19:56 AM
AnhSon(AnhSon) used a tk_ultra_health_potion 2-15-2021, 12:20:11 AM
AnhSon(AnhSon) used a tk_ultra_health_potion 2-15-2021, 12:20:12 AM
AnhSon(AnhSon) used a tk_ultra_health_potion 2-15-2021, 12:20:12 AM
AnhSon(AnhSon) used a tk_ultra_health_potion 2-15-2021, 12:20:38 AM
AnhSon(AnhSon) used a tk_ultra_health_potion 2-15-2021, 12:20:39 AM
AnhSon(AnhSon) used a tk_ultra_health_potion 2-15-2021, 12:20:40 AM
AnhSon(AnhSon) used a health_drink 2-15-2021, 12:20:44 AM
AnhSon(AnhSon) used a health_drink 2-15-2021, 12:20:44 AM
AnhSon(AnhSon) used a health_drink 2-15-2021, 12:20:47 AM
AnhSon(AnhSon) used a health_drink 2-15-2021, 12:20:47 AM
AnhSon(AnhSon) used a health_drink 2-15-2021, 12:20:50 AM
AnhSon(AnhSon) used a health_drink 2-15-2021, 12:20:50 AM
AnhSon(AnhSon) used a steal_warhammer 2-15-2021, 12:20:57 AM
AnhSon(AnhSon) used a empty_beer_bottle 2-15-2021, 12:21:30 AM
AnhSon(AnhSon) used a empty_beer_bottle 2-15-2021, 12:21:31 AM
AnhSon(AnhSon) used a empty_beer_bottle 2-15-2021, 12:21:33 AM
AnhSon(AnhSon) used a rocket_launcher 2-15-2021, 12:22:03 AM
AnhSon(AnhSon) used a rocket_launcher 2-15-2021, 12:22:04 AM
AnhSon(AnhSon) used a tk_ultra_health_potion 2-15-2021, 12:22:34 AM
AnhSon(AnhSon) used a tk_ultra_health_potion 2-15-2021, 12:22:34 AM
AnhSon(AnhSon) used a tk_ultra_health_potion 2-15-2021, 12:23:09 AM
AnhSon(AnhSon) used a tk_ultra_health_potion 2-15-2021, 12:23:09 AM
AnhSon(AnhSon) used a shield 2-15-2021, 12:23:20 AM
AnhSon(AnhSon) used a shield 2-15-2021, 12:23:20 AM
AnhSon(AnhSon) used a shield 2-15-2021, 12:23:21 AM
AnhSon(AnhSon) used a shield 2-15-2021, 12:23:33 AM
AnhSon(AnhSon) used a shield 2-15-2021, 12:23:33 AM
AnhSon(AnhSon) used a shield 2-15-2021, 12:23:34 AM
AnhSon(AnhSon) used a shield 2-15-2021, 12:23:34 AM
AnhSon(AnhSon) used a shield 2-15-2021, 12:23:34 AM
AnhSon(AnhSon) used a shield 2-15-2021, 12:23:34 AM
AnhSon(AnhSon) used a shield 2-15-2021, 12:23:35 AM
AnhSon(AnhSon) used a shield 2-15-2021, 12:23:35 AM
AnhSon(AnhSon) used a shield 2-15-2021, 12:23:35 AM
AnhSon(AnhSon) used a shield 2-15-2021, 12:23:35 AM
AnhSon(AnhSon) used a shield 2-15-2021, 12:23:36 AM
AnhSon(AnhSon) used a shield 2-15-2021, 12:23:36 AM
AnhSon(AnhSon) used a steal_warhammer 2-15-2021, 12:23:40 AM
AnhSon(AnhSon) used a steal_warhammer 2-15-2021, 12:23:40 AM
AnhSon(AnhSon) used a steal_warhammer 2-15-2021, 12:23:40 AM
AnhSon(AnhSon) used a rocket_launcher 2-15-2021, 12:24:04 AM
AnhSon(AnhSon) used a rocket_launcher 2-15-2021, 12:24:04 AM
AnhSon(AnhSon) used a health_drink 2-15-2021, 12:24:39 AM
AnhSon(AnhSon) used a health_drink 2-15-2021, 12:24:39 AM
AnhSon(AnhSon) used a health_drink 2-15-2021, 12:24:40 AM
AnhSon(AnhSon) used a health_drink 2-15-2021, 12:24:42 AM
AnhSon(AnhSon) used a health_drink 2-15-2021, 12:24:42 AM
AnhSon(AnhSon) used a health_drink 2-15-2021, 12:24:43 AM
AnhSon(AnhSon) used a health_drink 2-15-2021, 12:24:46 AM
AnhSon(AnhSon) used a health_drink 2-15-2021, 12:24:46 AM
AnhSon(AnhSon) used a health_drink 2-15-2021, 12:24:52 AM
AnhSon(AnhSon) used a health_drink 2-15-2021, 12:24:52 AM
AnhSon(AnhSon) used a health_drink 2-15-2021, 12:24:55 AM
AnhSon(AnhSon) used a health_drink 2-15-2021, 12:24:55 AM
AnhSon(AnhSon) used a health_drink 2-15-2021, 12:24:56 AM
AnhSon(AnhSon) used a health_drink 2-15-2021, 12:25:00 AM
AnhSon(AnhSon) used a health_drink 2-15-2021, 12:25:00 AM
AnhSon(AnhSon) used a tk_ultra_health_potion 2-15-2021, 12:25:44 AM
AnhSon(AnhSon) used a tk_ultra_health_potion 2-15-2021, 12:25:45 AM
AnhSon(AnhSon) used a tk_ultra_health_potion 2-15-2021, 12:25:45 AM
AnhSon(AnhSon) used a tk_ultra_health_potion 2-15-2021, 12:26:34 AM
AnhSon(AnhSon) used a tk_ultra_health_potion 2-15-2021, 12:26:34 AM
AnhSon(AnhSon) used a steal_warhammer 2-15-2021, 12:26:46 AM
AnhSon(AnhSon) used a steal_warhammer 2-15-2021, 12:26:46 AM
AnhSon(AnhSon) used a empty_beer_bottle 2-15-2021, 12:26:52 AM
AnhSon(AnhSon) used a empty_beer_bottle 2-15-2021, 12:26:52 AM
AnhSon(AnhSon) used a helicopter 2-15-2021, 12:27:27 AM
AnhSon(AnhSon) used a rocket_launcher 2-15-2021, 12:27:57 AM
AnhSon(AnhSon) used a rocket_launcher 2-15-2021, 12:27:57 AM
AnhSon(AnhSon) used a steal_warhammer 2-15-2021, 12:28:22 AM
AnhSon(AnhSon) used a steal_warhammer 2-15-2021, 12:28:22 AM
AnhSon(AnhSon) used a health_drink 2-15-2021, 12:29:12 AM
AnhSon(AnhSon) used a health_drink 2-15-2021, 12:29:13 AM
AnhSon(AnhSon) used a health_drink 2-15-2021, 12:29:13 AM
AnhSon(AnhSon) used a health_drink 2-15-2021, 12:29:13 AM
AnhSon(AnhSon) used a health_drink 2-15-2021, 12:29:20 AM
AnhSon(AnhSon) used a health_drink 2-15-2021, 12:29:20 AM
AnhSon(AnhSon) used a health_drink 2-15-2021, 12:29:23 AM
AnhSon(AnhSon) used a health_drink 2-15-2021, 12:29:23 AM
AnhSon(AnhSon) used a health_drink 2-15-2021, 12:29:24 AM
AnhSon(AnhSon) used a health_drink 2-15-2021, 12:29:26 AM
AnhSon(AnhSon) used a health_drink 2-15-2021, 12:29:27 AM
AnhSon(AnhSon) used a rocket_launcher 2-15-2021, 12:29:53 AM
AnhSon(AnhSon) used a rocket_launcher 2-15-2021, 12:29:54 AM
AnhSon(AnhSon) used a rocket_launcher 2-15-2021, 12:29:54 AM
AnhSon(AnhSon) used a steal_warhammer 2-15-2021, 12:30:22 AM
AnhSon(AnhSon) used a steal_warhammer 2-15-2021, 12:30:22 AM
AnhSon(AnhSon) used a tk_ultra_health_potion 2-15-2021, 12:30:51 AM
AnhSon(AnhSon) used a tk_ultra_health_potion 2-15-2021, 12:30:51 AM
AnhSon(AnhSon) used a empty_beer_bottle 2-15-2021, 12:31:44 AM
AnhSon(AnhSon) used a helicopter 2-15-2021, 12:32:39 AM
AnhSon(AnhSon) used a helicopter 2-15-2021, 12:32:55 AM
AnhSon(AnhSon) used a helicopter 2-15-2021, 12:32:56 AM
AnhSon(AnhSon) used a helicopter 2-15-2021, 12:33:12 AM
AnhSon(AnhSon) used a empty_beer_bottle 2-15-2021, 12:33:31 AM
AnhSon(AnhSon) used a empty_beer_bottle 2-15-2021, 12:33:32 AM
AnhSon(AnhSon) used a rocket_launcher 2-15-2021, 12:34:08 AM
AnhSon(AnhSon) used a rocket_launcher 2-15-2021, 12:34:08 AM
AnhSon(AnhSon) used a rocket_launcher 2-15-2021, 12:34:08 AM
AnhSon(AnhSon) used a shield 2-15-2021, 12:35:00 AM
AnhSon(AnhSon) used a shield 2-15-2021, 12:35:00 AM
AnhSon(AnhSon) used a shield 2-15-2021, 12:35:00 AM
AnhSon(AnhSon) used a shield 2-15-2021, 12:35:00 AM
AnhSon(AnhSon) used a shield 2-15-2021, 12:35:00 AM
AnhSon(AnhSon) used a shield 2-15-2021, 12:35:01 AM
AnhSon(AnhSon) used a shield 2-15-2021, 12:35:01 AM
AnhSon(AnhSon) used a shield 2-15-2021, 12:35:01 AM
AnhSon(AnhSon) used a shield 2-15-2021, 12:35:02 AM
AnhSon(AnhSon) used a shield 2-15-2021, 12:35:02 AM
AnhSon(AnhSon) used a shield 2-15-2021, 12:35:02 AM
AnhSon(AnhSon) used a shield 2-15-2021, 12:35:02 AM
AnhSon(AnhSon) used a shield 2-15-2021, 12:35:02 AM
AnhSon(AnhSon) used a shield 2-15-2021, 12:35:02 AM
AnhSon(AnhSon) used a shield 2-15-2021, 12:35:03 AM
AnhSon(AnhSon) used a shield 2-15-2021, 12:35:03 AM
AnhSon(AnhSon) used a shield 2-15-2021, 12:35:03 AM
AnhSon(AnhSon) used a shield 2-15-2021, 12:35:03 AM
AnhSon(AnhSon) used a shield 2-15-2021, 12:35:04 AM
AnhSon(AnhSon) used a shield 2-15-2021, 12:35:04 AM
AnhSon(AnhSon) used a shield 2-15-2021, 12:35:04 AM
AnhSon(AnhSon) used a shield 2-15-2021, 12:35:04 AM
AnhSon(AnhSon) used a shield 2-15-2021, 12:35:05 AM
AnhSon(AnhSon) used a shield 2-15-2021, 12:35:05 AM
AnhSon(AnhSon) used a shield 2-15-2021, 12:35:05 AM
AnhSon(AnhSon) used a tk_ultra_health_potion 2-15-2021, 12:35:09 AM
AnhSon(AnhSon) used a tk_ultra_health_potion 2-15-2021, 12:35:09 AM
AnhSon(AnhSon) used a tk_ultra_health_potion 2-15-2021, 12:35:09 AM
AnhSon(AnhSon) used a tk_ultra_health_potion 2-15-2021, 12:35:09 AM
AnhSon(AnhSon) used a tk_ultra_health_potion 2-15-2021, 12:35:42 AM
AnhSon(AnhSon) used a tk_ultra_health_potion 2-15-2021, 12:35:42 AM
AnhSon(AnhSon) used a steal_warhammer 2-15-2021, 12:35:49 AM
AnhSon(AnhSon) used a steal_warhammer 2-15-2021, 12:35:49 AM
AnhSon(AnhSon) used a rocket_launcher 2-15-2021, 12:36:15 AM
AnhSon(AnhSon) used a rocket_launcher 2-15-2021, 12:36:15 AM
AnhSon(AnhSon) used a tk_ultra_health_potion 2-15-2021, 12:37:57 AM
AnhSon(AnhSon) used a tk_ultra_health_potion 2-15-2021, 12:37:57 AM
AnhSon(AnhSon) used a tk_ultra_health_potion 2-15-2021, 12:37:57 AM
AnhSon(AnhSon) used a steal_warhammer 2-15-2021, 12:38:06 AM
AnhSon(AnhSon) used a steal_warhammer 2-15-2021, 12:38:06 AM
AnhSon(AnhSon) used a steal_warhammer 2-15-2021, 12:38:06 AM
AnhSon(AnhSon) used a steal_warhammer 2-15-2021, 12:38:26 AM
AnhSon(AnhSon) used a steal_warhammer 2-15-2021, 12:38:27 AM
AnhSon(AnhSon) used a steal_warhammer 2-15-2021, 12:38:27 AM
AnhSon(AnhSon) used a steal_warhammer 2-15-2021, 12:38:28 AM
AnhSon(AnhSon) used a steal_warhammer 2-15-2021, 12:38:28 AM
AnhSon(AnhSon) used a steal_warhammer 2-15-2021, 12:38:28 AM
AnhSon(AnhSon) used a steal_warhammer 2-15-2021, 12:38:29 AM
AnhSon(AnhSon) used a tk_ultra_health_potion 2-15-2021, 12:38:33 AM
AnhSon(AnhSon) used a tk_ultra_health_potion 2-15-2021, 12:38:33 AM
AnhSon(AnhSon) used a tk_ultra_health_potion 2-15-2021, 12:38:33 AM
AnhSon(AnhSon) used a rocket_launcher 2-15-2021, 12:39:21 AM
AnhSon(AnhSon) used a rocket_launcher 2-15-2021, 12:39:21 AM
AnhSon(AnhSon) used a health_drink 2-15-2021, 12:39:38 AM
AnhSon(AnhSon) used a health_drink 2-15-2021, 12:39:38 AM
AnhSon(AnhSon) used a health_drink 2-15-2021, 12:39:42 AM
AnhSon(AnhSon) used a health_drink 2-15-2021, 12:39:42 AM
AnhSon(AnhSon) used a health_drink 2-15-2021, 12:40:01 AM
AnhSon(AnhSon) used a health_drink 2-15-2021, 12:40:01 AM
AnhSon(AnhSon) used a health_drink 2-15-2021, 12:40:01 AM
AnhSon(AnhSon) used a health_drink 2-15-2021, 12:40:02 AM
AnhSon(AnhSon) used a health_drink 2-15-2021, 12:40:02 AM
AnhSon(AnhSon) used a health_drink 2-15-2021, 12:40:02 AM
AnhSon(AnhSon) used a health_drink 2-15-2021, 12:40:03 AM
AnhSon(AnhSon) used a health_drink 2-15-2021, 12:40:03 AM
AnhSon(AnhSon) used a health_drink 2-15-2021, 12:40:03 AM
AnhSon(AnhSon) used a health_drink 2-15-2021, 12:40:04 AM
AnhSon(AnhSon) used a health_drink 2-15-2021, 12:40:04 AM
AnhSon(AnhSon) used a health_drink 2-15-2021, 12:40:04 AM
AnhSon(AnhSon) used a health_drink 2-15-2021, 12:40:08 AM
AnhSon(AnhSon) used a health_drink 2-15-2021, 12:40:08 AM
AnhSon(AnhSon) used a health_drink 2-15-2021, 12:40:11 AM
AnhSon(AnhSon) used a health_drink 2-15-2021, 12:40:11 AM
AnhSon(AnhSon) used a health_drink 2-15-2021, 12:40:11 AM
AnhSon(AnhSon) used a health_drink 2-15-2021, 12:40:14 AM
AnhSon(AnhSon) used a health_drink 2-15-2021, 12:40:14 AM
AnhSon(AnhSon) used a health_drink 2-15-2021, 12:40:17 AM
AnhSon(AnhSon) used a health_drink 2-15-2021, 12:40:17 AM
AnhSon(AnhSon) used a health_drink 2-15-2021, 12:40:17 AM
AnhSon(AnhSon) used a health_drink 2-15-2021, 12:40:20 AM
AnhSon(AnhSon) used a steal_warhammer 2-15-2021, 12:40:28 AM
AnhSon(AnhSon) used a steal_warhammer 2-15-2021, 12:40:28 AM
AnhSon(AnhSon) used a steal_warhammer 2-15-2021, 12:40:28 AM
AnhSon(AnhSon) used a steal_warhammer 2-15-2021, 12:40:54 AM
AnhSon(AnhSon) used a empty_beer_bottle 2-15-2021, 12:41:17 AM
AnhSon(AnhSon) used a empty_beer_bottle 2-15-2021, 12:41:18 AM
AnhSon(AnhSon) used a empty_beer_bottle 2-15-2021, 12:41:18 AM
AnhSon(AnhSon) used a rocket_launcher 2-15-2021, 12:41:38 AM
AnhSon(AnhSon) used a rocket_launcher 2-15-2021, 12:41:38 AM
AnhSon(AnhSon) used a rocket_launcher 2-15-2021, 12:41:39 AM
AnhSon(AnhSon) used a shield 2-15-2021, 12:41:56 AM
AnhSon(AnhSon) used a shield 2-15-2021, 12:41:56 AM
AnhSon(AnhSon) used a shield 2-15-2021, 12:41:57 AM
AnhSon(AnhSon) used a shield 2-15-2021, 12:41:57 AM
AnhSon(AnhSon) used a shield 2-15-2021, 12:41:57 AM
AnhSon(AnhSon) used a shield 2-15-2021, 12:41:57 AM
AnhSon(AnhSon) used a shield 2-15-2021, 12:41:57 AM
AnhSon(AnhSon) used a shield 2-15-2021, 12:41:57 AM
AnhSon(AnhSon) used a shield 2-15-2021, 12:41:57 AM
AnhSon(AnhSon) used a shield 2-15-2021, 12:41:57 AM
AnhSon(AnhSon) used a shield 2-15-2021, 12:41:58 AM
AnhSon(AnhSon) used a shield 2-15-2021, 12:41:58 AM
AnhSon(AnhSon) used a shield 2-15-2021, 12:41:58 AM
AnhSon(AnhSon) used a shield 2-15-2021, 12:41:58 AM
AnhSon(AnhSon) used a shield 2-15-2021, 12:41:58 AM
AnhSon(AnhSon) used a shield 2-15-2021, 12:41:58 AM
AnhSon(AnhSon) used a shield 2-15-2021, 12:41:59 AM
AnhSon(AnhSon) used a shield 2-15-2021, 12:41:59 AM
AnhSon(AnhSon) used a shield 2-15-2021, 12:41:59 AM
AnhSon(AnhSon) used a shield 2-15-2021, 12:41:59 AM
AnhSon(AnhSon) used a shield 2-15-2021, 12:41:59 AM
AnhSon(AnhSon) used a shield 2-15-2021, 12:41:59 AM
AnhSon(AnhSon) used a shield 2-15-2021, 12:41:59 AM
AnhSon(AnhSon) used a shield 2-15-2021, 12:42:00 AM
AnhSon(AnhSon) used a shield 2-15-2021, 12:42:00 AM
AnhSon(AnhSon) used a shield 2-15-2021, 12:42:00 AM
AnhSon(AnhSon) used a shield 2-15-2021, 12:42:00 AM
AnhSon(AnhSon) used a shield 2-15-2021, 12:42:01 AM
AnhSon(AnhSon) used a tk_ultra_health_potion 2-15-2021, 12:42:17 AM
AnhSon(AnhSon) used a tk_ultra_health_potion 2-15-2021, 12:42:17 AM
AnhSon(AnhSon) used a health_drink 2-15-2021, 12:42:24 AM
AnhSon(AnhSon) used a health_drink 2-15-2021, 12:42:24 AM
AnhSon(AnhSon) used a rocket_launcher 2-15-2021, 12:42:38 AM
AnhSon(AnhSon) used a rocket_launcher 2-15-2021, 12:42:40 AM
AnhSon(AnhSon) used a rocket_launcher 2-15-2021, 12:42:41 AM
AnhSon(AnhSon) used a health_drink 2-15-2021, 12:42:47 AM
AnhSon(AnhSon) used a health_drink 2-15-2021, 12:42:47 AM
AnhSon(AnhSon) used a health_drink 2-15-2021, 12:42:50 AM
AnhSon(AnhSon) used a health_drink 2-15-2021, 12:42:50 AM
AnhSon(AnhSon) used a health_drink 2-15-2021, 12:42:50 AM
AnhSon(AnhSon) used a health_drink 2-15-2021, 12:42:51 AM
AnhSon(AnhSon) used a rocket_launcher 2-15-2021, 12:42:56 AM
AnhSon(AnhSon) used a rocket_launcher 2-15-2021, 12:42:56 AM
AnhSon(AnhSon) used a rocket_launcher 2-15-2021, 12:42:59 AM
AnhSon(AnhSon) used a rocket_launcher 2-15-2021, 12:42:59 AM
AnhSon(AnhSon) used a shield 2-15-2021, 12:46:35 AM
AnhSon(AnhSon) used a shield 2-15-2021, 12:46:36 AM
AnhSon(AnhSon) used a shield 2-15-2021, 12:46:36 AM
AnhSon(AnhSon) used a shield 2-15-2021, 12:46:36 AM
AnhSon(AnhSon) used a shield 2-15-2021, 12:46:36 AM
AnhSon(AnhSon) used a shield 2-15-2021, 12:46:36 AM
AnhSon(AnhSon) used a shield 2-15-2021, 12:46:36 AM
AnhSon(AnhSon) used a shield 2-15-2021, 12:46:37 AM
AnhSon(AnhSon) used a shield 2-15-2021, 12:46:37 AM
AnhSon(AnhSon) used a shield 2-15-2021, 12:46:37 AM
AnhSon(AnhSon) used a shield 2-15-2021, 12:46:37 AM
AnhSon(AnhSon) used a shield 2-15-2021, 12:46:38 AM
AnhSon(AnhSon) used a shield 2-15-2021, 12:46:38 AM
AnhSon(AnhSon) used a shield 2-15-2021, 12:46:38 AM
AnhSon(AnhSon) used a shield 2-15-2021, 12:46:38 AM
AnhSon(AnhSon) used a shield 2-15-2021, 12:46:38 AM
AnhSon(AnhSon) used a shield 2-15-2021, 12:46:39 AM
AnhSon(AnhSon) used a shield 2-15-2021, 12:46:39 AM
AnhSon(AnhSon) used a shield 2-15-2021, 12:46:39 AM
AnhSon(AnhSon) used a shield 2-15-2021, 12:46:39 AM
AnhSon(AnhSon) used a shield 2-15-2021, 12:46:39 AM
AnhSon(AnhSon) used a shield 2-15-2021, 12:46:39 AM
AnhSon(AnhSon) used a shield 2-15-2021, 12:46:40 AM
AnhSon(AnhSon) used a shield 2-15-2021, 12:46:40 AM
AnhSon(AnhSon) used a health_drink 2-15-2021, 12:46:43 AM
AnhSon(AnhSon) used a health_drink 2-15-2021, 12:46:43 AM
AnhSon(AnhSon) used a health_drink 2-15-2021, 12:46:52 AM
AnhSon(AnhSon) used a health_drink 2-15-2021, 12:46:52 AM
AnhSon(AnhSon) used a health_drink 2-15-2021, 12:46:55 AM
AnhSon(AnhSon) used a health_drink 2-15-2021, 12:46:55 AM
AnhSon(AnhSon) used a health_drink 2-15-2021, 12:46:56 AM
AnhSon(AnhSon) used a health_drink 2-15-2021, 12:46:56 AM
AnhSon(AnhSon) used a health_drink 2-15-2021, 12:46:58 AM
AnhSon(AnhSon) used a health_drink 2-15-2021, 12:46:59 AM
AnhSon(AnhSon) used a health_drink 2-15-2021, 12:46:59 AM
AnhSon(AnhSon) used a health_drink 2-15-2021, 12:47:01 AM
AnhSon(AnhSon) used a health_drink 2-15-2021, 12:47:02 AM
AnhSon(AnhSon) used a health_drink 2-15-2021, 12:47:02 AM
AnhSon(AnhSon) used a health_drink 2-15-2021, 12:47:02 AM
AnhSon(AnhSon) used a health_drink 2-15-2021, 12:47:05 AM
AnhSon(AnhSon) used a health_drink 2-15-2021, 12:47:05 AM
AnhSon(AnhSon) used a health_drink 2-15-2021, 12:47:05 AM
AnhSon(AnhSon) used a health_drink 2-15-2021, 12:47:07 AM
AnhSon(AnhSon) used a health_drink 2-15-2021, 12:47:08 AM
AnhSon(AnhSon) used a health_drink 2-15-2021, 12:47:08 AM
AnhSon(AnhSon) used a health_drink 2-15-2021, 12:47:08 AM
AnhSon(AnhSon) used a health_drink 2-15-2021, 12:47:08 AM
AnhSon(AnhSon) used a health_drink 2-15-2021, 12:47:09 AM
AnhSon(AnhSon) used a health_drink 2-15-2021, 12:47:09 AM
AnhSon(AnhSon) used a health_drink 2-15-2021, 12:47:09 AM
AnhSon(AnhSon) used a health_drink 2-15-2021, 12:47:11 AM
AnhSon(AnhSon) used a health_drink 2-15-2021, 12:47:11 AM
AnhSon(AnhSon) used a health_drink 2-15-2021, 12:47:11 AM
AnhSon(AnhSon) used a tk_ultra_health_potion 2-15-2021, 12:50:10 AM
AnhSon(AnhSon) used a tk_ultra_health_potion 2-15-2021, 12:50:10 AM
AnhSon(AnhSon) used a tk_ultra_health_potion 2-15-2021, 12:50:11 AM
AnhSon(AnhSon) used a tk_ultra_health_potion 2-15-2021, 12:50:41 AM
AnhSon(AnhSon) used a tk_ultra_health_potion 2-15-2021, 12:50:41 AM
AnhSon(AnhSon) used a health_drink 2-15-2021, 12:54:04 AM
AnhSon(AnhSon) used a health_drink 2-15-2021, 12:54:04 AM
AnhSon(AnhSon) used a health_drink 2-15-2021, 12:54:09 AM
AnhSon(AnhSon) used a health_drink 2-15-2021, 12:54:09 AM
AnhSon(AnhSon) used a health_drink 2-15-2021, 12:54:10 AM
AnhSon(AnhSon) used a health_drink 2-15-2021, 12:54:13 AM
AnhSon(AnhSon) used a health_drink 2-15-2021, 12:54:13 AM
AnhSon(AnhSon) used a health_drink 2-15-2021, 12:54:17 AM
AnhSon(AnhSon) used a health_drink 2-15-2021, 12:54:17 AM
AnhSon(AnhSon) used a health_drink 2-15-2021, 12:54:18 AM
AnhSon(AnhSon) used a health_drink 2-15-2021, 12:54:29 AM
AnhSon(AnhSon) used a health_drink 2-15-2021, 12:54:29 AM
AnhSon(AnhSon) used a health_drink 2-15-2021, 12:54:33 AM
AnhSon(AnhSon) used a health_drink 2-15-2021, 12:54:33 AM
AnhSon(AnhSon) used a health_drink 2-15-2021, 12:54:37 AM
AnhSon(AnhSon) used a health_drink 2-15-2021, 12:54:37 AM
AnhSon(AnhSon) used a health_drink 2-15-2021, 12:55:11 AM
AnhSon(AnhSon) used a health_drink 2-15-2021, 12:55:11 AM
AnhSon(AnhSon) used a health_drink 2-15-2021, 12:55:15 AM
AnhSon(AnhSon) used a health_drink 2-15-2021, 12:55:15 AM
AnhSon(AnhSon) used a health_drink 2-15-2021, 12:55:15 AM
AnhSon(AnhSon) used a shield 2-15-2021, 12:55:20 AM
AnhSon(AnhSon) used a shield 2-15-2021, 12:55:25 AM
AnhSon(AnhSon) used a shield 2-15-2021, 12:55:25 AM
AnhSon(AnhSon) used a shield 2-15-2021, 12:55:25 AM
AnhSon(AnhSon) used a shield 2-15-2021, 12:55:27 AM
AnhSon(AnhSon) used a shield 2-15-2021, 12:55:28 AM
AnhSon(AnhSon) used a shield 2-15-2021, 12:55:28 AM
AnhSon(AnhSon) used a shield 2-15-2021, 12:55:30 AM
AnhSon(AnhSon) used a shield 2-15-2021, 12:55:30 AM
AnhSon(AnhSon) used a shield 2-15-2021, 12:55:30 AM
AnhSon(AnhSon) used a shield 2-15-2021, 12:55:31 AM
AnhSon(AnhSon) used a shield 2-15-2021, 12:55:31 AM
AnhSon(AnhSon) used a shield 2-15-2021, 12:55:31 AM
AnhSon(AnhSon) used a shield 2-15-2021, 12:55:31 AM
AnhSon(AnhSon) used a shield 2-15-2021, 12:55:31 AM
AnhSon(AnhSon) used a shield 2-15-2021, 12:55:31 AM
AnhSon(AnhSon) used a shield 2-15-2021, 12:55:32 AM
AnhSon(AnhSon) used a shield 2-15-2021, 12:55:32 AM
AnhSon(AnhSon) used a shield 2-15-2021, 12:55:32 AM
AnhSon(AnhSon) used a shield 2-15-2021, 12:55:32 AM
AnhSon(AnhSon) used a shield 2-15-2021, 12:55:32 AM
AnhSon(AnhSon) used a shield 2-15-2021, 12:55:33 AM
AnhSon(AnhSon) used a shield 2-15-2021, 12:55:33 AM
AnhSon(AnhSon) used a shield 2-15-2021, 12:55:33 AM
AnhSon(AnhSon) used a shield 2-15-2021, 12:55:33 AM
AnhSon(AnhSon) used a shield 2-15-2021, 12:55:33 AM
AnhSon(AnhSon) used a shield 2-15-2021, 12:55:34 AM
AnhSon(AnhSon) used a shield 2-15-2021, 12:55:34 AM
AnhSon(AnhSon) used a shield 2-15-2021, 12:55:34 AM
AnhSon(AnhSon) used a shield 2-15-2021, 12:55:34 AM
AnhSon(AnhSon) used a shield 2-15-2021, 12:55:34 AM
AnhSon(AnhSon) used a shield 2-15-2021, 12:55:34 AM
AnhSon(AnhSon) used a shield 2-15-2021, 12:55:35 AM
AnhSon(AnhSon) used a shield 2-15-2021, 12:55:35 AM
AnhSon(AnhSon) used a shield 2-15-2021, 12:55:35 AM
AnhSon(AnhSon) used a shield 2-15-2021, 12:55:35 AM
AnhSon(AnhSon) used a rocket_launcher 2-15-2021, 12:55:52 AM
AnhSon(AnhSon) used a rocket_launcher 2-15-2021, 12:55:52 AM
AnhSon(AnhSon) used a shield 2-15-2021, 12:57:37 AM
AnhSon(AnhSon) used a shield 2-15-2021, 12:57:37 AM
AnhSon(AnhSon) used a shield 2-15-2021, 12:57:38 AM
AnhSon(AnhSon) used a shield 2-15-2021, 12:57:38 AM
AnhSon(AnhSon) used a shield 2-15-2021, 12:57:38 AM
AnhSon(AnhSon) used a shield 2-15-2021, 12:57:38 AM
AnhSon(AnhSon) used a shield 2-15-2021, 12:57:38 AM
AnhSon(AnhSon) used a shield 2-15-2021, 12:57:39 AM
AnhSon(AnhSon) used a shield 2-15-2021, 12:57:39 AM
AnhSon(AnhSon) used a shield 2-15-2021, 12:57:39 AM
AnhSon(AnhSon) used a shield 2-15-2021, 12:57:40 AM
AnhSon(AnhSon) used a shield 2-15-2021, 12:57:40 AM
AnhSon(AnhSon) used a shield 2-15-2021, 12:57:40 AM
AnhSon(AnhSon) used a shield 2-15-2021, 12:57:40 AM
AnhSon(AnhSon) used a shield 2-15-2021, 12:57:40 AM
AnhSon(AnhSon) used a shield 2-15-2021, 12:57:40 AM
AnhSon(AnhSon) used a shield 2-15-2021, 12:57:40 AM
AnhSon(AnhSon) used a shield 2-15-2021, 12:57:41 AM
AnhSon(AnhSon) used a shield 2-15-2021, 12:57:41 AM
AnhSon(AnhSon) used a shield 2-15-2021, 12:57:41 AM
AnhSon(AnhSon) used a shield 2-15-2021, 12:57:41 AM
AnhSon(AnhSon) used a shield 2-15-2021, 12:57:41 AM
AnhSon(AnhSon) used a shield 2-15-2021, 12:57:41 AM
AnhSon(AnhSon) used a shield 2-15-2021, 12:57:41 AM
AnhSon(AnhSon) used a shield 2-15-2021, 12:57:42 AM
AnhSon(AnhSon) used a shield 2-15-2021, 12:57:42 AM
AnhSon(AnhSon) used a shield 2-15-2021, 12:57:43 AM
AnhSon(AnhSon) used a tk_ultra_health_potion 2-15-2021, 12:57:48 AM
AnhSon(AnhSon) used a tk_ultra_health_potion 2-15-2021, 12:57:48 AM
AnhSon(AnhSon) used a tk_ultra_health_potion 2-15-2021, 12:58:02 AM
AnhSon(AnhSon) used a tk_ultra_health_potion 2-15-2021, 12:58:08 AM
AnhSon(AnhSon) used a tk_ultra_health_potion 2-15-2021, 12:58:11 AM
AnhSon(AnhSon) used a tk_ultra_health_potion 2-15-2021, 12:58:12 AM
AnhSon(AnhSon) used a tk_ultra_health_potion 2-15-2021, 12:58:12 AM
AnhSon(AnhSon) used a tk_ultra_health_potion 2-15-2021, 12:58:22 AM
AnhSon(AnhSon) used a tk_ultra_health_potion 2-15-2021, 12:58:22 AM
AnhSon(AnhSon) used a rocket_launcher 2-15-2021, 12:58:29 AM
AnhSon(AnhSon) used a rocket_launcher 2-15-2021, 12:58:31 AM
AnhSon(AnhSon) used a shield 2-15-2021, 1:01:07 AM
AnhSon(AnhSon) used a shield 2-15-2021, 1:01:07 AM
AnhSon(AnhSon) used a shield 2-15-2021, 1:01:07 AM
AnhSon(AnhSon) used a shield 2-15-2021, 1:01:08 AM
AnhSon(AnhSon) used a shield 2-15-2021, 1:01:08 AM
AnhSon(AnhSon) used a shield 2-15-2021, 1:01:08 AM
AnhSon(AnhSon) used a shield 2-15-2021, 1:01:08 AM
AnhSon(AnhSon) used a shield 2-15-2021, 1:01:08 AM
AnhSon(AnhSon) used a shield 2-15-2021, 1:01:09 AM
AnhSon(AnhSon) used a shield 2-15-2021, 1:01:09 AM
AnhSon(AnhSon) used a shield 2-15-2021, 1:01:09 AM
AnhSon(AnhSon) used a shield 2-15-2021, 1:01:09 AM
AnhSon(AnhSon) used a shield 2-15-2021, 1:01:10 AM
AnhSon(AnhSon) used a shield 2-15-2021, 1:01:10 AM
AnhSon(AnhSon) used a shield 2-15-2021, 1:01:11 AM
AnhSon(AnhSon) used a health_drink 2-15-2021, 1:01:17 AM
AnhSon(AnhSon) used a health_drink 2-15-2021, 1:01:17 AM
AnhSon(AnhSon) used a health_drink 2-15-2021, 1:01:17 AM
AnhSon(AnhSon) used a health_drink 2-15-2021, 1:01:21 AM
AnhSon(AnhSon) used a health_drink 2-15-2021, 1:01:21 AM
AnhSon(AnhSon) used a health_drink 2-15-2021, 1:01:26 AM
AnhSon(AnhSon) used a health_drink 2-15-2021, 1:01:26 AM
AnhSon(AnhSon) used a health_drink 2-15-2021, 1:01:26 AM
AnhSon(AnhSon) used a health_drink 2-15-2021, 1:01:32 AM
AnhSon(AnhSon) used a health_drink 2-15-2021, 1:01:32 AM
AnhSon(AnhSon) used a health_drink 2-15-2021, 1:01:33 AM
AnhSon(AnhSon) used a health_drink 2-15-2021, 1:01:37 AM
AnhSon(AnhSon) used a health_drink 2-15-2021, 1:01:37 AM
AnhSon(AnhSon) used a health_drink 2-15-2021, 1:01:40 AM
AnhSon(AnhSon) used a health_drink 2-15-2021, 1:01:40 AM
AnhSon(AnhSon) used a health_drink 2-15-2021, 1:01:40 AM
AnhSon(AnhSon) used a health_drink 2-15-2021, 1:01:41 AM
AnhSon(AnhSon) used a health_drink 2-15-2021, 1:01:43 AM
AnhSon(AnhSon) used a health_drink 2-15-2021, 1:01:43 AM
AnhSon(AnhSon) used a rocket_launcher 2-15-2021, 1:01:52 AM
AnhSon(AnhSon) used a rocket_launcher 2-15-2021, 1:01:52 AM
AnhSon(AnhSon) used a rocket_launcher 2-15-2021, 1:01:53 AM
AnhSon(AnhSon) used a tk_ultra_health_potion 2-15-2021, 1:02:36 AM
AnhSon(AnhSon) used a tk_ultra_health_potion 2-15-2021, 1:02:36 AM
AnhSon(AnhSon) used a tk_ultra_health_potion 2-15-2021, 1:02:36 AM
AnhSon(AnhSon) used a tk_ultra_health_potion 2-15-2021, 1:02:53 AM
AnhSon(AnhSon) used a tk_ultra_health_potion 2-15-2021, 1:02:54 AM
AnhSon(AnhSon) used a tk_ultra_health_potion 2-15-2021, 1:03:00 AM
AnhSon(AnhSon) used a tk_ultra_health_potion 2-15-2021, 1:03:00 AM
AnhSon(AnhSon) used a tk_ultra_health_potion 2-15-2021, 1:03:04 AM
AnhSon(AnhSon) used a tk_ultra_health_potion 2-15-2021, 1:03:04 AM
AnhSon(AnhSon) used a tk_ultra_health_potion 2-15-2021, 1:03:05 AM
AnhSon(AnhSon) used a tk_ultra_health_potion 2-15-2021, 1:03:07 AM
AnhSon(AnhSon) used a tk_ultra_health_potion 2-15-2021, 1:03:08 AM
AnhSon(AnhSon) used a tk_ultra_health_potion 2-15-2021, 1:03:08 AM
AnhSon(AnhSon) used a pack_of_10_ammo_rocket_launcher 2-15-2021, 1:07:05 AM
AnhSon(AnhSon) used a pack_of_10_ammo_rocket_launcher 2-15-2021, 1:07:05 AM
AnhSon(AnhSon) used a pack_of_10_ammo_rocket_launcher 2-15-2021, 1:07:06 AM
AnhSon(AnhSon) used a pack_of_10_ammo_rocket_launcher 2-15-2021, 1:07:06 AM
AnhSon(AnhSon) used a pack_of_10_ammo_rocket_launcher 2-15-2021, 1:07:06 AM
AnhSon(AnhSon) used a pack_of_10_ammo_rocket_launcher 2-15-2021, 1:07:06 AM
AnhSon(AnhSon) used a pack_of_10_ammo_rocket_launcher 2-15-2021, 1:07:06 AM
AnhSon(AnhSon) used a pack_of_10_ammo_rocket_launcher 2-15-2021, 1:07:06 AM
AnhSon(AnhSon) used a pack_of_10_ammo_rocket_launcher 2-15-2021, 1:07:07 AM
AnhSon(AnhSon) used a pack_of_10_ammo_rocket_launcher 2-15-2021, 1:07:07 AM
AnhSon(AnhSon) used a pack_of_10_ammo_rocket_launcher 2-15-2021, 1:07:07 AM
AnhSon(AnhSon) used a pack_of_10_ammo_rocket_launcher 2-15-2021, 1:07:07 AM
AnhSon(AnhSon) used a pack_of_10_ammo_rocket_launcher 2-15-2021, 1:07:07 AM
AnhSon(AnhSon) used a pack_of_10_ammo_rocket_launcher 2-15-2021, 1:07:08 AM
AnhSon(AnhSon) used a pack_of_10_ammo_rocket_launcher 2-15-2021, 1:07:08 AM
AnhSon(AnhSon) used a pack_of_10_ammo_rocket_launcher 2-15-2021, 1:07:08 AM
AnhSon(AnhSon) used a pack_of_10_ammo_rocket_launcher 2-15-2021, 1:07:08 AM
AnhSon(AnhSon) used a pack_of_10_ammo_rocket_launcher 2-15-2021, 1:07:08 AM
AnhSon(AnhSon) used a pack_of_10_ammo_rocket_launcher 2-15-2021, 1:07:09 AM
AnhSon(AnhSon) used a pack_of_10_ammo_rocket_launcher 2-15-2021, 1:07:09 AM
AnhSon(AnhSon) used a rocket_launcher 2-15-2021, 1:07:15 AM
AnhSon(AnhSon) used a rocket_launcher 2-15-2021, 1:07:15 AM
AnhSon(AnhSon) used a rocket_launcher 2-15-2021, 1:07:15 AM
AnhSon(AnhSon) used a rocket_launcher 2-15-2021, 1:07:15 AM
AnhSon(AnhSon) used a shield 2-15-2021, 1:07:20 AM
AnhSon(AnhSon) used a shield 2-15-2021, 1:07:20 AM
AnhSon(AnhSon) used a shield 2-15-2021, 1:07:20 AM
AnhSon(AnhSon) used a shield 2-15-2021, 1:07:21 AM
AnhSon(AnhSon) used a shield 2-15-2021, 1:07:21 AM
AnhSon(AnhSon) used a shield 2-15-2021, 1:07:21 AM
AnhSon(AnhSon) used a shield 2-15-2021, 1:07:21 AM
AnhSon(AnhSon) used a shield 2-15-2021, 1:07:21 AM
AnhSon(AnhSon) used a shield 2-15-2021, 1:07:21 AM
AnhSon(AnhSon) used a shield 2-15-2021, 1:07:22 AM
AnhSon(AnhSon) used a shield 2-15-2021, 1:07:22 AM
AnhSon(AnhSon) used a shield 2-15-2021, 1:07:22 AM
AnhSon(AnhSon) used a shield 2-15-2021, 1:07:22 AM
AnhSon(AnhSon) used a shield 2-15-2021, 1:07:22 AM
AnhSon(AnhSon) used a shield 2-15-2021, 1:07:22 AM
AnhSon(AnhSon) used a shield 2-15-2021, 1:07:22 AM
AnhSon(AnhSon) used a shield 2-15-2021, 1:07:22 AM
AnhSon(AnhSon) used a shield 2-15-2021, 1:07:22 AM
AnhSon(AnhSon) used a shield 2-15-2021, 1:07:23 AM
AnhSon(AnhSon) used a shield 2-15-2021, 1:07:23 AM
AnhSon(AnhSon) used a shield 2-15-2021, 1:07:23 AM
AnhSon(AnhSon) used a shield 2-15-2021, 1:07:23 AM
AnhSon(AnhSon) used a shield 2-15-2021, 1:07:23 AM
AnhSon(AnhSon) used a shield 2-15-2021, 1:07:23 AM
AnhSon(AnhSon) used a shield 2-15-2021, 1:07:23 AM
AnhSon(AnhSon) used a shield 2-15-2021, 1:07:24 AM
AnhSon(AnhSon) used a shield 2-15-2021, 1:07:24 AM
AnhSon(AnhSon) used a shield 2-15-2021, 1:07:24 AM
AnhSon(AnhSon) used a shield 2-15-2021, 1:07:24 AM
AnhSon(AnhSon) used a shield 2-15-2021, 1:07:24 AM
AnhSon(AnhSon) used a shield 2-15-2021, 1:07:25 AM
AnhSon(AnhSon) used a shield 2-15-2021, 1:07:25 AM
AnhSon(AnhSon) used a shield 2-15-2021, 1:07:25 AM
AnhSon(AnhSon) used a tk_ultra_health_potion 2-15-2021, 1:07:28 AM
AnhSon(AnhSon) used a tk_ultra_health_potion 2-15-2021, 1:07:28 AM
AnhSon(AnhSon) used a tk_ultra_health_potion 2-15-2021, 1:07:57 AM
AnhSon(AnhSon) used a tk_ultra_health_potion 2-15-2021, 1:07:57 AM
AnhSon(AnhSon) used a tk_ultra_health_potion 2-15-2021, 1:08:02 AM
AnhSon(AnhSon) used a tk_ultra_health_potion 2-15-2021, 1:08:03 AM
AnhSon(AnhSon) used a shield 2-15-2021, 1:11:59 AM
AnhSon(AnhSon) used a shield 2-15-2021, 1:11:59 AM
AnhSon(AnhSon) used a shield 2-15-2021, 1:12:00 AM
AnhSon(AnhSon) used a shield 2-15-2021, 1:12:00 AM
AnhSon(AnhSon) used a shield 2-15-2021, 1:12:00 AM
AnhSon(AnhSon) used a shield 2-15-2021, 1:12:00 AM
AnhSon(AnhSon) used a shield 2-15-2021, 1:12:00 AM
AnhSon(AnhSon) used a shield 2-15-2021, 1:12:01 AM
AnhSon(AnhSon) used a shield 2-15-2021, 1:12:01 AM
AnhSon(AnhSon) used a shield 2-15-2021, 1:12:01 AM
AnhSon(AnhSon) used a shield 2-15-2021, 1:12:01 AM
AnhSon(AnhSon) used a shield 2-15-2021, 1:12:01 AM
AnhSon(AnhSon) used a shield 2-15-2021, 1:12:02 AM
AnhSon(AnhSon) used a shield 2-15-2021, 1:12:02 AM
AnhSon(AnhSon) used a shield 2-15-2021, 1:12:02 AM
AnhSon(AnhSon) used a shield 2-15-2021, 1:12:02 AM
AnhSon(AnhSon) used a shield 2-15-2021, 1:12:02 AM
AnhSon(AnhSon) used a shield 2-15-2021, 1:12:02 AM
AnhSon(AnhSon) used a shield 2-15-2021, 1:12:03 AM
AnhSon(AnhSon) used a shield 2-15-2021, 1:12:03 AM
AnhSon(AnhSon) used a shield 2-15-2021, 1:12:03 AM
AnhSon(AnhSon) used a shield 2-15-2021, 1:12:03 AM
AnhSon(AnhSon) used a shield 2-15-2021, 1:12:04 AM
AnhSon(AnhSon) used a shield 2-15-2021, 1:12:05 AM
AnhSon(AnhSon) used a shield 2-15-2021, 1:12:05 AM
AnhSon(AnhSon) used a shield 2-15-2021, 1:12:07 AM
AnhSon(AnhSon) used a shield 2-15-2021, 1:12:07 AM
AnhSon(AnhSon) used a tk_ultra_health_potion 2-15-2021, 1:12:12 AM
AnhSon(AnhSon) used a tk_ultra_health_potion 2-15-2021, 1:12:12 AM
AnhSon(AnhSon) used a tk_ultra_health_potion 2-15-2021, 1:13:38 AM
AnhSon(AnhSon) used a tk_ultra_health_potion 2-15-2021, 1:13:38 AM
AnhSon(AnhSon) used a tk_ultra_health_potion 2-15-2021, 1:15:45 AM
AnhSon(AnhSon) used a tk_ultra_health_potion 2-15-2021, 1:15:45 AM
AnhSon(AnhSon) used a tk_ultra_health_potion 2-15-2021, 1:16:20 AM
AnhSon(AnhSon) used a tk_ultra_health_potion 2-15-2021, 1:16:20 AM
AnhSon(AnhSon) used a tk_ultra_health_potion 2-15-2021, 1:16:20 AM
AnhSon(AnhSon) used a health_drink 2-15-2021, 1:18:54 AM
AnhSon(AnhSon) used a health_drink 2-15-2021, 1:18:58 AM
AnhSon(AnhSon) used a health_drink 2-15-2021, 1:18:58 AM
AnhSon(AnhSon) used a health_drink 2-15-2021, 1:18:58 AM
AnhSon(AnhSon) used a health_drink 2-15-2021, 1:19:04 AM
AnhSon(AnhSon) used a health_drink 2-15-2021, 1:19:05 AM
AnhSon(AnhSon) used a health_drink 2-15-2021, 1:19:16 AM
AnhSon(AnhSon) used a health_drink 2-15-2021, 1:19:17 AM
AnhSon(AnhSon) used a health_drink 2-15-2021, 1:19:22 AM
AnhSon(AnhSon) used a rocket_launcher 2-15-2021, 1:19:41 AM
AnhSon(AnhSon) used a rocket_launcher 2-15-2021, 1:19:42 AM
AnhSon(AnhSon) used a shield 2-15-2021, 1:23:43 AM
AnhSon(AnhSon) used a shield 2-15-2021, 1:23:43 AM
AnhSon(AnhSon) used a shield 2-15-2021, 1:23:43 AM
AnhSon(AnhSon) used a shield 2-15-2021, 1:23:43 AM
AnhSon(AnhSon) used a shield 2-15-2021, 1:23:44 AM
AnhSon(AnhSon) used a shield 2-15-2021, 1:23:44 AM
AnhSon(AnhSon) used a shield 2-15-2021, 1:23:44 AM
AnhSon(AnhSon) used a shield 2-15-2021, 1:23:44 AM
AnhSon(AnhSon) used a shield 2-15-2021, 1:23:44 AM
AnhSon(AnhSon) used a shield 2-15-2021, 1:23:45 AM
AnhSon(AnhSon) used a shield 2-15-2021, 1:23:45 AM
AnhSon(AnhSon) used a shield 2-15-2021, 1:23:45 AM
AnhSon(AnhSon) used a shield 2-15-2021, 1:23:45 AM
AnhSon(AnhSon) used a shield 2-15-2021, 1:23:45 AM
AnhSon(AnhSon) used a shield 2-15-2021, 1:23:46 AM
AnhSon(AnhSon) used a shield 2-15-2021, 1:23:46 AM
AnhSon(AnhSon) used a shield 2-15-2021, 1:23:46 AM
AnhSon(AnhSon) used a shield 2-15-2021, 1:23:46 AM
AnhSon(AnhSon) used a shield 2-15-2021, 1:23:46 AM
AnhSon(AnhSon) used a shield 2-15-2021, 1:23:46 AM
AnhSon(AnhSon) used a shield 2-15-2021, 1:23:47 AM
AnhSon(AnhSon) used a shield 2-15-2021, 1:23:47 AM
AnhSon(AnhSon) used a shield 2-15-2021, 1:23:47 AM
AnhSon(AnhSon) used a shield 2-15-2021, 1:23:48 AM
AnhSon(AnhSon) used a tk_ultra_health_potion 2-15-2021, 1:23:50 AM
AnhSon(AnhSon) used a tk_ultra_health_potion 2-15-2021, 1:23:50 AM
AnhSon(AnhSon) used a tk_ultra_health_potion 2-15-2021, 1:23:50 AM
AnhSon(AnhSon) used a tk_ultra_health_potion 2-15-2021, 1:24:17 AM
AnhSon(AnhSon) used a tk_ultra_health_potion 2-15-2021, 1:24:17 AM
AnhSon(AnhSon) used a tk_ultra_health_potion 2-15-2021, 1:24:19 AM
AnhSon(AnhSon) used a tk_ultra_health_potion 2-15-2021, 1:24:20 AM
AnhSon(AnhSon) used a tk_ultra_health_potion 2-15-2021, 1:24:20 AM
AnhSon(AnhSon) used a health_drink 2-15-2021, 1:29:14 AM
AnhSon(AnhSon) used a health_drink 2-15-2021, 1:29:15 AM
AnhSon(AnhSon) used a health_drink 2-15-2021, 1:29:18 AM
AnhSon(AnhSon) used a health_drink 2-15-2021, 1:29:18 AM
AnhSon(AnhSon) used a health_drink 2-15-2021, 1:29:21 AM
AnhSon(AnhSon) used a health_drink 2-15-2021, 1:29:21 AM
AnhSon(AnhSon) used a health_drink 2-15-2021, 1:29:21 AM
AnhSon(AnhSon) used a health_drink 2-15-2021, 1:29:24 AM
AnhSon(AnhSon) used a health_drink 2-15-2021, 1:29:30 AM
AnhSon(AnhSon) used a health_drink 2-15-2021, 1:29:30 AM
AnhSon(AnhSon) used a health_drink 2-15-2021, 1:29:35 AM
AnhSon(AnhSon) used a health_drink 2-15-2021, 1:29:36 AM
AnhSon(AnhSon) used a health_drink 2-15-2021, 1:29:39 AM
AnhSon(AnhSon) used a health_drink 2-15-2021, 1:29:40 AM
AnhSon(AnhSon) used a health_drink 2-15-2021, 1:29:44 AM
AnhSon(AnhSon) used a health_drink 2-15-2021, 1:29:44 AM
AnhSon(AnhSon) used a health_drink 2-15-2021, 1:29:48 AM
AnhSon(AnhSon) used a health_drink 2-15-2021, 1:29:52 AM
AnhSon(AnhSon) used a health_drink 2-15-2021, 1:29:52 AM
AnhSon(AnhSon) used a health_drink 2-15-2021, 1:29:53 AM
AnhSon(AnhSon) used a health_drink 2-15-2021, 1:29:53 AM
AnhSon(AnhSon) used a health_drink 2-15-2021, 1:29:56 AM
AnhSon(AnhSon) used a health_drink 2-15-2021, 1:29:56 AM
AnhSon(AnhSon) used a rocket_launcher 2-15-2021, 1:31:21 AM
AnhSon(AnhSon) used a rocket_launcher 2-15-2021, 1:31:21 AM
AnhSon(AnhSon) used a rocket_launcher 2-15-2021, 1:31:22 AM
AnhSon(AnhSon) used a shield 2-15-2021, 1:32:24 AM
AnhSon(AnhSon) used a shield 2-15-2021, 1:32:24 AM
AnhSon(AnhSon) used a shield 2-15-2021, 1:32:24 AM
AnhSon(AnhSon) used a shield 2-15-2021, 1:32:24 AM
AnhSon(AnhSon) used a shield 2-15-2021, 1:32:24 AM
AnhSon(AnhSon) used a shield 2-15-2021, 1:32:25 AM
AnhSon(AnhSon) used a shield 2-15-2021, 1:32:25 AM
AnhSon(AnhSon) used a shield 2-15-2021, 1:32:25 AM
AnhSon(AnhSon) used a shield 2-15-2021, 1:32:25 AM
AnhSon(AnhSon) used a shield 2-15-2021, 1:32:25 AM
AnhSon(AnhSon) used a shield 2-15-2021, 1:32:26 AM
AnhSon(AnhSon) used a shield 2-15-2021, 1:32:26 AM
AnhSon(AnhSon) used a shield 2-15-2021, 1:32:26 AM
AnhSon(AnhSon) used a shield 2-15-2021, 1:32:27 AM
AnhSon(AnhSon) used a shield 2-15-2021, 1:32:27 AM
AnhSon(AnhSon) used a shield 2-15-2021, 1:32:27 AM
AnhSon(AnhSon) used a shield 2-15-2021, 1:32:28 AM
AnhSon(AnhSon) used a shield 2-15-2021, 1:32:28 AM
AnhSon(AnhSon) used a shield 2-15-2021, 1:32:28 AM
AnhSon(AnhSon) used a shield 2-15-2021, 1:32:29 AM
AnhSon(AnhSon) used a shield 2-15-2021, 1:32:29 AM
AnhSon(AnhSon) used a shield 2-15-2021, 1:32:29 AM
AnhSon(AnhSon) used a shield 2-15-2021, 1:32:29 AM
AnhSon(AnhSon) used a shield 2-15-2021, 1:32:29 AM
AnhSon(AnhSon) used a shield 2-15-2021, 1:32:30 AM
AnhSon(AnhSon) used a shield 2-15-2021, 1:32:30 AM
AnhSon(AnhSon) used a shield 2-15-2021, 1:32:30 AM
AnhSon(AnhSon) used a shield 2-15-2021, 1:32:30 AM
AnhSon(AnhSon) used a shield 2-15-2021, 1:32:30 AM
AnhSon(AnhSon) used a shield 2-15-2021, 1:32:31 AM
AnhSon(AnhSon) used a shield 2-15-2021, 1:32:31 AM
AnhSon(AnhSon) used a shield 2-15-2021, 1:32:31 AM
AnhSon(AnhSon) used a tk_ultra_health_potion 2-15-2021, 1:32:39 AM
AnhSon(AnhSon) used a tk_ultra_health_potion 2-15-2021, 1:32:39 AM
AnhSon(AnhSon) used a tk_ultra_health_potion 2-15-2021, 1:32:53 AM
AnhSon(AnhSon) used a tk_ultra_health_potion 2-15-2021, 1:32:53 AM
AnhSon(AnhSon) used a health_drink 2-15-2021, 1:32:56 AM
AnhSon(AnhSon) used a health_drink 2-15-2021, 1:32:56 AM
AnhSon(AnhSon) used a health_drink 2-15-2021, 1:32:59 AM
AnhSon(AnhSon) used a health_drink 2-15-2021, 1:33:00 AM
AnhSon(AnhSon) used a health_drink 2-15-2021, 1:33:03 AM
AnhSon(AnhSon) used a health_drink 2-15-2021, 1:33:03 AM
AnhSon(AnhSon) used a health_drink 2-15-2021, 1:33:06 AM
AnhSon(AnhSon) used a health_drink 2-15-2021, 1:33:06 AM
AnhSon(AnhSon) used a health_drink 2-15-2021, 1:33:06 AM
AnhSon(AnhSon) used a health_drink 2-15-2021, 1:33:09 AM
AnhSon(AnhSon) used a health_drink 2-15-2021, 1:33:10 AM
AnhSon(AnhSon) used a steal_warhammer 2-15-2021, 1:36:08 AM
AnhSon(AnhSon) used a steal_warhammer 2-15-2021, 1:36:08 AM
AnhSon(AnhSon) used a steal_warhammer 2-15-2021, 1:36:09 AM
AnhSon(AnhSon) used a tank 2-15-2021, 1:36:55 AM
AnhSon(AnhSon) used a metal_pack 2-15-2021, 1:38:18 AM
AnhSon(AnhSon) used a metal_pack 2-15-2021, 1:38:18 AM
AnhSon(AnhSon) used a metal_pack 2-15-2021, 1:38:19 AM
AnhSon(AnhSon) used a metal_pack 2-15-2021, 1:38:19 AM
AnhSon(AnhSon) used a metal_pack 2-15-2021, 1:38:19 AM
AnhSon(AnhSon) used a metal_pack 2-15-2021, 1:38:19 AM
AnhSon(AnhSon) used a metal_pack 2-15-2021, 1:38:19 AM
AnhSon(AnhSon) used a metal_pack 2-15-2021, 1:38:20 AM
AnhSon(AnhSon) used a metal_pack 2-15-2021, 1:38:20 AM
AnhSon(AnhSon) used a metal_pack 2-15-2021, 1:38:20 AM
AnhSon(AnhSon) used a metal_pack 2-15-2021, 1:38:20 AM
AnhSon(AnhSon) used a metal_pack 2-15-2021, 1:38:20 AM
AnhSon(AnhSon) used a metal_pack 2-15-2021, 1:38:21 AM
AnhSon(AnhSon) used a metal_pack 2-15-2021, 1:38:21 AM
AnhSon(AnhSon) used a metal_pack 2-15-2021, 1:38:21 AM
AnhSon(AnhSon) used a metal_pack 2-15-2021, 1:38:21 AM
AnhSon(AnhSon) used a metal_pack 2-15-2021, 1:38:21 AM
AnhSon(AnhSon) used a metal_pack 2-15-2021, 1:38:21 AM
AnhSon(AnhSon) used a metal_pack 2-15-2021, 1:38:22 AM
AnhSon(AnhSon) used a metal_pack 2-15-2021, 1:38:22 AM
AnhSon(AnhSon) used a metal_pack 2-15-2021, 1:38:22 AM
AnhSon(AnhSon) used a metal_pack 2-15-2021, 1:38:22 AM
AnhSon(AnhSon) used a metal_pack 2-15-2021, 1:38:23 AM
AnhSon(AnhSon) used a metal_pack 2-15-2021, 1:38:23 AM
AnhSon(AnhSon) used a metal_pack 2-15-2021, 1:38:23 AM
AnhSon(AnhSon) used a metal_pack 2-15-2021, 1:38:23 AM
AnhSon(AnhSon) used a metal_pack 2-15-2021, 1:38:23 AM
AnhSon(AnhSon) used a metal_pack 2-15-2021, 1:38:23 AM
AnhSon(AnhSon) used a metal_pack 2-15-2021, 1:38:24 AM
AnhSon(AnhSon) used a metal_pack 2-15-2021, 1:38:24 AM
AnhSon(AnhSon) used a metal_pack 2-15-2021, 1:38:24 AM
AnhSon(AnhSon) used a metal_pack 2-15-2021, 1:38:24 AM
AnhSon(AnhSon) used a metal_pack 2-15-2021, 1:38:24 AM
AnhSon(AnhSon) used a metal_pack 2-15-2021, 1:38:24 AM
AnhSon(AnhSon) used a metal_pack 2-15-2021, 1:38:25 AM
AnhSon(AnhSon) used a metal_pack 2-15-2021, 1:38:25 AM
AnhSon(AnhSon) used a metal_pack 2-15-2021, 1:38:25 AM
AnhSon(AnhSon) used a metal_pack 2-15-2021, 1:38:25 AM
AnhSon(AnhSon) used a metal_pack 2-15-2021, 1:38:25 AM
AnhSon(AnhSon) used a metal_pack 2-15-2021, 1:38:25 AM
AnhSon(AnhSon) used a metal_pack 2-15-2021, 1:38:25 AM
AnhSon(AnhSon) used a metal_pack 2-15-2021, 1:38:26 AM
AnhSon(AnhSon) used a metal_pack 2-15-2021, 1:38:26 AM
AnhSon(AnhSon) used a metal_pack 2-15-2021, 1:38:26 AM
AnhSon(AnhSon) used a tank 2-15-2021, 1:38:41 AM
AnhSon(AnhSon) used a tank 2-15-2021, 1:38:41 AM
AnhSon(AnhSon) used a metal 2-15-2021, 1:38:49 AM
AnhSon(AnhSon) used a health_drink 2-15-2021, 1:40:10 AM
AnhSon(AnhSon) used a health_drink 2-15-2021, 1:40:10 AM
AnhSon(AnhSon) used a health_drink 2-15-2021, 1:40:14 AM
AnhSon(AnhSon) used a health_drink 2-15-2021, 1:40:15 AM
AnhSon(AnhSon) used a health_drink 2-15-2021, 1:40:17 AM
AnhSon(AnhSon) used a health_drink 2-15-2021, 1:40:18 AM
AnhSon(AnhSon) used a health_drink 2-15-2021, 1:40:18 AM
AnhSon(AnhSon) used a health_drink 2-15-2021, 1:40:18 AM
AnhSon(AnhSon) used a health_drink 2-15-2021, 1:40:21 AM
AnhSon(AnhSon) used a health_drink 2-15-2021, 1:40:21 AM
AnhSon(AnhSon) used a health_drink 2-15-2021, 1:40:21 AM
AnhSon(AnhSon) used a health_drink 2-15-2021, 1:40:24 AM
AnhSon(AnhSon) used a health_drink 2-15-2021, 1:40:24 AM
AnhSon(AnhSon) used a health_drink 2-15-2021, 1:40:24 AM
AnhSon(AnhSon) used a health_drink 2-15-2021, 1:40:27 AM
AnhSon(AnhSon) used a health_drink 2-15-2021, 1:40:27 AM
AnhSon(AnhSon) used a health_drink 2-15-2021, 1:40:27 AM
AnhSon(AnhSon) used a health_drink 2-15-2021, 1:40:30 AM
AnhSon(AnhSon) used a health_drink 2-15-2021, 1:40:30 AM
AnhSon(AnhSon) used a health_drink 2-15-2021, 1:40:31 AM
AnhSon(AnhSon) used a health_drink 2-15-2021, 1:40:33 AM
AnhSon(AnhSon) used a health_drink 2-15-2021, 1:40:34 AM
AnhSon(AnhSon) used a health_drink 2-15-2021, 1:40:34 AM
AnhSon(AnhSon) used a rocket_launcher 2-15-2021, 1:40:38 AM
AnhSon(AnhSon) used a shield 2-15-2021, 1:46:33 AM
AnhSon(AnhSon) used a shield 2-15-2021, 1:46:33 AM
AnhSon(AnhSon) used a shield 2-15-2021, 1:46:34 AM
AnhSon(AnhSon) used a shield 2-15-2021, 1:46:34 AM
AnhSon(AnhSon) used a shield 2-15-2021, 1:46:34 AM
AnhSon(AnhSon) used a shield 2-15-2021, 1:46:34 AM
AnhSon(AnhSon) used a shield 2-15-2021, 1:46:34 AM
AnhSon(AnhSon) used a shield 2-15-2021, 1:46:35 AM
AnhSon(AnhSon) used a shield 2-15-2021, 1:46:35 AM
AnhSon(AnhSon) used a shield 2-15-2021, 1:46:35 AM
AnhSon(AnhSon) used a shield 2-15-2021, 1:46:35 AM
AnhSon(AnhSon) used a shield 2-15-2021, 1:46:36 AM
AnhSon(AnhSon) used a shield 2-15-2021, 1:46:36 AM
AnhSon(AnhSon) used a shield 2-15-2021, 1:46:36 AM
AnhSon(AnhSon) used a shield 2-15-2021, 1:46:36 AM
AnhSon(AnhSon) used a shield 2-15-2021, 1:46:36 AM
AnhSon(AnhSon) used a shield 2-15-2021, 1:46:36 AM
AnhSon(AnhSon) used a shield 2-15-2021, 1:46:37 AM
AnhSon(AnhSon) used a shield 2-15-2021, 1:46:37 AM
AnhSon(AnhSon) used a shield 2-15-2021, 1:46:37 AM
AnhSon(AnhSon) used a shield 2-15-2021, 1:46:37 AM
AnhSon(AnhSon) used a shield 2-15-2021, 1:46:37 AM
AnhSon(AnhSon) used a shield 2-15-2021, 1:46:37 AM
AnhSon(AnhSon) used a shield 2-15-2021, 1:46:37 AM
AnhSon(AnhSon) used a shield 2-15-2021, 1:46:37 AM
AnhSon(AnhSon) used a shield 2-15-2021, 1:46:38 AM
AnhSon(AnhSon) used a shield 2-15-2021, 1:46:38 AM
AnhSon(AnhSon) used a shield 2-15-2021, 1:46:38 AM
AnhSon(AnhSon) used a shield 2-15-2021, 1:46:38 AM
AnhSon(AnhSon) used a shield 2-15-2021, 1:46:39 AM
AnhSon(AnhSon) used a health_drink 2-15-2021, 1:46:42 AM
AnhSon(AnhSon) used a health_drink 2-15-2021, 1:46:42 AM
AnhSon(AnhSon) used a health_drink 2-15-2021, 1:46:44 AM
AnhSon(AnhSon) used a health_drink 2-15-2021, 1:46:44 AM
AnhSon(AnhSon) used a health_drink 2-15-2021, 1:46:45 AM
AnhSon(AnhSon) used a rocket_launcher 2-15-2021, 1:46:56 AM
AnhSon(AnhSon) used a rocket_launcher 2-15-2021, 1:46:57 AM
AnhSon(AnhSon) used a rocket_launcher 2-15-2021, 1:49:30 AM
AnhSon(AnhSon) used a rocket_launcher 2-15-2021, 1:49:30 AM
AnhSon(AnhSon) used a rocket_launcher 2-15-2021, 1:49:30 AM
AnhSon(AnhSon) used a tk_ultra_health_potion 2-15-2021, 5:21:35 AM
AnhSon(AnhSon) used a rocket_launcher 2-15-2021, 5:21:41 AM
AnhSon(AnhSon) used a rocket_launcher 2-15-2021, 5:22:00 AM
AnhSon(AnhSon) used a rocket_launcher 2-15-2021, 5:22:00 AM
AnhSon(AnhSon) used a rocket_launcher 2-15-2021, 5:22:01 AM
AnhSon(AnhSon) used a rocket_launcher 2-15-2021, 5:22:01 AM
AnhSon(AnhSon) used a tk_ultra_health_potion 2-15-2021, 5:22:11 AM
AnhSon(AnhSon) used a tk_ultra_health_potion 2-15-2021, 5:22:11 AM
AnhSon(AnhSon) used a rocket_launcher 2-15-2021, 5:22:16 AM
AnhSon(AnhSon) used a rocket_launcher 2-15-2021, 5:22:16 AM
AnhSon(AnhSon) used a health_drink 2-15-2021, 5:23:37 AM
AnhSon(AnhSon) used a health_drink 2-15-2021, 5:23:37 AM
AnhSon(AnhSon) used a health_drink 2-15-2021, 5:23:37 AM
AnhSon(AnhSon) used a shield 2-15-2021, 5:24:11 AM
AnhSon(AnhSon) used a shield 2-15-2021, 5:24:12 AM
AnhSon(AnhSon) used a shield 2-15-2021, 5:24:12 AM
AnhSon(AnhSon) used a shield 2-15-2021, 5:24:12 AM
AnhSon(AnhSon) used a shield 2-15-2021, 5:24:13 AM
AnhSon(AnhSon) used a shield 2-15-2021, 5:24:13 AM
AnhSon(AnhSon) used a shield 2-15-2021, 5:24:13 AM
AnhSon(AnhSon) used a shield 2-15-2021, 5:24:13 AM
AnhSon(AnhSon) used a shield 2-15-2021, 5:24:13 AM
AnhSon(AnhSon) used a shield 2-15-2021, 5:24:14 AM
AnhSon(AnhSon) used a shield 2-15-2021, 5:24:14 AM
AnhSon(AnhSon) used a shield 2-15-2021, 5:24:14 AM
AnhSon(AnhSon) used a shield 2-15-2021, 5:24:14 AM
AnhSon(AnhSon) used a shield 2-15-2021, 5:24:15 AM
AnhSon(AnhSon) used a shield 2-15-2021, 5:24:15 AM
AnhSon(AnhSon) used a shield 2-15-2021, 5:24:15 AM
AnhSon(AnhSon) used a shield 2-15-2021, 5:24:15 AM
AnhSon(AnhSon) used a shield 2-15-2021, 5:24:16 AM
AnhSon(AnhSon) used a shield 2-15-2021, 5:24:16 AM
AnhSon(AnhSon) used a shield 2-15-2021, 5:24:16 AM
AnhSon(AnhSon) used a shield 2-15-2021, 5:24:16 AM
AnhSon(AnhSon) used a shield 2-15-2021, 5:24:17 AM
AnhSon(AnhSon) used a shield 2-15-2021, 5:24:17 AM
AnhSon(AnhSon) used a shield 2-15-2021, 5:24:17 AM
AnhSon(AnhSon) used a shield 2-15-2021, 5:24:18 AM
AnhSon(AnhSon) used a shield 2-15-2021, 5:24:18 AM
AnhSon(AnhSon) used a shield 2-15-2021, 5:24:18 AM
AnhSon(AnhSon) used a shield 2-15-2021, 5:24:19 AM
AnhSon(AnhSon) used a shield 2-15-2021, 5:24:19 AM
AnhSon(AnhSon) used a tk_ultra_health_potion 2-15-2021, 5:24:26 AM
AnhSon(AnhSon) used a tk_ultra_health_potion 2-15-2021, 5:24:26 AM
AnhSon(AnhSon) used a tk_ultra_health_potion 2-15-2021, 5:24:26 AM
AnhSon(AnhSon) used a tk_ultra_health_potion 2-15-2021, 5:24:39 AM
AnhSon(AnhSon) used a tk_ultra_health_potion 2-15-2021, 5:24:39 AM
AnhSon(AnhSon) used a tk_ultra_health_potion 2-15-2021, 5:24:53 AM
AnhSon(AnhSon) used a tk_ultra_health_potion 2-15-2021, 5:24:53 AM
AnhSon(AnhSon) used a tk_ultra_health_potion 2-15-2021, 5:24:54 AM
AnhSon(AnhSon) used a tk_ultra_health_potion 2-15-2021, 5:24:56 AM
AnhSon(AnhSon) used a tk_ultra_health_potion 2-15-2021, 5:24:56 AM
AnhSon(AnhSon) used a tk_ultra_health_potion 2-15-2021, 5:24:56 AM
AnhSon(AnhSon) used a rocket_launcher 2-15-2021, 5:25:01 AM
AnhSon(AnhSon) used a rocket_launcher 2-15-2021, 5:25:01 AM
AnhSon(AnhSon) used a steal_warhammer 2-15-2021, 5:25:27 AM
AnhSon(AnhSon) used a steal_warhammer 2-15-2021, 5:25:27 AM
AnhSon(AnhSon) used a rocket_launcher 2-15-2021, 5:26:20 AM
AnhSon(AnhSon) used a rocket_launcher 2-15-2021, 5:26:20 AM
AnhSon(AnhSon) used a tk_ultra_health_potion 2-15-2021, 5:26:27 AM
AnhSon(AnhSon) used a tk_ultra_health_potion 2-15-2021, 5:26:28 AM
AnhSon(AnhSon) used a tk_ultra_health_potion 2-15-2021, 5:27:55 AM
AnhSon(AnhSon) used a tk_ultra_health_potion 2-15-2021, 5:27:55 AM
AnhSon(AnhSon) used a tk_ultra_health_potion 2-15-2021, 5:27:55 AM
AnhSon(AnhSon) used a helicopter 2-15-2021, 5:29:23 AM
AnhSon(AnhSon) used a tk_ultra_health_potion 2-15-2021, 5:31:16 AM
AnhSon(AnhSon) used a tk_ultra_health_potion 2-15-2021, 5:31:17 AM
AnhSon(AnhSon) used a tk_ultra_health_potion 2-15-2021, 5:33:22 AM
AnhSon(AnhSon) used a tk_ultra_health_potion 2-15-2021, 5:33:23 AM
AnhSon(AnhSon) used a rocket_launcher 2-15-2021, 5:33:41 AM
AnhSon(AnhSon) used a rocket_launcher 2-15-2021, 5:33:42 AM
AnhSon(AnhSon) used a rocket_launcher 2-15-2021, 5:33:42 AM
AnhSon(AnhSon) used a security_bomb 2-15-2021, 5:35:48 AM
AnhSon(AnhSon) used a security_bomb 2-15-2021, 5:35:49 AM
AnhSon(AnhSon) used a security_bomb 2-15-2021, 5:35:49 AM
AnhSon(AnhSon) used a health_drink 2-15-2021, 5:38:59 AM
AnhSon(AnhSon) used a health_drink 2-15-2021, 5:39:00 AM
AnhSon(AnhSon) used a health_drink 2-15-2021, 5:39:02 AM
AnhSon(AnhSon) used a health_drink 2-15-2021, 5:39:03 AM
AnhSon(AnhSon) used a health_drink 2-15-2021, 5:39:03 AM
AnhSon(AnhSon) used a health_drink 2-15-2021, 5:39:14 AM
AnhSon(AnhSon) used a health_drink 2-15-2021, 5:39:14 AM
AnhSon(AnhSon) used a health_drink 2-15-2021, 5:39:18 AM
AnhSon(AnhSon) used a health_drink 2-15-2021, 5:39:18 AM
AnhSon(AnhSon) used a health_drink 2-15-2021, 5:39:21 AM
AnhSon(AnhSon) used a health_drink 2-15-2021, 5:39:21 AM
AnhSon(AnhSon) used a health_drink 2-15-2021, 5:39:25 AM
AnhSon(AnhSon) used a health_drink 2-15-2021, 5:39:25 AM
AnhSon(AnhSon) used a health_drink 2-15-2021, 5:39:25 AM
AnhSon(AnhSon) used a health_drink 2-15-2021, 5:39:26 AM
AnhSon(AnhSon) used a shield 2-15-2021, 5:39:30 AM
AnhSon(AnhSon) used a rocket_launcher 2-15-2021, 5:39:38 AM
AnhSon(AnhSon) used a rocket_launcher 2-15-2021, 5:39:38 AM
AnhSon(AnhSon) used a shield 2-15-2021, 5:39:42 AM
AnhSon(AnhSon) used a shield 2-15-2021, 5:39:42 AM
AnhSon(AnhSon) used a shield 2-15-2021, 5:39:42 AM
AnhSon(AnhSon) used a shield 2-15-2021, 5:39:42 AM
AnhSon(AnhSon) used a shield 2-15-2021, 5:39:43 AM
AnhSon(AnhSon) used a shield 2-15-2021, 5:39:43 AM
AnhSon(AnhSon) used a shield 2-15-2021, 5:39:43 AM
AnhSon(AnhSon) used a shield 2-15-2021, 5:39:43 AM
AnhSon(AnhSon) used a shield 2-15-2021, 5:39:44 AM
AnhSon(AnhSon) used a shield 2-15-2021, 5:39:44 AM
AnhSon(AnhSon) used a shield 2-15-2021, 5:39:44 AM
AnhSon(AnhSon) used a shield 2-15-2021, 5:39:45 AM
AnhSon(AnhSon) used a shield 2-15-2021, 5:39:45 AM
AnhSon(AnhSon) used a shield 2-15-2021, 5:39:45 AM
AnhSon(AnhSon) used a shield 2-15-2021, 5:39:45 AM
AnhSon(AnhSon) used a shield 2-15-2021, 5:39:45 AM
AnhSon(AnhSon) used a shield 2-15-2021, 5:39:46 AM
AnhSon(AnhSon) used a shield 2-15-2021, 5:39:46 AM
AnhSon(AnhSon) used a shield 2-15-2021, 5:39:46 AM
AnhSon(AnhSon) used a rocket_launcher 2-15-2021, 5:40:32 AM
AnhSon(AnhSon) used a rocket_launcher 2-15-2021, 5:40:32 AM
AnhSon(AnhSon) used a rocket_launcher 2-15-2021, 5:40:32 AM
AnhSon(AnhSon) used a aircraft 2-15-2021, 5:41:02 AM
AnhSon(AnhSon) used a aircraft 2-15-2021, 5:41:03 AM
AnhSon(AnhSon) used a aircraft 2-15-2021, 5:41:03 AM
AnhSon(AnhSon) used a metal 2-15-2021, 5:41:45 AM
AnhSon(AnhSon) used a metal 2-15-2021, 5:41:45 AM
AnhSon(AnhSon) used a metal 2-15-2021, 5:41:45 AM
AnhSon(AnhSon) used a metal 2-15-2021, 5:41:46 AM
AnhSon(AnhSon) used a metal 2-15-2021, 5:41:46 AM
AnhSon(AnhSon) used a metal 2-15-2021, 5:41:48 AM
AnhSon(AnhSon) used a metal 2-15-2021, 5:41:48 AM
AnhSon(AnhSon) used a metal 2-15-2021, 5:41:48 AM
AnhSon(AnhSon) used a metal 2-15-2021, 5:41:48 AM
AnhSon(AnhSon) used a metal 2-15-2021, 5:41:48 AM
AnhSon(AnhSon) used a metal 2-15-2021, 5:41:48 AM
AnhSon(AnhSon) used a metal 2-15-2021, 5:41:49 AM
AnhSon(AnhSon) used a metal 2-15-2021, 5:41:49 AM
AnhSon(AnhSon) used a metal 2-15-2021, 5:41:49 AM
AnhSon(AnhSon) used a metal 2-15-2021, 5:41:49 AM
AnhSon(AnhSon) used a metal 2-15-2021, 5:41:49 AM
AnhSon(AnhSon) used a metal 2-15-2021, 5:41:50 AM
AnhSon(AnhSon) used a metal 2-15-2021, 5:41:50 AM
AnhSon(AnhSon) used a metal 2-15-2021, 5:41:50 AM
AnhSon(AnhSon) used a metal 2-15-2021, 5:41:50 AM
AnhSon(AnhSon) used a metal 2-15-2021, 5:41:50 AM
AnhSon(AnhSon) used a metal 2-15-2021, 5:41:51 AM
AnhSon(AnhSon) used a metal 2-15-2021, 5:41:51 AM
AnhSon(AnhSon) used a metal 2-15-2021, 5:41:51 AM
AnhSon(AnhSon) used a metal 2-15-2021, 5:41:51 AM
AnhSon(AnhSon) used a tk_ultra_health_potion 2-15-2021, 5:42:57 AM
AnhSon(AnhSon) used a tk_ultra_health_potion 2-15-2021, 5:42:57 AM
AnhSon(AnhSon) used a helicopter 2-15-2021, 5:43:01 AM
AnhSon(AnhSon) used a helicopter 2-15-2021, 5:43:02 AM
AnhSon(AnhSon) used a helicopter 2-15-2021, 5:43:59 AM
AnhSon(AnhSon) used a helicopter 2-15-2021, 5:44:45 AM
AnhSon(AnhSon) used a rocket_launcher 2-15-2021, 5:45:29 AM
AnhSon(AnhSon) used a rocket_launcher 2-15-2021, 5:45:29 AM
AnhSon(AnhSon) used a rocket_launcher 2-15-2021, 5:47:34 AM
AnhSon(AnhSon) used a rocket_launcher 2-15-2021, 5:47:34 AM
AnhSon(AnhSon) used a rocket_launcher 2-15-2021, 5:47:34 AM
AnhSon(AnhSon) used a tk_ultra_health_potion 2-15-2021, 5:49:03 AM
AnhSon(AnhSon) used a tk_ultra_health_potion 2-15-2021, 5:49:03 AM
AnhSon(AnhSon) used a tk_ultra_health_potion 2-15-2021, 5:49:57 AM
AnhSon(AnhSon) used a tk_ultra_health_potion 2-15-2021, 5:49:58 AM
AnhSon(AnhSon) used a health_drink 2-15-2021, 5:50:05 AM
AnhSon(AnhSon) used a health_drink 2-15-2021, 5:50:05 AM
AnhSon(AnhSon) used a health_drink 2-15-2021, 5:50:08 AM
AnhSon(AnhSon) used a health_drink 2-15-2021, 5:50:08 AM
AnhSon(AnhSon) used a health_drink 2-15-2021, 5:50:08 AM
AnhSon(AnhSon) used a health_drink 2-15-2021, 5:50:08 AM
AnhSon(AnhSon) used a health_drink 2-15-2021, 5:50:11 AM
AnhSon(AnhSon) used a health_drink 2-15-2021, 5:50:11 AM
AnhSon(AnhSon) used a health_drink 2-15-2021, 5:50:11 AM
AnhSon(AnhSon) used a health_drink 2-15-2021, 5:50:14 AM
AnhSon(AnhSon) used a helicopter 2-15-2021, 5:52:20 AM
AnhSon(AnhSon) used a shield 2-15-2021, 5:52:46 AM
AnhSon(AnhSon) used a shield 2-15-2021, 5:52:47 AM
AnhSon(AnhSon) used a shield 2-15-2021, 5:52:47 AM
AnhSon(AnhSon) used a shield 2-15-2021, 5:52:47 AM
AnhSon(AnhSon) used a shield 2-15-2021, 5:52:47 AM
AnhSon(AnhSon) used a shield 2-15-2021, 5:52:47 AM
AnhSon(AnhSon) used a shield 2-15-2021, 5:52:48 AM
AnhSon(AnhSon) used a tk_ultra_health_potion 2-15-2021, 5:52:49 AM
AnhSon(AnhSon) used a tk_ultra_health_potion 2-15-2021, 5:52:50 AM
AnhSon(AnhSon) used a toolbox 2-15-2021, 5:53:24 AM
AnhSon(AnhSon) used a toolbox 2-15-2021, 5:53:25 AM
AnhSon(AnhSon) used a aircraft 2-15-2021, 5:53:41 AM
AnhSon(AnhSon) used a aircraft 2-15-2021, 5:53:42 AM
AnhSon(AnhSon) used a metal 2-15-2021, 5:53:53 AM
AnhSon(AnhSon) used a metal 2-15-2021, 5:54:00 AM
AnhSon(AnhSon) used a metal 2-15-2021, 5:54:00 AM
AnhSon(AnhSon) used a tk_ultra_health_potion 2-15-2021, 5:55:23 AM
AnhSon(AnhSon) used a tk_ultra_health_potion 2-15-2021, 5:55:23 AM
AnhSon(AnhSon) used a rocket_launcher 2-15-2021, 5:55:27 AM
AnhSon(AnhSon) used a rocket_launcher 2-15-2021, 5:55:27 AM
AnhSon(AnhSon) used a health_drink 2-15-2021, 5:57:23 AM
AnhSon(AnhSon) used a health_drink 2-15-2021, 5:57:23 AM
AnhSon(AnhSon) used a health_drink 2-15-2021, 5:57:24 AM
AnhSon(AnhSon) used a health_drink 2-15-2021, 5:57:26 AM
AnhSon(AnhSon) used a health_drink 2-15-2021, 5:57:39 AM
AnhSon(AnhSon) used a health_drink 2-15-2021, 5:57:40 AM
AnhSon(AnhSon) used a health_drink 2-15-2021, 5:57:40 AM
AnhSon(AnhSon) used a health_drink 2-15-2021, 5:58:22 AM
AnhSon(AnhSon) used a health_drink 2-15-2021, 5:58:22 AM
AnhSon(AnhSon) used a health_drink 2-15-2021, 5:59:32 AM
AnhSon(AnhSon) used a health_drink 2-15-2021, 5:59:32 AM
AnhSon(AnhSon) used a health_drink 2-15-2021, 5:59:33 AM
AnhSon(AnhSon) used a shield 2-15-2021, 5:59:59 AM
AnhSon(AnhSon) used a shield 2-15-2021, 5:59:59 AM
AnhSon(AnhSon) used a shield 2-15-2021, 5:59:59 AM
AnhSon(AnhSon) used a shield 2-15-2021, 5:59:59 AM
AnhSon(AnhSon) used a shield 2-15-2021, 6:00:00 AM
AnhSon(AnhSon) used a shield 2-15-2021, 6:00:00 AM
AnhSon(AnhSon) used a shield 2-15-2021, 6:00:00 AM
AnhSon(AnhSon) used a shield 2-15-2021, 6:00:00 AM
AnhSon(AnhSon) used a shield 2-15-2021, 6:00:00 AM
AnhSon(AnhSon) used a shield 2-15-2021, 6:00:01 AM
AnhSon(AnhSon) used a shield 2-15-2021, 6:00:01 AM
AnhSon(AnhSon) used a shield 2-15-2021, 6:00:01 AM
AnhSon(AnhSon) used a shield 2-15-2021, 6:00:01 AM
AnhSon(AnhSon) used a shield 2-15-2021, 6:00:01 AM
AnhSon(AnhSon) used a shield 2-15-2021, 6:00:02 AM
AnhSon(AnhSon) used a shield 2-15-2021, 6:00:02 AM
AnhSon(AnhSon) used a shield 2-15-2021, 6:00:02 AM
AnhSon(AnhSon) used a shield 2-15-2021, 6:00:02 AM
AnhSon(AnhSon) used a shield 2-15-2021, 6:00:03 AM
AnhSon(AnhSon) used a shield 2-15-2021, 6:00:03 AM
AnhSon(AnhSon) used a shield 2-15-2021, 6:00:03 AM
AnhSon(AnhSon) used a shield 2-15-2021, 6:00:03 AM
AnhSon(AnhSon) used a shield 2-15-2021, 6:00:03 AM
AnhSon(AnhSon) used a shield 2-15-2021, 6:00:04 AM
AnhSon(AnhSon) used a shield 2-15-2021, 6:00:04 AM
AnhSon(AnhSon) used a shield 2-15-2021, 6:00:04 AM
AnhSon(AnhSon) used a shield 2-15-2021, 6:00:05 AM
AnhSon(AnhSon) used a tk_ultra_health_potion 2-15-2021, 6:00:09 AM
AnhSon(AnhSon) used a tk_ultra_health_potion 2-15-2021, 6:00:09 AM
AnhSon(AnhSon) used a tk_ultra_health_potion 2-15-2021, 6:00:09 AM
AnhSon(AnhSon) used a tk_ultra_health_potion 2-15-2021, 6:00:39 AM
AnhSon(AnhSon) used a tk_ultra_health_potion 2-15-2021, 6:00:39 AM
AnhSon(AnhSon) used a tk_ultra_health_potion 2-15-2021, 6:00:39 AM
AnhSon(AnhSon) used a rocket_launcher 2-15-2021, 6:00:45 AM
AnhSon(AnhSon) used a shield 2-15-2021, 6:02:23 AM
AnhSon(AnhSon) used a shield 2-15-2021, 6:02:23 AM
AnhSon(AnhSon) used a shield 2-15-2021, 6:02:24 AM
AnhSon(AnhSon) used a shield 2-15-2021, 6:02:24 AM
AnhSon(AnhSon) used a shield 2-15-2021, 6:02:24 AM
AnhSon(AnhSon) used a shield 2-15-2021, 6:02:24 AM
AnhSon(AnhSon) used a shield 2-15-2021, 6:02:24 AM
AnhSon(AnhSon) used a shield 2-15-2021, 6:02:25 AM
AnhSon(AnhSon) used a shield 2-15-2021, 6:02:25 AM
AnhSon(AnhSon) used a shield 2-15-2021, 6:02:25 AM
AnhSon(AnhSon) used a shield 2-15-2021, 6:02:25 AM
AnhSon(AnhSon) used a shield 2-15-2021, 6:02:25 AM
AnhSon(AnhSon) used a shield 2-15-2021, 6:02:26 AM
AnhSon(AnhSon) used a shield 2-15-2021, 6:02:26 AM
AnhSon(AnhSon) used a shield 2-15-2021, 6:02:26 AM
AnhSon(AnhSon) used a health_drink 2-15-2021, 6:02:28 AM
AnhSon(AnhSon) used a health_drink 2-15-2021, 6:02:28 AM
AnhSon(AnhSon) used a health_drink 2-15-2021, 6:02:35 AM
AnhSon(AnhSon) used a health_drink 2-15-2021, 6:02:35 AM
AnhSon(AnhSon) used a health_drink 2-15-2021, 6:02:36 AM
AnhSon(AnhSon) used a health_drink 2-15-2021, 6:02:38 AM
AnhSon(AnhSon) used a health_drink 2-15-2021, 6:02:38 AM
AnhSon(AnhSon) used a health_drink 2-15-2021, 6:02:41 AM
AnhSon(AnhSon) used a health_drink 2-15-2021, 6:02:43 AM
AnhSon(AnhSon) used a health_drink 2-15-2021, 6:02:43 AM
AnhSon(AnhSon) used a health_drink 2-15-2021, 6:02:46 AM
AnhSon(AnhSon) used a health_drink 2-15-2021, 6:02:46 AM
AnhSon(AnhSon) used a health_drink 2-15-2021, 6:02:51 AM
AnhSon(AnhSon) used a health_drink 2-15-2021, 6:02:51 AM
AnhSon(AnhSon) used a shield 2-15-2021, 7:50:26 AM
AnhSon(AnhSon) used a shield 2-15-2021, 7:50:27 AM
AnhSon(AnhSon) used a shield 2-15-2021, 7:50:27 AM
AnhSon(AnhSon) used a shield 2-15-2021, 7:50:27 AM
AnhSon(AnhSon) used a shield 2-15-2021, 7:50:28 AM
AnhSon(AnhSon) used a shield 2-15-2021, 7:50:28 AM
AnhSon(AnhSon) used a shield 2-15-2021, 7:50:28 AM
AnhSon(AnhSon) used a shield 2-15-2021, 7:50:28 AM
AnhSon(AnhSon) used a shield 2-15-2021, 7:50:28 AM
AnhSon(AnhSon) used a shield 2-15-2021, 7:50:28 AM
AnhSon(AnhSon) used a shield 2-15-2021, 7:50:29 AM
AnhSon(AnhSon) used a shield 2-15-2021, 7:50:29 AM
AnhSon(AnhSon) used a shield 2-15-2021, 7:50:29 AM
AnhSon(AnhSon) used a shield 2-15-2021, 7:50:29 AM
AnhSon(AnhSon) used a shield 2-15-2021, 7:50:29 AM
AnhSon(AnhSon) used a shield 2-15-2021, 7:50:30 AM
AnhSon(AnhSon) used a shield 2-15-2021, 7:50:30 AM
AnhSon(AnhSon) used a shield 2-15-2021, 7:50:30 AM
AnhSon(AnhSon) used a shield 2-15-2021, 7:50:30 AM
AnhSon(AnhSon) used a shield 2-15-2021, 7:50:30 AM
AnhSon(AnhSon) used a shield 2-15-2021, 7:50:31 AM
AnhSon(AnhSon) used a shield 2-15-2021, 7:50:31 AM
AnhSon(AnhSon) used a shield 2-15-2021, 7:50:31 AM
AnhSon(AnhSon) used a shield 2-15-2021, 7:50:32 AM
AnhSon(AnhSon) used a tk_ultra_health_potion 2-15-2021, 7:50:37 AM
AnhSon(AnhSon) used a tk_ultra_health_potion 2-15-2021, 7:50:37 AM
AnhSon(AnhSon) used a health_drink 2-15-2021, 7:50:59 AM
AnhSon(AnhSon) used a health_drink 2-15-2021, 7:50:59 AM
AnhSon(AnhSon) used a health_drink 2-15-2021, 7:51:02 AM
AnhSon(AnhSon) used a health_drink 2-15-2021, 7:51:02 AM
AnhSon(AnhSon) used a health_drink 2-15-2021, 7:51:02 AM
AnhSon(AnhSon) used a health_drink 2-15-2021, 7:51:05 AM
AnhSon(AnhSon) used a health_drink 2-15-2021, 7:51:05 AM
AnhSon(AnhSon) used a health_drink 2-15-2021, 7:51:06 AM
AnhSon(AnhSon) used a health_drink 2-15-2021, 7:51:08 AM
AnhSon(AnhSon) used a health_drink 2-15-2021, 7:51:09 AM
AnhSon(AnhSon) used a rocket_launcher 2-15-2021, 7:51:14 AM
AnhSon(AnhSon) used a rocket_launcher 2-15-2021, 7:51:14 AM
AnhSon(AnhSon) used a rocket_launcher 2-15-2021, 7:52:54 AM
AnhSon(AnhSon) used a health_drink 2-15-2021, 7:53:23 AM
AnhSon(AnhSon) used a health_drink 2-15-2021, 7:53:23 AM
AnhSon(AnhSon) used a health_drink 2-15-2021, 7:53:23 AM
AnhSon(AnhSon) used a health_drink 2-15-2021, 7:53:24 AM
AnhSon(AnhSon) used a health_drink 2-15-2021, 7:53:24 AM
AnhSon(AnhSon) used a health_drink 2-15-2021, 7:53:25 AM
AnhSon(AnhSon) used a health_drink 2-15-2021, 7:53:25 AM
AnhSon(AnhSon) used a health_drink 2-15-2021, 7:53:25 AM
AnhSon(AnhSon) used a health_drink 2-15-2021, 7:53:26 AM
AnhSon(AnhSon) used a health_drink 2-15-2021, 7:53:26 AM
AnhSon(AnhSon) used a health_drink 2-15-2021, 7:53:26 AM
AnhSon(AnhSon) used a health_drink 2-15-2021, 7:53:46 AM
AnhSon(AnhSon) used a health_drink 2-15-2021, 7:53:47 AM
AnhSon(AnhSon) used a health_drink 2-15-2021, 7:53:47 AM
AnhSon(AnhSon) used a health_drink 2-15-2021, 7:53:49 AM
AnhSon(AnhSon) used a health_drink 2-15-2021, 7:53:50 AM
AnhSon(AnhSon) used a health_drink 2-15-2021, 7:53:50 AM
AnhSon(AnhSon) used a health_drink 2-15-2021, 7:53:51 AM
AnhSon(AnhSon) used a health_drink 2-15-2021, 7:53:52 AM
AnhSon(AnhSon) used a health_drink 2-15-2021, 7:53:52 AM
AnhSon(AnhSon) used a health_drink 2-15-2021, 7:53:53 AM
AnhSon(AnhSon) used a health_drink 2-15-2021, 7:53:53 AM
AnhSon(AnhSon) used a health_drink 2-15-2021, 7:53:53 AM
AnhSon(AnhSon) used a health_drink 2-15-2021, 7:53:54 AM
AnhSon(AnhSon) used a health_drink 2-15-2021, 7:53:54 AM
AnhSon(AnhSon) used a health_drink 2-15-2021, 7:53:57 AM
AnhSon(AnhSon) used a health_drink 2-15-2021, 7:53:57 AM
AnhSon(AnhSon) used a health_drink 2-15-2021, 7:53:57 AM
AnhSon(AnhSon) used a health_drink 2-15-2021, 7:53:59 AM
AnhSon(AnhSon) used a health_drink 2-15-2021, 7:54:00 AM
AnhSon(AnhSon) used a health_drink 2-15-2021, 7:54:00 AM
AnhSon(AnhSon) used a health_drink 2-15-2021, 7:54:00 AM
AnhSon(AnhSon) used a health_drink 2-15-2021, 7:54:02 AM
AnhSon(AnhSon) used a health_drink 2-15-2021, 7:54:02 AM
AnhSon(AnhSon) used a health_drink 2-15-2021, 7:54:03 AM
AnhSon(AnhSon) used a health_drink 2-15-2021, 7:54:04 AM
AnhSon(AnhSon) used a shield 2-15-2021, 7:54:10 AM
AnhSon(AnhSon) used a shield 2-15-2021, 7:54:10 AM
AnhSon(AnhSon) used a shield 2-15-2021, 7:54:16 AM
AnhSon(AnhSon) used a shield 2-15-2021, 7:54:16 AM
AnhSon(AnhSon) used a shield 2-15-2021, 7:54:16 AM
AnhSon(AnhSon) used a shield 2-15-2021, 7:54:16 AM
AnhSon(AnhSon) used a shield 2-15-2021, 7:54:16 AM
AnhSon(AnhSon) used a shield 2-15-2021, 7:54:16 AM
AnhSon(AnhSon) used a shield 2-15-2021, 7:54:17 AM
AnhSon(AnhSon) used a shield 2-15-2021, 7:54:18 AM
AnhSon(AnhSon) used a shield 2-15-2021, 7:54:18 AM
AnhSon(AnhSon) used a shield 2-15-2021, 7:54:18 AM
AnhSon(AnhSon) used a shield 2-15-2021, 7:54:18 AM
AnhSon(AnhSon) used a shield 2-15-2021, 7:54:19 AM
AnhSon(AnhSon) used a shield 2-15-2021, 7:54:19 AM
AnhSon(AnhSon) used a shield 2-15-2021, 7:54:19 AM
AnhSon(AnhSon) used a shield 2-15-2021, 7:54:19 AM
AnhSon(AnhSon) used a shield 2-15-2021, 7:54:20 AM
AnhSon(AnhSon) used a shield 2-15-2021, 7:54:20 AM
AnhSon(AnhSon) used a shield 2-15-2021, 7:54:20 AM
AnhSon(AnhSon) used a shield 2-15-2021, 9:50:16 AM
AnhSon(AnhSon) used a shield 2-15-2021, 9:50:17 AM
AnhSon(AnhSon) used a shield 2-15-2021, 9:50:17 AM
AnhSon(AnhSon) used a shield 2-15-2021, 9:50:17 AM
AnhSon(AnhSon) used a shield 2-15-2021, 9:50:17 AM
AnhSon(AnhSon) used a shield 2-15-2021, 9:50:17 AM
AnhSon(AnhSon) used a shield 2-15-2021, 9:50:18 AM
AnhSon(AnhSon) used a shield 2-15-2021, 9:50:18 AM
AnhSon(AnhSon) used a shield 2-15-2021, 9:50:18 AM
AnhSon(AnhSon) used a shield 2-15-2021, 9:50:19 AM
AnhSon(AnhSon) used a shield 2-15-2021, 9:50:19 AM
AnhSon(AnhSon) used a health_drink 2-15-2021, 9:50:21 AM
AnhSon(AnhSon) used a health_drink 2-15-2021, 9:50:21 AM
AnhSon(AnhSon) used a health_drink 2-15-2021, 9:50:33 AM
AnhSon(AnhSon) used a health_drink 2-15-2021, 9:50:33 AM
AnhSon(AnhSon) used a health_drink 2-15-2021, 9:50:39 AM
AnhSon(AnhSon) used a health_drink 2-15-2021, 9:50:39 AM
AnhSon(AnhSon) used a health_drink 2-15-2021, 9:50:42 AM
AnhSon(AnhSon) used a health_drink 2-15-2021, 9:50:42 AM
AnhSon(AnhSon) used a health_drink 2-15-2021, 9:50:42 AM
AnhSon(AnhSon) used a health_drink 2-15-2021, 9:50:47 AM
AnhSon(AnhSon) used a health_drink 2-15-2021, 9:50:47 AM
AnhSon(AnhSon) used a health_drink 2-15-2021, 9:50:54 AM
AnhSon(AnhSon) used a health_drink 2-15-2021, 9:51:00 AM
AnhSon(AnhSon) used a health_drink 2-15-2021, 9:51:00 AM
AnhSon(AnhSon) used a health_drink 2-15-2021, 9:51:04 AM
AnhSon(AnhSon) used a health_drink 2-15-2021, 9:51:04 AM
AnhSon(AnhSon) used a health_drink 2-15-2021, 9:51:17 AM
AnhSon(AnhSon) used a rocket_launcher 2-15-2021, 9:51:23 AM
AnhSon(AnhSon) used a rocket_launcher 2-15-2021, 9:51:24 AM
AnhSon(AnhSon) used a helicopter 2-15-2021, 9:51:43 AM
AnhSon(AnhSon) used a helicopter 2-15-2021, 9:51:44 AM
AnhSon(AnhSon) used a rocket_launcher 2-15-2021, 9:55:22 AM
AnhSon(AnhSon) used a shield 2-15-2021, 9:56:22 AM
AnhSon(AnhSon) used a shield 2-15-2021, 9:56:22 AM
AnhSon(AnhSon) used a shield 2-15-2021, 9:56:22 AM
AnhSon(AnhSon) used a shield 2-15-2021, 9:56:22 AM
AnhSon(AnhSon) used a shield 2-15-2021, 9:56:22 AM
AnhSon(AnhSon) used a shield 2-15-2021, 9:56:23 AM
AnhSon(AnhSon) used a shield 2-15-2021, 9:56:23 AM
AnhSon(AnhSon) used a shield 2-15-2021, 9:56:24 AM
AnhSon(AnhSon) used a shield 2-15-2021, 9:56:25 AM
AnhSon(AnhSon) used a shield 2-15-2021, 9:56:25 AM
AnhSon(AnhSon) used a shield 2-15-2021, 9:56:25 AM
AnhSon(AnhSon) used a shield 2-15-2021, 9:56:25 AM
AnhSon(AnhSon) used a health_drink 2-15-2021, 9:57:29 AM
AnhSon(AnhSon) used a health_drink 2-15-2021, 9:57:30 AM
AnhSon(AnhSon) used a health_drink 2-15-2021, 9:57:36 AM
AnhSon(AnhSon) used a health_drink 2-15-2021, 9:57:39 AM
AnhSon(AnhSon) used a health_drink 2-15-2021, 9:57:39 AM
AnhSon(AnhSon) used a health_drink 2-15-2021, 9:57:39 AM
AnhSon(AnhSon) used a health_drink 2-15-2021, 9:57:42 AM
AnhSon(AnhSon) used a health_drink 2-15-2021, 9:57:42 AM
AnhSon(AnhSon) used a health_drink 2-15-2021, 9:57:45 AM
AnhSon(AnhSon) used a health_drink 2-15-2021, 9:57:45 AM
AnhSon(AnhSon) used a health_drink 2-15-2021, 9:57:46 AM
AnhSon(AnhSon) used a health_drink 2-15-2021, 9:57:48 AM
AnhSon(AnhSon) used a health_drink 2-15-2021, 9:57:49 AM
AnhSon(AnhSon) used a rocket_launcher 2-15-2021, 9:58:55 AM
AnhSon(AnhSon) used a rocket_launcher 2-15-2021, 9:58:56 AM
AnhSon(AnhSon) used a rocket_launcher 2-15-2021, 10:02:01 AM
AnhSon(AnhSon) used a rocket_launcher 2-15-2021, 10:02:01 AM
AnhSon(AnhSon) used a tk_ultra_health_potion 2-15-2021, 10:02:25 AM
AnhSon(AnhSon) used a tk_ultra_health_potion 2-15-2021, 10:02:40 AM
AnhSon(AnhSon) used a tk_ultra_health_potion 2-15-2021, 10:02:41 AM
AnhSon(AnhSon) used a health_drink 2-15-2021, 10:02:46 AM
AnhSon(AnhSon) used a health_drink 2-15-2021, 10:02:46 AM
AnhSon(AnhSon) used a health_drink 2-15-2021, 10:02:49 AM
AnhSon(AnhSon) used a health_drink 2-15-2021, 10:02:50 AM
AnhSon(AnhSon) used a rocket_launcher 2-15-2021, 10:05:44 AM
AnhSon(AnhSon) used a rocket_launcher 2-15-2021, 10:05:44 AM
AnhSon(AnhSon) used a rocket_launcher 2-15-2021, 10:05:44 AM
AnhSon(AnhSon) used a shield 2-15-2021, 10:06:38 AM
AnhSon(AnhSon) used a shield 2-15-2021, 10:06:39 AM
AnhSon(AnhSon) used a shield 2-15-2021, 10:06:39 AM
AnhSon(AnhSon) used a shield 2-15-2021, 10:06:39 AM
AnhSon(AnhSon) used a shield 2-15-2021, 10:06:39 AM
AnhSon(AnhSon) used a shield 2-15-2021, 10:06:39 AM
AnhSon(AnhSon) used a shield 2-15-2021, 10:06:39 AM
AnhSon(AnhSon) used a shield 2-15-2021, 10:06:40 AM
AnhSon(AnhSon) used a shield 2-15-2021, 10:06:40 AM
AnhSon(AnhSon) used a shield 2-15-2021, 10:06:41 AM
AnhSon(AnhSon) used a shield 2-15-2021, 10:06:41 AM
AnhSon(AnhSon) used a shield 2-15-2021, 10:06:41 AM
AnhSon(AnhSon) used a shield 2-15-2021, 10:06:41 AM
AnhSon(AnhSon) used a health_drink 2-15-2021, 10:06:43 AM
AnhSon(AnhSon) used a health_drink 2-15-2021, 10:07:01 AM
AnhSon(AnhSon) used a health_drink 2-15-2021, 10:07:02 AM
AnhSon(AnhSon) used a health_drink 2-15-2021, 10:07:02 AM
AnhSon(AnhSon) used a tk_ultra_health_potion 2-15-2021, 10:07:09 AM
AnhSon(AnhSon) used a tk_ultra_health_potion 2-15-2021, 10:07:09 AM
AnhSon(AnhSon) used a tk_ultra_health_potion 2-15-2021, 10:07:09 AM
AnhSon(AnhSon) used a health_drink 2-15-2021, 10:07:11 AM
AnhSon(AnhSon) used a health_drink 2-15-2021, 10:07:11 AM
AnhSon(AnhSon) used a health_drink 2-15-2021, 10:07:12 AM
AnhSon(AnhSon) used a health_drink 2-15-2021, 10:07:15 AM
AnhSon(AnhSon) used a health_drink 2-15-2021, 10:07:15 AM
AnhSon(AnhSon) used a health_drink 2-15-2021, 10:07:18 AM
AnhSon(AnhSon) used a health_drink 2-15-2021, 10:07:18 AM
AnhSon(AnhSon) used a health_drink 2-15-2021, 10:07:18 AM
AnhSon(AnhSon) used a health_drink 2-15-2021, 10:07:21 AM
AnhSon(AnhSon) used a health_drink 2-15-2021, 10:07:22 AM
AnhSon(AnhSon) used a health_drink 2-15-2021, 10:07:22 AM
AnhSon(AnhSon) used a health_drink 2-15-2021, 10:07:31 AM
AnhSon(AnhSon) used a health_drink 2-15-2021, 10:07:36 AM
AnhSon(AnhSon) used a health_drink 2-15-2021, 10:07:36 AM
AnhSon(AnhSon) used a health_drink 2-15-2021, 10:07:38 AM
AnhSon(AnhSon) used a health_drink 2-15-2021, 10:07:38 AM
AnhSon(AnhSon) used a health_drink 2-15-2021, 10:07:38 AM
AnhSon(AnhSon) used a health_drink 2-15-2021, 10:07:41 AM
AnhSon(AnhSon) used a health_drink 2-15-2021, 10:07:41 AM
AnhSon(AnhSon) used a health_drink 2-15-2021, 10:07:42 AM
AnhSon(AnhSon) used a health_drink 2-15-2021, 10:07:43 AM
AnhSon(AnhSon) used a health_drink 2-15-2021, 10:07:43 AM
AnhSon(AnhSon) used a health_drink 2-15-2021, 10:07:43 AM
AnhSon(AnhSon) used a health_drink 2-15-2021, 10:07:44 AM
AnhSon(AnhSon) used a health_drink 2-15-2021, 10:07:44 AM
AnhSon(AnhSon) used a health_drink 2-15-2021, 10:07:45 AM
AnhSon(AnhSon) used a rocket_launcher 2-15-2021, 10:07:50 AM
AnhSon(AnhSon) used a rocket_launcher 2-15-2021, 10:07:50 AM
AnhSon(AnhSon) used a rocket_launcher 2-15-2021, 10:07:51 AM
AnhSon(AnhSon) used a rocket_launcher 2-15-2021, 10:07:51 AM
AnhSon(AnhSon) used a shield 2-15-2021, 3:47:09 PM
AnhSon(AnhSon) used a shield 2-15-2021, 3:47:09 PM
AnhSon(AnhSon) used a shield 2-15-2021, 3:47:10 PM
AnhSon(AnhSon) used a shield 2-15-2021, 3:47:10 PM
AnhSon(AnhSon) used a shield 2-15-2021, 3:47:10 PM
AnhSon(AnhSon) used a shield 2-15-2021, 3:47:10 PM
AnhSon(AnhSon) used a shield 2-15-2021, 3:47:10 PM
AnhSon(AnhSon) used a shield 2-15-2021, 3:47:11 PM
AnhSon(AnhSon) used a shield 2-15-2021, 3:47:11 PM
AnhSon(AnhSon) used a shield 2-15-2021, 3:47:11 PM
AnhSon(AnhSon) used a shield 2-15-2021, 3:47:11 PM
AnhSon(AnhSon) used a shield 2-15-2021, 3:47:11 PM
AnhSon(AnhSon) used a shield 2-15-2021, 3:47:11 PM
AnhSon(AnhSon) used a shield 2-15-2021, 3:47:12 PM
AnhSon(AnhSon) used a shield 2-15-2021, 3:47:12 PM
AnhSon(AnhSon) used a shield 2-15-2021, 3:47:12 PM
AnhSon(AnhSon) used a shield 2-15-2021, 3:47:12 PM
AnhSon(AnhSon) used a shield 2-15-2021, 3:47:13 PM
AnhSon(AnhSon) used a shield 2-15-2021, 3:47:13 PM
AnhSon(AnhSon) used a shield 2-15-2021, 3:47:14 PM
AnhSon(AnhSon) used a tk_ultra_health_potion 2-15-2021, 3:47:37 PM
AnhSon(AnhSon) used a tk_ultra_health_potion 2-15-2021, 3:47:37 PM
AnhSon(AnhSon) used a health_drink 2-15-2021, 3:47:58 PM
AnhSon(AnhSon) used a health_drink 2-15-2021, 3:47:59 PM
AnhSon(AnhSon) used a health_drink 2-15-2021, 3:48:02 PM
AnhSon(AnhSon) used a health_drink 2-15-2021, 3:48:02 PM
AnhSon(AnhSon) used a rocket_launcher 2-15-2021, 3:48:08 PM
AnhSon(AnhSon) used a rocket_launcher 2-15-2021, 3:48:08 PM
AnhSon(AnhSon) used a rocket_launcher 2-15-2021, 3:48:08 PM
AnhSon(AnhSon) used a health_drink 2-15-2021, 3:50:00 PM
AnhSon(AnhSon) used a health_drink 2-15-2021, 3:50:01 PM
AnhSon(AnhSon) used a health_drink 2-15-2021, 3:50:03 PM
AnhSon(AnhSon) used a health_drink 2-15-2021, 3:50:03 PM
AnhSon(AnhSon) used a health_drink 2-15-2021, 3:50:03 PM
AnhSon(AnhSon) used a health_drink 2-15-2021, 3:50:06 PM
AnhSon(AnhSon) used a health_drink 2-15-2021, 3:50:06 PM
AnhSon(AnhSon) used a health_drink 2-15-2021, 3:50:15 PM
AnhSon(AnhSon) used a health_drink 2-15-2021, 3:50:15 PM
AnhSon(AnhSon) used a health_drink 2-15-2021, 3:50:22 PM
AnhSon(AnhSon) used a health_drink 2-15-2021, 3:50:22 PM
AnhSon(AnhSon) used a health_drink 2-15-2021, 3:50:25 PM
AnhSon(AnhSon) used a health_drink 2-15-2021, 3:50:25 PM
AnhSon(AnhSon) used a health_drink 2-15-2021, 3:50:26 PM
AnhSon(AnhSon) used a health_drink 2-15-2021, 3:50:28 PM
AnhSon(AnhSon) used a health_drink 2-15-2021, 3:50:29 PM
AnhSon(AnhSon) used a health_drink 2-15-2021, 3:50:29 PM
AnhSon(AnhSon) used a health_drink 2-15-2021, 3:50:32 PM
AnhSon(AnhSon) used a health_drink 2-15-2021, 3:50:32 PM
AnhSon(AnhSon) used a health_drink 2-15-2021, 3:50:35 PM
AnhSon(AnhSon) used a health_drink 2-15-2021, 3:50:35 PM
AnhSon(AnhSon) used a rocket_launcher 2-15-2021, 3:52:15 PM
AnhSon(AnhSon) used a rocket_launcher 2-15-2021, 3:52:15 PM
AnhSon(AnhSon) used a shield 2-15-2021, 3:53:43 PM
AnhSon(AnhSon) used a shield 2-15-2021, 3:53:43 PM
AnhSon(AnhSon) used a shield 2-15-2021, 3:53:43 PM
AnhSon(AnhSon) used a shield 2-15-2021, 3:53:44 PM
AnhSon(AnhSon) used a shield 2-15-2021, 3:53:44 PM
AnhSon(AnhSon) used a shield 2-15-2021, 3:53:44 PM
AnhSon(AnhSon) used a shield 2-15-2021, 3:53:44 PM
AnhSon(AnhSon) used a shield 2-15-2021, 3:53:44 PM
AnhSon(AnhSon) used a shield 2-15-2021, 3:53:45 PM
AnhSon(AnhSon) used a shield 2-15-2021, 3:53:45 PM
AnhSon(AnhSon) used a shield 2-15-2021, 3:53:45 PM
AnhSon(AnhSon) used a shield 2-15-2021, 3:53:45 PM
AnhSon(AnhSon) used a shield 2-15-2021, 3:53:46 PM
AnhSon(AnhSon) used a tk_ultra_health_potion 2-15-2021, 3:53:50 PM
AnhSon(AnhSon) used a tk_ultra_health_potion 2-15-2021, 3:53:50 PM
AnhSon(AnhSon) used a rocket_launcher 2-15-2021, 3:53:56 PM
AnhSon(AnhSon) used a rocket_launcher 2-15-2021, 3:53:56 PM
AnhSon(AnhSon) used a rocket_launcher 2-15-2021, 3:53:57 PM
AnhSon(AnhSon) used a tk_ultra_health_potion 2-15-2021, 3:54:22 PM
AnhSon(AnhSon) used a tk_ultra_health_potion 2-15-2021, 3:54:23 PM
AnhSon(AnhSon) used a empty_beer_bottle 2-15-2021, 3:56:24 PM
AnhSon(AnhSon) used a empty_beer_bottle 2-15-2021, 3:56:25 PM
AnhSon(AnhSon) used a empty_beer_bottle 2-15-2021, 3:56:25 PM
AnhSon(AnhSon) used a empty_beer_bottle 2-15-2021, 3:56:25 PM
AnhSon(AnhSon) used a empty_beer_bottle 2-15-2021, 3:56:25 PM
AnhSon(AnhSon) used a empty_beer_bottle 2-15-2021, 3:56:25 PM
AnhSon(AnhSon) used a empty_beer_bottle 2-15-2021, 3:56:26 PM
AnhSon(AnhSon) used a empty_beer_bottle 2-15-2021, 3:56:42 PM
AnhSon(AnhSon) used a empty_beer_bottle 2-15-2021, 3:56:42 PM
AnhSon(AnhSon) used a empty_beer_bottle 2-15-2021, 3:56:43 PM
AnhSon(AnhSon) used a empty_beer_bottle 2-15-2021, 3:56:43 PM
AnhSon(AnhSon) used a empty_beer_bottle 2-15-2021, 3:56:43 PM
AnhSon(AnhSon) used a empty_beer_bottle 2-15-2021, 3:56:47 PM
AnhSon(AnhSon) used a empty_beer_bottle 2-15-2021, 3:56:47 PM
AnhSon(AnhSon) used a empty_beer_bottle 2-15-2021, 3:56:48 PM
AnhSon(AnhSon) used a empty_beer_bottle 2-15-2021, 3:56:48 PM
AnhSon(AnhSon) used a empty_beer_bottle 2-15-2021, 3:56:49 PM
AnhSon(AnhSon) used a empty_beer_bottle 2-15-2021, 3:56:49 PM
AnhSon(AnhSon) used a empty_beer_bottle 2-15-2021, 3:56:50 PM
AnhSon(AnhSon) used a empty_beer_bottle 2-15-2021, 3:56:50 PM
AnhSon(AnhSon) used a empty_beer_bottle 2-15-2021, 3:56:50 PM
AnhSon(AnhSon) used a empty_beer_bottle 2-15-2021, 3:56:50 PM
AnhSon(AnhSon) used a empty_beer_bottle 2-15-2021, 3:56:51 PM
AnhSon(AnhSon) used a empty_beer_bottle 2-15-2021, 3:56:52 PM
AnhSon(AnhSon) used a empty_beer_bottle 2-15-2021, 3:56:54 PM
AnhSon(AnhSon) used a empty_beer_bottle 2-15-2021, 3:56:56 PM
AnhSon(AnhSon) used a empty_beer_bottle 2-15-2021, 3:56:59 PM
AnhSon(AnhSon) used a empty_beer_bottle 2-15-2021, 3:57:07 PM
AnhSon(AnhSon) used a empty_beer_bottle 2-15-2021, 3:57:08 PM
AnhSon(AnhSon) used a empty_beer_bottle 2-15-2021, 3:57:11 PM
AnhSon(AnhSon) used a empty_beer_bottle 2-15-2021, 3:57:11 PM
AnhSon(AnhSon) used a empty_beer_bottle 2-15-2021, 3:57:11 PM
AnhSon(AnhSon) used a empty_beer_bottle 2-15-2021, 3:57:12 PM
AnhSon(AnhSon) used a empty_beer_bottle 2-15-2021, 3:57:12 PM
AnhSon(AnhSon) used a empty_beer_bottle 2-15-2021, 3:57:12 PM
AnhSon(AnhSon) used a empty_beer_bottle 2-15-2021, 3:57:13 PM
AnhSon(AnhSon) used a empty_beer_bottle 2-15-2021, 3:57:14 PM
AnhSon(AnhSon) used a empty_beer_bottle 2-15-2021, 3:57:15 PM
AnhSon(AnhSon) used a empty_beer_bottle 2-15-2021, 3:57:16 PM
AnhSon(AnhSon) used a empty_beer_bottle 2-15-2021, 3:57:16 PM
AnhSon(AnhSon) used a empty_beer_bottle 2-15-2021, 3:57:17 PM
AnhSon(AnhSon) used a empty_beer_bottle 2-15-2021, 3:57:17 PM
AnhSon(AnhSon) used a empty_beer_bottle 2-15-2021, 3:57:17 PM
AnhSon(AnhSon) used a empty_beer_bottle 2-15-2021, 3:57:18 PM
AnhSon(AnhSon) used a empty_beer_bottle 2-15-2021, 3:57:18 PM
AnhSon(AnhSon) used a empty_beer_bottle 2-15-2021, 3:57:18 PM
AnhSon(AnhSon) used a empty_beer_bottle 2-15-2021, 3:57:18 PM
AnhSon(AnhSon) used a empty_beer_bottle 2-15-2021, 3:57:19 PM
AnhSon(AnhSon) used a empty_beer_bottle 2-15-2021, 3:57:19 PM
AnhSon(AnhSon) used a empty_beer_bottle 2-15-2021, 3:57:19 PM
AnhSon(AnhSon) used a empty_beer_bottle 2-15-2021, 3:57:20 PM
AnhSon(AnhSon) used a empty_beer_bottle 2-15-2021, 3:57:20 PM
AnhSon(AnhSon) used a empty_beer_bottle 2-15-2021, 3:57:20 PM
AnhSon(AnhSon) used a empty_beer_bottle 2-15-2021, 3:57:20 PM
AnhSon(AnhSon) used a empty_beer_bottle 2-15-2021, 3:57:20 PM
AnhSon(AnhSon) used a empty_beer_bottle 2-15-2021, 3:57:20 PM
AnhSon(AnhSon) used a empty_beer_bottle 2-15-2021, 3:57:21 PM
AnhSon(AnhSon) used a empty_beer_bottle 2-15-2021, 3:57:21 PM
AnhSon(AnhSon) used a empty_beer_bottle 2-15-2021, 3:57:21 PM
AnhSon(AnhSon) used a empty_beer_bottle 2-15-2021, 3:57:22 PM
AnhSon(AnhSon) used a empty_beer_bottle 2-15-2021, 3:57:22 PM
AnhSon(AnhSon) used a empty_beer_bottle 2-15-2021, 3:57:44 PM
AnhSon(AnhSon) used a empty_beer_bottle 2-15-2021, 3:57:44 PM
AnhSon(AnhSon) used a empty_beer_bottle 2-15-2021, 3:57:45 PM
AnhSon(AnhSon) used a empty_beer_bottle 2-15-2021, 3:57:45 PM
AnhSon(AnhSon) used a empty_beer_bottle 2-15-2021, 3:57:46 PM
AnhSon(AnhSon) used a empty_beer_bottle 2-15-2021, 3:57:46 PM
AnhSon(AnhSon) used a empty_beer_bottle 2-15-2021, 3:57:46 PM
AnhSon(AnhSon) used a empty_beer_bottle 2-15-2021, 3:57:46 PM
AnhSon(AnhSon) used a empty_beer_bottle 2-15-2021, 3:57:46 PM
AnhSon(AnhSon) used a empty_beer_bottle 2-15-2021, 3:57:46 PM
AnhSon(AnhSon) used a empty_beer_bottle 2-15-2021, 3:57:47 PM
AnhSon(AnhSon) used a empty_beer_bottle 2-15-2021, 3:57:47 PM
AnhSon(AnhSon) used a empty_beer_bottle 2-15-2021, 3:57:47 PM
AnhSon(AnhSon) used a empty_beer_bottle 2-15-2021, 3:57:47 PM
AnhSon(AnhSon) used a empty_beer_bottle 2-15-2021, 3:57:47 PM
AnhSon(AnhSon) used a empty_beer_bottle 2-15-2021, 3:57:47 PM
AnhSon(AnhSon) used a empty_beer_bottle 2-15-2021, 3:57:48 PM
AnhSon(AnhSon) used a empty_beer_bottle 2-15-2021, 3:57:48 PM
AnhSon(AnhSon) used a empty_beer_bottle 2-15-2021, 3:57:48 PM
AnhSon(AnhSon) used a empty_beer_bottle 2-15-2021, 3:57:48 PM
AnhSon(AnhSon) used a empty_beer_bottle 2-15-2021, 3:58:09 PM
AnhSon(AnhSon) used a empty_beer_bottle 2-15-2021, 3:58:09 PM
AnhSon(AnhSon) used a empty_beer_bottle 2-15-2021, 3:58:09 PM
AnhSon(AnhSon) used a empty_beer_bottle 2-15-2021, 3:58:10 PM
AnhSon(AnhSon) used a empty_beer_bottle 2-15-2021, 3:58:10 PM
AnhSon(AnhSon) used a empty_beer_bottle 2-15-2021, 3:58:10 PM
AnhSon(AnhSon) used a empty_beer_bottle 2-15-2021, 3:58:11 PM
AnhSon(AnhSon) used a empty_beer_bottle 2-15-2021, 3:58:11 PM
AnhSon(AnhSon) used a empty_beer_bottle 2-15-2021, 3:58:11 PM
AnhSon(AnhSon) used a empty_beer_bottle 2-15-2021, 3:58:11 PM
AnhSon(AnhSon) used a empty_beer_bottle 2-15-2021, 3:58:11 PM
AnhSon(AnhSon) used a empty_beer_bottle 2-15-2021, 3:58:11 PM
AnhSon(AnhSon) used a empty_beer_bottle 2-15-2021, 3:58:11 PM
AnhSon(AnhSon) used a empty_beer_bottle 2-15-2021, 3:58:11 PM
AnhSon(AnhSon) used a empty_beer_bottle 2-15-2021, 3:58:11 PM
AnhSon(AnhSon) used a empty_beer_bottle 2-15-2021, 3:58:12 PM
AnhSon(AnhSon) used a empty_beer_bottle 2-15-2021, 3:58:12 PM
AnhSon(AnhSon) used a empty_beer_bottle 2-15-2021, 3:58:13 PM
AnhSon(AnhSon) used a empty_beer_bottle 2-15-2021, 3:58:41 PM
AnhSon(AnhSon) used a empty_beer_bottle 2-15-2021, 3:58:42 PM
AnhSon(AnhSon) used a empty_beer_bottle 2-15-2021, 3:58:42 PM
AnhSon(AnhSon) used a empty_beer_bottle 2-15-2021, 3:58:42 PM
AnhSon(AnhSon) used a empty_beer_bottle 2-15-2021, 3:58:42 PM
AnhSon(AnhSon) used a empty_beer_bottle 2-15-2021, 3:58:51 PM
AnhSon(AnhSon) used a empty_beer_bottle 2-15-2021, 3:58:51 PM
AnhSon(AnhSon) used a empty_beer_bottle 2-15-2021, 3:58:51 PM
AnhSon(AnhSon) used a empty_beer_bottle 2-15-2021, 3:58:55 PM
AnhSon(AnhSon) used a empty_beer_bottle 2-15-2021, 3:58:57 PM
AnhSon(AnhSon) used a empty_beer_bottle 2-15-2021, 3:58:57 PM
AnhSon(AnhSon) used a empty_beer_bottle 2-15-2021, 3:58:57 PM
AnhSon(AnhSon) used a empty_beer_bottle 2-15-2021, 3:58:58 PM
AnhSon(AnhSon) used a empty_beer_bottle 2-15-2021, 3:58:58 PM
AnhSon(AnhSon) used a empty_beer_bottle 2-15-2021, 3:58:58 PM
AnhSon(AnhSon) used a empty_beer_bottle 2-15-2021, 3:58:58 PM
AnhSon(AnhSon) used a empty_beer_bottle 2-15-2021, 3:58:58 PM
AnhSon(AnhSon) used a empty_beer_bottle 2-15-2021, 3:59:00 PM
AnhSon(AnhSon) used a empty_beer_bottle 2-15-2021, 3:59:08 PM
AnhSon(AnhSon) used a empty_beer_bottle 2-15-2021, 3:59:08 PM
AnhSon(AnhSon) used a empty_beer_bottle 2-15-2021, 3:59:08 PM
AnhSon(AnhSon) used a empty_beer_bottle 2-15-2021, 3:59:09 PM
AnhSon(AnhSon) used a empty_beer_bottle 2-15-2021, 3:59:09 PM
AnhSon(AnhSon) used a empty_beer_bottle 2-15-2021, 3:59:10 PM
AnhSon(AnhSon) used a empty_beer_bottle 2-15-2021, 3:59:25 PM
AnhSon(AnhSon) used a empty_beer_bottle 2-15-2021, 3:59:25 PM
AnhSon(AnhSon) used a empty_beer_bottle 2-15-2021, 3:59:25 PM
AnhSon(AnhSon) used a empty_beer_bottle 2-15-2021, 3:59:25 PM
AnhSon(AnhSon) used a empty_beer_bottle 2-15-2021, 3:59:27 PM
AnhSon(AnhSon) used a empty_beer_bottle 2-15-2021, 3:59:27 PM
AnhSon(AnhSon) used a empty_beer_bottle 2-15-2021, 3:59:28 PM
AnhSon(AnhSon) used a empty_beer_bottle 2-15-2021, 3:59:29 PM
AnhSon(AnhSon) used a empty_beer_bottle 2-15-2021, 3:59:29 PM
AnhSon(AnhSon) used a empty_beer_bottle 2-15-2021, 3:59:29 PM
AnhSon(AnhSon) used a empty_beer_bottle 2-15-2021, 3:59:29 PM
AnhSon(AnhSon) used a empty_beer_bottle 2-15-2021, 3:59:29 PM
AnhSon(AnhSon) used a empty_beer_bottle 2-15-2021, 3:59:29 PM
AnhSon(AnhSon) used a empty_beer_bottle 2-15-2021, 3:59:29 PM
AnhSon(AnhSon) used a empty_beer_bottle 2-15-2021, 3:59:30 PM
AnhSon(AnhSon) used a empty_beer_bottle 2-15-2021, 3:59:30 PM
AnhSon(AnhSon) used a empty_beer_bottle 2-15-2021, 3:59:30 PM
AnhSon(AnhSon) used a empty_beer_bottle 2-15-2021, 3:59:30 PM
AnhSon(AnhSon) used a empty_beer_bottle 2-15-2021, 3:59:30 PM
AnhSon(AnhSon) used a empty_beer_bottle 2-15-2021, 3:59:30 PM
AnhSon(AnhSon) used a empty_beer_bottle 2-15-2021, 3:59:31 PM
AnhSon(AnhSon) used a shield 2-15-2021, 4:00:54 PM
AnhSon(AnhSon) used a shield 2-15-2021, 4:00:54 PM
AnhSon(AnhSon) used a shield 2-15-2021, 4:00:54 PM
AnhSon(AnhSon) used a shield 2-15-2021, 4:00:54 PM
AnhSon(AnhSon) used a shield 2-15-2021, 4:00:54 PM
AnhSon(AnhSon) used a shield 2-15-2021, 4:00:55 PM
AnhSon(AnhSon) used a shield 2-15-2021, 4:00:55 PM
AnhSon(AnhSon) used a shield 2-15-2021, 4:00:55 PM
AnhSon(AnhSon) used a shield 2-15-2021, 4:00:56 PM
AnhSon(AnhSon) used a shield 2-15-2021, 4:00:56 PM
AnhSon(AnhSon) used a shield 2-15-2021, 4:00:56 PM
AnhSon(AnhSon) used a shield 2-15-2021, 4:00:56 PM
AnhSon(AnhSon) used a shield 2-15-2021, 4:00:57 PM
AnhSon(AnhSon) used a shield 2-15-2021, 4:00:57 PM
AnhSon(AnhSon) used a shield 2-15-2021, 4:00:57 PM
AnhSon(AnhSon) used a shield 2-15-2021, 4:00:57 PM
AnhSon(AnhSon) used a shield 2-15-2021, 4:00:58 PM
AnhSon(AnhSon) used a tk_ultra_health_potion 2-15-2021, 4:01:15 PM
AnhSon(AnhSon) used a tk_ultra_health_potion 2-15-2021, 4:01:15 PM
AnhSon(AnhSon) used a rocket_launcher 2-15-2021, 4:01:20 PM
AnhSon(AnhSon) used a rocket_launcher 2-15-2021, 4:01:20 PM
AnhSon(AnhSon) used a health_drink 2-15-2021, 4:01:28 PM
AnhSon(AnhSon) used a health_drink 2-15-2021, 4:01:28 PM
AnhSon(AnhSon) used a tk_ultra_health_potion 2-15-2021, 4:01:51 PM
AnhSon(AnhSon) used a tk_ultra_health_potion 2-15-2021, 4:01:51 PM
AnhSon(AnhSon) used a tk_ultra_health_potion 2-15-2021, 4:01:53 PM
AnhSon(AnhSon) used a tk_ultra_health_potion 2-15-2021, 4:01:54 PM
AnhSon(AnhSon) used a health_drink 2-15-2021, 4:08:52 PM
AnhSon(AnhSon) used a health_drink 2-15-2021, 4:08:53 PM
AnhSon(AnhSon) used a health_drink 2-15-2021, 4:08:53 PM
AnhSon(AnhSon) used a health_drink 2-15-2021, 4:08:56 PM
AnhSon(AnhSon) used a health_drink 2-15-2021, 4:08:56 PM
AnhSon(AnhSon) used a health_drink 2-15-2021, 4:08:59 PM
AnhSon(AnhSon) used a health_drink 2-15-2021, 4:09:00 PM
AnhSon(AnhSon) used a health_drink 2-15-2021, 4:09:00 PM
AnhSon(AnhSon) used a health_drink 2-15-2021, 4:09:03 PM
AnhSon(AnhSon) used a health_drink 2-15-2021, 4:09:03 PM
AnhSon(AnhSon) used a health_drink 2-15-2021, 4:09:03 PM
AnhSon(AnhSon) used a health_drink 2-15-2021, 4:09:06 PM
AnhSon(AnhSon) used a health_drink 2-15-2021, 4:09:06 PM
AnhSon(AnhSon) used a health_drink 2-15-2021, 4:09:08 PM
AnhSon(AnhSon) used a health_drink 2-15-2021, 4:09:08 PM
AnhSon(AnhSon) used a health_drink 2-15-2021, 4:09:09 PM
AnhSon(AnhSon) used a health_drink 2-15-2021, 4:09:09 PM
AnhSon(AnhSon) used a shield 2-15-2021, 4:09:18 PM
AnhSon(AnhSon) used a shield 2-15-2021, 4:09:18 PM
AnhSon(AnhSon) used a shield 2-15-2021, 4:09:25 PM
AnhSon(AnhSon) used a shield 2-15-2021, 4:09:25 PM
AnhSon(AnhSon) used a shield 2-15-2021, 4:09:25 PM
AnhSon(AnhSon) used a shield 2-15-2021, 4:09:25 PM
AnhSon(AnhSon) used a shield 2-15-2021, 4:09:25 PM
AnhSon(AnhSon) used a shield 2-15-2021, 4:09:26 PM
AnhSon(AnhSon) used a shield 2-15-2021, 4:09:26 PM
AnhSon(AnhSon) used a shield 2-15-2021, 4:09:26 PM
AnhSon(AnhSon) used a shield 2-15-2021, 4:09:26 PM
AnhSon(AnhSon) used a shield 2-15-2021, 4:09:26 PM
AnhSon(AnhSon) used a shield 2-15-2021, 4:09:27 PM
AnhSon(AnhSon) used a shield 2-15-2021, 4:09:27 PM
AnhSon(AnhSon) used a shield 2-15-2021, 4:09:27 PM
AnhSon(AnhSon) used a shield 2-15-2021, 4:09:27 PM
AnhSon(AnhSon) used a shield 2-15-2021, 4:09:28 PM
AnhSon(AnhSon) used a shield 2-15-2021, 4:09:28 PM
AnhSon(AnhSon) used a shield 2-15-2021, 4:09:28 PM
AnhSon(AnhSon) used a shield 2-15-2021, 4:09:28 PM
AnhSon(AnhSon) used a shield 2-15-2021, 4:09:28 PM
AnhSon(AnhSon) used a shield 2-15-2021, 4:09:29 PM
AnhSon(AnhSon) used a shield 2-15-2021, 4:09:29 PM
AnhSon(AnhSon) used a shield 2-15-2021, 4:09:29 PM
AnhSon(AnhSon) used a rocket_launcher 2-15-2021, 4:12:04 PM
AnhSon(AnhSon) used a rocket_launcher 2-15-2021, 4:12:28 PM
AnhSon(AnhSon) used a rocket_launcher 2-15-2021, 4:12:28 PM
AnhSon(AnhSon) used a shield 2-15-2021, 4:15:32 PM
AnhSon(AnhSon) used a shield 2-15-2021, 4:15:32 PM
AnhSon(AnhSon) used a shield 2-15-2021, 4:15:32 PM
AnhSon(AnhSon) used a shield 2-15-2021, 4:15:32 PM
AnhSon(AnhSon) used a shield 2-15-2021, 4:15:32 PM
AnhSon(AnhSon) used a shield 2-15-2021, 4:15:33 PM
AnhSon(AnhSon) used a shield 2-15-2021, 4:15:33 PM
AnhSon(AnhSon) used a shield 2-15-2021, 4:15:33 PM
AnhSon(AnhSon) used a shield 2-15-2021, 4:15:34 PM
AnhSon(AnhSon) used a shield 2-15-2021, 4:15:34 PM
AnhSon(AnhSon) used a shield 2-15-2021, 4:15:34 PM
AnhSon(AnhSon) used a shield 2-15-2021, 4:15:35 PM
AnhSon(AnhSon) used a shield 2-15-2021, 4:15:35 PM
AnhSon(AnhSon) used a shield 2-15-2021, 4:15:35 PM
AnhSon(AnhSon) used a shield 2-15-2021, 4:15:36 PM
AnhSon(AnhSon) used a shield 2-15-2021, 4:15:36 PM
AnhSon(AnhSon) used a shield 2-15-2021, 4:15:36 PM
AnhSon(AnhSon) used a shield 2-15-2021, 4:15:36 PM
AnhSon(AnhSon) used a shield 2-15-2021, 4:15:36 PM
AnhSon(AnhSon) used a shield 2-15-2021, 4:15:36 PM
AnhSon(AnhSon) used a shield 2-15-2021, 4:15:37 PM
AnhSon(AnhSon) used a shield 2-15-2021, 4:15:37 PM
AnhSon(AnhSon) used a shield 2-15-2021, 4:15:37 PM
AnhSon(AnhSon) used a shield 2-15-2021, 4:15:37 PM
AnhSon(AnhSon) used a shield 2-15-2021, 4:15:37 PM
AnhSon(AnhSon) used a shield 2-15-2021, 4:15:38 PM
AnhSon(AnhSon) used a tk_ultra_health_potion 2-15-2021, 4:15:41 PM
AnhSon(AnhSon) used a tk_ultra_health_potion 2-15-2021, 4:16:34 PM
AnhSon(AnhSon) used a tk_ultra_health_potion 2-15-2021, 4:16:34 PM
AnhSon(AnhSon) used a rocket_launcher 2-15-2021, 4:16:39 PM
AnhSon(AnhSon) used a rocket_launcher 2-15-2021, 4:16:39 PM
AnhSon(AnhSon) used a timebomb 2-15-2021, 4:17:07 PM
AnhSon(AnhSon) used a health_drink 2-15-2021, 4:20:19 PM
AnhSon(AnhSon) used a health_drink 2-15-2021, 4:20:20 PM
AnhSon(AnhSon) used a health_drink 2-15-2021, 4:20:21 PM
AnhSon(AnhSon) used a health_drink 2-15-2021, 4:20:22 PM
AnhSon(AnhSon) used a health_drink 2-15-2021, 4:20:22 PM
AnhSon(AnhSon) used a health_drink 2-15-2021, 4:20:22 PM
AnhSon(AnhSon) used a health_drink 2-15-2021, 4:20:23 PM
AnhSon(AnhSon) used a health_drink 2-15-2021, 4:20:23 PM
AnhSon(AnhSon) used a shield 2-15-2021, 4:21:28 PM
AnhSon(AnhSon) used a shield 2-15-2021, 4:21:28 PM
AnhSon(AnhSon) used a shield 2-15-2021, 4:21:29 PM
AnhSon(AnhSon) used a shield 2-15-2021, 4:21:43 PM
AnhSon(AnhSon) used a shield 2-15-2021, 4:21:43 PM
AnhSon(AnhSon) used a shield 2-15-2021, 4:21:43 PM
AnhSon(AnhSon) used a shield 2-15-2021, 4:21:43 PM
AnhSon(AnhSon) used a shield 2-15-2021, 4:21:43 PM
AnhSon(AnhSon) used a shield 2-15-2021, 4:21:44 PM
AnhSon(AnhSon) used a shield 2-15-2021, 4:21:44 PM
AnhSon(AnhSon) used a shield 2-15-2021, 4:21:45 PM
AnhSon(AnhSon) used a shield 2-15-2021, 4:21:45 PM
AnhSon(AnhSon) used a tk_ultra_health_potion 2-15-2021, 4:24:00 PM
AnhSon(AnhSon) used a tk_ultra_health_potion 2-15-2021, 4:24:15 PM
AnhSon(AnhSon) used a health_drink 2-15-2021, 4:24:20 PM
AnhSon(AnhSon) used a health_drink 2-15-2021, 4:24:20 PM
AnhSon(AnhSon) used a health_drink 2-15-2021, 4:24:24 PM
AnhSon(AnhSon) used a health_drink 2-15-2021, 4:24:24 PM
AnhSon(AnhSon) used a health_drink 2-15-2021, 4:24:27 PM
AnhSon(AnhSon) used a health_drink 2-15-2021, 4:24:28 PM
AnhSon(AnhSon) used a health_drink 2-15-2021, 4:24:31 PM
AnhSon(AnhSon) used a health_drink 2-15-2021, 4:24:32 PM
AnhSon(AnhSon) used a health_drink 2-15-2021, 4:24:34 PM
AnhSon(AnhSon) used a health_drink 2-15-2021, 4:24:34 PM
AnhSon(AnhSon) used a health_drink 2-15-2021, 4:24:34 PM
AnhSon(AnhSon) used a health_drink 2-15-2021, 4:24:35 PM
AnhSon(AnhSon) used a health_drink 2-15-2021, 4:24:35 PM
AnhSon(AnhSon) used a rocket_launcher 2-15-2021, 4:24:40 PM
AnhSon(AnhSon) used a shield 2-15-2021, 4:26:33 PM
AnhSon(AnhSon) used a shield 2-15-2021, 4:26:34 PM
AnhSon(AnhSon) used a shield 2-15-2021, 4:26:34 PM
AnhSon(AnhSon) used a shield 2-15-2021, 4:26:34 PM
AnhSon(AnhSon) used a shield 2-15-2021, 4:26:34 PM
AnhSon(AnhSon) used a shield 2-15-2021, 4:26:35 PM
AnhSon(AnhSon) used a shield 2-15-2021, 4:26:35 PM
AnhSon(AnhSon) used a shield 2-15-2021, 4:26:35 PM
AnhSon(AnhSon) used a shield 2-15-2021, 4:26:35 PM
AnhSon(AnhSon) used a shield 2-15-2021, 4:26:36 PM
AnhSon(AnhSon) used a shield 2-15-2021, 4:26:36 PM
AnhSon(AnhSon) used a shield 2-15-2021, 4:26:36 PM
AnhSon(AnhSon) used a shield 2-15-2021, 4:26:36 PM
AnhSon(AnhSon) used a shield 2-15-2021, 4:26:37 PM
AnhSon(AnhSon) used a shield 2-15-2021, 4:26:37 PM
AnhSon(AnhSon) used a shield 2-15-2021, 4:26:37 PM
AnhSon(AnhSon) used a shield 2-15-2021, 4:26:37 PM
AnhSon(AnhSon) used a shield 2-15-2021, 4:26:37 PM
AnhSon(AnhSon) used a shield 2-15-2021, 4:26:38 PM
AnhSon(AnhSon) used a shield 2-15-2021, 4:26:39 PM
AnhSon(AnhSon) used a shield 2-15-2021, 4:26:39 PM
AnhSon(AnhSon) used a tk_ultra_health_potion 2-15-2021, 4:26:41 PM
AnhSon(AnhSon) used a health_drink 2-15-2021, 4:26:51 PM
AnhSon(AnhSon) used a health_drink 2-15-2021, 4:26:51 PM
AnhSon(AnhSon) used a rocket_launcher 2-15-2021, 4:26:56 PM
AnhSon(AnhSon) used a rocket_launcher 2-15-2021, 4:26:56 PM
AnhSon(AnhSon) used a rocket_launcher 2-15-2021, 4:26:57 PM
AnhSon(AnhSon) used a health_drink 2-15-2021, 4:27:00 PM
AnhSon(AnhSon) used a health_drink 2-15-2021, 4:27:01 PM
AnhSon(AnhSon) used a health_drink 2-15-2021, 4:27:04 PM
AnhSon(AnhSon) used a health_drink 2-15-2021, 4:27:04 PM
AnhSon(AnhSon) used a health_drink 2-15-2021, 4:27:04 PM
AnhSon(AnhSon) used a tk_ultra_health_potion 2-15-2021, 4:28:34 PM
AnhSon(AnhSon) used a tk_ultra_health_potion 2-15-2021, 4:28:53 PM
AnhSon(AnhSon) used a tk_ultra_health_potion 2-15-2021, 4:28:58 PM
AnhSon(AnhSon) used a tk_ultra_health_potion 2-15-2021, 4:28:58 PM
AnhSon(AnhSon) used a tk_ultra_health_potion 2-15-2021, 4:29:02 PM
AnhSon(AnhSon) used a tk_ultra_health_potion 2-15-2021, 4:29:02 PM
AnhSon(AnhSon) used a tk_ultra_health_potion 2-15-2021, 4:29:02 PM
AnhSon(AnhSon) used a tk_ultra_health_potion 2-15-2021, 4:29:07 PM
AnhSon(AnhSon) used a tk_ultra_health_potion 2-15-2021, 4:29:07 PM
AnhSon(AnhSon) used a tk_ultra_health_potion 2-15-2021, 4:29:07 PM
AnhSon(AnhSon) used a shield 2-15-2021, 4:32:38 PM
AnhSon(AnhSon) used a shield 2-15-2021, 4:32:38 PM
AnhSon(AnhSon) used a shield 2-15-2021, 4:32:38 PM
AnhSon(AnhSon) used a shield 2-15-2021, 4:32:38 PM
AnhSon(AnhSon) used a shield 2-15-2021, 4:32:39 PM
AnhSon(AnhSon) used a shield 2-15-2021, 4:32:39 PM
AnhSon(AnhSon) used a shield 2-15-2021, 4:32:39 PM
AnhSon(AnhSon) used a shield 2-15-2021, 4:32:39 PM
AnhSon(AnhSon) used a shield 2-15-2021, 4:32:39 PM
AnhSon(AnhSon) used a shield 2-15-2021, 4:32:39 PM
AnhSon(AnhSon) used a shield 2-15-2021, 4:32:39 PM
AnhSon(AnhSon) used a shield 2-15-2021, 4:32:40 PM
AnhSon(AnhSon) used a shield 2-15-2021, 4:32:40 PM
AnhSon(AnhSon) used a shield 2-15-2021, 4:32:40 PM
AnhSon(AnhSon) used a shield 2-15-2021, 4:32:40 PM
AnhSon(AnhSon) used a shield 2-15-2021, 4:32:41 PM
AnhSon(AnhSon) used a shield 2-15-2021, 4:32:41 PM
AnhSon(AnhSon) used a shield 2-15-2021, 4:32:41 PM
AnhSon(AnhSon) used a shield 2-15-2021, 4:32:41 PM
AnhSon(AnhSon) used a shield 2-15-2021, 4:32:41 PM
AnhSon(AnhSon) used a shield 2-15-2021, 4:32:41 PM
AnhSon(AnhSon) used a shield 2-15-2021, 4:32:41 PM
AnhSon(AnhSon) used a shield 2-15-2021, 4:32:42 PM
AnhSon(AnhSon) used a shield 2-15-2021, 4:32:42 PM
AnhSon(AnhSon) used a tk_ultra_health_potion 2-15-2021, 4:32:45 PM
AnhSon(AnhSon) used a tk_ultra_health_potion 2-15-2021, 4:32:45 PM
AnhSon(AnhSon) used a tk_ultra_health_potion 2-15-2021, 4:32:46 PM
AnhSon(AnhSon) used a tk_ultra_health_potion 2-15-2021, 4:32:46 PM
AnhSon(AnhSon) used a rocket_launcher 2-15-2021, 4:33:03 PM
AnhSon(AnhSon) used a rocket_launcher 2-15-2021, 4:33:04 PM
AnhSon(AnhSon) used a tk_ultra_health_potion 2-15-2021, 4:33:11 PM
AnhSon(AnhSon) used a tk_ultra_health_potion 2-15-2021, 4:33:12 PM
AnhSon(AnhSon) used a tk_ultra_health_potion 2-15-2021, 4:33:19 PM
AnhSon(AnhSon) used a tk_ultra_health_potion 2-15-2021, 4:33:20 PM
AnhSon(AnhSon) used a rocket_launcher 2-15-2021, 4:34:43 PM
AnhSon(AnhSon) used a rocket_launcher 2-15-2021, 4:34:43 PM
AnhSon(AnhSon) used a rocket_launcher 2-15-2021, 4:34:44 PM
AnhSon(AnhSon) used a tk_ultra_health_potion 2-15-2021, 4:36:08 PM
AnhSon(AnhSon) used a tk_ultra_health_potion 2-15-2021, 4:36:08 PM
AnhSon(AnhSon) used a health_drink 2-15-2021, 4:36:12 PM
AnhSon(AnhSon) used a health_drink 2-15-2021, 4:36:13 PM
AnhSon(AnhSon) used a health_drink 2-15-2021, 4:36:16 PM
AnhSon(AnhSon) used a health_drink 2-15-2021, 4:36:16 PM
AnhSon(AnhSon) used a health_drink 2-15-2021, 4:36:19 PM
AnhSon(AnhSon) used a health_drink 2-15-2021, 4:36:19 PM
AnhSon(AnhSon) used a rocket_launcher 2-15-2021, 4:36:25 PM
AnhSon(AnhSon) used a rocket_launcher 2-15-2021, 4:38:08 PM
AnhSon(AnhSon) used a tk_ultra_health_potion 2-15-2021, 4:41:05 PM
AnhSon(AnhSon) used a tk_ultra_health_potion 2-15-2021, 4:41:06 PM
AnhSon(AnhSon) used a tk_ultra_health_potion 2-15-2021, 4:41:06 PM
AnhSon(AnhSon) used a tk_ultra_health_potion 2-15-2021, 4:41:42 PM
AnhSon(AnhSon) used a tk_ultra_health_potion 2-15-2021, 4:41:42 PM
AnhSon(AnhSon) used a tk_ultra_health_potion 2-15-2021, 4:41:42 PM
AnhSon(AnhSon) used a shield 2-15-2021, 4:42:02 PM
AnhSon(AnhSon) used a shield 2-15-2021, 4:42:02 PM
AnhSon(AnhSon) used a shield 2-15-2021, 4:42:03 PM
AnhSon(AnhSon) used a shield 2-15-2021, 4:42:03 PM
AnhSon(AnhSon) used a shield 2-15-2021, 4:42:03 PM
AnhSon(AnhSon) used a shield 2-15-2021, 4:42:03 PM
AnhSon(AnhSon) used a shield 2-15-2021, 4:42:04 PM
AnhSon(AnhSon) used a shield 2-15-2021, 4:42:04 PM
AnhSon(AnhSon) used a shield 2-15-2021, 4:42:04 PM
AnhSon(AnhSon) used a shield 2-15-2021, 4:42:04 PM
AnhSon(AnhSon) used a shield 2-15-2021, 4:42:04 PM
AnhSon(AnhSon) used a shield 2-15-2021, 4:42:05 PM
AnhSon(AnhSon) used a shield 2-15-2021, 4:42:05 PM
AnhSon(AnhSon) used a shield 2-15-2021, 4:42:05 PM
AnhSon(AnhSon) used a shield 2-15-2021, 4:42:06 PM
AnhSon(AnhSon) used a shield 2-15-2021, 4:42:06 PM
AnhSon(AnhSon) used a shield 2-15-2021, 4:42:06 PM
AnhSon(AnhSon) used a shield 2-15-2021, 4:42:07 PM
AnhSon(AnhSon) used a shield 2-15-2021, 4:42:07 PM
AnhSon(AnhSon) used a shield 2-15-2021, 4:42:07 PM
AnhSon(AnhSon) used a shield 2-15-2021, 4:42:07 PM
AnhSon(AnhSon) used a shield 2-15-2021, 4:42:07 PM
AnhSon(AnhSon) used a shield 2-15-2021, 4:42:07 PM
AnhSon(AnhSon) used a shield 2-15-2021, 4:42:08 PM
AnhSon(AnhSon) used a shield 2-15-2021, 4:42:08 PM
AnhSon(AnhSon) used a shield 2-15-2021, 4:42:08 PM
AnhSon(AnhSon) used a shield 2-15-2021, 4:42:09 PM
AnhSon(AnhSon) used a shield 2-15-2021, 4:42:09 PM
AnhSon(AnhSon) used a shield 2-15-2021, 4:42:09 PM
AnhSon(AnhSon) used a shield 2-15-2021, 4:42:09 PM
AnhSon(AnhSon) used a shield 2-15-2021, 4:42:10 PM
AnhSon(AnhSon) used a rocket_launcher 2-15-2021, 4:42:28 PM
AnhSon(AnhSon) used a rocket_launcher 2-15-2021, 4:42:28 PM
AnhSon(AnhSon) used a tk_ultra_health_potion 2-15-2021, 4:43:27 PM
AnhSon(AnhSon) used a tk_ultra_health_potion 2-15-2021, 4:43:27 PM
AnhSon(AnhSon) used a tk_ultra_health_potion 2-15-2021, 4:43:48 PM
AnhSon(AnhSon) used a tk_ultra_health_potion 2-15-2021, 4:43:49 PM
AnhSon(AnhSon) used a tk_ultra_health_potion 2-15-2021, 4:43:52 PM
AnhSon(AnhSon) used a tk_ultra_health_potion 2-15-2021, 4:43:52 PM
AnhSon(AnhSon) used a tk_ultra_health_potion 2-15-2021, 4:43:52 PM
AnhSon(AnhSon) used a tk_ultra_health_potion 2-15-2021, 4:43:55 PM
AnhSon(AnhSon) used a tk_ultra_health_potion 2-15-2021, 4:43:55 PM
AnhSon(AnhSon) used a tk_ultra_health_potion 2-15-2021, 4:43:55 PM
AnhSon(AnhSon) used a tk_ultra_health_potion 2-15-2021, 4:43:56 PM
AnhSon(AnhSon) used a tk_ultra_health_potion 2-15-2021, 4:43:58 PM
AnhSon(AnhSon) used a tk_ultra_health_potion 2-15-2021, 4:43:58 PM
AnhSon(AnhSon) used a tk_ultra_health_potion 2-15-2021, 4:43:58 PM
AnhSon(AnhSon) used a shield 2-15-2021, 4:47:23 PM
AnhSon(AnhSon) used a shield 2-15-2021, 4:47:23 PM
AnhSon(AnhSon) used a shield 2-15-2021, 4:47:24 PM
AnhSon(AnhSon) used a shield 2-15-2021, 4:47:24 PM
AnhSon(AnhSon) used a shield 2-15-2021, 4:47:24 PM
AnhSon(AnhSon) used a shield 2-15-2021, 4:47:24 PM
AnhSon(AnhSon) used a shield 2-15-2021, 4:47:25 PM
AnhSon(AnhSon) used a shield 2-15-2021, 4:47:25 PM
AnhSon(AnhSon) used a shield 2-15-2021, 4:47:25 PM
AnhSon(AnhSon) used a shield 2-15-2021, 4:47:25 PM
AnhSon(AnhSon) used a shield 2-15-2021, 4:47:25 PM
AnhSon(AnhSon) used a shield 2-15-2021, 4:47:25 PM
AnhSon(AnhSon) used a shield 2-15-2021, 4:47:26 PM
AnhSon(AnhSon) used a shield 2-15-2021, 4:47:26 PM
AnhSon(AnhSon) used a shield 2-15-2021, 4:47:26 PM
AnhSon(AnhSon) used a shield 2-15-2021, 4:47:26 PM
AnhSon(AnhSon) used a shield 2-15-2021, 4:47:27 PM
AnhSon(AnhSon) used a shield 2-15-2021, 4:47:27 PM
AnhSon(AnhSon) used a shield 2-15-2021, 4:47:27 PM
AnhSon(AnhSon) used a shield 2-15-2021, 4:47:27 PM
AnhSon(AnhSon) used a shield 2-15-2021, 4:47:28 PM
AnhSon(AnhSon) used a shield 2-15-2021, 4:47:28 PM
AnhSon(AnhSon) used a shield 2-15-2021, 4:47:28 PM
AnhSon(AnhSon) used a shield 2-15-2021, 4:47:28 PM
AnhSon(AnhSon) used a shield 2-15-2021, 4:47:28 PM
AnhSon(AnhSon) used a shield 2-15-2021, 4:47:29 PM
AnhSon(AnhSon) used a shield 2-15-2021, 4:47:29 PM
AnhSon(AnhSon) used a shield 2-15-2021, 4:47:29 PM
AnhSon(AnhSon) used a shield 2-15-2021, 4:47:29 PM
AnhSon(AnhSon) used a shield 2-15-2021, 4:47:30 PM
AnhSon(AnhSon) used a tk_ultra_health_potion 2-15-2021, 4:47:34 PM
AnhSon(AnhSon) used a tk_ultra_health_potion 2-15-2021, 4:47:35 PM
AnhSon(AnhSon) used a rocket_launcher 2-15-2021, 4:49:20 PM
AnhSon(AnhSon) used a rocket_launcher 2-15-2021, 4:49:21 PM
AnhSon(AnhSon) used a empty_beer_bottle 2-15-2021, 4:53:35 PM
AnhSon(AnhSon) used a empty_beer_bottle 2-15-2021, 4:53:35 PM
AnhSon(AnhSon) used a empty_beer_bottle 2-15-2021, 4:53:35 PM
AnhSon(AnhSon) used a empty_beer_bottle 2-15-2021, 4:53:35 PM
AnhSon(AnhSon) used a empty_beer_bottle 2-15-2021, 4:53:35 PM
AnhSon(AnhSon) used a empty_beer_bottle 2-15-2021, 4:53:36 PM
AnhSon(AnhSon) used a empty_beer_bottle 2-15-2021, 4:53:36 PM
AnhSon(AnhSon) used a empty_beer_bottle 2-15-2021, 4:53:36 PM
AnhSon(AnhSon) used a rocket_launcher 2-15-2021, 4:58:00 PM
AnhSon(AnhSon) used a rocket_launcher 2-15-2021, 4:58:01 PM
AnhSon(AnhSon) used a rocket_launcher 2-15-2021, 4:58:01 PM
AnhSon(AnhSon) used a tank 2-15-2021, 5:00:16 PM
AnhSon(AnhSon) used a armored_tank 2-15-2021, 5:00:54 PM
AnhSon(AnhSon) used a armored_tank 2-15-2021, 5:00:54 PM
AnhSon(AnhSon) used a metal_pack 2-15-2021, 5:02:24 PM
AnhSon(AnhSon) used a tank 2-15-2021, 5:03:29 PM
AnhSon(AnhSon) used a tank 2-15-2021, 5:03:29 PM
AnhSon(AnhSon) used a armored_tank 2-15-2021, 5:04:22 PM
AnhSon(AnhSon) used a armored_tank 2-15-2021, 5:04:23 PM
AnhSon(AnhSon) used a shield 2-15-2021, 10:31:38 PM
AnhSon(AnhSon) used a shield 2-15-2021, 10:31:38 PM
AnhSon(AnhSon) used a shield 2-15-2021, 10:31:38 PM
AnhSon(AnhSon) used a shield 2-15-2021, 10:31:39 PM
AnhSon(AnhSon) used a shield 2-15-2021, 10:31:39 PM
AnhSon(AnhSon) used a shield 2-15-2021, 10:31:39 PM
AnhSon(AnhSon) used a shield 2-15-2021, 10:31:39 PM
AnhSon(AnhSon) used a shield 2-15-2021, 10:31:40 PM
AnhSon(AnhSon) used a shield 2-15-2021, 10:31:40 PM
AnhSon(AnhSon) used a shield 2-15-2021, 10:31:40 PM
AnhSon(AnhSon) used a shield 2-15-2021, 10:31:40 PM
AnhSon(AnhSon) used a shield 2-15-2021, 10:31:40 PM
AnhSon(AnhSon) used a shield 2-15-2021, 10:31:40 PM
AnhSon(AnhSon) used a shield 2-15-2021, 10:31:41 PM
AnhSon(AnhSon) used a shield 2-15-2021, 10:31:41 PM
AnhSon(AnhSon) used a shield 2-15-2021, 10:31:41 PM
AnhSon(AnhSon) used a shield 2-15-2021, 10:31:41 PM
AnhSon(AnhSon) used a shield 2-15-2021, 10:31:42 PM
AnhSon(AnhSon) used a shield 2-15-2021, 10:31:42 PM
AnhSon(AnhSon) used a shield 2-15-2021, 10:31:42 PM
AnhSon(AnhSon) used a shield 2-15-2021, 10:31:42 PM
AnhSon(AnhSon) used a shield 2-15-2021, 10:31:42 PM
AnhSon(AnhSon) used a shield 2-15-2021, 10:31:43 PM
AnhSon(AnhSon) used a shield 2-15-2021, 10:31:43 PM
AnhSon(AnhSon) used a shield 2-15-2021, 10:31:44 PM
AnhSon(AnhSon) used a shield 2-15-2021, 10:31:44 PM
AnhSon(AnhSon) used a shield 2-15-2021, 10:31:45 PM
AnhSon(AnhSon) used a health_drink 2-15-2021, 10:31:50 PM
AnhSon(AnhSon) used a health_drink 2-15-2021, 10:31:50 PM
AnhSon(AnhSon) used a health_drink 2-15-2021, 10:31:53 PM
AnhSon(AnhSon) used a health_drink 2-15-2021, 10:31:53 PM
AnhSon(AnhSon) used a health_drink 2-15-2021, 10:32:14 PM
AnhSon(AnhSon) used a health_drink 2-15-2021, 10:32:14 PM
AnhSon(AnhSon) used a health_drink 2-15-2021, 10:32:23 PM
AnhSon(AnhSon) used a health_drink 2-15-2021, 10:32:23 PM
AnhSon(AnhSon) used a health_drink 2-15-2021, 10:32:26 PM
AnhSon(AnhSon) used a health_drink 2-15-2021, 10:32:26 PM
AnhSon(AnhSon) used a health_drink 2-15-2021, 10:32:26 PM
AnhSon(AnhSon) used a rocket_launcher 2-15-2021, 10:32:32 PM
AnhSon(AnhSon) used a rocket_launcher 2-15-2021, 10:32:32 PM
AnhSon(AnhSon) used a health_drink 2-15-2021, 10:32:38 PM
AnhSon(AnhSon) used a helicopter 2-15-2021, 10:32:43 PM
AnhSon(AnhSon) used a rocket_launcher 2-15-2021, 10:33:46 PM
AnhSon(AnhSon) used a rocket_launcher 2-15-2021, 10:33:46 PM
AnhSon(AnhSon) used a rocket_launcher 2-15-2021, 10:33:46 PM
AnhSon(AnhSon) used a rocket_launcher 2-15-2021, 10:34:32 PM
AnhSon(AnhSon) used a rocket_launcher 2-15-2021, 10:34:33 PM
AnhSon(AnhSon) used a shield 2-15-2021, 10:34:44 PM
AnhSon(AnhSon) used a shield 2-15-2021, 10:34:44 PM
AnhSon(AnhSon) used a shield 2-15-2021, 10:34:44 PM
AnhSon(AnhSon) used a shield 2-15-2021, 10:34:44 PM
AnhSon(AnhSon) used a shield 2-15-2021, 10:34:44 PM
AnhSon(AnhSon) used a shield 2-15-2021, 10:34:45 PM
AnhSon(AnhSon) used a shield 2-15-2021, 10:34:45 PM
AnhSon(AnhSon) used a shield 2-15-2021, 10:34:45 PM
AnhSon(AnhSon) used a shield 2-15-2021, 10:34:45 PM
AnhSon(AnhSon) used a shield 2-15-2021, 10:34:45 PM
AnhSon(AnhSon) used a shield 2-15-2021, 10:34:45 PM
AnhSon(AnhSon) used a shield 2-15-2021, 10:34:46 PM
AnhSon(AnhSon) used a shield 2-15-2021, 10:34:46 PM
AnhSon(AnhSon) used a rocket_launcher 2-15-2021, 10:35:44 PM
AnhSon(AnhSon) used a rocket_launcher 2-15-2021, 10:35:44 PM
AnhSon(AnhSon) used a health_drink 2-15-2021, 10:35:52 PM
AnhSon(AnhSon) used a health_drink 2-15-2021, 10:35:52 PM
AnhSon(AnhSon) used a shield 2-15-2021, 10:59:38 PM
AnhSon(AnhSon) used a shield 2-15-2021, 10:59:38 PM
AnhSon(AnhSon) used a shield 2-15-2021, 10:59:39 PM
AnhSon(AnhSon) used a shield 2-15-2021, 10:59:39 PM
AnhSon(AnhSon) used a shield 2-15-2021, 10:59:39 PM
AnhSon(AnhSon) used a shield 2-15-2021, 10:59:39 PM
AnhSon(AnhSon) used a shield 2-15-2021, 10:59:39 PM
AnhSon(AnhSon) used a shield 2-15-2021, 10:59:40 PM
AnhSon(AnhSon) used a shield 2-15-2021, 10:59:40 PM
AnhSon(AnhSon) used a shield 2-15-2021, 10:59:40 PM
AnhSon(AnhSon) used a shield 2-15-2021, 10:59:41 PM
AnhSon(AnhSon) used a shield 2-15-2021, 10:59:41 PM
AnhSon(AnhSon) used a shield 2-15-2021, 10:59:41 PM
AnhSon(AnhSon) used a shield 2-15-2021, 10:59:41 PM
AnhSon(AnhSon) used a shield 2-15-2021, 10:59:41 PM
AnhSon(AnhSon) used a shield 2-15-2021, 10:59:41 PM
AnhSon(AnhSon) used a shield 2-15-2021, 10:59:42 PM
AnhSon(AnhSon) used a health_drink 2-15-2021, 11:00:13 PM
AnhSon(AnhSon) used a rocket_launcher 2-15-2021, 11:00:27 PM
AnhSon(AnhSon) used a rocket_launcher 2-15-2021, 11:00:27 PM
AnhSon(AnhSon) used a rocket_launcher 2-15-2021, 11:04:02 PM
AnhSon(AnhSon) used a rocket_launcher 2-15-2021, 11:05:07 PM
AnhSon(AnhSon) used a rocket_launcher 2-15-2021, 11:05:08 PM
AnhSon(AnhSon) used a rocket_launcher 2-15-2021, 11:06:17 PM
AnhSon(AnhSon) used a rocket_launcher 2-15-2021, 11:06:17 PM
AnhSon(AnhSon) used a rocket_launcher 2-15-2021, 11:06:52 PM
AnhSon(AnhSon) used a rocket_launcher 2-15-2021, 11:06:52 PM
AnhSon(AnhSon) used a rocket_launcher 2-15-2021, 11:07:29 PM
AnhSon(AnhSon) used a rocket_launcher 2-15-2021, 11:07:29 PM
AnhSon(AnhSon) used a rocket_launcher 2-15-2021, 11:08:38 PM
AnhSon(AnhSon) used a rocket_launcher 2-15-2021, 11:08:38 PM
AnhSon(AnhSon) used a rocket_launcher 2-15-2021, 11:09:22 PM
AnhSon(AnhSon) used a rocket_launcher 2-15-2021, 11:09:22 PM
AnhSon(AnhSon) used a rocket_launcher 2-15-2021, 11:10:47 PM
AnhSon(AnhSon) used a rocket_launcher 2-15-2021, 11:10:48 PM
AnhSon(AnhSon) used a rocket_launcher 2-15-2021, 11:11:10 PM
AnhSon(AnhSon) used a rocket_launcher 2-15-2021, 11:11:10 PM
AnhSon(AnhSon) used a rocket_launcher 2-15-2021, 11:12:15 PM
AnhSon(AnhSon) used a rocket_launcher 2-15-2021, 11:12:15 PM
AnhSon(AnhSon) used a shield 2-15-2021, 11:12:49 PM
AnhSon(AnhSon) used a shield 2-15-2021, 11:12:49 PM
AnhSon(AnhSon) used a shield 2-15-2021, 11:12:49 PM
AnhSon(AnhSon) used a shield 2-15-2021, 11:12:50 PM
AnhSon(AnhSon) used a shield 2-15-2021, 11:12:50 PM
AnhSon(AnhSon) used a shield 2-15-2021, 11:12:50 PM
AnhSon(AnhSon) used a shield 2-15-2021, 11:12:51 PM
AnhSon(AnhSon) used a shield 2-15-2021, 11:12:51 PM
AnhSon(AnhSon) used a shield 2-15-2021, 11:12:51 PM
AnhSon(AnhSon) used a rocket_launcher 2-15-2021, 11:12:55 PM
AnhSon(AnhSon) used a rocket_launcher 2-15-2021, 11:12:55 PM
AnhSon(AnhSon) used a rocket_launcher 2-15-2021, 11:12:56 PM
AnhSon(AnhSon) used a rocket_launcher 2-15-2021, 11:13:22 PM
AnhSon(AnhSon) used a rocket_launcher 2-15-2021, 11:13:54 PM
AnhSon(AnhSon) used a rocket_launcher 2-15-2021, 11:13:54 PM
AnhSon(AnhSon) used a rocket_launcher 2-15-2021, 11:13:54 PM
AnhSon(AnhSon) used a rocket_launcher 2-15-2021, 11:14:18 PM
AnhSon(AnhSon) used a rocket_launcher 2-15-2021, 11:14:18 PM
AnhSon(AnhSon) used a open_beer_bottle 2-15-2021, 11:14:47 PM
AnhSon(AnhSon) used a open_beer_bottle 2-15-2021, 11:14:48 PM
AnhSon(AnhSon) used a open_beer_bottle 2-15-2021, 11:14:50 PM
AnhSon(AnhSon) used a open_beer_bottle 2-15-2021, 11:14:51 PM
AnhSon(AnhSon) used a open_beer_bottle 2-15-2021, 11:14:53 PM
AnhSon(AnhSon) used a open_beer_bottle 2-15-2021, 11:14:55 PM
AnhSon(AnhSon) used a open_beer_bottle 2-15-2021, 11:14:58 PM
AnhSon(AnhSon) used a open_beer_bottle 2-15-2021, 11:14:59 PM
AnhSon(AnhSon) used a open_beer_bottle 2-15-2021, 11:15:01 PM
AnhSon(AnhSon) used a open_beer_bottle 2-15-2021, 11:15:03 PM
AnhSon(AnhSon) used a steal_warhammer 2-15-2021, 11:15:42 PM
AnhSon(AnhSon) used a steal_warhammer 2-15-2021, 11:15:43 PM
AnhSon(AnhSon) used a steal_warhammer 2-15-2021, 11:15:43 PM
AnhSon(AnhSon) used a steal_warhammer 2-15-2021, 11:15:45 PM
AnhSon(AnhSon) used a empty_beer_bottle 2-15-2021, 11:15:50 PM
AnhSon(AnhSon) used a empty_beer_bottle 2-15-2021, 11:15:50 PM
AnhSon(AnhSon) used a long_sword 2-15-2021, 11:15:56 PM
AnhSon(AnhSon) used a long_sword 2-15-2021, 11:15:57 PM
AnhSon(AnhSon) used a long_sword 2-15-2021, 11:15:57 PM
AnhSon(AnhSon) used a steal_warhammer 2-15-2021, 11:16:14 PM
AnhSon(AnhSon) used a steal_warhammer 2-15-2021, 11:16:14 PM
AnhSon(AnhSon) used a empty_beer_bottle 2-15-2021, 11:16:38 PM
AnhSon(AnhSon) used a empty_beer_bottle 2-15-2021, 11:16:45 PM
AnhSon(AnhSon) used a empty_beer_bottle 2-15-2021, 11:16:46 PM
AnhSon(AnhSon) used a empty_beer_bottle 2-15-2021, 11:16:46 PM
AnhSon(AnhSon) used a empty_beer_bottle 2-15-2021, 11:16:46 PM
AnhSon(AnhSon) used a empty_beer_bottle 2-15-2021, 11:16:46 PM
AnhSon(AnhSon) used a empty_beer_bottle 2-15-2021, 11:16:46 PM
AnhSon(AnhSon) used a empty_beer_bottle 2-15-2021, 11:17:11 PM
AnhSon(AnhSon) used a empty_beer_bottle 2-15-2021, 11:18:18 PM
AnhSon(AnhSon) used a empty_beer_bottle 2-15-2021, 11:18:20 PM
AnhSon(AnhSon) used a empty_beer_bottle 2-15-2021, 11:18:20 PM
AnhSon(AnhSon) used a empty_beer_bottle 2-15-2021, 11:18:21 PM
AnhSon(AnhSon) used a empty_beer_bottle 2-15-2021, 11:18:21 PM
AnhSon(AnhSon) used a shield 2-15-2021, 11:18:46 PM
AnhSon(AnhSon) used a shield 2-15-2021, 11:18:46 PM
AnhSon(AnhSon) used a shield 2-15-2021, 11:18:46 PM
AnhSon(AnhSon) used a shield 2-15-2021, 11:18:47 PM
AnhSon(AnhSon) used a shield 2-15-2021, 11:18:47 PM
AnhSon(AnhSon) used a shield 2-15-2021, 11:18:47 PM
AnhSon(AnhSon) used a shield 2-15-2021, 11:18:48 PM
AnhSon(AnhSon) used a shield 2-15-2021, 11:18:48 PM
AnhSon(AnhSon) used a shield 2-15-2021, 11:18:48 PM
AnhSon(AnhSon) used a shield 2-15-2021, 11:18:48 PM
AnhSon(AnhSon) used a shield 2-15-2021, 11:18:49 PM
AnhSon(AnhSon) used a shield 2-15-2021, 11:18:49 PM
AnhSon(AnhSon) used a shield 2-15-2021, 11:18:49 PM
AnhSon(AnhSon) used a shield 2-15-2021, 11:18:50 PM
AnhSon(AnhSon) used a rocket_launcher 2-15-2021, 11:18:55 PM
AnhSon(AnhSon) used a rocket_launcher 2-15-2021, 11:18:55 PM
AnhSon(AnhSon) used a health_drink 2-15-2021, 11:19:00 PM
AnhSon(AnhSon) used a long_sword 2-15-2021, 11:19:54 PM
AnhSon(AnhSon) used a long_sword 2-15-2021, 11:19:54 PM
AnhSon(AnhSon) used a long_sword 2-15-2021, 11:19:54 PM
AnhSon(AnhSon) used a rocket_launcher 2-15-2021, 11:20:08 PM
AnhSon(AnhSon) used a rocket_launcher 2-15-2021, 11:20:08 PM
AnhSon(AnhSon) used a rocket_launcher 2-15-2021, 11:20:08 PM
AnhSon(AnhSon) used a tk_ultra_health_potion 2-15-2021, 11:20:36 PM
AnhSon(AnhSon) used a tk_ultra_health_potion 2-15-2021, 11:20:36 PM
AnhSon(AnhSon) used a tk_ultra_health_potion 2-15-2021, 11:20:36 PM
AnhSon(AnhSon) used a tk_ultra_health_potion 2-15-2021, 11:21:02 PM
AnhSon(AnhSon) used a tk_ultra_health_potion 2-15-2021, 11:21:02 PM
AnhSon(AnhSon) used a tk_ultra_health_potion 2-15-2021, 11:21:05 PM
AnhSon(AnhSon) used a tk_ultra_health_potion 2-15-2021, 11:21:05 PM
AnhSon(AnhSon) used a tk_ultra_health_potion 2-15-2021, 11:21:08 PM
AnhSon(AnhSon) used a tk_ultra_health_potion 2-15-2021, 11:21:08 PM
AnhSon(AnhSon) used a rocket_launcher 2-15-2021, 11:21:15 PM
AnhSon(AnhSon) used a rocket_launcher 2-15-2021, 11:21:15 PM
AnhSon(AnhSon) used a rocket_launcher 2-15-2021, 11:22:18 PM
AnhSon(AnhSon) used a rocket_launcher 2-15-2021, 11:23:18 PM
AnhSon(AnhSon) used a rocket_launcher 2-15-2021, 11:23:18 PM
AnhSon(AnhSon) used a rocket_launcher 2-15-2021, 11:24:00 PM
AnhSon(AnhSon) used a rocket_launcher 2-15-2021, 11:24:00 PM
AnhSon(AnhSon) used a rocket_launcher 2-15-2021, 11:24:01 PM
AnhSon(AnhSon) used a steal_warhammer 2-15-2021, 11:25:41 PM
AnhSon(AnhSon) used a rocket_launcher 2-15-2021, 11:26:11 PM
AnhSon(AnhSon) used a rocket_launcher 2-15-2021, 11:26:12 PM
AnhSon(AnhSon) used a rocket_launcher 2-15-2021, 11:28:40 PM
AnhSon(AnhSon) used a rocket_launcher 2-15-2021, 11:28:41 PM
AnhSon(AnhSon) used a rocket_launcher 2-15-2021, 11:28:41 PM
AnhSon(AnhSon) used a rocket_launcher 2-15-2021, 11:29:10 PM
AnhSon(AnhSon) used a rocket_launcher 2-15-2021, 11:29:10 PM
AnhSon(AnhSon) used a tk_ultra_health_potion 2-15-2021, 11:29:53 PM
AnhSon(AnhSon) used a tk_ultra_health_potion 2-15-2021, 11:29:53 PM
AnhSon(AnhSon) used a rocket_launcher 2-15-2021, 11:29:57 PM
AnhSon(AnhSon) used a rocket_launcher 2-15-2021, 11:29:57 PM
AnhSon(AnhSon) used a rocket_launcher 2-15-2021, 11:29:57 PM
AnhSon(AnhSon) used a rocket_launcher 2-15-2021, 11:30:10 PM
AnhSon(AnhSon) used a health_drink 2-15-2021, 11:30:18 PM
AnhSon(AnhSon) used a health_drink 2-15-2021, 11:30:18 PM
AnhSon(AnhSon) used a health_drink 2-15-2021, 11:30:21 PM
AnhSon(AnhSon) used a health_drink 2-15-2021, 11:30:21 PM
AnhSon(AnhSon) used a health_drink 2-15-2021, 11:30:22 PM
AnhSon(AnhSon) used a health_drink 2-15-2021, 11:30:24 PM
AnhSon(AnhSon) used a health_drink 2-15-2021, 11:30:25 PM
AnhSon(AnhSon) used a health_drink 2-15-2021, 11:30:25 PM
AnhSon(AnhSon) used a health_drink 2-15-2021, 11:30:25 PM
AnhSon(AnhSon) used a rocket_launcher 2-15-2021, 11:30:33 PM
AnhSon(AnhSon) used a rocket_launcher 2-15-2021, 11:30:33 PM
AnhSon(AnhSon) used a rocket_launcher 2-15-2021, 11:30:43 PM
AnhSon(AnhSon) used a rocket_launcher 2-15-2021, 11:30:43 PM
AnhSon(AnhSon) used a rocket_launcher 2-15-2021, 11:31:17 PM
AnhSon(AnhSon) used a rocket_launcher 2-15-2021, 11:31:17 PM
AnhSon(AnhSon) used a rocket_launcher 2-15-2021, 11:31:18 PM
AnhSon(AnhSon) used a rocket_launcher 2-15-2021, 11:31:18 PM
AnhSon(AnhSon) used a rocket_launcher 2-15-2021, 11:31:18 PM
AnhSon(AnhSon) used a police_car 2-15-2021, 11:31:54 PM
AnhSon(AnhSon) used a coin 2-15-2021, 11:32:30 PM
AnhSon(AnhSon) used a rocket_launcher 2-15-2021, 11:34:06 PM
AnhSon(AnhSon) used a rocket_launcher 2-15-2021, 11:34:06 PM
AnhSon(AnhSon) used a rocket_launcher 2-15-2021, 11:34:06 PM
AnhSon(AnhSon) used a rocket_launcher 2-15-2021, 11:34:06 PM
AnhSon(AnhSon) used a rocket_launcher 2-15-2021, 11:34:22 PM
AnhSon(AnhSon) used a rocket_launcher 2-15-2021, 11:34:22 PM
AnhSon(AnhSon) used a long_sword 2-15-2021, 11:34:27 PM
AnhSon(AnhSon) used a long_sword 2-15-2021, 11:34:27 PM
AnhSon(AnhSon) used a rocket_launcher 2-15-2021, 11:34:31 PM
AnhSon(AnhSon) used a rocket_launcher 2-15-2021, 11:34:31 PM
AnhSon(AnhSon) used a rocket_launcher 2-15-2021, 11:34:31 PM
AnhSon(AnhSon) used a rocket_launcher 2-15-2021, 11:34:31 PM
AnhSon(AnhSon) used a rocket_launcher 2-15-2021, 11:35:08 PM
AnhSon(AnhSon) used a rocket_launcher 2-15-2021, 11:35:08 PM