
gleb(gleb) used a modern_sub_machine_gun_carbine 10-5-2020, 1:57:19 PM
gleb(gleb) used a stp106_long_barreled_pistol 10-5-2020, 1:57:26 PM
gleb(gleb) used a shotgun 10-5-2020, 1:57:33 PM
gleb(gleb) used a rpg7 10-5-2020, 1:58:01 PM
gleb(gleb) used a cannon 10-5-2020, 1:58:11 PM
gleb(gleb) used a rocket_launcher 10-5-2020, 1:58:17 PM
gleb(gleb) used a rocket_launcher 10-5-2020, 1:58:20 PM
gleb(gleb) used a hand_cannon 10-5-2020, 1:58:25 PM
gleb(gleb) used a hand_cannon 10-5-2020, 1:58:26 PM
gleb(gleb) used a modern_sub_machine_gun_carbine 10-5-2020, 1:59:00 PM
gleb(gleb) used a stp106_long_barreled_pistol 10-5-2020, 1:59:12 PM
gleb(gleb) used a shotgun 10-5-2020, 1:59:17 PM
gleb(gleb) used a awp 10-5-2020, 1:59:22 PM
gleb(gleb) used a rpg7 10-5-2020, 1:59:32 PM
gleb(gleb) used a cannon 10-5-2020, 1:59:38 PM
gleb(gleb) used a rocket_launcher 10-5-2020, 1:59:48 PM
gleb(gleb) used a hand_cannon 10-5-2020, 1:59:59 PM
gleb(gleb) used a tk_ultra_health_potion 10-5-2020, 2:00:10 PM
gleb(gleb) used a tk_ultra_health_potion 10-5-2020, 2:00:10 PM
gleb(gleb) used a tk_ultra_health_potion 10-5-2020, 2:00:34 PM
gleb(gleb) used a shield 10-5-2020, 2:00:39 PM
gleb(gleb) used a shield 10-5-2020, 2:00:39 PM
gleb(gleb) used a shield 10-5-2020, 2:00:39 PM
gleb(gleb) used a shield 10-5-2020, 2:00:39 PM
gleb(gleb) used a shield 10-5-2020, 2:00:40 PM
gleb(gleb) used a shield 10-5-2020, 2:00:40 PM
gleb(gleb) used a shield 10-5-2020, 2:00:40 PM
gleb(gleb) used a shield 10-5-2020, 2:00:40 PM
gleb(gleb) used a shield 10-5-2020, 2:00:40 PM
gleb(gleb) used a shield 10-5-2020, 2:00:41 PM
gleb(gleb) used a shield 10-5-2020, 2:00:41 PM
gleb(gleb) used a shield 10-5-2020, 2:00:41 PM
gleb(gleb) used a shield 10-5-2020, 2:00:41 PM
gleb(gleb) used a shield 10-5-2020, 2:00:42 PM
gleb(gleb) used a shield 10-5-2020, 2:00:42 PM
gleb(gleb) used a shield 10-5-2020, 2:00:42 PM
gleb(gleb) used a shield 10-5-2020, 2:00:42 PM
gleb(gleb) used a shield 10-5-2020, 2:00:42 PM
gleb(gleb) used a shield 10-5-2020, 2:00:42 PM
gleb(gleb) used a shield 10-5-2020, 2:00:43 PM
gleb(gleb) used a shield 10-5-2020, 2:00:43 PM
gleb(gleb) used a shield 10-5-2020, 2:00:43 PM
gleb(gleb) used a shield 10-5-2020, 2:00:43 PM
gleb(gleb) used a shield 10-5-2020, 2:00:43 PM
gleb(gleb) used a shield 10-5-2020, 2:00:44 PM
gleb(gleb) used a shield 10-5-2020, 2:00:44 PM
gleb(gleb) used a shield 10-5-2020, 2:00:44 PM
gleb(gleb) used a shield 10-5-2020, 2:00:44 PM
gleb(gleb) used a shield 10-5-2020, 2:00:44 PM
gleb(gleb) used a shield 10-5-2020, 2:00:45 PM
gleb(gleb) used a shield 10-5-2020, 2:00:45 PM
gleb(gleb) used a tk_ultra_health_potion 10-5-2020, 2:00:49 PM
gleb(gleb) used a hand_grenade 10-5-2020, 2:00:54 PM
gleb(gleb) used a hand_grenade 10-5-2020, 2:00:55 PM
gleb(gleb) used a hand_grenade 10-5-2020, 2:01:43 PM
gleb(gleb) used a hand_grenade 10-5-2020, 2:01:44 PM
gleb(gleb) used a hand_grenade 10-5-2020, 2:01:45 PM
gleb(gleb) used a hand_grenade 10-5-2020, 2:01:45 PM
gleb(gleb) used a hand_grenade 10-5-2020, 2:02:47 PM
gleb(gleb) used a hand_grenade 10-5-2020, 2:02:49 PM
gleb(gleb) used a hand_grenade 10-5-2020, 2:02:50 PM
gleb(gleb) used a hand_grenade 10-5-2020, 2:02:50 PM
gleb(gleb) used a hand_grenade 10-5-2020, 2:02:51 PM
gleb(gleb) used a hand_grenade 10-5-2020, 2:02:51 PM
gleb(gleb) used a hand_grenade 10-5-2020, 2:02:51 PM
gleb(gleb) used a hand_grenade 10-5-2020, 2:02:51 PM
gleb(gleb) used a hand_grenade 10-5-2020, 2:02:51 PM
gleb(gleb) used a hand_grenade 10-5-2020, 2:02:53 PM
gleb(gleb) used a hand_grenade 10-5-2020, 2:02:53 PM
gleb(gleb) used a hand_grenade 10-5-2020, 2:02:54 PM
gleb(gleb) used a hand_grenade 10-5-2020, 2:02:55 PM
gleb(gleb) used a hand_grenade 10-5-2020, 2:02:55 PM
gleb(gleb) used a hand_grenade 10-5-2020, 2:02:55 PM
gleb(gleb) used a hand_grenade 10-5-2020, 2:02:55 PM
gleb(gleb) used a hand_grenade 10-5-2020, 2:02:55 PM
gleb(gleb) used a hand_grenade 10-5-2020, 2:02:55 PM
gleb(gleb) used a hand_grenade 10-5-2020, 2:02:56 PM
gleb(gleb) used a hand_grenade 10-5-2020, 2:02:56 PM
gleb(gleb) used a hand_grenade 10-5-2020, 2:02:56 PM
gleb(gleb) used a hand_grenade 10-5-2020, 2:02:56 PM
gleb(gleb) used a hand_grenade 10-5-2020, 2:02:56 PM
gleb(gleb) used a hand_grenade 10-5-2020, 2:03:00 PM
gleb(gleb) used a hand_grenade 10-5-2020, 2:03:00 PM
gleb(gleb) used a hand_grenade 10-5-2020, 2:03:00 PM
gleb(gleb) used a hand_grenade 10-5-2020, 2:03:00 PM
gleb(gleb) used a hand_grenade 10-5-2020, 2:03:01 PM
gleb(gleb) used a hand_grenade 10-5-2020, 2:03:01 PM
gleb(gleb) used a hand_grenade 10-5-2020, 2:03:01 PM
gleb(gleb) used a hand_grenade 10-5-2020, 2:03:01 PM
gleb(gleb) used a hand_grenade 10-5-2020, 2:03:01 PM
gleb(gleb) used a hand_grenade 10-5-2020, 2:03:01 PM
gleb(gleb) used a hand_grenade 10-5-2020, 2:03:02 PM
gleb(gleb) used a hand_grenade 10-5-2020, 2:03:03 PM
gleb(gleb) used a hand_grenade 10-5-2020, 2:03:04 PM
gleb(gleb) used a hand_grenade 10-5-2020, 2:03:04 PM
gleb(gleb) used a hand_grenade 10-5-2020, 2:03:04 PM
gleb(gleb) used a hand_grenade 10-5-2020, 2:03:04 PM
gleb(gleb) used a hand_grenade 10-5-2020, 2:03:04 PM
gleb(gleb) used a hand_grenade 10-5-2020, 2:03:04 PM
gleb(gleb) used a hand_grenade 10-5-2020, 2:03:05 PM
gleb(gleb) used a hand_grenade 10-5-2020, 2:03:05 PM
gleb(gleb) used a hand_grenade 10-5-2020, 2:03:05 PM
gleb(gleb) used a hand_grenade 10-5-2020, 2:03:05 PM
gleb(gleb) used a hand_grenade 10-5-2020, 2:03:06 PM
gleb(gleb) used a hand_grenade 10-5-2020, 2:03:08 PM
gleb(gleb) used a hand_grenade 10-5-2020, 2:03:58 PM
gleb(gleb) used a hand_grenade 10-5-2020, 2:03:59 PM
gleb(gleb) used a hand_grenade 10-5-2020, 2:04:01 PM
gleb(gleb) used a hand_grenade 10-5-2020, 2:04:02 PM
gleb(gleb) used a hand_grenade 10-5-2020, 2:04:02 PM
gleb(gleb) used a hand_grenade 10-5-2020, 2:04:02 PM
gleb(gleb) used a hand_grenade 10-5-2020, 2:04:03 PM
gleb(gleb) used a hand_grenade 10-5-2020, 2:04:03 PM
gleb(gleb) used a hand_grenade 10-5-2020, 2:04:03 PM
gleb(gleb) used a hand_grenade 10-5-2020, 2:04:03 PM
gleb(gleb) used a hand_grenade 10-5-2020, 2:04:06 PM
gleb(gleb) used a hand_grenade 10-5-2020, 2:04:10 PM
gleb(gleb) used a hand_grenade 10-5-2020, 2:04:11 PM
gleb(gleb) used a hand_grenade 10-5-2020, 2:04:12 PM
gleb(gleb) used a hand_grenade 10-5-2020, 2:04:12 PM
gleb(gleb) used a hand_grenade 10-5-2020, 2:04:12 PM
gleb(gleb) used a hand_grenade 10-5-2020, 2:04:23 PM
gleb(gleb) used a hand_grenade 10-5-2020, 2:04:24 PM
gleb(gleb) used a hand_grenade 10-5-2020, 2:04:25 PM
gleb(gleb) used a hand_grenade 10-5-2020, 2:04:25 PM
gleb(gleb) used a hand_grenade 10-5-2020, 2:04:25 PM
gleb(gleb) used a hand_grenade 10-5-2020, 2:04:28 PM
gleb(gleb) used a hand_grenade 10-5-2020, 2:04:29 PM
gleb(gleb) used a hand_grenade 10-5-2020, 2:04:29 PM
gleb(gleb) used a hand_grenade 10-5-2020, 2:04:29 PM
gleb(gleb) used a hand_grenade 10-5-2020, 2:04:30 PM
gleb(gleb) used a hand_grenade 10-5-2020, 2:04:38 PM
gleb(gleb) used a hand_grenade 10-5-2020, 2:04:38 PM
gleb(gleb) used a hand_grenade 10-5-2020, 2:04:39 PM
gleb(gleb) used a hand_grenade 10-5-2020, 2:04:39 PM
gleb(gleb) used a hand_grenade 10-5-2020, 2:04:40 PM
gleb(gleb) used a hand_grenade 10-5-2020, 2:04:41 PM
gleb(gleb) used a hand_grenade 10-5-2020, 2:04:41 PM
gleb(gleb) used a hand_grenade 10-5-2020, 2:04:41 PM
gleb(gleb) used a hand_grenade 10-5-2020, 2:04:41 PM
gleb(gleb) used a hand_grenade 10-5-2020, 2:04:46 PM
gleb(gleb) used a hand_grenade 10-5-2020, 2:04:46 PM
gleb(gleb) used a hand_grenade 10-5-2020, 2:04:46 PM
gleb(gleb) used a hand_grenade 10-5-2020, 2:04:47 PM
gleb(gleb) used a hand_grenade 10-5-2020, 2:04:47 PM
gleb(gleb) used a hand_grenade 10-5-2020, 2:04:47 PM
gleb(gleb) used a hand_grenade 10-5-2020, 2:04:47 PM
gleb(gleb) used a hand_grenade 10-5-2020, 2:04:47 PM
gleb(gleb) used a hand_grenade 10-5-2020, 2:04:47 PM
gleb(gleb) used a hand_grenade 10-5-2020, 2:04:48 PM
gleb(gleb) used a hand_grenade 10-5-2020, 2:04:48 PM
gleb(gleb) used a hand_grenade 10-5-2020, 2:04:48 PM
gleb(gleb) used a hand_grenade 10-5-2020, 2:04:59 PM
gleb(gleb) used a hand_grenade 10-5-2020, 2:05:01 PM
gleb(gleb) used a hand_grenade 10-5-2020, 2:05:01 PM
gleb(gleb) used a hand_grenade 10-5-2020, 2:05:01 PM
gleb(gleb) used a hand_grenade 10-5-2020, 2:05:02 PM
gleb(gleb) used a hand_grenade 10-5-2020, 2:05:02 PM
gleb(gleb) used a hand_grenade 10-5-2020, 2:05:02 PM
gleb(gleb) used a hand_grenade 10-5-2020, 2:05:02 PM
gleb(gleb) used a hand_grenade 10-5-2020, 2:05:02 PM
gleb(gleb) used a hand_grenade 10-5-2020, 2:05:03 PM
gleb(gleb) used a hand_grenade 10-5-2020, 2:05:03 PM
gleb(gleb) used a hand_grenade 10-5-2020, 2:05:03 PM
gleb(gleb) used a hand_grenade 10-5-2020, 2:05:03 PM
gleb(gleb) used a hand_grenade 10-5-2020, 2:05:03 PM
gleb(gleb) used a hand_grenade 10-5-2020, 2:05:03 PM
gleb(gleb) used a hand_grenade 10-5-2020, 2:05:04 PM
gleb(gleb) used a hand_grenade 10-5-2020, 2:05:04 PM
gleb(gleb) used a hand_grenade 10-5-2020, 2:05:04 PM
gleb(gleb) used a tk_ultra_health_potion 10-5-2020, 2:05:45 PM
gleb(gleb) used a shield 10-5-2020, 2:05:53 PM
gleb(gleb) used a shield 10-5-2020, 2:05:53 PM
gleb(gleb) used a shield 10-5-2020, 2:06:01 PM
gleb(gleb) used a shield 10-5-2020, 2:06:01 PM
gleb(gleb) used a shield 10-5-2020, 2:06:01 PM
gleb(gleb) used a shield 10-5-2020, 2:06:02 PM
gleb(gleb) used a shield 10-5-2020, 2:06:02 PM
gleb(gleb) used a hand_grenade 10-5-2020, 2:06:10 PM
gleb(gleb) used a hand_grenade 10-5-2020, 2:06:32 PM
gleb(gleb) used a hand_grenade 10-5-2020, 2:07:00 PM
gleb(gleb) used a hand_grenade 10-5-2020, 2:07:01 PM
gleb(gleb) used a hand_grenade 10-5-2020, 2:07:01 PM
gleb(gleb) used a hand_grenade 10-5-2020, 2:07:01 PM
gleb(gleb) used a hand_grenade 10-5-2020, 2:07:02 PM
gleb(gleb) used a hand_grenade 10-5-2020, 2:07:04 PM
gleb(gleb) used a hand_grenade 10-5-2020, 2:07:04 PM
gleb(gleb) used a hand_grenade 10-5-2020, 2:07:06 PM
gleb(gleb) used a hand_grenade 10-5-2020, 2:07:07 PM
gleb(gleb) used a hand_grenade 10-5-2020, 2:07:07 PM
gleb(gleb) used a hand_grenade 10-5-2020, 2:07:07 PM
gleb(gleb) used a hand_grenade 10-5-2020, 2:07:07 PM
gleb(gleb) used a hand_grenade 10-5-2020, 2:07:07 PM
gleb(gleb) used a hand_grenade 10-5-2020, 2:07:07 PM
gleb(gleb) used a hand_grenade 10-5-2020, 2:07:08 PM
gleb(gleb) used a hand_grenade 10-5-2020, 2:07:08 PM
gleb(gleb) used a hand_grenade 10-5-2020, 2:07:08 PM
gleb(gleb) used a hand_grenade 10-5-2020, 2:07:08 PM
gleb(gleb) used a hand_grenade 10-5-2020, 2:07:08 PM
gleb(gleb) used a hand_grenade 10-5-2020, 2:07:09 PM
gleb(gleb) used a hand_grenade 10-5-2020, 2:07:17 PM
gleb(gleb) used a hand_grenade 10-5-2020, 2:07:17 PM
gleb(gleb) used a hand_grenade 10-5-2020, 2:07:17 PM
gleb(gleb) used a hand_grenade 10-5-2020, 2:07:17 PM
gleb(gleb) used a hand_grenade 10-5-2020, 2:07:17 PM
gleb(gleb) used a hand_grenade 10-5-2020, 2:07:17 PM
gleb(gleb) used a hand_grenade 10-5-2020, 2:07:18 PM
gleb(gleb) used a hand_grenade 10-5-2020, 2:07:23 PM
gleb(gleb) used a hand_grenade 10-5-2020, 2:07:23 PM
gleb(gleb) used a hand_grenade 10-5-2020, 2:07:23 PM
gleb(gleb) used a hand_grenade 10-5-2020, 2:07:23 PM
gleb(gleb) used a hand_grenade 10-5-2020, 2:07:24 PM
gleb(gleb) used a hand_grenade 10-5-2020, 2:07:29 PM
gleb(gleb) used a hand_grenade 10-5-2020, 2:07:30 PM
gleb(gleb) used a hand_grenade 10-5-2020, 2:07:30 PM
gleb(gleb) used a hand_grenade 10-5-2020, 2:07:30 PM
gleb(gleb) used a hand_grenade 10-5-2020, 2:07:30 PM
gleb(gleb) used a hand_grenade 10-5-2020, 2:07:30 PM
gleb(gleb) used a hand_grenade 10-5-2020, 2:07:31 PM
gleb(gleb) used a hand_grenade 10-5-2020, 2:07:31 PM
gleb(gleb) used a hand_grenade 10-5-2020, 2:07:31 PM
gleb(gleb) used a hand_grenade 10-5-2020, 2:07:31 PM
gleb(gleb) used a hand_grenade 10-5-2020, 2:07:31 PM
gleb(gleb) used a hand_grenade 10-5-2020, 2:07:31 PM
gleb(gleb) used a hand_grenade 10-5-2020, 2:07:33 PM
gleb(gleb) used a hand_grenade 10-5-2020, 2:07:33 PM
gleb(gleb) used a hand_grenade 10-5-2020, 2:07:33 PM
gleb(gleb) used a hand_grenade 10-5-2020, 2:07:33 PM
gleb(gleb) used a hand_grenade 10-5-2020, 2:07:33 PM
gleb(gleb) used a hand_grenade 10-5-2020, 2:07:34 PM
gleb(gleb) used a hand_grenade 10-5-2020, 2:07:34 PM
gleb(gleb) used a hand_grenade 10-5-2020, 2:07:34 PM
gleb(gleb) used a hand_grenade 10-5-2020, 2:07:34 PM
gleb(gleb) used a hand_grenade 10-5-2020, 2:07:34 PM
gleb(gleb) used a hand_grenade 10-5-2020, 2:07:34 PM
gleb(gleb) used a hand_grenade 10-5-2020, 2:07:34 PM
gleb(gleb) used a hand_grenade 10-5-2020, 2:07:35 PM
gleb(gleb) used a hand_grenade 10-5-2020, 2:07:35 PM
gleb(gleb) used a hand_grenade 10-5-2020, 2:07:35 PM
gleb(gleb) used a hand_grenade 10-5-2020, 2:07:35 PM
gleb(gleb) used a hand_grenade 10-5-2020, 2:07:35 PM
gleb(gleb) used a hand_grenade 10-5-2020, 2:07:35 PM
gleb(gleb) used a hand_grenade 10-5-2020, 2:07:36 PM
gleb(gleb) used a hand_grenade 10-5-2020, 2:07:37 PM
gleb(gleb) used a hand_grenade 10-5-2020, 2:07:37 PM
gleb(gleb) used a hand_grenade 10-5-2020, 2:07:37 PM
gleb(gleb) used a hand_grenade 10-5-2020, 2:07:38 PM
gleb(gleb) used a hand_grenade 10-5-2020, 2:07:38 PM
gleb(gleb) used a hand_grenade 10-5-2020, 2:07:38 PM
gleb(gleb) used a hand_grenade 10-5-2020, 2:07:39 PM
gleb(gleb) used a hand_grenade 10-5-2020, 2:07:39 PM
gleb(gleb) used a hand_grenade 10-5-2020, 2:07:49 PM
gleb(gleb) used a hand_grenade 10-5-2020, 2:08:08 PM
gleb(gleb) used a hand_grenade 10-5-2020, 2:08:08 PM
gleb(gleb) used a hand_grenade 10-5-2020, 2:08:09 PM
gleb(gleb) used a hand_grenade 10-5-2020, 2:08:09 PM
gleb(gleb) used a hand_grenade 10-5-2020, 2:08:09 PM
gleb(gleb) used a hand_grenade 10-5-2020, 2:08:09 PM
gleb(gleb) used a hand_grenade 10-5-2020, 2:08:09 PM
gleb(gleb) used a hand_grenade 10-5-2020, 2:08:09 PM
gleb(gleb) used a hand_grenade 10-5-2020, 2:08:10 PM
gleb(gleb) used a hand_grenade 10-5-2020, 2:08:24 PM
gleb(gleb) used a hand_grenade 10-5-2020, 2:08:25 PM
gleb(gleb) used a hand_grenade 10-5-2020, 2:08:25 PM
gleb(gleb) used a hand_grenade 10-5-2020, 2:08:25 PM
gleb(gleb) used a hand_grenade 10-5-2020, 2:08:25 PM
gleb(gleb) used a hand_grenade 10-5-2020, 2:08:25 PM
gleb(gleb) used a hand_grenade 10-5-2020, 2:08:26 PM
gleb(gleb) used a hand_grenade 10-5-2020, 2:08:26 PM
gleb(gleb) used a hand_grenade 10-5-2020, 2:08:26 PM
gleb(gleb) used a hand_grenade 10-5-2020, 2:08:26 PM
gleb(gleb) used a hand_grenade 10-5-2020, 2:08:42 PM
gleb(gleb) used a hand_grenade 10-5-2020, 2:08:42 PM
gleb(gleb) used a hand_grenade 10-5-2020, 2:08:43 PM
gleb(gleb) used a hand_grenade 10-5-2020, 2:08:43 PM
gleb(gleb) used a hand_grenade 10-5-2020, 2:08:43 PM
gleb(gleb) used a hand_grenade 10-5-2020, 2:08:43 PM
gleb(gleb) used a hand_grenade 10-5-2020, 2:08:44 PM
gleb(gleb) used a hand_grenade 10-5-2020, 2:08:44 PM
gleb(gleb) used a hand_grenade 10-5-2020, 2:08:44 PM
gleb(gleb) used a hand_grenade 10-5-2020, 2:08:44 PM
gleb(gleb) used a hand_grenade 10-5-2020, 2:08:44 PM
gleb(gleb) used a hand_grenade 10-5-2020, 2:08:44 PM
gleb(gleb) used a hand_grenade 10-5-2020, 2:08:44 PM
gleb(gleb) used a hand_grenade 10-5-2020, 2:08:45 PM
gleb(gleb) used a hand_grenade 10-5-2020, 2:08:46 PM
gleb(gleb) used a hand_grenade 10-5-2020, 2:08:46 PM
gleb(gleb) used a hand_grenade 10-5-2020, 2:08:46 PM
gleb(gleb) used a hand_grenade 10-5-2020, 2:08:46 PM
gleb(gleb) used a hand_grenade 10-5-2020, 2:08:47 PM
gleb(gleb) used a hand_grenade 10-5-2020, 2:08:47 PM
gleb(gleb) used a hand_grenade 10-5-2020, 2:08:47 PM
gleb(gleb) used a hand_grenade 10-5-2020, 2:08:47 PM
gleb(gleb) used a hand_grenade 10-5-2020, 2:08:47 PM
gleb(gleb) used a hand_grenade 10-5-2020, 2:08:47 PM
gleb(gleb) used a hand_grenade 10-5-2020, 2:08:48 PM
gleb(gleb) used a hand_grenade 10-5-2020, 2:08:48 PM
gleb(gleb) used a hand_grenade 10-5-2020, 2:08:48 PM
gleb(gleb) used a hand_grenade 10-5-2020, 2:08:50 PM
gleb(gleb) used a hand_grenade 10-5-2020, 2:08:51 PM
gleb(gleb) used a hand_grenade 10-5-2020, 2:08:51 PM
gleb(gleb) used a hand_grenade 10-5-2020, 2:08:51 PM
gleb(gleb) used a hand_grenade 10-5-2020, 2:08:52 PM
gleb(gleb) used a hand_grenade 10-5-2020, 2:08:52 PM
gleb(gleb) used a hand_grenade 10-5-2020, 2:08:52 PM
gleb(gleb) used a hand_grenade 10-5-2020, 2:08:52 PM
gleb(gleb) used a hand_grenade 10-5-2020, 2:08:52 PM
gleb(gleb) used a hand_grenade 10-5-2020, 2:08:52 PM
gleb(gleb) used a hand_grenade 10-5-2020, 2:08:53 PM
gleb(gleb) used a hand_grenade 10-5-2020, 2:09:01 PM
gleb(gleb) used a hand_grenade 10-5-2020, 2:09:02 PM
gleb(gleb) used a hand_grenade 10-5-2020, 2:09:02 PM
gleb(gleb) used a hand_grenade 10-5-2020, 2:09:02 PM
gleb(gleb) used a hand_grenade 10-5-2020, 2:09:02 PM
gleb(gleb) used a hand_grenade 10-5-2020, 2:09:03 PM
gleb(gleb) used a hand_grenade 10-5-2020, 2:09:03 PM
gleb(gleb) used a hand_grenade 10-5-2020, 2:09:03 PM
gleb(gleb) used a hand_grenade 10-5-2020, 2:09:03 PM
gleb(gleb) used a hand_grenade 10-5-2020, 2:09:03 PM
gleb(gleb) used a hand_grenade 10-5-2020, 2:09:04 PM
gleb(gleb) used a hand_grenade 10-5-2020, 2:09:04 PM
gleb(gleb) used a hand_grenade 10-5-2020, 2:09:04 PM
gleb(gleb) used a hand_grenade 10-5-2020, 2:09:05 PM
gleb(gleb) used a hand_grenade 10-5-2020, 2:09:06 PM
gleb(gleb) used a hand_grenade 10-5-2020, 2:09:07 PM
gleb(gleb) used a hand_grenade 10-5-2020, 2:09:07 PM
gleb(gleb) used a hand_grenade 10-5-2020, 2:09:07 PM
gleb(gleb) used a hand_grenade 10-5-2020, 2:09:07 PM
gleb(gleb) used a hand_grenade 10-5-2020, 2:09:07 PM
gleb(gleb) used a hand_grenade 10-5-2020, 2:09:07 PM
gleb(gleb) used a hand_grenade 10-5-2020, 2:09:07 PM
gleb(gleb) used a hand_grenade 10-5-2020, 2:09:09 PM
gleb(gleb) used a hand_grenade 10-5-2020, 2:09:09 PM
gleb(gleb) used a hand_grenade 10-5-2020, 2:09:09 PM
gleb(gleb) used a hand_grenade 10-5-2020, 2:09:10 PM
gleb(gleb) used a hand_grenade 10-5-2020, 2:09:10 PM
gleb(gleb) used a hand_grenade 10-5-2020, 2:09:10 PM
gleb(gleb) used a hand_grenade 10-5-2020, 2:09:10 PM
gleb(gleb) used a hand_grenade 10-5-2020, 2:09:10 PM
gleb(gleb) used a hand_grenade 10-5-2020, 2:09:11 PM
gleb(gleb) used a hand_grenade 10-5-2020, 2:09:11 PM
gleb(gleb) used a hand_grenade 10-5-2020, 2:09:11 PM
gleb(gleb) used a hand_grenade 10-5-2020, 2:09:11 PM
gleb(gleb) used a hand_grenade 10-5-2020, 2:09:11 PM
gleb(gleb) used a hand_grenade 10-5-2020, 2:09:11 PM
gleb(gleb) used a hand_grenade 10-5-2020, 2:09:40 PM
gleb(gleb) used a hand_grenade 10-5-2020, 2:09:41 PM
gleb(gleb) used a hand_grenade 10-5-2020, 2:09:41 PM
gleb(gleb) used a hand_grenade 10-5-2020, 2:09:41 PM
gleb(gleb) used a hand_grenade 10-5-2020, 2:09:42 PM
gleb(gleb) used a hand_grenade 10-5-2020, 2:09:42 PM
gleb(gleb) used a hand_grenade 10-5-2020, 2:09:42 PM
gleb(gleb) used a hand_grenade 10-5-2020, 2:09:42 PM
gleb(gleb) used a hand_grenade 10-5-2020, 2:09:42 PM
gleb(gleb) used a hand_grenade 10-5-2020, 2:09:42 PM
gleb(gleb) used a hand_grenade 10-5-2020, 2:09:42 PM
gleb(gleb) used a hand_grenade 10-5-2020, 2:09:42 PM
gleb(gleb) used a hand_grenade 10-5-2020, 2:09:43 PM
gleb(gleb) used a hand_grenade 10-5-2020, 2:09:43 PM
gleb(gleb) used a hand_grenade 10-5-2020, 2:09:43 PM
gleb(gleb) used a hand_grenade 10-5-2020, 2:09:43 PM
gleb(gleb) used a hand_grenade 10-5-2020, 2:09:43 PM
gleb(gleb) used a suicide_bomb 10-5-2020, 2:11:16 PM
gleb(gleb) used a suicide_bomb 10-5-2020, 2:11:18 PM
gleb(gleb) used a suicide_bomb 10-5-2020, 2:11:18 PM
gleb(gleb) used a suicide_bomb 10-5-2020, 2:11:27 PM
gleb(gleb) used a suicide_bomb 10-5-2020, 2:11:35 PM
gleb(gleb) used a tk_ultra_health_potion 10-5-2020, 2:12:49 PM
gleb(gleb) used a tk_ultra_health_potion 10-5-2020, 2:13:04 PM
gleb(gleb) used a tk_ultra_health_potion 10-5-2020, 2:13:05 PM
gleb(gleb) used a shield 10-5-2020, 2:13:11 PM
gleb(gleb) used a shield 10-5-2020, 2:13:11 PM
gleb(gleb) used a shield 10-5-2020, 2:13:11 PM
gleb(gleb) used a shield 10-5-2020, 2:13:11 PM
gleb(gleb) used a shield 10-5-2020, 2:13:12 PM
gleb(gleb) used a shield 10-5-2020, 2:13:12 PM
gleb(gleb) used a shield 10-5-2020, 2:13:12 PM
gleb(gleb) used a shield 10-5-2020, 2:13:29 PM
gleb(gleb) used a shield 10-5-2020, 2:13:29 PM
gleb(gleb) used a shield 10-5-2020, 2:13:30 PM
gleb(gleb) used a shield 10-5-2020, 2:13:30 PM
gleb(gleb) used a shield 10-5-2020, 2:13:30 PM
gleb(gleb) used a shield 10-5-2020, 2:13:30 PM
gleb(gleb) used a shield 10-5-2020, 2:13:31 PM
gleb(gleb) used a shield 10-5-2020, 2:13:31 PM
gleb(gleb) used a shield 10-5-2020, 2:13:31 PM
gleb(gleb) used a shield 10-5-2020, 2:13:31 PM
gleb(gleb) used a shield 10-5-2020, 2:13:31 PM
gleb(gleb) used a shield 10-5-2020, 2:13:31 PM
gleb(gleb) used a shield 10-5-2020, 2:13:32 PM
gleb(gleb) used a shield 10-5-2020, 2:13:32 PM
gleb(gleb) used a shield 10-5-2020, 2:13:32 PM
gleb(gleb) used a shield 10-5-2020, 2:13:32 PM
gleb(gleb) used a shield 10-5-2020, 2:13:32 PM
gleb(gleb) used a shield 10-5-2020, 2:13:33 PM
gleb(gleb) used a shield 10-5-2020, 2:13:33 PM
gleb(gleb) used a shield 10-5-2020, 2:13:33 PM
gleb(gleb) used a shield 10-5-2020, 2:13:33 PM
gleb(gleb) used a shield 10-5-2020, 2:13:33 PM
gleb(gleb) used a shield 10-5-2020, 2:13:34 PM
gleb(gleb) used a shield 10-5-2020, 2:13:34 PM
gleb(gleb) used a tk_ultra_health_potion 10-5-2020, 2:13:38 PM
gleb(gleb) used a tk_ultra_health_potion 10-5-2020, 2:13:40 PM
gleb(gleb) used a hand_grenade 10-5-2020, 2:14:23 PM
gleb(gleb) used a hand_grenade 10-5-2020, 2:14:24 PM
gleb(gleb) used a hand_grenade 10-5-2020, 2:17:24 PM
gleb(gleb) used a hand_grenade 10-5-2020, 2:17:25 PM
gleb(gleb) used a hand_grenade 10-5-2020, 2:17:58 PM
gleb(gleb) used a hand_grenade 10-5-2020, 2:17:58 PM
gleb(gleb) used a hand_grenade 10-5-2020, 2:17:58 PM
gleb(gleb) used a hand_grenade 10-5-2020, 2:17:58 PM
gleb(gleb) used a hand_grenade 10-5-2020, 2:17:58 PM
gleb(gleb) used a hand_grenade 10-5-2020, 2:17:59 PM
gleb(gleb) used a hand_grenade 10-5-2020, 2:17:59 PM
gleb(gleb) used a hand_grenade 10-5-2020, 2:17:59 PM
gleb(gleb) used a hand_grenade 10-5-2020, 2:17:59 PM
gleb(gleb) used a hand_grenade 10-5-2020, 2:17:59 PM
gleb(gleb) used a hand_grenade 10-5-2020, 2:18:00 PM
gleb(gleb) used a hand_grenade 10-5-2020, 2:18:00 PM
gleb(gleb) used a hand_grenade 10-5-2020, 2:18:00 PM
gleb(gleb) used a hand_grenade 10-5-2020, 2:18:00 PM
gleb(gleb) used a hand_grenade 10-5-2020, 2:18:00 PM
gleb(gleb) used a hand_grenade 10-5-2020, 2:18:00 PM
gleb(gleb) used a hand_grenade 10-5-2020, 2:18:01 PM
gleb(gleb) used a hand_grenade 10-5-2020, 2:18:01 PM
gleb(gleb) used a hand_grenade 10-5-2020, 2:18:01 PM
gleb(gleb) used a hand_grenade 10-5-2020, 2:18:01 PM
gleb(gleb) used a hand_grenade 10-5-2020, 2:18:01 PM
gleb(gleb) used a hand_grenade 10-5-2020, 2:18:01 PM
gleb(gleb) used a hand_grenade 10-5-2020, 2:18:11 PM
gleb(gleb) used a hand_grenade 10-5-2020, 2:18:12 PM
gleb(gleb) used a hand_grenade 10-5-2020, 2:18:12 PM
gleb(gleb) used a hand_grenade 10-5-2020, 2:18:16 PM
gleb(gleb) used a hand_grenade 10-5-2020, 2:18:18 PM
gleb(gleb) used a hand_grenade 10-5-2020, 2:18:18 PM
gleb(gleb) used a hand_grenade 10-5-2020, 2:18:18 PM
gleb(gleb) used a hand_grenade 10-5-2020, 2:18:19 PM
gleb(gleb) used a hand_grenade 10-5-2020, 2:18:19 PM
gleb(gleb) used a hand_grenade 10-5-2020, 2:18:20 PM
gleb(gleb) used a hand_grenade 10-5-2020, 2:18:20 PM
gleb(gleb) used a hand_grenade 10-5-2020, 2:18:21 PM
gleb(gleb) used a hand_grenade 10-5-2020, 2:18:24 PM
gleb(gleb) used a hand_grenade 10-5-2020, 2:18:26 PM
gleb(gleb) used a hand_grenade 10-5-2020, 2:18:27 PM
gleb(gleb) used a hand_grenade 10-5-2020, 2:18:27 PM
gleb(gleb) used a hand_grenade 10-5-2020, 2:18:28 PM
gleb(gleb) used a hand_grenade 10-5-2020, 2:18:29 PM
gleb(gleb) used a hand_grenade 10-5-2020, 2:18:29 PM
gleb(gleb) used a hand_grenade 10-5-2020, 2:18:30 PM
gleb(gleb) used a hand_grenade 10-5-2020, 2:18:38 PM
gleb(gleb) used a hand_grenade 10-5-2020, 2:18:41 PM
gleb(gleb) used a hand_grenade 10-5-2020, 2:18:42 PM
gleb(gleb) used a hand_grenade 10-5-2020, 2:18:47 PM
gleb(gleb) used a hand_grenade 10-5-2020, 2:18:49 PM
gleb(gleb) used a hand_grenade 10-5-2020, 2:18:50 PM
gleb(gleb) used a hand_grenade 10-5-2020, 2:18:50 PM
gleb(gleb) used a hand_grenade 10-5-2020, 2:18:51 PM
gleb(gleb) used a hand_grenade 10-5-2020, 2:18:52 PM
gleb(gleb) used a hand_grenade 10-5-2020, 2:18:52 PM
gleb(gleb) used a hand_grenade 10-5-2020, 2:18:52 PM
gleb(gleb) used a hand_grenade 10-5-2020, 2:18:54 PM
gleb(gleb) used a hand_grenade 10-5-2020, 2:18:54 PM
gleb(gleb) used a hand_grenade 10-5-2020, 2:18:54 PM
gleb(gleb) used a hand_grenade 10-5-2020, 2:18:55 PM
gleb(gleb) used a hand_grenade 10-5-2020, 2:18:55 PM
gleb(gleb) used a hand_grenade 10-5-2020, 2:18:55 PM
gleb(gleb) used a hand_grenade 10-5-2020, 2:18:55 PM
gleb(gleb) used a hand_grenade 10-5-2020, 2:18:55 PM
gleb(gleb) used a hand_grenade 10-5-2020, 2:18:55 PM
gleb(gleb) used a hand_grenade 10-5-2020, 2:18:56 PM
gleb(gleb) used a hand_grenade 10-5-2020, 2:18:56 PM
gleb(gleb) used a hand_grenade 10-5-2020, 2:18:56 PM
gleb(gleb) used a hand_grenade 10-5-2020, 2:18:56 PM
gleb(gleb) used a hand_grenade 10-5-2020, 2:18:56 PM
gleb(gleb) used a hand_grenade 10-5-2020, 2:18:56 PM
gleb(gleb) used a hand_grenade 10-5-2020, 2:18:57 PM
gleb(gleb) used a hand_grenade 10-5-2020, 2:18:57 PM
gleb(gleb) used a hand_grenade 10-5-2020, 2:18:57 PM
gleb(gleb) used a hand_grenade 10-5-2020, 2:18:57 PM
gleb(gleb) used a hand_grenade 10-5-2020, 2:19:22 PM
gleb(gleb) used a hand_grenade 10-5-2020, 2:19:40 PM
gleb(gleb) used a hand_grenade 10-5-2020, 2:19:40 PM
gleb(gleb) used a hand_grenade 10-5-2020, 2:19:40 PM
gleb(gleb) used a hand_grenade 10-5-2020, 2:19:40 PM
gleb(gleb) used a hand_grenade 10-5-2020, 2:19:40 PM
gleb(gleb) used a hand_grenade 10-5-2020, 2:19:40 PM
gleb(gleb) used a hand_grenade 10-5-2020, 2:19:40 PM
gleb(gleb) used a hand_grenade 10-5-2020, 2:19:40 PM
gleb(gleb) used a hand_grenade 10-5-2020, 2:19:41 PM
gleb(gleb) used a hand_grenade 10-5-2020, 2:19:44 PM
gleb(gleb) used a hand_grenade 10-5-2020, 2:19:45 PM
gleb(gleb) used a hand_grenade 10-5-2020, 2:19:46 PM
gleb(gleb) used a hand_grenade 10-5-2020, 2:19:48 PM
gleb(gleb) used a hand_grenade 10-5-2020, 2:19:49 PM
gleb(gleb) used a hand_grenade 10-5-2020, 2:19:50 PM
gleb(gleb) used a hand_grenade 10-5-2020, 2:19:51 PM
gleb(gleb) used a grenade 10-5-2020, 2:20:06 PM
gleb(gleb) used a grenade 10-5-2020, 2:20:21 PM
gleb(gleb) used a grenade 10-5-2020, 2:20:39 PM
gleb(gleb) used a grenade 10-5-2020, 2:20:46 PM
gleb(gleb) used a grenade 10-5-2020, 2:20:50 PM
gleb(gleb) used a grenade 10-5-2020, 2:20:54 PM
gleb(gleb) used a grenade 10-5-2020, 2:20:56 PM
gleb(gleb) used a hand_grenade 10-5-2020, 2:21:12 PM
gleb(gleb) used a hand_grenade 10-5-2020, 2:21:14 PM
gleb(gleb) used a hand_grenade 10-5-2020, 2:21:15 PM
gleb(gleb) used a hand_grenade 10-5-2020, 2:21:25 PM
gleb(gleb) used a hand_grenade 10-5-2020, 2:21:27 PM
gleb(gleb) used a hand_grenade 10-5-2020, 2:21:28 PM
gleb(gleb) used a hand_grenade 10-5-2020, 2:21:30 PM
gleb(gleb) used a hand_grenade 10-5-2020, 2:21:31 PM
gleb(gleb) used a hand_grenade 10-5-2020, 2:21:33 PM
gleb(gleb) used a hand_grenade 10-5-2020, 2:21:34 PM
gleb(gleb) used a hand_grenade 10-5-2020, 2:21:34 PM
gleb(gleb) used a hand_grenade 10-5-2020, 2:21:34 PM
gleb(gleb) used a hand_grenade 10-5-2020, 2:21:35 PM
gleb(gleb) used a hand_grenade 10-5-2020, 2:21:35 PM
gleb(gleb) used a hand_grenade 10-5-2020, 2:21:36 PM
gleb(gleb) used a hand_grenade 10-5-2020, 2:21:36 PM
gleb(gleb) used a hand_grenade 10-5-2020, 2:21:36 PM
gleb(gleb) used a hand_grenade 10-5-2020, 2:21:37 PM
gleb(gleb) used a hand_grenade 10-5-2020, 2:21:37 PM
gleb(gleb) used a hand_grenade 10-5-2020, 2:21:37 PM
gleb(gleb) used a hand_grenade 10-5-2020, 2:21:38 PM
gleb(gleb) used a hand_grenade 10-5-2020, 2:21:53 PM
gleb(gleb) used a hand_grenade 10-5-2020, 2:21:54 PM
gleb(gleb) used a hand_grenade 10-5-2020, 2:21:55 PM
gleb(gleb) used a hand_grenade 10-5-2020, 2:21:57 PM
gleb(gleb) used a hand_grenade 10-5-2020, 2:22:07 PM
gleb(gleb) used a hand_grenade 10-5-2020, 2:22:10 PM
gleb(gleb) used a hand_grenade 10-5-2020, 2:22:11 PM
gleb(gleb) used a hand_grenade 10-5-2020, 2:22:12 PM
gleb(gleb) used a hand_grenade 10-5-2020, 2:22:12 PM
gleb(gleb) used a hand_grenade 10-5-2020, 2:22:12 PM
gleb(gleb) used a hand_grenade 10-5-2020, 2:22:33 PM
gleb(gleb) used a hand_grenade 10-5-2020, 2:22:34 PM
gleb(gleb) used a hand_grenade 10-5-2020, 2:22:34 PM
gleb(gleb) used a hand_grenade 10-5-2020, 2:22:35 PM
gleb(gleb) used a hand_grenade 10-5-2020, 2:22:36 PM
gleb(gleb) used a hand_grenade 10-5-2020, 2:22:37 PM
gleb(gleb) used a hand_grenade 10-5-2020, 2:22:38 PM
gleb(gleb) used a hand_grenade 10-5-2020, 2:22:39 PM
gleb(gleb) used a hand_grenade 10-5-2020, 2:22:39 PM
gleb(gleb) used a hand_grenade 10-5-2020, 2:22:39 PM
gleb(gleb) used a hand_grenade 10-5-2020, 2:22:42 PM
gleb(gleb) used a hand_grenade 10-5-2020, 2:22:43 PM
gleb(gleb) used a hand_grenade 10-5-2020, 2:22:44 PM
gleb(gleb) used a hand_grenade 10-5-2020, 2:22:54 PM
gleb(gleb) used a hand_grenade 10-5-2020, 2:22:55 PM
gleb(gleb) used a hand_grenade 10-5-2020, 2:22:58 PM
gleb(gleb) used a hand_grenade 10-5-2020, 2:22:59 PM
gleb(gleb) used a hand_grenade 10-5-2020, 2:22:59 PM
gleb(gleb) used a hand_grenade 10-5-2020, 2:22:59 PM
gleb(gleb) used a hand_grenade 10-5-2020, 2:22:59 PM
gleb(gleb) used a hand_grenade 10-5-2020, 2:22:59 PM
gleb(gleb) used a hand_grenade 10-5-2020, 2:23:00 PM
gleb(gleb) used a hand_grenade 10-5-2020, 2:23:00 PM
gleb(gleb) used a hand_grenade 10-5-2020, 2:23:00 PM
gleb(gleb) used a hand_grenade 10-5-2020, 2:23:00 PM
gleb(gleb) used a hand_grenade 10-5-2020, 2:23:00 PM
gleb(gleb) used a hand_grenade 10-5-2020, 2:23:00 PM
gleb(gleb) used a hand_grenade 10-5-2020, 2:23:00 PM
gleb(gleb) used a hand_grenade 10-5-2020, 2:23:01 PM
gleb(gleb) used a hand_grenade 10-5-2020, 2:23:01 PM
gleb(gleb) used a hand_grenade 10-5-2020, 2:23:01 PM
gleb(gleb) used a hand_grenade 10-5-2020, 2:23:01 PM
gleb(gleb) used a hand_grenade 10-5-2020, 2:23:01 PM
gleb(gleb) used a hand_grenade 10-5-2020, 2:23:01 PM
gleb(gleb) used a hand_grenade 10-5-2020, 2:23:02 PM
gleb(gleb) used a tk_ultra_health_potion 10-5-2020, 2:23:51 PM
gleb(gleb) used a shield 10-5-2020, 2:23:59 PM
gleb(gleb) used a shield 10-5-2020, 2:23:59 PM
gleb(gleb) used a shield 10-5-2020, 2:23:59 PM
gleb(gleb) used a shield 10-5-2020, 2:24:00 PM
gleb(gleb) used a shield 10-5-2020, 2:24:07 PM
gleb(gleb) used a shield 10-5-2020, 2:24:07 PM
gleb(gleb) used a shield 10-5-2020, 2:24:07 PM
gleb(gleb) used a shield 10-5-2020, 2:24:07 PM
gleb(gleb) used a shield 10-5-2020, 2:24:07 PM
gleb(gleb) used a shield 10-5-2020, 2:24:08 PM
gleb(gleb) used a shield 10-5-2020, 2:24:08 PM
gleb(gleb) used a shield 10-5-2020, 2:24:08 PM
gleb(gleb) used a shield 10-5-2020, 2:24:08 PM
gleb(gleb) used a tk_ultra_health_potion 10-5-2020, 2:24:46 PM
gleb(gleb) used a hand_grenade 10-5-2020, 2:24:52 PM
gleb(gleb) used a hand_grenade 10-5-2020, 2:27:17 PM
gleb(gleb) used a hand_grenade 10-5-2020, 2:27:33 PM
gleb(gleb) used a hand_grenade 10-5-2020, 2:27:34 PM
gleb(gleb) used a hand_grenade 10-5-2020, 2:27:36 PM
gleb(gleb) used a hand_grenade 10-5-2020, 2:27:36 PM
gleb(gleb) used a hand_grenade 10-5-2020, 2:27:36 PM
gleb(gleb) used a hand_grenade 10-5-2020, 2:27:36 PM
gleb(gleb) used a hand_grenade 10-5-2020, 2:27:36 PM
gleb(gleb) used a hand_grenade 10-5-2020, 2:27:37 PM
gleb(gleb) used a hand_grenade 10-5-2020, 2:27:37 PM
gleb(gleb) used a hand_grenade 10-5-2020, 2:27:37 PM
gleb(gleb) used a hand_grenade 10-5-2020, 2:27:37 PM
gleb(gleb) used a hand_grenade 10-5-2020, 2:27:37 PM
gleb(gleb) used a hand_grenade 10-5-2020, 2:27:40 PM
gleb(gleb) used a hand_grenade 10-5-2020, 2:27:40 PM
gleb(gleb) used a hand_grenade 10-5-2020, 2:27:41 PM
gleb(gleb) used a hand_grenade 10-5-2020, 2:27:41 PM
gleb(gleb) used a hand_grenade 10-5-2020, 2:27:41 PM
gleb(gleb) used a hand_grenade 10-5-2020, 2:27:41 PM
gleb(gleb) used a hand_grenade 10-5-2020, 2:27:41 PM
gleb(gleb) used a hand_grenade 10-5-2020, 2:27:42 PM
gleb(gleb) used a hand_grenade 10-5-2020, 2:27:45 PM
gleb(gleb) used a hand_grenade 10-5-2020, 2:27:46 PM
gleb(gleb) used a hand_grenade 10-5-2020, 2:27:47 PM
gleb(gleb) used a hand_grenade 10-5-2020, 2:27:47 PM
gleb(gleb) used a hand_grenade 10-5-2020, 2:27:47 PM
gleb(gleb) used a hand_grenade 10-5-2020, 2:27:48 PM
gleb(gleb) used a hand_grenade 10-5-2020, 2:27:48 PM
gleb(gleb) used a hand_grenade 10-5-2020, 2:27:48 PM
gleb(gleb) used a hand_grenade 10-5-2020, 2:27:48 PM
gleb(gleb) used a hand_grenade 10-5-2020, 2:27:48 PM
gleb(gleb) used a hand_grenade 10-5-2020, 2:27:48 PM
gleb(gleb) used a hand_grenade 10-5-2020, 2:27:49 PM
gleb(gleb) used a hand_grenade 10-5-2020, 2:27:49 PM
gleb(gleb) used a hand_grenade 10-5-2020, 2:27:49 PM
gleb(gleb) used a hand_grenade 10-5-2020, 2:27:50 PM
gleb(gleb) used a hand_grenade 10-5-2020, 2:27:50 PM
gleb(gleb) used a hand_grenade 10-5-2020, 2:27:51 PM
gleb(gleb) used a hand_grenade 10-5-2020, 2:27:51 PM
gleb(gleb) used a hand_grenade 10-5-2020, 2:27:51 PM
gleb(gleb) used a hand_grenade 10-5-2020, 2:27:51 PM
gleb(gleb) used a hand_grenade 10-5-2020, 2:28:06 PM
gleb(gleb) used a hand_grenade 10-5-2020, 2:28:07 PM
gleb(gleb) used a hand_grenade 10-5-2020, 2:28:07 PM
gleb(gleb) used a hand_grenade 10-5-2020, 2:28:07 PM
gleb(gleb) used a hand_grenade 10-5-2020, 2:28:07 PM
gleb(gleb) used a hand_grenade 10-5-2020, 2:28:08 PM
gleb(gleb) used a hand_grenade 10-5-2020, 2:28:08 PM
gleb(gleb) used a hand_grenade 10-5-2020, 2:28:08 PM
gleb(gleb) used a hand_grenade 10-5-2020, 2:28:08 PM
gleb(gleb) used a hand_grenade 10-5-2020, 2:28:08 PM
gleb(gleb) used a hand_grenade 10-5-2020, 2:28:08 PM
gleb(gleb) used a hand_grenade 10-5-2020, 2:28:08 PM
gleb(gleb) used a hand_grenade 10-5-2020, 2:28:09 PM
gleb(gleb) used a hand_grenade 10-5-2020, 2:28:09 PM
gleb(gleb) used a hand_grenade 10-5-2020, 2:28:09 PM
gleb(gleb) used a hand_grenade 10-5-2020, 2:28:09 PM
gleb(gleb) used a hand_grenade 10-5-2020, 2:28:09 PM
gleb(gleb) used a hand_grenade 10-5-2020, 2:28:09 PM
gleb(gleb) used a hand_grenade 10-5-2020, 2:28:10 PM
gleb(gleb) used a hand_grenade 10-5-2020, 2:28:10 PM
gleb(gleb) used a hand_grenade 10-5-2020, 2:28:10 PM
gleb(gleb) used a hand_grenade 10-5-2020, 2:28:10 PM
gleb(gleb) used a hand_grenade 10-5-2020, 2:28:21 PM
gleb(gleb) used a hand_grenade 10-5-2020, 2:28:21 PM
gleb(gleb) used a hand_grenade 10-5-2020, 2:28:21 PM
gleb(gleb) used a hand_grenade 10-5-2020, 2:28:22 PM
gleb(gleb) used a hand_grenade 10-5-2020, 2:28:22 PM
gleb(gleb) used a hand_grenade 10-5-2020, 2:28:22 PM
gleb(gleb) used a hand_grenade 10-5-2020, 2:28:22 PM
gleb(gleb) used a hand_grenade 10-5-2020, 2:28:22 PM
gleb(gleb) used a hand_grenade 10-5-2020, 2:28:22 PM
gleb(gleb) used a hand_grenade 10-5-2020, 2:28:22 PM
gleb(gleb) used a hand_grenade 10-5-2020, 2:28:23 PM
gleb(gleb) used a hand_grenade 10-5-2020, 2:28:23 PM
gleb(gleb) used a hand_grenade 10-5-2020, 2:28:23 PM
gleb(gleb) used a hand_grenade 10-5-2020, 2:28:23 PM
gleb(gleb) used a hand_grenade 10-5-2020, 2:28:23 PM
gleb(gleb) used a hand_grenade 10-5-2020, 2:28:23 PM
gleb(gleb) used a hand_grenade 10-5-2020, 2:28:24 PM
gleb(gleb) used a hand_grenade 10-5-2020, 2:28:24 PM
gleb(gleb) used a hand_grenade 10-5-2020, 2:28:24 PM
gleb(gleb) used a hand_grenade 10-5-2020, 2:28:24 PM
gleb(gleb) used a hand_grenade 10-5-2020, 2:28:26 PM
gleb(gleb) used a hand_grenade 10-5-2020, 2:28:26 PM
gleb(gleb) used a hand_grenade 10-5-2020, 2:28:27 PM
gleb(gleb) used a hand_grenade 10-5-2020, 2:28:27 PM
gleb(gleb) used a hand_grenade 10-5-2020, 2:28:27 PM
gleb(gleb) used a hand_grenade 10-5-2020, 2:28:27 PM
gleb(gleb) used a hand_grenade 10-5-2020, 2:28:27 PM
gleb(gleb) used a hand_grenade 10-5-2020, 2:28:27 PM
gleb(gleb) used a hand_grenade 10-5-2020, 2:28:27 PM
gleb(gleb) used a hand_grenade 10-5-2020, 2:28:28 PM
gleb(gleb) used a hand_grenade 10-5-2020, 2:28:28 PM
gleb(gleb) used a hand_grenade 10-5-2020, 2:28:28 PM
gleb(gleb) used a hand_grenade 10-5-2020, 2:28:28 PM
gleb(gleb) used a hand_grenade 10-5-2020, 2:28:28 PM
gleb(gleb) used a hand_grenade 10-5-2020, 2:28:28 PM
gleb(gleb) used a hand_grenade 10-5-2020, 2:28:29 PM
gleb(gleb) used a hand_grenade 10-5-2020, 2:28:29 PM
gleb(gleb) used a hand_grenade 10-5-2020, 2:28:29 PM
gleb(gleb) used a hand_grenade 10-5-2020, 2:28:29 PM
gleb(gleb) used a hand_grenade 10-5-2020, 2:28:29 PM
gleb(gleb) used a hand_grenade 10-5-2020, 2:28:29 PM
gleb(gleb) used a hand_grenade 10-5-2020, 2:28:29 PM
gleb(gleb) used a hand_grenade 10-5-2020, 2:28:30 PM
gleb(gleb) used a hand_grenade 10-5-2020, 2:28:30 PM
gleb(gleb) used a hand_grenade 10-5-2020, 2:28:30 PM
gleb(gleb) used a hand_grenade 10-5-2020, 2:28:30 PM
gleb(gleb) used a hand_grenade 10-5-2020, 2:28:41 PM
gleb(gleb) used a hand_grenade 10-5-2020, 2:28:42 PM
gleb(gleb) used a hand_grenade 10-5-2020, 2:28:43 PM
gleb(gleb) used a hand_grenade 10-5-2020, 2:28:43 PM
gleb(gleb) used a hand_grenade 10-5-2020, 2:28:44 PM
gleb(gleb) used a hand_grenade 10-5-2020, 2:28:48 PM
gleb(gleb) used a hand_grenade 10-5-2020, 2:28:49 PM
gleb(gleb) used a hand_grenade 10-5-2020, 2:28:50 PM
gleb(gleb) used a hand_grenade 10-5-2020, 2:28:50 PM
gleb(gleb) used a hand_grenade 10-5-2020, 2:28:50 PM
gleb(gleb) used a hand_grenade 10-5-2020, 2:28:50 PM
gleb(gleb) used a hand_grenade 10-5-2020, 2:28:50 PM
gleb(gleb) used a hand_grenade 10-5-2020, 2:28:50 PM
gleb(gleb) used a hand_grenade 10-5-2020, 2:29:04 PM
gleb(gleb) used a hand_grenade 10-5-2020, 2:29:05 PM
gleb(gleb) used a hand_grenade 10-5-2020, 2:29:05 PM
gleb(gleb) used a hand_grenade 10-5-2020, 2:29:05 PM
gleb(gleb) used a hand_grenade 10-5-2020, 2:29:05 PM
gleb(gleb) used a hand_grenade 10-5-2020, 2:29:05 PM
gleb(gleb) used a hand_grenade 10-5-2020, 2:29:05 PM
gleb(gleb) used a hand_grenade 10-5-2020, 2:29:06 PM
gleb(gleb) used a hand_grenade 10-5-2020, 2:29:06 PM
gleb(gleb) used a hand_grenade 10-5-2020, 2:29:06 PM
gleb(gleb) used a hand_grenade 10-5-2020, 2:29:06 PM
gleb(gleb) used a hand_grenade 10-5-2020, 2:29:06 PM
gleb(gleb) used a hand_grenade 10-5-2020, 2:29:07 PM
gleb(gleb) used a hand_grenade 10-5-2020, 2:29:13 PM
gleb(gleb) used a hand_grenade 10-5-2020, 2:29:13 PM
gleb(gleb) used a hand_grenade 10-5-2020, 2:29:13 PM
gleb(gleb) used a hand_grenade 10-5-2020, 2:29:13 PM
gleb(gleb) used a hand_grenade 10-5-2020, 2:29:14 PM
gleb(gleb) used a hand_grenade 10-5-2020, 2:29:14 PM
gleb(gleb) used a hand_grenade 10-5-2020, 2:29:14 PM
gleb(gleb) used a hand_grenade 10-5-2020, 2:29:14 PM
gleb(gleb) used a hand_grenade 10-5-2020, 2:29:41 PM
gleb(gleb) used a hand_grenade 10-5-2020, 2:29:43 PM
gleb(gleb) used a hand_grenade 10-5-2020, 2:29:43 PM
gleb(gleb) used a hand_grenade 10-5-2020, 2:29:43 PM
gleb(gleb) used a hand_grenade 10-5-2020, 2:29:43 PM
gleb(gleb) used a hand_grenade 10-5-2020, 2:29:43 PM
gleb(gleb) used a hand_grenade 10-5-2020, 2:29:44 PM
gleb(gleb) used a hand_grenade 10-5-2020, 2:29:44 PM
gleb(gleb) used a hand_grenade 10-5-2020, 2:29:44 PM
gleb(gleb) used a hand_grenade 10-5-2020, 2:29:44 PM
gleb(gleb) used a hand_grenade 10-5-2020, 2:29:44 PM
gleb(gleb) used a hand_grenade 10-5-2020, 2:29:44 PM
gleb(gleb) used a hand_grenade 10-5-2020, 2:29:45 PM
gleb(gleb) used a hand_grenade 10-5-2020, 2:29:45 PM
gleb(gleb) used a hand_grenade 10-5-2020, 2:29:45 PM
gleb(gleb) used a hand_grenade 10-5-2020, 2:29:45 PM
gleb(gleb) used a tk_ultra_health_potion 10-5-2020, 2:30:01 PM
gleb(gleb) used a tk_ultra_health_potion 10-5-2020, 2:30:01 PM
gleb(gleb) used a hand_grenade 10-5-2020, 2:30:29 PM
gleb(gleb) used a hand_grenade 10-5-2020, 2:32:17 PM
gleb(gleb) used a hand_grenade 10-5-2020, 2:32:17 PM
gleb(gleb) used a hand_grenade 10-5-2020, 2:32:18 PM
gleb(gleb) used a hand_grenade 10-5-2020, 2:32:18 PM
gleb(gleb) used a hand_grenade 10-5-2020, 2:32:18 PM
gleb(gleb) used a hand_grenade 10-5-2020, 2:32:19 PM
gleb(gleb) used a hand_grenade 10-5-2020, 2:32:19 PM
gleb(gleb) used a hand_grenade 10-5-2020, 2:32:19 PM
gleb(gleb) used a hand_grenade 10-5-2020, 2:32:20 PM
gleb(gleb) used a hand_grenade 10-5-2020, 2:32:20 PM
gleb(gleb) used a hand_grenade 10-5-2020, 2:32:24 PM
gleb(gleb) used a hand_grenade 10-5-2020, 2:32:25 PM
gleb(gleb) used a tk_ultra_health_potion 10-5-2020, 2:36:04 PM
gleb(gleb) used a antibiotic 10-5-2020, 2:36:13 PM
gleb(gleb) used a antibiotic 10-5-2020, 2:36:15 PM
gleb(gleb) used a antibiotic 10-5-2020, 2:36:18 PM
gleb(gleb) used a antibiotic 10-5-2020, 2:36:20 PM
gleb(gleb) used a antibiotic 10-5-2020, 2:36:29 PM
gleb(gleb) used a shield 10-5-2020, 2:36:40 PM
gleb(gleb) used a shield 10-5-2020, 2:36:40 PM
gleb(gleb) used a shield 10-5-2020, 2:36:40 PM
gleb(gleb) used a shield 10-5-2020, 2:36:40 PM
gleb(gleb) used a shield 10-5-2020, 2:36:41 PM
gleb(gleb) used a shield 10-5-2020, 2:36:41 PM
gleb(gleb) used a shield 10-5-2020, 2:36:41 PM
gleb(gleb) used a shield 10-5-2020, 2:36:41 PM
gleb(gleb) used a shield 10-5-2020, 2:36:41 PM
gleb(gleb) used a shield 10-5-2020, 2:36:41 PM
gleb(gleb) used a shield 10-5-2020, 2:36:42 PM
gleb(gleb) used a shield 10-5-2020, 2:36:42 PM
gleb(gleb) used a shield 10-5-2020, 2:36:42 PM
gleb(gleb) used a shield 10-5-2020, 2:36:42 PM
gleb(gleb) used a shield 10-5-2020, 2:36:42 PM
gleb(gleb) used a shield 10-5-2020, 2:36:43 PM
gleb(gleb) used a shield 10-5-2020, 2:36:43 PM
gleb(gleb) used a shield 10-5-2020, 2:36:43 PM
gleb(gleb) used a shield 10-5-2020, 2:36:43 PM
gleb(gleb) used a shield 10-5-2020, 2:36:43 PM
gleb(gleb) used a shield 10-5-2020, 2:36:44 PM
gleb(gleb) used a shield 10-5-2020, 2:36:44 PM
gleb(gleb) used a shield 10-5-2020, 2:36:44 PM
gleb(gleb) used a shield 10-5-2020, 2:36:44 PM
gleb(gleb) used a shield 10-5-2020, 2:36:44 PM
gleb(gleb) used a shield 10-5-2020, 2:36:45 PM
gleb(gleb) used a shield 10-5-2020, 2:36:45 PM
gleb(gleb) used a hand_grenade 10-5-2020, 2:36:49 PM
gleb(gleb) used a concussive_grenade 10-5-2020, 2:39:40 PM
gleb(gleb) used a tk_ultra_health_potion 10-5-2020, 2:40:13 PM
gleb(gleb) used a tk_ultra_health_potion 10-5-2020, 2:41:01 PM
gleb(gleb) used a hand_grenade 10-5-2020, 2:41:10 PM
gleb(gleb) used a hand_grenade 10-5-2020, 2:41:54 PM
gleb(gleb) used a hand_grenade 10-5-2020, 2:41:54 PM
gleb(gleb) used a hand_grenade 10-5-2020, 2:41:55 PM
gleb(gleb) used a hand_grenade 10-5-2020, 2:41:55 PM
gleb(gleb) used a hand_grenade 10-5-2020, 2:41:55 PM
gleb(gleb) used a hand_grenade 10-5-2020, 2:41:55 PM
gleb(gleb) used a hand_grenade 10-5-2020, 2:41:55 PM
gleb(gleb) used a hand_grenade 10-5-2020, 2:41:55 PM
gleb(gleb) used a hand_grenade 10-5-2020, 2:41:56 PM
gleb(gleb) used a hand_grenade 10-5-2020, 2:41:56 PM
gleb(gleb) used a hand_grenade 10-5-2020, 2:41:56 PM
gleb(gleb) used a hand_grenade 10-5-2020, 2:41:56 PM
gleb(gleb) used a hand_grenade 10-5-2020, 2:41:56 PM
gleb(gleb) used a hand_grenade 10-5-2020, 2:41:56 PM
gleb(gleb) used a hand_grenade 10-5-2020, 2:41:57 PM
gleb(gleb) used a hand_grenade 10-5-2020, 2:41:57 PM
gleb(gleb) used a hand_grenade 10-5-2020, 2:41:57 PM
gleb(gleb) used a hand_grenade 10-5-2020, 2:41:58 PM
gleb(gleb) used a hand_grenade 10-5-2020, 2:41:58 PM
gleb(gleb) used a hand_grenade 10-5-2020, 2:41:58 PM
gleb(gleb) used a hand_grenade 10-5-2020, 2:41:58 PM
gleb(gleb) used a hand_grenade 10-5-2020, 2:41:58 PM
gleb(gleb) used a hand_grenade 10-5-2020, 2:41:58 PM
gleb(gleb) used a hand_grenade 10-5-2020, 2:41:59 PM
gleb(gleb) used a hand_grenade 10-5-2020, 2:41:59 PM
gleb(gleb) used a hand_grenade 10-5-2020, 2:41:59 PM
gleb(gleb) used a hand_grenade 10-5-2020, 2:41:59 PM
gleb(gleb) used a hand_grenade 10-5-2020, 2:41:59 PM
gleb(gleb) used a hand_grenade 10-5-2020, 2:41:59 PM
gleb(gleb) used a hand_grenade 10-5-2020, 2:42:00 PM
gleb(gleb) used a hand_grenade 10-5-2020, 2:42:00 PM
gleb(gleb) used a hand_grenade 10-5-2020, 2:42:00 PM
gleb(gleb) used a hand_grenade 10-5-2020, 2:42:00 PM
gleb(gleb) used a hand_grenade 10-5-2020, 2:42:00 PM
gleb(gleb) used a hand_grenade 10-5-2020, 2:42:00 PM
gleb(gleb) used a hand_grenade 10-5-2020, 2:42:01 PM
gleb(gleb) used a hand_grenade 10-5-2020, 2:42:01 PM
gleb(gleb) used a hand_grenade 10-5-2020, 2:42:01 PM
gleb(gleb) used a hand_grenade 10-5-2020, 2:42:01 PM
gleb(gleb) used a hand_grenade 10-5-2020, 2:42:01 PM
gleb(gleb) used a hand_grenade 10-5-2020, 2:42:02 PM
gleb(gleb) used a hand_grenade 10-5-2020, 2:42:02 PM
gleb(gleb) used a hand_grenade 10-5-2020, 2:42:02 PM
gleb(gleb) used a hand_grenade 10-5-2020, 2:42:02 PM
gleb(gleb) used a hand_grenade 10-5-2020, 2:42:02 PM
gleb(gleb) used a hand_grenade 10-5-2020, 2:42:02 PM
gleb(gleb) used a hand_grenade 10-5-2020, 2:42:03 PM
gleb(gleb) used a hand_grenade 10-5-2020, 2:42:08 PM
gleb(gleb) used a hand_grenade 10-5-2020, 2:42:12 PM
gleb(gleb) used a hand_grenade 10-5-2020, 2:42:18 PM
gleb(gleb) used a hand_grenade 10-5-2020, 2:42:18 PM
gleb(gleb) used a hand_grenade 10-5-2020, 2:42:19 PM
gleb(gleb) used a hand_grenade 10-5-2020, 2:42:22 PM
gleb(gleb) used a hand_grenade 10-5-2020, 2:42:22 PM
gleb(gleb) used a hand_grenade 10-5-2020, 2:42:22 PM
gleb(gleb) used a hand_grenade 10-5-2020, 2:42:22 PM
gleb(gleb) used a hand_grenade 10-5-2020, 2:42:22 PM
gleb(gleb) used a hand_grenade 10-5-2020, 2:42:22 PM
gleb(gleb) used a hand_grenade 10-5-2020, 2:42:23 PM
gleb(gleb) used a hand_grenade 10-5-2020, 2:42:23 PM
gleb(gleb) used a hand_grenade 10-5-2020, 2:42:23 PM
gleb(gleb) used a hand_grenade 10-5-2020, 2:42:23 PM
gleb(gleb) used a hand_grenade 10-5-2020, 2:42:23 PM
gleb(gleb) used a hand_grenade 10-5-2020, 2:42:23 PM
gleb(gleb) used a hand_grenade 10-5-2020, 2:42:24 PM
gleb(gleb) used a hand_grenade 10-5-2020, 2:42:24 PM
gleb(gleb) used a hand_grenade 10-5-2020, 2:42:24 PM
gleb(gleb) used a hand_grenade 10-5-2020, 2:42:25 PM
gleb(gleb) used a hand_grenade 10-5-2020, 2:42:25 PM
gleb(gleb) used a hand_grenade 10-5-2020, 2:42:25 PM
gleb(gleb) used a hand_grenade 10-5-2020, 2:42:25 PM
gleb(gleb) used a hand_grenade 10-5-2020, 2:42:25 PM
gleb(gleb) used a hand_grenade 10-5-2020, 2:42:25 PM
gleb(gleb) used a hand_grenade 10-5-2020, 2:42:26 PM
gleb(gleb) used a hand_grenade 10-5-2020, 2:42:26 PM
gleb(gleb) used a hand_grenade 10-5-2020, 2:42:26 PM
gleb(gleb) used a hand_grenade 10-5-2020, 2:42:26 PM
gleb(gleb) used a hand_grenade 10-5-2020, 2:42:26 PM
gleb(gleb) used a hand_grenade 10-5-2020, 2:42:26 PM
gleb(gleb) used a hand_grenade 10-5-2020, 2:42:27 PM
gleb(gleb) used a hand_grenade 10-5-2020, 2:42:27 PM
gleb(gleb) used a hand_grenade 10-5-2020, 2:42:27 PM
gleb(gleb) used a hand_grenade 10-5-2020, 2:42:27 PM
gleb(gleb) used a hand_grenade 10-5-2020, 2:42:27 PM
gleb(gleb) used a hand_grenade 10-5-2020, 2:42:28 PM
gleb(gleb) used a hand_grenade 10-5-2020, 2:42:28 PM
gleb(gleb) used a hand_grenade 10-5-2020, 2:42:28 PM
gleb(gleb) used a hand_grenade 10-5-2020, 2:42:28 PM
gleb(gleb) used a hand_grenade 10-5-2020, 2:42:28 PM
gleb(gleb) used a hand_grenade 10-5-2020, 2:42:28 PM
gleb(gleb) used a hand_grenade 10-5-2020, 2:42:29 PM
gleb(gleb) used a hand_grenade 10-5-2020, 2:42:29 PM
gleb(gleb) used a hand_grenade 10-5-2020, 2:42:29 PM
gleb(gleb) used a hand_grenade 10-5-2020, 2:42:36 PM
gleb(gleb) used a hand_grenade 10-5-2020, 2:42:36 PM
gleb(gleb) used a hand_grenade 10-5-2020, 2:42:36 PM
gleb(gleb) used a hand_grenade 10-5-2020, 2:42:36 PM
gleb(gleb) used a hand_grenade 10-5-2020, 2:42:37 PM
gleb(gleb) used a hand_grenade 10-5-2020, 2:42:37 PM
gleb(gleb) used a hand_grenade 10-5-2020, 2:42:37 PM
gleb(gleb) used a hand_grenade 10-5-2020, 2:42:37 PM
gleb(gleb) used a hand_grenade 10-5-2020, 2:42:37 PM
gleb(gleb) used a hand_grenade 10-5-2020, 2:42:38 PM
gleb(gleb) used a hand_grenade 10-5-2020, 2:42:38 PM
gleb(gleb) used a hand_grenade 10-5-2020, 2:42:38 PM
gleb(gleb) used a hand_grenade 10-5-2020, 2:42:38 PM
gleb(gleb) used a hand_grenade 10-5-2020, 2:42:38 PM
gleb(gleb) used a hand_grenade 10-5-2020, 2:42:39 PM
gleb(gleb) used a hand_grenade 10-5-2020, 2:42:39 PM
gleb(gleb) used a hand_grenade 10-5-2020, 2:42:39 PM
gleb(gleb) used a hand_grenade 10-5-2020, 2:42:39 PM
gleb(gleb) used a hand_grenade 10-5-2020, 2:42:41 PM
gleb(gleb) used a hand_grenade 10-5-2020, 2:42:41 PM
gleb(gleb) used a hand_grenade 10-5-2020, 2:42:41 PM
gleb(gleb) used a hand_grenade 10-5-2020, 2:42:41 PM
gleb(gleb) used a hand_grenade 10-5-2020, 2:42:42 PM
gleb(gleb) used a hand_grenade 10-5-2020, 2:42:42 PM
gleb(gleb) used a hand_grenade 10-5-2020, 2:42:42 PM
gleb(gleb) used a hand_grenade 10-5-2020, 2:42:42 PM
gleb(gleb) used a hand_grenade 10-5-2020, 2:42:42 PM
gleb(gleb) used a hand_grenade 10-5-2020, 2:42:42 PM
gleb(gleb) used a hand_grenade 10-5-2020, 2:42:43 PM
gleb(gleb) used a hand_grenade 10-5-2020, 2:42:43 PM
gleb(gleb) used a hand_grenade 10-5-2020, 2:42:43 PM
gleb(gleb) used a hand_grenade 10-5-2020, 2:42:43 PM
gleb(gleb) used a hand_grenade 10-5-2020, 2:42:43 PM
gleb(gleb) used a hand_grenade 10-5-2020, 2:42:44 PM
gleb(gleb) used a hand_grenade 10-5-2020, 2:42:44 PM
gleb(gleb) used a hand_grenade 10-5-2020, 2:42:44 PM
gleb(gleb) used a hand_grenade 10-5-2020, 2:42:44 PM
gleb(gleb) used a hand_grenade 10-5-2020, 2:42:44 PM
gleb(gleb) used a hand_grenade 10-5-2020, 2:42:45 PM
gleb(gleb) used a hand_grenade 10-5-2020, 2:42:45 PM
gleb(gleb) used a hand_grenade 10-5-2020, 2:42:45 PM
gleb(gleb) used a hand_grenade 10-5-2020, 2:42:45 PM
gleb(gleb) used a hand_grenade 10-5-2020, 2:42:46 PM
gleb(gleb) used a hand_grenade 10-5-2020, 2:42:46 PM
gleb(gleb) used a hand_grenade 10-5-2020, 2:42:46 PM
gleb(gleb) used a hand_grenade 10-5-2020, 2:42:46 PM
gleb(gleb) used a hand_grenade 10-5-2020, 2:42:46 PM
gleb(gleb) used a hand_grenade 10-5-2020, 2:42:46 PM
gleb(gleb) used a hand_grenade 10-5-2020, 2:42:46 PM
gleb(gleb) used a hand_grenade 10-5-2020, 2:43:02 PM
gleb(gleb) used a hand_grenade 10-5-2020, 2:43:06 PM
gleb(gleb) used a hand_grenade 10-5-2020, 2:43:11 PM
gleb(gleb) used a hand_grenade 10-5-2020, 2:43:16 PM
gleb(gleb) used a hand_grenade 10-5-2020, 2:43:21 PM
gleb(gleb) used a hand_grenade 10-5-2020, 2:43:22 PM
gleb(gleb) used a hand_grenade 10-5-2020, 2:43:22 PM
gleb(gleb) used a hand_grenade 10-5-2020, 2:43:22 PM
gleb(gleb) used a hand_grenade 10-5-2020, 2:43:23 PM
gleb(gleb) used a hand_grenade 10-5-2020, 2:43:24 PM
gleb(gleb) used a hand_grenade 10-5-2020, 2:43:24 PM
gleb(gleb) used a hand_grenade 10-5-2020, 2:43:24 PM
gleb(gleb) used a hand_grenade 10-5-2020, 2:43:24 PM
gleb(gleb) used a hand_grenade 10-5-2020, 2:43:25 PM
gleb(gleb) used a hand_grenade 10-5-2020, 2:43:25 PM
gleb(gleb) used a hand_grenade 10-5-2020, 2:43:25 PM
gleb(gleb) used a hand_grenade 10-5-2020, 2:43:25 PM
gleb(gleb) used a hand_grenade 10-5-2020, 2:43:25 PM
gleb(gleb) used a hand_grenade 10-5-2020, 2:43:25 PM
gleb(gleb) used a hand_grenade 10-5-2020, 2:43:26 PM
gleb(gleb) used a hand_grenade 10-5-2020, 2:43:26 PM
gleb(gleb) used a hand_grenade 10-5-2020, 2:43:26 PM
gleb(gleb) used a hand_grenade 10-5-2020, 2:43:26 PM
gleb(gleb) used a hand_grenade 10-5-2020, 2:43:26 PM
gleb(gleb) used a hand_grenade 10-5-2020, 2:43:26 PM
gleb(gleb) used a hand_grenade 10-5-2020, 2:43:27 PM
gleb(gleb) used a hand_grenade 10-5-2020, 2:43:34 PM
gleb(gleb) used a hand_grenade 10-5-2020, 2:43:35 PM
gleb(gleb) used a hand_grenade 10-5-2020, 2:43:35 PM
gleb(gleb) used a hand_grenade 10-5-2020, 2:43:37 PM
gleb(gleb) used a hand_grenade 10-5-2020, 2:43:40 PM
gleb(gleb) used a hand_grenade 10-5-2020, 2:43:40 PM
gleb(gleb) used a hand_grenade 10-5-2020, 2:43:41 PM
gleb(gleb) used a hand_grenade 10-5-2020, 2:43:41 PM
gleb(gleb) used a hand_grenade 10-5-2020, 2:43:41 PM
gleb(gleb) used a hand_grenade 10-5-2020, 2:43:47 PM
gleb(gleb) used a hand_grenade 10-5-2020, 2:43:48 PM
gleb(gleb) used a hand_grenade 10-5-2020, 2:43:52 PM
gleb(gleb) used a hand_grenade 10-5-2020, 2:43:57 PM
gleb(gleb) used a hand_grenade 10-5-2020, 2:44:02 PM
gleb(gleb) used a hand_grenade 10-5-2020, 2:44:03 PM
gleb(gleb) used a hand_grenade 10-5-2020, 2:44:09 PM
gleb(gleb) used a hand_grenade 10-5-2020, 2:44:10 PM
gleb(gleb) used a hand_grenade 10-5-2020, 2:44:17 PM
gleb(gleb) used a tk_ultra_health_potion 10-5-2020, 2:45:01 PM
gleb(gleb) used a shield 10-5-2020, 2:45:06 PM
gleb(gleb) used a shield 10-5-2020, 2:45:06 PM
gleb(gleb) used a shield 10-5-2020, 2:45:12 PM
gleb(gleb) used a shield 10-5-2020, 2:45:13 PM
gleb(gleb) used a shield 10-5-2020, 2:45:15 PM
gleb(gleb) used a shield 10-5-2020, 2:45:16 PM
gleb(gleb) used a shield 10-5-2020, 2:45:16 PM
gleb(gleb) used a shield 10-5-2020, 2:45:16 PM
gleb(gleb) used a shield 10-5-2020, 2:45:17 PM
gleb(gleb) used a shield 10-5-2020, 2:45:17 PM
gleb(gleb) used a shield 10-5-2020, 2:45:17 PM
gleb(gleb) used a shield 10-5-2020, 2:45:17 PM
gleb(gleb) used a shield 10-5-2020, 2:45:17 PM
gleb(gleb) used a shield 10-5-2020, 2:45:18 PM
gleb(gleb) used a shield 10-5-2020, 2:45:18 PM
gleb(gleb) used a shield 10-5-2020, 2:45:18 PM
gleb(gleb) used a shield 10-5-2020, 2:45:18 PM
gleb(gleb) used a shield 10-5-2020, 2:45:19 PM
gleb(gleb) used a tk_ultra_health_potion 10-5-2020, 2:45:23 PM
gleb(gleb) used a tk_ultra_health_potion 10-5-2020, 2:45:26 PM
gleb(gleb) used a tk_ultra_health_potion 10-5-2020, 2:45:30 PM
gleb(gleb) used a tk_ultra_health_potion 10-5-2020, 2:45:30 PM
gleb(gleb) used a tk_ultra_health_potion 10-5-2020, 2:45:30 PM
gleb(gleb) used a tk_ultra_health_potion 10-5-2020, 2:45:34 PM
gleb(gleb) used a tk_ultra_health_potion 10-5-2020, 2:45:34 PM
gleb(gleb) used a hand_grenade 10-5-2020, 2:45:39 PM
gleb(gleb) used a hand_grenade 10-5-2020, 2:47:00 PM
gleb(gleb) used a hand_grenade 10-5-2020, 2:47:00 PM
gleb(gleb) used a hand_grenade 10-5-2020, 2:47:01 PM
gleb(gleb) used a hand_grenade 10-5-2020, 2:47:01 PM
gleb(gleb) used a hand_grenade 10-5-2020, 2:47:02 PM
gleb(gleb) used a hand_grenade 10-5-2020, 2:47:02 PM
gleb(gleb) used a hand_grenade 10-5-2020, 2:47:03 PM
gleb(gleb) used a hand_grenade 10-5-2020, 2:47:03 PM
gleb(gleb) used a hand_grenade 10-5-2020, 2:47:03 PM
gleb(gleb) used a hand_grenade 10-5-2020, 2:47:04 PM
gleb(gleb) used a hand_grenade 10-5-2020, 2:47:04 PM
gleb(gleb) used a hand_grenade 10-5-2020, 2:47:04 PM
gleb(gleb) used a hand_grenade 10-5-2020, 2:47:05 PM
gleb(gleb) used a hand_grenade 10-5-2020, 2:47:05 PM
gleb(gleb) used a hand_grenade 10-5-2020, 2:47:05 PM
gleb(gleb) used a hand_grenade 10-5-2020, 2:47:05 PM
gleb(gleb) used a hand_grenade 10-5-2020, 2:47:06 PM
gleb(gleb) used a hand_grenade 10-5-2020, 2:47:06 PM
gleb(gleb) used a hand_grenade 10-5-2020, 2:47:06 PM
gleb(gleb) used a hand_grenade 10-5-2020, 2:47:06 PM
gleb(gleb) used a hand_grenade 10-5-2020, 2:47:08 PM
gleb(gleb) used a hand_grenade 10-5-2020, 2:47:09 PM
gleb(gleb) used a hand_grenade 10-5-2020, 2:47:10 PM
gleb(gleb) used a hand_grenade 10-5-2020, 2:47:10 PM
gleb(gleb) used a hand_grenade 10-5-2020, 2:47:11 PM
gleb(gleb) used a hand_grenade 10-5-2020, 2:47:11 PM
gleb(gleb) used a hand_grenade 10-5-2020, 2:47:12 PM
gleb(gleb) used a hand_grenade 10-5-2020, 2:47:12 PM
gleb(gleb) used a hand_grenade 10-5-2020, 2:47:12 PM
gleb(gleb) used a hand_grenade 10-5-2020, 2:47:12 PM
gleb(gleb) used a hand_grenade 10-5-2020, 2:47:12 PM
gleb(gleb) used a hand_grenade 10-5-2020, 2:47:13 PM
gleb(gleb) used a hand_grenade 10-5-2020, 2:47:13 PM
gleb(gleb) used a hand_grenade 10-5-2020, 2:47:13 PM
gleb(gleb) used a hand_grenade 10-5-2020, 2:47:13 PM
gleb(gleb) used a hand_grenade 10-5-2020, 2:47:17 PM
gleb(gleb) used a stun_dart 10-5-2020, 2:48:01 PM
gleb(gleb) used a stun_dart 10-5-2020, 2:48:01 PM
gleb(gleb) used a stun_dart 10-5-2020, 2:48:03 PM
gleb(gleb) used a stun_dart 10-5-2020, 2:48:09 PM
gleb(gleb) used a stun_dart 10-5-2020, 2:48:13 PM
gleb(gleb) used a stun_dart 10-5-2020, 2:48:13 PM
gleb(gleb) used a stun_dart 10-5-2020, 2:48:18 PM
gleb(gleb) used a stun_dart 10-5-2020, 2:48:25 PM
gleb(gleb) used a stun_dart 10-5-2020, 2:48:26 PM
gleb(gleb) used a stun_dart 10-5-2020, 2:48:30 PM
gleb(gleb) used a stun_dart 10-5-2020, 2:48:30 PM
gleb(gleb) used a stun_dart 10-5-2020, 2:48:31 PM
gleb(gleb) used a stun_dart 10-5-2020, 2:48:58 PM
gleb(gleb) used a hand_grenade 10-5-2020, 2:49:42 PM
gleb(gleb) used a hand_grenade 10-5-2020, 2:49:43 PM
gleb(gleb) used a hand_grenade 10-5-2020, 2:50:11 PM
gleb(gleb) used a hand_grenade 10-5-2020, 2:52:34 PM
gleb(gleb) used a hand_grenade 10-5-2020, 2:52:35 PM
gleb(gleb) used a hand_grenade 10-5-2020, 2:52:35 PM
gleb(gleb) used a hand_grenade 10-5-2020, 2:54:45 PM
gleb(gleb) used a tk_ultra_health_potion 10-5-2020, 2:55:32 PM
gleb(gleb) used a tk_ultra_health_potion 10-5-2020, 2:55:32 PM
gleb(gleb) used a tk_ultra_health_potion 10-5-2020, 2:55:42 PM
gleb(gleb) used a shield 10-5-2020, 2:55:57 PM
gleb(gleb) used a shield 10-5-2020, 2:55:57 PM
gleb(gleb) used a shield 10-5-2020, 2:55:57 PM
gleb(gleb) used a shield 10-5-2020, 2:55:57 PM
gleb(gleb) used a shield 10-5-2020, 2:55:57 PM
gleb(gleb) used a shield 10-5-2020, 2:55:57 PM
gleb(gleb) used a shield 10-5-2020, 2:55:58 PM
gleb(gleb) used a shield 10-5-2020, 2:55:58 PM
gleb(gleb) used a shield 10-5-2020, 2:55:58 PM
gleb(gleb) used a shield 10-5-2020, 2:55:58 PM
gleb(gleb) used a shield 10-5-2020, 2:55:58 PM
gleb(gleb) used a shield 10-5-2020, 2:55:58 PM
gleb(gleb) used a shield 10-5-2020, 2:55:59 PM
gleb(gleb) used a shield 10-5-2020, 2:55:59 PM
gleb(gleb) used a shield 10-5-2020, 2:55:59 PM
gleb(gleb) used a shield 10-5-2020, 2:55:59 PM
gleb(gleb) used a shield 10-5-2020, 2:55:59 PM
gleb(gleb) used a shield 10-5-2020, 2:56:00 PM
gleb(gleb) used a shield 10-5-2020, 2:56:00 PM
gleb(gleb) used a shield 10-5-2020, 2:56:00 PM
gleb(gleb) used a shield 10-5-2020, 2:56:00 PM
gleb(gleb) used a shield 10-5-2020, 2:56:00 PM
gleb(gleb) used a shield 10-5-2020, 2:56:00 PM
gleb(gleb) used a shield 10-5-2020, 2:56:01 PM
gleb(gleb) used a shield 10-5-2020, 2:56:01 PM
gleb(gleb) used a shield 10-5-2020, 2:56:01 PM
gleb(gleb) used a shield 10-5-2020, 2:56:02 PM
gleb(gleb) used a tk_ultra_health_potion 10-5-2020, 2:56:05 PM
gleb(gleb) used a hand_grenade 10-5-2020, 2:56:09 PM
gleb(gleb) used a hand_grenade 10-5-2020, 2:56:32 PM
gleb(gleb) used a hand_grenade 10-5-2020, 2:56:33 PM
gleb(gleb) used a hand_grenade 10-5-2020, 2:56:33 PM
gleb(gleb) used a hand_grenade 10-5-2020, 2:56:33 PM
gleb(gleb) used a hand_grenade 10-5-2020, 2:56:33 PM
gleb(gleb) used a hand_grenade 10-5-2020, 2:56:33 PM
gleb(gleb) used a hand_grenade 10-5-2020, 2:56:33 PM
gleb(gleb) used a hand_grenade 10-5-2020, 2:56:34 PM
gleb(gleb) used a hand_grenade 10-5-2020, 2:56:34 PM
gleb(gleb) used a hand_grenade 10-5-2020, 2:56:34 PM
gleb(gleb) used a hand_grenade 10-5-2020, 2:56:34 PM
gleb(gleb) used a hand_grenade 10-5-2020, 2:56:34 PM
gleb(gleb) used a hand_grenade 10-5-2020, 2:56:34 PM
gleb(gleb) used a hand_grenade 10-5-2020, 2:56:35 PM
gleb(gleb) used a hand_grenade 10-5-2020, 2:56:35 PM
gleb(gleb) used a hand_grenade 10-5-2020, 2:56:35 PM
gleb(gleb) used a hand_grenade 10-5-2020, 2:56:35 PM
gleb(gleb) used a hand_grenade 10-5-2020, 2:56:35 PM
gleb(gleb) used a hand_grenade 10-5-2020, 2:56:36 PM
gleb(gleb) used a hand_grenade 10-5-2020, 2:56:36 PM
gleb(gleb) used a hand_grenade 10-5-2020, 2:56:36 PM
gleb(gleb) used a hand_grenade 10-5-2020, 2:56:36 PM
gleb(gleb) used a hand_grenade 10-5-2020, 2:56:36 PM
gleb(gleb) used a hand_grenade 10-5-2020, 2:56:36 PM
gleb(gleb) used a hand_grenade 10-5-2020, 2:56:37 PM
gleb(gleb) used a hand_grenade 10-5-2020, 2:56:37 PM
gleb(gleb) used a hand_grenade 10-5-2020, 2:56:37 PM
gleb(gleb) used a hand_grenade 10-5-2020, 2:56:37 PM
gleb(gleb) used a hand_grenade 10-5-2020, 2:56:37 PM
gleb(gleb) used a hand_grenade 10-5-2020, 2:56:37 PM
gleb(gleb) used a hand_grenade 10-5-2020, 2:56:37 PM
gleb(gleb) used a hand_grenade 10-5-2020, 2:56:38 PM
gleb(gleb) used a hand_grenade 10-5-2020, 2:56:39 PM
gleb(gleb) used a hand_grenade 10-5-2020, 2:56:40 PM
gleb(gleb) used a hand_grenade 10-5-2020, 2:56:40 PM
gleb(gleb) used a hand_grenade 10-5-2020, 2:56:40 PM
gleb(gleb) used a hand_grenade 10-5-2020, 2:56:40 PM
gleb(gleb) used a hand_grenade 10-5-2020, 2:56:40 PM
gleb(gleb) used a hand_grenade 10-5-2020, 2:56:41 PM
gleb(gleb) used a hand_grenade 10-5-2020, 2:56:41 PM
gleb(gleb) used a hand_grenade 10-5-2020, 2:56:41 PM
gleb(gleb) used a hand_grenade 10-5-2020, 2:56:43 PM
gleb(gleb) used a hand_grenade 10-5-2020, 2:56:43 PM
gleb(gleb) used a hand_grenade 10-5-2020, 2:56:44 PM
gleb(gleb) used a hand_grenade 10-5-2020, 2:56:45 PM
gleb(gleb) used a hand_grenade 10-5-2020, 2:56:47 PM
gleb(gleb) used a hand_grenade 10-5-2020, 2:56:47 PM
gleb(gleb) used a hand_grenade 10-5-2020, 2:56:47 PM
gleb(gleb) used a hand_grenade 10-5-2020, 2:56:47 PM
gleb(gleb) used a hand_grenade 10-5-2020, 2:56:47 PM
gleb(gleb) used a hand_grenade 10-5-2020, 2:56:47 PM
gleb(gleb) used a hand_grenade 10-5-2020, 2:56:47 PM
gleb(gleb) used a hand_grenade 10-5-2020, 2:56:48 PM
gleb(gleb) used a hand_grenade 10-5-2020, 2:56:48 PM
gleb(gleb) used a hand_grenade 10-5-2020, 2:56:48 PM
gleb(gleb) used a hand_grenade 10-5-2020, 2:56:49 PM
gleb(gleb) used a hand_grenade 10-5-2020, 2:56:49 PM
gleb(gleb) used a hand_grenade 10-5-2020, 2:56:50 PM
gleb(gleb) used a hand_grenade 10-5-2020, 2:56:50 PM
gleb(gleb) used a hand_grenade 10-5-2020, 2:56:50 PM
gleb(gleb) used a hand_grenade 10-5-2020, 2:56:50 PM
gleb(gleb) used a hand_grenade 10-5-2020, 2:56:50 PM
gleb(gleb) used a hand_grenade 10-5-2020, 2:56:50 PM
gleb(gleb) used a hand_grenade 10-5-2020, 2:56:50 PM
gleb(gleb) used a hand_grenade 10-5-2020, 2:56:51 PM
gleb(gleb) used a hand_grenade 10-5-2020, 2:56:51 PM
gleb(gleb) used a hand_grenade 10-5-2020, 2:56:51 PM
gleb(gleb) used a hand_grenade 10-5-2020, 2:56:51 PM
gleb(gleb) used a hand_grenade 10-5-2020, 2:56:51 PM
gleb(gleb) used a hand_grenade 10-5-2020, 2:56:51 PM
gleb(gleb) used a hand_grenade 10-5-2020, 2:56:52 PM
gleb(gleb) used a hand_grenade 10-5-2020, 2:56:52 PM
gleb(gleb) used a hand_grenade 10-5-2020, 2:56:52 PM
gleb(gleb) used a hand_grenade 10-5-2020, 2:56:59 PM
gleb(gleb) used a hand_grenade 10-5-2020, 2:56:59 PM
gleb(gleb) used a hand_grenade 10-5-2020, 2:56:59 PM
gleb(gleb) used a hand_grenade 10-5-2020, 2:57:00 PM
gleb(gleb) used a hand_grenade 10-5-2020, 2:57:00 PM
gleb(gleb) used a hand_grenade 10-5-2020, 2:57:00 PM
gleb(gleb) used a hand_grenade 10-5-2020, 2:57:00 PM
gleb(gleb) used a hand_grenade 10-5-2020, 2:57:00 PM
gleb(gleb) used a hand_grenade 10-5-2020, 2:57:00 PM
gleb(gleb) used a hand_grenade 10-5-2020, 2:57:00 PM
gleb(gleb) used a hand_grenade 10-5-2020, 2:57:01 PM
gleb(gleb) used a hand_grenade 10-5-2020, 2:57:01 PM
gleb(gleb) used a hand_grenade 10-5-2020, 2:57:01 PM
gleb(gleb) used a hand_grenade 10-5-2020, 2:57:01 PM
gleb(gleb) used a hand_grenade 10-5-2020, 2:57:01 PM
gleb(gleb) used a hand_grenade 10-5-2020, 2:57:01 PM
gleb(gleb) used a hand_grenade 10-5-2020, 2:57:02 PM
gleb(gleb) used a stun_grenade 10-5-2020, 2:57:18 PM
gleb(gleb) used a shield 10-5-2020, 2:57:41 PM
gleb(gleb) used a shield 10-5-2020, 2:57:41 PM
gleb(gleb) used a shield 10-5-2020, 2:57:41 PM
gleb(gleb) used a shield 10-5-2020, 2:57:41 PM
gleb(gleb) used a shield 10-5-2020, 2:57:41 PM
gleb(gleb) used a shield 10-5-2020, 2:57:41 PM
gleb(gleb) used a shield 10-5-2020, 2:57:42 PM
gleb(gleb) used a shield 10-5-2020, 2:57:42 PM
gleb(gleb) used a shield 10-5-2020, 2:57:42 PM
gleb(gleb) used a shield 10-5-2020, 2:57:42 PM
gleb(gleb) used a shield 10-5-2020, 2:57:42 PM
gleb(gleb) used a shield 10-5-2020, 2:57:42 PM
gleb(gleb) used a shield 10-5-2020, 2:57:43 PM
gleb(gleb) used a shield 10-5-2020, 2:57:43 PM
gleb(gleb) used a shield 10-5-2020, 2:57:43 PM
gleb(gleb) used a shield 10-5-2020, 2:57:43 PM
gleb(gleb) used a tk_ultra_health_potion 10-5-2020, 2:57:47 PM
gleb(gleb) used a tk_ultra_health_potion 10-5-2020, 2:58:04 PM
gleb(gleb) used a tk_ultra_health_potion 10-5-2020, 2:58:09 PM
gleb(gleb) used a tk_ultra_health_potion 10-5-2020, 2:58:11 PM
gleb(gleb) used a tk_ultra_health_potion 10-5-2020, 2:58:11 PM
gleb(gleb) used a tk_ultra_health_potion 10-5-2020, 2:58:16 PM
gleb(gleb) used a tk_ultra_health_potion 10-5-2020, 2:58:16 PM
gleb(gleb) used a tk_ultra_health_potion 10-5-2020, 2:58:17 PM
gleb(gleb) used a tk_ultra_health_potion 10-5-2020, 2:58:17 PM
gleb(gleb) used a tk_ultra_health_potion 10-5-2020, 2:58:18 PM
gleb(gleb) used a tk_ultra_health_potion 10-5-2020, 2:58:18 PM
gleb(gleb) used a hand_grenade 10-5-2020, 2:58:25 PM
gleb(gleb) used a shield 10-5-2020, 3:00:58 PM
gleb(gleb) used a shield 10-5-2020, 3:00:58 PM
gleb(gleb) used a shield 10-5-2020, 3:00:59 PM
gleb(gleb) used a shield 10-5-2020, 3:00:59 PM
gleb(gleb) used a shield 10-5-2020, 3:00:59 PM
gleb(gleb) used a shield 10-5-2020, 3:00:59 PM
gleb(gleb) used a shield 10-5-2020, 3:00:59 PM
gleb(gleb) used a shield 10-5-2020, 3:00:59 PM
gleb(gleb) used a shield 10-5-2020, 3:01:00 PM
gleb(gleb) used a shield 10-5-2020, 3:01:00 PM
gleb(gleb) used a shield 10-5-2020, 3:01:00 PM
gleb(gleb) used a shield 10-5-2020, 3:01:00 PM
gleb(gleb) used a shield 10-5-2020, 3:01:00 PM
gleb(gleb) used a shield 10-5-2020, 3:01:00 PM
gleb(gleb) used a shield 10-5-2020, 3:01:01 PM
gleb(gleb) used a shield 10-5-2020, 3:01:01 PM
gleb(gleb) used a shield 10-5-2020, 3:01:01 PM
gleb(gleb) used a shield 10-5-2020, 3:01:01 PM
gleb(gleb) used a shield 10-5-2020, 3:01:01 PM
gleb(gleb) used a shield 10-5-2020, 3:01:01 PM
gleb(gleb) used a shield 10-5-2020, 3:01:02 PM
gleb(gleb) used a shield 10-5-2020, 3:01:02 PM
gleb(gleb) used a shield 10-5-2020, 3:01:02 PM
gleb(gleb) used a shield 10-5-2020, 3:01:02 PM
gleb(gleb) used a shield 10-5-2020, 3:01:02 PM
gleb(gleb) used a shield 10-5-2020, 3:01:02 PM
gleb(gleb) used a shield 10-5-2020, 3:01:03 PM
gleb(gleb) used a shield 10-5-2020, 3:01:03 PM
gleb(gleb) used a shield 10-5-2020, 3:01:03 PM
gleb(gleb) used a tk_ultra_health_potion 10-5-2020, 3:01:12 PM
gleb(gleb) used a tk_ultra_health_potion 10-5-2020, 3:01:36 PM
gleb(gleb) used a tk_ultra_health_potion 10-5-2020, 3:01:39 PM
gleb(gleb) used a tk_ultra_health_potion 10-5-2020, 3:01:41 PM
gleb(gleb) used a tk_ultra_health_potion 10-5-2020, 3:01:41 PM
gleb(gleb) used a tk_ultra_health_potion 10-5-2020, 3:01:42 PM
gleb(gleb) used a tk_ultra_health_potion 10-5-2020, 3:01:42 PM
gleb(gleb) used a tk_ultra_health_potion 10-5-2020, 3:01:42 PM
gleb(gleb) used a tk_ultra_health_potion 10-5-2020, 3:01:43 PM
gleb(gleb) used a hand_grenade 10-5-2020, 3:01:46 PM
gleb(gleb) used a hand_grenade 10-5-2020, 3:02:19 PM
gleb(gleb) used a hand_grenade 10-5-2020, 3:02:19 PM
gleb(gleb) used a hand_grenade 10-5-2020, 3:02:19 PM
gleb(gleb) used a tank 10-5-2020, 3:02:39 PM
gleb(gleb) used a hand_grenade 10-5-2020, 3:03:08 PM
gleb(gleb) used a hand_grenade 10-5-2020, 3:03:08 PM
gleb(gleb) used a hand_grenade 10-5-2020, 3:03:09 PM
gleb(gleb) used a hand_grenade 10-5-2020, 3:03:09 PM
gleb(gleb) used a hand_grenade 10-5-2020, 3:03:09 PM
gleb(gleb) used a hand_grenade 10-5-2020, 3:03:09 PM
gleb(gleb) used a hand_grenade 10-5-2020, 3:03:10 PM
gleb(gleb) used a hand_grenade 10-5-2020, 3:03:10 PM
gleb(gleb) used a hand_grenade 10-5-2020, 3:03:10 PM
gleb(gleb) used a hand_grenade 10-5-2020, 3:03:10 PM
gleb(gleb) used a hand_grenade 10-5-2020, 3:03:10 PM
gleb(gleb) used a hand_grenade 10-5-2020, 3:03:11 PM
gleb(gleb) used a hand_grenade 10-5-2020, 3:03:12 PM
gleb(gleb) used a hand_grenade 10-5-2020, 3:03:12 PM
gleb(gleb) used a hand_grenade 10-5-2020, 3:03:12 PM
gleb(gleb) used a hand_grenade 10-5-2020, 3:03:12 PM
gleb(gleb) used a hand_grenade 10-5-2020, 3:03:12 PM
gleb(gleb) used a hand_grenade 10-5-2020, 3:03:12 PM
gleb(gleb) used a hand_grenade 10-5-2020, 3:03:32 PM
gleb(gleb) used a hand_grenade 10-5-2020, 3:03:33 PM
gleb(gleb) used a hand_grenade 10-5-2020, 3:03:33 PM
gleb(gleb) used a hand_grenade 10-5-2020, 3:03:52 PM
gleb(gleb) used a hand_grenade 10-5-2020, 3:03:52 PM
gleb(gleb) used a hand_grenade 10-5-2020, 3:03:52 PM
gleb(gleb) used a hand_grenade 10-5-2020, 3:03:52 PM
gleb(gleb) used a hand_grenade 10-5-2020, 3:03:52 PM
gleb(gleb) used a hand_grenade 10-5-2020, 3:03:52 PM
gleb(gleb) used a hand_grenade 10-5-2020, 3:03:53 PM
gleb(gleb) used a hand_grenade 10-5-2020, 3:03:53 PM
gleb(gleb) used a hand_grenade 10-5-2020, 3:03:53 PM
gleb(gleb) used a hand_grenade 10-5-2020, 3:03:53 PM
gleb(gleb) used a hand_grenade 10-5-2020, 3:03:53 PM
gleb(gleb) used a hand_grenade 10-5-2020, 3:03:53 PM
gleb(gleb) used a hand_grenade 10-5-2020, 3:03:53 PM
gleb(gleb) used a hand_grenade 10-5-2020, 3:03:54 PM
gleb(gleb) used a hand_grenade 10-5-2020, 3:03:54 PM
gleb(gleb) used a hand_grenade 10-5-2020, 3:03:54 PM
gleb(gleb) used a hand_grenade 10-5-2020, 3:03:54 PM
gleb(gleb) used a hand_grenade 10-5-2020, 3:03:54 PM
gleb(gleb) used a hand_grenade 10-5-2020, 3:03:55 PM
gleb(gleb) used a hand_grenade 10-5-2020, 3:03:55 PM
gleb(gleb) used a hand_grenade 10-5-2020, 3:03:55 PM
gleb(gleb) used a hand_grenade 10-5-2020, 3:03:55 PM
gleb(gleb) used a hand_grenade 10-5-2020, 3:03:56 PM
gleb(gleb) used a hand_grenade 10-5-2020, 3:03:56 PM
gleb(gleb) used a hand_grenade 10-5-2020, 3:04:10 PM
gleb(gleb) used a hand_grenade 10-5-2020, 3:06:33 PM
gleb(gleb) used a hand_grenade 10-5-2020, 3:06:33 PM
gleb(gleb) used a hand_grenade 10-5-2020, 3:06:33 PM
gleb(gleb) used a hand_grenade 10-5-2020, 3:06:33 PM
gleb(gleb) used a hand_grenade 10-5-2020, 3:06:33 PM
gleb(gleb) used a hand_grenade 10-5-2020, 3:06:33 PM
gleb(gleb) used a hand_grenade 10-5-2020, 3:06:34 PM
gleb(gleb) used a hand_grenade 10-5-2020, 3:06:34 PM
gleb(gleb) used a hand_grenade 10-5-2020, 3:06:34 PM
gleb(gleb) used a hand_grenade 10-5-2020, 3:06:34 PM
gleb(gleb) used a shield 10-5-2020, 3:06:55 PM
gleb(gleb) used a shield 10-5-2020, 3:06:55 PM
gleb(gleb) used a shield 10-5-2020, 3:06:56 PM
gleb(gleb) used a shield 10-5-2020, 3:06:56 PM
gleb(gleb) used a tk_ultra_health_potion 10-5-2020, 3:07:09 PM
gleb(gleb) used a hand_grenade 10-5-2020, 3:07:16 PM
gleb(gleb) used a hand_grenade 10-5-2020, 3:07:21 PM
gleb(gleb) used a tank 10-5-2020, 3:07:55 PM
gleb(gleb) used a tank 10-5-2020, 3:08:15 PM
gleb(gleb) used a tank 10-5-2020, 3:08:16 PM
gleb(gleb) used a tank 10-5-2020, 3:08:16 PM
gleb(gleb) used a tank 10-5-2020, 3:08:16 PM
gleb(gleb) used a shield 10-5-2020, 3:08:37 PM
gleb(gleb) used a shield 10-5-2020, 3:08:37 PM
gleb(gleb) used a shield 10-5-2020, 3:08:37 PM
gleb(gleb) used a shield 10-5-2020, 3:08:37 PM
gleb(gleb) used a shield 10-5-2020, 3:08:37 PM
gleb(gleb) used a shield 10-5-2020, 3:08:38 PM
gleb(gleb) used a shield 10-5-2020, 3:08:38 PM
gleb(gleb) used a shield 10-5-2020, 3:08:38 PM
gleb(gleb) used a shield 10-5-2020, 3:08:38 PM
gleb(gleb) used a shield 10-5-2020, 3:08:38 PM
gleb(gleb) used a shield 10-5-2020, 3:08:38 PM
gleb(gleb) used a shield 10-5-2020, 3:08:38 PM
gleb(gleb) used a shield 10-5-2020, 3:08:39 PM
gleb(gleb) used a shield 10-5-2020, 3:08:39 PM
gleb(gleb) used a shield 10-5-2020, 3:08:39 PM
gleb(gleb) used a shield 10-5-2020, 3:08:39 PM
gleb(gleb) used a shield 10-5-2020, 3:08:39 PM
gleb(gleb) used a shield 10-5-2020, 3:08:39 PM
gleb(gleb) used a shield 10-5-2020, 3:08:40 PM
gleb(gleb) used a shield 10-5-2020, 3:08:40 PM
gleb(gleb) used a shield 10-5-2020, 3:08:40 PM
gleb(gleb) used a shield 10-5-2020, 3:08:40 PM
gleb(gleb) used a shield 10-5-2020, 3:08:40 PM
gleb(gleb) used a shield 10-5-2020, 3:08:41 PM
gleb(gleb) used a shield 10-5-2020, 3:08:41 PM
gleb(gleb) used a shield 10-5-2020, 3:08:41 PM
gleb(gleb) used a shield 10-5-2020, 3:08:41 PM
gleb(gleb) used a shield 10-5-2020, 3:08:41 PM
gleb(gleb) used a shield 10-5-2020, 3:08:42 PM
gleb(gleb) used a shield 10-5-2020, 3:08:42 PM
gleb(gleb) used a shield 10-5-2020, 3:08:42 PM
gleb(gleb) used a tk_ultra_health_potion 10-5-2020, 3:08:46 PM
gleb(gleb) used a hand_grenade 10-5-2020, 3:08:52 PM
gleb(gleb) used a hand_grenade 10-5-2020, 3:10:03 PM
gleb(gleb) used a hand_grenade 10-5-2020, 3:10:03 PM
gleb(gleb) used a hand_grenade 10-5-2020, 3:10:03 PM
gleb(gleb) used a hand_grenade 10-5-2020, 3:10:03 PM
gleb(gleb) used a hand_grenade 10-5-2020, 3:10:04 PM
gleb(gleb) used a hand_grenade 10-5-2020, 3:10:04 PM
gleb(gleb) used a hand_grenade 10-5-2020, 3:10:04 PM
gleb(gleb) used a hand_grenade 10-5-2020, 3:10:04 PM
gleb(gleb) used a hand_grenade 10-5-2020, 3:10:26 PM
gleb(gleb) used a hand_grenade 10-5-2020, 3:10:27 PM
gleb(gleb) used a hand_grenade 10-5-2020, 3:10:57 PM
gleb(gleb) used a hand_grenade 10-5-2020, 3:11:04 PM
gleb(gleb) used a hand_grenade 10-5-2020, 3:11:30 PM
gleb(gleb) used a hand_grenade 10-5-2020, 3:12:29 PM
gleb(gleb) used a hand_grenade 10-5-2020, 3:12:29 PM
gleb(gleb) used a hand_grenade 10-5-2020, 3:13:29 PM
gleb(gleb) used a grenade 10-5-2020, 3:14:32 PM
gleb(gleb) used a grenade 10-5-2020, 3:14:32 PM
gleb(gleb) used a grenade 10-5-2020, 3:14:32 PM
gleb(gleb) used a grenade 10-5-2020, 3:14:32 PM
gleb(gleb) used a grenade 10-5-2020, 3:14:33 PM
gleb(gleb) used a grenade 10-5-2020, 3:14:33 PM
gleb(gleb) used a grenade 10-5-2020, 3:14:33 PM
gleb(gleb) used a grenade 10-5-2020, 3:14:33 PM
gleb(gleb) used a grenade 10-5-2020, 3:14:33 PM
gleb(gleb) used a grenade 10-5-2020, 3:14:33 PM
gleb(gleb) used a grenade 10-5-2020, 3:14:34 PM
gleb(gleb) used a grenade 10-5-2020, 3:14:34 PM
gleb(gleb) used a grenade 10-5-2020, 3:14:34 PM
gleb(gleb) used a grenade 10-5-2020, 3:14:34 PM
gleb(gleb) used a grenade 10-5-2020, 3:14:34 PM
gleb(gleb) used a grenade 10-5-2020, 3:14:34 PM
gleb(gleb) used a grenade 10-5-2020, 3:14:35 PM
gleb(gleb) used a grenade 10-5-2020, 3:14:35 PM
gleb(gleb) used a grenade 10-5-2020, 3:14:35 PM
gleb(gleb) used a grenade 10-5-2020, 3:14:35 PM
gleb(gleb) used a grenade 10-5-2020, 3:14:36 PM
gleb(gleb) used a grenade 10-5-2020, 3:14:36 PM
gleb(gleb) used a grenade 10-5-2020, 3:14:36 PM
gleb(gleb) used a grenade 10-5-2020, 3:14:36 PM
gleb(gleb) used a grenade 10-5-2020, 3:14:36 PM
gleb(gleb) used a grenade 10-5-2020, 3:14:36 PM
gleb(gleb) used a grenade 10-5-2020, 3:14:37 PM
gleb(gleb) used a grenade 10-5-2020, 3:14:37 PM
gleb(gleb) used a grenade 10-5-2020, 3:14:37 PM
gleb(gleb) used a grenade 10-5-2020, 3:14:37 PM
gleb(gleb) used a grenade 10-5-2020, 3:14:38 PM
gleb(gleb) used a grenade 10-5-2020, 3:14:38 PM
gleb(gleb) used a grenade 10-5-2020, 3:14:38 PM
gleb(gleb) used a grenade 10-5-2020, 3:14:38 PM
gleb(gleb) used a grenade 10-5-2020, 3:14:38 PM
gleb(gleb) used a grenade 10-5-2020, 3:14:38 PM
gleb(gleb) used a grenade 10-5-2020, 3:14:39 PM
gleb(gleb) used a grenade 10-5-2020, 3:14:39 PM
gleb(gleb) used a grenade 10-5-2020, 3:14:39 PM
gleb(gleb) used a grenade 10-5-2020, 3:14:40 PM
gleb(gleb) used a grenade 10-5-2020, 3:14:40 PM
gleb(gleb) used a grenade 10-5-2020, 3:14:41 PM
gleb(gleb) used a grenade 10-5-2020, 3:14:41 PM
gleb(gleb) used a grenade 10-5-2020, 3:14:41 PM
gleb(gleb) used a grenade 10-5-2020, 3:14:41 PM
gleb(gleb) used a grenade 10-5-2020, 3:14:42 PM
gleb(gleb) used a grenade 10-5-2020, 3:14:42 PM
gleb(gleb) used a grenade 10-5-2020, 3:14:42 PM
gleb(gleb) used a grenade 10-5-2020, 3:14:42 PM
gleb(gleb) used a grenade 10-5-2020, 3:14:42 PM
gleb(gleb) used a grenade 10-5-2020, 3:14:43 PM
gleb(gleb) used a grenade 10-5-2020, 3:14:43 PM
gleb(gleb) used a grenade 10-5-2020, 3:14:43 PM
gleb(gleb) used a grenade 10-5-2020, 3:14:43 PM
gleb(gleb) used a grenade 10-5-2020, 3:14:46 PM
gleb(gleb) used a grenade 10-5-2020, 3:14:47 PM
gleb(gleb) used a grenade 10-5-2020, 3:14:48 PM
gleb(gleb) used a grenade 10-5-2020, 3:14:49 PM
gleb(gleb) used a grenade 10-5-2020, 3:14:49 PM
gleb(gleb) used a grenade 10-5-2020, 3:14:50 PM
gleb(gleb) used a grenade 10-5-2020, 3:14:50 PM
gleb(gleb) used a grenade 10-5-2020, 3:14:50 PM
gleb(gleb) used a grenade 10-5-2020, 3:14:50 PM
gleb(gleb) used a grenade 10-5-2020, 3:14:51 PM
gleb(gleb) used a grenade 10-5-2020, 3:14:51 PM
gleb(gleb) used a grenade 10-5-2020, 3:14:51 PM
gleb(gleb) used a grenade 10-5-2020, 3:14:51 PM
gleb(gleb) used a grenade 10-5-2020, 3:14:51 PM
gleb(gleb) used a grenade 10-5-2020, 3:14:52 PM
gleb(gleb) used a grenade 10-5-2020, 3:14:52 PM
gleb(gleb) used a grenade 10-5-2020, 3:14:53 PM
gleb(gleb) used a grenade 10-5-2020, 3:14:55 PM
gleb(gleb) used a grenade 10-5-2020, 3:14:55 PM
gleb(gleb) used a grenade 10-5-2020, 3:14:56 PM
gleb(gleb) used a grenade 10-5-2020, 3:14:56 PM
gleb(gleb) used a grenade 10-5-2020, 3:14:56 PM
gleb(gleb) used a grenade 10-5-2020, 3:14:56 PM
gleb(gleb) used a grenade 10-5-2020, 3:14:56 PM
gleb(gleb) used a grenade 10-5-2020, 3:14:57 PM
gleb(gleb) used a grenade 10-5-2020, 3:14:57 PM
gleb(gleb) used a grenade 10-5-2020, 3:14:57 PM
gleb(gleb) used a grenade 10-5-2020, 3:14:57 PM
gleb(gleb) used a grenade 10-5-2020, 3:14:57 PM
gleb(gleb) used a grenade 10-5-2020, 3:14:58 PM
gleb(gleb) used a grenade 10-5-2020, 3:14:58 PM
gleb(gleb) used a grenade 10-5-2020, 3:14:58 PM
gleb(gleb) used a grenade 10-5-2020, 3:14:58 PM
gleb(gleb) used a grenade 10-5-2020, 3:14:58 PM
gleb(gleb) used a grenade 10-5-2020, 3:14:58 PM
gleb(gleb) used a grenade 10-5-2020, 3:14:59 PM
gleb(gleb) used a grenade 10-5-2020, 3:14:59 PM
gleb(gleb) used a grenade 10-5-2020, 3:14:59 PM
gleb(gleb) used a grenade 10-5-2020, 3:15:07 PM
gleb(gleb) used a grenade 10-5-2020, 3:15:08 PM
gleb(gleb) used a carrier_missile 10-5-2020, 3:15:25 PM
gleb(gleb) used a carrier_missile 10-5-2020, 3:16:11 PM
gleb(gleb) used a carrier_missile 10-5-2020, 3:16:34 PM
gleb(gleb) used a modern_sub_machine_gun_carbine 10-5-2020, 6:05:31 PM
gleb(gleb) used a stp106_long_barreled_pistol 10-5-2020, 6:05:39 PM
gleb(gleb) used a shotgun 10-5-2020, 6:07:09 PM
gleb(gleb) used a awp 10-5-2020, 6:07:14 PM
gleb(gleb) used a tk_ultra_health_potion 10-5-2020, 6:07:33 PM
gleb(gleb) used a rpg7 10-5-2020, 6:07:38 PM
gleb(gleb) used a cannon 10-5-2020, 6:07:44 PM
gleb(gleb) used a rocket_launcher 10-5-2020, 6:07:54 PM
gleb(gleb) used a hand_cannon 10-5-2020, 6:08:00 PM
gleb(gleb) used a shield 10-5-2020, 6:09:50 PM
gleb(gleb) used a shield 10-5-2020, 6:09:50 PM
gleb(gleb) used a shield 10-5-2020, 6:09:50 PM
gleb(gleb) used a shield 10-5-2020, 6:09:50 PM
gleb(gleb) used a shield 10-5-2020, 6:09:50 PM
gleb(gleb) used a shield 10-5-2020, 6:09:50 PM
gleb(gleb) used a shield 10-5-2020, 6:09:51 PM
gleb(gleb) used a shield 10-5-2020, 6:09:51 PM
gleb(gleb) used a shield 10-5-2020, 6:09:51 PM
gleb(gleb) used a shield 10-5-2020, 6:09:51 PM
gleb(gleb) used a shield 10-5-2020, 6:09:51 PM
gleb(gleb) used a shield 10-5-2020, 6:09:52 PM
gleb(gleb) used a shield 10-5-2020, 6:09:52 PM
gleb(gleb) used a shield 10-5-2020, 6:09:52 PM
gleb(gleb) used a shield 10-5-2020, 6:09:52 PM
gleb(gleb) used a shield 10-5-2020, 6:09:52 PM
gleb(gleb) used a shield 10-5-2020, 6:09:52 PM
gleb(gleb) used a shield 10-5-2020, 6:09:53 PM
gleb(gleb) used a shield 10-5-2020, 6:09:53 PM
gleb(gleb) used a shield 10-5-2020, 6:09:53 PM
gleb(gleb) used a shield 10-5-2020, 6:09:53 PM
gleb(gleb) used a shield 10-5-2020, 6:09:53 PM
gleb(gleb) used a shield 10-5-2020, 6:09:54 PM
gleb(gleb) used a shield 10-5-2020, 6:09:54 PM
gleb(gleb) used a shield 10-5-2020, 6:09:54 PM
gleb(gleb) used a shield 10-5-2020, 6:09:54 PM
gleb(gleb) used a shield 10-5-2020, 6:09:55 PM
gleb(gleb) used a shield 10-5-2020, 6:09:56 PM
gleb(gleb) used a shield 10-5-2020, 6:09:57 PM
gleb(gleb) used a tk_ultra_health_potion 10-5-2020, 6:10:05 PM
gleb(gleb) used a hand_grenade 10-5-2020, 6:10:42 PM
gleb(gleb) used a armored_tank 10-5-2020, 6:11:58 PM
gleb(gleb) used a gas_mask 10-5-2020, 6:14:40 PM
gleb(gleb) used a armored_tank 10-5-2020, 6:18:52 PM
gleb(gleb) used a tk_ultra_health_potion 10-5-2020, 6:20:08 PM
gleb(gleb) used a modern_sub_machine_gun_carbine 10-5-2020, 6:20:19 PM
gleb(gleb) used a stp106_long_barreled_pistol 10-5-2020, 6:20:23 PM
gleb(gleb) used a shotgun 10-5-2020, 6:20:28 PM
gleb(gleb) used a awp 10-5-2020, 6:20:34 PM
gleb(gleb) used a rpg7 10-5-2020, 6:20:45 PM
gleb(gleb) used a rpg7 10-5-2020, 6:20:47 PM
gleb(gleb) used a cannon 10-5-2020, 6:20:53 PM
gleb(gleb) used a rocket_launcher 10-5-2020, 6:21:02 PM
gleb(gleb) used a hand_cannon 10-5-2020, 6:21:07 PM
gleb(gleb) used a tk_ultra_health_potion 10-5-2020, 6:21:16 PM
gleb(gleb) used a hand_grenade 10-5-2020, 6:21:26 PM
gleb(gleb) used a concussive_grenade 10-5-2020, 6:24:27 PM
gleb(gleb) used a concussive_grenade 10-5-2020, 6:24:28 PM
gleb(gleb) used a concussive_grenade 10-5-2020, 6:24:33 PM
gleb(gleb) used a concussive_grenade 10-5-2020, 6:24:34 PM
gleb(gleb) used a concussive_grenade 10-5-2020, 6:24:37 PM
gleb(gleb) used a hand_grenade 10-5-2020, 6:24:46 PM
gleb(gleb) used a concussive_grenade 10-5-2020, 6:26:19 PM
gleb(gleb) used a concussive_grenade 10-5-2020, 6:26:21 PM
gleb(gleb) used a concussive_grenade 10-5-2020, 6:26:21 PM
gleb(gleb) used a gas_mask 10-5-2020, 6:31:56 PM
gleb(gleb) used a gas_mask 10-5-2020, 6:32:19 PM
gleb(gleb) used a tk_ultra_health_potion 10-5-2020, 6:32:28 PM
gleb(gleb) used a tk_ultra_health_potion 10-5-2020, 6:32:32 PM
gleb(gleb) used a tk_ultra_health_potion 10-5-2020, 6:32:41 PM
gleb(gleb) used a tk_ultra_health_potion 10-5-2020, 6:32:41 PM
gleb(gleb) used a tk_ultra_health_potion 10-5-2020, 6:32:42 PM
gleb(gleb) used a tk_ultra_health_potion 10-5-2020, 6:32:42 PM
gleb(gleb) used a tk_ultra_health_potion 10-5-2020, 6:32:45 PM
gleb(gleb) used a tk_ultra_health_potion 10-5-2020, 6:32:45 PM
gleb(gleb) used a tk_ultra_health_potion 10-5-2020, 6:32:46 PM
gleb(gleb) used a tk_ultra_health_potion 10-5-2020, 6:32:49 PM
gleb(gleb) used a hand_grenade 10-5-2020, 6:32:56 PM
gleb(gleb) used a antibiotic 10-5-2020, 6:33:09 PM
gleb(gleb) used a antibiotic_canister 10-5-2020, 6:33:17 PM
gleb(gleb) used a antibiotic 10-5-2020, 6:33:28 PM
gleb(gleb) used a antibiotic 10-5-2020, 6:33:29 PM
gleb(gleb) used a hand_grenade 10-5-2020, 6:33:35 PM
gleb(gleb) used a hand_grenade 10-5-2020, 6:34:23 PM
gleb(gleb) used a hand_grenade 10-5-2020, 6:34:24 PM
gleb(gleb) used a hand_grenade 10-5-2020, 6:34:25 PM
gleb(gleb) used a hand_grenade 10-5-2020, 6:34:26 PM
gleb(gleb) used a hand_grenade 10-5-2020, 6:34:26 PM
gleb(gleb) used a hand_grenade 10-5-2020, 6:34:26 PM
gleb(gleb) used a hand_grenade 10-5-2020, 6:34:26 PM
gleb(gleb) used a hand_grenade 10-5-2020, 6:34:26 PM
gleb(gleb) used a hand_grenade 10-5-2020, 6:34:26 PM
gleb(gleb) used a hand_grenade 10-5-2020, 6:34:26 PM
gleb(gleb) used a hand_grenade 10-5-2020, 6:34:27 PM
gleb(gleb) used a hand_grenade 10-5-2020, 6:34:27 PM
gleb(gleb) used a hand_grenade 10-5-2020, 6:34:27 PM
gleb(gleb) used a hand_grenade 10-5-2020, 6:34:27 PM
gleb(gleb) used a hand_grenade 10-5-2020, 6:34:27 PM
gleb(gleb) used a hand_grenade 10-5-2020, 6:34:28 PM
gleb(gleb) used a hand_grenade 10-5-2020, 6:34:28 PM
gleb(gleb) used a hand_grenade 10-5-2020, 6:34:28 PM
gleb(gleb) used a hand_grenade 10-5-2020, 6:34:28 PM
gleb(gleb) used a hand_grenade 10-5-2020, 6:34:28 PM
gleb(gleb) used a hand_grenade 10-5-2020, 6:34:29 PM
gleb(gleb) used a hand_grenade 10-5-2020, 6:34:29 PM
gleb(gleb) used a hand_grenade 10-5-2020, 6:34:29 PM
gleb(gleb) used a hand_grenade 10-5-2020, 6:34:29 PM
gleb(gleb) used a hand_grenade 10-5-2020, 6:34:29 PM
gleb(gleb) used a hand_grenade 10-5-2020, 6:34:29 PM
gleb(gleb) used a hand_grenade 10-5-2020, 6:34:30 PM
gleb(gleb) used a hand_grenade 10-5-2020, 6:34:30 PM
gleb(gleb) used a hand_grenade 10-5-2020, 6:34:30 PM
gleb(gleb) used a hand_grenade 10-5-2020, 6:34:30 PM
gleb(gleb) used a hand_grenade 10-5-2020, 6:34:30 PM
gleb(gleb) used a hand_grenade 10-5-2020, 6:34:31 PM
gleb(gleb) used a hand_grenade 10-5-2020, 6:34:31 PM
gleb(gleb) used a hand_grenade 10-5-2020, 6:34:31 PM
gleb(gleb) used a hand_grenade 10-5-2020, 6:34:31 PM
gleb(gleb) used a hand_grenade 10-5-2020, 6:34:31 PM
gleb(gleb) used a hand_grenade 10-5-2020, 6:34:32 PM
gleb(gleb) used a hand_grenade 10-5-2020, 6:34:32 PM
gleb(gleb) used a hand_grenade 10-5-2020, 6:34:34 PM
gleb(gleb) used a colt_ar_15_assault_rifle 10-5-2020, 6:35:53 PM
gleb(gleb) used a hand_grenade 10-5-2020, 6:36:20 PM
gleb(gleb) used a hand_grenade 10-5-2020, 6:36:28 PM
gleb(gleb) used a hand_grenade 10-5-2020, 6:36:48 PM
gleb(gleb) used a hand_grenade 10-5-2020, 6:36:48 PM
gleb(gleb) used a hand_grenade 10-5-2020, 6:36:48 PM
gleb(gleb) used a hand_grenade 10-5-2020, 6:36:48 PM
gleb(gleb) used a hand_grenade 10-5-2020, 6:36:48 PM
gleb(gleb) used a hand_grenade 10-5-2020, 6:36:48 PM
gleb(gleb) used a hand_grenade 10-5-2020, 6:36:49 PM
gleb(gleb) used a hand_grenade 10-5-2020, 6:36:49 PM
gleb(gleb) used a hand_grenade 10-5-2020, 6:36:49 PM
gleb(gleb) used a hand_grenade 10-5-2020, 6:36:49 PM
gleb(gleb) used a hand_grenade 10-5-2020, 6:36:49 PM
gleb(gleb) used a hand_grenade 10-5-2020, 6:36:49 PM
gleb(gleb) used a hand_grenade 10-5-2020, 6:36:50 PM
gleb(gleb) used a hand_grenade 10-5-2020, 6:36:50 PM
gleb(gleb) used a hand_grenade 10-5-2020, 6:36:50 PM
gleb(gleb) used a hand_grenade 10-5-2020, 6:36:50 PM
gleb(gleb) used a hand_grenade 10-5-2020, 6:36:50 PM
gleb(gleb) used a hand_grenade 10-5-2020, 6:36:50 PM
gleb(gleb) used a hand_grenade 10-5-2020, 6:36:51 PM
gleb(gleb) used a hand_grenade 10-5-2020, 6:36:56 PM
gleb(gleb) used a hand_grenade 10-5-2020, 6:36:57 PM
gleb(gleb) used a hand_grenade 10-5-2020, 6:36:58 PM
gleb(gleb) used a hand_grenade 10-5-2020, 6:36:59 PM
gleb(gleb) used a hand_grenade 10-5-2020, 6:37:00 PM
gleb(gleb) used a hand_grenade 10-5-2020, 6:37:12 PM
gleb(gleb) used a hand_grenade 10-5-2020, 6:37:13 PM
gleb(gleb) used a hand_grenade 10-5-2020, 6:37:13 PM
gleb(gleb) used a hand_grenade 10-5-2020, 6:37:13 PM
gleb(gleb) used a hand_grenade 10-5-2020, 6:37:13 PM
gleb(gleb) used a hand_grenade 10-5-2020, 6:37:13 PM
gleb(gleb) used a hand_grenade 10-5-2020, 6:37:13 PM
gleb(gleb) used a hand_grenade 10-5-2020, 6:37:14 PM
gleb(gleb) used a hand_grenade 10-5-2020, 6:37:14 PM
gleb(gleb) used a hand_grenade 10-5-2020, 6:37:14 PM
gleb(gleb) used a hand_grenade 10-5-2020, 6:37:14 PM
gleb(gleb) used a hand_grenade 10-5-2020, 6:37:14 PM
gleb(gleb) used a hand_grenade 10-5-2020, 6:37:17 PM
gleb(gleb) used a hand_grenade 10-5-2020, 6:37:18 PM
gleb(gleb) used a hand_grenade 10-5-2020, 6:37:18 PM
gleb(gleb) used a hand_grenade 10-5-2020, 6:37:18 PM
gleb(gleb) used a hand_grenade 10-5-2020, 6:37:18 PM
gleb(gleb) used a hand_grenade 10-5-2020, 6:37:18 PM
gleb(gleb) used a hand_grenade 10-5-2020, 6:37:18 PM
gleb(gleb) used a hand_grenade 10-5-2020, 6:37:19 PM
gleb(gleb) used a hand_grenade 10-5-2020, 6:37:19 PM
gleb(gleb) used a hand_grenade 10-5-2020, 6:37:19 PM
gleb(gleb) used a hand_grenade 10-5-2020, 6:37:20 PM
gleb(gleb) used a hand_grenade 10-5-2020, 6:37:40 PM
gleb(gleb) used a hand_grenade 10-5-2020, 6:37:57 PM
gleb(gleb) used a hand_grenade 10-5-2020, 6:38:29 PM
gleb(gleb) used a hand_grenade 10-5-2020, 6:38:30 PM
gleb(gleb) used a tk_ultra_health_potion 10-5-2020, 6:38:58 PM
gleb(gleb) used a shield 10-5-2020, 6:39:05 PM
gleb(gleb) used a shield 10-5-2020, 6:39:05 PM
gleb(gleb) used a shield 10-5-2020, 6:39:27 PM
gleb(gleb) used a shield 10-5-2020, 6:39:27 PM
gleb(gleb) used a shield 10-5-2020, 6:39:27 PM
gleb(gleb) used a shield 10-5-2020, 6:39:27 PM
gleb(gleb) used a shield 10-5-2020, 6:39:28 PM
gleb(gleb) used a shield 10-5-2020, 6:39:28 PM
gleb(gleb) used a shield 10-5-2020, 6:39:28 PM
gleb(gleb) used a shield 10-5-2020, 6:39:28 PM
gleb(gleb) used a shield 10-5-2020, 6:39:28 PM
gleb(gleb) used a shield 10-5-2020, 6:39:29 PM
gleb(gleb) used a shield 10-5-2020, 6:39:29 PM
gleb(gleb) used a shield 10-5-2020, 6:39:29 PM
gleb(gleb) used a shield 10-5-2020, 6:39:29 PM
gleb(gleb) used a shield 10-5-2020, 6:39:30 PM
gleb(gleb) used a shield 10-5-2020, 6:39:30 PM
gleb(gleb) used a shield 10-5-2020, 6:39:30 PM
gleb(gleb) used a shield 10-5-2020, 6:39:30 PM
gleb(gleb) used a shield 10-5-2020, 6:39:30 PM
gleb(gleb) used a shield 10-5-2020, 6:39:30 PM
gleb(gleb) used a shield 10-5-2020, 6:39:31 PM
gleb(gleb) used a shield 10-5-2020, 6:39:31 PM
gleb(gleb) used a shield 10-5-2020, 6:39:31 PM
gleb(gleb) used a shield 10-5-2020, 6:39:31 PM
gleb(gleb) used a shield 10-5-2020, 6:39:32 PM
gleb(gleb) used a tk_ultra_health_potion 10-5-2020, 6:39:36 PM
gleb(gleb) used a tk_ultra_health_potion 10-5-2020, 6:39:36 PM
gleb(gleb) used a hand_grenade 10-5-2020, 6:39:44 PM
gleb(gleb) used a colt_ar_15_assault_rifle 10-5-2020, 6:45:05 PM
gleb(gleb) used a pack_of_100_ammo_colt_ar_15_assault_rifle 10-5-2020, 6:45:31 PM
gleb(gleb) used a pack_of_100_ammo_colt_ar_15_assault_rifle 10-5-2020, 6:45:31 PM
gleb(gleb) used a pack_of_100_ammo_colt_ar_15_assault_rifle 10-5-2020, 6:45:31 PM
gleb(gleb) used a pack_of_100_ammo_colt_ar_15_assault_rifle 10-5-2020, 6:45:32 PM
gleb(gleb) used a pack_of_100_ammo_colt_ar_15_assault_rifle 10-5-2020, 6:45:32 PM
gleb(gleb) used a pack_of_100_ammo_colt_ar_15_assault_rifle 10-5-2020, 6:45:32 PM
gleb(gleb) used a pack_of_100_ammo_colt_ar_15_assault_rifle 10-5-2020, 6:45:32 PM
gleb(gleb) used a pack_of_100_ammo_colt_ar_15_assault_rifle 10-5-2020, 6:45:32 PM
gleb(gleb) used a pack_of_100_ammo_colt_ar_15_assault_rifle 10-5-2020, 6:45:33 PM
gleb(gleb) used a pack_of_100_ammo_colt_ar_15_assault_rifle 10-5-2020, 6:45:33 PM
gleb(gleb) used a pack_of_100_ammo_colt_ar_15_assault_rifle 10-5-2020, 6:45:33 PM
gleb(gleb) used a pack_of_100_ammo_colt_ar_15_assault_rifle 10-5-2020, 6:45:33 PM
gleb(gleb) used a pack_of_100_ammo_colt_ar_15_assault_rifle 10-5-2020, 6:45:33 PM
gleb(gleb) used a pack_of_100_ammo_colt_ar_15_assault_rifle 10-5-2020, 6:45:33 PM
gleb(gleb) used a pack_of_100_ammo_colt_ar_15_assault_rifle 10-5-2020, 6:45:34 PM
gleb(gleb) used a pack_of_100_ammo_colt_ar_15_assault_rifle 10-5-2020, 6:45:34 PM
gleb(gleb) used a pack_of_100_ammo_colt_ar_15_assault_rifle 10-5-2020, 6:45:34 PM
gleb(gleb) used a pack_of_100_ammo_colt_ar_15_assault_rifle 10-5-2020, 6:45:34 PM
gleb(gleb) used a pack_of_100_ammo_colt_ar_15_assault_rifle 10-5-2020, 6:45:34 PM
gleb(gleb) used a pack_of_100_ammo_colt_ar_15_assault_rifle 10-5-2020, 6:45:35 PM
gleb(gleb) used a pack_of_100_ammo_colt_ar_15_assault_rifle 10-5-2020, 6:45:35 PM
gleb(gleb) used a pack_of_100_ammo_colt_ar_15_assault_rifle 10-5-2020, 6:45:35 PM
gleb(gleb) used a pack_of_100_ammo_colt_ar_15_assault_rifle 10-5-2020, 6:45:35 PM
gleb(gleb) used a pack_of_100_ammo_colt_ar_15_assault_rifle 10-5-2020, 6:45:35 PM
gleb(gleb) used a pack_of_100_ammo_colt_ar_15_assault_rifle 10-5-2020, 6:45:35 PM
gleb(gleb) used a pack_of_100_ammo_colt_ar_15_assault_rifle 10-5-2020, 6:45:36 PM
gleb(gleb) used a pack_of_100_ammo_colt_ar_15_assault_rifle 10-5-2020, 6:45:36 PM
gleb(gleb) used a pack_of_100_ammo_colt_ar_15_assault_rifle 10-5-2020, 6:45:36 PM
gleb(gleb) used a pack_of_100_ammo_colt_ar_15_assault_rifle 10-5-2020, 6:45:36 PM
gleb(gleb) used a pack_of_100_ammo_colt_ar_15_assault_rifle 10-5-2020, 6:45:36 PM
gleb(gleb) used a pack_of_100_ammo_colt_ar_15_assault_rifle 10-5-2020, 6:45:37 PM
gleb(gleb) used a pack_of_100_ammo_colt_ar_15_assault_rifle 10-5-2020, 6:45:37 PM
gleb(gleb) used a pack_of_100_ammo_colt_ar_15_assault_rifle 10-5-2020, 6:45:37 PM
gleb(gleb) used a pack_of_100_ammo_colt_ar_15_assault_rifle 10-5-2020, 6:45:37 PM
gleb(gleb) used a pack_of_100_ammo_colt_ar_15_assault_rifle 10-5-2020, 6:45:37 PM
gleb(gleb) used a pack_of_100_ammo_colt_ar_15_assault_rifle 10-5-2020, 6:45:37 PM
gleb(gleb) used a pack_of_100_ammo_colt_ar_15_assault_rifle 10-5-2020, 6:45:38 PM
gleb(gleb) used a pack_of_100_ammo_colt_ar_15_assault_rifle 10-5-2020, 6:45:38 PM
gleb(gleb) used a pack_of_100_ammo_colt_ar_15_assault_rifle 10-5-2020, 6:45:38 PM
gleb(gleb) used a pack_of_100_ammo_colt_ar_15_assault_rifle 10-5-2020, 6:45:38 PM
gleb(gleb) used a pack_of_100_ammo_colt_ar_15_assault_rifle 10-5-2020, 6:45:39 PM
gleb(gleb) used a pack_of_100_ammo_colt_ar_15_assault_rifle 10-5-2020, 6:45:39 PM
gleb(gleb) used a pack_of_100_ammo_colt_ar_15_assault_rifle 10-5-2020, 6:45:39 PM
gleb(gleb) used a pack_of_100_ammo_colt_ar_15_assault_rifle 10-5-2020, 6:45:39 PM
gleb(gleb) used a pack_of_100_ammo_colt_ar_15_assault_rifle 10-5-2020, 6:45:40 PM
gleb(gleb) used a pack_of_100_ammo_colt_ar_15_assault_rifle 10-5-2020, 6:45:40 PM
gleb(gleb) used a pack_of_100_ammo_colt_ar_15_assault_rifle 10-5-2020, 6:45:40 PM
gleb(gleb) used a pack_of_100_ammo_colt_ar_15_assault_rifle 10-5-2020, 6:45:40 PM
gleb(gleb) used a pack_of_100_ammo_colt_ar_15_assault_rifle 10-5-2020, 6:45:40 PM
gleb(gleb) used a pack_of_100_ammo_colt_ar_15_assault_rifle 10-5-2020, 6:45:41 PM
gleb(gleb) used a pack_of_100_ammo_colt_ar_15_assault_rifle 10-5-2020, 6:45:41 PM
gleb(gleb) used a pack_of_100_ammo_colt_ar_15_assault_rifle 10-5-2020, 6:45:41 PM
gleb(gleb) used a pack_of_100_ammo_colt_ar_15_assault_rifle 10-5-2020, 6:45:41 PM
gleb(gleb) used a pack_of_100_ammo_colt_ar_15_assault_rifle 10-5-2020, 6:45:41 PM
gleb(gleb) used a pack_of_100_ammo_colt_ar_15_assault_rifle 10-5-2020, 6:45:42 PM
gleb(gleb) used a pack_of_100_ammo_colt_ar_15_assault_rifle 10-5-2020, 6:45:42 PM
gleb(gleb) used a pack_of_100_ammo_colt_ar_15_assault_rifle 10-5-2020, 6:45:42 PM
gleb(gleb) used a pack_of_100_ammo_colt_ar_15_assault_rifle 10-5-2020, 6:45:42 PM
gleb(gleb) used a pack_of_100_ammo_colt_ar_15_assault_rifle 10-5-2020, 6:45:42 PM
gleb(gleb) used a pack_of_100_ammo_colt_ar_15_assault_rifle 10-5-2020, 6:45:43 PM
gleb(gleb) used a pack_of_100_ammo_colt_ar_15_assault_rifle 10-5-2020, 6:45:43 PM
gleb(gleb) used a pack_of_100_ammo_colt_ar_15_assault_rifle 10-5-2020, 6:45:43 PM
gleb(gleb) used a pack_of_100_ammo_colt_ar_15_assault_rifle 10-5-2020, 6:45:43 PM
gleb(gleb) used a pack_of_100_ammo_colt_ar_15_assault_rifle 10-5-2020, 6:45:43 PM
gleb(gleb) used a pack_of_100_ammo_colt_ar_15_assault_rifle 10-5-2020, 6:45:43 PM
gleb(gleb) used a pack_of_100_ammo_colt_ar_15_assault_rifle 10-5-2020, 6:45:44 PM
gleb(gleb) used a pack_of_100_ammo_colt_ar_15_assault_rifle 10-5-2020, 6:45:44 PM
gleb(gleb) used a pack_of_100_ammo_colt_ar_15_assault_rifle 10-5-2020, 6:45:44 PM
gleb(gleb) used a pack_of_100_ammo_colt_ar_15_assault_rifle 10-5-2020, 6:45:44 PM
gleb(gleb) used a pack_of_100_ammo_colt_ar_15_assault_rifle 10-5-2020, 6:45:44 PM
gleb(gleb) used a pack_of_100_ammo_colt_ar_15_assault_rifle 10-5-2020, 6:45:44 PM
gleb(gleb) used a pack_of_100_ammo_colt_ar_15_assault_rifle 10-5-2020, 6:45:45 PM
gleb(gleb) used a pack_of_100_ammo_colt_ar_15_assault_rifle 10-5-2020, 6:45:45 PM
gleb(gleb) used a pack_of_100_ammo_colt_ar_15_assault_rifle 10-5-2020, 6:45:45 PM
gleb(gleb) used a pack_of_100_ammo_colt_ar_15_assault_rifle 10-5-2020, 6:45:45 PM
gleb(gleb) used a pack_of_100_ammo_colt_ar_15_assault_rifle 10-5-2020, 6:45:45 PM
gleb(gleb) used a pack_of_100_ammo_colt_ar_15_assault_rifle 10-5-2020, 6:45:46 PM
gleb(gleb) used a pack_of_100_ammo_colt_ar_15_assault_rifle 10-5-2020, 6:45:46 PM
gleb(gleb) used a pack_of_100_ammo_colt_ar_15_assault_rifle 10-5-2020, 6:45:46 PM
gleb(gleb) used a pack_of_100_ammo_colt_ar_15_assault_rifle 10-5-2020, 6:45:46 PM
gleb(gleb) used a pack_of_100_ammo_colt_ar_15_assault_rifle 10-5-2020, 6:45:46 PM
gleb(gleb) used a pack_of_100_ammo_colt_ar_15_assault_rifle 10-5-2020, 6:45:46 PM
gleb(gleb) used a pack_of_100_ammo_colt_ar_15_assault_rifle 10-5-2020, 6:45:47 PM
gleb(gleb) used a pack_of_100_ammo_colt_ar_15_assault_rifle 10-5-2020, 6:45:47 PM
gleb(gleb) used a pack_of_100_ammo_colt_ar_15_assault_rifle 10-5-2020, 6:45:47 PM
gleb(gleb) used a pack_of_100_ammo_colt_ar_15_assault_rifle 10-5-2020, 6:45:47 PM
gleb(gleb) used a pack_of_100_ammo_colt_ar_15_assault_rifle 10-5-2020, 6:45:47 PM
gleb(gleb) used a pack_of_100_ammo_colt_ar_15_assault_rifle 10-5-2020, 6:45:47 PM
gleb(gleb) used a pack_of_100_ammo_colt_ar_15_assault_rifle 10-5-2020, 6:45:48 PM
gleb(gleb) used a pack_of_100_ammo_colt_ar_15_assault_rifle 10-5-2020, 6:45:48 PM
gleb(gleb) used a pack_of_100_ammo_colt_ar_15_assault_rifle 10-5-2020, 6:45:48 PM
gleb(gleb) used a pack_of_100_ammo_colt_ar_15_assault_rifle 10-5-2020, 6:45:48 PM
gleb(gleb) used a pack_of_100_ammo_colt_ar_15_assault_rifle 10-5-2020, 6:45:48 PM
gleb(gleb) used a pack_of_100_ammo_colt_ar_15_assault_rifle 10-5-2020, 6:45:49 PM
gleb(gleb) used a pack_of_100_ammo_colt_ar_15_assault_rifle 10-5-2020, 6:45:49 PM
gleb(gleb) used a pack_of_100_ammo_colt_ar_15_assault_rifle 10-5-2020, 6:45:49 PM
gleb(gleb) used a pack_of_100_ammo_colt_ar_15_assault_rifle 10-5-2020, 6:45:49 PM
gleb(gleb) used a pack_of_100_ammo_colt_ar_15_assault_rifle 10-5-2020, 6:45:49 PM
gleb(gleb) used a pack_of_100_ammo_colt_ar_15_assault_rifle 10-5-2020, 6:45:49 PM
gleb(gleb) used a pack_of_100_ammo_colt_ar_15_assault_rifle 10-5-2020, 6:45:50 PM
gleb(gleb) used a pack_of_100_ammo_colt_ar_15_assault_rifle 10-5-2020, 6:45:50 PM
gleb(gleb) used a pack_of_100_ammo_colt_ar_15_assault_rifle 10-5-2020, 6:45:50 PM
gleb(gleb) used a pack_of_100_ammo_colt_ar_15_assault_rifle 10-5-2020, 6:45:50 PM
gleb(gleb) used a pack_of_100_ammo_colt_ar_15_assault_rifle 10-5-2020, 6:45:50 PM
gleb(gleb) used a pack_of_100_ammo_colt_ar_15_assault_rifle 10-5-2020, 6:45:51 PM
gleb(gleb) used a pack_of_100_ammo_colt_ar_15_assault_rifle 10-5-2020, 6:45:51 PM
gleb(gleb) used a pack_of_100_ammo_colt_ar_15_assault_rifle 10-5-2020, 6:45:51 PM
gleb(gleb) used a pack_of_100_ammo_colt_ar_15_assault_rifle 10-5-2020, 6:45:52 PM
gleb(gleb) used a pack_of_100_ammo_colt_ar_15_assault_rifle 10-5-2020, 6:45:52 PM
gleb(gleb) used a pack_of_100_ammo_colt_ar_15_assault_rifle 10-5-2020, 6:45:52 PM
gleb(gleb) used a pack_of_100_ammo_colt_ar_15_assault_rifle 10-5-2020, 6:45:52 PM
gleb(gleb) used a pack_of_100_ammo_colt_ar_15_assault_rifle 10-5-2020, 6:45:52 PM
gleb(gleb) used a pack_of_100_ammo_colt_ar_15_assault_rifle 10-5-2020, 6:45:53 PM
gleb(gleb) used a pack_of_100_ammo_colt_ar_15_assault_rifle 10-5-2020, 6:45:53 PM
gleb(gleb) used a pack_of_100_ammo_colt_ar_15_assault_rifle 10-5-2020, 6:45:53 PM
gleb(gleb) used a pack_of_100_ammo_colt_ar_15_assault_rifle 10-5-2020, 6:45:53 PM
gleb(gleb) used a pack_of_100_ammo_colt_ar_15_assault_rifle 10-5-2020, 6:45:53 PM
gleb(gleb) used a pack_of_100_ammo_colt_ar_15_assault_rifle 10-5-2020, 6:45:54 PM
gleb(gleb) used a pack_of_100_ammo_colt_ar_15_assault_rifle 10-5-2020, 6:45:54 PM
gleb(gleb) used a pack_of_100_ammo_colt_ar_15_assault_rifle 10-5-2020, 6:45:54 PM
gleb(gleb) used a pack_of_100_ammo_colt_ar_15_assault_rifle 10-5-2020, 6:45:54 PM
gleb(gleb) used a pack_of_100_ammo_colt_ar_15_assault_rifle 10-5-2020, 6:45:54 PM
gleb(gleb) used a pack_of_100_ammo_colt_ar_15_assault_rifle 10-5-2020, 6:45:55 PM
gleb(gleb) used a pack_of_100_ammo_colt_ar_15_assault_rifle 10-5-2020, 6:45:55 PM
gleb(gleb) used a pack_of_100_ammo_colt_ar_15_assault_rifle 10-5-2020, 6:45:55 PM
gleb(gleb) used a pack_of_100_ammo_colt_ar_15_assault_rifle 10-5-2020, 6:45:55 PM
gleb(gleb) used a pack_of_100_ammo_colt_ar_15_assault_rifle 10-5-2020, 6:45:55 PM
gleb(gleb) used a pack_of_100_ammo_colt_ar_15_assault_rifle 10-5-2020, 6:45:55 PM
gleb(gleb) used a pack_of_100_ammo_colt_ar_15_assault_rifle 10-5-2020, 6:45:56 PM
gleb(gleb) used a pack_of_100_ammo_colt_ar_15_assault_rifle 10-5-2020, 6:45:56 PM
gleb(gleb) used a pack_of_100_ammo_colt_ar_15_assault_rifle 10-5-2020, 6:45:56 PM
gleb(gleb) used a pack_of_100_ammo_colt_ar_15_assault_rifle 10-5-2020, 6:45:56 PM
gleb(gleb) used a pack_of_100_ammo_colt_ar_15_assault_rifle 10-5-2020, 6:45:56 PM
gleb(gleb) used a pack_of_100_ammo_colt_ar_15_assault_rifle 10-5-2020, 6:45:57 PM
gleb(gleb) used a pack_of_100_ammo_colt_ar_15_assault_rifle 10-5-2020, 6:45:57 PM
gleb(gleb) used a pack_of_100_ammo_colt_ar_15_assault_rifle 10-5-2020, 6:45:57 PM
gleb(gleb) used a pack_of_100_ammo_colt_ar_15_assault_rifle 10-5-2020, 6:45:57 PM
gleb(gleb) used a pack_of_100_ammo_colt_ar_15_assault_rifle 10-5-2020, 6:45:57 PM
gleb(gleb) used a pack_of_100_ammo_colt_ar_15_assault_rifle 10-5-2020, 6:45:58 PM
gleb(gleb) used a pack_of_100_ammo_colt_ar_15_assault_rifle 10-5-2020, 6:45:58 PM
gleb(gleb) used a pack_of_100_ammo_colt_ar_15_assault_rifle 10-5-2020, 6:45:58 PM
gleb(gleb) used a pack_of_100_ammo_colt_ar_15_assault_rifle 10-5-2020, 6:45:58 PM
gleb(gleb) used a pack_of_100_ammo_colt_ar_15_assault_rifle 10-5-2020, 6:45:58 PM
gleb(gleb) used a pack_of_100_ammo_colt_ar_15_assault_rifle 10-5-2020, 6:45:58 PM
gleb(gleb) used a pack_of_100_ammo_colt_ar_15_assault_rifle 10-5-2020, 6:45:59 PM
gleb(gleb) used a pack_of_100_ammo_colt_ar_15_assault_rifle 10-5-2020, 6:45:59 PM
gleb(gleb) used a pack_of_100_ammo_colt_ar_15_assault_rifle 10-5-2020, 6:45:59 PM
gleb(gleb) used a pack_of_100_ammo_colt_ar_15_assault_rifle 10-5-2020, 6:45:59 PM
gleb(gleb) used a pack_of_100_ammo_colt_ar_15_assault_rifle 10-5-2020, 6:45:59 PM
gleb(gleb) used a pack_of_100_ammo_colt_ar_15_assault_rifle 10-5-2020, 6:46:00 PM
gleb(gleb) used a pack_of_100_ammo_colt_ar_15_assault_rifle 10-5-2020, 6:46:00 PM
gleb(gleb) used a pack_of_100_ammo_colt_ar_15_assault_rifle 10-5-2020, 6:46:00 PM
gleb(gleb) used a pack_of_100_ammo_colt_ar_15_assault_rifle 10-5-2020, 6:46:00 PM
gleb(gleb) used a pack_of_100_ammo_colt_ar_15_assault_rifle 10-5-2020, 6:46:01 PM
gleb(gleb) used a pack_of_100_ammo_colt_ar_15_assault_rifle 10-5-2020, 6:46:01 PM
gleb(gleb) used a pack_of_100_ammo_colt_ar_15_assault_rifle 10-5-2020, 6:46:01 PM
gleb(gleb) used a pack_of_100_ammo_colt_ar_15_assault_rifle 10-5-2020, 6:46:01 PM
gleb(gleb) used a pack_of_100_ammo_colt_ar_15_assault_rifle 10-5-2020, 6:46:01 PM
gleb(gleb) used a pack_of_100_ammo_colt_ar_15_assault_rifle 10-5-2020, 6:46:02 PM
gleb(gleb) used a pack_of_100_ammo_colt_ar_15_assault_rifle 10-5-2020, 6:46:02 PM
gleb(gleb) used a pack_of_100_ammo_colt_ar_15_assault_rifle 10-5-2020, 6:46:02 PM
gleb(gleb) used a pack_of_100_ammo_colt_ar_15_assault_rifle 10-5-2020, 6:46:02 PM
gleb(gleb) used a pack_of_100_ammo_colt_ar_15_assault_rifle 10-5-2020, 6:46:02 PM
gleb(gleb) used a pack_of_100_ammo_colt_ar_15_assault_rifle 10-5-2020, 6:46:03 PM
gleb(gleb) used a pack_of_100_ammo_colt_ar_15_assault_rifle 10-5-2020, 6:46:03 PM
gleb(gleb) used a pack_of_100_ammo_colt_ar_15_assault_rifle 10-5-2020, 6:46:03 PM
gleb(gleb) used a pack_of_100_ammo_colt_ar_15_assault_rifle 10-5-2020, 6:46:03 PM
gleb(gleb) used a pack_of_100_ammo_colt_ar_15_assault_rifle 10-5-2020, 6:46:03 PM
gleb(gleb) used a pack_of_100_ammo_colt_ar_15_assault_rifle 10-5-2020, 6:46:04 PM
gleb(gleb) used a pack_of_100_ammo_colt_ar_15_assault_rifle 10-5-2020, 6:46:04 PM
gleb(gleb) used a pack_of_100_ammo_colt_ar_15_assault_rifle 10-5-2020, 6:46:04 PM
gleb(gleb) used a pack_of_100_ammo_colt_ar_15_assault_rifle 10-5-2020, 6:46:04 PM
gleb(gleb) used a pack_of_100_ammo_colt_ar_15_assault_rifle 10-5-2020, 6:46:05 PM
gleb(gleb) used a pack_of_100_ammo_colt_ar_15_assault_rifle 10-5-2020, 6:46:05 PM
gleb(gleb) used a pack_of_100_ammo_colt_ar_15_assault_rifle 10-5-2020, 6:46:05 PM
gleb(gleb) used a pack_of_100_ammo_colt_ar_15_assault_rifle 10-5-2020, 6:46:05 PM
gleb(gleb) used a pack_of_100_ammo_colt_ar_15_assault_rifle 10-5-2020, 6:46:05 PM
gleb(gleb) used a pack_of_100_ammo_colt_ar_15_assault_rifle 10-5-2020, 6:46:06 PM
gleb(gleb) used a pack_of_100_ammo_colt_ar_15_assault_rifle 10-5-2020, 6:46:06 PM
gleb(gleb) used a pack_of_100_ammo_colt_ar_15_assault_rifle 10-5-2020, 6:46:06 PM
gleb(gleb) used a pack_of_100_ammo_colt_ar_15_assault_rifle 10-5-2020, 6:46:06 PM
gleb(gleb) used a pack_of_100_ammo_colt_ar_15_assault_rifle 10-5-2020, 6:46:06 PM
gleb(gleb) used a pack_of_100_ammo_colt_ar_15_assault_rifle 10-5-2020, 6:46:07 PM
gleb(gleb) used a pack_of_100_ammo_colt_ar_15_assault_rifle 10-5-2020, 6:46:07 PM
gleb(gleb) used a pack_of_100_ammo_colt_ar_15_assault_rifle 10-5-2020, 6:46:07 PM
gleb(gleb) used a pack_of_100_ammo_colt_ar_15_assault_rifle 10-5-2020, 6:46:07 PM
gleb(gleb) used a pack_of_100_ammo_colt_ar_15_assault_rifle 10-5-2020, 6:46:07 PM
gleb(gleb) used a pack_of_100_ammo_colt_ar_15_assault_rifle 10-5-2020, 6:46:07 PM
gleb(gleb) used a pack_of_100_ammo_colt_ar_15_assault_rifle 10-5-2020, 6:46:08 PM
gleb(gleb) used a pack_of_100_ammo_colt_ar_15_assault_rifle 10-5-2020, 6:46:08 PM
gleb(gleb) used a pack_of_100_ammo_colt_ar_15_assault_rifle 10-5-2020, 6:46:08 PM
gleb(gleb) used a pack_of_100_ammo_colt_ar_15_assault_rifle 10-5-2020, 6:46:08 PM
gleb(gleb) used a pack_of_100_ammo_colt_ar_15_assault_rifle 10-5-2020, 6:46:08 PM
gleb(gleb) used a pack_of_100_ammo_colt_ar_15_assault_rifle 10-5-2020, 6:46:09 PM
gleb(gleb) used a pack_of_100_ammo_colt_ar_15_assault_rifle 10-5-2020, 6:46:09 PM
gleb(gleb) used a pack_of_100_ammo_colt_ar_15_assault_rifle 10-5-2020, 6:46:09 PM
gleb(gleb) used a pack_of_100_ammo_colt_ar_15_assault_rifle 10-5-2020, 6:46:09 PM
gleb(gleb) used a pack_of_100_ammo_colt_ar_15_assault_rifle 10-5-2020, 6:46:10 PM
gleb(gleb) used a pack_of_100_ammo_colt_ar_15_assault_rifle 10-5-2020, 6:46:15 PM
gleb(gleb) used a pack_of_100_ammo_colt_ar_15_assault_rifle 10-5-2020, 6:46:15 PM
gleb(gleb) used a pack_of_100_ammo_colt_ar_15_assault_rifle 10-5-2020, 6:46:15 PM
gleb(gleb) used a pack_of_100_ammo_colt_ar_15_assault_rifle 10-5-2020, 6:46:16 PM
gleb(gleb) used a pack_of_100_ammo_colt_ar_15_assault_rifle 10-5-2020, 6:46:16 PM
gleb(gleb) used a pack_of_100_ammo_colt_ar_15_assault_rifle 10-5-2020, 6:46:16 PM
gleb(gleb) used a pack_of_100_ammo_colt_ar_15_assault_rifle 10-5-2020, 6:46:16 PM
gleb(gleb) used a pack_of_100_ammo_colt_ar_15_assault_rifle 10-5-2020, 6:46:16 PM
gleb(gleb) used a pack_of_100_ammo_colt_ar_15_assault_rifle 10-5-2020, 6:46:16 PM
gleb(gleb) used a pack_of_100_ammo_colt_ar_15_assault_rifle 10-5-2020, 6:46:17 PM
gleb(gleb) used a pack_of_100_ammo_colt_ar_15_assault_rifle 10-5-2020, 6:46:17 PM
gleb(gleb) used a pack_of_100_ammo_colt_ar_15_assault_rifle 10-5-2020, 6:46:17 PM
gleb(gleb) used a pack_of_100_ammo_colt_ar_15_assault_rifle 10-5-2020, 6:46:17 PM
gleb(gleb) used a pack_of_100_ammo_colt_ar_15_assault_rifle 10-5-2020, 6:46:18 PM
gleb(gleb) used a pack_of_100_ammo_colt_ar_15_assault_rifle 10-5-2020, 6:46:18 PM
gleb(gleb) used a pack_of_100_ammo_colt_ar_15_assault_rifle 10-5-2020, 6:46:18 PM
gleb(gleb) used a pack_of_100_ammo_colt_ar_15_assault_rifle 10-5-2020, 6:46:18 PM
gleb(gleb) used a pack_of_100_ammo_colt_ar_15_assault_rifle 10-5-2020, 6:46:18 PM
gleb(gleb) used a pack_of_100_ammo_colt_ar_15_assault_rifle 10-5-2020, 6:46:18 PM
gleb(gleb) used a pack_of_100_ammo_colt_ar_15_assault_rifle 10-5-2020, 6:46:19 PM
gleb(gleb) used a pack_of_100_ammo_colt_ar_15_assault_rifle 10-5-2020, 6:46:19 PM
gleb(gleb) used a pack_of_100_ammo_colt_ar_15_assault_rifle 10-5-2020, 6:46:19 PM
gleb(gleb) used a pack_of_100_ammo_colt_ar_15_assault_rifle 10-5-2020, 6:46:19 PM
gleb(gleb) used a pack_of_100_ammo_colt_ar_15_assault_rifle 10-5-2020, 6:46:20 PM
gleb(gleb) used a pack_of_100_ammo_colt_ar_15_assault_rifle 10-5-2020, 6:46:20 PM
gleb(gleb) used a pack_of_100_ammo_colt_ar_15_assault_rifle 10-5-2020, 6:46:20 PM
gleb(gleb) used a pack_of_100_ammo_colt_ar_15_assault_rifle 10-5-2020, 6:46:20 PM
gleb(gleb) used a pack_of_100_ammo_colt_ar_15_assault_rifle 10-5-2020, 6:46:20 PM
gleb(gleb) used a pack_of_100_ammo_colt_ar_15_assault_rifle 10-5-2020, 6:46:21 PM
gleb(gleb) used a pack_of_100_ammo_colt_ar_15_assault_rifle 10-5-2020, 6:46:21 PM
gleb(gleb) used a pack_of_100_ammo_colt_ar_15_assault_rifle 10-5-2020, 6:46:21 PM
gleb(gleb) used a pack_of_100_ammo_colt_ar_15_assault_rifle 10-5-2020, 6:46:21 PM
gleb(gleb) used a pack_of_100_ammo_colt_ar_15_assault_rifle 10-5-2020, 6:46:22 PM
gleb(gleb) used a pack_of_100_ammo_colt_ar_15_assault_rifle 10-5-2020, 6:46:22 PM
gleb(gleb) used a pack_of_100_ammo_colt_ar_15_assault_rifle 10-5-2020, 6:46:22 PM
gleb(gleb) used a pack_of_100_ammo_colt_ar_15_assault_rifle 10-5-2020, 6:46:22 PM
gleb(gleb) used a pack_of_100_ammo_colt_ar_15_assault_rifle 10-5-2020, 6:46:22 PM
gleb(gleb) used a pack_of_100_ammo_colt_ar_15_assault_rifle 10-5-2020, 6:46:22 PM
gleb(gleb) used a pack_of_100_ammo_colt_ar_15_assault_rifle 10-5-2020, 6:46:23 PM
gleb(gleb) used a pack_of_100_ammo_colt_ar_15_assault_rifle 10-5-2020, 6:46:23 PM
gleb(gleb) used a pack_of_100_ammo_colt_ar_15_assault_rifle 10-5-2020, 6:46:23 PM
gleb(gleb) used a pack_of_100_ammo_colt_ar_15_assault_rifle 10-5-2020, 6:46:23 PM
gleb(gleb) used a pack_of_100_ammo_colt_ar_15_assault_rifle 10-5-2020, 6:46:23 PM
gleb(gleb) used a pack_of_100_ammo_colt_ar_15_assault_rifle 10-5-2020, 6:46:24 PM
gleb(gleb) used a pack_of_100_ammo_colt_ar_15_assault_rifle 10-5-2020, 6:46:24 PM
gleb(gleb) used a pack_of_100_ammo_colt_ar_15_assault_rifle 10-5-2020, 6:46:24 PM
gleb(gleb) used a pack_of_100_ammo_colt_ar_15_assault_rifle 10-5-2020, 6:46:24 PM
gleb(gleb) used a pack_of_100_ammo_colt_ar_15_assault_rifle 10-5-2020, 6:46:24 PM
gleb(gleb) used a pack_of_100_ammo_colt_ar_15_assault_rifle 10-5-2020, 6:46:25 PM
gleb(gleb) used a pack_of_100_ammo_colt_ar_15_assault_rifle 10-5-2020, 6:46:25 PM
gleb(gleb) used a pack_of_100_ammo_colt_ar_15_assault_rifle 10-5-2020, 6:46:25 PM
gleb(gleb) used a pack_of_100_ammo_colt_ar_15_assault_rifle 10-5-2020, 6:46:25 PM
gleb(gleb) used a pack_of_100_ammo_colt_ar_15_assault_rifle 10-5-2020, 6:46:25 PM
gleb(gleb) used a pack_of_100_ammo_colt_ar_15_assault_rifle 10-5-2020, 6:46:25 PM
gleb(gleb) used a pack_of_100_ammo_colt_ar_15_assault_rifle 10-5-2020, 6:46:26 PM
gleb(gleb) used a pack_of_100_ammo_colt_ar_15_assault_rifle 10-5-2020, 6:46:26 PM
gleb(gleb) used a pack_of_100_ammo_colt_ar_15_assault_rifle 10-5-2020, 6:46:26 PM
gleb(gleb) used a pack_of_100_ammo_colt_ar_15_assault_rifle 10-5-2020, 6:46:26 PM
gleb(gleb) used a pack_of_100_ammo_colt_ar_15_assault_rifle 10-5-2020, 6:46:27 PM
gleb(gleb) used a pack_of_100_ammo_colt_ar_15_assault_rifle 10-5-2020, 6:46:27 PM
gleb(gleb) used a pack_of_100_ammo_colt_ar_15_assault_rifle 10-5-2020, 6:46:27 PM
gleb(gleb) used a pack_of_100_ammo_colt_ar_15_assault_rifle 10-5-2020, 6:46:27 PM
gleb(gleb) used a pack_of_100_ammo_colt_ar_15_assault_rifle 10-5-2020, 6:46:27 PM
gleb(gleb) used a pack_of_100_ammo_colt_ar_15_assault_rifle 10-5-2020, 6:46:28 PM
gleb(gleb) used a pack_of_100_ammo_colt_ar_15_assault_rifle 10-5-2020, 6:46:28 PM
gleb(gleb) used a pack_of_100_ammo_colt_ar_15_assault_rifle 10-5-2020, 6:46:28 PM
gleb(gleb) used a pack_of_100_ammo_colt_ar_15_assault_rifle 10-5-2020, 6:46:28 PM
gleb(gleb) used a pack_of_100_ammo_colt_ar_15_assault_rifle 10-5-2020, 6:46:28 PM
gleb(gleb) used a pack_of_100_ammo_colt_ar_15_assault_rifle 10-5-2020, 6:46:29 PM
gleb(gleb) used a pack_of_100_ammo_colt_ar_15_assault_rifle 10-5-2020, 6:46:29 PM
gleb(gleb) used a pack_of_100_ammo_colt_ar_15_assault_rifle 10-5-2020, 6:46:29 PM
gleb(gleb) used a pack_of_100_ammo_colt_ar_15_assault_rifle 10-5-2020, 6:46:29 PM
gleb(gleb) used a pack_of_100_ammo_colt_ar_15_assault_rifle 10-5-2020, 6:46:29 PM
gleb(gleb) used a pack_of_100_ammo_colt_ar_15_assault_rifle 10-5-2020, 6:46:30 PM
gleb(gleb) used a pack_of_100_ammo_colt_ar_15_assault_rifle 10-5-2020, 6:46:30 PM
gleb(gleb) used a pack_of_100_ammo_colt_ar_15_assault_rifle 10-5-2020, 6:46:30 PM
gleb(gleb) used a pack_of_100_ammo_colt_ar_15_assault_rifle 10-5-2020, 6:46:30 PM
gleb(gleb) used a pack_of_100_ammo_colt_ar_15_assault_rifle 10-5-2020, 6:46:30 PM
gleb(gleb) used a pack_of_100_ammo_colt_ar_15_assault_rifle 10-5-2020, 6:46:31 PM
gleb(gleb) used a pack_of_100_ammo_colt_ar_15_assault_rifle 10-5-2020, 6:46:31 PM
gleb(gleb) used a pack_of_100_ammo_colt_ar_15_assault_rifle 10-5-2020, 6:46:33 PM
gleb(gleb) used a pack_of_100_ammo_colt_ar_15_assault_rifle 10-5-2020, 6:46:34 PM
gleb(gleb) used a pack_of_100_ammo_colt_ar_15_assault_rifle 10-5-2020, 6:46:34 PM
gleb(gleb) used a pack_of_100_ammo_colt_ar_15_assault_rifle 10-5-2020, 6:46:34 PM
gleb(gleb) used a pack_of_100_ammo_colt_ar_15_assault_rifle 10-5-2020, 6:46:34 PM
gleb(gleb) used a pack_of_100_ammo_colt_ar_15_assault_rifle 10-5-2020, 6:46:34 PM
gleb(gleb) used a pack_of_100_ammo_colt_ar_15_assault_rifle 10-5-2020, 6:46:35 PM
gleb(gleb) used a pack_of_100_ammo_colt_ar_15_assault_rifle 10-5-2020, 6:46:35 PM
gleb(gleb) used a pack_of_100_ammo_colt_ar_15_assault_rifle 10-5-2020, 6:46:35 PM
gleb(gleb) used a pack_of_100_ammo_colt_ar_15_assault_rifle 10-5-2020, 6:46:35 PM
gleb(gleb) used a pack_of_100_ammo_colt_ar_15_assault_rifle 10-5-2020, 6:46:36 PM
gleb(gleb) used a pack_of_100_ammo_colt_ar_15_assault_rifle 10-5-2020, 6:46:36 PM
gleb(gleb) used a pack_of_100_ammo_colt_ar_15_assault_rifle 10-5-2020, 6:46:36 PM
gleb(gleb) used a pack_of_100_ammo_colt_ar_15_assault_rifle 10-5-2020, 6:46:36 PM
gleb(gleb) used a pack_of_100_ammo_colt_ar_15_assault_rifle 10-5-2020, 6:46:36 PM
gleb(gleb) used a pack_of_100_ammo_colt_ar_15_assault_rifle 10-5-2020, 6:46:36 PM
gleb(gleb) used a pack_of_100_ammo_colt_ar_15_assault_rifle 10-5-2020, 6:46:37 PM
gleb(gleb) used a pack_of_100_ammo_colt_ar_15_assault_rifle 10-5-2020, 6:46:37 PM
gleb(gleb) used a pack_of_100_ammo_colt_ar_15_assault_rifle 10-5-2020, 6:46:37 PM
gleb(gleb) used a pack_of_100_ammo_colt_ar_15_assault_rifle 10-5-2020, 6:46:37 PM
gleb(gleb) used a pack_of_100_ammo_colt_ar_15_assault_rifle 10-5-2020, 6:46:37 PM
gleb(gleb) used a pack_of_100_ammo_colt_ar_15_assault_rifle 10-5-2020, 6:46:37 PM
gleb(gleb) used a pack_of_100_ammo_colt_ar_15_assault_rifle 10-5-2020, 6:46:38 PM
gleb(gleb) used a pack_of_100_ammo_colt_ar_15_assault_rifle 10-5-2020, 6:46:38 PM
gleb(gleb) used a pack_of_100_ammo_colt_ar_15_assault_rifle 10-5-2020, 6:46:38 PM
gleb(gleb) used a pack_of_100_ammo_colt_ar_15_assault_rifle 10-5-2020, 6:46:38 PM
gleb(gleb) used a pack_of_100_ammo_colt_ar_15_assault_rifle 10-5-2020, 6:46:38 PM
gleb(gleb) used a pack_of_100_ammo_colt_ar_15_assault_rifle 10-5-2020, 6:46:38 PM
gleb(gleb) used a pack_of_100_ammo_colt_ar_15_assault_rifle 10-5-2020, 6:46:39 PM
gleb(gleb) used a pack_of_100_ammo_colt_ar_15_assault_rifle 10-5-2020, 6:46:39 PM
gleb(gleb) used a pack_of_100_ammo_colt_ar_15_assault_rifle 10-5-2020, 6:46:39 PM
gleb(gleb) used a pack_of_100_ammo_colt_ar_15_assault_rifle 10-5-2020, 6:46:39 PM
gleb(gleb) used a pack_of_100_ammo_colt_ar_15_assault_rifle 10-5-2020, 6:46:39 PM
gleb(gleb) used a pack_of_100_ammo_colt_ar_15_assault_rifle 10-5-2020, 6:46:39 PM
gleb(gleb) used a pack_of_100_ammo_colt_ar_15_assault_rifle 10-5-2020, 6:46:40 PM
gleb(gleb) used a pack_of_100_ammo_colt_ar_15_assault_rifle 10-5-2020, 6:46:40 PM
gleb(gleb) used a pack_of_100_ammo_colt_ar_15_assault_rifle 10-5-2020, 6:46:40 PM
gleb(gleb) used a pack_of_100_ammo_colt_ar_15_assault_rifle 10-5-2020, 6:46:40 PM
gleb(gleb) used a pack_of_100_ammo_colt_ar_15_assault_rifle 10-5-2020, 6:46:41 PM
gleb(gleb) used a pack_of_100_ammo_colt_ar_15_assault_rifle 10-5-2020, 6:46:41 PM
gleb(gleb) used a pack_of_100_ammo_colt_ar_15_assault_rifle 10-5-2020, 6:46:41 PM
gleb(gleb) used a pack_of_100_ammo_colt_ar_15_assault_rifle 10-5-2020, 6:46:41 PM
gleb(gleb) used a pack_of_100_ammo_colt_ar_15_assault_rifle 10-5-2020, 6:46:41 PM
gleb(gleb) used a pack_of_100_ammo_colt_ar_15_assault_rifle 10-5-2020, 6:46:42 PM
gleb(gleb) used a pack_of_100_ammo_colt_ar_15_assault_rifle 10-5-2020, 6:46:42 PM
gleb(gleb) used a pack_of_100_ammo_colt_ar_15_assault_rifle 10-5-2020, 6:46:42 PM
gleb(gleb) used a pack_of_100_ammo_colt_ar_15_assault_rifle 10-5-2020, 6:46:42 PM
gleb(gleb) used a pack_of_100_ammo_colt_ar_15_assault_rifle 10-5-2020, 6:46:42 PM
gleb(gleb) used a pack_of_100_ammo_colt_ar_15_assault_rifle 10-5-2020, 6:46:43 PM
gleb(gleb) used a pack_of_100_ammo_colt_ar_15_assault_rifle 10-5-2020, 6:46:43 PM
gleb(gleb) used a pack_of_100_ammo_colt_ar_15_assault_rifle 10-5-2020, 6:46:43 PM
gleb(gleb) used a pack_of_100_ammo_colt_ar_15_assault_rifle 10-5-2020, 6:46:43 PM
gleb(gleb) used a pack_of_100_ammo_colt_ar_15_assault_rifle 10-5-2020, 6:46:43 PM
gleb(gleb) used a pack_of_100_ammo_colt_ar_15_assault_rifle 10-5-2020, 6:46:44 PM
gleb(gleb) used a pack_of_100_ammo_colt_ar_15_assault_rifle 10-5-2020, 6:46:44 PM
gleb(gleb) used a pack_of_100_ammo_colt_ar_15_assault_rifle 10-5-2020, 6:46:44 PM
gleb(gleb) used a pack_of_100_ammo_colt_ar_15_assault_rifle 10-5-2020, 6:46:44 PM
gleb(gleb) used a pack_of_100_ammo_colt_ar_15_assault_rifle 10-5-2020, 6:46:44 PM
gleb(gleb) used a pack_of_100_ammo_colt_ar_15_assault_rifle 10-5-2020, 6:46:45 PM
gleb(gleb) used a pack_of_100_ammo_colt_ar_15_assault_rifle 10-5-2020, 6:46:45 PM
gleb(gleb) used a pack_of_100_ammo_colt_ar_15_assault_rifle 10-5-2020, 6:46:45 PM
gleb(gleb) used a pack_of_100_ammo_colt_ar_15_assault_rifle 10-5-2020, 6:46:45 PM
gleb(gleb) used a pack_of_100_ammo_colt_ar_15_assault_rifle 10-5-2020, 6:46:46 PM
gleb(gleb) used a pack_of_100_ammo_colt_ar_15_assault_rifle 10-5-2020, 6:46:46 PM
gleb(gleb) used a pack_of_100_ammo_colt_ar_15_assault_rifle 10-5-2020, 6:46:46 PM
gleb(gleb) used a pack_of_100_ammo_colt_ar_15_assault_rifle 10-5-2020, 6:46:46 PM
gleb(gleb) used a pack_of_100_ammo_colt_ar_15_assault_rifle 10-5-2020, 6:46:47 PM
gleb(gleb) used a pack_of_100_ammo_colt_ar_15_assault_rifle 10-5-2020, 6:46:47 PM
gleb(gleb) used a pack_of_100_ammo_colt_ar_15_assault_rifle 10-5-2020, 6:46:47 PM
gleb(gleb) used a pack_of_100_ammo_colt_ar_15_assault_rifle 10-5-2020, 6:46:47 PM
gleb(gleb) used a pack_of_100_ammo_colt_ar_15_assault_rifle 10-5-2020, 6:46:47 PM
gleb(gleb) used a pack_of_100_ammo_colt_ar_15_assault_rifle 10-5-2020, 6:46:48 PM
gleb(gleb) used a pack_of_100_ammo_colt_ar_15_assault_rifle 10-5-2020, 6:46:48 PM
gleb(gleb) used a pack_of_100_ammo_colt_ar_15_assault_rifle 10-5-2020, 6:46:48 PM
gleb(gleb) used a pack_of_100_ammo_colt_ar_15_assault_rifle 10-5-2020, 6:46:48 PM
gleb(gleb) used a pack_of_100_ammo_colt_ar_15_assault_rifle 10-5-2020, 6:46:48 PM
gleb(gleb) used a pack_of_100_ammo_colt_ar_15_assault_rifle 10-5-2020, 6:46:49 PM
gleb(gleb) used a pack_of_100_ammo_colt_ar_15_assault_rifle 10-5-2020, 6:46:49 PM
gleb(gleb) used a pack_of_100_ammo_colt_ar_15_assault_rifle 10-5-2020, 6:46:49 PM
gleb(gleb) used a pack_of_100_ammo_colt_ar_15_assault_rifle 10-5-2020, 6:46:49 PM
gleb(gleb) used a pack_of_100_ammo_colt_ar_15_assault_rifle 10-5-2020, 6:46:56 PM
gleb(gleb) used a pack_of_100_ammo_colt_ar_15_assault_rifle 10-5-2020, 6:46:56 PM
gleb(gleb) used a pack_of_100_ammo_colt_ar_15_assault_rifle 10-5-2020, 6:46:56 PM
gleb(gleb) used a pack_of_100_ammo_colt_ar_15_assault_rifle 10-5-2020, 6:46:57 PM
gleb(gleb) used a pack_of_100_ammo_colt_ar_15_assault_rifle 10-5-2020, 6:46:57 PM
gleb(gleb) used a pack_of_100_ammo_colt_ar_15_assault_rifle 10-5-2020, 6:46:57 PM
gleb(gleb) used a pack_of_100_ammo_colt_ar_15_assault_rifle 10-5-2020, 6:46:57 PM
gleb(gleb) used a pack_of_100_ammo_colt_ar_15_assault_rifle 10-5-2020, 6:46:57 PM
gleb(gleb) used a pack_of_100_ammo_colt_ar_15_assault_rifle 10-5-2020, 6:46:57 PM
gleb(gleb) used a pack_of_100_ammo_colt_ar_15_assault_rifle 10-5-2020, 6:46:58 PM
gleb(gleb) used a pack_of_100_ammo_colt_ar_15_assault_rifle 10-5-2020, 6:46:58 PM
gleb(gleb) used a pack_of_100_ammo_colt_ar_15_assault_rifle 10-5-2020, 6:46:58 PM
gleb(gleb) used a pack_of_100_ammo_colt_ar_15_assault_rifle 10-5-2020, 6:46:58 PM
gleb(gleb) used a pack_of_100_ammo_colt_ar_15_assault_rifle 10-5-2020, 6:46:58 PM
gleb(gleb) used a pack_of_100_ammo_colt_ar_15_assault_rifle 10-5-2020, 6:46:59 PM
gleb(gleb) used a pack_of_100_ammo_colt_ar_15_assault_rifle 10-5-2020, 6:46:59 PM
gleb(gleb) used a pack_of_100_ammo_colt_ar_15_assault_rifle 10-5-2020, 6:46:59 PM
gleb(gleb) used a pack_of_100_ammo_colt_ar_15_assault_rifle 10-5-2020, 6:46:59 PM
gleb(gleb) used a pack_of_100_ammo_colt_ar_15_assault_rifle 10-5-2020, 6:47:00 PM
gleb(gleb) used a pack_of_100_ammo_colt_ar_15_assault_rifle 10-5-2020, 6:47:00 PM
gleb(gleb) used a pack_of_100_ammo_colt_ar_15_assault_rifle 10-5-2020, 6:47:00 PM
gleb(gleb) used a pack_of_100_ammo_colt_ar_15_assault_rifle 10-5-2020, 6:47:00 PM
gleb(gleb) used a pack_of_100_ammo_colt_ar_15_assault_rifle 10-5-2020, 6:47:00 PM
gleb(gleb) used a pack_of_100_ammo_colt_ar_15_assault_rifle 10-5-2020, 6:47:00 PM
gleb(gleb) used a pack_of_100_ammo_colt_ar_15_assault_rifle 10-5-2020, 6:47:01 PM
gleb(gleb) used a pack_of_100_ammo_colt_ar_15_assault_rifle 10-5-2020, 6:47:01 PM
gleb(gleb) used a pack_of_100_ammo_colt_ar_15_assault_rifle 10-5-2020, 6:47:01 PM
gleb(gleb) used a pack_of_100_ammo_colt_ar_15_assault_rifle 10-5-2020, 6:47:01 PM
gleb(gleb) used a pack_of_100_ammo_colt_ar_15_assault_rifle 10-5-2020, 6:47:01 PM
gleb(gleb) used a pack_of_100_ammo_colt_ar_15_assault_rifle 10-5-2020, 6:47:01 PM
gleb(gleb) used a pack_of_100_ammo_colt_ar_15_assault_rifle 10-5-2020, 6:47:02 PM
gleb(gleb) used a pack_of_100_ammo_colt_ar_15_assault_rifle 10-5-2020, 6:47:02 PM
gleb(gleb) used a pack_of_100_ammo_colt_ar_15_assault_rifle 10-5-2020, 6:47:02 PM
gleb(gleb) used a pack_of_100_ammo_colt_ar_15_assault_rifle 10-5-2020, 6:47:02 PM
gleb(gleb) used a pack_of_100_ammo_colt_ar_15_assault_rifle 10-5-2020, 6:47:02 PM
gleb(gleb) used a pack_of_100_ammo_colt_ar_15_assault_rifle 10-5-2020, 6:47:02 PM
gleb(gleb) used a pack_of_100_ammo_colt_ar_15_assault_rifle 10-5-2020, 6:47:03 PM
gleb(gleb) used a pack_of_100_ammo_colt_ar_15_assault_rifle 10-5-2020, 6:47:05 PM
gleb(gleb) used a pack_of_100_ammo_colt_ar_15_assault_rifle 10-5-2020, 6:47:06 PM
gleb(gleb) used a pack_of_100_ammo_colt_ar_15_assault_rifle 10-5-2020, 6:47:06 PM
gleb(gleb) used a pack_of_100_ammo_colt_ar_15_assault_rifle 10-5-2020, 6:47:06 PM
gleb(gleb) used a pack_of_100_ammo_colt_ar_15_assault_rifle 10-5-2020, 6:47:06 PM
gleb(gleb) used a pack_of_100_ammo_colt_ar_15_assault_rifle 10-5-2020, 6:47:06 PM
gleb(gleb) used a pack_of_100_ammo_colt_ar_15_assault_rifle 10-5-2020, 6:47:07 PM
gleb(gleb) used a pack_of_100_ammo_colt_ar_15_assault_rifle 10-5-2020, 6:47:07 PM
gleb(gleb) used a pack_of_100_ammo_colt_ar_15_assault_rifle 10-5-2020, 6:47:07 PM
gleb(gleb) used a pack_of_100_ammo_colt_ar_15_assault_rifle 10-5-2020, 6:47:07 PM
gleb(gleb) used a pack_of_100_ammo_colt_ar_15_assault_rifle 10-5-2020, 6:47:07 PM
gleb(gleb) used a pack_of_100_ammo_colt_ar_15_assault_rifle 10-5-2020, 6:47:08 PM
gleb(gleb) used a pack_of_100_ammo_colt_ar_15_assault_rifle 10-5-2020, 6:47:08 PM
gleb(gleb) used a pack_of_100_ammo_colt_ar_15_assault_rifle 10-5-2020, 6:47:08 PM
gleb(gleb) used a pack_of_100_ammo_colt_ar_15_assault_rifle 10-5-2020, 6:47:08 PM
gleb(gleb) used a pack_of_100_ammo_colt_ar_15_assault_rifle 10-5-2020, 6:47:08 PM
gleb(gleb) used a pack_of_100_ammo_colt_ar_15_assault_rifle 10-5-2020, 6:47:08 PM
gleb(gleb) used a pack_of_100_ammo_colt_ar_15_assault_rifle 10-5-2020, 6:47:09 PM
gleb(gleb) used a pack_of_100_ammo_colt_ar_15_assault_rifle 10-5-2020, 6:47:09 PM
gleb(gleb) used a pack_of_100_ammo_colt_ar_15_assault_rifle 10-5-2020, 6:47:09 PM
gleb(gleb) used a pack_of_100_ammo_colt_ar_15_assault_rifle 10-5-2020, 6:47:09 PM
gleb(gleb) used a pack_of_100_ammo_colt_ar_15_assault_rifle 10-5-2020, 6:47:09 PM
gleb(gleb) used a pack_of_100_ammo_colt_ar_15_assault_rifle 10-5-2020, 6:47:10 PM
gleb(gleb) used a pack_of_100_ammo_colt_ar_15_assault_rifle 10-5-2020, 6:47:10 PM
gleb(gleb) used a pack_of_100_ammo_colt_ar_15_assault_rifle 10-5-2020, 6:47:10 PM
gleb(gleb) used a pack_of_100_ammo_colt_ar_15_assault_rifle 10-5-2020, 6:47:10 PM
gleb(gleb) used a pack_of_100_ammo_colt_ar_15_assault_rifle 10-5-2020, 6:47:11 PM
gleb(gleb) used a pack_of_100_ammo_colt_ar_15_assault_rifle 10-5-2020, 6:47:11 PM
gleb(gleb) used a pack_of_100_ammo_colt_ar_15_assault_rifle 10-5-2020, 6:47:11 PM
gleb(gleb) used a pack_of_100_ammo_colt_ar_15_assault_rifle 10-5-2020, 6:47:11 PM
gleb(gleb) used a pack_of_100_ammo_colt_ar_15_assault_rifle 10-5-2020, 6:47:11 PM
gleb(gleb) used a pack_of_100_ammo_colt_ar_15_assault_rifle 10-5-2020, 6:47:12 PM
gleb(gleb) used a pack_of_100_ammo_colt_ar_15_assault_rifle 10-5-2020, 6:47:12 PM
gleb(gleb) used a pack_of_100_ammo_colt_ar_15_assault_rifle 10-5-2020, 6:47:12 PM
gleb(gleb) used a pack_of_100_ammo_colt_ar_15_assault_rifle 10-5-2020, 6:47:12 PM
gleb(gleb) used a pack_of_100_ammo_colt_ar_15_assault_rifle 10-5-2020, 6:47:12 PM
gleb(gleb) used a pack_of_100_ammo_colt_ar_15_assault_rifle 10-5-2020, 6:47:13 PM
gleb(gleb) used a pack_of_100_ammo_colt_ar_15_assault_rifle 10-5-2020, 6:47:13 PM
gleb(gleb) used a pack_of_100_ammo_colt_ar_15_assault_rifle 10-5-2020, 6:47:13 PM
gleb(gleb) used a pack_of_100_ammo_colt_ar_15_assault_rifle 10-5-2020, 6:47:13 PM
gleb(gleb) used a pack_of_100_ammo_colt_ar_15_assault_rifle 10-5-2020, 6:47:13 PM
gleb(gleb) used a pack_of_100_ammo_colt_ar_15_assault_rifle 10-5-2020, 6:47:13 PM
gleb(gleb) used a pack_of_100_ammo_colt_ar_15_assault_rifle 10-5-2020, 6:47:14 PM
gleb(gleb) used a pack_of_100_ammo_colt_ar_15_assault_rifle 10-5-2020, 6:47:14 PM
gleb(gleb) used a pack_of_100_ammo_colt_ar_15_assault_rifle 10-5-2020, 6:47:14 PM
gleb(gleb) used a pack_of_100_ammo_colt_ar_15_assault_rifle 10-5-2020, 6:47:14 PM
gleb(gleb) used a pack_of_100_ammo_colt_ar_15_assault_rifle 10-5-2020, 6:47:14 PM
gleb(gleb) used a pack_of_100_ammo_colt_ar_15_assault_rifle 10-5-2020, 6:47:15 PM
gleb(gleb) used a pack_of_100_ammo_colt_ar_15_assault_rifle 10-5-2020, 6:47:15 PM
gleb(gleb) used a pack_of_100_ammo_colt_ar_15_assault_rifle 10-5-2020, 6:47:15 PM
gleb(gleb) used a pack_of_100_ammo_colt_ar_15_assault_rifle 10-5-2020, 6:47:15 PM
gleb(gleb) used a pack_of_100_ammo_colt_ar_15_assault_rifle 10-5-2020, 6:47:15 PM
gleb(gleb) used a pack_of_100_ammo_colt_ar_15_assault_rifle 10-5-2020, 6:47:16 PM
gleb(gleb) used a pack_of_100_ammo_colt_ar_15_assault_rifle 10-5-2020, 6:47:16 PM
gleb(gleb) used a pack_of_100_ammo_colt_ar_15_assault_rifle 10-5-2020, 6:47:16 PM
gleb(gleb) used a pack_of_100_ammo_colt_ar_15_assault_rifle 10-5-2020, 6:47:16 PM
gleb(gleb) used a pack_of_100_ammo_colt_ar_15_assault_rifle 10-5-2020, 6:47:16 PM
gleb(gleb) used a pack_of_100_ammo_colt_ar_15_assault_rifle 10-5-2020, 6:47:17 PM
gleb(gleb) used a pack_of_100_ammo_colt_ar_15_assault_rifle 10-5-2020, 6:47:17 PM
gleb(gleb) used a pack_of_100_ammo_colt_ar_15_assault_rifle 10-5-2020, 6:47:17 PM
gleb(gleb) used a pack_of_100_ammo_colt_ar_15_assault_rifle 10-5-2020, 6:47:17 PM
gleb(gleb) used a pack_of_100_ammo_colt_ar_15_assault_rifle 10-5-2020, 6:47:17 PM
gleb(gleb) used a pack_of_100_ammo_colt_ar_15_assault_rifle 10-5-2020, 6:47:17 PM
gleb(gleb) used a m16_assault_rifle 10-5-2020, 6:48:14 PM
gleb(gleb) used a pack_of_100_ammo_m16_assault_rifle 10-5-2020, 6:49:18 PM
gleb(gleb) used a pack_of_100_ammo_m16_assault_rifle 10-5-2020, 6:49:19 PM
gleb(gleb) used a pack_of_100_ammo_m16_assault_rifle 10-5-2020, 6:49:19 PM
gleb(gleb) used a pack_of_100_ammo_m16_assault_rifle 10-5-2020, 6:49:19 PM
gleb(gleb) used a pack_of_100_ammo_m16_assault_rifle 10-5-2020, 6:49:19 PM
gleb(gleb) used a pack_of_100_ammo_m16_assault_rifle 10-5-2020, 6:49:19 PM
gleb(gleb) used a pack_of_100_ammo_m16_assault_rifle 10-5-2020, 6:49:19 PM
gleb(gleb) used a pack_of_100_ammo_m16_assault_rifle 10-5-2020, 6:49:20 PM
gleb(gleb) used a pack_of_100_ammo_m16_assault_rifle 10-5-2020, 6:49:20 PM
gleb(gleb) used a pack_of_100_ammo_m16_assault_rifle 10-5-2020, 6:49:20 PM
gleb(gleb) used a pack_of_100_ammo_m16_assault_rifle 10-5-2020, 6:49:20 PM
gleb(gleb) used a pack_of_100_ammo_m16_assault_rifle 10-5-2020, 6:49:20 PM
gleb(gleb) used a pack_of_100_ammo_m16_assault_rifle 10-5-2020, 6:49:20 PM
gleb(gleb) used a pack_of_100_ammo_m16_assault_rifle 10-5-2020, 6:49:21 PM
gleb(gleb) used a pack_of_100_ammo_m16_assault_rifle 10-5-2020, 6:49:21 PM
gleb(gleb) used a pack_of_100_ammo_m16_assault_rifle 10-5-2020, 6:49:21 PM
gleb(gleb) used a pack_of_100_ammo_m16_assault_rifle 10-5-2020, 6:49:21 PM
gleb(gleb) used a pack_of_100_ammo_m16_assault_rifle 10-5-2020, 6:49:21 PM
gleb(gleb) used a pack_of_100_ammo_m16_assault_rifle 10-5-2020, 6:49:21 PM
gleb(gleb) used a pack_of_100_ammo_m16_assault_rifle 10-5-2020, 6:49:22 PM
gleb(gleb) used a pack_of_100_ammo_m16_assault_rifle 10-5-2020, 6:49:22 PM
gleb(gleb) used a pack_of_100_ammo_m16_assault_rifle 10-5-2020, 6:49:22 PM
gleb(gleb) used a pack_of_100_ammo_m16_assault_rifle 10-5-2020, 6:49:22 PM
gleb(gleb) used a pack_of_100_ammo_m16_assault_rifle 10-5-2020, 6:49:22 PM
gleb(gleb) used a pack_of_100_ammo_m16_assault_rifle 10-5-2020, 6:49:23 PM
gleb(gleb) used a pack_of_100_ammo_m16_assault_rifle 10-5-2020, 6:49:23 PM
gleb(gleb) used a pack_of_100_ammo_m16_assault_rifle 10-5-2020, 6:49:23 PM
gleb(gleb) used a pack_of_100_ammo_m16_assault_rifle 10-5-2020, 6:49:23 PM
gleb(gleb) used a pack_of_100_ammo_m16_assault_rifle 10-5-2020, 6:49:23 PM
gleb(gleb) used a pack_of_100_ammo_m16_assault_rifle 10-5-2020, 6:49:23 PM
gleb(gleb) used a pack_of_100_ammo_m16_assault_rifle 10-5-2020, 6:49:24 PM
gleb(gleb) used a pack_of_100_ammo_m16_assault_rifle 10-5-2020, 6:49:24 PM
gleb(gleb) used a pack_of_100_ammo_m16_assault_rifle 10-5-2020, 6:49:24 PM
gleb(gleb) used a pack_of_100_ammo_m16_assault_rifle 10-5-2020, 6:49:25 PM
gleb(gleb) used a pack_of_100_ammo_m16_assault_rifle 10-5-2020, 6:49:25 PM
gleb(gleb) used a pack_of_100_ammo_m16_assault_rifle 10-5-2020, 6:49:25 PM
gleb(gleb) used a pack_of_100_ammo_m16_assault_rifle 10-5-2020, 6:49:25 PM
gleb(gleb) used a pack_of_100_ammo_m16_assault_rifle 10-5-2020, 6:49:26 PM
gleb(gleb) used a pack_of_100_ammo_m16_assault_rifle 10-5-2020, 6:49:26 PM
gleb(gleb) used a pack_of_100_ammo_m16_assault_rifle 10-5-2020, 6:49:26 PM
gleb(gleb) used a pack_of_100_ammo_m16_assault_rifle 10-5-2020, 6:49:26 PM
gleb(gleb) used a pack_of_100_ammo_m16_assault_rifle 10-5-2020, 6:49:26 PM
gleb(gleb) used a pack_of_100_ammo_m16_assault_rifle 10-5-2020, 6:49:26 PM
gleb(gleb) used a pack_of_100_ammo_m16_assault_rifle 10-5-2020, 6:49:27 PM
gleb(gleb) used a pack_of_100_ammo_m16_assault_rifle 10-5-2020, 6:49:27 PM
gleb(gleb) used a pack_of_100_ammo_m16_assault_rifle 10-5-2020, 6:49:27 PM
gleb(gleb) used a pack_of_100_ammo_m16_assault_rifle 10-5-2020, 6:49:27 PM
gleb(gleb) used a pack_of_100_ammo_m16_assault_rifle 10-5-2020, 6:49:27 PM
gleb(gleb) used a pack_of_100_ammo_m16_assault_rifle 10-5-2020, 6:49:28 PM
gleb(gleb) used a pack_of_100_ammo_m16_assault_rifle 10-5-2020, 6:49:28 PM
gleb(gleb) used a pack_of_100_ammo_m16_assault_rifle 10-5-2020, 6:49:28 PM
gleb(gleb) used a pack_of_100_ammo_m16_assault_rifle 10-5-2020, 6:49:28 PM
gleb(gleb) used a pack_of_100_ammo_m16_assault_rifle 10-5-2020, 6:49:29 PM
gleb(gleb) used a pack_of_100_ammo_m16_assault_rifle 10-5-2020, 6:49:29 PM
gleb(gleb) used a pack_of_100_ammo_m16_assault_rifle 10-5-2020, 6:49:29 PM
gleb(gleb) used a pack_of_100_ammo_m16_assault_rifle 10-5-2020, 6:49:29 PM
gleb(gleb) used a pack_of_100_ammo_m16_assault_rifle 10-5-2020, 6:49:29 PM
gleb(gleb) used a pack_of_100_ammo_m16_assault_rifle 10-5-2020, 6:49:30 PM
gleb(gleb) used a pack_of_100_ammo_m16_assault_rifle 10-5-2020, 6:49:30 PM
gleb(gleb) used a pack_of_100_ammo_m16_assault_rifle 10-5-2020, 6:49:30 PM
gleb(gleb) used a pack_of_100_ammo_m16_assault_rifle 10-5-2020, 6:49:30 PM
gleb(gleb) used a pack_of_100_ammo_m16_assault_rifle 10-5-2020, 6:49:30 PM
gleb(gleb) used a pack_of_100_ammo_m16_assault_rifle 10-5-2020, 6:49:31 PM
gleb(gleb) used a pack_of_100_ammo_m16_assault_rifle 10-5-2020, 6:49:31 PM
gleb(gleb) used a pack_of_100_ammo_m16_assault_rifle 10-5-2020, 6:49:31 PM
gleb(gleb) used a pack_of_100_ammo_m16_assault_rifle 10-5-2020, 6:49:31 PM
gleb(gleb) used a pack_of_100_ammo_m16_assault_rifle 10-5-2020, 6:49:31 PM
gleb(gleb) used a pack_of_100_ammo_m16_assault_rifle 10-5-2020, 6:49:32 PM
gleb(gleb) used a pack_of_100_ammo_m16_assault_rifle 10-5-2020, 6:49:32 PM
gleb(gleb) used a pack_of_100_ammo_m16_assault_rifle 10-5-2020, 6:49:32 PM
gleb(gleb) used a pack_of_100_ammo_m16_assault_rifle 10-5-2020, 6:49:32 PM
gleb(gleb) used a pack_of_100_ammo_m16_assault_rifle 10-5-2020, 6:49:33 PM
gleb(gleb) used a pack_of_100_ammo_m16_assault_rifle 10-5-2020, 6:49:33 PM
gleb(gleb) used a pack_of_100_ammo_m16_assault_rifle 10-5-2020, 6:49:33 PM
gleb(gleb) used a pack_of_100_ammo_m16_assault_rifle 10-5-2020, 6:49:33 PM
gleb(gleb) used a pack_of_100_ammo_m16_assault_rifle 10-5-2020, 6:49:33 PM
gleb(gleb) used a pack_of_100_ammo_m16_assault_rifle 10-5-2020, 6:49:33 PM
gleb(gleb) used a pack_of_100_ammo_m16_assault_rifle 10-5-2020, 6:49:34 PM
gleb(gleb) used a pack_of_100_ammo_m16_assault_rifle 10-5-2020, 6:49:34 PM
gleb(gleb) used a pack_of_100_ammo_m16_assault_rifle 10-5-2020, 6:49:34 PM
gleb(gleb) used a pack_of_100_ammo_m16_assault_rifle 10-5-2020, 6:49:34 PM
gleb(gleb) used a pack_of_100_ammo_m16_assault_rifle 10-5-2020, 6:49:35 PM
gleb(gleb) used a pack_of_100_ammo_m16_assault_rifle 10-5-2020, 6:49:35 PM
gleb(gleb) used a pack_of_100_ammo_m16_assault_rifle 10-5-2020, 6:49:35 PM
gleb(gleb) used a pack_of_100_ammo_m16_assault_rifle 10-5-2020, 6:49:35 PM
gleb(gleb) used a pack_of_100_ammo_m16_assault_rifle 10-5-2020, 6:49:36 PM
gleb(gleb) used a pack_of_100_ammo_m16_assault_rifle 10-5-2020, 6:49:36 PM
gleb(gleb) used a pack_of_100_ammo_m16_assault_rifle 10-5-2020, 6:49:36 PM
gleb(gleb) used a pack_of_100_ammo_m16_assault_rifle 10-5-2020, 6:49:36 PM
gleb(gleb) used a pack_of_100_ammo_m16_assault_rifle 10-5-2020, 6:49:36 PM
gleb(gleb) used a pack_of_100_ammo_m16_assault_rifle 10-5-2020, 6:49:37 PM
gleb(gleb) used a pack_of_100_ammo_m16_assault_rifle 10-5-2020, 6:49:37 PM
gleb(gleb) used a pack_of_100_ammo_m16_assault_rifle 10-5-2020, 6:49:37 PM
gleb(gleb) used a pack_of_100_ammo_m16_assault_rifle 10-5-2020, 6:49:37 PM
gleb(gleb) used a pack_of_100_ammo_m16_assault_rifle 10-5-2020, 6:49:37 PM
gleb(gleb) used a pack_of_100_ammo_m16_assault_rifle 10-5-2020, 6:49:37 PM
gleb(gleb) used a pack_of_100_ammo_m16_assault_rifle 10-5-2020, 6:49:38 PM
gleb(gleb) used a pack_of_100_ammo_m16_assault_rifle 10-5-2020, 6:49:38 PM
gleb(gleb) used a pack_of_100_ammo_m16_assault_rifle 10-5-2020, 6:49:38 PM
gleb(gleb) used a pack_of_100_ammo_m16_assault_rifle 10-5-2020, 6:49:38 PM
gleb(gleb) used a pack_of_100_ammo_m16_assault_rifle 10-5-2020, 6:49:39 PM
gleb(gleb) used a pack_of_100_ammo_m16_assault_rifle 10-5-2020, 6:49:39 PM
gleb(gleb) used a pack_of_100_ammo_m16_assault_rifle 10-5-2020, 6:49:39 PM
gleb(gleb) used a pack_of_100_ammo_m16_assault_rifle 10-5-2020, 6:49:39 PM
gleb(gleb) used a pack_of_100_ammo_m16_assault_rifle 10-5-2020, 6:49:39 PM
gleb(gleb) used a pack_of_100_ammo_m16_assault_rifle 10-5-2020, 6:49:39 PM
gleb(gleb) used a pack_of_100_ammo_m16_assault_rifle 10-5-2020, 6:49:40 PM
gleb(gleb) used a pack_of_100_ammo_m16_assault_rifle 10-5-2020, 6:49:40 PM
gleb(gleb) used a pack_of_100_ammo_m16_assault_rifle 10-5-2020, 6:49:40 PM
gleb(gleb) used a pack_of_100_ammo_m16_assault_rifle 10-5-2020, 6:49:40 PM
gleb(gleb) used a pack_of_100_ammo_m16_assault_rifle 10-5-2020, 6:49:40 PM
gleb(gleb) used a pack_of_100_ammo_m16_assault_rifle 10-5-2020, 6:49:41 PM
gleb(gleb) used a pack_of_100_ammo_m16_assault_rifle 10-5-2020, 6:49:41 PM
gleb(gleb) used a pack_of_100_ammo_m16_assault_rifle 10-5-2020, 6:49:41 PM
gleb(gleb) used a pack_of_100_ammo_m16_assault_rifle 10-5-2020, 6:49:41 PM
gleb(gleb) used a pack_of_100_ammo_m16_assault_rifle 10-5-2020, 6:49:41 PM
gleb(gleb) used a pack_of_100_ammo_m16_assault_rifle 10-5-2020, 6:49:42 PM
gleb(gleb) used a pack_of_100_ammo_m16_assault_rifle 10-5-2020, 6:49:42 PM
gleb(gleb) used a pack_of_100_ammo_m16_assault_rifle 10-5-2020, 6:49:42 PM
gleb(gleb) used a pack_of_100_ammo_m16_assault_rifle 10-5-2020, 6:49:42 PM
gleb(gleb) used a pack_of_100_ammo_m16_assault_rifle 10-5-2020, 6:49:42 PM
gleb(gleb) used a pack_of_100_ammo_m16_assault_rifle 10-5-2020, 6:49:42 PM
gleb(gleb) used a pack_of_100_ammo_m16_assault_rifle 10-5-2020, 6:49:43 PM
gleb(gleb) used a pack_of_100_ammo_m16_assault_rifle 10-5-2020, 6:49:43 PM
gleb(gleb) used a pack_of_100_ammo_m16_assault_rifle 10-5-2020, 6:49:43 PM
gleb(gleb) used a pack_of_100_ammo_m16_assault_rifle 10-5-2020, 6:49:43 PM
gleb(gleb) used a pack_of_100_ammo_m16_assault_rifle 10-5-2020, 6:49:43 PM
gleb(gleb) used a pack_of_100_ammo_m16_assault_rifle 10-5-2020, 6:49:44 PM
gleb(gleb) used a pack_of_100_ammo_m16_assault_rifle 10-5-2020, 6:49:44 PM
gleb(gleb) used a pack_of_100_ammo_m16_assault_rifle 10-5-2020, 6:49:44 PM
gleb(gleb) used a pack_of_100_ammo_m16_assault_rifle 10-5-2020, 6:49:44 PM
gleb(gleb) used a pack_of_100_ammo_m16_assault_rifle 10-5-2020, 6:49:44 PM
gleb(gleb) used a pack_of_100_ammo_m16_assault_rifle 10-5-2020, 6:49:45 PM
gleb(gleb) used a pack_of_100_ammo_m16_assault_rifle 10-5-2020, 6:49:45 PM
gleb(gleb) used a pack_of_100_ammo_m16_assault_rifle 10-5-2020, 6:49:45 PM
gleb(gleb) used a pack_of_100_ammo_m16_assault_rifle 10-5-2020, 6:49:45 PM
gleb(gleb) used a pack_of_100_ammo_m16_assault_rifle 10-5-2020, 6:49:46 PM
gleb(gleb) used a pack_of_100_ammo_m16_assault_rifle 10-5-2020, 6:49:46 PM
gleb(gleb) used a pack_of_100_ammo_m16_assault_rifle 10-5-2020, 6:49:46 PM
gleb(gleb) used a pack_of_100_ammo_m16_assault_rifle 10-5-2020, 6:49:46 PM
gleb(gleb) used a pack_of_100_ammo_m16_assault_rifle 10-5-2020, 6:49:46 PM
gleb(gleb) used a pack_of_100_ammo_m16_assault_rifle 10-5-2020, 6:49:46 PM
gleb(gleb) used a pack_of_100_ammo_m16_assault_rifle 10-5-2020, 6:49:47 PM
gleb(gleb) used a pack_of_100_ammo_m16_assault_rifle 10-5-2020, 6:49:47 PM
gleb(gleb) used a pack_of_100_ammo_m16_assault_rifle 10-5-2020, 6:49:47 PM
gleb(gleb) used a pack_of_100_ammo_m16_assault_rifle 10-5-2020, 6:49:47 PM
gleb(gleb) used a pack_of_100_ammo_m16_assault_rifle 10-5-2020, 6:49:47 PM
gleb(gleb) used a pack_of_100_ammo_m16_assault_rifle 10-5-2020, 6:49:48 PM
gleb(gleb) used a pack_of_100_ammo_m16_assault_rifle 10-5-2020, 6:49:48 PM
gleb(gleb) used a pack_of_100_ammo_m16_assault_rifle 10-5-2020, 6:49:48 PM
gleb(gleb) used a pack_of_100_ammo_m16_assault_rifle 10-5-2020, 6:49:48 PM
gleb(gleb) used a pack_of_100_ammo_m16_assault_rifle 10-5-2020, 6:49:48 PM
gleb(gleb) used a pack_of_100_ammo_m16_assault_rifle 10-5-2020, 6:49:49 PM
gleb(gleb) used a pack_of_100_ammo_m16_assault_rifle 10-5-2020, 6:49:49 PM
gleb(gleb) used a pack_of_100_ammo_m16_assault_rifle 10-5-2020, 6:49:49 PM
gleb(gleb) used a pack_of_100_ammo_m16_assault_rifle 10-5-2020, 6:49:49 PM
gleb(gleb) used a pack_of_100_ammo_m16_assault_rifle 10-5-2020, 6:49:49 PM
gleb(gleb) used a pack_of_100_ammo_m16_assault_rifle 10-5-2020, 6:49:50 PM
gleb(gleb) used a pack_of_100_ammo_m16_assault_rifle 10-5-2020, 6:49:50 PM
gleb(gleb) used a pack_of_100_ammo_m16_assault_rifle 10-5-2020, 6:49:50 PM
gleb(gleb) used a pack_of_100_ammo_m16_assault_rifle 10-5-2020, 6:49:56 PM
gleb(gleb) used a pack_of_100_ammo_m16_assault_rifle 10-5-2020, 6:49:56 PM
gleb(gleb) used a pack_of_100_ammo_m16_assault_rifle 10-5-2020, 6:49:56 PM
gleb(gleb) used a pack_of_100_ammo_m16_assault_rifle 10-5-2020, 6:49:57 PM
gleb(gleb) used a pack_of_100_ammo_m16_assault_rifle 10-5-2020, 6:49:57 PM
gleb(gleb) used a pack_of_100_ammo_m16_assault_rifle 10-5-2020, 6:49:57 PM
gleb(gleb) used a pack_of_100_ammo_m16_assault_rifle 10-5-2020, 6:49:57 PM
gleb(gleb) used a pack_of_100_ammo_m16_assault_rifle 10-5-2020, 6:49:57 PM
gleb(gleb) used a pack_of_100_ammo_m16_assault_rifle 10-5-2020, 6:49:57 PM
gleb(gleb) used a pack_of_100_ammo_m16_assault_rifle 10-5-2020, 6:49:58 PM
gleb(gleb) used a pack_of_100_ammo_m16_assault_rifle 10-5-2020, 6:49:58 PM
gleb(gleb) used a pack_of_100_ammo_m16_assault_rifle 10-5-2020, 6:49:58 PM
gleb(gleb) used a pack_of_100_ammo_m16_assault_rifle 10-5-2020, 6:49:58 PM
gleb(gleb) used a pack_of_100_ammo_m16_assault_rifle 10-5-2020, 6:49:58 PM
gleb(gleb) used a pack_of_100_ammo_m16_assault_rifle 10-5-2020, 6:49:58 PM
gleb(gleb) used a pack_of_100_ammo_m16_assault_rifle 10-5-2020, 6:49:59 PM
gleb(gleb) used a pack_of_100_ammo_m16_assault_rifle 10-5-2020, 6:49:59 PM
gleb(gleb) used a pack_of_100_ammo_m16_assault_rifle 10-5-2020, 6:49:59 PM
gleb(gleb) used a pack_of_100_ammo_m16_assault_rifle 10-5-2020, 6:49:59 PM
gleb(gleb) used a pack_of_100_ammo_m16_assault_rifle 10-5-2020, 6:50:00 PM
gleb(gleb) used a pack_of_100_ammo_m16_assault_rifle 10-5-2020, 6:50:00 PM
gleb(gleb) used a pack_of_100_ammo_m16_assault_rifle 10-5-2020, 6:50:00 PM
gleb(gleb) used a pack_of_100_ammo_m16_assault_rifle 10-5-2020, 6:50:01 PM
gleb(gleb) used a pack_of_100_ammo_m16_assault_rifle 10-5-2020, 6:50:01 PM
gleb(gleb) used a pack_of_100_ammo_m16_assault_rifle 10-5-2020, 6:50:01 PM
gleb(gleb) used a pack_of_100_ammo_m16_assault_rifle 10-5-2020, 6:50:01 PM
gleb(gleb) used a pack_of_100_ammo_m16_assault_rifle 10-5-2020, 6:50:01 PM
gleb(gleb) used a pack_of_100_ammo_m16_assault_rifle 10-5-2020, 6:50:01 PM
gleb(gleb) used a pack_of_100_ammo_m16_assault_rifle 10-5-2020, 6:50:10 PM
gleb(gleb) used a pack_of_100_ammo_m16_assault_rifle 10-5-2020, 6:50:10 PM
gleb(gleb) used a pack_of_100_ammo_m16_assault_rifle 10-5-2020, 6:50:10 PM
gleb(gleb) used a pack_of_100_ammo_m16_assault_rifle 10-5-2020, 6:50:10 PM
gleb(gleb) used a pack_of_100_ammo_m16_assault_rifle 10-5-2020, 6:50:11 PM
gleb(gleb) used a pack_of_100_ammo_m16_assault_rifle 10-5-2020, 6:50:11 PM
gleb(gleb) used a pack_of_100_ammo_m16_assault_rifle 10-5-2020, 6:50:11 PM
gleb(gleb) used a pack_of_100_ammo_m16_assault_rifle 10-5-2020, 6:50:11 PM
gleb(gleb) used a pack_of_100_ammo_m16_assault_rifle 10-5-2020, 6:50:11 PM
gleb(gleb) used a pack_of_100_ammo_m16_assault_rifle 10-5-2020, 6:50:11 PM
gleb(gleb) used a pack_of_100_ammo_m16_assault_rifle 10-5-2020, 6:50:12 PM
gleb(gleb) used a pack_of_100_ammo_m16_assault_rifle 10-5-2020, 6:50:12 PM
gleb(gleb) used a pack_of_100_ammo_m16_assault_rifle 10-5-2020, 6:50:12 PM
gleb(gleb) used a pack_of_100_ammo_m16_assault_rifle 10-5-2020, 6:50:12 PM
gleb(gleb) used a pack_of_100_ammo_m16_assault_rifle 10-5-2020, 6:50:12 PM
gleb(gleb) used a pack_of_100_ammo_m16_assault_rifle 10-5-2020, 6:50:12 PM
gleb(gleb) used a pack_of_100_ammo_m16_assault_rifle 10-5-2020, 6:50:12 PM
gleb(gleb) used a pack_of_100_ammo_m16_assault_rifle 10-5-2020, 6:50:13 PM
gleb(gleb) used a pack_of_100_ammo_m16_assault_rifle 10-5-2020, 6:50:13 PM
gleb(gleb) used a pack_of_100_ammo_m16_assault_rifle 10-5-2020, 6:50:13 PM
gleb(gleb) used a pack_of_100_ammo_m16_assault_rifle 10-5-2020, 6:50:13 PM
gleb(gleb) used a pack_of_100_ammo_m16_assault_rifle 10-5-2020, 6:50:14 PM
gleb(gleb) used a pack_of_100_ammo_m16_assault_rifle 10-5-2020, 6:50:14 PM
gleb(gleb) used a pack_of_100_ammo_m16_assault_rifle 10-5-2020, 6:50:14 PM
gleb(gleb) used a pack_of_100_ammo_m16_assault_rifle 10-5-2020, 6:50:14 PM
gleb(gleb) used a pack_of_100_ammo_m16_assault_rifle 10-5-2020, 6:50:14 PM
gleb(gleb) used a pack_of_100_ammo_m16_assault_rifle 10-5-2020, 6:50:15 PM
gleb(gleb) used a pack_of_100_ammo_m16_assault_rifle 10-5-2020, 6:50:15 PM
gleb(gleb) used a pack_of_100_ammo_m16_assault_rifle 10-5-2020, 6:50:15 PM
gleb(gleb) used a pack_of_100_ammo_m16_assault_rifle 10-5-2020, 6:50:15 PM
gleb(gleb) used a pack_of_100_ammo_m16_assault_rifle 10-5-2020, 6:50:15 PM
gleb(gleb) used a pack_of_100_ammo_m16_assault_rifle 10-5-2020, 6:50:15 PM
gleb(gleb) used a pack_of_100_ammo_m16_assault_rifle 10-5-2020, 6:50:16 PM
gleb(gleb) used a pack_of_100_ammo_m16_assault_rifle 10-5-2020, 6:50:16 PM
gleb(gleb) used a pack_of_100_ammo_m16_assault_rifle 10-5-2020, 6:50:16 PM
gleb(gleb) used a pack_of_100_ammo_m16_assault_rifle 10-5-2020, 6:50:16 PM
gleb(gleb) used a pack_of_100_ammo_m16_assault_rifle 10-5-2020, 6:50:16 PM
gleb(gleb) used a pack_of_100_ammo_m16_assault_rifle 10-5-2020, 6:50:17 PM
gleb(gleb) used a pack_of_100_ammo_m16_assault_rifle 10-5-2020, 6:50:17 PM
gleb(gleb) used a pack_of_100_ammo_m16_assault_rifle 10-5-2020, 6:50:17 PM
gleb(gleb) used a pack_of_100_ammo_m16_assault_rifle 10-5-2020, 6:50:17 PM
gleb(gleb) used a pack_of_100_ammo_m16_assault_rifle 10-5-2020, 6:50:17 PM
gleb(gleb) used a pack_of_100_ammo_m16_assault_rifle 10-5-2020, 6:50:18 PM
gleb(gleb) used a pack_of_100_ammo_m16_assault_rifle 10-5-2020, 6:50:18 PM
gleb(gleb) used a pack_of_100_ammo_m16_assault_rifle 10-5-2020, 6:50:18 PM
gleb(gleb) used a pack_of_100_ammo_m16_assault_rifle 10-5-2020, 6:50:18 PM
gleb(gleb) used a pack_of_100_ammo_m16_assault_rifle 10-5-2020, 6:50:18 PM
gleb(gleb) used a pack_of_100_ammo_m16_assault_rifle 10-5-2020, 6:50:18 PM
gleb(gleb) used a pack_of_100_ammo_m16_assault_rifle 10-5-2020, 6:50:19 PM
gleb(gleb) used a pack_of_100_ammo_m16_assault_rifle 10-5-2020, 6:50:19 PM
gleb(gleb) used a pack_of_100_ammo_m16_assault_rifle 10-5-2020, 6:50:19 PM
gleb(gleb) used a pack_of_100_ammo_m16_assault_rifle 10-5-2020, 6:50:19 PM
gleb(gleb) used a pack_of_100_ammo_m16_assault_rifle 10-5-2020, 6:50:19 PM
gleb(gleb) used a pack_of_100_ammo_m16_assault_rifle 10-5-2020, 6:50:20 PM
gleb(gleb) used a pack_of_100_ammo_m16_assault_rifle 10-5-2020, 6:50:20 PM
gleb(gleb) used a pack_of_100_ammo_m16_assault_rifle 10-5-2020, 6:50:20 PM
gleb(gleb) used a pack_of_100_ammo_m16_assault_rifle 10-5-2020, 6:50:20 PM
gleb(gleb) used a pack_of_100_ammo_m16_assault_rifle 10-5-2020, 6:50:21 PM
gleb(gleb) used a pack_of_100_ammo_m16_assault_rifle 10-5-2020, 6:50:21 PM
gleb(gleb) used a pack_of_100_ammo_m16_assault_rifle 10-5-2020, 6:50:21 PM
gleb(gleb) used a pack_of_100_ammo_m16_assault_rifle 10-5-2020, 6:50:21 PM
gleb(gleb) used a pack_of_100_ammo_m16_assault_rifle 10-5-2020, 6:50:21 PM
gleb(gleb) used a pack_of_100_ammo_m16_assault_rifle 10-5-2020, 6:50:22 PM
gleb(gleb) used a pack_of_100_ammo_m16_assault_rifle 10-5-2020, 6:50:22 PM
gleb(gleb) used a pack_of_100_ammo_m16_assault_rifle 10-5-2020, 6:50:22 PM
gleb(gleb) used a pack_of_100_ammo_m16_assault_rifle 10-5-2020, 6:50:23 PM
gleb(gleb) used a pack_of_100_ammo_m16_assault_rifle 10-5-2020, 6:50:23 PM
gleb(gleb) used a pack_of_100_ammo_m16_assault_rifle 10-5-2020, 6:50:23 PM
gleb(gleb) used a pack_of_100_ammo_m16_assault_rifle 10-5-2020, 6:50:23 PM
gleb(gleb) used a pack_of_100_ammo_m16_assault_rifle 10-5-2020, 6:50:23 PM
gleb(gleb) used a pack_of_100_ammo_m16_assault_rifle 10-5-2020, 6:50:23 PM
gleb(gleb) used a pack_of_100_ammo_m16_assault_rifle 10-5-2020, 6:50:24 PM
gleb(gleb) used a pack_of_100_ammo_m16_assault_rifle 10-5-2020, 6:50:24 PM
gleb(gleb) used a pack_of_100_ammo_m16_assault_rifle 10-5-2020, 6:50:25 PM
gleb(gleb) used a pack_of_100_ammo_m16_assault_rifle 10-5-2020, 6:50:25 PM
gleb(gleb) used a pack_of_100_ammo_m16_assault_rifle 10-5-2020, 6:50:25 PM
gleb(gleb) used a pack_of_100_ammo_m16_assault_rifle 10-5-2020, 6:50:25 PM
gleb(gleb) used a pack_of_100_ammo_m16_assault_rifle 10-5-2020, 6:50:25 PM
gleb(gleb) used a pack_of_100_ammo_m16_assault_rifle 10-5-2020, 6:50:25 PM
gleb(gleb) used a pack_of_100_ammo_m16_assault_rifle 10-5-2020, 6:50:26 PM
gleb(gleb) used a pack_of_100_ammo_m16_assault_rifle 10-5-2020, 6:50:26 PM
gleb(gleb) used a pack_of_100_ammo_m16_assault_rifle 10-5-2020, 6:50:26 PM
gleb(gleb) used a pack_of_100_ammo_m16_assault_rifle 10-5-2020, 6:50:27 PM
gleb(gleb) used a pack_of_100_ammo_m16_assault_rifle 10-5-2020, 6:50:27 PM
gleb(gleb) used a pack_of_100_ammo_m16_assault_rifle 10-5-2020, 6:50:27 PM
gleb(gleb) used a pack_of_100_ammo_m16_assault_rifle 10-5-2020, 6:50:27 PM
gleb(gleb) used a pack_of_100_ammo_m16_assault_rifle 10-5-2020, 6:50:27 PM
gleb(gleb) used a pack_of_100_ammo_m16_assault_rifle 10-5-2020, 6:50:27 PM
gleb(gleb) used a pack_of_100_ammo_m16_assault_rifle 10-5-2020, 6:50:28 PM
gleb(gleb) used a pack_of_100_ammo_m16_assault_rifle 10-5-2020, 6:50:28 PM
gleb(gleb) used a pack_of_100_ammo_m16_assault_rifle 10-5-2020, 6:50:34 PM
gleb(gleb) used a pack_of_100_ammo_m16_assault_rifle 10-5-2020, 6:50:34 PM
gleb(gleb) used a pack_of_100_ammo_m16_assault_rifle 10-5-2020, 6:50:34 PM
gleb(gleb) used a pack_of_100_ammo_m16_assault_rifle 10-5-2020, 6:50:34 PM
gleb(gleb) used a pack_of_100_ammo_m16_assault_rifle 10-5-2020, 6:50:34 PM
gleb(gleb) used a pack_of_100_ammo_m16_assault_rifle 10-5-2020, 6:50:34 PM
gleb(gleb) used a pack_of_100_ammo_m16_assault_rifle 10-5-2020, 6:50:35 PM
gleb(gleb) used a pack_of_100_ammo_m16_assault_rifle 10-5-2020, 6:50:35 PM
gleb(gleb) used a pack_of_100_ammo_m16_assault_rifle 10-5-2020, 6:50:35 PM
gleb(gleb) used a pack_of_100_ammo_m16_assault_rifle 10-5-2020, 6:50:35 PM
gleb(gleb) used a pack_of_100_ammo_m16_assault_rifle 10-5-2020, 6:50:35 PM
gleb(gleb) used a pack_of_100_ammo_m16_assault_rifle 10-5-2020, 6:50:35 PM
gleb(gleb) used a pack_of_100_ammo_m16_assault_rifle 10-5-2020, 6:50:36 PM
gleb(gleb) used a pack_of_100_ammo_m16_assault_rifle 10-5-2020, 6:50:36 PM
gleb(gleb) used a pack_of_100_ammo_m16_assault_rifle 10-5-2020, 6:50:36 PM
gleb(gleb) used a pack_of_100_ammo_m16_assault_rifle 10-5-2020, 6:50:36 PM
gleb(gleb) used a pack_of_100_ammo_m16_assault_rifle 10-5-2020, 6:50:36 PM
gleb(gleb) used a pack_of_100_ammo_m16_assault_rifle 10-5-2020, 6:50:36 PM
gleb(gleb) used a pack_of_100_ammo_m16_assault_rifle 10-5-2020, 6:50:37 PM
gleb(gleb) used a pack_of_100_ammo_m16_assault_rifle 10-5-2020, 6:50:37 PM
gleb(gleb) used a pack_of_100_ammo_m16_assault_rifle 10-5-2020, 6:50:37 PM
gleb(gleb) used a pack_of_100_ammo_m16_assault_rifle 10-5-2020, 6:50:37 PM
gleb(gleb) used a pack_of_100_ammo_m16_assault_rifle 10-5-2020, 6:50:37 PM
gleb(gleb) used a pack_of_100_ammo_m16_assault_rifle 10-5-2020, 6:50:38 PM
gleb(gleb) used a pack_of_100_ammo_m16_assault_rifle 10-5-2020, 6:50:38 PM
gleb(gleb) used a pack_of_100_ammo_m16_assault_rifle 10-5-2020, 6:50:38 PM
gleb(gleb) used a pack_of_100_ammo_m16_assault_rifle 10-5-2020, 6:50:38 PM
gleb(gleb) used a pack_of_100_ammo_m16_assault_rifle 10-5-2020, 6:50:38 PM
gleb(gleb) used a pack_of_100_ammo_m16_assault_rifle 10-5-2020, 6:50:38 PM
gleb(gleb) used a pack_of_100_ammo_m16_assault_rifle 10-5-2020, 6:50:39 PM
gleb(gleb) used a pack_of_100_ammo_m16_assault_rifle 10-5-2020, 6:50:39 PM
gleb(gleb) used a pack_of_100_ammo_m16_assault_rifle 10-5-2020, 6:50:39 PM
gleb(gleb) used a pack_of_100_ammo_m16_assault_rifle 10-5-2020, 6:50:39 PM
gleb(gleb) used a pack_of_100_ammo_m16_assault_rifle 10-5-2020, 6:50:39 PM
gleb(gleb) used a pack_of_100_ammo_m16_assault_rifle 10-5-2020, 6:50:39 PM
gleb(gleb) used a pack_of_100_ammo_m16_assault_rifle 10-5-2020, 6:50:40 PM
gleb(gleb) used a pack_of_100_ammo_m16_assault_rifle 10-5-2020, 6:50:40 PM
gleb(gleb) used a pack_of_100_ammo_m16_assault_rifle 10-5-2020, 6:50:40 PM
gleb(gleb) used a pack_of_100_ammo_m16_assault_rifle 10-5-2020, 6:50:40 PM
gleb(gleb) used a pack_of_100_ammo_m16_assault_rifle 10-5-2020, 6:50:41 PM
gleb(gleb) used a pack_of_100_ammo_m16_assault_rifle 10-5-2020, 6:50:41 PM
gleb(gleb) used a pack_of_100_ammo_m16_assault_rifle 10-5-2020, 6:50:41 PM
gleb(gleb) used a pack_of_100_ammo_m16_assault_rifle 10-5-2020, 6:50:41 PM
gleb(gleb) used a pack_of_100_ammo_m16_assault_rifle 10-5-2020, 6:50:41 PM
gleb(gleb) used a pack_of_100_ammo_m16_assault_rifle 10-5-2020, 6:50:42 PM
gleb(gleb) used a pack_of_100_ammo_m16_assault_rifle 10-5-2020, 6:50:42 PM
gleb(gleb) used a pack_of_100_ammo_m16_assault_rifle 10-5-2020, 6:50:42 PM
gleb(gleb) used a pack_of_100_ammo_m16_assault_rifle 10-5-2020, 6:50:42 PM
gleb(gleb) used a pack_of_100_ammo_m16_assault_rifle 10-5-2020, 6:50:42 PM
gleb(gleb) used a pack_of_100_ammo_m16_assault_rifle 10-5-2020, 6:50:43 PM
gleb(gleb) used a pack_of_100_ammo_m16_assault_rifle 10-5-2020, 6:50:43 PM
gleb(gleb) used a pack_of_100_ammo_m16_assault_rifle 10-5-2020, 6:50:43 PM
gleb(gleb) used a pack_of_100_ammo_m16_assault_rifle 10-5-2020, 6:50:43 PM
gleb(gleb) used a pack_of_100_ammo_m16_assault_rifle 10-5-2020, 6:50:43 PM
gleb(gleb) used a pack_of_100_ammo_m16_assault_rifle 10-5-2020, 6:50:44 PM
gleb(gleb) used a pack_of_100_ammo_m16_assault_rifle 10-5-2020, 6:50:44 PM
gleb(gleb) used a pack_of_100_ammo_m16_assault_rifle 10-5-2020, 6:50:44 PM
gleb(gleb) used a pack_of_100_ammo_m16_assault_rifle 10-5-2020, 6:50:44 PM
gleb(gleb) used a pack_of_100_ammo_m16_assault_rifle 10-5-2020, 6:50:44 PM
gleb(gleb) used a pack_of_100_ammo_m16_assault_rifle 10-5-2020, 6:50:44 PM
gleb(gleb) used a pack_of_100_ammo_m16_assault_rifle 10-5-2020, 6:50:45 PM
gleb(gleb) used a pack_of_100_ammo_m16_assault_rifle 10-5-2020, 6:50:45 PM
gleb(gleb) used a pack_of_100_ammo_m16_assault_rifle 10-5-2020, 6:50:45 PM
gleb(gleb) used a pack_of_100_ammo_m16_assault_rifle 10-5-2020, 6:50:45 PM
gleb(gleb) used a pack_of_100_ammo_m16_assault_rifle 10-5-2020, 6:50:45 PM
gleb(gleb) used a pack_of_100_ammo_m16_assault_rifle 10-5-2020, 6:50:46 PM
gleb(gleb) used a pack_of_100_ammo_m16_assault_rifle 10-5-2020, 6:50:46 PM
gleb(gleb) used a pack_of_100_ammo_m16_assault_rifle 10-5-2020, 6:50:46 PM
gleb(gleb) used a pack_of_100_ammo_m16_assault_rifle 10-5-2020, 6:50:46 PM
gleb(gleb) used a pack_of_100_ammo_m16_assault_rifle 10-5-2020, 6:50:46 PM
gleb(gleb) used a pack_of_100_ammo_m16_assault_rifle 10-5-2020, 6:50:47 PM
gleb(gleb) used a pack_of_100_ammo_m16_assault_rifle 10-5-2020, 6:50:47 PM
gleb(gleb) used a pack_of_100_ammo_m16_assault_rifle 10-5-2020, 6:50:47 PM
gleb(gleb) used a pack_of_100_ammo_m16_assault_rifle 10-5-2020, 6:50:47 PM
gleb(gleb) used a pack_of_100_ammo_m16_assault_rifle 10-5-2020, 6:50:47 PM
gleb(gleb) used a pack_of_100_ammo_m16_assault_rifle 10-5-2020, 6:50:48 PM
gleb(gleb) used a pack_of_100_ammo_m16_assault_rifle 10-5-2020, 6:50:48 PM
gleb(gleb) used a pack_of_100_ammo_m16_assault_rifle 10-5-2020, 6:50:48 PM
gleb(gleb) used a pack_of_100_ammo_m16_assault_rifle 10-5-2020, 6:50:48 PM
gleb(gleb) used a pack_of_100_ammo_m16_assault_rifle 10-5-2020, 6:50:48 PM
gleb(gleb) used a pack_of_100_ammo_m16_assault_rifle 10-5-2020, 6:50:49 PM
gleb(gleb) used a pack_of_100_ammo_m16_assault_rifle 10-5-2020, 6:50:49 PM
gleb(gleb) used a pack_of_100_ammo_m16_assault_rifle 10-5-2020, 6:50:49 PM
gleb(gleb) used a pack_of_100_ammo_m16_assault_rifle 10-5-2020, 6:50:50 PM
gleb(gleb) used a pack_of_100_ammo_m16_assault_rifle 10-5-2020, 6:50:50 PM
gleb(gleb) used a pack_of_100_ammo_m16_assault_rifle 10-5-2020, 6:50:50 PM
gleb(gleb) used a pack_of_100_ammo_m16_assault_rifle 10-5-2020, 6:50:50 PM
gleb(gleb) used a pack_of_100_ammo_m16_assault_rifle 10-5-2020, 6:50:51 PM
gleb(gleb) used a pack_of_100_ammo_m16_assault_rifle 10-5-2020, 6:50:51 PM
gleb(gleb) used a pack_of_100_ammo_m16_assault_rifle 10-5-2020, 6:50:51 PM
gleb(gleb) used a pack_of_100_ammo_m16_assault_rifle 10-5-2020, 6:50:51 PM
gleb(gleb) used a pack_of_100_ammo_m16_assault_rifle 10-5-2020, 6:50:51 PM
gleb(gleb) used a pack_of_100_ammo_m16_assault_rifle 10-5-2020, 6:50:51 PM
gleb(gleb) used a pack_of_100_ammo_m16_assault_rifle 10-5-2020, 6:50:52 PM
gleb(gleb) used a pack_of_100_ammo_m16_assault_rifle 10-5-2020, 6:50:52 PM
gleb(gleb) used a pack_of_100_ammo_m16_assault_rifle 10-5-2020, 6:50:52 PM
gleb(gleb) used a pack_of_100_ammo_m16_assault_rifle 10-5-2020, 6:50:52 PM
gleb(gleb) used a pack_of_100_ammo_m16_assault_rifle 10-5-2020, 6:50:52 PM
gleb(gleb) used a pack_of_100_ammo_m16_assault_rifle 10-5-2020, 6:50:53 PM
gleb(gleb) used a pack_of_100_ammo_m16_assault_rifle 10-5-2020, 6:50:53 PM
gleb(gleb) used a pack_of_100_ammo_m16_assault_rifle 10-5-2020, 6:50:53 PM
gleb(gleb) used a pack_of_100_ammo_m16_assault_rifle 10-5-2020, 6:50:53 PM
gleb(gleb) used a pack_of_100_ammo_m16_assault_rifle 10-5-2020, 6:50:54 PM
gleb(gleb) used a pack_of_100_ammo_m16_assault_rifle 10-5-2020, 6:50:54 PM
gleb(gleb) used a pack_of_100_ammo_m16_assault_rifle 10-5-2020, 6:50:54 PM
gleb(gleb) used a pack_of_100_ammo_m16_assault_rifle 10-5-2020, 6:50:54 PM
gleb(gleb) used a pack_of_100_ammo_m16_assault_rifle 10-5-2020, 6:50:54 PM
gleb(gleb) used a pack_of_100_ammo_m16_assault_rifle 10-5-2020, 6:50:54 PM
gleb(gleb) used a pack_of_100_ammo_m16_assault_rifle 10-5-2020, 6:50:55 PM
gleb(gleb) used a pack_of_100_ammo_m16_assault_rifle 10-5-2020, 6:50:55 PM
gleb(gleb) used a pack_of_100_ammo_m16_assault_rifle 10-5-2020, 6:50:55 PM
gleb(gleb) used a pack_of_100_ammo_m16_assault_rifle 10-5-2020, 6:50:55 PM
gleb(gleb) used a pack_of_100_ammo_m16_assault_rifle 10-5-2020, 6:50:55 PM
gleb(gleb) used a pack_of_100_ammo_m16_assault_rifle 10-5-2020, 6:50:55 PM
gleb(gleb) used a pack_of_100_ammo_m16_assault_rifle 10-5-2020, 6:50:56 PM
gleb(gleb) used a pack_of_100_ammo_m16_assault_rifle 10-5-2020, 6:50:56 PM
gleb(gleb) used a pack_of_100_ammo_m16_assault_rifle 10-5-2020, 6:50:56 PM
gleb(gleb) used a pack_of_100_ammo_m16_assault_rifle 10-5-2020, 6:50:56 PM
gleb(gleb) used a pack_of_100_ammo_m16_assault_rifle 10-5-2020, 6:50:56 PM
gleb(gleb) used a pack_of_100_ammo_m16_assault_rifle 10-5-2020, 6:50:57 PM
gleb(gleb) used a pack_of_100_ammo_m16_assault_rifle 10-5-2020, 6:50:57 PM
gleb(gleb) used a pack_of_100_ammo_m16_assault_rifle 10-5-2020, 6:50:57 PM
gleb(gleb) used a pack_of_100_ammo_m16_assault_rifle 10-5-2020, 6:50:57 PM
gleb(gleb) used a pack_of_100_ammo_m16_assault_rifle 10-5-2020, 6:50:57 PM
gleb(gleb) used a pack_of_100_ammo_m16_assault_rifle 10-5-2020, 6:50:57 PM
gleb(gleb) used a pack_of_100_ammo_m16_assault_rifle 10-5-2020, 6:50:58 PM
gleb(gleb) used a pack_of_100_ammo_m16_assault_rifle 10-5-2020, 6:50:58 PM
gleb(gleb) used a pack_of_100_ammo_m16_assault_rifle 10-5-2020, 6:50:58 PM
gleb(gleb) used a pack_of_100_ammo_m16_assault_rifle 10-5-2020, 6:50:58 PM
gleb(gleb) used a pack_of_100_ammo_m16_assault_rifle 10-5-2020, 6:50:58 PM
gleb(gleb) used a pack_of_100_ammo_m16_assault_rifle 10-5-2020, 6:50:59 PM
gleb(gleb) used a pack_of_100_ammo_m16_assault_rifle 10-5-2020, 6:50:59 PM
gleb(gleb) used a pack_of_100_ammo_m16_assault_rifle 10-5-2020, 6:50:59 PM
gleb(gleb) used a pack_of_100_ammo_m16_assault_rifle 10-5-2020, 6:50:59 PM
gleb(gleb) used a pack_of_100_ammo_m16_assault_rifle 10-5-2020, 6:50:59 PM
gleb(gleb) used a pack_of_100_ammo_m16_assault_rifle 10-5-2020, 6:51:00 PM
gleb(gleb) used a pack_of_100_ammo_m16_assault_rifle 10-5-2020, 6:51:00 PM
gleb(gleb) used a pack_of_100_ammo_m16_assault_rifle 10-5-2020, 6:51:00 PM
gleb(gleb) used a pack_of_100_ammo_m16_assault_rifle 10-5-2020, 6:51:00 PM
gleb(gleb) used a pack_of_100_ammo_m16_assault_rifle 10-5-2020, 6:51:01 PM
gleb(gleb) used a pack_of_100_ammo_m16_assault_rifle 10-5-2020, 6:51:01 PM
gleb(gleb) used a pack_of_100_ammo_m16_assault_rifle 10-5-2020, 6:51:01 PM
gleb(gleb) used a pack_of_100_ammo_m16_assault_rifle 10-5-2020, 6:51:01 PM
gleb(gleb) used a pack_of_100_ammo_m16_assault_rifle 10-5-2020, 6:51:02 PM
gleb(gleb) used a pack_of_100_ammo_m16_assault_rifle 10-5-2020, 6:51:02 PM
gleb(gleb) used a pack_of_100_ammo_m16_assault_rifle 10-5-2020, 6:51:02 PM
gleb(gleb) used a pack_of_100_ammo_m16_assault_rifle 10-5-2020, 6:51:02 PM
gleb(gleb) used a pack_of_100_ammo_m16_assault_rifle 10-5-2020, 6:51:03 PM
gleb(gleb) used a pack_of_100_ammo_m16_assault_rifle 10-5-2020, 6:51:03 PM
gleb(gleb) used a pack_of_100_ammo_m16_assault_rifle 10-5-2020, 6:51:03 PM
gleb(gleb) used a pack_of_100_ammo_m16_assault_rifle 10-5-2020, 6:51:03 PM
gleb(gleb) used a pack_of_100_ammo_m16_assault_rifle 10-5-2020, 6:51:03 PM
gleb(gleb) used a pack_of_100_ammo_m16_assault_rifle 10-5-2020, 6:51:03 PM
gleb(gleb) used a pack_of_100_ammo_m16_assault_rifle 10-5-2020, 6:51:04 PM
gleb(gleb) used a pack_of_100_ammo_m16_assault_rifle 10-5-2020, 6:51:04 PM
gleb(gleb) used a pack_of_100_ammo_m16_assault_rifle 10-5-2020, 6:51:04 PM
gleb(gleb) used a pack_of_100_ammo_m16_assault_rifle 10-5-2020, 6:51:04 PM
gleb(gleb) used a pack_of_100_ammo_m16_assault_rifle 10-5-2020, 6:51:04 PM
gleb(gleb) used a pack_of_100_ammo_m16_assault_rifle 10-5-2020, 6:51:05 PM
gleb(gleb) used a pack_of_100_ammo_m16_assault_rifle 10-5-2020, 6:51:05 PM
gleb(gleb) used a pack_of_100_ammo_m16_assault_rifle 10-5-2020, 6:51:05 PM
gleb(gleb) used a pack_of_100_ammo_m16_assault_rifle 10-5-2020, 6:51:05 PM
gleb(gleb) used a pack_of_100_ammo_m16_assault_rifle 10-5-2020, 6:51:05 PM
gleb(gleb) used a pack_of_100_ammo_m16_assault_rifle 10-5-2020, 6:51:06 PM
gleb(gleb) used a pack_of_100_ammo_m16_assault_rifle 10-5-2020, 6:51:06 PM
gleb(gleb) used a pack_of_100_ammo_m16_assault_rifle 10-5-2020, 6:51:06 PM
gleb(gleb) used a pack_of_100_ammo_m16_assault_rifle 10-5-2020, 6:51:06 PM
gleb(gleb) used a pack_of_100_ammo_m16_assault_rifle 10-5-2020, 6:51:07 PM
gleb(gleb) used a pack_of_100_ammo_m16_assault_rifle 10-5-2020, 6:51:07 PM
gleb(gleb) used a pack_of_100_ammo_m16_assault_rifle 10-5-2020, 6:51:07 PM
gleb(gleb) used a pack_of_100_ammo_m16_assault_rifle 10-5-2020, 6:51:07 PM
gleb(gleb) used a pack_of_100_ammo_m16_assault_rifle 10-5-2020, 6:51:07 PM
gleb(gleb) used a pack_of_100_ammo_m16_assault_rifle 10-5-2020, 6:51:08 PM
gleb(gleb) used a pack_of_100_ammo_m16_assault_rifle 10-5-2020, 6:51:08 PM
gleb(gleb) used a pack_of_100_ammo_m16_assault_rifle 10-5-2020, 6:51:08 PM
gleb(gleb) used a pack_of_100_ammo_m16_assault_rifle 10-5-2020, 6:51:08 PM
gleb(gleb) used a pack_of_100_ammo_m16_assault_rifle 10-5-2020, 6:51:09 PM
gleb(gleb) used a pack_of_100_ammo_m16_assault_rifle 10-5-2020, 6:51:10 PM
gleb(gleb) used a pack_of_100_ammo_m16_assault_rifle 10-5-2020, 6:51:10 PM
gleb(gleb) used a pack_of_100_ammo_m16_assault_rifle 10-5-2020, 6:51:10 PM
gleb(gleb) used a pack_of_100_ammo_m16_assault_rifle 10-5-2020, 6:51:10 PM
gleb(gleb) used a pack_of_100_ammo_m16_assault_rifle 10-5-2020, 6:51:10 PM
gleb(gleb) used a pack_of_100_ammo_m16_assault_rifle 10-5-2020, 6:51:11 PM
gleb(gleb) used a pack_of_100_ammo_m16_assault_rifle 10-5-2020, 6:51:11 PM
gleb(gleb) used a pack_of_100_ammo_m16_assault_rifle 10-5-2020, 6:51:11 PM
gleb(gleb) used a pack_of_100_ammo_m16_assault_rifle 10-5-2020, 6:51:11 PM
gleb(gleb) used a pack_of_100_ammo_m16_assault_rifle 10-5-2020, 6:51:11 PM
gleb(gleb) used a pack_of_100_ammo_m16_assault_rifle 10-5-2020, 6:51:11 PM
gleb(gleb) used a pack_of_100_ammo_m16_assault_rifle 10-5-2020, 6:51:11 PM
gleb(gleb) used a pack_of_100_ammo_m16_assault_rifle 10-5-2020, 6:51:12 PM
gleb(gleb) used a pack_of_100_ammo_m16_assault_rifle 10-5-2020, 6:51:12 PM
gleb(gleb) used a pack_of_100_ammo_m16_assault_rifle 10-5-2020, 6:51:12 PM
gleb(gleb) used a pack_of_100_ammo_m16_assault_rifle 10-5-2020, 6:51:12 PM
gleb(gleb) used a pack_of_100_ammo_m16_assault_rifle 10-5-2020, 6:51:12 PM
gleb(gleb) used a pack_of_100_ammo_m16_assault_rifle 10-5-2020, 6:51:12 PM
gleb(gleb) used a pack_of_100_ammo_m16_assault_rifle 10-5-2020, 6:51:13 PM
gleb(gleb) used a pack_of_100_ammo_m16_assault_rifle 10-5-2020, 6:51:13 PM
gleb(gleb) used a pack_of_100_ammo_m16_assault_rifle 10-5-2020, 6:51:13 PM
gleb(gleb) used a pack_of_100_ammo_m16_assault_rifle 10-5-2020, 6:51:13 PM
gleb(gleb) used a pack_of_100_ammo_m16_assault_rifle 10-5-2020, 6:51:13 PM
gleb(gleb) used a pack_of_100_ammo_m16_assault_rifle 10-5-2020, 6:51:18 PM
gleb(gleb) used a pack_of_100_ammo_m16_assault_rifle 10-5-2020, 6:51:18 PM
gleb(gleb) used a pack_of_100_ammo_m16_assault_rifle 10-5-2020, 6:51:19 PM
gleb(gleb) used a pack_of_100_ammo_m16_assault_rifle 10-5-2020, 6:51:19 PM
gleb(gleb) used a pack_of_100_ammo_m16_assault_rifle 10-5-2020, 6:51:19 PM
gleb(gleb) used a pack_of_100_ammo_m16_assault_rifle 10-5-2020, 6:51:19 PM
gleb(gleb) used a pack_of_100_ammo_m16_assault_rifle 10-5-2020, 6:51:19 PM
gleb(gleb) used a pack_of_100_ammo_m16_assault_rifle 10-5-2020, 6:51:20 PM
gleb(gleb) used a pack_of_100_ammo_m16_assault_rifle 10-5-2020, 6:51:20 PM
gleb(gleb) used a pack_of_100_ammo_m16_assault_rifle 10-5-2020, 6:51:20 PM
gleb(gleb) used a pack_of_100_ammo_m16_assault_rifle 10-5-2020, 6:51:20 PM
gleb(gleb) used a pack_of_100_ammo_m16_assault_rifle 10-5-2020, 6:51:20 PM
gleb(gleb) used a pack_of_100_ammo_m16_assault_rifle 10-5-2020, 6:51:20 PM
gleb(gleb) used a pack_of_100_ammo_m16_assault_rifle 10-5-2020, 6:51:21 PM
gleb(gleb) used a pack_of_100_ammo_m16_assault_rifle 10-5-2020, 6:51:21 PM
gleb(gleb) used a pack_of_100_ammo_m16_assault_rifle 10-5-2020, 6:51:21 PM
gleb(gleb) used a pack_of_100_ammo_m16_assault_rifle 10-5-2020, 6:51:21 PM
gleb(gleb) used a pack_of_100_ammo_m16_assault_rifle 10-5-2020, 6:51:21 PM
gleb(gleb) used a pack_of_100_ammo_m16_assault_rifle 10-5-2020, 6:51:22 PM
gleb(gleb) used a pack_of_100_ammo_m16_assault_rifle 10-5-2020, 6:51:22 PM
gleb(gleb) used a pack_of_100_ammo_m16_assault_rifle 10-5-2020, 6:51:22 PM
gleb(gleb) used a pack_of_100_ammo_m16_assault_rifle 10-5-2020, 6:51:22 PM
gleb(gleb) used a barrett_m82_sniper_rifle 10-5-2020, 6:52:54 PM
gleb(gleb) used a mlk_207_combat_rifle 10-5-2020, 6:54:16 PM