
trevor(trevor) used a health_drink 8-22-2020, 6:04:52 AM
trevor(trevor) used a health_drink 8-22-2020, 6:04:52 AM
trevor(trevor) used a health_drink 8-22-2020, 6:04:52 AM
trevor(trevor) used a health_drink 8-22-2020, 6:04:52 AM
trevor(trevor) used a health_drink 8-22-2020, 6:04:53 AM
trevor(trevor) used a health_drink 8-22-2020, 6:04:53 AM
trevor(trevor) used a awp 8-22-2020, 6:04:57 AM
trevor(trevor) used a health_drink 8-22-2020, 6:05:00 AM
trevor(trevor) used a health_drink 8-22-2020, 6:05:00 AM
trevor(trevor) used a health_drink 8-22-2020, 6:05:00 AM
trevor(trevor) used a health_drink 8-22-2020, 6:05:01 AM
trevor(trevor) used a health_drink 8-22-2020, 6:05:02 AM
trevor(trevor) used a health_drink 8-22-2020, 6:05:03 AM
trevor(trevor) used a health_drink 8-22-2020, 6:05:03 AM
trevor(trevor) used a health_drink 8-22-2020, 6:05:03 AM
trevor(trevor) used a health_drink 8-22-2020, 6:05:03 AM
trevor(trevor) used a health_drink 8-22-2020, 6:05:04 AM
trevor(trevor) used a health_drink 8-22-2020, 6:05:06 AM
trevor(trevor) used a health_drink 8-22-2020, 6:05:07 AM
trevor(trevor) used a health_drink 8-22-2020, 6:05:07 AM
trevor(trevor) used a health_drink 8-22-2020, 6:05:13 AM
trevor(trevor) used a health_drink 8-22-2020, 6:05:13 AM
trevor(trevor) used a health_drink 8-22-2020, 6:05:13 AM
trevor(trevor) used a health_drink 8-22-2020, 6:05:14 AM
trevor(trevor) used a health_drink 8-22-2020, 6:05:34 AM
trevor(trevor) used a health_drink 8-22-2020, 6:05:35 AM
trevor(trevor) used a health_drink 8-22-2020, 6:05:35 AM
trevor(trevor) used a health_drink 8-22-2020, 6:05:35 AM
trevor(trevor) used a health_drink 8-22-2020, 6:05:38 AM
trevor(trevor) used a health_drink 8-22-2020, 6:05:38 AM
trevor(trevor) used a health_drink 8-22-2020, 6:05:38 AM
trevor(trevor) used a health_drink 8-22-2020, 6:05:40 AM
trevor(trevor) used a health_drink 8-22-2020, 6:05:41 AM
trevor(trevor) used a health_drink 8-22-2020, 6:05:41 AM
trevor(trevor) used a health_drink 8-22-2020, 6:05:41 AM
trevor(trevor) used a health_drink 8-22-2020, 6:05:42 AM
trevor(trevor) used a health_drink 8-22-2020, 6:05:42 AM
trevor(trevor) used a rocket_launcher 8-22-2020, 6:05:54 AM
trevor(trevor) used a bottle_bomb 8-22-2020, 6:10:02 AM
trevor(trevor) used a bottle_bomb 8-22-2020, 6:10:35 AM
trevor(trevor) used a bottle_bomb 8-22-2020, 6:10:35 AM
trevor(trevor) used a bottle_bomb 8-22-2020, 6:10:35 AM
trevor(trevor) used a bottle_bomb 8-22-2020, 6:10:35 AM
trevor(trevor) used a bottle_bomb 8-22-2020, 6:10:39 AM
trevor(trevor) used a bottle_bomb 8-22-2020, 6:10:40 AM
trevor(trevor) used a bottle_bomb 8-22-2020, 6:10:40 AM
trevor(trevor) used a bottle_bomb 8-22-2020, 6:10:40 AM
trevor(trevor) used a bottle_bomb 8-22-2020, 6:10:40 AM
trevor(trevor) used a bottle_bomb 8-22-2020, 6:10:40 AM
trevor(trevor) used a bottle_bomb 8-22-2020, 6:10:40 AM
trevor(trevor) used a bottle_bomb 8-22-2020, 6:10:40 AM
trevor(trevor) used a bottle_bomb 8-22-2020, 6:10:41 AM
trevor(trevor) used a bottle_bomb 8-22-2020, 6:10:41 AM
trevor(trevor) used a bottle_bomb 8-22-2020, 6:10:41 AM
trevor(trevor) used a bottle_bomb 8-22-2020, 6:10:54 AM
trevor(trevor) used a bottle_bomb 8-22-2020, 6:10:54 AM
trevor(trevor) used a bottle_bomb 8-22-2020, 6:10:54 AM
trevor(trevor) used a health_drink 8-22-2020, 6:11:01 AM
trevor(trevor) used a bottle_bomb 8-22-2020, 6:11:03 AM
trevor(trevor) used a bottle_bomb 8-22-2020, 6:11:03 AM
trevor(trevor) used a bottle_bomb 8-22-2020, 6:11:03 AM
trevor(trevor) used a bottle_bomb 8-22-2020, 6:11:03 AM
trevor(trevor) used a bottle_bomb 8-22-2020, 6:11:03 AM
trevor(trevor) used a bottle_bomb 8-22-2020, 6:11:04 AM
trevor(trevor) used a bottle_bomb 8-22-2020, 6:11:04 AM
trevor(trevor) used a bottle_bomb 8-22-2020, 6:11:08 AM
trevor(trevor) used a bottle_bomb 8-22-2020, 6:11:08 AM
trevor(trevor) used a bottle_bomb 8-22-2020, 6:11:09 AM
trevor(trevor) used a bottle_bomb 8-22-2020, 6:11:09 AM
trevor(trevor) used a bottle_bomb 8-22-2020, 6:11:09 AM
trevor(trevor) used a bottle_bomb 8-22-2020, 6:11:09 AM
trevor(trevor) used a bottle_bomb 8-22-2020, 6:11:09 AM
trevor(trevor) used a bottle_bomb 8-22-2020, 6:11:09 AM
trevor(trevor) used a bottle_bomb 8-22-2020, 6:11:09 AM
trevor(trevor) used a bottle_bomb 8-22-2020, 6:11:10 AM
trevor(trevor) used a bottle_bomb 8-22-2020, 6:11:10 AM
trevor(trevor) used a bottle_bomb 8-22-2020, 6:11:10 AM
trevor(trevor) used a bottle_bomb 8-22-2020, 6:11:10 AM
trevor(trevor) used a bottle_bomb 8-22-2020, 6:11:10 AM
trevor(trevor) used a bottle_bomb 8-22-2020, 6:11:10 AM
trevor(trevor) used a bottle_bomb 8-22-2020, 6:11:10 AM
trevor(trevor) used a bottle_bomb 8-22-2020, 6:11:16 AM
trevor(trevor) used a bottle_bomb 8-22-2020, 6:11:16 AM
trevor(trevor) used a bottle_bomb 8-22-2020, 6:11:16 AM
trevor(trevor) used a bottle_bomb 8-22-2020, 6:11:16 AM
trevor(trevor) used a bottle_bomb 8-22-2020, 6:11:16 AM
trevor(trevor) used a bottle_bomb 8-22-2020, 6:11:16 AM
trevor(trevor) used a bottle_bomb 8-22-2020, 6:11:17 AM
trevor(trevor) used a bottle_bomb 8-22-2020, 6:11:17 AM
trevor(trevor) used a bottle_bomb 8-22-2020, 6:11:17 AM
trevor(trevor) used a bottle_bomb 8-22-2020, 6:11:17 AM
trevor(trevor) used a bottle_bomb 8-22-2020, 6:11:18 AM
trevor(trevor) used a bottle_bomb 8-22-2020, 6:11:18 AM
trevor(trevor) used a bottle_bomb 8-22-2020, 6:11:18 AM
trevor(trevor) used a bottle_bomb 8-22-2020, 6:11:18 AM
trevor(trevor) used a bottle_bomb 8-22-2020, 6:11:18 AM
trevor(trevor) used a bottle_bomb 8-22-2020, 6:11:18 AM
trevor(trevor) used a bottle_bomb 8-22-2020, 6:11:19 AM
trevor(trevor) used a bottle_bomb 8-22-2020, 6:11:19 AM
trevor(trevor) used a bottle_bomb 8-22-2020, 6:11:19 AM
trevor(trevor) used a bottle_bomb 8-22-2020, 6:11:19 AM
trevor(trevor) used a bottle_bomb 8-22-2020, 6:11:19 AM
trevor(trevor) used a bottle_bomb 8-22-2020, 6:11:19 AM
trevor(trevor) used a bottle_bomb 8-22-2020, 6:11:20 AM
trevor(trevor) used a bottle_bomb 8-22-2020, 6:11:20 AM
trevor(trevor) used a bottle_bomb 8-22-2020, 6:11:32 AM
trevor(trevor) used a bottle_bomb 8-22-2020, 6:11:32 AM
trevor(trevor) used a bottle_bomb 8-22-2020, 6:11:33 AM
trevor(trevor) used a bottle_bomb 8-22-2020, 6:11:33 AM
trevor(trevor) used a bottle_bomb 8-22-2020, 6:11:33 AM
trevor(trevor) used a bottle_bomb 8-22-2020, 6:11:33 AM
trevor(trevor) used a bottle_bomb 8-22-2020, 6:11:33 AM
trevor(trevor) used a bottle_bomb 8-22-2020, 6:11:34 AM
trevor(trevor) used a bottle_bomb 8-22-2020, 6:11:34 AM
trevor(trevor) used a bottle_bomb 8-22-2020, 6:11:34 AM
trevor(trevor) used a bottle_bomb 8-22-2020, 6:11:34 AM
trevor(trevor) used a bottle_bomb 8-22-2020, 6:11:34 AM
trevor(trevor) used a bottle_bomb 8-22-2020, 6:11:34 AM
trevor(trevor) used a bottle_bomb 8-22-2020, 6:11:34 AM
trevor(trevor) used a bottle_bomb 8-22-2020, 6:11:34 AM
trevor(trevor) used a bottle_bomb 8-22-2020, 6:11:35 AM
trevor(trevor) used a bottle_bomb 8-22-2020, 6:11:35 AM
trevor(trevor) used a bottle_bomb 8-22-2020, 6:11:35 AM
trevor(trevor) used a bottle_bomb 8-22-2020, 6:11:35 AM
trevor(trevor) used a bottle_bomb 8-22-2020, 6:11:35 AM
trevor(trevor) used a bottle_bomb 8-22-2020, 6:11:35 AM
trevor(trevor) used a bottle_bomb 8-22-2020, 6:12:04 AM
trevor(trevor) used a bottle_bomb 8-22-2020, 6:12:04 AM
trevor(trevor) used a bottle_bomb 8-22-2020, 6:12:04 AM
trevor(trevor) used a bottle_bomb 8-22-2020, 6:12:04 AM
trevor(trevor) used a bottle_bomb 8-22-2020, 6:12:05 AM
trevor(trevor) used a bottle_bomb 8-22-2020, 6:12:05 AM
trevor(trevor) used a bottle_bomb 8-22-2020, 6:12:05 AM
trevor(trevor) used a health_drink 8-22-2020, 6:12:12 AM
trevor(trevor) used a health_drink 8-22-2020, 6:13:10 AM
trevor(trevor) used a health_drink 8-22-2020, 6:13:10 AM
trevor(trevor) used a health_drink 8-22-2020, 6:13:11 AM
trevor(trevor) used a health_drink 8-22-2020, 6:13:11 AM
trevor(trevor) used a health_drink 8-22-2020, 6:13:11 AM
trevor(trevor) used a warp_box 8-22-2020, 6:14:23 AM
trevor(trevor) used a wood_pack 8-22-2020, 6:14:45 AM
trevor(trevor) used a wood_pack 8-22-2020, 6:14:45 AM
trevor(trevor) used a wood_pack 8-22-2020, 6:14:45 AM
trevor(trevor) used a wood_pack 8-22-2020, 6:14:46 AM
trevor(trevor) used a wood_pack 8-22-2020, 6:14:46 AM
trevor(trevor) used a wood_pack 8-22-2020, 6:14:46 AM
trevor(trevor) used a wood_pack 8-22-2020, 6:14:46 AM
trevor(trevor) used a wood_pack 8-22-2020, 6:14:46 AM
trevor(trevor) used a wood_pack 8-22-2020, 6:14:46 AM
trevor(trevor) used a wood_pack 8-22-2020, 6:14:46 AM
trevor(trevor) used a wood_pack 8-22-2020, 6:14:47 AM
trevor(trevor) used a wood_pack 8-22-2020, 6:14:47 AM
trevor(trevor) used a wood_pack 8-22-2020, 6:14:47 AM
trevor(trevor) used a wood_pack 8-22-2020, 6:14:47 AM
trevor(trevor) used a wood_pack 8-22-2020, 6:14:47 AM
trevor(trevor) used a wood_pack 8-22-2020, 6:14:47 AM
trevor(trevor) used a wood_pack 8-22-2020, 6:14:47 AM
trevor(trevor) used a wood_pack 8-22-2020, 6:14:47 AM
trevor(trevor) used a wood_pack 8-22-2020, 6:14:48 AM
trevor(trevor) used a wood_pack 8-22-2020, 6:14:48 AM
trevor(trevor) used a wood_pack 8-22-2020, 6:14:48 AM
trevor(trevor) used a wood_pack 8-22-2020, 6:14:48 AM
trevor(trevor) used a wood_pack 8-22-2020, 6:14:48 AM
trevor(trevor) used a wood_pack 8-22-2020, 6:14:49 AM
trevor(trevor) used a wood_pack 8-22-2020, 6:14:49 AM
trevor(trevor) used a wood_pack 8-22-2020, 6:14:49 AM
trevor(trevor) used a wood_pack 8-22-2020, 6:14:49 AM
trevor(trevor) used a wood_pack 8-22-2020, 6:14:49 AM
trevor(trevor) used a wood_pack 8-22-2020, 6:14:49 AM
trevor(trevor) used a wood_pack 8-22-2020, 6:14:49 AM
trevor(trevor) used a wood_pack 8-22-2020, 6:14:50 AM
trevor(trevor) used a wood_pack 8-22-2020, 6:14:50 AM
trevor(trevor) used a wood_pack 8-22-2020, 6:14:50 AM
trevor(trevor) used a wood_pack 8-22-2020, 6:14:50 AM
trevor(trevor) used a wood_pack 8-22-2020, 6:14:50 AM
trevor(trevor) used a wood_pack 8-22-2020, 6:14:50 AM
trevor(trevor) used a wood_pack 8-22-2020, 6:14:50 AM
trevor(trevor) used a wood_pack 8-22-2020, 6:14:51 AM
trevor(trevor) used a wood_pack 8-22-2020, 6:14:51 AM
trevor(trevor) used a wood_pack 8-22-2020, 6:14:51 AM
trevor(trevor) used a wood_pack 8-22-2020, 6:14:51 AM
trevor(trevor) used a wood_pack 8-22-2020, 6:14:51 AM
trevor(trevor) used a wood_pack 8-22-2020, 6:14:51 AM
trevor(trevor) used a wood_pack 8-22-2020, 6:14:52 AM
trevor(trevor) used a wood_pack 8-22-2020, 6:14:52 AM
trevor(trevor) used a wood_pack 8-22-2020, 6:14:52 AM
trevor(trevor) used a wood_pack 8-22-2020, 6:14:52 AM
trevor(trevor) used a wood_pack 8-22-2020, 6:14:52 AM
trevor(trevor) used a wood_pack 8-22-2020, 6:14:52 AM
trevor(trevor) used a wood_pack 8-22-2020, 6:14:52 AM
trevor(trevor) used a wood_pack 8-22-2020, 6:14:53 AM
trevor(trevor) used a wood_pack 8-22-2020, 6:14:53 AM
trevor(trevor) used a wood_pack 8-22-2020, 6:14:53 AM
trevor(trevor) used a wood_pack 8-22-2020, 6:14:53 AM
trevor(trevor) used a wood_pack 8-22-2020, 6:14:53 AM
trevor(trevor) used a wood_pack 8-22-2020, 6:14:53 AM
trevor(trevor) used a wood_pack 8-22-2020, 6:14:53 AM
trevor(trevor) used a wood_pack 8-22-2020, 6:14:54 AM
trevor(trevor) used a wood_pack 8-22-2020, 6:14:54 AM
trevor(trevor) used a wood_pack 8-22-2020, 6:14:54 AM
trevor(trevor) used a wood_pack 8-22-2020, 6:14:54 AM
trevor(trevor) used a wood_pack 8-22-2020, 6:14:54 AM
trevor(trevor) used a wood_pack 8-22-2020, 6:14:54 AM
trevor(trevor) used a wood_pack 8-22-2020, 6:14:55 AM
trevor(trevor) used a wood_pack 8-22-2020, 6:14:55 AM
trevor(trevor) used a wood_pack 8-22-2020, 6:14:55 AM
trevor(trevor) used a wood_pack 8-22-2020, 6:14:55 AM
trevor(trevor) used a wood_pack 8-22-2020, 6:14:55 AM
trevor(trevor) used a wood_pack 8-22-2020, 6:14:55 AM
trevor(trevor) used a wood_pack 8-22-2020, 6:14:56 AM
trevor(trevor) used a wood_pack 8-22-2020, 6:14:56 AM
trevor(trevor) used a wood_pack 8-22-2020, 6:14:56 AM
trevor(trevor) used a wood_pack 8-22-2020, 6:14:56 AM
trevor(trevor) used a wood_pack 8-22-2020, 6:14:56 AM
trevor(trevor) used a wood_pack 8-22-2020, 6:14:56 AM
trevor(trevor) used a wood_pack 8-22-2020, 6:14:56 AM
trevor(trevor) used a wood_pack 8-22-2020, 6:14:57 AM
trevor(trevor) used a wood_pack 8-22-2020, 6:14:57 AM
trevor(trevor) used a wood_pack 8-22-2020, 6:14:57 AM
trevor(trevor) used a wood_pack 8-22-2020, 6:14:57 AM
trevor(trevor) used a wood_pack 8-22-2020, 6:14:57 AM
trevor(trevor) used a wood_pack 8-22-2020, 6:14:57 AM
trevor(trevor) used a wood_pack 8-22-2020, 6:14:58 AM
trevor(trevor) used a wood_pack 8-22-2020, 6:14:58 AM
trevor(trevor) used a wood_pack 8-22-2020, 6:14:58 AM
trevor(trevor) used a wood_pack 8-22-2020, 6:14:58 AM
trevor(trevor) used a wood_pack 8-22-2020, 6:14:58 AM
trevor(trevor) used a wood_pack 8-22-2020, 6:14:58 AM
trevor(trevor) used a wood_pack 8-22-2020, 6:14:59 AM
trevor(trevor) used a wood_pack 8-22-2020, 6:14:59 AM
trevor(trevor) used a wood_pack 8-22-2020, 6:14:59 AM
trevor(trevor) used a wood_pack 8-22-2020, 6:14:59 AM
trevor(trevor) used a wood_pack 8-22-2020, 6:14:59 AM
trevor(trevor) used a wood_pack 8-22-2020, 6:14:59 AM
trevor(trevor) used a wood_pack 8-22-2020, 6:15:00 AM
trevor(trevor) used a wood_pack 8-22-2020, 6:15:00 AM
trevor(trevor) used a wood_pack 8-22-2020, 6:15:00 AM
trevor(trevor) used a wood_pack 8-22-2020, 6:15:00 AM
trevor(trevor) used a wood_pack 8-22-2020, 6:15:00 AM
trevor(trevor) used a wood_pack 8-22-2020, 6:15:00 AM
trevor(trevor) used a wood_pack 8-22-2020, 6:15:01 AM
trevor(trevor) used a wood_pack 8-22-2020, 6:15:01 AM
trevor(trevor) used a wood_pack 8-22-2020, 6:15:01 AM
trevor(trevor) used a wood_pack 8-22-2020, 6:15:01 AM
trevor(trevor) used a wood_pack 8-22-2020, 6:15:01 AM
trevor(trevor) used a wood_pack 8-22-2020, 6:15:01 AM
trevor(trevor) used a wood_pack 8-22-2020, 6:15:02 AM
trevor(trevor) used a wood_pack 8-22-2020, 6:15:02 AM
trevor(trevor) used a wood_pack 8-22-2020, 6:15:02 AM
trevor(trevor) used a wood_pack 8-22-2020, 6:15:02 AM
trevor(trevor) used a wood_pack 8-22-2020, 6:15:02 AM
trevor(trevor) used a wood_pack 8-22-2020, 6:15:02 AM
trevor(trevor) used a wood_pack 8-22-2020, 6:15:03 AM
trevor(trevor) used a wood_pack 8-22-2020, 6:15:03 AM
trevor(trevor) used a wood_pack 8-22-2020, 6:15:03 AM
trevor(trevor) used a wood_pack 8-22-2020, 6:15:03 AM
trevor(trevor) used a wood_pack 8-22-2020, 6:15:03 AM
trevor(trevor) used a wood_pack 8-22-2020, 6:15:03 AM
trevor(trevor) used a wood_pack 8-22-2020, 6:15:04 AM
trevor(trevor) used a wood_pack 8-22-2020, 6:15:04 AM
trevor(trevor) used a wood_pack 8-22-2020, 6:15:04 AM
trevor(trevor) used a wood_pack 8-22-2020, 6:15:04 AM
trevor(trevor) used a wood_pack 8-22-2020, 6:15:04 AM
trevor(trevor) used a wood_pack 8-22-2020, 6:15:04 AM
trevor(trevor) used a wood_pack 8-22-2020, 6:15:05 AM
trevor(trevor) used a wood_pack 8-22-2020, 6:15:05 AM
trevor(trevor) used a wood_pack 8-22-2020, 6:15:05 AM
trevor(trevor) used a wood_pack 8-22-2020, 6:15:05 AM
trevor(trevor) used a wood_pack 8-22-2020, 6:15:05 AM
trevor(trevor) used a wood_pack 8-22-2020, 6:15:05 AM
trevor(trevor) used a wood_pack 8-22-2020, 6:15:06 AM
trevor(trevor) used a wood_pack 8-22-2020, 6:15:06 AM
trevor(trevor) used a wood_pack 8-22-2020, 6:15:06 AM
trevor(trevor) used a wood_pack 8-22-2020, 6:15:06 AM
trevor(trevor) used a wood_pack 8-22-2020, 6:15:06 AM
trevor(trevor) used a wood_pack 8-22-2020, 6:15:06 AM
trevor(trevor) used a wood_pack 8-22-2020, 6:15:07 AM
trevor(trevor) used a wood_pack 8-22-2020, 6:15:07 AM
trevor(trevor) used a wood_pack 8-22-2020, 6:15:07 AM
trevor(trevor) used a wood_pack 8-22-2020, 6:15:07 AM
trevor(trevor) used a wood_pack 8-22-2020, 6:15:07 AM
trevor(trevor) used a wood_pack 8-22-2020, 6:15:07 AM
trevor(trevor) used a wood_pack 8-22-2020, 6:15:08 AM
trevor(trevor) used a wood_pack 8-22-2020, 6:15:08 AM
trevor(trevor) used a wood_pack 8-22-2020, 6:15:08 AM
trevor(trevor) used a wood_pack 8-22-2020, 6:15:08 AM
trevor(trevor) used a wood_pack 8-22-2020, 6:15:08 AM
trevor(trevor) used a wood_pack 8-22-2020, 6:15:08 AM
trevor(trevor) used a wood_pack 8-22-2020, 6:15:09 AM
trevor(trevor) used a wood_pack 8-22-2020, 6:15:09 AM
trevor(trevor) used a wood_pack 8-22-2020, 6:15:09 AM
trevor(trevor) used a wood_pack 8-22-2020, 6:15:09 AM
trevor(trevor) used a wood_pack 8-22-2020, 6:15:09 AM
trevor(trevor) used a wood_pack 8-22-2020, 6:15:09 AM
trevor(trevor) used a wood_pack 8-22-2020, 6:15:10 AM
trevor(trevor) used a wood_pack 8-22-2020, 6:15:10 AM
trevor(trevor) used a wood_pack 8-22-2020, 6:15:10 AM
trevor(trevor) used a wood_pack 8-22-2020, 6:15:10 AM
trevor(trevor) used a wood_pack 8-22-2020, 6:15:10 AM
trevor(trevor) used a wood_pack 8-22-2020, 6:15:10 AM
trevor(trevor) used a wood_pack 8-22-2020, 6:15:11 AM
trevor(trevor) used a wood_pack 8-22-2020, 6:15:11 AM
trevor(trevor) used a wood_pack 8-22-2020, 6:15:11 AM
trevor(trevor) used a wood_pack 8-22-2020, 6:15:11 AM
trevor(trevor) used a wood_pack 8-22-2020, 6:15:11 AM
trevor(trevor) used a wood_pack 8-22-2020, 6:15:11 AM
trevor(trevor) used a wood_pack 8-22-2020, 6:15:12 AM
trevor(trevor) used a wood_pack 8-22-2020, 6:15:12 AM
trevor(trevor) used a wood_pack 8-22-2020, 6:15:12 AM
trevor(trevor) used a wood_pack 8-22-2020, 6:15:12 AM
trevor(trevor) used a wood_pack 8-22-2020, 6:15:12 AM
trevor(trevor) used a wood_pack 8-22-2020, 6:15:12 AM
trevor(trevor) used a wood_pack 8-22-2020, 6:15:12 AM
trevor(trevor) used a wood_pack 8-22-2020, 6:15:13 AM
trevor(trevor) used a wood_pack 8-22-2020, 6:15:13 AM
trevor(trevor) used a wood_pack 8-22-2020, 6:15:13 AM
trevor(trevor) used a wood_pack 8-22-2020, 6:15:13 AM
trevor(trevor) used a wood_pack 8-22-2020, 6:15:13 AM
trevor(trevor) used a wood_pack 8-22-2020, 6:15:13 AM
trevor(trevor) used a wood_pack 8-22-2020, 6:15:14 AM
trevor(trevor) used a wood_pack 8-22-2020, 6:15:14 AM
trevor(trevor) used a wood 8-22-2020, 6:15:30 AM
trevor(trevor) used a wood 8-22-2020, 6:15:49 AM
trevor(trevor) used a fuel_tank 8-22-2020, 6:16:06 AM
trevor(trevor) used a fuel_tank 8-22-2020, 6:16:06 AM
trevor(trevor) used a fuel_tank 8-22-2020, 6:16:07 AM
trevor(trevor) used a fuel_tank 8-22-2020, 6:16:07 AM
trevor(trevor) used a fuel_tank 8-22-2020, 6:16:07 AM
trevor(trevor) used a fuel_tank 8-22-2020, 6:16:08 AM
trevor(trevor) used a fuel_tank 8-22-2020, 6:16:08 AM
trevor(trevor) used a fuel_tank 8-22-2020, 6:16:08 AM
trevor(trevor) used a fuel_tank 8-22-2020, 6:16:09 AM
trevor(trevor) used a fuel_tank 8-22-2020, 6:16:09 AM
trevor(trevor) used a fuel_tank 8-22-2020, 6:16:09 AM
trevor(trevor) used a fuel_tank 8-22-2020, 6:16:10 AM
trevor(trevor) used a fuel_tank 8-22-2020, 6:16:10 AM
trevor(trevor) used a fuel_tank 8-22-2020, 6:16:10 AM
trevor(trevor) used a fuel_tank 8-22-2020, 6:16:10 AM
trevor(trevor) used a fuel_tank 8-22-2020, 6:16:11 AM
trevor(trevor) used a fuel_tank 8-22-2020, 6:16:11 AM
trevor(trevor) used a fuel_tank 8-22-2020, 6:16:11 AM
trevor(trevor) used a fuel_tank 8-22-2020, 6:16:12 AM
trevor(trevor) used a fuel_tank 8-22-2020, 6:16:12 AM
trevor(trevor) used a fuel_tank 8-22-2020, 6:16:13 AM
trevor(trevor) used a fuel_tank 8-22-2020, 6:16:13 AM
trevor(trevor) used a fuel_tank 8-22-2020, 6:16:13 AM
trevor(trevor) used a fuel_tank 8-22-2020, 6:16:14 AM
trevor(trevor) used a fuel_tank 8-22-2020, 6:16:14 AM
trevor(trevor) used a fuel_tank 8-22-2020, 6:16:14 AM
trevor(trevor) used a fuel_tank 8-22-2020, 6:16:15 AM
trevor(trevor) used a fuel_tank 8-22-2020, 6:16:15 AM
trevor(trevor) used a fuel_tank 8-22-2020, 6:16:15 AM
trevor(trevor) used a fuel_tank 8-22-2020, 6:16:16 AM
trevor(trevor) used a fuel_tank 8-22-2020, 6:16:16 AM
trevor(trevor) used a fuel_tank 8-22-2020, 6:16:16 AM
trevor(trevor) used a fuel_tank 8-22-2020, 6:16:17 AM
trevor(trevor) used a fuel_tank 8-22-2020, 6:16:17 AM
trevor(trevor) used a fuel_tank 8-22-2020, 6:16:17 AM
trevor(trevor) used a fuel_tank 8-22-2020, 6:16:18 AM
trevor(trevor) used a fuel_tank 8-22-2020, 6:16:18 AM
trevor(trevor) used a fuel_tank 8-22-2020, 6:16:18 AM
trevor(trevor) used a fuel_tank 8-22-2020, 6:16:19 AM
trevor(trevor) used a fuel_tank 8-22-2020, 6:16:19 AM
trevor(trevor) used a fuel_tank 8-22-2020, 6:16:19 AM
trevor(trevor) used a fuel_tank 8-22-2020, 6:16:20 AM
trevor(trevor) used a fuel_tank 8-22-2020, 6:16:20 AM
trevor(trevor) used a fuel_tank 8-22-2020, 6:16:20 AM
trevor(trevor) used a fuel_tank 8-22-2020, 6:16:21 AM
trevor(trevor) used a fuel_tank 8-22-2020, 6:16:21 AM
trevor(trevor) used a fuel_tank 8-22-2020, 6:16:21 AM
trevor(trevor) used a fuel_tank 8-22-2020, 6:16:22 AM
trevor(trevor) used a fuel_tank 8-22-2020, 6:16:22 AM
trevor(trevor) used a fuel_tank 8-22-2020, 6:16:22 AM
trevor(trevor) used a fuel_tank 8-22-2020, 6:16:23 AM
trevor(trevor) used a fuel_tank 8-22-2020, 6:16:23 AM
trevor(trevor) used a fuel_tank 8-22-2020, 6:16:23 AM
trevor(trevor) used a fuel_tank 8-22-2020, 6:16:24 AM
trevor(trevor) used a fuel_tank 8-22-2020, 6:16:24 AM
trevor(trevor) used a fuel_tank 8-22-2020, 6:16:24 AM
trevor(trevor) used a fuel_tank 8-22-2020, 6:16:25 AM
trevor(trevor) used a fuel_tank 8-22-2020, 6:16:25 AM
trevor(trevor) used a fuel_tank 8-22-2020, 6:16:26 AM
trevor(trevor) used a fuel_tank 8-22-2020, 6:16:26 AM
trevor(trevor) used a fuel_tank 8-22-2020, 6:16:26 AM
trevor(trevor) used a fuel_tank 8-22-2020, 6:16:27 AM
trevor(trevor) used a fuel_tank 8-22-2020, 6:16:27 AM
trevor(trevor) used a fuel_tank 8-22-2020, 6:16:27 AM
trevor(trevor) used a fuel_tank 8-22-2020, 6:16:28 AM
trevor(trevor) used a fuel_tank 8-22-2020, 6:16:28 AM
trevor(trevor) used a fuel_tank 8-22-2020, 6:16:28 AM
trevor(trevor) used a fuel_tank 8-22-2020, 6:16:29 AM
trevor(trevor) used a fuel_tank 8-22-2020, 6:16:29 AM
trevor(trevor) used a fuel_tank 8-22-2020, 6:16:29 AM
trevor(trevor) used a fuel_tank 8-22-2020, 6:16:30 AM
trevor(trevor) used a fuel_tank 8-22-2020, 6:16:30 AM
trevor(trevor) used a fuel_tank 8-22-2020, 6:16:30 AM
trevor(trevor) used a fuel_tank 8-22-2020, 6:16:31 AM
trevor(trevor) used a fuel_tank 8-22-2020, 6:16:31 AM
trevor(trevor) used a fuel_tank 8-22-2020, 6:16:31 AM
trevor(trevor) used a fuel_tank 8-22-2020, 6:16:32 AM
trevor(trevor) used a fuel_tank 8-22-2020, 6:16:32 AM
trevor(trevor) used a fuel_tank 8-22-2020, 6:16:33 AM
trevor(trevor) used a fuel_tank 8-22-2020, 6:16:33 AM
trevor(trevor) used a fuel_tank 8-22-2020, 6:16:33 AM
trevor(trevor) used a fuel_tank 8-22-2020, 6:16:34 AM
trevor(trevor) used a fuel_tank 8-22-2020, 6:16:34 AM
trevor(trevor) used a fuel_tank 8-22-2020, 6:16:34 AM
trevor(trevor) used a fuel_tank 8-22-2020, 6:16:35 AM
trevor(trevor) used a fuel_tank 8-22-2020, 6:16:35 AM
trevor(trevor) used a fuel_tank 8-22-2020, 6:16:35 AM
trevor(trevor) used a fuel_tank 8-22-2020, 6:16:36 AM
trevor(trevor) used a fuel_tank 8-22-2020, 6:16:36 AM
trevor(trevor) used a fuel_tank 8-22-2020, 6:16:36 AM
trevor(trevor) used a fuel_tank 8-22-2020, 6:16:37 AM
trevor(trevor) used a fuel_tank 8-22-2020, 6:16:37 AM
trevor(trevor) used a fuel_tank 8-22-2020, 6:16:37 AM
trevor(trevor) used a fuel_tank 8-22-2020, 6:16:38 AM
trevor(trevor) used a fuel_tank 8-22-2020, 6:16:38 AM
trevor(trevor) used a fuel_tank 8-22-2020, 6:16:38 AM
trevor(trevor) used a fuel_tank 8-22-2020, 6:16:39 AM
trevor(trevor) used a fuel_tank 8-22-2020, 6:16:39 AM
trevor(trevor) used a fuel_tank 8-22-2020, 6:16:40 AM
trevor(trevor) used a fuel_tank 8-22-2020, 6:16:40 AM
trevor(trevor) used a fuel_tank 8-22-2020, 6:16:41 AM
trevor(trevor) used a fuel_tank 8-22-2020, 6:16:41 AM
trevor(trevor) used a fuel_tank 8-22-2020, 6:16:41 AM
trevor(trevor) used a fuel_tank 8-22-2020, 6:16:42 AM
trevor(trevor) used a fuel_tank 8-22-2020, 6:16:42 AM
trevor(trevor) used a fuel_tank 8-22-2020, 6:16:42 AM
trevor(trevor) used a fuel_tank 8-22-2020, 6:16:43 AM
trevor(trevor) used a fuel_tank 8-22-2020, 6:16:43 AM
trevor(trevor) used a broken_rifle 8-22-2020, 6:17:49 AM
trevor(trevor) used a remote_gun 8-22-2020, 6:18:55 AM
trevor(trevor) used a remote_gun 8-22-2020, 6:19:07 AM
trevor(trevor) used a remote_gun 8-22-2020, 6:19:09 AM
trevor(trevor) used a remote_gun 8-22-2020, 6:19:16 AM
trevor(trevor) used a remote_gun 8-22-2020, 6:19:26 AM
trevor(trevor) used a frequency_scrambler 8-22-2020, 6:19:51 AM
trevor(trevor) used a frequency_scrambler 8-22-2020, 6:19:51 AM
trevor(trevor) used a frequency_scrambler 8-22-2020, 6:19:52 AM
trevor(trevor) used a health_drink 8-22-2020, 6:20:34 AM
trevor(trevor) used a health_drink 8-22-2020, 6:20:34 AM
trevor(trevor) used a health_drink 8-22-2020, 6:20:34 AM
trevor(trevor) used a health_drink 8-22-2020, 6:20:35 AM
trevor(trevor) used a health_drink 8-22-2020, 6:20:38 AM
trevor(trevor) used a health_drink 8-22-2020, 6:20:38 AM
trevor(trevor) used a health_drink 8-22-2020, 6:20:39 AM
trevor(trevor) used a health_drink 8-22-2020, 6:20:39 AM
trevor(trevor) used a health_drink 8-22-2020, 6:20:39 AM
trevor(trevor) used a health_drink 8-22-2020, 6:20:40 AM
trevor(trevor) used a health_drink 8-22-2020, 6:20:40 AM
trevor(trevor) used a remote_gun_controller 8-22-2020, 6:21:41 AM
trevor(trevor) used a awp 8-22-2020, 6:22:35 AM
trevor(trevor) used a wirebomb 8-22-2020, 6:24:23 AM
trevor(trevor) used a wirebomb 8-22-2020, 6:24:24 AM
trevor(trevor) used a wirebomb 8-22-2020, 6:24:24 AM
trevor(trevor) used a shield 8-22-2020, 6:24:30 AM
trevor(trevor) used a shield 8-22-2020, 6:24:30 AM
trevor(trevor) used a shield 8-22-2020, 6:24:30 AM
trevor(trevor) used a shield 8-22-2020, 6:24:31 AM
trevor(trevor) used a shield 8-22-2020, 6:24:31 AM
trevor(trevor) used a shield 8-22-2020, 6:24:31 AM
trevor(trevor) used a shield 8-22-2020, 6:24:31 AM
trevor(trevor) used a shield 8-22-2020, 6:24:31 AM
trevor(trevor) used a shield 8-22-2020, 6:24:31 AM
trevor(trevor) used a shield 8-22-2020, 6:24:32 AM
trevor(trevor) used a shield 8-22-2020, 6:24:32 AM
trevor(trevor) used a shield 8-22-2020, 6:24:32 AM
trevor(trevor) used a shield 8-22-2020, 6:24:32 AM
trevor(trevor) used a shield 8-22-2020, 6:24:32 AM
trevor(trevor) used a shield 8-22-2020, 6:24:32 AM
trevor(trevor) used a shield 8-22-2020, 6:24:32 AM
trevor(trevor) used a shield 8-22-2020, 6:24:33 AM
trevor(trevor) used a shield 8-22-2020, 6:24:33 AM
trevor(trevor) used a shield 8-22-2020, 6:24:33 AM
trevor(trevor) used a health_drink 8-22-2020, 6:24:34 AM
trevor(trevor) used a health_drink 8-22-2020, 6:24:34 AM
trevor(trevor) used a health_drink 8-22-2020, 6:24:34 AM
trevor(trevor) used a health_drink 8-22-2020, 6:24:35 AM
trevor(trevor) used a health_drink 8-22-2020, 6:24:35 AM
trevor(trevor) used a health_drink 8-22-2020, 6:24:35 AM
trevor(trevor) used a health_drink 8-22-2020, 6:24:36 AM
trevor(trevor) used a health_drink 8-22-2020, 6:24:36 AM
trevor(trevor) used a health_drink 8-22-2020, 6:24:37 AM
trevor(trevor) used a health_drink 8-22-2020, 6:24:37 AM
trevor(trevor) used a health_drink 8-22-2020, 6:24:37 AM
trevor(trevor) used a health_drink 8-22-2020, 6:24:38 AM
trevor(trevor) used a health_drink 8-22-2020, 6:24:38 AM
trevor(trevor) used a health_drink 8-22-2020, 6:24:38 AM
trevor(trevor) used a health_drink 8-22-2020, 6:24:40 AM
trevor(trevor) used a health_drink 8-22-2020, 6:24:40 AM
trevor(trevor) used a health_drink 8-22-2020, 6:24:40 AM
trevor(trevor) used a health_drink 8-22-2020, 6:24:41 AM
trevor(trevor) used a wirebomb 8-22-2020, 6:24:42 AM
trevor(trevor) used a wirebomb 8-22-2020, 6:24:43 AM
trevor(trevor) used a wirebomb 8-22-2020, 6:24:43 AM
trevor(trevor) used a wirebomb 8-22-2020, 6:24:43 AM
trevor(trevor) used a wirebomb 8-22-2020, 6:24:44 AM
trevor(trevor) used a bomb_defuser 8-22-2020, 6:24:50 AM
trevor(trevor) used a bomb_defuser 8-22-2020, 6:24:50 AM
trevor(trevor) used a bomb_defuser 8-22-2020, 6:24:50 AM
trevor(trevor) used a wirebomb 8-22-2020, 6:24:53 AM
trevor(trevor) used a wirebomb 8-22-2020, 6:24:55 AM
trevor(trevor) used a wirebomb 8-22-2020, 6:24:55 AM
trevor(trevor) used a health_drink 8-22-2020, 6:25:01 AM
trevor(trevor) used a health_drink 8-22-2020, 6:25:01 AM
trevor(trevor) used a health_drink 8-22-2020, 6:25:02 AM
trevor(trevor) used a health_drink 8-22-2020, 6:25:02 AM
trevor(trevor) used a health_drink 8-22-2020, 6:25:02 AM
trevor(trevor) used a stone 8-22-2020, 6:25:12 AM
trevor(trevor) used a stone 8-22-2020, 6:25:12 AM
trevor(trevor) used a stone 8-22-2020, 6:25:12 AM
trevor(trevor) used a stone 8-22-2020, 6:25:13 AM
trevor(trevor) used a stone 8-22-2020, 6:25:13 AM
trevor(trevor) used a stone 8-22-2020, 6:25:13 AM
trevor(trevor) used a stone 8-22-2020, 6:25:13 AM
trevor(trevor) used a stone 8-22-2020, 6:25:14 AM
trevor(trevor) used a stone 8-22-2020, 6:25:14 AM
trevor(trevor) used a stone 8-22-2020, 6:25:14 AM
trevor(trevor) used a stone 8-22-2020, 6:25:14 AM
trevor(trevor) used a stone 8-22-2020, 6:25:14 AM
trevor(trevor) used a stone 8-22-2020, 6:25:14 AM
trevor(trevor) used a knife 8-22-2020, 6:25:17 AM
trevor(trevor) used a spear 8-22-2020, 6:25:27 AM
trevor(trevor) used a stone 8-22-2020, 6:25:34 AM
trevor(trevor) used a stone 8-22-2020, 6:25:34 AM
trevor(trevor) used a stone 8-22-2020, 6:25:34 AM
trevor(trevor) used a stone 8-22-2020, 6:25:36 AM
trevor(trevor) used a stone 8-22-2020, 6:25:38 AM
trevor(trevor) used a stone 8-22-2020, 6:25:39 AM
trevor(trevor) used a stone 8-22-2020, 6:25:41 AM
trevor(trevor) used a stone 8-22-2020, 6:25:51 AM
trevor(trevor) used a stone 8-22-2020, 6:25:51 AM
trevor(trevor) used a stone 8-22-2020, 6:25:53 AM
trevor(trevor) used a stone 8-22-2020, 6:25:53 AM
trevor(trevor) used a stone 8-22-2020, 6:25:54 AM
trevor(trevor) used a stone 8-22-2020, 6:25:54 AM
trevor(trevor) used a stone 8-22-2020, 6:25:54 AM
trevor(trevor) used a stone 8-22-2020, 6:25:54 AM
trevor(trevor) used a stone 8-22-2020, 6:26:03 AM
trevor(trevor) used a stone 8-22-2020, 6:26:03 AM
trevor(trevor) used a stone 8-22-2020, 6:26:04 AM
trevor(trevor) used a stone 8-22-2020, 6:26:04 AM
trevor(trevor) used a stone 8-22-2020, 6:26:05 AM
trevor(trevor) used a stone 8-22-2020, 6:26:05 AM
trevor(trevor) used a stone 8-22-2020, 6:26:05 AM
trevor(trevor) used a stone 8-22-2020, 6:26:06 AM
trevor(trevor) used a stone 8-22-2020, 6:26:06 AM
trevor(trevor) used a stone 8-22-2020, 6:26:10 AM
trevor(trevor) used a stone 8-22-2020, 6:26:12 AM
trevor(trevor) used a stone 8-22-2020, 6:26:13 AM
trevor(trevor) used a stone 8-22-2020, 6:26:24 AM
trevor(trevor) used a stone 8-22-2020, 6:26:25 AM
trevor(trevor) used a stone 8-22-2020, 6:26:27 AM
trevor(trevor) used a stone 8-22-2020, 6:26:36 AM
trevor(trevor) used a stone 8-22-2020, 6:26:36 AM
trevor(trevor) used a stone 8-22-2020, 6:26:45 AM
trevor(trevor) used a stone 8-22-2020, 6:26:45 AM
trevor(trevor) used a stone 8-22-2020, 6:26:46 AM
trevor(trevor) used a stone 8-22-2020, 6:26:47 AM
trevor(trevor) used a stone 8-22-2020, 6:26:53 AM
trevor(trevor) used a stone 8-22-2020, 6:26:53 AM
trevor(trevor) used a stone 8-22-2020, 6:26:54 AM
trevor(trevor) used a stone 8-22-2020, 6:26:58 AM
trevor(trevor) used a stone 8-22-2020, 6:26:58 AM
trevor(trevor) used a stone 8-22-2020, 6:26:58 AM
trevor(trevor) used a stone 8-22-2020, 6:26:58 AM
trevor(trevor) used a stone 8-22-2020, 6:26:58 AM
trevor(trevor) used a stone 8-22-2020, 6:26:59 AM
trevor(trevor) used a stone 8-22-2020, 6:26:59 AM
trevor(trevor) used a stone 8-22-2020, 6:26:59 AM
trevor(trevor) used a stone 8-22-2020, 6:26:59 AM
trevor(trevor) used a stone 8-22-2020, 6:26:59 AM
trevor(trevor) used a stone 8-22-2020, 6:27:00 AM
trevor(trevor) used a stone 8-22-2020, 6:27:00 AM
trevor(trevor) used a stone 8-22-2020, 6:27:00 AM
trevor(trevor) used a stone 8-22-2020, 6:27:00 AM
trevor(trevor) used a stone 8-22-2020, 6:27:00 AM
trevor(trevor) used a stone 8-22-2020, 6:27:00 AM
trevor(trevor) used a stone 8-22-2020, 6:27:01 AM
trevor(trevor) used a stone 8-22-2020, 6:27:01 AM
trevor(trevor) used a stone 8-22-2020, 6:27:01 AM
trevor(trevor) used a stone 8-22-2020, 6:27:01 AM
trevor(trevor) used a stone 8-22-2020, 6:27:01 AM
trevor(trevor) used a stone 8-22-2020, 6:27:01 AM
trevor(trevor) used a stone 8-22-2020, 6:27:02 AM
trevor(trevor) used a stone 8-22-2020, 6:27:02 AM
trevor(trevor) used a stone 8-22-2020, 6:27:02 AM
trevor(trevor) used a stone 8-22-2020, 6:27:02 AM
trevor(trevor) used a stone 8-22-2020, 6:27:11 AM
trevor(trevor) used a stone 8-22-2020, 6:27:11 AM
trevor(trevor) used a stone 8-22-2020, 6:27:12 AM
trevor(trevor) used a stone 8-22-2020, 6:27:12 AM
trevor(trevor) used a shield 8-22-2020, 6:27:32 AM
trevor(trevor) used a shield 8-22-2020, 6:27:32 AM
trevor(trevor) used a shield 8-22-2020, 6:27:32 AM
trevor(trevor) used a shield 8-22-2020, 6:27:32 AM
trevor(trevor) used a shield 8-22-2020, 6:27:32 AM
trevor(trevor) used a shield 8-22-2020, 6:27:33 AM
trevor(trevor) used a shield 8-22-2020, 6:27:33 AM
trevor(trevor) used a shield 8-22-2020, 6:27:33 AM
trevor(trevor) used a shield 8-22-2020, 6:27:34 AM
trevor(trevor) used a health_drink 8-22-2020, 6:27:34 AM
trevor(trevor) used a health_drink 8-22-2020, 6:27:34 AM
trevor(trevor) used a health_drink 8-22-2020, 6:27:35 AM
trevor(trevor) used a stone 8-22-2020, 6:27:45 AM
trevor(trevor) used a stone 8-22-2020, 6:27:45 AM
trevor(trevor) used a stone 8-22-2020, 6:27:45 AM
trevor(trevor) used a stone 8-22-2020, 6:27:53 AM
trevor(trevor) used a stone 8-22-2020, 6:27:53 AM
trevor(trevor) used a stone 8-22-2020, 6:27:53 AM
trevor(trevor) used a stone 8-22-2020, 6:27:57 AM
trevor(trevor) used a stone 8-22-2020, 6:27:57 AM
trevor(trevor) used a stone 8-22-2020, 6:27:57 AM
trevor(trevor) used a stone 8-22-2020, 6:27:58 AM
trevor(trevor) used a stone 8-22-2020, 6:27:58 AM
trevor(trevor) used a stone 8-22-2020, 6:27:58 AM
trevor(trevor) used a stone 8-22-2020, 6:27:58 AM
trevor(trevor) used a stone 8-22-2020, 6:27:58 AM
trevor(trevor) used a stone 8-22-2020, 6:27:58 AM
trevor(trevor) used a stone 8-22-2020, 6:27:59 AM
trevor(trevor) used a stone 8-22-2020, 6:27:59 AM
trevor(trevor) used a stone 8-22-2020, 6:27:59 AM
trevor(trevor) used a stone 8-22-2020, 6:27:59 AM
trevor(trevor) used a stone 8-22-2020, 6:27:59 AM
trevor(trevor) used a stone 8-22-2020, 6:27:59 AM
trevor(trevor) used a stone 8-22-2020, 6:28:10 AM
trevor(trevor) used a stone 8-22-2020, 6:28:10 AM
trevor(trevor) used a stone 8-22-2020, 6:28:10 AM
trevor(trevor) used a stone 8-22-2020, 6:28:10 AM
trevor(trevor) used a shield 8-22-2020, 6:28:22 AM
trevor(trevor) used a shield 8-22-2020, 6:28:23 AM
trevor(trevor) used a shield 8-22-2020, 6:28:23 AM
trevor(trevor) used a shield 8-22-2020, 6:28:23 AM
trevor(trevor) used a shield 8-22-2020, 6:28:23 AM
trevor(trevor) used a shield 8-22-2020, 6:28:23 AM
trevor(trevor) used a shield 8-22-2020, 6:28:24 AM
trevor(trevor) used a shield 8-22-2020, 6:28:24 AM
trevor(trevor) used a shield 8-22-2020, 6:28:24 AM
trevor(trevor) used a shield 8-22-2020, 6:28:24 AM
trevor(trevor) used a shield 8-22-2020, 6:28:24 AM
trevor(trevor) used a shield 8-22-2020, 6:28:25 AM
trevor(trevor) used a health_drink 8-22-2020, 6:28:25 AM
trevor(trevor) used a health_drink 8-22-2020, 6:28:25 AM
trevor(trevor) used a health_drink 8-22-2020, 6:28:25 AM
trevor(trevor) used a health_drink 8-22-2020, 6:28:26 AM
trevor(trevor) used a health_drink 8-22-2020, 6:28:26 AM
trevor(trevor) used a health_drink 8-22-2020, 6:28:26 AM
trevor(trevor) used a health_drink 8-22-2020, 6:28:27 AM
trevor(trevor) used a hand_cannon 8-22-2020, 6:28:36 AM
trevor(trevor) used a health_drink 8-22-2020, 6:28:42 AM
trevor(trevor) used a health_drink 8-22-2020, 6:28:42 AM
trevor(trevor) used a health_drink 8-22-2020, 6:28:42 AM
trevor(trevor) used a hand_cannon 8-22-2020, 6:29:33 AM
trevor(trevor) used a hand_grenade 8-22-2020, 6:29:40 AM
trevor(trevor) used a hand_grenade 8-22-2020, 6:29:40 AM
trevor(trevor) used a hand_grenade 8-22-2020, 6:29:41 AM
trevor(trevor) used a hand_grenade 8-22-2020, 6:29:53 AM
trevor(trevor) used a hand_grenade 8-22-2020, 6:29:53 AM
trevor(trevor) used a hand_grenade 8-22-2020, 6:29:53 AM
trevor(trevor) used a hand_grenade 8-22-2020, 6:29:53 AM
trevor(trevor) used a hand_grenade 8-22-2020, 6:30:47 AM
trevor(trevor) used a hand_grenade 8-22-2020, 6:30:47 AM
trevor(trevor) used a hand_grenade 8-22-2020, 6:30:47 AM
trevor(trevor) used a hand_grenade 8-22-2020, 6:30:53 AM
trevor(trevor) used a hand_grenade 8-22-2020, 6:30:53 AM
trevor(trevor) used a hand_grenade 8-22-2020, 6:30:53 AM
trevor(trevor) used a hand_grenade 8-22-2020, 6:30:53 AM
trevor(trevor) used a hand_grenade 8-22-2020, 6:30:53 AM
trevor(trevor) used a shield 8-22-2020, 6:31:30 AM
trevor(trevor) used a shield 8-22-2020, 6:31:31 AM
trevor(trevor) used a shield 8-22-2020, 6:31:31 AM
trevor(trevor) used a shield 8-22-2020, 6:31:31 AM
trevor(trevor) used a health_drink 8-22-2020, 6:31:32 AM
trevor(trevor) used a health_drink 8-22-2020, 6:31:32 AM
trevor(trevor) used a coin 8-22-2020, 6:31:40 AM
trevor(trevor) used a coin 8-22-2020, 6:31:40 AM
trevor(trevor) used a coin 8-22-2020, 6:31:48 AM
trevor(trevor) used a coin 8-22-2020, 6:35:34 AM
trevor(trevor) used a coin 8-22-2020, 6:35:35 AM
trevor(trevor) used a coin 8-22-2020, 6:35:36 AM
trevor(trevor) used a coin 8-22-2020, 6:35:38 AM
trevor(trevor) used a health_drink 8-22-2020, 6:35:49 AM
trevor(trevor) used a health_drink 8-22-2020, 6:35:49 AM
trevor(trevor) used a health_drink 8-22-2020, 6:35:49 AM
trevor(trevor) used a health_drink 8-22-2020, 6:35:50 AM
trevor(trevor) used a health_drink 8-22-2020, 6:35:51 AM
trevor(trevor) used a health_drink 8-22-2020, 6:35:52 AM
trevor(trevor) used a health_drink 8-22-2020, 6:35:52 AM
trevor(trevor) used a health_drink 8-22-2020, 6:35:52 AM
trevor(trevor) used a health_drink 8-22-2020, 6:35:53 AM
trevor(trevor) used a health_drink 8-22-2020, 6:35:53 AM
trevor(trevor) used a health_drink 8-22-2020, 6:35:53 AM
trevor(trevor) used a health_drink 8-22-2020, 6:35:53 AM
trevor(trevor) used a health_drink 8-22-2020, 6:35:54 AM
trevor(trevor) used a health_drink 8-22-2020, 6:35:54 AM
trevor(trevor) used a health_drink 8-22-2020, 6:35:54 AM
trevor(trevor) used a health_drink 8-22-2020, 6:35:55 AM
trevor(trevor) used a health_drink 8-22-2020, 6:35:55 AM
trevor(trevor) used a health_drink 8-22-2020, 6:35:55 AM
trevor(trevor) used a health_drink 8-22-2020, 6:35:55 AM
trevor(trevor) used a coin 8-22-2020, 6:35:56 AM
trevor(trevor) used a coin 8-22-2020, 6:35:57 AM
trevor(trevor) used a coin 8-22-2020, 6:35:59 AM
trevor(trevor) used a coin 8-22-2020, 6:36:00 AM
trevor(trevor) used a coin 8-22-2020, 6:36:01 AM
trevor(trevor) used a coin 8-22-2020, 6:36:02 AM
trevor(trevor) used a health_drink 8-22-2020, 6:36:05 AM
trevor(trevor) used a health_drink 8-22-2020, 6:36:06 AM
trevor(trevor) used a health_drink 8-22-2020, 6:36:06 AM
trevor(trevor) used a health_drink 8-22-2020, 6:36:06 AM
trevor(trevor) used a health_drink 8-22-2020, 6:36:06 AM
trevor(trevor) used a coin 8-22-2020, 6:37:46 AM
trevor(trevor) used a coin 8-22-2020, 6:40:06 AM
trevor(trevor) used a coin 8-22-2020, 6:40:07 AM
trevor(trevor) used a coin 8-22-2020, 6:40:09 AM
trevor(trevor) used a coin 8-22-2020, 6:42:44 AM
trevor(trevor) used a coin 8-22-2020, 6:42:45 AM
trevor(trevor) used a coin 8-22-2020, 6:42:47 AM
trevor(trevor) used a coin 8-22-2020, 6:42:48 AM
trevor(trevor) used a coin 8-22-2020, 6:44:23 AM
trevor(trevor) used a coin 8-22-2020, 6:44:24 AM
trevor(trevor) used a coin 8-22-2020, 6:44:26 AM
trevor(trevor) used a coin 8-22-2020, 6:44:28 AM
trevor(trevor) used a awp 8-22-2020, 8:00:51 AM
trevor(trevor) used a health_drink 8-22-2020, 8:02:24 AM
trevor(trevor) used a health_drink 8-22-2020, 8:02:24 AM
trevor(trevor) used a health_drink 8-22-2020, 8:02:24 AM
trevor(trevor) used a health_drink 8-22-2020, 8:02:25 AM
trevor(trevor) used a health_drink 8-22-2020, 8:02:25 AM
trevor(trevor) used a health_drink 8-22-2020, 8:02:25 AM
trevor(trevor) used a health_drink 8-22-2020, 8:02:37 AM
trevor(trevor) used a health_drink 8-22-2020, 8:02:38 AM
trevor(trevor) used a health_drink 8-22-2020, 8:02:38 AM
trevor(trevor) used a wirebomb 8-22-2020, 8:03:23 AM
trevor(trevor) used a wirebomb 8-22-2020, 8:03:23 AM
trevor(trevor) used a wirebomb 8-22-2020, 8:03:23 AM
trevor(trevor) used a bullet_bomb 8-22-2020, 8:03:33 AM
trevor(trevor) used a mine 8-22-2020, 8:03:45 AM
trevor(trevor) used a mine 8-22-2020, 8:03:45 AM
trevor(trevor) used a mine 8-22-2020, 8:03:45 AM
trevor(trevor) used a mine 8-22-2020, 8:03:45 AM
trevor(trevor) used a mine 8-22-2020, 8:03:46 AM
trevor(trevor) used a mine 8-22-2020, 8:03:46 AM
trevor(trevor) used a mine 8-22-2020, 8:03:46 AM
trevor(trevor) used a mine 8-22-2020, 8:03:46 AM
trevor(trevor) used a mine 8-22-2020, 8:03:51 AM
trevor(trevor) used a mine 8-22-2020, 8:03:51 AM
trevor(trevor) used a mine 8-22-2020, 8:03:51 AM
trevor(trevor) used a mine 8-22-2020, 8:03:52 AM
trevor(trevor) used a mine 8-22-2020, 8:03:52 AM
trevor(trevor) used a mine 8-22-2020, 8:03:52 AM
trevor(trevor) used a mine 8-22-2020, 8:03:52 AM
trevor(trevor) used a mine 8-22-2020, 8:03:53 AM
trevor(trevor) used a mine 8-22-2020, 8:03:53 AM
trevor(trevor) used a mine 8-22-2020, 8:03:53 AM
trevor(trevor) used a mine 8-22-2020, 8:03:54 AM
trevor(trevor) used a mine 8-22-2020, 8:03:54 AM
trevor(trevor) used a mine 8-22-2020, 8:03:54 AM
trevor(trevor) used a mine 8-22-2020, 8:03:55 AM
trevor(trevor) used a mine 8-22-2020, 8:03:55 AM
trevor(trevor) used a mine 8-22-2020, 8:03:55 AM
trevor(trevor) used a mine 8-22-2020, 8:03:56 AM
trevor(trevor) used a mine 8-22-2020, 8:03:56 AM
trevor(trevor) used a mine 8-22-2020, 8:03:56 AM
trevor(trevor) used a mine 8-22-2020, 8:03:56 AM
trevor(trevor) used a mine 8-22-2020, 8:03:57 AM
trevor(trevor) used a mine 8-22-2020, 8:03:57 AM
trevor(trevor) used a mine 8-22-2020, 8:03:57 AM
trevor(trevor) used a mine 8-22-2020, 8:03:57 AM
trevor(trevor) used a mine 8-22-2020, 8:03:57 AM
trevor(trevor) used a mine 8-22-2020, 8:03:58 AM
trevor(trevor) used a mine 8-22-2020, 8:03:58 AM
trevor(trevor) used a mine 8-22-2020, 8:03:59 AM
trevor(trevor) used a mine 8-22-2020, 8:03:59 AM
trevor(trevor) used a mine 8-22-2020, 8:03:59 AM
trevor(trevor) used a mine 8-22-2020, 8:03:59 AM
trevor(trevor) used a mine 8-22-2020, 8:03:59 AM
trevor(trevor) used a mine 8-22-2020, 8:03:59 AM
trevor(trevor) used a mine 8-22-2020, 8:04:00 AM
trevor(trevor) used a mine 8-22-2020, 8:04:00 AM
trevor(trevor) used a mine 8-22-2020, 8:04:01 AM
trevor(trevor) used a mine 8-22-2020, 8:04:01 AM
trevor(trevor) used a mine 8-22-2020, 8:04:04 AM
trevor(trevor) used a mine 8-22-2020, 8:04:04 AM
trevor(trevor) used a mine 8-22-2020, 8:04:05 AM
trevor(trevor) used a mine 8-22-2020, 8:04:05 AM
trevor(trevor) used a mine 8-22-2020, 8:04:05 AM
trevor(trevor) used a mine 8-22-2020, 8:04:05 AM
trevor(trevor) used a mine 8-22-2020, 8:04:05 AM
trevor(trevor) used a mine 8-22-2020, 8:04:05 AM
trevor(trevor) used a mine 8-22-2020, 8:04:05 AM
trevor(trevor) used a mine 8-22-2020, 8:04:06 AM
trevor(trevor) used a mine 8-22-2020, 8:04:06 AM
trevor(trevor) used a mine 8-22-2020, 8:04:06 AM
trevor(trevor) used a mine 8-22-2020, 8:04:06 AM
trevor(trevor) used a mine 8-22-2020, 8:04:06 AM
trevor(trevor) used a mine 8-22-2020, 8:04:06 AM
trevor(trevor) used a mine 8-22-2020, 8:04:07 AM
trevor(trevor) used a mine 8-22-2020, 8:04:07 AM
trevor(trevor) used a mine 8-22-2020, 8:04:07 AM
trevor(trevor) used a mine 8-22-2020, 8:04:07 AM
trevor(trevor) used a mine 8-22-2020, 8:04:07 AM
trevor(trevor) used a mine 8-22-2020, 8:04:07 AM
trevor(trevor) used a mine 8-22-2020, 8:04:08 AM
trevor(trevor) used a mine 8-22-2020, 8:04:08 AM
trevor(trevor) used a mine 8-22-2020, 8:04:08 AM
trevor(trevor) used a mine 8-22-2020, 8:04:08 AM
trevor(trevor) used a mine 8-22-2020, 8:04:08 AM
trevor(trevor) used a mine 8-22-2020, 8:04:09 AM
trevor(trevor) used a mine 8-22-2020, 8:04:09 AM
trevor(trevor) used a health_drink 8-22-2020, 8:04:12 AM
trevor(trevor) used a health_drink 8-22-2020, 8:04:12 AM
trevor(trevor) used a health_drink 8-22-2020, 8:04:13 AM
trevor(trevor) used a health_drink 8-22-2020, 8:04:13 AM
trevor(trevor) used a health_drink 8-22-2020, 8:04:13 AM
trevor(trevor) used a health_drink 8-22-2020, 8:04:13 AM
trevor(trevor) used a health_drink 8-22-2020, 8:04:14 AM
trevor(trevor) used a health_drink 8-22-2020, 8:04:16 AM
trevor(trevor) used a health_drink 8-22-2020, 8:04:16 AM
trevor(trevor) used a health_drink 8-22-2020, 8:04:16 AM
trevor(trevor) used a health_drink 8-22-2020, 8:04:17 AM
trevor(trevor) used a health_drink 8-22-2020, 8:04:17 AM
trevor(trevor) used a health_drink 8-22-2020, 8:04:23 AM
trevor(trevor) used a health_drink 8-22-2020, 8:04:23 AM
trevor(trevor) used a health_drink 8-22-2020, 8:04:24 AM
trevor(trevor) used a health_drink 8-22-2020, 8:04:24 AM
trevor(trevor) used a health_drink 8-22-2020, 8:04:24 AM
trevor(trevor) used a health_drink 8-22-2020, 8:04:25 AM
trevor(trevor) used a health_drink 8-22-2020, 8:04:26 AM
trevor(trevor) used a health_drink 8-22-2020, 8:04:27 AM
trevor(trevor) used a health_drink 8-22-2020, 8:04:28 AM
trevor(trevor) used a health_drink 8-22-2020, 8:04:28 AM
trevor(trevor) used a hand_grenade 8-22-2020, 8:04:35 AM
trevor(trevor) used a hand_grenade 8-22-2020, 8:04:36 AM
trevor(trevor) used a hand_grenade 8-22-2020, 8:04:36 AM
trevor(trevor) used a hand_grenade 8-22-2020, 8:05:09 AM
trevor(trevor) used a hand_grenade 8-22-2020, 8:05:09 AM
trevor(trevor) used a hand_grenade 8-22-2020, 8:05:09 AM
trevor(trevor) used a hand_grenade 8-22-2020, 8:05:09 AM
trevor(trevor) used a hand_grenade 8-22-2020, 8:05:23 AM
trevor(trevor) used a hand_grenade 8-22-2020, 8:05:23 AM
trevor(trevor) used a hand_grenade 8-22-2020, 8:05:23 AM
trevor(trevor) used a hand_grenade 8-22-2020, 8:05:23 AM
trevor(trevor) used a hand_grenade 8-22-2020, 8:05:24 AM
trevor(trevor) used a hand_grenade 8-22-2020, 8:06:06 AM
trevor(trevor) used a hand_grenade 8-22-2020, 8:06:06 AM
trevor(trevor) used a hand_grenade 8-22-2020, 8:06:07 AM
trevor(trevor) used a hand_grenade 8-22-2020, 8:06:07 AM
trevor(trevor) used a hand_grenade 8-22-2020, 8:06:07 AM
trevor(trevor) used a hand_grenade 8-22-2020, 8:06:07 AM
trevor(trevor) used a hand_grenade 8-22-2020, 8:06:07 AM
trevor(trevor) used a hand_grenade 8-22-2020, 8:06:07 AM
trevor(trevor) used a hand_grenade 8-22-2020, 8:06:08 AM
trevor(trevor) used a hand_grenade 8-22-2020, 8:06:08 AM
trevor(trevor) used a hand_grenade 8-22-2020, 8:06:08 AM
trevor(trevor) used a hand_grenade 8-22-2020, 8:06:08 AM
trevor(trevor) used a hand_grenade 8-22-2020, 8:06:08 AM
trevor(trevor) used a hand_grenade 8-22-2020, 8:06:09 AM
trevor(trevor) used a hand_grenade 8-22-2020, 8:06:09 AM
trevor(trevor) used a hand_grenade 8-22-2020, 8:06:09 AM
trevor(trevor) used a hand_grenade 8-22-2020, 8:06:09 AM
trevor(trevor) used a hand_grenade 8-22-2020, 8:06:09 AM
trevor(trevor) used a item_grabber 8-22-2020, 8:07:01 AM
trevor(trevor) used a air_canister 8-22-2020, 8:07:44 AM
trevor(trevor) used a warp_box 8-22-2020, 8:08:01 AM
trevor(trevor) used a warp_box 8-22-2020, 8:08:30 AM
trevor(trevor) used a warp_box 8-22-2020, 8:08:39 AM
trevor(trevor) used a warp_box 8-22-2020, 8:08:42 AM
trevor(trevor) used a warp_box 8-22-2020, 8:08:42 AM
trevor(trevor) used a warp_box 8-22-2020, 8:08:44 AM
trevor(trevor) used a warp_box 8-22-2020, 8:08:46 AM
trevor(trevor) used a warp_box 8-22-2020, 8:08:46 AM
trevor(trevor) used a warp_box 8-22-2020, 8:08:47 AM
trevor(trevor) used a warp_box 8-22-2020, 8:08:47 AM
trevor(trevor) used a warp_box 8-22-2020, 8:08:47 AM
trevor(trevor) used a warp_box 8-22-2020, 8:08:48 AM
trevor(trevor) used a warp_box 8-22-2020, 8:08:48 AM
trevor(trevor) used a warp_box 8-22-2020, 8:08:48 AM
trevor(trevor) used a warp_box 8-22-2020, 8:08:49 AM
trevor(trevor) used a warp_box 8-22-2020, 8:08:49 AM
trevor(trevor) used a warp_box 8-22-2020, 8:08:55 AM
trevor(trevor) used a warp_box 8-22-2020, 8:09:22 AM
trevor(trevor) used a warp_box 8-22-2020, 8:09:22 AM
trevor(trevor) used a warp_box 8-22-2020, 8:09:23 AM
trevor(trevor) used a missile_interceptor 8-22-2020, 8:09:41 AM
trevor(trevor) used a concussive_grenade 8-22-2020, 8:09:43 AM
trevor(trevor) used a concussive_grenade 8-22-2020, 8:09:48 AM
trevor(trevor) used a health_drink 8-22-2020, 8:10:08 AM
trevor(trevor) used a health_drink 8-22-2020, 8:10:08 AM
trevor(trevor) used a health_drink 8-22-2020, 8:10:08 AM
trevor(trevor) used a health_drink 8-22-2020, 8:10:09 AM
trevor(trevor) used a health_drink 8-22-2020, 8:10:14 AM
trevor(trevor) used a health_drink 8-22-2020, 8:10:14 AM
trevor(trevor) used a health_drink 8-22-2020, 8:10:14 AM
trevor(trevor) used a health_drink 8-22-2020, 8:10:15 AM
trevor(trevor) used a health_drink 8-22-2020, 8:10:15 AM
trevor(trevor) used a health_drink 8-22-2020, 8:10:15 AM
trevor(trevor) used a health_drink 8-22-2020, 8:10:17 AM
trevor(trevor) used a health_drink 8-22-2020, 8:10:17 AM
trevor(trevor) used a health_drink 8-22-2020, 8:10:17 AM
trevor(trevor) used a health_drink 8-22-2020, 8:10:18 AM
trevor(trevor) used a health_drink 8-22-2020, 8:10:18 AM
trevor(trevor) used a health_drink 8-22-2020, 8:10:18 AM
trevor(trevor) used a health_drink 8-22-2020, 8:10:19 AM
trevor(trevor) used a health_drink 8-22-2020, 8:10:21 AM
trevor(trevor) used a health_drink 8-22-2020, 8:10:21 AM
trevor(trevor) used a health_drink 8-22-2020, 8:10:21 AM
trevor(trevor) used a health_drink 8-22-2020, 8:10:22 AM
trevor(trevor) used a health_drink 8-22-2020, 8:10:23 AM
trevor(trevor) used a health_drink 8-22-2020, 8:10:24 AM
trevor(trevor) used a health_drink 8-22-2020, 8:10:24 AM
trevor(trevor) used a health_drink 8-22-2020, 8:10:24 AM
trevor(trevor) used a mine 8-22-2020, 8:11:28 AM
trevor(trevor) used a mine 8-22-2020, 8:11:28 AM
trevor(trevor) used a mine 8-22-2020, 8:11:28 AM
trevor(trevor) used a mine 8-22-2020, 8:11:28 AM
trevor(trevor) used a mine 8-22-2020, 8:11:29 AM
trevor(trevor) used a mine 8-22-2020, 8:11:29 AM
trevor(trevor) used a mine 8-22-2020, 8:11:29 AM
trevor(trevor) used a mine 8-22-2020, 8:11:30 AM
trevor(trevor) used a mine 8-22-2020, 8:11:30 AM
trevor(trevor) used a mine 8-22-2020, 8:11:31 AM
trevor(trevor) used a mine 8-22-2020, 8:11:31 AM
trevor(trevor) used a mine 8-22-2020, 8:11:31 AM
trevor(trevor) used a mine 8-22-2020, 8:11:31 AM
trevor(trevor) used a mine 8-22-2020, 8:11:32 AM
trevor(trevor) used a mine 8-22-2020, 8:11:32 AM
trevor(trevor) used a mine 8-22-2020, 8:11:32 AM
trevor(trevor) used a mine 8-22-2020, 8:11:32 AM
trevor(trevor) used a mine 8-22-2020, 8:11:33 AM
trevor(trevor) used a mine 8-22-2020, 8:11:33 AM
trevor(trevor) used a mine 8-22-2020, 8:11:33 AM
trevor(trevor) used a mine 8-22-2020, 8:11:34 AM
trevor(trevor) used a mine 8-22-2020, 8:11:34 AM
trevor(trevor) used a mine 8-22-2020, 8:11:35 AM
trevor(trevor) used a mine 8-22-2020, 8:11:35 AM
trevor(trevor) used a mine 8-22-2020, 8:11:35 AM
trevor(trevor) used a mine 8-22-2020, 8:11:35 AM
trevor(trevor) used a mine 8-22-2020, 8:11:35 AM
trevor(trevor) used a mine 8-22-2020, 8:11:36 AM
trevor(trevor) used a mine 8-22-2020, 8:11:36 AM
trevor(trevor) used a mine 8-22-2020, 8:11:37 AM
trevor(trevor) used a mine 8-22-2020, 8:11:37 AM
trevor(trevor) used a mine 8-22-2020, 8:11:37 AM
trevor(trevor) used a mine 8-22-2020, 8:11:37 AM
trevor(trevor) used a mine 8-22-2020, 8:11:37 AM
trevor(trevor) used a mine 8-22-2020, 8:11:38 AM
trevor(trevor) used a mine 8-22-2020, 8:11:38 AM
trevor(trevor) used a mine 8-22-2020, 8:11:39 AM
trevor(trevor) used a mine 8-22-2020, 8:11:39 AM
trevor(trevor) used a mine 8-22-2020, 8:11:39 AM
trevor(trevor) used a mine 8-22-2020, 8:11:39 AM
trevor(trevor) used a mine 8-22-2020, 8:11:39 AM
trevor(trevor) used a mine 8-22-2020, 8:11:40 AM
trevor(trevor) used a mine 8-22-2020, 8:11:40 AM
trevor(trevor) used a mine 8-22-2020, 8:11:41 AM
trevor(trevor) used a mine 8-22-2020, 8:11:41 AM
trevor(trevor) used a mine 8-22-2020, 8:11:41 AM
trevor(trevor) used a mine 8-22-2020, 8:11:41 AM
trevor(trevor) used a mine 8-22-2020, 8:11:41 AM
trevor(trevor) used a mine 8-22-2020, 8:11:42 AM
trevor(trevor) used a mine 8-22-2020, 8:11:42 AM
trevor(trevor) used a mine 8-22-2020, 8:11:43 AM
trevor(trevor) used a mine 8-22-2020, 8:11:43 AM
trevor(trevor) used a mine 8-22-2020, 8:11:43 AM
trevor(trevor) used a mine 8-22-2020, 8:11:43 AM
trevor(trevor) used a mine 8-22-2020, 8:11:43 AM
trevor(trevor) used a mine 8-22-2020, 8:11:44 AM
trevor(trevor) used a mine 8-22-2020, 8:11:44 AM
trevor(trevor) used a mine 8-22-2020, 8:11:45 AM
trevor(trevor) used a mine 8-22-2020, 8:11:45 AM
trevor(trevor) used a mine 8-22-2020, 8:11:45 AM
trevor(trevor) used a mine 8-22-2020, 8:11:45 AM
trevor(trevor) used a mine 8-22-2020, 8:11:46 AM
trevor(trevor) used a mine 8-22-2020, 8:11:47 AM
trevor(trevor) used a mine 8-22-2020, 8:11:47 AM
trevor(trevor) used a mine 8-22-2020, 8:11:47 AM
trevor(trevor) used a mine 8-22-2020, 8:11:48 AM
trevor(trevor) used a mine 8-22-2020, 8:11:48 AM
trevor(trevor) used a mine 8-22-2020, 8:11:48 AM
trevor(trevor) used a mine 8-22-2020, 8:11:48 AM
trevor(trevor) used a mine 8-22-2020, 8:11:50 AM
trevor(trevor) used a mine 8-22-2020, 8:11:50 AM
trevor(trevor) used a mine 8-22-2020, 8:11:51 AM
trevor(trevor) used a mine 8-22-2020, 8:11:51 AM
trevor(trevor) used a mine 8-22-2020, 8:11:51 AM
trevor(trevor) used a mine 8-22-2020, 8:11:51 AM
trevor(trevor) used a mine 8-22-2020, 8:11:51 AM
trevor(trevor) used a mine 8-22-2020, 8:11:52 AM
trevor(trevor) used a mine 8-22-2020, 8:11:52 AM
trevor(trevor) used a mine 8-22-2020, 8:11:53 AM
trevor(trevor) used a mine 8-22-2020, 8:11:53 AM
trevor(trevor) used a mine 8-22-2020, 8:11:53 AM
trevor(trevor) used a mine 8-22-2020, 8:11:53 AM
trevor(trevor) used a mine 8-22-2020, 8:11:53 AM
trevor(trevor) used a mine 8-22-2020, 8:11:54 AM
trevor(trevor) used a mine 8-22-2020, 8:11:54 AM
trevor(trevor) used a mine 8-22-2020, 8:11:54 AM
trevor(trevor) used a mine 8-22-2020, 8:11:55 AM
trevor(trevor) used a mine 8-22-2020, 8:11:55 AM
trevor(trevor) used a mine 8-22-2020, 8:11:55 AM
trevor(trevor) used a mine 8-22-2020, 8:11:55 AM
trevor(trevor) used a mine 8-22-2020, 8:11:56 AM
trevor(trevor) used a mine 8-22-2020, 8:11:56 AM
trevor(trevor) used a mine 8-22-2020, 8:11:56 AM
trevor(trevor) used a mine 8-22-2020, 8:11:57 AM
trevor(trevor) used a mine 8-22-2020, 8:11:57 AM
trevor(trevor) used a mine 8-22-2020, 8:11:57 AM
trevor(trevor) used a mine 8-22-2020, 8:11:57 AM
trevor(trevor) used a mine 8-22-2020, 8:11:58 AM
trevor(trevor) used a mine 8-22-2020, 8:11:58 AM
trevor(trevor) used a mine 8-22-2020, 8:11:58 AM
trevor(trevor) used a mine 8-22-2020, 8:11:59 AM
trevor(trevor) used a mine 8-22-2020, 8:11:59 AM
trevor(trevor) used a mine 8-22-2020, 8:11:59 AM
trevor(trevor) used a mine 8-22-2020, 8:11:59 AM
trevor(trevor) used a mine 8-22-2020, 8:12:00 AM
trevor(trevor) used a mine 8-22-2020, 8:12:00 AM
trevor(trevor) used a mine 8-22-2020, 8:12:00 AM
trevor(trevor) used a mine 8-22-2020, 8:12:01 AM
trevor(trevor) used a mine 8-22-2020, 8:12:01 AM
trevor(trevor) used a mine 8-22-2020, 8:12:01 AM
trevor(trevor) used a mine 8-22-2020, 8:12:01 AM
trevor(trevor) used a mine 8-22-2020, 8:12:02 AM
trevor(trevor) used a mine 8-22-2020, 8:12:02 AM
trevor(trevor) used a mine 8-22-2020, 8:12:03 AM
trevor(trevor) used a mine 8-22-2020, 8:12:03 AM
trevor(trevor) used a mine 8-22-2020, 8:12:03 AM
trevor(trevor) used a mine 8-22-2020, 8:12:03 AM
trevor(trevor) used a mine 8-22-2020, 8:12:03 AM
trevor(trevor) used a mine 8-22-2020, 8:12:04 AM
trevor(trevor) used a mine 8-22-2020, 8:12:05 AM
trevor(trevor) used a mine 8-22-2020, 8:12:05 AM
trevor(trevor) used a mine 8-22-2020, 8:12:05 AM
trevor(trevor) used a mine 8-22-2020, 8:12:05 AM
trevor(trevor) used a mine 8-22-2020, 8:12:05 AM
trevor(trevor) used a mine 8-22-2020, 8:12:06 AM
trevor(trevor) used a mine 8-22-2020, 8:12:06 AM
trevor(trevor) used a mine 8-22-2020, 8:12:07 AM
trevor(trevor) used a mine 8-22-2020, 8:12:07 AM
trevor(trevor) used a mine 8-22-2020, 8:12:07 AM
trevor(trevor) used a mine 8-22-2020, 8:12:07 AM
trevor(trevor) used a mine 8-22-2020, 8:12:07 AM
trevor(trevor) used a mine 8-22-2020, 8:12:08 AM
trevor(trevor) used a mine 8-22-2020, 8:12:09 AM
trevor(trevor) used a mine 8-22-2020, 8:12:09 AM
trevor(trevor) used a mine 8-22-2020, 8:12:09 AM
trevor(trevor) used a mine 8-22-2020, 8:12:09 AM
trevor(trevor) used a mine 8-22-2020, 8:12:09 AM
trevor(trevor) used a mine 8-22-2020, 8:12:09 AM
trevor(trevor) used a mine 8-22-2020, 8:12:10 AM
trevor(trevor) used a mine 8-22-2020, 8:12:11 AM
trevor(trevor) used a mine 8-22-2020, 8:12:11 AM
trevor(trevor) used a mine 8-22-2020, 8:12:11 AM
trevor(trevor) used a mine 8-22-2020, 8:12:12 AM
trevor(trevor) used a mine 8-22-2020, 8:12:12 AM
trevor(trevor) used a mine 8-22-2020, 8:12:12 AM
trevor(trevor) used a mine 8-22-2020, 8:12:12 AM
trevor(trevor) used a health_drink 8-22-2020, 8:12:44 AM
trevor(trevor) used a health_drink 8-22-2020, 8:12:44 AM
trevor(trevor) used a health_drink 8-22-2020, 8:12:44 AM
trevor(trevor) used a health_drink 8-22-2020, 8:12:45 AM
trevor(trevor) used a health_drink 8-22-2020, 8:12:45 AM
trevor(trevor) used a health_drink 8-22-2020, 8:12:50 AM
trevor(trevor) used a health_drink 8-22-2020, 8:12:50 AM
trevor(trevor) used a health_drink 8-22-2020, 8:12:51 AM
trevor(trevor) used a health_drink 8-22-2020, 8:12:51 AM
trevor(trevor) used a health_drink 8-22-2020, 8:12:51 AM
trevor(trevor) used a health_drink 8-22-2020, 8:12:52 AM
trevor(trevor) used a health_drink 8-22-2020, 8:12:56 AM
trevor(trevor) used a health_drink 8-22-2020, 8:12:56 AM
trevor(trevor) used a health_drink 8-22-2020, 8:12:56 AM
trevor(trevor) used a health_drink 8-22-2020, 8:12:56 AM
trevor(trevor) used a health_drink 8-22-2020, 8:12:57 AM
trevor(trevor) used a health_drink 8-22-2020, 8:13:01 AM
trevor(trevor) used a health_drink 8-22-2020, 8:13:01 AM
trevor(trevor) used a health_drink 8-22-2020, 8:13:02 AM
trevor(trevor) used a health_drink 8-22-2020, 8:13:02 AM
trevor(trevor) used a health_drink 8-22-2020, 8:13:02 AM
trevor(trevor) used a health_drink 8-22-2020, 8:13:03 AM
trevor(trevor) used a health_drink 8-22-2020, 8:13:06 AM
trevor(trevor) used a health_drink 8-22-2020, 8:13:07 AM
trevor(trevor) used a health_drink 8-22-2020, 8:13:07 AM
trevor(trevor) used a health_drink 8-22-2020, 8:13:07 AM
trevor(trevor) used a health_drink 8-22-2020, 8:13:08 AM
trevor(trevor) used a health_drink 8-22-2020, 8:13:08 AM
trevor(trevor) used a health_drink 8-22-2020, 8:13:08 AM
trevor(trevor) used a health_drink 8-22-2020, 8:13:16 AM
trevor(trevor) used a health_drink 8-22-2020, 8:13:17 AM
trevor(trevor) used a health_drink 8-22-2020, 8:13:17 AM
trevor(trevor) used a health_drink 8-22-2020, 8:13:17 AM
trevor(trevor) used a health_drink 8-22-2020, 8:13:19 AM
trevor(trevor) used a health_drink 8-22-2020, 8:13:19 AM
trevor(trevor) used a health_drink 8-22-2020, 8:13:19 AM
trevor(trevor) used a mine 8-22-2020, 8:15:18 AM
trevor(trevor) used a mine 8-22-2020, 8:15:25 AM
trevor(trevor) used a mine 8-22-2020, 8:15:25 AM
trevor(trevor) used a mine 8-22-2020, 8:15:25 AM
trevor(trevor) used a mine 8-22-2020, 8:15:25 AM
trevor(trevor) used a mine 8-22-2020, 8:15:25 AM
trevor(trevor) used a mine 8-22-2020, 8:15:25 AM
trevor(trevor) used a mine 8-22-2020, 8:15:26 AM
trevor(trevor) used a mine 8-22-2020, 8:15:26 AM
trevor(trevor) used a mine 8-22-2020, 8:15:26 AM
trevor(trevor) used a mine 8-22-2020, 8:15:26 AM
trevor(trevor) used a mine 8-22-2020, 8:15:26 AM
trevor(trevor) used a mine 8-22-2020, 8:15:27 AM
trevor(trevor) used a mine 8-22-2020, 8:15:27 AM
trevor(trevor) used a mine 8-22-2020, 8:15:27 AM
trevor(trevor) used a mine 8-22-2020, 8:15:27 AM
trevor(trevor) used a mine 8-22-2020, 8:15:27 AM
trevor(trevor) used a mine 8-22-2020, 8:15:28 AM
trevor(trevor) used a mine 8-22-2020, 8:15:28 AM
trevor(trevor) used a mine 8-22-2020, 8:15:28 AM
trevor(trevor) used a mine 8-22-2020, 8:15:28 AM
trevor(trevor) used a mine 8-22-2020, 8:15:28 AM
trevor(trevor) used a mine 8-22-2020, 8:15:28 AM
trevor(trevor) used a mine 8-22-2020, 8:15:28 AM
trevor(trevor) used a mine 8-22-2020, 8:15:29 AM
trevor(trevor) used a mine 8-22-2020, 8:15:29 AM
trevor(trevor) used a mine 8-22-2020, 8:15:29 AM
trevor(trevor) used a mine 8-22-2020, 8:15:29 AM
trevor(trevor) used a mine 8-22-2020, 8:15:29 AM
trevor(trevor) used a mine 8-22-2020, 8:15:29 AM
trevor(trevor) used a mine 8-22-2020, 8:15:30 AM
trevor(trevor) used a mine 8-22-2020, 8:15:30 AM
trevor(trevor) used a mine 8-22-2020, 8:15:30 AM
trevor(trevor) used a mine 8-22-2020, 8:15:30 AM
trevor(trevor) used a mine 8-22-2020, 8:15:30 AM
trevor(trevor) used a mine 8-22-2020, 8:15:30 AM
trevor(trevor) used a mine 8-22-2020, 8:15:31 AM
trevor(trevor) used a mine 8-22-2020, 8:15:31 AM
trevor(trevor) used a mine 8-22-2020, 8:15:31 AM
trevor(trevor) used a mine 8-22-2020, 8:15:31 AM
trevor(trevor) used a mine 8-22-2020, 8:15:31 AM
trevor(trevor) used a mine 8-22-2020, 8:15:31 AM
trevor(trevor) used a mine 8-22-2020, 8:15:32 AM
trevor(trevor) used a mine 8-22-2020, 8:15:32 AM
trevor(trevor) used a mine 8-22-2020, 8:15:32 AM
trevor(trevor) used a mine 8-22-2020, 8:15:32 AM
trevor(trevor) used a mine 8-22-2020, 8:15:33 AM
trevor(trevor) used a mine 8-22-2020, 8:15:33 AM
trevor(trevor) used a mine 8-22-2020, 8:15:33 AM
trevor(trevor) used a mine 8-22-2020, 8:15:33 AM
trevor(trevor) used a mine 8-22-2020, 8:15:33 AM
trevor(trevor) used a mine 8-22-2020, 8:15:34 AM
trevor(trevor) used a mine 8-22-2020, 8:15:34 AM
trevor(trevor) used a mine 8-22-2020, 8:15:34 AM
trevor(trevor) used a mine 8-22-2020, 8:15:34 AM
trevor(trevor) used a mine 8-22-2020, 8:15:34 AM
trevor(trevor) used a mine 8-22-2020, 8:15:34 AM
trevor(trevor) used a mine 8-22-2020, 8:15:35 AM
trevor(trevor) used a mine 8-22-2020, 8:15:35 AM
trevor(trevor) used a mine 8-22-2020, 8:15:35 AM
trevor(trevor) used a mine 8-22-2020, 8:15:35 AM
trevor(trevor) used a mine 8-22-2020, 8:15:35 AM
trevor(trevor) used a mine 8-22-2020, 8:15:36 AM
trevor(trevor) used a mine 8-22-2020, 8:15:36 AM
trevor(trevor) used a mine 8-22-2020, 8:15:36 AM
trevor(trevor) used a mine 8-22-2020, 8:15:36 AM
trevor(trevor) used a mine 8-22-2020, 8:15:36 AM
trevor(trevor) used a mine 8-22-2020, 8:15:37 AM
trevor(trevor) used a mine 8-22-2020, 8:15:37 AM
trevor(trevor) used a mine 8-22-2020, 8:15:37 AM
trevor(trevor) used a mine 8-22-2020, 8:15:37 AM
trevor(trevor) used a mine 8-22-2020, 8:15:37 AM
trevor(trevor) used a mine 8-22-2020, 8:15:38 AM
trevor(trevor) used a mine 8-22-2020, 8:15:38 AM
trevor(trevor) used a mine 8-22-2020, 8:15:38 AM
trevor(trevor) used a mine 8-22-2020, 8:15:38 AM
trevor(trevor) used a mine 8-22-2020, 8:15:38 AM
trevor(trevor) used a mine 8-22-2020, 8:15:39 AM
trevor(trevor) used a mine 8-22-2020, 8:15:39 AM
trevor(trevor) used a mine 8-22-2020, 8:15:39 AM
trevor(trevor) used a mine 8-22-2020, 8:15:39 AM
trevor(trevor) used a mine 8-22-2020, 8:15:39 AM
trevor(trevor) used a mine 8-22-2020, 8:15:39 AM
trevor(trevor) used a mine 8-22-2020, 8:15:40 AM
trevor(trevor) used a mine 8-22-2020, 8:15:40 AM
trevor(trevor) used a mine 8-22-2020, 8:15:40 AM
trevor(trevor) used a mine 8-22-2020, 8:15:40 AM
trevor(trevor) used a mine 8-22-2020, 8:15:41 AM
trevor(trevor) used a mine 8-22-2020, 8:15:41 AM
trevor(trevor) used a mine 8-22-2020, 8:15:41 AM
trevor(trevor) used a mine 8-22-2020, 8:15:41 AM
trevor(trevor) used a mine 8-22-2020, 8:15:42 AM
trevor(trevor) used a mine 8-22-2020, 8:15:42 AM
trevor(trevor) used a mine 8-22-2020, 8:15:42 AM
trevor(trevor) used a mine 8-22-2020, 8:15:42 AM
trevor(trevor) used a mine 8-22-2020, 8:15:43 AM
trevor(trevor) used a mine 8-22-2020, 8:15:43 AM
trevor(trevor) used a mine 8-22-2020, 8:15:43 AM
trevor(trevor) used a mine 8-22-2020, 8:15:43 AM
trevor(trevor) used a mine 8-22-2020, 8:15:43 AM
trevor(trevor) used a mine 8-22-2020, 8:15:44 AM
trevor(trevor) used a mine 8-22-2020, 8:15:44 AM
trevor(trevor) used a mine 8-22-2020, 8:15:44 AM
trevor(trevor) used a mine 8-22-2020, 8:15:44 AM
trevor(trevor) used a mine 8-22-2020, 8:15:44 AM
trevor(trevor) used a mine 8-22-2020, 8:15:45 AM
trevor(trevor) used a mine 8-22-2020, 8:15:45 AM
trevor(trevor) used a mine 8-22-2020, 8:15:45 AM
trevor(trevor) used a mine 8-22-2020, 8:15:45 AM
trevor(trevor) used a mine 8-22-2020, 8:15:46 AM
trevor(trevor) used a mine 8-22-2020, 8:15:46 AM
trevor(trevor) used a mine 8-22-2020, 8:15:46 AM
trevor(trevor) used a mine 8-22-2020, 8:15:46 AM
trevor(trevor) used a mine 8-22-2020, 8:15:46 AM
trevor(trevor) used a mine 8-22-2020, 8:15:47 AM
trevor(trevor) used a mine 8-22-2020, 8:15:47 AM
trevor(trevor) used a mine 8-22-2020, 8:15:47 AM
trevor(trevor) used a mine 8-22-2020, 8:15:47 AM
trevor(trevor) used a mine 8-22-2020, 8:15:47 AM
trevor(trevor) used a mine 8-22-2020, 8:15:48 AM
trevor(trevor) used a mine 8-22-2020, 8:15:48 AM
trevor(trevor) used a mine 8-22-2020, 8:15:48 AM
trevor(trevor) used a mine 8-22-2020, 8:15:48 AM
trevor(trevor) used a mine 8-22-2020, 8:15:48 AM
trevor(trevor) used a mine 8-22-2020, 8:15:49 AM
trevor(trevor) used a mine 8-22-2020, 8:15:49 AM
trevor(trevor) used a mine 8-22-2020, 8:15:49 AM
trevor(trevor) used a mine 8-22-2020, 8:15:49 AM
trevor(trevor) used a mine 8-22-2020, 8:15:50 AM
trevor(trevor) used a mine 8-22-2020, 8:15:50 AM
trevor(trevor) used a mine 8-22-2020, 8:15:50 AM
trevor(trevor) used a mine 8-22-2020, 8:15:50 AM
trevor(trevor) used a mine 8-22-2020, 8:15:50 AM
trevor(trevor) used a mine 8-22-2020, 8:15:51 AM
trevor(trevor) used a mine 8-22-2020, 8:15:51 AM
trevor(trevor) used a mine 8-22-2020, 8:15:51 AM
trevor(trevor) used a mine 8-22-2020, 8:15:51 AM
trevor(trevor) used a mine 8-22-2020, 8:15:52 AM
trevor(trevor) used a mine 8-22-2020, 8:15:52 AM
trevor(trevor) used a mine 8-22-2020, 8:15:52 AM
trevor(trevor) used a mine 8-22-2020, 8:15:52 AM
trevor(trevor) used a mine 8-22-2020, 8:15:52 AM
trevor(trevor) used a mine 8-22-2020, 8:15:52 AM
trevor(trevor) used a mine 8-22-2020, 8:15:53 AM
trevor(trevor) used a mine 8-22-2020, 8:15:54 AM
trevor(trevor) used a mine 8-22-2020, 8:15:54 AM
trevor(trevor) used a mine 8-22-2020, 8:15:54 AM
trevor(trevor) used a mine 8-22-2020, 8:15:54 AM
trevor(trevor) used a mine 8-22-2020, 8:15:55 AM
trevor(trevor) used a mine 8-22-2020, 8:15:55 AM
trevor(trevor) used a mine 8-22-2020, 8:15:55 AM
trevor(trevor) used a mine 8-22-2020, 8:15:55 AM
trevor(trevor) used a mine 8-22-2020, 8:15:55 AM
trevor(trevor) used a mine 8-22-2020, 8:15:55 AM
trevor(trevor) used a mine 8-22-2020, 8:15:55 AM
trevor(trevor) used a mine 8-22-2020, 8:15:56 AM
trevor(trevor) used a mine 8-22-2020, 8:15:56 AM
trevor(trevor) used a mine 8-22-2020, 8:15:56 AM
trevor(trevor) used a mine 8-22-2020, 8:15:56 AM
trevor(trevor) used a mine 8-22-2020, 8:15:56 AM
trevor(trevor) used a mine 8-22-2020, 8:15:57 AM
trevor(trevor) used a mine 8-22-2020, 8:15:57 AM
trevor(trevor) used a mine 8-22-2020, 8:15:57 AM
trevor(trevor) used a mine 8-22-2020, 8:15:57 AM
trevor(trevor) used a mine 8-22-2020, 8:15:57 AM
trevor(trevor) used a mine 8-22-2020, 8:15:57 AM
trevor(trevor) used a mine 8-22-2020, 8:15:58 AM
trevor(trevor) used a mine 8-22-2020, 8:15:58 AM
trevor(trevor) used a mine 8-22-2020, 8:15:58 AM
trevor(trevor) used a mine 8-22-2020, 8:15:58 AM
trevor(trevor) used a mine 8-22-2020, 8:15:58 AM
trevor(trevor) used a mine 8-22-2020, 8:15:58 AM
trevor(trevor) used a health_drink 8-22-2020, 8:16:09 AM
trevor(trevor) used a health_drink 8-22-2020, 8:16:09 AM
trevor(trevor) used a health_drink 8-22-2020, 8:16:09 AM
trevor(trevor) used a health_drink 8-22-2020, 8:17:27 AM
trevor(trevor) used a health_drink 8-22-2020, 8:17:27 AM
trevor(trevor) used a health_drink 8-22-2020, 8:17:27 AM
trevor(trevor) used a health_drink 8-22-2020, 8:17:27 AM
trevor(trevor) used a health_drink 8-22-2020, 8:17:28 AM
trevor(trevor) used a armored_tank 8-22-2020, 8:17:51 AM
trevor(trevor) used a armored_tank 8-22-2020, 8:17:57 AM
trevor(trevor) used a armored_tank 8-22-2020, 8:19:06 AM
trevor(trevor) used a frequency_scrambler 8-22-2020, 8:20:35 AM
trevor(trevor) used a frequency_scrambler 8-22-2020, 8:20:35 AM
trevor(trevor) used a frequency_scrambler 8-22-2020, 8:20:46 AM
trevor(trevor) used a frequency_scrambler 8-22-2020, 8:20:46 AM
trevor(trevor) used a frequency_scrambler 8-22-2020, 8:21:14 AM
trevor(trevor) used a frequency_scrambler 8-22-2020, 8:22:06 AM
trevor(trevor) used a frequency_scrambler 8-22-2020, 8:22:06 AM
trevor(trevor) used a stp429_mini_missile 8-22-2020, 8:22:16 AM
trevor(trevor) used a stp429_mini_missile 8-22-2020, 8:22:16 AM
trevor(trevor) used a stp429_mini_missile 8-22-2020, 8:22:16 AM
trevor(trevor) used a stp429_mini_missile 8-22-2020, 8:22:16 AM
trevor(trevor) used a stp429_mini_missile 8-22-2020, 8:22:17 AM
trevor(trevor) used a stp429_mini_missile 8-22-2020, 8:22:17 AM
trevor(trevor) used a stp429_mini_missile 8-22-2020, 8:22:17 AM
trevor(trevor) used a stp429_mini_missile 8-22-2020, 8:22:18 AM
trevor(trevor) used a stp429_mini_missile 8-22-2020, 8:22:18 AM
trevor(trevor) used a stp429_mini_missile 8-22-2020, 8:22:18 AM
trevor(trevor) used a stp429_mini_missile 8-22-2020, 8:22:18 AM
trevor(trevor) used a stp429_mini_missile 8-22-2020, 8:22:18 AM
trevor(trevor) used a stp429_mini_missile 8-22-2020, 8:22:18 AM
trevor(trevor) used a stp429_mini_missile 8-22-2020, 8:22:20 AM
trevor(trevor) used a stp429_mini_missile 8-22-2020, 8:22:21 AM
trevor(trevor) used a stp429_mini_missile 8-22-2020, 8:22:21 AM
trevor(trevor) used a stp429_mini_missile 8-22-2020, 8:22:21 AM
trevor(trevor) used a stp429_mini_missile 8-22-2020, 8:22:22 AM
trevor(trevor) used a stp429_mini_missile 8-22-2020, 8:22:22 AM
trevor(trevor) used a stp429_mini_missile 8-22-2020, 8:22:22 AM
trevor(trevor) used a stp429_mini_missile 8-22-2020, 8:22:23 AM
trevor(trevor) used a stp429_mini_missile 8-22-2020, 8:22:24 AM
trevor(trevor) used a stp429_mini_missile 8-22-2020, 8:22:24 AM
trevor(trevor) used a stp429_mini_missile 8-22-2020, 8:22:24 AM
trevor(trevor) used a stp429_mini_missile 8-22-2020, 8:22:24 AM
trevor(trevor) used a stp429_mini_missile 8-22-2020, 8:22:25 AM
trevor(trevor) used a stp429_mini_missile 8-22-2020, 8:22:25 AM
trevor(trevor) used a stp429_mini_missile 8-22-2020, 8:22:25 AM
trevor(trevor) used a stp429_mini_missile 8-22-2020, 8:22:25 AM
trevor(trevor) used a stp429_mini_missile 8-22-2020, 8:22:25 AM
trevor(trevor) used a stp429_mini_missile 8-22-2020, 8:22:25 AM
trevor(trevor) used a stp429_mini_missile 8-22-2020, 8:22:25 AM
trevor(trevor) used a stp429_mini_missile 8-22-2020, 8:22:26 AM
trevor(trevor) used a hand_grenade 8-22-2020, 8:23:07 AM
trevor(trevor) used a hand_grenade 8-22-2020, 8:23:08 AM
trevor(trevor) used a hand_grenade 8-22-2020, 8:23:08 AM
trevor(trevor) used a hand_grenade 8-22-2020, 8:23:32 AM
trevor(trevor) used a hand_grenade 8-22-2020, 8:23:32 AM
trevor(trevor) used a hand_grenade 8-22-2020, 8:23:32 AM
trevor(trevor) used a hand_grenade 8-22-2020, 8:23:32 AM
trevor(trevor) used a shield 8-22-2020, 8:24:02 AM
trevor(trevor) used a shield 8-22-2020, 8:24:03 AM
trevor(trevor) used a shield 8-22-2020, 8:24:03 AM
trevor(trevor) used a shield 8-22-2020, 8:24:03 AM
trevor(trevor) used a shield 8-22-2020, 8:24:03 AM
trevor(trevor) used a shield 8-22-2020, 8:24:03 AM
trevor(trevor) used a shield 8-22-2020, 8:24:04 AM
trevor(trevor) used a shield 8-22-2020, 8:24:04 AM
trevor(trevor) used a shield 8-22-2020, 8:24:04 AM
trevor(trevor) used a health_drink 8-22-2020, 8:24:05 AM
trevor(trevor) used a health_drink 8-22-2020, 8:24:05 AM
trevor(trevor) used a health_drink 8-22-2020, 8:24:05 AM
trevor(trevor) used a health_drink 8-22-2020, 8:24:05 AM
trevor(trevor) used a health_drink 8-22-2020, 8:24:06 AM
trevor(trevor) used a warp_box 8-22-2020, 8:24:20 AM
trevor(trevor) used a warp_box 8-22-2020, 8:24:23 AM
trevor(trevor) used a warp_box 8-22-2020, 8:24:28 AM
trevor(trevor) used a warp_box 8-22-2020, 8:24:38 AM
trevor(trevor) used a warp_box 8-22-2020, 8:24:38 AM
trevor(trevor) used a warp_box 8-22-2020, 8:24:39 AM
trevor(trevor) used a hand_grenade 8-22-2020, 8:25:12 AM
trevor(trevor) used a warp_box 8-22-2020, 8:25:15 AM
trevor(trevor) used a health_drink 8-22-2020, 8:25:51 AM
trevor(trevor) used a health_drink 8-22-2020, 8:25:51 AM
trevor(trevor) used a health_drink 8-22-2020, 8:25:51 AM
trevor(trevor) used a health_drink 8-22-2020, 8:25:52 AM
trevor(trevor) used a health_drink 8-22-2020, 8:26:03 AM
trevor(trevor) used a health_drink 8-22-2020, 8:26:03 AM
trevor(trevor) used a health_drink 8-22-2020, 8:26:03 AM
trevor(trevor) used a concussive_grenade 8-22-2020, 8:26:17 AM
trevor(trevor) used a concussive_grenade 8-22-2020, 8:26:37 AM
trevor(trevor) used a concussive_grenade 8-22-2020, 8:26:37 AM
trevor(trevor) used a missile_interceptor 8-22-2020, 8:26:38 AM
trevor(trevor) used a concussive_grenade 8-22-2020, 8:26:39 AM
trevor(trevor) used a concussive_grenade 8-22-2020, 8:26:40 AM
trevor(trevor) used a concussive_grenade 8-22-2020, 8:26:40 AM
trevor(trevor) used a health_drink 8-22-2020, 8:26:43 AM
trevor(trevor) used a health_drink 8-22-2020, 8:26:43 AM
trevor(trevor) used a health_drink 8-22-2020, 8:26:43 AM
trevor(trevor) used a health_drink 8-22-2020, 8:26:43 AM
trevor(trevor) used a health_drink 8-22-2020, 8:26:44 AM
trevor(trevor) used a health_drink 8-22-2020, 8:26:44 AM
trevor(trevor) used a health_drink 8-22-2020, 8:26:44 AM
trevor(trevor) used a health_drink 8-22-2020, 8:26:52 AM
trevor(trevor) used a health_drink 8-22-2020, 8:26:52 AM
trevor(trevor) used a health_drink 8-22-2020, 8:26:52 AM
trevor(trevor) used a health_drink 8-22-2020, 8:26:52 AM
trevor(trevor) used a health_drink 8-22-2020, 8:26:53 AM
trevor(trevor) used a health_drink 8-22-2020, 8:27:20 AM
trevor(trevor) used a health_drink 8-22-2020, 8:27:20 AM
trevor(trevor) used a health_drink 8-22-2020, 8:27:20 AM
trevor(trevor) used a health_drink 8-22-2020, 8:27:20 AM
trevor(trevor) used a health_drink 8-22-2020, 8:27:21 AM
trevor(trevor) used a health_drink 8-22-2020, 8:27:21 AM
trevor(trevor) used a health_drink 8-22-2020, 8:27:22 AM
trevor(trevor) used a health_drink 8-22-2020, 8:27:22 AM
trevor(trevor) used a health_drink 8-22-2020, 8:27:22 AM
trevor(trevor) used a health_drink 8-22-2020, 8:27:23 AM
trevor(trevor) used a health_drink 8-22-2020, 8:27:23 AM
trevor(trevor) used a health_drink 8-22-2020, 8:27:23 AM
trevor(trevor) used a health_drink 8-22-2020, 8:27:23 AM
trevor(trevor) used a health_drink 8-22-2020, 8:27:24 AM
trevor(trevor) used a health_drink 8-22-2020, 8:27:24 AM
trevor(trevor) used a health_drink 8-22-2020, 8:27:24 AM
trevor(trevor) used a health_drink 8-22-2020, 8:27:25 AM
trevor(trevor) used a health_drink 8-22-2020, 8:27:25 AM
trevor(trevor) used a health_drink 8-22-2020, 8:27:26 AM
trevor(trevor) used a health_drink 8-22-2020, 8:27:26 AM
trevor(trevor) used a health_drink 8-22-2020, 8:27:26 AM
trevor(trevor) used a health_drink 8-22-2020, 8:27:26 AM
trevor(trevor) used a health_drink 8-22-2020, 8:27:27 AM
trevor(trevor) used a health_drink 8-22-2020, 8:27:27 AM
trevor(trevor) used a health_drink 8-22-2020, 8:27:28 AM
trevor(trevor) used a health_drink 8-22-2020, 8:27:28 AM
trevor(trevor) used a health_drink 8-22-2020, 8:27:28 AM
trevor(trevor) used a health_drink 8-22-2020, 8:27:29 AM
trevor(trevor) used a health_drink 8-22-2020, 8:27:29 AM
trevor(trevor) used a health_drink 8-22-2020, 8:27:29 AM
trevor(trevor) used a health_drink 8-22-2020, 8:27:29 AM
trevor(trevor) used a health_drink 8-22-2020, 8:27:30 AM
trevor(trevor) used a health_drink 8-22-2020, 8:27:30 AM
trevor(trevor) used a health_drink 8-22-2020, 8:27:30 AM
trevor(trevor) used a health_drink 8-22-2020, 8:27:31 AM
trevor(trevor) used a health_drink 8-22-2020, 8:27:31 AM
trevor(trevor) used a health_drink 8-22-2020, 8:27:31 AM
trevor(trevor) used a health_drink 8-22-2020, 8:27:32 AM
trevor(trevor) used a health_drink 8-22-2020, 8:27:34 AM
trevor(trevor) used a health_drink 8-22-2020, 8:27:34 AM
trevor(trevor) used a health_drink 8-22-2020, 8:27:34 AM
trevor(trevor) used a health_drink 8-22-2020, 8:27:34 AM
trevor(trevor) used a health_drink 8-22-2020, 8:27:45 AM
trevor(trevor) used a health_drink 8-22-2020, 8:27:45 AM
trevor(trevor) used a health_drink 8-22-2020, 8:27:45 AM
trevor(trevor) used a health_drink 8-22-2020, 8:28:48 AM
trevor(trevor) used a health_drink 8-22-2020, 8:28:49 AM
trevor(trevor) used a health_drink 8-22-2020, 8:28:49 AM
trevor(trevor) used a health_drink 8-22-2020, 8:28:49 AM
trevor(trevor) used a health_drink 8-22-2020, 8:28:49 AM
trevor(trevor) used a hand_grenade 8-22-2020, 8:29:14 AM
trevor(trevor) used a hand_grenade 8-22-2020, 8:29:54 AM
trevor(trevor) used a hand_grenade 8-22-2020, 8:29:54 AM
trevor(trevor) used a hand_grenade 8-22-2020, 8:29:54 AM
trevor(trevor) used a hand_grenade 8-22-2020, 8:29:55 AM
trevor(trevor) used a hand_grenade 8-22-2020, 8:29:55 AM
trevor(trevor) used a hand_grenade 8-22-2020, 8:29:55 AM
trevor(trevor) used a hand_grenade 8-22-2020, 8:31:17 AM
trevor(trevor) used a hand_grenade 8-22-2020, 8:31:38 AM
trevor(trevor) used a hand_grenade 8-22-2020, 8:31:38 AM
trevor(trevor) used a hand_grenade 8-22-2020, 8:31:39 AM
trevor(trevor) used a hand_grenade 8-22-2020, 8:31:39 AM
trevor(trevor) used a hand_grenade 8-22-2020, 8:31:39 AM
trevor(trevor) used a hand_grenade 8-22-2020, 8:31:39 AM
trevor(trevor) used a hand_grenade 8-22-2020, 8:31:39 AM
trevor(trevor) used a hand_grenade 8-22-2020, 8:31:39 AM
trevor(trevor) used a hand_grenade 8-22-2020, 8:31:40 AM
trevor(trevor) used a hand_grenade 8-22-2020, 8:31:40 AM
trevor(trevor) used a hand_grenade 8-22-2020, 8:31:40 AM
trevor(trevor) used a hand_grenade 8-22-2020, 8:31:40 AM
trevor(trevor) used a hand_grenade 8-22-2020, 8:31:40 AM
trevor(trevor) used a hand_grenade 8-22-2020, 8:31:40 AM
trevor(trevor) used a hand_grenade 8-22-2020, 8:31:41 AM
trevor(trevor) used a hand_grenade 8-22-2020, 8:31:41 AM
trevor(trevor) used a hand_grenade 8-22-2020, 8:31:41 AM
trevor(trevor) used a hand_grenade 8-22-2020, 8:31:41 AM
trevor(trevor) used a hand_grenade 8-22-2020, 8:31:41 AM
trevor(trevor) used a hand_grenade 8-22-2020, 8:33:19 AM
trevor(trevor) used a hand_grenade 8-22-2020, 8:33:19 AM
trevor(trevor) used a hand_grenade 8-22-2020, 8:33:19 AM
trevor(trevor) used a hand_grenade 8-22-2020, 8:33:19 AM
trevor(trevor) used a hand_grenade 8-22-2020, 8:33:20 AM
trevor(trevor) used a hand_grenade 8-22-2020, 8:33:20 AM
trevor(trevor) used a shield 8-22-2020, 8:33:27 AM
trevor(trevor) used a shield 8-22-2020, 8:33:28 AM
trevor(trevor) used a shield 8-22-2020, 8:33:28 AM
trevor(trevor) used a shield 8-22-2020, 8:33:28 AM
trevor(trevor) used a health_drink 8-22-2020, 8:33:29 AM
trevor(trevor) used a health_drink 8-22-2020, 8:33:29 AM
trevor(trevor) used a health_drink 8-22-2020, 8:33:29 AM
trevor(trevor) used a armored_tank 8-22-2020, 8:37:55 AM
trevor(trevor) used a armored_tank 8-22-2020, 8:39:34 AM
trevor(trevor) used a awp 8-22-2020, 10:54:51 AM
trevor(trevor) used a wirebomb 8-22-2020, 10:57:09 AM
trevor(trevor) used a wirebomb 8-22-2020, 10:57:10 AM
trevor(trevor) used a wirebomb 8-22-2020, 10:57:10 AM
trevor(trevor) used a shield 8-22-2020, 10:57:11 AM
trevor(trevor) used a shield 8-22-2020, 10:57:11 AM
trevor(trevor) used a shield 8-22-2020, 10:57:12 AM
trevor(trevor) used a shield 8-22-2020, 10:57:12 AM
trevor(trevor) used a shield 8-22-2020, 10:57:12 AM
trevor(trevor) used a shield 8-22-2020, 10:57:12 AM
trevor(trevor) used a health_drink 8-22-2020, 10:57:13 AM
trevor(trevor) used a health_drink 8-22-2020, 10:57:13 AM
trevor(trevor) used a frequency_scrambler 8-22-2020, 11:00:27 AM
trevor(trevor) used a frequency_scrambler 8-22-2020, 11:00:27 AM
trevor(trevor) used a shield 8-22-2020, 11:00:36 AM
trevor(trevor) used a shield 8-22-2020, 11:00:36 AM
trevor(trevor) used a shield 8-22-2020, 11:00:36 AM
trevor(trevor) used a health_drink 8-22-2020, 11:00:37 AM
trevor(trevor) used a health_drink 8-22-2020, 11:00:37 AM
trevor(trevor) used a health_drink 8-22-2020, 11:00:37 AM
trevor(trevor) used a health_drink 8-22-2020, 11:00:37 AM
trevor(trevor) used a health_drink 8-22-2020, 11:00:38 AM
trevor(trevor) used a frequency_scrambler 8-22-2020, 11:02:54 AM
trevor(trevor) used a frequency_scrambler 8-22-2020, 11:02:54 AM
trevor(trevor) used a frequency_scrambler 8-22-2020, 11:02:54 AM
trevor(trevor) used a awp 8-22-2020, 11:05:59 AM
trevor(trevor) used a awp 8-22-2020, 11:07:51 AM
trevor(trevor) used a awp 8-22-2020, 11:10:55 AM
trevor(trevor) used a awp 8-22-2020, 11:13:30 AM
trevor(trevor) used a awp 8-22-2020, 11:15:17 AM
trevor(trevor) used a awp 8-22-2020, 12:03:00 PM
trevor(trevor) used a wood_pack 8-22-2020, 12:04:06 PM
trevor(trevor) used a wood_pack 8-22-2020, 12:04:07 PM
trevor(trevor) used a wood_pack 8-22-2020, 12:04:07 PM
trevor(trevor) used a wood_pack 8-22-2020, 12:04:07 PM
trevor(trevor) used a wood_pack 8-22-2020, 12:04:07 PM
trevor(trevor) used a wood_pack 8-22-2020, 12:04:07 PM
trevor(trevor) used a wood_pack 8-22-2020, 12:04:07 PM
trevor(trevor) used a wood_pack 8-22-2020, 12:04:07 PM
trevor(trevor) used a wood_pack 8-22-2020, 12:04:08 PM
trevor(trevor) used a wood_pack 8-22-2020, 12:04:08 PM
trevor(trevor) used a wood_pack 8-22-2020, 12:04:08 PM
trevor(trevor) used a wood_pack 8-22-2020, 12:04:08 PM
trevor(trevor) used a wood_pack 8-22-2020, 12:04:08 PM
trevor(trevor) used a wood_pack 8-22-2020, 12:04:08 PM
trevor(trevor) used a wood_pack 8-22-2020, 12:04:08 PM
trevor(trevor) used a wood_pack 8-22-2020, 12:04:08 PM
trevor(trevor) used a wood_pack 8-22-2020, 12:04:09 PM
trevor(trevor) used a wood_pack 8-22-2020, 12:04:09 PM
trevor(trevor) used a wood_pack 8-22-2020, 12:04:09 PM
trevor(trevor) used a wood_pack 8-22-2020, 12:04:09 PM
trevor(trevor) used a wood_pack 8-22-2020, 12:04:09 PM
trevor(trevor) used a wood_pack 8-22-2020, 12:04:09 PM
trevor(trevor) used a wood_pack 8-22-2020, 12:04:09 PM
trevor(trevor) used a wood_pack 8-22-2020, 12:04:10 PM
trevor(trevor) used a wood_pack 8-22-2020, 12:04:10 PM
trevor(trevor) used a wood_pack 8-22-2020, 12:04:10 PM
trevor(trevor) used a wood_pack 8-22-2020, 12:04:10 PM
trevor(trevor) used a wood_pack 8-22-2020, 12:04:10 PM
trevor(trevor) used a wood_pack 8-22-2020, 12:04:10 PM
trevor(trevor) used a wood_pack 8-22-2020, 12:04:10 PM
trevor(trevor) used a wood_pack 8-22-2020, 12:04:11 PM
trevor(trevor) used a wood_pack 8-22-2020, 12:04:11 PM
trevor(trevor) used a wood_pack 8-22-2020, 12:04:11 PM
trevor(trevor) used a wood_pack 8-22-2020, 12:04:11 PM
trevor(trevor) used a wood_pack 8-22-2020, 12:04:11 PM
trevor(trevor) used a wood_pack 8-22-2020, 12:04:11 PM
trevor(trevor) used a wood_pack 8-22-2020, 12:04:11 PM
trevor(trevor) used a wood_pack 8-22-2020, 12:04:12 PM
trevor(trevor) used a wood_pack 8-22-2020, 12:04:12 PM
trevor(trevor) used a wood_pack 8-22-2020, 12:04:12 PM
trevor(trevor) used a wood_pack 8-22-2020, 12:04:12 PM
trevor(trevor) used a wood_pack 8-22-2020, 12:04:12 PM
trevor(trevor) used a wood_pack 8-22-2020, 12:04:12 PM
trevor(trevor) used a wood_pack 8-22-2020, 12:04:12 PM
trevor(trevor) used a wood_pack 8-22-2020, 12:04:13 PM
trevor(trevor) used a wood_pack 8-22-2020, 12:04:13 PM
trevor(trevor) used a wood_pack 8-22-2020, 12:04:13 PM
trevor(trevor) used a wood_pack 8-22-2020, 12:04:13 PM
trevor(trevor) used a wood_pack 8-22-2020, 12:04:13 PM
trevor(trevor) used a wood_pack 8-22-2020, 12:04:13 PM
trevor(trevor) used a wood_pack 8-22-2020, 12:04:13 PM
trevor(trevor) used a wood_pack 8-22-2020, 12:04:13 PM
trevor(trevor) used a wood_pack 8-22-2020, 12:04:14 PM
trevor(trevor) used a wood_pack 8-22-2020, 12:04:14 PM
trevor(trevor) used a wood_pack 8-22-2020, 12:04:14 PM
trevor(trevor) used a wood_pack 8-22-2020, 12:04:14 PM
trevor(trevor) used a wood_pack 8-22-2020, 12:04:14 PM
trevor(trevor) used a wood_pack 8-22-2020, 12:04:14 PM
trevor(trevor) used a wood_pack 8-22-2020, 12:04:14 PM
trevor(trevor) used a wood_pack 8-22-2020, 12:04:15 PM
trevor(trevor) used a wood_pack 8-22-2020, 12:04:15 PM
trevor(trevor) used a wood 8-22-2020, 12:04:18 PM
trevor(trevor) used a wood 8-22-2020, 12:04:30 PM
trevor(trevor) used a wood 8-22-2020, 12:04:38 PM
trevor(trevor) used a fuel_tank 8-22-2020, 12:04:56 PM
trevor(trevor) used a fuel_tank 8-22-2020, 12:04:56 PM
trevor(trevor) used a fuel_tank 8-22-2020, 12:04:57 PM
trevor(trevor) used a fuel_tank 8-22-2020, 12:04:57 PM
trevor(trevor) used a fuel_tank 8-22-2020, 12:04:57 PM
trevor(trevor) used a fuel_tank 8-22-2020, 12:04:58 PM
trevor(trevor) used a fuel_tank 8-22-2020, 12:04:58 PM
trevor(trevor) used a fuel_tank 8-22-2020, 12:04:58 PM
trevor(trevor) used a fuel_tank 8-22-2020, 12:04:59 PM
trevor(trevor) used a fuel_tank 8-22-2020, 12:04:59 PM
trevor(trevor) used a fuel_tank 8-22-2020, 12:04:59 PM
trevor(trevor) used a fuel_tank 8-22-2020, 12:05:00 PM
trevor(trevor) used a fuel_tank 8-22-2020, 12:05:00 PM
trevor(trevor) used a fuel_tank 8-22-2020, 12:05:00 PM
trevor(trevor) used a fuel_tank 8-22-2020, 12:05:00 PM
trevor(trevor) used a fuel_tank 8-22-2020, 12:05:01 PM
trevor(trevor) used a fuel_tank 8-22-2020, 12:05:01 PM
trevor(trevor) used a fuel_tank 8-22-2020, 12:05:01 PM
trevor(trevor) used a fuel_tank 8-22-2020, 12:05:02 PM
trevor(trevor) used a fuel_tank 8-22-2020, 12:05:02 PM
trevor(trevor) used a fuel_tank 8-22-2020, 12:05:03 PM
trevor(trevor) used a fuel_tank 8-22-2020, 12:05:03 PM
trevor(trevor) used a fuel_tank 8-22-2020, 12:05:03 PM
trevor(trevor) used a fuel_tank 8-22-2020, 12:05:03 PM
trevor(trevor) used a fuel_tank 8-22-2020, 12:05:04 PM
trevor(trevor) used a fuel_tank 8-22-2020, 12:05:05 PM
trevor(trevor) used a fuel_tank 8-22-2020, 12:05:05 PM
trevor(trevor) used a fuel_tank 8-22-2020, 12:05:05 PM
trevor(trevor) used a fuel_tank 8-22-2020, 12:05:06 PM
trevor(trevor) used a fuel_tank 8-22-2020, 12:05:06 PM
trevor(trevor) used a fuel_tank 8-22-2020, 12:05:06 PM
trevor(trevor) used a fuel_tank 8-22-2020, 12:05:07 PM
trevor(trevor) used a fuel_tank 8-22-2020, 12:05:07 PM
trevor(trevor) used a fuel_tank 8-22-2020, 12:05:07 PM
trevor(trevor) used a fuel_tank 8-22-2020, 12:05:08 PM
trevor(trevor) used a fuel_tank 8-22-2020, 12:05:08 PM
trevor(trevor) used a fuel_tank 8-22-2020, 12:05:08 PM
trevor(trevor) used a fuel_tank 8-22-2020, 12:05:09 PM
trevor(trevor) used a fuel_tank 8-22-2020, 12:05:09 PM
trevor(trevor) used a fuel_tank 8-22-2020, 12:05:09 PM
trevor(trevor) used a fuel_tank 8-22-2020, 12:05:10 PM
trevor(trevor) used a fuel_tank 8-22-2020, 12:05:10 PM
trevor(trevor) used a fuel_tank 8-22-2020, 12:05:10 PM
trevor(trevor) used a fuel_tank 8-22-2020, 12:05:11 PM
trevor(trevor) used a fuel_tank 8-22-2020, 12:05:11 PM
trevor(trevor) used a fuel_tank 8-22-2020, 12:05:11 PM
trevor(trevor) used a fuel_tank 8-22-2020, 12:05:12 PM
trevor(trevor) used a fuel_tank 8-22-2020, 12:05:12 PM
trevor(trevor) used a fuel_tank 8-22-2020, 12:05:12 PM
trevor(trevor) used a fuel_tank 8-22-2020, 12:05:13 PM
trevor(trevor) used a fuel_tank 8-22-2020, 12:05:13 PM
trevor(trevor) used a fuel_tank 8-22-2020, 12:05:13 PM
trevor(trevor) used a fuel_tank 8-22-2020, 12:05:14 PM
trevor(trevor) used a fuel_tank 8-22-2020, 12:05:14 PM
trevor(trevor) used a fuel_tank 8-22-2020, 12:05:14 PM
trevor(trevor) used a fuel_tank 8-22-2020, 12:05:15 PM
trevor(trevor) used a fuel_tank 8-22-2020, 12:05:15 PM
trevor(trevor) used a fuel_tank 8-22-2020, 12:05:15 PM
trevor(trevor) used a fuel_tank 8-22-2020, 12:05:16 PM
trevor(trevor) used a fuel_tank 8-22-2020, 12:05:16 PM
trevor(trevor) used a fuel_tank 8-22-2020, 12:05:16 PM
trevor(trevor) used a fuel_tank 8-22-2020, 12:05:17 PM
trevor(trevor) used a fuel_tank 8-22-2020, 12:05:17 PM
trevor(trevor) used a fuel_tank 8-22-2020, 12:05:17 PM
trevor(trevor) used a fuel_tank 8-22-2020, 12:05:18 PM
trevor(trevor) used a fuel_tank 8-22-2020, 12:05:18 PM
trevor(trevor) used a fuel_tank 8-22-2020, 12:05:18 PM
trevor(trevor) used a fuel_tank 8-22-2020, 12:05:19 PM
trevor(trevor) used a fuel_tank 8-22-2020, 12:05:19 PM
trevor(trevor) used a fuel_tank 8-22-2020, 12:05:19 PM
trevor(trevor) used a fuel_tank 8-22-2020, 12:05:20 PM
trevor(trevor) used a fuel_tank 8-22-2020, 12:05:20 PM
trevor(trevor) used a fuel_tank 8-22-2020, 12:05:20 PM
trevor(trevor) used a fuel_tank 8-22-2020, 12:05:21 PM
trevor(trevor) used a fuel_tank 8-22-2020, 12:05:21 PM
trevor(trevor) used a fuel_tank 8-22-2020, 12:05:21 PM
trevor(trevor) used a hand_cannon 8-22-2020, 12:11:55 PM
trevor(trevor) used a awp 8-22-2020, 12:12:13 PM
trevor(trevor) used a shield 8-22-2020, 12:13:27 PM
trevor(trevor) used a shield 8-22-2020, 12:13:27 PM
trevor(trevor) used a shield 8-22-2020, 12:13:28 PM
trevor(trevor) used a health_drink 8-22-2020, 12:13:28 PM
trevor(trevor) used a health_drink 8-22-2020, 12:13:28 PM
trevor(trevor) used a health_drink 8-22-2020, 12:13:28 PM
trevor(trevor) used a health_drink 8-22-2020, 12:13:29 PM
trevor(trevor) used a wood_pack 8-22-2020, 12:15:13 PM
trevor(trevor) used a wood_pack 8-22-2020, 12:15:13 PM
trevor(trevor) used a wood_pack 8-22-2020, 12:15:13 PM
trevor(trevor) used a wood_pack 8-22-2020, 12:15:13 PM
trevor(trevor) used a wood_pack 8-22-2020, 12:15:14 PM
trevor(trevor) used a wood_pack 8-22-2020, 12:15:14 PM
trevor(trevor) used a wood_pack 8-22-2020, 12:15:14 PM
trevor(trevor) used a wood_pack 8-22-2020, 12:15:14 PM
trevor(trevor) used a wood_pack 8-22-2020, 12:15:14 PM
trevor(trevor) used a wood_pack 8-22-2020, 12:15:14 PM
trevor(trevor) used a wood_pack 8-22-2020, 12:15:14 PM
trevor(trevor) used a wood_pack 8-22-2020, 12:15:15 PM
trevor(trevor) used a wood_pack 8-22-2020, 12:15:15 PM
trevor(trevor) used a wood_pack 8-22-2020, 12:15:15 PM
trevor(trevor) used a wood_pack 8-22-2020, 12:15:15 PM
trevor(trevor) used a wood_pack 8-22-2020, 12:15:15 PM
trevor(trevor) used a wood_pack 8-22-2020, 12:15:15 PM
trevor(trevor) used a wood_pack 8-22-2020, 12:15:15 PM
trevor(trevor) used a wood_pack 8-22-2020, 12:15:15 PM
trevor(trevor) used a wood_pack 8-22-2020, 12:15:15 PM
trevor(trevor) used a wood_pack 8-22-2020, 12:15:16 PM
trevor(trevor) used a wood_pack 8-22-2020, 12:15:16 PM
trevor(trevor) used a wood_pack 8-22-2020, 12:15:16 PM
trevor(trevor) used a wood_pack 8-22-2020, 12:15:16 PM
trevor(trevor) used a wood_pack 8-22-2020, 12:15:16 PM
trevor(trevor) used a wood_pack 8-22-2020, 12:15:16 PM
trevor(trevor) used a wood_pack 8-22-2020, 12:15:16 PM
trevor(trevor) used a wood_pack 8-22-2020, 12:15:17 PM
trevor(trevor) used a wood_pack 8-22-2020, 12:15:17 PM
trevor(trevor) used a wood_pack 8-22-2020, 12:15:17 PM
trevor(trevor) used a wood_pack 8-22-2020, 12:15:17 PM
trevor(trevor) used a wood_pack 8-22-2020, 12:15:17 PM
trevor(trevor) used a wood_pack 8-22-2020, 12:15:17 PM
trevor(trevor) used a wood_pack 8-22-2020, 12:15:17 PM
trevor(trevor) used a wood_pack 8-22-2020, 12:15:17 PM
trevor(trevor) used a wood_pack 8-22-2020, 12:15:18 PM
trevor(trevor) used a wood_pack 8-22-2020, 12:15:18 PM
trevor(trevor) used a wood_pack 8-22-2020, 12:15:18 PM
trevor(trevor) used a wood_pack 8-22-2020, 12:15:18 PM
trevor(trevor) used a wood_pack 8-22-2020, 12:15:18 PM
trevor(trevor) used a wood_pack 8-22-2020, 12:15:18 PM
trevor(trevor) used a wood_pack 8-22-2020, 12:15:18 PM
trevor(trevor) used a wood_pack 8-22-2020, 12:15:18 PM
trevor(trevor) used a wood_pack 8-22-2020, 12:15:19 PM
trevor(trevor) used a wood_pack 8-22-2020, 12:15:19 PM
trevor(trevor) used a wood_pack 8-22-2020, 12:15:19 PM
trevor(trevor) used a wood_pack 8-22-2020, 12:15:19 PM
trevor(trevor) used a wood_pack 8-22-2020, 12:15:19 PM
trevor(trevor) used a wood_pack 8-22-2020, 12:15:19 PM
trevor(trevor) used a wood_pack 8-22-2020, 12:15:19 PM
trevor(trevor) used a wood_pack 8-22-2020, 12:15:20 PM
trevor(trevor) used a wood_pack 8-22-2020, 12:15:20 PM
trevor(trevor) used a wood_pack 8-22-2020, 12:15:20 PM
trevor(trevor) used a wood_pack 8-22-2020, 12:15:20 PM
trevor(trevor) used a wood_pack 8-22-2020, 12:15:20 PM
trevor(trevor) used a wood_pack 8-22-2020, 12:15:20 PM
trevor(trevor) used a wood_pack 8-22-2020, 12:15:20 PM
trevor(trevor) used a wood_pack 8-22-2020, 12:15:21 PM
trevor(trevor) used a wood_pack 8-22-2020, 12:15:21 PM
trevor(trevor) used a wood_pack 8-22-2020, 12:15:21 PM
trevor(trevor) used a wood_pack 8-22-2020, 12:15:21 PM
trevor(trevor) used a wood_pack 8-22-2020, 12:15:21 PM
trevor(trevor) used a wood_pack 8-22-2020, 12:15:21 PM
trevor(trevor) used a wood_pack 8-22-2020, 12:15:21 PM
trevor(trevor) used a wood_pack 8-22-2020, 12:15:21 PM
trevor(trevor) used a wood_pack 8-22-2020, 12:15:22 PM
trevor(trevor) used a wood_pack 8-22-2020, 12:15:22 PM
trevor(trevor) used a wood_pack 8-22-2020, 12:15:22 PM
trevor(trevor) used a wood_pack 8-22-2020, 12:15:22 PM
trevor(trevor) used a wood_pack 8-22-2020, 12:15:22 PM
trevor(trevor) used a wood_pack 8-22-2020, 12:15:22 PM
trevor(trevor) used a wood_pack 8-22-2020, 12:15:22 PM
trevor(trevor) used a wood_pack 8-22-2020, 12:15:23 PM
trevor(trevor) used a wood_pack 8-22-2020, 12:15:23 PM
trevor(trevor) used a wood_pack 8-22-2020, 12:15:23 PM
trevor(trevor) used a wood_pack 8-22-2020, 12:15:23 PM
trevor(trevor) used a wood_pack 8-22-2020, 12:15:23 PM
trevor(trevor) used a wood_pack 8-22-2020, 12:15:23 PM
trevor(trevor) used a wood_pack 8-22-2020, 12:15:23 PM
trevor(trevor) used a wood_pack 8-22-2020, 12:15:24 PM
trevor(trevor) used a wood_pack 8-22-2020, 12:15:24 PM
trevor(trevor) used a wood_pack 8-22-2020, 12:15:24 PM
trevor(trevor) used a wood_pack 8-22-2020, 12:15:24 PM
trevor(trevor) used a wood_pack 8-22-2020, 12:15:24 PM
trevor(trevor) used a wood_pack 8-22-2020, 12:15:24 PM
trevor(trevor) used a wood_pack 8-22-2020, 12:15:24 PM
trevor(trevor) used a wood 8-22-2020, 12:15:28 PM
trevor(trevor) used a coin 8-22-2020, 12:16:08 PM
trevor(trevor) used a coin 8-22-2020, 12:16:23 PM
trevor(trevor) used a coin 8-22-2020, 12:16:24 PM
trevor(trevor) used a coin 8-22-2020, 12:16:26 PM
trevor(trevor) used a awp 8-22-2020, 12:17:06 PM
trevor(trevor) used a shield 8-22-2020, 1:41:45 PM
trevor(trevor) used a shield 8-22-2020, 1:41:46 PM
trevor(trevor) used a shield 8-22-2020, 1:41:46 PM
trevor(trevor) used a shield 8-22-2020, 1:41:46 PM
trevor(trevor) used a shield 8-22-2020, 1:41:46 PM
trevor(trevor) used a shield 8-22-2020, 1:41:46 PM
trevor(trevor) used a shield 8-22-2020, 1:41:47 PM
trevor(trevor) used a shield 8-22-2020, 1:41:47 PM
trevor(trevor) used a shield 8-22-2020, 1:41:47 PM
trevor(trevor) used a shield 8-22-2020, 1:41:47 PM
trevor(trevor) used a shield 8-22-2020, 1:41:47 PM
trevor(trevor) used a shield 8-22-2020, 1:41:48 PM
trevor(trevor) used a shield 8-22-2020, 1:41:48 PM
trevor(trevor) used a shield 8-22-2020, 1:41:48 PM
trevor(trevor) used a shield 8-22-2020, 1:41:48 PM
trevor(trevor) used a shield 8-22-2020, 1:41:48 PM
trevor(trevor) used a shield 8-22-2020, 1:41:48 PM
trevor(trevor) used a shield 8-22-2020, 1:41:49 PM
trevor(trevor) used a shield 8-22-2020, 1:41:49 PM
trevor(trevor) used a shield 8-22-2020, 1:41:49 PM
trevor(trevor) used a shield 8-22-2020, 1:41:49 PM
trevor(trevor) used a shield 8-22-2020, 1:41:50 PM
trevor(trevor) used a shield 8-22-2020, 1:41:50 PM
trevor(trevor) used a shield 8-22-2020, 1:41:50 PM
trevor(trevor) used a shield 8-22-2020, 1:41:50 PM
trevor(trevor) used a shield 8-22-2020, 1:41:50 PM
trevor(trevor) used a shield 8-22-2020, 1:41:50 PM
trevor(trevor) used a shield 8-22-2020, 1:41:51 PM
trevor(trevor) used a shield 8-22-2020, 1:41:51 PM
trevor(trevor) used a shield 8-22-2020, 1:41:52 PM
trevor(trevor) used a shield 8-22-2020, 1:41:52 PM
trevor(trevor) used a health_drink 8-22-2020, 1:41:52 PM
trevor(trevor) used a health_drink 8-22-2020, 1:41:52 PM
trevor(trevor) used a shield 8-22-2020, 1:42:02 PM
trevor(trevor) used a shield 8-22-2020, 1:42:02 PM
trevor(trevor) used a health_drink 8-22-2020, 1:42:03 PM
trevor(trevor) used a health_drink 8-22-2020, 1:42:03 PM
trevor(trevor) used a health_drink 8-22-2020, 1:42:03 PM
trevor(trevor) used a health_drink 8-22-2020, 1:42:03 PM
trevor(trevor) used a health_drink 8-22-2020, 1:42:04 PM
trevor(trevor) used a health_drink 8-22-2020, 1:42:04 PM
trevor(trevor) used a hand_cannon 8-22-2020, 1:43:30 PM
trevor(trevor) used a hand_cannon 8-22-2020, 1:43:31 PM
trevor(trevor) used a hand_cannon 8-22-2020, 1:43:31 PM
trevor(trevor) used a hand_cannon 8-22-2020, 1:43:31 PM
trevor(trevor) used a hand_cannon 8-22-2020, 1:43:32 PM
trevor(trevor) used a hand_cannon 8-22-2020, 1:43:32 PM
trevor(trevor) used a hand_cannon 8-22-2020, 1:43:32 PM
trevor(trevor) used a hand_cannon 8-22-2020, 1:43:32 PM
trevor(trevor) used a hand_cannon 8-22-2020, 1:43:32 PM
trevor(trevor) used a hand_cannon 8-22-2020, 1:43:32 PM
trevor(trevor) used a hand_cannon 8-22-2020, 1:43:33 PM
trevor(trevor) used a hand_cannon 8-22-2020, 1:43:33 PM
trevor(trevor) used a hand_cannon 8-22-2020, 1:43:33 PM
trevor(trevor) used a hand_cannon 8-22-2020, 1:43:33 PM
trevor(trevor) used a hand_cannon 8-22-2020, 1:44:14 PM
trevor(trevor) used a wirebomb 8-22-2020, 1:44:33 PM
trevor(trevor) used a wirebomb 8-22-2020, 1:44:34 PM
trevor(trevor) used a wirebomb 8-22-2020, 1:44:34 PM
trevor(trevor) used a rpg7 8-22-2020, 1:45:49 PM
trevor(trevor) used a wirebomb 8-22-2020, 1:46:15 PM
trevor(trevor) used a hand_cannon 8-22-2020, 1:46:57 PM
trevor(trevor) used a hand_cannon 8-22-2020, 1:46:57 PM
trevor(trevor) used a health_drink 8-22-2020, 1:47:10 PM
trevor(trevor) used a health_drink 8-22-2020, 1:47:11 PM
trevor(trevor) used a health_drink 8-22-2020, 1:47:11 PM
trevor(trevor) used a health_drink 8-22-2020, 1:47:11 PM
trevor(trevor) used a rpg7 8-22-2020, 1:47:17 PM
trevor(trevor) used a health_drink 8-22-2020, 1:47:19 PM
trevor(trevor) used a health_drink 8-22-2020, 1:47:19 PM
trevor(trevor) used a health_drink 8-22-2020, 1:47:19 PM
trevor(trevor) used a health_drink 8-22-2020, 1:47:19 PM
trevor(trevor) used a health_drink 8-22-2020, 1:47:20 PM
trevor(trevor) used a health_drink 8-22-2020, 1:47:39 PM
trevor(trevor) used a health_drink 8-22-2020, 1:47:39 PM
trevor(trevor) used a health_drink 8-22-2020, 1:47:39 PM
trevor(trevor) used a health_drink 8-22-2020, 1:47:41 PM
trevor(trevor) used a health_drink 8-22-2020, 1:47:41 PM
trevor(trevor) used a health_drink 8-22-2020, 1:47:41 PM
trevor(trevor) used a health_drink 8-22-2020, 1:47:42 PM
trevor(trevor) used a health_drink 8-22-2020, 1:47:42 PM
trevor(trevor) used a health_drink 8-22-2020, 1:47:42 PM
trevor(trevor) used a health_drink 8-22-2020, 1:47:42 PM
trevor(trevor) used a health_drink 8-22-2020, 1:47:43 PM
trevor(trevor) used a health_drink 8-22-2020, 1:47:44 PM
trevor(trevor) used a health_drink 8-22-2020, 1:47:44 PM
trevor(trevor) used a health_drink 8-22-2020, 1:47:45 PM
trevor(trevor) used a health_drink 8-22-2020, 1:47:45 PM
trevor(trevor) used a health_drink 8-22-2020, 1:47:45 PM
trevor(trevor) used a health_drink 8-22-2020, 1:47:46 PM
trevor(trevor) used a health_drink 8-22-2020, 1:47:46 PM
trevor(trevor) used a health_drink 8-22-2020, 1:47:48 PM
trevor(trevor) used a health_drink 8-22-2020, 1:47:48 PM
trevor(trevor) used a health_drink 8-22-2020, 1:47:48 PM
trevor(trevor) used a health_drink 8-22-2020, 1:47:49 PM
trevor(trevor) used a health_drink 8-22-2020, 1:47:49 PM
trevor(trevor) used a health_drink 8-22-2020, 1:47:49 PM
trevor(trevor) used a health_drink 8-22-2020, 1:47:51 PM
trevor(trevor) used a health_drink 8-22-2020, 1:47:51 PM
trevor(trevor) used a health_drink 8-22-2020, 1:47:51 PM
trevor(trevor) used a health_drink 8-22-2020, 1:47:52 PM
trevor(trevor) used a health_drink 8-22-2020, 1:47:52 PM
trevor(trevor) used a health_drink 8-22-2020, 1:47:52 PM
trevor(trevor) used a health_drink 8-22-2020, 1:47:54 PM
trevor(trevor) used a health_drink 8-22-2020, 1:47:54 PM
trevor(trevor) used a health_drink 8-22-2020, 1:47:54 PM
trevor(trevor) used a health_drink 8-22-2020, 1:47:55 PM
trevor(trevor) used a health_drink 8-22-2020, 1:47:55 PM
trevor(trevor) used a health_drink 8-22-2020, 1:47:55 PM
trevor(trevor) used a health_drink 8-22-2020, 1:47:55 PM
trevor(trevor) used a health_drink 8-22-2020, 1:47:56 PM
trevor(trevor) used a health_drink 8-22-2020, 1:47:57 PM
trevor(trevor) used a health_drink 8-22-2020, 1:47:58 PM
trevor(trevor) used a health_drink 8-22-2020, 1:47:58 PM
trevor(trevor) used a health_drink 8-22-2020, 1:47:58 PM
trevor(trevor) used a health_drink 8-22-2020, 1:47:58 PM
trevor(trevor) used a health_drink 8-22-2020, 1:47:59 PM
trevor(trevor) used a health_drink 8-22-2020, 1:47:59 PM
trevor(trevor) used a health_drink 8-22-2020, 1:48:58 PM
trevor(trevor) used a health_drink 8-22-2020, 1:48:59 PM
trevor(trevor) used a health_drink 8-22-2020, 1:49:12 PM
trevor(trevor) used a health_drink 8-22-2020, 1:49:12 PM
trevor(trevor) used a health_drink 8-22-2020, 1:49:12 PM
trevor(trevor) used a health_drink 8-22-2020, 1:49:12 PM
trevor(trevor) used a health_drink 8-22-2020, 1:49:12 PM
trevor(trevor) used a health_drink 8-22-2020, 1:49:13 PM
trevor(trevor) used a health_drink 8-22-2020, 1:49:13 PM
trevor(trevor) used a shield 8-22-2020, 1:49:15 PM
trevor(trevor) used a shield 8-22-2020, 1:49:16 PM
trevor(trevor) used a shield 8-22-2020, 1:49:16 PM
trevor(trevor) used a shield 8-22-2020, 1:49:16 PM
trevor(trevor) used a shield 8-22-2020, 1:49:16 PM
trevor(trevor) used a shield 8-22-2020, 1:49:17 PM
trevor(trevor) used a shield 8-22-2020, 1:49:18 PM
trevor(trevor) used a shield 8-22-2020, 1:49:18 PM
trevor(trevor) used a shield 8-22-2020, 1:49:18 PM
trevor(trevor) used a shield 8-22-2020, 1:49:19 PM
trevor(trevor) used a shield 8-22-2020, 1:49:19 PM
trevor(trevor) used a shield 8-22-2020, 1:49:19 PM
trevor(trevor) used a shield 8-22-2020, 1:49:20 PM
trevor(trevor) used a health_drink 8-22-2020, 1:49:20 PM
trevor(trevor) used a health_drink 8-22-2020, 1:49:21 PM
trevor(trevor) used a health_drink 8-22-2020, 1:49:21 PM
trevor(trevor) used a shield 8-22-2020, 1:49:32 PM
trevor(trevor) used a shield 8-22-2020, 1:49:32 PM
trevor(trevor) used a shield 8-22-2020, 1:49:33 PM
trevor(trevor) used a health_drink 8-22-2020, 1:49:34 PM
trevor(trevor) used a health_drink 8-22-2020, 1:49:34 PM
trevor(trevor) used a health_drink 8-22-2020, 1:49:34 PM
trevor(trevor) used a health_drink 8-22-2020, 1:49:35 PM
trevor(trevor) used a health_drink 8-22-2020, 1:49:36 PM
trevor(trevor) used a health_drink 8-22-2020, 1:49:36 PM
trevor(trevor) used a health_drink 8-22-2020, 1:49:36 PM
trevor(trevor) used a health_drink 8-22-2020, 1:49:36 PM
trevor(trevor) used a health_drink 8-22-2020, 1:49:37 PM
trevor(trevor) used a health_drink 8-22-2020, 1:49:37 PM
trevor(trevor) used a health_drink 8-22-2020, 1:49:37 PM
trevor(trevor) used a shield 8-22-2020, 1:49:40 PM
trevor(trevor) used a shield 8-22-2020, 1:49:40 PM
trevor(trevor) used a shield 8-22-2020, 1:49:41 PM
trevor(trevor) used a shield 8-22-2020, 1:49:41 PM
trevor(trevor) used a wirebomb 8-22-2020, 1:49:42 PM
trevor(trevor) used a wirebomb 8-22-2020, 1:49:43 PM
trevor(trevor) used a hand_grenade 8-22-2020, 1:50:07 PM
trevor(trevor) used a hand_grenade 8-22-2020, 1:50:07 PM
trevor(trevor) used a hand_grenade 8-22-2020, 1:50:07 PM
trevor(trevor) used a hand_grenade 8-22-2020, 1:50:07 PM
trevor(trevor) used a hand_grenade 8-22-2020, 1:50:08 PM
trevor(trevor) used a hand_grenade 8-22-2020, 1:50:08 PM
trevor(trevor) used a hand_grenade 8-22-2020, 1:50:08 PM
trevor(trevor) used a hand_grenade 8-22-2020, 1:50:08 PM
trevor(trevor) used a hand_grenade 8-22-2020, 1:50:08 PM
trevor(trevor) used a hand_grenade 8-22-2020, 1:50:08 PM
trevor(trevor) used a hand_grenade 8-22-2020, 1:50:08 PM
trevor(trevor) used a hand_grenade 8-22-2020, 1:50:09 PM
trevor(trevor) used a hand_grenade 8-22-2020, 1:50:09 PM
trevor(trevor) used a hand_grenade 8-22-2020, 1:50:09 PM
trevor(trevor) used a hand_grenade 8-22-2020, 1:50:09 PM
trevor(trevor) used a hand_grenade 8-22-2020, 1:50:09 PM
trevor(trevor) used a hand_grenade 8-22-2020, 1:50:09 PM
trevor(trevor) used a hand_grenade 8-22-2020, 1:50:09 PM
trevor(trevor) used a hand_grenade 8-22-2020, 1:50:09 PM
trevor(trevor) used a hand_grenade 8-22-2020, 1:50:10 PM
trevor(trevor) used a hand_grenade 8-22-2020, 1:50:10 PM
trevor(trevor) used a hand_grenade 8-22-2020, 1:50:10 PM
trevor(trevor) used a hand_grenade 8-22-2020, 1:50:10 PM
trevor(trevor) used a hand_grenade 8-22-2020, 1:50:10 PM
trevor(trevor) used a hand_grenade 8-22-2020, 1:50:10 PM
trevor(trevor) used a hand_grenade 8-22-2020, 1:50:10 PM
trevor(trevor) used a hand_grenade 8-22-2020, 1:50:11 PM
trevor(trevor) used a hand_grenade 8-22-2020, 1:50:11 PM
trevor(trevor) used a hand_grenade 8-22-2020, 1:50:11 PM
trevor(trevor) used a hand_grenade 8-22-2020, 1:50:11 PM
trevor(trevor) used a hand_grenade 8-22-2020, 1:50:11 PM
trevor(trevor) used a hand_grenade 8-22-2020, 1:50:11 PM
trevor(trevor) used a hand_grenade 8-22-2020, 1:50:11 PM
trevor(trevor) used a hand_grenade 8-22-2020, 1:50:31 PM
trevor(trevor) used a hand_grenade 8-22-2020, 1:50:31 PM
trevor(trevor) used a hand_grenade 8-22-2020, 1:50:31 PM
trevor(trevor) used a hand_grenade 8-22-2020, 1:50:31 PM
trevor(trevor) used a hand_grenade 8-22-2020, 1:50:31 PM
trevor(trevor) used a hand_grenade 8-22-2020, 1:50:31 PM
trevor(trevor) used a hand_grenade 8-22-2020, 1:50:31 PM
trevor(trevor) used a hand_grenade 8-22-2020, 1:50:32 PM
trevor(trevor) used a hand_grenade 8-22-2020, 1:50:32 PM
trevor(trevor) used a hand_grenade 8-22-2020, 1:50:32 PM
trevor(trevor) used a hand_grenade 8-22-2020, 1:50:32 PM
trevor(trevor) used a hand_grenade 8-22-2020, 1:50:32 PM
trevor(trevor) used a hand_grenade 8-22-2020, 1:50:32 PM
trevor(trevor) used a hand_grenade 8-22-2020, 1:50:32 PM
trevor(trevor) used a hand_grenade 8-22-2020, 1:50:33 PM
trevor(trevor) used a hand_grenade 8-22-2020, 1:50:33 PM
trevor(trevor) used a hand_grenade 8-22-2020, 1:50:33 PM
trevor(trevor) used a health_drink 8-22-2020, 1:50:34 PM
trevor(trevor) used a health_drink 8-22-2020, 1:50:34 PM
trevor(trevor) used a health_drink 8-22-2020, 1:50:34 PM
trevor(trevor) used a health_drink 8-22-2020, 1:50:35 PM
trevor(trevor) used a health_drink 8-22-2020, 1:50:48 PM
trevor(trevor) used a health_drink 8-22-2020, 1:50:49 PM
trevor(trevor) used a health_drink 8-22-2020, 1:50:49 PM
trevor(trevor) used a health_drink 8-22-2020, 1:51:00 PM
trevor(trevor) used a health_drink 8-22-2020, 1:51:00 PM
trevor(trevor) used a health_drink 8-22-2020, 1:51:00 PM
trevor(trevor) used a health_drink 8-22-2020, 1:51:00 PM
trevor(trevor) used a health_drink 8-22-2020, 1:51:01 PM
trevor(trevor) used a health_drink 8-22-2020, 1:51:01 PM
trevor(trevor) used a hand_grenade 8-22-2020, 1:51:02 PM
trevor(trevor) used a hand_grenade 8-22-2020, 1:51:02 PM
trevor(trevor) used a hand_grenade 8-22-2020, 1:51:02 PM
trevor(trevor) used a hand_grenade 8-22-2020, 1:51:02 PM
trevor(trevor) used a hand_grenade 8-22-2020, 1:51:03 PM
trevor(trevor) used a hand_grenade 8-22-2020, 1:51:03 PM
trevor(trevor) used a hand_grenade 8-22-2020, 1:51:03 PM
trevor(trevor) used a hand_grenade 8-22-2020, 1:51:03 PM
trevor(trevor) used a health_drink 8-22-2020, 1:51:05 PM
trevor(trevor) used a health_drink 8-22-2020, 1:51:06 PM
trevor(trevor) used a health_drink 8-22-2020, 1:51:06 PM
trevor(trevor) used a health_drink 8-22-2020, 1:51:06 PM
trevor(trevor) used a health_drink 8-22-2020, 1:51:06 PM
trevor(trevor) used a hand_grenade 8-22-2020, 1:51:07 PM
trevor(trevor) used a hand_grenade 8-22-2020, 1:51:07 PM
trevor(trevor) used a hand_grenade 8-22-2020, 1:51:08 PM
trevor(trevor) used a hand_grenade 8-22-2020, 1:51:08 PM
trevor(trevor) used a hand_grenade 8-22-2020, 1:51:08 PM
trevor(trevor) used a hand_grenade 8-22-2020, 1:51:08 PM
trevor(trevor) used a hand_grenade 8-22-2020, 1:51:08 PM
trevor(trevor) used a hand_grenade 8-22-2020, 1:51:08 PM
trevor(trevor) used a hand_grenade 8-22-2020, 1:51:08 PM
trevor(trevor) used a hand_grenade 8-22-2020, 1:51:08 PM
trevor(trevor) used a hand_grenade 8-22-2020, 1:51:08 PM
trevor(trevor) used a hand_grenade 8-22-2020, 1:51:09 PM
trevor(trevor) used a hand_grenade 8-22-2020, 1:51:09 PM
trevor(trevor) used a hand_grenade 8-22-2020, 1:51:09 PM
trevor(trevor) used a hand_grenade 8-22-2020, 1:51:17 PM
trevor(trevor) used a hand_grenade 8-22-2020, 1:51:17 PM
trevor(trevor) used a hand_grenade 8-22-2020, 1:51:17 PM
trevor(trevor) used a hand_grenade 8-22-2020, 1:51:17 PM
trevor(trevor) used a hand_grenade 8-22-2020, 1:51:17 PM
trevor(trevor) used a hand_grenade 8-22-2020, 1:51:17 PM
trevor(trevor) used a hand_grenade 8-22-2020, 1:51:17 PM
trevor(trevor) used a hand_grenade 8-22-2020, 1:51:18 PM
trevor(trevor) used a hand_grenade 8-22-2020, 1:51:18 PM
trevor(trevor) used a hand_grenade 8-22-2020, 1:51:18 PM
trevor(trevor) used a hand_grenade 8-22-2020, 1:51:18 PM
trevor(trevor) used a hand_grenade 8-22-2020, 1:51:18 PM
trevor(trevor) used a hand_grenade 8-22-2020, 1:51:18 PM
trevor(trevor) used a hand_grenade 8-22-2020, 1:51:19 PM
trevor(trevor) used a health_drink 8-22-2020, 1:51:20 PM
trevor(trevor) used a health_drink 8-22-2020, 1:51:20 PM
trevor(trevor) used a health_drink 8-22-2020, 1:51:22 PM
trevor(trevor) used a health_drink 8-22-2020, 1:51:22 PM
trevor(trevor) used a health_drink 8-22-2020, 1:51:22 PM
trevor(trevor) used a health_drink 8-22-2020, 1:51:22 PM
trevor(trevor) used a health_drink 8-22-2020, 1:51:23 PM
trevor(trevor) used a health_drink 8-22-2020, 1:51:23 PM
trevor(trevor) used a health_drink 8-22-2020, 1:51:23 PM
trevor(trevor) used a health_drink 8-22-2020, 1:51:24 PM
trevor(trevor) used a shield 8-22-2020, 1:51:26 PM
trevor(trevor) used a shield 8-22-2020, 1:51:26 PM
trevor(trevor) used a shield 8-22-2020, 1:51:26 PM
trevor(trevor) used a shield 8-22-2020, 1:51:27 PM
trevor(trevor) used a hand_grenade 8-22-2020, 1:51:49 PM
trevor(trevor) used a hand_grenade 8-22-2020, 1:51:50 PM
trevor(trevor) used a hand_grenade 8-22-2020, 1:51:50 PM
trevor(trevor) used a rpg7 8-22-2020, 1:52:30 PM
trevor(trevor) used a rpg7 8-22-2020, 1:52:30 PM
trevor(trevor) used a hand_grenade 8-22-2020, 1:52:43 PM
trevor(trevor) used a hand_grenade 8-22-2020, 1:52:43 PM
trevor(trevor) used a hand_grenade 8-22-2020, 1:52:43 PM
trevor(trevor) used a hand_grenade 8-22-2020, 1:52:44 PM
trevor(trevor) used a hand_grenade 8-22-2020, 1:52:44 PM
trevor(trevor) used a hand_grenade 8-22-2020, 1:52:44 PM
trevor(trevor) used a hand_grenade 8-22-2020, 1:52:44 PM
trevor(trevor) used a hand_grenade 8-22-2020, 1:52:44 PM
trevor(trevor) used a hand_grenade 8-22-2020, 1:52:44 PM
trevor(trevor) used a hand_grenade 8-22-2020, 1:52:44 PM
trevor(trevor) used a hand_grenade 8-22-2020, 1:52:44 PM
trevor(trevor) used a hand_grenade 8-22-2020, 1:52:45 PM
trevor(trevor) used a hand_grenade 8-22-2020, 1:52:47 PM
trevor(trevor) used a hand_grenade 8-22-2020, 1:52:47 PM
trevor(trevor) used a hand_grenade 8-22-2020, 1:52:47 PM
trevor(trevor) used a hand_grenade 8-22-2020, 1:52:47 PM
trevor(trevor) used a hand_grenade 8-22-2020, 1:52:47 PM
trevor(trevor) used a hand_grenade 8-22-2020, 1:52:47 PM
trevor(trevor) used a hand_grenade 8-22-2020, 1:52:47 PM
trevor(trevor) used a hand_grenade 8-22-2020, 1:52:47 PM
trevor(trevor) used a hand_grenade 8-22-2020, 1:52:57 PM
trevor(trevor) used a hand_grenade 8-22-2020, 1:52:57 PM
trevor(trevor) used a hand_grenade 8-22-2020, 1:52:57 PM
trevor(trevor) used a hand_grenade 8-22-2020, 1:52:57 PM
trevor(trevor) used a hand_grenade 8-22-2020, 1:53:16 PM
trevor(trevor) used a hand_grenade 8-22-2020, 1:53:16 PM
trevor(trevor) used a shield 8-22-2020, 1:53:26 PM
trevor(trevor) used a shield 8-22-2020, 1:53:26 PM
trevor(trevor) used a shield 8-22-2020, 1:53:26 PM
trevor(trevor) used a shield 8-22-2020, 1:53:26 PM
trevor(trevor) used a shield 8-22-2020, 1:53:26 PM
trevor(trevor) used a shield 8-22-2020, 1:53:26 PM
trevor(trevor) used a shield 8-22-2020, 1:53:27 PM
trevor(trevor) used a shield 8-22-2020, 1:53:27 PM
trevor(trevor) used a shield 8-22-2020, 1:53:27 PM
trevor(trevor) used a shield 8-22-2020, 1:53:27 PM
trevor(trevor) used a shield 8-22-2020, 1:53:27 PM
trevor(trevor) used a shield 8-22-2020, 1:53:28 PM
trevor(trevor) used a shield 8-22-2020, 1:53:28 PM
trevor(trevor) used a shield 8-22-2020, 1:53:28 PM
trevor(trevor) used a shield 8-22-2020, 1:53:28 PM
trevor(trevor) used a shield 8-22-2020, 1:53:30 PM
trevor(trevor) used a shield 8-22-2020, 1:53:30 PM
trevor(trevor) used a shield 8-22-2020, 1:53:30 PM
trevor(trevor) used a shield 8-22-2020, 1:53:31 PM
trevor(trevor) used a shield 8-22-2020, 1:53:31 PM
trevor(trevor) used a shield 8-22-2020, 1:53:31 PM
trevor(trevor) used a shield 8-22-2020, 1:53:31 PM
trevor(trevor) used a shield 8-22-2020, 1:53:31 PM
trevor(trevor) used a shield 8-22-2020, 1:53:31 PM
trevor(trevor) used a shield 8-22-2020, 1:53:32 PM
trevor(trevor) used a shield 8-22-2020, 1:53:32 PM
trevor(trevor) used a shield 8-22-2020, 1:53:32 PM
trevor(trevor) used a shield 8-22-2020, 1:53:32 PM
trevor(trevor) used a shield 8-22-2020, 1:53:32 PM
trevor(trevor) used a shield 8-22-2020, 1:53:33 PM
trevor(trevor) used a shield 8-22-2020, 1:53:33 PM
trevor(trevor) used a shield 8-22-2020, 1:53:33 PM
trevor(trevor) used a shield 8-22-2020, 1:53:33 PM
trevor(trevor) used a health_drink 8-22-2020, 1:53:34 PM
trevor(trevor) used a health_drink 8-22-2020, 1:53:34 PM
trevor(trevor) used a health_drink 8-22-2020, 1:53:34 PM
trevor(trevor) used a hand_grenade 8-22-2020, 1:53:54 PM
trevor(trevor) used a hand_grenade 8-22-2020, 1:53:54 PM
trevor(trevor) used a hand_grenade 8-22-2020, 1:53:54 PM
trevor(trevor) used a hand_grenade 8-22-2020, 1:53:54 PM
trevor(trevor) used a hand_grenade 8-22-2020, 1:53:54 PM
trevor(trevor) used a hand_grenade 8-22-2020, 1:53:55 PM
trevor(trevor) used a hand_grenade 8-22-2020, 1:53:55 PM
trevor(trevor) used a hand_grenade 8-22-2020, 1:53:55 PM
trevor(trevor) used a hand_grenade 8-22-2020, 1:53:55 PM
trevor(trevor) used a hand_grenade 8-22-2020, 1:53:55 PM
trevor(trevor) used a hand_grenade 8-22-2020, 1:53:55 PM
trevor(trevor) used a hand_grenade 8-22-2020, 1:53:55 PM
trevor(trevor) used a hand_grenade 8-22-2020, 1:53:56 PM
trevor(trevor) used a hand_grenade 8-22-2020, 1:53:56 PM
trevor(trevor) used a hand_grenade 8-22-2020, 1:53:56 PM
trevor(trevor) used a hand_grenade 8-22-2020, 1:53:56 PM
trevor(trevor) used a hand_grenade 8-22-2020, 1:53:56 PM
trevor(trevor) used a hand_grenade 8-22-2020, 1:53:56 PM
trevor(trevor) used a hand_grenade 8-22-2020, 1:53:56 PM
trevor(trevor) used a hand_grenade 8-22-2020, 1:53:57 PM
trevor(trevor) used a hand_grenade 8-22-2020, 1:53:57 PM
trevor(trevor) used a shield 8-22-2020, 1:54:03 PM
trevor(trevor) used a shield 8-22-2020, 1:54:04 PM
trevor(trevor) used a shield 8-22-2020, 1:54:04 PM
trevor(trevor) used a shield 8-22-2020, 1:54:04 PM
trevor(trevor) used a shield 8-22-2020, 1:54:04 PM
trevor(trevor) used a shield 8-22-2020, 1:54:04 PM
trevor(trevor) used a shield 8-22-2020, 1:54:05 PM
trevor(trevor) used a shield 8-22-2020, 1:54:05 PM
trevor(trevor) used a shield 8-22-2020, 1:54:05 PM
trevor(trevor) used a shield 8-22-2020, 1:54:05 PM
trevor(trevor) used a shield 8-22-2020, 1:54:05 PM
trevor(trevor) used a shield 8-22-2020, 1:54:05 PM
trevor(trevor) used a shield 8-22-2020, 1:54:06 PM
trevor(trevor) used a shield 8-22-2020, 1:54:06 PM
trevor(trevor) used a shield 8-22-2020, 1:54:06 PM
trevor(trevor) used a shield 8-22-2020, 1:54:06 PM
trevor(trevor) used a shield 8-22-2020, 1:54:06 PM
trevor(trevor) used a shield 8-22-2020, 1:54:06 PM
trevor(trevor) used a shield 8-22-2020, 1:54:06 PM
trevor(trevor) used a shield 8-22-2020, 1:54:07 PM
trevor(trevor) used a shield 8-22-2020, 1:54:07 PM
trevor(trevor) used a shield 8-22-2020, 1:54:07 PM
trevor(trevor) used a shield 8-22-2020, 1:54:07 PM
trevor(trevor) used a shield 8-22-2020, 1:54:07 PM
trevor(trevor) used a shield 8-22-2020, 1:54:07 PM
trevor(trevor) used a shield 8-22-2020, 1:54:08 PM
trevor(trevor) used a shield 8-22-2020, 1:54:08 PM
trevor(trevor) used a shield 8-22-2020, 1:54:08 PM
trevor(trevor) used a shield 8-22-2020, 1:54:08 PM
trevor(trevor) used a shield 8-22-2020, 1:54:08 PM
trevor(trevor) used a shield 8-22-2020, 1:54:09 PM
trevor(trevor) used a health_drink 8-22-2020, 1:54:10 PM
trevor(trevor) used a health_drink 8-22-2020, 1:54:11 PM
trevor(trevor) used a health_drink 8-22-2020, 1:54:11 PM
trevor(trevor) used a wirebomb 8-22-2020, 1:54:29 PM
trevor(trevor) used a wirebomb 8-22-2020, 1:54:30 PM
trevor(trevor) used a wirebomb 8-22-2020, 1:54:30 PM
trevor(trevor) used a wirebomb 8-22-2020, 1:54:30 PM
trevor(trevor) used a wirebomb 8-22-2020, 1:54:31 PM
trevor(trevor) used a shield 8-22-2020, 1:54:41 PM
trevor(trevor) used a shield 8-22-2020, 1:54:41 PM
trevor(trevor) used a shield 8-22-2020, 1:54:42 PM
trevor(trevor) used a shield 8-22-2020, 1:54:42 PM
trevor(trevor) used a shield 8-22-2020, 1:54:42 PM
trevor(trevor) used a health_drink 8-22-2020, 1:54:43 PM
trevor(trevor) used a health_drink 8-22-2020, 1:54:43 PM
trevor(trevor) used a health_drink 8-22-2020, 1:54:43 PM
trevor(trevor) used a health_drink 8-22-2020, 1:54:59 PM
trevor(trevor) used a health_drink 8-22-2020, 1:55:00 PM
trevor(trevor) used a health_drink 8-22-2020, 1:55:00 PM
trevor(trevor) used a hand_grenade 8-22-2020, 1:55:04 PM
trevor(trevor) used a hand_grenade 8-22-2020, 1:55:19 PM
trevor(trevor) used a hand_grenade 8-22-2020, 1:55:19 PM
trevor(trevor) used a hand_grenade 8-22-2020, 1:55:19 PM
trevor(trevor) used a hand_grenade 8-22-2020, 1:55:20 PM
trevor(trevor) used a hand_grenade 8-22-2020, 1:55:20 PM
trevor(trevor) used a hand_grenade 8-22-2020, 1:55:20 PM
trevor(trevor) used a hand_grenade 8-22-2020, 1:55:20 PM
trevor(trevor) used a hand_grenade 8-22-2020, 1:55:22 PM
trevor(trevor) used a hand_grenade 8-22-2020, 1:55:22 PM
trevor(trevor) used a hand_grenade 8-22-2020, 1:55:22 PM
trevor(trevor) used a hand_grenade 8-22-2020, 1:55:22 PM
trevor(trevor) used a health_drink 8-22-2020, 1:55:36 PM
trevor(trevor) used a health_drink 8-22-2020, 1:55:36 PM
trevor(trevor) used a health_drink 8-22-2020, 1:55:37 PM
trevor(trevor) used a health_drink 8-22-2020, 1:55:42 PM
trevor(trevor) used a health_drink 8-22-2020, 1:55:42 PM
trevor(trevor) used a hand_grenade 8-22-2020, 1:55:49 PM
trevor(trevor) used a hand_grenade 8-22-2020, 1:55:49 PM
trevor(trevor) used a hand_grenade 8-22-2020, 1:55:49 PM
trevor(trevor) used a hand_grenade 8-22-2020, 1:55:49 PM
trevor(trevor) used a hand_grenade 8-22-2020, 1:55:50 PM
trevor(trevor) used a hand_grenade 8-22-2020, 1:55:50 PM
trevor(trevor) used a shield 8-22-2020, 1:55:54 PM
trevor(trevor) used a shield 8-22-2020, 1:55:55 PM
trevor(trevor) used a health_drink 8-22-2020, 1:55:55 PM
trevor(trevor) used a health_drink 8-22-2020, 1:55:55 PM
trevor(trevor) used a health_drink 8-22-2020, 1:55:56 PM
trevor(trevor) used a health_drink 8-22-2020, 1:55:56 PM
trevor(trevor) used a health_drink 8-22-2020, 1:55:58 PM
trevor(trevor) used a health_drink 8-22-2020, 1:55:58 PM
trevor(trevor) used a health_drink 8-22-2020, 1:55:58 PM
trevor(trevor) used a health_drink 8-22-2020, 1:55:58 PM
trevor(trevor) used a hand_grenade 8-22-2020, 1:56:02 PM
trevor(trevor) used a hand_grenade 8-22-2020, 1:56:02 PM
trevor(trevor) used a hand_grenade 8-22-2020, 1:56:03 PM
trevor(trevor) used a hand_grenade 8-22-2020, 1:56:03 PM
trevor(trevor) used a hand_grenade 8-22-2020, 1:56:03 PM
trevor(trevor) used a hand_grenade 8-22-2020, 1:56:03 PM
trevor(trevor) used a hand_grenade 8-22-2020, 1:56:03 PM
trevor(trevor) used a hand_grenade 8-22-2020, 1:56:03 PM
trevor(trevor) used a hand_grenade 8-22-2020, 1:56:03 PM
trevor(trevor) used a hand_grenade 8-22-2020, 1:56:03 PM
trevor(trevor) used a hand_grenade 8-22-2020, 1:56:03 PM
trevor(trevor) used a hand_grenade 8-22-2020, 1:56:04 PM
trevor(trevor) used a hand_grenade 8-22-2020, 1:56:04 PM
trevor(trevor) used a hand_grenade 8-22-2020, 1:56:04 PM
trevor(trevor) used a hand_grenade 8-22-2020, 1:56:04 PM
trevor(trevor) used a hand_grenade 8-22-2020, 1:56:04 PM
trevor(trevor) used a hand_grenade 8-22-2020, 1:56:04 PM
trevor(trevor) used a hand_grenade 8-22-2020, 1:56:04 PM
trevor(trevor) used a hand_grenade 8-22-2020, 1:56:12 PM
trevor(trevor) used a hand_grenade 8-22-2020, 1:56:13 PM
trevor(trevor) used a hand_grenade 8-22-2020, 1:56:13 PM
trevor(trevor) used a hand_grenade 8-22-2020, 1:56:13 PM
trevor(trevor) used a hand_grenade 8-22-2020, 1:56:16 PM
trevor(trevor) used a hand_grenade 8-22-2020, 1:56:16 PM
trevor(trevor) used a hand_grenade 8-22-2020, 1:56:16 PM
trevor(trevor) used a hand_grenade 8-22-2020, 1:56:16 PM
trevor(trevor) used a hand_grenade 8-22-2020, 1:56:17 PM
trevor(trevor) used a hand_grenade 8-22-2020, 1:56:17 PM
trevor(trevor) used a hand_grenade 8-22-2020, 1:56:17 PM
trevor(trevor) used a hand_grenade 8-22-2020, 1:56:17 PM
trevor(trevor) used a hand_grenade 8-22-2020, 1:56:17 PM
trevor(trevor) used a hand_grenade 8-22-2020, 1:56:17 PM
trevor(trevor) used a hand_grenade 8-22-2020, 1:56:17 PM
trevor(trevor) used a hand_grenade 8-22-2020, 1:56:17 PM
trevor(trevor) used a hand_grenade 8-22-2020, 1:56:17 PM
trevor(trevor) used a hand_grenade 8-22-2020, 1:56:18 PM
trevor(trevor) used a hand_grenade 8-22-2020, 1:56:19 PM
trevor(trevor) used a hand_grenade 8-22-2020, 1:56:19 PM
trevor(trevor) used a hand_grenade 8-22-2020, 1:56:19 PM
trevor(trevor) used a hand_grenade 8-22-2020, 1:56:19 PM
trevor(trevor) used a hand_grenade 8-22-2020, 1:56:19 PM
trevor(trevor) used a hand_grenade 8-22-2020, 1:56:19 PM
trevor(trevor) used a hand_grenade 8-22-2020, 1:56:20 PM
trevor(trevor) used a hand_grenade 8-22-2020, 1:56:20 PM
trevor(trevor) used a hand_grenade 8-22-2020, 1:56:20 PM
trevor(trevor) used a hand_grenade 8-22-2020, 1:56:20 PM
trevor(trevor) used a hand_grenade 8-22-2020, 1:56:20 PM
trevor(trevor) used a shield 8-22-2020, 1:56:39 PM
trevor(trevor) used a shield 8-22-2020, 1:56:39 PM
trevor(trevor) used a shield 8-22-2020, 1:56:39 PM
trevor(trevor) used a shield 8-22-2020, 1:56:39 PM
trevor(trevor) used a shield 8-22-2020, 1:56:40 PM
trevor(trevor) used a shield 8-22-2020, 1:56:40 PM
trevor(trevor) used a shield 8-22-2020, 1:56:40 PM
trevor(trevor) used a shield 8-22-2020, 1:56:40 PM
trevor(trevor) used a shield 8-22-2020, 1:56:40 PM
trevor(trevor) used a shield 8-22-2020, 1:56:40 PM
trevor(trevor) used a shield 8-22-2020, 1:56:41 PM
trevor(trevor) used a shield 8-22-2020, 1:56:41 PM
trevor(trevor) used a shield 8-22-2020, 1:56:41 PM
trevor(trevor) used a shield 8-22-2020, 1:56:41 PM
trevor(trevor) used a shield 8-22-2020, 1:56:41 PM
trevor(trevor) used a shield 8-22-2020, 1:56:41 PM
trevor(trevor) used a shield 8-22-2020, 1:56:42 PM
trevor(trevor) used a shield 8-22-2020, 1:56:42 PM
trevor(trevor) used a shield 8-22-2020, 1:56:42 PM
trevor(trevor) used a shield 8-22-2020, 1:56:42 PM
trevor(trevor) used a shield 8-22-2020, 1:56:42 PM
trevor(trevor) used a shield 8-22-2020, 1:56:42 PM
trevor(trevor) used a shield 8-22-2020, 1:56:43 PM
trevor(trevor) used a shield 8-22-2020, 1:56:43 PM
trevor(trevor) used a shield 8-22-2020, 1:56:43 PM
trevor(trevor) used a shield 8-22-2020, 1:56:43 PM
trevor(trevor) used a shield 8-22-2020, 1:56:43 PM
trevor(trevor) used a shield 8-22-2020, 1:56:44 PM
trevor(trevor) used a shield 8-22-2020, 1:56:44 PM
trevor(trevor) used a shield 8-22-2020, 1:56:44 PM
trevor(trevor) used a shield 8-22-2020, 1:56:44 PM
trevor(trevor) used a health_drink 8-22-2020, 1:56:45 PM
trevor(trevor) used a health_drink 8-22-2020, 1:56:45 PM
trevor(trevor) used a health_drink 8-22-2020, 1:56:45 PM
trevor(trevor) used a rocket_launcher 8-22-2020, 1:56:50 PM
trevor(trevor) used a rocket_launcher 8-22-2020, 1:56:50 PM
trevor(trevor) used a health_drink 8-22-2020, 1:56:56 PM
trevor(trevor) used a health_drink 8-22-2020, 1:56:56 PM
trevor(trevor) used a health_drink 8-22-2020, 1:56:56 PM
trevor(trevor) used a wirebomb 8-22-2020, 1:57:15 PM
trevor(trevor) used a wirebomb 8-22-2020, 1:57:15 PM
trevor(trevor) used a wirebomb 8-22-2020, 1:57:15 PM
trevor(trevor) used a hand_grenade 8-22-2020, 1:57:21 PM
trevor(trevor) used a hand_grenade 8-22-2020, 1:57:32 PM
trevor(trevor) used a hand_grenade 8-22-2020, 1:57:32 PM
trevor(trevor) used a hand_grenade 8-22-2020, 1:57:32 PM
trevor(trevor) used a hand_grenade 8-22-2020, 1:57:33 PM
trevor(trevor) used a hand_grenade 8-22-2020, 1:57:33 PM
trevor(trevor) used a hand_grenade 8-22-2020, 1:57:33 PM
trevor(trevor) used a hand_grenade 8-22-2020, 1:57:33 PM
trevor(trevor) used a hand_grenade 8-22-2020, 1:57:37 PM
trevor(trevor) used a hand_grenade 8-22-2020, 1:57:37 PM
trevor(trevor) used a hand_grenade 8-22-2020, 1:57:37 PM
trevor(trevor) used a hand_grenade 8-22-2020, 1:57:38 PM
trevor(trevor) used a hand_grenade 8-22-2020, 1:57:38 PM
trevor(trevor) used a hand_grenade 8-22-2020, 1:57:38 PM
trevor(trevor) used a hand_grenade 8-22-2020, 1:57:38 PM
trevor(trevor) used a hand_grenade 8-22-2020, 1:57:54 PM
trevor(trevor) used a hand_grenade 8-22-2020, 1:57:54 PM
trevor(trevor) used a hand_grenade 8-22-2020, 1:57:54 PM
trevor(trevor) used a hand_grenade 8-22-2020, 1:57:54 PM
trevor(trevor) used a hand_grenade 8-22-2020, 1:57:54 PM
trevor(trevor) used a hand_grenade 8-22-2020, 1:57:54 PM
trevor(trevor) used a hand_grenade 8-22-2020, 1:58:08 PM
trevor(trevor) used a hand_grenade 8-22-2020, 1:58:08 PM
trevor(trevor) used a hand_grenade 8-22-2020, 1:58:09 PM
trevor(trevor) used a shield 8-22-2020, 1:58:20 PM
trevor(trevor) used a shield 8-22-2020, 1:58:21 PM
trevor(trevor) used a shield 8-22-2020, 1:58:21 PM
trevor(trevor) used a shield 8-22-2020, 1:58:21 PM
trevor(trevor) used a shield 8-22-2020, 1:58:21 PM
trevor(trevor) used a shield 8-22-2020, 1:58:21 PM
trevor(trevor) used a shield 8-22-2020, 1:58:21 PM
trevor(trevor) used a shield 8-22-2020, 1:58:22 PM
trevor(trevor) used a shield 8-22-2020, 1:58:22 PM
trevor(trevor) used a shield 8-22-2020, 1:58:22 PM
trevor(trevor) used a shield 8-22-2020, 1:58:22 PM
trevor(trevor) used a shield 8-22-2020, 1:58:23 PM
trevor(trevor) used a shield 8-22-2020, 1:58:23 PM
trevor(trevor) used a shield 8-22-2020, 1:58:23 PM
trevor(trevor) used a health_drink 8-22-2020, 1:58:24 PM
trevor(trevor) used a health_drink 8-22-2020, 1:58:24 PM
trevor(trevor) used a rocket_launcher 8-22-2020, 1:58:27 PM
trevor(trevor) used a rocket_launcher 8-22-2020, 1:58:27 PM
trevor(trevor) used a health_drink 8-22-2020, 1:58:34 PM
trevor(trevor) used a health_drink 8-22-2020, 1:58:34 PM
trevor(trevor) used a health_drink 8-22-2020, 1:58:35 PM
trevor(trevor) used a health_drink 8-22-2020, 1:58:44 PM
trevor(trevor) used a health_drink 8-22-2020, 1:58:44 PM
trevor(trevor) used a health_drink 8-22-2020, 1:58:45 PM
trevor(trevor) used a health_drink 8-22-2020, 1:58:49 PM
trevor(trevor) used a health_drink 8-22-2020, 1:58:50 PM
trevor(trevor) used a health_drink 8-22-2020, 1:58:50 PM
trevor(trevor) used a health_drink 8-22-2020, 1:58:51 PM
trevor(trevor) used a health_drink 8-22-2020, 1:58:51 PM
trevor(trevor) used a health_drink 8-22-2020, 1:58:52 PM
trevor(trevor) used a health_drink 8-22-2020, 1:58:52 PM
trevor(trevor) used a health_drink 8-22-2020, 1:58:52 PM
trevor(trevor) used a health_drink 8-22-2020, 1:58:52 PM
trevor(trevor) used a health_drink 8-22-2020, 1:58:53 PM
trevor(trevor) used a health_drink 8-22-2020, 1:58:53 PM
trevor(trevor) used a health_drink 8-22-2020, 1:58:53 PM
trevor(trevor) used a health_drink 8-22-2020, 1:58:54 PM
trevor(trevor) used a health_drink 8-22-2020, 1:58:57 PM
trevor(trevor) used a health_drink 8-22-2020, 1:58:57 PM
trevor(trevor) used a health_drink 8-22-2020, 1:58:57 PM
trevor(trevor) used a health_drink 8-22-2020, 1:59:26 PM
trevor(trevor) used a health_drink 8-22-2020, 1:59:27 PM
trevor(trevor) used a health_drink 8-22-2020, 1:59:27 PM
trevor(trevor) used a shield 8-22-2020, 1:59:27 PM
trevor(trevor) used a shield 8-22-2020, 1:59:28 PM
trevor(trevor) used a shield 8-22-2020, 1:59:28 PM
trevor(trevor) used a hand_grenade 8-22-2020, 2:00:10 PM
trevor(trevor) used a hand_grenade 8-22-2020, 2:00:10 PM
trevor(trevor) used a hand_grenade 8-22-2020, 2:00:10 PM
trevor(trevor) used a hand_grenade 8-22-2020, 2:00:10 PM
trevor(trevor) used a hand_grenade 8-22-2020, 2:00:10 PM
trevor(trevor) used a hand_grenade 8-22-2020, 2:00:10 PM
trevor(trevor) used a hand_grenade 8-22-2020, 2:00:11 PM
trevor(trevor) used a hand_grenade 8-22-2020, 2:00:37 PM
trevor(trevor) used a hand_grenade 8-22-2020, 2:00:38 PM
trevor(trevor) used a hand_grenade 8-22-2020, 2:00:38 PM
trevor(trevor) used a hand_grenade 8-22-2020, 2:00:38 PM
trevor(trevor) used a hand_grenade 8-22-2020, 2:00:38 PM
trevor(trevor) used a hand_grenade 8-22-2020, 2:00:38 PM
trevor(trevor) used a hand_grenade 8-22-2020, 2:00:38 PM
trevor(trevor) used a hand_grenade 8-22-2020, 2:00:38 PM
trevor(trevor) used a hand_grenade 8-22-2020, 2:00:38 PM
trevor(trevor) used a hand_grenade 8-22-2020, 2:00:39 PM
trevor(trevor) used a hand_grenade 8-22-2020, 2:00:39 PM
trevor(trevor) used a hand_grenade 8-22-2020, 2:00:39 PM
trevor(trevor) used a hand_grenade 8-22-2020, 2:00:39 PM
trevor(trevor) used a hand_grenade 8-22-2020, 2:00:39 PM
trevor(trevor) used a hand_grenade 8-22-2020, 2:00:39 PM
trevor(trevor) used a hand_grenade 8-22-2020, 2:00:39 PM
trevor(trevor) used a hand_grenade 8-22-2020, 2:00:39 PM
trevor(trevor) used a hand_grenade 8-22-2020, 2:00:40 PM
trevor(trevor) used a hand_grenade 8-22-2020, 2:00:40 PM
trevor(trevor) used a hand_grenade 8-22-2020, 2:00:40 PM
trevor(trevor) used a hand_grenade 8-22-2020, 2:00:41 PM
trevor(trevor) used a hand_grenade 8-22-2020, 2:00:41 PM
trevor(trevor) used a hand_grenade 8-22-2020, 2:00:41 PM
trevor(trevor) used a hand_grenade 8-22-2020, 2:00:41 PM
trevor(trevor) used a shield 8-22-2020, 2:01:05 PM
trevor(trevor) used a shield 8-22-2020, 2:01:05 PM
trevor(trevor) used a shield 8-22-2020, 2:01:05 PM
trevor(trevor) used a shield 8-22-2020, 2:01:05 PM
trevor(trevor) used a shield 8-22-2020, 2:01:05 PM
trevor(trevor) used a shield 8-22-2020, 2:01:05 PM
trevor(trevor) used a shield 8-22-2020, 2:01:05 PM
trevor(trevor) used a shield 8-22-2020, 2:01:06 PM
trevor(trevor) used a shield 8-22-2020, 2:01:06 PM
trevor(trevor) used a shield 8-22-2020, 2:01:06 PM
trevor(trevor) used a health_drink 8-22-2020, 2:01:08 PM
trevor(trevor) used a health_drink 8-22-2020, 2:01:08 PM
trevor(trevor) used a health_drink 8-22-2020, 2:01:08 PM
trevor(trevor) used a health_drink 8-22-2020, 2:01:09 PM
trevor(trevor) used a health_drink 8-22-2020, 2:01:09 PM
trevor(trevor) used a health_drink 8-22-2020, 2:01:09 PM
trevor(trevor) used a shield 8-22-2020, 2:01:10 PM
trevor(trevor) used a shield 8-22-2020, 2:01:23 PM
trevor(trevor) used a shield 8-22-2020, 2:01:23 PM
trevor(trevor) used a shield 8-22-2020, 2:01:23 PM
trevor(trevor) used a health_drink 8-22-2020, 2:01:23 PM
trevor(trevor) used a shield 8-22-2020, 2:01:24 PM
trevor(trevor) used a shield 8-22-2020, 2:01:24 PM
trevor(trevor) used a shield 8-22-2020, 2:01:24 PM
trevor(trevor) used a shield 8-22-2020, 2:01:24 PM
trevor(trevor) used a shield 8-22-2020, 2:01:25 PM
trevor(trevor) used a shield 8-22-2020, 2:01:25 PM
trevor(trevor) used a shield 8-22-2020, 2:01:25 PM
trevor(trevor) used a shield 8-22-2020, 2:01:26 PM
trevor(trevor) used a shield 8-22-2020, 2:01:26 PM
trevor(trevor) used a hand_grenade 8-22-2020, 2:01:29 PM
trevor(trevor) used a hand_grenade 8-22-2020, 2:01:29 PM
trevor(trevor) used a hand_grenade 8-22-2020, 2:01:29 PM
trevor(trevor) used a hand_grenade 8-22-2020, 2:01:29 PM
trevor(trevor) used a hand_grenade 8-22-2020, 2:01:30 PM
trevor(trevor) used a hand_grenade 8-22-2020, 2:01:30 PM
trevor(trevor) used a hand_grenade 8-22-2020, 2:01:30 PM
trevor(trevor) used a hand_grenade 8-22-2020, 2:01:31 PM
trevor(trevor) used a hand_grenade 8-22-2020, 2:01:31 PM
trevor(trevor) used a hand_grenade 8-22-2020, 2:01:31 PM
trevor(trevor) used a hand_grenade 8-22-2020, 2:01:31 PM
trevor(trevor) used a hand_grenade 8-22-2020, 2:01:31 PM
trevor(trevor) used a hand_grenade 8-22-2020, 2:01:31 PM
trevor(trevor) used a hand_grenade 8-22-2020, 2:01:31 PM
trevor(trevor) used a hand_grenade 8-22-2020, 2:01:32 PM
trevor(trevor) used a shield 8-22-2020, 2:01:40 PM
trevor(trevor) used a shield 8-22-2020, 2:01:40 PM
trevor(trevor) used a shield 8-22-2020, 2:01:40 PM
trevor(trevor) used a shield 8-22-2020, 2:01:40 PM
trevor(trevor) used a shield 8-22-2020, 2:01:40 PM
trevor(trevor) used a shield 8-22-2020, 2:01:41 PM
trevor(trevor) used a shield 8-22-2020, 2:01:41 PM
trevor(trevor) used a shield 8-22-2020, 2:01:41 PM
trevor(trevor) used a shield 8-22-2020, 2:01:41 PM
trevor(trevor) used a shield 8-22-2020, 2:01:42 PM
trevor(trevor) used a shield 8-22-2020, 2:01:42 PM
trevor(trevor) used a shield 8-22-2020, 2:01:42 PM
trevor(trevor) used a shield 8-22-2020, 2:01:42 PM
trevor(trevor) used a shield 8-22-2020, 2:01:42 PM
trevor(trevor) used a shield 8-22-2020, 2:01:42 PM
trevor(trevor) used a shield 8-22-2020, 2:01:42 PM
trevor(trevor) used a shield 8-22-2020, 2:01:42 PM
trevor(trevor) used a shield 8-22-2020, 2:01:43 PM
trevor(trevor) used a shield 8-22-2020, 2:01:43 PM
trevor(trevor) used a shield 8-22-2020, 2:01:43 PM
trevor(trevor) used a shield 8-22-2020, 2:01:43 PM
trevor(trevor) used a shield 8-22-2020, 2:01:43 PM
trevor(trevor) used a shield 8-22-2020, 2:01:44 PM
trevor(trevor) used a shield 8-22-2020, 2:01:44 PM
trevor(trevor) used a shield 8-22-2020, 2:01:44 PM
trevor(trevor) used a shield 8-22-2020, 2:01:44 PM
trevor(trevor) used a shield 8-22-2020, 2:01:44 PM
trevor(trevor) used a shield 8-22-2020, 2:01:44 PM
trevor(trevor) used a shield 8-22-2020, 2:01:44 PM
trevor(trevor) used a shield 8-22-2020, 2:01:45 PM
trevor(trevor) used a shield 8-22-2020, 2:01:45 PM
trevor(trevor) used a health_drink 8-22-2020, 2:01:46 PM
trevor(trevor) used a health_drink 8-22-2020, 2:01:46 PM
trevor(trevor) used a health_drink 8-22-2020, 2:01:46 PM
trevor(trevor) used a hand_grenade 8-22-2020, 2:01:59 PM
trevor(trevor) used a hand_grenade 8-22-2020, 2:02:00 PM
trevor(trevor) used a hand_grenade 8-22-2020, 2:02:00 PM
trevor(trevor) used a hand_grenade 8-22-2020, 2:02:00 PM
trevor(trevor) used a hand_grenade 8-22-2020, 2:02:00 PM
trevor(trevor) used a hand_grenade 8-22-2020, 2:02:00 PM
trevor(trevor) used a hand_grenade 8-22-2020, 2:02:00 PM
trevor(trevor) used a hand_grenade 8-22-2020, 2:02:00 PM
trevor(trevor) used a hand_grenade 8-22-2020, 2:02:01 PM
trevor(trevor) used a hand_grenade 8-22-2020, 2:02:01 PM
trevor(trevor) used a hand_grenade 8-22-2020, 2:02:01 PM
trevor(trevor) used a hand_grenade 8-22-2020, 2:02:01 PM
trevor(trevor) used a hand_grenade 8-22-2020, 2:02:01 PM
trevor(trevor) used a hand_grenade 8-22-2020, 2:02:01 PM
trevor(trevor) used a hand_grenade 8-22-2020, 2:02:02 PM
trevor(trevor) used a hand_grenade 8-22-2020, 2:02:02 PM
trevor(trevor) used a hand_grenade 8-22-2020, 2:02:02 PM
trevor(trevor) used a hand_grenade 8-22-2020, 2:02:02 PM
trevor(trevor) used a hand_grenade 8-22-2020, 2:02:02 PM
trevor(trevor) used a hand_grenade 8-22-2020, 2:02:02 PM
trevor(trevor) used a hand_grenade 8-22-2020, 2:02:02 PM
trevor(trevor) used a hand_grenade 8-22-2020, 2:02:03 PM
trevor(trevor) used a hand_grenade 8-22-2020, 2:02:03 PM
trevor(trevor) used a hand_grenade 8-22-2020, 2:02:03 PM
trevor(trevor) used a hand_grenade 8-22-2020, 2:02:03 PM
trevor(trevor) used a hand_grenade 8-22-2020, 2:02:03 PM
trevor(trevor) used a hand_grenade 8-22-2020, 2:02:03 PM
trevor(trevor) used a hand_grenade 8-22-2020, 2:02:03 PM
trevor(trevor) used a hand_grenade 8-22-2020, 2:02:03 PM
trevor(trevor) used a hand_grenade 8-22-2020, 2:02:04 PM
trevor(trevor) used a hand_grenade 8-22-2020, 2:02:04 PM
trevor(trevor) used a hand_grenade 8-22-2020, 2:02:04 PM
trevor(trevor) used a hand_grenade 8-22-2020, 2:02:04 PM
trevor(trevor) used a hand_grenade 8-22-2020, 2:02:04 PM
trevor(trevor) used a hand_grenade 8-22-2020, 2:02:06 PM
trevor(trevor) used a hand_grenade 8-22-2020, 2:02:06 PM
trevor(trevor) used a hand_grenade 8-22-2020, 2:02:06 PM
trevor(trevor) used a hand_grenade 8-22-2020, 2:02:06 PM
trevor(trevor) used a hand_grenade 8-22-2020, 2:02:06 PM
trevor(trevor) used a hand_grenade 8-22-2020, 2:02:07 PM
trevor(trevor) used a hand_grenade 8-22-2020, 2:02:07 PM
trevor(trevor) used a hand_grenade 8-22-2020, 2:02:07 PM
trevor(trevor) used a hand_grenade 8-22-2020, 2:02:07 PM
trevor(trevor) used a hand_grenade 8-22-2020, 2:02:08 PM
trevor(trevor) used a hand_grenade 8-22-2020, 2:02:08 PM
trevor(trevor) used a hand_grenade 8-22-2020, 2:02:09 PM
trevor(trevor) used a hand_grenade 8-22-2020, 2:02:09 PM
trevor(trevor) used a hand_grenade 8-22-2020, 2:02:09 PM
trevor(trevor) used a hand_grenade 8-22-2020, 2:02:09 PM
trevor(trevor) used a shield 8-22-2020, 2:02:20 PM
trevor(trevor) used a shield 8-22-2020, 2:02:20 PM
trevor(trevor) used a shield 8-22-2020, 2:02:20 PM
trevor(trevor) used a shield 8-22-2020, 2:02:20 PM
trevor(trevor) used a shield 8-22-2020, 2:02:20 PM
trevor(trevor) used a shield 8-22-2020, 2:02:21 PM
trevor(trevor) used a shield 8-22-2020, 2:02:21 PM
trevor(trevor) used a shield 8-22-2020, 2:02:21 PM
trevor(trevor) used a shield 8-22-2020, 2:02:21 PM
trevor(trevor) used a shield 8-22-2020, 2:02:21 PM
trevor(trevor) used a shield 8-22-2020, 2:02:22 PM
trevor(trevor) used a shield 8-22-2020, 2:02:22 PM
trevor(trevor) used a shield 8-22-2020, 2:02:22 PM
trevor(trevor) used a shield 8-22-2020, 2:02:22 PM
trevor(trevor) used a shield 8-22-2020, 2:02:22 PM
trevor(trevor) used a shield 8-22-2020, 2:02:22 PM
trevor(trevor) used a shield 8-22-2020, 2:02:22 PM
trevor(trevor) used a shield 8-22-2020, 2:02:23 PM
trevor(trevor) used a shield 8-22-2020, 2:02:23 PM
trevor(trevor) used a shield 8-22-2020, 2:02:23 PM
trevor(trevor) used a shield 8-22-2020, 2:02:23 PM
trevor(trevor) used a shield 8-22-2020, 2:02:23 PM
trevor(trevor) used a shield 8-22-2020, 2:02:23 PM
trevor(trevor) used a shield 8-22-2020, 2:02:23 PM
trevor(trevor) used a shield 8-22-2020, 2:02:24 PM
trevor(trevor) used a shield 8-22-2020, 2:02:24 PM
trevor(trevor) used a shield 8-22-2020, 2:02:24 PM
trevor(trevor) used a shield 8-22-2020, 2:02:24 PM
trevor(trevor) used a shield 8-22-2020, 2:02:24 PM
trevor(trevor) used a shield 8-22-2020, 2:02:25 PM
trevor(trevor) used a health_drink 8-22-2020, 2:02:25 PM
trevor(trevor) used a health_drink 8-22-2020, 2:02:26 PM
trevor(trevor) used a health_drink 8-22-2020, 2:02:26 PM
trevor(trevor) used a hand_grenade 8-22-2020, 2:02:50 PM
trevor(trevor) used a hand_grenade 8-22-2020, 2:02:50 PM
trevor(trevor) used a hand_grenade 8-22-2020, 2:02:50 PM
trevor(trevor) used a hand_grenade 8-22-2020, 2:02:50 PM
trevor(trevor) used a hand_grenade 8-22-2020, 2:02:51 PM
trevor(trevor) used a hand_grenade 8-22-2020, 2:02:51 PM
trevor(trevor) used a hand_grenade 8-22-2020, 2:02:51 PM
trevor(trevor) used a hand_grenade 8-22-2020, 2:02:51 PM
trevor(trevor) used a hand_grenade 8-22-2020, 2:02:51 PM
trevor(trevor) used a hand_grenade 8-22-2020, 2:02:51 PM
trevor(trevor) used a hand_grenade 8-22-2020, 2:02:51 PM
trevor(trevor) used a hand_grenade 8-22-2020, 2:02:52 PM
trevor(trevor) used a hand_grenade 8-22-2020, 2:02:52 PM
trevor(trevor) used a hand_grenade 8-22-2020, 2:02:59 PM
trevor(trevor) used a hand_grenade 8-22-2020, 2:02:59 PM
trevor(trevor) used a hand_grenade 8-22-2020, 2:02:59 PM
trevor(trevor) used a hand_grenade 8-22-2020, 2:02:59 PM
trevor(trevor) used a hand_grenade 8-22-2020, 2:02:59 PM
trevor(trevor) used a hand_grenade 8-22-2020, 2:03:02 PM
trevor(trevor) used a hand_grenade 8-22-2020, 2:03:02 PM
trevor(trevor) used a hand_grenade 8-22-2020, 2:03:02 PM
trevor(trevor) used a hand_grenade 8-22-2020, 2:03:02 PM
trevor(trevor) used a hand_grenade 8-22-2020, 2:03:02 PM
trevor(trevor) used a hand_grenade 8-22-2020, 2:03:03 PM
trevor(trevor) used a hand_grenade 8-22-2020, 2:03:03 PM
trevor(trevor) used a hand_grenade 8-22-2020, 2:03:03 PM
trevor(trevor) used a hand_grenade 8-22-2020, 2:03:03 PM
trevor(trevor) used a hand_grenade 8-22-2020, 2:03:03 PM
trevor(trevor) used a hand_grenade 8-22-2020, 2:03:03 PM
trevor(trevor) used a hand_grenade 8-22-2020, 2:03:03 PM
trevor(trevor) used a hand_grenade 8-22-2020, 2:03:03 PM
trevor(trevor) used a hand_grenade 8-22-2020, 2:03:04 PM
trevor(trevor) used a hand_grenade 8-22-2020, 2:03:04 PM
trevor(trevor) used a hand_grenade 8-22-2020, 2:03:04 PM
trevor(trevor) used a hand_grenade 8-22-2020, 2:03:04 PM
trevor(trevor) used a hand_grenade 8-22-2020, 2:03:04 PM
trevor(trevor) used a hand_grenade 8-22-2020, 2:03:04 PM
trevor(trevor) used a hand_grenade 8-22-2020, 2:03:04 PM
trevor(trevor) used a hand_grenade 8-22-2020, 2:03:04 PM
trevor(trevor) used a hand_grenade 8-22-2020, 2:03:05 PM
trevor(trevor) used a hand_grenade 8-22-2020, 2:03:05 PM
trevor(trevor) used a hand_grenade 8-22-2020, 2:03:05 PM
trevor(trevor) used a hand_grenade 8-22-2020, 2:03:05 PM
trevor(trevor) used a hand_grenade 8-22-2020, 2:03:05 PM
trevor(trevor) used a hand_grenade 8-22-2020, 2:03:05 PM
trevor(trevor) used a hand_grenade 8-22-2020, 2:03:05 PM
trevor(trevor) used a hand_grenade 8-22-2020, 2:03:05 PM
trevor(trevor) used a hand_grenade 8-22-2020, 2:03:06 PM
trevor(trevor) used a hand_grenade 8-22-2020, 2:03:06 PM
trevor(trevor) used a hand_grenade 8-22-2020, 2:03:06 PM
trevor(trevor) used a hand_grenade 8-22-2020, 2:03:19 PM
trevor(trevor) used a hand_grenade 8-22-2020, 2:03:19 PM
trevor(trevor) used a hand_grenade 8-22-2020, 2:03:19 PM
trevor(trevor) used a hand_grenade 8-22-2020, 2:03:19 PM
trevor(trevor) used a hand_grenade 8-22-2020, 2:03:19 PM
trevor(trevor) used a hand_grenade 8-22-2020, 2:03:20 PM
trevor(trevor) used a hand_grenade 8-22-2020, 2:03:20 PM
trevor(trevor) used a hand_grenade 8-22-2020, 2:03:20 PM
trevor(trevor) used a hand_grenade 8-22-2020, 2:03:20 PM
trevor(trevor) used a hand_grenade 8-22-2020, 2:03:20 PM
trevor(trevor) used a hand_grenade 8-22-2020, 2:03:20 PM
trevor(trevor) used a hand_grenade 8-22-2020, 2:03:20 PM
trevor(trevor) used a hand_grenade 8-22-2020, 2:03:21 PM
trevor(trevor) used a hand_grenade 8-22-2020, 2:03:21 PM
trevor(trevor) used a hand_grenade 8-22-2020, 2:03:21 PM
trevor(trevor) used a hand_grenade 8-22-2020, 2:03:21 PM
trevor(trevor) used a hand_grenade 8-22-2020, 2:03:22 PM
trevor(trevor) used a hand_grenade 8-22-2020, 2:03:22 PM
trevor(trevor) used a hand_grenade 8-22-2020, 2:03:22 PM
trevor(trevor) used a hand_grenade 8-22-2020, 2:03:33 PM
trevor(trevor) used a hand_grenade 8-22-2020, 2:03:33 PM
trevor(trevor) used a hand_grenade 8-22-2020, 2:03:33 PM
trevor(trevor) used a hand_grenade 8-22-2020, 2:03:33 PM
trevor(trevor) used a hand_grenade 8-22-2020, 2:03:33 PM
trevor(trevor) used a hand_grenade 8-22-2020, 2:03:33 PM
trevor(trevor) used a hand_grenade 8-22-2020, 2:03:33 PM
trevor(trevor) used a health_drink 8-22-2020, 2:03:40 PM
trevor(trevor) used a health_drink 8-22-2020, 2:03:40 PM
trevor(trevor) used a health_drink 8-22-2020, 2:03:41 PM
trevor(trevor) used a hand_grenade 8-22-2020, 2:03:44 PM
trevor(trevor) used a hand_grenade 8-22-2020, 2:03:44 PM
trevor(trevor) used a hand_grenade 8-22-2020, 2:03:44 PM
trevor(trevor) used a hand_grenade 8-22-2020, 2:03:45 PM
trevor(trevor) used a hand_grenade 8-22-2020, 2:03:45 PM
trevor(trevor) used a hand_grenade 8-22-2020, 2:03:45 PM
trevor(trevor) used a hand_grenade 8-22-2020, 2:03:45 PM
trevor(trevor) used a hand_grenade 8-22-2020, 2:03:45 PM
trevor(trevor) used a hand_grenade 8-22-2020, 2:03:45 PM
trevor(trevor) used a hand_grenade 8-22-2020, 2:03:45 PM
trevor(trevor) used a hand_grenade 8-22-2020, 2:03:45 PM
trevor(trevor) used a hand_grenade 8-22-2020, 2:03:46 PM
trevor(trevor) used a hand_grenade 8-22-2020, 2:03:46 PM
trevor(trevor) used a hand_grenade 8-22-2020, 2:03:46 PM
trevor(trevor) used a hand_grenade 8-22-2020, 2:03:46 PM
trevor(trevor) used a hand_grenade 8-22-2020, 2:03:46 PM
trevor(trevor) used a hand_grenade 8-22-2020, 2:03:46 PM
trevor(trevor) used a health_drink 8-22-2020, 2:03:54 PM
trevor(trevor) used a health_drink 8-22-2020, 2:03:55 PM
trevor(trevor) used a health_drink 8-22-2020, 2:03:55 PM
trevor(trevor) used a health_drink 8-22-2020, 2:03:55 PM
trevor(trevor) used a health_drink 8-22-2020, 2:03:56 PM
trevor(trevor) used a health_drink 8-22-2020, 2:03:56 PM
trevor(trevor) used a health_drink 8-22-2020, 2:03:56 PM
trevor(trevor) used a health_drink 8-22-2020, 2:03:57 PM
trevor(trevor) used a health_drink 8-22-2020, 2:03:57 PM
trevor(trevor) used a health_drink 8-22-2020, 2:03:57 PM
trevor(trevor) used a health_drink 8-22-2020, 2:03:58 PM
trevor(trevor) used a health_drink 8-22-2020, 2:03:58 PM
trevor(trevor) used a hand_grenade 8-22-2020, 2:04:00 PM
trevor(trevor) used a hand_grenade 8-22-2020, 2:04:00 PM
trevor(trevor) used a hand_grenade 8-22-2020, 2:04:00 PM
trevor(trevor) used a hand_grenade 8-22-2020, 2:04:00 PM
trevor(trevor) used a hand_grenade 8-22-2020, 2:04:00 PM
trevor(trevor) used a hand_grenade 8-22-2020, 2:04:00 PM
trevor(trevor) used a hand_grenade 8-22-2020, 2:04:01 PM
trevor(trevor) used a hand_grenade 8-22-2020, 2:04:01 PM
trevor(trevor) used a hand_grenade 8-22-2020, 2:04:01 PM
trevor(trevor) used a hand_grenade 8-22-2020, 2:04:01 PM
trevor(trevor) used a hand_grenade 8-22-2020, 2:04:01 PM
trevor(trevor) used a hand_grenade 8-22-2020, 2:04:01 PM
trevor(trevor) used a hand_grenade 8-22-2020, 2:04:01 PM
trevor(trevor) used a hand_grenade 8-22-2020, 2:04:01 PM
trevor(trevor) used a hand_grenade 8-22-2020, 2:04:02 PM
trevor(trevor) used a hand_grenade 8-22-2020, 2:04:02 PM
trevor(trevor) used a hand_grenade 8-22-2020, 2:04:02 PM
trevor(trevor) used a hand_grenade 8-22-2020, 2:04:02 PM
trevor(trevor) used a hand_grenade 8-22-2020, 2:04:02 PM
trevor(trevor) used a hand_grenade 8-22-2020, 2:04:02 PM
trevor(trevor) used a hand_grenade 8-22-2020, 2:04:02 PM
trevor(trevor) used a hand_grenade 8-22-2020, 2:04:02 PM
trevor(trevor) used a hand_grenade 8-22-2020, 2:04:02 PM
trevor(trevor) used a hand_grenade 8-22-2020, 2:04:03 PM
trevor(trevor) used a hand_grenade 8-22-2020, 2:04:03 PM
trevor(trevor) used a hand_grenade 8-22-2020, 2:04:03 PM
trevor(trevor) used a hand_grenade 8-22-2020, 2:04:03 PM
trevor(trevor) used a hand_grenade 8-22-2020, 2:04:03 PM
trevor(trevor) used a hand_grenade 8-22-2020, 2:04:03 PM
trevor(trevor) used a hand_grenade 8-22-2020, 2:04:03 PM
trevor(trevor) used a hand_grenade 8-22-2020, 2:04:03 PM
trevor(trevor) used a hand_grenade 8-22-2020, 2:04:04 PM
trevor(trevor) used a hand_grenade 8-22-2020, 2:04:04 PM
trevor(trevor) used a hand_grenade 8-22-2020, 2:04:04 PM
trevor(trevor) used a hand_grenade 8-22-2020, 2:04:04 PM
trevor(trevor) used a hand_grenade 8-22-2020, 2:04:04 PM
trevor(trevor) used a hand_grenade 8-22-2020, 2:04:04 PM
trevor(trevor) used a hand_grenade 8-22-2020, 2:04:04 PM
trevor(trevor) used a hand_grenade 8-22-2020, 2:04:04 PM
trevor(trevor) used a hand_grenade 8-22-2020, 2:04:05 PM
trevor(trevor) used a hand_grenade 8-22-2020, 2:04:05 PM
trevor(trevor) used a hand_grenade 8-22-2020, 2:04:05 PM
trevor(trevor) used a hand_grenade 8-22-2020, 2:04:05 PM
trevor(trevor) used a hand_grenade 8-22-2020, 2:04:05 PM
trevor(trevor) used a hand_grenade 8-22-2020, 2:04:05 PM
trevor(trevor) used a hand_grenade 8-22-2020, 2:04:05 PM
trevor(trevor) used a hand_grenade 8-22-2020, 2:04:06 PM
trevor(trevor) used a hand_grenade 8-22-2020, 2:04:06 PM
trevor(trevor) used a hand_grenade 8-22-2020, 2:04:06 PM
trevor(trevor) used a hand_grenade 8-22-2020, 2:04:06 PM
trevor(trevor) used a hand_grenade 8-22-2020, 2:04:06 PM
trevor(trevor) used a hand_grenade 8-22-2020, 2:04:06 PM
trevor(trevor) used a hand_grenade 8-22-2020, 2:04:06 PM
trevor(trevor) used a hand_grenade 8-22-2020, 2:04:06 PM
trevor(trevor) used a hand_grenade 8-22-2020, 2:04:07 PM
trevor(trevor) used a hand_grenade 8-22-2020, 2:04:07 PM
trevor(trevor) used a shield 8-22-2020, 2:04:13 PM
trevor(trevor) used a shield 8-22-2020, 2:04:13 PM
trevor(trevor) used a shield 8-22-2020, 2:04:14 PM
trevor(trevor) used a shield 8-22-2020, 2:04:14 PM
trevor(trevor) used a shield 8-22-2020, 2:04:14 PM
trevor(trevor) used a shield 8-22-2020, 2:04:14 PM
trevor(trevor) used a shield 8-22-2020, 2:04:14 PM
trevor(trevor) used a shield 8-22-2020, 2:04:15 PM
trevor(trevor) used a shield 8-22-2020, 2:04:15 PM
trevor(trevor) used a shield 8-22-2020, 2:04:15 PM
trevor(trevor) used a shield 8-22-2020, 2:04:15 PM
trevor(trevor) used a shield 8-22-2020, 2:04:15 PM
trevor(trevor) used a shield 8-22-2020, 2:04:15 PM
trevor(trevor) used a shield 8-22-2020, 2:04:16 PM
trevor(trevor) used a shield 8-22-2020, 2:04:16 PM
trevor(trevor) used a shield 8-22-2020, 2:04:16 PM
trevor(trevor) used a shield 8-22-2020, 2:04:16 PM
trevor(trevor) used a shield 8-22-2020, 2:04:16 PM
trevor(trevor) used a shield 8-22-2020, 2:04:16 PM
trevor(trevor) used a shield 8-22-2020, 2:04:17 PM
trevor(trevor) used a shield 8-22-2020, 2:04:17 PM
trevor(trevor) used a shield 8-22-2020, 2:04:17 PM
trevor(trevor) used a shield 8-22-2020, 2:04:17 PM
trevor(trevor) used a shield 8-22-2020, 2:04:17 PM
trevor(trevor) used a shield 8-22-2020, 2:04:18 PM
trevor(trevor) used a shield 8-22-2020, 2:04:18 PM
trevor(trevor) used a shield 8-22-2020, 2:04:18 PM
trevor(trevor) used a shield 8-22-2020, 2:04:18 PM
trevor(trevor) used a shield 8-22-2020, 2:04:18 PM
trevor(trevor) used a shield 8-22-2020, 2:04:18 PM
trevor(trevor) used a shield 8-22-2020, 2:04:19 PM
trevor(trevor) used a shield 8-22-2020, 2:04:19 PM
trevor(trevor) used a shield 8-22-2020, 2:04:19 PM
trevor(trevor) used a shield 8-22-2020, 2:04:19 PM
trevor(trevor) used a shield 8-22-2020, 2:04:20 PM
trevor(trevor) used a shield 8-22-2020, 2:04:20 PM
trevor(trevor) used a shield 8-22-2020, 2:04:20 PM
trevor(trevor) used a shield 8-22-2020, 2:04:21 PM
trevor(trevor) used a shield 8-22-2020, 2:04:21 PM
trevor(trevor) used a shield 8-22-2020, 2:04:21 PM
trevor(trevor) used a health_drink 8-22-2020, 2:04:22 PM
trevor(trevor) used a health_drink 8-22-2020, 2:04:22 PM
trevor(trevor) used a health_drink 8-22-2020, 2:04:22 PM
trevor(trevor) used a wirebomb 8-22-2020, 2:04:29 PM
trevor(trevor) used a wirebomb 8-22-2020, 2:04:29 PM
trevor(trevor) used a hand_grenade 8-22-2020, 2:04:31 PM
trevor(trevor) used a hand_grenade 8-22-2020, 2:04:31 PM
trevor(trevor) used a hand_grenade 8-22-2020, 2:04:31 PM
trevor(trevor) used a hand_grenade 8-22-2020, 2:04:31 PM
trevor(trevor) used a hand_grenade 8-22-2020, 2:04:32 PM
trevor(trevor) used a hand_grenade 8-22-2020, 2:04:32 PM
trevor(trevor) used a hand_grenade 8-22-2020, 2:04:32 PM
trevor(trevor) used a hand_grenade 8-22-2020, 2:04:32 PM
trevor(trevor) used a hand_grenade 8-22-2020, 2:04:32 PM
trevor(trevor) used a hand_grenade 8-22-2020, 2:04:32 PM
trevor(trevor) used a shield 8-22-2020, 2:04:37 PM
trevor(trevor) used a shield 8-22-2020, 2:04:37 PM
trevor(trevor) used a shield 8-22-2020, 2:04:37 PM
trevor(trevor) used a shield 8-22-2020, 2:04:37 PM
trevor(trevor) used a shield 8-22-2020, 2:04:37 PM
trevor(trevor) used a shield 8-22-2020, 2:04:38 PM
trevor(trevor) used a shield 8-22-2020, 2:04:38 PM
trevor(trevor) used a shield 8-22-2020, 2:04:38 PM
trevor(trevor) used a shield 8-22-2020, 2:04:38 PM
trevor(trevor) used a shield 8-22-2020, 2:04:38 PM
trevor(trevor) used a shield 8-22-2020, 2:04:38 PM
trevor(trevor) used a shield 8-22-2020, 2:04:39 PM
trevor(trevor) used a shield 8-22-2020, 2:04:39 PM
trevor(trevor) used a shield 8-22-2020, 2:04:39 PM
trevor(trevor) used a shield 8-22-2020, 2:04:39 PM
trevor(trevor) used a shield 8-22-2020, 2:04:39 PM
trevor(trevor) used a shield 8-22-2020, 2:04:39 PM
trevor(trevor) used a shield 8-22-2020, 2:04:40 PM
trevor(trevor) used a shield 8-22-2020, 2:04:40 PM
trevor(trevor) used a shield 8-22-2020, 2:04:40 PM
trevor(trevor) used a shield 8-22-2020, 2:04:40 PM
trevor(trevor) used a shield 8-22-2020, 2:04:41 PM
trevor(trevor) used a shield 8-22-2020, 2:04:41 PM
trevor(trevor) used a shield 8-22-2020, 2:04:41 PM
trevor(trevor) used a shield 8-22-2020, 2:04:41 PM
trevor(trevor) used a shield 8-22-2020, 2:04:42 PM
trevor(trevor) used a shield 8-22-2020, 2:04:42 PM
trevor(trevor) used a shield 8-22-2020, 2:04:42 PM
trevor(trevor) used a shield 8-22-2020, 2:04:42 PM
trevor(trevor) used a tk_ultra_health_potion 8-22-2020, 2:04:50 PM
trevor(trevor) used a tk_ultra_health_potion 8-22-2020, 2:04:50 PM
trevor(trevor) used a tk_ultra_health_potion 8-22-2020, 2:04:50 PM
trevor(trevor) used a health_drink 8-22-2020, 2:04:59 PM
trevor(trevor) used a health_drink 8-22-2020, 2:04:59 PM
trevor(trevor) used a health_drink 8-22-2020, 2:04:59 PM
trevor(trevor) used a tk_ultra_health_potion 8-22-2020, 2:05:00 PM
trevor(trevor) used a tk_ultra_health_potion 8-22-2020, 2:05:00 PM
trevor(trevor) used a tk_ultra_health_potion 8-22-2020, 2:05:01 PM
trevor(trevor) used a tk_ultra_health_potion 8-22-2020, 2:05:04 PM
trevor(trevor) used a tk_ultra_health_potion 8-22-2020, 2:05:04 PM
trevor(trevor) used a tk_ultra_health_potion 8-22-2020, 2:05:04 PM
trevor(trevor) used a shield 8-22-2020, 2:05:19 PM
trevor(trevor) used a shield 8-22-2020, 2:05:19 PM
trevor(trevor) used a shield 8-22-2020, 2:05:19 PM
trevor(trevor) used a shield 8-22-2020, 2:05:20 PM
trevor(trevor) used a shield 8-22-2020, 2:05:20 PM
trevor(trevor) used a shield 8-22-2020, 2:05:20 PM
trevor(trevor) used a shield 8-22-2020, 2:05:20 PM
trevor(trevor) used a shield 8-22-2020, 2:05:20 PM
trevor(trevor) used a shield 8-22-2020, 2:05:20 PM
trevor(trevor) used a shield 8-22-2020, 2:05:20 PM
trevor(trevor) used a shield 8-22-2020, 2:05:21 PM
trevor(trevor) used a shield 8-22-2020, 2:05:21 PM
trevor(trevor) used a shield 8-22-2020, 2:05:21 PM
trevor(trevor) used a shield 8-22-2020, 2:05:21 PM
trevor(trevor) used a shield 8-22-2020, 2:05:21 PM
trevor(trevor) used a shield 8-22-2020, 2:05:22 PM
trevor(trevor) used a shield 8-22-2020, 2:05:22 PM
trevor(trevor) used a shield 8-22-2020, 2:05:22 PM
trevor(trevor) used a shield 8-22-2020, 2:05:22 PM
trevor(trevor) used a shield 8-22-2020, 2:05:22 PM
trevor(trevor) used a shield 8-22-2020, 2:05:22 PM
trevor(trevor) used a shield 8-22-2020, 2:05:23 PM
trevor(trevor) used a shield 8-22-2020, 2:05:23 PM
trevor(trevor) used a shield 8-22-2020, 2:05:23 PM
trevor(trevor) used a shield 8-22-2020, 2:05:23 PM
trevor(trevor) used a shield 8-22-2020, 2:05:23 PM
trevor(trevor) used a shield 8-22-2020, 2:05:23 PM
trevor(trevor) used a shield 8-22-2020, 2:05:23 PM
trevor(trevor) used a shield 8-22-2020, 2:05:23 PM
trevor(trevor) used a shield 8-22-2020, 2:05:24 PM
trevor(trevor) used a shield 8-22-2020, 2:05:24 PM
trevor(trevor) used a tk_ultra_health_potion 8-22-2020, 2:05:25 PM
trevor(trevor) used a tk_ultra_health_potion 8-22-2020, 2:05:25 PM
trevor(trevor) used a health_drink 8-22-2020, 2:05:25 PM
trevor(trevor) used a health_drink 8-22-2020, 2:05:26 PM
trevor(trevor) used a health_drink 8-22-2020, 2:05:36 PM
trevor(trevor) used a health_drink 8-22-2020, 2:05:36 PM
trevor(trevor) used a health_drink 8-22-2020, 2:05:36 PM
trevor(trevor) used a health_drink 8-22-2020, 2:05:37 PM
trevor(trevor) used a health_drink 8-22-2020, 2:05:37 PM
trevor(trevor) used a health_drink 8-22-2020, 2:05:39 PM
trevor(trevor) used a health_drink 8-22-2020, 2:05:39 PM
trevor(trevor) used a shield 8-22-2020, 2:06:16 PM
trevor(trevor) used a shield 8-22-2020, 2:06:16 PM
trevor(trevor) used a shield 8-22-2020, 2:06:16 PM
trevor(trevor) used a shield 8-22-2020, 2:06:16 PM
trevor(trevor) used a shield 8-22-2020, 2:06:16 PM
trevor(trevor) used a shield 8-22-2020, 2:06:17 PM
trevor(trevor) used a shield 8-22-2020, 2:06:17 PM
trevor(trevor) used a shield 8-22-2020, 2:06:17 PM
trevor(trevor) used a shield 8-22-2020, 2:06:17 PM
trevor(trevor) used a shield 8-22-2020, 2:06:17 PM
trevor(trevor) used a shield 8-22-2020, 2:06:17 PM
trevor(trevor) used a shield 8-22-2020, 2:06:17 PM
trevor(trevor) used a shield 8-22-2020, 2:06:18 PM
trevor(trevor) used a shield 8-22-2020, 2:06:18 PM
trevor(trevor) used a shield 8-22-2020, 2:06:18 PM
trevor(trevor) used a shield 8-22-2020, 2:06:18 PM
trevor(trevor) used a shield 8-22-2020, 2:06:22 PM
trevor(trevor) used a shield 8-22-2020, 2:06:22 PM
trevor(trevor) used a shield 8-22-2020, 2:06:22 PM
trevor(trevor) used a shield 8-22-2020, 2:06:22 PM
trevor(trevor) used a shield 8-22-2020, 2:06:22 PM
trevor(trevor) used a shield 8-22-2020, 2:06:23 PM
trevor(trevor) used a shield 8-22-2020, 2:06:23 PM
trevor(trevor) used a shield 8-22-2020, 2:06:23 PM
trevor(trevor) used a shield 8-22-2020, 2:06:23 PM
trevor(trevor) used a shield 8-22-2020, 2:06:23 PM
trevor(trevor) used a shield 8-22-2020, 2:06:24 PM
trevor(trevor) used a shield 8-22-2020, 2:06:24 PM
trevor(trevor) used a shield 8-22-2020, 2:06:24 PM
trevor(trevor) used a shield 8-22-2020, 2:06:24 PM
trevor(trevor) used a shield 8-22-2020, 2:06:25 PM
trevor(trevor) used a health_drink 8-22-2020, 2:06:25 PM
trevor(trevor) used a health_drink 8-22-2020, 2:06:25 PM
trevor(trevor) used a health_drink 8-22-2020, 2:06:26 PM
trevor(trevor) used a health_drink 8-22-2020, 2:06:26 PM
trevor(trevor) used a tk_ultra_health_potion 8-22-2020, 2:06:27 PM
trevor(trevor) used a tk_ultra_health_potion 8-22-2020, 2:06:27 PM
trevor(trevor) used a tk_ultra_health_potion 8-22-2020, 2:06:27 PM
trevor(trevor) used a tk_ultra_health_potion 8-22-2020, 2:06:27 PM
trevor(trevor) used a tk_ultra_health_potion 8-22-2020, 2:06:28 PM
trevor(trevor) used a tk_ultra_health_potion 8-22-2020, 2:06:28 PM
trevor(trevor) used a tk_ultra_health_potion 8-22-2020, 2:06:28 PM
trevor(trevor) used a tk_ultra_health_potion 8-22-2020, 2:06:31 PM
trevor(trevor) used a tk_ultra_health_potion 8-22-2020, 2:06:32 PM
trevor(trevor) used a tk_ultra_health_potion 8-22-2020, 2:06:32 PM
trevor(trevor) used a tk_ultra_health_potion 8-22-2020, 2:06:32 PM
trevor(trevor) used a tk_ultra_health_potion 8-22-2020, 2:06:33 PM
trevor(trevor) used a tk_ultra_health_potion 8-22-2020, 2:06:33 PM
trevor(trevor) used a tk_ultra_health_potion 8-22-2020, 2:06:33 PM
trevor(trevor) used a tk_ultra_health_potion 8-22-2020, 2:06:33 PM
trevor(trevor) used a tk_ultra_health_potion 8-22-2020, 2:06:34 PM
trevor(trevor) used a tk_ultra_health_potion 8-22-2020, 2:06:34 PM
trevor(trevor) used a zulfikar 8-22-2020, 2:06:43 PM
trevor(trevor) used a tk_ultra_health_potion 8-22-2020, 2:06:46 PM
trevor(trevor) used a tk_ultra_health_potion 8-22-2020, 2:06:47 PM
trevor(trevor) used a tk_ultra_health_potion 8-22-2020, 2:06:47 PM
trevor(trevor) used a tk_ultra_health_potion 8-22-2020, 2:06:47 PM
trevor(trevor) used a tk_ultra_health_potion 8-22-2020, 2:06:48 PM
trevor(trevor) used a tk_ultra_health_potion 8-22-2020, 2:06:48 PM
trevor(trevor) used a health_drink 8-22-2020, 2:06:49 PM
trevor(trevor) used a health_drink 8-22-2020, 2:06:49 PM
trevor(trevor) used a health_drink 8-22-2020, 2:06:49 PM
trevor(trevor) used a health_drink 8-22-2020, 2:06:50 PM
trevor(trevor) used a health_drink 8-22-2020, 2:06:50 PM
trevor(trevor) used a tk_ultra_health_potion 8-22-2020, 2:06:59 PM
trevor(trevor) used a tk_ultra_health_potion 8-22-2020, 2:06:59 PM
trevor(trevor) used a health_drink 8-22-2020, 2:07:00 PM
trevor(trevor) used a health_drink 8-22-2020, 2:07:00 PM
trevor(trevor) used a health_drink 8-22-2020, 2:07:00 PM
trevor(trevor) used a health_drink 8-22-2020, 2:07:00 PM
trevor(trevor) used a health_drink 8-22-2020, 2:07:01 PM
trevor(trevor) used a tk_ultra_health_potion 8-22-2020, 2:07:01 PM
trevor(trevor) used a tk_ultra_health_potion 8-22-2020, 2:07:01 PM
trevor(trevor) used a shield 8-22-2020, 2:07:45 PM
trevor(trevor) used a shield 8-22-2020, 2:07:45 PM
trevor(trevor) used a shield 8-22-2020, 2:07:46 PM
trevor(trevor) used a shield 8-22-2020, 2:07:46 PM
trevor(trevor) used a shield 8-22-2020, 2:07:46 PM
trevor(trevor) used a shield 8-22-2020, 2:07:46 PM
trevor(trevor) used a shield 8-22-2020, 2:07:46 PM
trevor(trevor) used a shield 8-22-2020, 2:07:46 PM
trevor(trevor) used a shield 8-22-2020, 2:07:47 PM
trevor(trevor) used a shield 8-22-2020, 2:07:47 PM
trevor(trevor) used a shield 8-22-2020, 2:07:47 PM
trevor(trevor) used a shield 8-22-2020, 2:07:47 PM
trevor(trevor) used a shield 8-22-2020, 2:07:47 PM
trevor(trevor) used a shield 8-22-2020, 2:07:47 PM
trevor(trevor) used a shield 8-22-2020, 2:07:47 PM
trevor(trevor) used a shield 8-22-2020, 2:07:48 PM
trevor(trevor) used a shield 8-22-2020, 2:07:48 PM
trevor(trevor) used a shield 8-22-2020, 2:07:48 PM
trevor(trevor) used a shield 8-22-2020, 2:07:48 PM
trevor(trevor) used a shield 8-22-2020, 2:07:49 PM
trevor(trevor) used a shield 8-22-2020, 2:07:49 PM
trevor(trevor) used a shield 8-22-2020, 2:07:49 PM
trevor(trevor) used a shield 8-22-2020, 2:07:49 PM
trevor(trevor) used a shield 8-22-2020, 2:07:49 PM
trevor(trevor) used a shield 8-22-2020, 2:07:49 PM
trevor(trevor) used a shield 8-22-2020, 2:07:50 PM
trevor(trevor) used a shield 8-22-2020, 2:07:50 PM
trevor(trevor) used a shield 8-22-2020, 2:07:50 PM
trevor(trevor) used a shield 8-22-2020, 2:07:50 PM
trevor(trevor) used a shield 8-22-2020, 2:07:51 PM
trevor(trevor) used a tk_ultra_health_potion 8-22-2020, 2:07:51 PM
trevor(trevor) used a tk_ultra_health_potion 8-22-2020, 2:07:52 PM
trevor(trevor) used a tk_ultra_health_potion 8-22-2020, 2:07:52 PM
trevor(trevor) used a health_drink 8-22-2020, 2:07:52 PM
trevor(trevor) used a health_drink 8-22-2020, 2:07:53 PM
trevor(trevor) used a health_drink 8-22-2020, 2:07:53 PM
trevor(trevor) used a health_drink 8-22-2020, 2:07:53 PM
trevor(trevor) used a health_drink 8-22-2020, 2:07:54 PM
trevor(trevor) used a health_drink 8-22-2020, 2:07:54 PM
trevor(trevor) used a health_drink 8-22-2020, 2:07:54 PM
trevor(trevor) used a health_drink 8-22-2020, 2:07:54 PM
trevor(trevor) used a health_drink 8-22-2020, 2:07:54 PM
trevor(trevor) used a health_drink 8-22-2020, 2:07:55 PM
trevor(trevor) used a health_drink 8-22-2020, 2:07:55 PM
trevor(trevor) used a shield 8-22-2020, 2:08:17 PM
trevor(trevor) used a shield 8-22-2020, 2:08:17 PM
trevor(trevor) used a shield 8-22-2020, 2:08:18 PM
trevor(trevor) used a tk_ultra_health_potion 8-22-2020, 2:08:18 PM
trevor(trevor) used a tk_ultra_health_potion 8-22-2020, 2:08:18 PM
trevor(trevor) used a tk_ultra_health_potion 8-22-2020, 2:08:18 PM
trevor(trevor) used a tk_ultra_health_potion 8-22-2020, 2:08:19 PM
trevor(trevor) used a health_drink 8-22-2020, 2:08:19 PM
trevor(trevor) used a health_drink 8-22-2020, 2:08:19 PM
trevor(trevor) used a health_drink 8-22-2020, 2:08:19 PM
trevor(trevor) used a health_drink 8-22-2020, 2:08:20 PM
trevor(trevor) used a health_drink 8-22-2020, 2:08:20 PM
trevor(trevor) used a health_drink 8-22-2020, 2:08:20 PM
trevor(trevor) used a health_drink 8-22-2020, 2:08:21 PM
trevor(trevor) used a health_drink 8-22-2020, 2:08:21 PM
trevor(trevor) used a health_drink 8-22-2020, 2:08:21 PM
trevor(trevor) used a health_drink 8-22-2020, 2:08:21 PM
trevor(trevor) used a health_drink 8-22-2020, 2:08:22 PM
trevor(trevor) used a health_drink 8-22-2020, 2:08:22 PM
trevor(trevor) used a health_drink 8-22-2020, 2:08:22 PM
trevor(trevor) used a health_drink 8-22-2020, 2:08:23 PM
trevor(trevor) used a health_drink 8-22-2020, 2:08:23 PM
trevor(trevor) used a health_drink 8-22-2020, 2:08:23 PM
trevor(trevor) used a wirebomb 8-22-2020, 2:08:53 PM
trevor(trevor) used a wirebomb 8-22-2020, 2:08:53 PM
trevor(trevor) used a wirebomb 8-22-2020, 2:08:53 PM
trevor(trevor) used a wirebomb 8-22-2020, 2:09:12 PM
trevor(trevor) used a wirebomb 8-22-2020, 2:09:12 PM
trevor(trevor) used a wirebomb 8-22-2020, 2:09:29 PM
trevor(trevor) used a wirebomb 8-22-2020, 2:09:29 PM
trevor(trevor) used a shield 8-22-2020, 2:09:39 PM
trevor(trevor) used a shield 8-22-2020, 2:09:39 PM
trevor(trevor) used a shield 8-22-2020, 2:09:39 PM
trevor(trevor) used a shield 8-22-2020, 2:09:39 PM
trevor(trevor) used a shield 8-22-2020, 2:09:39 PM
trevor(trevor) used a shield 8-22-2020, 2:09:39 PM
trevor(trevor) used a shield 8-22-2020, 2:09:40 PM
trevor(trevor) used a shield 8-22-2020, 2:09:40 PM
trevor(trevor) used a shield 8-22-2020, 2:09:40 PM
trevor(trevor) used a shield 8-22-2020, 2:09:40 PM
trevor(trevor) used a shield 8-22-2020, 2:09:40 PM
trevor(trevor) used a shield 8-22-2020, 2:09:40 PM
trevor(trevor) used a shield 8-22-2020, 2:09:40 PM
trevor(trevor) used a shield 8-22-2020, 2:09:40 PM
trevor(trevor) used a shield 8-22-2020, 2:09:41 PM
trevor(trevor) used a shield 8-22-2020, 2:09:41 PM
trevor(trevor) used a shield 8-22-2020, 2:09:41 PM
trevor(trevor) used a shield 8-22-2020, 2:09:41 PM
trevor(trevor) used a shield 8-22-2020, 2:09:41 PM
trevor(trevor) used a shield 8-22-2020, 2:09:41 PM
trevor(trevor) used a shield 8-22-2020, 2:09:42 PM
trevor(trevor) used a shield 8-22-2020, 2:09:42 PM
trevor(trevor) used a shield 8-22-2020, 2:09:42 PM
trevor(trevor) used a shield 8-22-2020, 2:09:42 PM
trevor(trevor) used a shield 8-22-2020, 2:09:42 PM
trevor(trevor) used a shield 8-22-2020, 2:09:43 PM
trevor(trevor) used a shield 8-22-2020, 2:09:43 PM
trevor(trevor) used a shield 8-22-2020, 2:09:43 PM
trevor(trevor) used a shield 8-22-2020, 2:09:43 PM
trevor(trevor) used a shield 8-22-2020, 2:09:44 PM
trevor(trevor) used a shield 8-22-2020, 2:09:44 PM
trevor(trevor) used a tk_ultra_health_potion 8-22-2020, 2:09:44 PM
trevor(trevor) used a tk_ultra_health_potion 8-22-2020, 2:09:44 PM
trevor(trevor) used a tk_ultra_health_potion 8-22-2020, 2:09:45 PM
trevor(trevor) used a shield 8-22-2020, 2:10:48 PM
trevor(trevor) used a shield 8-22-2020, 2:10:48 PM
trevor(trevor) used a shield 8-22-2020, 2:10:48 PM
trevor(trevor) used a shield 8-22-2020, 2:10:48 PM
trevor(trevor) used a shield 8-22-2020, 2:10:49 PM
trevor(trevor) used a shield 8-22-2020, 2:10:49 PM
trevor(trevor) used a shield 8-22-2020, 2:10:49 PM
trevor(trevor) used a shield 8-22-2020, 2:10:50 PM
trevor(trevor) used a shield 8-22-2020, 2:10:50 PM
trevor(trevor) used a tk_ultra_health_potion 8-22-2020, 2:10:50 PM
trevor(trevor) used a tk_ultra_health_potion 8-22-2020, 2:10:51 PM
trevor(trevor) used a tk_ultra_health_potion 8-22-2020, 2:10:51 PM
trevor(trevor) used a wirebomb 8-22-2020, 2:10:56 PM
trevor(trevor) used a wirebomb 8-22-2020, 2:10:57 PM
trevor(trevor) used a wirebomb 8-22-2020, 2:10:57 PM
trevor(trevor) used a wirebomb 8-22-2020, 2:10:57 PM
trevor(trevor) used a wirebomb 8-22-2020, 2:10:57 PM
trevor(trevor) used a wirebomb 8-22-2020, 2:10:58 PM
trevor(trevor) used a zulfikar 8-22-2020, 2:11:36 PM
trevor(trevor) used a zulfikar 8-22-2020, 2:11:37 PM
trevor(trevor) used a zulfikar 8-22-2020, 2:11:37 PM
trevor(trevor) used a zulfikar 8-22-2020, 2:11:37 PM
trevor(trevor) used a zulfikar 8-22-2020, 2:11:37 PM
trevor(trevor) used a zulfikar 8-22-2020, 2:12:17 PM
trevor(trevor) used a zulfikar 8-22-2020, 2:12:18 PM
trevor(trevor) used a zulfikar 8-22-2020, 2:12:18 PM
trevor(trevor) used a zulfikar 8-22-2020, 2:12:18 PM
trevor(trevor) used a tk_ultra_health_potion 8-22-2020, 2:12:23 PM
trevor(trevor) used a tk_ultra_health_potion 8-22-2020, 2:12:23 PM
trevor(trevor) used a shield 8-22-2020, 2:13:01 PM
trevor(trevor) used a shield 8-22-2020, 2:13:02 PM
trevor(trevor) used a shield 8-22-2020, 2:13:02 PM
trevor(trevor) used a shield 8-22-2020, 2:13:02 PM
trevor(trevor) used a shield 8-22-2020, 2:13:03 PM
trevor(trevor) used a tk_ultra_health_potion 8-22-2020, 2:13:03 PM
trevor(trevor) used a tk_ultra_health_potion 8-22-2020, 2:13:03 PM
trevor(trevor) used a tk_ultra_health_potion 8-22-2020, 2:13:04 PM
trevor(trevor) used a health_drink 8-22-2020, 2:13:10 PM
trevor(trevor) used a health_drink 8-22-2020, 2:13:11 PM
trevor(trevor) used a health_drink 8-22-2020, 2:13:11 PM
trevor(trevor) used a wirebomb 8-22-2020, 2:13:28 PM
trevor(trevor) used a wirebomb 8-22-2020, 2:13:28 PM
trevor(trevor) used a wirebomb 8-22-2020, 2:13:28 PM
trevor(trevor) used a shield 8-22-2020, 2:14:37 PM
trevor(trevor) used a shield 8-22-2020, 2:14:38 PM
trevor(trevor) used a shield 8-22-2020, 2:14:38 PM
trevor(trevor) used a shield 8-22-2020, 2:14:38 PM
trevor(trevor) used a shield 8-22-2020, 2:14:38 PM
trevor(trevor) used a shield 8-22-2020, 2:14:38 PM
trevor(trevor) used a shield 8-22-2020, 2:14:39 PM
trevor(trevor) used a tk_ultra_health_potion 8-22-2020, 2:14:39 PM
trevor(trevor) used a tk_ultra_health_potion 8-22-2020, 2:14:39 PM
trevor(trevor) used a tk_ultra_health_potion 8-22-2020, 2:14:40 PM
trevor(trevor) used a health_drink 8-22-2020, 2:14:41 PM
trevor(trevor) used a health_drink 8-22-2020, 2:14:41 PM
trevor(trevor) used a health_drink 8-22-2020, 2:14:41 PM
trevor(trevor) used a health_drink 8-22-2020, 2:14:42 PM
trevor(trevor) used a health_drink 8-22-2020, 2:14:42 PM
trevor(trevor) used a health_drink 8-22-2020, 2:14:43 PM
trevor(trevor) used a health_drink 8-22-2020, 2:14:43 PM
trevor(trevor) used a wirebomb 8-22-2020, 2:16:12 PM
trevor(trevor) used a shield 8-22-2020, 3:12:52 PM
trevor(trevor) used a shield 8-22-2020, 3:12:53 PM
trevor(trevor) used a tk_ultra_health_potion 8-22-2020, 3:12:53 PM
trevor(trevor) used a tk_ultra_health_potion 8-22-2020, 3:12:54 PM
trevor(trevor) used a tk_ultra_health_potion 8-22-2020, 3:12:54 PM
trevor(trevor) used a rocket_launcher 8-22-2020, 3:13:44 PM
trevor(trevor) used a warp_box 8-22-2020, 3:14:21 PM
trevor(trevor) used a health_drink 8-22-2020, 3:14:50 PM
trevor(trevor) used a health_drink 8-22-2020, 3:14:50 PM
trevor(trevor) used a health_drink 8-22-2020, 3:15:03 PM
trevor(trevor) used a health_drink 8-22-2020, 3:15:03 PM
trevor(trevor) used a health_drink 8-22-2020, 3:15:03 PM
trevor(trevor) used a health_drink 8-22-2020, 3:15:04 PM
trevor(trevor) used a missile_interceptor 8-22-2020, 3:15:05 PM
trevor(trevor) used a missile_interceptor 8-22-2020, 3:15:05 PM
trevor(trevor) used a missile_interceptor 8-22-2020, 3:15:06 PM
trevor(trevor) used a carrier_missile 8-22-2020, 3:15:24 PM
trevor(trevor) used a tk_ultra_health_potion 8-22-2020, 3:20:14 PM
trevor(trevor) used a health_drink 8-22-2020, 3:20:15 PM
trevor(trevor) used a health_drink 8-22-2020, 3:20:16 PM
trevor(trevor) used a health_drink 8-22-2020, 3:20:16 PM
trevor(trevor) used a health_drink 8-22-2020, 3:20:17 PM
trevor(trevor) used a health_drink 8-22-2020, 3:20:17 PM
trevor(trevor) used a health_drink 8-22-2020, 3:20:17 PM
trevor(trevor) used a health_drink 8-22-2020, 3:20:17 PM
trevor(trevor) used a health_drink 8-22-2020, 3:20:17 PM
trevor(trevor) used a health_drink 8-22-2020, 3:20:18 PM
trevor(trevor) used a health_drink 8-22-2020, 3:20:18 PM
trevor(trevor) used a warp_box 8-22-2020, 3:20:39 PM
trevor(trevor) used a warp_box 8-22-2020, 3:21:13 PM
trevor(trevor) used a concussive_grenade 8-22-2020, 3:21:47 PM
trevor(trevor) used a concussive_grenade 8-22-2020, 3:21:47 PM
trevor(trevor) used a hand_grenade 8-22-2020, 3:22:41 PM
trevor(trevor) used a hand_grenade 8-22-2020, 3:22:42 PM
trevor(trevor) used a hand_grenade 8-22-2020, 3:22:42 PM
trevor(trevor) used a hand_grenade 8-22-2020, 3:22:42 PM
trevor(trevor) used a hand_grenade 8-22-2020, 3:22:42 PM
trevor(trevor) used a hand_grenade 8-22-2020, 3:22:42 PM
trevor(trevor) used a hand_grenade 8-22-2020, 3:22:42 PM
trevor(trevor) used a hand_grenade 8-22-2020, 3:22:42 PM
trevor(trevor) used a hand_grenade 8-22-2020, 3:22:43 PM
trevor(trevor) used a hand_grenade 8-22-2020, 3:22:43 PM
trevor(trevor) used a hand_grenade 8-22-2020, 3:22:49 PM
trevor(trevor) used a hand_grenade 8-22-2020, 3:22:49 PM
trevor(trevor) used a hand_grenade 8-22-2020, 3:22:49 PM
trevor(trevor) used a hand_grenade 8-22-2020, 3:22:49 PM
trevor(trevor) used a hand_grenade 8-22-2020, 3:22:49 PM
trevor(trevor) used a hand_grenade 8-22-2020, 3:22:50 PM
trevor(trevor) used a hand_grenade 8-22-2020, 3:22:50 PM
trevor(trevor) used a hand_grenade 8-22-2020, 3:22:50 PM
trevor(trevor) used a hand_grenade 8-22-2020, 3:22:50 PM
trevor(trevor) used a hand_grenade 8-22-2020, 3:22:50 PM
trevor(trevor) used a hand_grenade 8-22-2020, 3:22:51 PM
trevor(trevor) used a hand_grenade 8-22-2020, 3:22:51 PM
trevor(trevor) used a hand_grenade 8-22-2020, 3:22:51 PM
trevor(trevor) used a hand_grenade 8-22-2020, 3:22:51 PM
trevor(trevor) used a hand_grenade 8-22-2020, 3:22:51 PM
trevor(trevor) used a hand_grenade 8-22-2020, 3:22:51 PM
trevor(trevor) used a shield 8-22-2020, 3:23:07 PM
trevor(trevor) used a shield 8-22-2020, 3:23:07 PM
trevor(trevor) used a shield 8-22-2020, 3:23:08 PM
trevor(trevor) used a shield 8-22-2020, 3:23:08 PM
trevor(trevor) used a shield 8-22-2020, 3:23:08 PM
trevor(trevor) used a shield 8-22-2020, 3:23:08 PM
trevor(trevor) used a shield 8-22-2020, 3:23:09 PM
trevor(trevor) used a shield 8-22-2020, 3:23:09 PM
trevor(trevor) used a shield 8-22-2020, 3:23:09 PM
trevor(trevor) used a shield 8-22-2020, 3:23:09 PM
trevor(trevor) used a shield 8-22-2020, 3:23:09 PM
trevor(trevor) used a shield 8-22-2020, 3:23:09 PM
trevor(trevor) used a shield 8-22-2020, 3:23:10 PM
trevor(trevor) used a shield 8-22-2020, 3:23:11 PM
trevor(trevor) used a shield 8-22-2020, 3:23:11 PM
trevor(trevor) used a shield 8-22-2020, 3:23:11 PM
trevor(trevor) used a shield 8-22-2020, 3:23:12 PM
trevor(trevor) used a shield 8-22-2020, 3:23:12 PM
trevor(trevor) used a shield 8-22-2020, 3:23:12 PM
trevor(trevor) used a tk_ultra_health_potion 8-22-2020, 3:23:15 PM
trevor(trevor) used a tk_ultra_health_potion 8-22-2020, 3:23:15 PM
trevor(trevor) used a tk_ultra_health_potion 8-22-2020, 3:23:15 PM
trevor(trevor) used a tk_ultra_health_potion 8-22-2020, 3:23:16 PM
trevor(trevor) used a carrier_missile 8-22-2020, 3:23:39 PM
trevor(trevor) used a carrier_missile 8-22-2020, 3:24:09 PM
trevor(trevor) used a shield 8-22-2020, 3:25:15 PM
trevor(trevor) used a shield 8-22-2020, 3:25:15 PM
trevor(trevor) used a shield 8-22-2020, 3:25:15 PM
trevor(trevor) used a shield 8-22-2020, 3:25:16 PM
trevor(trevor) used a shield 8-22-2020, 3:25:16 PM
trevor(trevor) used a shield 8-22-2020, 3:25:16 PM
trevor(trevor) used a shield 8-22-2020, 3:25:16 PM
trevor(trevor) used a shield 8-22-2020, 3:25:17 PM
trevor(trevor) used a shield 8-22-2020, 3:25:17 PM
trevor(trevor) used a shield 8-22-2020, 3:25:17 PM
trevor(trevor) used a awp 8-22-2020, 3:25:21 PM
trevor(trevor) used a tk_ultra_health_potion 8-22-2020, 3:26:06 PM
trevor(trevor) used a tk_ultra_health_potion 8-22-2020, 3:26:06 PM
trevor(trevor) used a tk_ultra_health_potion 8-22-2020, 3:26:07 PM
trevor(trevor) used a health_drink 8-22-2020, 3:26:07 PM
trevor(trevor) used a health_drink 8-22-2020, 3:26:26 PM
trevor(trevor) used a health_drink 8-22-2020, 3:26:38 PM
trevor(trevor) used a health_drink 8-22-2020, 3:26:38 PM
trevor(trevor) used a missile_interceptor 8-22-2020, 3:26:39 PM
trevor(trevor) used a missile_interceptor 8-22-2020, 3:26:39 PM
trevor(trevor) used a tk_ultra_health_potion 8-22-2020, 3:27:50 PM
trevor(trevor) used a tk_ultra_health_potion 8-22-2020, 3:27:50 PM
trevor(trevor) used a tk_ultra_health_potion 8-22-2020, 3:27:50 PM
trevor(trevor) used a tk_ultra_health_potion 8-22-2020, 3:28:11 PM
trevor(trevor) used a tk_ultra_health_potion 8-22-2020, 3:28:11 PM
trevor(trevor) used a tk_ultra_health_potion 8-22-2020, 3:28:11 PM
trevor(trevor) used a health_drink 8-22-2020, 3:28:13 PM
trevor(trevor) used a health_drink 8-22-2020, 3:28:13 PM
trevor(trevor) used a health_drink 8-22-2020, 3:28:14 PM
trevor(trevor) used a health_drink 8-22-2020, 3:28:14 PM
trevor(trevor) used a health_drink 8-22-2020, 3:28:14 PM
trevor(trevor) used a health_drink 8-22-2020, 3:28:14 PM
trevor(trevor) used a health_drink 8-22-2020, 3:28:15 PM
trevor(trevor) used a health_drink 8-22-2020, 3:28:15 PM
trevor(trevor) used a awp 8-22-2020, 3:28:30 PM
trevor(trevor) used a tk_ultra_health_potion 8-22-2020, 3:28:49 PM
trevor(trevor) used a tk_ultra_health_potion 8-22-2020, 3:28:49 PM
trevor(trevor) used a tk_ultra_health_potion 8-22-2020, 3:28:49 PM
trevor(trevor) used a warp_box 8-22-2020, 3:28:58 PM
trevor(trevor) used a warp_box 8-22-2020, 3:28:59 PM
trevor(trevor) used a warp_box 8-22-2020, 3:28:59 PM
trevor(trevor) used a warp_box 8-22-2020, 3:29:01 PM
trevor(trevor) used a warp_box 8-22-2020, 3:29:01 PM
trevor(trevor) used a warp_box 8-22-2020, 3:29:02 PM
trevor(trevor) used a warp_box 8-22-2020, 3:29:02 PM
trevor(trevor) used a warp_box 8-22-2020, 3:29:20 PM
trevor(trevor) used a warp_box 8-22-2020, 3:29:44 PM
trevor(trevor) used a warp_box 8-22-2020, 3:30:20 PM
trevor(trevor) used a tk_ultra_health_potion 8-22-2020, 3:31:35 PM
trevor(trevor) used a tk_ultra_health_potion 8-22-2020, 3:31:35 PM
trevor(trevor) used a tk_ultra_health_potion 8-22-2020, 3:31:35 PM
trevor(trevor) used a tk_ultra_health_potion 8-22-2020, 3:31:35 PM
trevor(trevor) used a tk_ultra_health_potion 8-22-2020, 3:31:36 PM
trevor(trevor) used a health_drink 8-22-2020, 3:31:36 PM
trevor(trevor) used a health_drink 8-22-2020, 3:31:36 PM
trevor(trevor) used a health_drink 8-22-2020, 3:31:37 PM
trevor(trevor) used a tk_ultra_health_potion 8-22-2020, 3:31:47 PM
trevor(trevor) used a health_drink 8-22-2020, 3:31:48 PM
trevor(trevor) used a health_drink 8-22-2020, 3:31:48 PM
trevor(trevor) used a health_drink 8-22-2020, 3:31:48 PM
trevor(trevor) used a health_drink 8-22-2020, 3:31:49 PM
trevor(trevor) used a health_drink 8-22-2020, 3:31:49 PM
trevor(trevor) used a health_drink 8-22-2020, 3:31:52 PM
trevor(trevor) used a health_drink 8-22-2020, 3:31:52 PM
trevor(trevor) used a health_drink 8-22-2020, 3:31:52 PM
trevor(trevor) used a health_drink 8-22-2020, 3:31:53 PM
trevor(trevor) used a health_drink 8-22-2020, 3:32:08 PM
trevor(trevor) used a health_drink 8-22-2020, 3:32:08 PM
trevor(trevor) used a health_drink 8-22-2020, 3:32:09 PM
trevor(trevor) used a health_drink 8-22-2020, 3:32:55 PM
trevor(trevor) used a health_drink 8-22-2020, 3:32:55 PM
trevor(trevor) used a health_drink 8-22-2020, 3:32:55 PM
trevor(trevor) used a shield 8-22-2020, 3:33:29 PM
trevor(trevor) used a shield 8-22-2020, 3:33:29 PM
trevor(trevor) used a shield 8-22-2020, 3:33:29 PM
trevor(trevor) used a tk_ultra_health_potion 8-22-2020, 3:33:30 PM
trevor(trevor) used a tk_ultra_health_potion 8-22-2020, 3:33:30 PM
trevor(trevor) used a tk_ultra_health_potion 8-22-2020, 3:33:30 PM
trevor(trevor) used a health_drink 8-22-2020, 3:34:33 PM
trevor(trevor) used a health_drink 8-22-2020, 3:34:33 PM
trevor(trevor) used a health_drink 8-22-2020, 3:34:33 PM
trevor(trevor) used a health_drink 8-22-2020, 3:34:33 PM
trevor(trevor) used a warp_box 8-22-2020, 3:34:49 PM
trevor(trevor) used a warp_box 8-22-2020, 3:34:49 PM
trevor(trevor) used a warp_box 8-22-2020, 3:34:50 PM
trevor(trevor) used a warp_box 8-22-2020, 3:34:51 PM
trevor(trevor) used a warp_box 8-22-2020, 3:34:52 PM
trevor(trevor) used a warp_box 8-22-2020, 3:34:58 PM
trevor(trevor) used a shield 8-22-2020, 3:35:47 PM
trevor(trevor) used a shield 8-22-2020, 3:35:48 PM
trevor(trevor) used a shield 8-22-2020, 3:35:48 PM
trevor(trevor) used a shield 8-22-2020, 3:35:48 PM
trevor(trevor) used a tk_ultra_health_potion 8-22-2020, 3:35:49 PM
trevor(trevor) used a health_drink 8-22-2020, 3:35:50 PM
trevor(trevor) used a health_drink 8-22-2020, 3:35:50 PM
trevor(trevor) used a health_drink 8-22-2020, 3:35:50 PM
trevor(trevor) used a health_drink 8-22-2020, 3:35:50 PM
trevor(trevor) used a health_drink 8-22-2020, 3:35:51 PM
trevor(trevor) used a health_drink 8-22-2020, 3:35:51 PM
trevor(trevor) used a health_drink 8-22-2020, 3:35:51 PM
trevor(trevor) used a health_drink 8-22-2020, 3:35:52 PM
trevor(trevor) used a health_drink 8-22-2020, 3:36:08 PM
trevor(trevor) used a health_drink 8-22-2020, 3:36:08 PM
trevor(trevor) used a health_drink 8-22-2020, 3:36:08 PM
trevor(trevor) used a rocket_launcher 8-22-2020, 3:36:33 PM
trevor(trevor) used a shield 8-22-2020, 3:37:11 PM
trevor(trevor) used a shield 8-22-2020, 3:37:12 PM
trevor(trevor) used a shield 8-22-2020, 3:37:12 PM
trevor(trevor) used a shield 8-22-2020, 3:37:12 PM
trevor(trevor) used a tk_ultra_health_potion 8-22-2020, 3:37:13 PM
trevor(trevor) used a tk_ultra_health_potion 8-22-2020, 3:37:13 PM
trevor(trevor) used a health_drink 8-22-2020, 3:37:13 PM
trevor(trevor) used a health_drink 8-22-2020, 3:37:14 PM
trevor(trevor) used a health_drink 8-22-2020, 3:37:14 PM
trevor(trevor) used a health_drink 8-22-2020, 3:37:14 PM
trevor(trevor) used a tk_ultra_health_potion 8-22-2020, 3:39:05 PM
trevor(trevor) used a tk_ultra_health_potion 8-22-2020, 3:39:05 PM
trevor(trevor) used a tk_ultra_health_potion 8-22-2020, 3:39:05 PM
trevor(trevor) used a health_drink 8-22-2020, 3:39:19 PM
trevor(trevor) used a health_drink 8-22-2020, 3:39:19 PM
trevor(trevor) used a health_drink 8-22-2020, 3:39:19 PM
trevor(trevor) used a health_drink 8-22-2020, 3:39:19 PM
trevor(trevor) used a hand_cannon 8-22-2020, 3:39:23 PM
trevor(trevor) used a health_drink 8-22-2020, 3:39:35 PM
trevor(trevor) used a health_drink 8-22-2020, 3:39:35 PM
trevor(trevor) used a health_drink 8-22-2020, 3:39:36 PM
trevor(trevor) used a health_drink 8-22-2020, 3:39:36 PM
trevor(trevor) used a health_drink 8-22-2020, 3:39:36 PM
trevor(trevor) used a health_drink 8-22-2020, 3:39:37 PM
trevor(trevor) used a health_drink 8-22-2020, 3:39:37 PM
trevor(trevor) used a health_drink 8-22-2020, 3:39:37 PM
trevor(trevor) used a tk_ultra_health_potion 8-22-2020, 3:39:42 PM
trevor(trevor) used a tk_ultra_health_potion 8-22-2020, 3:39:42 PM
trevor(trevor) used a health_drink 8-22-2020, 3:39:43 PM
trevor(trevor) used a health_drink 8-22-2020, 3:39:43 PM
trevor(trevor) used a health_drink 8-22-2020, 3:39:43 PM
trevor(trevor) used a health_drink 8-22-2020, 3:39:43 PM
trevor(trevor) used a health_drink 8-22-2020, 3:39:44 PM
trevor(trevor) used a health_drink 8-22-2020, 3:39:44 PM
trevor(trevor) used a health_drink 8-22-2020, 3:39:48 PM
trevor(trevor) used a health_drink 8-22-2020, 3:39:48 PM
trevor(trevor) used a health_drink 8-22-2020, 3:39:49 PM
trevor(trevor) used a health_drink 8-22-2020, 3:39:49 PM
trevor(trevor) used a health_drink 8-22-2020, 3:39:49 PM
trevor(trevor) used a missile_interceptor 8-22-2020, 3:39:58 PM
trevor(trevor) used a concussive_grenade 8-22-2020, 3:39:59 PM
trevor(trevor) used a concussive_grenade 8-22-2020, 3:40:12 PM
trevor(trevor) used a concussive_grenade 8-22-2020, 3:40:22 PM
trevor(trevor) used a health_drink 8-22-2020, 3:40:26 PM
trevor(trevor) used a health_drink 8-22-2020, 3:40:26 PM
trevor(trevor) used a health_drink 8-22-2020, 3:40:27 PM
trevor(trevor) used a missile_interceptor 8-22-2020, 3:40:28 PM
trevor(trevor) used a armored_tank 8-22-2020, 3:40:35 PM
trevor(trevor) used a armored_tank 8-22-2020, 3:40:35 PM
trevor(trevor) used a armored_tank 8-22-2020, 3:40:36 PM
trevor(trevor) used a armored_tank 8-22-2020, 3:40:36 PM
trevor(trevor) used a shield 8-22-2020, 3:40:47 PM
trevor(trevor) used a shield 8-22-2020, 3:40:47 PM
trevor(trevor) used a shield 8-22-2020, 3:40:48 PM
trevor(trevor) used a tk_ultra_health_potion 8-22-2020, 3:40:48 PM
trevor(trevor) used a tk_ultra_health_potion 8-22-2020, 3:40:48 PM
trevor(trevor) used a tk_ultra_health_potion 8-22-2020, 3:40:49 PM
trevor(trevor) used a health_drink 8-22-2020, 3:41:05 PM
trevor(trevor) used a health_drink 8-22-2020, 3:41:05 PM
trevor(trevor) used a health_drink 8-22-2020, 3:41:05 PM
trevor(trevor) used a tk_ultra_health_potion 8-22-2020, 3:41:06 PM
trevor(trevor) used a tk_ultra_health_potion 8-22-2020, 3:41:06 PM
trevor(trevor) used a warp_box 8-22-2020, 3:41:17 PM
trevor(trevor) used a warp_box 8-22-2020, 3:41:17 PM
trevor(trevor) used a warp_box 8-22-2020, 3:41:18 PM
trevor(trevor) used a warp_box 8-22-2020, 3:41:18 PM
trevor(trevor) used a warp_box 8-22-2020, 3:41:18 PM
trevor(trevor) used a concussive_grenade 8-22-2020, 3:41:21 PM
trevor(trevor) used a concussive_grenade 8-22-2020, 3:41:21 PM
trevor(trevor) used a warp_box 8-22-2020, 3:41:24 PM
trevor(trevor) used a warp_box 8-22-2020, 3:41:27 PM
trevor(trevor) used a shield 8-22-2020, 3:42:04 PM
trevor(trevor) used a shield 8-22-2020, 3:42:05 PM
trevor(trevor) used a shield 8-22-2020, 3:42:05 PM
trevor(trevor) used a shield 8-22-2020, 3:42:05 PM
trevor(trevor) used a health_drink 8-22-2020, 3:42:06 PM
trevor(trevor) used a health_drink 8-22-2020, 3:42:06 PM
trevor(trevor) used a tk_ultra_health_potion 8-22-2020, 3:42:07 PM
trevor(trevor) used a tk_ultra_health_potion 8-22-2020, 3:42:07 PM
trevor(trevor) used a tk_ultra_health_potion 8-22-2020, 3:42:07 PM
trevor(trevor) used a tk_ultra_health_potion 8-22-2020, 3:42:22 PM
trevor(trevor) used a tk_ultra_health_potion 8-22-2020, 3:42:22 PM
trevor(trevor) used a tk_ultra_health_potion 8-22-2020, 3:42:22 PM
trevor(trevor) used a tk_ultra_health_potion 8-22-2020, 3:42:22 PM
trevor(trevor) used a tk_ultra_health_potion 8-22-2020, 3:42:23 PM
trevor(trevor) used a tk_ultra_health_potion 8-22-2020, 3:42:23 PM
trevor(trevor) used a tk_ultra_health_potion 8-22-2020, 3:42:23 PM
trevor(trevor) used a tk_ultra_health_potion 8-22-2020, 3:42:23 PM
trevor(trevor) used a tk_ultra_health_potion 8-22-2020, 3:42:24 PM
trevor(trevor) used a tk_ultra_health_potion 8-22-2020, 3:42:25 PM
trevor(trevor) used a tk_ultra_health_potion 8-22-2020, 3:42:25 PM
trevor(trevor) used a tk_ultra_health_potion 8-22-2020, 3:42:26 PM
trevor(trevor) used a warp_box 8-22-2020, 3:43:06 PM
trevor(trevor) used a shield 8-22-2020, 3:43:12 PM
trevor(trevor) used a shield 8-22-2020, 3:43:12 PM
trevor(trevor) used a health_drink 8-22-2020, 3:43:14 PM
trevor(trevor) used a health_drink 8-22-2020, 3:43:15 PM
trevor(trevor) used a tk_ultra_health_potion 8-22-2020, 3:43:16 PM
trevor(trevor) used a tk_ultra_health_potion 8-22-2020, 3:43:16 PM
trevor(trevor) used a concussive_grenade 8-22-2020, 3:43:21 PM
trevor(trevor) used a concussive_grenade 8-22-2020, 3:43:21 PM
trevor(trevor) used a warp_box 8-22-2020, 3:43:24 PM
trevor(trevor) used a warp_box 8-22-2020, 3:43:24 PM
trevor(trevor) used a warp_box 8-22-2020, 3:43:25 PM
trevor(trevor) used a warp_box 8-22-2020, 3:43:25 PM
trevor(trevor) used a warp_box 8-22-2020, 3:43:25 PM
trevor(trevor) used a tk_ultra_health_potion 8-22-2020, 3:43:26 PM
trevor(trevor) used a tk_ultra_health_potion 8-22-2020, 3:43:27 PM
trevor(trevor) used a tk_ultra_health_potion 8-22-2020, 3:43:27 PM
trevor(trevor) used a tk_ultra_health_potion 8-22-2020, 3:43:27 PM
trevor(trevor) used a tk_ultra_health_potion 8-22-2020, 3:43:28 PM
trevor(trevor) used a tk_ultra_health_potion 8-22-2020, 3:43:29 PM
trevor(trevor) used a tk_ultra_health_potion 8-22-2020, 3:43:29 PM
trevor(trevor) used a tk_ultra_health_potion 8-22-2020, 3:43:29 PM
trevor(trevor) used a tk_ultra_health_potion 8-22-2020, 3:43:30 PM
trevor(trevor) used a tk_ultra_health_potion 8-22-2020, 3:43:30 PM
trevor(trevor) used a tk_ultra_health_potion 8-22-2020, 3:43:31 PM
trevor(trevor) used a tk_ultra_health_potion 8-22-2020, 3:43:31 PM
trevor(trevor) used a warp_box 8-22-2020, 3:43:42 PM
trevor(trevor) used a tk_ultra_health_potion 8-22-2020, 3:44:06 PM
trevor(trevor) used a tk_ultra_health_potion 8-22-2020, 3:44:06 PM
trevor(trevor) used a tk_ultra_health_potion 8-22-2020, 3:44:06 PM
trevor(trevor) used a tk_ultra_health_potion 8-22-2020, 3:44:07 PM
trevor(trevor) used a tk_ultra_health_potion 8-22-2020, 3:44:07 PM
trevor(trevor) used a health_drink 8-22-2020, 3:44:07 PM
trevor(trevor) used a health_drink 8-22-2020, 3:44:07 PM
trevor(trevor) used a health_drink 8-22-2020, 3:44:08 PM
trevor(trevor) used a health_drink 8-22-2020, 3:44:08 PM
trevor(trevor) used a barricade_bomb 8-22-2020, 3:44:15 PM
trevor(trevor) used a tk_ultra_health_potion 8-22-2020, 3:44:34 PM
trevor(trevor) used a tk_ultra_health_potion 8-22-2020, 3:44:35 PM
trevor(trevor) used a tk_ultra_health_potion 8-22-2020, 3:44:35 PM
trevor(trevor) used a tk_ultra_health_potion 8-22-2020, 3:44:35 PM
trevor(trevor) used a health_drink 8-22-2020, 3:44:36 PM
trevor(trevor) used a health_drink 8-22-2020, 3:44:36 PM
trevor(trevor) used a mine 8-22-2020, 3:44:39 PM
trevor(trevor) used a mine 8-22-2020, 3:44:39 PM
trevor(trevor) used a mine 8-22-2020, 3:44:39 PM
trevor(trevor) used a mine 8-22-2020, 3:44:39 PM
trevor(trevor) used a mine 8-22-2020, 3:44:39 PM
trevor(trevor) used a mine 8-22-2020, 3:44:39 PM
trevor(trevor) used a mine 8-22-2020, 3:44:40 PM
trevor(trevor) used a mine 8-22-2020, 3:44:40 PM
trevor(trevor) used a mine 8-22-2020, 3:44:40 PM
trevor(trevor) used a mine 8-22-2020, 3:44:41 PM
trevor(trevor) used a mine 8-22-2020, 3:44:41 PM
trevor(trevor) used a mine 8-22-2020, 3:44:42 PM
trevor(trevor) used a mine 8-22-2020, 3:44:42 PM
trevor(trevor) used a mine 8-22-2020, 3:44:42 PM
trevor(trevor) used a mine 8-22-2020, 3:44:42 PM
trevor(trevor) used a mine 8-22-2020, 3:44:42 PM
trevor(trevor) used a mine 8-22-2020, 3:44:42 PM
trevor(trevor) used a mine 8-22-2020, 3:44:43 PM
trevor(trevor) used a mine 8-22-2020, 3:44:43 PM
trevor(trevor) used a mine 8-22-2020, 3:44:44 PM
trevor(trevor) used a mine 8-22-2020, 3:44:44 PM
trevor(trevor) used a mine 8-22-2020, 3:44:44 PM
trevor(trevor) used a mine 8-22-2020, 3:44:44 PM
trevor(trevor) used a mine 8-22-2020, 3:44:44 PM
trevor(trevor) used a mine 8-22-2020, 3:44:45 PM
trevor(trevor) used a mine 8-22-2020, 3:44:45 PM
trevor(trevor) used a mine 8-22-2020, 3:44:46 PM
trevor(trevor) used a mine 8-22-2020, 3:44:46 PM
trevor(trevor) used a mine 8-22-2020, 3:44:46 PM
trevor(trevor) used a mine 8-22-2020, 3:44:46 PM
trevor(trevor) used a mine 8-22-2020, 3:44:49 PM
trevor(trevor) used a mine 8-22-2020, 3:44:49 PM
trevor(trevor) used a mine 8-22-2020, 3:44:49 PM
trevor(trevor) used a mine 8-22-2020, 3:44:49 PM
trevor(trevor) used a mine 8-22-2020, 3:44:49 PM
trevor(trevor) used a mine 8-22-2020, 3:44:49 PM
trevor(trevor) used a mine 8-22-2020, 3:44:50 PM
trevor(trevor) used a mine 8-22-2020, 3:44:50 PM
trevor(trevor) used a mine 8-22-2020, 3:44:51 PM
trevor(trevor) used a mine 8-22-2020, 3:44:51 PM
trevor(trevor) used a mine 8-22-2020, 3:44:51 PM
trevor(trevor) used a mine 8-22-2020, 3:44:51 PM
trevor(trevor) used a mine 8-22-2020, 3:44:51 PM
trevor(trevor) used a mine 8-22-2020, 3:44:52 PM
trevor(trevor) used a mine 8-22-2020, 3:44:52 PM
trevor(trevor) used a mine 8-22-2020, 3:44:53 PM
trevor(trevor) used a mine 8-22-2020, 3:44:53 PM
trevor(trevor) used a mine 8-22-2020, 3:44:53 PM
trevor(trevor) used a mine 8-22-2020, 3:44:53 PM
trevor(trevor) used a mine 8-22-2020, 3:44:53 PM
trevor(trevor) used a mine 8-22-2020, 3:44:54 PM
trevor(trevor) used a mine 8-22-2020, 3:44:54 PM
trevor(trevor) used a mine 8-22-2020, 3:44:55 PM
trevor(trevor) used a mine 8-22-2020, 3:44:55 PM
trevor(trevor) used a mine 8-22-2020, 3:44:55 PM
trevor(trevor) used a mine 8-22-2020, 3:44:55 PM
trevor(trevor) used a mine 8-22-2020, 3:44:55 PM
trevor(trevor) used a mine 8-22-2020, 3:44:56 PM
trevor(trevor) used a mine 8-22-2020, 3:44:56 PM
trevor(trevor) used a mine 8-22-2020, 3:44:56 PM
trevor(trevor) used a mine 8-22-2020, 3:44:57 PM
trevor(trevor) used a mine 8-22-2020, 3:44:57 PM
trevor(trevor) used a mine 8-22-2020, 3:44:57 PM
trevor(trevor) used a mine 8-22-2020, 3:44:57 PM
trevor(trevor) used a mine 8-22-2020, 3:44:58 PM
trevor(trevor) used a mine 8-22-2020, 3:44:58 PM
trevor(trevor) used a mine 8-22-2020, 3:44:58 PM
trevor(trevor) used a mine 8-22-2020, 3:44:58 PM
trevor(trevor) used a mine 8-22-2020, 3:44:59 PM
trevor(trevor) used a mine 8-22-2020, 3:44:59 PM
trevor(trevor) used a mine 8-22-2020, 3:44:59 PM
trevor(trevor) used a mine 8-22-2020, 3:45:00 PM
trevor(trevor) used a mine 8-22-2020, 3:45:00 PM
trevor(trevor) used a mine 8-22-2020, 3:45:02 PM
trevor(trevor) used a mine 8-22-2020, 3:45:02 PM
trevor(trevor) used a mine 8-22-2020, 3:45:03 PM
trevor(trevor) used a mine 8-22-2020, 3:45:03 PM
trevor(trevor) used a mine 8-22-2020, 3:45:04 PM
trevor(trevor) used a mine 8-22-2020, 3:45:04 PM
trevor(trevor) used a mine 8-22-2020, 3:45:04 PM
trevor(trevor) used a mine 8-22-2020, 3:45:04 PM
trevor(trevor) used a mine 8-22-2020, 3:45:04 PM
trevor(trevor) used a mine 8-22-2020, 3:45:05 PM
trevor(trevor) used a mine 8-22-2020, 3:45:06 PM
trevor(trevor) used a mine 8-22-2020, 3:45:06 PM
trevor(trevor) used a mine 8-22-2020, 3:45:06 PM
trevor(trevor) used a mine 8-22-2020, 3:45:06 PM
trevor(trevor) used a mine 8-22-2020, 3:45:06 PM
trevor(trevor) used a mine 8-22-2020, 3:45:06 PM
trevor(trevor) used a mine 8-22-2020, 3:45:07 PM
trevor(trevor) used a mine 8-22-2020, 3:45:08 PM
trevor(trevor) used a mine 8-22-2020, 3:45:08 PM
trevor(trevor) used a mine 8-22-2020, 3:45:08 PM
trevor(trevor) used a mine 8-22-2020, 3:45:08 PM
trevor(trevor) used a mine 8-22-2020, 3:45:08 PM
trevor(trevor) used a mine 8-22-2020, 3:45:08 PM
trevor(trevor) used a mine 8-22-2020, 3:45:09 PM
trevor(trevor) used a mine 8-22-2020, 3:45:10 PM
trevor(trevor) used a mine 8-22-2020, 3:45:10 PM
trevor(trevor) used a mine 8-22-2020, 3:45:10 PM
trevor(trevor) used a mine 8-22-2020, 3:45:10 PM
trevor(trevor) used a mine 8-22-2020, 3:45:11 PM
trevor(trevor) used a mine 8-22-2020, 3:45:11 PM
trevor(trevor) used a mine 8-22-2020, 3:45:11 PM
trevor(trevor) used a mine 8-22-2020, 3:45:12 PM
trevor(trevor) used a mine 8-22-2020, 3:45:12 PM
trevor(trevor) used a mine 8-22-2020, 3:45:12 PM
trevor(trevor) used a mine 8-22-2020, 3:45:13 PM
trevor(trevor) used a mine 8-22-2020, 3:45:13 PM
trevor(trevor) used a mine 8-22-2020, 3:45:13 PM
trevor(trevor) used a mine 8-22-2020, 3:45:13 PM
trevor(trevor) used a mine 8-22-2020, 3:45:15 PM
trevor(trevor) used a mine 8-22-2020, 3:45:15 PM
trevor(trevor) used a mine 8-22-2020, 3:45:15 PM
trevor(trevor) used a mine 8-22-2020, 3:45:15 PM
trevor(trevor) used a mine 8-22-2020, 3:45:15 PM
trevor(trevor) used a mine 8-22-2020, 3:45:15 PM
trevor(trevor) used a mine 8-22-2020, 3:45:18 PM
trevor(trevor) used a mine 8-22-2020, 3:45:18 PM
trevor(trevor) used a mine 8-22-2020, 3:45:18 PM
trevor(trevor) used a mine 8-22-2020, 3:45:18 PM
trevor(trevor) used a mine 8-22-2020, 3:45:18 PM
trevor(trevor) used a mine 8-22-2020, 3:45:19 PM
trevor(trevor) used a mine 8-22-2020, 3:45:20 PM
trevor(trevor) used a mine 8-22-2020, 3:45:20 PM
trevor(trevor) used a mine 8-22-2020, 3:45:20 PM
trevor(trevor) used a mine 8-22-2020, 3:45:20 PM
trevor(trevor) used a mine 8-22-2020, 3:45:20 PM
trevor(trevor) used a mine 8-22-2020, 3:45:20 PM
trevor(trevor) used a mine 8-22-2020, 3:45:21 PM
trevor(trevor) used a mine 8-22-2020, 3:45:22 PM
trevor(trevor) used a mine 8-22-2020, 3:45:22 PM
trevor(trevor) used a mine 8-22-2020, 3:45:22 PM
trevor(trevor) used a mine 8-22-2020, 3:45:22 PM
trevor(trevor) used a mine 8-22-2020, 3:45:22 PM
trevor(trevor) used a mine 8-22-2020, 3:45:23 PM
trevor(trevor) used a mine 8-22-2020, 3:45:23 PM
trevor(trevor) used a mine 8-22-2020, 3:45:23 PM
trevor(trevor) used a mine 8-22-2020, 3:45:24 PM
trevor(trevor) used a mine 8-22-2020, 3:45:24 PM
trevor(trevor) used a mine 8-22-2020, 3:45:24 PM
trevor(trevor) used a mine 8-22-2020, 3:45:25 PM
trevor(trevor) used a mine 8-22-2020, 3:45:25 PM
trevor(trevor) used a mine 8-22-2020, 3:45:25 PM
trevor(trevor) used a mine 8-22-2020, 3:45:25 PM
trevor(trevor) used a mine 8-22-2020, 3:45:26 PM
trevor(trevor) used a mine 8-22-2020, 3:45:26 PM
trevor(trevor) used a mine 8-22-2020, 3:45:27 PM
trevor(trevor) used a mine 8-22-2020, 3:45:27 PM
trevor(trevor) used a mine 8-22-2020, 3:45:27 PM
trevor(trevor) used a mine 8-22-2020, 3:45:27 PM
trevor(trevor) used a mine 8-22-2020, 3:45:28 PM
trevor(trevor) used a mine 8-22-2020, 3:45:28 PM
trevor(trevor) used a mine 8-22-2020, 3:45:28 PM
trevor(trevor) used a mine 8-22-2020, 3:45:29 PM
trevor(trevor) used a mine 8-22-2020, 3:45:29 PM
trevor(trevor) used a mine 8-22-2020, 3:45:29 PM
trevor(trevor) used a mine 8-22-2020, 3:45:30 PM
trevor(trevor) used a mine 8-22-2020, 3:45:30 PM
trevor(trevor) used a mine 8-22-2020, 3:45:30 PM
trevor(trevor) used a mine 8-22-2020, 3:45:30 PM
trevor(trevor) used a mine 8-22-2020, 3:45:31 PM
trevor(trevor) used a mine 8-22-2020, 3:45:32 PM
trevor(trevor) used a mine 8-22-2020, 3:45:32 PM
trevor(trevor) used a mine 8-22-2020, 3:45:32 PM
trevor(trevor) used a mine 8-22-2020, 3:45:32 PM
trevor(trevor) used a mine 8-22-2020, 3:45:32 PM
trevor(trevor) used a mine 8-22-2020, 3:45:33 PM
trevor(trevor) used a mine 8-22-2020, 3:45:34 PM
trevor(trevor) used a mine 8-22-2020, 3:45:34 PM
trevor(trevor) used a mine 8-22-2020, 3:45:34 PM
trevor(trevor) used a mine 8-22-2020, 3:45:34 PM
trevor(trevor) used a mine 8-22-2020, 3:45:34 PM
trevor(trevor) used a mine 8-22-2020, 3:45:35 PM
trevor(trevor) used a mine 8-22-2020, 3:45:36 PM
trevor(trevor) used a mine 8-22-2020, 3:45:36 PM
trevor(trevor) used a mine 8-22-2020, 3:45:36 PM
trevor(trevor) used a mine 8-22-2020, 3:45:36 PM
trevor(trevor) used a mine 8-22-2020, 3:45:36 PM
trevor(trevor) used a mine 8-22-2020, 3:45:36 PM
trevor(trevor) used a mine 8-22-2020, 3:45:37 PM
trevor(trevor) used a wirebomb 8-22-2020, 3:45:40 PM
trevor(trevor) used a wirebomb 8-22-2020, 3:45:40 PM
trevor(trevor) used a wirebomb 8-22-2020, 3:45:41 PM
trevor(trevor) used a wirebomb 8-22-2020, 3:45:43 PM
trevor(trevor) used a wirebomb 8-22-2020, 3:45:44 PM
trevor(trevor) used a wirebomb 8-22-2020, 3:45:44 PM
trevor(trevor) used a wirebomb 8-22-2020, 3:45:44 PM
trevor(trevor) used a wirebomb 8-22-2020, 3:45:44 PM
trevor(trevor) used a shield 8-22-2020, 3:46:28 PM
trevor(trevor) used a shield 8-22-2020, 3:46:28 PM
trevor(trevor) used a shield 8-22-2020, 3:46:28 PM
trevor(trevor) used a tk_ultra_health_potion 8-22-2020, 3:46:31 PM
trevor(trevor) used a tk_ultra_health_potion 8-22-2020, 3:46:31 PM
trevor(trevor) used a warp_box 8-22-2020, 3:47:10 PM
trevor(trevor) used a tk_ultra_health_potion 8-22-2020, 3:47:25 PM
trevor(trevor) used a tk_ultra_health_potion 8-22-2020, 3:47:25 PM
trevor(trevor) used a tk_ultra_health_potion 8-22-2020, 3:47:26 PM
trevor(trevor) used a health_drink 8-22-2020, 3:47:39 PM
trevor(trevor) used a health_drink 8-22-2020, 3:47:40 PM
trevor(trevor) used a health_drink 8-22-2020, 3:47:40 PM
trevor(trevor) used a health_drink 8-22-2020, 3:47:40 PM
trevor(trevor) used a missile_interceptor 8-22-2020, 3:47:40 PM
trevor(trevor) used a missile_interceptor 8-22-2020, 3:47:41 PM
trevor(trevor) used a health_drink 8-22-2020, 3:47:43 PM
trevor(trevor) used a health_drink 8-22-2020, 3:47:43 PM
trevor(trevor) used a health_drink 8-22-2020, 3:47:43 PM
trevor(trevor) used a health_drink 8-22-2020, 3:47:44 PM
trevor(trevor) used a health_drink 8-22-2020, 3:47:44 PM
trevor(trevor) used a health_drink 8-22-2020, 3:47:44 PM
trevor(trevor) used a health_drink 8-22-2020, 3:47:44 PM
trevor(trevor) used a health_drink 8-22-2020, 3:47:44 PM
trevor(trevor) used a missile_interceptor 8-22-2020, 3:47:59 PM
trevor(trevor) used a missile_interceptor 8-22-2020, 3:47:59 PM
trevor(trevor) used a missile_interceptor 8-22-2020, 3:48:00 PM
trevor(trevor) used a carrier_missile 8-22-2020, 3:48:43 PM
trevor(trevor) used a missile_interceptor 8-22-2020, 3:49:13 PM
trevor(trevor) used a missile_interceptor 8-22-2020, 3:49:14 PM
trevor(trevor) used a health_drink 8-22-2020, 3:49:14 PM
trevor(trevor) used a tk_ultra_health_potion 8-22-2020, 3:49:15 PM
trevor(trevor) used a tk_ultra_health_potion 8-22-2020, 3:49:15 PM
trevor(trevor) used a tk_ultra_health_potion 8-22-2020, 3:49:15 PM
trevor(trevor) used a tk_ultra_health_potion 8-22-2020, 3:49:16 PM
trevor(trevor) used a tk_ultra_health_potion 8-22-2020, 3:49:16 PM
trevor(trevor) used a carrier_missile 8-22-2020, 3:49:31 PM
trevor(trevor) used a shield 8-22-2020, 3:49:44 PM
trevor(trevor) used a shield 8-22-2020, 3:49:44 PM
trevor(trevor) used a shield 8-22-2020, 3:49:44 PM
trevor(trevor) used a shield 8-22-2020, 3:49:44 PM
trevor(trevor) used a shield 8-22-2020, 3:49:45 PM
trevor(trevor) used a shield 8-22-2020, 3:49:45 PM
trevor(trevor) used a shield 8-22-2020, 3:49:45 PM
trevor(trevor) used a tk_ultra_health_potion 8-22-2020, 3:49:45 PM
trevor(trevor) used a tk_ultra_health_potion 8-22-2020, 3:49:46 PM
trevor(trevor) used a tk_ultra_health_potion 8-22-2020, 3:49:46 PM
trevor(trevor) used a shield 8-22-2020, 3:50:07 PM
trevor(trevor) used a shield 8-22-2020, 3:50:07 PM
trevor(trevor) used a shield 8-22-2020, 3:50:07 PM
trevor(trevor) used a shield 8-22-2020, 3:50:07 PM
trevor(trevor) used a shield 8-22-2020, 3:50:07 PM
trevor(trevor) used a shield 8-22-2020, 3:50:08 PM
trevor(trevor) used a shield 8-22-2020, 3:50:08 PM
trevor(trevor) used a shield 8-22-2020, 3:50:08 PM
trevor(trevor) used a shield 8-22-2020, 3:50:08 PM
trevor(trevor) used a shield 8-22-2020, 3:50:09 PM
trevor(trevor) used a tk_ultra_health_potion 8-22-2020, 3:50:17 PM
trevor(trevor) used a tk_ultra_health_potion 8-22-2020, 3:50:17 PM
trevor(trevor) used a tk_ultra_health_potion 8-22-2020, 3:50:17 PM
trevor(trevor) used a tk_ultra_health_potion 8-22-2020, 3:51:36 PM
trevor(trevor) used a tk_ultra_health_potion 8-22-2020, 3:51:37 PM
trevor(trevor) used a tk_ultra_health_potion 8-22-2020, 3:51:37 PM
trevor(trevor) used a concussive_grenade 8-22-2020, 3:52:36 PM
trevor(trevor) used a concussive_grenade 8-22-2020, 3:52:37 PM
trevor(trevor) used a hand_grenade 8-22-2020, 3:53:18 PM
trevor(trevor) used a hand_grenade 8-22-2020, 3:53:18 PM
trevor(trevor) used a hand_grenade 8-22-2020, 3:53:18 PM
trevor(trevor) used a hand_grenade 8-22-2020, 3:53:19 PM
trevor(trevor) used a hand_grenade 8-22-2020, 3:53:19 PM
trevor(trevor) used a hand_grenade 8-22-2020, 3:53:19 PM
trevor(trevor) used a hand_grenade 8-22-2020, 3:53:19 PM
trevor(trevor) used a hand_grenade 8-22-2020, 3:53:19 PM
trevor(trevor) used a hand_grenade 8-22-2020, 3:53:19 PM
trevor(trevor) used a hand_grenade 8-22-2020, 3:53:19 PM
trevor(trevor) used a hand_grenade 8-22-2020, 3:53:20 PM
trevor(trevor) used a hand_grenade 8-22-2020, 3:53:20 PM
trevor(trevor) used a hand_grenade 8-22-2020, 3:53:20 PM
trevor(trevor) used a hand_grenade 8-22-2020, 3:53:20 PM
trevor(trevor) used a hand_grenade 8-22-2020, 3:53:20 PM
trevor(trevor) used a hand_grenade 8-22-2020, 3:53:20 PM
trevor(trevor) used a hand_grenade 8-22-2020, 3:53:20 PM
trevor(trevor) used a hand_grenade 8-22-2020, 3:53:21 PM
trevor(trevor) used a hand_grenade 8-22-2020, 3:53:21 PM
trevor(trevor) used a hand_grenade 8-22-2020, 3:53:44 PM
trevor(trevor) used a hand_grenade 8-22-2020, 3:53:44 PM
trevor(trevor) used a hand_grenade 8-22-2020, 3:53:45 PM
trevor(trevor) used a hand_grenade 8-22-2020, 3:53:45 PM
trevor(trevor) used a hand_grenade 8-22-2020, 3:53:45 PM
trevor(trevor) used a hand_grenade 8-22-2020, 3:53:45 PM
trevor(trevor) used a hand_grenade 8-22-2020, 3:53:45 PM
trevor(trevor) used a hand_grenade 8-22-2020, 3:53:51 PM
trevor(trevor) used a hand_grenade 8-22-2020, 3:53:52 PM
trevor(trevor) used a hand_grenade 8-22-2020, 3:53:52 PM
trevor(trevor) used a hand_grenade 8-22-2020, 3:53:52 PM
trevor(trevor) used a hand_grenade 8-22-2020, 3:53:52 PM
trevor(trevor) used a hand_grenade 8-22-2020, 3:53:52 PM
trevor(trevor) used a hand_grenade 8-22-2020, 3:53:52 PM
trevor(trevor) used a hand_grenade 8-22-2020, 3:53:52 PM
trevor(trevor) used a hand_grenade 8-22-2020, 3:53:53 PM
trevor(trevor) used a hand_grenade 8-22-2020, 3:53:53 PM
trevor(trevor) used a hand_grenade 8-22-2020, 3:53:53 PM
trevor(trevor) used a hand_grenade 8-22-2020, 3:53:54 PM
trevor(trevor) used a hand_grenade 8-22-2020, 3:53:54 PM
trevor(trevor) used a hand_grenade 8-22-2020, 3:53:54 PM
trevor(trevor) used a hand_grenade 8-22-2020, 3:53:54 PM
trevor(trevor) used a hand_grenade 8-22-2020, 3:54:03 PM
trevor(trevor) used a hand_grenade 8-22-2020, 3:54:03 PM
trevor(trevor) used a hand_grenade 8-22-2020, 3:54:03 PM
trevor(trevor) used a hand_grenade 8-22-2020, 3:54:03 PM
trevor(trevor) used a hand_grenade 8-22-2020, 3:54:03 PM
trevor(trevor) used a hand_grenade 8-22-2020, 3:54:03 PM
trevor(trevor) used a hand_grenade 8-22-2020, 3:54:03 PM
trevor(trevor) used a hand_grenade 8-22-2020, 3:54:04 PM
trevor(trevor) used a hand_grenade 8-22-2020, 3:54:04 PM
trevor(trevor) used a hand_grenade 8-22-2020, 3:54:04 PM
trevor(trevor) used a hand_grenade 8-22-2020, 3:54:04 PM
trevor(trevor) used a hand_grenade 8-22-2020, 3:54:04 PM
trevor(trevor) used a hand_grenade 8-22-2020, 3:54:04 PM
trevor(trevor) used a hand_grenade 8-22-2020, 3:54:04 PM
trevor(trevor) used a hand_grenade 8-22-2020, 3:54:04 PM
trevor(trevor) used a hand_grenade 8-22-2020, 3:54:05 PM
trevor(trevor) used a hand_grenade 8-22-2020, 3:54:05 PM
trevor(trevor) used a hand_grenade 8-22-2020, 3:54:05 PM
trevor(trevor) used a hand_grenade 8-22-2020, 3:54:05 PM
trevor(trevor) used a hand_grenade 8-22-2020, 3:54:05 PM
trevor(trevor) used a hand_grenade 8-22-2020, 3:54:05 PM
trevor(trevor) used a hand_grenade 8-22-2020, 3:54:05 PM
trevor(trevor) used a hand_grenade 8-22-2020, 3:54:05 PM
trevor(trevor) used a hand_grenade 8-22-2020, 3:54:06 PM
trevor(trevor) used a hand_grenade 8-22-2020, 3:54:06 PM
trevor(trevor) used a hand_grenade 8-22-2020, 3:54:06 PM
trevor(trevor) used a hand_grenade 8-22-2020, 3:54:06 PM
trevor(trevor) used a hand_grenade 8-22-2020, 3:54:06 PM
trevor(trevor) used a hand_grenade 8-22-2020, 3:54:06 PM
trevor(trevor) used a hand_grenade 8-22-2020, 3:54:06 PM
trevor(trevor) used a hand_grenade 8-22-2020, 3:54:06 PM
trevor(trevor) used a hand_grenade 8-22-2020, 3:54:07 PM
trevor(trevor) used a hand_grenade 8-22-2020, 3:54:07 PM
trevor(trevor) used a hand_grenade 8-22-2020, 3:54:07 PM
trevor(trevor) used a hand_grenade 8-22-2020, 3:54:07 PM
trevor(trevor) used a hand_grenade 8-22-2020, 3:54:07 PM
trevor(trevor) used a hand_grenade 8-22-2020, 3:54:07 PM
trevor(trevor) used a hand_grenade 8-22-2020, 3:54:07 PM
trevor(trevor) used a hand_grenade 8-22-2020, 3:54:38 PM
trevor(trevor) used a hand_grenade 8-22-2020, 3:54:38 PM
trevor(trevor) used a hand_grenade 8-22-2020, 3:54:38 PM
trevor(trevor) used a hand_grenade 8-22-2020, 3:54:38 PM
trevor(trevor) used a hand_grenade 8-22-2020, 3:54:39 PM
trevor(trevor) used a hand_grenade 8-22-2020, 3:54:39 PM
trevor(trevor) used a hand_grenade 8-22-2020, 3:54:39 PM
trevor(trevor) used a hand_grenade 8-22-2020, 3:54:39 PM
trevor(trevor) used a hand_grenade 8-22-2020, 3:54:40 PM
trevor(trevor) used a hand_grenade 8-22-2020, 3:54:40 PM
trevor(trevor) used a hand_grenade 8-22-2020, 3:54:40 PM
trevor(trevor) used a hand_grenade 8-22-2020, 3:54:40 PM
trevor(trevor) used a hand_grenade 8-22-2020, 3:54:41 PM
trevor(trevor) used a hand_grenade 8-22-2020, 3:54:41 PM
trevor(trevor) used a hand_grenade 8-22-2020, 3:54:41 PM
trevor(trevor) used a hand_grenade 8-22-2020, 3:54:41 PM
trevor(trevor) used a hand_grenade 8-22-2020, 3:54:41 PM
trevor(trevor) used a hand_grenade 8-22-2020, 3:54:41 PM
trevor(trevor) used a hand_grenade 8-22-2020, 3:54:46 PM
trevor(trevor) used a hand_grenade 8-22-2020, 3:54:47 PM
trevor(trevor) used a hand_grenade 8-22-2020, 3:54:47 PM
trevor(trevor) used a hand_grenade 8-22-2020, 3:54:47 PM
trevor(trevor) used a hand_grenade 8-22-2020, 3:54:47 PM
trevor(trevor) used a hand_grenade 8-22-2020, 3:54:47 PM
trevor(trevor) used a hand_grenade 8-22-2020, 3:54:48 PM
trevor(trevor) used a hand_grenade 8-22-2020, 3:54:48 PM
trevor(trevor) used a hand_grenade 8-22-2020, 3:54:48 PM
trevor(trevor) used a hand_grenade 8-22-2020, 3:54:48 PM
trevor(trevor) used a hand_grenade 8-22-2020, 3:54:49 PM
trevor(trevor) used a hand_grenade 8-22-2020, 3:54:49 PM
trevor(trevor) used a hand_grenade 8-22-2020, 3:54:49 PM
trevor(trevor) used a hand_grenade 8-22-2020, 3:54:49 PM
trevor(trevor) used a hand_grenade 8-22-2020, 3:54:49 PM
trevor(trevor) used a hand_grenade 8-22-2020, 3:54:49 PM
trevor(trevor) used a hand_grenade 8-22-2020, 3:54:50 PM
trevor(trevor) used a hand_grenade 8-22-2020, 3:54:50 PM
trevor(trevor) used a hand_grenade 8-22-2020, 3:54:50 PM
trevor(trevor) used a hand_grenade 8-22-2020, 3:54:50 PM
trevor(trevor) used a hand_grenade 8-22-2020, 3:54:50 PM
trevor(trevor) used a hand_grenade 8-22-2020, 3:54:50 PM
trevor(trevor) used a hand_grenade 8-22-2020, 3:55:02 PM
trevor(trevor) used a missile_interceptor 8-22-2020, 3:55:04 PM
trevor(trevor) used a missile_interceptor 8-22-2020, 3:55:04 PM
trevor(trevor) used a missile_interceptor 8-22-2020, 3:55:05 PM
trevor(trevor) used a missile_interceptor 8-22-2020, 3:55:06 PM
trevor(trevor) used a hand_grenade 8-22-2020, 3:55:06 PM
trevor(trevor) used a shield 8-22-2020, 3:55:20 PM
trevor(trevor) used a shield 8-22-2020, 3:55:20 PM
trevor(trevor) used a shield 8-22-2020, 3:55:20 PM
trevor(trevor) used a shield 8-22-2020, 3:55:21 PM
trevor(trevor) used a shield 8-22-2020, 3:55:21 PM
trevor(trevor) used a shield 8-22-2020, 3:55:21 PM
trevor(trevor) used a shield 8-22-2020, 3:55:21 PM
trevor(trevor) used a shield 8-22-2020, 3:55:22 PM
trevor(trevor) used a tk_ultra_health_potion 8-22-2020, 3:55:22 PM
trevor(trevor) used a tk_ultra_health_potion 8-22-2020, 3:55:22 PM
trevor(trevor) used a tk_ultra_health_potion 8-22-2020, 3:55:22 PM
trevor(trevor) used a tk_ultra_health_potion 8-22-2020, 3:55:23 PM
trevor(trevor) used a bomb_defuser 8-22-2020, 3:55:45 PM
trevor(trevor) used a warp_box 8-22-2020, 3:55:48 PM
trevor(trevor) used a concussive_grenade 8-22-2020, 3:57:05 PM
trevor(trevor) used a warp_box 8-22-2020, 3:57:16 PM
trevor(trevor) used a concussive_grenade 8-22-2020, 3:58:43 PM
trevor(trevor) used a hand_cannon 8-22-2020, 3:59:01 PM
trevor(trevor) used a tk_ultra_health_potion 8-22-2020, 3:59:10 PM
trevor(trevor) used a tk_ultra_health_potion 8-22-2020, 3:59:10 PM
trevor(trevor) used a tk_ultra_health_potion 8-22-2020, 3:59:10 PM
trevor(trevor) used a shield 8-22-2020, 4:00:03 PM
trevor(trevor) used a shield 8-22-2020, 4:00:04 PM
trevor(trevor) used a shield 8-22-2020, 4:00:04 PM
trevor(trevor) used a shield 8-22-2020, 4:00:04 PM
trevor(trevor) used a shield 8-22-2020, 4:00:04 PM
trevor(trevor) used a shield 8-22-2020, 4:00:04 PM
trevor(trevor) used a shield 8-22-2020, 4:00:05 PM
trevor(trevor) used a shield 8-22-2020, 4:00:05 PM
trevor(trevor) used a shield 8-22-2020, 4:00:05 PM
trevor(trevor) used a shield 8-22-2020, 4:00:05 PM
trevor(trevor) used a shield 8-22-2020, 4:00:05 PM
trevor(trevor) used a shield 8-22-2020, 4:00:05 PM
trevor(trevor) used a shield 8-22-2020, 4:00:06 PM
trevor(trevor) used a shield 8-22-2020, 4:00:06 PM
trevor(trevor) used a shield 8-22-2020, 4:00:06 PM
trevor(trevor) used a shield 8-22-2020, 4:00:06 PM
trevor(trevor) used a shield 8-22-2020, 4:00:06 PM
trevor(trevor) used a shield 8-22-2020, 4:00:07 PM
trevor(trevor) used a shield 8-22-2020, 4:00:07 PM
trevor(trevor) used a shield 8-22-2020, 4:00:07 PM
trevor(trevor) used a shield 8-22-2020, 4:00:07 PM
trevor(trevor) used a shield 8-22-2020, 4:00:07 PM
trevor(trevor) used a shield 8-22-2020, 4:00:07 PM
trevor(trevor) used a shield 8-22-2020, 4:00:07 PM
trevor(trevor) used a shield 8-22-2020, 4:00:08 PM
trevor(trevor) used a shield 8-22-2020, 4:00:08 PM
trevor(trevor) used a shield 8-22-2020, 4:00:08 PM
trevor(trevor) used a shield 8-22-2020, 4:00:08 PM
trevor(trevor) used a shield 8-22-2020, 4:00:09 PM
trevor(trevor) used a shield 8-22-2020, 4:00:09 PM
trevor(trevor) used a tk_ultra_health_potion 8-22-2020, 4:00:18 PM
trevor(trevor) used a tk_ultra_health_potion 8-22-2020, 4:00:18 PM
trevor(trevor) used a tk_ultra_health_potion 8-22-2020, 4:00:18 PM
trevor(trevor) used a health_drink 8-22-2020, 4:00:18 PM
trevor(trevor) used a carrier_missile 8-22-2020, 4:01:08 PM
trevor(trevor) used a concussive_grenade 8-22-2020, 4:01:54 PM
trevor(trevor) used a stp429_mini_missile 8-22-2020, 4:02:07 PM
trevor(trevor) used a stp429_mini_missile 8-22-2020, 4:02:07 PM
trevor(trevor) used a stp429_mini_missile 8-22-2020, 4:02:07 PM
trevor(trevor) used a stp429_mini_missile 8-22-2020, 4:02:07 PM
trevor(trevor) used a stp429_mini_missile 8-22-2020, 4:02:07 PM
trevor(trevor) used a stp429_mini_missile 8-22-2020, 4:02:07 PM
trevor(trevor) used a stp429_mini_missile 8-22-2020, 4:02:07 PM
trevor(trevor) used a stp429_mini_missile 8-22-2020, 4:02:08 PM
trevor(trevor) used a stp429_mini_missile 8-22-2020, 4:02:08 PM
trevor(trevor) used a stp429_mini_missile 8-22-2020, 4:02:08 PM
trevor(trevor) used a stp429_mini_missile 8-22-2020, 4:02:08 PM
trevor(trevor) used a stp429_mini_missile 8-22-2020, 4:02:08 PM
trevor(trevor) used a stp429_mini_missile 8-22-2020, 4:02:08 PM
trevor(trevor) used a stp429_mini_missile 8-22-2020, 4:02:08 PM
trevor(trevor) used a stp429_mini_missile 8-22-2020, 4:02:08 PM
trevor(trevor) used a stp429_mini_missile 8-22-2020, 4:02:09 PM
trevor(trevor) used a stp429_mini_missile 8-22-2020, 4:02:09 PM
trevor(trevor) used a stp429_mini_missile 8-22-2020, 4:02:09 PM
trevor(trevor) used a stp429_mini_missile 8-22-2020, 4:02:09 PM
trevor(trevor) used a stp429_mini_missile 8-22-2020, 4:02:09 PM
trevor(trevor) used a stp429_mini_missile 8-22-2020, 4:02:09 PM
trevor(trevor) used a stp429_mini_missile 8-22-2020, 4:02:09 PM
trevor(trevor) used a stp429_mini_missile 8-22-2020, 4:02:09 PM
trevor(trevor) used a stp429_mini_missile 8-22-2020, 4:02:10 PM
trevor(trevor) used a stp429_mini_missile 8-22-2020, 4:02:10 PM
trevor(trevor) used a stp429_mini_missile 8-22-2020, 4:02:10 PM
trevor(trevor) used a stp429_mini_missile 8-22-2020, 4:02:10 PM
trevor(trevor) used a stp429_mini_missile 8-22-2020, 4:02:10 PM
trevor(trevor) used a stp429_mini_missile 8-22-2020, 4:02:10 PM
trevor(trevor) used a stp429_mini_missile 8-22-2020, 4:02:10 PM
trevor(trevor) used a stp429_mini_missile 8-22-2020, 4:02:10 PM
trevor(trevor) used a stp429_mini_missile 8-22-2020, 4:02:11 PM
trevor(trevor) used a stp429_mini_missile 8-22-2020, 4:02:11 PM
trevor(trevor) used a stp429_mini_missile 8-22-2020, 4:02:11 PM
trevor(trevor) used a stp429_mini_missile 8-22-2020, 4:02:11 PM
trevor(trevor) used a stp429_mini_missile 8-22-2020, 4:02:11 PM
trevor(trevor) used a stp429_mini_missile 8-22-2020, 4:02:11 PM
trevor(trevor) used a stp429_mini_missile 8-22-2020, 4:02:11 PM
trevor(trevor) used a stp429_mini_missile 8-22-2020, 4:02:12 PM
trevor(trevor) used a stp429_mini_missile 8-22-2020, 4:02:12 PM
trevor(trevor) used a stp429_mini_missile 8-22-2020, 4:02:12 PM
trevor(trevor) used a stp429_mini_missile 8-22-2020, 4:02:14 PM
trevor(trevor) used a stp429_mini_missile 8-22-2020, 4:02:14 PM
trevor(trevor) used a stp429_mini_missile 8-22-2020, 4:02:14 PM
trevor(trevor) used a stp429_mini_missile 8-22-2020, 4:02:14 PM
trevor(trevor) used a concussive_grenade 8-22-2020, 4:02:15 PM
trevor(trevor) used a missile_interceptor 8-22-2020, 4:02:16 PM
trevor(trevor) used a stp429_mini_missile 8-22-2020, 4:02:18 PM
trevor(trevor) used a stp429_mini_missile 8-22-2020, 4:02:18 PM
trevor(trevor) used a stp429_mini_missile 8-22-2020, 4:02:18 PM
trevor(trevor) used a stp429_mini_missile 8-22-2020, 4:02:18 PM
trevor(trevor) used a stp429_mini_missile 8-22-2020, 4:02:18 PM
trevor(trevor) used a stp429_mini_missile 8-22-2020, 4:02:18 PM
trevor(trevor) used a stp429_mini_missile 8-22-2020, 4:02:19 PM
trevor(trevor) used a stp429_mini_missile 8-22-2020, 4:02:19 PM
trevor(trevor) used a stp429_mini_missile 8-22-2020, 4:02:19 PM
trevor(trevor) used a stp429_mini_missile 8-22-2020, 4:02:19 PM
trevor(trevor) used a stp429_mini_missile 8-22-2020, 4:02:19 PM
trevor(trevor) used a stp429_mini_missile 8-22-2020, 4:02:19 PM
trevor(trevor) used a stp429_mini_missile 8-22-2020, 4:02:19 PM
trevor(trevor) used a stp429_mini_missile 8-22-2020, 4:02:19 PM
trevor(trevor) used a stp429_mini_missile 8-22-2020, 4:02:20 PM
trevor(trevor) used a stp429_mini_missile 8-22-2020, 4:02:20 PM
trevor(trevor) used a stp429_mini_missile 8-22-2020, 4:02:20 PM
trevor(trevor) used a stp429_mini_missile 8-22-2020, 4:02:20 PM
trevor(trevor) used a stp429_mini_missile 8-22-2020, 4:02:20 PM
trevor(trevor) used a stp429_mini_missile 8-22-2020, 4:02:20 PM
trevor(trevor) used a stp429_mini_missile 8-22-2020, 4:02:20 PM
trevor(trevor) used a stp429_mini_missile 8-22-2020, 4:02:21 PM
trevor(trevor) used a stp429_mini_missile 8-22-2020, 4:02:21 PM
trevor(trevor) used a stp429_mini_missile 8-22-2020, 4:02:21 PM
trevor(trevor) used a stp429_mini_missile 8-22-2020, 4:02:21 PM
trevor(trevor) used a stp429_mini_missile 8-22-2020, 4:02:21 PM
trevor(trevor) used a stp429_mini_missile 8-22-2020, 4:02:21 PM
trevor(trevor) used a stp429_mini_missile 8-22-2020, 4:02:21 PM
trevor(trevor) used a stp429_mini_missile 8-22-2020, 4:02:21 PM
trevor(trevor) used a stp429_mini_missile 8-22-2020, 4:02:21 PM
trevor(trevor) used a stp429_mini_missile 8-22-2020, 4:02:22 PM
trevor(trevor) used a stp429_mini_missile 8-22-2020, 4:02:22 PM
trevor(trevor) used a stp429_mini_missile 8-22-2020, 4:02:22 PM
trevor(trevor) used a stp429_mini_missile 8-22-2020, 4:02:22 PM
trevor(trevor) used a stp429_mini_missile 8-22-2020, 4:02:22 PM
trevor(trevor) used a stp429_mini_missile 8-22-2020, 4:02:22 PM
trevor(trevor) used a stp429_mini_missile 8-22-2020, 4:02:23 PM
trevor(trevor) used a stp429_mini_missile 8-22-2020, 4:02:23 PM
trevor(trevor) used a stp429_mini_missile 8-22-2020, 4:02:24 PM
trevor(trevor) used a stp429_mini_missile 8-22-2020, 4:02:24 PM
trevor(trevor) used a stp429_mini_missile 8-22-2020, 4:02:24 PM
trevor(trevor) used a stp429_mini_missile 8-22-2020, 4:02:25 PM
trevor(trevor) used a stp429_mini_missile 8-22-2020, 4:02:25 PM
trevor(trevor) used a stp429_mini_missile 8-22-2020, 4:02:25 PM
trevor(trevor) used a stp429_mini_missile 8-22-2020, 4:02:25 PM
trevor(trevor) used a stp429_mini_missile 8-22-2020, 4:02:25 PM
trevor(trevor) used a stp429_mini_missile 8-22-2020, 4:02:25 PM
trevor(trevor) used a stp429_mini_missile 8-22-2020, 4:02:26 PM
trevor(trevor) used a stp429_mini_missile 8-22-2020, 4:02:26 PM
trevor(trevor) used a stp429_mini_missile 8-22-2020, 4:02:26 PM
trevor(trevor) used a stp429_mini_missile 8-22-2020, 4:02:26 PM
trevor(trevor) used a stp429_mini_missile 8-22-2020, 4:02:26 PM
trevor(trevor) used a stp429_mini_missile 8-22-2020, 4:02:26 PM
trevor(trevor) used a stp429_mini_missile 8-22-2020, 4:02:27 PM
trevor(trevor) used a stp429_mini_missile 8-22-2020, 4:02:27 PM
trevor(trevor) used a stp429_mini_missile 8-22-2020, 4:02:27 PM
trevor(trevor) used a stp429_mini_missile 8-22-2020, 4:02:27 PM
trevor(trevor) used a stp429_mini_missile 8-22-2020, 4:02:27 PM
trevor(trevor) used a stp429_mini_missile 8-22-2020, 4:02:27 PM
trevor(trevor) used a stp429_mini_missile 8-22-2020, 4:02:27 PM
trevor(trevor) used a stp429_mini_missile 8-22-2020, 4:02:27 PM
trevor(trevor) used a stp429_mini_missile 8-22-2020, 4:02:28 PM
trevor(trevor) used a stp429_mini_missile 8-22-2020, 4:02:28 PM
trevor(trevor) used a stp429_mini_missile 8-22-2020, 4:02:28 PM
trevor(trevor) used a stp429_mini_missile 8-22-2020, 4:02:28 PM
trevor(trevor) used a stp429_mini_missile 8-22-2020, 4:02:28 PM
trevor(trevor) used a stp429_mini_missile 8-22-2020, 4:02:29 PM
trevor(trevor) used a stp429_mini_missile 8-22-2020, 4:02:29 PM
trevor(trevor) used a stp429_mini_missile 8-22-2020, 4:02:30 PM
trevor(trevor) used a stp429_mini_missile 8-22-2020, 4:02:30 PM
trevor(trevor) used a shield 8-22-2020, 4:02:38 PM
trevor(trevor) used a shield 8-22-2020, 4:02:38 PM
trevor(trevor) used a shield 8-22-2020, 4:02:39 PM
trevor(trevor) used a shield 8-22-2020, 4:02:39 PM
trevor(trevor) used a shield 8-22-2020, 4:02:39 PM
trevor(trevor) used a tk_ultra_health_potion 8-22-2020, 4:02:40 PM
trevor(trevor) used a tk_ultra_health_potion 8-22-2020, 4:02:40 PM
trevor(trevor) used a carrier_missile 8-22-2020, 4:03:03 PM
trevor(trevor) used a tk_ultra_health_potion 8-22-2020, 4:04:14 PM
trevor(trevor) used a tk_ultra_health_potion 8-22-2020, 4:04:14 PM
trevor(trevor) used a tk_ultra_health_potion 8-22-2020, 4:04:14 PM
trevor(trevor) used a warp_box 8-22-2020, 4:04:28 PM
trevor(trevor) used a warp_box 8-22-2020, 4:04:30 PM
trevor(trevor) used a warp_box 8-22-2020, 4:04:31 PM
trevor(trevor) used a warp_box 8-22-2020, 4:04:31 PM
trevor(trevor) used a warp_box 8-22-2020, 4:04:32 PM
trevor(trevor) used a warp_box 8-22-2020, 4:04:32 PM
trevor(trevor) used a warp_box 8-22-2020, 4:04:33 PM
trevor(trevor) used a warp_box 8-22-2020, 4:04:37 PM
trevor(trevor) used a warp_box 8-22-2020, 4:05:02 PM
trevor(trevor) used a carrier_missile 8-22-2020, 4:06:14 PM
trevor(trevor) used a carrier_missile 8-22-2020, 4:06:43 PM
trevor(trevor) used a tk_ultra_health_potion 8-22-2020, 4:07:23 PM
trevor(trevor) used a tk_ultra_health_potion 8-22-2020, 4:07:23 PM
trevor(trevor) used a tk_ultra_health_potion 8-22-2020, 4:07:24 PM
trevor(trevor) used a tk_ultra_health_potion 8-22-2020, 4:07:24 PM
trevor(trevor) used a tk_ultra_health_potion 8-22-2020, 4:07:24 PM
trevor(trevor) used a health_drink 8-22-2020, 4:07:25 PM
trevor(trevor) used a health_drink 8-22-2020, 4:07:25 PM
trevor(trevor) used a health_drink 8-22-2020, 4:07:25 PM
trevor(trevor) used a shield 8-22-2020, 5:05:21 PM
trevor(trevor) used a shield 8-22-2020, 5:05:21 PM
trevor(trevor) used a shield 8-22-2020, 5:05:22 PM
trevor(trevor) used a shield 8-22-2020, 5:05:22 PM
trevor(trevor) used a shield 8-22-2020, 5:05:22 PM
trevor(trevor) used a shield 8-22-2020, 5:05:22 PM
trevor(trevor) used a shield 8-22-2020, 5:05:22 PM
trevor(trevor) used a shield 8-22-2020, 5:05:22 PM
trevor(trevor) used a shield 8-22-2020, 5:05:22 PM
trevor(trevor) used a shield 8-22-2020, 5:05:23 PM
trevor(trevor) used a shield 8-22-2020, 5:05:23 PM
trevor(trevor) used a shield 8-22-2020, 5:05:23 PM
trevor(trevor) used a shield 8-22-2020, 5:05:23 PM
trevor(trevor) used a shield 8-22-2020, 5:05:23 PM
trevor(trevor) used a shield 8-22-2020, 5:05:23 PM
trevor(trevor) used a shield 8-22-2020, 5:05:24 PM
trevor(trevor) used a shield 8-22-2020, 5:05:24 PM
trevor(trevor) used a shield 8-22-2020, 5:05:24 PM
trevor(trevor) used a shield 8-22-2020, 5:05:24 PM
trevor(trevor) used a shield 8-22-2020, 5:05:24 PM
trevor(trevor) used a shield 8-22-2020, 5:05:24 PM
trevor(trevor) used a shield 8-22-2020, 5:05:25 PM
trevor(trevor) used a shield 8-22-2020, 5:05:25 PM
trevor(trevor) used a shield 8-22-2020, 5:05:25 PM
trevor(trevor) used a shield 8-22-2020, 5:05:25 PM
trevor(trevor) used a shield 8-22-2020, 5:05:25 PM
trevor(trevor) used a shield 8-22-2020, 5:05:25 PM
trevor(trevor) used a shield 8-22-2020, 5:05:26 PM
trevor(trevor) used a shield 8-22-2020, 5:05:26 PM
trevor(trevor) used a shield 8-22-2020, 5:05:26 PM
trevor(trevor) used a tk_ultra_health_potion 8-22-2020, 5:05:27 PM
trevor(trevor) used a tk_ultra_health_potion 8-22-2020, 5:05:27 PM
trevor(trevor) used a tk_ultra_health_potion 8-22-2020, 5:05:27 PM
trevor(trevor) used a awp 8-22-2020, 5:05:34 PM
trevor(trevor) used a carrier_missile 8-22-2020, 5:06:29 PM
trevor(trevor) used a tk_ultra_health_potion 8-22-2020, 5:09:18 PM
trevor(trevor) used a tk_ultra_health_potion 8-22-2020, 5:09:18 PM
trevor(trevor) used a tk_ultra_health_potion 8-22-2020, 5:09:18 PM
trevor(trevor) used a health_drink 8-22-2020, 5:10:15 PM
trevor(trevor) used a health_drink 8-22-2020, 5:10:15 PM
trevor(trevor) used a health_drink 8-22-2020, 5:10:16 PM
trevor(trevor) used a health_drink 8-22-2020, 5:10:16 PM
trevor(trevor) used a health_drink 8-22-2020, 5:10:19 PM
trevor(trevor) used a health_drink 8-22-2020, 5:10:19 PM
trevor(trevor) used a health_drink 8-22-2020, 5:10:19 PM
trevor(trevor) used a health_drink 8-22-2020, 5:10:20 PM
trevor(trevor) used a tk_ultra_health_potion 8-22-2020, 5:10:22 PM
trevor(trevor) used a health_drink 8-22-2020, 5:10:23 PM
trevor(trevor) used a health_drink 8-22-2020, 5:10:23 PM
trevor(trevor) used a health_drink 8-22-2020, 5:10:23 PM
trevor(trevor) used a health_drink 8-22-2020, 5:10:24 PM
trevor(trevor) used a health_drink 8-22-2020, 5:10:24 PM
trevor(trevor) used a health_drink 8-22-2020, 5:10:24 PM
trevor(trevor) used a health_drink 8-22-2020, 5:11:08 PM
trevor(trevor) used a health_drink 8-22-2020, 5:11:09 PM
trevor(trevor) used a health_drink 8-22-2020, 5:11:09 PM
trevor(trevor) used a health_drink 8-22-2020, 5:11:09 PM
trevor(trevor) used a tk_ultra_health_potion 8-22-2020, 5:11:10 PM
trevor(trevor) used a tk_ultra_health_potion 8-22-2020, 5:11:11 PM
trevor(trevor) used a health_drink 8-22-2020, 5:11:20 PM
trevor(trevor) used a health_drink 8-22-2020, 5:11:20 PM
trevor(trevor) used a health_drink 8-22-2020, 5:11:20 PM
trevor(trevor) used a health_drink 8-22-2020, 5:11:20 PM
trevor(trevor) used a health_drink 8-22-2020, 5:11:21 PM
trevor(trevor) used a health_drink 8-22-2020, 5:11:21 PM
trevor(trevor) used a health_drink 8-22-2020, 5:11:22 PM
trevor(trevor) used a health_drink 8-22-2020, 5:11:22 PM
trevor(trevor) used a health_drink 8-22-2020, 5:11:22 PM
trevor(trevor) used a health_drink 8-22-2020, 5:11:23 PM
trevor(trevor) used a health_drink 8-22-2020, 5:11:23 PM
trevor(trevor) used a health_drink 8-22-2020, 5:11:23 PM
trevor(trevor) used a health_drink 8-22-2020, 5:11:23 PM
trevor(trevor) used a health_drink 8-22-2020, 5:11:24 PM
trevor(trevor) used a health_drink 8-22-2020, 5:11:26 PM
trevor(trevor) used a health_drink 8-22-2020, 5:11:26 PM
trevor(trevor) used a health_drink 8-22-2020, 5:11:27 PM
trevor(trevor) used a health_drink 8-22-2020, 5:11:27 PM
trevor(trevor) used a health_drink 8-22-2020, 5:11:27 PM
trevor(trevor) used a health_drink 8-22-2020, 5:11:27 PM
trevor(trevor) used a health_drink 8-22-2020, 5:11:28 PM
trevor(trevor) used a hand_grenade 8-22-2020, 5:11:43 PM
trevor(trevor) used a hand_grenade 8-22-2020, 5:11:43 PM
trevor(trevor) used a hand_grenade 8-22-2020, 5:11:44 PM
trevor(trevor) used a hand_grenade 8-22-2020, 5:11:44 PM
trevor(trevor) used a hand_grenade 8-22-2020, 5:11:44 PM
trevor(trevor) used a hand_grenade 8-22-2020, 5:11:46 PM
trevor(trevor) used a hand_grenade 8-22-2020, 5:11:46 PM
trevor(trevor) used a hand_grenade 8-22-2020, 5:11:58 PM
trevor(trevor) used a hand_grenade 8-22-2020, 5:11:59 PM
trevor(trevor) used a hand_grenade 8-22-2020, 5:12:11 PM
trevor(trevor) used a hand_grenade 8-22-2020, 5:12:11 PM
trevor(trevor) used a hand_grenade 8-22-2020, 5:12:11 PM
trevor(trevor) used a hand_grenade 8-22-2020, 5:12:11 PM
trevor(trevor) used a hand_grenade 8-22-2020, 5:12:11 PM
trevor(trevor) used a hand_grenade 8-22-2020, 5:12:12 PM
trevor(trevor) used a hand_grenade 8-22-2020, 5:12:12 PM
trevor(trevor) used a hand_grenade 8-22-2020, 5:12:12 PM
trevor(trevor) used a hand_grenade 8-22-2020, 5:12:12 PM
trevor(trevor) used a hand_grenade 8-22-2020, 5:12:12 PM
trevor(trevor) used a hand_grenade 8-22-2020, 5:12:12 PM
trevor(trevor) used a hand_grenade 8-22-2020, 5:12:13 PM
trevor(trevor) used a hand_grenade 8-22-2020, 5:12:13 PM
trevor(trevor) used a hand_grenade 8-22-2020, 5:12:21 PM
trevor(trevor) used a hand_grenade 8-22-2020, 5:12:22 PM
trevor(trevor) used a hand_grenade 8-22-2020, 5:12:22 PM
trevor(trevor) used a hand_grenade 8-22-2020, 5:12:22 PM
trevor(trevor) used a hand_grenade 8-22-2020, 5:12:22 PM
trevor(trevor) used a hand_grenade 8-22-2020, 5:12:22 PM
trevor(trevor) used a hand_grenade 8-22-2020, 5:12:22 PM
trevor(trevor) used a hand_grenade 8-22-2020, 5:12:23 PM
trevor(trevor) used a hand_grenade 8-22-2020, 5:12:23 PM
trevor(trevor) used a hand_grenade 8-22-2020, 5:12:23 PM
trevor(trevor) used a hand_grenade 8-22-2020, 5:12:23 PM
trevor(trevor) used a hand_grenade 8-22-2020, 5:12:23 PM
trevor(trevor) used a hand_grenade 8-22-2020, 5:12:23 PM
trevor(trevor) used a hand_grenade 8-22-2020, 5:12:23 PM
trevor(trevor) used a hand_grenade 8-22-2020, 5:12:24 PM
trevor(trevor) used a hand_grenade 8-22-2020, 5:12:24 PM
trevor(trevor) used a hand_grenade 8-22-2020, 5:12:57 PM
trevor(trevor) used a hand_grenade 8-22-2020, 5:13:53 PM
trevor(trevor) used a hand_grenade 8-22-2020, 5:13:53 PM
trevor(trevor) used a hand_grenade 8-22-2020, 5:13:53 PM
trevor(trevor) used a hand_grenade 8-22-2020, 5:13:53 PM
trevor(trevor) used a hand_grenade 8-22-2020, 5:13:53 PM
trevor(trevor) used a hand_grenade 8-22-2020, 5:13:54 PM
trevor(trevor) used a hand_grenade 8-22-2020, 5:13:54 PM
trevor(trevor) used a hand_grenade 8-22-2020, 5:13:54 PM
trevor(trevor) used a hand_grenade 8-22-2020, 5:13:54 PM
trevor(trevor) used a armored_tank 8-22-2020, 5:17:55 PM
trevor(trevor) used a armored_tank 8-22-2020, 5:19:01 PM
trevor(trevor) used a frequency_scrambler 8-22-2020, 5:20:14 PM
trevor(trevor) used a frequency_scrambler 8-22-2020, 5:20:15 PM
trevor(trevor) used a frequency_scrambler 8-22-2020, 5:20:15 PM
trevor(trevor) used a frequency_scrambler 8-22-2020, 5:20:15 PM
trevor(trevor) used a frequency_scrambler 8-22-2020, 5:20:15 PM
trevor(trevor) used a frequency_scrambler 8-22-2020, 5:20:16 PM
trevor(trevor) used a awp 8-22-2020, 5:21:12 PM
trevor(trevor) used a frequency_scrambler 8-22-2020, 5:21:26 PM
trevor(trevor) used a warp_box 8-22-2020, 5:22:07 PM
trevor(trevor) used a armored_tank 8-22-2020, 5:22:11 PM
trevor(trevor) used a wood_pack 8-22-2020, 5:23:59 PM
trevor(trevor) used a wood_pack 8-22-2020, 5:23:59 PM
trevor(trevor) used a wood_pack 8-22-2020, 5:23:59 PM
trevor(trevor) used a wood_pack 8-22-2020, 5:23:59 PM
trevor(trevor) used a wood_pack 8-22-2020, 5:23:59 PM
trevor(trevor) used a wood_pack 8-22-2020, 5:24:00 PM
trevor(trevor) used a wood_pack 8-22-2020, 5:24:00 PM
trevor(trevor) used a wood_pack 8-22-2020, 5:24:00 PM
trevor(trevor) used a wood_pack 8-22-2020, 5:24:00 PM
trevor(trevor) used a wood_pack 8-22-2020, 5:24:00 PM
trevor(trevor) used a wood_pack 8-22-2020, 5:24:00 PM
trevor(trevor) used a wood_pack 8-22-2020, 5:24:00 PM
trevor(trevor) used a wood_pack 8-22-2020, 5:24:01 PM
trevor(trevor) used a wood_pack 8-22-2020, 5:24:01 PM
trevor(trevor) used a wood_pack 8-22-2020, 5:24:01 PM
trevor(trevor) used a wood_pack 8-22-2020, 5:24:01 PM
trevor(trevor) used a wood_pack 8-22-2020, 5:24:01 PM
trevor(trevor) used a wood_pack 8-22-2020, 5:24:01 PM
trevor(trevor) used a wood_pack 8-22-2020, 5:24:01 PM
trevor(trevor) used a wood_pack 8-22-2020, 5:24:02 PM
trevor(trevor) used a wood_pack 8-22-2020, 5:24:02 PM
trevor(trevor) used a wood_pack 8-22-2020, 5:24:02 PM
trevor(trevor) used a wood_pack 8-22-2020, 5:24:02 PM
trevor(trevor) used a wood_pack 8-22-2020, 5:24:02 PM
trevor(trevor) used a wood_pack 8-22-2020, 5:24:02 PM
trevor(trevor) used a wood_pack 8-22-2020, 5:24:02 PM
trevor(trevor) used a wood_pack 8-22-2020, 5:24:03 PM
trevor(trevor) used a wood_pack 8-22-2020, 5:24:03 PM
trevor(trevor) used a wood_pack 8-22-2020, 5:24:03 PM
trevor(trevor) used a wood_pack 8-22-2020, 5:24:03 PM
trevor(trevor) used a wood_pack 8-22-2020, 5:24:03 PM
trevor(trevor) used a wood_pack 8-22-2020, 5:24:03 PM
trevor(trevor) used a wood_pack 8-22-2020, 5:24:03 PM
trevor(trevor) used a wood_pack 8-22-2020, 5:24:04 PM
trevor(trevor) used a wood_pack 8-22-2020, 5:24:04 PM
trevor(trevor) used a wood_pack 8-22-2020, 5:24:04 PM
trevor(trevor) used a wood_pack 8-22-2020, 5:24:04 PM
trevor(trevor) used a wood_pack 8-22-2020, 5:24:04 PM
trevor(trevor) used a wood_pack 8-22-2020, 5:24:04 PM
trevor(trevor) used a wood_pack 8-22-2020, 5:24:04 PM
trevor(trevor) used a wood_pack 8-22-2020, 5:24:05 PM
trevor(trevor) used a wood_pack 8-22-2020, 5:24:05 PM
trevor(trevor) used a wood_pack 8-22-2020, 5:24:05 PM
trevor(trevor) used a wood_pack 8-22-2020, 5:24:05 PM
trevor(trevor) used a wood_pack 8-22-2020, 5:24:05 PM
trevor(trevor) used a wood_pack 8-22-2020, 5:24:05 PM
trevor(trevor) used a wood_pack 8-22-2020, 5:24:06 PM
trevor(trevor) used a wood_pack 8-22-2020, 5:24:06 PM
trevor(trevor) used a wood_pack 8-22-2020, 5:24:06 PM
trevor(trevor) used a wood_pack 8-22-2020, 5:24:06 PM
trevor(trevor) used a wood_pack 8-22-2020, 5:24:06 PM
trevor(trevor) used a wood_pack 8-22-2020, 5:24:06 PM
trevor(trevor) used a wood_pack 8-22-2020, 5:24:07 PM
trevor(trevor) used a wood_pack 8-22-2020, 5:24:07 PM
trevor(trevor) used a wood_pack 8-22-2020, 5:24:07 PM
trevor(trevor) used a wood_pack 8-22-2020, 5:24:07 PM
trevor(trevor) used a wood_pack 8-22-2020, 5:24:07 PM
trevor(trevor) used a wood_pack 8-22-2020, 5:24:08 PM
trevor(trevor) used a wood_pack 8-22-2020, 5:24:08 PM
trevor(trevor) used a wood_pack 8-22-2020, 5:24:08 PM
trevor(trevor) used a wood_pack 8-22-2020, 5:24:08 PM
trevor(trevor) used a wood_pack 8-22-2020, 5:24:08 PM
trevor(trevor) used a wood_pack 8-22-2020, 5:24:08 PM
trevor(trevor) used a wood_pack 8-22-2020, 5:24:08 PM
trevor(trevor) used a wood_pack 8-22-2020, 5:24:09 PM
trevor(trevor) used a wood_pack 8-22-2020, 5:24:09 PM
trevor(trevor) used a wood_pack 8-22-2020, 5:24:09 PM
trevor(trevor) used a wood_pack 8-22-2020, 5:24:09 PM
trevor(trevor) used a wood_pack 8-22-2020, 5:24:09 PM
trevor(trevor) used a wood_pack 8-22-2020, 5:24:09 PM
trevor(trevor) used a wood_pack 8-22-2020, 5:24:09 PM
trevor(trevor) used a wood_pack 8-22-2020, 5:24:10 PM
trevor(trevor) used a wood_pack 8-22-2020, 5:24:10 PM
trevor(trevor) used a wood_pack 8-22-2020, 5:24:10 PM
trevor(trevor) used a wood_pack 8-22-2020, 5:24:10 PM
trevor(trevor) used a wood_pack 8-22-2020, 5:24:10 PM
trevor(trevor) used a wood_pack 8-22-2020, 5:24:10 PM
trevor(trevor) used a wood_pack 8-22-2020, 5:24:11 PM
trevor(trevor) used a wood_pack 8-22-2020, 5:24:11 PM
trevor(trevor) used a wood_pack 8-22-2020, 5:24:11 PM
trevor(trevor) used a wood_pack 8-22-2020, 5:24:11 PM
trevor(trevor) used a wood_pack 8-22-2020, 5:24:11 PM
trevor(trevor) used a wood_pack 8-22-2020, 5:24:11 PM
trevor(trevor) used a wood_pack 8-22-2020, 5:24:12 PM
trevor(trevor) used a wood_pack 8-22-2020, 5:24:12 PM
trevor(trevor) used a wood_pack 8-22-2020, 5:24:12 PM
trevor(trevor) used a wood_pack 8-22-2020, 5:24:12 PM
trevor(trevor) used a wood_pack 8-22-2020, 5:24:12 PM
trevor(trevor) used a wood_pack 8-22-2020, 5:24:12 PM
trevor(trevor) used a wood_pack 8-22-2020, 5:24:13 PM
trevor(trevor) used a wood_pack 8-22-2020, 5:24:13 PM
trevor(trevor) used a wood_pack 8-22-2020, 5:24:13 PM
trevor(trevor) used a wood_pack 8-22-2020, 5:24:13 PM
trevor(trevor) used a wood_pack 8-22-2020, 5:24:13 PM
trevor(trevor) used a wood_pack 8-22-2020, 5:24:13 PM
trevor(trevor) used a wood_pack 8-22-2020, 5:24:14 PM
trevor(trevor) used a wood_pack 8-22-2020, 5:24:14 PM
trevor(trevor) used a wood_pack 8-22-2020, 5:24:14 PM
trevor(trevor) used a wood_pack 8-22-2020, 5:24:14 PM
trevor(trevor) used a wood_pack 8-22-2020, 5:24:15 PM
trevor(trevor) used a wood_pack 8-22-2020, 5:24:15 PM
trevor(trevor) used a wood_pack 8-22-2020, 5:24:15 PM
trevor(trevor) used a wood_pack 8-22-2020, 5:24:15 PM
trevor(trevor) used a wood_pack 8-22-2020, 5:24:15 PM
trevor(trevor) used a wood_pack 8-22-2020, 5:24:15 PM
trevor(trevor) used a wood_pack 8-22-2020, 5:24:16 PM
trevor(trevor) used a wood_pack 8-22-2020, 5:24:16 PM
trevor(trevor) used a wood_pack 8-22-2020, 5:24:16 PM
trevor(trevor) used a wood_pack 8-22-2020, 5:24:16 PM
trevor(trevor) used a wood_pack 8-22-2020, 5:24:16 PM
trevor(trevor) used a wood_pack 8-22-2020, 5:24:16 PM
trevor(trevor) used a wood_pack 8-22-2020, 5:24:17 PM
trevor(trevor) used a wood_pack 8-22-2020, 5:24:17 PM
trevor(trevor) used a wood_pack 8-22-2020, 5:24:17 PM
trevor(trevor) used a wood_pack 8-22-2020, 5:24:17 PM
trevor(trevor) used a wood_pack 8-22-2020, 5:24:17 PM
trevor(trevor) used a wood_pack 8-22-2020, 5:24:17 PM
trevor(trevor) used a wood_pack 8-22-2020, 5:24:18 PM
trevor(trevor) used a wood_pack 8-22-2020, 5:24:18 PM
trevor(trevor) used a wood_pack 8-22-2020, 5:24:18 PM
trevor(trevor) used a wood_pack 8-22-2020, 5:24:18 PM
trevor(trevor) used a wood_pack 8-22-2020, 5:24:18 PM
trevor(trevor) used a wood_pack 8-22-2020, 5:24:18 PM
trevor(trevor) used a wood_pack 8-22-2020, 5:24:19 PM
trevor(trevor) used a wood_pack 8-22-2020, 5:24:19 PM
trevor(trevor) used a wood_pack 8-22-2020, 5:24:19 PM
trevor(trevor) used a wood_pack 8-22-2020, 5:24:19 PM
trevor(trevor) used a wood_pack 8-22-2020, 5:24:19 PM
trevor(trevor) used a wood_pack 8-22-2020, 5:24:19 PM
trevor(trevor) used a wood_pack 8-22-2020, 5:24:20 PM
trevor(trevor) used a wood_pack 8-22-2020, 5:24:20 PM
trevor(trevor) used a wood_pack 8-22-2020, 5:24:20 PM
trevor(trevor) used a wood_pack 8-22-2020, 5:24:20 PM
trevor(trevor) used a wood_pack 8-22-2020, 5:24:20 PM
trevor(trevor) used a wood_pack 8-22-2020, 5:24:21 PM
trevor(trevor) used a wood_pack 8-22-2020, 5:24:21 PM
trevor(trevor) used a wood_pack 8-22-2020, 5:24:21 PM
trevor(trevor) used a wood_pack 8-22-2020, 5:24:21 PM
trevor(trevor) used a wood_pack 8-22-2020, 5:24:21 PM
trevor(trevor) used a wood_pack 8-22-2020, 5:24:21 PM
trevor(trevor) used a wood_pack 8-22-2020, 5:24:22 PM
trevor(trevor) used a wood_pack 8-22-2020, 5:24:22 PM
trevor(trevor) used a wood_pack 8-22-2020, 5:24:22 PM
trevor(trevor) used a wood_pack 8-22-2020, 5:24:22 PM
trevor(trevor) used a wood_pack 8-22-2020, 5:24:22 PM
trevor(trevor) used a wood_pack 8-22-2020, 5:24:22 PM
trevor(trevor) used a wood_pack 8-22-2020, 5:24:23 PM
trevor(trevor) used a wood_pack 8-22-2020, 5:24:23 PM
trevor(trevor) used a wood_pack 8-22-2020, 5:24:23 PM
trevor(trevor) used a wood_pack 8-22-2020, 5:24:23 PM
trevor(trevor) used a wood_pack 8-22-2020, 5:24:23 PM
trevor(trevor) used a wood_pack 8-22-2020, 5:24:24 PM
trevor(trevor) used a wood_pack 8-22-2020, 5:24:24 PM
trevor(trevor) used a wood_pack 8-22-2020, 5:24:24 PM
trevor(trevor) used a wood_pack 8-22-2020, 5:24:24 PM
trevor(trevor) used a wood_pack 8-22-2020, 5:24:24 PM
trevor(trevor) used a wood_pack 8-22-2020, 5:24:24 PM
trevor(trevor) used a wood_pack 8-22-2020, 5:24:25 PM
trevor(trevor) used a wood_pack 8-22-2020, 5:24:25 PM
trevor(trevor) used a wood_pack 8-22-2020, 5:24:25 PM
trevor(trevor) used a wood_pack 8-22-2020, 5:24:25 PM
trevor(trevor) used a wood_pack 8-22-2020, 5:24:25 PM
trevor(trevor) used a wood_pack 8-22-2020, 5:24:26 PM
trevor(trevor) used a wood_pack 8-22-2020, 5:24:26 PM
trevor(trevor) used a wood_pack 8-22-2020, 5:24:26 PM
trevor(trevor) used a wood_pack 8-22-2020, 5:24:26 PM
trevor(trevor) used a wood_pack 8-22-2020, 5:24:26 PM
trevor(trevor) used a wood_pack 8-22-2020, 5:24:26 PM
trevor(trevor) used a wood_pack 8-22-2020, 5:24:27 PM
trevor(trevor) used a wood_pack 8-22-2020, 5:24:27 PM
trevor(trevor) used a wood_pack 8-22-2020, 5:24:27 PM
trevor(trevor) used a wood_pack 8-22-2020, 5:24:27 PM
trevor(trevor) used a wood_pack 8-22-2020, 5:24:27 PM
trevor(trevor) used a wood_pack 8-22-2020, 5:24:28 PM
trevor(trevor) used a wood_pack 8-22-2020, 5:24:28 PM
trevor(trevor) used a wood_pack 8-22-2020, 5:24:28 PM
trevor(trevor) used a wood_pack 8-22-2020, 5:24:28 PM
trevor(trevor) used a wood_pack 8-22-2020, 5:24:28 PM
trevor(trevor) used a wood_pack 8-22-2020, 5:24:28 PM
trevor(trevor) used a wood_pack 8-22-2020, 5:24:29 PM
trevor(trevor) used a wood_pack 8-22-2020, 5:24:29 PM
trevor(trevor) used a wood_pack 8-22-2020, 5:24:29 PM
trevor(trevor) used a wood_pack 8-22-2020, 5:24:29 PM
trevor(trevor) used a wood_pack 8-22-2020, 5:24:29 PM
trevor(trevor) used a wood_pack 8-22-2020, 5:24:30 PM
trevor(trevor) used a wood_pack 8-22-2020, 5:24:30 PM
trevor(trevor) used a wood_pack 8-22-2020, 5:24:30 PM
trevor(trevor) used a wood_pack 8-22-2020, 5:24:30 PM
trevor(trevor) used a wood_pack 8-22-2020, 5:24:30 PM
trevor(trevor) used a wood_pack 8-22-2020, 5:24:31 PM
trevor(trevor) used a wood_pack 8-22-2020, 5:24:31 PM
trevor(trevor) used a wood_pack 8-22-2020, 5:24:31 PM
trevor(trevor) used a wood_pack 8-22-2020, 5:24:31 PM
trevor(trevor) used a wood_pack 8-22-2020, 5:24:31 PM
trevor(trevor) used a wood_pack 8-22-2020, 5:24:31 PM
trevor(trevor) used a wood_pack 8-22-2020, 5:24:32 PM
trevor(trevor) used a wood_pack 8-22-2020, 5:24:32 PM
trevor(trevor) used a wood_pack 8-22-2020, 5:24:32 PM
trevor(trevor) used a wood_pack 8-22-2020, 5:24:32 PM
trevor(trevor) used a wood_pack 8-22-2020, 5:24:32 PM
trevor(trevor) used a wood_pack 8-22-2020, 5:24:32 PM
trevor(trevor) used a wood_pack 8-22-2020, 5:24:32 PM
trevor(trevor) used a wood_pack 8-22-2020, 5:24:32 PM
trevor(trevor) used a wood_pack 8-22-2020, 5:24:33 PM
trevor(trevor) used a wood_pack 8-22-2020, 5:24:33 PM
trevor(trevor) used a wood_pack 8-22-2020, 5:24:33 PM
trevor(trevor) used a wood_pack 8-22-2020, 5:24:33 PM
trevor(trevor) used a wood_pack 8-22-2020, 5:24:33 PM
trevor(trevor) used a wood_pack 8-22-2020, 5:24:33 PM
trevor(trevor) used a wood_pack 8-22-2020, 5:24:33 PM
trevor(trevor) used a wood_pack 8-22-2020, 5:24:34 PM
trevor(trevor) used a wood_pack 8-22-2020, 5:24:34 PM
trevor(trevor) used a wood_pack 8-22-2020, 5:24:34 PM
trevor(trevor) used a wood_pack 8-22-2020, 5:24:34 PM
trevor(trevor) used a wood_pack 8-22-2020, 5:24:34 PM
trevor(trevor) used a wood_pack 8-22-2020, 5:24:34 PM
trevor(trevor) used a wood_pack 8-22-2020, 5:24:35 PM
trevor(trevor) used a wood_pack 8-22-2020, 5:24:35 PM
trevor(trevor) used a wood_pack 8-22-2020, 5:24:35 PM
trevor(trevor) used a wood_pack 8-22-2020, 5:24:35 PM
trevor(trevor) used a wood_pack 8-22-2020, 5:24:35 PM
trevor(trevor) used a wood_pack 8-22-2020, 5:24:35 PM
trevor(trevor) used a wood_pack 8-22-2020, 5:24:35 PM
trevor(trevor) used a wood_pack 8-22-2020, 5:24:36 PM
trevor(trevor) used a wood_pack 8-22-2020, 5:24:36 PM
trevor(trevor) used a wood_pack 8-22-2020, 5:24:36 PM
trevor(trevor) used a wood_pack 8-22-2020, 5:24:36 PM
trevor(trevor) used a wood_pack 8-22-2020, 5:24:36 PM
trevor(trevor) used a wood_pack 8-22-2020, 5:24:36 PM
trevor(trevor) used a wood_pack 8-22-2020, 5:24:37 PM
trevor(trevor) used a wood_pack 8-22-2020, 5:24:37 PM
trevor(trevor) used a wood_pack 8-22-2020, 5:24:37 PM
trevor(trevor) used a wood_pack 8-22-2020, 5:24:37 PM
trevor(trevor) used a wood_pack 8-22-2020, 5:24:37 PM
trevor(trevor) used a wood_pack 8-22-2020, 5:24:37 PM
trevor(trevor) used a wood_pack 8-22-2020, 5:24:38 PM
trevor(trevor) used a wood_pack 8-22-2020, 5:24:38 PM
trevor(trevor) used a wood_pack 8-22-2020, 5:24:38 PM
trevor(trevor) used a wood_pack 8-22-2020, 5:24:38 PM
trevor(trevor) used a wood_pack 8-22-2020, 5:24:38 PM
trevor(trevor) used a wood_pack 8-22-2020, 5:24:38 PM
trevor(trevor) used a wood_pack 8-22-2020, 5:24:39 PM
trevor(trevor) used a wood_pack 8-22-2020, 5:24:39 PM
trevor(trevor) used a wood_pack 8-22-2020, 5:24:39 PM
trevor(trevor) used a wood_pack 8-22-2020, 5:24:39 PM
trevor(trevor) used a wood_pack 8-22-2020, 5:24:39 PM
trevor(trevor) used a wood_pack 8-22-2020, 5:24:39 PM
trevor(trevor) used a wood_pack 8-22-2020, 5:24:40 PM
trevor(trevor) used a wood_pack 8-22-2020, 5:24:40 PM
trevor(trevor) used a wood_pack 8-22-2020, 5:24:52 PM
trevor(trevor) used a wood_pack 8-22-2020, 5:24:52 PM
trevor(trevor) used a wood_pack 8-22-2020, 5:24:52 PM
trevor(trevor) used a wood_pack 8-22-2020, 5:24:52 PM
trevor(trevor) used a wood_pack 8-22-2020, 5:24:52 PM
trevor(trevor) used a wood_pack 8-22-2020, 5:24:52 PM
trevor(trevor) used a wood_pack 8-22-2020, 5:24:52 PM
trevor(trevor) used a wood_pack 8-22-2020, 5:24:53 PM
trevor(trevor) used a wood_pack 8-22-2020, 5:24:53 PM
trevor(trevor) used a wood_pack 8-22-2020, 5:24:53 PM
trevor(trevor) used a wood_pack 8-22-2020, 5:24:53 PM
trevor(trevor) used a wood_pack 8-22-2020, 5:24:53 PM
trevor(trevor) used a wood_pack 8-22-2020, 5:24:53 PM
trevor(trevor) used a wood_pack 8-22-2020, 5:24:53 PM
trevor(trevor) used a wood_pack 8-22-2020, 5:24:53 PM
trevor(trevor) used a wood_pack 8-22-2020, 5:24:54 PM
trevor(trevor) used a wood_pack 8-22-2020, 5:24:54 PM
trevor(trevor) used a wood_pack 8-22-2020, 5:24:54 PM
trevor(trevor) used a wood_pack 8-22-2020, 5:24:54 PM
trevor(trevor) used a wood_pack 8-22-2020, 5:24:54 PM
trevor(trevor) used a wood_pack 8-22-2020, 5:24:54 PM
trevor(trevor) used a wood_pack 8-22-2020, 5:24:54 PM
trevor(trevor) used a wood_pack 8-22-2020, 5:24:54 PM
trevor(trevor) used a wood_pack 8-22-2020, 5:24:55 PM
trevor(trevor) used a wood_pack 8-22-2020, 5:24:55 PM
trevor(trevor) used a wood_pack 8-22-2020, 5:24:55 PM
trevor(trevor) used a wood_pack 8-22-2020, 5:24:55 PM
trevor(trevor) used a wood_pack 8-22-2020, 5:24:55 PM
trevor(trevor) used a wood_pack 8-22-2020, 5:24:55 PM
trevor(trevor) used a wood_pack 8-22-2020, 5:24:55 PM
trevor(trevor) used a wood_pack 8-22-2020, 5:24:56 PM
trevor(trevor) used a wood_pack 8-22-2020, 5:24:56 PM
trevor(trevor) used a wood_pack 8-22-2020, 5:24:56 PM
trevor(trevor) used a wood_pack 8-22-2020, 5:24:56 PM
trevor(trevor) used a wood_pack 8-22-2020, 5:24:56 PM
trevor(trevor) used a wood_pack 8-22-2020, 5:24:56 PM
trevor(trevor) used a wood_pack 8-22-2020, 5:24:56 PM
trevor(trevor) used a wood_pack 8-22-2020, 5:24:57 PM
trevor(trevor) used a wood_pack 8-22-2020, 5:24:57 PM
trevor(trevor) used a wood_pack 8-22-2020, 5:24:57 PM
trevor(trevor) used a wood_pack 8-22-2020, 5:24:57 PM
trevor(trevor) used a wood_pack 8-22-2020, 5:24:57 PM
trevor(trevor) used a wood_pack 8-22-2020, 5:24:57 PM
trevor(trevor) used a wood_pack 8-22-2020, 5:24:57 PM
trevor(trevor) used a wood_pack 8-22-2020, 5:24:58 PM
trevor(trevor) used a wood_pack 8-22-2020, 5:24:58 PM
trevor(trevor) used a wood_pack 8-22-2020, 5:24:58 PM
trevor(trevor) used a wood_pack 8-22-2020, 5:24:58 PM
trevor(trevor) used a wood_pack 8-22-2020, 5:24:58 PM
trevor(trevor) used a wood_pack 8-22-2020, 5:24:58 PM
trevor(trevor) used a wood_pack 8-22-2020, 5:24:59 PM
trevor(trevor) used a wood_pack 8-22-2020, 5:24:59 PM
trevor(trevor) used a wood_pack 8-22-2020, 5:24:59 PM
trevor(trevor) used a wood_pack 8-22-2020, 5:24:59 PM
trevor(trevor) used a wood_pack 8-22-2020, 5:24:59 PM
trevor(trevor) used a wood_pack 8-22-2020, 5:24:59 PM
trevor(trevor) used a wood_pack 8-22-2020, 5:24:59 PM
trevor(trevor) used a wood_pack 8-22-2020, 5:25:00 PM
trevor(trevor) used a wood_pack 8-22-2020, 5:25:00 PM
trevor(trevor) used a wood_pack 8-22-2020, 5:25:00 PM
trevor(trevor) used a wood_pack 8-22-2020, 5:25:00 PM
trevor(trevor) used a wood_pack 8-22-2020, 5:25:00 PM
trevor(trevor) used a wood_pack 8-22-2020, 5:25:00 PM
trevor(trevor) used a wood_pack 8-22-2020, 5:25:00 PM
trevor(trevor) used a wood_pack 8-22-2020, 5:25:01 PM
trevor(trevor) used a wood_pack 8-22-2020, 5:25:01 PM
trevor(trevor) used a wood_pack 8-22-2020, 5:25:01 PM
trevor(trevor) used a wood_pack 8-22-2020, 5:25:01 PM
trevor(trevor) used a wood_pack 8-22-2020, 5:25:01 PM
trevor(trevor) used a wood_pack 8-22-2020, 5:25:01 PM
trevor(trevor) used a wood_pack 8-22-2020, 5:25:01 PM
trevor(trevor) used a wood_pack 8-22-2020, 5:25:01 PM
trevor(trevor) used a wood_pack 8-22-2020, 5:25:02 PM
trevor(trevor) used a wood_pack 8-22-2020, 5:25:02 PM
trevor(trevor) used a wood_pack 8-22-2020, 5:25:02 PM
trevor(trevor) used a wood_pack 8-22-2020, 5:25:02 PM
trevor(trevor) used a wood_pack 8-22-2020, 5:25:02 PM
trevor(trevor) used a wood_pack 8-22-2020, 5:25:02 PM
trevor(trevor) used a wood_pack 8-22-2020, 5:25:02 PM
trevor(trevor) used a wood_pack 8-22-2020, 5:25:03 PM
trevor(trevor) used a wood_pack 8-22-2020, 5:25:03 PM
trevor(trevor) used a wood_pack 8-22-2020, 5:25:03 PM
trevor(trevor) used a wood_pack 8-22-2020, 5:25:03 PM
trevor(trevor) used a wood_pack 8-22-2020, 5:25:03 PM
trevor(trevor) used a wood_pack 8-22-2020, 5:25:03 PM
trevor(trevor) used a wood_pack 8-22-2020, 5:25:03 PM
trevor(trevor) used a wood_pack 8-22-2020, 5:25:04 PM
trevor(trevor) used a wood_pack 8-22-2020, 5:25:04 PM
trevor(trevor) used a wood_pack 8-22-2020, 5:25:04 PM
trevor(trevor) used a wood_pack 8-22-2020, 5:25:04 PM
trevor(trevor) used a wood_pack 8-22-2020, 5:25:04 PM
trevor(trevor) used a wood_pack 8-22-2020, 5:25:04 PM
trevor(trevor) used a wood_pack 8-22-2020, 5:25:04 PM
trevor(trevor) used a wood_pack 8-22-2020, 5:25:05 PM
trevor(trevor) used a wood_pack 8-22-2020, 5:25:05 PM
trevor(trevor) used a wood_pack 8-22-2020, 5:25:05 PM
trevor(trevor) used a wood_pack 8-22-2020, 5:25:05 PM
trevor(trevor) used a wood_pack 8-22-2020, 5:25:05 PM
trevor(trevor) used a wood_pack 8-22-2020, 5:25:05 PM
trevor(trevor) used a wood_pack 8-22-2020, 5:25:05 PM
trevor(trevor) used a wood_pack 8-22-2020, 5:25:06 PM
trevor(trevor) used a wood_pack 8-22-2020, 5:25:06 PM
trevor(trevor) used a wood_pack 8-22-2020, 5:25:06 PM
trevor(trevor) used a wood_pack 8-22-2020, 5:25:06 PM
trevor(trevor) used a wood_pack 8-22-2020, 5:25:06 PM
trevor(trevor) used a wood_pack 8-22-2020, 5:25:06 PM
trevor(trevor) used a wood_pack 8-22-2020, 5:25:07 PM
trevor(trevor) used a wood_pack 8-22-2020, 5:25:07 PM
trevor(trevor) used a wood_pack 8-22-2020, 5:25:07 PM
trevor(trevor) used a wood_pack 8-22-2020, 5:25:07 PM
trevor(trevor) used a wood_pack 8-22-2020, 5:25:07 PM
trevor(trevor) used a wood_pack 8-22-2020, 5:25:07 PM
trevor(trevor) used a wood_pack 8-22-2020, 5:25:07 PM
trevor(trevor) used a wood_pack 8-22-2020, 5:25:08 PM
trevor(trevor) used a shield 8-22-2020, 5:26:02 PM
trevor(trevor) used a shield 8-22-2020, 5:26:02 PM
trevor(trevor) used a shield 8-22-2020, 5:26:02 PM
trevor(trevor) used a shield 8-22-2020, 5:26:02 PM
trevor(trevor) used a shield 8-22-2020, 5:26:03 PM
trevor(trevor) used a shield 8-22-2020, 5:26:03 PM
trevor(trevor) used a shield 8-22-2020, 5:26:03 PM
trevor(trevor) used a shield 8-22-2020, 5:26:03 PM
trevor(trevor) used a shield 8-22-2020, 5:26:03 PM
trevor(trevor) used a shield 8-22-2020, 5:26:03 PM
trevor(trevor) used a shield 8-22-2020, 5:26:03 PM
trevor(trevor) used a shield 8-22-2020, 5:26:04 PM
trevor(trevor) used a shield 8-22-2020, 5:26:04 PM
trevor(trevor) used a shield 8-22-2020, 5:26:04 PM
trevor(trevor) used a shield 8-22-2020, 5:26:04 PM
trevor(trevor) used a shield 8-22-2020, 5:26:05 PM
trevor(trevor) used a tk_ultra_health_potion 8-22-2020, 5:26:05 PM
trevor(trevor) used a tk_ultra_health_potion 8-22-2020, 5:26:05 PM
trevor(trevor) used a tk_ultra_health_potion 8-22-2020, 5:26:05 PM
trevor(trevor) used a armored_tank 8-22-2020, 5:26:37 PM
trevor(trevor) used a wood 8-22-2020, 5:27:55 PM
trevor(trevor) used a wood 8-22-2020, 5:27:58 PM
trevor(trevor) used a hand_cannon 8-22-2020, 5:30:44 PM
trevor(trevor) used a shield 8-22-2020, 5:34:19 PM
trevor(trevor) used a shield 8-22-2020, 5:34:19 PM
trevor(trevor) used a shield 8-22-2020, 5:34:19 PM
trevor(trevor) used a shield 8-22-2020, 5:34:20 PM
trevor(trevor) used a shield 8-22-2020, 5:34:20 PM
trevor(trevor) used a shield 8-22-2020, 5:34:20 PM
trevor(trevor) used a shield 8-22-2020, 5:34:20 PM
trevor(trevor) used a shield 8-22-2020, 5:34:21 PM
trevor(trevor) used a tk_ultra_health_potion 8-22-2020, 5:34:23 PM
trevor(trevor) used a tk_ultra_health_potion 8-22-2020, 5:34:23 PM
trevor(trevor) used a tk_ultra_health_potion 8-22-2020, 5:34:23 PM
trevor(trevor) used a health_drink 8-22-2020, 5:34:25 PM
trevor(trevor) used a health_drink 8-22-2020, 5:34:25 PM
trevor(trevor) used a health_drink 8-22-2020, 5:34:26 PM
trevor(trevor) used a health_drink 8-22-2020, 5:34:26 PM
trevor(trevor) used a health_drink 8-22-2020, 5:34:26 PM
trevor(trevor) used a health_drink 8-22-2020, 5:34:26 PM
trevor(trevor) used a shield 8-22-2020, 5:35:21 PM
trevor(trevor) used a shield 8-22-2020, 5:35:21 PM
trevor(trevor) used a shield 8-22-2020, 5:35:21 PM
trevor(trevor) used a shield 8-22-2020, 5:35:21 PM
trevor(trevor) used a shield 8-22-2020, 5:35:22 PM
trevor(trevor) used a tk_ultra_health_potion 8-22-2020, 5:35:22 PM
trevor(trevor) used a tk_ultra_health_potion 8-22-2020, 5:35:22 PM
trevor(trevor) used a health_drink 8-22-2020, 5:35:23 PM
trevor(trevor) used a health_drink 8-22-2020, 5:35:23 PM
trevor(trevor) used a health_drink 8-22-2020, 5:35:23 PM
trevor(trevor) used a health_drink 8-22-2020, 5:35:24 PM
trevor(trevor) used a health_drink 8-22-2020, 5:35:24 PM
trevor(trevor) used a health_drink 8-22-2020, 5:35:24 PM
trevor(trevor) used a health_drink 8-22-2020, 5:35:25 PM
trevor(trevor) used a health_drink 8-22-2020, 5:35:25 PM
trevor(trevor) used a health_drink 8-22-2020, 5:35:25 PM
trevor(trevor) used a health_drink 8-22-2020, 5:35:25 PM
trevor(trevor) used a health_drink 8-22-2020, 5:35:26 PM
trevor(trevor) used a shield 8-22-2020, 5:36:43 PM
trevor(trevor) used a shield 8-22-2020, 5:36:44 PM
trevor(trevor) used a shield 8-22-2020, 5:36:44 PM
trevor(trevor) used a shield 8-22-2020, 5:36:44 PM
trevor(trevor) used a shield 8-22-2020, 5:36:45 PM
trevor(trevor) used a shield 8-22-2020, 5:36:45 PM
trevor(trevor) used a tk_ultra_health_potion 8-22-2020, 5:36:45 PM
trevor(trevor) used a tk_ultra_health_potion 8-22-2020, 5:36:45 PM
trevor(trevor) used a tk_ultra_health_potion 8-22-2020, 5:36:46 PM
trevor(trevor) used a tk_ultra_health_potion 8-22-2020, 5:36:46 PM
trevor(trevor) used a tk_ultra_health_potion 8-22-2020, 5:36:46 PM
trevor(trevor) used a tk_ultra_health_potion 8-22-2020, 5:37:01 PM
trevor(trevor) used a tk_ultra_health_potion 8-22-2020, 5:37:02 PM
trevor(trevor) used a tk_ultra_health_potion 8-22-2020, 5:37:02 PM
trevor(trevor) used a tk_ultra_health_potion 8-22-2020, 5:37:02 PM
trevor(trevor) used a health_drink 8-22-2020, 5:37:03 PM
trevor(trevor) used a health_drink 8-22-2020, 5:37:03 PM
trevor(trevor) used a health_drink 8-22-2020, 5:37:03 PM
trevor(trevor) used a shield 8-22-2020, 5:37:24 PM
trevor(trevor) used a shield 8-22-2020, 5:37:24 PM
trevor(trevor) used a shield 8-22-2020, 5:37:24 PM
trevor(trevor) used a shield 8-22-2020, 5:37:24 PM
trevor(trevor) used a shield 8-22-2020, 5:37:25 PM
trevor(trevor) used a shield 8-22-2020, 5:37:25 PM
trevor(trevor) used a shield 8-22-2020, 5:37:25 PM
trevor(trevor) used a shield 8-22-2020, 5:37:25 PM
trevor(trevor) used a shield 8-22-2020, 5:37:25 PM
trevor(trevor) used a shield 8-22-2020, 5:37:25 PM
trevor(trevor) used a shield 8-22-2020, 5:37:26 PM
trevor(trevor) used a shield 8-22-2020, 5:37:26 PM
trevor(trevor) used a shield 8-22-2020, 5:37:26 PM
trevor(trevor) used a shield 8-22-2020, 5:37:26 PM
trevor(trevor) used a shield 8-22-2020, 5:37:26 PM
trevor(trevor) used a shield 8-22-2020, 5:37:26 PM
trevor(trevor) used a shield 8-22-2020, 5:37:26 PM
trevor(trevor) used a shield 8-22-2020, 5:37:27 PM
trevor(trevor) used a tk_ultra_health_potion 8-22-2020, 5:37:33 PM
trevor(trevor) used a tk_ultra_health_potion 8-22-2020, 5:37:33 PM
trevor(trevor) used a tk_ultra_health_potion 8-22-2020, 5:37:33 PM
trevor(trevor) used a health_drink 8-22-2020, 5:37:34 PM
trevor(trevor) used a health_drink 8-22-2020, 5:37:34 PM
trevor(trevor) used a wirebomb 8-22-2020, 5:38:17 PM
trevor(trevor) used a armored_tank 8-22-2020, 5:38:31 PM
trevor(trevor) used a canon 8-22-2020, 5:39:41 PM
trevor(trevor) used a canon 8-22-2020, 5:39:43 PM
trevor(trevor) used a canon 8-22-2020, 5:39:44 PM
trevor(trevor) used a canon 8-22-2020, 5:40:10 PM
trevor(trevor) used a canon 8-22-2020, 5:40:11 PM
trevor(trevor) used a canon 8-22-2020, 5:40:16 PM
trevor(trevor) used a canon 8-22-2020, 5:40:17 PM
trevor(trevor) used a canon 8-22-2020, 5:40:17 PM
trevor(trevor) used a canon 8-22-2020, 5:40:17 PM
trevor(trevor) used a canon 8-22-2020, 5:40:26 PM
trevor(trevor) used a canon 8-22-2020, 5:40:26 PM
trevor(trevor) used a canon 8-22-2020, 5:40:27 PM
trevor(trevor) used a canon 8-22-2020, 5:40:27 PM
trevor(trevor) used a canon 8-22-2020, 5:40:33 PM
trevor(trevor) used a canon 8-22-2020, 5:40:33 PM
trevor(trevor) used a cannon 8-22-2020, 5:40:48 PM
trevor(trevor) used a shield 8-22-2020, 5:42:39 PM
trevor(trevor) used a shield 8-22-2020, 5:42:39 PM
trevor(trevor) used a shield 8-22-2020, 5:42:39 PM
trevor(trevor) used a shield 8-22-2020, 5:42:39 PM
trevor(trevor) used a shield 8-22-2020, 5:42:39 PM
trevor(trevor) used a shield 8-22-2020, 5:42:40 PM
trevor(trevor) used a shield 8-22-2020, 5:42:40 PM
trevor(trevor) used a shield 8-22-2020, 5:42:40 PM
trevor(trevor) used a shield 8-22-2020, 5:42:40 PM
trevor(trevor) used a shield 8-22-2020, 5:42:40 PM
trevor(trevor) used a shield 8-22-2020, 5:42:40 PM
trevor(trevor) used a shield 8-22-2020, 5:42:41 PM
trevor(trevor) used a tk_ultra_health_potion 8-22-2020, 5:42:41 PM
trevor(trevor) used a wirebomb 8-22-2020, 5:42:52 PM
trevor(trevor) used a wirebomb 8-22-2020, 5:42:52 PM
trevor(trevor) used a wirebomb 8-22-2020, 5:42:53 PM
trevor(trevor) used a health_drink 8-22-2020, 5:43:04 PM
trevor(trevor) used a health_drink 8-22-2020, 5:43:04 PM
trevor(trevor) used a health_drink 8-22-2020, 5:43:04 PM
trevor(trevor) used a carrier_missile 8-22-2020, 5:44:03 PM
trevor(trevor) used a shield 8-22-2020, 5:44:43 PM
trevor(trevor) used a shield 8-22-2020, 5:44:43 PM
trevor(trevor) used a shield 8-22-2020, 5:44:43 PM
trevor(trevor) used a shield 8-22-2020, 5:44:44 PM
trevor(trevor) used a shield 8-22-2020, 5:44:44 PM
trevor(trevor) used a shield 8-22-2020, 5:44:44 PM
trevor(trevor) used a tk_ultra_health_potion 8-22-2020, 5:44:45 PM
trevor(trevor) used a tk_ultra_health_potion 8-22-2020, 5:44:45 PM
trevor(trevor) used a tk_ultra_health_potion 8-22-2020, 5:44:45 PM
trevor(trevor) used a wirebomb 8-22-2020, 5:45:02 PM
trevor(trevor) used a wirebomb 8-22-2020, 5:45:02 PM
trevor(trevor) used a wirebomb 8-22-2020, 5:45:02 PM
trevor(trevor) used a wirebomb 8-22-2020, 5:45:03 PM
trevor(trevor) used a warp_box 8-22-2020, 5:45:50 PM
trevor(trevor) used a shield 8-22-2020, 5:46:34 PM
trevor(trevor) used a shield 8-22-2020, 5:46:35 PM
trevor(trevor) used a tk_ultra_health_potion 8-22-2020, 5:46:35 PM
trevor(trevor) used a tk_ultra_health_potion 8-22-2020, 5:46:36 PM
trevor(trevor) used a tk_ultra_health_potion 8-22-2020, 5:46:36 PM
trevor(trevor) used a health_drink 8-22-2020, 5:46:37 PM
trevor(trevor) used a health_drink 8-22-2020, 5:46:37 PM
trevor(trevor) used a wirebomb 8-22-2020, 5:46:44 PM
trevor(trevor) used a wirebomb 8-22-2020, 5:46:45 PM
trevor(trevor) used a wirebomb 8-22-2020, 5:46:45 PM
trevor(trevor) used a wirebomb 8-22-2020, 5:46:45 PM
trevor(trevor) used a wirebomb 8-22-2020, 5:46:45 PM
trevor(trevor) used a wirebomb 8-22-2020, 5:46:46 PM
trevor(trevor) used a turret 8-22-2020, 5:46:50 PM
trevor(trevor) used a turret 8-22-2020, 5:46:52 PM
trevor(trevor) used a turret 8-22-2020, 5:46:52 PM
trevor(trevor) used a turret 8-22-2020, 5:46:54 PM
trevor(trevor) used a turret 8-22-2020, 5:46:54 PM
trevor(trevor) used a turret 8-22-2020, 5:46:55 PM
trevor(trevor) used a turret 8-22-2020, 5:46:58 PM
trevor(trevor) used a turret 8-22-2020, 5:46:58 PM
trevor(trevor) used a turret 8-22-2020, 5:47:01 PM
trevor(trevor) used a turret 8-22-2020, 5:47:01 PM
trevor(trevor) used a turret 8-22-2020, 5:47:02 PM
trevor(trevor) used a turret 8-22-2020, 5:47:02 PM
trevor(trevor) used a turret 8-22-2020, 5:47:02 PM
trevor(trevor) used a turret 8-22-2020, 5:47:03 PM
trevor(trevor) used a wirebomb 8-22-2020, 5:47:05 PM
trevor(trevor) used a wirebomb 8-22-2020, 5:47:05 PM
trevor(trevor) used a wirebomb 8-22-2020, 5:47:05 PM
trevor(trevor) used a wirebomb 8-22-2020, 5:47:06 PM
trevor(trevor) used a tk_ultra_health_potion 8-22-2020, 5:47:49 PM
trevor(trevor) used a tk_ultra_health_potion 8-22-2020, 5:47:50 PM
trevor(trevor) used a shield 8-22-2020, 5:48:11 PM
trevor(trevor) used a shield 8-22-2020, 5:48:11 PM
trevor(trevor) used a shield 8-22-2020, 5:48:11 PM
trevor(trevor) used a shield 8-22-2020, 5:48:12 PM
trevor(trevor) used a tk_ultra_health_potion 8-22-2020, 5:48:13 PM
trevor(trevor) used a tk_ultra_health_potion 8-22-2020, 5:48:13 PM
trevor(trevor) used a tk_ultra_health_potion 8-22-2020, 5:48:13 PM
trevor(trevor) used a health_drink 8-22-2020, 5:48:14 PM
trevor(trevor) used a health_drink 8-22-2020, 5:48:14 PM
trevor(trevor) used a frequency_scrambler 8-22-2020, 5:48:35 PM
trevor(trevor) used a frequency_scrambler 8-22-2020, 5:48:36 PM
trevor(trevor) used a frequency_scrambler 8-22-2020, 5:48:36 PM
trevor(trevor) used a frequency_scrambler 8-22-2020, 5:48:36 PM
trevor(trevor) used a frequency_scrambler 8-22-2020, 5:48:36 PM
trevor(trevor) used a frequency_scrambler 8-22-2020, 5:48:37 PM
trevor(trevor) used a frequency_scrambler 8-22-2020, 5:48:37 PM
trevor(trevor) used a frequency_scrambler 8-22-2020, 5:48:37 PM
trevor(trevor) used a frequency_scrambler 8-22-2020, 5:48:37 PM
trevor(trevor) used a shield 8-22-2020, 5:48:44 PM
trevor(trevor) used a shield 8-22-2020, 5:48:44 PM
trevor(trevor) used a shield 8-22-2020, 5:48:45 PM
trevor(trevor) used a tk_ultra_health_potion 8-22-2020, 5:48:45 PM
trevor(trevor) used a tk_ultra_health_potion 8-22-2020, 5:48:45 PM
trevor(trevor) used a health_drink 8-22-2020, 5:48:46 PM
trevor(trevor) used a health_drink 8-22-2020, 5:48:46 PM
trevor(trevor) used a wirebomb 8-22-2020, 5:48:51 PM
trevor(trevor) used a wirebomb 8-22-2020, 5:48:52 PM
trevor(trevor) used a armored_tank 8-22-2020, 5:49:29 PM
trevor(trevor) used a metal_pack 8-22-2020, 5:50:19 PM
trevor(trevor) used a metal_pack 8-22-2020, 5:50:19 PM
trevor(trevor) used a metal_pack 8-22-2020, 5:50:19 PM
trevor(trevor) used a metal_pack 8-22-2020, 5:50:19 PM
trevor(trevor) used a metal_pack 8-22-2020, 5:50:19 PM
trevor(trevor) used a metal_pack 8-22-2020, 5:50:19 PM
trevor(trevor) used a metal_pack 8-22-2020, 5:50:20 PM
trevor(trevor) used a metal_pack 8-22-2020, 5:50:20 PM
trevor(trevor) used a metal_pack 8-22-2020, 5:50:20 PM
trevor(trevor) used a metal_pack 8-22-2020, 5:50:20 PM
trevor(trevor) used a metal_pack 8-22-2020, 5:50:20 PM
trevor(trevor) used a metal_pack 8-22-2020, 5:50:20 PM
trevor(trevor) used a metal_pack 8-22-2020, 5:50:20 PM
trevor(trevor) used a metal_pack 8-22-2020, 5:50:20 PM
trevor(trevor) used a metal_pack 8-22-2020, 5:50:20 PM
trevor(trevor) used a metal_pack 8-22-2020, 5:50:21 PM
trevor(trevor) used a metal_pack 8-22-2020, 5:50:21 PM
trevor(trevor) used a metal_pack 8-22-2020, 5:50:21 PM
trevor(trevor) used a metal_pack 8-22-2020, 5:50:21 PM
trevor(trevor) used a metal_pack 8-22-2020, 5:50:21 PM
trevor(trevor) used a metal_pack 8-22-2020, 5:50:21 PM
trevor(trevor) used a metal_pack 8-22-2020, 5:50:21 PM
trevor(trevor) used a metal_pack 8-22-2020, 5:50:21 PM
trevor(trevor) used a metal_pack 8-22-2020, 5:50:22 PM
trevor(trevor) used a metal_pack 8-22-2020, 5:50:22 PM
trevor(trevor) used a metal_pack 8-22-2020, 5:50:22 PM
trevor(trevor) used a metal_pack 8-22-2020, 5:50:22 PM
trevor(trevor) used a metal_pack 8-22-2020, 5:50:22 PM
trevor(trevor) used a metal_pack 8-22-2020, 5:50:22 PM
trevor(trevor) used a metal_pack 8-22-2020, 5:50:22 PM
trevor(trevor) used a metal_pack 8-22-2020, 5:50:23 PM
trevor(trevor) used a metal_pack 8-22-2020, 5:50:23 PM
trevor(trevor) used a metal_pack 8-22-2020, 5:50:23 PM
trevor(trevor) used a metal_pack 8-22-2020, 5:50:23 PM
trevor(trevor) used a metal_pack 8-22-2020, 5:50:23 PM
trevor(trevor) used a metal 8-22-2020, 5:50:25 PM
trevor(trevor) used a wood 8-22-2020, 5:50:40 PM
trevor(trevor) used a health_drink 8-22-2020, 5:51:56 PM
trevor(trevor) used a health_drink 8-22-2020, 5:51:56 PM
trevor(trevor) used a health_drink 8-22-2020, 5:51:56 PM
trevor(trevor) used a tk_ultra_health_potion 8-22-2020, 5:51:56 PM
trevor(trevor) used a tk_ultra_health_potion 8-22-2020, 5:51:57 PM
trevor(trevor) used a tk_ultra_health_potion 8-22-2020, 5:51:57 PM
trevor(trevor) used a tk_ultra_health_potion 8-22-2020, 5:51:57 PM
trevor(trevor) used a carrier_missile 8-22-2020, 5:52:05 PM
trevor(trevor) used a carrier_missile 8-22-2020, 5:52:19 PM
trevor(trevor) used a health_drink 8-22-2020, 5:52:46 PM
trevor(trevor) used a health_drink 8-22-2020, 5:52:46 PM
trevor(trevor) used a health_drink 8-22-2020, 5:52:46 PM
trevor(trevor) used a health_drink 8-22-2020, 5:52:47 PM
trevor(trevor) used a tk_ultra_health_potion 8-22-2020, 5:53:09 PM
trevor(trevor) used a tk_ultra_health_potion 8-22-2020, 5:53:10 PM
trevor(trevor) used a health_drink 8-22-2020, 5:53:10 PM
trevor(trevor) used a health_drink 8-22-2020, 5:53:10 PM
trevor(trevor) used a health_drink 8-22-2020, 5:53:11 PM
trevor(trevor) used a stp429_mini_missile 8-22-2020, 5:55:06 PM
trevor(trevor) used a stp429_mini_missile 8-22-2020, 5:55:06 PM
trevor(trevor) used a stp429_mini_missile 8-22-2020, 5:55:06 PM
trevor(trevor) used a stp429_mini_missile 8-22-2020, 5:55:06 PM
trevor(trevor) used a stp429_mini_missile 8-22-2020, 5:55:09 PM
trevor(trevor) used a stp429_mini_missile 8-22-2020, 5:55:12 PM
trevor(trevor) used a stp429_mini_missile 8-22-2020, 5:55:18 PM
trevor(trevor) used a stp429_mini_missile 8-22-2020, 5:55:21 PM
trevor(trevor) used a stp429_mini_missile 8-22-2020, 5:55:21 PM
trevor(trevor) used a stp429_mini_missile 8-22-2020, 5:55:21 PM
trevor(trevor) used a stp429_mini_missile 8-22-2020, 5:55:25 PM
trevor(trevor) used a stp429_mini_missile 8-22-2020, 5:55:38 PM
trevor(trevor) used a stp429_mini_missile 8-22-2020, 5:55:38 PM
trevor(trevor) used a stp429_mini_missile 8-22-2020, 5:55:38 PM
trevor(trevor) used a stp429_mini_missile 8-22-2020, 5:55:38 PM
trevor(trevor) used a stp429_mini_missile 8-22-2020, 5:55:41 PM
trevor(trevor) used a stp429_mini_missile 8-22-2020, 5:55:42 PM
trevor(trevor) used a stp429_mini_missile 8-22-2020, 5:55:42 PM
trevor(trevor) used a stp429_mini_missile 8-22-2020, 5:55:42 PM
trevor(trevor) used a stp429_mini_missile 8-22-2020, 5:55:42 PM
trevor(trevor) used a stp429_mini_missile 8-22-2020, 5:55:42 PM
trevor(trevor) used a stp429_mini_missile 8-22-2020, 5:55:42 PM
trevor(trevor) used a stp429_mini_missile 8-22-2020, 5:55:42 PM
trevor(trevor) used a stp429_mini_missile 8-22-2020, 5:55:43 PM
trevor(trevor) used a stp429_mini_missile 8-22-2020, 5:55:43 PM
trevor(trevor) used a stp429_mini_missile 8-22-2020, 5:55:43 PM
trevor(trevor) used a stp429_mini_missile 8-22-2020, 5:55:43 PM
trevor(trevor) used a stp429_mini_missile 8-22-2020, 5:55:43 PM
trevor(trevor) used a stp429_mini_missile 8-22-2020, 5:55:43 PM
trevor(trevor) used a stp429_mini_missile 8-22-2020, 5:55:44 PM
trevor(trevor) used a stp429_mini_missile 8-22-2020, 5:55:45 PM
trevor(trevor) used a stp429_mini_missile 8-22-2020, 5:55:45 PM
trevor(trevor) used a stp429_mini_missile 8-22-2020, 5:55:45 PM
trevor(trevor) used a stp429_mini_missile 8-22-2020, 5:55:46 PM
trevor(trevor) used a stp429_mini_missile 8-22-2020, 5:55:46 PM
trevor(trevor) used a stp429_mini_missile 8-22-2020, 5:55:47 PM
trevor(trevor) used a stp429_mini_missile 8-22-2020, 5:55:48 PM
trevor(trevor) used a coin 8-22-2020, 5:57:01 PM
trevor(trevor) used a coin 8-22-2020, 5:57:02 PM
trevor(trevor) used a coin 8-22-2020, 5:57:03 PM
trevor(trevor) used a carrier_missile 8-22-2020, 5:58:46 PM
trevor(trevor) used a coin 8-22-2020, 6:00:11 PM
trevor(trevor) used a coin 8-22-2020, 6:00:13 PM
trevor(trevor) used a coin 8-22-2020, 6:00:14 PM
trevor(trevor) used a coin 8-22-2020, 6:00:15 PM
trevor(trevor) used a wirebomb 8-22-2020, 6:02:49 PM
trevor(trevor) used a shield 8-22-2020, 6:02:49 PM
trevor(trevor) used a shield 8-22-2020, 6:02:49 PM
trevor(trevor) used a shield 8-22-2020, 6:02:49 PM
trevor(trevor) used a shield 8-22-2020, 6:02:50 PM
trevor(trevor) used a shield 8-22-2020, 6:02:50 PM
trevor(trevor) used a shield 8-22-2020, 6:02:50 PM
trevor(trevor) used a shield 8-22-2020, 6:02:50 PM
trevor(trevor) used a shield 8-22-2020, 6:02:50 PM
trevor(trevor) used a shield 8-22-2020, 6:02:50 PM
trevor(trevor) used a shield 8-22-2020, 6:02:50 PM
trevor(trevor) used a shield 8-22-2020, 6:02:51 PM
trevor(trevor) used a shield 8-22-2020, 6:02:51 PM
trevor(trevor) used a shield 8-22-2020, 6:02:51 PM
trevor(trevor) used a shield 8-22-2020, 6:02:51 PM
trevor(trevor) used a shield 8-22-2020, 6:02:51 PM
trevor(trevor) used a shield 8-22-2020, 6:02:51 PM
trevor(trevor) used a shield 8-22-2020, 6:02:52 PM
trevor(trevor) used a shield 8-22-2020, 6:02:52 PM
trevor(trevor) used a tk_ultra_health_potion 8-22-2020, 6:02:52 PM
trevor(trevor) used a tk_ultra_health_potion 8-22-2020, 6:02:52 PM
trevor(trevor) used a tk_ultra_health_potion 8-22-2020, 6:02:53 PM
trevor(trevor) used a health_drink 8-22-2020, 6:02:53 PM
trevor(trevor) used a health_drink 8-22-2020, 6:02:54 PM
trevor(trevor) used a health_drink 8-22-2020, 6:02:54 PM
trevor(trevor) used a health_drink 8-22-2020, 6:02:54 PM
trevor(trevor) used a health_drink 8-22-2020, 6:02:54 PM
trevor(trevor) used a health_drink 8-22-2020, 6:02:55 PM
trevor(trevor) used a health_drink 8-22-2020, 6:02:55 PM
trevor(trevor) used a health_drink 8-22-2020, 6:02:55 PM
trevor(trevor) used a health_drink 8-22-2020, 6:02:56 PM
trevor(trevor) used a awp 8-22-2020, 6:03:00 PM
trevor(trevor) used a shield 8-22-2020, 6:03:35 PM
trevor(trevor) used a shield 8-22-2020, 6:03:35 PM
trevor(trevor) used a shield 8-22-2020, 6:03:36 PM
trevor(trevor) used a shield 8-22-2020, 6:03:36 PM
trevor(trevor) used a shield 8-22-2020, 6:03:36 PM
trevor(trevor) used a shield 8-22-2020, 6:03:36 PM
trevor(trevor) used a shield 8-22-2020, 6:03:36 PM
trevor(trevor) used a shield 8-22-2020, 6:03:36 PM
trevor(trevor) used a shield 8-22-2020, 6:03:37 PM
trevor(trevor) used a shield 8-22-2020, 6:03:37 PM
trevor(trevor) used a shield 8-22-2020, 6:03:37 PM
trevor(trevor) used a shield 8-22-2020, 6:03:37 PM
trevor(trevor) used a shield 8-22-2020, 6:03:37 PM
trevor(trevor) used a shield 8-22-2020, 6:03:37 PM
trevor(trevor) used a shield 8-22-2020, 6:03:37 PM
trevor(trevor) used a shield 8-22-2020, 6:03:38 PM
trevor(trevor) used a shield 8-22-2020, 6:03:38 PM
trevor(trevor) used a shield 8-22-2020, 6:03:38 PM
trevor(trevor) used a shield 8-22-2020, 6:03:38 PM
trevor(trevor) used a shield 8-22-2020, 6:03:38 PM
trevor(trevor) used a shield 8-22-2020, 6:03:38 PM
trevor(trevor) used a shield 8-22-2020, 6:03:38 PM
trevor(trevor) used a shield 8-22-2020, 6:03:39 PM
trevor(trevor) used a shield 8-22-2020, 6:03:39 PM
trevor(trevor) used a shield 8-22-2020, 6:03:39 PM
trevor(trevor) used a shield 8-22-2020, 6:03:39 PM
trevor(trevor) used a shield 8-22-2020, 6:03:39 PM
trevor(trevor) used a shield 8-22-2020, 6:03:39 PM
trevor(trevor) used a shield 8-22-2020, 6:03:39 PM
trevor(trevor) used a shield 8-22-2020, 6:03:40 PM
trevor(trevor) used a shield 8-22-2020, 6:03:40 PM
trevor(trevor) used a shield 8-22-2020, 6:03:40 PM
trevor(trevor) used a tk_ultra_health_potion 8-22-2020, 6:03:41 PM
trevor(trevor) used a tk_ultra_health_potion 8-22-2020, 6:03:41 PM
trevor(trevor) used a health_drink 8-22-2020, 6:03:41 PM
trevor(trevor) used a health_drink 8-22-2020, 6:03:42 PM
trevor(trevor) used a health_drink 8-22-2020, 6:03:42 PM
trevor(trevor) used a stp429_mini_missile 8-22-2020, 6:03:57 PM
trevor(trevor) used a stp429_mini_missile 8-22-2020, 6:03:57 PM
trevor(trevor) used a stp429_mini_missile 8-22-2020, 6:03:57 PM
trevor(trevor) used a stp429_mini_missile 8-22-2020, 6:03:58 PM
trevor(trevor) used a stp429_mini_missile 8-22-2020, 6:03:58 PM
trevor(trevor) used a stp429_mini_missile 8-22-2020, 6:03:58 PM
trevor(trevor) used a stp429_mini_missile 8-22-2020, 6:03:58 PM
trevor(trevor) used a stp429_mini_missile 8-22-2020, 6:03:58 PM
trevor(trevor) used a stp429_mini_missile 8-22-2020, 6:04:00 PM
trevor(trevor) used a stp429_mini_missile 8-22-2020, 6:04:00 PM
trevor(trevor) used a stp429_mini_missile 8-22-2020, 6:04:00 PM
trevor(trevor) used a stp429_mini_missile 8-22-2020, 6:04:00 PM
trevor(trevor) used a stp429_mini_missile 8-22-2020, 6:04:00 PM
trevor(trevor) used a stp429_mini_missile 8-22-2020, 6:04:00 PM
trevor(trevor) used a stp429_mini_missile 8-22-2020, 6:04:01 PM
trevor(trevor) used a stp429_mini_missile 8-22-2020, 6:04:01 PM
trevor(trevor) used a shield 8-22-2020, 6:04:17 PM
trevor(trevor) used a shield 8-22-2020, 6:04:17 PM
trevor(trevor) used a shield 8-22-2020, 6:04:17 PM
trevor(trevor) used a shield 8-22-2020, 6:04:17 PM
trevor(trevor) used a shield 8-22-2020, 6:04:17 PM
trevor(trevor) used a shield 8-22-2020, 6:04:18 PM
trevor(trevor) used a shield 8-22-2020, 6:04:18 PM
trevor(trevor) used a shield 8-22-2020, 6:04:18 PM
trevor(trevor) used a tk_ultra_health_potion 8-22-2020, 6:04:19 PM
trevor(trevor) used a tk_ultra_health_potion 8-22-2020, 6:04:19 PM
trevor(trevor) used a tk_ultra_health_potion 8-22-2020, 6:04:19 PM
trevor(trevor) used a tk_ultra_health_potion 8-22-2020, 6:04:20 PM
trevor(trevor) used a shield 8-22-2020, 6:08:07 PM
trevor(trevor) used a shield 8-22-2020, 6:08:07 PM
trevor(trevor) used a shield 8-22-2020, 6:08:07 PM
trevor(trevor) used a shield 8-22-2020, 6:08:07 PM
trevor(trevor) used a shield 8-22-2020, 6:08:07 PM
trevor(trevor) used a shield 8-22-2020, 6:08:08 PM
trevor(trevor) used a shield 8-22-2020, 6:08:08 PM
trevor(trevor) used a shield 8-22-2020, 6:08:08 PM
trevor(trevor) used a shield 8-22-2020, 6:08:08 PM
trevor(trevor) used a shield 8-22-2020, 6:08:08 PM
trevor(trevor) used a shield 8-22-2020, 6:08:08 PM
trevor(trevor) used a shield 8-22-2020, 6:08:09 PM
trevor(trevor) used a shield 8-22-2020, 6:08:09 PM
trevor(trevor) used a shield 8-22-2020, 6:08:09 PM
trevor(trevor) used a shield 8-22-2020, 6:08:09 PM
trevor(trevor) used a shield 8-22-2020, 6:08:09 PM
trevor(trevor) used a shield 8-22-2020, 6:08:09 PM
trevor(trevor) used a shield 8-22-2020, 6:08:09 PM
trevor(trevor) used a shield 8-22-2020, 6:08:10 PM
trevor(trevor) used a shield 8-22-2020, 6:08:10 PM
trevor(trevor) used a tk_ultra_health_potion 8-22-2020, 6:08:11 PM
trevor(trevor) used a tk_ultra_health_potion 8-22-2020, 6:08:11 PM
trevor(trevor) used a zulfikar 8-22-2020, 6:08:25 PM
trevor(trevor) used a wirebomb 8-22-2020, 6:08:42 PM
trevor(trevor) used a wirebomb 8-22-2020, 6:08:43 PM
trevor(trevor) used a armored_tank 8-22-2020, 6:08:56 PM
trevor(trevor) used a wood 8-22-2020, 6:12:29 PM
trevor(trevor) used a wood 8-22-2020, 6:12:29 PM
trevor(trevor) used a wood 8-22-2020, 6:12:29 PM
trevor(trevor) used a wood 8-22-2020, 6:12:29 PM
trevor(trevor) used a wood 8-22-2020, 6:14:31 PM
trevor(trevor) used a wood 8-22-2020, 6:14:49 PM
trevor(trevor) used a fuel_tank 8-22-2020, 6:16:12 PM
trevor(trevor) used a fuel_tank 8-22-2020, 6:16:12 PM
trevor(trevor) used a fuel_tank 8-22-2020, 6:16:13 PM
trevor(trevor) used a fuel_tank 8-22-2020, 6:16:13 PM
trevor(trevor) used a fuel_tank 8-22-2020, 6:16:13 PM
trevor(trevor) used a fuel_tank 8-22-2020, 6:16:13 PM
trevor(trevor) used a fuel_tank 8-22-2020, 6:16:14 PM
trevor(trevor) used a fuel_tank 8-22-2020, 6:16:14 PM
trevor(trevor) used a fuel_tank 8-22-2020, 6:16:22 PM
trevor(trevor) used a fuel_tank 8-22-2020, 6:16:22 PM
trevor(trevor) used a fuel_tank 8-22-2020, 6:16:23 PM
trevor(trevor) used a fuel_tank 8-22-2020, 6:16:23 PM
trevor(trevor) used a fuel_tank 8-22-2020, 6:16:23 PM
trevor(trevor) used a fuel_tank 8-22-2020, 6:16:24 PM
trevor(trevor) used a fuel_tank 8-22-2020, 6:16:24 PM
trevor(trevor) used a fuel_tank 8-22-2020, 6:16:24 PM
trevor(trevor) used a fuel_tank 8-22-2020, 6:16:25 PM
trevor(trevor) used a fuel_tank 8-22-2020, 6:16:25 PM
trevor(trevor) used a fuel_tank 8-22-2020, 6:16:25 PM
trevor(trevor) used a fuel_tank 8-22-2020, 6:16:25 PM
trevor(trevor) used a fuel_tank 8-22-2020, 6:16:26 PM
trevor(trevor) used a fuel_tank 8-22-2020, 6:16:26 PM
trevor(trevor) used a fuel_tank 8-22-2020, 6:16:26 PM
trevor(trevor) used a fuel_tank 8-22-2020, 6:16:27 PM
trevor(trevor) used a fuel_tank 8-22-2020, 6:16:27 PM
trevor(trevor) used a fuel_tank 8-22-2020, 6:16:27 PM
trevor(trevor) used a fuel_tank 8-22-2020, 6:16:28 PM
trevor(trevor) used a fuel_tank 8-22-2020, 6:16:28 PM
trevor(trevor) used a fuel_tank 8-22-2020, 6:16:28 PM
trevor(trevor) used a fuel_tank 8-22-2020, 6:16:29 PM
trevor(trevor) used a fuel_tank 8-22-2020, 6:16:29 PM
trevor(trevor) used a fuel_tank 8-22-2020, 6:16:29 PM
trevor(trevor) used a fuel_tank 8-22-2020, 6:16:30 PM
trevor(trevor) used a fuel_tank 8-22-2020, 6:16:30 PM
trevor(trevor) used a fuel_tank 8-22-2020, 6:16:30 PM
trevor(trevor) used a coin 8-22-2020, 6:16:47 PM
trevor(trevor) used a coin 8-22-2020, 6:18:15 PM
trevor(trevor) used a coin 8-22-2020, 6:18:16 PM
trevor(trevor) used a coin 8-22-2020, 6:18:30 PM
trevor(trevor) used a shipment_wpqqssx 8-22-2020, 6:19:23 PM
trevor(trevor) used a shipment_28eel2x 8-22-2020, 6:19:37 PM
trevor(trevor) used a coin 8-22-2020, 6:20:04 PM
trevor(trevor) used a coin 8-22-2020, 6:20:12 PM
trevor(trevor) used a coin 8-22-2020, 6:20:18 PM
trevor(trevor) used a awp 8-22-2020, 6:22:20 PM
trevor(trevor) used a awp 8-22-2020, 6:23:44 PM
trevor(trevor) used a awp 8-22-2020, 6:26:10 PM
trevor(trevor) used a rocket_launcher 8-22-2020, 6:27:39 PM
trevor(trevor) used a wood 8-22-2020, 6:28:29 PM
trevor(trevor) used a shield 8-22-2020, 6:29:37 PM
trevor(trevor) used a shield 8-22-2020, 6:29:38 PM
trevor(trevor) used a shield 8-22-2020, 6:29:38 PM
trevor(trevor) used a wood_pack 8-22-2020, 6:30:49 PM
trevor(trevor) used a wood_pack 8-22-2020, 6:30:49 PM
trevor(trevor) used a wood_pack 8-22-2020, 6:30:49 PM
trevor(trevor) used a wood_pack 8-22-2020, 6:30:49 PM
trevor(trevor) used a wood_pack 8-22-2020, 6:30:49 PM
trevor(trevor) used a wood_pack 8-22-2020, 6:30:49 PM
trevor(trevor) used a wood_pack 8-22-2020, 6:30:49 PM
trevor(trevor) used a wood_pack 8-22-2020, 6:30:49 PM
trevor(trevor) used a wood_pack 8-22-2020, 6:30:50 PM
trevor(trevor) used a wood_pack 8-22-2020, 6:30:50 PM
trevor(trevor) used a wood_pack 8-22-2020, 6:30:50 PM
trevor(trevor) used a wood_pack 8-22-2020, 6:30:50 PM
trevor(trevor) used a wood_pack 8-22-2020, 6:30:50 PM
trevor(trevor) used a wood_pack 8-22-2020, 6:30:50 PM
trevor(trevor) used a wood_pack 8-22-2020, 6:30:50 PM
trevor(trevor) used a wood_pack 8-22-2020, 6:30:50 PM
trevor(trevor) used a wood_pack 8-22-2020, 6:30:51 PM
trevor(trevor) used a wood_pack 8-22-2020, 6:30:51 PM
trevor(trevor) used a wood_pack 8-22-2020, 6:30:51 PM
trevor(trevor) used a wood_pack 8-22-2020, 6:30:51 PM
trevor(trevor) used a wood_pack 8-22-2020, 6:30:51 PM
trevor(trevor) used a wood_pack 8-22-2020, 6:30:51 PM
trevor(trevor) used a wood_pack 8-22-2020, 6:30:51 PM
trevor(trevor) used a wood_pack 8-22-2020, 6:30:51 PM
trevor(trevor) used a wood_pack 8-22-2020, 6:30:52 PM
trevor(trevor) used a wood_pack 8-22-2020, 6:30:52 PM
trevor(trevor) used a wood_pack 8-22-2020, 6:30:52 PM
trevor(trevor) used a wood_pack 8-22-2020, 6:30:52 PM
trevor(trevor) used a wood_pack 8-22-2020, 6:30:52 PM
trevor(trevor) used a wood_pack 8-22-2020, 6:30:52 PM
trevor(trevor) used a wood_pack 8-22-2020, 6:30:52 PM
trevor(trevor) used a wood_pack 8-22-2020, 6:30:52 PM
trevor(trevor) used a wood_pack 8-22-2020, 6:30:53 PM
trevor(trevor) used a wood_pack 8-22-2020, 6:30:53 PM
trevor(trevor) used a wood_pack 8-22-2020, 6:30:53 PM
trevor(trevor) used a wood_pack 8-22-2020, 6:30:53 PM
trevor(trevor) used a wood_pack 8-22-2020, 6:30:53 PM
trevor(trevor) used a wood_pack 8-22-2020, 6:30:53 PM
trevor(trevor) used a wood_pack 8-22-2020, 6:30:53 PM
trevor(trevor) used a wood_pack 8-22-2020, 6:30:54 PM
trevor(trevor) used a wood_pack 8-22-2020, 6:30:54 PM
trevor(trevor) used a wood_pack 8-22-2020, 6:30:54 PM
trevor(trevor) used a wood_pack 8-22-2020, 6:30:54 PM
trevor(trevor) used a wood_pack 8-22-2020, 6:30:54 PM
trevor(trevor) used a wood_pack 8-22-2020, 6:30:54 PM
trevor(trevor) used a wood_pack 8-22-2020, 6:30:54 PM
trevor(trevor) used a wood_pack 8-22-2020, 6:30:55 PM
trevor(trevor) used a wood_pack 8-22-2020, 6:30:55 PM
trevor(trevor) used a wood 8-22-2020, 6:30:58 PM
trevor(trevor) used a wood 8-22-2020, 6:31:02 PM
trevor(trevor) used a wood 8-22-2020, 6:31:03 PM
trevor(trevor) used a wood_pack 8-22-2020, 6:31:05 PM
trevor(trevor) used a wood_pack 8-22-2020, 6:31:05 PM
trevor(trevor) used a wood_pack 8-22-2020, 6:31:05 PM
trevor(trevor) used a wood_pack 8-22-2020, 6:31:05 PM
trevor(trevor) used a wood_pack 8-22-2020, 6:31:05 PM
trevor(trevor) used a wood_pack 8-22-2020, 6:31:05 PM
trevor(trevor) used a wood_pack 8-22-2020, 6:31:06 PM
trevor(trevor) used a wood_pack 8-22-2020, 6:31:06 PM
trevor(trevor) used a wood_pack 8-22-2020, 6:31:06 PM
trevor(trevor) used a wood_pack 8-22-2020, 6:31:06 PM
trevor(trevor) used a wood_pack 8-22-2020, 6:31:06 PM
trevor(trevor) used a wood_pack 8-22-2020, 6:31:06 PM
trevor(trevor) used a wood_pack 8-22-2020, 6:31:06 PM
trevor(trevor) used a wood_pack 8-22-2020, 6:31:07 PM
trevor(trevor) used a wood_pack 8-22-2020, 6:31:07 PM
trevor(trevor) used a wood_pack 8-22-2020, 6:31:07 PM
trevor(trevor) used a wood_pack 8-22-2020, 6:31:07 PM
trevor(trevor) used a wood_pack 8-22-2020, 6:31:07 PM
trevor(trevor) used a wood_pack 8-22-2020, 6:31:07 PM
trevor(trevor) used a wood_pack 8-22-2020, 6:31:07 PM
trevor(trevor) used a wood_pack 8-22-2020, 6:32:30 PM
trevor(trevor) used a wood_pack 8-22-2020, 6:32:32 PM
trevor(trevor) used a wood_pack 8-22-2020, 6:32:33 PM
trevor(trevor) used a wood_pack 8-22-2020, 6:32:33 PM
trevor(trevor) used a wood_pack 8-22-2020, 6:32:33 PM
trevor(trevor) used a wood_pack 8-22-2020, 6:32:33 PM
trevor(trevor) used a wood_pack 8-22-2020, 6:32:33 PM
trevor(trevor) used a wood_pack 8-22-2020, 6:32:33 PM
trevor(trevor) used a wood_pack 8-22-2020, 6:32:33 PM
trevor(trevor) used a wood_pack 8-22-2020, 6:32:33 PM
trevor(trevor) used a wood_pack 8-22-2020, 6:32:33 PM
trevor(trevor) used a wood_pack 8-22-2020, 6:32:34 PM
trevor(trevor) used a wood_pack 8-22-2020, 6:32:34 PM
trevor(trevor) used a wood_pack 8-22-2020, 6:32:34 PM
trevor(trevor) used a wood_pack 8-22-2020, 6:32:34 PM
trevor(trevor) used a wood_pack 8-22-2020, 6:32:34 PM
trevor(trevor) used a wood_pack 8-22-2020, 6:32:34 PM
trevor(trevor) used a wood_pack 8-22-2020, 6:32:34 PM
trevor(trevor) used a wood_pack 8-22-2020, 6:32:34 PM
trevor(trevor) used a wood_pack 8-22-2020, 6:32:35 PM
trevor(trevor) used a wood_pack 8-22-2020, 6:32:35 PM
trevor(trevor) used a wood_pack 8-22-2020, 6:32:35 PM
trevor(trevor) used a wood_pack 8-22-2020, 6:32:35 PM
trevor(trevor) used a wood_pack 8-22-2020, 6:32:35 PM
trevor(trevor) used a wood_pack 8-22-2020, 6:32:35 PM
trevor(trevor) used a wood_pack 8-22-2020, 6:32:35 PM
trevor(trevor) used a wood_pack 8-22-2020, 6:32:35 PM
trevor(trevor) used a wood_pack 8-22-2020, 6:32:36 PM
trevor(trevor) used a wood_pack 8-22-2020, 6:32:36 PM
trevor(trevor) used a wood_pack 8-22-2020, 6:32:36 PM
trevor(trevor) used a wood_pack 8-22-2020, 6:32:36 PM
trevor(trevor) used a wood 8-22-2020, 6:32:42 PM
trevor(trevor) used a wood 8-22-2020, 6:32:45 PM
trevor(trevor) used a wood 8-22-2020, 6:32:57 PM