
sergytv logged in. 12-25-2020, 1:04:54 PM
dmitriy logged in. 12-25-2020, 1:07:06 PM
dmitriy (dmitriy) said f 12-25-2020, 1:07:11 PM
sergytv disconnected 12-25-2020, 1:08:05 PM
bolgelo logged in. 12-25-2020, 1:09:23 PM
bolgelo disconnected 12-25-2020, 1:09:32 PM
dmitriy disconnected 12-25-2020, 1:11:43 PM
bolgelo logged in. 12-25-2020, 1:23:31 PM
bolgelo disconnected 12-25-2020, 1:23:34 PM
nikita-k logged in. 12-25-2020, 1:43:37 PM
nikita-k disconnected 12-25-2020, 1:44:11 PM
franklin logged in. 12-25-2020, 1:56:55 PM
franklin disconnected 12-25-2020, 1:58:30 PM
franklin logged in. 12-25-2020, 1:59:20 PM
death: wolf was totaled by franklin on map main 12-25-2020, 2:00:38 PM
death: franklin just gave  cockroach a royal beating 12-25-2020, 2:01:16 PM
death: dragonfly takes their last breath as franklin blasts them in the face one last time. Brutallity! 12-25-2020, 2:01:29 PM
death: Well, doctor doesn't exist anymore. Looks to be that franklin has ultimate victory. Clean up on main  12-25-2020, 2:01:33 PM
death: Anybody knows why robot died? I know! robot got owned by franklin! Where? On main! 12-25-2020, 2:01:37 PM
death: franklin just blasted harvester away! 12-25-2020, 2:01:40 PM
death: Well, storekeeper doesn't exist anymore. Looks to be that franklin has ultimate victory. Clean up on main  12-25-2020, 2:01:42 PM
death: franklin just mauled glider 12-25-2020, 2:01:45 PM
death: Oops? Man down! That man is glider. franklin isn't so kind on main. 12-25-2020, 2:01:50 PM
death: Man? what's this! train died? No! He's my friend! Or what... I mean, he's franklin's friend! But I still can't believe looking at how he killed them on main. 12-25-2020, 2:01:52 PM
death: Oops? Man down! That man is trainer. franklin isn't so kind on main. 12-25-2020, 2:01:54 PM
death: franklin just royally kicked boxer's ass 12-25-2020, 2:01:56 PM
death: fly takes their last breath as franklin blasts them in the face one last time. Brutallity! 12-25-2020, 2:01:58 PM
death: franklin just blew horse's brains out. Somebody get a mo 12-25-2020, 2:02:00 PM
death: dragonfly was turned to pulp by franklin 12-25-2020, 2:02:02 PM
death: the main map now contains loads of guts from cat, thanks to franklin.  12-25-2020, 2:02:04 PM
death: Anybody knows why sniper died? I know! sniper got owned by franklin! Where? On main! 12-25-2020, 2:02:06 PM
death: A pool of red reminder liquid now forms under dragonfly's corpse. franklin has the credibility for their demise.  12-25-2020, 2:02:08 PM
death: franklin just totaled car's ass on main 12-25-2020, 2:02:10 PM
death: franklin just put robot 6 feet under on main 12-25-2020, 2:02:12 PM
death: franklin just put snake 6 feet under on main 12-25-2020, 2:02:14 PM
death: surgeon's head was blown apart and now franklin plays basketball today on map main, up for a game? 12-25-2020, 2:02:16 PM
death: metallurgist just got bashed by franklin on the main map 12-25-2020, 2:02:19 PM
death: and the deathly scream of robocop pierces the air as franklin finishes them off! 12-25-2020, 2:02:26 PM
death: franklin just royally kicked surgeon's ass 12-25-2020, 2:02:29 PM
death: Another one bites the dust, psycho, you will be greatly missed on main. 12-25-2020, 2:02:33 PM
death: The main map is full now with metallurgist's guts as franklin owned them! 12-25-2020, 2:02:36 PM
death: car, I believe franklin had something to say. 12-25-2020, 2:02:39 PM
death: franklin just royally kicked dog's ass 12-25-2020, 2:02:42 PM
death: A new corpse of wolf is flying on main, because franklin made this to happen! 12-25-2020, 2:02:45 PM
death: Man? what's this! glider died? No! He's my friend! Or what... I mean, he's franklin's friend! But I still can't believe looking at how he killed them on main. 12-25-2020, 2:02:48 PM
death: A new freshly killed blood of robocop lies now on main, thanks franklin! 12-25-2020, 2:02:55 PM
death: franklin laughs mockingly at the dying form of fly on main 12-25-2020, 2:02:58 PM
death: cat was totaled by franklin on map main 12-25-2020, 2:03:00 PM
death: He shoots, he scores! trainer's testicles went flying through the hoops on map main. franklin stands tall with quite the sinical smile. 12-25-2020, 2:03:02 PM
death: the main map now contains loads of guts from rocketlauncher, thanks to franklin.  12-25-2020, 2:03:06 PM
death: franklin just totaled robot's ass on main 12-25-2020, 2:03:08 PM
death: grandpa just got annihilated by franklin 12-25-2020, 2:03:10 PM
death: Man? what's this! dentist died? No! He's my friend! Or what... I mean, he's franklin's friend! But I still can't believe looking at how he killed them on main. 12-25-2020, 2:03:12 PM
death: ownage! cyborg managed to escape by killing franklin on the map main 12-25-2020, 2:03:14 PM
death: a bloody corpse of sniper now lies on map main, thanks to franklin 12-25-2020, 2:03:16 PM
death: franklin just put the smack down on cyborg 12-25-2020, 2:03:18 PM
death: Somebody call 9 1 1, oh wait, rain check. franklin gives no shits. Peace out, metallurgist 12-25-2020, 2:03:20 PM
death: A pool of red reminder liquid now forms under cockroach's corpse. franklin has the credibility for their demise.  12-25-2020, 2:03:24 PM
death: gangster was totaled by franklin on map main 12-25-2020, 2:03:26 PM
death: ownage! hunter managed to escape by killing franklin on the map main 12-25-2020, 2:03:28 PM
death: oy, where'd welder go. Do you happen to know, franklin? 12-25-2020, 2:03:30 PM
death: franklin is so happy because he killed wolf on main! 12-25-2020, 2:03:32 PM
death: franklin is so happy because he killed grandpa on main! 12-25-2020, 2:03:36 PM
death: There's a light at the end of the tunnel flamethrower, actually, fuck that. franklin ran you down. Sor'r'r'r'r'r'r'r'r'r'ry 12-25-2020, 2:03:40 PM
death: franklin killed psycho on main. 12-25-2020, 2:03:42 PM
death: fly really made a mess of franklin on the main map.  12-25-2020, 2:03:45 PM
death: dog died. Why? Because franklin owned them on main. 12-25-2020, 2:03:48 PM
death: Somebody call 9 1 1, oh wait, rain check. franklin gives no shits. Peace out, pan 12-25-2020, 2:03:51 PM
death: Breaking news! Today, franklin killed lion so easy on main! isn't it a good news? 12-25-2020, 2:03:58 PM
death: Another one bites the dust! cockroach, have fun, I'm sure franklin is 12-25-2020, 2:04:02 PM
death: gangster really made a mess of franklin on the main map.  12-25-2020, 2:04:05 PM
death: franklin just put the smack down on fly 12-25-2020, 2:04:09 PM
death: A new corpse of nurse is flying on main, because franklin made this to happen! 12-25-2020, 2:04:12 PM
death: zombie's head was blown apart and now franklin plays basketball today on map main, up for a game? 12-25-2020, 2:04:27 PM
death: Man? what's this! soldier died? No! He's my friend! Or what... I mean, he's franklin's friend! But I still can't believe looking at how he killed them on main. 12-25-2020, 2:04:30 PM
death: robocop was nuked out of existance by franklin 12-25-2020, 2:04:35 PM
death: a bloody corpse of rat now lies on map main, thanks to franklin 12-25-2020, 2:04:38 PM
death: dragonfly was nuked off the map main by franklin 12-25-2020, 2:04:41 PM
death: A new freshly killed blood of pan lies now on main, thanks franklin! 12-25-2020, 2:04:44 PM
death: tushkano just got creamed by franklin 12-25-2020, 2:04:46 PM
death: oy, where'd franklin go. Do you happen to know, nurse? 12-25-2020, 2:04:49 PM
death: There's a light at the end of the tunnel nurse, actually, fuck that. franklin ran you down. Sor'r'r'r'r'r'r'r'r'r'ry 12-25-2020, 2:04:50 PM
death: franklin just beat the shit out of snake 12-25-2020, 2:07:25 PM
death: A new corpse of boxer is flying on zalp, because franklin made this to happen! 12-25-2020, 2:07:42 PM
franklin disconnected 12-25-2020, 2:23:51 PM
franklin logged in. 12-25-2020, 2:26:47 PM
franklin (franklin) said diediediedie 12-25-2020, 2:29:19 PM
death: Somebody call 9 1 1, oh wait, rain check. franklin gives no shits. Peace out, boxer 12-25-2020, 2:30:00 PM
death: OK, let's see what else franklin can do for boxer on boxing. I saw he killed them! 12-25-2020, 2:30:02 PM
death: A new freshly killed blood of boxer lies now on boxing, thanks franklin! 12-25-2020, 2:30:04 PM
death: Another one bites the dust! trainer, have fun, I'm sure franklin is 12-25-2020, 2:30:09 PM
death: because of the villany of franklin, trainer will no longer have a beating heart again, because it is broken on the boxing map.  12-25-2020, 2:30:19 PM
death: OK, let's see what else franklin can do for trainer on boxing. I saw he killed them! 12-25-2020, 2:30:27 PM
death: franklin just blew boxer's brains out. Somebody get a mo 12-25-2020, 2:30:31 PM
nikita-k logged in. 12-25-2020, 2:34:49 PM
nikita-k logged in. 12-25-2020, 2:35:24 PM
franklin logged in. 12-25-2020, 2:35:28 PM
franklin disconnected 12-25-2020, 2:35:41 PM
franklin logged in. 12-25-2020, 2:35:44 PM
nikita-k (nikita-k) said a 12-25-2020, 2:36:40 PM
franklin (franklin) said die! 12-25-2020, 2:36:43 PM
nikita-k disconnected 12-25-2020, 2:37:15 PM
nikita-k logged in. 12-25-2020, 2:37:18 PM
nikita-k disconnected 12-25-2020, 2:37:25 PM
nikita-k logged in. 12-25-2020, 2:41:09 PM
nikita-k logged in. 12-25-2020, 2:41:19 PM
franklin logged in. 12-25-2020, 2:41:22 PM
nikita-k disconnected 12-25-2020, 2:41:32 PM
nikita-k logged in. 12-25-2020, 2:41:34 PM
nikita-k disconnected 12-25-2020, 2:42:05 PM
franklin disconnected 12-25-2020, 2:43:56 PM
nikita-k logged in. 12-25-2020, 2:44:03 PM
nikita-k disconnected 12-25-2020, 2:44:51 PM
nikita-k logged in. 12-25-2020, 2:46:34 PM
nikita-k disconnected 12-25-2020, 2:47:37 PM
nikita-k logged in. 12-25-2020, 2:47:39 PM
nikita-k disconnected 12-25-2020, 2:48:30 PM
sergytv logged in. 12-25-2020, 2:57:24 PM
sergytv disconnected 12-25-2020, 2:57:36 PM
sergytv logged in. 12-25-2020, 2:57:41 PM
sergytv lost connection 12-25-2020, 2:58:34 PM
sergytv logged in. 12-25-2020, 2:58:58 PM
sergytv disconnected 12-25-2020, 2:59:13 PM
sergytv logged in. 12-25-2020, 2:59:17 PM
sergytv disconnected 12-25-2020, 2:59:32 PM
nikita-k logged in. 12-25-2020, 3:16:38 PM
nikita-k updated the message of the day to Новая версия the killer, 1.98.4! Приятной игры! 12-25-2020, 3:17:16 PM
nikita-k disconnected 12-25-2020, 3:18:37 PM
nikita-k logged in. 12-25-2020, 3:18:40 PM
magistral logged in. 12-25-2020, 3:20:57 PM
nikita-k logged in. 12-25-2020, 3:25:26 PM
magistral logged in. 12-25-2020, 3:25:28 PM
death: magistral's feet just gave nikita-k what for! 12-25-2020, 3:26:54 PM
death: A pool of red reminder liquid now forms under magistral's corpse. nikita-k's admingun has the credibility for their demise.  12-25-2020, 3:27:12 PM
magistral (magistral) said things finally start getting back to normal! 12-25-2020, 3:37:47 PM
nikita-k updated the message of the day to Hi, and welcome! 12-25-2020, 3:38:52 PM
death: magistral just blew coyote's brains out. Somebody get a mo 12-25-2020, 3:40:23 PM
death: psychiatrist, I believe magistral had something to say. 12-25-2020, 3:40:36 PM
death: magistral just totaled monster's ass on zalp 12-25-2020, 3:41:02 PM
death: because of the villany of magistral, cockroach will no longer have a beating heart again, because it is broken on the zalp map.  12-25-2020, 3:41:18 PM
death: Well, fly doesn't exist anymore. Looks to be that magistral has ultimate victory. Clean up on zalp  12-25-2020, 3:41:29 PM
death: magistral just used the grounds of the zalp map to teach dragonfly a very important lesson!  12-25-2020, 3:41:41 PM
death: Damn, magistral, that was quite a vicious display of violence towards glider 12-25-2020, 3:41:52 PM
death: magistral just gave grandpa what for! 12-25-2020, 3:42:10 PM
death: magistral killed metallurgist on zalp. 12-25-2020, 3:42:17 PM
death: He shoots, he scores! magistral's testicles went flying through the hoops on map zalp. Amphibian stands tall with quite the sinical smile. 12-25-2020, 3:42:39 PM
death: and splat goes gangster, with magistral standing over them with quite the smile 12-25-2020, 3:43:28 PM
death: He shoots, he scores! boar's testicles went flying through the hoops on map zalp. magistral stands tall with quite the sinical smile. 12-25-2020, 3:43:41 PM
death: Rest  in piece, doctor. We'll sure miss you, guess we can thank magistral for what they did. 12-25-2020, 3:44:02 PM
death: dragonfly, You have a murderer on line 1, go ahead magistral  12-25-2020, 3:44:09 PM
death: magistral just put polarbear 6 feet under on zalp 12-25-2020, 3:44:21 PM
death: zalp smells pretty dank. bluedragon needs a proper barrial by magistral 12-25-2020, 3:45:18 PM
death: magistral just put harvester 6 feet under on zalp 12-25-2020, 3:45:35 PM
death: rat has been terminated by magistral 12-25-2020, 3:45:46 PM
death: and the deathly scream of helicopter pierces the air as magistral finishes them off! 12-25-2020, 3:45:55 PM
death: magistral killed cat on zalp. 12-25-2020, 3:47:07 PM
death: magistral just put helicopter 6 feet under on zalp 12-25-2020, 3:47:16 PM
death: magistral is so happy because he killed gun on zalp! 12-25-2020, 3:47:30 PM
death: Is there a doctor on the mapzalp? polarbear has no paulse. Oh, there isn't? Okay. magistral laughs. 12-25-2020, 3:47:50 PM
death: Somebody call 9 1 1, oh wait, rain check. magistral gives no shits. Peace out, harvester 12-25-2020, 3:48:04 PM
death: magistral just totaled leopard's ass on zalp 12-25-2020, 3:48:22 PM
magistral disconnected 12-25-2020, 3:49:00 PM
magistral logged in. 12-25-2020, 3:53:59 PM
nikita-k lost connection 12-25-2020, 3:54:35 PM
magistral disconnected 12-25-2020, 3:55:57 PM
magistral logged in. 12-25-2020, 3:56:44 PM
nikita-k logged in. 12-25-2020, 3:57:48 PM
franklin logged in. 12-25-2020, 3:59:03 PM
franklin (franklin) said die 12-25-2020, 4:02:32 PM
nikita-k (nikita-k) said diediedie 12-25-2020, 4:02:36 PM
magistral (magistral) said xdd.map 12-25-2020, 4:02:42 PM
magistral (magistral) said oy 12-25-2020, 4:02:44 PM
vinni logged in. 12-25-2020, 4:05:05 PM
magistral (magistral) said hi 12-25-2020, 4:05:10 PM
nikita-k (nikita-k) said die 12-25-2020, 4:05:12 PM
franklin (franklin) said and die 12-25-2020, 4:05:14 PM
vinni (vinni) said yo! 12-25-2020, 4:05:17 PM
franklin (franklin) said zalp 12-25-2020, 4:05:21 PM
franklin (franklin) said gmsubmit 29 12-25-2020, 4:05:35 PM
death: nikita-k, I believe nikita-k's wirebomb had something to say. 12-25-2020, 4:08:52 PM
death: nikita-k's wirebomb just royally kicked vinni's ass 12-25-2020, 4:08:52 PM
death: magistral was turned to pulp by hazard 12-25-2020, 4:08:53 PM
death: challenge maps smells pretty dank. magistral needs a proper barrial by the laws of gravity 12-25-2020, 4:08:54 PM
magistral (magistral) said oyoyoyoyoyoyoyoyoy 12-25-2020, 4:09:01 PM
vinni disconnected 12-25-2020, 4:09:16 PM
vinni logged in. 12-25-2020, 4:09:21 PM
death: Well, magistral doesn't exist anymore. Looks to be that hazard has ultimate victory. Clean up on store  12-25-2020, 4:09:22 PM
death: Oops? Man down! That man is magistral. nikita-k's wirebomb isn't so kind on store. 12-25-2020, 4:09:28 PM
death: nikita-k's wirebomb just completely and totally pulvarized vinni over here! 12-25-2020, 4:09:28 PM
franklin disconnected 12-25-2020, 4:09:39 PM
death: Is there a doctor on the mapweapon store? franklin has no paulse. Oh, there isn't? Okay. nikita-k's wirebomb laughs. 12-25-2020, 4:09:39 PM
vinni disconnected 12-25-2020, 4:09:43 PM
franklin logged in. 12-25-2020, 4:09:48 PM
vinni logged in. 12-25-2020, 4:09:58 PM
death: magistral really made a mess of hazard on the store map.  12-25-2020, 4:10:19 PM
stronger logged in. 12-25-2020, 4:11:28 PM
death: because of the villany of hazard, magistral will no longer have a beating heart again, because it is broken on the to go to the boxing ring, press enter map.  12-25-2020, 4:11:29 PM
death: and splat goes magistral, with the laws of gravity standing over them with quite the smile 12-25-2020, 4:11:29 PM
death: Anybody knows why magistral died? I know! magistral got owned by hazard! Where? On store! 12-25-2020, 4:11:47 PM
death: stronger got fucked up by hazard on store. 12-25-2020, 4:11:48 PM
death: hazard just totaled magistral's ass on store 12-25-2020, 4:11:51 PM
death: hazard just put stronger 6 feet under on store 12-25-2020, 4:11:52 PM
death: and splat goes magistral, with hazard standing over them with quite the smile 12-25-2020, 4:11:54 PM
death: stronger got fucked up by hazard on store. 12-25-2020, 4:11:55 PM
death: magistral was nuked off the map store by hazard 12-25-2020, 4:11:59 PM
death: Man? what's this! stronger died? No! He's my friend! Or what... I mean, he's hazard's friend! But I still can't believe looking at how he killed them on store. 12-25-2020, 4:11:59 PM
death: vinni was nuked out of existance by hazard 12-25-2020, 4:12:00 PM
death: vinni, I believe hazard had something to say. 12-25-2020, 4:12:06 PM
death: stronger was nuked out of existance by hazard 12-25-2020, 4:12:09 PM
death: stronger was nuked off the map store by hazard 12-25-2020, 4:12:12 PM
stronger disconnected 12-25-2020, 4:12:29 PM
death: Damn, hazard, that was quite a vicious display of violence towards magistral 12-25-2020, 4:13:17 PM
death: Oops? Man down! That man is vinni. boxer isn't so kind on boxing. 12-25-2020, 4:15:32 PM
death: Breaking news! Today, vinni killed boxer so easy on boxing! isn't it a good news? 12-25-2020, 4:15:34 PM
vinni (vinni) said Pm from filips2020: http://paradise-server.ddns.net/ 12-25-2020, 4:16:31 PM
vinni disconnected 12-25-2020, 4:17:25 PM
vinni logged in. 12-25-2020, 4:17:36 PM
magistral (magistral) said 40, 35, 45.  12-25-2020, 4:17:48 PM
vinni disconnected 12-25-2020, 4:18:29 PM
stronger logged in. 12-25-2020, 4:22:02 PM
death: A new corpse of magistral is flying on store, because hazard made this to happen! 12-25-2020, 4:23:00 PM
death: Well, magistral doesn't exist anymore. Looks to be that the laws of gravity has ultimate victory. Clean up on store  12-25-2020, 4:23:00 PM
death: A new freshly killed blood of magistral lies now on store, thanks hazard! 12-25-2020, 4:26:17 PM
death: Somebody call 9 1 1, oh wait, rain check. the laws of gravity gives no shits. Peace out, magistral 12-25-2020, 4:26:17 PM
death: the laws of gravity just totaled magistral's ass on weapon store 12-25-2020, 4:26:28 PM
magistral (magistral) said mapname:weapon
maxx:1000
maxy:1000
maxz:1000
tile:0:1000:0:1000:0:0:gravel3
tile:1:1000:0:1000:0:0:hazard
tile:0:0:0:0:5:5:beam
tile:1:1:2:2:5:5:beam
src:0:1000:0:1000:0:40:fire.ogg
tile:3:3:7:15:5:5:beam
tile:5:5:20:20:5:15:branch
tile:10:30:20:30:15:15:bleacher
tile:30:30:30:30:20:20:concrete
tile:33:33:34:34:20:50:beam
tile:39:39:34:34:50:50:cement3
tile:40:40:35:35:45:45:concrete5
tile:40:40:40:40:45:45:concrete7 12-25-2020, 4:26:53 PM
death: hazard just blew magistral's brains out. Somebody get a mo 12-25-2020, 4:26:54 PM
death: Breaking news! Today, the laws of gravity killed magistral so easy on store! isn't it a good news? 12-25-2020, 4:26:54 PM
death: magistral just got their ass handed to them on a platter, happily served by the laws of gravity 12-25-2020, 4:27:19 PM
death: franklin just got bashed by nikita-k's admingun on the fun lawn map 12-25-2020, 4:27:34 PM
death: Breaking news! Today, heavy hammer killed nikita-k so easy on fun lawn! isn't it a good news? 12-25-2020, 4:27:52 PM
death: stronger just gave rat what for! 12-25-2020, 4:28:00 PM
death: and splat goes magistral, with hazard standing over them with quite the smile 12-25-2020, 4:28:13 PM
death: the laws of gravity just blew magistral's brains out. Somebody get a mo 12-25-2020, 4:28:13 PM
death: cockroach died. Why? Because stronger owned them on zalp. 12-25-2020, 4:28:32 PM
death: surgeon was nuked out of existance by stronger 12-25-2020, 4:28:40 PM
death: ownage! car managed to escape by killing franklin on the map zalp 12-25-2020, 4:28:59 PM
death: stronger was turned to pulp by franklin's hand_grenade 12-25-2020, 4:29:10 PM
death: franklin just completely and totally pulvarized tushkano over here! 12-25-2020, 4:29:29 PM
death: franklin just condemned patient to hell! 12-25-2020, 4:29:38 PM
death: hazard just condemned magistral to hell! 12-25-2020, 4:30:05 PM
death: Another one bites the dust! magistral, have fun, I'm sure the laws of gravity is 12-25-2020, 4:30:05 PM
death: franklin just totaled trainer's ass on zalp 12-25-2020, 4:30:13 PM
death: The zalp map is full now with worm's guts as franklin owned them! 12-25-2020, 4:30:22 PM
death: Oh flapjacks, weapon store looks like a big bloody mess. the laws of gravity definitely pushed hard to use magistral's remains as a deceration 12-25-2020, 4:32:04 PM
franklin disconnected 12-25-2020, 4:32:35 PM
franklin logged in. 12-25-2020, 4:32:38 PM
vinni logged in. 12-25-2020, 4:32:50 PM
magistral disconnected 12-25-2020, 4:33:28 PM
rider logged in. 12-25-2020, 4:33:31 PM
magistral logged in. 12-25-2020, 4:33:40 PM
franklin (franklin) said ух кто зашол 12-25-2020, 4:33:45 PM
rider disconnected 12-25-2020, 4:34:32 PM
trapper logged in. 12-25-2020, 4:35:36 PM
trapper disconnected 12-25-2020, 4:35:55 PM
trapper logged in. 12-25-2020, 4:36:01 PM
trapper disconnected 12-25-2020, 4:36:13 PM
trapper logged in. 12-25-2020, 4:36:28 PM
death: You know that particular element in physics where velocity increases as you fall? yeah, trapper learned that really fuckin quick, and we can thank no one. 12-25-2020, 4:36:29 PM
death: hazard just beat the shit out of magistral 12-25-2020, 4:36:45 PM
death: trainer just put the smack down on vinni 12-25-2020, 4:37:26 PM
death: boxer was totaled by stronger on map boxing 12-25-2020, 4:38:25 PM
death: A new corpse of boxer is flying on boxing, because stronger made this to happen! 12-25-2020, 4:38:30 PM
death: trainer has been terminated by stronger 12-25-2020, 4:38:31 PM
death: The boxing map is full now with boxer's guts as franklin owned them! 12-25-2020, 4:38:41 PM
death: boxer really made a mess of stronger on the boxing map.  12-25-2020, 4:38:53 PM
death: A new corpse of boxer is flying on boxing, because stronger made this to happen! 12-25-2020, 4:38:59 PM
death: stronger died. Why? Because franklin's modern_sub_machine_gun_carbine owned them on boxing ring. 12-25-2020, 4:39:07 PM
death: trapper's stp21_handgun just royally kicked stronger's ass 12-25-2020, 4:39:44 PM
death: franklin's modern_sub_machine_gun_carbine just beat the shit out of trapper 12-25-2020, 4:39:59 PM
death: franklin's modern_sub_machine_gun_carbine killed stronger on viewing platform. 12-25-2020, 4:40:16 PM
death: Man? what's this! trapper died? No! He's my friend! Or what... I mean, he's franklin's modern_sub_machine_gun_carbine's friend! But I still can't believe looking at how he killed them on viewing platform. 12-25-2020, 4:40:48 PM
death: Breaking news! Today, heavy hammer killed magistral so easy on enter! isn't it a good news? 12-25-2020, 4:41:22 PM
death: A new corpse of magistral is flying on enter, because the laws of gravity made this to happen! 12-25-2020, 4:41:25 PM
trapper disconnected 12-25-2020, 4:42:17 PM
trapper logged in. 12-25-2020, 4:42:19 PM
death: franklin just blasted trainer away! 12-25-2020, 4:42:34 PM
mihail logged in. 12-25-2020, 4:42:46 PM
death: stronger just gave  trainer a royal beating 12-25-2020, 4:44:10 PM
nikita-k (nikita-k) said steal_warhammer, 1 12-25-2020, 4:44:11 PM
death: trapper's stp21_handgun just used the grounds of the boxing ring map to teach stronger a very important lesson!  12-25-2020, 4:44:15 PM
death: Rest  in piece, trapper. We'll sure miss you, guess we can thank trainer for what they did. 12-25-2020, 4:44:26 PM
death: gravaty just finished pulling the corpse of trainer to the ground of the boxing map, and we can thank stronger for the help!  12-25-2020, 4:44:56 PM
death: stronger just completely and totally pulvarized boxer over here! 12-25-2020, 4:45:06 PM
death: Man? what's this! kirill1 died? No! He's my friend! Or what... I mean, he's mihail's friend! But I still can't believe looking at how he killed them on kirill's_world. 12-25-2020, 4:45:14 PM
death: trapper just completely and totally pulvarized trainer over here! 12-25-2020, 4:45:14 PM
death: stronger laughs mockingly at the dying form of boxer on boxing 12-25-2020, 4:45:17 PM
death: boxer was given what was coming to them, thank you stronger! 12-25-2020, 4:45:30 PM
death: boxer just got bashed by stronger on the boxing map 12-25-2020, 4:45:30 PM
death: OK, let's see what else stronger's modern_sub_machine_gun_carbine can do for trapper on boxing ring. I saw he killed them! 12-25-2020, 4:45:32 PM
death: the boxing map now contains loads of guts from boxer, thanks to stronger.  12-25-2020, 4:45:44 PM
death: Is there a doctor on the mapkirill's_world? kirill3 has no paulse. Oh, there isn't? Okay. mihail laughs. 12-25-2020, 4:45:44 PM
death: A new corpse of kirill2 is flying on kirill's_world, because mihail made this to happen! 12-25-2020, 4:45:52 PM
death: because of the villany of stronger, boxer will no longer have a beating heart again, because it is broken on the boxing map.  12-25-2020, 4:45:56 PM
death: A pool of red reminder liquid now forms under trainer's corpse. stronger has the credibility for their demise.  12-25-2020, 4:45:56 PM
death: mihail just condemned kirill4 to hell! 12-25-2020, 4:46:00 PM
death: boxer was turned to pulp by stronger 12-25-2020, 4:46:04 PM
death: A new corpse of mihail is flying on kirill's_world, because kirill3 made this to happen! 12-25-2020, 4:46:12 PM
death: Another one bites the dust, trainer, you will be greatly missed on boxing. 12-25-2020, 4:46:12 PM
death: Another one bites the dust! trainer, have fun, I'm sure stronger is 12-25-2020, 4:46:13 PM
death: stronger just completely and totally pulvarized boxer over here! 12-25-2020, 4:46:26 PM
death: boxer just got their ass handed to them on a platter, happily served by stronger 12-25-2020, 4:46:33 PM
death: boxer died. Why? Because stronger owned them on boxing. 12-25-2020, 4:46:33 PM
death: stronger just blasted trainer away! 12-25-2020, 4:46:48 PM
death: and the deathly scream of boxer pierces the air as stronger finishes them off! 12-25-2020, 4:46:50 PM
death: boxer was nuked off the map boxing by stronger 12-25-2020, 4:47:01 PM
death: trainer got fucked up by stronger on boxing. 12-25-2020, 4:47:03 PM
death: stronger just beat the shit out of boxer 12-25-2020, 4:47:13 PM
death: boxer was just obliterated by the force of stronger on boxing 12-25-2020, 4:47:16 PM
death: mihail's modern_sub_machine_gun_carbine just mauled stronger 12-25-2020, 4:47:22 PM
death: Well, boxer doesn't exist anymore. Looks to be that mihail has ultimate victory. Clean up on boxing  12-25-2020, 4:47:23 PM
death: boxer, I believe mihail had something to say. 12-25-2020, 4:47:32 PM
death: boxer just got their ass handed to them on a platter, happily served by mihail 12-25-2020, 4:47:40 PM
death: A new corpse of boxer is flying on boxing, because mihail made this to happen! 12-25-2020, 4:47:45 PM
death: vinni's hand_grenade killed mihail on arena. 12-25-2020, 4:48:40 PM
death: magistral's hand_grenade just royally kicked vinni's ass 12-25-2020, 4:48:51 PM
death: Stay clear of arena, vinni has begun decaying. Thanks magistral's hand_grenade 12-25-2020, 4:49:07 PM
death: magistral's hand_grenade just neutralized mihail 12-25-2020, 4:49:20 PM
death: OK, let's see what else magistral's hand_grenade can do for vinni on arena. I saw he killed them! 12-25-2020, 4:49:30 PM
death: Another one bites the dust, mortal, you will be greatly missed on event2. 12-25-2020, 4:49:36 PM
mihail sent a Pm to magistral: you bitch 12-25-2020, 4:49:47 PM
death: mihail was turned to pulp by heavy hammer 12-25-2020, 4:50:06 PM
death: Rest  in piece, magistral. We'll sure miss you, guess we can thank vinni's hand_grenade for what they did. 12-25-2020, 4:50:07 PM
death: magistral got fucked up by vinni's hand_grenade on arena. 12-25-2020, 4:50:39 PM
death: Somebody call 9 1 1, oh wait, rain check. magistral's hand_grenade gives no shits. Peace out, franklin 12-25-2020, 4:51:00 PM
death: vinni was nuked out of existance by magistral's hand_grenade 12-25-2020, 4:51:06 PM
death: magistral's hand_grenade just put vinni 6 feet under on arena 12-25-2020, 4:51:26 PM
mihail disconnected 12-25-2020, 4:51:47 PM
death: I think I just saw vinni's corpse flying as magistral's hand_grenade owned them on arena. 12-25-2020, 4:51:56 PM
death: Another one bites the dust, mortal, you will be greatly missed on event2. 12-25-2020, 4:51:59 PM
vinni disconnected 12-25-2020, 4:52:02 PM
death: franklin got fucked up by magistral's hand_grenade on arena. 12-25-2020, 4:52:22 PM
vinni logged in. 12-25-2020, 4:52:38 PM
mihail logged in. 12-25-2020, 4:53:23 PM
death: Rest  in piece, magistral. We'll sure miss you, guess we can thank franklin's hand_grenade for what they did. 12-25-2020, 4:53:25 PM
mihail disconnected 12-25-2020, 4:53:41 PM
mihail logged in. 12-25-2020, 4:53:44 PM
death: He shoots, he scores! mortal's testicles went flying through the hoops on map event2. franklin stands tall with quite the sinical smile. 12-25-2020, 4:53:56 PM
mihail (mihail) said windows longhorn, gg 12-25-2020, 4:54:03 PM
nikita-k (nikita-k) said roflflflflfl 12-25-2020, 4:54:09 PM
mihail (mihail) said ГГ 12-25-2020, 4:54:19 PM
death: franklin's rpg7 just condemned franklin to hell! 12-25-2020, 4:54:25 PM
mihail (mihail) said не, ну а чо 12-25-2020, 4:54:28 PM
mihail (mihail) said прикольно 12-25-2020, 4:54:33 PM
death: mortal was turned to pulp by magistral 12-25-2020, 4:54:37 PM
nikita-k (nikita-k) said разные теперь звуки 12-25-2020, 4:54:38 PM
nikita-k (nikita-k) said welcome 12-25-2020, 4:54:43 PM
death: magistral just used the grounds of the event2 map to teach metalbox a very important lesson!  12-25-2020, 4:54:47 PM
magistral (magistral) said 1908320 coins 12-25-2020, 4:54:52 PM
mihail (mihail) said знаю, всегда чейндж логи смотрю 12-25-2020, 4:54:57 PM
nikita-k (nikita-k) said ok 12-25-2020, 4:55:07 PM
death: franklin's hand_grenade just completely and totally pulvarized magistral over here! 12-25-2020, 4:55:20 PM
magistral (magistral) said 1908320 coins 12-25-2020, 4:55:29 PM
mihail (mihail) said wo! 12-25-2020, 4:55:33 PM
death: franklin's rpg7 laughs mockingly at the dying form of magistral on arena 12-25-2020, 4:55:53 PM
death: because of the villany of magistral's hand_grenade, vinni will no longer have a beating heart again, because it is broken on the arena map.  12-25-2020, 4:56:08 PM
death: franklin just got annihilated by vinni's hand_cannon 12-25-2020, 4:56:40 PM
death: vinni's hand_cannon just neutralized magistral 12-25-2020, 4:57:03 PM
death: OK, let's see what else vinni's hand_cannon can do for trapper on arena. I saw he killed them! 12-25-2020, 4:57:21 PM
vinni disconnected 12-25-2020, 4:57:34 PM
death: Well, ramil doesn't exist anymore. Looks to be that franklin's hand_grenade has ultimate victory. Clean up on arena  12-25-2020, 4:57:48 PM
death: mihail takes their last breath as the laws of gravity blasts them in the face one last time. Brutallity! 12-25-2020, 4:57:50 PM
mihail disconnected 12-25-2020, 4:58:07 PM
death: Well, franklin doesn't exist anymore. Looks to be that ramil's hand_grenade has ultimate victory. Clean up on arena  12-25-2020, 4:58:20 PM
death: franklin's hand_grenade just royally kicked ramil's ass 12-25-2020, 4:58:47 PM
death: ramil just got annihilated by trapper's cannon 12-25-2020, 4:59:01 PM
death: ramil got fucked up by franklin's hand_grenade on arena. 12-25-2020, 4:59:18 PM
death: franklin's head was blown apart and now ramil's hand_grenade plays basketball today on map arena, up for a game? 12-25-2020, 4:59:26 PM
death: Stay clear of arena, ramil has begun decaying. Thanks franklin's hand_grenade 12-25-2020, 4:59:51 PM
death: franklin killed chest on event2. 12-25-2020, 4:59:57 PM
death: and splat goes franklin, with ramil's hand_grenade standing over them with quite the smile 12-25-2020, 5:00:05 PM
death: ramil died. Why? Because trapper's turret 356 owned them on arena. 12-25-2020, 5:00:19 PM
death: arena smells pretty dank. franklin needs a proper barrial by franklin's rpg7 12-25-2020, 5:00:41 PM
death: ramil was totaled by trapper's turret 356 on map arena 12-25-2020, 5:00:54 PM
death: boxer, You have a murderer on line 1, go ahead stronger  12-25-2020, 5:00:56 PM
death: boxer was nuked out of existance by stronger 12-25-2020, 5:00:56 PM
death: a bloody corpse of boxer now lies on map boxing, thanks to stronger 12-25-2020, 5:00:56 PM
death: Anybody knows why boxer died? I know! boxer got owned by stronger! Where? On boxing! 12-25-2020, 5:01:01 PM
death: He shoots, he scores! boxer's testicles went flying through the hoops on map boxing. stronger stands tall with quite the sinical smile. 12-25-2020, 5:01:15 PM
death: Stay clear of arena, trapper has begun decaying. Thanks trapper's security bomb 12-25-2020, 5:01:22 PM
death: He shoots, he scores! boxer's testicles went flying through the hoops on map boxing. stronger stands tall with quite the sinical smile. 12-25-2020, 5:01:32 PM
death: because of the villany of stronger, boxer will no longer have a beating heart again, because it is broken on the boxing map.  12-25-2020, 5:01:32 PM
death: stronger just blasted boxer away! 12-25-2020, 5:01:32 PM
death: Somebody call 9 1 1, oh wait, rain check. franklin gives no shits. Peace out, woodbox 12-25-2020, 5:01:34 PM
death: Breaking news! Today, stronger killed boxer so easy on boxing! isn't it a good news? 12-25-2020, 5:01:35 PM
death: ownage! boxer managed to escape by killing stronger on the map boxing 12-25-2020, 5:01:51 PM
death: boxer takes their last breath as stronger blasts them in the face one last time. Brutallity! 12-25-2020, 5:02:03 PM
death: trainer really made a mess of stronger on the boxing map.  12-25-2020, 5:02:03 PM
death: because of the villany of stronger, boxer will no longer have a beating heart again, because it is broken on the boxing map.  12-25-2020, 5:02:17 PM
death: Stop crying, trainer! Go kill stronger! 12-25-2020, 5:02:18 PM
death: trainer was given what was coming to them, thank you stronger! 12-25-2020, 5:02:18 PM
death: stronger just blew boxer's brains out. Somebody get a mo 12-25-2020, 5:02:25 PM
trapper lost connection 12-25-2020, 5:02:27 PM
death: Anybody knows why trapper's turret 356 died? I know! trapper's turret 356 got owned by dead battery! Where? On event2! 12-25-2020, 5:02:27 PM
death: and the deathly scream of stronger pierces the air as boxer finishes them off! 12-25-2020, 5:02:34 PM
death: ramil, I believe franklin's hand_grenade had something to say. 12-25-2020, 5:04:03 PM
death: I think I just saw chest's corpse flying as ramil owned them on event2. 12-25-2020, 5:05:15 PM
ramil (magistral) said 13565234 coins 12-25-2020, 5:05:23 PM
death: Another one bites the dust! metalbox, have fun, I'm sure franklin is 12-25-2020, 5:05:52 PM
death: gravaty just finished pulling the corpse of chest to the ground of the event2 map, and we can thank ramil for the help!  12-25-2020, 5:07:23 PM
death: Breaking news! Today, franklin's hand_grenade killed ramil so easy on arena! isn't it a good news? 12-25-2020, 5:07:27 PM
ramil (magistral) said 19961740 coins 12-25-2020, 5:07:34 PM
trapper logged in. 12-25-2020, 5:08:06 PM
nikita-k sent a Pm to stronger: /joinevent 6040 12-25-2020, 5:08:10 PM
death: woodbox just got annihilated by franklin 12-25-2020, 5:08:43 PM
death: Stop crying, mortal! Go kill franklin! 12-25-2020, 5:09:13 PM
death: Breaking news! Today, the laws of gravity killed ramil so easy on press enter to get steal_warhammer! isn't it a good news? 12-25-2020, 5:09:47 PM
death: franklin's hand_grenade just put the smack down on trapper 12-25-2020, 5:10:02 PM
death: the laws of gravity just royally kicked ramil's ass 12-25-2020, 5:10:06 PM
maxgamer logged in. 12-25-2020, 5:10:37 PM
death: franklin's hand_grenade just put the smack down on trapper's turret 426 12-25-2020, 5:11:24 PM
magistral disconnected 12-25-2020, 5:12:09 PM
death: franklin just got bashed by maxgamer's throwing_star on the arena map 12-25-2020, 5:12:43 PM
death: franklin was totaled by maxgamer's missile on map arena 12-25-2020, 5:13:43 PM
death: maxgamer's hand_grenade just totaled trapper's ass on arena 12-25-2020, 5:14:11 PM
death: Stay clear of arena, maxgamer has begun decaying. Thanks franklin's hand_grenade 12-25-2020, 5:14:43 PM
death: franklin was nuked off the map arena by trapper's rocket 12-25-2020, 5:14:54 PM
death: Another one bites the dust! trapper, have fun, I'm sure franklin's hand_grenade is 12-25-2020, 5:15:42 PM
death: A new corpse of trapper is flying on press enter, because franklin's hand_grenade made this to happen! 12-25-2020, 5:15:51 PM
death: franklin's rpg7 just used the grounds of the arena map to teach maxgamer a very important lesson!  12-25-2020, 5:16:04 PM
death: franklin's hand_grenade just totaled trapper's ass on arena 12-25-2020, 5:16:17 PM
death: ownage! maxgamer managed to escape by killing franklin's hand_grenade on the map arena 12-25-2020, 5:16:39 PM
stronger (stronger) said joinevent 6040 12-25-2020, 5:17:03 PM
death: Well, trapper doesn't exist anymore. Looks to be that maxgamer's missile has ultimate victory. Clean up on arena  12-25-2020, 5:17:57 PM
stronger (stronger) said joinevent 6040 12-25-2020, 5:17:58 PM
death: Man? what's this! franklin died? No! He's my friend! Or what... I mean, he's maxgamer's missile's friend! But I still can't believe looking at how he killed them on arena. 12-25-2020, 5:18:41 PM
death: boxer just got bashed by stronger on the boxing map 12-25-2020, 5:19:12 PM
death: boxer really made a mess of stronger on the boxing map.  12-25-2020, 5:19:14 PM
death: A new freshly killed blood of trainer lies now on boxing, thanks stronger! 12-25-2020, 5:19:17 PM
death: He shoots, he scores! trainer's testicles went flying through the hoops on map boxing. stronger stands tall with quite the sinical smile. 12-25-2020, 5:19:18 PM
death: stronger just gave boxer what for! 12-25-2020, 5:19:27 PM
death: stronger just blew trainer's brains out. Somebody get a mo 12-25-2020, 5:19:38 PM
death: Anybody knows why boxer died? I know! boxer got owned by stronger! Where? On boxing! 12-25-2020, 5:19:39 PM
death: maxgamer just got creamed by franklin's hand_grenade 12-25-2020, 5:19:41 PM
death: and the deathly scream of boxer pierces the air as stronger finishes them off! 12-25-2020, 5:19:44 PM
death: Oops? Man down! That man is boxer. stronger isn't so kind on boxing. 12-25-2020, 5:19:49 PM
death: Rest  in piece, trainer. We'll sure miss you, guess we can thank stronger for what they did. 12-25-2020, 5:19:57 PM
death: Damn, boxer, that was quite a vicious display of violence towards stronger 12-25-2020, 5:20:09 PM
death: a bloody corpse of trapper now lies on map arena, thanks to franklin's hand_grenade 12-25-2020, 5:20:47 PM
death: franklin's hand_grenade just totaled maxgamer's ass on arena 12-25-2020, 5:21:14 PM
death: Damn, franklin's hand_grenade, that was quite a vicious display of violence towards maxgamer 12-25-2020, 5:22:03 PM
death: the arena map now contains loads of guts from maxgamer, thanks to franklin's missile.  12-25-2020, 5:24:51 PM
magistral logged in. 12-25-2020, 5:25:54 PM
death: and the deathly scream of maxgamer pierces the air as franklin's hand_grenade finishes them off! 12-25-2020, 5:26:19 PM
death: trapper's aircraft was nuked out of existance by franklin's rpg 12-25-2020, 5:26:35 PM
death: He shoots, he scores! trapper's testicles went flying through the hoops on map arena. maxgamer's hand_grenade stands tall with quite the sinical smile. 12-25-2020, 5:27:08 PM
death: arena smells pretty dank. maxgamer needs a proper barrial by franklin's hand_grenade 12-25-2020, 5:27:48 PM
death: franklin's hand_grenade laughs mockingly at the dying form of maxgamer on arena 12-25-2020, 5:28:24 PM
death: ownage! trapper managed to escape by killing trapper's rocket on the map arena 12-25-2020, 5:28:40 PM
death: I think I just saw metalbox's corpse flying as franklin owned them on event2. 12-25-2020, 5:28:54 PM
death: chest just got their ass handed to them on a platter, happily served by maxgamer 12-25-2020, 5:29:01 PM
death: Breaking news! Today, franklin killed metalbox so easy on event2! isn't it a good news? 12-25-2020, 5:29:18 PM
death: There's a light at the end of the tunnel maxgamer, actually, fuck that. trapper's rocket ran you down. Sor'r'r'r'r'r'r'r'r'r'ry 12-25-2020, 5:29:34 PM
vinni logged in. 12-25-2020, 5:29:44 PM
death: metalbox was owned by trapper's rocket on event2 12-25-2020, 5:30:23 PM
death: He shoots, he scores! maxgamer's testicles went flying through the hoops on map arena. franklin's missile stands tall with quite the sinical smile. 12-25-2020, 5:30:27 PM
death: trapper, You have a murderer on line 1, go ahead franklin's missile  12-25-2020, 5:30:55 PM
death: franklin just condemned mortal to hell! 12-25-2020, 5:31:16 PM
death: Rest  in piece, woodbox. We'll sure miss you, guess we can thank maxgamer for what they did. 12-25-2020, 5:31:16 PM
death: A new corpse of stronger is flying on arena, because franklin's hand_grenade made this to happen! 12-25-2020, 5:31:29 PM
death: Another one bites the dust, trapper, you will be greatly missed on arena. 12-25-2020, 5:31:42 PM
death: maxgamer has been terminated by vinni's hand_grenade 12-25-2020, 5:32:06 PM
death: franklin just got their ass handed to them on a platter, happily served by mortal 12-25-2020, 5:32:09 PM
death: vinni just gave  metalbox a royal beating 12-25-2020, 5:32:32 PM
nikita-k (nikita-k) said rofl 12-25-2020, 5:32:41 PM
death: ownage! maxgamer managed to escape by killing vinni's hand_cannon on the map arena 12-25-2020, 5:32:52 PM
death: vinni's hand_cannon just put the smack down on franklin 12-25-2020, 5:33:09 PM
death: vinni's hand_cannon just blew trapper's brains out. Somebody get a mo 12-25-2020, 5:33:20 PM
franklin (franklin) said gflkj ecfnjt 12-25-2020, 5:33:21 PM
nikita-k (nikita-k) said d 12-25-2020, 5:33:25 PM
franklin (franklin) said падло усатое 12-25-2020, 5:33:27 PM
vinni (vinni) said 150 health, 0 shielded shots.\ 12-25-2020, 5:33:27 PM
death: vinni's hand_cannon just gave  stronger a royal beating 12-25-2020, 5:33:43 PM
death: maxgamer's missile just put trapper 6 feet under on arena 12-25-2020, 5:33:49 PM
death: Somebody call 9 1 1, oh wait, rain check. maxgamer's missile gives no shits. Peace out, vinni 12-25-2020, 5:33:57 PM
death: mortal was nuked out of existance by maxgamer 12-25-2020, 5:34:08 PM
death: and the deathly scream of metalbox pierces the air as vinni finishes them off! 12-25-2020, 5:34:08 PM
death: maxgamer was nuked out of existance by vinni's hand_cannon 12-25-2020, 5:34:51 PM
death: A new corpse of mortal is flying on event2, because franklin made this to happen! 12-25-2020, 5:34:58 PM
server notification: The dick shelter has been created! 12-25-2020, 5:35:21 PM
death: Rest  in piece, trapper. We'll sure miss you, guess we can thank franklin's hand_grenade for what they did. 12-25-2020, 5:35:41 PM
death: Anybody knows why vinni died? I know! vinni got owned by maxgamer's hand_grenade! Where? On arena! 12-25-2020, 5:35:44 PM
filips logged in. 12-25-2020, 5:35:55 PM
ramil (magistral) said hi 12-25-2020, 5:35:57 PM
death: Somebody call 9 1 1, oh wait, rain check. franklin's hand_grenade gives no shits. Peace out, trapper 12-25-2020, 5:36:00 PM
nikita-k (nikita-k) said hi 12-25-2020, 5:36:02 PM
filips (filips) said hay 12-25-2020, 5:36:05 PM
maxgamer (maxgamer) said hi 12-25-2020, 5:36:07 PM
filips (filips) said haha 12-25-2020, 5:36:25 PM
nikita-k (nikita-k) said what 12-25-2020, 5:36:29 PM
death: A new corpse of trapper is flying on arena, because vinni's hand_cannon made this to happen! 12-25-2020, 5:36:32 PM
filips (filips) said i am walkinbg so slow why 12-25-2020, 5:36:39 PM
death: Anybody knows why franklin died? I know! franklin got owned by vinni's hand_grenade! Where? On arena! 12-25-2020, 5:36:57 PM
death: Stop crying, metalbox! Go kill maxgamer! 12-25-2020, 5:37:01 PM
nikita-k (nikita-k) said with shift 12-25-2020, 5:37:21 PM
death: maxgamer just got creamed by vinni's hand_cannon 12-25-2020, 5:37:23 PM
death: Oh flapjacks, arena looks like a big bloody mess. trapper's rocket definitely pushed hard to use franklin's remains as a deceration 12-25-2020, 5:37:27 PM
death: mortal, You have a murderer on line 1, go ahead trapper's rocket  12-25-2020, 5:37:28 PM
filips (filips) said how to move fast 12-25-2020, 5:37:44 PM
nikita-k (nikita-k) said shift and arows 12-25-2020, 5:37:51 PM
death: trapper's rocket just completely and totally pulvarized mortal over here! 12-25-2020, 5:38:00 PM
death: Rest  in piece, maxgamer. We'll sure miss you, guess we can thank trapper's rocket for what they did. 12-25-2020, 5:38:09 PM
vinni disconnected 12-25-2020, 5:38:29 PM
death: event2 smells pretty dank. woodbox needs a proper barrial by franklin 12-25-2020, 5:38:31 PM
death: Another one bites the dust, metalbox, you will be greatly missed on event2. 12-25-2020, 5:38:37 PM
death: Is there a doctor on the mapevent2? metalbox has no paulse. Oh, there isn't? Okay. trapper's rocket laughs. 12-25-2020, 5:38:37 PM
death: trapper's rocket laughs mockingly at the dying form of franklin on arena 12-25-2020, 5:38:55 PM
Lordral logged in. 12-25-2020, 5:39:09 PM
ramil (magistral) said hi 12-25-2020, 5:39:12 PM
filips (filips) said ramel 12-25-2020, 5:39:19 PM
ramil (magistral) said aaa 12-25-2020, 5:39:22 PM
Lordral (Lordral) said ё, лузеры 12-25-2020, 5:39:22 PM
death: maxgamer's hand_grenade just used the grounds of the arena map to teach trapper a very important lesson!  12-25-2020, 5:39:37 PM
Lordral (Lordral) said ой! 12-25-2020, 5:39:40 PM
ramil sent a Pm to Lordral: in english 12-25-2020, 5:39:49 PM
Lordral (Lordral) said why? 12-25-2020, 5:40:06 PM
ramil sent a Pm to Lordral: пиндосы сдесь 12-25-2020, 5:40:20 PM
death: maxgamer's hand_grenade just royally kicked trapper's ass 12-25-2020, 5:40:23 PM
death: maxgamer was just obliterated by the force of franklin's hand_grenade on arena 12-25-2020, 5:40:28 PM
death: Lordral's head was blown apart and now heavy hammer plays basketball today on map main, up for a game? 12-25-2020, 5:40:30 PM
filips (filips) said love song store 12-25-2020, 5:40:51 PM
death: Lordral was totaled by heavy hammer on map viewing platform 12-25-2020, 5:41:01 PM
ramil (magistral) said heh 12-25-2020, 5:41:01 PM
death: Another one bites the dust, trapper, you will be greatly missed on arena. 12-25-2020, 5:41:02 PM
Lordral (Lordral) said where are all? 12-25-2020, 5:41:18 PM
death: franklin's hand_grenade just condemned maxgamer to hell! 12-25-2020, 5:41:20 PM
filips (filips) said store 12-25-2020, 5:41:22 PM
nikita-k (nikita-k) said there are 1 events and 1 in progress events: fight with id 6040 in progress 12-25-2020, 5:41:27 PM
filips (filips) said i am wana join a team 12-25-2020, 5:41:28 PM
death: Somebody call 9 1 1, oh wait, rain check. maxgamer gives no shits. Peace out, chest 12-25-2020, 5:41:31 PM
death: a bloody corpse of franklin now lies on map arena, thanks to maxgamer's hand_grenade 12-25-2020, 5:41:37 PM
death: Man? what's this! trapper died? No! He's my friend! Or what... I mean, he's trapper's rocket's friend! But I still can't believe looking at how he killed them on arena. 12-25-2020, 5:41:49 PM
filips (filips) said no 12-25-2020, 5:42:20 PM
stronger disconnected 12-25-2020, 5:42:39 PM
stronger logged in. 12-25-2020, 5:42:42 PM
maxgamer (maxgamer) said filips /joinevent 6040 12-25-2020, 5:42:43 PM
nikita-k (nikita-k) said lol 12-25-2020, 5:42:57 PM
Lordral (Lordral) said lets die! 12-25-2020, 5:43:08 PM
death: franklin's hand_grenade just gave maxgamer what for! 12-25-2020, 5:43:13 PM
nikita-k (nikita-k) said only you 12-25-2020, 5:43:14 PM
filips (filips) said how to track zones 12-25-2020, 5:43:23 PM
nikita-k (nikita-k) said q 12-25-2020, 5:43:26 PM
death: trapper's rocket just put the smack down on franklin 12-25-2020, 5:43:26 PM
death: franklin is so happy because he killed mortal on event2! 12-25-2020, 5:43:31 PM
death: trapper was totaled by maxgamer's missile on map arena 12-25-2020, 5:44:05 PM
nikita-k (nikita-k) said roflflflflf 12-25-2020, 5:44:13 PM
death: maxgamer's missile just royally kicked Lordral's ass 12-25-2020, 5:44:33 PM
ramil (magistral) said kool 12-25-2020, 5:44:45 PM
death: franklin was nuked off the map arena by maxgamer's missile 12-25-2020, 5:44:48 PM
death: Another one bites the dust, maxgamer, you will be greatly missed on arena. 12-25-2020, 5:45:21 PM
filips lost connection 12-25-2020, 5:45:29 PM
death: dead battery just totaled filips's robot 50's ass on main 12-25-2020, 5:45:29 PM
Lordral disconnected 12-25-2020, 5:45:35 PM
Lordral logged in. 12-25-2020, 5:45:38 PM
Lordral disconnected 12-25-2020, 5:45:41 PM
Lordral logged in. 12-25-2020, 5:45:53 PM
death: oy, where'd metalbox go. Do you happen to know, Lordral's mass bomb? 12-25-2020, 5:46:44 PM
death: chest was just obliterated by the force of trapper's rocket on event2 12-25-2020, 5:46:44 PM
death: ownage! chest managed to escape by killing Lordral's mass bomb on the map event2 12-25-2020, 5:46:44 PM
Lordral (Lordral) said eeeeeeeee 12-25-2020, 5:46:51 PM
Lordral (Lordral) said goooooooooood! 12-25-2020, 5:46:55 PM
ramil (magistral) said eeeeeee 12-25-2020, 5:47:00 PM
maxgamer disconnected 12-25-2020, 5:47:24 PM
maxgamer logged in. 12-25-2020, 5:47:27 PM
maxgamer disconnected 12-25-2020, 5:47:32 PM
death: the laws of gravity just mauled ramil 12-25-2020, 5:47:38 PM
maxgamer logged in. 12-25-2020, 5:47:46 PM
death: Oops? Man down! That man is mortal. franklin's rocket isn't so kind on event2. 12-25-2020, 5:48:17 PM
death: franklin just got bashed by trapper's rocket on the arena map 12-25-2020, 5:48:31 PM
death: trapper was totaled by maxgamer's modern_sub_machine_gun_carbine on map arena 12-25-2020, 5:49:31 PM
filips logged in. 12-25-2020, 5:49:51 PM
death: Lordral really made a mess of franklin's poisoned small projectile  on the arena map.  12-25-2020, 5:50:04 PM
death: Damn, maxgamer's missile, that was quite a vicious display of violence towards trapper 12-25-2020, 5:50:08 PM
death: stronger was just obliterated by the force of maxgamer's poisoned small projectile  on arena 12-25-2020, 5:50:32 PM
death: Damn, Lordral's suicide bomb, that was quite a vicious display of violence towards Lordral 12-25-2020, 5:50:37 PM
death: the arena map now contains loads of guts from franklin, thanks to maxgamer's hand_grenade.  12-25-2020, 5:50:43 PM
filips (filips) said who can do me a favour\ 12-25-2020, 5:50:46 PM
nikita-k (nikita-k) said what 12-25-2020, 5:50:55 PM
death: Lordral has been terminated by Lordral's rpg7 12-25-2020, 5:50:56 PM
filips (filips) said wait 12-25-2020, 5:51:01 PM
death: Stay clear of arena, franklin has begun decaying. Thanks maxgamer's missile 12-25-2020, 5:51:32 PM
death: maxgamer just gave mortal what for! 12-25-2020, 5:51:43 PM
death: gravaty just finished pulling the corpse of trapper to the ground of the arena map, and we can thank trapper's rocket for the help!  12-25-2020, 5:52:09 PM
filips (filips) said i cant tgo in store developer 12-25-2020, 5:52:38 PM
filips (filips) said can you move me in store 12-25-2020, 5:52:47 PM
death: and the deathly scream of stronger pierces the air as the laws of gravity finishes them off! 12-25-2020, 5:52:48 PM
death: maxgamer died. Why? Because Lordral's missile owned them on arena. 12-25-2020, 5:52:50 PM
ramil (magistral) said 0 100 0 12-25-2020, 5:52:51 PM
filips (filips) said no he will kill me no 12-25-2020, 5:53:01 PM
filips (filips) said crap 12-25-2020, 5:53:04 PM
nikita-k (nikita-k) said rofl 12-25-2020, 5:53:08 PM
nikita-k (nikita-k) said ok 12-25-2020, 5:53:09 PM
ramil (magistral) said i dont kill 12-25-2020, 5:53:09 PM
filips (filips) said ramel dont kill me bra 12-25-2020, 5:53:17 PM
ramil (magistral) said ok 12-25-2020, 5:53:20 PM
filips (filips) said ramel create a team lets be team mates 12-25-2020, 5:53:30 PM
ramil (magistral) said hmm 12-25-2020, 5:53:35 PM
filips (filips) said pleaze 12-25-2020, 5:53:39 PM
ramil (magistral) said ok come 12-25-2020, 5:53:46 PM
filips (filips) said dont kiull me 12-25-2020, 5:53:51 PM
death: Another one bites the dust! stronger, have fun, I'm sure stronger's grenade is 12-25-2020, 5:54:08 PM
death: trapper was owned by Lordral's missile on arena 12-25-2020, 5:54:24 PM
death: You know that particular element in physics where velocity increases as you fall? yeah, maxgamer's police_car learned that really fuckin quick, and we can thank Lordral's colt_ar_15_assault_rifle. 12-25-2020, 5:54:38 PM
death: maxgamer was obliterated by the explosion of their police_car 12-25-2020, 5:54:38 PM
filips (filips) said lag lag lag 12-25-2020, 5:54:40 PM
death: stronger just got creamed by Lordral's missile 12-25-2020, 5:54:45 PM
in team alfa1, ramil (magistral) said i m going to event 12-25-2020, 5:54:53 PM
nikita-k (nikita-k) said filips 12-25-2020, 5:55:01 PM
death: maxgamer's police_car takes their last breath as Lordral's ags blasts them in the face one last time. Brutallity! 12-25-2020, 5:55:02 PM
death: maxgamer was obliterated by the explosion of their police_car 12-25-2020, 5:55:02 PM
death: welder just used the grounds of the main map to teach filips a very important lesson!  12-25-2020, 5:55:05 PM
death: Oh flapjacks, arena looks like a big bloody mess. franklin's rocket definitely pushed hard to use Lordral's remains as a deceration 12-25-2020, 5:55:08 PM
death: ramil just mauled welder 12-25-2020, 5:55:14 PM
nikita-k (nikita-k) said can you invite new people here? 12-25-2020, 5:55:20 PM
filips (filips) said what is welder 12-25-2020, 5:55:28 PM
filips (filips) said what does it do 12-25-2020, 5:55:34 PM
in team alfa1, filips (filips) said hay 12-25-2020, 5:55:36 PM
in team alfa1, filips (filips) said test 12-25-2020, 5:55:38 PM
in team alfa1, filips (filips) said lets go to event together if you cover me 12-25-2020, 5:55:52 PM
nikita-k (nikita-k) said nuffing 12-25-2020, 5:56:05 PM
maxgamer (maxgamer) said nuthing 12-25-2020, 5:56:05 PM
death: arena smells pretty dank. Lordral needs a proper barrial by franklin's hand_grenade 12-25-2020, 5:56:09 PM
death: A new corpse of trapper is flying on arena, because trapper's rocket made this to happen! 12-25-2020, 5:56:12 PM
death: maxgamer's police_car was totaled by franklin's hand_grenade on map arena 12-25-2020, 5:56:19 PM
death: maxgamer was obliterated by the explosion of their police_car 12-25-2020, 5:56:19 PM
in team alfa1, ramil (magistral) said ok you can tipe /joinevent 6040 12-25-2020, 5:56:21 PM
death: Lordral was given what was coming to them, thank you stronger's turret 87! 12-25-2020, 5:56:25 PM
in team alfa1, filips (filips) said come 12-25-2020, 5:56:44 PM
in team alfa1, filips (filips) said lets fight 12-25-2020, 5:56:50 PM
in team alfa1, ramil (magistral) said lets 12-25-2020, 5:56:54 PM
in team alfa1, ramil (magistral) said 0 10 0 12-25-2020, 5:56:57 PM
death: metalbox was totaled by franklin on map event2 12-25-2020, 5:56:58 PM
death: Somebody call 9 1 1, oh wait, rain check. ramil's hand_grenade gives no shits. Peace out, Lordral 12-25-2020, 5:56:59 PM
in team alfa1, filips (filips) said what do we have to kill 12-25-2020, 5:57:11 PM
death: trapper's rocket just put the smack down on franklin 12-25-2020, 5:57:17 PM
death: Rest  in piece, metalbox. We'll sure miss you, guess we can thank maxgamer for what they did. 12-25-2020, 5:57:36 PM
death: Man? what's this! trapper died? No! He's my friend! Or what... I mean, he's ramil's hand_grenade's friend! But I still can't believe looking at how he killed them on arena. 12-25-2020, 5:57:37 PM
death: ramil was totaled by trapper's rocket on map arena 12-25-2020, 5:57:37 PM
death: because of the villany of Lordral's hand_grenade, maxgamer will no longer have a beating heart again, because it is broken on the arena map.  12-25-2020, 5:57:38 PM
Lordral (Lordral) said just you on the map 12-25-2020, 5:57:48 PM
death: franklin's aircraft laughs mockingly at the dying form of filips on start area 12-25-2020, 5:57:49 PM
death: because of the villany of franklin's aircraft, trapper will no longer have a beating heart again, because it is broken on the start area map.  12-25-2020, 5:57:53 PM
death: Oh flapjacks, start area looks like a big bloody mess. franklin's aircraft definitely pushed hard to use maxgamer's remains as a deceration 12-25-2020, 5:57:53 PM
nikita-k (nikita-k) said xd 12-25-2020, 5:57:53 PM
death: Somebody call 9 1 1, oh wait, rain check. Lordral's missile gives no shits. Peace out, ramil 12-25-2020, 5:57:56 PM
filips (filips) said crap 12-25-2020, 5:57:56 PM
death: maxgamer really made a mess of franklin's aircraft on the start area map.  12-25-2020, 5:58:01 PM
death: Another one bites the dust, filips, you will be greatly missed on start area. 12-25-2020, 5:58:01 PM
death: franklin's aircraft just royally kicked maxgamer's ass 12-25-2020, 5:58:21 PM
death: Lordral's missile laughs mockingly at the dying form of trapper on arena 12-25-2020, 5:58:22 PM
filips (filips) said i am good 12-25-2020, 5:58:24 PM
franklin was kicked from the server 12-25-2020, 5:58:31 PM
franklin logged in. 12-25-2020, 5:58:36 PM
Lordral logged in. 12-25-2020, 5:58:41 PM
magistral logged in. 12-25-2020, 5:58:42 PM
nikita-k logged in. 12-25-2020, 5:58:44 PM
Lordral (Lordral) said fuck 12-25-2020, 5:58:46 PM
maxgamer logged in. 12-25-2020, 5:58:46 PM
trapper logged in. 12-25-2020, 5:58:49 PM
stronger logged in. 12-25-2020, 5:58:50 PM
filips logged in. 12-25-2020, 5:58:54 PM
nikita-k (nikita-k) said rofl 12-25-2020, 5:58:59 PM
filips (filips) said how to change directions 12-25-2020, 5:59:11 PM
ramil (magistral) said you can press /suicide 12-25-2020, 5:59:23 PM
death: maxgamer was turned to pulp by Lordral's rpg7 12-25-2020, 5:59:25 PM
nikita-k (nikita-k) said rofl 12-25-2020, 5:59:28 PM
stronger (stronger) said xj pf [eq 12-25-2020, 5:59:33 PM
franklin was kicked from the server 12-25-2020, 5:59:38 PM
franklin logged in. 12-25-2020, 5:59:42 PM
death: heavy hammer just condemned nikita-k to hell! 12-25-2020, 5:59:51 PM
franklin (franklin) said roflflflflflflflfl! 12-25-2020, 5:59:52 PM
nikita-k lost connection 12-25-2020, 6:00:21 PM
nikita-k logged in. 12-25-2020, 6:00:23 PM
franklin lost connection 12-25-2020, 6:00:38 PM
death: filips takes their last breath as heavy hammer blasts them in the face one last time. Brutallity! 12-25-2020, 6:00:38 PM
franklin logged in. 12-25-2020, 6:00:40 PM
nikita-k (nikita-k) said roflflflflflflflfl 12-25-2020, 6:00:47 PM
maxgamer disconnected 12-25-2020, 6:00:48 PM
maxgamer logged in. 12-25-2020, 6:00:50 PM
nikita-k (nikita-k) said this is test map 12-25-2020, 6:00:52 PM
franklin (franklin) said rofl! 12-25-2020, 6:00:57 PM
nikita-k (nikita-k) said test challenge 12-25-2020, 6:00:57 PM
death: mortal died. Why? Because Lordral owned them on event2. 12-25-2020, 6:00:57 PM
in team alfa1, ramil (magistral) said i vil going to build challenge 12-25-2020, 6:01:06 PM
death: A new corpse of ramil is flying on arena, because the laws of gravity made this to happen! 12-25-2020, 6:01:20 PM
death: oy, where'd trapper go. Do you happen to know, Lordral's missile? 12-25-2020, 6:01:27 PM
ramil sent a Pm to filips: sory 12-25-2020, 6:01:42 PM
Lordral (Lordral) said mihyyyyyyyyyyyyyy 12-25-2020, 6:01:51 PM
Lordral (Lordral) said why? 12-25-2020, 6:02:14 PM
death: ramil's modern_sub_machine_gun_carbine just used the grounds of the try to finish that boollshit map to teach maxgamer a very important lesson!  12-25-2020, 6:02:26 PM
death: Lordral was owned by heavy hammer on  12-25-2020, 6:02:37 PM
death: Damn, ramil, that was quite a vicious display of violence towards chest 12-25-2020, 6:02:41 PM
death: A new corpse of trapper is flying on safe zone, because trapper's rocket made this to happen! 12-25-2020, 6:02:46 PM
nikita-k (nikita-k) said roflflflflflfl 12-25-2020, 6:02:59 PM
death: He shoots, he scores! franklin's testicles went flying through the hoops on map try to finish that boollshit. maxgamer's hand_grenade stands tall with quite the sinical smile. 12-25-2020, 6:03:02 PM
stronger (stronger) said xj pf yf[ 12-25-2020, 6:03:09 PM
ramil (magistral) said current location: press enter to get modern_sub_machine_gun_carbine 12-25-2020, 6:03:17 PM
ramil (magistral) said rof; 12-25-2020, 6:03:19 PM
nikita-k (nikita-k) said heh 12-25-2020, 6:03:29 PM
stronger (stronger) said suicide 12-25-2020, 6:03:52 PM
death: ramil was just obliterated by the force of the laws of gravity on press enter to get modern_sub_machine_gun_carbine 12-25-2020, 6:04:15 PM
Lordral (Lordral) said where is sysky map 12-25-2020, 6:04:35 PM
ramil (magistral) said find 12-25-2020, 6:04:40 PM
nikita-k (nikita-k) said roflflflflflflflflfl 12-25-2020, 6:04:40 PM
death: Oh flapjacks, try to finish that boollshit looks like a big bloody mess. franklin's hand_grenade definitely pushed hard to use maxgamer's remains as a deceration 12-25-2020, 6:04:50 PM
death: ownage! trapper managed to escape by killing trapper's rocket on the map main 12-25-2020, 6:05:11 PM
death: Well, stronger doesn't exist anymore. Looks to be that heavy hammer has ultimate victory. Clean up on   12-25-2020, 6:05:25 PM
nikita-k (nikita-k) said go suicide_invasion! 12-25-2020, 6:05:27 PM
nikita-k (nikita-k) said in store 12-25-2020, 6:05:34 PM
death: nikita-k's suicide bomb killed trapper on store. 12-25-2020, 6:05:41 PM
death: stronger was turned to pulp by nikita-k's suicide bomb 12-25-2020, 6:05:41 PM
death: nikita-k's suicide bomb is so happy because he killed filips on store! 12-25-2020, 6:05:41 PM
death: nikita-k's suicide bomb just gave  nikita-k a royal beating 12-25-2020, 6:05:41 PM
death: You know that particular element in physics where velocity increases as you fall? yeah, franklin learned that really fuckin quick, and we can thank nikita-k's suicide bomb. 12-25-2020, 6:05:41 PM
death: You know that particular element in physics where velocity increases as you fall? yeah, maxgamer learned that really fuckin quick, and we can thank nikita-k's suicide bomb. 12-25-2020, 6:05:41 PM
franklin disconnected 12-25-2020, 6:05:43 PM
death: ramil was turned to pulp by the laws of gravity 12-25-2020, 6:05:59 PM
trapper disconnected 12-25-2020, 6:06:21 PM
death: dead battery is so happy because he killed trapper's robot 38 on main! 12-25-2020, 6:06:21 PM
death: Man? what's this! trapper's turret 330 died? No! He's my friend! Or what... I mean, he's dead battery's friend! But I still can't believe looking at how he killed them on event2. 12-25-2020, 6:06:21 PM
death: dead battery just completely and totally pulvarized trapper's turret 272 over here! 12-25-2020, 6:06:21 PM
death: Stay clear of try to finish that boollshit, Lordral has begun decaying. Thanks heavy hammer 12-25-2020, 6:06:39 PM
franklin logged in. 12-25-2020, 6:06:44 PM
trapper logged in. 12-25-2020, 6:07:00 PM
nikita-k (nikita-k) said rofl 12-25-2020, 6:07:20 PM
Lordral (Lordral) said where is sysko finish 12-25-2020, 6:07:32 PM
nikita-k (nikita-k) said 5 10 5 12-25-2020, 6:07:37 PM
franklin disconnected 12-25-2020, 6:07:46 PM
stronger lost connection 12-25-2020, 6:07:49 PM
franklin logged in. 12-25-2020, 6:07:49 PM
death: A new corpse of trapper is flying on viewing platform, because trapper's rocket made this to happen! 12-25-2020, 6:07:54 PM
nikita-k (nikita-k) said map siski successfully deleted 12-25-2020, 6:08:09 PM
death: because of the villany of trapper's rocket, trapper will no longer have a beating heart again, because it is broken on the boxing ring map.  12-25-2020, 6:08:23 PM
death: boxer was owned by trapper's rocket on boxing 12-25-2020, 6:08:24 PM
franklin (franklin) said a! 12-25-2020, 6:08:46 PM
nikita-k (nikita-k) said b 12-25-2020, 6:08:49 PM
franklin (franklin) said roflflflfl 12-25-2020, 6:08:53 PM
Lordral (Lordral) said go in sysky map! 12-25-2020, 6:08:59 PM
nikita-k (nikita-k) said map siski successfully deleted 12-25-2020, 6:09:03 PM
franklin (franklin) said полюбому под турельку подставится 12-25-2020, 6:09:13 PM
nikita-k (nikita-k) said roflflflfl 12-25-2020, 6:09:14 PM
death: trapper's rocket just mauled boxer 12-25-2020, 6:09:15 PM
death: Breaking news! Today, heavy hammer killed Lordral so easy on Challenge maps! Please select the map by pressing the left and right arrow keys! isn't it a good news? 12-25-2020, 6:09:21 PM
death: trapper's rocket just neutralized boxer 12-25-2020, 6:09:29 PM
death: Lordral's turret 576 just blasted nikita-k away! 12-25-2020, 6:09:33 PM
death: trapper was given what was coming to them, thank you trapper's rocket! 12-25-2020, 6:09:39 PM
death: ownage! boxer managed to escape by killing trapper's rocket on the map boxing 12-25-2020, 6:09:40 PM
death: OK, let's see what else dead battery can do for trapper's turret 349 on boxing. I saw he killed them! 12-25-2020, 6:09:41 PM
death: dead battery just condemned Lordral's turret 576 to hell! 12-25-2020, 6:09:41 PM
franklin (franklin) said во так то лудше 12-25-2020, 6:09:49 PM
death: heavy hammer just mauled nikita-k 12-25-2020, 6:10:01 PM
maxgamer disconnected 12-25-2020, 6:10:32 PM
franklin (franklin) said .ыгшсшву 12-25-2020, 6:10:52 PM
death: franklin was totaled by no one on map Challenge maps! Please select the map by pressing the left and right arrow keys 12-25-2020, 6:10:55 PM
death: dead battery just blew trapper's turret 420's brains out. Somebody get a mo 12-25-2020, 6:11:25 PM
death: The challengemaps map is full now with Lordral's turret 137's guts as dead battery owned them! 12-25-2020, 6:11:25 PM
nikita-k (nikita-k) said shielded lordral is streight in front, 0 feet away.  12-25-2020, 6:11:33 PM
death: Lordral was nuked off the map go back by Lordral's rpg7 12-25-2020, 6:11:58 PM
nikita-k (nikita-k) said roflflflflfl 12-25-2020, 6:12:02 PM
Lordral (Lordral) said good 12-25-2020, 6:12:05 PM
franklin disconnected 12-25-2020, 6:12:08 PM
Lordral (Lordral) said good 12-25-2020, 6:12:08 PM
death: The boxing map is full now with trapper's guts as trapper's rocket owned them! 12-25-2020, 6:12:44 PM
death: boxer died. Why? Because trapper's rocket owned them on boxing. 12-25-2020, 6:12:46 PM
death: There's a light at the end of the tunnel trainer, actually, fuck that. trapper's rocket ran you down. Sor'r'r'r'r'r'r'r'r'r'ry 12-25-2020, 6:12:46 PM
death: trainer just got bashed by trapper's rocket on the boxing map 12-25-2020, 6:12:46 PM
death: Rest  in piece, ramil. We'll sure miss you, guess we can thank the laws of gravity for what they did. 12-25-2020, 6:12:55 PM
death: Oops? Man down! That man is Lordral. trapper's turret 350 isn't so kind on viewing platform. 12-25-2020, 6:13:19 PM
death: Lordral was totaled by the laws of gravity on map store 12-25-2020, 6:13:30 PM
Lordral disconnected 12-25-2020, 6:13:33 PM
death: trapper's rocket killed trapper on viewing platform. 12-25-2020, 6:14:07 PM
nikita-k (nikita-k) said filips 12-25-2020, 6:14:36 PM
death: trapper's rocket just completely and totally pulvarized boxer over here! 12-25-2020, 6:15:27 PM
death: trapper's rocket just used the grounds of the boxing map to teach boxer a very important lesson!  12-25-2020, 6:15:27 PM
death: Another one bites the dust! boxer, have fun, I'm sure trapper's rocket is 12-25-2020, 6:15:27 PM
death: because of the villany of boxer, trapper will no longer have a beating heart again, because it is broken on the boxing map.  12-25-2020, 6:15:56 PM
trapper disconnected 12-25-2020, 6:16:04 PM
death: dead battery just royally kicked trapper's turret 350's ass 12-25-2020, 6:16:04 PM
death: and the deathly scream of trapper's turret 401 pierces the air as dead battery finishes them off! 12-25-2020, 6:16:04 PM
death: dead battery killed trapper's turret 269 on boxing. 12-25-2020, 6:16:04 PM
filips (filips) said hay developer 12-25-2020, 6:16:50 PM
nikita-k (nikita-k) said yes 12-25-2020, 6:16:55 PM
filips (filips) said do you have a team 12-25-2020, 6:17:01 PM
nikita-k (nikita-k) said no 12-25-2020, 6:17:04 PM
filips (filips) said i wish i could with team with ya 12-25-2020, 6:17:17 PM
nikita-k (nikita-k) said filips, can you invite new people here? 12-25-2020, 6:17:34 PM
filips (filips) said shore 12-25-2020, 6:17:41 PM
nikita-k (nikita-k) said ok 12-25-2020, 6:17:45 PM
filips (filips) said can you give me player list? 12-25-2020, 6:17:56 PM
ramil (magistral) said  /chars 12-25-2020, 6:18:03 PM
filips (filips) said is there a player name blind gamer or lawson? 12-25-2020, 6:18:08 PM
nikita-k (nikita-k) said yes 12-25-2020, 6:18:08 PM
nikita-k (nikita-k) said no 12-25-2020, 6:18:16 PM
nikita-k (nikita-k) said there are 99 characters on the server 12-25-2020, 6:18:20 PM
filips (filips) said k so i will grant your wish 12-25-2020, 6:18:46 PM
filips (filips) said hay developer can you create a team so i can join 12-25-2020, 6:19:06 PM
rider logged in. 12-25-2020, 6:21:17 PM
nikita-k (nikita-k) said lol 12-25-2020, 6:21:46 PM
nikita-k (nikita-k) said send_reliable(players[index].peer_id,"dlg Welcome, dear player, to this map. Here you are waiting for 3 levels, each with its own reward. Try to reach the end. Good luck!",0);
 12-25-2020, 6:21:47 PM
ramil (magistral) said oy oy 12-25-2020, 6:21:51 PM
ramil (magistral) said oy 12-25-2020, 6:23:12 PM
filips (filips) said bid 12-25-2020, 6:23:13 PM
rider disconnected 12-25-2020, 6:23:38 PM
death: no one is so happy because he killed rider on zalp! 12-25-2020, 6:23:38 PM
ramil (magistral) said oy 12-25-2020, 6:23:41 PM
filips (filips) said i wish i could make my own map 12-25-2020, 6:26:02 PM
filips disconnected 12-25-2020, 6:26:12 PM
filips logged in. 12-25-2020, 6:27:41 PM
filips (filips) said hay developer 12-25-2020, 6:27:48 PM
nikita-k (nikita-k) said ya 12-25-2020, 6:27:59 PM
filips (filips) said hay answer me i have some music for the game 12-25-2020, 6:28:02 PM
nikita-k (nikita-k) said for jplayer? 12-25-2020, 6:28:13 PM
vinni logged in. 12-25-2020, 6:28:18 PM
filips (filips) said can you search fabvl on you tube 12-25-2020, 6:28:19 PM
nikita-k (nikita-k) said later 12-25-2020, 6:28:34 PM
filips disconnected 12-25-2020, 6:28:43 PM
magistral disconnected 12-25-2020, 6:29:07 PM
magistral logged in. 12-25-2020, 6:29:16 PM
vinni disconnected 12-25-2020, 6:30:34 PM
rider logged in. 12-25-2020, 6:32:25 PM
ramil (magistral) said hi 12-25-2020, 6:32:33 PM
nikita-k (nikita-k) said ура 12-25-2020, 6:35:52 PM
nikita-k (nikita-k) said чаланга готова 12-25-2020, 6:35:59 PM
ramil (magistral) said .пщ 0 0 0 цуфзщт 12-25-2020, 6:36:44 PM
rider (rider) said привет 12-25-2020, 6:36:50 PM
nikita-k (nikita-k) said hi 12-25-2020, 6:36:54 PM
magistral logged in. 12-25-2020, 6:37:34 PM
nikita-k logged in. 12-25-2020, 6:37:35 PM
rider logged in. 12-25-2020, 6:37:46 PM
rider (rider) said привет 12-25-2020, 6:38:16 PM
death: You know that particular element in physics where velocity increases as you fall? yeah, rider learned that really fuckin quick, and we can thank train. 12-25-2020, 6:38:23 PM
rider disconnected 12-25-2020, 6:39:33 PM
death: ramil just got their ass handed to them on a platter, happily served by hazard 12-25-2020, 6:39:55 PM
death: Somebody call 9 1 1, oh wait, rain check. the laws of gravity gives no shits. Peace out, ramil 12-25-2020, 6:39:55 PM
death: ramil got fucked up by the laws of gravity on store. 12-25-2020, 6:40:12 PM
rider logged in. 12-25-2020, 6:41:36 PM
rider logged in. 12-25-2020, 6:41:43 PM
rider logged in. 12-25-2020, 6:41:47 PM
rider logged in. 12-25-2020, 6:41:59 PM
rider logged in. 12-25-2020, 6:42:02 PM
nikita-k (nikita-k) said rofl 12-25-2020, 6:42:10 PM
death: Stop crying, ramil! Go kill the laws of gravity! 12-25-2020, 6:42:10 PM
ramil (magistral) said steal_warhammer, 4 12-25-2020, 6:43:16 PM
nikita-k lost connection 12-25-2020, 6:45:06 PM
nikita-k logged in. 12-25-2020, 6:45:33 PM
death: OK, let's see what else the laws of gravity can do for rider on main. I saw he killed them! 12-25-2020, 6:46:27 PM
magistral disconnected 12-25-2020, 6:49:52 PM
nikita-k lost connection 12-25-2020, 6:49:58 PM
nikita-k logged in. 12-25-2020, 6:50:04 PM
vinni logged in. 12-25-2020, 6:51:50 PM
death: and splat goes vinni, with hazard standing over them with quite the smile 12-25-2020, 6:55:41 PM
nikita-k updated the message of the day to we are pleased to present you challenge map, weapon challenge. There are 3 levels on this map, each level has its own reward. Good luck! Мы рады представить вам первую карту в challenge maps, weapon challenge! На этой карте вас ждут 3 уровня, на каждом уровне своя награда. Удачного прохождения! 12-25-2020, 6:56:07 PM
magistral logged in. 12-25-2020, 6:56:08 PM
rider (rider) said привет 12-25-2020, 6:56:15 PM
ramil (magistral) said hi 12-25-2020, 6:56:17 PM
nikita-k (nikita-k) said good 12-25-2020, 6:56:30 PM
rider (rider) said ты понимаеш русский 12-25-2020, 6:56:31 PM
ramil (magistral) said aaaa 12-25-2020, 6:56:34 PM
ramil (magistral) said ya 12-25-2020, 6:56:35 PM
nikita-k (nikita-k) said ахахахаха 12-25-2020, 6:56:40 PM
ramil (magistral) said aha 12-25-2020, 6:56:43 PM
death: vinni was just obliterated by the force of hazard on weapon_challenge 12-25-2020, 6:57:59 PM
death: nikita-k, I believe hazard had something to say. 12-25-2020, 6:58:33 PM
death: vinni, I believe hazard had something to say. 12-25-2020, 6:59:41 PM
rider disconnected 12-25-2020, 7:00:12 PM
death: ramil was given what was coming to them, thank you hazard! 12-25-2020, 7:00:25 PM
rider logged in. 12-25-2020, 7:00:37 PM
rider disconnected 12-25-2020, 7:02:33 PM
rider logged in. 12-25-2020, 7:02:36 PM
ramil (magistral) said риддер 12-25-2020, 7:02:44 PM
death: ramil just blew wolf's brains out. Somebody get a mo 12-25-2020, 7:05:25 PM
death: ramil just used the grounds of the zalp map to teach gangster a very important lesson!  12-25-2020, 7:05:45 PM
death: Man? what's this! gangster died? No! He's my friend! Or what... I mean, he's ramil's friend! But I still can't believe looking at how he killed them on zalp. 12-25-2020, 7:05:53 PM
death: fly just got their ass handed to them on a platter, happily served by ramil 12-25-2020, 7:06:02 PM
death: You know that particular element in physics where velocity increases as you fall? yeah, coyote learned that really fuckin quick, and we can thank ramil. 12-25-2020, 7:06:11 PM
death: The zalp map is full now with storekeeper's guts as ramil owned them! 12-25-2020, 7:06:24 PM
death: soldier was given what was coming to them, thank you ramil! 12-25-2020, 7:06:39 PM
death: Is there a doctor on the mapzalp? dragon has no paulse. Oh, there isn't? Okay. ramil laughs. 12-25-2020, 7:06:59 PM
death: hunter just got bashed by ramil on the zalp map 12-25-2020, 7:07:05 PM
death: ramil just royally kicked cockroach's ass 12-25-2020, 7:07:20 PM
death: He shoots, he scores! fly's testicles went flying through the hoops on map zalp. ramil stands tall with quite the sinical smile. 12-25-2020, 7:07:27 PM
death: Oops? Man down! That man is storekeeper. ramil isn't so kind on zalp. 12-25-2020, 7:07:36 PM
death: bluedragon was totaled by ramil on map zalp 12-25-2020, 7:08:06 PM
death: ramil just gave manager what for! 12-25-2020, 7:08:24 PM
death: heavy hammer just blasted rider away! 12-25-2020, 7:08:26 PM
death: Stay clear of zalp, fly has begun decaying. Thanks ramil 12-25-2020, 7:08:33 PM
death: Rest  in piece, bear. We'll sure miss you, guess we can thank ramil for what they did. 12-25-2020, 7:08:53 PM
ramil (magistral) said 66760 health, 96 shielded shots. 12-25-2020, 7:08:59 PM
death: and splat goes cockroach, with ramil standing over them with quite the smile 12-25-2020, 7:09:20 PM
death: surgeon got fucked up by ramil on zalp. 12-25-2020, 7:09:38 PM
death: Well, gun doesn't exist anymore. Looks to be that ramil has ultimate victory. Clean up on zalp  12-25-2020, 7:10:03 PM
death: oy, where'd robot go. Do you happen to know, ramil? 12-25-2020, 7:10:18 PM
ramil (magistral) said 32405 health, 0 shielded shots. 12-25-2020, 7:10:25 PM
franklin logged in. 12-25-2020, 7:10:35 PM
death: hazard just condemned franklin to hell! 12-25-2020, 7:11:12 PM
death: Well, rider doesn't exist anymore. Looks to be that leopard has ultimate victory. Clean up on cage  12-25-2020, 7:11:32 PM
death: a bloody corpse of franklin now lies on map weapon_challenge, thanks to hazard 12-25-2020, 7:11:50 PM
death: ramil just got their ass handed to them on a platter, happily served by hazard 12-25-2020, 7:12:50 PM
franklin disconnected 12-25-2020, 7:13:02 PM
death: and the deathly scream of rider pierces the air as heavy hammer finishes them off! 12-25-2020, 7:13:23 PM
death: the cage map now contains loads of guts from bear, thanks to ramil.  12-25-2020, 7:13:28 PM
death: ramil just put rabbit 6 feet under on cage 12-25-2020, 7:13:33 PM
death: bear was owned by ramil on cage 12-25-2020, 7:13:40 PM
death: ramil just put the smack down on rabbit 12-25-2020, 7:13:48 PM
death: a bloody corpse of goat now lies on map cage, thanks to ramil 12-25-2020, 7:13:56 PM
death: ramil was nuked off the map cage by dog 12-25-2020, 7:14:00 PM
death: ramil, You have a murderer on line 1, go ahead boar  12-25-2020, 7:14:26 PM
death: Somebody call 9 1 1, oh wait, rain check. ramil gives no shits. Peace out, boar 12-25-2020, 7:14:28 PM
magistral disconnected 12-25-2020, 7:14:30 PM
death: hazard just totaled rider's ass on weapon_challenge 12-25-2020, 7:14:59 PM
death: ownage! rider managed to escape by killing the laws of gravity on the map battlefield 12-25-2020, 7:18:35 PM
death: Well, rider doesn't exist anymore. Looks to be that lion has ultimate victory. Clean up on cage  12-25-2020, 7:20:26 PM
magistral logged in. 12-25-2020, 7:21:17 PM
franklin logged in. 12-25-2020, 7:21:20 PM
mihail logged in. 12-25-2020, 7:21:49 PM
franklin (franklin) said only you 12-25-2020, 7:22:55 PM
franklin (franklin) said аа михаил 12-25-2020, 7:23:14 PM
franklin (franklin) said ну иму можна 12-25-2020, 7:23:19 PM
mihail (mihail) said sho 12-25-2020, 7:23:19 PM
death: rider died. Why? Because wolf owned them on cage. 12-25-2020, 7:23:25 PM
nikita-k (nikita-k) said message of the day:  we are pleased to present you challenge map, weapon challenge. there are 3 levels on this map, each level has its own reward. good luck! ?? ???? ??????????? ??? ?????? ????? ? challenge maps, weapon challenge! ?? ???? ????? ??? ???? 3 ??????, ?? ?????? ?????? ???? ???????. ???????? ???????????! 12-25-2020, 7:24:12 PM
nikita-k (nikita-k) said aaaaaaaaaa 12-25-2020, 7:24:19 PM
nikita-k (nikita-k) said русский не вставился 12-25-2020, 7:24:28 PM
ramil (magistral) said ебаать, миххаил follow me 12-25-2020, 7:24:28 PM
rider disconnected 12-25-2020, 7:24:45 PM
death: mihail just got creamed by hazard 12-25-2020, 7:25:17 PM
death: oy, where'd mihail go. Do you happen to know, the laws of gravity? 12-25-2020, 7:25:18 PM
ramil (magistral) said oy 12-25-2020, 7:25:18 PM
ramil (magistral) said yoyoyoyoyoyoyoyoyoyo 12-25-2020, 7:25:34 PM
mihail (mihail) said fuuuuuuuck 12-25-2020, 7:25:37 PM
rider logged in. 12-25-2020, 7:26:11 PM
mihail (mihail) said die 12-25-2020, 7:26:16 PM
magistral disconnected 12-25-2020, 7:26:46 PM
mihail disconnected 12-25-2020, 7:26:48 PM
death: hazard just put the smack down on franklin 12-25-2020, 7:28:53 PM
death: franklin was just obliterated by the force of vinni's hand_cannon on battlefield 12-25-2020, 7:29:28 PM
death: battlefield smells pretty dank. franklin needs a proper barrial by vinni's hand_cannon 12-25-2020, 7:30:03 PM
death: You know that particular element in physics where velocity increases as you fall? yeah, vinni learned that really fuckin quick, and we can thank franklin's missile. 12-25-2020, 7:32:33 PM
death: rider's mass bomb just totaled rider's ass on Uncharted Nothingness 12-25-2020, 7:33:24 PM
death: Oops? Man down! That man is vinni. franklin's turret 431 isn't so kind on battlefield. 12-25-2020, 7:33:42 PM
nikita-k (nikita-k) said topfire, last logged in 2660 weeks ago 12-25-2020, 7:34:31 PM
death: A new corpse of vinni is flying on battlefield, because franklin's turret 431 made this to happen! 12-25-2020, 7:35:19 PM
death: Somebody call 9 1 1, oh wait, rain check. franklin's turret 431 gives no shits. Peace out, vinni 12-25-2020, 7:37:08 PM
death: A pool of red reminder liquid now forms under vinni's corpse. franklin's turret 431 has the credibility for their demise.  12-25-2020, 7:37:39 PM
death: franklin's hand_grenade just blew franklin's turret 431's brains out. Somebody get a mo 12-25-2020, 7:37:43 PM
death: rider's police_car's head was blown apart and now dentist' robot plays basketball today on map main, up for a game? 12-25-2020, 7:39:11 PM
death: rider was obliterated by the explosion of their police_car 12-25-2020, 7:39:11 PM
vinni disconnected 12-25-2020, 7:39:48 PM
vinni logged in. 12-25-2020, 7:39:51 PM
vinni disconnected 12-25-2020, 7:40:02 PM
death: a bloody corpse of rider now lies on map zalp, thanks to rider's rpg7 12-25-2020, 7:40:23 PM
death: rider, I believe franklin's hand_grenade had something to say. 12-25-2020, 7:40:55 PM
death: manager's head was blown apart and now franklin plays basketball today on map zalp, up for a game? 12-25-2020, 7:41:02 PM
death: Stop crying, rat! Go kill franklin! 12-25-2020, 7:41:14 PM
death: and splat goes car, with franklin standing over them with quite the smile 12-25-2020, 7:41:44 PM
golden logged in. 12-25-2020, 7:42:39 PM
golden (golden) said a 12-25-2020, 7:42:46 PM
golden disconnected 12-25-2020, 7:42:49 PM
golden logged in. 12-25-2020, 7:42:57 PM
death: franklin's modern_sub_machine_gun_carbine just gave rider what for! 12-25-2020, 7:43:04 PM
franklin sent a Pm to rider: тебе понравилось? 12-25-2020, 7:43:31 PM
golden_ball logged in. 12-25-2020, 7:43:44 PM
death: rider just got their ass handed to them on a platter, happily served by rider's rpg7 12-25-2020, 7:43:49 PM
death: rider's rpg7 just blasted manager away! 12-25-2020, 7:43:50 PM
franklin (franklin) said .ыгшсшву 12-25-2020, 7:43:55 PM
golden_ball (golden_ball) said нахуй 12-25-2020, 7:43:59 PM
death: franklin's head was blown apart and now heavy hammer plays basketball today on map safe zone, up for a game? 12-25-2020, 7:43:59 PM
death: franklin's modern_sub_machine_gun_carbine just gave  rider a royal beating 12-25-2020, 7:44:35 PM
death: moth was owned by franklin on zalp 12-25-2020, 7:44:42 PM
death: gangster was nuked out of existance by franklin 12-25-2020, 7:44:48 PM
death: There's a light at the end of the tunnel nurse, actually, fuck that. franklin ran you down. Sor'r'r'r'r'r'r'r'r'r'ry 12-25-2020, 7:45:10 PM
golden_ball disconnected 12-25-2020, 7:45:26 PM
franklin disconnected 12-25-2020, 7:46:24 PM
rider logged in. 12-25-2020, 7:47:47 PM
rider logged in. 12-25-2020, 7:47:56 PM
rider logged in. 12-25-2020, 7:49:39 PM
rider logged in. 12-25-2020, 7:49:44 PM
death: rider takes their last breath as lion blasts them in the face one last time. Brutallity! 12-25-2020, 7:49:47 PM
rider disconnected 12-25-2020, 7:49:59 PM
rider logged in. 12-25-2020, 7:52:15 PM
death: Stay clear of battles, rider's remote gun 61 has begun decaying. Thanks rider's feet 12-25-2020, 8:02:47 PM
franklin logged in. 12-25-2020, 8:05:23 PM
death: OK, let's see what else heavy hammer can do for rider on a huge river. I saw he killed them! 12-25-2020, 8:07:29 PM
franklin was kicked from the server 12-25-2020, 8:09:40 PM
franklin logged in. 12-25-2020, 8:09:44 PM
franklin (franklin) said fuck you nikita gay 12-25-2020, 8:09:57 PM
nikita-k (nikita-k) said fick 12-25-2020, 8:10:00 PM
nikita-k (nikita-k) said fuck 12-25-2020, 8:10:04 PM
nikita-k (nikita-k) said ahaha 12-25-2020, 8:10:07 PM
franklin (franklin) said you 12-25-2020, 8:10:07 PM
death: Damn, hazard, that was quite a vicious display of violence towards franklin 12-25-2020, 8:10:48 PM
franklin (franklin) said ?? ????? ?????? Usb_Killer ??????? ???, ? ???????? 4136.72575837461 ????? 12-25-2020, 8:11:20 PM
death: nikita-k was nuked off the map weapon_challenge by hazard 12-25-2020, 8:12:55 PM
death: the laws of gravity just gave nikita-k what for! 12-25-2020, 8:12:56 PM
death: nikita-k's zulfikar just put the smack down on rider 12-25-2020, 8:14:58 PM
death: Damn, franklin's cannon, that was quite a vicious display of violence towards nikita-k 12-25-2020, 8:15:38 PM
bolgelo logged in. 12-25-2020, 8:16:55 PM
death: I think I just saw franklin's helicopter 86's corpse flying as nikita-k's zulfikar owned them on small_house. 12-25-2020, 8:19:30 PM
death: heavy hammer just royally kicked nikita-k's ass 12-25-2020, 8:20:31 PM
death: hazard just neutralized bolgelo 12-25-2020, 8:21:05 PM
death: boar is so happy because he killed rider on cage! 12-25-2020, 8:21:06 PM
death: boar was nuked off the map cage by rider 12-25-2020, 8:21:11 PM
death: A new corpse of nikita-k is flying on weapon_challenge, because hazard made this to happen! 12-25-2020, 8:21:35 PM
death: He shoots, he scores! nikita-k's testicles went flying through the hoops on map weapon_challenge. hazard stands tall with quite the sinical smile. 12-25-2020, 8:21:53 PM
death: He shoots, he scores! nikita-k's testicles went flying through the hoops on map weapon_challenge. hazard stands tall with quite the sinical smile. 12-25-2020, 8:22:16 PM
death: bolgelo just got annihilated by hazard 12-25-2020, 8:22:20 PM
death: Somebody call 9 1 1, oh wait, rain check. the laws of gravity gives no shits. Peace out, bolgelo 12-25-2020, 8:22:21 PM
death: rider just put the smack down on horse 12-25-2020, 8:22:40 PM
death: nikita-k really made a mess of hazard on the weapon_challenge map.  12-25-2020, 8:22:47 PM
death: Well, nikita-k doesn't exist anymore. Looks to be that hazard has ultimate victory. Clean up on weapon_challenge  12-25-2020, 8:23:12 PM
nikita-k disconnected 12-25-2020, 8:23:19 PM
nikita-k logged in. 12-25-2020, 8:23:23 PM
nikita-k lost connection 12-25-2020, 8:23:35 PM
nikita-k logged in. 12-25-2020, 8:23:37 PM
death: hazard just condemned nikita-k to hell! 12-25-2020, 8:24:00 PM
death: rider was nuked out of existance by the laws of gravity 12-25-2020, 8:24:39 PM
death: Oops? Man down! That man is bolgelo. heavy hammer isn't so kind on weapon_challenge. 12-25-2020, 8:24:40 PM
death: ownage! nikita-k managed to escape by killing heavy hammer on the map weapon_challenge 12-25-2020, 8:24:40 PM
magistral logged in. 12-25-2020, 8:24:50 PM
ramil (magistral) said hi all 12-25-2020, 8:24:59 PM
rider disconnected 12-25-2020, 8:25:02 PM
rider logged in. 12-25-2020, 8:25:08 PM
bolgelo (bolgelo) said hello 12-25-2020, 8:25:09 PM
death: rider's head was blown apart and now the laws of gravity plays basketball today on map , up for a game? 12-25-2020, 8:25:15 PM
ramil (magistral) said oy 12-25-2020, 8:25:21 PM
death: hazard just condemned ramil to hell! 12-25-2020, 8:26:18 PM
death: ramil was totaled by hazard on map weapon_challenge 12-25-2020, 8:27:22 PM
death: securityguard got fucked up by bolgelo on main. 12-25-2020, 8:27:24 PM
death: because of the villany of franklin's sky 436 mine, bolgelo will no longer have a beating heart again, because it is broken on the porch map.  12-25-2020, 8:27:43 PM
death: There's a light at the end of the tunnel ramil, actually, fuck that. bolgelo's throwing_star ran you down. Sor'r'r'r'r'r'r'r'r'r'ry 12-25-2020, 8:28:25 PM
death: A pool of red reminder liquid now forms under bolgelo's corpse. ramil's hand_cannon has the credibility for their demise.  12-25-2020, 8:29:33 PM
death: ramil just neutralized flamethrower 12-25-2020, 8:29:40 PM
server notification: The nuclear_shelter shelter has been created! 12-25-2020, 8:29:45 PM
death: rider just got bashed by ramil's hand_cannon on the main map 12-25-2020, 8:30:04 PM
rider disconnected 12-25-2020, 8:30:40 PM
death: bolgelo, You have a murderer on line 1, go ahead ramil's hand_cannon  12-25-2020, 8:30:41 PM
death: A pool of red reminder liquid now forms under ramil's corpse. bolgelo's hand_cannon has the credibility for their demise.  12-25-2020, 8:31:27 PM
rider logged in. 12-25-2020, 8:32:05 PM
rider disconnected 12-25-2020, 8:32:19 PM
death: ramil was owned by franklin's mine on door to the house 12-25-2020, 8:32:21 PM
death: A pool of red reminder liquid now forms under bolgelo's corpse. train has the credibility for their demise.  12-25-2020, 8:32:39 PM
death: A new corpse of ramil is flying on main, because franklin's sky 436 mine made this to happen! 12-25-2020, 8:34:30 PM
Lordral logged in. 12-25-2020, 8:34:39 PM
death: Another one bites the dust, bolgelo, you will be greatly missed on roof of the house. 12-25-2020, 8:34:50 PM
death: bolgelo died. Why? Because the laws of gravity owned them on store. 12-25-2020, 8:35:11 PM
death: ownage! nurse managed to escape by killing bolgelo on the map main 12-25-2020, 8:36:08 PM
Lordral (Lordral) said why? 12-25-2020, 8:36:09 PM
ramil (magistral) said die 12-25-2020, 8:36:12 PM
death: trainer was totaled by bolgelo on map main 12-25-2020, 8:36:17 PM
death: cockroach was just obliterated by the force of bolgelo on main 12-25-2020, 8:36:25 PM
death: Damn, franklin's missile, that was quite a vicious display of violence towards Lordral 12-25-2020, 8:37:07 PM
death: Breaking news! Today, ramil's modern_sub_machine_gun_carbine killed franklin's robot 77 so easy on main! isn't it a good news? 12-25-2020, 8:38:02 PM
death: Amphibian just got annihilated by bolgelo 12-25-2020, 8:38:03 PM
death: bolgelo's cop_357_derringer_pistol killed ramil's helicopter 89 on main. 12-25-2020, 8:38:55 PM
death: wolf was owned by bolgelo on main 12-25-2020, 8:39:19 PM
death: Stop crying, ramil's helicopter 72! Go kill ramil's modern_sub_machine_gun_carbine! 12-25-2020, 8:39:27 PM
death: Damn, Lordral's rpg7, that was quite a vicious display of violence towards bolgelo 12-25-2020, 8:39:55 PM
death: Lordral's rpg7 is so happy because he killed Lordral on main! 12-25-2020, 8:39:55 PM
bolgelo (bolgelo) said rooooooofl 12-25-2020, 8:40:01 PM
ramil (magistral) said aha 12-25-2020, 8:40:03 PM
bolgelo (bolgelo) said  /gnsubmit 12-25-2020, 8:40:26 PM
death: lion was nuked out of existance by ramil 12-25-2020, 8:40:29 PM
bolgelo (bolgelo) said lordral 12-25-2020, 8:40:30 PM
ramil (magistral) said 2227 coins 12-25-2020, 8:40:34 PM
death: Lordral was totaled by bolgelo's rpg7 on map main 12-25-2020, 8:41:18 PM
bolgelo (bolgelo) said guys 12-25-2020, 8:41:29 PM
franklin (franklin) said a 12-25-2020, 8:41:33 PM
bolgelo (bolgelo) said go in zalp bette 12-25-2020, 8:41:34 PM
bolgelo (bolgelo) said better 12-25-2020, 8:41:37 PM
Lordral (Lordral) said gggg 12-25-2020, 8:41:38 PM
death: Somebody call 9 1 1, oh wait, rain check. bolgelo's rpg7 gives no shits. Peace out, train 12-25-2020, 8:41:51 PM
death: ramil has been terminated by bolgelo's rpg7 12-25-2020, 8:41:56 PM
bolgelo (bolgelo) said well done 12-25-2020, 8:42:01 PM
ramil (magistral) said boom 12-25-2020, 8:42:03 PM
death: polarbear really made a mess of Lordral on the zalp map.  12-25-2020, 8:42:23 PM
bolgelo (bolgelo) said wo 12-25-2020, 8:42:33 PM
death: You know that particular element in physics where velocity increases as you fall? yeah, dog learned that really fuckin quick, and we can thank Lordral. 12-25-2020, 8:42:35 PM
death: Stay clear of zalp, ramil has begun decaying. Thanks Lordral's hand_grenade 12-25-2020, 8:42:51 PM
death: Lordral just royally kicked bluedragon's ass 12-25-2020, 8:43:04 PM
death: bolgelo was given what was coming to them, thank you Lordral's hand_grenade! 12-25-2020, 8:43:06 PM
death: Lordral's head was blown apart and now ramil's rpg7 plays basketball today on map zalp, up for a game? 12-25-2020, 8:43:29 PM
death: He shoots, he scores! ramil's testicles went flying through the hoops on map zalp. ramil's rpg7 stands tall with quite the sinical smile. 12-25-2020, 8:43:36 PM
death: ramil's rpg7 just blasted baibydragon away! 12-25-2020, 8:43:37 PM
bolgelo (bolgelo) said wtf 12-25-2020, 8:43:39 PM
franklin disconnected 12-25-2020, 8:43:46 PM
death: Somebody call 9 1 1, oh wait, rain check. bolgelo gives no shits. Peace out, rabbit 12-25-2020, 8:43:55 PM
death: bolgelo just put gun 6 feet under on zalp 12-25-2020, 8:44:00 PM
death: cat just got annihilated by bolgelo 12-25-2020, 8:44:08 PM
death: ramil's modern_sub_machine_gun_carbine laughs mockingly at the dying form of bolgelo on zalp 12-25-2020, 8:44:12 PM
death: ramil just put the smack down on fireball 12-25-2020, 8:44:31 PM
death: Oops? Man down! That man is storekeeper. ramil isn't so kind on zalp. 12-25-2020, 8:44:32 PM
death: ramil's hand_grenade just used the grounds of the zalp map to teach Lordral a very important lesson!  12-25-2020, 8:44:40 PM
nikita-k (nikita-k) said dura 12-25-2020, 8:44:40 PM
death: a bloody corpse of manager now lies on map zalp, thanks to ramil 12-25-2020, 8:44:48 PM
death: Lordral was nuked off the map zalp by ramil's modern_sub_machine_gun_carbine 12-25-2020, 8:45:00 PM
death: ramil got fucked up by gorilla on zalp. 12-25-2020, 8:45:04 PM
ramil (magistral) said есть battle ffield 12-25-2020, 8:45:10 PM
ramil (magistral) said for fight 12-25-2020, 8:45:16 PM
ramil (magistral) said dura 12-25-2020, 8:45:23 PM
death: Lordral got fucked up by grandpa on zalp. 12-25-2020, 8:45:25 PM
death: A new freshly killed blood of grandpa lies now on zalp, thanks bolgelo! 12-25-2020, 8:45:37 PM
Lordral (Lordral) said fuck you 12-25-2020, 8:45:48 PM
nikita-k (nikita-k) said you 12-25-2020, 8:45:52 PM
Lordral (Lordral) said don't on robots 12-25-2020, 8:45:53 PM
bolgelo (bolgelo) said nikita 12-25-2020, 8:45:58 PM
nikita-k (nikita-k) said why 12-25-2020, 8:45:58 PM
ramil (magistral) said есть battle field for fight 12-25-2020, 8:46:01 PM
bolgelo (bolgelo) said dont turn on robots dura 12-25-2020, 8:46:03 PM
Lordral (Lordral) said because we in zalp 12-25-2020, 8:46:07 PM
nikita-k (nikita-k) said why 12-25-2020, 8:46:08 PM
ramil (magistral) said anminkill lordral 12-25-2020, 8:46:26 PM
ramil (magistral) said rofl 12-25-2020, 8:46:28 PM
death: ownage! bolgelo managed to escape by killing ramil's hand_grenade on the map zalp 12-25-2020, 8:46:32 PM
nikita-k (nikita-k) said ok enable later 12-25-2020, 8:46:36 PM
death: Man? what's this! Lordral died? No! He's my friend! Or what... I mean, he's ramil's modern_sub_machine_gun_carbine's friend! But I still can't believe looking at how he killed them on zalp. 12-25-2020, 8:46:51 PM
ramil (magistral) said die 12-25-2020, 8:46:55 PM
ramil (magistral) said 0 robots are currently spawned, 0 robots are currently spawned, 0 robots are currently spawned, 0 robots are currently spawned, 0 robots are currently spawned, 0 robots are currently spawned, 0 robots are currently spawned, 0 robots are currently spawned, 0 robots are currently spawned,  12-25-2020, 8:47:05 PM
nikita-k (nikita-k) said ll 12-25-2020, 8:47:14 PM
death: Lordral was nuked out of existance by ramil's modern_sub_machine_gun_carbine 12-25-2020, 8:47:15 PM
death: bolgelo was turned to pulp by ramil's hand_grenade 12-25-2020, 8:47:32 PM
death: ramil's hand_grenade is so happy because he killed Lordral on zalp! 12-25-2020, 8:47:33 PM
death: OK, let's see what else Lordral's hand_grenade can do for ramil on zalp. I saw he killed them! 12-25-2020, 8:48:04 PM
death: Rest  in piece, Lordral. We'll sure miss you, guess we can thank bolgelo's hand_grenade for what they did. 12-25-2020, 8:48:08 PM
ramil (magistral) said bestplayer 12-25-2020, 8:48:32 PM
death: Lordral was nuked out of existance by bolgelo's hand_grenade 12-25-2020, 8:48:35 PM
ramil (magistral) said good 12-25-2020, 8:48:40 PM
ramil (magistral) said the best player is nikita-k with 952 kils 12-25-2020, 8:49:09 PM
death: ownage! Lordral managed to escape by killing bolgelo's hand_grenade on the map zalp 12-25-2020, 8:49:11 PM
death: A new corpse of bolgelo is flying on zalp, because ramil's modern_sub_machine_gun_carbine made this to happen! 12-25-2020, 8:49:27 PM
bolgelo (bolgelo) said dura 12-25-2020, 8:49:53 PM
bolgelo (bolgelo) said ты меня достал 12-25-2020, 8:49:56 PM
death: Lordral was nuked off the map zalp by ramil's hand_grenade 12-25-2020, 8:50:09 PM
death: ramil's modern_sub_machine_gun_carbine just used the grounds of the zalp map to teach bolgelo a very important lesson!  12-25-2020, 8:50:16 PM
death: bolgelo's zulfikar just gave ramil what for! 12-25-2020, 8:50:46 PM
death: Lordral, I believe bolgelo's zulfikar had something to say. 12-25-2020, 8:50:53 PM
death: Lordral died. Why? Because bolgelo's zulfikar owned them on zalp. 12-25-2020, 8:51:08 PM
death: Lordral takes their last breath as bolgelo's zulfikar blasts them in the face one last time. Brutallity! 12-25-2020, 8:51:26 PM
death: There's a light at the end of the tunnel bolgelo, actually, fuck that. ramil's hand_grenade ran you down. Sor'r'r'r'r'r'r'r'r'r'ry 12-25-2020, 8:51:34 PM
death: ramil's hand_grenade just royally kicked Lordral's ass 12-25-2020, 8:51:38 PM
death: Lordral just got bashed by ramil's modern_sub_machine_gun_carbine on the zalp map 12-25-2020, 8:51:53 PM
mihail logged in. 12-25-2020, 8:52:03 PM
death: Stay clear of zalp, Lordral has begun decaying. Thanks ramil's hand_cannon 12-25-2020, 8:52:09 PM
death: A pool of red reminder liquid now forms under Lordral's corpse. ramil's hand_cannon has the credibility for their demise.  12-25-2020, 8:52:23 PM
death: There's a light at the end of the tunnel Lordral, actually, fuck that. ramil's hand_grenade ran you down. Sor'r'r'r'r'r'r'r'r'r'ry 12-25-2020, 8:52:42 PM
mihail (mihail) said а шо, роботов вырубили?  12-25-2020, 8:53:58 PM
death: ramil was totaled by Lordral's mini missile on map zalp 12-25-2020, 8:54:00 PM
rider logged in. 12-25-2020, 8:54:14 PM
ramil (magistral) said lordral is suchecka 12-25-2020, 8:54:22 PM
Lordral (Lordral) said shut up 12-25-2020, 8:54:28 PM
mihail (mihail) said yay 12-25-2020, 8:54:30 PM
rider disconnected 12-25-2020, 8:54:34 PM
ramil (magistral) said and die you 12-25-2020, 8:54:35 PM
bolgelo (bolgelo) said roflfl 12-25-2020, 8:54:38 PM
Lordral (Lordral) said come to zalp 12-25-2020, 8:54:41 PM
Lordral (Lordral) said now 12-25-2020, 8:54:44 PM
bolgelo (bolgelo) said come to die 12-25-2020, 8:54:45 PM
death: oy, where'd mihail go. Do you happen to know, rider's barricade bomb? 12-25-2020, 8:54:53 PM
death: gravaty just finished pulling the corpse of ramil to the ground of the zalp map, and we can thank bolgelo's rpg7 for the help!  12-25-2020, 8:54:55 PM
mihail (mihail) said rider dura 12-25-2020, 8:55:08 PM
bolgelo (bolgelo) said nickname grand father 12-25-2020, 8:55:10 PM
mihail (mihail) said gg 12-25-2020, 8:55:16 PM
grand father (bolgelo) said hello 12-25-2020, 8:55:18 PM
mihail (mihail) said hello and die 12-25-2020, 8:55:23 PM
grand father (bolgelo) said nana 12-25-2020, 8:55:30 PM
death: a bloody corpse of ramil now lies on map zalp, thanks to Lordral's zulfikar 12-25-2020, 8:55:33 PM
mihail (mihail) said grand mother 12-25-2020, 8:55:40 PM
mihail (mihail) said oy 12-25-2020, 8:55:43 PM
grand father (bolgelo) said only you 12-25-2020, 8:55:48 PM
mihail sent a Pm to mihail: lol 12-25-2020, 8:55:49 PM
grand father (bolgelo) said thats just your name 12-25-2020, 8:55:51 PM
ramil (magistral) said heh 12-25-2020, 8:55:55 PM
grand father (bolgelo) said that workd created for you 12-25-2020, 8:56:01 PM
Lordral (Lordral) said come to zalp, girls! 12-25-2020, 8:56:06 PM
grand father (bolgelo) said and grand girls 12-25-2020, 8:56:11 PM
ramil (magistral) said shut upp and die 12-25-2020, 8:56:13 PM
mihail (mihail) said ggggg 12-25-2020, 8:56:16 PM
death: Lordral died. Why? Because ramil's hand_grenade owned them on zalp. 12-25-2020, 8:56:29 PM
death: Damn, grand father's rpg7, that was quite a vicious display of violence towards ramil 12-25-2020, 8:56:35 PM
ramil (magistral) said come to battles 12-25-2020, 8:56:46 PM
ramil (magistral) said 5, 30, 0.  12-25-2020, 8:56:55 PM
ramil (magistral) said and enable robots 12-25-2020, 8:57:02 PM
death: heavy hammer just gave  Lordral a royal beating 12-25-2020, 8:57:03 PM
ramil (magistral) said shuckecka, enablerobots 12-25-2020, 8:57:14 PM
death: Stay clear of battlefield, mihail has begun decaying. Thanks ramil's modern_sub_machine_gun_carbine 12-25-2020, 8:57:16 PM
death: Lordral was turned to pulp by ramil's modern_sub_machine_gun_carbine 12-25-2020, 8:57:25 PM
death: oy, where'd grand father go. Do you happen to know, grand father's mini missile? 12-25-2020, 8:57:39 PM
ramil (magistral) said oy oy  12-25-2020, 8:57:44 PM
death: ramil's modern_sub_machine_gun_carbine just gave  Lordral a royal beating 12-25-2020, 8:57:51 PM
mihail disconnected 12-25-2020, 8:58:02 PM
death: ramil was totaled by Lordral's zulfikar on map battlefield 12-25-2020, 8:58:06 PM
death: the battlefield map now contains loads of guts from grand father, thanks to grand father's mini missile.  12-25-2020, 8:58:08 PM
death: A pool of red reminder liquid now forms under Lordral's corpse. grand father's mini missile has the credibility for their demise.  12-25-2020, 8:58:08 PM
death: grand father's mini missile killed ramil on battlefield. 12-25-2020, 8:58:29 PM
death: grand father's rpg7 just gave ramil what for! 12-25-2020, 8:58:51 PM
death: ownage! ramil managed to escape by killing Lordral's zulfikar on the map battlefield 12-25-2020, 9:00:00 PM
death: hazard just beat the shit out of ramil 12-25-2020, 9:00:23 PM
grand father (bolgelo) said roffll 12-25-2020, 9:00:31 PM
death: ramil was turned to pulp by hazard 12-25-2020, 9:01:16 PM
death: the weapon_challenge map now contains loads of guts from grand father, thanks to hazard.  12-25-2020, 9:01:25 PM
ramil (magistral) said oy oy 12-25-2020, 9:01:28 PM
ramil (magistral) said come 12-25-2020, 9:01:39 PM
ramil (magistral) said 0 0 5 12-25-2020, 9:01:49 PM
ramil (magistral) said 1 2 5 12-25-2020, 9:01:58 PM
death: ramil just got bashed by hazard on the weapon_challenge map 12-25-2020, 9:02:04 PM
death: ramil just got creamed by hazard 12-25-2020, 9:02:27 PM
grand father (bolgelo) said 5, 20, 15.  12-25-2020, 9:02:39 PM
grand father (bolgelo) said what next 12-25-2020, 9:02:41 PM
death: hazard just royally kicked ramil's ass 12-25-2020, 9:03:13 PM
ramil (magistral) said wait 12-25-2020, 9:03:18 PM
death: Lordral was just obliterated by the force of heavy hammer on battlefield 12-25-2020, 9:03:20 PM
franklin logged in. 12-25-2020, 9:03:21 PM
death: ramil just got their ass handed to them on a platter, happily served by hazard 12-25-2020, 9:03:43 PM
death: hazard just completely and totally pulvarized ramil over here! 12-25-2020, 9:04:10 PM
death: Man? what's this! Lordral died? No! He's my friend! Or what... I mean, he's hazard's friend! But I still can't believe looking at how he killed them on weapon_challenge. 12-25-2020, 9:04:18 PM
death: hazard killed ramil on weapon_challenge. 12-25-2020, 9:04:41 PM
death: I think I just saw ramil's corpse flying as the laws of gravity owned them on weapon_challenge. 12-25-2020, 9:04:41 PM
grand father (bolgelo) said where 12-25-2020, 9:04:43 PM
ramil (magistral) said 33 34 12-25-2020, 9:04:49 PM
death: hazard just beat the shit out of grand father 12-25-2020, 9:05:00 PM
death: Man? what's this! grand father died? No! He's my friend! Or what... I mean, he's the laws of gravity's friend! But I still can't believe looking at how he killed them on weapon_challenge. 12-25-2020, 9:05:00 PM
ramil (magistral) said oy 12-25-2020, 9:05:02 PM
death: ramil just got their ass handed to them on a platter, happily served by hazard 12-25-2020, 9:05:07 PM
ramil (magistral) said my keybord 12-25-2020, 9:05:15 PM
death: ramil just got bashed by hazard on the weapon_challenge map 12-25-2020, 9:05:34 PM
death: Lordral takes their last breath as hazard blasts them in the face one last time. Brutallity! 12-25-2020, 9:05:47 PM
death: Another one bites the dust, grand father, you will be greatly missed on weapon_challenge. 12-25-2020, 9:05:47 PM
ramil (magistral) said oooooy 12-25-2020, 9:05:51 PM
death: a bloody corpse of ramil now lies on map weapon_challenge, thanks to hazard 12-25-2020, 9:05:58 PM
franklin (franklin) said die sisichka 12-25-2020, 9:05:59 PM
death: hazard just beat the shit out of grand father 12-25-2020, 9:06:15 PM
death: He shoots, he scores! Lordral's testicles went flying through the hoops on map weapon_challenge. hazard stands tall with quite the sinical smile. 12-25-2020, 9:06:27 PM
ramil (magistral) said booom 12-25-2020, 9:06:31 PM
death: grand father was just obliterated by the force of hazard on weapon_challenge 12-25-2020, 9:06:35 PM
death: Lordral was nuked off the map weapon_challenge by hazard 12-25-2020, 9:06:47 PM
death: hazard just put the smack down on ramil 12-25-2020, 9:07:01 PM
death: Lordral was just obliterated by the force of hazard on weapon_challenge 12-25-2020, 9:07:04 PM
death: grand father, You have a murderer on line 1, go ahead hazard  12-25-2020, 9:07:24 PM
death: grand father's head was blown apart and now the laws of gravity plays basketball today on map weapon_challenge, up for a game? 12-25-2020, 9:07:24 PM
ramil (magistral) said жто моя ошибка, ща, исправлю. 12-25-2020, 9:07:29 PM
ramil (magistral) said это* 12-25-2020, 9:07:37 PM
death: ramil just got bashed by hazard on the weapon_challenge map 12-25-2020, 9:07:44 PM
franklin disconnected 12-25-2020, 9:07:57 PM
ramil (magistral) said wait 12-25-2020, 9:07:58 PM
death: The weapon_challenge map is full now with grand father's guts as hazard owned them! 12-25-2020, 9:07:58 PM
franklin logged in. 12-25-2020, 9:08:09 PM
grand father (bolgelo) said in the killer jump sistem is stupid 12-25-2020, 9:08:11 PM
ramil (magistral) said hmm 12-25-2020, 9:08:16 PM
grand father (bolgelo) said realy! 12-25-2020, 9:08:20 PM
grand father (bolgelo) said you dont know you did one step or not 12-25-2020, 9:08:28 PM
grand father (bolgelo) said ah 12-25-2020, 9:08:28 PM
grand father (bolgelo) said will be back maybe later 12-25-2020, 9:08:39 PM
grand father (bolgelo) said bye all  12-25-2020, 9:08:41 PM
ramil (magistral) said у меня раньше все получалось, но бля, how? 12-25-2020, 9:08:42 PM
grand father (bolgelo) said 3 2 1 12-25-2020, 9:08:47 PM
ramil (magistral) said bye 12-25-2020, 9:08:47 PM
bolgelo disconnected 12-25-2020, 9:08:48 PM
death: grand father, You have a murderer on line 1, go ahead hazard  12-25-2020, 9:08:48 PM
death: Breaking news! Today, hazard killed ramil so easy on weapon_challenge! isn't it a good news? 12-25-2020, 9:09:04 PM
death: hazard just put ramil 6 feet under on weapon_challenge 12-25-2020, 9:10:00 PM
death: Oops? Man down! That man is Lordral. hazard isn't so kind on weapon_challenge. 12-25-2020, 9:10:04 PM
ramil (magistral) said stupet 12-25-2020, 9:10:06 PM
Lordral disconnected 12-25-2020, 9:10:06 PM
ramil (magistral) said franklin has given you 1600000 coins! 12-25-2020, 9:11:01 PM
ramil (magistral) said thanx 12-25-2020, 9:11:02 PM
franklin (franklin) said yep 12-25-2020, 9:11:10 PM
death: ramil got fucked up by ramil's rpg7 on door to the street. 12-25-2020, 9:13:23 PM
rider logged in. 12-25-2020, 9:14:42 PM
nikita-k lost connection 12-25-2020, 9:16:52 PM
nikita-k logged in. 12-25-2020, 9:16:55 PM
rider (rider) said привет 12-25-2020, 9:17:03 PM
nikita-k logged in. 12-25-2020, 9:20:32 PM
magistral logged in. 12-25-2020, 9:20:33 PM
franklin logged in. 12-25-2020, 9:20:34 PM
death: nikita-k, I believe nikita-k's suicide bomb had something to say. 12-25-2020, 9:20:50 PM
rider logged in. 12-25-2020, 9:21:06 PM
death: Stop crying, ramil! Go kill the laws of gravity! 12-25-2020, 9:21:53 PM
rider disconnected 12-25-2020, 9:22:10 PM
rider logged in. 12-25-2020, 9:22:17 PM
magistral disconnected 12-25-2020, 9:22:23 PM
magistral logged in. 12-25-2020, 9:22:25 PM
death: ramil just neutralized snake 12-25-2020, 9:22:40 PM
death: A new freshly killed blood of fly lies now on cave4, thanks ramil! 12-25-2020, 9:23:51 PM
death: fly, You have a murderer on line 1, go ahead ramil  12-25-2020, 9:23:51 PM
death: rider's rpg7 just beat the shit out of rider 12-25-2020, 9:24:32 PM
franklin disconnected 12-25-2020, 9:25:58 PM
death: oy, where'd dog go. Do you happen to know, ramil? 12-25-2020, 9:26:01 PM
ramil (magistral) said allitems 12-25-2020, 9:26:29 PM
death: welder laughs mockingly at the dying form of rider on zalp 12-25-2020, 9:26:34 PM
death: ownage! rider managed to escape by killing securityguard on the map zalp 12-25-2020, 9:27:28 PM
death: rider just put the smack down on securityguard 12-25-2020, 9:27:33 PM
ramil (magistral) said you have received 112500 coins in return for your contribution 12-25-2020, 9:29:52 PM
death: hunter really made a mess of ramil on the sklad map.  12-25-2020, 9:30:40 PM
death: Stop crying, rider! Go kill kirill3! 12-25-2020, 9:30:49 PM
death: OK, let's see what else ramil can do for hunter on sklad. I saw he killed them! 12-25-2020, 9:31:00 PM
death: Stop crying, cockroach! Go kill ramil! 12-25-2020, 9:31:09 PM
death: A pool of red reminder liquid now forms under dog's corpse. ramil has the credibility for their demise.  12-25-2020, 9:31:15 PM
death: ramil just mauled dog 12-25-2020, 9:31:31 PM
death: A new corpse of dog is flying on sklad, because ramil made this to happen! 12-25-2020, 9:31:37 PM
death: rider really made a mess of kirill3 on the kirill's_world map.  12-25-2020, 9:31:42 PM
nikita-k lost connection 12-25-2020, 9:32:13 PM
death: the kirill's_world map now contains loads of guts from rider, thanks to kirill2.  12-25-2020, 9:32:13 PM
nikita-k logged in. 12-25-2020, 9:32:14 PM
death: train's head was blown apart and now ramil plays basketball today on map quarry, up for a game? 12-25-2020, 9:32:29 PM
nikita-k disconnected 12-25-2020, 9:32:51 PM
death: Well, rider doesn't exist anymore. Looks to be that kirill4 has ultimate victory. Clean up on kirill's_world  12-25-2020, 9:33:06 PM
death: Rest  in piece, kirill4. We'll sure miss you, guess we can thank rider for what they did. 12-25-2020, 9:33:08 PM
bolgelo logged in. 12-25-2020, 9:33:16 PM
ramil (magistral) said hi 12-25-2020, 9:33:20 PM
grand father (bolgelo) said doie 12-25-2020, 9:33:22 PM
grand father (bolgelo) said die 12-25-2020, 9:33:23 PM
grand father (bolgelo) said o gosh 12-25-2020, 9:34:14 PM
grand father (bolgelo) said thats very loud 12-25-2020, 9:34:22 PM
franklin logged in. 12-25-2020, 9:34:32 PM
bolgelo disconnected 12-25-2020, 9:34:33 PM
magistral disconnected 12-25-2020, 9:35:01 PM
death: hunter just got their ass handed to them on a platter, happily served by franklin 12-25-2020, 9:35:06 PM
death: a bloody corpse of hunter now lies on map sklad, thanks to franklin 12-25-2020, 9:35:14 PM
death: because of the villany of kirill4, rider will no longer have a beating heart again, because it is broken on the kirill's_world map.  12-25-2020, 9:36:28 PM
nikita-k logged in. 12-25-2020, 9:37:23 PM
nikita-k logged in. 12-25-2020, 9:37:39 PM
rider logged in. 12-25-2020, 9:38:26 PM
franklin logged in. 12-25-2020, 9:38:55 PM
death: rider was given what was coming to them, thank you kirill4! 12-25-2020, 9:40:01 PM
nikita-k disconnected 12-25-2020, 9:40:11 PM
magistral logged in. 12-25-2020, 9:40:14 PM
death: Well, rider doesn't exist anymore. Looks to be that kirill4 has ultimate victory. Clean up on kirill's_world  12-25-2020, 9:41:12 PM
death: ramil laughs mockingly at the dying form of kirill3 on kirill's_world 12-25-2020, 9:42:00 PM
death: rider just got their ass handed to them on a platter, happily served by ramil's throwing_star 12-25-2020, 9:42:03 PM
death: A new freshly killed blood of rider lies now on kirill's world, thanks rider's rpg7! 12-25-2020, 9:42:37 PM
death: Another one bites the dust, kirill4, you will be greatly missed on kirill's_world. 12-25-2020, 9:42:52 PM
death: Anybody knows why kirillboss died? I know! kirillboss got owned by ramil! Where? On kirill'smain_room! 12-25-2020, 9:43:20 PM
death: gravaty just finished pulling the corpse of ramil to the ground of the kirill'smain_room map, and we can thank kirillboss for the help!  12-25-2020, 9:43:51 PM
death: ramil just blew kirillboss's brains out. Somebody get a mo 12-25-2020, 9:43:52 PM
rider (rider) said привет 12-25-2020, 9:44:04 PM
magistral disconnected 12-25-2020, 9:44:19 PM
death: Stop crying, rider! Go kill psycho! 12-25-2020, 9:45:30 PM
death: rider just got bashed by rider's rpg7 on the zalp map 12-25-2020, 9:48:02 PM
death: fly's head was blown apart and now rider's rpg7 plays basketball today on map zalp, up for a game? 12-25-2020, 9:48:03 PM
mihail logged in. 12-25-2020, 9:50:00 PM
death: because of the villany of rider, rat will no longer have a beating heart again, because it is broken on the main map.  12-25-2020, 9:50:34 PM
magistral logged in. 12-25-2020, 9:51:16 PM
death: Anybody knows why mihail died? I know! mihail got owned by heavy hammer! Where? On door to cage!! 12-25-2020, 9:52:13 PM
mihail sent a Pm to ramil: go 12-25-2020, 9:52:25 PM
mihail sent a Pm to ramil: заходи, я скоро приду 12-25-2020, 9:52:47 PM
death: mihail's turret 474 just got annihilated by ramil's hand_grenade 12-25-2020, 9:54:03 PM
mihail sent a Pm to ramil: go 12-25-2020, 9:54:12 PM
bolgelo logged in. 12-25-2020, 9:54:56 PM
bolgelo disconnected 12-25-2020, 9:55:07 PM
death: heavy hammer just mauled mihail 12-25-2020, 9:55:08 PM
mihail disconnected 12-25-2020, 9:55:26 PM
bolgelo logged in. 12-25-2020, 9:55:31 PM
grand father (bolgelo) said rider, 12-25-2020, 9:55:45 PM
bolgelo disconnected 12-25-2020, 9:56:34 PM
death: rider just got bashed by ramil's modern_sub_machine_gun_carbine on the house map 12-25-2020, 9:59:31 PM
death: franklin just mauled hunter 12-25-2020, 10:01:17 PM
death: franklin just gave rabbit what for! 12-25-2020, 10:02:42 PM
death: rider takes their last breath as coyote blasts them in the face one last time. Brutallity! 12-25-2020, 10:03:06 PM
death: I think I just saw coyote's corpse flying as rider owned them on main. 12-25-2020, 10:03:38 PM
death: main smells pretty dank. glider needs a proper barrial by ramil 12-25-2020, 10:03:40 PM
death: A new freshly killed blood of grandpa lies now on main, thanks ramil! 12-25-2020, 10:04:11 PM
death: rider, You have a murderer on line 1, go ahead ramil's cannon  12-25-2020, 10:05:03 PM
death: Man? what's this! zombie died? No! He's my friend! Or what... I mean, he's ramil's friend! But I still can't believe looking at how he killed them on main. 12-25-2020, 10:05:28 PM
rider disconnected 12-25-2020, 10:05:30 PM
death: franklin just used the grounds of the sklad map to teach dog a very important lesson!  12-25-2020, 10:05:33 PM
rider logged in. 12-25-2020, 10:05:38 PM
death: Well, ramil doesn't exist anymore. Looks to be that ramil's sky 436 mine has ultimate victory. Clean up on door to the street  12-25-2020, 10:07:12 PM
death: rabbit takes their last breath as rider blasts them in the face one last time. Brutallity! 12-25-2020, 10:07:49 PM
death: and the deathly scream of rabbit pierces the air as rider finishes them off! 12-25-2020, 10:09:02 PM
death: Another one bites the dust, hunter, you will be greatly missed on sklad. 12-25-2020, 10:09:39 PM
magistral disconnected 12-25-2020, 10:10:39 PM
magistral logged in. 12-25-2020, 10:10:40 PM
death: franklin was nuked out of existance by ramil's sky 436 mine 12-25-2020, 10:10:58 PM
death: ownage! ramil managed to escape by killing ramil's sky 436 mine on the map warehouse 12-25-2020, 10:10:58 PM
death: a bloody corpse of hunter now lies on map sklad, thanks to sky 436 mine 12-25-2020, 10:10:59 PM
death: rider just got creamed by ramil's sky 436 mine 12-25-2020, 10:11:17 PM
death: ramil died. Why? Because ramil's sky 436 mine owned them on porch. 12-25-2020, 10:12:35 PM
death: a bloody corpse of surgeon now lies on map main, thanks to franklin 12-25-2020, 10:12:56 PM
death: franklin just neutralized dentist 12-25-2020, 10:13:04 PM
death: lion just got bashed by franklin on the main map 12-25-2020, 10:13:10 PM
death: franklin just royally kicked dragon's ass 12-25-2020, 10:13:13 PM
death: because of the villany of franklin, wolf will no longer have a beating heart again, because it is broken on the main map.  12-25-2020, 10:13:15 PM
death: gravaty just finished pulling the corpse of robocop to the ground of the main map, and we can thank franklin for the help!  12-25-2020, 10:13:21 PM
death: franklin just beat the shit out of coyote 12-25-2020, 10:13:23 PM
death: Oh flapjacks, main looks like a big bloody mess. franklin definitely pushed hard to use boxer's remains as a deceration 12-25-2020, 10:13:25 PM
death: Stay clear of main, worm has begun decaying. Thanks franklin 12-25-2020, 10:13:27 PM
death: A pool of red reminder liquid now forms under nurse's corpse. franklin has the credibility for their demise.  12-25-2020, 10:13:29 PM
death: cockroach was nuked out of existance by franklin 12-25-2020, 10:13:34 PM
rider (rider) said привет 12-25-2020, 10:13:35 PM
death: patient just got bashed by franklin on the main map 12-25-2020, 10:13:38 PM
death: franklin just beat the shit out of trainer 12-25-2020, 10:13:41 PM
death: gun was given what was coming to them, thank you franklin! 12-25-2020, 10:13:44 PM
death: The main map is full now with dragonfly's guts as franklin owned them! 12-25-2020, 10:13:47 PM
death: cyborg has been terminated by franklin 12-25-2020, 10:13:49 PM
death: franklin just neutralized cyborg 12-25-2020, 10:13:51 PM
death: patient died. Why? Because franklin owned them on main. 12-25-2020, 10:13:56 PM
death: rat was given what was coming to them, thank you franklin! 12-25-2020, 10:13:58 PM
death: ramil's robot 70 just put rider 6 feet under on near the tall tall center tower, wich is going upp to the sky 12-25-2020, 10:15:15 PM
death: ramil's cannon just blasted franklin's robot 31 away! 12-25-2020, 10:15:21 PM
death: Somebody call 9 1 1, oh wait, rain check. ramil's modern_sub_machine_gun_carbine gives no shits. Peace out, ramil's robot 70 12-25-2020, 10:16:25 PM
death: Stop crying, rider! Go kill ramil's cannon! 12-25-2020, 10:17:06 PM
rider2 logged in. 12-25-2020, 10:18:28 PM
rider2 sent a Pm to rider: zalp 12-25-2020, 10:18:59 PM
death: franklin's armored tank just blasted rider away! 12-25-2020, 10:19:21 PM
rider2 (rider2) said rider is in front and very slightly to the right, 18 feet away.  12-25-2020, 10:19:31 PM
ramil (magistral) said the nuclear_shelter shelter belonging to franklin with 102016 health is above, in front and a ways off to the left, 11 feet away.  12-25-2020, 10:19:45 PM
bolgelo logged in. 12-25-2020, 10:20:28 PM
bolgelo disconnected 12-25-2020, 10:20:41 PM
bolgelo logged in. 12-25-2020, 10:21:04 PM
grand father (bolgelo) said rider 12-25-2020, 10:21:13 PM
grand father sent a Pm to rider: иди в тт 12-25-2020, 10:21:18 PM
rider2 disconnected 12-25-2020, 10:21:31 PM
death: main smells pretty dank. zombie needs a proper barrial by ramil 12-25-2020, 10:22:29 PM
grand father (bolgelo) said riderriderriderriderrider 12-25-2020, 10:22:31 PM
Lordral logged in. 12-25-2020, 10:23:46 PM
rider (rider) said приветlodro 12-25-2020, 10:24:56 PM
bolgelo disconnected 12-25-2020, 10:25:40 PM
Lordral disconnected 12-25-2020, 10:25:42 PM
death: I think I just saw ramil's corpse flying as franklin's zulfikar owned them on roof. 12-25-2020, 10:29:37 PM
franklin sent a Pm to rider: ты дима? 12-25-2020, 10:31:59 PM
death: rider was turned to pulp by ramil's missile 12-25-2020, 10:33:14 PM
franklin disconnected 12-25-2020, 10:33:18 PM
franklin logged in. 12-25-2020, 10:34:21 PM
franklin disconnected 12-25-2020, 10:35:31 PM
franklin logged in. 12-25-2020, 10:36:01 PM
death: Breaking news! Today, hazard killed ramil so easy on weapon_challenge! isn't it a good news? 12-25-2020, 10:37:08 PM
death: Well, ramil doesn't exist anymore. Looks to be that hazard has ultimate victory. Clean up on weapon_challenge  12-25-2020, 10:37:45 PM
death: ramil takes their last breath as hazard blasts them in the face one last time. Brutallity! 12-25-2020, 10:38:01 PM
death: Breaking news! Today, hazard killed ramil so easy on weapon_challenge! isn't it a good news? 12-25-2020, 10:38:31 PM
death: ramil was nuked off the map weapon_challenge by the laws of gravity 12-25-2020, 10:38:32 PM
magistral disconnected 12-25-2020, 10:38:37 PM
franklin disconnected 12-25-2020, 10:39:29 PM
magistral logged in. 12-25-2020, 10:41:21 PM
death: rider was nuked off the map weapon_challenge by hazard 12-25-2020, 10:41:47 PM
death: rabbit died. Why? Because rider owned them on zalp. 12-25-2020, 10:42:27 PM
death: rider just neutralized fitter 12-25-2020, 10:42:44 PM
death: hazard just completely and totally pulvarized ramil over here! 12-25-2020, 10:42:55 PM
death: Anybody knows why boxer died? I know! boxer got owned by rider! Where? On zalp! 12-25-2020, 10:42:56 PM
death: Rest  in piece, rider. We'll sure miss you, guess we can thank fly for what they did. 12-25-2020, 10:43:01 PM
death: Well, rider doesn't exist anymore. Looks to be that ramil's throwing_star has ultimate victory. Clean up on zalp  12-25-2020, 10:43:21 PM
death: Man? what's this! soldier died? No! He's my friend! Or what... I mean, he's ramil's friend! But I still can't believe looking at how he killed them on zalp. 12-25-2020, 10:43:27 PM
death: zalp smells pretty dank. harvester needs a proper barrial by ramil 12-25-2020, 10:43:32 PM
death: horse died. Why? Because ramil owned them on zalp. 12-25-2020, 10:43:39 PM
death: rider really made a mess of rocketlauncher on the zalp map.  12-25-2020, 10:44:13 PM
death: You know that particular element in physics where velocity increases as you fall? yeah, rocketlauncher learned that really fuckin quick, and we can thank ramil. 12-25-2020, 10:44:19 PM
death: Well, storekeeper doesn't exist anymore. Looks to be that ramil has ultimate victory. Clean up on zalp  12-25-2020, 10:44:29 PM
death: ramil's zulfikar just royally kicked rider's ass 12-25-2020, 10:44:54 PM
death: ramil just put gorilla 6 feet under on zalp 12-25-2020, 10:45:03 PM
death: Oh flapjacks, zalp looks like a big bloody mess. ramil definitely pushed hard to use car's remains as a deceration 12-25-2020, 10:45:16 PM
death: Anybody knows why rat died? I know! rat got owned by ramil! Where? On zalp! 12-25-2020, 10:45:24 PM
death: rider just got their ass handed to them on a platter, happily served by ramil's hand_grenade 12-25-2020, 10:45:28 PM
death: ramil was totaled by dragonfly on map zalp 12-25-2020, 10:45:35 PM
death: The zalp map is full now with rider's guts as ramil's throwing_star owned them! 12-25-2020, 10:46:13 PM
death: the zalp map now contains loads of guts from gun, thanks to ramil.  12-25-2020, 10:46:17 PM
death: lion laughs mockingly at the dying form of rider on zalp 12-25-2020, 10:46:33 PM
death: ramil just got bashed by lion on the zalp map 12-25-2020, 10:46:39 PM
death: Anybody knows why lion died? I know! lion got owned by ramil! Where? On zalp! 12-25-2020, 10:46:44 PM
death: ownage! rider managed to escape by killing metallurgist on the map zalp 12-25-2020, 10:47:03 PM
death: metallurgist was given what was coming to them, thank you ramil! 12-25-2020, 10:47:10 PM
death: Stop crying, monster! Go kill ramil! 12-25-2020, 10:47:36 PM
death: He shoots, he scores! surgeon's testicles went flying through the hoops on map zalp. ramil stands tall with quite the sinical smile. 12-25-2020, 10:47:44 PM
death: patient has been terminated by ramil 12-25-2020, 10:48:03 PM
death: and splat goes mortal, with ramil standing over them with quite the smile 12-25-2020, 10:48:41 PM
death: ramil just put the smack down on patient 12-25-2020, 10:48:59 PM
magistral disconnected 12-25-2020, 10:49:01 PM
death: ramil was owned by patient on zalp 12-25-2020, 10:49:01 PM
death: rider, I believe baibydragon had something to say. 12-25-2020, 10:49:45 PM
death: Another one bites the dust! goat, have fun, I'm sure rider is 12-25-2020, 10:51:14 PM
death: rider was nuked out of existance by gorilla 12-25-2020, 10:51:17 PM
death: You know that particular element in physics where velocity increases as you fall? yeah, leopard learned that really fuckin quick, and we can thank rider. 12-25-2020, 10:51:46 PM
death: Somebody call 9 1 1, oh wait, rain check. rider gives no shits. Peace out, wolf 12-25-2020, 10:52:02 PM
rider disconnected 12-25-2020, 10:52:06 PM
death: wolf just neutralized rider 12-25-2020, 10:52:06 PM
magistral logged in. 12-25-2020, 11:06:38 PM
magistral disconnected 12-25-2020, 11:07:07 PM
rider logged in. 12-25-2020, 11:10:58 PM
death: pan just gave  rider a royal beating 12-25-2020, 11:12:14 PM
death: robot killed rider on zalp. 12-25-2020, 11:13:10 PM
death: the zalp map now contains loads of guts from robot, thanks to rider.  12-25-2020, 11:13:16 PM
death: gravaty just finished pulling the corpse of rider to the ground of the zalp map, and we can thank harvester for the help!  12-25-2020, 11:13:52 PM
rider lost connection 12-25-2020, 11:14:23 PM
rider logged in. 12-25-2020, 11:14:35 PM
death: Oops? Man down! That man is rider. dentist isn't so kind on zalp. 12-25-2020, 11:15:11 PM
death: snake just gave  rider a royal beating 12-25-2020, 11:16:38 PM
rider disconnected 12-25-2020, 11:17:18 PM
rider logged in. 12-25-2020, 11:17:22 PM
death: Man? what's this! rider died? No! He's my friend! Or what... I mean, he's soldier's friend! But I still can't believe looking at how he killed them on main. 12-25-2020, 11:19:19 PM
death: Somebody call 9 1 1, oh wait, rain check. dragon gives no shits. Peace out, rider 12-25-2020, 11:23:25 PM
death: OK, let's see what else suffocation can do for rider on main. I saw he killed them! 12-25-2020, 11:24:08 PM
death: suffocation just gave rider what for! 12-25-2020, 11:24:19 PM
death: Another one bites the dust! rider, have fun, I'm sure suffocation is 12-25-2020, 11:24:26 PM
death: Man? what's this! rider died? No! He's my friend! Or what... I mean, he's suffocation's friend! But I still can't believe looking at how he killed them on store. 12-25-2020, 11:24:33 PM
death: rider was turned to pulp by suffocation 12-25-2020, 11:24:47 PM
death: rider was given what was coming to them, thank you suffocation! 12-25-2020, 11:24:54 PM
death: OK, let's see what else suffocation can do for rider on store. I saw he killed them! 12-25-2020, 11:25:01 PM
rider disconnected 12-25-2020, 11:25:05 PM
death: Man? what's this! rider died? No! He's my friend! Or what... I mean, he's suffocation's friend! But I still can't believe looking at how he killed them on weapon store. 12-25-2020, 11:25:05 PM
death: suffocation killed rider on store. 12-25-2020, 11:25:11 PM
rider logged in. 12-25-2020, 11:25:13 PM
rider disconnected 12-25-2020, 11:25:59 PM
rider logged in. 12-25-2020, 11:26:03 PM
rider disconnected 12-25-2020, 11:27:00 PM
death: gravaty just finished pulling the corpse of rider to the ground of the main map, and we can thank no one for the help!  12-25-2020, 11:27:00 PM
rider logged in. 12-25-2020, 11:27:08 PM
death: OK, let's see what else horse can do for rider on main. I saw he killed them! 12-25-2020, 11:30:35 PM
death: rider's head was blown apart and now dragon plays basketball today on map main, up for a game? 12-25-2020, 11:34:41 PM
death: rider's rpg7 just totaled rider's robot 54's ass on main 12-25-2020, 11:40:24 PM
death: Stop crying, rider! Go kill rider's rpg7! 12-25-2020, 11:40:24 PM
death: and splat goes rider, with soldier standing over them with quite the smile 12-25-2020, 11:41:22 PM
death: the main map now contains loads of guts from rider, thanks to helicopter.  12-25-2020, 11:42:30 PM
death: rider's head was blown apart and now suffocation plays basketball today on map weapon store, up for a game? 12-25-2020, 11:43:20 PM
death: rider was owned by suffocation on store 12-25-2020, 11:43:27 PM
death: rider got fucked up by suffocation on store. 12-25-2020, 11:43:34 PM
death: OK, let's see what else suffocation can do for rider on store. I saw he killed them! 12-25-2020, 11:43:44 PM
death: Anybody knows why rider died? I know! rider got owned by suffocation! Where? On store! 12-25-2020, 11:43:51 PM
death: Rest  in piece, rider. We'll sure miss you, guess we can thank suffocation for what they did. 12-25-2020, 11:44:02 PM
death: rider takes their last breath as suffocation blasts them in the face one last time. Brutallity! 12-25-2020, 11:44:09 PM
rider disconnected 12-25-2020, 11:44:12 PM
rider logged in. 12-25-2020, 11:44:16 PM
death: I think I just saw rider's corpse flying as heavy hammer owned them on main. 12-25-2020, 11:49:06 PM
death: rider really made a mess of gorilla on the zalp map.  12-25-2020, 11:49:57 PM
rider lost connection 12-25-2020, 11:57:57 PM
rider logged in. 12-25-2020, 11:58:12 PM
death: A new freshly killed blood of rider lies now on path to bridge, thanks the laws of gravity! 12-25-2020, 11:59:00 PM