
blindgamers14(roflgamer) used a warp_box 1-25-2021, 3:41:38 AM
blindgamers14(roflgamer) used a warp_box 1-25-2021, 3:42:11 AM
blindgamers14(roflgamer) used a warp_box 1-25-2021, 3:42:26 AM
blindgamers14(roflgamer) used a fuel_tank 1-25-2021, 3:42:56 AM
blindgamers14(roflgamer) used a fuel_tank 1-25-2021, 3:42:56 AM
blindgamers14(roflgamer) used a fuel_tank 1-25-2021, 3:42:57 AM
blindgamers14(roflgamer) used a fuel_tank 1-25-2021, 3:42:57 AM
blindgamers14(roflgamer) used a fuel_tank 1-25-2021, 3:42:58 AM
blindgamers14(roflgamer) used a fuel_tank 1-25-2021, 3:42:58 AM
blindgamers14(roflgamer) used a fuel_tank 1-25-2021, 3:42:58 AM
blindgamers14(roflgamer) used a fuel_tank 1-25-2021, 3:42:59 AM
blindgamers14(roflgamer) used a fuel_tank 1-25-2021, 3:42:59 AM
blindgamers14(roflgamer) used a tk_ultra_health_potion 1-25-2021, 3:46:01 AM
blindgamers14(roflgamer) used a tk_ultra_health_potion 1-25-2021, 3:46:01 AM
blindgamers14(roflgamer) used a rocket_launcher 1-25-2021, 3:46:16 AM
blindgamers14(roflgamer) used a knife 1-25-2021, 3:46:41 AM
blindgamers14(roflgamer) used a storm_sniper 1-25-2021, 3:46:49 AM
blindgamers14(roflgamer) used a long_sword 1-25-2021, 3:47:32 AM
blindgamers14(roflgamer) used a long_sword 1-25-2021, 3:47:34 AM
blindgamers14(roflgamer) used a the_legendary_sword 1-25-2021, 3:47:53 AM
blindgamers14(roflgamer) used a storm_sniper 1-25-2021, 3:48:18 AM
blindgamers14(roflgamer) used a turret 1-25-2021, 3:48:27 AM
blindgamers14(roflgamer) used a tk_ultra_health_potion 1-25-2021, 3:51:29 AM
blindgamers14(roflgamer) used a tk_ultra_health_potion 1-25-2021, 3:51:29 AM
blindgamers14(roflgamer) used a health_drink 1-25-2021, 3:51:34 AM
blindgamers14(roflgamer) used a sky_436_mine 1-25-2021, 3:51:48 AM
blindgamers14(roflgamer) used a shield 1-25-2021, 3:51:53 AM
blindgamers14(roflgamer) used a shield 1-25-2021, 3:51:53 AM
blindgamers14(roflgamer) used a shield 1-25-2021, 3:51:53 AM
blindgamers14(roflgamer) used a shield 1-25-2021, 3:51:54 AM
blindgamers14(roflgamer) used a shield 1-25-2021, 3:51:54 AM
blindgamers14(roflgamer) used a shield 1-25-2021, 3:51:54 AM
blindgamers14(roflgamer) used a shield 1-25-2021, 3:51:54 AM
blindgamers14(roflgamer) used a shield 1-25-2021, 3:51:54 AM
blindgamers14(roflgamer) used a shield 1-25-2021, 3:51:54 AM
blindgamers14(roflgamer) used a shield 1-25-2021, 3:51:54 AM
blindgamers14(roflgamer) used a shield 1-25-2021, 3:51:55 AM
blindgamers14(roflgamer) used a shield 1-25-2021, 3:51:55 AM
blindgamers14(roflgamer) used a shield 1-25-2021, 3:51:55 AM
blindgamers14(roflgamer) used a shield 1-25-2021, 3:51:55 AM
blindgamers14(roflgamer) used a shield 1-25-2021, 3:51:55 AM
blindgamers14(roflgamer) used a shield 1-25-2021, 3:51:55 AM
blindgamers14(roflgamer) used a shield 1-25-2021, 3:51:55 AM
blindgamers14(roflgamer) used a shield 1-25-2021, 3:51:56 AM
blindgamers14(roflgamer) used a shield 1-25-2021, 3:51:56 AM
blindgamers14(roflgamer) used a shield 1-25-2021, 3:51:56 AM
blindgamers14(roflgamer) used a shield 1-25-2021, 3:51:56 AM
blindgamers14(roflgamer) used a shield 1-25-2021, 3:51:56 AM
blindgamers14(roflgamer) used a shield 1-25-2021, 3:51:56 AM
blindgamers14(roflgamer) used a shield 1-25-2021, 3:51:57 AM
blindgamers14(roflgamer) used a shield 1-25-2021, 3:51:57 AM
blindgamers14(roflgamer) used a shield 1-25-2021, 3:51:57 AM
blindgamers14(roflgamer) used a shield 1-25-2021, 3:51:57 AM
blindgamers14(roflgamer) used a shield 1-25-2021, 3:51:57 AM
blindgamers14(roflgamer) used a shield 1-25-2021, 3:51:57 AM
blindgamers14(roflgamer) used a shield 1-25-2021, 3:51:58 AM
blindgamers14(roflgamer) used a shield 1-25-2021, 3:51:58 AM
blindgamers14(roflgamer) used a health_drink 1-25-2021, 3:55:21 AM
blindgamers14(roflgamer) used a health_drink 1-25-2021, 3:55:21 AM
blindgamers14(roflgamer) used a shield 1-25-2021, 3:56:10 AM
blindgamers14(roflgamer) used a shield 1-25-2021, 3:56:10 AM
blindgamers14(roflgamer) used a shield 1-25-2021, 3:56:10 AM
blindgamers14(roflgamer) used a shield 1-25-2021, 3:56:11 AM
blindgamers14(roflgamer) used a shield 1-25-2021, 3:56:11 AM
blindgamers14(roflgamer) used a shield 1-25-2021, 3:56:11 AM
blindgamers14(roflgamer) used a shield 1-25-2021, 3:56:11 AM
blindgamers14(roflgamer) used a shield 1-25-2021, 3:56:11 AM
blindgamers14(roflgamer) used a shield 1-25-2021, 3:56:11 AM
blindgamers14(roflgamer) used a shield 1-25-2021, 3:56:12 AM
blindgamers14(roflgamer) used a shield 1-25-2021, 3:56:12 AM
blindgamers14(roflgamer) used a shield 1-25-2021, 3:56:12 AM
blindgamers14(roflgamer) used a shield 1-25-2021, 3:56:12 AM
blindgamers14(roflgamer) used a shield 1-25-2021, 3:56:12 AM
blindgamers14(roflgamer) used a shield 1-25-2021, 3:56:12 AM
blindgamers14(roflgamer) used a shield 1-25-2021, 3:56:13 AM
blindgamers14(roflgamer) used a shield 1-25-2021, 3:56:13 AM
blindgamers14(roflgamer) used a shield 1-25-2021, 3:56:13 AM
blindgamers14(roflgamer) used a shield 1-25-2021, 3:56:13 AM
blindgamers14(roflgamer) used a shield 1-25-2021, 3:56:13 AM
blindgamers14(roflgamer) used a shield 1-25-2021, 3:56:13 AM
blindgamers14(roflgamer) used a shield 1-25-2021, 3:56:13 AM
blindgamers14(roflgamer) used a shield 1-25-2021, 3:56:13 AM
blindgamers14(roflgamer) used a shield 1-25-2021, 3:56:14 AM
blindgamers14(roflgamer) used a shield 1-25-2021, 3:56:14 AM
blindgamers14(roflgamer) used a shield 1-25-2021, 3:56:14 AM
blindgamers14(roflgamer) used a shield 1-25-2021, 3:56:14 AM
blindgamers14(roflgamer) used a shield 1-25-2021, 3:56:15 AM
blindgamers14(roflgamer) used a shield 1-25-2021, 3:56:15 AM
blindgamers14(roflgamer) used a tk_ultra_health_potion 1-25-2021, 3:56:16 AM
blindgamers14(roflgamer) used a tk_ultra_health_potion 1-25-2021, 3:56:16 AM
blindgamers14(roflgamer) used a hand_cannon 1-25-2021, 3:56:57 AM
blindgamers14(roflgamer) used a shield 1-25-2021, 3:57:39 AM
blindgamers14(roflgamer) used a shield 1-25-2021, 3:57:39 AM
blindgamers14(roflgamer) used a shield 1-25-2021, 3:57:39 AM
blindgamers14(roflgamer) used a shield 1-25-2021, 3:57:39 AM
blindgamers14(roflgamer) used a shield 1-25-2021, 3:57:39 AM
blindgamers14(roflgamer) used a shield 1-25-2021, 3:57:40 AM
blindgamers14(roflgamer) used a shield 1-25-2021, 3:57:40 AM
blindgamers14(roflgamer) used a shield 1-25-2021, 3:57:40 AM
blindgamers14(roflgamer) used a shield 1-25-2021, 3:57:41 AM
blindgamers14(roflgamer) used a shield 1-25-2021, 3:57:41 AM
blindgamers14(roflgamer) used a shield 1-25-2021, 3:57:42 AM
blindgamers14(roflgamer) used a tk_ultra_health_potion 1-25-2021, 3:59:18 AM
blindgamers14(roflgamer) used a frequency_scrambler 1-25-2021, 3:59:24 AM
blindgamers14(roflgamer) used a shield 1-25-2021, 3:59:30 AM
blindgamers14(roflgamer) used a shield 1-25-2021, 3:59:30 AM
blindgamers14(roflgamer) used a shield 1-25-2021, 3:59:30 AM
blindgamers14(roflgamer) used a shield 1-25-2021, 3:59:31 AM
blindgamers14(roflgamer) used a shield 1-25-2021, 3:59:42 AM
blindgamers14(roflgamer) used a shield 1-25-2021, 3:59:42 AM
blindgamers14(roflgamer) used a shield 1-25-2021, 3:59:42 AM
blindgamers14(roflgamer) used a shield 1-25-2021, 3:59:43 AM
blindgamers14(roflgamer) used a shield 1-25-2021, 3:59:43 AM
blindgamers14(roflgamer) used a shield 1-25-2021, 3:59:43 AM
blindgamers14(roflgamer) used a shield 1-25-2021, 3:59:43 AM
blindgamers14(roflgamer) used a shield 1-25-2021, 3:59:43 AM
blindgamers14(roflgamer) used a shield 1-25-2021, 3:59:43 AM
blindgamers14(roflgamer) used a shield 1-25-2021, 3:59:44 AM
blindgamers14(roflgamer) used a shield 1-25-2021, 3:59:44 AM
blindgamers14(roflgamer) used a shield 1-25-2021, 3:59:44 AM
blindgamers14(roflgamer) used a shield 1-25-2021, 3:59:44 AM
blindgamers14(roflgamer) used a shield 1-25-2021, 3:59:45 AM
blindgamers14(roflgamer) used a shield 1-25-2021, 3:59:45 AM
blindgamers14(roflgamer) used a frequency_scrambler 1-25-2021, 3:59:55 AM
blindgamers14(roflgamer) used a frequency_scrambler 1-25-2021, 3:59:55 AM
blindgamers14(roflgamer) used a tk_ultra_health_potion 1-25-2021, 3:59:59 AM
blindgamers14(roflgamer) used a tk_ultra_health_potion 1-25-2021, 3:59:59 AM
blindgamers14(roflgamer) used a frequency_scrambler 1-25-2021, 4:01:00 AM
blindgamers14(roflgamer) used a frequency_scrambler 1-25-2021, 4:02:02 AM
blindgamers14(roflgamer) used a frequency_scrambler 1-25-2021, 4:03:36 AM
blindgamers14(roflgamer) used a health_drink 1-25-2021, 4:03:40 AM
blindgamers14(roflgamer) used a frequency_scrambler 1-25-2021, 4:03:57 AM
blindgamers14(roflgamer) used a missile_interceptor 1-25-2021, 4:04:10 AM
blindgamers14(roflgamer) used a missile_interceptor 1-25-2021, 4:04:10 AM
blindgamers14(roflgamer) used a health_drink 1-25-2021, 4:04:12 AM
blindgamers14(roflgamer) used a health_drink 1-25-2021, 4:04:12 AM
blindgamers14(roflgamer) used a frequency_scrambler 1-25-2021, 4:05:22 AM
blindgamers14(roflgamer) used a tk_ultra_health_potion 1-25-2021, 4:06:38 AM
blindgamers14(roflgamer) used a shield 1-25-2021, 4:07:38 AM
blindgamers14(roflgamer) used a shield 1-25-2021, 4:07:38 AM
blindgamers14(roflgamer) used a shield 1-25-2021, 4:07:39 AM
blindgamers14(roflgamer) used a shield 1-25-2021, 4:07:39 AM
blindgamers14(roflgamer) used a shield 1-25-2021, 4:07:39 AM
blindgamers14(roflgamer) used a shield 1-25-2021, 4:07:39 AM
blindgamers14(roflgamer) used a shield 1-25-2021, 4:07:39 AM
blindgamers14(roflgamer) used a shield 1-25-2021, 4:07:39 AM
blindgamers14(roflgamer) used a shield 1-25-2021, 4:07:40 AM
blindgamers14(roflgamer) used a shield 1-25-2021, 4:07:40 AM
blindgamers14(roflgamer) used a shield 1-25-2021, 4:07:40 AM
blindgamers14(roflgamer) used a shield 1-25-2021, 4:07:40 AM
blindgamers14(roflgamer) used a shield 1-25-2021, 4:07:40 AM
blindgamers14(roflgamer) used a shield 1-25-2021, 4:07:40 AM
blindgamers14(roflgamer) used a shield 1-25-2021, 4:07:40 AM
blindgamers14(roflgamer) used a shield 1-25-2021, 4:07:41 AM
blindgamers14(roflgamer) used a shield 1-25-2021, 4:07:41 AM
blindgamers14(roflgamer) used a frequency_scrambler 1-25-2021, 4:07:42 AM
blindgamers14(roflgamer) used a frequency_scrambler 1-25-2021, 4:07:45 AM
blindgamers14(roflgamer) used a tk_ultra_health_potion 1-25-2021, 4:08:05 AM
blindgamers14(roflgamer) used a tk_ultra_health_potion 1-25-2021, 4:09:07 AM
blindgamers14(roflgamer) used a tk_ultra_health_potion 1-25-2021, 4:09:07 AM
blindgamers14(roflgamer) used a shield 1-25-2021, 4:09:22 AM
blindgamers14(roflgamer) used a shield 1-25-2021, 4:09:22 AM
blindgamers14(roflgamer) used a shield 1-25-2021, 4:09:22 AM
blindgamers14(roflgamer) used a shield 1-25-2021, 4:09:22 AM
blindgamers14(roflgamer) used a shield 1-25-2021, 4:09:22 AM
blindgamers14(roflgamer) used a shield 1-25-2021, 4:09:22 AM
blindgamers14(roflgamer) used a shield 1-25-2021, 4:09:23 AM
blindgamers14(roflgamer) used a shield 1-25-2021, 4:09:23 AM
blindgamers14(roflgamer) used a shield 1-25-2021, 4:09:23 AM
blindgamers14(roflgamer) used a shield 1-25-2021, 4:09:23 AM
blindgamers14(roflgamer) used a shield 1-25-2021, 4:09:23 AM
blindgamers14(roflgamer) used a shield 1-25-2021, 4:09:23 AM
blindgamers14(roflgamer) used a shield 1-25-2021, 4:09:24 AM
blindgamers14(roflgamer) used a shield 1-25-2021, 4:09:24 AM
blindgamers14(roflgamer) used a shield 1-25-2021, 4:09:24 AM
blindgamers14(roflgamer) used a shield 1-25-2021, 4:09:24 AM
blindgamers14(roflgamer) used a shield 1-25-2021, 4:09:24 AM
blindgamers14(roflgamer) used a shield 1-25-2021, 4:09:24 AM
blindgamers14(roflgamer) used a shield 1-25-2021, 4:09:24 AM
blindgamers14(roflgamer) used a shield 1-25-2021, 4:09:25 AM
blindgamers14(roflgamer) used a shield 1-25-2021, 4:09:25 AM
blindgamers14(roflgamer) used a shield 1-25-2021, 4:09:25 AM
blindgamers14(roflgamer) used a shield 1-25-2021, 4:09:25 AM
blindgamers14(roflgamer) used a shield 1-25-2021, 4:09:25 AM
blindgamers14(roflgamer) used a shield 1-25-2021, 4:09:25 AM
blindgamers14(roflgamer) used a shield 1-25-2021, 4:09:26 AM
blindgamers14(roflgamer) used a shield 1-25-2021, 4:09:26 AM
blindgamers14(roflgamer) used a shield 1-25-2021, 4:09:26 AM
blindgamers14(roflgamer) used a shield 1-25-2021, 4:09:26 AM
blindgamers14(roflgamer) used a shield 1-25-2021, 4:09:26 AM
blindgamers14(roflgamer) used a shield 1-25-2021, 4:09:29 AM
blindgamers14(roflgamer) used a shield 1-25-2021, 4:09:29 AM
blindgamers14(roflgamer) used a shield 1-25-2021, 4:09:30 AM
blindgamers14(roflgamer) used a shield 1-25-2021, 4:09:30 AM
blindgamers14(roflgamer) used a shield 1-25-2021, 4:09:30 AM
blindgamers14(roflgamer) used a shield 1-25-2021, 4:09:31 AM
blindgamers14(roflgamer) used a shield 1-25-2021, 4:09:31 AM
blindgamers14(roflgamer) used a tk_ultra_health_potion 1-25-2021, 4:09:33 AM
blindgamers14(roflgamer) used a health_drink 1-25-2021, 4:09:35 AM
blindgamers14(roflgamer) used a health_drink 1-25-2021, 4:09:35 AM
blindgamers14(roflgamer) used a health_drink 1-25-2021, 4:09:37 AM
blindgamers14(roflgamer) used a health_drink 1-25-2021, 4:09:38 AM
blindgamers14(roflgamer) used a health_drink 1-25-2021, 4:09:41 AM
blindgamers14(roflgamer) used a health_drink 1-25-2021, 4:09:42 AM
blindgamers14(roflgamer) used a health_drink 1-25-2021, 4:09:44 AM
blindgamers14(roflgamer) used a health_drink 1-25-2021, 4:09:45 AM
blindgamers14(roflgamer) used a health_drink 1-25-2021, 4:09:45 AM
blindgamers14(roflgamer) used a health_drink 1-25-2021, 4:09:48 AM
blindgamers14(roflgamer) used a health_drink 1-25-2021, 4:09:48 AM
blindgamers14(roflgamer) used a health_drink 1-25-2021, 4:09:49 AM
blindgamers14(roflgamer) used a health_drink 1-25-2021, 4:09:51 AM
blindgamers14(roflgamer) used a health_drink 1-25-2021, 4:09:51 AM
blindgamers14(roflgamer) used a health_drink 1-25-2021, 4:09:51 AM
blindgamers14(roflgamer) used a health_drink 1-25-2021, 4:09:52 AM
blindgamers14(roflgamer) used a health_drink 1-25-2021, 4:10:44 AM
blindgamers14(roflgamer) used a health_drink 1-25-2021, 4:10:44 AM
blindgamers14(roflgamer) used a health_drink 1-25-2021, 4:11:40 AM
blindgamers14(roflgamer) used a health_drink 1-25-2021, 4:11:40 AM
blindgamers14(roflgamer) used a health_drink 1-25-2021, 4:11:45 AM
blindgamers14(roflgamer) used a health_drink 1-25-2021, 4:12:00 AM
blindgamers14(roflgamer) used a health_drink 1-25-2021, 4:12:01 AM
blindgamers14(roflgamer) used a health_drink 1-25-2021, 4:12:56 AM
blindgamers14(roflgamer) used a health_drink 1-25-2021, 4:12:56 AM
blindgamers14(roflgamer) used a health_drink 1-25-2021, 4:12:59 AM
blindgamers14(roflgamer) used a tk_ultra_health_potion 1-25-2021, 4:13:16 AM
blindgamers14(roflgamer) used a shield 1-25-2021, 4:14:13 AM
blindgamers14(roflgamer) used a shield 1-25-2021, 4:14:13 AM
blindgamers14(roflgamer) used a shield 1-25-2021, 4:14:13 AM
blindgamers14(roflgamer) used a shield 1-25-2021, 4:14:13 AM
blindgamers14(roflgamer) used a shield 1-25-2021, 4:14:14 AM
blindgamers14(roflgamer) used a shield 1-25-2021, 4:14:14 AM
blindgamers14(roflgamer) used a shield 1-25-2021, 4:14:15 AM
blindgamers14(roflgamer) used a shield 1-25-2021, 4:14:15 AM
blindgamers14(roflgamer) used a shield 1-25-2021, 4:14:15 AM
blindgamers14(roflgamer) used a shield 1-25-2021, 4:14:15 AM
blindgamers14(roflgamer) used a shield 1-25-2021, 4:14:15 AM
blindgamers14(roflgamer) used a shield 1-25-2021, 4:14:15 AM
blindgamers14(roflgamer) used a shield 1-25-2021, 4:14:16 AM
blindgamers14(roflgamer) used a shield 1-25-2021, 4:14:16 AM
blindgamers14(roflgamer) used a health_drink 1-25-2021, 4:14:36 AM
blindgamers14(roflgamer) used a health_drink 1-25-2021, 4:14:36 AM
blindgamers14(roflgamer) used a tk_ultra_health_potion 1-25-2021, 4:14:50 AM
blindgamers14(roflgamer) used a shield 1-25-2021, 4:14:51 AM
blindgamers14(roflgamer) used a shield 1-25-2021, 4:14:51 AM
blindgamers14(roflgamer) used a shield 1-25-2021, 4:14:51 AM
blindgamers14(roflgamer) used a shield 1-25-2021, 4:14:52 AM
blindgamers14(roflgamer) used a shield 1-25-2021, 4:14:52 AM
blindgamers14(roflgamer) used a shield 1-25-2021, 4:14:52 AM
blindgamers14(roflgamer) used a shield 1-25-2021, 4:15:48 AM
blindgamers14(roflgamer) used a shield 1-25-2021, 4:15:48 AM
blindgamers14(roflgamer) used a shield 1-25-2021, 4:15:48 AM
blindgamers14(roflgamer) used a shield 1-25-2021, 4:15:48 AM
blindgamers14(roflgamer) used a shield 1-25-2021, 4:15:48 AM
blindgamers14(roflgamer) used a shield 1-25-2021, 4:15:48 AM
blindgamers14(roflgamer) used a shield 1-25-2021, 4:15:48 AM
blindgamers14(roflgamer) used a shield 1-25-2021, 4:15:49 AM
blindgamers14(roflgamer) used a shield 1-25-2021, 4:15:49 AM
blindgamers14(roflgamer) used a shield 1-25-2021, 4:15:49 AM
blindgamers14(roflgamer) used a tk_ultra_health_potion 1-25-2021, 4:15:50 AM
blindgamers14(roflgamer) used a tk_ultra_health_potion 1-25-2021, 4:15:50 AM
blindgamers14(roflgamer) used a tk_ultra_health_potion 1-25-2021, 4:15:50 AM
blindgamers14(roflgamer) used a tk_ultra_health_potion 1-25-2021, 4:17:02 AM
blindgamers14(roflgamer) used a tk_ultra_health_potion 1-25-2021, 4:17:20 AM
blindgamers14(roflgamer) used a shield 1-25-2021, 4:17:27 AM
blindgamers14(roflgamer) used a shield 1-25-2021, 4:17:27 AM
blindgamers14(roflgamer) used a shield 1-25-2021, 4:17:27 AM
blindgamers14(roflgamer) used a shield 1-25-2021, 4:17:27 AM
blindgamers14(roflgamer) used a shield 1-25-2021, 4:17:27 AM
blindgamers14(roflgamer) used a shield 1-25-2021, 4:17:28 AM
blindgamers14(roflgamer) used a health_drink 1-25-2021, 4:17:28 AM
blindgamers14(roflgamer) used a health_drink 1-25-2021, 4:17:29 AM
blindgamers14(roflgamer) used a shield 1-25-2021, 4:17:50 AM
blindgamers14(roflgamer) used a shield 1-25-2021, 4:17:50 AM
blindgamers14(roflgamer) used a shield 1-25-2021, 4:17:50 AM
blindgamers14(roflgamer) used a health_drink 1-25-2021, 4:17:51 AM
blindgamers14(roflgamer) used a health_drink 1-25-2021, 4:17:51 AM
blindgamers14(roflgamer) used a health_drink 1-25-2021, 4:19:12 AM
blindgamers14(roflgamer) used a health_drink 1-25-2021, 4:19:12 AM
blindgamers14(roflgamer) used a health_drink 1-25-2021, 4:19:42 AM
blindgamers14(roflgamer) used a health_drink 1-25-2021, 4:20:24 AM
blindgamers14(roflgamer) used a shield 1-25-2021, 4:20:26 AM
blindgamers14(roflgamer) used a shield 1-25-2021, 4:20:27 AM
blindgamers14(roflgamer) used a shield 1-25-2021, 4:20:27 AM
blindgamers14(roflgamer) used a shield 1-25-2021, 4:20:42 AM
blindgamers14(roflgamer) used a shield 1-25-2021, 4:20:42 AM
blindgamers14(roflgamer) used a shield 1-25-2021, 4:20:43 AM
blindgamers14(roflgamer) used a shield 1-25-2021, 4:20:43 AM
blindgamers14(roflgamer) used a shield 1-25-2021, 4:20:43 AM
blindgamers14(roflgamer) used a shield 1-25-2021, 4:20:43 AM
blindgamers14(roflgamer) used a shield 1-25-2021, 4:20:43 AM
blindgamers14(roflgamer) used a shield 1-25-2021, 4:20:43 AM
blindgamers14(roflgamer) used a shield 1-25-2021, 4:20:44 AM
blindgamers14(roflgamer) used a shield 1-25-2021, 4:20:44 AM
blindgamers14(roflgamer) used a shield 1-25-2021, 4:20:44 AM
blindgamers14(roflgamer) used a shield 1-25-2021, 4:20:44 AM
blindgamers14(roflgamer) used a shield 1-25-2021, 4:20:45 AM
blindgamers14(roflgamer) used a shield 1-25-2021, 4:20:45 AM
blindgamers14(roflgamer) used a shield 1-25-2021, 4:20:45 AM
blindgamers14(roflgamer) used a health_drink 1-25-2021, 4:20:55 AM
blindgamers14(roflgamer) used a health_drink 1-25-2021, 4:20:55 AM
blindgamers14(roflgamer) used a shield 1-25-2021, 4:21:24 AM
blindgamers14(roflgamer) used a shield 1-25-2021, 4:21:24 AM
blindgamers14(roflgamer) used a shield 1-25-2021, 4:21:25 AM
blindgamers14(roflgamer) used a shield 1-25-2021, 4:21:25 AM
blindgamers14(roflgamer) used a shield 1-25-2021, 4:21:25 AM
blindgamers14(roflgamer) used a shield 1-25-2021, 4:21:25 AM
blindgamers14(roflgamer) used a shield 1-25-2021, 4:21:25 AM
blindgamers14(roflgamer) used a shield 1-25-2021, 4:21:25 AM
blindgamers14(roflgamer) used a shield 1-25-2021, 4:21:25 AM
blindgamers14(roflgamer) used a shield 1-25-2021, 4:21:26 AM
blindgamers14(roflgamer) used a frequency_scrambler 1-25-2021, 4:22:54 AM
blindgamers14(roflgamer) used a frequency_scrambler 1-25-2021, 4:22:58 AM
blindgamers14(roflgamer) used a frequency_scrambler 1-25-2021, 4:22:58 AM
blindgamers14(roflgamer) used a frequency_scrambler 1-25-2021, 4:22:59 AM
blindgamers14(roflgamer) used a frequency_scrambler 1-25-2021, 4:23:00 AM
blindgamers14(roflgamer) used a frequency_scrambler 1-25-2021, 4:23:01 AM
blindgamers14(roflgamer) used a frequency_scrambler 1-25-2021, 4:23:01 AM
blindgamers14(roflgamer) used a frequency_scrambler 1-25-2021, 4:23:02 AM
blindgamers14(roflgamer) used a frequency_scrambler 1-25-2021, 4:23:03 AM
blindgamers14(roflgamer) used a frequency_scrambler 1-25-2021, 4:23:04 AM
blindgamers14(roflgamer) used a frequency_scrambler 1-25-2021, 4:23:04 AM
blindgamers14(roflgamer) used a frequency_scrambler 1-25-2021, 4:23:04 AM
blindgamers14(roflgamer) used a frequency_scrambler 1-25-2021, 4:23:04 AM
blindgamers14(roflgamer) used a frequency_scrambler 1-25-2021, 4:23:04 AM
blindgamers14(roflgamer) used a shield 1-25-2021, 4:24:19 AM
blindgamers14(roflgamer) used a shield 1-25-2021, 4:24:19 AM
blindgamers14(roflgamer) used a shield 1-25-2021, 4:24:19 AM
blindgamers14(roflgamer) used a shield 1-25-2021, 4:24:19 AM
blindgamers14(roflgamer) used a shield 1-25-2021, 4:24:19 AM
blindgamers14(roflgamer) used a shield 1-25-2021, 4:24:19 AM
blindgamers14(roflgamer) used a shield 1-25-2021, 4:24:26 AM
blindgamers14(roflgamer) used a shield 1-25-2021, 4:24:26 AM
blindgamers14(roflgamer) used a shield 1-25-2021, 4:24:26 AM
blindgamers14(roflgamer) used a shield 1-25-2021, 4:24:26 AM
blindgamers14(roflgamer) used a shield 1-25-2021, 4:24:26 AM
blindgamers14(roflgamer) used a shield 1-25-2021, 4:24:27 AM
blindgamers14(roflgamer) used a shield 1-25-2021, 4:24:27 AM
blindgamers14(roflgamer) used a shield 1-25-2021, 4:24:27 AM
blindgamers14(roflgamer) used a shield 1-25-2021, 4:24:27 AM
blindgamers14(roflgamer) used a shield 1-25-2021, 4:24:28 AM
blindgamers14(roflgamer) used a tk_ultra_health_potion 1-25-2021, 4:26:47 AM
blindgamers14(roflgamer) used a tk_ultra_health_potion 1-25-2021, 4:26:47 AM
blindgamers14(roflgamer) used a shield 1-25-2021, 4:27:00 AM
blindgamers14(roflgamer) used a shield 1-25-2021, 4:27:00 AM
blindgamers14(roflgamer) used a shield 1-25-2021, 4:27:00 AM
blindgamers14(roflgamer) used a shield 1-25-2021, 4:27:10 AM
blindgamers14(roflgamer) used a shield 1-25-2021, 4:27:10 AM
blindgamers14(roflgamer) used a shield 1-25-2021, 4:27:10 AM
blindgamers14(roflgamer) used a shield 1-25-2021, 4:27:10 AM
blindgamers14(roflgamer) used a shield 1-25-2021, 4:27:11 AM
blindgamers14(roflgamer) used a shield 1-25-2021, 4:27:11 AM
blindgamers14(roflgamer) used a health_drink 1-25-2021, 4:27:13 AM
blindgamers14(roflgamer) used a wood_pack 1-25-2021, 4:27:20 AM
blindgamers14(roflgamer) used a wood_pack 1-25-2021, 4:27:21 AM
blindgamers14(roflgamer) used a wood_pack 1-25-2021, 4:27:21 AM
blindgamers14(roflgamer) used a wood_pack 1-25-2021, 4:27:21 AM
blindgamers14(roflgamer) used a wood_pack 1-25-2021, 4:27:21 AM
blindgamers14(roflgamer) used a wood_pack 1-25-2021, 4:27:21 AM
blindgamers14(roflgamer) used a wood_pack 1-25-2021, 4:27:21 AM
blindgamers14(roflgamer) used a wood_pack 1-25-2021, 4:27:21 AM
blindgamers14(roflgamer) used a wood_pack 1-25-2021, 4:27:22 AM
blindgamers14(roflgamer) used a wood_pack 1-25-2021, 4:27:22 AM
blindgamers14(roflgamer) used a wood_pack 1-25-2021, 4:27:22 AM
blindgamers14(roflgamer) used a wood_pack 1-25-2021, 4:27:22 AM
blindgamers14(roflgamer) used a wood_pack 1-25-2021, 4:27:22 AM
blindgamers14(roflgamer) used a wood_pack 1-25-2021, 4:27:22 AM
blindgamers14(roflgamer) used a wood_pack 1-25-2021, 4:27:23 AM
blindgamers14(roflgamer) used a wood_pack 1-25-2021, 4:27:26 AM
blindgamers14(roflgamer) used a wood_pack 1-25-2021, 4:27:26 AM
blindgamers14(roflgamer) used a wood_pack 1-25-2021, 4:27:26 AM
blindgamers14(roflgamer) used a wood_pack 1-25-2021, 4:27:26 AM
blindgamers14(roflgamer) used a wood_pack 1-25-2021, 4:27:27 AM
blindgamers14(roflgamer) used a wood_pack 1-25-2021, 4:27:27 AM
blindgamers14(roflgamer) used a wood_pack 1-25-2021, 4:27:27 AM
blindgamers14(roflgamer) used a wood_pack 1-25-2021, 4:27:27 AM
blindgamers14(roflgamer) used a wood_pack 1-25-2021, 4:27:27 AM
blindgamers14(roflgamer) used a wood_pack 1-25-2021, 4:27:27 AM
blindgamers14(roflgamer) used a wood_pack 1-25-2021, 4:27:28 AM
blindgamers14(roflgamer) used a wood_pack 1-25-2021, 4:27:28 AM
blindgamers14(roflgamer) used a wood_pack 1-25-2021, 4:27:28 AM
blindgamers14(roflgamer) used a wood_pack 1-25-2021, 4:27:28 AM
blindgamers14(roflgamer) used a wood_pack 1-25-2021, 4:27:28 AM
blindgamers14(roflgamer) used a wood_pack 1-25-2021, 4:27:28 AM
blindgamers14(roflgamer) used a wood_pack 1-25-2021, 4:27:28 AM
blindgamers14(roflgamer) used a wood_pack 1-25-2021, 4:27:29 AM
blindgamers14(roflgamer) used a wood_pack 1-25-2021, 4:27:29 AM
blindgamers14(roflgamer) used a wood_pack 1-25-2021, 4:27:29 AM
blindgamers14(roflgamer) used a wood_pack 1-25-2021, 4:27:29 AM
blindgamers14(roflgamer) used a wood_pack 1-25-2021, 4:27:29 AM
blindgamers14(roflgamer) used a wood_pack 1-25-2021, 4:27:29 AM
blindgamers14(roflgamer) used a wood_pack 1-25-2021, 4:27:30 AM
blindgamers14(roflgamer) used a wood_pack 1-25-2021, 4:27:30 AM
blindgamers14(roflgamer) used a wood_pack 1-25-2021, 4:27:30 AM
blindgamers14(roflgamer) used a wood_pack 1-25-2021, 4:27:30 AM
blindgamers14(roflgamer) used a wood_pack 1-25-2021, 4:27:30 AM
blindgamers14(roflgamer) used a wood_pack 1-25-2021, 4:27:30 AM
blindgamers14(roflgamer) used a wood_pack 1-25-2021, 4:27:31 AM
blindgamers14(roflgamer) used a wood_pack 1-25-2021, 4:27:31 AM
blindgamers14(roflgamer) used a wood_pack 1-25-2021, 4:27:31 AM
blindgamers14(roflgamer) used a wood_pack 1-25-2021, 4:27:31 AM
blindgamers14(roflgamer) used a wood_pack 1-25-2021, 4:27:31 AM
blindgamers14(roflgamer) used a wood_pack 1-25-2021, 4:27:31 AM
blindgamers14(roflgamer) used a wood_pack 1-25-2021, 4:27:32 AM
blindgamers14(roflgamer) used a wood_pack 1-25-2021, 4:27:32 AM
blindgamers14(roflgamer) used a wood_pack 1-25-2021, 4:27:32 AM
blindgamers14(roflgamer) used a wood_pack 1-25-2021, 4:27:32 AM
blindgamers14(roflgamer) used a wood_pack 1-25-2021, 4:27:32 AM
blindgamers14(roflgamer) used a wood_pack 1-25-2021, 4:27:32 AM
blindgamers14(roflgamer) used a wood_pack 1-25-2021, 4:27:33 AM
blindgamers14(roflgamer) used a wood_pack 1-25-2021, 4:27:33 AM
blindgamers14(roflgamer) used a wood_pack 1-25-2021, 4:27:33 AM
blindgamers14(roflgamer) used a wood_pack 1-25-2021, 4:27:33 AM
blindgamers14(roflgamer) used a wood_pack 1-25-2021, 4:27:33 AM
blindgamers14(roflgamer) used a wood_pack 1-25-2021, 4:27:34 AM
blindgamers14(roflgamer) used a wood_pack 1-25-2021, 4:27:34 AM
blindgamers14(roflgamer) used a wood_pack 1-25-2021, 4:27:34 AM
blindgamers14(roflgamer) used a wood_pack 1-25-2021, 4:27:34 AM
blindgamers14(roflgamer) used a wood_pack 1-25-2021, 4:27:34 AM
blindgamers14(roflgamer) used a wood_pack 1-25-2021, 4:27:34 AM
blindgamers14(roflgamer) used a wood_pack 1-25-2021, 4:27:35 AM
blindgamers14(roflgamer) used a wood_pack 1-25-2021, 4:27:35 AM
blindgamers14(roflgamer) used a wood_pack 1-25-2021, 4:27:35 AM
blindgamers14(roflgamer) used a wood_pack 1-25-2021, 4:27:35 AM
blindgamers14(roflgamer) used a wood_pack 1-25-2021, 4:27:35 AM
blindgamers14(roflgamer) used a wood_pack 1-25-2021, 4:27:35 AM
blindgamers14(roflgamer) used a wood_pack 1-25-2021, 4:27:36 AM
blindgamers14(roflgamer) used a wood_pack 1-25-2021, 4:27:36 AM
blindgamers14(roflgamer) used a wood_pack 1-25-2021, 4:27:36 AM
blindgamers14(roflgamer) used a wood_pack 1-25-2021, 4:27:36 AM
blindgamers14(roflgamer) used a wood_pack 1-25-2021, 4:27:37 AM
blindgamers14(roflgamer) used a wood_pack 1-25-2021, 4:27:37 AM
blindgamers14(roflgamer) used a wood_pack 1-25-2021, 4:27:38 AM
blindgamers14(roflgamer) used a wood_pack 1-25-2021, 4:27:38 AM
blindgamers14(roflgamer) used a wood_pack 1-25-2021, 4:27:38 AM
blindgamers14(roflgamer) used a wood_pack 1-25-2021, 4:27:38 AM
blindgamers14(roflgamer) used a wood_pack 1-25-2021, 4:27:38 AM
blindgamers14(roflgamer) used a wood_pack 1-25-2021, 4:27:38 AM
blindgamers14(roflgamer) used a wood_pack 1-25-2021, 4:27:38 AM
blindgamers14(roflgamer) used a wood_pack 1-25-2021, 4:27:39 AM
blindgamers14(roflgamer) used a wood_pack 1-25-2021, 4:27:39 AM
blindgamers14(roflgamer) used a wood_pack 1-25-2021, 4:27:39 AM
blindgamers14(roflgamer) used a wood_pack 1-25-2021, 4:27:39 AM
blindgamers14(roflgamer) used a wood_pack 1-25-2021, 4:27:39 AM
blindgamers14(roflgamer) used a wood_pack 1-25-2021, 4:27:39 AM
blindgamers14(roflgamer) used a wood_pack 1-25-2021, 4:27:40 AM
blindgamers14(roflgamer) used a wood_pack 1-25-2021, 4:27:40 AM
blindgamers14(roflgamer) used a wood_pack 1-25-2021, 4:27:40 AM
blindgamers14(roflgamer) used a wood_pack 1-25-2021, 4:27:40 AM
blindgamers14(roflgamer) used a wood_pack 1-25-2021, 4:27:41 AM
blindgamers14(roflgamer) used a wood_pack 1-25-2021, 4:27:41 AM
blindgamers14(roflgamer) used a wood_pack 1-25-2021, 4:27:41 AM
blindgamers14(roflgamer) used a wood_pack 1-25-2021, 4:27:41 AM
blindgamers14(roflgamer) used a wood_pack 1-25-2021, 4:27:41 AM
blindgamers14(roflgamer) used a wood_pack 1-25-2021, 4:27:41 AM
blindgamers14(roflgamer) used a wood_pack 1-25-2021, 4:27:41 AM
blindgamers14(roflgamer) used a wood_pack 1-25-2021, 4:27:41 AM
blindgamers14(roflgamer) used a wood_pack 1-25-2021, 4:27:41 AM
blindgamers14(roflgamer) used a wood_pack 1-25-2021, 4:27:42 AM
blindgamers14(roflgamer) used a wood_pack 1-25-2021, 4:27:42 AM
blindgamers14(roflgamer) used a wood_pack 1-25-2021, 4:27:42 AM
blindgamers14(roflgamer) used a wood_pack 1-25-2021, 4:27:42 AM
blindgamers14(roflgamer) used a wood_pack 1-25-2021, 4:27:42 AM
blindgamers14(roflgamer) used a wood_pack 1-25-2021, 4:27:42 AM
blindgamers14(roflgamer) used a wood_pack 1-25-2021, 4:27:42 AM
blindgamers14(roflgamer) used a wood_pack 1-25-2021, 4:27:42 AM
blindgamers14(roflgamer) used a wood_pack 1-25-2021, 4:27:42 AM
blindgamers14(roflgamer) used a wood_pack 1-25-2021, 4:27:42 AM
blindgamers14(roflgamer) used a wood_pack 1-25-2021, 4:27:43 AM
blindgamers14(roflgamer) used a wood_pack 1-25-2021, 4:27:43 AM
blindgamers14(roflgamer) used a wood_pack 1-25-2021, 4:27:43 AM
blindgamers14(roflgamer) used a wood_pack 1-25-2021, 4:27:43 AM
blindgamers14(roflgamer) used a wood_pack 1-25-2021, 4:27:43 AM
blindgamers14(roflgamer) used a wood_pack 1-25-2021, 4:27:43 AM
blindgamers14(roflgamer) used a wood_pack 1-25-2021, 4:27:43 AM
blindgamers14(roflgamer) used a wood_pack 1-25-2021, 4:27:43 AM
blindgamers14(roflgamer) used a wood_pack 1-25-2021, 4:27:43 AM
blindgamers14(roflgamer) used a wood_pack 1-25-2021, 4:27:44 AM
blindgamers14(roflgamer) used a wood_pack 1-25-2021, 4:27:44 AM
blindgamers14(roflgamer) used a wood_pack 1-25-2021, 4:27:44 AM
blindgamers14(roflgamer) used a wood_pack 1-25-2021, 4:27:44 AM
blindgamers14(roflgamer) used a wood_pack 1-25-2021, 4:27:44 AM
blindgamers14(roflgamer) used a wood_pack 1-25-2021, 4:27:44 AM
blindgamers14(roflgamer) used a wood_pack 1-25-2021, 4:27:44 AM
blindgamers14(roflgamer) used a wood_pack 1-25-2021, 4:27:44 AM
blindgamers14(roflgamer) used a wood_pack 1-25-2021, 4:27:44 AM
blindgamers14(roflgamer) used a wood_pack 1-25-2021, 4:27:44 AM
blindgamers14(roflgamer) used a wood_pack 1-25-2021, 4:27:45 AM
blindgamers14(roflgamer) used a wood_pack 1-25-2021, 4:27:45 AM
blindgamers14(roflgamer) used a wood_pack 1-25-2021, 4:27:45 AM
blindgamers14(roflgamer) used a wood_pack 1-25-2021, 4:27:45 AM
blindgamers14(roflgamer) used a wood_pack 1-25-2021, 4:27:45 AM
blindgamers14(roflgamer) used a wood_pack 1-25-2021, 4:27:49 AM
blindgamers14(roflgamer) used a wood_pack 1-25-2021, 4:27:49 AM
blindgamers14(roflgamer) used a wood_pack 1-25-2021, 4:27:49 AM
blindgamers14(roflgamer) used a wood_pack 1-25-2021, 4:27:50 AM
blindgamers14(roflgamer) used a wood_pack 1-25-2021, 4:27:50 AM
blindgamers14(roflgamer) used a wood_pack 1-25-2021, 4:27:50 AM
blindgamers14(roflgamer) used a wood_pack 1-25-2021, 4:27:50 AM
blindgamers14(roflgamer) used a wood_pack 1-25-2021, 4:27:50 AM
blindgamers14(roflgamer) used a wood_pack 1-25-2021, 4:27:50 AM
blindgamers14(roflgamer) used a wood_pack 1-25-2021, 4:27:50 AM
blindgamers14(roflgamer) used a wood_pack 1-25-2021, 4:27:50 AM
blindgamers14(roflgamer) used a wood_pack 1-25-2021, 4:27:50 AM
blindgamers14(roflgamer) used a wood_pack 1-25-2021, 4:27:50 AM
blindgamers14(roflgamer) used a wood_pack 1-25-2021, 4:27:51 AM
blindgamers14(roflgamer) used a wood_pack 1-25-2021, 4:27:51 AM
blindgamers14(roflgamer) used a wood_pack 1-25-2021, 4:27:51 AM
blindgamers14(roflgamer) used a wood_pack 1-25-2021, 4:27:51 AM
blindgamers14(roflgamer) used a wood_pack 1-25-2021, 4:27:51 AM
blindgamers14(roflgamer) used a wood_pack 1-25-2021, 4:27:51 AM
blindgamers14(roflgamer) used a wood_pack 1-25-2021, 4:27:51 AM
blindgamers14(roflgamer) used a wood_pack 1-25-2021, 4:27:51 AM
blindgamers14(roflgamer) used a wood_pack 1-25-2021, 4:27:51 AM
blindgamers14(roflgamer) used a wood_pack 1-25-2021, 4:27:52 AM
blindgamers14(roflgamer) used a wood_pack 1-25-2021, 4:27:52 AM
blindgamers14(roflgamer) used a wood_pack 1-25-2021, 4:27:52 AM
blindgamers14(roflgamer) used a wood_pack 1-25-2021, 4:27:52 AM
blindgamers14(roflgamer) used a wood_pack 1-25-2021, 4:27:52 AM
blindgamers14(roflgamer) used a wood_pack 1-25-2021, 4:27:52 AM
blindgamers14(roflgamer) used a wood_pack 1-25-2021, 4:27:52 AM
blindgamers14(roflgamer) used a wood_pack 1-25-2021, 4:27:52 AM
blindgamers14(roflgamer) used a wood_pack 1-25-2021, 4:27:52 AM
blindgamers14(roflgamer) used a wood_pack 1-25-2021, 4:27:52 AM
blindgamers14(roflgamer) used a wood_pack 1-25-2021, 4:27:53 AM
blindgamers14(roflgamer) used a wood_pack 1-25-2021, 4:27:53 AM
blindgamers14(roflgamer) used a wood_pack 1-25-2021, 4:27:53 AM
blindgamers14(roflgamer) used a wood_pack 1-25-2021, 4:27:53 AM
blindgamers14(roflgamer) used a wood_pack 1-25-2021, 4:27:53 AM
blindgamers14(roflgamer) used a wood_pack 1-25-2021, 4:27:53 AM
blindgamers14(roflgamer) used a wood_pack 1-25-2021, 4:27:53 AM
blindgamers14(roflgamer) used a wood_pack 1-25-2021, 4:27:53 AM
blindgamers14(roflgamer) used a sky_436_mine 1-25-2021, 4:29:19 AM
blindgamers14(roflgamer) used a warp_box 1-25-2021, 4:29:21 AM
blindgamers14(roflgamer) used a warp_box 1-25-2021, 4:30:11 AM
blindgamers14(roflgamer) used a aircraft 1-25-2021, 4:30:35 AM
blindgamers14(roflgamer) used a warp_box 1-25-2021, 4:30:44 AM
blindgamers14(roflgamer) used a remote_timebomb_controller 1-25-2021, 4:32:05 AM
blindgamers14(roflgamer) used a remote_timebomb_controller 1-25-2021, 4:32:07 AM
blindgamers14(roflgamer) used a remote_bomb 1-25-2021, 4:32:10 AM
blindgamers14(roflgamer) used a remote_timebomb_controller 1-25-2021, 4:32:15 AM
blindgamers14(roflgamer) used a remote_timebomb 1-25-2021, 4:32:19 AM
blindgamers14(roflgamer) used a remote_timebomb 1-25-2021, 4:32:20 AM
blindgamers14(roflgamer) used a remote_timebomb 1-25-2021, 4:32:21 AM
blindgamers14(roflgamer) used a remote_timebomb 1-25-2021, 4:32:22 AM
blindgamers14(roflgamer) used a remote_timebomb 1-25-2021, 4:32:23 AM
blindgamers14(roflgamer) used a remote_timebomb 1-25-2021, 4:32:24 AM
blindgamers14(roflgamer) used a remote_timebomb 1-25-2021, 4:32:25 AM
blindgamers14(roflgamer) used a remote_timebomb 1-25-2021, 4:32:26 AM
blindgamers14(roflgamer) used a remote_timebomb 1-25-2021, 4:32:27 AM
blindgamers14(roflgamer) used a remote_timebomb 1-25-2021, 4:32:30 AM
blindgamers14(roflgamer) used a remote_timebomb 1-25-2021, 4:32:32 AM
blindgamers14(roflgamer) used a remote_timebomb 1-25-2021, 4:32:33 AM
blindgamers14(roflgamer) used a remote_timebomb 1-25-2021, 4:32:34 AM
blindgamers14(roflgamer) used a remote_timebomb 1-25-2021, 4:32:35 AM
blindgamers14(roflgamer) used a remote_timebomb 1-25-2021, 4:32:36 AM
blindgamers14(roflgamer) used a remote_timebomb 1-25-2021, 4:32:37 AM
blindgamers14(roflgamer) used a remote_timebomb 1-25-2021, 4:32:38 AM
blindgamers14(roflgamer) used a remote_timebomb 1-25-2021, 4:32:38 AM
blindgamers14(roflgamer) used a remote_timebomb 1-25-2021, 4:32:39 AM
blindgamers14(roflgamer) used a remote_timebomb 1-25-2021, 4:32:40 AM
blindgamers14(roflgamer) used a remote_timebomb 1-25-2021, 4:32:41 AM
blindgamers14(roflgamer) used a remote_timebomb 1-25-2021, 4:32:42 AM
blindgamers14(roflgamer) used a remote_timebomb 1-25-2021, 4:32:42 AM
blindgamers14(roflgamer) used a remote_timebomb 1-25-2021, 4:32:43 AM
blindgamers14(roflgamer) used a remote_timebomb 1-25-2021, 4:32:44 AM
blindgamers14(roflgamer) used a remote_timebomb 1-25-2021, 4:32:45 AM
blindgamers14(roflgamer) used a remote_timebomb 1-25-2021, 4:32:45 AM
blindgamers14(roflgamer) used a remote_timebomb 1-25-2021, 4:32:46 AM
blindgamers14(roflgamer) used a remote_timebomb 1-25-2021, 4:32:46 AM
blindgamers14(roflgamer) used a remote_timebomb 1-25-2021, 4:32:47 AM
blindgamers14(roflgamer) used a remote_timebomb 1-25-2021, 4:32:49 AM
blindgamers14(roflgamer) used a remote_timebomb 1-25-2021, 4:32:49 AM
blindgamers14(roflgamer) used a remote_timebomb_controller 1-25-2021, 4:32:56 AM
blindgamers14(roflgamer) used a tk_ultra_health_potion 1-25-2021, 4:33:31 AM
blindgamers14(roflgamer) used a tk_ultra_health_potion 1-25-2021, 4:33:31 AM
blindgamers14(roflgamer) used a aircraft 1-25-2021, 4:35:23 AM
blindgamers14(roflgamer) used a aircraft 1-25-2021, 4:35:23 AM
blindgamers14(roflgamer) used a tk_ultra_health_potion 1-25-2021, 4:35:37 AM
blindgamers14(roflgamer) used a timebomb 1-25-2021, 4:35:38 AM
blindgamers14(roflgamer) used a timebomb 1-25-2021, 4:35:38 AM
blindgamers14(roflgamer) used a timebomb 1-25-2021, 4:35:39 AM
blindgamers14(roflgamer) used a timebomb 1-25-2021, 4:35:39 AM
blindgamers14(roflgamer) used a timebomb 1-25-2021, 4:35:39 AM
blindgamers14(roflgamer) used a timebomb 1-25-2021, 4:35:39 AM
blindgamers14(roflgamer) used a timebomb 1-25-2021, 4:35:39 AM
blindgamers14(roflgamer) used a timebomb 1-25-2021, 4:35:40 AM
blindgamers14(roflgamer) used a timebomb 1-25-2021, 4:35:40 AM
blindgamers14(roflgamer) used a timebomb 1-25-2021, 4:35:40 AM
blindgamers14(roflgamer) used a timebomb 1-25-2021, 4:35:41 AM
blindgamers14(roflgamer) used a timebomb 1-25-2021, 4:35:41 AM
blindgamers14(roflgamer) used a timebomb 1-25-2021, 4:35:41 AM
blindgamers14(roflgamer) used a timebomb 1-25-2021, 4:35:41 AM
blindgamers14(roflgamer) used a timebomb 1-25-2021, 4:35:42 AM
blindgamers14(roflgamer) used a timebomb 1-25-2021, 4:35:42 AM
blindgamers14(roflgamer) used a timebomb 1-25-2021, 4:35:42 AM
blindgamers14(roflgamer) used a timebomb 1-25-2021, 4:35:43 AM
blindgamers14(roflgamer) used a timebomb 1-25-2021, 4:35:43 AM
blindgamers14(roflgamer) used a timebomb 1-25-2021, 4:35:43 AM
blindgamers14(roflgamer) used a timebomb 1-25-2021, 4:35:48 AM
blindgamers14(roflgamer) used a timebomb 1-25-2021, 4:35:49 AM
blindgamers14(roflgamer) used a timebomb 1-25-2021, 4:35:49 AM
blindgamers14(roflgamer) used a timebomb 1-25-2021, 4:35:49 AM
blindgamers14(roflgamer) used a timebomb 1-25-2021, 4:35:49 AM
blindgamers14(roflgamer) used a timebomb 1-25-2021, 4:35:50 AM
blindgamers14(roflgamer) used a timebomb 1-25-2021, 4:35:50 AM
blindgamers14(roflgamer) used a timebomb 1-25-2021, 4:35:50 AM
blindgamers14(roflgamer) used a timebomb 1-25-2021, 4:35:51 AM
blindgamers14(roflgamer) used a timebomb 1-25-2021, 4:35:51 AM
blindgamers14(roflgamer) used a timebomb 1-25-2021, 4:35:51 AM
blindgamers14(roflgamer) used a timebomb 1-25-2021, 4:35:51 AM
blindgamers14(roflgamer) used a timebomb 1-25-2021, 4:35:52 AM
blindgamers14(roflgamer) used a timebomb 1-25-2021, 4:35:52 AM
blindgamers14(roflgamer) used a timebomb 1-25-2021, 4:35:53 AM
blindgamers14(roflgamer) used a timebomb 1-25-2021, 4:35:53 AM
blindgamers14(roflgamer) used a timebomb 1-25-2021, 4:35:53 AM
blindgamers14(roflgamer) used a timebomb 1-25-2021, 4:35:54 AM
blindgamers14(roflgamer) used a timebomb 1-25-2021, 4:35:54 AM
blindgamers14(roflgamer) used a tank 1-25-2021, 4:36:08 AM
blindgamers14(roflgamer) used a tank 1-25-2021, 4:36:08 AM
blindgamers14(roflgamer) used a timebomb 1-25-2021, 4:36:28 AM
blindgamers14(roflgamer) used a timebomb 1-25-2021, 4:36:28 AM
blindgamers14(roflgamer) used a timebomb 1-25-2021, 4:36:29 AM
blindgamers14(roflgamer) used a timebomb 1-25-2021, 4:36:29 AM
blindgamers14(roflgamer) used a timebomb 1-25-2021, 4:36:29 AM
blindgamers14(roflgamer) used a timebomb 1-25-2021, 4:36:29 AM
blindgamers14(roflgamer) used a timebomb 1-25-2021, 4:36:30 AM
blindgamers14(roflgamer) used a timebomb 1-25-2021, 4:36:30 AM
blindgamers14(roflgamer) used a timebomb 1-25-2021, 4:36:30 AM
blindgamers14(roflgamer) used a timebomb 1-25-2021, 4:36:30 AM
blindgamers14(roflgamer) used a timebomb 1-25-2021, 4:36:31 AM
blindgamers14(roflgamer) used a timebomb 1-25-2021, 4:36:31 AM
blindgamers14(roflgamer) used a timebomb 1-25-2021, 4:36:31 AM
blindgamers14(roflgamer) used a timebomb 1-25-2021, 4:36:31 AM
blindgamers14(roflgamer) used a timebomb 1-25-2021, 4:36:32 AM
blindgamers14(roflgamer) used a timebomb 1-25-2021, 4:36:32 AM
blindgamers14(roflgamer) used a timebomb 1-25-2021, 4:36:32 AM
blindgamers14(roflgamer) used a timebomb 1-25-2021, 4:36:33 AM
blindgamers14(roflgamer) used a timebomb 1-25-2021, 4:36:33 AM
blindgamers14(roflgamer) used a timebomb 1-25-2021, 4:36:33 AM
blindgamers14(roflgamer) used a timebomb 1-25-2021, 4:36:33 AM
blindgamers14(roflgamer) used a timebomb 1-25-2021, 4:36:34 AM
blindgamers14(roflgamer) used a timebomb 1-25-2021, 4:36:34 AM
blindgamers14(roflgamer) used a timebomb 1-25-2021, 4:36:34 AM
blindgamers14(roflgamer) used a timebomb 1-25-2021, 4:36:35 AM
blindgamers14(roflgamer) used a timebomb 1-25-2021, 4:36:35 AM
blindgamers14(roflgamer) used a timebomb 1-25-2021, 4:36:35 AM
blindgamers14(roflgamer) used a timebomb 1-25-2021, 4:36:35 AM
blindgamers14(roflgamer) used a timebomb 1-25-2021, 4:36:36 AM
blindgamers14(roflgamer) used a timebomb 1-25-2021, 4:36:36 AM
blindgamers14(roflgamer) used a timebomb 1-25-2021, 4:36:36 AM
blindgamers14(roflgamer) used a timebomb 1-25-2021, 4:36:36 AM
blindgamers14(roflgamer) used a timebomb 1-25-2021, 4:36:37 AM
blindgamers14(roflgamer) used a timebomb 1-25-2021, 4:36:37 AM
blindgamers14(roflgamer) used a timebomb 1-25-2021, 4:36:37 AM
blindgamers14(roflgamer) used a timebomb 1-25-2021, 4:36:38 AM
blindgamers14(roflgamer) used a timebomb 1-25-2021, 4:36:38 AM
blindgamers14(roflgamer) used a timebomb 1-25-2021, 4:36:38 AM
blindgamers14(roflgamer) used a timebomb 1-25-2021, 4:36:38 AM
blindgamers14(roflgamer) used a timebomb 1-25-2021, 4:36:39 AM
blindgamers14(roflgamer) used a timebomb 1-25-2021, 4:36:39 AM
blindgamers14(roflgamer) used a timebomb 1-25-2021, 4:36:39 AM
blindgamers14(roflgamer) used a timebomb 1-25-2021, 4:36:39 AM
blindgamers14(roflgamer) used a timebomb 1-25-2021, 4:36:40 AM
blindgamers14(roflgamer) used a timebomb 1-25-2021, 4:36:40 AM
blindgamers14(roflgamer) used a timebomb 1-25-2021, 4:36:40 AM
blindgamers14(roflgamer) used a timebomb 1-25-2021, 4:36:41 AM
blindgamers14(roflgamer) used a timebomb 1-25-2021, 4:36:41 AM
blindgamers14(roflgamer) used a timebomb 1-25-2021, 4:36:41 AM
blindgamers14(roflgamer) used a timebomb 1-25-2021, 4:36:42 AM
blindgamers14(roflgamer) used a timebomb 1-25-2021, 4:36:42 AM
blindgamers14(roflgamer) used a timebomb 1-25-2021, 4:36:42 AM
blindgamers14(roflgamer) used a timebomb 1-25-2021, 4:36:43 AM
blindgamers14(roflgamer) used a timebomb 1-25-2021, 4:36:43 AM
blindgamers14(roflgamer) used a timebomb 1-25-2021, 4:36:43 AM
blindgamers14(roflgamer) used a timebomb 1-25-2021, 4:36:43 AM
blindgamers14(roflgamer) used a timebomb 1-25-2021, 4:36:44 AM
blindgamers14(roflgamer) used a timebomb 1-25-2021, 4:36:44 AM
blindgamers14(roflgamer) used a timebomb 1-25-2021, 4:36:44 AM
blindgamers14(roflgamer) used a timebomb 1-25-2021, 4:36:45 AM
blindgamers14(roflgamer) used a timebomb 1-25-2021, 4:36:45 AM
blindgamers14(roflgamer) used a timebomb 1-25-2021, 4:36:45 AM
blindgamers14(roflgamer) used a timebomb 1-25-2021, 4:36:46 AM
blindgamers14(roflgamer) used a timebomb 1-25-2021, 4:36:46 AM
blindgamers14(roflgamer) used a timebomb 1-25-2021, 4:36:46 AM
blindgamers14(roflgamer) used a timebomb 1-25-2021, 4:36:47 AM
blindgamers14(roflgamer) used a timebomb 1-25-2021, 4:36:47 AM
blindgamers14(roflgamer) used a timebomb 1-25-2021, 4:36:47 AM
blindgamers14(roflgamer) used a timebomb 1-25-2021, 4:36:47 AM
blindgamers14(roflgamer) used a timebomb 1-25-2021, 4:36:47 AM
blindgamers14(roflgamer) used a timebomb 1-25-2021, 4:36:48 AM
blindgamers14(roflgamer) used a timebomb 1-25-2021, 4:36:48 AM
blindgamers14(roflgamer) used a aircraft 1-25-2021, 4:37:05 AM
blindgamers14(roflgamer) used a aircraft 1-25-2021, 4:37:06 AM
blindgamers14(roflgamer) used a tk_ultra_health_potion 1-25-2021, 4:37:12 AM
blindgamers14(roflgamer) used a tk_ultra_health_potion 1-25-2021, 4:37:12 AM
blindgamers14(roflgamer) used a aircraft 1-25-2021, 4:37:19 AM
blindgamers14(roflgamer) used a aircraft 1-25-2021, 4:38:06 AM
blindgamers14(roflgamer) used a aircraft 1-25-2021, 4:38:06 AM
blindgamers14(roflgamer) used a aircraft 1-25-2021, 4:38:06 AM
blindgamers14(roflgamer) used a aircraft 1-25-2021, 4:38:07 AM
blindgamers14(roflgamer) used a aircraft 1-25-2021, 4:38:07 AM
blindgamers14(roflgamer) used a aircraft 1-25-2021, 4:38:07 AM
blindgamers14(roflgamer) used a aircraft 1-25-2021, 4:38:08 AM
blindgamers14(roflgamer) used a aircraft 1-25-2021, 4:38:08 AM
blindgamers14(roflgamer) used a aircraft 1-25-2021, 4:38:09 AM
blindgamers14(roflgamer) used a aircraft 1-25-2021, 4:38:09 AM
blindgamers14(roflgamer) used a aircraft 1-25-2021, 4:38:09 AM
blindgamers14(roflgamer) used a aircraft 1-25-2021, 4:38:10 AM
blindgamers14(roflgamer) used a timebomb 1-25-2021, 4:38:27 AM
blindgamers14(roflgamer) used a timebomb 1-25-2021, 4:38:27 AM
blindgamers14(roflgamer) used a timebomb 1-25-2021, 4:38:27 AM
blindgamers14(roflgamer) used a timebomb 1-25-2021, 4:38:27 AM
blindgamers14(roflgamer) used a timebomb 1-25-2021, 4:38:28 AM
blindgamers14(roflgamer) used a timebomb 1-25-2021, 4:38:28 AM
blindgamers14(roflgamer) used a timebomb 1-25-2021, 4:38:28 AM
blindgamers14(roflgamer) used a timebomb 1-25-2021, 4:38:29 AM
blindgamers14(roflgamer) used a timebomb 1-25-2021, 4:38:29 AM
blindgamers14(roflgamer) used a timebomb 1-25-2021, 4:38:29 AM
blindgamers14(roflgamer) used a timebomb 1-25-2021, 4:38:29 AM
blindgamers14(roflgamer) used a timebomb 1-25-2021, 4:38:30 AM
blindgamers14(roflgamer) used a timebomb 1-25-2021, 4:38:30 AM
blindgamers14(roflgamer) used a timebomb 1-25-2021, 4:38:30 AM
blindgamers14(roflgamer) used a timebomb 1-25-2021, 4:38:30 AM
blindgamers14(roflgamer) used a timebomb 1-25-2021, 4:38:31 AM
blindgamers14(roflgamer) used a timebomb 1-25-2021, 4:38:31 AM
blindgamers14(roflgamer) used a timebomb 1-25-2021, 4:38:31 AM
blindgamers14(roflgamer) used a timebomb 1-25-2021, 4:38:32 AM
blindgamers14(roflgamer) used a timebomb 1-25-2021, 4:38:32 AM
blindgamers14(roflgamer) used a timebomb 1-25-2021, 4:38:32 AM
blindgamers14(roflgamer) used a timebomb 1-25-2021, 4:38:32 AM
blindgamers14(roflgamer) used a timebomb 1-25-2021, 4:38:33 AM
blindgamers14(roflgamer) used a timebomb 1-25-2021, 4:38:33 AM
blindgamers14(roflgamer) used a timebomb 1-25-2021, 4:38:33 AM
blindgamers14(roflgamer) used a timebomb 1-25-2021, 4:38:34 AM
blindgamers14(roflgamer) used a timebomb 1-25-2021, 4:38:34 AM
blindgamers14(roflgamer) used a timebomb 1-25-2021, 4:38:34 AM
blindgamers14(roflgamer) used a timebomb 1-25-2021, 4:38:35 AM
blindgamers14(roflgamer) used a timebomb 1-25-2021, 4:38:35 AM
blindgamers14(roflgamer) used a timebomb 1-25-2021, 4:38:35 AM
blindgamers14(roflgamer) used a timebomb 1-25-2021, 4:38:35 AM
blindgamers14(roflgamer) used a timebomb 1-25-2021, 4:38:36 AM
blindgamers14(roflgamer) used a timebomb 1-25-2021, 4:38:36 AM
blindgamers14(roflgamer) used a timebomb 1-25-2021, 4:38:36 AM
blindgamers14(roflgamer) used a timebomb 1-25-2021, 4:38:36 AM
blindgamers14(roflgamer) used a timebomb 1-25-2021, 4:38:37 AM
blindgamers14(roflgamer) used a timebomb 1-25-2021, 4:38:37 AM
blindgamers14(roflgamer) used a timebomb 1-25-2021, 4:38:37 AM
blindgamers14(roflgamer) used a timebomb 1-25-2021, 4:38:38 AM
blindgamers14(roflgamer) used a timebomb 1-25-2021, 4:38:38 AM
blindgamers14(roflgamer) used a timebomb 1-25-2021, 4:38:38 AM
blindgamers14(roflgamer) used a timebomb 1-25-2021, 4:38:39 AM
blindgamers14(roflgamer) used a timebomb 1-25-2021, 4:38:39 AM
blindgamers14(roflgamer) used a timebomb 1-25-2021, 4:38:39 AM
blindgamers14(roflgamer) used a timebomb 1-25-2021, 4:38:39 AM
blindgamers14(roflgamer) used a timebomb 1-25-2021, 4:38:40 AM
blindgamers14(roflgamer) used a timebomb 1-25-2021, 4:38:40 AM
blindgamers14(roflgamer) used a timebomb 1-25-2021, 4:38:41 AM
blindgamers14(roflgamer) used a timebomb 1-25-2021, 4:38:41 AM
blindgamers14(roflgamer) used a timebomb 1-25-2021, 4:38:41 AM
blindgamers14(roflgamer) used a timebomb 1-25-2021, 4:38:41 AM
blindgamers14(roflgamer) used a timebomb 1-25-2021, 4:38:42 AM
blindgamers14(roflgamer) used a timebomb 1-25-2021, 4:38:42 AM
blindgamers14(roflgamer) used a timebomb 1-25-2021, 4:38:42 AM
blindgamers14(roflgamer) used a timebomb 1-25-2021, 4:38:43 AM
blindgamers14(roflgamer) used a timebomb 1-25-2021, 4:38:43 AM
blindgamers14(roflgamer) used a timebomb 1-25-2021, 4:38:43 AM
blindgamers14(roflgamer) used a timebomb 1-25-2021, 4:38:44 AM
blindgamers14(roflgamer) used a timebomb 1-25-2021, 4:38:44 AM
blindgamers14(roflgamer) used a timebomb 1-25-2021, 4:38:44 AM
blindgamers14(roflgamer) used a rocket_launcher 1-25-2021, 4:39:08 AM
blindgamers14(roflgamer) used a aircraft 1-25-2021, 4:40:04 AM
blindgamers14(roflgamer) used a warp_box 1-25-2021, 4:40:19 AM
blindgamers14(roflgamer) used a warp_box 1-25-2021, 4:40:39 AM
blindgamers14(roflgamer) used a warp_box 1-25-2021, 4:40:44 AM
blindgamers14(roflgamer) used a warp_box 1-25-2021, 4:41:03 AM
blindgamers14(roflgamer) used a warp_box 1-25-2021, 4:41:10 AM
blindgamers14(roflgamer) used a remote_timebomb 1-25-2021, 4:41:33 AM
blindgamers14(roflgamer) used a remote_timebomb 1-25-2021, 4:41:33 AM
blindgamers14(roflgamer) used a remote_timebomb 1-25-2021, 4:41:36 AM
blindgamers14(roflgamer) used a remote_timebomb 1-25-2021, 4:41:36 AM
blindgamers14(roflgamer) used a remote_timebomb 1-25-2021, 4:41:44 AM
blindgamers14(roflgamer) used a remote_timebomb 1-25-2021, 4:41:44 AM
blindgamers14(roflgamer) used a remote_timebomb 1-25-2021, 4:41:46 AM
blindgamers14(roflgamer) used a remote_timebomb 1-25-2021, 4:41:46 AM
blindgamers14(roflgamer) used a remote_timebomb 1-25-2021, 4:41:49 AM
blindgamers14(roflgamer) used a remote_timebomb 1-25-2021, 4:41:49 AM
blindgamers14(roflgamer) used a remote_timebomb 1-25-2021, 4:41:51 AM
blindgamers14(roflgamer) used a remote_timebomb 1-25-2021, 4:41:54 AM
blindgamers14(roflgamer) used a remote_timebomb 1-25-2021, 4:41:54 AM
blindgamers14(roflgamer) used a remote_timebomb 1-25-2021, 4:41:57 AM
blindgamers14(roflgamer) used a remote_timebomb 1-25-2021, 4:41:57 AM
blindgamers14(roflgamer) used a remote_timebomb 1-25-2021, 4:42:00 AM
blindgamers14(roflgamer) used a remote_timebomb 1-25-2021, 4:42:00 AM
blindgamers14(roflgamer) used a remote_timebomb 1-25-2021, 4:42:02 AM
blindgamers14(roflgamer) used a remote_timebomb 1-25-2021, 4:42:02 AM
blindgamers14(roflgamer) used a remote_timebomb 1-25-2021, 4:42:04 AM
blindgamers14(roflgamer) used a remote_timebomb 1-25-2021, 4:42:04 AM
blindgamers14(roflgamer) used a remote_timebomb 1-25-2021, 4:42:09 AM
blindgamers14(roflgamer) used a remote_timebomb 1-25-2021, 4:42:09 AM
blindgamers14(roflgamer) used a remote_timebomb 1-25-2021, 4:42:11 AM
blindgamers14(roflgamer) used a remote_timebomb 1-25-2021, 4:42:11 AM
blindgamers14(roflgamer) used a remote_timebomb 1-25-2021, 4:42:12 AM
blindgamers14(roflgamer) used a remote_timebomb 1-25-2021, 4:42:12 AM
blindgamers14(roflgamer) used a remote_timebomb 1-25-2021, 4:42:13 AM
blindgamers14(roflgamer) used a remote_timebomb 1-25-2021, 4:42:20 AM
blindgamers14(roflgamer) used a remote_timebomb 1-25-2021, 4:42:20 AM
blindgamers14(roflgamer) used a rocket_launcher 1-25-2021, 4:42:30 AM
blindgamers14(roflgamer) used a remote_timebomb 1-25-2021, 4:42:47 AM
blindgamers14(roflgamer) used a remote_timebomb 1-25-2021, 4:42:50 AM
blindgamers14(roflgamer) used a remote_timebomb 1-25-2021, 4:42:53 AM
blindgamers14(roflgamer) used a remote_timebomb 1-25-2021, 4:42:53 AM
blindgamers14(roflgamer) used a remote_timebomb 1-25-2021, 4:42:55 AM
blindgamers14(roflgamer) used a remote_timebomb 1-25-2021, 4:42:55 AM
blindgamers14(roflgamer) used a remote_timebomb 1-25-2021, 4:42:57 AM
blindgamers14(roflgamer) used a remote_timebomb 1-25-2021, 4:42:57 AM
blindgamers14(roflgamer) used a remote_timebomb 1-25-2021, 4:42:59 AM
blindgamers14(roflgamer) used a remote_timebomb 1-25-2021, 4:42:59 AM
blindgamers14(roflgamer) used a remote_timebomb 1-25-2021, 4:43:01 AM
blindgamers14(roflgamer) used a remote_timebomb 1-25-2021, 4:43:01 AM
blindgamers14(roflgamer) used a remote_timebomb 1-25-2021, 4:43:03 AM
blindgamers14(roflgamer) used a remote_timebomb 1-25-2021, 4:43:03 AM
blindgamers14(roflgamer) used a remote_timebomb 1-25-2021, 4:43:05 AM
blindgamers14(roflgamer) used a remote_timebomb 1-25-2021, 4:43:05 AM
blindgamers14(roflgamer) used a remote_timebomb 1-25-2021, 4:43:05 AM
blindgamers14(roflgamer) used a remote_timebomb 1-25-2021, 4:43:09 AM
blindgamers14(roflgamer) used a remote_timebomb 1-25-2021, 4:43:09 AM
blindgamers14(roflgamer) used a remote_timebomb 1-25-2021, 4:43:12 AM
blindgamers14(roflgamer) used a remote_timebomb 1-25-2021, 4:43:12 AM
blindgamers14(roflgamer) used a remote_timebomb 1-25-2021, 4:43:12 AM
blindgamers14(roflgamer) used a remote_timebomb 1-25-2021, 4:43:15 AM
blindgamers14(roflgamer) used a remote_timebomb 1-25-2021, 4:43:15 AM
blindgamers14(roflgamer) used a remote_timebomb 1-25-2021, 4:43:17 AM
blindgamers14(roflgamer) used a remote_timebomb 1-25-2021, 4:43:17 AM
blindgamers14(roflgamer) used a remote_timebomb 1-25-2021, 4:43:17 AM
blindgamers14(roflgamer) used a remote_timebomb 1-25-2021, 4:43:17 AM
blindgamers14(roflgamer) used a remote_timebomb 1-25-2021, 4:43:33 AM
blindgamers14(roflgamer) used a remote_timebomb 1-25-2021, 4:43:34 AM
blindgamers14(roflgamer) used a rocket_launcher 1-25-2021, 4:43:42 AM
blindgamers14(roflgamer) used a rocket_launcher 1-25-2021, 4:44:11 AM
blindgamers14(roflgamer) used a remote_timebomb_controller 1-25-2021, 4:44:15 AM
blindgamers14(roflgamer) used a remote_timebomb_controller 1-25-2021, 4:44:28 AM
blindgamers14(roflgamer) used a remote_timebomb_controller 1-25-2021, 4:44:30 AM
blindgamers14(roflgamer) used a remote_timebomb_controller 1-25-2021, 4:44:30 AM
blindgamers14(roflgamer) used a remote_timebomb_controller 1-25-2021, 4:44:38 AM
blindgamers14(roflgamer) used a aircraft 1-25-2021, 4:44:52 AM
blindgamers14(roflgamer) used a tk_ultra_health_potion 1-25-2021, 4:45:01 AM
blindgamers14(roflgamer) used a tk_ultra_health_potion 1-25-2021, 4:45:01 AM
blindgamers14(roflgamer) used a warp_box 1-25-2021, 4:48:16 AM
blindgamers14(roflgamer) used a warp_box 1-25-2021, 4:48:50 AM
blindgamers14(roflgamer) used a carrier_missile 1-25-2021, 4:49:51 AM
blindgamers14(roflgamer) used a missile_interceptor 1-25-2021, 4:50:24 AM
blindgamers14(roflgamer) used a missile_interceptor 1-25-2021, 4:50:34 AM
blindgamers14(roflgamer) used a missile_interceptor 1-25-2021, 4:50:34 AM
blindgamers14(roflgamer) used a carrier_missile 1-25-2021, 4:50:48 AM
blindgamers14(roflgamer) used a missile_interceptor 1-25-2021, 4:51:03 AM
blindgamers14(roflgamer) used a carrier_missile 1-25-2021, 4:51:08 AM
blindgamers14(roflgamer) used a missile_interceptor 1-25-2021, 4:51:19 AM
blindgamers14(roflgamer) used a tk_ultra_health_potion 1-25-2021, 6:27:11 AM
blindgamers14(roflgamer) used a tk_ultra_health_potion 1-25-2021, 6:27:11 AM
blindgamers14(roflgamer) used a sky_436_mine 1-25-2021, 6:27:33 AM
blindgamers14(roflgamer) used a sky_436_mine 1-25-2021, 6:27:42 AM
blindgamers14(roflgamer) used a sky_436_mine 1-25-2021, 6:27:52 AM
blindgamers14(roflgamer) used a fight_inviter 1-25-2021, 6:28:02 AM
blindgamers14(roflgamer) used a tk_ultra_health_potion 1-25-2021, 6:28:40 AM
blindgamers14(roflgamer) used a tk_ultra_health_potion 1-25-2021, 6:28:40 AM
blindgamers14(roflgamer) used a tk_ultra_health_potion 1-25-2021, 6:28:41 AM
blindgamers14(roflgamer) used a tk_ultra_health_potion 1-25-2021, 6:32:53 AM
blindgamers14(roflgamer) used a tk_ultra_health_potion 1-25-2021, 6:32:53 AM
blindgamers14(roflgamer) used a tk_ultra_health_potion 1-25-2021, 6:33:40 AM
blindgamers14(roflgamer) used a tk_ultra_health_potion 1-25-2021, 6:33:40 AM
blindgamers14(roflgamer) used a tk_ultra_health_potion 1-25-2021, 6:34:25 AM
blindgamers14(roflgamer) used a tk_ultra_health_potion 1-25-2021, 6:34:26 AM
blindgamers14(roflgamer) used a wood 1-25-2021, 6:34:39 AM
blindgamers14(roflgamer) used a fuel_tank 1-25-2021, 6:35:19 AM
blindgamers14(roflgamer) used a fuel_tank 1-25-2021, 6:35:20 AM
blindgamers14(roflgamer) used a fuel_tank 1-25-2021, 6:35:20 AM
blindgamers14(roflgamer) used a fuel_tank 1-25-2021, 6:35:20 AM
blindgamers14(roflgamer) used a fuel_tank 1-25-2021, 6:35:21 AM
blindgamers14(roflgamer) used a fuel_tank 1-25-2021, 6:35:21 AM
blindgamers14(roflgamer) used a wood 1-25-2021, 6:37:11 AM
blindgamers14(roflgamer) used a wood_pack 1-25-2021, 6:37:30 AM
blindgamers14(roflgamer) used a wood_pack 1-25-2021, 6:37:30 AM
blindgamers14(roflgamer) used a wood_pack 1-25-2021, 6:37:30 AM
blindgamers14(roflgamer) used a wood_pack 1-25-2021, 6:37:30 AM
blindgamers14(roflgamer) used a wood_pack 1-25-2021, 6:37:30 AM
blindgamers14(roflgamer) used a wood_pack 1-25-2021, 6:37:30 AM
blindgamers14(roflgamer) used a wood_pack 1-25-2021, 6:37:30 AM
blindgamers14(roflgamer) used a wood_pack 1-25-2021, 6:37:30 AM
blindgamers14(roflgamer) used a wood_pack 1-25-2021, 6:37:31 AM
blindgamers14(roflgamer) used a wood_pack 1-25-2021, 6:37:31 AM
blindgamers14(roflgamer) used a wood_pack 1-25-2021, 6:37:31 AM
blindgamers14(roflgamer) used a wood_pack 1-25-2021, 6:37:31 AM
blindgamers14(roflgamer) used a wood_pack 1-25-2021, 6:37:31 AM
blindgamers14(roflgamer) used a shield 1-25-2021, 6:38:15 AM
blindgamers14(roflgamer) used a shield 1-25-2021, 6:38:15 AM
blindgamers14(roflgamer) used a shield 1-25-2021, 6:38:15 AM
blindgamers14(roflgamer) used a shield 1-25-2021, 6:38:16 AM
blindgamers14(roflgamer) used a shield 1-25-2021, 6:38:16 AM
blindgamers14(roflgamer) used a shield 1-25-2021, 6:38:16 AM
blindgamers14(roflgamer) used a shield 1-25-2021, 6:38:16 AM
blindgamers14(roflgamer) used a shield 1-25-2021, 6:38:16 AM
blindgamers14(roflgamer) used a shield 1-25-2021, 6:38:17 AM
blindgamers14(roflgamer) used a shield 1-25-2021, 6:38:17 AM
blindgamers14(roflgamer) used a shield 1-25-2021, 6:38:17 AM
blindgamers14(roflgamer) used a shield 1-25-2021, 6:38:17 AM
blindgamers14(roflgamer) used a shield 1-25-2021, 6:38:17 AM
blindgamers14(roflgamer) used a shield 1-25-2021, 6:38:17 AM
blindgamers14(roflgamer) used a shield 1-25-2021, 6:38:18 AM
blindgamers14(roflgamer) used a shield 1-25-2021, 6:38:18 AM
blindgamers14(roflgamer) used a shield 1-25-2021, 6:38:18 AM
blindgamers14(roflgamer) used a shield 1-25-2021, 6:38:18 AM
blindgamers14(roflgamer) used a shield 1-25-2021, 6:38:18 AM
blindgamers14(roflgamer) used a shield 1-25-2021, 6:38:18 AM
blindgamers14(roflgamer) used a shield 1-25-2021, 6:38:18 AM
blindgamers14(roflgamer) used a shield 1-25-2021, 6:38:19 AM
blindgamers14(roflgamer) used a shield 1-25-2021, 6:38:19 AM
blindgamers14(roflgamer) used a shield 1-25-2021, 6:38:19 AM
blindgamers14(roflgamer) used a shield 1-25-2021, 6:38:19 AM
blindgamers14(roflgamer) used a shield 1-25-2021, 6:38:19 AM
blindgamers14(roflgamer) used a shield 1-25-2021, 6:38:21 AM
blindgamers14(roflgamer) used a shield 1-25-2021, 6:38:26 AM
blindgamers14(roflgamer) used a shield 1-25-2021, 6:38:26 AM
blindgamers14(roflgamer) used a remote_gun 1-25-2021, 6:39:37 AM
blindgamers14(roflgamer) used a remote_gun_controller 1-25-2021, 6:40:50 AM
blindgamers14(roflgamer) used a remote_gun_controller 1-25-2021, 6:40:55 AM
blindgamers14(roflgamer) used a remote_gun_controller 1-25-2021, 6:41:00 AM
blindgamers14(roflgamer) used a remote_gun_controller 1-25-2021, 6:41:10 AM
blindgamers14(roflgamer) used a remote_gun_controller 1-25-2021, 6:41:20 AM
blindgamers14(roflgamer) used a remote_gun_controller 1-25-2021, 6:41:44 AM
blindgamers14(roflgamer) used a remote_gun_controller 1-25-2021, 6:41:52 AM
blindgamers14(roflgamer) used a remote_gun_controller 1-25-2021, 6:41:58 AM
blindgamers14(roflgamer) used a remote_gun_controller 1-25-2021, 6:42:01 AM
blindgamers14(roflgamer) used a remote_gun_controller 1-25-2021, 6:42:10 AM
blindgamers14(roflgamer) used a remote_timebomb_controller 1-25-2021, 6:42:14 AM
blindgamers14(roflgamer) used a remote_timebomb_controller 1-25-2021, 6:42:18 AM
blindgamers14(roflgamer) used a remote_timebomb_controller 1-25-2021, 6:42:36 AM
blindgamers14(roflgamer) used a remote_gun 1-25-2021, 6:42:42 AM
blindgamers14(roflgamer) used a remote_gun_controller 1-25-2021, 6:43:05 AM
blindgamers14(roflgamer) used a remote_gun_controller 1-25-2021, 6:43:16 AM
blindgamers14(roflgamer) used a remote_gun_controller 1-25-2021, 6:43:22 AM
blindgamers14(roflgamer) used a remote_gun_controller 1-25-2021, 6:43:22 AM
blindgamers14(roflgamer) used a remote_gun_controller 1-25-2021, 6:43:27 AM
blindgamers14(roflgamer) used a remote_gun_controller 1-25-2021, 6:43:44 AM
blindgamers14(roflgamer) used a remote_gun_controller 1-25-2021, 6:44:00 AM
blindgamers14(roflgamer) used a health_drink 1-25-2021, 6:44:31 AM
blindgamers14(roflgamer) used a health_drink 1-25-2021, 6:44:32 AM
blindgamers14(roflgamer) used a health_drink 1-25-2021, 6:44:32 AM
blindgamers14(roflgamer) used a health_drink 1-25-2021, 6:44:32 AM
blindgamers14(roflgamer) used a health_drink 1-25-2021, 6:44:32 AM
blindgamers14(roflgamer) used a health_drink 1-25-2021, 6:44:33 AM
blindgamers14(roflgamer) used a small_projectile 1-25-2021, 6:44:50 AM
blindgamers14(roflgamer) used a health_drink 1-25-2021, 6:45:02 AM
blindgamers14(roflgamer) used a health_drink 1-25-2021, 6:45:03 AM
blindgamers14(roflgamer) used a health_drink 1-25-2021, 6:45:03 AM
blindgamers14(roflgamer) used a health_drink 1-25-2021, 6:45:09 AM
blindgamers14(roflgamer) used a shield 1-25-2021, 6:45:15 AM
blindgamers14(roflgamer) used a shield 1-25-2021, 6:45:16 AM
blindgamers14(roflgamer) used a shield 1-25-2021, 6:45:16 AM
blindgamers14(roflgamer) used a hipersound_bomb 1-25-2021, 6:45:23 AM
blindgamers14(roflgamer) used a hipersound_bomb 1-25-2021, 6:45:23 AM
blindgamers14(roflgamer) used a tk_ultra_health_potion 1-25-2021, 6:46:04 AM
blindgamers14(roflgamer) used a tk_ultra_health_potion 1-25-2021, 6:46:04 AM
blindgamers14(roflgamer) used a tk_ultra_health_potion 1-25-2021, 6:47:34 AM
blindgamers14(roflgamer) used a tk_ultra_health_potion 1-25-2021, 6:47:34 AM
blindgamers14(roflgamer) used a the_legendary_sword 1-25-2021, 6:48:24 AM
blindgamers14(roflgamer) used a hipersound_bomb 1-25-2021, 6:49:15 AM
blindgamers14(roflgamer) used a hipersound_bomb 1-25-2021, 6:49:15 AM
blindgamers14(roflgamer) used a hipersound_bomb 1-25-2021, 6:49:37 AM
blindgamers14(roflgamer) used a health_orb 1-25-2021, 6:53:59 AM
blindgamers14(roflgamer) used a health_orb 1-25-2021, 6:54:19 AM
blindgamers14(roflgamer) used a health_orb 1-25-2021, 6:54:29 AM
blindgamers14(roflgamer) used a health_orb 1-25-2021, 6:54:33 AM
blindgamers14(roflgamer) used a health_orb 1-25-2021, 6:55:42 AM
blindgamers14(roflgamer) used a motion_bomb 1-25-2021, 6:55:53 AM
blindgamers14(roflgamer) used a knife 1-25-2021, 6:56:26 AM
blindgamers14(roflgamer) used a guided_missile 1-25-2021, 6:56:53 AM
blindgamers14(roflgamer) used a guided_missile 1-25-2021, 6:56:56 AM
blindgamers14(roflgamer) used a guided_missile 1-25-2021, 6:57:09 AM
blindgamers14(roflgamer) used a guided_missile 1-25-2021, 6:57:24 AM
blindgamers14(roflgamer) used a guided_missile 1-25-2021, 6:57:37 AM
blindgamers14(roflgamer) used a guided_missile 1-25-2021, 6:57:41 AM
blindgamers14(roflgamer) used a health_drink 1-25-2021, 6:57:55 AM
blindgamers14(roflgamer) used a health_drink 1-25-2021, 6:57:55 AM
blindgamers14(roflgamer) used a health_drink 1-25-2021, 6:57:56 AM
blindgamers14(roflgamer) used a guided_missile 1-25-2021, 6:57:57 AM
blindgamers14(roflgamer) used a guided_missile 1-25-2021, 6:58:24 AM
blindgamers14(roflgamer) used a guided_missile 1-25-2021, 6:58:31 AM
blindgamers14(roflgamer) used a guided_missile 1-25-2021, 6:58:34 AM
blindgamers14(roflgamer) used a guided_missile 1-25-2021, 6:58:48 AM
blindgamers14(roflgamer) used a guided_missile 1-25-2021, 6:59:01 AM
blindgamers14(roflgamer) used a guided_missile 1-25-2021, 6:59:51 AM
blindgamers14(roflgamer) used a guided_missile 1-25-2021, 7:00:09 AM
blindgamers14(roflgamer) used a guided_missile 1-25-2021, 7:00:21 AM
blindgamers14(roflgamer) used a health_drink 1-25-2021, 7:00:37 AM
blindgamers14(roflgamer) used a health_drink 1-25-2021, 7:00:37 AM
blindgamers14(roflgamer) used a health_drink 1-25-2021, 7:00:37 AM
blindgamers14(roflgamer) used a guided_missile 1-25-2021, 7:00:38 AM
blindgamers14(roflgamer) used a guided_missile 1-25-2021, 7:00:51 AM
blindgamers14(roflgamer) used a guided_missile 1-25-2021, 7:00:52 AM
blindgamers14(roflgamer) used a guided_missile 1-25-2021, 7:01:02 AM
blindgamers14(roflgamer) used a air_canister 1-25-2021, 7:03:17 AM
blindgamers14(roflgamer) used a air_canister 1-25-2021, 7:03:20 AM
blindgamers14(roflgamer) used a air_canister 1-25-2021, 7:03:20 AM
blindgamers14(roflgamer) used a air_canister 1-25-2021, 7:03:21 AM
blindgamers14(roflgamer) used a air_canister 1-25-2021, 7:03:21 AM
blindgamers14(roflgamer) used a air_canister 1-25-2021, 7:03:21 AM
blindgamers14(roflgamer) used a air_canister 1-25-2021, 7:03:21 AM
blindgamers14(roflgamer) used a air_canister 1-25-2021, 7:03:21 AM
blindgamers14(roflgamer) used a air_canister 1-25-2021, 7:03:21 AM
blindgamers14(roflgamer) used a air_canister 1-25-2021, 7:03:21 AM
blindgamers14(roflgamer) used a air_canister 1-25-2021, 7:03:21 AM
blindgamers14(roflgamer) used a air_canister 1-25-2021, 7:03:21 AM
blindgamers14(roflgamer) used a air_canister 1-25-2021, 7:03:22 AM
blindgamers14(roflgamer) used a air_canister 1-25-2021, 7:03:22 AM
blindgamers14(roflgamer) used a air_canister 1-25-2021, 7:03:22 AM
blindgamers14(roflgamer) used a air_canister 1-25-2021, 7:03:22 AM
blindgamers14(roflgamer) used a air_canister 1-25-2021, 7:03:22 AM
blindgamers14(roflgamer) used a air_canister 1-25-2021, 7:03:22 AM
blindgamers14(roflgamer) used a air_canister 1-25-2021, 7:03:22 AM
blindgamers14(roflgamer) used a air_canister 1-25-2021, 7:03:22 AM
blindgamers14(roflgamer) used a air_canister 1-25-2021, 7:03:22 AM
blindgamers14(roflgamer) used a antibiotic_canister 1-25-2021, 7:03:51 AM
blindgamers14(roflgamer) used a antibiotic_canister 1-25-2021, 7:03:51 AM
blindgamers14(roflgamer) used a dead_rabbit 1-25-2021, 7:05:37 AM
blindgamers14(roflgamer) used a dead_rabbit 1-25-2021, 7:05:38 AM
blindgamers14(roflgamer) used a dead_rabbit 1-25-2021, 7:05:38 AM
blindgamers14(roflgamer) used a dead_rabbit 1-25-2021, 7:05:38 AM
blindgamers14(roflgamer) used a dead_rabbit 1-25-2021, 7:05:38 AM
blindgamers14(roflgamer) used a dead_rabbit 1-25-2021, 7:05:38 AM
blindgamers14(roflgamer) used a dead_wolf 1-25-2021, 7:05:45 AM
blindgamers14(roflgamer) used a dead_wolf 1-25-2021, 7:05:45 AM
blindgamers14(roflgamer) used a dead_wolf 1-25-2021, 7:05:45 AM
blindgamers14(roflgamer) used a dead_wolf 1-25-2021, 7:05:45 AM
blindgamers14(roflgamer) used a dead_wolf 1-25-2021, 7:05:46 AM
blindgamers14(roflgamer) used a dead_wolf 1-25-2021, 7:05:46 AM
blindgamers14(roflgamer) used a dead_wolf 1-25-2021, 7:05:46 AM
blindgamers14(roflgamer) used a dead_wolf 1-25-2021, 7:05:46 AM
blindgamers14(roflgamer) used a dead_wolf 1-25-2021, 7:05:46 AM
blindgamers14(roflgamer) used a dead_wolf 1-25-2021, 7:05:47 AM
blindgamers14(roflgamer) used a dead_wolf 1-25-2021, 7:05:47 AM
blindgamers14(roflgamer) used a dead_wolf 1-25-2021, 7:05:47 AM
blindgamers14(roflgamer) used a dead_wolf 1-25-2021, 7:05:47 AM
blindgamers14(roflgamer) used a dead_wolf 1-25-2021, 7:06:19 AM
blindgamers14(roflgamer) used a dead_wolf 1-25-2021, 7:06:19 AM
blindgamers14(roflgamer) used a dead_wolf 1-25-2021, 7:06:20 AM
blindgamers14(roflgamer) used a dead_wolf 1-25-2021, 7:06:20 AM
blindgamers14(roflgamer) used a dead_wolf 1-25-2021, 7:06:20 AM
blindgamers14(roflgamer) used a dead_wolf 1-25-2021, 7:06:20 AM
blindgamers14(roflgamer) used a dead_wolf 1-25-2021, 7:06:20 AM
blindgamers14(roflgamer) used a dead_wolf 1-25-2021, 7:06:21 AM
blindgamers14(roflgamer) used a dead_wolf 1-25-2021, 7:06:21 AM
blindgamers14(roflgamer) used a dead_wolf 1-25-2021, 7:06:21 AM
blindgamers14(roflgamer) used a dead_wolf 1-25-2021, 7:06:21 AM
blindgamers14(roflgamer) used a dead_wolf 1-25-2021, 7:06:21 AM
blindgamers14(roflgamer) used a dead_wolf 1-25-2021, 7:06:29 AM
blindgamers14(roflgamer) used a dead_wolf 1-25-2021, 7:06:29 AM
blindgamers14(roflgamer) used a dead_wolf 1-25-2021, 7:06:29 AM
blindgamers14(roflgamer) used a dead_wolf 1-25-2021, 7:06:29 AM
blindgamers14(roflgamer) used a dead_wolf 1-25-2021, 7:06:30 AM
blindgamers14(roflgamer) used a dead_wolf 1-25-2021, 7:06:30 AM
blindgamers14(roflgamer) used a dead_wolf 1-25-2021, 7:06:30 AM
blindgamers14(roflgamer) used a dead_wolf 1-25-2021, 7:06:30 AM
blindgamers14(roflgamer) used a dead_wolf 1-25-2021, 7:06:30 AM
blindgamers14(roflgamer) used a dead_wolf 1-25-2021, 7:06:30 AM
blindgamers14(roflgamer) used a dead_wolf 1-25-2021, 7:06:31 AM
blindgamers14(roflgamer) used a dead_wolf 1-25-2021, 7:06:31 AM
blindgamers14(roflgamer) used a dead_wolf 1-25-2021, 7:06:31 AM
blindgamers14(roflgamer) used a dead_wolf 1-25-2021, 7:06:31 AM
blindgamers14(roflgamer) used a dead_wolf 1-25-2021, 7:06:31 AM
blindgamers14(roflgamer) used a dead_wolf 1-25-2021, 7:06:32 AM
blindgamers14(roflgamer) used a dead_wolf 1-25-2021, 7:06:32 AM
blindgamers14(roflgamer) used a dead_wolf 1-25-2021, 7:06:32 AM
blindgamers14(roflgamer) used a dead_wolf 1-25-2021, 7:06:32 AM
blindgamers14(roflgamer) used a dead_wolf 1-25-2021, 7:06:32 AM
blindgamers14(roflgamer) used a dead_wolf 1-25-2021, 7:06:33 AM
blindgamers14(roflgamer) used a dead_wolf 1-25-2021, 7:06:33 AM
blindgamers14(roflgamer) used a dead_wolf 1-25-2021, 7:06:33 AM
blindgamers14(roflgamer) used a dead_wolf 1-25-2021, 7:06:33 AM
blindgamers14(roflgamer) used a dead_wolf 1-25-2021, 7:06:33 AM
blindgamers14(roflgamer) used a dead_wolf 1-25-2021, 7:06:34 AM
blindgamers14(roflgamer) used a dead_wolf 1-25-2021, 7:06:34 AM
blindgamers14(roflgamer) used a dead_wolf 1-25-2021, 7:06:34 AM
blindgamers14(roflgamer) used a dead_wolf 1-25-2021, 7:06:34 AM
blindgamers14(roflgamer) used a dead_wolf 1-25-2021, 7:06:34 AM
blindgamers14(roflgamer) used a dead_wolf 1-25-2021, 7:06:35 AM
blindgamers14(roflgamer) used a dead_wolf 1-25-2021, 7:06:35 AM
blindgamers14(roflgamer) used a dead_wolf 1-25-2021, 7:06:35 AM
blindgamers14(roflgamer) used a dead_wolf 1-25-2021, 7:06:35 AM
blindgamers14(roflgamer) used a dead_wolf 1-25-2021, 7:06:36 AM
blindgamers14(roflgamer) used a dead_wolf 1-25-2021, 7:06:36 AM
blindgamers14(roflgamer) used a dead_wolf 1-25-2021, 7:06:36 AM
blindgamers14(roflgamer) used a dead_wolf 1-25-2021, 7:06:36 AM
blindgamers14(roflgamer) used a dead_wolf 1-25-2021, 7:06:36 AM
blindgamers14(roflgamer) used a dead_wolf 1-25-2021, 7:06:37 AM
blindgamers14(roflgamer) used a dead_wolf 1-25-2021, 7:06:37 AM
blindgamers14(roflgamer) used a dead_wolf 1-25-2021, 7:06:37 AM
blindgamers14(roflgamer) used a dead_wolf 1-25-2021, 7:06:37 AM
blindgamers14(roflgamer) used a dead_wolf 1-25-2021, 7:06:37 AM
blindgamers14(roflgamer) used a dead_wolf 1-25-2021, 7:06:38 AM
blindgamers14(roflgamer) used a dead_wolf 1-25-2021, 7:06:38 AM
blindgamers14(roflgamer) used a dead_wolf 1-25-2021, 7:06:38 AM
blindgamers14(roflgamer) used a dead_wolf 1-25-2021, 7:06:38 AM
blindgamers14(roflgamer) used a dead_wolf 1-25-2021, 7:06:38 AM
blindgamers14(roflgamer) used a dead_wolf 1-25-2021, 7:06:39 AM
blindgamers14(roflgamer) used a dead_wolf 1-25-2021, 7:06:39 AM
blindgamers14(roflgamer) used a dead_wolf 1-25-2021, 7:06:39 AM
blindgamers14(roflgamer) used a dead_wolf 1-25-2021, 7:06:39 AM
blindgamers14(roflgamer) used a dead_wolf 1-25-2021, 7:06:39 AM
blindgamers14(roflgamer) used a dead_wolf 1-25-2021, 7:06:40 AM
blindgamers14(roflgamer) used a dead_wolf 1-25-2021, 7:06:40 AM
blindgamers14(roflgamer) used a dead_wolf 1-25-2021, 7:06:40 AM
blindgamers14(roflgamer) used a dead_wolf 1-25-2021, 7:06:40 AM
blindgamers14(roflgamer) used a dead_wolf 1-25-2021, 7:06:40 AM
blindgamers14(roflgamer) used a dead_wolf 1-25-2021, 7:06:41 AM
blindgamers14(roflgamer) used a dead_wolf 1-25-2021, 7:06:41 AM
blindgamers14(roflgamer) used a dead_wolf 1-25-2021, 7:06:41 AM
blindgamers14(roflgamer) used a dead_wolf 1-25-2021, 7:06:41 AM
blindgamers14(roflgamer) used a dead_wolf 1-25-2021, 7:06:41 AM
blindgamers14(roflgamer) used a dead_wolf 1-25-2021, 7:06:42 AM
blindgamers14(roflgamer) used a dead_wolf 1-25-2021, 7:06:42 AM
blindgamers14(roflgamer) used a dead_wolf 1-25-2021, 7:06:42 AM
blindgamers14(roflgamer) used a dead_wolf 1-25-2021, 7:06:42 AM
blindgamers14(roflgamer) used a dead_wolf 1-25-2021, 7:06:42 AM
blindgamers14(roflgamer) used a dead_wolf 1-25-2021, 7:06:43 AM
blindgamers14(roflgamer) used a dead_wolf 1-25-2021, 7:06:43 AM
blindgamers14(roflgamer) used a dead_wolf 1-25-2021, 7:06:43 AM
blindgamers14(roflgamer) used a dead_wolf 1-25-2021, 7:06:43 AM
blindgamers14(roflgamer) used a dead_wolf 1-25-2021, 7:06:43 AM
blindgamers14(roflgamer) used a dead_wolf 1-25-2021, 7:06:44 AM
blindgamers14(roflgamer) used a dead_wolf 1-25-2021, 7:06:44 AM
blindgamers14(roflgamer) used a dead_wolf 1-25-2021, 7:06:44 AM
blindgamers14(roflgamer) used a dead_wolf 1-25-2021, 7:06:44 AM
blindgamers14(roflgamer) used a dead_wolf 1-25-2021, 7:06:44 AM
blindgamers14(roflgamer) used a dead_wolf 1-25-2021, 7:06:45 AM
blindgamers14(roflgamer) used a dead_wolf 1-25-2021, 7:06:45 AM
blindgamers14(roflgamer) used a dead_wolf 1-25-2021, 7:06:45 AM
blindgamers14(roflgamer) used a dead_wolf 1-25-2021, 7:06:45 AM
blindgamers14(roflgamer) used a dead_wolf 1-25-2021, 7:06:46 AM
blindgamers14(roflgamer) used a dead_wolf 1-25-2021, 7:06:46 AM
blindgamers14(roflgamer) used a dead_wolf 1-25-2021, 7:06:46 AM
blindgamers14(roflgamer) used a dead_wolf 1-25-2021, 7:06:46 AM
blindgamers14(roflgamer) used a dead_wolf 1-25-2021, 7:06:46 AM
blindgamers14(roflgamer) used a dead_wolf 1-25-2021, 7:06:47 AM
blindgamers14(roflgamer) used a dead_wolf 1-25-2021, 7:06:47 AM
blindgamers14(roflgamer) used a dead_wolf 1-25-2021, 7:06:47 AM
blindgamers14(roflgamer) used a dead_wolf 1-25-2021, 7:06:47 AM
blindgamers14(roflgamer) used a dead_wolf 1-25-2021, 7:06:48 AM
blindgamers14(roflgamer) used a dead_wolf 1-25-2021, 7:06:48 AM
blindgamers14(roflgamer) used a dead_wolf 1-25-2021, 7:06:48 AM
blindgamers14(roflgamer) used a dead_wolf 1-25-2021, 7:06:48 AM
blindgamers14(roflgamer) used a dead_wolf 1-25-2021, 7:06:48 AM
blindgamers14(roflgamer) used a dead_wolf 1-25-2021, 7:06:49 AM
blindgamers14(roflgamer) used a dead_wolf 1-25-2021, 7:06:49 AM
blindgamers14(roflgamer) used a dead_wolf 1-25-2021, 7:06:49 AM
blindgamers14(roflgamer) used a dead_wolf 1-25-2021, 7:06:49 AM
blindgamers14(roflgamer) used a dead_wolf 1-25-2021, 7:06:49 AM
blindgamers14(roflgamer) used a dead_wolf 1-25-2021, 7:06:50 AM
blindgamers14(roflgamer) used a dead_wolf 1-25-2021, 7:06:50 AM
blindgamers14(roflgamer) used a dead_wolf 1-25-2021, 7:06:50 AM
blindgamers14(roflgamer) used a dead_wolf 1-25-2021, 7:06:50 AM
blindgamers14(roflgamer) used a dead_wolf 1-25-2021, 7:06:51 AM
blindgamers14(roflgamer) used a dead_wolf 1-25-2021, 7:06:51 AM
blindgamers14(roflgamer) used a dead_wolf 1-25-2021, 7:06:51 AM
blindgamers14(roflgamer) used a dead_wolf 1-25-2021, 7:06:51 AM
blindgamers14(roflgamer) used a dead_wolf 1-25-2021, 7:06:51 AM
blindgamers14(roflgamer) used a skinned_wolf 1-25-2021, 7:06:58 AM
blindgamers14(roflgamer) used a skinned_wolf 1-25-2021, 7:06:59 AM
blindgamers14(roflgamer) used a skinned_wolf 1-25-2021, 7:06:59 AM
blindgamers14(roflgamer) used a skinned_wolf 1-25-2021, 7:06:59 AM
blindgamers14(roflgamer) used a skinned_wolf 1-25-2021, 7:06:59 AM
blindgamers14(roflgamer) used a skinned_wolf 1-25-2021, 7:06:59 AM
blindgamers14(roflgamer) used a skinned_wolf 1-25-2021, 7:07:00 AM
blindgamers14(roflgamer) used a skinned_wolf 1-25-2021, 7:07:00 AM
blindgamers14(roflgamer) used a skinned_wolf 1-25-2021, 7:07:00 AM
blindgamers14(roflgamer) used a skinned_wolf 1-25-2021, 7:07:00 AM
blindgamers14(roflgamer) used a skinned_wolf 1-25-2021, 7:07:00 AM
blindgamers14(roflgamer) used a skinned_wolf 1-25-2021, 7:07:00 AM
blindgamers14(roflgamer) used a skinned_wolf 1-25-2021, 7:07:01 AM
blindgamers14(roflgamer) used a skinned_wolf 1-25-2021, 7:07:01 AM
blindgamers14(roflgamer) used a skinned_wolf 1-25-2021, 7:07:01 AM
blindgamers14(roflgamer) used a skinned_wolf 1-25-2021, 7:07:01 AM
blindgamers14(roflgamer) used a skinned_wolf 1-25-2021, 7:07:01 AM
blindgamers14(roflgamer) used a skinned_wolf 1-25-2021, 7:07:02 AM
blindgamers14(roflgamer) used a skinned_wolf 1-25-2021, 7:07:02 AM
blindgamers14(roflgamer) used a skinned_wolf 1-25-2021, 7:07:02 AM
blindgamers14(roflgamer) used a skinned_wolf 1-25-2021, 7:07:02 AM
blindgamers14(roflgamer) used a skinned_wolf 1-25-2021, 7:07:02 AM
blindgamers14(roflgamer) used a skinned_wolf 1-25-2021, 7:07:03 AM
blindgamers14(roflgamer) used a skinned_wolf 1-25-2021, 7:07:03 AM
blindgamers14(roflgamer) used a skinned_wolf 1-25-2021, 7:07:03 AM
blindgamers14(roflgamer) used a skinned_wolf 1-25-2021, 7:07:03 AM
blindgamers14(roflgamer) used a skinned_wolf 1-25-2021, 7:07:03 AM
blindgamers14(roflgamer) used a skinned_wolf 1-25-2021, 7:07:03 AM
blindgamers14(roflgamer) used a skinned_wolf 1-25-2021, 7:07:04 AM
blindgamers14(roflgamer) used a skinned_wolf 1-25-2021, 7:07:04 AM
blindgamers14(roflgamer) used a skinned_wolf 1-25-2021, 7:07:04 AM
blindgamers14(roflgamer) used a skinned_wolf 1-25-2021, 7:07:04 AM
blindgamers14(roflgamer) used a skinned_wolf 1-25-2021, 7:07:04 AM
blindgamers14(roflgamer) used a skinned_wolf 1-25-2021, 7:07:05 AM
blindgamers14(roflgamer) used a skinned_wolf 1-25-2021, 7:07:05 AM
blindgamers14(roflgamer) used a skinned_wolf 1-25-2021, 7:07:05 AM
blindgamers14(roflgamer) used a skinned_wolf 1-25-2021, 7:07:05 AM
blindgamers14(roflgamer) used a skinned_wolf 1-25-2021, 7:07:05 AM
blindgamers14(roflgamer) used a skinned_wolf 1-25-2021, 7:07:05 AM
blindgamers14(roflgamer) used a skinned_wolf 1-25-2021, 7:07:06 AM
blindgamers14(roflgamer) used a skinned_wolf 1-25-2021, 7:07:06 AM
blindgamers14(roflgamer) used a skinned_wolf 1-25-2021, 7:07:06 AM
blindgamers14(roflgamer) used a skinned_wolf 1-25-2021, 7:07:06 AM
blindgamers14(roflgamer) used a skinned_wolf 1-25-2021, 7:07:06 AM
blindgamers14(roflgamer) used a skinned_wolf 1-25-2021, 7:07:09 AM
blindgamers14(roflgamer) used a skinned_wolf 1-25-2021, 7:07:09 AM
blindgamers14(roflgamer) used a skinned_wolf 1-25-2021, 7:07:09 AM
blindgamers14(roflgamer) used a skinned_wolf 1-25-2021, 7:07:09 AM
blindgamers14(roflgamer) used a skinned_wolf 1-25-2021, 7:07:15 AM
blindgamers14(roflgamer) used a skinned_wolf 1-25-2021, 7:07:15 AM
blindgamers14(roflgamer) used a skinned_wolf 1-25-2021, 7:07:15 AM
blindgamers14(roflgamer) used a skinned_wolf 1-25-2021, 7:07:16 AM
blindgamers14(roflgamer) used a skinned_wolf 1-25-2021, 7:07:16 AM
blindgamers14(roflgamer) used a skinned_wolf 1-25-2021, 7:07:16 AM
blindgamers14(roflgamer) used a skinned_wolf 1-25-2021, 7:07:16 AM
blindgamers14(roflgamer) used a skinned_wolf 1-25-2021, 7:07:16 AM
blindgamers14(roflgamer) used a skinned_wolf 1-25-2021, 7:07:17 AM
blindgamers14(roflgamer) used a skinned_wolf 1-25-2021, 7:07:17 AM
blindgamers14(roflgamer) used a skinned_wolf 1-25-2021, 7:07:17 AM
blindgamers14(roflgamer) used a skinned_wolf 1-25-2021, 7:07:17 AM
blindgamers14(roflgamer) used a skinned_wolf 1-25-2021, 7:07:17 AM
blindgamers14(roflgamer) used a skinned_wolf 1-25-2021, 7:07:18 AM
blindgamers14(roflgamer) used a skinned_wolf 1-25-2021, 7:07:18 AM
blindgamers14(roflgamer) used a skinned_wolf 1-25-2021, 7:07:18 AM
blindgamers14(roflgamer) used a the_legendary_sword 1-25-2021, 7:09:37 AM
blindgamers14(roflgamer) used a frequency_scrambler 1-25-2021, 7:13:15 AM
blindgamers14(roflgamer) used a skinned_wolf 1-25-2021, 7:13:18 AM
blindgamers14(roflgamer) used a skinned_wolf 1-25-2021, 7:13:19 AM
blindgamers14(roflgamer) used a skinned_wolf 1-25-2021, 7:13:19 AM
blindgamers14(roflgamer) used a skinned_wolf 1-25-2021, 7:13:19 AM
blindgamers14(roflgamer) used a skinned_wolf 1-25-2021, 7:13:19 AM
blindgamers14(roflgamer) used a skinned_wolf 1-25-2021, 7:13:20 AM
blindgamers14(roflgamer) used a skinned_wolf 1-25-2021, 7:13:20 AM
blindgamers14(roflgamer) used a skinned_wolf 1-25-2021, 7:13:20 AM
blindgamers14(roflgamer) used a skinned_wolf 1-25-2021, 7:13:20 AM
blindgamers14(roflgamer) used a skinned_wolf 1-25-2021, 7:13:20 AM
blindgamers14(roflgamer) used a skinned_wolf 1-25-2021, 7:13:21 AM
blindgamers14(roflgamer) used a skinned_wolf 1-25-2021, 7:13:21 AM
blindgamers14(roflgamer) used a skinned_wolf 1-25-2021, 7:13:21 AM
blindgamers14(roflgamer) used a skinned_wolf 1-25-2021, 7:13:21 AM
blindgamers14(roflgamer) used a skinned_wolf 1-25-2021, 7:13:21 AM
blindgamers14(roflgamer) used a skinned_wolf 1-25-2021, 7:13:22 AM
blindgamers14(roflgamer) used a skinned_wolf 1-25-2021, 7:13:22 AM
blindgamers14(roflgamer) used a skinned_wolf 1-25-2021, 7:13:22 AM
blindgamers14(roflgamer) used a skinned_wolf 1-25-2021, 7:13:22 AM
blindgamers14(roflgamer) used a skinned_wolf 1-25-2021, 7:13:25 AM
blindgamers14(roflgamer) used a skinned_wolf 1-25-2021, 7:13:26 AM
blindgamers14(roflgamer) used a skinned_wolf 1-25-2021, 7:13:26 AM
blindgamers14(roflgamer) used a skinned_wolf 1-25-2021, 7:13:26 AM
blindgamers14(roflgamer) used a skinned_wolf 1-25-2021, 7:13:26 AM
blindgamers14(roflgamer) used a skinned_wolf 1-25-2021, 7:13:26 AM
blindgamers14(roflgamer) used a skinned_wolf 1-25-2021, 7:13:26 AM
blindgamers14(roflgamer) used a skinned_wolf 1-25-2021, 7:13:27 AM
blindgamers14(roflgamer) used a skinned_wolf 1-25-2021, 7:13:27 AM
blindgamers14(roflgamer) used a skinned_wolf 1-25-2021, 7:14:03 AM
blindgamers14(roflgamer) used a skinned_wolf 1-25-2021, 7:14:03 AM
blindgamers14(roflgamer) used a skinned_wolf 1-25-2021, 7:14:03 AM
blindgamers14(roflgamer) used a skinned_wolf 1-25-2021, 7:14:04 AM
blindgamers14(roflgamer) used a skinned_wolf 1-25-2021, 7:14:04 AM
blindgamers14(roflgamer) used a skinned_wolf 1-25-2021, 7:14:05 AM
blindgamers14(roflgamer) used a skinned_wolf 1-25-2021, 7:14:06 AM
blindgamers14(roflgamer) used a skinned_wolf 1-25-2021, 7:14:07 AM
blindgamers14(roflgamer) used a skinned_wolf 1-25-2021, 7:14:08 AM
blindgamers14(roflgamer) used a skinned_wolf 1-25-2021, 7:14:10 AM
blindgamers14(roflgamer) used a skinned_wolf 1-25-2021, 7:14:11 AM
blindgamers14(roflgamer) used a skinned_wolf 1-25-2021, 7:14:16 AM
blindgamers14(roflgamer) used a dead_wolf 1-25-2021, 7:14:27 AM
blindgamers14(roflgamer) used a dead_wolf 1-25-2021, 7:14:27 AM
blindgamers14(roflgamer) used a dead_wolf 1-25-2021, 7:14:27 AM
blindgamers14(roflgamer) used a dead_wolf 1-25-2021, 7:14:27 AM
blindgamers14(roflgamer) used a dead_wolf 1-25-2021, 7:14:27 AM
blindgamers14(roflgamer) used a dead_wolf 1-25-2021, 7:14:28 AM
blindgamers14(roflgamer) used a dead_wolf 1-25-2021, 7:14:28 AM
blindgamers14(roflgamer) used a dead_wolf 1-25-2021, 7:14:28 AM
blindgamers14(roflgamer) used a dead_wolf 1-25-2021, 7:14:28 AM
blindgamers14(roflgamer) used a dead_wolf 1-25-2021, 7:14:28 AM
blindgamers14(roflgamer) used a dead_wolf 1-25-2021, 7:14:29 AM
blindgamers14(roflgamer) used a dead_wolf 1-25-2021, 7:14:29 AM
blindgamers14(roflgamer) used a dead_wolf 1-25-2021, 7:14:29 AM
blindgamers14(roflgamer) used a dead_wolf 1-25-2021, 7:14:29 AM
blindgamers14(roflgamer) used a dead_wolf 1-25-2021, 7:14:30 AM
blindgamers14(roflgamer) used a dead_wolf 1-25-2021, 7:14:31 AM
blindgamers14(roflgamer) used a dead_wolf 1-25-2021, 7:14:31 AM
blindgamers14(roflgamer) used a dead_wolf 1-25-2021, 7:14:31 AM
blindgamers14(roflgamer) used a dead_wolf 1-25-2021, 7:14:31 AM
blindgamers14(roflgamer) used a dead_wolf 1-25-2021, 7:14:31 AM
blindgamers14(roflgamer) used a dead_wolf 1-25-2021, 7:14:31 AM
blindgamers14(roflgamer) used a dead_wolf 1-25-2021, 7:14:32 AM
blindgamers14(roflgamer) used a dead_wolf 1-25-2021, 7:14:32 AM
blindgamers14(roflgamer) used a dead_wolf 1-25-2021, 7:14:32 AM
blindgamers14(roflgamer) used a dead_wolf 1-25-2021, 7:14:32 AM
blindgamers14(roflgamer) used a dead_wolf 1-25-2021, 7:14:32 AM
blindgamers14(roflgamer) used a dead_wolf 1-25-2021, 7:14:32 AM
blindgamers14(roflgamer) used a dead_wolf 1-25-2021, 7:14:33 AM
blindgamers14(roflgamer) used a dead_wolf 1-25-2021, 7:14:37 AM
blindgamers14(roflgamer) used a dead_wolf 1-25-2021, 7:14:38 AM
blindgamers14(roflgamer) used a dead_wolf 1-25-2021, 7:14:38 AM
blindgamers14(roflgamer) used a dead_wolf 1-25-2021, 7:14:38 AM
blindgamers14(roflgamer) used a dead_wolf 1-25-2021, 7:14:38 AM
blindgamers14(roflgamer) used a dead_wolf 1-25-2021, 7:14:38 AM
blindgamers14(roflgamer) used a dead_wolf 1-25-2021, 7:14:38 AM
blindgamers14(roflgamer) used a dead_wolf 1-25-2021, 7:14:39 AM
blindgamers14(roflgamer) used a dead_wolf 1-25-2021, 7:14:39 AM
blindgamers14(roflgamer) used a dead_wolf 1-25-2021, 7:14:39 AM
blindgamers14(roflgamer) used a dead_wolf 1-25-2021, 7:14:39 AM
blindgamers14(roflgamer) used a dead_wolf 1-25-2021, 7:14:39 AM
blindgamers14(roflgamer) used a dead_wolf 1-25-2021, 7:14:40 AM
blindgamers14(roflgamer) used a dead_wolf 1-25-2021, 7:14:40 AM
blindgamers14(roflgamer) used a dead_wolf 1-25-2021, 7:14:40 AM
blindgamers14(roflgamer) used a dead_wolf 1-25-2021, 7:14:40 AM
blindgamers14(roflgamer) used a dead_wolf 1-25-2021, 7:14:40 AM
blindgamers14(roflgamer) used a dead_wolf 1-25-2021, 7:14:41 AM
blindgamers14(roflgamer) used a dead_wolf 1-25-2021, 7:14:41 AM
blindgamers14(roflgamer) used a dead_wolf 1-25-2021, 7:14:41 AM
blindgamers14(roflgamer) used a dead_wolf 1-25-2021, 7:14:41 AM
blindgamers14(roflgamer) used a dead_wolf 1-25-2021, 7:14:41 AM
blindgamers14(roflgamer) used a dead_wolf 1-25-2021, 7:14:42 AM
blindgamers14(roflgamer) used a dead_wolf 1-25-2021, 7:14:42 AM
blindgamers14(roflgamer) used a dead_wolf 1-25-2021, 7:14:42 AM
blindgamers14(roflgamer) used a dead_wolf 1-25-2021, 7:14:42 AM
blindgamers14(roflgamer) used a dead_wolf 1-25-2021, 7:14:42 AM
blindgamers14(roflgamer) used a dead_wolf 1-25-2021, 7:14:42 AM
blindgamers14(roflgamer) used a dead_wolf 1-25-2021, 7:14:43 AM
blindgamers14(roflgamer) used a dead_wolf 1-25-2021, 7:14:43 AM
blindgamers14(roflgamer) used a the_legendary_sword 1-25-2021, 7:15:11 AM
blindgamers14(roflgamer) used a storm_sniper 1-25-2021, 7:15:28 AM
blindgamers14(roflgamer) used a carrier_missile 1-25-2021, 7:29:13 AM
blindgamers14(roflgamer) used a sticky_bomb 1-25-2021, 7:31:02 AM
blindgamers14(roflgamer) used a hipersound_bomb 1-25-2021, 7:31:51 AM
blindgamers14(roflgamer) used a hipersound_bomb 1-25-2021, 7:31:54 AM
blindgamers14(roflgamer) used a hipersound_bomb 1-25-2021, 7:31:54 AM
blindgamers14(roflgamer) used a health_drink 1-25-2021, 7:32:00 AM
blindgamers14(roflgamer) used a health_drink 1-25-2021, 7:32:00 AM
blindgamers14(roflgamer) used a tk_ultra_health_potion 1-25-2021, 7:45:10 AM
blindgamers14(roflgamer) used a tk_ultra_health_potion 1-25-2021, 7:45:10 AM
blindgamers14(roflgamer) used a shield 1-25-2021, 7:46:12 AM
blindgamers14(roflgamer) used a shield 1-25-2021, 7:46:13 AM
blindgamers14(roflgamer) used a shield 1-25-2021, 7:46:13 AM
blindgamers14(roflgamer) used a shield 1-25-2021, 7:46:14 AM
blindgamers14(roflgamer) used a shield 1-25-2021, 7:46:14 AM
blindgamers14(roflgamer) used a shield 1-25-2021, 7:46:14 AM
blindgamers14(roflgamer) used a shield 1-25-2021, 7:46:14 AM
blindgamers14(roflgamer) used a suicide_bomb 1-25-2021, 7:46:15 AM
blindgamers14(roflgamer) used a tk_ultra_health_potion 1-25-2021, 7:47:02 AM
blindgamers14(roflgamer) used a shield 1-25-2021, 7:47:36 AM
blindgamers14(roflgamer) used a shield 1-25-2021, 7:47:36 AM
blindgamers14(roflgamer) used a knife 1-25-2021, 7:47:41 AM
blindgamers14(roflgamer) used a shield 1-25-2021, 7:49:57 AM
blindgamers14(roflgamer) used a shield 1-25-2021, 7:49:57 AM
blindgamers14(roflgamer) used a shield 1-25-2021, 7:49:58 AM
blindgamers14(roflgamer) used a shield 1-25-2021, 7:49:58 AM
blindgamers14(roflgamer) used a shield 1-25-2021, 7:49:58 AM
blindgamers14(roflgamer) used a shield 1-25-2021, 7:49:58 AM
blindgamers14(roflgamer) used a shield 1-25-2021, 7:49:58 AM
blindgamers14(roflgamer) used a shield 1-25-2021, 7:49:59 AM
blindgamers14(roflgamer) used a shield 1-25-2021, 7:49:59 AM
blindgamers14(roflgamer) used a shield 1-25-2021, 7:49:59 AM
blindgamers14(roflgamer) used a shield 1-25-2021, 7:49:59 AM
blindgamers14(roflgamer) used a shield 1-25-2021, 7:49:59 AM
blindgamers14(roflgamer) used a shield 1-25-2021, 7:49:59 AM
blindgamers14(roflgamer) used a shield 1-25-2021, 7:50:00 AM
blindgamers14(roflgamer) used a shield 1-25-2021, 7:50:00 AM
blindgamers14(roflgamer) used a shield 1-25-2021, 7:50:00 AM
blindgamers14(roflgamer) used a shield 1-25-2021, 7:50:00 AM
blindgamers14(roflgamer) used a shield 1-25-2021, 7:50:00 AM
blindgamers14(roflgamer) used a shield 1-25-2021, 7:50:00 AM
blindgamers14(roflgamer) used a shield 1-25-2021, 7:50:00 AM
blindgamers14(roflgamer) used a shield 1-25-2021, 7:50:01 AM
blindgamers14(roflgamer) used a shield 1-25-2021, 7:50:01 AM
blindgamers14(roflgamer) used a shield 1-25-2021, 7:50:01 AM
blindgamers14(roflgamer) used a shield 1-25-2021, 7:50:01 AM
blindgamers14(roflgamer) used a shield 1-25-2021, 7:50:59 AM
blindgamers14(roflgamer) used a shield 1-25-2021, 7:51:00 AM
blindgamers14(roflgamer) used a shield 1-25-2021, 7:51:00 AM
blindgamers14(roflgamer) used a shield 1-25-2021, 7:51:00 AM
blindgamers14(roflgamer) used a shield 1-25-2021, 7:51:00 AM
blindgamers14(roflgamer) used a shield 1-25-2021, 7:51:00 AM
blindgamers14(roflgamer) used a tk_ultra_health_potion 1-25-2021, 7:51:01 AM
blindgamers14(roflgamer) used a tk_ultra_health_potion 1-25-2021, 7:52:07 AM
blindgamers14(roflgamer) used a tk_ultra_health_potion 1-25-2021, 7:52:07 AM
blindgamers14(roflgamer) used a shield 1-25-2021, 7:54:29 AM
blindgamers14(roflgamer) used a shield 1-25-2021, 7:54:29 AM
blindgamers14(roflgamer) used a shield 1-25-2021, 7:54:29 AM
blindgamers14(roflgamer) used a shield 1-25-2021, 7:54:29 AM
blindgamers14(roflgamer) used a shield 1-25-2021, 7:54:29 AM
blindgamers14(roflgamer) used a shield 1-25-2021, 7:54:29 AM
blindgamers14(roflgamer) used a shield 1-25-2021, 7:54:30 AM
blindgamers14(roflgamer) used a shield 1-25-2021, 7:54:34 AM
blindgamers14(roflgamer) used a shield 1-25-2021, 7:54:35 AM
blindgamers14(roflgamer) used a shield 1-25-2021, 7:54:35 AM
blindgamers14(roflgamer) used a shield 1-25-2021, 7:54:35 AM
blindgamers14(roflgamer) used a shield 1-25-2021, 7:54:35 AM
blindgamers14(roflgamer) used a shield 1-25-2021, 7:54:35 AM
blindgamers14(roflgamer) used a shield 1-25-2021, 7:54:35 AM
blindgamers14(roflgamer) used a shield 1-25-2021, 7:54:36 AM
blindgamers14(roflgamer) used a shield 1-25-2021, 7:54:36 AM
blindgamers14(roflgamer) used a shield 1-25-2021, 7:54:36 AM
blindgamers14(roflgamer) used a shield 1-25-2021, 7:54:36 AM
blindgamers14(roflgamer) used a shield 1-25-2021, 7:54:36 AM
blindgamers14(roflgamer) used a shield 1-25-2021, 7:54:36 AM
blindgamers14(roflgamer) used a shield 1-25-2021, 7:54:37 AM
blindgamers14(roflgamer) used a shield 1-25-2021, 7:54:37 AM
blindgamers14(roflgamer) used a shield 1-25-2021, 7:54:37 AM
blindgamers14(roflgamer) used a shield 1-25-2021, 7:54:37 AM
blindgamers14(roflgamer) used a shield 1-25-2021, 7:54:37 AM
blindgamers14(roflgamer) used a shield 1-25-2021, 7:54:37 AM
blindgamers14(roflgamer) used a shield 1-25-2021, 7:54:38 AM
blindgamers14(roflgamer) used a shield 1-25-2021, 7:54:38 AM
blindgamers14(roflgamer) used a shield 1-25-2021, 7:54:38 AM
blindgamers14(roflgamer) used a shield 1-25-2021, 7:54:38 AM
blindgamers14(roflgamer) used a shield 1-25-2021, 7:54:38 AM
blindgamers14(roflgamer) used a shield 1-25-2021, 7:54:38 AM
blindgamers14(roflgamer) used a shield 1-25-2021, 7:54:39 AM
blindgamers14(roflgamer) used a shield 1-25-2021, 7:54:39 AM
blindgamers14(roflgamer) used a shield 1-25-2021, 7:54:39 AM
blindgamers14(roflgamer) used a shield 1-25-2021, 7:54:39 AM
blindgamers14(roflgamer) used a shield 1-25-2021, 7:54:40 AM
blindgamers14(roflgamer) used a shield 1-25-2021, 7:54:40 AM
blindgamers14(roflgamer) used a tk_ultra_health_potion 1-25-2021, 7:54:40 AM
blindgamers14(roflgamer) used a tk_ultra_health_potion 1-25-2021, 7:54:41 AM
blindgamers14(roflgamer) used a shield 1-25-2021, 7:56:32 AM
blindgamers14(roflgamer) used a shield 1-25-2021, 7:56:32 AM
blindgamers14(roflgamer) used a shield 1-25-2021, 7:56:32 AM
blindgamers14(roflgamer) used a shield 1-25-2021, 7:56:32 AM
blindgamers14(roflgamer) used a shield 1-25-2021, 7:56:33 AM
blindgamers14(roflgamer) used a shield 1-25-2021, 7:56:33 AM
blindgamers14(roflgamer) used a shield 1-25-2021, 7:56:33 AM
blindgamers14(roflgamer) used a shield 1-25-2021, 7:56:33 AM
blindgamers14(roflgamer) used a shield 1-25-2021, 7:56:33 AM
blindgamers14(roflgamer) used a tk_ultra_health_potion 1-25-2021, 7:56:34 AM
blindgamers14(roflgamer) used a rpg7 1-25-2021, 7:57:04 AM
blindgamers14(roflgamer) used a health_drink 1-25-2021, 7:57:39 AM
blindgamers14(roflgamer) used a health_drink 1-25-2021, 7:57:39 AM
blindgamers14(roflgamer) used a health_drink 1-25-2021, 7:57:39 AM
blindgamers14(roflgamer) used a tk_ultra_health_potion 1-25-2021, 7:59:22 AM
blindgamers14(roflgamer) used a tk_ultra_health_potion 1-25-2021, 7:59:22 AM
blindgamers14(roflgamer) used a health_drink 1-25-2021, 8:00:06 AM
blindgamers14(roflgamer) used a health_drink 1-25-2021, 8:00:06 AM
blindgamers14(roflgamer) used a carrier_missile 1-25-2021, 8:00:36 AM
blindgamers14(roflgamer) used a carrier_missile 1-25-2021, 8:00:40 AM
blindgamers14(roflgamer) used a carrier_missile 1-25-2021, 8:00:53 AM
blindgamers14(roflgamer) used a tk_ultra_health_potion 1-25-2021, 8:08:56 AM
blindgamers14(roflgamer) used a tk_ultra_health_potion 1-25-2021, 8:08:56 AM
blindgamers14(roflgamer) used a tk_ultra_health_potion 1-25-2021, 8:08:56 AM
blindgamers14(roflgamer) used a storm_sniper 1-25-2021, 8:13:09 AM
blindgamers14(roflgamer) used a fuel_tank 1-25-2021, 8:14:37 AM
blindgamers14(roflgamer) used a fuel_tank 1-25-2021, 8:14:39 AM
blindgamers14(roflgamer) used a fuel_tank 1-25-2021, 8:14:39 AM
blindgamers14(roflgamer) used a fuel_tank 1-25-2021, 8:14:39 AM
blindgamers14(roflgamer) used a fuel_tank 1-25-2021, 8:14:40 AM
blindgamers14(roflgamer) used a fuel_tank 1-25-2021, 8:14:40 AM
blindgamers14(roflgamer) used a fuel_tank 1-25-2021, 8:14:41 AM
blindgamers14(roflgamer) used a fuel_tank 1-25-2021, 8:14:41 AM
blindgamers14(roflgamer) used a fuel_tank 1-25-2021, 8:14:41 AM
blindgamers14(roflgamer) used a fuel_tank 1-25-2021, 8:14:41 AM
blindgamers14(roflgamer) used a fuel_tank 1-25-2021, 8:14:42 AM
blindgamers14(roflgamer) used a fuel_tank 1-25-2021, 8:14:42 AM
blindgamers14(roflgamer) used a fuel_tank 1-25-2021, 8:14:43 AM
blindgamers14(roflgamer) used a fuel_tank 1-25-2021, 8:14:43 AM
blindgamers14(roflgamer) used a fuel_tank 1-25-2021, 8:14:44 AM
blindgamers14(roflgamer) used a fuel_tank 1-25-2021, 8:14:44 AM
blindgamers14(roflgamer) used a fuel_tank 1-25-2021, 8:14:44 AM
blindgamers14(roflgamer) used a fuel_tank 1-25-2021, 8:14:45 AM
blindgamers14(roflgamer) used a fuel_tank 1-25-2021, 8:14:45 AM
blindgamers14(roflgamer) used a fuel_tank 1-25-2021, 8:14:45 AM
blindgamers14(roflgamer) used a fuel_tank 1-25-2021, 8:14:46 AM
blindgamers14(roflgamer) used a fuel_tank 1-25-2021, 8:14:46 AM
blindgamers14(roflgamer) used a fuel_tank 1-25-2021, 8:14:46 AM
blindgamers14(roflgamer) used a fuel_tank 1-25-2021, 8:14:47 AM
blindgamers14(roflgamer) used a fuel_tank 1-25-2021, 8:14:47 AM
blindgamers14(roflgamer) used a fuel_tank 1-25-2021, 8:14:47 AM
blindgamers14(roflgamer) used a fuel_tank 1-25-2021, 8:14:48 AM
blindgamers14(roflgamer) used a fuel_tank 1-25-2021, 8:14:48 AM
blindgamers14(roflgamer) used a fuel_tank 1-25-2021, 8:14:48 AM
blindgamers14(roflgamer) used a fuel_tank 1-25-2021, 8:14:49 AM
blindgamers14(roflgamer) used a fuel_tank 1-25-2021, 8:14:49 AM
blindgamers14(roflgamer) used a fuel_tank 1-25-2021, 8:14:49 AM
blindgamers14(roflgamer) used a fuel_tank 1-25-2021, 8:14:50 AM
blindgamers14(roflgamer) used a fuel_tank 1-25-2021, 8:14:50 AM
blindgamers14(roflgamer) used a fuel_tank 1-25-2021, 8:14:51 AM
blindgamers14(roflgamer) used a fuel_tank 1-25-2021, 8:14:51 AM
blindgamers14(roflgamer) used a fuel_tank 1-25-2021, 8:14:51 AM
blindgamers14(roflgamer) used a fuel_tank 1-25-2021, 8:14:52 AM
blindgamers14(roflgamer) used a fuel_tank 1-25-2021, 8:14:52 AM
blindgamers14(roflgamer) used a fuel_tank 1-25-2021, 8:14:53 AM
blindgamers14(roflgamer) used a fuel_tank 1-25-2021, 8:14:53 AM
blindgamers14(roflgamer) used a fuel_tank 1-25-2021, 8:14:53 AM
blindgamers14(roflgamer) used a fuel_tank 1-25-2021, 8:14:54 AM
blindgamers14(roflgamer) used a fuel_tank 1-25-2021, 8:14:54 AM
blindgamers14(roflgamer) used a fuel_tank 1-25-2021, 8:14:55 AM
blindgamers14(roflgamer) used a fuel_tank 1-25-2021, 8:14:55 AM
blindgamers14(roflgamer) used a fuel_tank 1-25-2021, 8:14:55 AM
blindgamers14(roflgamer) used a fuel_tank 1-25-2021, 8:14:56 AM
blindgamers14(roflgamer) used a fuel_tank 1-25-2021, 8:14:56 AM
blindgamers14(roflgamer) used a fuel_tank 1-25-2021, 8:14:57 AM
blindgamers14(roflgamer) used a fuel_tank 1-25-2021, 8:14:57 AM
blindgamers14(roflgamer) used a fuel_tank 1-25-2021, 8:14:57 AM
blindgamers14(roflgamer) used a fuel_tank 1-25-2021, 8:14:58 AM
blindgamers14(roflgamer) used a fuel_tank 1-25-2021, 8:14:58 AM
blindgamers14(roflgamer) used a fuel_tank 1-25-2021, 8:14:59 AM
blindgamers14(roflgamer) used a fuel_tank 1-25-2021, 8:14:59 AM
blindgamers14(roflgamer) used a fuel_tank 1-25-2021, 8:14:59 AM
blindgamers14(roflgamer) used a fuel_tank 1-25-2021, 8:15:00 AM
blindgamers14(roflgamer) used a fuel_tank 1-25-2021, 8:15:00 AM
blindgamers14(roflgamer) used a fuel_tank 1-25-2021, 8:15:01 AM
blindgamers14(roflgamer) used a fuel_tank 1-25-2021, 8:15:01 AM
blindgamers14(roflgamer) used a fuel_tank 1-25-2021, 8:15:01 AM
blindgamers14(roflgamer) used a fuel_tank 1-25-2021, 8:15:02 AM
blindgamers14(roflgamer) used a fuel_tank 1-25-2021, 8:15:02 AM
blindgamers14(roflgamer) used a fuel_tank 1-25-2021, 8:15:03 AM
blindgamers14(roflgamer) used a fuel_tank 1-25-2021, 8:15:03 AM
blindgamers14(roflgamer) used a fuel_tank 1-25-2021, 8:15:04 AM
blindgamers14(roflgamer) used a fuel_tank 1-25-2021, 8:15:04 AM
blindgamers14(roflgamer) used a fuel_tank 1-25-2021, 8:15:04 AM
blindgamers14(roflgamer) used a fuel_tank 1-25-2021, 8:15:05 AM
blindgamers14(roflgamer) used a fuel_tank 1-25-2021, 8:15:05 AM
blindgamers14(roflgamer) used a fuel_tank 1-25-2021, 8:15:05 AM
blindgamers14(roflgamer) used a fuel_tank 1-25-2021, 8:15:06 AM
blindgamers14(roflgamer) used a fuel_tank 1-25-2021, 8:15:06 AM
blindgamers14(roflgamer) used a fuel_tank 1-25-2021, 8:15:07 AM
blindgamers14(roflgamer) used a fuel_tank 1-25-2021, 8:15:07 AM
blindgamers14(roflgamer) used a fuel_tank 1-25-2021, 8:15:07 AM
blindgamers14(roflgamer) used a fuel_tank 1-25-2021, 8:15:08 AM
blindgamers14(roflgamer) used a fuel_tank 1-25-2021, 8:15:09 AM
blindgamers14(roflgamer) used a fuel_tank 1-25-2021, 8:15:09 AM
blindgamers14(roflgamer) used a fuel_tank 1-25-2021, 8:15:10 AM
blindgamers14(roflgamer) used a fuel_tank 1-25-2021, 8:15:10 AM
blindgamers14(roflgamer) used a fuel_tank 1-25-2021, 8:15:10 AM
blindgamers14(roflgamer) used a fuel_tank 1-25-2021, 8:15:11 AM
blindgamers14(roflgamer) used a fuel_tank 1-25-2021, 8:15:11 AM
blindgamers14(roflgamer) used a fuel_tank 1-25-2021, 8:15:12 AM
blindgamers14(roflgamer) used a fuel_tank 1-25-2021, 8:15:12 AM
blindgamers14(roflgamer) used a fuel_tank 1-25-2021, 8:15:13 AM
blindgamers14(roflgamer) used a fuel_tank 1-25-2021, 8:15:13 AM
blindgamers14(roflgamer) used a fuel_tank 1-25-2021, 8:15:14 AM
blindgamers14(roflgamer) used a fuel_tank 1-25-2021, 8:15:14 AM
blindgamers14(roflgamer) used a fuel_tank 1-25-2021, 8:15:14 AM
blindgamers14(roflgamer) used a fuel_tank 1-25-2021, 8:15:15 AM
blindgamers14(roflgamer) used a fuel_tank 1-25-2021, 8:15:15 AM
blindgamers14(roflgamer) used a fuel_tank 1-25-2021, 8:15:16 AM
blindgamers14(roflgamer) used a fuel_tank 1-25-2021, 8:15:16 AM
blindgamers14(roflgamer) used a fuel_tank 1-25-2021, 8:15:16 AM
blindgamers14(roflgamer) used a fuel_tank 1-25-2021, 8:15:17 AM
blindgamers14(roflgamer) used a fuel_tank 1-25-2021, 8:15:17 AM
blindgamers14(roflgamer) used a wolf_skin 1-25-2021, 8:17:52 AM
blindgamers14(roflgamer) used a skinned_wolf 1-25-2021, 8:18:06 AM
blindgamers14(roflgamer) used a cutted_wolf_meat 1-25-2021, 8:18:13 AM
blindgamers14(roflgamer) used a cutted_wolf_meat 1-25-2021, 8:18:14 AM
blindgamers14(roflgamer) used a cutted_wolf_meat 1-25-2021, 8:18:14 AM
blindgamers14(roflgamer) used a cutted_wolf_meat 1-25-2021, 8:18:15 AM
blindgamers14(roflgamer) used a cutted_wolf_meat 1-25-2021, 8:18:15 AM
blindgamers14(roflgamer) used a coin 1-25-2021, 8:18:24 AM
blindgamers14(roflgamer) used a coin 1-25-2021, 8:18:25 AM
blindgamers14(roflgamer) used a coin 1-25-2021, 8:18:25 AM
blindgamers14(roflgamer) used a coin 1-25-2021, 8:18:26 AM
blindgamers14(roflgamer) used a tk_ultra_health_potion 1-25-2021, 8:31:30 AM
blindgamers14(roflgamer) used a tk_ultra_health_potion 1-25-2021, 8:31:30 AM
blindgamers14(roflgamer) used a concussive_grenade 1-25-2021, 8:31:31 AM
blindgamers14(roflgamer) used a concussive_grenade 1-25-2021, 8:31:39 AM
blindgamers14(roflgamer) used a concussive_grenade 1-25-2021, 8:31:39 AM
blindgamers14(roflgamer) used a concussive_grenade 1-25-2021, 8:31:40 AM
blindgamers14(roflgamer) used a concussive_grenade 1-25-2021, 8:31:43 AM
blindgamers14(roflgamer) used a concussive_grenade 1-25-2021, 8:31:43 AM
blindgamers14(roflgamer) used a concussive_grenade 1-25-2021, 8:31:44 AM
blindgamers14(roflgamer) used a concussive_grenade 1-25-2021, 8:31:53 AM
blindgamers14(roflgamer) used a concussive_grenade 1-25-2021, 8:32:00 AM
blindgamers14(roflgamer) used a concussive_grenade 1-25-2021, 8:32:08 AM
blindgamers14(roflgamer) used a concussive_grenade 1-25-2021, 8:32:08 AM
blindgamers14(roflgamer) used a concussive_grenade 1-25-2021, 8:32:12 AM
blindgamers14(roflgamer) used a concussive_grenade 1-25-2021, 8:32:15 AM
blindgamers14(roflgamer) used a concussive_grenade 1-25-2021, 8:32:16 AM
blindgamers14(roflgamer) used a concussive_grenade 1-25-2021, 8:32:16 AM
blindgamers14(roflgamer) used a concussive_grenade 1-25-2021, 8:32:19 AM
blindgamers14(roflgamer) used a concussive_grenade 1-25-2021, 8:32:20 AM
blindgamers14(roflgamer) used a concussive_grenade 1-25-2021, 8:32:20 AM
blindgamers14(roflgamer) used a concussive_grenade 1-25-2021, 8:32:25 AM
blindgamers14(roflgamer) used a concussive_grenade 1-25-2021, 8:32:25 AM
blindgamers14(roflgamer) used a concussive_grenade 1-25-2021, 8:32:37 AM
blindgamers14(roflgamer) used a warp_box 1-25-2021, 8:36:53 AM
blindgamers14(roflgamer) used a aircraft 1-25-2021, 8:37:25 AM
blindgamers14(roflgamer) used a aircraft 1-25-2021, 8:37:26 AM
blindgamers14(roflgamer) used a tk_ultra_health_potion 1-25-2021, 8:37:59 AM
blindgamers14(roflgamer) used a tk_ultra_health_potion 1-25-2021, 8:38:00 AM
blindgamers14(roflgamer) used a tk_ultra_health_potion 1-25-2021, 8:38:13 AM
blindgamers14(roflgamer) used a health_drink 1-25-2021, 8:38:15 AM
blindgamers14(roflgamer) used a health_drink 1-25-2021, 8:38:15 AM
blindgamers14(roflgamer) used a health_drink 1-25-2021, 8:38:17 AM
blindgamers14(roflgamer) used a health_drink 1-25-2021, 8:38:18 AM
blindgamers14(roflgamer) used a health_drink 1-25-2021, 8:38:19 AM
blindgamers14(roflgamer) used a health_drink 1-25-2021, 8:38:19 AM
blindgamers14(roflgamer) used a aircraft 1-25-2021, 8:39:13 AM
blindgamers14(roflgamer) used a wood_pack 1-25-2021, 8:39:52 AM
blindgamers14(roflgamer) used a wood_pack 1-25-2021, 8:39:52 AM
blindgamers14(roflgamer) used a wood_pack 1-25-2021, 8:39:53 AM
blindgamers14(roflgamer) used a wood_pack 1-25-2021, 8:39:53 AM
blindgamers14(roflgamer) used a wood_pack 1-25-2021, 8:39:53 AM
blindgamers14(roflgamer) used a wood_pack 1-25-2021, 8:39:53 AM
blindgamers14(roflgamer) used a wood_pack 1-25-2021, 8:39:53 AM
blindgamers14(roflgamer) used a wood_pack 1-25-2021, 8:39:53 AM
blindgamers14(roflgamer) used a wood_pack 1-25-2021, 8:39:53 AM
blindgamers14(roflgamer) used a wood_pack 1-25-2021, 8:39:54 AM
blindgamers14(roflgamer) used a wood_pack 1-25-2021, 8:39:54 AM
blindgamers14(roflgamer) used a wood_pack 1-25-2021, 8:39:54 AM
blindgamers14(roflgamer) used a wood_pack 1-25-2021, 8:39:54 AM
blindgamers14(roflgamer) used a wood_pack 1-25-2021, 8:39:54 AM
blindgamers14(roflgamer) used a wood_pack 1-25-2021, 8:39:54 AM
blindgamers14(roflgamer) used a wood_pack 1-25-2021, 8:39:55 AM
blindgamers14(roflgamer) used a wood_pack 1-25-2021, 8:39:55 AM
blindgamers14(roflgamer) used a wood_pack 1-25-2021, 8:39:55 AM
blindgamers14(roflgamer) used a wood_pack 1-25-2021, 8:39:55 AM
blindgamers14(roflgamer) used a wood_pack 1-25-2021, 8:39:55 AM
blindgamers14(roflgamer) used a wood_pack 1-25-2021, 8:39:55 AM
blindgamers14(roflgamer) used a wood_pack 1-25-2021, 8:39:55 AM
blindgamers14(roflgamer) used a wood_pack 1-25-2021, 8:39:56 AM
blindgamers14(roflgamer) used a wood_pack 1-25-2021, 8:39:56 AM
blindgamers14(roflgamer) used a wood_pack 1-25-2021, 8:39:56 AM
blindgamers14(roflgamer) used a wood_pack 1-25-2021, 8:39:56 AM
blindgamers14(roflgamer) used a wood_pack 1-25-2021, 8:39:56 AM
blindgamers14(roflgamer) used a wood_pack 1-25-2021, 8:39:56 AM
blindgamers14(roflgamer) used a wood_pack 1-25-2021, 8:39:57 AM
blindgamers14(roflgamer) used a wood_pack 1-25-2021, 8:39:57 AM
blindgamers14(roflgamer) used a wood_pack 1-25-2021, 8:39:57 AM
blindgamers14(roflgamer) used a wood_pack 1-25-2021, 8:39:57 AM
blindgamers14(roflgamer) used a wood_pack 1-25-2021, 8:39:57 AM
blindgamers14(roflgamer) used a wood_pack 1-25-2021, 8:39:57 AM
blindgamers14(roflgamer) used a wood_pack 1-25-2021, 8:39:58 AM
blindgamers14(roflgamer) used a wood_pack 1-25-2021, 8:39:58 AM
blindgamers14(roflgamer) used a wood_pack 1-25-2021, 8:39:58 AM
blindgamers14(roflgamer) used a wood_pack 1-25-2021, 8:39:58 AM
blindgamers14(roflgamer) used a wood_pack 1-25-2021, 8:39:58 AM
blindgamers14(roflgamer) used a wood_pack 1-25-2021, 8:39:58 AM
blindgamers14(roflgamer) used a wood_pack 1-25-2021, 8:39:59 AM
blindgamers14(roflgamer) used a wood_pack 1-25-2021, 8:39:59 AM
blindgamers14(roflgamer) used a wood_pack 1-25-2021, 8:39:59 AM
blindgamers14(roflgamer) used a wood_pack 1-25-2021, 8:39:59 AM
blindgamers14(roflgamer) used a wood_pack 1-25-2021, 8:39:59 AM
blindgamers14(roflgamer) used a wood_pack 1-25-2021, 8:39:59 AM
blindgamers14(roflgamer) used a wood_pack 1-25-2021, 8:40:00 AM
blindgamers14(roflgamer) used a wood_pack 1-25-2021, 8:40:00 AM
blindgamers14(roflgamer) used a wood_pack 1-25-2021, 8:40:00 AM
blindgamers14(roflgamer) used a wood_pack 1-25-2021, 8:40:00 AM
blindgamers14(roflgamer) used a wood_pack 1-25-2021, 8:40:00 AM
blindgamers14(roflgamer) used a wood_pack 1-25-2021, 8:40:00 AM
blindgamers14(roflgamer) used a wood_pack 1-25-2021, 8:40:01 AM
blindgamers14(roflgamer) used a wood_pack 1-25-2021, 8:40:01 AM
blindgamers14(roflgamer) used a wood_pack 1-25-2021, 8:40:01 AM
blindgamers14(roflgamer) used a wood_pack 1-25-2021, 8:40:01 AM
blindgamers14(roflgamer) used a wood_pack 1-25-2021, 8:40:01 AM
blindgamers14(roflgamer) used a wood_pack 1-25-2021, 8:40:01 AM
blindgamers14(roflgamer) used a wood_pack 1-25-2021, 8:40:02 AM
blindgamers14(roflgamer) used a wood_pack 1-25-2021, 8:40:02 AM
blindgamers14(roflgamer) used a wood_pack 1-25-2021, 8:40:02 AM
blindgamers14(roflgamer) used a wood_pack 1-25-2021, 8:40:02 AM
blindgamers14(roflgamer) used a wood_pack 1-25-2021, 8:40:02 AM
blindgamers14(roflgamer) used a wood_pack 1-25-2021, 8:40:02 AM
blindgamers14(roflgamer) used a wood_pack 1-25-2021, 8:40:03 AM
blindgamers14(roflgamer) used a wood_pack 1-25-2021, 8:40:03 AM
blindgamers14(roflgamer) used a wood_pack 1-25-2021, 8:40:03 AM
blindgamers14(roflgamer) used a wood_pack 1-25-2021, 8:40:03 AM
blindgamers14(roflgamer) used a wood_pack 1-25-2021, 8:40:03 AM
blindgamers14(roflgamer) used a wood_pack 1-25-2021, 8:40:03 AM
blindgamers14(roflgamer) used a wood_pack 1-25-2021, 8:40:04 AM
blindgamers14(roflgamer) used a wood_pack 1-25-2021, 8:40:04 AM
blindgamers14(roflgamer) used a wood_pack 1-25-2021, 8:40:04 AM
blindgamers14(roflgamer) used a wood_pack 1-25-2021, 8:40:04 AM
blindgamers14(roflgamer) used a wood_pack 1-25-2021, 8:40:04 AM
blindgamers14(roflgamer) used a wood_pack 1-25-2021, 8:40:05 AM
blindgamers14(roflgamer) used a wood_pack 1-25-2021, 8:40:05 AM
blindgamers14(roflgamer) used a wood_pack 1-25-2021, 8:40:05 AM
blindgamers14(roflgamer) used a wood_pack 1-25-2021, 8:40:05 AM
blindgamers14(roflgamer) used a wood_pack 1-25-2021, 8:40:05 AM
blindgamers14(roflgamer) used a wood_pack 1-25-2021, 8:40:05 AM
blindgamers14(roflgamer) used a wood_pack 1-25-2021, 8:40:06 AM
blindgamers14(roflgamer) used a wood_pack 1-25-2021, 8:40:06 AM
blindgamers14(roflgamer) used a wood_pack 1-25-2021, 8:40:06 AM
blindgamers14(roflgamer) used a wood_pack 1-25-2021, 8:40:06 AM
blindgamers14(roflgamer) used a wood_pack 1-25-2021, 8:40:06 AM
blindgamers14(roflgamer) used a wood_pack 1-25-2021, 8:40:06 AM
blindgamers14(roflgamer) used a wood_pack 1-25-2021, 8:40:07 AM
blindgamers14(roflgamer) used a wood_pack 1-25-2021, 8:40:07 AM
blindgamers14(roflgamer) used a wood_pack 1-25-2021, 8:40:07 AM
blindgamers14(roflgamer) used a wood_pack 1-25-2021, 8:40:07 AM
blindgamers14(roflgamer) used a wood_pack 1-25-2021, 8:40:07 AM
blindgamers14(roflgamer) used a wood_pack 1-25-2021, 8:40:08 AM
blindgamers14(roflgamer) used a wood_pack 1-25-2021, 8:40:08 AM
blindgamers14(roflgamer) used a wood_pack 1-25-2021, 8:40:08 AM
blindgamers14(roflgamer) used a wood_pack 1-25-2021, 8:40:08 AM
blindgamers14(roflgamer) used a wood_pack 1-25-2021, 8:40:08 AM
blindgamers14(roflgamer) used a wood_pack 1-25-2021, 8:40:08 AM
blindgamers14(roflgamer) used a wood_pack 1-25-2021, 8:40:09 AM
blindgamers14(roflgamer) used a wood_pack 1-25-2021, 8:40:09 AM
blindgamers14(roflgamer) used a wood_pack 1-25-2021, 8:40:09 AM
blindgamers14(roflgamer) used a wood_pack 1-25-2021, 8:40:09 AM
blindgamers14(roflgamer) used a wood_pack 1-25-2021, 8:40:09 AM
blindgamers14(roflgamer) used a wood_pack 1-25-2021, 8:40:09 AM
blindgamers14(roflgamer) used a wood_pack 1-25-2021, 8:40:09 AM
blindgamers14(roflgamer) used a wood_pack 1-25-2021, 8:40:10 AM
blindgamers14(roflgamer) used a wood_pack 1-25-2021, 8:40:10 AM
blindgamers14(roflgamer) used a wood_pack 1-25-2021, 8:40:10 AM
blindgamers14(roflgamer) used a wood_pack 1-25-2021, 8:40:10 AM
blindgamers14(roflgamer) used a wood_pack 1-25-2021, 8:40:10 AM
blindgamers14(roflgamer) used a wood_pack 1-25-2021, 8:40:11 AM
blindgamers14(roflgamer) used a wood_pack 1-25-2021, 8:40:11 AM
blindgamers14(roflgamer) used a wood_pack 1-25-2021, 8:40:11 AM
blindgamers14(roflgamer) used a wood_pack 1-25-2021, 8:40:11 AM
blindgamers14(roflgamer) used a wood_pack 1-25-2021, 8:40:11 AM
blindgamers14(roflgamer) used a wood_pack 1-25-2021, 8:40:11 AM
blindgamers14(roflgamer) used a wood_pack 1-25-2021, 8:40:12 AM
blindgamers14(roflgamer) used a wood_pack 1-25-2021, 8:40:12 AM
blindgamers14(roflgamer) used a wood_pack 1-25-2021, 8:40:12 AM
blindgamers14(roflgamer) used a wood_pack 1-25-2021, 8:40:12 AM
blindgamers14(roflgamer) used a wood_pack 1-25-2021, 8:40:12 AM
blindgamers14(roflgamer) used a wood_pack 1-25-2021, 8:40:12 AM
blindgamers14(roflgamer) used a wood_pack 1-25-2021, 8:40:13 AM
blindgamers14(roflgamer) used a wood_pack 1-25-2021, 8:40:13 AM
blindgamers14(roflgamer) used a wood_pack 1-25-2021, 8:40:13 AM
blindgamers14(roflgamer) used a wood_pack 1-25-2021, 8:40:13 AM
blindgamers14(roflgamer) used a wood_pack 1-25-2021, 8:40:13 AM
blindgamers14(roflgamer) used a wood_pack 1-25-2021, 8:40:14 AM
blindgamers14(roflgamer) used a wood_pack 1-25-2021, 8:40:14 AM
blindgamers14(roflgamer) used a wood_pack 1-25-2021, 8:40:14 AM
blindgamers14(roflgamer) used a wood_pack 1-25-2021, 8:40:14 AM
blindgamers14(roflgamer) used a wood_pack 1-25-2021, 8:40:14 AM
blindgamers14(roflgamer) used a wood_pack 1-25-2021, 8:40:14 AM
blindgamers14(roflgamer) used a wood_pack 1-25-2021, 8:40:15 AM
blindgamers14(roflgamer) used a wood_pack 1-25-2021, 8:40:15 AM
blindgamers14(roflgamer) used a wood_pack 1-25-2021, 8:40:15 AM
blindgamers14(roflgamer) used a wood_pack 1-25-2021, 8:40:15 AM
blindgamers14(roflgamer) used a wood_pack 1-25-2021, 8:40:15 AM
blindgamers14(roflgamer) used a wood_pack 1-25-2021, 8:40:15 AM
blindgamers14(roflgamer) used a wood_pack 1-25-2021, 8:40:16 AM
blindgamers14(roflgamer) used a wood_pack 1-25-2021, 8:40:16 AM
blindgamers14(roflgamer) used a wood_pack 1-25-2021, 8:40:16 AM
blindgamers14(roflgamer) used a wood_pack 1-25-2021, 8:40:16 AM
blindgamers14(roflgamer) used a wood_pack 1-25-2021, 8:40:16 AM
blindgamers14(roflgamer) used a wood_pack 1-25-2021, 8:40:16 AM
blindgamers14(roflgamer) used a wood_pack 1-25-2021, 8:40:16 AM
blindgamers14(roflgamer) used a wood_pack 1-25-2021, 8:40:16 AM
blindgamers14(roflgamer) used a wood_pack 1-25-2021, 8:40:17 AM
blindgamers14(roflgamer) used a wood_pack 1-25-2021, 8:40:17 AM
blindgamers14(roflgamer) used a wood_pack 1-25-2021, 8:40:17 AM
blindgamers14(roflgamer) used a wood_pack 1-25-2021, 8:40:17 AM
blindgamers14(roflgamer) used a wood_pack 1-25-2021, 8:40:17 AM
blindgamers14(roflgamer) used a wood_pack 1-25-2021, 8:40:17 AM
blindgamers14(roflgamer) used a wood_pack 1-25-2021, 8:40:17 AM
blindgamers14(roflgamer) used a wood_pack 1-25-2021, 8:40:18 AM
blindgamers14(roflgamer) used a wood_pack 1-25-2021, 8:40:18 AM
blindgamers14(roflgamer) used a wood_pack 1-25-2021, 8:40:18 AM
blindgamers14(roflgamer) used a wood_pack 1-25-2021, 8:40:18 AM
blindgamers14(roflgamer) used a wood_pack 1-25-2021, 8:40:18 AM
blindgamers14(roflgamer) used a wood_pack 1-25-2021, 8:40:18 AM
blindgamers14(roflgamer) used a wood_pack 1-25-2021, 8:40:19 AM
blindgamers14(roflgamer) used a wood_pack 1-25-2021, 8:40:19 AM
blindgamers14(roflgamer) used a wood_pack 1-25-2021, 8:40:19 AM
blindgamers14(roflgamer) used a wood_pack 1-25-2021, 8:40:19 AM
blindgamers14(roflgamer) used a wood_pack 1-25-2021, 8:40:19 AM
blindgamers14(roflgamer) used a wood_pack 1-25-2021, 8:40:19 AM
blindgamers14(roflgamer) used a wood_pack 1-25-2021, 8:40:19 AM
blindgamers14(roflgamer) used a wood_pack 1-25-2021, 8:40:20 AM
blindgamers14(roflgamer) used a wood_pack 1-25-2021, 8:40:20 AM
blindgamers14(roflgamer) used a wood_pack 1-25-2021, 8:40:20 AM
blindgamers14(roflgamer) used a wood_pack 1-25-2021, 8:40:20 AM
blindgamers14(roflgamer) used a wood_pack 1-25-2021, 8:40:20 AM
blindgamers14(roflgamer) used a wood_pack 1-25-2021, 8:40:21 AM
blindgamers14(roflgamer) used a wood_pack 1-25-2021, 8:40:21 AM
blindgamers14(roflgamer) used a wood_pack 1-25-2021, 8:40:21 AM
blindgamers14(roflgamer) used a wood_pack 1-25-2021, 8:40:21 AM
blindgamers14(roflgamer) used a wood_pack 1-25-2021, 8:40:21 AM
blindgamers14(roflgamer) used a wood_pack 1-25-2021, 8:40:21 AM
blindgamers14(roflgamer) used a wood_pack 1-25-2021, 8:40:22 AM
blindgamers14(roflgamer) used a wood_pack 1-25-2021, 8:40:22 AM
blindgamers14(roflgamer) used a wood_pack 1-25-2021, 8:40:22 AM
blindgamers14(roflgamer) used a wood_pack 1-25-2021, 8:40:22 AM
blindgamers14(roflgamer) used a wood_pack 1-25-2021, 8:40:22 AM
blindgamers14(roflgamer) used a wood_pack 1-25-2021, 8:40:22 AM
blindgamers14(roflgamer) used a wood_pack 1-25-2021, 8:40:22 AM
blindgamers14(roflgamer) used a wood_pack 1-25-2021, 8:40:23 AM
blindgamers14(roflgamer) used a wood_pack 1-25-2021, 8:40:23 AM
blindgamers14(roflgamer) used a wood_pack 1-25-2021, 8:40:23 AM
blindgamers14(roflgamer) used a wood_pack 1-25-2021, 8:40:23 AM
blindgamers14(roflgamer) used a wood_pack 1-25-2021, 8:40:24 AM
blindgamers14(roflgamer) used a wood_pack 1-25-2021, 8:40:24 AM
blindgamers14(roflgamer) used a wood_pack 1-25-2021, 8:40:24 AM
blindgamers14(roflgamer) used a wood_pack 1-25-2021, 8:40:24 AM
blindgamers14(roflgamer) used a wood_pack 1-25-2021, 8:40:24 AM
blindgamers14(roflgamer) used a wood_pack 1-25-2021, 8:40:24 AM
blindgamers14(roflgamer) used a wood_pack 1-25-2021, 8:40:24 AM
blindgamers14(roflgamer) used a wood_pack 1-25-2021, 8:40:24 AM
blindgamers14(roflgamer) used a wood_pack 1-25-2021, 8:40:25 AM
blindgamers14(roflgamer) used a wood_pack 1-25-2021, 8:40:25 AM
blindgamers14(roflgamer) used a wood_pack 1-25-2021, 8:40:25 AM
blindgamers14(roflgamer) used a wood_pack 1-25-2021, 8:40:25 AM
blindgamers14(roflgamer) used a wood_pack 1-25-2021, 8:40:25 AM
blindgamers14(roflgamer) used a wood_pack 1-25-2021, 8:40:25 AM
blindgamers14(roflgamer) used a wood_pack 1-25-2021, 8:40:26 AM
blindgamers14(roflgamer) used a wood_pack 1-25-2021, 8:40:26 AM
blindgamers14(roflgamer) used a wood_pack 1-25-2021, 8:40:26 AM
blindgamers14(roflgamer) used a wood_pack 1-25-2021, 8:40:26 AM
blindgamers14(roflgamer) used a wood_pack 1-25-2021, 8:40:26 AM
blindgamers14(roflgamer) used a wood_pack 1-25-2021, 8:40:26 AM
blindgamers14(roflgamer) used a wood_pack 1-25-2021, 8:40:26 AM
blindgamers14(roflgamer) used a wood_pack 1-25-2021, 8:40:27 AM
blindgamers14(roflgamer) used a wood_pack 1-25-2021, 8:40:27 AM
blindgamers14(roflgamer) used a wood_pack 1-25-2021, 8:40:27 AM
blindgamers14(roflgamer) used a wood_pack 1-25-2021, 8:40:27 AM
blindgamers14(roflgamer) used a wood_pack 1-25-2021, 8:40:27 AM
blindgamers14(roflgamer) used a wood_pack 1-25-2021, 8:40:27 AM
blindgamers14(roflgamer) used a wood_pack 1-25-2021, 8:40:27 AM
blindgamers14(roflgamer) used a wood_pack 1-25-2021, 8:40:28 AM
blindgamers14(roflgamer) used a wood_pack 1-25-2021, 8:40:28 AM
blindgamers14(roflgamer) used a wood_pack 1-25-2021, 8:40:28 AM
blindgamers14(roflgamer) used a wood_pack 1-25-2021, 8:40:28 AM
blindgamers14(roflgamer) used a wood_pack 1-25-2021, 8:40:28 AM
blindgamers14(roflgamer) used a wood_pack 1-25-2021, 8:40:28 AM
blindgamers14(roflgamer) used a wood_pack 1-25-2021, 8:40:28 AM
blindgamers14(roflgamer) used a wood_pack 1-25-2021, 8:40:28 AM
blindgamers14(roflgamer) used a wood_pack 1-25-2021, 8:40:29 AM
blindgamers14(roflgamer) used a wood_pack 1-25-2021, 8:40:29 AM
blindgamers14(roflgamer) used a wood_pack 1-25-2021, 8:40:29 AM
blindgamers14(roflgamer) used a wood_pack 1-25-2021, 8:40:29 AM
blindgamers14(roflgamer) used a wood_pack 1-25-2021, 8:40:29 AM
blindgamers14(roflgamer) used a wood_pack 1-25-2021, 8:40:29 AM
blindgamers14(roflgamer) used a wood_pack 1-25-2021, 8:40:29 AM
blindgamers14(roflgamer) used a wood_pack 1-25-2021, 8:40:29 AM
blindgamers14(roflgamer) used a wood_pack 1-25-2021, 8:40:30 AM
blindgamers14(roflgamer) used a wood_pack 1-25-2021, 8:40:30 AM
blindgamers14(roflgamer) used a wood_pack 1-25-2021, 8:40:30 AM
blindgamers14(roflgamer) used a wood_pack 1-25-2021, 8:40:30 AM
blindgamers14(roflgamer) used a wood_pack 1-25-2021, 8:40:30 AM
blindgamers14(roflgamer) used a wood_pack 1-25-2021, 8:40:30 AM
blindgamers14(roflgamer) used a wood_pack 1-25-2021, 8:40:30 AM
blindgamers14(roflgamer) used a wood_pack 1-25-2021, 8:40:30 AM
blindgamers14(roflgamer) used a wood_pack 1-25-2021, 8:40:30 AM
blindgamers14(roflgamer) used a wood_pack 1-25-2021, 8:40:31 AM
blindgamers14(roflgamer) used a wood_pack 1-25-2021, 8:40:31 AM
blindgamers14(roflgamer) used a wood_pack 1-25-2021, 8:40:31 AM
blindgamers14(roflgamer) used a wood_pack 1-25-2021, 8:40:31 AM
blindgamers14(roflgamer) used a wood_pack 1-25-2021, 8:40:31 AM
blindgamers14(roflgamer) used a wood_pack 1-25-2021, 8:40:31 AM
blindgamers14(roflgamer) used a wood_pack 1-25-2021, 8:40:31 AM
blindgamers14(roflgamer) used a wood_pack 1-25-2021, 8:40:31 AM
blindgamers14(roflgamer) used a wood_pack 1-25-2021, 8:40:32 AM
blindgamers14(roflgamer) used a wood_pack 1-25-2021, 8:40:32 AM
blindgamers14(roflgamer) used a wood_pack 1-25-2021, 8:40:32 AM
blindgamers14(roflgamer) used a wood_pack 1-25-2021, 8:40:32 AM
blindgamers14(roflgamer) used a wood_pack 1-25-2021, 8:40:32 AM
blindgamers14(roflgamer) used a wood_pack 1-25-2021, 8:40:32 AM
blindgamers14(roflgamer) used a wood_pack 1-25-2021, 8:40:32 AM
blindgamers14(roflgamer) used a wood_pack 1-25-2021, 8:40:32 AM
blindgamers14(roflgamer) used a wood_pack 1-25-2021, 8:40:32 AM
blindgamers14(roflgamer) used a wood_pack 1-25-2021, 8:40:33 AM
blindgamers14(roflgamer) used a wood_pack 1-25-2021, 8:40:33 AM
blindgamers14(roflgamer) used a wood_pack 1-25-2021, 8:40:33 AM
blindgamers14(roflgamer) used a wood_pack 1-25-2021, 8:40:33 AM
blindgamers14(roflgamer) used a wood_pack 1-25-2021, 8:40:33 AM
blindgamers14(roflgamer) used a wood_pack 1-25-2021, 8:40:33 AM
blindgamers14(roflgamer) used a wood_pack 1-25-2021, 8:40:33 AM
blindgamers14(roflgamer) used a wood_pack 1-25-2021, 8:40:33 AM
blindgamers14(roflgamer) used a wood_pack 1-25-2021, 8:40:33 AM
blindgamers14(roflgamer) used a wood_pack 1-25-2021, 8:40:34 AM
blindgamers14(roflgamer) used a wood_pack 1-25-2021, 8:40:34 AM
blindgamers14(roflgamer) used a wood_pack 1-25-2021, 8:40:34 AM
blindgamers14(roflgamer) used a wood_pack 1-25-2021, 8:40:34 AM
blindgamers14(roflgamer) used a wood_pack 1-25-2021, 8:40:34 AM
blindgamers14(roflgamer) used a wood_pack 1-25-2021, 8:40:35 AM
blindgamers14(roflgamer) used a wood_pack 1-25-2021, 8:40:35 AM
blindgamers14(roflgamer) used a wood_pack 1-25-2021, 8:40:35 AM
blindgamers14(roflgamer) used a wood_pack 1-25-2021, 8:40:35 AM
blindgamers14(roflgamer) used a wood_pack 1-25-2021, 8:40:36 AM
blindgamers14(roflgamer) used a wood_pack 1-25-2021, 8:40:36 AM
blindgamers14(roflgamer) used a wood_pack 1-25-2021, 8:40:36 AM
blindgamers14(roflgamer) used a wood_pack 1-25-2021, 8:40:36 AM
blindgamers14(roflgamer) used a wood_pack 1-25-2021, 8:40:36 AM
blindgamers14(roflgamer) used a wood_pack 1-25-2021, 8:40:36 AM
blindgamers14(roflgamer) used a wood_pack 1-25-2021, 8:40:36 AM
blindgamers14(roflgamer) used a wood_pack 1-25-2021, 8:40:37 AM
blindgamers14(roflgamer) used a wood_pack 1-25-2021, 8:40:37 AM
blindgamers14(roflgamer) used a wood_pack 1-25-2021, 8:40:37 AM
blindgamers14(roflgamer) used a wood_pack 1-25-2021, 8:40:37 AM
blindgamers14(roflgamer) used a wood_pack 1-25-2021, 8:40:37 AM
blindgamers14(roflgamer) used a wood_pack 1-25-2021, 8:40:37 AM
blindgamers14(roflgamer) used a wood_pack 1-25-2021, 8:40:37 AM
blindgamers14(roflgamer) used a wood_pack 1-25-2021, 8:40:37 AM
blindgamers14(roflgamer) used a wood_pack 1-25-2021, 8:40:37 AM
blindgamers14(roflgamer) used a wood_pack 1-25-2021, 8:40:38 AM
blindgamers14(roflgamer) used a wood_pack 1-25-2021, 8:40:39 AM
blindgamers14(roflgamer) used a wood_pack 1-25-2021, 8:40:39 AM
blindgamers14(roflgamer) used a wood_pack 1-25-2021, 8:40:39 AM
blindgamers14(roflgamer) used a wood_pack 1-25-2021, 8:40:39 AM
blindgamers14(roflgamer) used a wood_pack 1-25-2021, 8:40:39 AM
blindgamers14(roflgamer) used a wood_pack 1-25-2021, 8:40:39 AM
blindgamers14(roflgamer) used a wood_pack 1-25-2021, 8:40:39 AM
blindgamers14(roflgamer) used a wood_pack 1-25-2021, 8:40:40 AM
blindgamers14(roflgamer) used a wood_pack 1-25-2021, 8:40:40 AM
blindgamers14(roflgamer) used a wood_pack 1-25-2021, 8:40:40 AM
blindgamers14(roflgamer) used a wood_pack 1-25-2021, 8:40:40 AM
blindgamers14(roflgamer) used a wood_pack 1-25-2021, 8:40:40 AM
blindgamers14(roflgamer) used a wood_pack 1-25-2021, 8:40:40 AM
blindgamers14(roflgamer) used a wood_pack 1-25-2021, 8:40:40 AM
blindgamers14(roflgamer) used a wood_pack 1-25-2021, 8:40:40 AM
blindgamers14(roflgamer) used a wood_pack 1-25-2021, 8:40:41 AM
blindgamers14(roflgamer) used a wood_pack 1-25-2021, 8:40:41 AM
blindgamers14(roflgamer) used a wood_pack 1-25-2021, 8:40:41 AM
blindgamers14(roflgamer) used a wood_pack 1-25-2021, 8:40:41 AM
blindgamers14(roflgamer) used a wood_pack 1-25-2021, 8:40:41 AM
blindgamers14(roflgamer) used a wood_pack 1-25-2021, 8:40:42 AM
blindgamers14(roflgamer) used a wood_pack 1-25-2021, 8:40:42 AM
blindgamers14(roflgamer) used a wood_pack 1-25-2021, 8:40:42 AM
blindgamers14(roflgamer) used a wood_pack 1-25-2021, 8:40:42 AM
blindgamers14(roflgamer) used a wood_pack 1-25-2021, 8:40:42 AM
blindgamers14(roflgamer) used a wood_pack 1-25-2021, 8:40:42 AM
blindgamers14(roflgamer) used a wood_pack 1-25-2021, 8:40:42 AM
blindgamers14(roflgamer) used a wood_pack 1-25-2021, 8:40:43 AM
blindgamers14(roflgamer) used a wood_pack 1-25-2021, 8:40:43 AM
blindgamers14(roflgamer) used a wood_pack 1-25-2021, 8:40:43 AM
blindgamers14(roflgamer) used a wood_pack 1-25-2021, 8:40:43 AM
blindgamers14(roflgamer) used a wood_pack 1-25-2021, 8:40:43 AM
blindgamers14(roflgamer) used a wood_pack 1-25-2021, 8:40:43 AM
blindgamers14(roflgamer) used a wood_pack 1-25-2021, 8:40:43 AM
blindgamers14(roflgamer) used a wood_pack 1-25-2021, 8:40:44 AM
blindgamers14(roflgamer) used a wood_pack 1-25-2021, 8:40:44 AM
blindgamers14(roflgamer) used a wood_pack 1-25-2021, 8:40:44 AM
blindgamers14(roflgamer) used a wood_pack 1-25-2021, 8:40:44 AM
blindgamers14(roflgamer) used a wood_pack 1-25-2021, 8:40:44 AM
blindgamers14(roflgamer) used a wood_pack 1-25-2021, 8:40:45 AM
blindgamers14(roflgamer) used a wood_pack 1-25-2021, 8:40:45 AM
blindgamers14(roflgamer) used a wood_pack 1-25-2021, 8:40:45 AM
blindgamers14(roflgamer) used a wood_pack 1-25-2021, 8:40:45 AM
blindgamers14(roflgamer) used a wood_pack 1-25-2021, 8:40:45 AM
blindgamers14(roflgamer) used a wood_pack 1-25-2021, 8:40:46 AM
blindgamers14(roflgamer) used a wood_pack 1-25-2021, 8:40:46 AM
blindgamers14(roflgamer) used a wood_pack 1-25-2021, 8:40:46 AM
blindgamers14(roflgamer) used a wood_pack 1-25-2021, 8:40:46 AM
blindgamers14(roflgamer) used a wood_pack 1-25-2021, 8:40:46 AM
blindgamers14(roflgamer) used a wood_pack 1-25-2021, 8:40:46 AM
blindgamers14(roflgamer) used a wood_pack 1-25-2021, 8:40:46 AM
blindgamers14(roflgamer) used a wood_pack 1-25-2021, 8:40:46 AM
blindgamers14(roflgamer) used a wood_pack 1-25-2021, 8:40:47 AM
blindgamers14(roflgamer) used a wood_pack 1-25-2021, 8:40:47 AM
blindgamers14(roflgamer) used a wood_pack 1-25-2021, 8:40:47 AM
blindgamers14(roflgamer) used a wood_pack 1-25-2021, 8:40:47 AM
blindgamers14(roflgamer) used a wood_pack 1-25-2021, 8:40:47 AM
blindgamers14(roflgamer) used a wood_pack 1-25-2021, 8:40:47 AM
blindgamers14(roflgamer) used a wood_pack 1-25-2021, 8:40:47 AM
blindgamers14(roflgamer) used a wood_pack 1-25-2021, 8:40:47 AM
blindgamers14(roflgamer) used a wood_pack 1-25-2021, 8:40:47 AM
blindgamers14(roflgamer) used a wood_pack 1-25-2021, 8:40:48 AM
blindgamers14(roflgamer) used a wood_pack 1-25-2021, 8:40:48 AM
blindgamers14(roflgamer) used a wood_pack 1-25-2021, 8:40:48 AM
blindgamers14(roflgamer) used a wood_pack 1-25-2021, 8:40:48 AM
blindgamers14(roflgamer) used a wood_pack 1-25-2021, 8:40:48 AM
blindgamers14(roflgamer) used a wood_pack 1-25-2021, 8:40:48 AM
blindgamers14(roflgamer) used a wood_pack 1-25-2021, 8:40:48 AM
blindgamers14(roflgamer) used a wood_pack 1-25-2021, 8:40:48 AM
blindgamers14(roflgamer) used a wood_pack 1-25-2021, 8:40:48 AM
blindgamers14(roflgamer) used a wood_pack 1-25-2021, 8:40:48 AM
blindgamers14(roflgamer) used a wood_pack 1-25-2021, 8:40:48 AM
blindgamers14(roflgamer) used a wood_pack 1-25-2021, 8:40:49 AM
blindgamers14(roflgamer) used a wood_pack 1-25-2021, 8:40:49 AM
blindgamers14(roflgamer) used a wood_pack 1-25-2021, 8:40:49 AM
blindgamers14(roflgamer) used a wood_pack 1-25-2021, 8:40:49 AM
blindgamers14(roflgamer) used a wood_pack 1-25-2021, 8:40:49 AM
blindgamers14(roflgamer) used a wood_pack 1-25-2021, 8:40:49 AM
blindgamers14(roflgamer) used a wood_pack 1-25-2021, 8:40:49 AM
blindgamers14(roflgamer) used a wood_pack 1-25-2021, 8:40:54 AM
blindgamers14(roflgamer) used a wood_pack 1-25-2021, 8:40:54 AM
blindgamers14(roflgamer) used a wood_pack 1-25-2021, 8:40:54 AM
blindgamers14(roflgamer) used a wood_pack 1-25-2021, 8:40:54 AM
blindgamers14(roflgamer) used a wood_pack 1-25-2021, 8:40:54 AM
blindgamers14(roflgamer) used a wood_pack 1-25-2021, 8:40:54 AM
blindgamers14(roflgamer) used a wood_pack 1-25-2021, 8:40:55 AM
blindgamers14(roflgamer) used a wood_pack 1-25-2021, 8:40:55 AM
blindgamers14(roflgamer) used a wood_pack 1-25-2021, 8:40:55 AM
blindgamers14(roflgamer) used a wood_pack 1-25-2021, 8:40:55 AM
blindgamers14(roflgamer) used a wood_pack 1-25-2021, 8:40:55 AM
blindgamers14(roflgamer) used a wood_pack 1-25-2021, 8:40:55 AM
blindgamers14(roflgamer) used a wood_pack 1-25-2021, 8:40:55 AM
blindgamers14(roflgamer) used a wood_pack 1-25-2021, 8:40:55 AM
blindgamers14(roflgamer) used a wood_pack 1-25-2021, 8:40:56 AM
blindgamers14(roflgamer) used a wood_pack 1-25-2021, 8:40:56 AM
blindgamers14(roflgamer) used a wood_pack 1-25-2021, 8:40:56 AM
blindgamers14(roflgamer) used a wood_pack 1-25-2021, 8:40:56 AM
blindgamers14(roflgamer) used a wood_pack 1-25-2021, 8:40:56 AM
blindgamers14(roflgamer) used a wood_pack 1-25-2021, 8:40:56 AM
blindgamers14(roflgamer) used a wood_pack 1-25-2021, 8:40:57 AM
blindgamers14(roflgamer) used a wood_pack 1-25-2021, 8:41:02 AM
blindgamers14(roflgamer) used a wood_pack 1-25-2021, 8:41:02 AM
blindgamers14(roflgamer) used a wood_pack 1-25-2021, 8:41:02 AM
blindgamers14(roflgamer) used a wood_pack 1-25-2021, 8:41:03 AM
blindgamers14(roflgamer) used a wood_pack 1-25-2021, 8:41:03 AM
blindgamers14(roflgamer) used a wood_pack 1-25-2021, 8:41:03 AM
blindgamers14(roflgamer) used a wood_pack 1-25-2021, 8:41:03 AM
blindgamers14(roflgamer) used a wood_pack 1-25-2021, 8:41:03 AM
blindgamers14(roflgamer) used a wood_pack 1-25-2021, 8:41:03 AM
blindgamers14(roflgamer) used a wood_pack 1-25-2021, 8:41:03 AM
blindgamers14(roflgamer) used a wood_pack 1-25-2021, 8:41:03 AM
blindgamers14(roflgamer) used a wood_pack 1-25-2021, 8:41:04 AM
blindgamers14(roflgamer) used a wood_pack 1-25-2021, 8:41:04 AM
blindgamers14(roflgamer) used a wood_pack 1-25-2021, 8:41:04 AM
blindgamers14(roflgamer) used a wood_pack 1-25-2021, 8:41:04 AM
blindgamers14(roflgamer) used a wood_pack 1-25-2021, 8:41:04 AM
blindgamers14(roflgamer) used a wood_pack 1-25-2021, 8:41:04 AM
blindgamers14(roflgamer) used a wood_pack 1-25-2021, 8:41:04 AM
blindgamers14(roflgamer) used a wood_pack 1-25-2021, 8:41:04 AM
blindgamers14(roflgamer) used a wood_pack 1-25-2021, 8:41:05 AM
blindgamers14(roflgamer) used a wood_pack 1-25-2021, 8:41:05 AM
blindgamers14(roflgamer) used a wood_pack 1-25-2021, 8:41:05 AM
blindgamers14(roflgamer) used a wood_pack 1-25-2021, 8:41:05 AM
blindgamers14(roflgamer) used a wood_pack 1-25-2021, 8:41:05 AM
blindgamers14(roflgamer) used a wood_pack 1-25-2021, 8:41:05 AM
blindgamers14(roflgamer) used a wood_pack 1-25-2021, 8:41:05 AM
blindgamers14(roflgamer) used a wood_pack 1-25-2021, 8:41:05 AM
blindgamers14(roflgamer) used a wood_pack 1-25-2021, 8:41:05 AM
blindgamers14(roflgamer) used a wood_pack 1-25-2021, 8:41:06 AM
blindgamers14(roflgamer) used a wood_pack 1-25-2021, 8:41:06 AM
blindgamers14(roflgamer) used a wood_pack 1-25-2021, 8:41:06 AM
blindgamers14(roflgamer) used a wood_pack 1-25-2021, 8:41:06 AM
blindgamers14(roflgamer) used a wood_pack 1-25-2021, 8:41:06 AM
blindgamers14(roflgamer) used a wood_pack 1-25-2021, 8:41:06 AM
blindgamers14(roflgamer) used a wood_pack 1-25-2021, 8:41:06 AM
blindgamers14(roflgamer) used a wood_pack 1-25-2021, 8:41:06 AM
blindgamers14(roflgamer) used a wood_pack 1-25-2021, 8:41:06 AM
blindgamers14(roflgamer) used a wood_pack 1-25-2021, 8:41:07 AM
blindgamers14(roflgamer) used a wood_pack 1-25-2021, 8:41:07 AM
blindgamers14(roflgamer) used a wood_pack 1-25-2021, 8:41:07 AM
blindgamers14(roflgamer) used a wood_pack 1-25-2021, 8:41:07 AM
blindgamers14(roflgamer) used a wood_pack 1-25-2021, 8:41:08 AM
blindgamers14(roflgamer) used a wood_pack 1-25-2021, 8:41:08 AM
blindgamers14(roflgamer) used a wood_pack 1-25-2021, 8:41:08 AM
blindgamers14(roflgamer) used a wood_pack 1-25-2021, 8:41:08 AM
blindgamers14(roflgamer) used a wood_pack 1-25-2021, 8:41:08 AM
blindgamers14(roflgamer) used a wood_pack 1-25-2021, 8:41:08 AM
blindgamers14(roflgamer) used a wood_pack 1-25-2021, 8:41:09 AM
blindgamers14(roflgamer) used a wood_pack 1-25-2021, 8:41:09 AM
blindgamers14(roflgamer) used a wood_pack 1-25-2021, 8:41:09 AM
blindgamers14(roflgamer) used a wood_pack 1-25-2021, 8:41:09 AM
blindgamers14(roflgamer) used a wood_pack 1-25-2021, 8:41:09 AM
blindgamers14(roflgamer) used a wood_pack 1-25-2021, 8:41:10 AM
blindgamers14(roflgamer) used a wood_pack 1-25-2021, 8:41:10 AM
blindgamers14(roflgamer) used a wood_pack 1-25-2021, 8:41:10 AM
blindgamers14(roflgamer) used a wood_pack 1-25-2021, 8:41:10 AM
blindgamers14(roflgamer) used a wood_pack 1-25-2021, 8:41:10 AM
blindgamers14(roflgamer) used a wood_pack 1-25-2021, 8:41:10 AM
blindgamers14(roflgamer) used a wood_pack 1-25-2021, 8:41:11 AM
blindgamers14(roflgamer) used a wood_pack 1-25-2021, 8:41:11 AM
blindgamers14(roflgamer) used a wood_pack 1-25-2021, 8:41:11 AM
blindgamers14(roflgamer) used a wood_pack 1-25-2021, 8:41:11 AM
blindgamers14(roflgamer) used a wood_pack 1-25-2021, 8:41:11 AM
blindgamers14(roflgamer) used a wood_pack 1-25-2021, 8:41:11 AM
blindgamers14(roflgamer) used a wood_pack 1-25-2021, 8:41:11 AM
blindgamers14(roflgamer) used a wood_pack 1-25-2021, 8:41:12 AM
blindgamers14(roflgamer) used a wood_pack 1-25-2021, 8:41:12 AM
blindgamers14(roflgamer) used a wood_pack 1-25-2021, 8:41:12 AM
blindgamers14(roflgamer) used a wood_pack 1-25-2021, 8:41:12 AM
blindgamers14(roflgamer) used a wood_pack 1-25-2021, 8:41:12 AM
blindgamers14(roflgamer) used a wood_pack 1-25-2021, 8:41:12 AM
blindgamers14(roflgamer) used a wood_pack 1-25-2021, 8:41:12 AM
blindgamers14(roflgamer) used a wood_pack 1-25-2021, 8:41:12 AM
blindgamers14(roflgamer) used a wood_pack 1-25-2021, 8:41:13 AM
blindgamers14(roflgamer) used a wood_pack 1-25-2021, 8:41:13 AM
blindgamers14(roflgamer) used a wood_pack 1-25-2021, 8:41:13 AM
blindgamers14(roflgamer) used a wood_pack 1-25-2021, 8:41:13 AM
blindgamers14(roflgamer) used a wood_pack 1-25-2021, 8:41:13 AM
blindgamers14(roflgamer) used a wood_pack 1-25-2021, 8:41:16 AM
blindgamers14(roflgamer) used a wood_pack 1-25-2021, 8:41:16 AM
blindgamers14(roflgamer) used a wood_pack 1-25-2021, 8:41:16 AM
blindgamers14(roflgamer) used a wood_pack 1-25-2021, 8:41:17 AM
blindgamers14(roflgamer) used a wood_pack 1-25-2021, 8:41:17 AM
blindgamers14(roflgamer) used a wood_pack 1-25-2021, 8:41:17 AM
blindgamers14(roflgamer) used a wood_pack 1-25-2021, 8:41:17 AM
blindgamers14(roflgamer) used a wood_pack 1-25-2021, 8:41:17 AM
blindgamers14(roflgamer) used a wood_pack 1-25-2021, 8:41:18 AM
blindgamers14(roflgamer) used a wood_pack 1-25-2021, 8:41:18 AM
blindgamers14(roflgamer) used a wood_pack 1-25-2021, 8:41:18 AM
blindgamers14(roflgamer) used a wood_pack 1-25-2021, 8:41:18 AM
blindgamers14(roflgamer) used a wood_pack 1-25-2021, 8:41:18 AM
blindgamers14(roflgamer) used a wood_pack 1-25-2021, 8:41:18 AM
blindgamers14(roflgamer) used a wood_pack 1-25-2021, 8:41:18 AM
blindgamers14(roflgamer) used a wood_pack 1-25-2021, 8:41:18 AM
blindgamers14(roflgamer) used a wood_pack 1-25-2021, 8:41:18 AM
blindgamers14(roflgamer) used a wood_pack 1-25-2021, 8:41:18 AM
blindgamers14(roflgamer) used a wood_pack 1-25-2021, 8:41:19 AM
blindgamers14(roflgamer) used a wood_pack 1-25-2021, 8:41:19 AM
blindgamers14(roflgamer) used a wood_pack 1-25-2021, 8:41:19 AM
blindgamers14(roflgamer) used a wood_pack 1-25-2021, 8:41:19 AM
blindgamers14(roflgamer) used a wood_pack 1-25-2021, 8:41:19 AM
blindgamers14(roflgamer) used a wood_pack 1-25-2021, 8:41:19 AM
blindgamers14(roflgamer) used a wood_pack 1-25-2021, 8:41:19 AM
blindgamers14(roflgamer) used a wood_pack 1-25-2021, 8:41:20 AM
blindgamers14(roflgamer) used a wood_pack 1-25-2021, 8:41:20 AM
blindgamers14(roflgamer) used a wood_pack 1-25-2021, 8:41:20 AM
blindgamers14(roflgamer) used a wood_pack 1-25-2021, 8:41:20 AM
blindgamers14(roflgamer) used a wood_pack 1-25-2021, 8:41:20 AM
blindgamers14(roflgamer) used a wood_pack 1-25-2021, 8:41:20 AM
blindgamers14(roflgamer) used a wood_pack 1-25-2021, 8:41:20 AM
blindgamers14(roflgamer) used a wood_pack 1-25-2021, 8:41:20 AM
blindgamers14(roflgamer) used a wood_pack 1-25-2021, 8:41:20 AM
blindgamers14(roflgamer) used a wood_pack 1-25-2021, 8:41:20 AM
blindgamers14(roflgamer) used a wood_pack 1-25-2021, 8:41:21 AM
blindgamers14(roflgamer) used a wood_pack 1-25-2021, 8:41:21 AM
blindgamers14(roflgamer) used a wood_pack 1-25-2021, 8:41:21 AM
blindgamers14(roflgamer) used a wood_pack 1-25-2021, 8:41:21 AM
blindgamers14(roflgamer) used a wood_pack 1-25-2021, 8:41:21 AM
blindgamers14(roflgamer) used a wood_pack 1-25-2021, 8:41:21 AM
blindgamers14(roflgamer) used a wood_pack 1-25-2021, 8:41:22 AM
blindgamers14(roflgamer) used a bullet_bomb_locator 1-25-2021, 8:41:26 AM
blindgamers14(roflgamer) used a bomb_defuser 1-25-2021, 8:41:33 AM
blindgamers14(roflgamer) used a bomb_defuser 1-25-2021, 8:41:33 AM
blindgamers14(roflgamer) used a wood_pack 1-25-2021, 8:42:15 AM
blindgamers14(roflgamer) used a wood_pack 1-25-2021, 8:42:15 AM
blindgamers14(roflgamer) used a wood_pack 1-25-2021, 8:42:15 AM
blindgamers14(roflgamer) used a wood_pack 1-25-2021, 8:42:15 AM
blindgamers14(roflgamer) used a wood_pack 1-25-2021, 8:42:15 AM
blindgamers14(roflgamer) used a wood_pack 1-25-2021, 8:42:15 AM
blindgamers14(roflgamer) used a wood_pack 1-25-2021, 8:42:15 AM
blindgamers14(roflgamer) used a wood_pack 1-25-2021, 8:42:16 AM
blindgamers14(roflgamer) used a wood_pack 1-25-2021, 8:42:16 AM
blindgamers14(roflgamer) used a wood_pack 1-25-2021, 8:42:16 AM
blindgamers14(roflgamer) used a wood_pack 1-25-2021, 8:42:16 AM
blindgamers14(roflgamer) used a wood_pack 1-25-2021, 8:42:16 AM
blindgamers14(roflgamer) used a wood_pack 1-25-2021, 8:42:16 AM
blindgamers14(roflgamer) used a wood_pack 1-25-2021, 8:42:17 AM
blindgamers14(roflgamer) used a wood_pack 1-25-2021, 8:42:17 AM
blindgamers14(roflgamer) used a wood_pack 1-25-2021, 8:42:17 AM
blindgamers14(roflgamer) used a wood_pack 1-25-2021, 8:42:17 AM
blindgamers14(roflgamer) used a wood_pack 1-25-2021, 8:42:17 AM
blindgamers14(roflgamer) used a wood_pack 1-25-2021, 8:42:17 AM
blindgamers14(roflgamer) used a wood_pack 1-25-2021, 8:42:17 AM
blindgamers14(roflgamer) used a wood_pack 1-25-2021, 8:42:17 AM
blindgamers14(roflgamer) used a wood_pack 1-25-2021, 8:42:18 AM
blindgamers14(roflgamer) used a wood_pack 1-25-2021, 8:42:18 AM
blindgamers14(roflgamer) used a wood_pack 1-25-2021, 8:42:18 AM
blindgamers14(roflgamer) used a wood_pack 1-25-2021, 8:42:18 AM
blindgamers14(roflgamer) used a wood_pack 1-25-2021, 8:42:22 AM
blindgamers14(roflgamer) used a wood_pack 1-25-2021, 8:42:22 AM
blindgamers14(roflgamer) used a wood_pack 1-25-2021, 8:42:22 AM
blindgamers14(roflgamer) used a wood_pack 1-25-2021, 8:42:22 AM
blindgamers14(roflgamer) used a wood_pack 1-25-2021, 8:42:24 AM
blindgamers14(roflgamer) used a wood_pack 1-25-2021, 8:42:24 AM
blindgamers14(roflgamer) used a wood_pack 1-25-2021, 8:42:24 AM
blindgamers14(roflgamer) used a wood_pack 1-25-2021, 8:42:24 AM
blindgamers14(roflgamer) used a wood_pack 1-25-2021, 8:42:24 AM
blindgamers14(roflgamer) used a wood_pack 1-25-2021, 8:42:24 AM
blindgamers14(roflgamer) used a wood_pack 1-25-2021, 8:42:24 AM
blindgamers14(roflgamer) used a wood_pack 1-25-2021, 8:42:25 AM
blindgamers14(roflgamer) used a wood_pack 1-25-2021, 8:42:25 AM
blindgamers14(roflgamer) used a wood_pack 1-25-2021, 8:42:25 AM
blindgamers14(roflgamer) used a wood_pack 1-25-2021, 8:42:26 AM
blindgamers14(roflgamer) used a wood_pack 1-25-2021, 8:42:26 AM
blindgamers14(roflgamer) used a wood_pack 1-25-2021, 8:42:26 AM
blindgamers14(roflgamer) used a wood_pack 1-25-2021, 8:42:26 AM
blindgamers14(roflgamer) used a wood_pack 1-25-2021, 8:42:26 AM
blindgamers14(roflgamer) used a wood_pack 1-25-2021, 8:42:26 AM
blindgamers14(roflgamer) used a wood_pack 1-25-2021, 8:42:26 AM
blindgamers14(roflgamer) used a wood_pack 1-25-2021, 8:42:26 AM
blindgamers14(roflgamer) used a wood_pack 1-25-2021, 8:42:26 AM
blindgamers14(roflgamer) used a wood_pack 1-25-2021, 8:42:27 AM
blindgamers14(roflgamer) used a wood_pack 1-25-2021, 8:42:27 AM
blindgamers14(roflgamer) used a wood_pack 1-25-2021, 8:42:27 AM
blindgamers14(roflgamer) used a wood_pack 1-25-2021, 8:42:27 AM
blindgamers14(roflgamer) used a wood_pack 1-25-2021, 8:42:27 AM
blindgamers14(roflgamer) used a wood_pack 1-25-2021, 8:42:27 AM
blindgamers14(roflgamer) used a wood_pack 1-25-2021, 8:42:27 AM
blindgamers14(roflgamer) used a wood_pack 1-25-2021, 8:42:27 AM
blindgamers14(roflgamer) used a wood_pack 1-25-2021, 8:42:27 AM
blindgamers14(roflgamer) used a wood_pack 1-25-2021, 8:42:28 AM
blindgamers14(roflgamer) used a wood_pack 1-25-2021, 8:42:28 AM
blindgamers14(roflgamer) used a wood_pack 1-25-2021, 8:42:28 AM
blindgamers14(roflgamer) used a wood_pack 1-25-2021, 8:42:28 AM
blindgamers14(roflgamer) used a wood_pack 1-25-2021, 8:42:28 AM
blindgamers14(roflgamer) used a wood_pack 1-25-2021, 8:42:28 AM
blindgamers14(roflgamer) used a wood_pack 1-25-2021, 8:42:28 AM
blindgamers14(roflgamer) used a wood_pack 1-25-2021, 8:42:28 AM
blindgamers14(roflgamer) used a wood_pack 1-25-2021, 8:42:29 AM
blindgamers14(roflgamer) used a wood_pack 1-25-2021, 8:42:29 AM
blindgamers14(roflgamer) used a wood_pack 1-25-2021, 8:42:29 AM
blindgamers14(roflgamer) used a wood_pack 1-25-2021, 8:42:29 AM
blindgamers14(roflgamer) used a wood_pack 1-25-2021, 8:42:29 AM
blindgamers14(roflgamer) used a wood_pack 1-25-2021, 8:42:29 AM
blindgamers14(roflgamer) used a wood_pack 1-25-2021, 8:42:29 AM
blindgamers14(roflgamer) used a wood_pack 1-25-2021, 8:42:29 AM
blindgamers14(roflgamer) used a wood_pack 1-25-2021, 8:42:29 AM
blindgamers14(roflgamer) used a wood_pack 1-25-2021, 8:42:29 AM
blindgamers14(roflgamer) used a wood_pack 1-25-2021, 8:42:30 AM
blindgamers14(roflgamer) used a wood_pack 1-25-2021, 8:42:30 AM
blindgamers14(roflgamer) used a wood_pack 1-25-2021, 8:42:30 AM
blindgamers14(roflgamer) used a wood_pack 1-25-2021, 8:42:30 AM
blindgamers14(roflgamer) used a wood_pack 1-25-2021, 8:42:30 AM
blindgamers14(roflgamer) used a wood_pack 1-25-2021, 8:42:30 AM
blindgamers14(roflgamer) used a wood_pack 1-25-2021, 8:42:30 AM
blindgamers14(roflgamer) used a wood_pack 1-25-2021, 8:42:30 AM
blindgamers14(roflgamer) used a wood_pack 1-25-2021, 8:42:31 AM
blindgamers14(roflgamer) used a wood_pack 1-25-2021, 8:42:31 AM
blindgamers14(roflgamer) used a wood_pack 1-25-2021, 8:42:31 AM
blindgamers14(roflgamer) used a wood_pack 1-25-2021, 8:42:31 AM
blindgamers14(roflgamer) used a wood_pack 1-25-2021, 8:42:31 AM
blindgamers14(roflgamer) used a wood_pack 1-25-2021, 8:42:31 AM
blindgamers14(roflgamer) used a wood_pack 1-25-2021, 8:42:31 AM
blindgamers14(roflgamer) used a wood_pack 1-25-2021, 8:42:31 AM
blindgamers14(roflgamer) used a wood_pack 1-25-2021, 8:42:32 AM
blindgamers14(roflgamer) used a wood_pack 1-25-2021, 8:42:32 AM
blindgamers14(roflgamer) used a wood_pack 1-25-2021, 8:42:32 AM
blindgamers14(roflgamer) used a wood_pack 1-25-2021, 8:42:32 AM
blindgamers14(roflgamer) used a wood_pack 1-25-2021, 8:42:32 AM
blindgamers14(roflgamer) used a wood_pack 1-25-2021, 8:42:32 AM
blindgamers14(roflgamer) used a wood_pack 1-25-2021, 8:42:32 AM
blindgamers14(roflgamer) used a wood_pack 1-25-2021, 8:42:32 AM
blindgamers14(roflgamer) used a wood_pack 1-25-2021, 8:42:32 AM
blindgamers14(roflgamer) used a wood_pack 1-25-2021, 8:42:32 AM
blindgamers14(roflgamer) used a wood_pack 1-25-2021, 8:42:32 AM
blindgamers14(roflgamer) used a wood_pack 1-25-2021, 8:42:33 AM
blindgamers14(roflgamer) used a wood_pack 1-25-2021, 8:42:33 AM
blindgamers14(roflgamer) used a wood_pack 1-25-2021, 8:42:33 AM
blindgamers14(roflgamer) used a wood_pack 1-25-2021, 8:42:33 AM
blindgamers14(roflgamer) used a wood_pack 1-25-2021, 8:42:33 AM
blindgamers14(roflgamer) used a wood_pack 1-25-2021, 8:42:33 AM
blindgamers14(roflgamer) used a wood_pack 1-25-2021, 8:42:33 AM
blindgamers14(roflgamer) used a wood_pack 1-25-2021, 8:42:33 AM
blindgamers14(roflgamer) used a wood_pack 1-25-2021, 8:42:33 AM
blindgamers14(roflgamer) used a wood_pack 1-25-2021, 8:42:34 AM
blindgamers14(roflgamer) used a wood_pack 1-25-2021, 8:42:34 AM
blindgamers14(roflgamer) used a wood_pack 1-25-2021, 8:42:34 AM
blindgamers14(roflgamer) used a wood_pack 1-25-2021, 8:42:34 AM
blindgamers14(roflgamer) used a wood_pack 1-25-2021, 8:42:34 AM
blindgamers14(roflgamer) used a wood_pack 1-25-2021, 8:42:34 AM
blindgamers14(roflgamer) used a wood_pack 1-25-2021, 8:42:34 AM
blindgamers14(roflgamer) used a wood_pack 1-25-2021, 8:42:34 AM
blindgamers14(roflgamer) used a wood_pack 1-25-2021, 8:42:35 AM
blindgamers14(roflgamer) used a wood_pack 1-25-2021, 8:42:35 AM
blindgamers14(roflgamer) used a wood_pack 1-25-2021, 8:42:35 AM
blindgamers14(roflgamer) used a wood_pack 1-25-2021, 8:42:35 AM
blindgamers14(roflgamer) used a wood_pack 1-25-2021, 8:42:35 AM
blindgamers14(roflgamer) used a wood_pack 1-25-2021, 8:42:35 AM
blindgamers14(roflgamer) used a wood_pack 1-25-2021, 8:42:35 AM
blindgamers14(roflgamer) used a wood_pack 1-25-2021, 8:42:35 AM
blindgamers14(roflgamer) used a wood_pack 1-25-2021, 8:42:35 AM
blindgamers14(roflgamer) used a wood_pack 1-25-2021, 8:42:35 AM
blindgamers14(roflgamer) used a wood_pack 1-25-2021, 8:42:36 AM
blindgamers14(roflgamer) used a wood_pack 1-25-2021, 8:42:36 AM
blindgamers14(roflgamer) used a wood_pack 1-25-2021, 8:42:36 AM
blindgamers14(roflgamer) used a wood_pack 1-25-2021, 8:42:36 AM
blindgamers14(roflgamer) used a wood_pack 1-25-2021, 8:42:36 AM
blindgamers14(roflgamer) used a wood_pack 1-25-2021, 8:42:36 AM
blindgamers14(roflgamer) used a wood_pack 1-25-2021, 8:42:36 AM
blindgamers14(roflgamer) used a wood_pack 1-25-2021, 8:42:36 AM
blindgamers14(roflgamer) used a wood_pack 1-25-2021, 8:42:36 AM
blindgamers14(roflgamer) used a wood_pack 1-25-2021, 8:42:36 AM
blindgamers14(roflgamer) used a wood_pack 1-25-2021, 8:42:36 AM
blindgamers14(roflgamer) used a wood_pack 1-25-2021, 8:42:37 AM
blindgamers14(roflgamer) used a wood_pack 1-25-2021, 8:42:37 AM
blindgamers14(roflgamer) used a wood_pack 1-25-2021, 8:42:37 AM
blindgamers14(roflgamer) used a wood_pack 1-25-2021, 8:42:37 AM
blindgamers14(roflgamer) used a wood_pack 1-25-2021, 8:42:37 AM
blindgamers14(roflgamer) used a wood_pack 1-25-2021, 8:42:37 AM
blindgamers14(roflgamer) used a wood_pack 1-25-2021, 8:42:37 AM
blindgamers14(roflgamer) used a wood_pack 1-25-2021, 8:42:37 AM
blindgamers14(roflgamer) used a wood_pack 1-25-2021, 8:42:37 AM
blindgamers14(roflgamer) used a wood_pack 1-25-2021, 8:42:38 AM
blindgamers14(roflgamer) used a wood_pack 1-25-2021, 8:42:38 AM
blindgamers14(roflgamer) used a wood_pack 1-25-2021, 8:42:38 AM
blindgamers14(roflgamer) used a wood_pack 1-25-2021, 8:42:38 AM
blindgamers14(roflgamer) used a wood_pack 1-25-2021, 8:42:38 AM
blindgamers14(roflgamer) used a wood_pack 1-25-2021, 8:42:38 AM
blindgamers14(roflgamer) used a wood_pack 1-25-2021, 8:42:38 AM
blindgamers14(roflgamer) used a wood_pack 1-25-2021, 8:42:38 AM
blindgamers14(roflgamer) used a wood_pack 1-25-2021, 8:42:38 AM
blindgamers14(roflgamer) used a wood_pack 1-25-2021, 8:42:39 AM
blindgamers14(roflgamer) used a wood_pack 1-25-2021, 8:42:39 AM
blindgamers14(roflgamer) used a wood_pack 1-25-2021, 8:42:39 AM
blindgamers14(roflgamer) used a wood_pack 1-25-2021, 8:42:40 AM
blindgamers14(roflgamer) used a wood_pack 1-25-2021, 8:42:40 AM
blindgamers14(roflgamer) used a wood_pack 1-25-2021, 8:42:40 AM
blindgamers14(roflgamer) used a wood_pack 1-25-2021, 8:42:40 AM
blindgamers14(roflgamer) used a wood_pack 1-25-2021, 8:42:40 AM
blindgamers14(roflgamer) used a wood_pack 1-25-2021, 8:42:40 AM
blindgamers14(roflgamer) used a wood_pack 1-25-2021, 8:42:40 AM
blindgamers14(roflgamer) used a wood_pack 1-25-2021, 8:42:41 AM
blindgamers14(roflgamer) used a wood_pack 1-25-2021, 8:42:41 AM
blindgamers14(roflgamer) used a wood_pack 1-25-2021, 8:42:41 AM
blindgamers14(roflgamer) used a wood_pack 1-25-2021, 8:42:41 AM
blindgamers14(roflgamer) used a wood_pack 1-25-2021, 8:42:41 AM
blindgamers14(roflgamer) used a wood_pack 1-25-2021, 8:42:41 AM
blindgamers14(roflgamer) used a wood_pack 1-25-2021, 8:42:41 AM
blindgamers14(roflgamer) used a wood_pack 1-25-2021, 8:42:42 AM
blindgamers14(roflgamer) used a wood_pack 1-25-2021, 8:42:42 AM
blindgamers14(roflgamer) used a wood_pack 1-25-2021, 8:42:42 AM
blindgamers14(roflgamer) used a wood_pack 1-25-2021, 8:42:42 AM
blindgamers14(roflgamer) used a wood_pack 1-25-2021, 8:42:42 AM
blindgamers14(roflgamer) used a wood_pack 1-25-2021, 8:42:42 AM
blindgamers14(roflgamer) used a wood_pack 1-25-2021, 8:42:42 AM
blindgamers14(roflgamer) used a wood_pack 1-25-2021, 8:42:42 AM
blindgamers14(roflgamer) used a wood_pack 1-25-2021, 8:42:43 AM
blindgamers14(roflgamer) used a wood_pack 1-25-2021, 8:42:43 AM
blindgamers14(roflgamer) used a wood_pack 1-25-2021, 8:42:43 AM
blindgamers14(roflgamer) used a wood_pack 1-25-2021, 8:42:43 AM
blindgamers14(roflgamer) used a wood_pack 1-25-2021, 8:42:43 AM
blindgamers14(roflgamer) used a wood_pack 1-25-2021, 8:42:44 AM
blindgamers14(roflgamer) used a wood_pack 1-25-2021, 8:42:44 AM
blindgamers14(roflgamer) used a wood_pack 1-25-2021, 8:42:44 AM
blindgamers14(roflgamer) used a wood_pack 1-25-2021, 8:42:44 AM
blindgamers14(roflgamer) used a wood_pack 1-25-2021, 8:42:44 AM
blindgamers14(roflgamer) used a wood_pack 1-25-2021, 8:42:44 AM
blindgamers14(roflgamer) used a wood_pack 1-25-2021, 8:42:44 AM
blindgamers14(roflgamer) used a wood_pack 1-25-2021, 8:42:44 AM
blindgamers14(roflgamer) used a wood_pack 1-25-2021, 8:42:44 AM
blindgamers14(roflgamer) used a wood_pack 1-25-2021, 8:42:44 AM
blindgamers14(roflgamer) used a wood_pack 1-25-2021, 8:42:45 AM
blindgamers14(roflgamer) used a wood_pack 1-25-2021, 8:42:45 AM
blindgamers14(roflgamer) used a wood_pack 1-25-2021, 8:42:45 AM
blindgamers14(roflgamer) used a wood_pack 1-25-2021, 8:42:45 AM
blindgamers14(roflgamer) used a wood_pack 1-25-2021, 8:42:45 AM
blindgamers14(roflgamer) used a wood_pack 1-25-2021, 8:42:45 AM
blindgamers14(roflgamer) used a wood_pack 1-25-2021, 8:42:45 AM
blindgamers14(roflgamer) used a wood_pack 1-25-2021, 8:42:47 AM
blindgamers14(roflgamer) used a wood_pack 1-25-2021, 8:42:47 AM
blindgamers14(roflgamer) used a wood_pack 1-25-2021, 8:42:48 AM
blindgamers14(roflgamer) used a wood_pack 1-25-2021, 8:42:48 AM
blindgamers14(roflgamer) used a wood_pack 1-25-2021, 8:42:48 AM
blindgamers14(roflgamer) used a wood_pack 1-25-2021, 8:42:48 AM
blindgamers14(roflgamer) used a wood_pack 1-25-2021, 8:42:48 AM
blindgamers14(roflgamer) used a wood_pack 1-25-2021, 8:42:48 AM
blindgamers14(roflgamer) used a wood_pack 1-25-2021, 8:42:49 AM
blindgamers14(roflgamer) used a wood_pack 1-25-2021, 8:42:50 AM
blindgamers14(roflgamer) used a wood_pack 1-25-2021, 8:42:50 AM
blindgamers14(roflgamer) used a wood_pack 1-25-2021, 8:42:50 AM
blindgamers14(roflgamer) used a wood_pack 1-25-2021, 8:42:50 AM
blindgamers14(roflgamer) used a wood_pack 1-25-2021, 8:42:50 AM
blindgamers14(roflgamer) used a wood_pack 1-25-2021, 8:42:50 AM
blindgamers14(roflgamer) used a wood_pack 1-25-2021, 8:42:50 AM
blindgamers14(roflgamer) used a wood_pack 1-25-2021, 8:42:50 AM
blindgamers14(roflgamer) used a wood_pack 1-25-2021, 8:42:50 AM
blindgamers14(roflgamer) used a wood_pack 1-25-2021, 8:42:51 AM
blindgamers14(roflgamer) used a wood_pack 1-25-2021, 8:42:51 AM
blindgamers14(roflgamer) used a wood_pack 1-25-2021, 8:42:51 AM
blindgamers14(roflgamer) used a wood_pack 1-25-2021, 8:42:51 AM
blindgamers14(roflgamer) used a wood_pack 1-25-2021, 8:42:51 AM
blindgamers14(roflgamer) used a wood_pack 1-25-2021, 8:42:51 AM
blindgamers14(roflgamer) used a wood_pack 1-25-2021, 8:42:51 AM
blindgamers14(roflgamer) used a wood_pack 1-25-2021, 8:42:51 AM
blindgamers14(roflgamer) used a wood_pack 1-25-2021, 8:42:51 AM
blindgamers14(roflgamer) used a wood_pack 1-25-2021, 8:42:52 AM
blindgamers14(roflgamer) used a wood_pack 1-25-2021, 8:42:52 AM
blindgamers14(roflgamer) used a wood_pack 1-25-2021, 8:42:52 AM
blindgamers14(roflgamer) used a wood_pack 1-25-2021, 8:42:52 AM
blindgamers14(roflgamer) used a wood_pack 1-25-2021, 8:42:52 AM
blindgamers14(roflgamer) used a wood_pack 1-25-2021, 8:42:52 AM
blindgamers14(roflgamer) used a wood_pack 1-25-2021, 8:42:52 AM
blindgamers14(roflgamer) used a wood_pack 1-25-2021, 8:42:52 AM
blindgamers14(roflgamer) used a wood_pack 1-25-2021, 8:42:52 AM
blindgamers14(roflgamer) used a wood_pack 1-25-2021, 8:42:52 AM
blindgamers14(roflgamer) used a wood_pack 1-25-2021, 8:42:53 AM
blindgamers14(roflgamer) used a wood_pack 1-25-2021, 8:42:53 AM
blindgamers14(roflgamer) used a wood_pack 1-25-2021, 8:42:53 AM
blindgamers14(roflgamer) used a wood_pack 1-25-2021, 8:42:53 AM
blindgamers14(roflgamer) used a wood_pack 1-25-2021, 8:42:53 AM
blindgamers14(roflgamer) used a wood_pack 1-25-2021, 8:42:53 AM
blindgamers14(roflgamer) used a wood_pack 1-25-2021, 8:42:53 AM
blindgamers14(roflgamer) used a wood_pack 1-25-2021, 8:42:53 AM
blindgamers14(roflgamer) used a wood_pack 1-25-2021, 8:42:54 AM
blindgamers14(roflgamer) used a wood_pack 1-25-2021, 8:42:54 AM
blindgamers14(roflgamer) used a wood_pack 1-25-2021, 8:42:54 AM
blindgamers14(roflgamer) used a wood_pack 1-25-2021, 8:42:54 AM
blindgamers14(roflgamer) used a wood_pack 1-25-2021, 8:42:54 AM
blindgamers14(roflgamer) used a wood_pack 1-25-2021, 8:42:54 AM
blindgamers14(roflgamer) used a wood_pack 1-25-2021, 8:42:54 AM
blindgamers14(roflgamer) used a wood_pack 1-25-2021, 8:42:54 AM
blindgamers14(roflgamer) used a wood_pack 1-25-2021, 8:42:54 AM
blindgamers14(roflgamer) used a wood_pack 1-25-2021, 8:42:55 AM
blindgamers14(roflgamer) used a wood_pack 1-25-2021, 8:42:55 AM
blindgamers14(roflgamer) used a wood_pack 1-25-2021, 8:42:55 AM
blindgamers14(roflgamer) used a wood_pack 1-25-2021, 8:42:55 AM
blindgamers14(roflgamer) used a wood_pack 1-25-2021, 8:42:55 AM
blindgamers14(roflgamer) used a wood_pack 1-25-2021, 8:42:55 AM
blindgamers14(roflgamer) used a wood_pack 1-25-2021, 8:42:55 AM
blindgamers14(roflgamer) used a wood_pack 1-25-2021, 8:42:55 AM
blindgamers14(roflgamer) used a wood_pack 1-25-2021, 8:42:55 AM
blindgamers14(roflgamer) used a wood_pack 1-25-2021, 8:42:56 AM
blindgamers14(roflgamer) used a wood_pack 1-25-2021, 8:42:56 AM
blindgamers14(roflgamer) used a wood_pack 1-25-2021, 8:42:56 AM
blindgamers14(roflgamer) used a wood_pack 1-25-2021, 8:42:56 AM
blindgamers14(roflgamer) used a wood_pack 1-25-2021, 8:42:56 AM
blindgamers14(roflgamer) used a wood_pack 1-25-2021, 8:42:56 AM
blindgamers14(roflgamer) used a wood_pack 1-25-2021, 8:42:56 AM
blindgamers14(roflgamer) used a wood_pack 1-25-2021, 8:42:56 AM
blindgamers14(roflgamer) used a wood_pack 1-25-2021, 8:42:56 AM
blindgamers14(roflgamer) used a wood_pack 1-25-2021, 8:42:57 AM
blindgamers14(roflgamer) used a wood_pack 1-25-2021, 8:42:57 AM
blindgamers14(roflgamer) used a wood_pack 1-25-2021, 8:42:57 AM
blindgamers14(roflgamer) used a wood_pack 1-25-2021, 8:42:57 AM
blindgamers14(roflgamer) used a wood_pack 1-25-2021, 8:42:57 AM
blindgamers14(roflgamer) used a wood_pack 1-25-2021, 8:42:57 AM
blindgamers14(roflgamer) used a wood_pack 1-25-2021, 8:42:57 AM
blindgamers14(roflgamer) used a wood_pack 1-25-2021, 8:42:57 AM
blindgamers14(roflgamer) used a wood_pack 1-25-2021, 8:42:57 AM
blindgamers14(roflgamer) used a wood_pack 1-25-2021, 8:42:57 AM
blindgamers14(roflgamer) used a wood_pack 1-25-2021, 8:42:58 AM
blindgamers14(roflgamer) used a wood_pack 1-25-2021, 8:42:59 AM
blindgamers14(roflgamer) used a wood_pack 1-25-2021, 8:43:00 AM
blindgamers14(roflgamer) used a wood_pack 1-25-2021, 8:43:00 AM
blindgamers14(roflgamer) used a wood_pack 1-25-2021, 8:43:00 AM
blindgamers14(roflgamer) used a wood_pack 1-25-2021, 8:43:00 AM
blindgamers14(roflgamer) used a wood_pack 1-25-2021, 8:43:00 AM
blindgamers14(roflgamer) used a wood_pack 1-25-2021, 8:43:00 AM
blindgamers14(roflgamer) used a wood_pack 1-25-2021, 8:43:01 AM
blindgamers14(roflgamer) used a wood_pack 1-25-2021, 8:43:01 AM
blindgamers14(roflgamer) used a wood_pack 1-25-2021, 8:43:01 AM
blindgamers14(roflgamer) used a wood_pack 1-25-2021, 8:43:01 AM
blindgamers14(roflgamer) used a wood_pack 1-25-2021, 8:43:01 AM
blindgamers14(roflgamer) used a wood_pack 1-25-2021, 8:43:01 AM
blindgamers14(roflgamer) used a wood_pack 1-25-2021, 8:43:01 AM
blindgamers14(roflgamer) used a wood_pack 1-25-2021, 8:43:02 AM
blindgamers14(roflgamer) used a wood_pack 1-25-2021, 8:43:02 AM
blindgamers14(roflgamer) used a wood_pack 1-25-2021, 8:43:02 AM
blindgamers14(roflgamer) used a wood_pack 1-25-2021, 8:43:02 AM
blindgamers14(roflgamer) used a wood_pack 1-25-2021, 8:43:02 AM
blindgamers14(roflgamer) used a wood_pack 1-25-2021, 8:43:02 AM
blindgamers14(roflgamer) used a wood_pack 1-25-2021, 8:43:02 AM
blindgamers14(roflgamer) used a wood_pack 1-25-2021, 8:43:02 AM
blindgamers14(roflgamer) used a wood_pack 1-25-2021, 8:43:03 AM
blindgamers14(roflgamer) used a wood_pack 1-25-2021, 8:43:03 AM
blindgamers14(roflgamer) used a wood_pack 1-25-2021, 8:43:03 AM
blindgamers14(roflgamer) used a wood_pack 1-25-2021, 8:43:03 AM
blindgamers14(roflgamer) used a wood_pack 1-25-2021, 8:43:03 AM
blindgamers14(roflgamer) used a wood_pack 1-25-2021, 8:43:03 AM
blindgamers14(roflgamer) used a wood_pack 1-25-2021, 8:43:03 AM
blindgamers14(roflgamer) used a wood_pack 1-25-2021, 8:43:03 AM
blindgamers14(roflgamer) used a wood_pack 1-25-2021, 8:43:04 AM
blindgamers14(roflgamer) used a wood_pack 1-25-2021, 8:43:04 AM
blindgamers14(roflgamer) used a wood_pack 1-25-2021, 8:43:04 AM
blindgamers14(roflgamer) used a wood_pack 1-25-2021, 8:43:04 AM
blindgamers14(roflgamer) used a wood_pack 1-25-2021, 8:43:04 AM
blindgamers14(roflgamer) used a wood_pack 1-25-2021, 8:43:04 AM
blindgamers14(roflgamer) used a wood_pack 1-25-2021, 8:43:04 AM
blindgamers14(roflgamer) used a wood_pack 1-25-2021, 8:43:05 AM
blindgamers14(roflgamer) used a wood_pack 1-25-2021, 8:43:05 AM
blindgamers14(roflgamer) used a wood_pack 1-25-2021, 8:43:05 AM
blindgamers14(roflgamer) used a wood_pack 1-25-2021, 8:43:05 AM
blindgamers14(roflgamer) used a wood_pack 1-25-2021, 8:43:05 AM
blindgamers14(roflgamer) used a wood_pack 1-25-2021, 8:43:05 AM
blindgamers14(roflgamer) used a wood_pack 1-25-2021, 8:43:05 AM
blindgamers14(roflgamer) used a wood_pack 1-25-2021, 8:43:06 AM
blindgamers14(roflgamer) used a wood_pack 1-25-2021, 8:43:06 AM
blindgamers14(roflgamer) used a wood_pack 1-25-2021, 8:43:06 AM
blindgamers14(roflgamer) used a wood_pack 1-25-2021, 8:43:06 AM
blindgamers14(roflgamer) used a wood_pack 1-25-2021, 8:43:06 AM
blindgamers14(roflgamer) used a wood_pack 1-25-2021, 8:43:06 AM
blindgamers14(roflgamer) used a wood_pack 1-25-2021, 8:43:06 AM
blindgamers14(roflgamer) used a wood_pack 1-25-2021, 8:43:07 AM
blindgamers14(roflgamer) used a wood_pack 1-25-2021, 8:43:07 AM
blindgamers14(roflgamer) used a wood_pack 1-25-2021, 8:43:07 AM
blindgamers14(roflgamer) used a wood_pack 1-25-2021, 8:43:07 AM
blindgamers14(roflgamer) used a wood_pack 1-25-2021, 8:43:07 AM
blindgamers14(roflgamer) used a wood_pack 1-25-2021, 8:43:08 AM
blindgamers14(roflgamer) used a wood_pack 1-25-2021, 8:43:08 AM
blindgamers14(roflgamer) used a wood_pack 1-25-2021, 8:43:08 AM
blindgamers14(roflgamer) used a wood_pack 1-25-2021, 8:43:08 AM
blindgamers14(roflgamer) used a wood_pack 1-25-2021, 8:43:08 AM
blindgamers14(roflgamer) used a wood_pack 1-25-2021, 8:43:08 AM
blindgamers14(roflgamer) used a wood_pack 1-25-2021, 8:43:09 AM
blindgamers14(roflgamer) used a wood_pack 1-25-2021, 8:43:16 AM
blindgamers14(roflgamer) used a wood_pack 1-25-2021, 8:43:16 AM
blindgamers14(roflgamer) used a wood_pack 1-25-2021, 8:43:16 AM
blindgamers14(roflgamer) used a wood_pack 1-25-2021, 8:43:17 AM
blindgamers14(roflgamer) used a wood_pack 1-25-2021, 8:43:17 AM
blindgamers14(roflgamer) used a wood_pack 1-25-2021, 8:43:17 AM
blindgamers14(roflgamer) used a wood_pack 1-25-2021, 8:43:17 AM
blindgamers14(roflgamer) used a wood_pack 1-25-2021, 8:43:17 AM
blindgamers14(roflgamer) used a wood_pack 1-25-2021, 8:43:17 AM
blindgamers14(roflgamer) used a wood_pack 1-25-2021, 8:43:17 AM
blindgamers14(roflgamer) used a wood_pack 1-25-2021, 8:43:17 AM
blindgamers14(roflgamer) used a wood_pack 1-25-2021, 8:43:18 AM
blindgamers14(roflgamer) used a wood_pack 1-25-2021, 8:43:18 AM
blindgamers14(roflgamer) used a wood_pack 1-25-2021, 8:43:18 AM
blindgamers14(roflgamer) used a wood_pack 1-25-2021, 8:43:18 AM
blindgamers14(roflgamer) used a wood_pack 1-25-2021, 8:43:18 AM
blindgamers14(roflgamer) used a wood_pack 1-25-2021, 8:43:18 AM
blindgamers14(roflgamer) used a wood_pack 1-25-2021, 8:43:18 AM
blindgamers14(roflgamer) used a wood_pack 1-25-2021, 8:43:18 AM
blindgamers14(roflgamer) used a wood_pack 1-25-2021, 8:43:19 AM
blindgamers14(roflgamer) used a wood_pack 1-25-2021, 8:43:19 AM
blindgamers14(roflgamer) used a wood_pack 1-25-2021, 8:43:19 AM
blindgamers14(roflgamer) used a wood_pack 1-25-2021, 8:43:19 AM
blindgamers14(roflgamer) used a wood_pack 1-25-2021, 8:43:19 AM
blindgamers14(roflgamer) used a wood_pack 1-25-2021, 8:43:19 AM
blindgamers14(roflgamer) used a wood_pack 1-25-2021, 8:43:19 AM
blindgamers14(roflgamer) used a wood_pack 1-25-2021, 8:43:19 AM
blindgamers14(roflgamer) used a wood_pack 1-25-2021, 8:43:20 AM
blindgamers14(roflgamer) used a wood_pack 1-25-2021, 8:43:20 AM
blindgamers14(roflgamer) used a wood_pack 1-25-2021, 8:43:20 AM
blindgamers14(roflgamer) used a wood_pack 1-25-2021, 8:43:20 AM
blindgamers14(roflgamer) used a wood_pack 1-25-2021, 8:43:20 AM
blindgamers14(roflgamer) used a wood_pack 1-25-2021, 8:43:20 AM
blindgamers14(roflgamer) used a wood_pack 1-25-2021, 8:43:20 AM
blindgamers14(roflgamer) used a wood_pack 1-25-2021, 8:43:20 AM
blindgamers14(roflgamer) used a wood_pack 1-25-2021, 8:43:21 AM
blindgamers14(roflgamer) used a wood_pack 1-25-2021, 8:43:21 AM
blindgamers14(roflgamer) used a wood_pack 1-25-2021, 8:43:21 AM
blindgamers14(roflgamer) used a wood_pack 1-25-2021, 8:43:21 AM
blindgamers14(roflgamer) used a wood_pack 1-25-2021, 8:43:21 AM
blindgamers14(roflgamer) used a wood_pack 1-25-2021, 8:43:21 AM
blindgamers14(roflgamer) used a wood_pack 1-25-2021, 8:43:21 AM
blindgamers14(roflgamer) used a wood_pack 1-25-2021, 8:43:21 AM
blindgamers14(roflgamer) used a wood_pack 1-25-2021, 8:43:21 AM
blindgamers14(roflgamer) used a wood_pack 1-25-2021, 8:43:21 AM
blindgamers14(roflgamer) used a wood_pack 1-25-2021, 8:43:22 AM
blindgamers14(roflgamer) used a wood_pack 1-25-2021, 8:43:22 AM
blindgamers14(roflgamer) used a wood_pack 1-25-2021, 8:43:22 AM
blindgamers14(roflgamer) used a wood_pack 1-25-2021, 8:43:22 AM
blindgamers14(roflgamer) used a wood_pack 1-25-2021, 8:43:22 AM
blindgamers14(roflgamer) used a wood_pack 1-25-2021, 8:43:22 AM
blindgamers14(roflgamer) used a wood_pack 1-25-2021, 8:43:22 AM
blindgamers14(roflgamer) used a wood_pack 1-25-2021, 8:43:22 AM
blindgamers14(roflgamer) used a wood_pack 1-25-2021, 8:43:22 AM
blindgamers14(roflgamer) used a wood_pack 1-25-2021, 8:43:22 AM
blindgamers14(roflgamer) used a wood_pack 1-25-2021, 8:43:23 AM
blindgamers14(roflgamer) used a wood_pack 1-25-2021, 8:43:23 AM
blindgamers14(roflgamer) used a wood_pack 1-25-2021, 8:43:23 AM
blindgamers14(roflgamer) used a wood_pack 1-25-2021, 8:43:23 AM
blindgamers14(roflgamer) used a wood_pack 1-25-2021, 8:43:23 AM
blindgamers14(roflgamer) used a wood_pack 1-25-2021, 8:43:23 AM
blindgamers14(roflgamer) used a wood_pack 1-25-2021, 8:43:23 AM
blindgamers14(roflgamer) used a wood_pack 1-25-2021, 8:43:23 AM
blindgamers14(roflgamer) used a wood_pack 1-25-2021, 8:43:23 AM
blindgamers14(roflgamer) used a wood_pack 1-25-2021, 8:43:24 AM
blindgamers14(roflgamer) used a wood_pack 1-25-2021, 8:43:44 AM
blindgamers14(roflgamer) used a wood_pack 1-25-2021, 8:43:45 AM
blindgamers14(roflgamer) used a wood_pack 1-25-2021, 8:43:45 AM
blindgamers14(roflgamer) used a wood_pack 1-25-2021, 8:43:45 AM
blindgamers14(roflgamer) used a wood_pack 1-25-2021, 8:43:45 AM
blindgamers14(roflgamer) used a wood_pack 1-25-2021, 8:43:45 AM
blindgamers14(roflgamer) used a wood_pack 1-25-2021, 8:43:45 AM
blindgamers14(roflgamer) used a wood_pack 1-25-2021, 8:43:45 AM
blindgamers14(roflgamer) used a wood_pack 1-25-2021, 8:43:45 AM
blindgamers14(roflgamer) used a wood_pack 1-25-2021, 8:43:45 AM
blindgamers14(roflgamer) used a wood_pack 1-25-2021, 8:43:46 AM
blindgamers14(roflgamer) used a wood_pack 1-25-2021, 8:43:46 AM
blindgamers14(roflgamer) used a wood_pack 1-25-2021, 8:43:46 AM
blindgamers14(roflgamer) used a wood_pack 1-25-2021, 8:43:46 AM
blindgamers14(roflgamer) used a wood_pack 1-25-2021, 8:43:46 AM
blindgamers14(roflgamer) used a wood_pack 1-25-2021, 8:43:46 AM
blindgamers14(roflgamer) used a wood_pack 1-25-2021, 8:43:46 AM
blindgamers14(roflgamer) used a wood_pack 1-25-2021, 8:43:47 AM
blindgamers14(roflgamer) used a wood_pack 1-25-2021, 8:43:47 AM
blindgamers14(roflgamer) used a wood_pack 1-25-2021, 8:43:47 AM
blindgamers14(roflgamer) used a wood_pack 1-25-2021, 8:43:47 AM
blindgamers14(roflgamer) used a wood_pack 1-25-2021, 8:43:47 AM
blindgamers14(roflgamer) used a wood_pack 1-25-2021, 8:43:47 AM
blindgamers14(roflgamer) used a wood_pack 1-25-2021, 8:43:47 AM
blindgamers14(roflgamer) used a wood_pack 1-25-2021, 8:43:47 AM
blindgamers14(roflgamer) used a wood_pack 1-25-2021, 8:43:47 AM
blindgamers14(roflgamer) used a wood_pack 1-25-2021, 8:43:48 AM
blindgamers14(roflgamer) used a wood_pack 1-25-2021, 8:43:48 AM
blindgamers14(roflgamer) used a wood_pack 1-25-2021, 8:43:48 AM
blindgamers14(roflgamer) used a wood_pack 1-25-2021, 8:43:48 AM
blindgamers14(roflgamer) used a wood_pack 1-25-2021, 8:43:48 AM
blindgamers14(roflgamer) used a wood_pack 1-25-2021, 8:43:48 AM
blindgamers14(roflgamer) used a wood_pack 1-25-2021, 8:43:48 AM
blindgamers14(roflgamer) used a wood_pack 1-25-2021, 8:43:49 AM
blindgamers14(roflgamer) used a wood_pack 1-25-2021, 8:43:49 AM
blindgamers14(roflgamer) used a wood_pack 1-25-2021, 8:43:49 AM
blindgamers14(roflgamer) used a wood_pack 1-25-2021, 8:43:49 AM
blindgamers14(roflgamer) used a wood_pack 1-25-2021, 8:43:49 AM
blindgamers14(roflgamer) used a wood_pack 1-25-2021, 8:43:49 AM
blindgamers14(roflgamer) used a wood_pack 1-25-2021, 8:43:49 AM
blindgamers14(roflgamer) used a wood_pack 1-25-2021, 8:43:50 AM
blindgamers14(roflgamer) used a wood_pack 1-25-2021, 8:43:50 AM
blindgamers14(roflgamer) used a wood_pack 1-25-2021, 8:43:50 AM
blindgamers14(roflgamer) used a wood_pack 1-25-2021, 8:43:50 AM
blindgamers14(roflgamer) used a wood_pack 1-25-2021, 8:43:50 AM
blindgamers14(roflgamer) used a wood_pack 1-25-2021, 8:43:50 AM
blindgamers14(roflgamer) used a wood_pack 1-25-2021, 8:43:51 AM
blindgamers14(roflgamer) used a wood_pack 1-25-2021, 8:43:51 AM
blindgamers14(roflgamer) used a wood_pack 1-25-2021, 8:43:51 AM
blindgamers14(roflgamer) used a wood_pack 1-25-2021, 8:43:51 AM
blindgamers14(roflgamer) used a wood_pack 1-25-2021, 8:43:51 AM
blindgamers14(roflgamer) used a wood_pack 1-25-2021, 8:43:51 AM
blindgamers14(roflgamer) used a wood_pack 1-25-2021, 8:43:51 AM
blindgamers14(roflgamer) used a wood_pack 1-25-2021, 8:43:51 AM
blindgamers14(roflgamer) used a wood_pack 1-25-2021, 8:43:51 AM
blindgamers14(roflgamer) used a wood_pack 1-25-2021, 8:43:52 AM
blindgamers14(roflgamer) used a wood_pack 1-25-2021, 8:43:52 AM
blindgamers14(roflgamer) used a wood_pack 1-25-2021, 8:43:52 AM
blindgamers14(roflgamer) used a wood_pack 1-25-2021, 8:43:52 AM
blindgamers14(roflgamer) used a wood_pack 1-25-2021, 8:43:52 AM
blindgamers14(roflgamer) used a wood_pack 1-25-2021, 8:43:52 AM
blindgamers14(roflgamer) used a wood_pack 1-25-2021, 8:43:52 AM
blindgamers14(roflgamer) used a wood_pack 1-25-2021, 8:43:52 AM
blindgamers14(roflgamer) used a wood_pack 1-25-2021, 8:43:53 AM
blindgamers14(roflgamer) used a wood_pack 1-25-2021, 8:43:53 AM
blindgamers14(roflgamer) used a wood_pack 1-25-2021, 8:43:53 AM
blindgamers14(roflgamer) used a wood_pack 1-25-2021, 8:43:53 AM
blindgamers14(roflgamer) used a wood_pack 1-25-2021, 8:43:53 AM
blindgamers14(roflgamer) used a wood_pack 1-25-2021, 8:43:53 AM
blindgamers14(roflgamer) used a wood_pack 1-25-2021, 8:43:53 AM
blindgamers14(roflgamer) used a wood_pack 1-25-2021, 8:43:54 AM
blindgamers14(roflgamer) used a wood_pack 1-25-2021, 8:43:54 AM
blindgamers14(roflgamer) used a wood_pack 1-25-2021, 8:43:54 AM
blindgamers14(roflgamer) used a wood_pack 1-25-2021, 8:43:54 AM
blindgamers14(roflgamer) used a wood_pack 1-25-2021, 8:43:54 AM
blindgamers14(roflgamer) used a wood_pack 1-25-2021, 8:43:54 AM
blindgamers14(roflgamer) used a wood_pack 1-25-2021, 8:43:54 AM
blindgamers14(roflgamer) used a wood_pack 1-25-2021, 8:43:55 AM
blindgamers14(roflgamer) used a wood_pack 1-25-2021, 8:43:55 AM
blindgamers14(roflgamer) used a wood_pack 1-25-2021, 8:43:55 AM
blindgamers14(roflgamer) used a wood_pack 1-25-2021, 8:43:55 AM
blindgamers14(roflgamer) used a wood_pack 1-25-2021, 8:43:55 AM
blindgamers14(roflgamer) used a wood_pack 1-25-2021, 8:43:56 AM
blindgamers14(roflgamer) used a wood_pack 1-25-2021, 8:43:56 AM
blindgamers14(roflgamer) used a wood_pack 1-25-2021, 8:43:56 AM
blindgamers14(roflgamer) used a wood_pack 1-25-2021, 8:43:56 AM
blindgamers14(roflgamer) used a wood_pack 1-25-2021, 8:43:56 AM
blindgamers14(roflgamer) used a wood_pack 1-25-2021, 8:43:57 AM
blindgamers14(roflgamer) used a wood_pack 1-25-2021, 8:43:57 AM
blindgamers14(roflgamer) used a wood_pack 1-25-2021, 8:43:57 AM
blindgamers14(roflgamer) used a wood_pack 1-25-2021, 8:43:57 AM
blindgamers14(roflgamer) used a wood_pack 1-25-2021, 8:43:57 AM
blindgamers14(roflgamer) used a wood_pack 1-25-2021, 8:43:57 AM
blindgamers14(roflgamer) used a wood_pack 1-25-2021, 8:43:58 AM
blindgamers14(roflgamer) used a wood_pack 1-25-2021, 8:43:58 AM
blindgamers14(roflgamer) used a wood_pack 1-25-2021, 8:43:58 AM
blindgamers14(roflgamer) used a wood_pack 1-25-2021, 8:43:58 AM
blindgamers14(roflgamer) used a wood_pack 1-25-2021, 8:43:58 AM
blindgamers14(roflgamer) used a wood_pack 1-25-2021, 8:44:03 AM
blindgamers14(roflgamer) used a wood_pack 1-25-2021, 8:44:03 AM
blindgamers14(roflgamer) used a wood_pack 1-25-2021, 8:44:03 AM
blindgamers14(roflgamer) used a wood_pack 1-25-2021, 8:44:03 AM
blindgamers14(roflgamer) used a wood_pack 1-25-2021, 8:44:03 AM
blindgamers14(roflgamer) used a wood_pack 1-25-2021, 8:44:04 AM
blindgamers14(roflgamer) used a wood_pack 1-25-2021, 8:44:04 AM
blindgamers14(roflgamer) used a wood_pack 1-25-2021, 8:44:04 AM
blindgamers14(roflgamer) used a wood_pack 1-25-2021, 8:44:04 AM
blindgamers14(roflgamer) used a wood_pack 1-25-2021, 8:44:04 AM
blindgamers14(roflgamer) used a wood_pack 1-25-2021, 8:44:04 AM
blindgamers14(roflgamer) used a wood_pack 1-25-2021, 8:44:04 AM
blindgamers14(roflgamer) used a wood_pack 1-25-2021, 8:44:04 AM
blindgamers14(roflgamer) used a wood_pack 1-25-2021, 8:44:04 AM
blindgamers14(roflgamer) used a wood_pack 1-25-2021, 8:44:11 AM
blindgamers14(roflgamer) used a wood_pack 1-25-2021, 8:44:11 AM
blindgamers14(roflgamer) used a wood_pack 1-25-2021, 8:44:11 AM
blindgamers14(roflgamer) used a wood_pack 1-25-2021, 8:44:11 AM
blindgamers14(roflgamer) used a wood_pack 1-25-2021, 8:44:11 AM
blindgamers14(roflgamer) used a wood_pack 1-25-2021, 8:44:12 AM
blindgamers14(roflgamer) used a wood_pack 1-25-2021, 8:44:12 AM
blindgamers14(roflgamer) used a wood_pack 1-25-2021, 8:44:12 AM
blindgamers14(roflgamer) used a wood_pack 1-25-2021, 8:44:12 AM
blindgamers14(roflgamer) used a wood_pack 1-25-2021, 8:44:12 AM
blindgamers14(roflgamer) used a wood_pack 1-25-2021, 8:44:21 AM
blindgamers14(roflgamer) used a wood_pack 1-25-2021, 8:44:21 AM
blindgamers14(roflgamer) used a wood_pack 1-25-2021, 8:44:31 AM
blindgamers14(roflgamer) used a wood_pack 1-25-2021, 8:44:31 AM
blindgamers14(roflgamer) used a wood_pack 1-25-2021, 8:44:31 AM
blindgamers14(roflgamer) used a wood_pack 1-25-2021, 8:44:32 AM
blindgamers14(roflgamer) used a wood_pack 1-25-2021, 8:44:32 AM
blindgamers14(roflgamer) used a wood_pack 1-25-2021, 8:44:32 AM
blindgamers14(roflgamer) used a wood_pack 1-25-2021, 8:44:32 AM
blindgamers14(roflgamer) used a wood_pack 1-25-2021, 8:44:32 AM
blindgamers14(roflgamer) used a wood_pack 1-25-2021, 8:44:32 AM
blindgamers14(roflgamer) used a wood_pack 1-25-2021, 8:44:32 AM
blindgamers14(roflgamer) used a wood_pack 1-25-2021, 8:44:32 AM
blindgamers14(roflgamer) used a wood_pack 1-25-2021, 8:44:32 AM
blindgamers14(roflgamer) used a wood_pack 1-25-2021, 8:44:33 AM
blindgamers14(roflgamer) used a wood_pack 1-25-2021, 8:44:33 AM
blindgamers14(roflgamer) used a wood_pack 1-25-2021, 8:44:33 AM
blindgamers14(roflgamer) used a wood_pack 1-25-2021, 8:44:33 AM
blindgamers14(roflgamer) used a wood_pack 1-25-2021, 8:44:33 AM
blindgamers14(roflgamer) used a wood_pack 1-25-2021, 8:44:33 AM
blindgamers14(roflgamer) used a wood_pack 1-25-2021, 8:44:33 AM
blindgamers14(roflgamer) used a wood_pack 1-25-2021, 8:44:33 AM
blindgamers14(roflgamer) used a wood_pack 1-25-2021, 8:44:33 AM
blindgamers14(roflgamer) used a wood_pack 1-25-2021, 8:44:34 AM
blindgamers14(roflgamer) used a wood_pack 1-25-2021, 8:44:34 AM
blindgamers14(roflgamer) used a wood_pack 1-25-2021, 8:44:34 AM
blindgamers14(roflgamer) used a wood_pack 1-25-2021, 8:44:34 AM
blindgamers14(roflgamer) used a wood_pack 1-25-2021, 8:44:34 AM
blindgamers14(roflgamer) used a wood_pack 1-25-2021, 8:44:34 AM
blindgamers14(roflgamer) used a wood_pack 1-25-2021, 8:44:34 AM
blindgamers14(roflgamer) used a wood_pack 1-25-2021, 8:44:35 AM
blindgamers14(roflgamer) used a wood_pack 1-25-2021, 8:44:35 AM
blindgamers14(roflgamer) used a wood_pack 1-25-2021, 8:44:35 AM
blindgamers14(roflgamer) used a wood_pack 1-25-2021, 8:44:35 AM
blindgamers14(roflgamer) used a wood_pack 1-25-2021, 8:44:35 AM
blindgamers14(roflgamer) used a wood_pack 1-25-2021, 8:44:35 AM
blindgamers14(roflgamer) used a wood_pack 1-25-2021, 8:44:35 AM
blindgamers14(roflgamer) used a wood_pack 1-25-2021, 8:44:35 AM
blindgamers14(roflgamer) used a wood_pack 1-25-2021, 8:44:35 AM
blindgamers14(roflgamer) used a wood_pack 1-25-2021, 8:44:36 AM
blindgamers14(roflgamer) used a wood_pack 1-25-2021, 8:44:36 AM
blindgamers14(roflgamer) used a wood_pack 1-25-2021, 8:44:36 AM
blindgamers14(roflgamer) used a wood_pack 1-25-2021, 8:44:36 AM
blindgamers14(roflgamer) used a wood_pack 1-25-2021, 8:44:36 AM
blindgamers14(roflgamer) used a wood_pack 1-25-2021, 8:44:36 AM
blindgamers14(roflgamer) used a wood_pack 1-25-2021, 8:44:36 AM
blindgamers14(roflgamer) used a wood_pack 1-25-2021, 8:44:36 AM
blindgamers14(roflgamer) used a wood_pack 1-25-2021, 8:44:36 AM
blindgamers14(roflgamer) used a wood_pack 1-25-2021, 8:44:36 AM
blindgamers14(roflgamer) used a wood_pack 1-25-2021, 8:44:37 AM
blindgamers14(roflgamer) used a wood_pack 1-25-2021, 8:44:37 AM
blindgamers14(roflgamer) used a wood_pack 1-25-2021, 8:44:37 AM
blindgamers14(roflgamer) used a wood_pack 1-25-2021, 8:44:37 AM
blindgamers14(roflgamer) used a wood_pack 1-25-2021, 8:44:37 AM
blindgamers14(roflgamer) used a wood_pack 1-25-2021, 8:44:37 AM
blindgamers14(roflgamer) used a wood_pack 1-25-2021, 8:44:37 AM
blindgamers14(roflgamer) used a wood_pack 1-25-2021, 8:44:38 AM
blindgamers14(roflgamer) used a wood_pack 1-25-2021, 8:44:38 AM
blindgamers14(roflgamer) used a wood_pack 1-25-2021, 8:44:38 AM
blindgamers14(roflgamer) used a wood_pack 1-25-2021, 8:44:38 AM
blindgamers14(roflgamer) used a wood_pack 1-25-2021, 8:44:38 AM
blindgamers14(roflgamer) used a wood_pack 1-25-2021, 8:44:38 AM
blindgamers14(roflgamer) used a wood_pack 1-25-2021, 8:44:38 AM
blindgamers14(roflgamer) used a wood_pack 1-25-2021, 8:44:38 AM
blindgamers14(roflgamer) used a wood_pack 1-25-2021, 8:44:38 AM
blindgamers14(roflgamer) used a wood_pack 1-25-2021, 8:44:38 AM
blindgamers14(roflgamer) used a wood_pack 1-25-2021, 8:44:38 AM
blindgamers14(roflgamer) used a wood_pack 1-25-2021, 8:44:39 AM
blindgamers14(roflgamer) used a wood_pack 1-25-2021, 8:44:39 AM
blindgamers14(roflgamer) used a wood_pack 1-25-2021, 8:44:39 AM
blindgamers14(roflgamer) used a wood_pack 1-25-2021, 8:44:39 AM
blindgamers14(roflgamer) used a wood_pack 1-25-2021, 8:44:39 AM
blindgamers14(roflgamer) used a wood_pack 1-25-2021, 8:44:39 AM
blindgamers14(roflgamer) used a wood_pack 1-25-2021, 8:44:39 AM
blindgamers14(roflgamer) used a wood_pack 1-25-2021, 8:44:39 AM
blindgamers14(roflgamer) used a wood_pack 1-25-2021, 8:44:39 AM
blindgamers14(roflgamer) used a wood_pack 1-25-2021, 8:44:39 AM
blindgamers14(roflgamer) used a wood_pack 1-25-2021, 8:44:40 AM
blindgamers14(roflgamer) used a wood_pack 1-25-2021, 8:44:40 AM
blindgamers14(roflgamer) used a wood_pack 1-25-2021, 8:44:40 AM
blindgamers14(roflgamer) used a wood_pack 1-25-2021, 8:44:40 AM
blindgamers14(roflgamer) used a wood_pack 1-25-2021, 8:44:40 AM
blindgamers14(roflgamer) used a wood_pack 1-25-2021, 8:44:40 AM
blindgamers14(roflgamer) used a wood_pack 1-25-2021, 8:44:40 AM
blindgamers14(roflgamer) used a wood_pack 1-25-2021, 8:44:41 AM
blindgamers14(roflgamer) used a wood_pack 1-25-2021, 8:44:41 AM
blindgamers14(roflgamer) used a wood_pack 1-25-2021, 8:44:41 AM
blindgamers14(roflgamer) used a wood_pack 1-25-2021, 8:44:41 AM
blindgamers14(roflgamer) used a wood_pack 1-25-2021, 8:44:41 AM
blindgamers14(roflgamer) used a wood_pack 1-25-2021, 8:44:41 AM
blindgamers14(roflgamer) used a wood_pack 1-25-2021, 8:44:41 AM
blindgamers14(roflgamer) used a wood_pack 1-25-2021, 8:44:42 AM
blindgamers14(roflgamer) used a wood_pack 1-25-2021, 8:44:42 AM
blindgamers14(roflgamer) used a wood_pack 1-25-2021, 8:44:42 AM
blindgamers14(roflgamer) used a wood_pack 1-25-2021, 8:44:42 AM
blindgamers14(roflgamer) used a wood_pack 1-25-2021, 8:44:42 AM
blindgamers14(roflgamer) used a wood_pack 1-25-2021, 8:44:42 AM
blindgamers14(roflgamer) used a wood_pack 1-25-2021, 8:44:42 AM
blindgamers14(roflgamer) used a wood_pack 1-25-2021, 8:44:42 AM
blindgamers14(roflgamer) used a wood_pack 1-25-2021, 8:44:43 AM
blindgamers14(roflgamer) used a wood_pack 1-25-2021, 8:44:43 AM
blindgamers14(roflgamer) used a wood_pack 1-25-2021, 8:44:43 AM
blindgamers14(roflgamer) used a wood_pack 1-25-2021, 8:44:46 AM
blindgamers14(roflgamer) used a wood_pack 1-25-2021, 8:44:46 AM
blindgamers14(roflgamer) used a wood_pack 1-25-2021, 8:44:46 AM
blindgamers14(roflgamer) used a wood_pack 1-25-2021, 8:44:46 AM
blindgamers14(roflgamer) used a wood_pack 1-25-2021, 8:44:46 AM
blindgamers14(roflgamer) used a wood_pack 1-25-2021, 8:44:46 AM
blindgamers14(roflgamer) used a wood_pack 1-25-2021, 8:44:47 AM
blindgamers14(roflgamer) used a wood_pack 1-25-2021, 8:44:47 AM
blindgamers14(roflgamer) used a wood_pack 1-25-2021, 8:44:47 AM
blindgamers14(roflgamer) used a wood_pack 1-25-2021, 8:44:47 AM
blindgamers14(roflgamer) used a wood_pack 1-25-2021, 8:44:47 AM
blindgamers14(roflgamer) used a wood_pack 1-25-2021, 8:44:47 AM
blindgamers14(roflgamer) used a wood_pack 1-25-2021, 8:44:47 AM
blindgamers14(roflgamer) used a wood_pack 1-25-2021, 8:44:47 AM
blindgamers14(roflgamer) used a wood_pack 1-25-2021, 8:44:47 AM
blindgamers14(roflgamer) used a wood_pack 1-25-2021, 8:44:48 AM
blindgamers14(roflgamer) used a wood_pack 1-25-2021, 8:44:48 AM
blindgamers14(roflgamer) used a wood_pack 1-25-2021, 8:44:48 AM
blindgamers14(roflgamer) used a wood_pack 1-25-2021, 8:44:48 AM
blindgamers14(roflgamer) used a wood_pack 1-25-2021, 8:44:48 AM
blindgamers14(roflgamer) used a wood_pack 1-25-2021, 8:44:48 AM
blindgamers14(roflgamer) used a wood_pack 1-25-2021, 8:44:49 AM
blindgamers14(roflgamer) used a wood_pack 1-25-2021, 8:44:49 AM
blindgamers14(roflgamer) used a wood_pack 1-25-2021, 8:44:49 AM
blindgamers14(roflgamer) used a wood_pack 1-25-2021, 8:44:49 AM
blindgamers14(roflgamer) used a wood_pack 1-25-2021, 8:44:49 AM
blindgamers14(roflgamer) used a wood_pack 1-25-2021, 8:44:49 AM
blindgamers14(roflgamer) used a wood_pack 1-25-2021, 8:44:50 AM
blindgamers14(roflgamer) used a wood_pack 1-25-2021, 8:44:50 AM
blindgamers14(roflgamer) used a wood_pack 1-25-2021, 8:44:50 AM
blindgamers14(roflgamer) used a wood_pack 1-25-2021, 8:44:50 AM
blindgamers14(roflgamer) used a wood_pack 1-25-2021, 8:44:50 AM
blindgamers14(roflgamer) used a wood_pack 1-25-2021, 8:44:50 AM
blindgamers14(roflgamer) used a wood_pack 1-25-2021, 8:44:50 AM
blindgamers14(roflgamer) used a wood_pack 1-25-2021, 8:44:50 AM
blindgamers14(roflgamer) used a wood_pack 1-25-2021, 8:44:50 AM
blindgamers14(roflgamer) used a wood_pack 1-25-2021, 8:44:51 AM
blindgamers14(roflgamer) used a wood_pack 1-25-2021, 8:44:51 AM
blindgamers14(roflgamer) used a wood_pack 1-25-2021, 8:44:51 AM
blindgamers14(roflgamer) used a wood_pack 1-25-2021, 8:44:51 AM
blindgamers14(roflgamer) used a wood_pack 1-25-2021, 8:44:51 AM
blindgamers14(roflgamer) used a wood_pack 1-25-2021, 8:44:51 AM
blindgamers14(roflgamer) used a wood_pack 1-25-2021, 8:44:51 AM
blindgamers14(roflgamer) used a warp_box 1-25-2021, 8:45:13 AM
blindgamers14(roflgamer) used a armored_tank 1-25-2021, 8:45:35 AM
blindgamers14(roflgamer) used a warp_box 1-25-2021, 8:45:48 AM
blindgamers14(roflgamer) used a warp_box 1-25-2021, 8:45:51 AM
blindgamers14(roflgamer) used a invisibility_shield 1-25-2021, 8:46:42 AM
blindgamers14(roflgamer) used a invisibility_shield 1-25-2021, 8:46:42 AM
blindgamers14(roflgamer) used a invisibility_shield 1-25-2021, 8:46:42 AM
blindgamers14(roflgamer) used a invisibility_shield 1-25-2021, 8:46:43 AM
blindgamers14(roflgamer) used a tk_ultra_health_potion 1-25-2021, 8:46:51 AM
blindgamers14(roflgamer) used a tk_ultra_health_potion 1-25-2021, 8:46:52 AM
blindgamers14(roflgamer) used a tk_ultra_health_potion 1-25-2021, 8:46:52 AM
blindgamers14(roflgamer) used a tk_ultra_health_potion 1-25-2021, 8:47:15 AM
blindgamers14(roflgamer) used a tk_ultra_health_potion 1-25-2021, 8:47:17 AM
blindgamers14(roflgamer) used a tk_ultra_health_potion 1-25-2021, 8:47:17 AM
blindgamers14(roflgamer) used a health_drink 1-25-2021, 8:47:19 AM
blindgamers14(roflgamer) used a health_drink 1-25-2021, 8:47:19 AM
blindgamers14(roflgamer) used a health_drink 1-25-2021, 8:47:20 AM
blindgamers14(roflgamer) used a health_drink 1-25-2021, 8:47:22 AM
blindgamers14(roflgamer) used a health_drink 1-25-2021, 8:47:22 AM
blindgamers14(roflgamer) used a health_drink 1-25-2021, 8:47:23 AM
blindgamers14(roflgamer) used a health_drink 1-25-2021, 8:47:23 AM
blindgamers14(roflgamer) used a health_drink 1-25-2021, 8:47:26 AM
blindgamers14(roflgamer) used a health_drink 1-25-2021, 8:47:29 AM
blindgamers14(roflgamer) used a sky_436_mine 1-25-2021, 8:47:49 AM
blindgamers14(roflgamer) used a health_drink 1-25-2021, 8:47:53 AM
blindgamers14(roflgamer) used a fight_inviter 1-25-2021, 8:48:59 AM
blindgamers14(roflgamer) used a wood 1-25-2021, 8:50:30 AM
blindgamers14(roflgamer) used a wood_pack 1-25-2021, 8:50:54 AM
blindgamers14(roflgamer) used a wood_pack 1-25-2021, 8:50:54 AM
blindgamers14(roflgamer) used a wood_pack 1-25-2021, 8:50:54 AM
blindgamers14(roflgamer) used a wood_pack 1-25-2021, 8:50:55 AM
blindgamers14(roflgamer) used a wood_pack 1-25-2021, 8:50:55 AM
blindgamers14(roflgamer) used a wood_pack 1-25-2021, 8:50:55 AM
blindgamers14(roflgamer) used a wood_pack 1-25-2021, 8:50:55 AM
blindgamers14(roflgamer) used a wood_pack 1-25-2021, 8:50:55 AM
blindgamers14(roflgamer) used a wood_pack 1-25-2021, 8:50:55 AM
blindgamers14(roflgamer) used a wood_pack 1-25-2021, 8:50:55 AM
blindgamers14(roflgamer) used a wood_pack 1-25-2021, 8:50:55 AM
blindgamers14(roflgamer) used a wood_pack 1-25-2021, 8:50:55 AM
blindgamers14(roflgamer) used a wood_pack 1-25-2021, 8:50:55 AM
blindgamers14(roflgamer) used a wood_pack 1-25-2021, 8:50:56 AM
blindgamers14(roflgamer) used a wood_pack 1-25-2021, 8:50:56 AM
blindgamers14(roflgamer) used a wood_pack 1-25-2021, 8:50:56 AM
blindgamers14(roflgamer) used a wood_pack 1-25-2021, 8:50:56 AM
blindgamers14(roflgamer) used a wood_pack 1-25-2021, 8:50:56 AM
blindgamers14(roflgamer) used a wood_pack 1-25-2021, 8:50:56 AM
blindgamers14(roflgamer) used a wood_pack 1-25-2021, 8:50:56 AM
blindgamers14(roflgamer) used a wood_pack 1-25-2021, 8:50:56 AM
blindgamers14(roflgamer) used a wood_pack 1-25-2021, 8:50:56 AM
blindgamers14(roflgamer) used a wood_pack 1-25-2021, 8:50:56 AM
blindgamers14(roflgamer) used a wood_pack 1-25-2021, 8:50:56 AM
blindgamers14(roflgamer) used a wood_pack 1-25-2021, 8:50:57 AM
blindgamers14(roflgamer) used a wood_pack 1-25-2021, 8:50:57 AM
blindgamers14(roflgamer) used a wood_pack 1-25-2021, 8:50:57 AM
blindgamers14(roflgamer) used a wood_pack 1-25-2021, 8:50:57 AM
blindgamers14(roflgamer) used a wood_pack 1-25-2021, 8:50:57 AM
blindgamers14(roflgamer) used a wood_pack 1-25-2021, 8:50:57 AM
blindgamers14(roflgamer) used a wood_pack 1-25-2021, 8:50:57 AM
blindgamers14(roflgamer) used a wood_pack 1-25-2021, 8:50:58 AM
blindgamers14(roflgamer) used a wood_pack 1-25-2021, 8:50:58 AM
blindgamers14(roflgamer) used a wood_pack 1-25-2021, 8:50:58 AM
blindgamers14(roflgamer) used a wood_pack 1-25-2021, 8:50:58 AM
blindgamers14(roflgamer) used a wood_pack 1-25-2021, 8:50:58 AM
blindgamers14(roflgamer) used a wood_pack 1-25-2021, 8:50:58 AM
blindgamers14(roflgamer) used a wood_pack 1-25-2021, 8:50:58 AM
blindgamers14(roflgamer) used a wood_pack 1-25-2021, 8:50:58 AM
blindgamers14(roflgamer) used a wood_pack 1-25-2021, 8:50:58 AM
blindgamers14(roflgamer) used a wood_pack 1-25-2021, 8:50:59 AM
blindgamers14(roflgamer) used a wood_pack 1-25-2021, 8:50:59 AM
blindgamers14(roflgamer) used a wood_pack 1-25-2021, 8:50:59 AM
blindgamers14(roflgamer) used a wood_pack 1-25-2021, 8:50:59 AM
blindgamers14(roflgamer) used a wood_pack 1-25-2021, 8:50:59 AM
blindgamers14(roflgamer) used a wood_pack 1-25-2021, 8:50:59 AM
blindgamers14(roflgamer) used a wood_pack 1-25-2021, 8:50:59 AM
blindgamers14(roflgamer) used a wood_pack 1-25-2021, 8:50:59 AM
blindgamers14(roflgamer) used a wood_pack 1-25-2021, 8:50:59 AM
blindgamers14(roflgamer) used a wood_pack 1-25-2021, 8:50:59 AM
blindgamers14(roflgamer) used a wood_pack 1-25-2021, 8:51:00 AM
blindgamers14(roflgamer) used a wood_pack 1-25-2021, 8:51:00 AM
blindgamers14(roflgamer) used a wood_pack 1-25-2021, 8:51:00 AM
blindgamers14(roflgamer) used a wood_pack 1-25-2021, 8:51:00 AM
blindgamers14(roflgamer) used a wood_pack 1-25-2021, 8:51:00 AM
blindgamers14(roflgamer) used a wood_pack 1-25-2021, 8:51:00 AM
blindgamers14(roflgamer) used a wood_pack 1-25-2021, 8:51:00 AM
blindgamers14(roflgamer) used a wood_pack 1-25-2021, 8:51:00 AM
blindgamers14(roflgamer) used a wood_pack 1-25-2021, 8:51:00 AM
blindgamers14(roflgamer) used a wood_pack 1-25-2021, 8:51:00 AM
blindgamers14(roflgamer) used a wood_pack 1-25-2021, 8:51:00 AM
blindgamers14(roflgamer) used a wood_pack 1-25-2021, 8:51:01 AM
blindgamers14(roflgamer) used a wood_pack 1-25-2021, 8:51:01 AM
blindgamers14(roflgamer) used a wood_pack 1-25-2021, 8:51:01 AM
blindgamers14(roflgamer) used a wood_pack 1-25-2021, 8:51:01 AM
blindgamers14(roflgamer) used a wood_pack 1-25-2021, 8:51:01 AM
blindgamers14(roflgamer) used a wood_pack 1-25-2021, 8:51:01 AM
blindgamers14(roflgamer) used a wood_pack 1-25-2021, 8:51:01 AM
blindgamers14(roflgamer) used a wood_pack 1-25-2021, 8:51:01 AM
blindgamers14(roflgamer) used a wood_pack 1-25-2021, 8:51:02 AM
blindgamers14(roflgamer) used a wood_pack 1-25-2021, 8:51:02 AM
blindgamers14(roflgamer) used a wood_pack 1-25-2021, 8:51:02 AM
blindgamers14(roflgamer) used a wood_pack 1-25-2021, 8:51:02 AM
blindgamers14(roflgamer) used a wood_pack 1-25-2021, 8:51:02 AM
blindgamers14(roflgamer) used a wood_pack 1-25-2021, 8:51:02 AM
blindgamers14(roflgamer) used a wood_pack 1-25-2021, 8:51:02 AM
blindgamers14(roflgamer) used a wood_pack 1-25-2021, 8:51:02 AM
blindgamers14(roflgamer) used a wood_pack 1-25-2021, 8:51:02 AM
blindgamers14(roflgamer) used a wood_pack 1-25-2021, 8:51:02 AM
blindgamers14(roflgamer) used a wood_pack 1-25-2021, 8:51:03 AM
blindgamers14(roflgamer) used a wood_pack 1-25-2021, 8:51:03 AM
blindgamers14(roflgamer) used a wood_pack 1-25-2021, 8:51:03 AM
blindgamers14(roflgamer) used a wood_pack 1-25-2021, 8:51:03 AM
blindgamers14(roflgamer) used a wood_pack 1-25-2021, 8:51:03 AM
blindgamers14(roflgamer) used a wood_pack 1-25-2021, 8:51:03 AM
blindgamers14(roflgamer) used a wood_pack 1-25-2021, 8:51:04 AM
blindgamers14(roflgamer) used a wood_pack 1-25-2021, 8:51:04 AM
blindgamers14(roflgamer) used a wood_pack 1-25-2021, 8:51:04 AM
blindgamers14(roflgamer) used a wood_pack 1-25-2021, 8:51:04 AM
blindgamers14(roflgamer) used a wood_pack 1-25-2021, 8:51:04 AM
blindgamers14(roflgamer) used a wood_pack 1-25-2021, 8:51:04 AM
blindgamers14(roflgamer) used a wood_pack 1-25-2021, 8:51:04 AM
blindgamers14(roflgamer) used a wood_pack 1-25-2021, 8:51:04 AM
blindgamers14(roflgamer) used a wood_pack 1-25-2021, 8:51:05 AM
blindgamers14(roflgamer) used a wood_pack 1-25-2021, 8:51:05 AM
blindgamers14(roflgamer) used a wood_pack 1-25-2021, 8:51:05 AM
blindgamers14(roflgamer) used a wood_pack 1-25-2021, 8:51:05 AM
blindgamers14(roflgamer) used a wood_pack 1-25-2021, 8:51:05 AM
blindgamers14(roflgamer) used a wood_pack 1-25-2021, 8:51:05 AM
blindgamers14(roflgamer) used a wood_pack 1-25-2021, 8:51:05 AM
blindgamers14(roflgamer) used a wood_pack 1-25-2021, 8:51:05 AM
blindgamers14(roflgamer) used a wood_pack 1-25-2021, 8:51:05 AM
blindgamers14(roflgamer) used a wood_pack 1-25-2021, 8:51:05 AM
blindgamers14(roflgamer) used a wood_pack 1-25-2021, 8:51:06 AM
blindgamers14(roflgamer) used a wood_pack 1-25-2021, 8:51:06 AM
blindgamers14(roflgamer) used a wood_pack 1-25-2021, 8:51:06 AM
blindgamers14(roflgamer) used a wood_pack 1-25-2021, 8:51:06 AM
blindgamers14(roflgamer) used a wood_pack 1-25-2021, 8:51:06 AM
blindgamers14(roflgamer) used a wood_pack 1-25-2021, 8:51:06 AM
blindgamers14(roflgamer) used a wood_pack 1-25-2021, 8:51:06 AM
blindgamers14(roflgamer) used a wood_pack 1-25-2021, 8:51:06 AM
blindgamers14(roflgamer) used a wood_pack 1-25-2021, 8:51:06 AM
blindgamers14(roflgamer) used a wood_pack 1-25-2021, 8:51:07 AM
blindgamers14(roflgamer) used a wood_pack 1-25-2021, 8:51:07 AM
blindgamers14(roflgamer) used a wood_pack 1-25-2021, 8:51:07 AM
blindgamers14(roflgamer) used a wood_pack 1-25-2021, 8:51:07 AM
blindgamers14(roflgamer) used a wood_pack 1-25-2021, 8:51:07 AM
blindgamers14(roflgamer) used a wood_pack 1-25-2021, 8:51:07 AM
blindgamers14(roflgamer) used a wood_pack 1-25-2021, 8:51:07 AM
blindgamers14(roflgamer) used a wood_pack 1-25-2021, 8:51:07 AM
blindgamers14(roflgamer) used a wood_pack 1-25-2021, 8:51:08 AM
blindgamers14(roflgamer) used a wood_pack 1-25-2021, 8:51:08 AM
blindgamers14(roflgamer) used a wood_pack 1-25-2021, 8:51:08 AM
blindgamers14(roflgamer) used a wood_pack 1-25-2021, 8:51:08 AM
blindgamers14(roflgamer) used a wood_pack 1-25-2021, 8:51:08 AM
blindgamers14(roflgamer) used a wood_pack 1-25-2021, 8:51:08 AM
blindgamers14(roflgamer) used a wood_pack 1-25-2021, 8:51:09 AM
blindgamers14(roflgamer) used a wood_pack 1-25-2021, 8:51:09 AM
blindgamers14(roflgamer) used a wood_pack 1-25-2021, 8:51:09 AM
blindgamers14(roflgamer) used a wood_pack 1-25-2021, 8:51:09 AM
blindgamers14(roflgamer) used a wood_pack 1-25-2021, 8:51:09 AM
blindgamers14(roflgamer) used a wood_pack 1-25-2021, 8:51:09 AM
blindgamers14(roflgamer) used a wood_pack 1-25-2021, 8:51:09 AM
blindgamers14(roflgamer) used a wood_pack 1-25-2021, 8:51:09 AM
blindgamers14(roflgamer) used a wood_pack 1-25-2021, 8:51:10 AM
blindgamers14(roflgamer) used a wood_pack 1-25-2021, 8:51:10 AM
blindgamers14(roflgamer) used a wood_pack 1-25-2021, 8:51:10 AM
blindgamers14(roflgamer) used a wood_pack 1-25-2021, 8:51:10 AM
blindgamers14(roflgamer) used a wood_pack 1-25-2021, 8:51:10 AM
blindgamers14(roflgamer) used a wood_pack 1-25-2021, 8:51:10 AM
blindgamers14(roflgamer) used a wood_pack 1-25-2021, 8:51:10 AM
blindgamers14(roflgamer) used a wood_pack 1-25-2021, 8:51:10 AM
blindgamers14(roflgamer) used a wood_pack 1-25-2021, 8:51:10 AM
blindgamers14(roflgamer) used a wood_pack 1-25-2021, 8:51:11 AM
blindgamers14(roflgamer) used a wood_pack 1-25-2021, 8:51:11 AM
blindgamers14(roflgamer) used a wood_pack 1-25-2021, 8:51:11 AM
blindgamers14(roflgamer) used a wood_pack 1-25-2021, 8:51:11 AM
blindgamers14(roflgamer) used a wood_pack 1-25-2021, 8:51:11 AM
blindgamers14(roflgamer) used a wood_pack 1-25-2021, 8:51:11 AM
blindgamers14(roflgamer) used a wood_pack 1-25-2021, 8:51:11 AM
blindgamers14(roflgamer) used a wood_pack 1-25-2021, 8:51:11 AM
blindgamers14(roflgamer) used a wood_pack 1-25-2021, 8:51:12 AM
blindgamers14(roflgamer) used a wood_pack 1-25-2021, 8:51:12 AM
blindgamers14(roflgamer) used a wood_pack 1-25-2021, 8:51:12 AM
blindgamers14(roflgamer) used a wood_pack 1-25-2021, 8:51:12 AM
blindgamers14(roflgamer) used a wood_pack 1-25-2021, 8:51:12 AM
blindgamers14(roflgamer) used a wood_pack 1-25-2021, 8:51:12 AM
blindgamers14(roflgamer) used a wood_pack 1-25-2021, 8:51:12 AM
blindgamers14(roflgamer) used a wood_pack 1-25-2021, 8:51:12 AM
blindgamers14(roflgamer) used a wood_pack 1-25-2021, 8:51:12 AM
blindgamers14(roflgamer) used a wood_pack 1-25-2021, 8:51:13 AM
blindgamers14(roflgamer) used a wood_pack 1-25-2021, 8:51:13 AM
blindgamers14(roflgamer) used a wood_pack 1-25-2021, 8:51:13 AM
blindgamers14(roflgamer) used a wood_pack 1-25-2021, 8:51:13 AM
blindgamers14(roflgamer) used a wood_pack 1-25-2021, 8:51:13 AM
blindgamers14(roflgamer) used a wood_pack 1-25-2021, 8:51:13 AM
blindgamers14(roflgamer) used a wood_pack 1-25-2021, 8:51:13 AM
blindgamers14(roflgamer) used a wood_pack 1-25-2021, 8:51:13 AM
blindgamers14(roflgamer) used a wood_pack 1-25-2021, 8:51:13 AM
blindgamers14(roflgamer) used a wood_pack 1-25-2021, 8:51:13 AM
blindgamers14(roflgamer) used a wood_pack 1-25-2021, 8:51:14 AM
blindgamers14(roflgamer) used a wood_pack 1-25-2021, 8:51:14 AM
blindgamers14(roflgamer) used a wood_pack 1-25-2021, 8:51:14 AM
blindgamers14(roflgamer) used a wood_pack 1-25-2021, 8:51:14 AM
blindgamers14(roflgamer) used a wood_pack 1-25-2021, 8:51:14 AM
blindgamers14(roflgamer) used a wood_pack 1-25-2021, 8:51:14 AM
blindgamers14(roflgamer) used a wood_pack 1-25-2021, 8:51:14 AM
blindgamers14(roflgamer) used a wood_pack 1-25-2021, 8:51:14 AM
blindgamers14(roflgamer) used a wood_pack 1-25-2021, 8:51:14 AM
blindgamers14(roflgamer) used a wood_pack 1-25-2021, 8:51:15 AM
blindgamers14(roflgamer) used a wood_pack 1-25-2021, 8:51:15 AM
blindgamers14(roflgamer) used a wood_pack 1-25-2021, 8:51:15 AM
blindgamers14(roflgamer) used a wood_pack 1-25-2021, 8:51:15 AM
blindgamers14(roflgamer) used a wood_pack 1-25-2021, 8:51:15 AM
blindgamers14(roflgamer) used a wood_pack 1-25-2021, 8:51:15 AM
blindgamers14(roflgamer) used a wood_pack 1-25-2021, 8:51:15 AM
blindgamers14(roflgamer) used a wood_pack 1-25-2021, 8:51:15 AM
blindgamers14(roflgamer) used a wood_pack 1-25-2021, 8:51:15 AM
blindgamers14(roflgamer) used a wood_pack 1-25-2021, 8:51:16 AM
blindgamers14(roflgamer) used a wood_pack 1-25-2021, 8:51:16 AM
blindgamers14(roflgamer) used a wood_pack 1-25-2021, 8:51:16 AM
blindgamers14(roflgamer) used a wood_pack 1-25-2021, 8:51:16 AM
blindgamers14(roflgamer) used a wood_pack 1-25-2021, 8:51:16 AM
blindgamers14(roflgamer) used a wood_pack 1-25-2021, 8:51:16 AM
blindgamers14(roflgamer) used a wood_pack 1-25-2021, 8:51:16 AM
blindgamers14(roflgamer) used a wood_pack 1-25-2021, 8:51:17 AM
blindgamers14(roflgamer) used a wood_pack 1-25-2021, 8:51:17 AM
blindgamers14(roflgamer) used a wood_pack 1-25-2021, 8:51:17 AM
blindgamers14(roflgamer) used a wood_pack 1-25-2021, 8:51:17 AM
blindgamers14(roflgamer) used a wood_pack 1-25-2021, 8:51:17 AM
blindgamers14(roflgamer) used a wood_pack 1-25-2021, 8:51:17 AM
blindgamers14(roflgamer) used a wood_pack 1-25-2021, 8:51:17 AM
blindgamers14(roflgamer) used a wood_pack 1-25-2021, 8:51:17 AM
blindgamers14(roflgamer) used a wood_pack 1-25-2021, 8:51:17 AM
blindgamers14(roflgamer) used a wood_pack 1-25-2021, 8:51:18 AM
blindgamers14(roflgamer) used a wood_pack 1-25-2021, 8:51:18 AM
blindgamers14(roflgamer) used a wood_pack 1-25-2021, 8:51:18 AM
blindgamers14(roflgamer) used a wood_pack 1-25-2021, 8:51:21 AM
blindgamers14(roflgamer) used a wood_pack 1-25-2021, 8:51:21 AM
blindgamers14(roflgamer) used a wood_pack 1-25-2021, 8:51:21 AM
blindgamers14(roflgamer) used a wood_pack 1-25-2021, 8:51:21 AM
blindgamers14(roflgamer) used a wood_pack 1-25-2021, 8:51:21 AM
blindgamers14(roflgamer) used a wood_pack 1-25-2021, 8:51:21 AM
blindgamers14(roflgamer) used a wood_pack 1-25-2021, 8:51:21 AM
blindgamers14(roflgamer) used a wood_pack 1-25-2021, 8:51:22 AM
blindgamers14(roflgamer) used a wood_pack 1-25-2021, 8:51:22 AM
blindgamers14(roflgamer) used a wood_pack 1-25-2021, 8:51:22 AM
blindgamers14(roflgamer) used a wood_pack 1-25-2021, 8:51:22 AM
blindgamers14(roflgamer) used a wood_pack 1-25-2021, 8:51:22 AM
blindgamers14(roflgamer) used a wood_pack 1-25-2021, 8:51:22 AM
blindgamers14(roflgamer) used a wood_pack 1-25-2021, 8:51:22 AM
blindgamers14(roflgamer) used a wood_pack 1-25-2021, 8:51:22 AM
blindgamers14(roflgamer) used a wood_pack 1-25-2021, 8:51:25 AM
blindgamers14(roflgamer) used a wood_pack 1-25-2021, 8:51:25 AM
blindgamers14(roflgamer) used a wood_pack 1-25-2021, 8:51:25 AM
blindgamers14(roflgamer) used a wood_pack 1-25-2021, 8:51:25 AM
blindgamers14(roflgamer) used a wood_pack 1-25-2021, 8:51:25 AM
blindgamers14(roflgamer) used a wood_pack 1-25-2021, 8:51:25 AM
blindgamers14(roflgamer) used a wood_pack 1-25-2021, 8:51:25 AM
blindgamers14(roflgamer) used a wood_pack 1-25-2021, 8:51:26 AM
blindgamers14(roflgamer) used a wood_pack 1-25-2021, 8:51:26 AM
blindgamers14(roflgamer) used a wood_pack 1-25-2021, 8:51:26 AM
blindgamers14(roflgamer) used a wood_pack 1-25-2021, 8:51:26 AM
blindgamers14(roflgamer) used a wood_pack 1-25-2021, 8:51:26 AM
blindgamers14(roflgamer) used a wood_pack 1-25-2021, 8:51:26 AM
blindgamers14(roflgamer) used a wood_pack 1-25-2021, 8:51:26 AM
blindgamers14(roflgamer) used a wood_pack 1-25-2021, 8:51:26 AM
blindgamers14(roflgamer) used a wood_pack 1-25-2021, 8:51:26 AM
blindgamers14(roflgamer) used a wood_pack 1-25-2021, 8:51:27 AM
blindgamers14(roflgamer) used a wood_pack 1-25-2021, 8:51:27 AM
blindgamers14(roflgamer) used a wood_pack 1-25-2021, 8:51:27 AM
blindgamers14(roflgamer) used a wood_pack 1-25-2021, 8:51:27 AM
blindgamers14(roflgamer) used a wood_pack 1-25-2021, 8:51:27 AM
blindgamers14(roflgamer) used a wood_pack 1-25-2021, 8:51:27 AM
blindgamers14(roflgamer) used a wood_pack 1-25-2021, 8:51:28 AM
blindgamers14(roflgamer) used a wood_pack 1-25-2021, 8:51:28 AM
blindgamers14(roflgamer) used a wood_pack 1-25-2021, 8:51:28 AM
blindgamers14(roflgamer) used a wood_pack 1-25-2021, 8:51:28 AM
blindgamers14(roflgamer) used a wood_pack 1-25-2021, 8:51:28 AM
blindgamers14(roflgamer) used a wood_pack 1-25-2021, 8:51:28 AM
blindgamers14(roflgamer) used a wood_pack 1-25-2021, 8:51:28 AM
blindgamers14(roflgamer) used a wood_pack 1-25-2021, 8:51:28 AM
blindgamers14(roflgamer) used a wood_pack 1-25-2021, 8:51:28 AM
blindgamers14(roflgamer) used a wood_pack 1-25-2021, 8:51:28 AM
blindgamers14(roflgamer) used a wood_pack 1-25-2021, 8:51:29 AM
blindgamers14(roflgamer) used a wood_pack 1-25-2021, 8:51:29 AM
blindgamers14(roflgamer) used a wood_pack 1-25-2021, 8:51:29 AM
blindgamers14(roflgamer) used a wood_pack 1-25-2021, 8:51:29 AM
blindgamers14(roflgamer) used a wood_pack 1-25-2021, 8:51:29 AM
blindgamers14(roflgamer) used a wood_pack 1-25-2021, 8:51:29 AM
blindgamers14(roflgamer) used a wood_pack 1-25-2021, 8:51:29 AM
blindgamers14(roflgamer) used a wood_pack 1-25-2021, 8:51:29 AM
blindgamers14(roflgamer) used a wood_pack 1-25-2021, 8:51:30 AM
blindgamers14(roflgamer) used a wood_pack 1-25-2021, 8:51:30 AM
blindgamers14(roflgamer) used a wood_pack 1-25-2021, 8:51:30 AM
blindgamers14(roflgamer) used a wood_pack 1-25-2021, 8:51:30 AM
blindgamers14(roflgamer) used a wood_pack 1-25-2021, 8:51:30 AM
blindgamers14(roflgamer) used a wood_pack 1-25-2021, 8:51:30 AM
blindgamers14(roflgamer) used a wood_pack 1-25-2021, 8:51:30 AM
blindgamers14(roflgamer) used a wood_pack 1-25-2021, 8:51:31 AM
blindgamers14(roflgamer) used a wood_pack 1-25-2021, 8:51:31 AM
blindgamers14(roflgamer) used a wood_pack 1-25-2021, 8:51:31 AM
blindgamers14(roflgamer) used a wood_pack 1-25-2021, 8:51:31 AM
blindgamers14(roflgamer) used a wood_pack 1-25-2021, 8:51:31 AM
blindgamers14(roflgamer) used a wood_pack 1-25-2021, 8:51:31 AM
blindgamers14(roflgamer) used a wood_pack 1-25-2021, 8:51:31 AM
blindgamers14(roflgamer) used a wood_pack 1-25-2021, 8:51:32 AM
blindgamers14(roflgamer) used a wood_pack 1-25-2021, 8:51:32 AM
blindgamers14(roflgamer) used a wood_pack 1-25-2021, 8:51:32 AM
blindgamers14(roflgamer) used a wood_pack 1-25-2021, 8:51:32 AM
blindgamers14(roflgamer) used a wood_pack 1-25-2021, 8:51:32 AM
blindgamers14(roflgamer) used a wood_pack 1-25-2021, 8:51:32 AM
blindgamers14(roflgamer) used a wood_pack 1-25-2021, 8:51:32 AM
blindgamers14(roflgamer) used a wood_pack 1-25-2021, 8:51:33 AM
blindgamers14(roflgamer) used a wood_pack 1-25-2021, 8:51:33 AM
blindgamers14(roflgamer) used a wood_pack 1-25-2021, 8:51:33 AM
blindgamers14(roflgamer) used a wood_pack 1-25-2021, 8:51:33 AM
blindgamers14(roflgamer) used a wood_pack 1-25-2021, 8:51:33 AM
blindgamers14(roflgamer) used a wood_pack 1-25-2021, 8:51:33 AM
blindgamers14(roflgamer) used a wood_pack 1-25-2021, 8:51:33 AM
blindgamers14(roflgamer) used a wood_pack 1-25-2021, 8:51:33 AM
blindgamers14(roflgamer) used a wood_pack 1-25-2021, 8:51:33 AM
blindgamers14(roflgamer) used a wood_pack 1-25-2021, 8:51:33 AM
blindgamers14(roflgamer) used a wood_pack 1-25-2021, 8:51:34 AM
blindgamers14(roflgamer) used a wood_pack 1-25-2021, 8:51:34 AM
blindgamers14(roflgamer) used a wood_pack 1-25-2021, 8:51:34 AM
blindgamers14(roflgamer) used a wood_pack 1-25-2021, 8:51:34 AM
blindgamers14(roflgamer) used a wood_pack 1-25-2021, 8:51:34 AM
blindgamers14(roflgamer) used a wood_pack 1-25-2021, 8:51:34 AM
blindgamers14(roflgamer) used a wood_pack 1-25-2021, 8:51:34 AM
blindgamers14(roflgamer) used a wood_pack 1-25-2021, 8:51:34 AM
blindgamers14(roflgamer) used a wood_pack 1-25-2021, 8:51:34 AM
blindgamers14(roflgamer) used a wood_pack 1-25-2021, 8:51:34 AM
blindgamers14(roflgamer) used a wood_pack 1-25-2021, 8:51:35 AM
blindgamers14(roflgamer) used a wood_pack 1-25-2021, 8:51:35 AM
blindgamers14(roflgamer) used a wood_pack 1-25-2021, 8:51:35 AM
blindgamers14(roflgamer) used a wood_pack 1-25-2021, 8:51:35 AM
blindgamers14(roflgamer) used a wood_pack 1-25-2021, 8:51:35 AM
blindgamers14(roflgamer) used a wood_pack 1-25-2021, 8:51:35 AM
blindgamers14(roflgamer) used a wood_pack 1-25-2021, 8:51:36 AM
blindgamers14(roflgamer) used a wood_pack 1-25-2021, 8:51:36 AM
blindgamers14(roflgamer) used a wood_pack 1-25-2021, 8:51:36 AM
blindgamers14(roflgamer) used a wood_pack 1-25-2021, 8:51:36 AM
blindgamers14(roflgamer) used a wood_pack 1-25-2021, 8:51:36 AM
blindgamers14(roflgamer) used a wood_pack 1-25-2021, 8:51:36 AM
blindgamers14(roflgamer) used a wood_pack 1-25-2021, 8:51:36 AM
blindgamers14(roflgamer) used a wood_pack 1-25-2021, 8:51:36 AM
blindgamers14(roflgamer) used a wood_pack 1-25-2021, 8:51:36 AM
blindgamers14(roflgamer) used a wood_pack 1-25-2021, 8:51:37 AM
blindgamers14(roflgamer) used a wood_pack 1-25-2021, 8:51:37 AM
blindgamers14(roflgamer) used a wood_pack 1-25-2021, 8:51:37 AM
blindgamers14(roflgamer) used a wood_pack 1-25-2021, 8:51:37 AM
blindgamers14(roflgamer) used a wood_pack 1-25-2021, 8:51:37 AM
blindgamers14(roflgamer) used a wood_pack 1-25-2021, 8:51:37 AM
blindgamers14(roflgamer) used a wood_pack 1-25-2021, 8:51:37 AM
blindgamers14(roflgamer) used a wood_pack 1-25-2021, 8:51:38 AM
blindgamers14(roflgamer) used a wood_pack 1-25-2021, 8:51:38 AM
blindgamers14(roflgamer) used a wood_pack 1-25-2021, 8:51:38 AM
blindgamers14(roflgamer) used a wood_pack 1-25-2021, 8:51:38 AM
blindgamers14(roflgamer) used a wood_pack 1-25-2021, 8:51:38 AM
blindgamers14(roflgamer) used a wood_pack 1-25-2021, 8:51:38 AM
blindgamers14(roflgamer) used a wood_pack 1-25-2021, 8:51:38 AM
blindgamers14(roflgamer) used a wood_pack 1-25-2021, 8:51:38 AM
blindgamers14(roflgamer) used a wood_pack 1-25-2021, 8:51:38 AM
blindgamers14(roflgamer) used a wood_pack 1-25-2021, 8:51:38 AM
blindgamers14(roflgamer) used a wood_pack 1-25-2021, 8:51:39 AM
blindgamers14(roflgamer) used a wood_pack 1-25-2021, 8:51:39 AM
blindgamers14(roflgamer) used a wood_pack 1-25-2021, 8:51:39 AM
blindgamers14(roflgamer) used a wood_pack 1-25-2021, 8:51:39 AM
blindgamers14(roflgamer) used a wood_pack 1-25-2021, 8:51:39 AM
blindgamers14(roflgamer) used a wood_pack 1-25-2021, 8:51:39 AM
blindgamers14(roflgamer) used a wood_pack 1-25-2021, 8:51:39 AM
blindgamers14(roflgamer) used a wood_pack 1-25-2021, 8:51:39 AM
blindgamers14(roflgamer) used a wood_pack 1-25-2021, 8:51:39 AM
blindgamers14(roflgamer) used a wood_pack 1-25-2021, 8:51:39 AM
blindgamers14(roflgamer) used a wood_pack 1-25-2021, 8:51:40 AM
blindgamers14(roflgamer) used a wood_pack 1-25-2021, 8:51:40 AM
blindgamers14(roflgamer) used a wood_pack 1-25-2021, 8:51:41 AM
blindgamers14(roflgamer) used a wood_pack 1-25-2021, 8:51:41 AM
blindgamers14(roflgamer) used a wood_pack 1-25-2021, 8:51:41 AM
blindgamers14(roflgamer) used a wood_pack 1-25-2021, 8:51:41 AM
blindgamers14(roflgamer) used a wood_pack 1-25-2021, 8:51:41 AM
blindgamers14(roflgamer) used a wood_pack 1-25-2021, 8:51:41 AM
blindgamers14(roflgamer) used a wood_pack 1-25-2021, 8:51:42 AM
blindgamers14(roflgamer) used a wood_pack 1-25-2021, 8:51:42 AM
blindgamers14(roflgamer) used a wood_pack 1-25-2021, 8:51:42 AM
blindgamers14(roflgamer) used a wood_pack 1-25-2021, 8:51:43 AM
blindgamers14(roflgamer) used a wood_pack 1-25-2021, 8:51:43 AM
blindgamers14(roflgamer) used a wood_pack 1-25-2021, 8:51:43 AM
blindgamers14(roflgamer) used a wood_pack 1-25-2021, 8:51:43 AM
blindgamers14(roflgamer) used a wood_pack 1-25-2021, 8:51:43 AM
blindgamers14(roflgamer) used a wood_pack 1-25-2021, 8:51:44 AM
blindgamers14(roflgamer) used a wood_pack 1-25-2021, 8:51:44 AM
blindgamers14(roflgamer) used a wood_pack 1-25-2021, 8:51:44 AM
blindgamers14(roflgamer) used a wood_pack 1-25-2021, 8:51:44 AM
blindgamers14(roflgamer) used a wood_pack 1-25-2021, 8:51:44 AM
blindgamers14(roflgamer) used a wood_pack 1-25-2021, 8:51:44 AM
blindgamers14(roflgamer) used a wood_pack 1-25-2021, 8:51:44 AM
blindgamers14(roflgamer) used a wood_pack 1-25-2021, 8:51:45 AM
blindgamers14(roflgamer) used a wood_pack 1-25-2021, 8:51:45 AM
blindgamers14(roflgamer) used a wood_pack 1-25-2021, 8:51:45 AM
blindgamers14(roflgamer) used a wood_pack 1-25-2021, 8:51:45 AM
blindgamers14(roflgamer) used a wood_pack 1-25-2021, 8:51:45 AM
blindgamers14(roflgamer) used a wood_pack 1-25-2021, 8:51:46 AM
blindgamers14(roflgamer) used a wood_pack 1-25-2021, 8:51:46 AM
blindgamers14(roflgamer) used a wood_pack 1-25-2021, 8:51:47 AM
blindgamers14(roflgamer) used a wood_pack 1-25-2021, 8:51:48 AM
blindgamers14(roflgamer) used a wood_pack 1-25-2021, 8:51:48 AM
blindgamers14(roflgamer) used a wood_pack 1-25-2021, 8:51:48 AM
blindgamers14(roflgamer) used a wood_pack 1-25-2021, 8:51:50 AM
blindgamers14(roflgamer) used a wood_pack 1-25-2021, 8:51:50 AM
blindgamers14(roflgamer) used a wood_pack 1-25-2021, 8:51:50 AM
blindgamers14(roflgamer) used a wood_pack 1-25-2021, 8:51:51 AM
blindgamers14(roflgamer) used a wood_pack 1-25-2021, 8:51:51 AM
blindgamers14(roflgamer) used a wood_pack 1-25-2021, 8:51:51 AM
blindgamers14(roflgamer) used a wood_pack 1-25-2021, 8:51:51 AM
blindgamers14(roflgamer) used a wood_pack 1-25-2021, 8:51:51 AM
blindgamers14(roflgamer) used a wood_pack 1-25-2021, 8:51:51 AM
blindgamers14(roflgamer) used a wood_pack 1-25-2021, 8:51:51 AM
blindgamers14(roflgamer) used a wood_pack 1-25-2021, 8:51:51 AM
blindgamers14(roflgamer) used a wood_pack 1-25-2021, 8:51:51 AM
blindgamers14(roflgamer) used a wood_pack 1-25-2021, 8:51:52 AM
blindgamers14(roflgamer) used a wood_pack 1-25-2021, 8:51:52 AM
blindgamers14(roflgamer) used a wood_pack 1-25-2021, 8:51:53 AM
blindgamers14(roflgamer) used a wood_pack 1-25-2021, 8:51:53 AM
blindgamers14(roflgamer) used a wood_pack 1-25-2021, 8:51:53 AM
blindgamers14(roflgamer) used a wood_pack 1-25-2021, 8:51:53 AM
blindgamers14(roflgamer) used a wood_pack 1-25-2021, 8:51:53 AM
blindgamers14(roflgamer) used a wood_pack 1-25-2021, 8:51:53 AM
blindgamers14(roflgamer) used a wood_pack 1-25-2021, 8:51:53 AM
blindgamers14(roflgamer) used a wood_pack 1-25-2021, 8:51:53 AM
blindgamers14(roflgamer) used a wood_pack 1-25-2021, 8:51:53 AM
blindgamers14(roflgamer) used a wood_pack 1-25-2021, 8:51:53 AM
blindgamers14(roflgamer) used a wood_pack 1-25-2021, 8:51:53 AM
blindgamers14(roflgamer) used a wood_pack 1-25-2021, 8:51:54 AM
blindgamers14(roflgamer) used a wood_pack 1-25-2021, 8:51:54 AM
blindgamers14(roflgamer) used a wood_pack 1-25-2021, 8:51:54 AM
blindgamers14(roflgamer) used a wood_pack 1-25-2021, 8:51:54 AM
blindgamers14(roflgamer) used a wood_pack 1-25-2021, 8:51:54 AM
blindgamers14(roflgamer) used a wood_pack 1-25-2021, 8:51:54 AM
blindgamers14(roflgamer) used a wood_pack 1-25-2021, 8:51:54 AM
blindgamers14(roflgamer) used a wood_pack 1-25-2021, 8:51:54 AM
blindgamers14(roflgamer) used a wood_pack 1-25-2021, 8:51:54 AM
blindgamers14(roflgamer) used a wood_pack 1-25-2021, 8:51:55 AM
blindgamers14(roflgamer) used a wood_pack 1-25-2021, 8:51:55 AM
blindgamers14(roflgamer) used a wood_pack 1-25-2021, 8:51:55 AM
blindgamers14(roflgamer) used a wood_pack 1-25-2021, 8:51:55 AM
blindgamers14(roflgamer) used a wood_pack 1-25-2021, 8:51:55 AM
blindgamers14(roflgamer) used a wood_pack 1-25-2021, 8:51:55 AM
blindgamers14(roflgamer) used a wood_pack 1-25-2021, 8:51:55 AM
blindgamers14(roflgamer) used a wood_pack 1-25-2021, 8:51:55 AM
blindgamers14(roflgamer) used a wood_pack 1-25-2021, 8:51:55 AM
blindgamers14(roflgamer) used a wood_pack 1-25-2021, 8:51:55 AM
blindgamers14(roflgamer) used a wood_pack 1-25-2021, 8:51:56 AM
blindgamers14(roflgamer) used a wood_pack 1-25-2021, 8:51:56 AM
blindgamers14(roflgamer) used a wood_pack 1-25-2021, 8:51:56 AM
blindgamers14(roflgamer) used a wood_pack 1-25-2021, 8:51:56 AM
blindgamers14(roflgamer) used a wood_pack 1-25-2021, 8:51:56 AM
blindgamers14(roflgamer) used a wood_pack 1-25-2021, 8:51:56 AM
blindgamers14(roflgamer) used a wood_pack 1-25-2021, 8:51:56 AM
blindgamers14(roflgamer) used a wood_pack 1-25-2021, 8:51:56 AM
blindgamers14(roflgamer) used a wood_pack 1-25-2021, 8:51:56 AM
blindgamers14(roflgamer) used a wood_pack 1-25-2021, 8:51:57 AM
blindgamers14(roflgamer) used a wood_pack 1-25-2021, 8:51:57 AM
blindgamers14(roflgamer) used a wood_pack 1-25-2021, 8:51:57 AM
blindgamers14(roflgamer) used a wood_pack 1-25-2021, 8:51:57 AM
blindgamers14(roflgamer) used a wood_pack 1-25-2021, 8:51:57 AM
blindgamers14(roflgamer) used a wood_pack 1-25-2021, 8:51:57 AM
blindgamers14(roflgamer) used a wood_pack 1-25-2021, 8:51:57 AM
blindgamers14(roflgamer) used a wood_pack 1-25-2021, 8:51:57 AM
blindgamers14(roflgamer) used a wood_pack 1-25-2021, 8:51:57 AM
blindgamers14(roflgamer) used a wood_pack 1-25-2021, 8:51:58 AM
blindgamers14(roflgamer) used a wood_pack 1-25-2021, 8:51:58 AM
blindgamers14(roflgamer) used a wood_pack 1-25-2021, 8:51:58 AM
blindgamers14(roflgamer) used a wood_pack 1-25-2021, 8:52:06 AM
blindgamers14(roflgamer) used a wood_pack 1-25-2021, 8:52:07 AM
blindgamers14(roflgamer) used a wood_pack 1-25-2021, 8:52:07 AM
blindgamers14(roflgamer) used a wood_pack 1-25-2021, 8:52:07 AM
blindgamers14(roflgamer) used a wood_pack 1-25-2021, 8:52:07 AM
blindgamers14(roflgamer) used a wood_pack 1-25-2021, 8:52:07 AM
blindgamers14(roflgamer) used a wood_pack 1-25-2021, 8:52:07 AM
blindgamers14(roflgamer) used a wood_pack 1-25-2021, 8:52:07 AM
blindgamers14(roflgamer) used a wood_pack 1-25-2021, 8:52:07 AM
blindgamers14(roflgamer) used a wood_pack 1-25-2021, 8:52:07 AM
blindgamers14(roflgamer) used a wood_pack 1-25-2021, 8:52:07 AM
blindgamers14(roflgamer) used a wood_pack 1-25-2021, 8:52:08 AM
blindgamers14(roflgamer) used a wood_pack 1-25-2021, 8:52:08 AM
blindgamers14(roflgamer) used a wood_pack 1-25-2021, 8:52:08 AM
blindgamers14(roflgamer) used a wood_pack 1-25-2021, 8:52:08 AM
blindgamers14(roflgamer) used a wood_pack 1-25-2021, 8:52:08 AM
blindgamers14(roflgamer) used a wood_pack 1-25-2021, 8:52:08 AM
blindgamers14(roflgamer) used a wood_pack 1-25-2021, 8:52:08 AM
blindgamers14(roflgamer) used a wood_pack 1-25-2021, 8:52:08 AM
blindgamers14(roflgamer) used a wood_pack 1-25-2021, 8:52:08 AM
blindgamers14(roflgamer) used a wood_pack 1-25-2021, 8:52:09 AM
blindgamers14(roflgamer) used a wood_pack 1-25-2021, 8:52:09 AM
blindgamers14(roflgamer) used a wood_pack 1-25-2021, 8:52:09 AM
blindgamers14(roflgamer) used a wood_pack 1-25-2021, 8:52:09 AM
blindgamers14(roflgamer) used a wood_pack 1-25-2021, 8:52:09 AM
blindgamers14(roflgamer) used a wood_pack 1-25-2021, 8:52:09 AM
blindgamers14(roflgamer) used a wood_pack 1-25-2021, 8:52:09 AM
blindgamers14(roflgamer) used a wood_pack 1-25-2021, 8:52:09 AM
blindgamers14(roflgamer) used a wood_pack 1-25-2021, 8:52:09 AM
blindgamers14(roflgamer) used a wood_pack 1-25-2021, 8:52:09 AM
blindgamers14(roflgamer) used a wood_pack 1-25-2021, 8:52:10 AM
blindgamers14(roflgamer) used a wood_pack 1-25-2021, 8:52:10 AM
blindgamers14(roflgamer) used a wood_pack 1-25-2021, 8:52:10 AM
blindgamers14(roflgamer) used a wood_pack 1-25-2021, 8:52:10 AM
blindgamers14(roflgamer) used a wood_pack 1-25-2021, 8:52:10 AM
blindgamers14(roflgamer) used a wood_pack 1-25-2021, 8:52:10 AM
blindgamers14(roflgamer) used a wood_pack 1-25-2021, 8:52:10 AM
blindgamers14(roflgamer) used a wood_pack 1-25-2021, 8:52:10 AM
blindgamers14(roflgamer) used a wood_pack 1-25-2021, 8:52:10 AM
blindgamers14(roflgamer) used a wood_pack 1-25-2021, 8:52:11 AM
blindgamers14(roflgamer) used a wood_pack 1-25-2021, 8:52:11 AM
blindgamers14(roflgamer) used a wood_pack 1-25-2021, 8:52:11 AM
blindgamers14(roflgamer) used a wood_pack 1-25-2021, 8:52:11 AM
blindgamers14(roflgamer) used a wood_pack 1-25-2021, 8:52:11 AM
blindgamers14(roflgamer) used a wood_pack 1-25-2021, 8:52:11 AM
blindgamers14(roflgamer) used a wood_pack 1-25-2021, 8:52:11 AM
blindgamers14(roflgamer) used a wood_pack 1-25-2021, 8:52:12 AM
blindgamers14(roflgamer) used a wood_pack 1-25-2021, 8:52:12 AM
blindgamers14(roflgamer) used a wood_pack 1-25-2021, 8:52:12 AM
blindgamers14(roflgamer) used a wood_pack 1-25-2021, 8:52:12 AM
blindgamers14(roflgamer) used a wood_pack 1-25-2021, 8:52:12 AM
blindgamers14(roflgamer) used a wood_pack 1-25-2021, 8:52:12 AM
blindgamers14(roflgamer) used a wood_pack 1-25-2021, 8:52:12 AM
blindgamers14(roflgamer) used a wood_pack 1-25-2021, 8:52:13 AM
blindgamers14(roflgamer) used a wood_pack 1-25-2021, 8:52:13 AM
blindgamers14(roflgamer) used a wood_pack 1-25-2021, 8:52:13 AM
blindgamers14(roflgamer) used a wood_pack 1-25-2021, 8:52:13 AM
blindgamers14(roflgamer) used a wood_pack 1-25-2021, 8:52:13 AM
blindgamers14(roflgamer) used a wood_pack 1-25-2021, 8:52:13 AM
blindgamers14(roflgamer) used a wood_pack 1-25-2021, 8:52:13 AM
blindgamers14(roflgamer) used a wood_pack 1-25-2021, 8:52:13 AM
blindgamers14(roflgamer) used a wood_pack 1-25-2021, 8:52:13 AM
blindgamers14(roflgamer) used a wood_pack 1-25-2021, 8:52:21 AM
blindgamers14(roflgamer) used a wood_pack 1-25-2021, 8:52:21 AM
blindgamers14(roflgamer) used a wood_pack 1-25-2021, 8:52:21 AM
blindgamers14(roflgamer) used a wood_pack 1-25-2021, 8:52:21 AM
blindgamers14(roflgamer) used a wood_pack 1-25-2021, 8:52:21 AM
blindgamers14(roflgamer) used a wood_pack 1-25-2021, 8:52:21 AM
blindgamers14(roflgamer) used a wood_pack 1-25-2021, 8:52:21 AM
blindgamers14(roflgamer) used a wood_pack 1-25-2021, 8:52:21 AM
blindgamers14(roflgamer) used a wood_pack 1-25-2021, 8:52:22 AM
blindgamers14(roflgamer) used a wood_pack 1-25-2021, 8:52:22 AM
blindgamers14(roflgamer) used a wood_pack 1-25-2021, 8:52:22 AM
blindgamers14(roflgamer) used a wood_pack 1-25-2021, 8:52:22 AM
blindgamers14(roflgamer) used a wood_pack 1-25-2021, 8:52:22 AM
blindgamers14(roflgamer) used a wood_pack 1-25-2021, 8:52:22 AM
blindgamers14(roflgamer) used a wood_pack 1-25-2021, 8:52:22 AM
blindgamers14(roflgamer) used a shipment_toea6or 1-25-2021, 8:52:32 AM
blindgamers14(roflgamer) used a fuel_tank 1-25-2021, 8:52:34 AM
blindgamers14(roflgamer) used a fuel_tank 1-25-2021, 8:52:35 AM
blindgamers14(roflgamer) used a fuel_tank 1-25-2021, 8:52:35 AM
blindgamers14(roflgamer) used a fuel_tank 1-25-2021, 8:52:36 AM
blindgamers14(roflgamer) used a fuel_tank 1-25-2021, 8:52:36 AM
blindgamers14(roflgamer) used a fuel_tank 1-25-2021, 8:52:36 AM
blindgamers14(roflgamer) used a fuel_tank 1-25-2021, 8:52:37 AM
blindgamers14(roflgamer) used a fuel_tank 1-25-2021, 8:52:41 AM
blindgamers14(roflgamer) used a fuel_tank 1-25-2021, 8:52:42 AM
blindgamers14(roflgamer) used a fuel_tank 1-25-2021, 8:52:42 AM
blindgamers14(roflgamer) used a fuel_tank 1-25-2021, 8:52:43 AM
blindgamers14(roflgamer) used a fuel_tank 1-25-2021, 8:52:43 AM
blindgamers14(roflgamer) used a fuel_tank 1-25-2021, 8:52:43 AM
blindgamers14(roflgamer) used a fuel_tank 1-25-2021, 8:52:44 AM
blindgamers14(roflgamer) used a fuel_tank 1-25-2021, 8:52:44 AM
blindgamers14(roflgamer) used a fuel_tank 1-25-2021, 8:52:44 AM
blindgamers14(roflgamer) used a fuel_tank 1-25-2021, 8:52:45 AM
blindgamers14(roflgamer) used a fuel_tank 1-25-2021, 8:52:45 AM
blindgamers14(roflgamer) used a fuel_tank 1-25-2021, 8:52:46 AM
blindgamers14(roflgamer) used a fuel_tank 1-25-2021, 8:52:46 AM
blindgamers14(roflgamer) used a fuel_tank 1-25-2021, 8:52:46 AM
blindgamers14(roflgamer) used a fuel_tank 1-25-2021, 8:52:47 AM
blindgamers14(roflgamer) used a fuel_tank 1-25-2021, 8:52:47 AM
blindgamers14(roflgamer) used a fuel_tank 1-25-2021, 8:52:47 AM
blindgamers14(roflgamer) used a fuel_tank 1-25-2021, 8:52:48 AM
blindgamers14(roflgamer) used a fuel_tank 1-25-2021, 8:52:48 AM
blindgamers14(roflgamer) used a fuel_tank 1-25-2021, 8:52:48 AM
blindgamers14(roflgamer) used a fuel_tank 1-25-2021, 8:52:49 AM
blindgamers14(roflgamer) used a fuel_tank 1-25-2021, 8:52:49 AM
blindgamers14(roflgamer) used a fuel_tank 1-25-2021, 8:52:49 AM
blindgamers14(roflgamer) used a fuel_tank 1-25-2021, 8:52:50 AM
blindgamers14(roflgamer) used a fuel_tank 1-25-2021, 8:52:50 AM
blindgamers14(roflgamer) used a fuel_tank 1-25-2021, 8:52:50 AM
blindgamers14(roflgamer) used a fuel_tank 1-25-2021, 8:52:51 AM
blindgamers14(roflgamer) used a fuel_tank 1-25-2021, 8:52:51 AM
blindgamers14(roflgamer) used a fuel_tank 1-25-2021, 8:52:51 AM
blindgamers14(roflgamer) used a fuel_tank 1-25-2021, 8:52:52 AM
blindgamers14(roflgamer) used a fuel_tank 1-25-2021, 8:52:52 AM
blindgamers14(roflgamer) used a fuel_tank 1-25-2021, 8:52:53 AM
blindgamers14(roflgamer) used a fuel_tank 1-25-2021, 8:52:53 AM
blindgamers14(roflgamer) used a fuel_tank 1-25-2021, 8:52:53 AM
blindgamers14(roflgamer) used a fuel_tank 1-25-2021, 8:52:54 AM
blindgamers14(roflgamer) used a fuel_tank 1-25-2021, 8:52:54 AM
blindgamers14(roflgamer) used a fuel_tank 1-25-2021, 8:52:55 AM
blindgamers14(roflgamer) used a fuel_tank 1-25-2021, 8:52:55 AM
blindgamers14(roflgamer) used a fuel_tank 1-25-2021, 8:52:55 AM
blindgamers14(roflgamer) used a fuel_tank 1-25-2021, 8:52:56 AM
blindgamers14(roflgamer) used a fuel_tank 1-25-2021, 8:52:56 AM
blindgamers14(roflgamer) used a fuel_tank 1-25-2021, 8:53:00 AM
blindgamers14(roflgamer) used a fuel_tank 1-25-2021, 8:53:01 AM
blindgamers14(roflgamer) used a fuel_tank 1-25-2021, 8:53:01 AM
blindgamers14(roflgamer) used a fuel_tank 1-25-2021, 8:53:01 AM
blindgamers14(roflgamer) used a fuel_tank 1-25-2021, 8:53:02 AM
blindgamers14(roflgamer) used a fuel_tank 1-25-2021, 8:53:02 AM
blindgamers14(roflgamer) used a fuel_tank 1-25-2021, 8:53:02 AM
blindgamers14(roflgamer) used a fuel_tank 1-25-2021, 8:53:03 AM
blindgamers14(roflgamer) used a fuel_tank 1-25-2021, 8:53:03 AM
blindgamers14(roflgamer) used a fuel_tank 1-25-2021, 8:53:04 AM
blindgamers14(roflgamer) used a fuel_tank 1-25-2021, 8:53:04 AM
blindgamers14(roflgamer) used a fuel_tank 1-25-2021, 8:53:04 AM
blindgamers14(roflgamer) used a fuel_tank 1-25-2021, 8:53:05 AM
blindgamers14(roflgamer) used a fuel_tank 1-25-2021, 8:53:05 AM
blindgamers14(roflgamer) used a fuel_tank 1-25-2021, 8:53:06 AM
blindgamers14(roflgamer) used a fuel_tank 1-25-2021, 8:53:06 AM
blindgamers14(roflgamer) used a fuel_tank 1-25-2021, 8:53:06 AM
blindgamers14(roflgamer) used a fuel_tank 1-25-2021, 8:53:07 AM
blindgamers14(roflgamer) used a fuel_tank 1-25-2021, 8:53:07 AM
blindgamers14(roflgamer) used a fuel_tank 1-25-2021, 8:53:08 AM
blindgamers14(roflgamer) used a fuel_tank 1-25-2021, 8:53:08 AM
blindgamers14(roflgamer) used a fuel_tank 1-25-2021, 8:53:08 AM
blindgamers14(roflgamer) used a fuel_tank 1-25-2021, 8:53:09 AM
blindgamers14(roflgamer) used a fuel_tank 1-25-2021, 8:53:09 AM
blindgamers14(roflgamer) used a fuel_tank 1-25-2021, 8:53:10 AM
blindgamers14(roflgamer) used a fuel_tank 1-25-2021, 8:53:10 AM
blindgamers14(roflgamer) used a fuel_tank 1-25-2021, 8:53:11 AM
blindgamers14(roflgamer) used a fuel_tank 1-25-2021, 8:53:11 AM
blindgamers14(roflgamer) used a fuel_tank 1-25-2021, 8:53:11 AM
blindgamers14(roflgamer) used a fuel_tank 1-25-2021, 8:53:12 AM
blindgamers14(roflgamer) used a fuel_tank 1-25-2021, 8:53:12 AM
blindgamers14(roflgamer) used a fuel_tank 1-25-2021, 8:53:13 AM
blindgamers14(roflgamer) used a fuel_tank 1-25-2021, 8:53:13 AM
blindgamers14(roflgamer) used a fuel_tank 1-25-2021, 8:53:13 AM
blindgamers14(roflgamer) used a fuel_tank 1-25-2021, 8:53:14 AM
blindgamers14(roflgamer) used a fuel_tank 1-25-2021, 8:53:14 AM
blindgamers14(roflgamer) used a fuel_tank 1-25-2021, 8:53:14 AM
blindgamers14(roflgamer) used a fuel_tank 1-25-2021, 8:53:15 AM
blindgamers14(roflgamer) used a fuel_tank 1-25-2021, 8:53:15 AM
blindgamers14(roflgamer) used a fuel_tank 1-25-2021, 8:53:16 AM
blindgamers14(roflgamer) used a fuel_tank 1-25-2021, 8:53:16 AM
blindgamers14(roflgamer) used a fuel_tank 1-25-2021, 8:53:16 AM
blindgamers14(roflgamer) used a fuel_tank 1-25-2021, 8:53:17 AM
blindgamers14(roflgamer) used a fuel_tank 1-25-2021, 8:53:17 AM
blindgamers14(roflgamer) used a fuel_tank 1-25-2021, 8:53:24 AM
blindgamers14(roflgamer) used a fuel_tank 1-25-2021, 8:53:24 AM
blindgamers14(roflgamer) used a fuel_tank 1-25-2021, 8:53:24 AM
blindgamers14(roflgamer) used a fuel_tank 1-25-2021, 8:53:25 AM
blindgamers14(roflgamer) used a fuel_tank 1-25-2021, 8:53:25 AM
blindgamers14(roflgamer) used a fuel_tank 1-25-2021, 8:53:25 AM
blindgamers14(roflgamer) used a fuel_tank 1-25-2021, 8:53:26 AM
blindgamers14(roflgamer) used a fuel_tank 1-25-2021, 8:53:26 AM
blindgamers14(roflgamer) used a fuel_tank 1-25-2021, 8:53:27 AM
blindgamers14(roflgamer) used a fuel_tank 1-25-2021, 8:53:27 AM
blindgamers14(roflgamer) used a fuel_tank 1-25-2021, 8:53:28 AM
blindgamers14(roflgamer) used a fuel_tank 1-25-2021, 8:53:28 AM
blindgamers14(roflgamer) used a fuel_tank 1-25-2021, 8:53:28 AM
blindgamers14(roflgamer) used a fuel_tank 1-25-2021, 8:53:29 AM
blindgamers14(roflgamer) used a fuel_tank 1-25-2021, 8:53:29 AM
blindgamers14(roflgamer) used a fuel_tank 1-25-2021, 8:53:29 AM
blindgamers14(roflgamer) used a fuel_tank 1-25-2021, 8:53:30 AM
blindgamers14(roflgamer) used a fuel_tank 1-25-2021, 8:53:30 AM
blindgamers14(roflgamer) used a fuel_tank 1-25-2021, 8:53:30 AM
blindgamers14(roflgamer) used a fuel_tank 1-25-2021, 8:53:30 AM
blindgamers14(roflgamer) used a fuel_tank 1-25-2021, 8:53:31 AM
blindgamers14(roflgamer) used a fuel_tank 1-25-2021, 8:53:31 AM
blindgamers14(roflgamer) used a fuel_tank 1-25-2021, 8:53:31 AM
blindgamers14(roflgamer) used a fuel_tank 1-25-2021, 8:53:32 AM
blindgamers14(roflgamer) used a fuel_tank 1-25-2021, 8:53:32 AM
blindgamers14(roflgamer) used a fuel_tank 1-25-2021, 8:53:32 AM
blindgamers14(roflgamer) used a fuel_tank 1-25-2021, 8:53:32 AM
blindgamers14(roflgamer) used a fuel_tank 1-25-2021, 8:53:33 AM
blindgamers14(roflgamer) used a fuel_tank 1-25-2021, 8:53:33 AM
blindgamers14(roflgamer) used a fuel_tank 1-25-2021, 8:53:33 AM
blindgamers14(roflgamer) used a fuel_tank 1-25-2021, 8:53:33 AM
blindgamers14(roflgamer) used a fuel_tank 1-25-2021, 8:53:34 AM
blindgamers14(roflgamer) used a fuel_tank 1-25-2021, 8:53:34 AM
blindgamers14(roflgamer) used a fuel_tank 1-25-2021, 8:53:35 AM
blindgamers14(roflgamer) used a fuel_tank 1-25-2021, 8:53:35 AM
blindgamers14(roflgamer) used a fuel_tank 1-25-2021, 8:53:35 AM
blindgamers14(roflgamer) used a fuel_tank 1-25-2021, 8:53:36 AM
blindgamers14(roflgamer) used a fuel_tank 1-25-2021, 8:53:36 AM
blindgamers14(roflgamer) used a fuel_tank 1-25-2021, 8:53:36 AM
blindgamers14(roflgamer) used a fuel_tank 1-25-2021, 8:53:37 AM
blindgamers14(roflgamer) used a fuel_tank 1-25-2021, 8:53:37 AM
blindgamers14(roflgamer) used a fuel_tank 1-25-2021, 8:53:38 AM
blindgamers14(roflgamer) used a fuel_tank 1-25-2021, 8:53:38 AM
blindgamers14(roflgamer) used a fuel_tank 1-25-2021, 8:53:38 AM
blindgamers14(roflgamer) used a fuel_tank 1-25-2021, 8:53:38 AM
blindgamers14(roflgamer) used a fuel_tank 1-25-2021, 8:53:39 AM
blindgamers14(roflgamer) used a fuel_tank 1-25-2021, 8:53:39 AM
blindgamers14(roflgamer) used a fuel_tank 1-25-2021, 8:53:40 AM
blindgamers14(roflgamer) used a fuel_tank 1-25-2021, 8:53:40 AM
blindgamers14(roflgamer) used a fuel_tank 1-25-2021, 8:53:40 AM
blindgamers14(roflgamer) used a fuel_tank 1-25-2021, 8:53:41 AM
blindgamers14(roflgamer) used a fuel_tank 1-25-2021, 8:53:43 AM
blindgamers14(roflgamer) used a fuel_tank 1-25-2021, 8:53:43 AM
blindgamers14(roflgamer) used a fuel_tank 1-25-2021, 8:53:43 AM
blindgamers14(roflgamer) used a fuel_tank 1-25-2021, 8:53:44 AM
blindgamers14(roflgamer) used a fuel_tank 1-25-2021, 8:53:44 AM
blindgamers14(roflgamer) used a fuel_tank 1-25-2021, 8:53:45 AM
blindgamers14(roflgamer) used a fuel_tank 1-25-2021, 8:53:45 AM
blindgamers14(roflgamer) used a fuel_tank 1-25-2021, 8:53:46 AM
blindgamers14(roflgamer) used a fuel_tank 1-25-2021, 8:53:46 AM
blindgamers14(roflgamer) used a fuel_tank 1-25-2021, 8:53:46 AM
blindgamers14(roflgamer) used a fuel_tank 1-25-2021, 8:53:47 AM
blindgamers14(roflgamer) used a fuel_tank 1-25-2021, 8:53:47 AM
blindgamers14(roflgamer) used a fuel_tank 1-25-2021, 8:53:47 AM
blindgamers14(roflgamer) used a fuel_tank 1-25-2021, 8:53:47 AM
blindgamers14(roflgamer) used a fuel_tank 1-25-2021, 8:53:48 AM
blindgamers14(roflgamer) used a fuel_tank 1-25-2021, 8:53:48 AM
blindgamers14(roflgamer) used a fuel_tank 1-25-2021, 8:53:48 AM
blindgamers14(roflgamer) used a fuel_tank 1-25-2021, 8:53:49 AM
blindgamers14(roflgamer) used a fuel_tank 1-25-2021, 8:53:49 AM
blindgamers14(roflgamer) used a fuel_tank 1-25-2021, 8:53:49 AM
blindgamers14(roflgamer) used a fuel_tank 1-25-2021, 8:53:49 AM
blindgamers14(roflgamer) used a fuel_tank 1-25-2021, 8:53:50 AM
blindgamers14(roflgamer) used a fuel_tank 1-25-2021, 8:53:50 AM
blindgamers14(roflgamer) used a fuel_tank 1-25-2021, 8:53:50 AM
blindgamers14(roflgamer) used a fuel_tank 1-25-2021, 8:53:51 AM
blindgamers14(roflgamer) used a fuel_tank 1-25-2021, 8:53:51 AM
blindgamers14(roflgamer) used a fuel_tank 1-25-2021, 8:53:51 AM
blindgamers14(roflgamer) used a fuel_tank 1-25-2021, 8:53:52 AM
blindgamers14(roflgamer) used a fuel_tank 1-25-2021, 8:53:52 AM
blindgamers14(roflgamer) used a fuel_tank 1-25-2021, 8:53:52 AM
blindgamers14(roflgamer) used a fuel_tank 1-25-2021, 8:53:53 AM
blindgamers14(roflgamer) used a fuel_tank 1-25-2021, 8:53:53 AM
blindgamers14(roflgamer) used a fuel_tank 1-25-2021, 8:53:53 AM
blindgamers14(roflgamer) used a fuel_tank 1-25-2021, 8:53:56 AM
blindgamers14(roflgamer) used a fuel_tank 1-25-2021, 8:53:56 AM
blindgamers14(roflgamer) used a fuel_tank 1-25-2021, 8:53:57 AM
blindgamers14(roflgamer) used a fuel_tank 1-25-2021, 8:53:57 AM
blindgamers14(roflgamer) used a fuel_tank 1-25-2021, 8:53:58 AM
blindgamers14(roflgamer) used a fuel_tank 1-25-2021, 8:53:58 AM
blindgamers14(roflgamer) used a fuel_tank 1-25-2021, 8:53:58 AM
blindgamers14(roflgamer) used a fuel_tank 1-25-2021, 8:53:59 AM
blindgamers14(roflgamer) used a fuel_tank 1-25-2021, 8:53:59 AM
blindgamers14(roflgamer) used a fuel_tank 1-25-2021, 8:53:59 AM
blindgamers14(roflgamer) used a fuel_tank 1-25-2021, 8:54:00 AM
blindgamers14(roflgamer) used a fuel_tank 1-25-2021, 8:54:00 AM
blindgamers14(roflgamer) used a fuel_tank 1-25-2021, 8:54:01 AM
blindgamers14(roflgamer) used a fuel_tank 1-25-2021, 8:54:01 AM
blindgamers14(roflgamer) used a fuel_tank 1-25-2021, 8:54:01 AM
blindgamers14(roflgamer) used a fuel_tank 1-25-2021, 8:54:02 AM
blindgamers14(roflgamer) used a fuel_tank 1-25-2021, 8:54:02 AM
blindgamers14(roflgamer) used a fuel_tank 1-25-2021, 8:54:02 AM
blindgamers14(roflgamer) used a fuel_tank 1-25-2021, 8:54:03 AM
blindgamers14(roflgamer) used a fuel_tank 1-25-2021, 8:54:03 AM
blindgamers14(roflgamer) used a fuel_tank 1-25-2021, 8:54:03 AM
blindgamers14(roflgamer) used a tk_ultra_health_potion 1-25-2021, 8:55:16 AM
blindgamers14(roflgamer) used a tk_ultra_health_potion 1-25-2021, 8:55:16 AM
blindgamers14(roflgamer) used a tk_ultra_health_potion 1-25-2021, 8:55:17 AM
blindgamers14(roflgamer) used a tk_ultra_health_potion 1-25-2021, 8:55:36 AM
blindgamers14(roflgamer) used a tk_ultra_health_potion 1-25-2021, 8:55:36 AM
blindgamers14(roflgamer) used a tk_ultra_health_potion 1-25-2021, 8:56:05 AM
blindgamers14(roflgamer) used a health_drink 1-25-2021, 8:56:13 AM
blindgamers14(roflgamer) used a health_drink 1-25-2021, 8:56:13 AM
blindgamers14(roflgamer) used a health_drink 1-25-2021, 8:56:18 AM
blindgamers14(roflgamer) used a health_drink 1-25-2021, 8:56:18 AM
blindgamers14(roflgamer) used a health_drink 1-25-2021, 8:56:26 AM
blindgamers14(roflgamer) used a health_drink 1-25-2021, 8:56:26 AM
blindgamers14(roflgamer) used a health_drink 1-25-2021, 8:56:33 AM
blindgamers14(roflgamer) used a health_drink 1-25-2021, 8:56:33 AM
blindgamers14(roflgamer) used a health_drink 1-25-2021, 8:56:36 AM
blindgamers14(roflgamer) used a health_drink 1-25-2021, 8:56:37 AM
blindgamers14(roflgamer) used a health_drink 1-25-2021, 8:56:37 AM
blindgamers14(roflgamer) used a health_drink 1-25-2021, 8:56:41 AM
blindgamers14(roflgamer) used a shield 1-25-2021, 8:57:55 AM
blindgamers14(roflgamer) used a shield 1-25-2021, 8:57:55 AM
blindgamers14(roflgamer) used a shield 1-25-2021, 8:57:55 AM
blindgamers14(roflgamer) used a shield 1-25-2021, 8:57:55 AM
blindgamers14(roflgamer) used a shield 1-25-2021, 8:57:56 AM
blindgamers14(roflgamer) used a shield 1-25-2021, 8:57:56 AM
blindgamers14(roflgamer) used a shield 1-25-2021, 8:57:56 AM
blindgamers14(roflgamer) used a shield 1-25-2021, 8:57:56 AM
blindgamers14(roflgamer) used a shield 1-25-2021, 8:57:56 AM
blindgamers14(roflgamer) used a shield 1-25-2021, 8:57:57 AM
blindgamers14(roflgamer) used a shield 1-25-2021, 8:57:57 AM
blindgamers14(roflgamer) used a shield 1-25-2021, 8:57:57 AM
blindgamers14(roflgamer) used a shield 1-25-2021, 8:57:57 AM
blindgamers14(roflgamer) used a shield 1-25-2021, 8:57:57 AM
blindgamers14(roflgamer) used a shield 1-25-2021, 8:57:58 AM
blindgamers14(roflgamer) used a shield 1-25-2021, 8:57:58 AM
blindgamers14(roflgamer) used a shield 1-25-2021, 8:57:58 AM
blindgamers14(roflgamer) used a shield 1-25-2021, 8:57:58 AM
blindgamers14(roflgamer) used a shield 1-25-2021, 8:57:58 AM
blindgamers14(roflgamer) used a shield 1-25-2021, 8:57:59 AM
blindgamers14(roflgamer) used a shield 1-25-2021, 8:57:59 AM
blindgamers14(roflgamer) used a shield 1-25-2021, 8:57:59 AM
blindgamers14(roflgamer) used a shield 1-25-2021, 8:57:59 AM
blindgamers14(roflgamer) used a shield 1-25-2021, 8:57:59 AM
blindgamers14(roflgamer) used a shield 1-25-2021, 8:57:59 AM
blindgamers14(roflgamer) used a shield 1-25-2021, 8:58:00 AM
blindgamers14(roflgamer) used a shield 1-25-2021, 8:58:00 AM
blindgamers14(roflgamer) used a shield 1-25-2021, 8:58:00 AM
blindgamers14(roflgamer) used a shield 1-25-2021, 8:58:00 AM
blindgamers14(roflgamer) used a robot 1-25-2021, 8:58:04 AM
blindgamers14(roflgamer) used a shield 1-25-2021, 8:58:43 AM
blindgamers14(roflgamer) used a shield 1-25-2021, 8:58:43 AM
blindgamers14(roflgamer) used a suicide_bomb 1-25-2021, 8:58:48 AM
blindgamers14(roflgamer) used a suicide_bomb 1-25-2021, 8:58:48 AM
blindgamers14(roflgamer) used a suicide_bomb 1-25-2021, 8:58:48 AM
blindgamers14(roflgamer) used a suicide_bomb 1-25-2021, 8:58:48 AM
blindgamers14(roflgamer) used a tk_ultra_health_potion 1-25-2021, 8:59:13 AM
blindgamers14(roflgamer) used a tk_ultra_health_potion 1-25-2021, 8:59:13 AM
blindgamers14(roflgamer) used a shield 1-25-2021, 8:59:37 AM
blindgamers14(roflgamer) used a shield 1-25-2021, 8:59:37 AM
blindgamers14(roflgamer) used a shield 1-25-2021, 8:59:37 AM
blindgamers14(roflgamer) used a shield 1-25-2021, 8:59:37 AM
blindgamers14(roflgamer) used a shield 1-25-2021, 8:59:37 AM
blindgamers14(roflgamer) used a shield 1-25-2021, 8:59:38 AM
blindgamers14(roflgamer) used a shield 1-25-2021, 8:59:38 AM
blindgamers14(roflgamer) used a shield 1-25-2021, 8:59:38 AM
blindgamers14(roflgamer) used a shield 1-25-2021, 8:59:39 AM
blindgamers14(roflgamer) used a tk_ultra_health_potion 1-25-2021, 8:59:42 AM
blindgamers14(roflgamer) used a health_drink 1-25-2021, 8:59:42 AM
blindgamers14(roflgamer) used a health_drink 1-25-2021, 8:59:43 AM
blindgamers14(roflgamer) used a health_drink 1-25-2021, 8:59:43 AM
blindgamers14(roflgamer) used a health_drink 1-25-2021, 8:59:46 AM
blindgamers14(roflgamer) used a health_drink 1-25-2021, 8:59:46 AM
blindgamers14(roflgamer) used a health_drink 1-25-2021, 8:59:57 AM
blindgamers14(roflgamer) used a health_drink 1-25-2021, 8:59:57 AM
blindgamers14(roflgamer) used a health_drink 1-25-2021, 9:00:09 AM
blindgamers14(roflgamer) used a suicide_bomb 1-25-2021, 9:00:24 AM
blindgamers14(roflgamer) used a suicide_bomb 1-25-2021, 9:00:24 AM
blindgamers14(roflgamer) used a suicide_bomb 1-25-2021, 9:00:25 AM
blindgamers14(roflgamer) used a suicide_bomb 1-25-2021, 9:01:48 AM
blindgamers14(roflgamer) used a suicide_bomb 1-25-2021, 9:01:48 AM
blindgamers14(roflgamer) used a suicide_bomb 1-25-2021, 9:01:48 AM
blindgamers14(roflgamer) used a suicide_bomb 1-25-2021, 9:01:48 AM
blindgamers14(roflgamer) used a tk_ultra_health_potion 1-25-2021, 9:02:18 AM
blindgamers14(roflgamer) used a tk_ultra_health_potion 1-25-2021, 9:02:18 AM
blindgamers14(roflgamer) used a tk_ultra_health_potion 1-25-2021, 9:02:45 AM
blindgamers14(roflgamer) used a health_drink 1-25-2021, 9:03:11 AM
blindgamers14(roflgamer) used a health_drink 1-25-2021, 9:03:44 AM
blindgamers14(roflgamer) used a health_drink 1-25-2021, 9:03:44 AM
blindgamers14(roflgamer) used a health_drink 1-25-2021, 9:03:53 AM
blindgamers14(roflgamer) used a health_drink 1-25-2021, 9:03:53 AM
blindgamers14(roflgamer) used a health_drink 1-25-2021, 9:04:23 AM
blindgamers14(roflgamer) used a health_drink 1-25-2021, 9:04:23 AM
blindgamers14(roflgamer) used a health_drink 1-25-2021, 9:04:31 AM
blindgamers14(roflgamer) used a health_drink 1-25-2021, 9:04:31 AM
blindgamers14(roflgamer) used a shield 1-25-2021, 9:05:12 AM
blindgamers14(roflgamer) used a shield 1-25-2021, 9:05:12 AM
blindgamers14(roflgamer) used a shield 1-25-2021, 9:05:12 AM
blindgamers14(roflgamer) used a shield 1-25-2021, 9:05:12 AM
blindgamers14(roflgamer) used a shield 1-25-2021, 9:05:12 AM
blindgamers14(roflgamer) used a shield 1-25-2021, 9:05:13 AM
blindgamers14(roflgamer) used a shield 1-25-2021, 9:05:13 AM
blindgamers14(roflgamer) used a shield 1-25-2021, 9:05:13 AM
blindgamers14(roflgamer) used a shield 1-25-2021, 9:05:13 AM
blindgamers14(roflgamer) used a shield 1-25-2021, 9:05:13 AM
blindgamers14(roflgamer) used a shield 1-25-2021, 9:05:13 AM
blindgamers14(roflgamer) used a shield 1-25-2021, 9:05:14 AM
blindgamers14(roflgamer) used a shield 1-25-2021, 9:05:14 AM
blindgamers14(roflgamer) used a shield 1-25-2021, 9:05:14 AM
blindgamers14(roflgamer) used a shield 1-25-2021, 9:05:14 AM
blindgamers14(roflgamer) used a shield 1-25-2021, 9:05:14 AM
blindgamers14(roflgamer) used a shield 1-25-2021, 9:05:14 AM
blindgamers14(roflgamer) used a shield 1-25-2021, 9:05:14 AM
blindgamers14(roflgamer) used a shield 1-25-2021, 9:05:14 AM
blindgamers14(roflgamer) used a shield 1-25-2021, 9:05:15 AM
blindgamers14(roflgamer) used a shield 1-25-2021, 9:05:15 AM
blindgamers14(roflgamer) used a shield 1-25-2021, 9:05:15 AM
blindgamers14(roflgamer) used a shield 1-25-2021, 9:05:15 AM
blindgamers14(roflgamer) used a shield 1-25-2021, 9:05:15 AM
blindgamers14(roflgamer) used a shield 1-25-2021, 9:05:16 AM
blindgamers14(roflgamer) used a shield 1-25-2021, 9:05:16 AM
blindgamers14(roflgamer) used a shield 1-25-2021, 9:05:16 AM
blindgamers14(roflgamer) used a shield 1-25-2021, 9:05:17 AM
blindgamers14(roflgamer) used a tk_ultra_health_potion 1-25-2021, 9:05:17 AM
blindgamers14(roflgamer) used a tk_ultra_health_potion 1-25-2021, 9:05:18 AM
blindgamers14(roflgamer) used a tk_ultra_health_potion 1-25-2021, 9:05:18 AM
blindgamers14(roflgamer) used a helicopter 1-25-2021, 9:05:57 AM
blindgamers14(roflgamer) used a health_drink 1-25-2021, 9:06:11 AM
blindgamers14(roflgamer) used a health_drink 1-25-2021, 9:06:11 AM
blindgamers14(roflgamer) used a hand_grenade 1-25-2021, 9:06:56 AM
blindgamers14(roflgamer) used a hand_grenade 1-25-2021, 9:06:56 AM
blindgamers14(roflgamer) used a hand_grenade 1-25-2021, 9:06:56 AM
blindgamers14(roflgamer) used a hand_grenade 1-25-2021, 9:06:56 AM
blindgamers14(roflgamer) used a hand_grenade 1-25-2021, 9:06:57 AM
blindgamers14(roflgamer) used a hand_grenade 1-25-2021, 9:06:57 AM
blindgamers14(roflgamer) used a hand_grenade 1-25-2021, 9:06:57 AM
blindgamers14(roflgamer) used a hand_grenade 1-25-2021, 9:06:57 AM
blindgamers14(roflgamer) used a hand_grenade 1-25-2021, 9:06:59 AM
blindgamers14(roflgamer) used a hand_grenade 1-25-2021, 9:06:59 AM
blindgamers14(roflgamer) used a hand_grenade 1-25-2021, 9:06:59 AM
blindgamers14(roflgamer) used a hand_grenade 1-25-2021, 9:07:02 AM
blindgamers14(roflgamer) used a hand_grenade 1-25-2021, 9:07:02 AM
blindgamers14(roflgamer) used a hand_grenade 1-25-2021, 9:07:02 AM
blindgamers14(roflgamer) used a hand_grenade 1-25-2021, 9:07:02 AM
blindgamers14(roflgamer) used a hand_grenade 1-25-2021, 9:07:02 AM
blindgamers14(roflgamer) used a hand_grenade 1-25-2021, 9:07:02 AM
blindgamers14(roflgamer) used a hand_grenade 1-25-2021, 9:07:03 AM
blindgamers14(roflgamer) used a hand_grenade 1-25-2021, 9:07:03 AM
blindgamers14(roflgamer) used a hand_grenade 1-25-2021, 9:07:03 AM
blindgamers14(roflgamer) used a hand_grenade 1-25-2021, 9:07:03 AM
blindgamers14(roflgamer) used a hand_grenade 1-25-2021, 9:07:12 AM
blindgamers14(roflgamer) used a hand_grenade 1-25-2021, 9:07:12 AM
blindgamers14(roflgamer) used a hand_grenade 1-25-2021, 9:07:12 AM
blindgamers14(roflgamer) used a hand_grenade 1-25-2021, 9:07:12 AM
blindgamers14(roflgamer) used a hand_grenade 1-25-2021, 9:07:14 AM
blindgamers14(roflgamer) used a hand_grenade 1-25-2021, 9:07:14 AM
blindgamers14(roflgamer) used a hand_grenade 1-25-2021, 9:07:16 AM
blindgamers14(roflgamer) used a hand_grenade 1-25-2021, 9:07:16 AM
blindgamers14(roflgamer) used a hand_grenade 1-25-2021, 9:07:16 AM
blindgamers14(roflgamer) used a hand_grenade 1-25-2021, 9:07:17 AM
blindgamers14(roflgamer) used a hand_grenade 1-25-2021, 9:07:17 AM
blindgamers14(roflgamer) used a hand_grenade 1-25-2021, 9:07:18 AM
blindgamers14(roflgamer) used a hand_grenade 1-25-2021, 9:07:18 AM
blindgamers14(roflgamer) used a hand_grenade 1-25-2021, 9:07:18 AM
blindgamers14(roflgamer) used a hand_grenade 1-25-2021, 9:07:18 AM
blindgamers14(roflgamer) used a hand_grenade 1-25-2021, 9:07:18 AM
blindgamers14(roflgamer) used a hand_grenade 1-25-2021, 9:07:18 AM
blindgamers14(roflgamer) used a hand_grenade 1-25-2021, 9:07:18 AM
blindgamers14(roflgamer) used a hand_grenade 1-25-2021, 9:07:19 AM
blindgamers14(roflgamer) used a hand_grenade 1-25-2021, 9:07:19 AM
blindgamers14(roflgamer) used a hand_grenade 1-25-2021, 9:07:19 AM
blindgamers14(roflgamer) used a hand_grenade 1-25-2021, 9:07:19 AM
blindgamers14(roflgamer) used a hand_grenade 1-25-2021, 9:07:19 AM
blindgamers14(roflgamer) used a hand_grenade 1-25-2021, 9:07:19 AM
blindgamers14(roflgamer) used a hand_grenade 1-25-2021, 9:07:20 AM
blindgamers14(roflgamer) used a hand_grenade 1-25-2021, 9:07:20 AM
blindgamers14(roflgamer) used a hand_grenade 1-25-2021, 9:07:20 AM
blindgamers14(roflgamer) used a hand_grenade 1-25-2021, 9:07:20 AM
blindgamers14(roflgamer) used a hand_grenade 1-25-2021, 9:07:20 AM
blindgamers14(roflgamer) used a hand_grenade 1-25-2021, 9:07:20 AM
blindgamers14(roflgamer) used a hand_grenade 1-25-2021, 9:07:21 AM
blindgamers14(roflgamer) used a hand_grenade 1-25-2021, 9:07:21 AM
blindgamers14(roflgamer) used a hand_grenade 1-25-2021, 9:07:21 AM
blindgamers14(roflgamer) used a hand_grenade 1-25-2021, 9:07:21 AM
blindgamers14(roflgamer) used a hand_grenade 1-25-2021, 9:07:21 AM
blindgamers14(roflgamer) used a hand_grenade 1-25-2021, 9:07:21 AM
blindgamers14(roflgamer) used a hand_grenade 1-25-2021, 9:07:21 AM
blindgamers14(roflgamer) used a hand_grenade 1-25-2021, 9:07:22 AM
blindgamers14(roflgamer) used a hand_grenade 1-25-2021, 9:07:22 AM
blindgamers14(roflgamer) used a hand_grenade 1-25-2021, 9:07:22 AM
blindgamers14(roflgamer) used a health_drink 1-25-2021, 9:07:29 AM
blindgamers14(roflgamer) used a health_drink 1-25-2021, 9:07:29 AM
blindgamers14(roflgamer) used a hand_grenade 1-25-2021, 9:07:31 AM
blindgamers14(roflgamer) used a hand_grenade 1-25-2021, 9:07:32 AM
blindgamers14(roflgamer) used a hand_grenade 1-25-2021, 9:07:32 AM
blindgamers14(roflgamer) used a hand_grenade 1-25-2021, 9:07:32 AM
blindgamers14(roflgamer) used a hand_grenade 1-25-2021, 9:07:32 AM
blindgamers14(roflgamer) used a hand_grenade 1-25-2021, 9:07:32 AM
blindgamers14(roflgamer) used a hand_grenade 1-25-2021, 9:07:33 AM
blindgamers14(roflgamer) used a hand_grenade 1-25-2021, 9:07:40 AM
blindgamers14(roflgamer) used a hand_grenade 1-25-2021, 9:07:40 AM
blindgamers14(roflgamer) used a hand_grenade 1-25-2021, 9:07:41 AM
blindgamers14(roflgamer) used a hand_grenade 1-25-2021, 9:07:41 AM
blindgamers14(roflgamer) used a hand_grenade 1-25-2021, 9:07:41 AM
blindgamers14(roflgamer) used a hand_grenade 1-25-2021, 9:07:41 AM
blindgamers14(roflgamer) used a hand_grenade 1-25-2021, 9:08:01 AM
blindgamers14(roflgamer) used a hand_grenade 1-25-2021, 9:08:01 AM
blindgamers14(roflgamer) used a hand_grenade 1-25-2021, 9:08:02 AM
blindgamers14(roflgamer) used a hand_grenade 1-25-2021, 9:08:02 AM
blindgamers14(roflgamer) used a hand_grenade 1-25-2021, 9:08:02 AM
blindgamers14(roflgamer) used a hand_grenade 1-25-2021, 9:08:02 AM
blindgamers14(roflgamer) used a hand_grenade 1-25-2021, 9:08:02 AM
blindgamers14(roflgamer) used a hand_grenade 1-25-2021, 9:08:02 AM
blindgamers14(roflgamer) used a hand_grenade 1-25-2021, 9:08:02 AM
blindgamers14(roflgamer) used a hand_grenade 1-25-2021, 9:08:03 AM
blindgamers14(roflgamer) used a hand_grenade 1-25-2021, 9:08:03 AM
blindgamers14(roflgamer) used a hand_grenade 1-25-2021, 9:08:03 AM
blindgamers14(roflgamer) used a hand_grenade 1-25-2021, 9:08:03 AM
blindgamers14(roflgamer) used a hand_grenade 1-25-2021, 9:08:03 AM
blindgamers14(roflgamer) used a hand_grenade 1-25-2021, 9:08:03 AM
blindgamers14(roflgamer) used a hand_grenade 1-25-2021, 9:08:08 AM
blindgamers14(roflgamer) used a hand_grenade 1-25-2021, 9:08:08 AM
blindgamers14(roflgamer) used a hand_grenade 1-25-2021, 9:08:08 AM
blindgamers14(roflgamer) used a hand_grenade 1-25-2021, 9:08:08 AM
blindgamers14(roflgamer) used a hand_grenade 1-25-2021, 9:08:09 AM
blindgamers14(roflgamer) used a hand_grenade 1-25-2021, 9:08:09 AM
blindgamers14(roflgamer) used a hand_grenade 1-25-2021, 9:08:09 AM
blindgamers14(roflgamer) used a hand_grenade 1-25-2021, 9:08:09 AM
blindgamers14(roflgamer) used a hand_grenade 1-25-2021, 9:08:10 AM
blindgamers14(roflgamer) used a hand_grenade 1-25-2021, 9:08:10 AM
blindgamers14(roflgamer) used a hand_grenade 1-25-2021, 9:08:10 AM
blindgamers14(roflgamer) used a hand_grenade 1-25-2021, 9:08:10 AM
blindgamers14(roflgamer) used a hand_grenade 1-25-2021, 9:08:10 AM
blindgamers14(roflgamer) used a hand_grenade 1-25-2021, 9:08:10 AM
blindgamers14(roflgamer) used a hand_grenade 1-25-2021, 9:08:11 AM
blindgamers14(roflgamer) used a hand_grenade 1-25-2021, 9:08:11 AM
blindgamers14(roflgamer) used a hand_grenade 1-25-2021, 9:08:11 AM
blindgamers14(roflgamer) used a hand_grenade 1-25-2021, 9:08:11 AM
blindgamers14(roflgamer) used a hand_grenade 1-25-2021, 9:08:11 AM
blindgamers14(roflgamer) used a hand_grenade 1-25-2021, 9:08:12 AM
blindgamers14(roflgamer) used a hand_grenade 1-25-2021, 9:08:13 AM
blindgamers14(roflgamer) used a hand_grenade 1-25-2021, 9:08:13 AM
blindgamers14(roflgamer) used a hand_grenade 1-25-2021, 9:08:13 AM
blindgamers14(roflgamer) used a hand_grenade 1-25-2021, 9:08:13 AM
blindgamers14(roflgamer) used a hand_grenade 1-25-2021, 9:08:13 AM
blindgamers14(roflgamer) used a hand_grenade 1-25-2021, 9:08:13 AM
blindgamers14(roflgamer) used a hand_grenade 1-25-2021, 9:08:14 AM
blindgamers14(roflgamer) used a hand_grenade 1-25-2021, 9:08:14 AM
blindgamers14(roflgamer) used a hand_grenade 1-25-2021, 9:08:15 AM
blindgamers14(roflgamer) used a hand_grenade 1-25-2021, 9:08:15 AM
blindgamers14(roflgamer) used a hand_grenade 1-25-2021, 9:08:15 AM
blindgamers14(roflgamer) used a hand_grenade 1-25-2021, 9:08:15 AM
blindgamers14(roflgamer) used a hand_grenade 1-25-2021, 9:08:15 AM
blindgamers14(roflgamer) used a hand_grenade 1-25-2021, 9:08:15 AM
blindgamers14(roflgamer) used a hand_grenade 1-25-2021, 9:08:16 AM
blindgamers14(roflgamer) used a hand_grenade 1-25-2021, 9:08:16 AM
blindgamers14(roflgamer) used a hand_grenade 1-25-2021, 9:08:17 AM
blindgamers14(roflgamer) used a hand_grenade 1-25-2021, 9:08:17 AM
blindgamers14(roflgamer) used a hand_grenade 1-25-2021, 9:08:17 AM
blindgamers14(roflgamer) used a hand_grenade 1-25-2021, 9:08:17 AM
blindgamers14(roflgamer) used a hand_grenade 1-25-2021, 9:08:18 AM
blindgamers14(roflgamer) used a hand_grenade 1-25-2021, 9:08:18 AM
blindgamers14(roflgamer) used a hand_grenade 1-25-2021, 9:08:18 AM
blindgamers14(roflgamer) used a hand_grenade 1-25-2021, 9:08:18 AM
blindgamers14(roflgamer) used a hand_grenade 1-25-2021, 9:08:18 AM
blindgamers14(roflgamer) used a hand_grenade 1-25-2021, 9:08:18 AM
blindgamers14(roflgamer) used a hand_grenade 1-25-2021, 9:08:19 AM
blindgamers14(roflgamer) used a hand_grenade 1-25-2021, 9:08:19 AM
blindgamers14(roflgamer) used a hand_grenade 1-25-2021, 9:08:19 AM
blindgamers14(roflgamer) used a hand_grenade 1-25-2021, 9:08:19 AM
blindgamers14(roflgamer) used a hand_grenade 1-25-2021, 9:08:19 AM
blindgamers14(roflgamer) used a hand_grenade 1-25-2021, 9:08:19 AM
blindgamers14(roflgamer) used a hand_grenade 1-25-2021, 9:08:20 AM
blindgamers14(roflgamer) used a hand_grenade 1-25-2021, 9:08:20 AM
blindgamers14(roflgamer) used a hand_grenade 1-25-2021, 9:08:20 AM
blindgamers14(roflgamer) used a hand_grenade 1-25-2021, 9:08:20 AM
blindgamers14(roflgamer) used a hand_grenade 1-25-2021, 9:08:20 AM
blindgamers14(roflgamer) used a hand_grenade 1-25-2021, 9:08:20 AM
blindgamers14(roflgamer) used a hand_grenade 1-25-2021, 9:08:21 AM
blindgamers14(roflgamer) used a hand_grenade 1-25-2021, 9:08:21 AM
blindgamers14(roflgamer) used a hand_grenade 1-25-2021, 9:08:21 AM
blindgamers14(roflgamer) used a hand_grenade 1-25-2021, 9:08:21 AM
blindgamers14(roflgamer) used a hand_grenade 1-25-2021, 9:08:21 AM
blindgamers14(roflgamer) used a hand_grenade 1-25-2021, 9:08:21 AM
blindgamers14(roflgamer) used a hand_grenade 1-25-2021, 9:08:22 AM
blindgamers14(roflgamer) used a hand_grenade 1-25-2021, 9:08:22 AM
blindgamers14(roflgamer) used a hand_grenade 1-25-2021, 9:08:22 AM
blindgamers14(roflgamer) used a hand_grenade 1-25-2021, 9:08:22 AM
blindgamers14(roflgamer) used a hand_grenade 1-25-2021, 9:08:22 AM
blindgamers14(roflgamer) used a hand_grenade 1-25-2021, 9:08:22 AM
blindgamers14(roflgamer) used a hand_grenade 1-25-2021, 9:08:23 AM
blindgamers14(roflgamer) used a hand_grenade 1-25-2021, 9:08:23 AM
blindgamers14(roflgamer) used a hand_grenade 1-25-2021, 9:08:26 AM
blindgamers14(roflgamer) used a hand_grenade 1-25-2021, 9:08:26 AM
blindgamers14(roflgamer) used a hand_grenade 1-25-2021, 9:08:26 AM
blindgamers14(roflgamer) used a hand_grenade 1-25-2021, 9:08:27 AM
blindgamers14(roflgamer) used a hand_grenade 1-25-2021, 9:08:27 AM
blindgamers14(roflgamer) used a hand_grenade 1-25-2021, 9:08:27 AM
blindgamers14(roflgamer) used a hand_grenade 1-25-2021, 9:08:27 AM
blindgamers14(roflgamer) used a hand_grenade 1-25-2021, 9:08:27 AM
blindgamers14(roflgamer) used a hand_grenade 1-25-2021, 9:08:27 AM
blindgamers14(roflgamer) used a hand_grenade 1-25-2021, 9:08:27 AM
blindgamers14(roflgamer) used a hand_grenade 1-25-2021, 9:08:28 AM
blindgamers14(roflgamer) used a hand_grenade 1-25-2021, 9:08:28 AM
blindgamers14(roflgamer) used a hand_grenade 1-25-2021, 9:08:28 AM
blindgamers14(roflgamer) used a hand_grenade 1-25-2021, 9:08:28 AM
blindgamers14(roflgamer) used a hand_grenade 1-25-2021, 9:08:28 AM
blindgamers14(roflgamer) used a hand_grenade 1-25-2021, 9:08:28 AM
blindgamers14(roflgamer) used a hand_grenade 1-25-2021, 9:08:29 AM
blindgamers14(roflgamer) used a hand_grenade 1-25-2021, 9:08:31 AM
blindgamers14(roflgamer) used a hand_grenade 1-25-2021, 9:08:31 AM
blindgamers14(roflgamer) used a hand_grenade 1-25-2021, 9:08:31 AM
blindgamers14(roflgamer) used a hand_grenade 1-25-2021, 9:08:31 AM
blindgamers14(roflgamer) used a hand_grenade 1-25-2021, 9:08:31 AM
blindgamers14(roflgamer) used a hand_grenade 1-25-2021, 9:08:31 AM
blindgamers14(roflgamer) used a hand_grenade 1-25-2021, 9:08:51 AM
blindgamers14(roflgamer) used a hand_grenade 1-25-2021, 9:08:51 AM
blindgamers14(roflgamer) used a hand_grenade 1-25-2021, 9:08:51 AM
blindgamers14(roflgamer) used a hand_grenade 1-25-2021, 9:08:51 AM
blindgamers14(roflgamer) used a hand_grenade 1-25-2021, 9:08:51 AM
blindgamers14(roflgamer) used a hand_grenade 1-25-2021, 9:08:52 AM
blindgamers14(roflgamer) used a hand_grenade 1-25-2021, 9:08:52 AM
blindgamers14(roflgamer) used a hand_grenade 1-25-2021, 9:08:52 AM
blindgamers14(roflgamer) used a hand_grenade 1-25-2021, 9:08:56 AM
blindgamers14(roflgamer) used a hand_grenade 1-25-2021, 9:08:56 AM
blindgamers14(roflgamer) used a hand_grenade 1-25-2021, 9:08:56 AM
blindgamers14(roflgamer) used a hand_grenade 1-25-2021, 9:08:56 AM
blindgamers14(roflgamer) used a hand_grenade 1-25-2021, 9:08:56 AM
blindgamers14(roflgamer) used a hand_grenade 1-25-2021, 9:08:57 AM
blindgamers14(roflgamer) used a hand_grenade 1-25-2021, 9:08:59 AM
blindgamers14(roflgamer) used a hand_grenade 1-25-2021, 9:08:59 AM
blindgamers14(roflgamer) used a hand_grenade 1-25-2021, 9:08:59 AM
blindgamers14(roflgamer) used a hand_grenade 1-25-2021, 9:08:59 AM
blindgamers14(roflgamer) used a hand_grenade 1-25-2021, 9:08:59 AM
blindgamers14(roflgamer) used a hand_grenade 1-25-2021, 9:08:59 AM
blindgamers14(roflgamer) used a hand_grenade 1-25-2021, 9:09:00 AM
blindgamers14(roflgamer) used a hand_grenade 1-25-2021, 9:09:00 AM
blindgamers14(roflgamer) used a hand_grenade 1-25-2021, 9:09:00 AM
blindgamers14(roflgamer) used a hand_grenade 1-25-2021, 9:09:00 AM
blindgamers14(roflgamer) used a hand_grenade 1-25-2021, 9:09:00 AM
blindgamers14(roflgamer) used a hand_grenade 1-25-2021, 9:09:00 AM
blindgamers14(roflgamer) used a hand_grenade 1-25-2021, 9:09:01 AM
blindgamers14(roflgamer) used a hand_grenade 1-25-2021, 9:09:01 AM
blindgamers14(roflgamer) used a hand_grenade 1-25-2021, 9:09:01 AM
blindgamers14(roflgamer) used a hand_grenade 1-25-2021, 9:09:01 AM
blindgamers14(roflgamer) used a hand_grenade 1-25-2021, 9:09:01 AM
blindgamers14(roflgamer) used a tk_ultra_health_potion 1-25-2021, 9:09:08 AM
blindgamers14(roflgamer) used a tk_ultra_health_potion 1-25-2021, 9:09:08 AM
blindgamers14(roflgamer) used a hand_grenade 1-25-2021, 9:09:10 AM
blindgamers14(roflgamer) used a hand_grenade 1-25-2021, 9:09:10 AM
blindgamers14(roflgamer) used a hand_grenade 1-25-2021, 9:09:10 AM
blindgamers14(roflgamer) used a hand_grenade 1-25-2021, 9:09:10 AM
blindgamers14(roflgamer) used a hand_grenade 1-25-2021, 9:09:12 AM
blindgamers14(roflgamer) used a hand_grenade 1-25-2021, 9:09:12 AM
blindgamers14(roflgamer) used a hand_grenade 1-25-2021, 9:09:12 AM
blindgamers14(roflgamer) used a hand_grenade 1-25-2021, 9:09:12 AM
blindgamers14(roflgamer) used a hand_grenade 1-25-2021, 9:09:12 AM
blindgamers14(roflgamer) used a hand_grenade 1-25-2021, 9:09:13 AM
blindgamers14(roflgamer) used a hand_grenade 1-25-2021, 9:09:13 AM
blindgamers14(roflgamer) used a hand_grenade 1-25-2021, 9:09:13 AM
blindgamers14(roflgamer) used a hand_grenade 1-25-2021, 9:09:13 AM
blindgamers14(roflgamer) used a hand_grenade 1-25-2021, 9:09:13 AM
blindgamers14(roflgamer) used a hand_grenade 1-25-2021, 9:09:14 AM
blindgamers14(roflgamer) used a hand_grenade 1-25-2021, 9:09:14 AM
blindgamers14(roflgamer) used a hand_grenade 1-25-2021, 9:09:14 AM
blindgamers14(roflgamer) used a hand_grenade 1-25-2021, 9:09:14 AM
blindgamers14(roflgamer) used a hand_grenade 1-25-2021, 9:09:15 AM
blindgamers14(roflgamer) used a hand_grenade 1-25-2021, 9:09:17 AM
blindgamers14(roflgamer) used a hand_grenade 1-25-2021, 9:09:17 AM
blindgamers14(roflgamer) used a hand_grenade 1-25-2021, 9:09:17 AM
blindgamers14(roflgamer) used a hand_grenade 1-25-2021, 9:09:17 AM
blindgamers14(roflgamer) used a hand_grenade 1-25-2021, 9:09:17 AM
blindgamers14(roflgamer) used a hand_grenade 1-25-2021, 9:09:17 AM
blindgamers14(roflgamer) used a hand_grenade 1-25-2021, 9:09:18 AM
blindgamers14(roflgamer) used a hand_grenade 1-25-2021, 9:09:20 AM
blindgamers14(roflgamer) used a hand_grenade 1-25-2021, 9:09:20 AM
blindgamers14(roflgamer) used a hand_grenade 1-25-2021, 9:09:21 AM
blindgamers14(roflgamer) used a hand_grenade 1-25-2021, 9:09:21 AM
blindgamers14(roflgamer) used a hand_grenade 1-25-2021, 9:09:21 AM
blindgamers14(roflgamer) used a hand_grenade 1-25-2021, 9:09:21 AM
blindgamers14(roflgamer) used a hand_grenade 1-25-2021, 9:09:24 AM
blindgamers14(roflgamer) used a hand_grenade 1-25-2021, 9:09:24 AM
blindgamers14(roflgamer) used a hand_grenade 1-25-2021, 9:09:24 AM
blindgamers14(roflgamer) used a hand_grenade 1-25-2021, 9:09:24 AM
blindgamers14(roflgamer) used a the_legendary_sword 1-25-2021, 9:09:35 AM
blindgamers14(roflgamer) used a frequency_scrambler 1-25-2021, 9:09:56 AM
blindgamers14(roflgamer) used a frequency_scrambler 1-25-2021, 9:09:57 AM
blindgamers14(roflgamer) used a frequency_scrambler 1-25-2021, 9:10:21 AM
blindgamers14(roflgamer) used a frequency_scrambler 1-25-2021, 9:10:24 AM
blindgamers14(roflgamer) used a frequency_scrambler 1-25-2021, 9:10:25 AM
blindgamers14(roflgamer) used a frequency_scrambler 1-25-2021, 9:10:25 AM
blindgamers14(roflgamer) used a frequency_scrambler 1-25-2021, 9:10:25 AM
blindgamers14(roflgamer) used a frequency_scrambler 1-25-2021, 9:10:33 AM
blindgamers14(roflgamer) used a shield 1-25-2021, 9:10:57 AM
blindgamers14(roflgamer) used a shield 1-25-2021, 9:10:57 AM
blindgamers14(roflgamer) used a shield 1-25-2021, 9:10:57 AM
blindgamers14(roflgamer) used a shield 1-25-2021, 9:10:57 AM
blindgamers14(roflgamer) used a shield 1-25-2021, 9:10:57 AM
blindgamers14(roflgamer) used a shield 1-25-2021, 9:10:58 AM
blindgamers14(roflgamer) used a shield 1-25-2021, 9:10:58 AM
blindgamers14(roflgamer) used a shield 1-25-2021, 9:10:58 AM
blindgamers14(roflgamer) used a frequency_scrambler 1-25-2021, 9:11:33 AM
blindgamers14(roflgamer) used a health_drink 1-25-2021, 9:12:42 AM
blindgamers14(roflgamer) used a health_drink 1-25-2021, 9:12:42 AM
blindgamers14(roflgamer) used a health_drink 1-25-2021, 9:13:15 AM
blindgamers14(roflgamer) used a health_drink 1-25-2021, 9:13:16 AM
blindgamers14(roflgamer) used a metal_pack 1-25-2021, 9:13:21 AM
blindgamers14(roflgamer) used a metal_pack 1-25-2021, 9:13:21 AM
blindgamers14(roflgamer) used a metal_pack 1-25-2021, 9:13:22 AM
blindgamers14(roflgamer) used a metal_pack 1-25-2021, 9:13:22 AM
blindgamers14(roflgamer) used a metal_pack 1-25-2021, 9:13:22 AM
blindgamers14(roflgamer) used a metal_pack 1-25-2021, 9:13:22 AM
blindgamers14(roflgamer) used a metal_pack 1-25-2021, 9:13:22 AM
blindgamers14(roflgamer) used a metal_pack 1-25-2021, 9:13:22 AM
blindgamers14(roflgamer) used a metal_pack 1-25-2021, 9:13:22 AM
blindgamers14(roflgamer) used a metal_pack 1-25-2021, 9:13:22 AM
blindgamers14(roflgamer) used a metal_pack 1-25-2021, 9:13:22 AM
blindgamers14(roflgamer) used a metal_pack 1-25-2021, 9:13:23 AM
blindgamers14(roflgamer) used a metal_pack 1-25-2021, 9:13:23 AM
blindgamers14(roflgamer) used a metal_pack 1-25-2021, 9:13:23 AM
blindgamers14(roflgamer) used a metal_pack 1-25-2021, 9:13:23 AM
blindgamers14(roflgamer) used a metal_pack 1-25-2021, 9:13:23 AM
blindgamers14(roflgamer) used a metal_pack 1-25-2021, 9:13:23 AM
blindgamers14(roflgamer) used a barricade_bomb 1-25-2021, 9:13:44 AM
blindgamers14(roflgamer) used a health_drink 1-25-2021, 9:14:03 AM
blindgamers14(roflgamer) used a health_drink 1-25-2021, 9:14:03 AM
blindgamers14(roflgamer) used a health_drink 1-25-2021, 9:14:30 AM
blindgamers14(roflgamer) used a health_drink 1-25-2021, 9:14:30 AM
blindgamers14(roflgamer) used a health_drink 1-25-2021, 9:14:42 AM
blindgamers14(roflgamer) used a barricade_bomb 1-25-2021, 9:15:03 AM
blindgamers14(roflgamer) used a health_drink 1-25-2021, 9:15:23 AM
blindgamers14(roflgamer) used a health_drink 1-25-2021, 9:15:23 AM
blindgamers14(roflgamer) used a health_drink 1-25-2021, 9:16:01 AM
blindgamers14(roflgamer) used a tk_ultra_health_potion 1-25-2021, 9:16:26 AM
blindgamers14(roflgamer) used a tk_ultra_health_potion 1-25-2021, 9:16:26 AM
blindgamers14(roflgamer) used a shield 1-25-2021, 9:16:26 AM
blindgamers14(roflgamer) used a shield 1-25-2021, 9:17:04 AM
blindgamers14(roflgamer) used a shield 1-25-2021, 9:17:04 AM
blindgamers14(roflgamer) used a shield 1-25-2021, 9:17:04 AM
blindgamers14(roflgamer) used a shield 1-25-2021, 9:17:04 AM
blindgamers14(roflgamer) used a shield 1-25-2021, 9:17:04 AM
blindgamers14(roflgamer) used a shield 1-25-2021, 9:17:04 AM
blindgamers14(roflgamer) used a shield 1-25-2021, 9:17:04 AM
blindgamers14(roflgamer) used a shield 1-25-2021, 9:17:08 AM
blindgamers14(roflgamer) used a shield 1-25-2021, 9:17:08 AM
blindgamers14(roflgamer) used a shield 1-25-2021, 9:17:08 AM
blindgamers14(roflgamer) used a shield 1-25-2021, 9:17:08 AM
blindgamers14(roflgamer) used a shield 1-25-2021, 9:17:08 AM
blindgamers14(roflgamer) used a shield 1-25-2021, 9:17:09 AM
blindgamers14(roflgamer) used a shield 1-25-2021, 9:17:09 AM
blindgamers14(roflgamer) used a shield 1-25-2021, 9:17:09 AM
blindgamers14(roflgamer) used a shield 1-25-2021, 9:17:09 AM
blindgamers14(roflgamer) used a shield 1-25-2021, 9:17:09 AM
blindgamers14(roflgamer) used a shield 1-25-2021, 9:17:10 AM
blindgamers14(roflgamer) used a shield 1-25-2021, 9:17:10 AM
blindgamers14(roflgamer) used a shield 1-25-2021, 9:17:10 AM
blindgamers14(roflgamer) used a shield 1-25-2021, 9:17:10 AM
blindgamers14(roflgamer) used a shield 1-25-2021, 9:17:10 AM
blindgamers14(roflgamer) used a shield 1-25-2021, 9:17:10 AM
blindgamers14(roflgamer) used a shield 1-25-2021, 9:17:10 AM
blindgamers14(roflgamer) used a shield 1-25-2021, 9:17:11 AM
blindgamers14(roflgamer) used a shield 1-25-2021, 9:17:11 AM
blindgamers14(roflgamer) used a shield 1-25-2021, 9:17:11 AM
blindgamers14(roflgamer) used a shield 1-25-2021, 9:17:11 AM
blindgamers14(roflgamer) used a shield 1-25-2021, 9:17:12 AM
blindgamers14(roflgamer) used a shield 1-25-2021, 9:17:12 AM
blindgamers14(roflgamer) used a shield 1-25-2021, 9:17:12 AM
blindgamers14(roflgamer) used a shield 1-25-2021, 9:17:12 AM
blindgamers14(roflgamer) used a robot 1-25-2021, 9:17:33 AM
blindgamers14(roflgamer) used a frequency_scrambler 1-25-2021, 9:17:41 AM
blindgamers14(roflgamer) used a frequency_scrambler 1-25-2021, 9:17:43 AM
blindgamers14(roflgamer) used a frequency_scrambler 1-25-2021, 9:17:44 AM
blindgamers14(roflgamer) used a frequency_scrambler 1-25-2021, 9:17:44 AM
blindgamers14(roflgamer) used a tk_ultra_health_potion 1-25-2021, 9:18:12 AM
blindgamers14(roflgamer) used a tk_ultra_health_potion 1-25-2021, 9:18:12 AM
blindgamers14(roflgamer) used a frequency_scrambler 1-25-2021, 9:20:06 AM
blindgamers14(roflgamer) used a frequency_scrambler 1-25-2021, 9:20:34 AM
blindgamers14(roflgamer) used a frequency_scrambler 1-25-2021, 9:20:34 AM
blindgamers14(roflgamer) used a frequency_scrambler 1-25-2021, 9:20:44 AM
blindgamers14(roflgamer) used a frequency_scrambler 1-25-2021, 9:20:44 AM
blindgamers14(roflgamer) used a frequency_scrambler 1-25-2021, 9:21:07 AM
blindgamers14(roflgamer) used a frequency_scrambler 1-25-2021, 9:21:08 AM
blindgamers14(roflgamer) used a bullet_bomb 1-25-2021, 9:21:10 AM
blindgamers14(roflgamer) used a bullet_bomb 1-25-2021, 9:21:23 AM
blindgamers14(roflgamer) used a bullet_bomb 1-25-2021, 9:21:23 AM
blindgamers14(roflgamer) used a bullet_bomb 1-25-2021, 9:21:37 AM
blindgamers14(roflgamer) used a bullet_bomb 1-25-2021, 9:21:37 AM
blindgamers14(roflgamer) used a bullet_bomb 1-25-2021, 9:21:38 AM
blindgamers14(roflgamer) used a frequency_scrambler 1-25-2021, 9:21:48 AM
blindgamers14(roflgamer) used a frequency_scrambler 1-25-2021, 9:21:48 AM
blindgamers14(roflgamer) used a frequency_scrambler 1-25-2021, 9:21:48 AM
blindgamers14(roflgamer) used a frequency_scrambler 1-25-2021, 9:21:49 AM
blindgamers14(roflgamer) used a frequency_scrambler 1-25-2021, 9:21:51 AM
blindgamers14(roflgamer) used a frequency_scrambler 1-25-2021, 9:21:51 AM
blindgamers14(roflgamer) used a frequency_scrambler 1-25-2021, 9:21:52 AM
blindgamers14(roflgamer) used a frequency_scrambler 1-25-2021, 9:21:52 AM
blindgamers14(roflgamer) used a frequency_scrambler 1-25-2021, 9:21:52 AM
blindgamers14(roflgamer) used a frequency_scrambler 1-25-2021, 9:21:52 AM
blindgamers14(roflgamer) used a frequency_scrambler 1-25-2021, 9:21:54 AM
blindgamers14(roflgamer) used a frequency_scrambler 1-25-2021, 9:21:54 AM
blindgamers14(roflgamer) used a frequency_scrambler 1-25-2021, 9:21:54 AM
blindgamers14(roflgamer) used a frequency_scrambler 1-25-2021, 9:21:59 AM
blindgamers14(roflgamer) used a frequency_scrambler 1-25-2021, 9:21:59 AM
blindgamers14(roflgamer) used a frequency_scrambler 1-25-2021, 9:21:59 AM
blindgamers14(roflgamer) used a frequency_scrambler 1-25-2021, 9:21:59 AM
blindgamers14(roflgamer) used a frequency_scrambler 1-25-2021, 9:21:59 AM
blindgamers14(roflgamer) used a frequency_scrambler 1-25-2021, 9:21:59 AM
blindgamers14(roflgamer) used a frequency_scrambler 1-25-2021, 9:21:59 AM
blindgamers14(roflgamer) used a frequency_scrambler 1-25-2021, 9:22:00 AM
blindgamers14(roflgamer) used a frequency_scrambler 1-25-2021, 9:22:00 AM
blindgamers14(roflgamer) used a frequency_scrambler 1-25-2021, 9:22:00 AM
blindgamers14(roflgamer) used a frequency_scrambler 1-25-2021, 9:22:00 AM
blindgamers14(roflgamer) used a frequency_scrambler 1-25-2021, 9:22:00 AM
blindgamers14(roflgamer) used a frequency_scrambler 1-25-2021, 9:22:00 AM
blindgamers14(roflgamer) used a frequency_scrambler 1-25-2021, 9:22:01 AM
blindgamers14(roflgamer) used a frequency_scrambler 1-25-2021, 9:22:01 AM
blindgamers14(roflgamer) used a frequency_scrambler 1-25-2021, 9:22:01 AM
blindgamers14(roflgamer) used a frequency_scrambler 1-25-2021, 9:22:02 AM
blindgamers14(roflgamer) used a frequency_scrambler 1-25-2021, 9:22:02 AM
blindgamers14(roflgamer) used a frequency_scrambler 1-25-2021, 9:22:02 AM
blindgamers14(roflgamer) used a frequency_scrambler 1-25-2021, 9:22:03 AM
blindgamers14(roflgamer) used a frequency_scrambler 1-25-2021, 9:22:03 AM
blindgamers14(roflgamer) used a frequency_scrambler 1-25-2021, 9:22:03 AM
blindgamers14(roflgamer) used a frequency_scrambler 1-25-2021, 9:22:04 AM
blindgamers14(roflgamer) used a frequency_scrambler 1-25-2021, 9:22:06 AM
blindgamers14(roflgamer) used a frequency_scrambler 1-25-2021, 9:22:06 AM
blindgamers14(roflgamer) used a frequency_scrambler 1-25-2021, 9:22:06 AM
blindgamers14(roflgamer) used a frequency_scrambler 1-25-2021, 9:22:07 AM
blindgamers14(roflgamer) used a frequency_scrambler 1-25-2021, 9:22:07 AM
blindgamers14(roflgamer) used a frequency_scrambler 1-25-2021, 9:22:07 AM
blindgamers14(roflgamer) used a frequency_scrambler 1-25-2021, 9:22:07 AM
blindgamers14(roflgamer) used a frequency_scrambler 1-25-2021, 9:22:07 AM
blindgamers14(roflgamer) used a frequency_scrambler 1-25-2021, 9:22:08 AM
blindgamers14(roflgamer) used a frequency_scrambler 1-25-2021, 9:22:08 AM
blindgamers14(roflgamer) used a bullet_bomb 1-25-2021, 9:22:10 AM
blindgamers14(roflgamer) used a frequency_scrambler 1-25-2021, 9:22:22 AM
blindgamers14(roflgamer) used a bullet_bomb 1-25-2021, 9:22:24 AM
blindgamers14(roflgamer) used a frequency_scrambler 1-25-2021, 9:22:36 AM
blindgamers14(roflgamer) used a frequency_scrambler 1-25-2021, 9:22:36 AM
blindgamers14(roflgamer) used a bullet_bomb 1-25-2021, 9:22:39 AM
blindgamers14(roflgamer) used a bullet_bomb 1-25-2021, 9:22:50 AM
blindgamers14(roflgamer) used a bullet_bomb 1-25-2021, 9:23:02 AM
blindgamers14(roflgamer) used a bullet_bomb 1-25-2021, 9:23:18 AM
blindgamers14(roflgamer) used a bullet_bomb 1-25-2021, 9:23:30 AM
blindgamers14(roflgamer) used a bullet_bomb 1-25-2021, 9:23:42 AM
blindgamers14(roflgamer) used a bullet_bomb 1-25-2021, 9:23:54 AM
blindgamers14(roflgamer) used a bullet_bomb 1-25-2021, 9:24:08 AM
blindgamers14(roflgamer) used a bullet_bomb 1-25-2021, 9:24:19 AM
blindgamers14(roflgamer) used a bullet_bomb 1-25-2021, 9:24:31 AM
blindgamers14(roflgamer) used a bullet_bomb_locator 1-25-2021, 9:25:27 AM
blindgamers14(roflgamer) used a bullet_bomb_locator 1-25-2021, 9:25:27 AM
blindgamers14(roflgamer) used a frequency_scrambler 1-25-2021, 9:28:14 AM
blindgamers14(roflgamer) used a frequency_scrambler 1-25-2021, 9:28:15 AM
blindgamers14(roflgamer) used a frequency_scrambler 1-25-2021, 9:28:15 AM
blindgamers14(roflgamer) used a barricade_bomb 1-25-2021, 9:28:18 AM
blindgamers14(roflgamer) used a barricade_bomb 1-25-2021, 9:28:38 AM
blindgamers14(roflgamer) used a bullet_bomb 1-25-2021, 9:29:12 AM
blindgamers14(roflgamer) used a shield 1-25-2021, 9:44:06 AM
blindgamers14(roflgamer) used a shield 1-25-2021, 9:44:06 AM
blindgamers14(roflgamer) used a shield 1-25-2021, 9:44:06 AM
blindgamers14(roflgamer) used a shield 1-25-2021, 9:44:06 AM
blindgamers14(roflgamer) used a shield 1-25-2021, 9:44:07 AM
blindgamers14(roflgamer) used a shield 1-25-2021, 9:44:07 AM
blindgamers14(roflgamer) used a shield 1-25-2021, 9:44:07 AM
blindgamers14(roflgamer) used a shield 1-25-2021, 9:44:07 AM
blindgamers14(roflgamer) used a frequency_scrambler 1-25-2021, 9:44:25 AM
blindgamers14(roflgamer) used a wirebomb 1-25-2021, 9:44:28 AM
blindgamers14(roflgamer) used a motion_bomb 1-25-2021, 9:44:32 AM
blindgamers14(roflgamer) used a motion_bomb 1-25-2021, 9:44:32 AM
blindgamers14(roflgamer) used a motion_bomb 1-25-2021, 9:44:34 AM
blindgamers14(roflgamer) used a bullet_bomb 1-25-2021, 9:44:43 AM
blindgamers14(roflgamer) used a barricade_bomb 1-25-2021, 9:44:55 AM
blindgamers14(roflgamer) used a ags30 1-25-2021, 9:49:54 AM
blindgamers14(roflgamer) used a colt_ar_15_assault_rifle 1-25-2021, 9:50:14 AM
blindgamers14(roflgamer) used a pack_of_20_bomb_defuser 1-25-2021, 9:50:23 AM
blindgamers14(roflgamer) used a pack_of_20_bomb_defuser 1-25-2021, 9:50:23 AM
blindgamers14(roflgamer) used a pack_of_20_bomb_defuser 1-25-2021, 9:50:23 AM
blindgamers14(roflgamer) used a poisoned_small_projectile 1-25-2021, 9:50:35 AM
blindgamers14(roflgamer) used a bullet_bomb 1-25-2021, 10:13:27 AM
blindgamers14(roflgamer) used a bullet_bomb_locator 1-25-2021, 10:13:31 AM
blindgamers14(roflgamer) used a bullet_bomb_locator 1-25-2021, 11:13:28 AM
blindgamers14(roflgamer) used a bullet_bomb_locator 1-25-2021, 11:13:30 AM
blindgamers14(roflgamer) used a bullet_bomb_locator 1-25-2021, 11:13:31 AM
blindgamers14(roflgamer) used a bullet_bomb_locator 1-25-2021, 11:13:37 AM
blindgamers14(roflgamer) used a bullet_bomb_locator 1-25-2021, 11:13:38 AM
blindgamers14(roflgamer) used a bullet_bomb_locator 1-25-2021, 11:13:38 AM
blindgamers14(roflgamer) used a bullet_bomb_locator 1-25-2021, 11:13:39 AM
blindgamers14(roflgamer) used a bullet_bomb_locator 1-25-2021, 11:13:39 AM
blindgamers14(roflgamer) used a bullet_bomb_locator 1-25-2021, 11:13:39 AM
blindgamers14(roflgamer) used a bullet_bomb_locator 1-25-2021, 11:13:40 AM
blindgamers14(roflgamer) used a bullet_bomb_locator 1-25-2021, 11:13:40 AM
blindgamers14(roflgamer) used a bullet_bomb_locator 1-25-2021, 11:13:40 AM
blindgamers14(roflgamer) used a bullet_bomb_locator 1-25-2021, 11:13:40 AM
blindgamers14(roflgamer) used a bullet_bomb_locator 1-25-2021, 11:13:40 AM
blindgamers14(roflgamer) used a bullet_bomb_locator 1-25-2021, 11:13:40 AM
blindgamers14(roflgamer) used a bullet_bomb_locator 1-25-2021, 11:13:40 AM
blindgamers14(roflgamer) used a bullet_bomb_locator 1-25-2021, 11:13:41 AM
blindgamers14(roflgamer) used a bullet_bomb_locator 1-25-2021, 11:13:41 AM
blindgamers14(roflgamer) used a bullet_bomb_locator 1-25-2021, 11:13:41 AM
blindgamers14(roflgamer) used a bullet_bomb_locator 1-25-2021, 11:13:41 AM
blindgamers14(roflgamer) used a bullet_bomb_locator 1-25-2021, 11:13:41 AM
blindgamers14(roflgamer) used a bullet_bomb_locator 1-25-2021, 11:13:41 AM
blindgamers14(roflgamer) used a bullet_bomb_locator 1-25-2021, 11:13:41 AM
blindgamers14(roflgamer) used a bullet_bomb_locator 1-25-2021, 11:13:42 AM
blindgamers14(roflgamer) used a bullet_bomb_locator 1-25-2021, 11:13:42 AM
blindgamers14(roflgamer) used a bullet_bomb_locator 1-25-2021, 11:13:42 AM
blindgamers14(roflgamer) used a bullet_bomb_locator 1-25-2021, 11:13:42 AM
blindgamers14(roflgamer) used a bullet_bomb_locator 1-25-2021, 11:13:43 AM
blindgamers14(roflgamer) used a bullet_bomb_locator 1-25-2021, 11:13:43 AM
blindgamers14(roflgamer) used a bullet_bomb_locator 1-25-2021, 11:13:43 AM
blindgamers14(roflgamer) used a bullet_bomb_locator 1-25-2021, 11:13:43 AM
blindgamers14(roflgamer) used a bullet_bomb_locator 1-25-2021, 11:13:44 AM
blindgamers14(roflgamer) used a bullet_bomb_locator 1-25-2021, 11:13:44 AM
blindgamers14(roflgamer) used a bullet_bomb_locator 1-25-2021, 11:13:44 AM
blindgamers14(roflgamer) used a bullet_bomb_locator 1-25-2021, 11:13:45 AM
blindgamers14(roflgamer) used a bullet_bomb_locator 1-25-2021, 11:13:45 AM
blindgamers14(roflgamer) used a bullet_bomb_locator 1-25-2021, 11:13:45 AM
blindgamers14(roflgamer) used a bullet_bomb_locator 1-25-2021, 11:13:46 AM
blindgamers14(roflgamer) used a bullet_bomb_locator 1-25-2021, 11:13:46 AM
blindgamers14(roflgamer) used a bullet_bomb_locator 1-25-2021, 11:13:46 AM
blindgamers14(roflgamer) used a bullet_bomb_locator 1-25-2021, 11:13:47 AM
blindgamers14(roflgamer) used a bullet_bomb_locator 1-25-2021, 11:13:47 AM
blindgamers14(roflgamer) used a bullet_bomb_locator 1-25-2021, 11:13:47 AM
blindgamers14(roflgamer) used a bullet_bomb_locator 1-25-2021, 11:13:47 AM
blindgamers14(roflgamer) used a bullet_bomb_locator 1-25-2021, 11:13:48 AM
blindgamers14(roflgamer) used a ultrabomb 1-25-2021, 11:13:51 AM
blindgamers14(roflgamer) used a ultrabomb 1-25-2021, 11:13:53 AM
blindgamers14(roflgamer) used a ultrabomb_locator 1-25-2021, 11:13:57 AM
blindgamers14(roflgamer) used a ultrabomb_locator 1-25-2021, 11:13:57 AM
blindgamers14(roflgamer) used a ultrabomb_locator 1-25-2021, 11:13:58 AM
blindgamers14(roflgamer) used a ultrabomb_locator 1-25-2021, 11:13:59 AM
blindgamers14(roflgamer) used a ultrabomb_locator 1-25-2021, 11:14:00 AM
blindgamers14(roflgamer) used a ultrabomb_locator 1-25-2021, 11:14:00 AM
blindgamers14(roflgamer) used a ultrabomb_locator 1-25-2021, 11:14:00 AM
blindgamers14(roflgamer) used a ultrabomb_locator 1-25-2021, 11:14:01 AM
blindgamers14(roflgamer) used a ultrabomb_locator 1-25-2021, 11:14:01 AM
blindgamers14(roflgamer) used a ultrabomb_locator 1-25-2021, 11:14:01 AM
blindgamers14(roflgamer) used a ultrabomb_locator 1-25-2021, 11:14:01 AM
blindgamers14(roflgamer) used a ultrabomb_locator 1-25-2021, 11:14:01 AM
blindgamers14(roflgamer) used a ultrabomb_locator 1-25-2021, 11:14:02 AM
blindgamers14(roflgamer) used a ultrabomb_locator 1-25-2021, 11:14:02 AM
blindgamers14(roflgamer) used a ultrabomb_locator 1-25-2021, 11:14:02 AM
blindgamers14(roflgamer) used a ultrabomb_locator 1-25-2021, 11:14:02 AM
blindgamers14(roflgamer) used a ultrabomb_locator 1-25-2021, 11:14:02 AM
blindgamers14(roflgamer) used a ultrabomb_locator 1-25-2021, 11:14:03 AM
blindgamers14(roflgamer) used a ultrabomb_locator 1-25-2021, 11:14:03 AM
blindgamers14(roflgamer) used a ultrabomb_locator 1-25-2021, 11:14:03 AM
blindgamers14(roflgamer) used a ultrabomb_locator 1-25-2021, 11:14:03 AM
blindgamers14(roflgamer) used a ultrabomb_locator 1-25-2021, 11:14:03 AM
blindgamers14(roflgamer) used a ultrabomb_locator 1-25-2021, 11:14:04 AM
blindgamers14(roflgamer) used a ultrabomb_locator 1-25-2021, 11:14:04 AM
blindgamers14(roflgamer) used a ultrabomb_locator 1-25-2021, 11:14:04 AM
blindgamers14(roflgamer) used a ultrabomb_locator 1-25-2021, 11:14:04 AM
blindgamers14(roflgamer) used a ultrabomb_locator 1-25-2021, 11:14:04 AM
blindgamers14(roflgamer) used a ultrabomb_locator 1-25-2021, 11:14:04 AM
blindgamers14(roflgamer) used a ultrabomb_locator 1-25-2021, 11:14:04 AM
blindgamers14(roflgamer) used a ultrabomb_locator 1-25-2021, 11:14:04 AM
blindgamers14(roflgamer) used a ultrabomb_locator 1-25-2021, 11:14:04 AM
blindgamers14(roflgamer) used a ultrabomb_locator 1-25-2021, 11:14:05 AM
blindgamers14(roflgamer) used a ultrabomb_locator 1-25-2021, 11:14:05 AM
blindgamers14(roflgamer) used a ultrabomb_locator 1-25-2021, 11:14:05 AM
blindgamers14(roflgamer) used a ultrabomb_locator 1-25-2021, 11:14:05 AM
blindgamers14(roflgamer) used a ultrabomb_locator 1-25-2021, 11:14:07 AM
blindgamers14(roflgamer) used a ultrabomb_locator 1-25-2021, 11:14:12 AM
blindgamers14(roflgamer) used a ultrabomb_locator 1-25-2021, 11:14:12 AM
blindgamers14(roflgamer) used a health_drink 1-25-2021, 11:14:13 AM
blindgamers14(roflgamer) used a frequency_scrambler 1-25-2021, 11:14:59 AM
blindgamers14(roflgamer) used a tk_ultra_health_potion 1-25-2021, 11:15:04 AM
blindgamers14(roflgamer) used a tk_ultra_health_potion 1-25-2021, 11:15:04 AM
blindgamers14(roflgamer) used a bullet_bomb 1-25-2021, 11:15:05 AM
blindgamers14(roflgamer) used a bullet_bomb 1-25-2021, 11:15:16 AM
blindgamers14(roflgamer) used a bullet_bomb 1-25-2021, 11:15:27 AM
blindgamers14(roflgamer) used a bullet_bomb 1-25-2021, 11:15:28 AM
blindgamers14(roflgamer) used a bullet_bomb 1-25-2021, 11:15:40 AM
blindgamers14(roflgamer) used a bullet_bomb 1-25-2021, 11:15:40 AM
blindgamers14(roflgamer) used a bullet_bomb 1-25-2021, 11:15:40 AM
blindgamers14(roflgamer) used a bullet_bomb 1-25-2021, 11:15:51 AM
blindgamers14(roflgamer) used a bullet_bomb 1-25-2021, 11:15:51 AM
blindgamers14(roflgamer) used a the_legendary_sword 1-25-2021, 11:16:10 AM
blindgamers14(roflgamer) used a robot 1-25-2021, 11:16:14 AM
blindgamers14(roflgamer) used a robot 1-25-2021, 11:16:22 AM
blindgamers14(roflgamer) used a health_drink 1-25-2021, 11:16:27 AM
blindgamers14(roflgamer) used a health_drink 1-25-2021, 11:16:27 AM
blindgamers14(roflgamer) used a health_drink 1-25-2021, 11:16:30 AM
blindgamers14(roflgamer) used a health_drink 1-25-2021, 11:16:30 AM
blindgamers14(roflgamer) used a health_drink 1-25-2021, 11:16:31 AM
blindgamers14(roflgamer) used a health_drink 1-25-2021, 11:16:31 AM
blindgamers14(roflgamer) used a health_drink 1-25-2021, 11:16:31 AM
blindgamers14(roflgamer) used a robot 1-25-2021, 11:16:56 AM
blindgamers14(roflgamer) used a robot 1-25-2021, 11:16:56 AM
blindgamers14(roflgamer) used a bullet_bomb 1-25-2021, 11:17:01 AM
blindgamers14(roflgamer) used a health_drink 1-25-2021, 11:17:19 AM
blindgamers14(roflgamer) used a health_drink 1-25-2021, 11:17:26 AM
blindgamers14(roflgamer) used a health_drink 1-25-2021, 11:17:26 AM
blindgamers14(roflgamer) used a bullet_bomb_locator 1-25-2021, 11:17:35 AM
blindgamers14(roflgamer) used a ags30 1-25-2021, 11:18:55 AM
blindgamers14(roflgamer) used a tk_ultra_health_potion 1-25-2021, 11:19:55 AM
blindgamers14(roflgamer) used a tk_ultra_health_potion 1-25-2021, 11:19:55 AM
blindgamers14(roflgamer) used a health_drink 1-25-2021, 11:21:27 AM
blindgamers14(roflgamer) used a health_drink 1-25-2021, 11:21:28 AM
blindgamers14(roflgamer) used a health_drink 1-25-2021, 11:21:28 AM
blindgamers14(roflgamer) used a pack_of_20_ammo_ags30 1-25-2021, 11:22:43 AM
blindgamers14(roflgamer) used a pack_of_20_ammo_ags30 1-25-2021, 11:22:43 AM
blindgamers14(roflgamer) used a pack_of_20_ammo_ags30 1-25-2021, 11:22:43 AM
blindgamers14(roflgamer) used a pack_of_20_ammo_ags30 1-25-2021, 11:22:43 AM
blindgamers14(roflgamer) used a pack_of_20_ammo_ags30 1-25-2021, 11:22:44 AM
blindgamers14(roflgamer) used a pack_of_20_ammo_ags30 1-25-2021, 11:22:44 AM
blindgamers14(roflgamer) used a pack_of_20_ammo_ags30 1-25-2021, 11:22:44 AM
blindgamers14(roflgamer) used a pack_of_20_ammo_ags30 1-25-2021, 11:22:44 AM
blindgamers14(roflgamer) used a pack_of_20_ammo_ags30 1-25-2021, 11:22:44 AM
blindgamers14(roflgamer) used a pack_of_20_ammo_ags30 1-25-2021, 11:22:44 AM
blindgamers14(roflgamer) used a pack_of_20_ammo_ags30 1-25-2021, 11:22:44 AM
blindgamers14(roflgamer) used a pack_of_20_ammo_ags30 1-25-2021, 11:22:44 AM
blindgamers14(roflgamer) used a pack_of_20_ammo_ags30 1-25-2021, 11:22:44 AM
blindgamers14(roflgamer) used a pack_of_20_ammo_ags30 1-25-2021, 11:22:45 AM
blindgamers14(roflgamer) used a pack_of_20_ammo_ags30 1-25-2021, 11:22:45 AM
blindgamers14(roflgamer) used a pack_of_20_ammo_ags30 1-25-2021, 11:22:45 AM
blindgamers14(roflgamer) used a pack_of_20_ammo_ags30 1-25-2021, 11:22:45 AM
blindgamers14(roflgamer) used a pack_of_20_ammo_ags30 1-25-2021, 11:22:45 AM
blindgamers14(roflgamer) used a pack_of_20_ammo_ags30 1-25-2021, 11:22:45 AM
blindgamers14(roflgamer) used a pack_of_20_ammo_ags30 1-25-2021, 11:22:45 AM
blindgamers14(roflgamer) used a pack_of_20_ammo_ags30 1-25-2021, 11:22:45 AM
blindgamers14(roflgamer) used a pack_of_20_ammo_ags30 1-25-2021, 11:22:46 AM
blindgamers14(roflgamer) used a pack_of_20_ammo_ags30 1-25-2021, 11:22:46 AM
blindgamers14(roflgamer) used a pack_of_20_ammo_ags30 1-25-2021, 11:22:46 AM
blindgamers14(roflgamer) used a pack_of_20_ammo_ags30 1-25-2021, 11:22:46 AM
blindgamers14(roflgamer) used a pack_of_20_ammo_ags30 1-25-2021, 11:22:46 AM
blindgamers14(roflgamer) used a pack_of_20_ammo_ags30 1-25-2021, 11:22:46 AM
blindgamers14(roflgamer) used a pack_of_20_ammo_ags30 1-25-2021, 11:22:46 AM
blindgamers14(roflgamer) used a pack_of_20_ammo_ags30 1-25-2021, 11:22:46 AM
blindgamers14(roflgamer) used a pack_of_20_ammo_ags30 1-25-2021, 11:22:47 AM
blindgamers14(roflgamer) used a pack_of_20_ammo_ags30 1-25-2021, 11:22:47 AM
blindgamers14(roflgamer) used a pack_of_20_ammo_ags30 1-25-2021, 11:22:47 AM
blindgamers14(roflgamer) used a pack_of_20_ammo_ags30 1-25-2021, 11:22:47 AM
blindgamers14(roflgamer) used a pack_of_20_ammo_ags30 1-25-2021, 11:22:47 AM
blindgamers14(roflgamer) used a pack_of_20_ammo_ags30 1-25-2021, 11:22:47 AM
blindgamers14(roflgamer) used a pack_of_20_ammo_ags30 1-25-2021, 11:22:47 AM
blindgamers14(roflgamer) used a pack_of_20_ammo_ags30 1-25-2021, 11:22:47 AM
blindgamers14(roflgamer) used a pack_of_20_ammo_ags30 1-25-2021, 11:22:47 AM
blindgamers14(roflgamer) used a pack_of_20_ammo_ags30 1-25-2021, 11:22:48 AM
blindgamers14(roflgamer) used a pack_of_20_ammo_ags30 1-25-2021, 11:22:48 AM
blindgamers14(roflgamer) used a pack_of_20_ammo_ags30 1-25-2021, 11:22:48 AM
blindgamers14(roflgamer) used a pack_of_20_ammo_ags30 1-25-2021, 11:22:48 AM
blindgamers14(roflgamer) used a pack_of_20_ammo_ags30 1-25-2021, 11:22:48 AM
blindgamers14(roflgamer) used a pack_of_20_ammo_ags30 1-25-2021, 11:22:49 AM
blindgamers14(roflgamer) used a pack_of_20_ammo_ags30 1-25-2021, 11:22:49 AM
blindgamers14(roflgamer) used a pack_of_20_ammo_ags30 1-25-2021, 11:22:49 AM
blindgamers14(roflgamer) used a pack_of_20_ammo_ags30 1-25-2021, 11:22:49 AM
blindgamers14(roflgamer) used a pack_of_20_ammo_ags30 1-25-2021, 11:22:49 AM
blindgamers14(roflgamer) used a pack_of_20_ammo_ags30 1-25-2021, 11:22:49 AM
blindgamers14(roflgamer) used a pack_of_20_ammo_ags30 1-25-2021, 11:22:50 AM
blindgamers14(roflgamer) used a pack_of_20_ammo_ags30 1-25-2021, 11:22:50 AM
blindgamers14(roflgamer) used a pack_of_20_ammo_ags30 1-25-2021, 11:22:50 AM
blindgamers14(roflgamer) used a pack_of_20_ammo_ags30 1-25-2021, 11:22:50 AM
blindgamers14(roflgamer) used a pack_of_20_ammo_ags30 1-25-2021, 11:22:50 AM
blindgamers14(roflgamer) used a pack_of_20_ammo_ags30 1-25-2021, 11:22:50 AM
blindgamers14(roflgamer) used a pack_of_20_ammo_ags30 1-25-2021, 11:22:51 AM
blindgamers14(roflgamer) used a pack_of_20_ammo_ags30 1-25-2021, 11:22:51 AM
blindgamers14(roflgamer) used a pack_of_20_ammo_ags30 1-25-2021, 11:22:51 AM
blindgamers14(roflgamer) used a pack_of_20_ammo_ags30 1-25-2021, 11:22:51 AM
blindgamers14(roflgamer) used a pack_of_20_ammo_ags30 1-25-2021, 11:22:51 AM
blindgamers14(roflgamer) used a pack_of_20_ammo_ags30 1-25-2021, 11:22:51 AM
blindgamers14(roflgamer) used a pack_of_20_ammo_ags30 1-25-2021, 11:22:52 AM
blindgamers14(roflgamer) used a pack_of_20_ammo_ags30 1-25-2021, 11:22:52 AM
blindgamers14(roflgamer) used a pack_of_20_ammo_ags30 1-25-2021, 11:22:52 AM
blindgamers14(roflgamer) used a pack_of_20_ammo_ags30 1-25-2021, 11:22:52 AM
blindgamers14(roflgamer) used a pack_of_20_ammo_ags30 1-25-2021, 11:22:52 AM
blindgamers14(roflgamer) used a pack_of_20_ammo_ags30 1-25-2021, 11:22:52 AM
blindgamers14(roflgamer) used a pack_of_20_ammo_ags30 1-25-2021, 11:22:52 AM
blindgamers14(roflgamer) used a pack_of_20_ammo_ags30 1-25-2021, 11:22:53 AM
blindgamers14(roflgamer) used a pack_of_20_ammo_ags30 1-25-2021, 11:22:53 AM
blindgamers14(roflgamer) used a pack_of_20_ammo_ags30 1-25-2021, 11:22:53 AM
blindgamers14(roflgamer) used a pack_of_20_ammo_ags30 1-25-2021, 11:22:53 AM
blindgamers14(roflgamer) used a pack_of_20_ammo_ags30 1-25-2021, 11:22:53 AM
blindgamers14(roflgamer) used a pack_of_20_ammo_ags30 1-25-2021, 11:22:53 AM
blindgamers14(roflgamer) used a pack_of_20_ammo_ags30 1-25-2021, 11:22:54 AM
blindgamers14(roflgamer) used a pack_of_20_ammo_ags30 1-25-2021, 11:22:54 AM
blindgamers14(roflgamer) used a pack_of_20_ammo_ags30 1-25-2021, 11:22:54 AM
blindgamers14(roflgamer) used a pack_of_20_ammo_ags30 1-25-2021, 11:22:54 AM
blindgamers14(roflgamer) used a pack_of_20_ammo_ags30 1-25-2021, 11:22:54 AM
blindgamers14(roflgamer) used a pack_of_20_ammo_ags30 1-25-2021, 11:22:54 AM
blindgamers14(roflgamer) used a pack_of_20_ammo_ags30 1-25-2021, 11:22:54 AM
blindgamers14(roflgamer) used a pack_of_20_ammo_ags30 1-25-2021, 11:22:55 AM
blindgamers14(roflgamer) used a pack_of_20_ammo_ags30 1-25-2021, 11:22:55 AM
blindgamers14(roflgamer) used a pack_of_20_ammo_ags30 1-25-2021, 11:22:55 AM
blindgamers14(roflgamer) used a pack_of_20_ammo_ags30 1-25-2021, 11:22:55 AM
blindgamers14(roflgamer) used a pack_of_20_ammo_ags30 1-25-2021, 11:22:55 AM
blindgamers14(roflgamer) used a pack_of_20_ammo_ags30 1-25-2021, 11:22:55 AM
blindgamers14(roflgamer) used a pack_of_20_ammo_ags30 1-25-2021, 11:22:55 AM
blindgamers14(roflgamer) used a pack_of_20_ammo_ags30 1-25-2021, 11:22:55 AM
blindgamers14(roflgamer) used a pack_of_20_ammo_ags30 1-25-2021, 11:22:55 AM
blindgamers14(roflgamer) used a pack_of_20_ammo_ags30 1-25-2021, 11:22:56 AM
blindgamers14(roflgamer) used a pack_of_20_ammo_ags30 1-25-2021, 11:22:56 AM
blindgamers14(roflgamer) used a pack_of_20_ammo_ags30 1-25-2021, 11:22:56 AM
blindgamers14(roflgamer) used a pack_of_20_ammo_ags30 1-25-2021, 11:22:56 AM
blindgamers14(roflgamer) used a pack_of_20_ammo_ags30 1-25-2021, 11:22:56 AM
blindgamers14(roflgamer) used a pack_of_20_ammo_ags30 1-25-2021, 11:22:56 AM
blindgamers14(roflgamer) used a pack_of_20_ammo_ags30 1-25-2021, 11:22:56 AM
blindgamers14(roflgamer) used a pack_of_20_ammo_ags30 1-25-2021, 11:22:59 AM
blindgamers14(roflgamer) used a pack_of_20_ammo_ags30 1-25-2021, 11:23:00 AM
blindgamers14(roflgamer) used a pack_of_20_ammo_ags30 1-25-2021, 11:23:00 AM
blindgamers14(roflgamer) used a pack_of_20_ammo_ags30 1-25-2021, 11:23:00 AM
blindgamers14(roflgamer) used a pack_of_20_ammo_ags30 1-25-2021, 11:23:00 AM
blindgamers14(roflgamer) used a pack_of_20_ammo_ags30 1-25-2021, 11:23:00 AM
blindgamers14(roflgamer) used a pack_of_20_ammo_ags30 1-25-2021, 11:23:00 AM
blindgamers14(roflgamer) used a pack_of_20_ammo_ags30 1-25-2021, 11:23:00 AM
blindgamers14(roflgamer) used a pack_of_20_ammo_ags30 1-25-2021, 11:23:01 AM
blindgamers14(roflgamer) used a pack_of_20_ammo_ags30 1-25-2021, 11:23:01 AM
blindgamers14(roflgamer) used a pack_of_20_ammo_ags30 1-25-2021, 11:23:01 AM
blindgamers14(roflgamer) used a pack_of_20_ammo_ags30 1-25-2021, 11:23:01 AM
blindgamers14(roflgamer) used a pack_of_20_ammo_ags30 1-25-2021, 11:23:01 AM
blindgamers14(roflgamer) used a pack_of_20_ammo_ags30 1-25-2021, 11:23:01 AM
blindgamers14(roflgamer) used a pack_of_20_ammo_ags30 1-25-2021, 11:23:01 AM
blindgamers14(roflgamer) used a pack_of_20_ammo_ags30 1-25-2021, 11:23:02 AM
blindgamers14(roflgamer) used a pack_of_20_ammo_ags30 1-25-2021, 11:23:02 AM
blindgamers14(roflgamer) used a pack_of_20_ammo_ags30 1-25-2021, 11:23:02 AM
blindgamers14(roflgamer) used a pack_of_20_ammo_ags30 1-25-2021, 11:23:02 AM
blindgamers14(roflgamer) used a pack_of_20_ammo_ags30 1-25-2021, 11:23:02 AM
blindgamers14(roflgamer) used a pack_of_20_ammo_ags30 1-25-2021, 11:23:02 AM
blindgamers14(roflgamer) used a pack_of_20_ammo_ags30 1-25-2021, 11:23:02 AM
blindgamers14(roflgamer) used a pack_of_20_ammo_ags30 1-25-2021, 11:23:02 AM
blindgamers14(roflgamer) used a pack_of_20_ammo_ags30 1-25-2021, 11:23:02 AM
blindgamers14(roflgamer) used a pack_of_20_ammo_ags30 1-25-2021, 11:23:03 AM
blindgamers14(roflgamer) used a pack_of_20_ammo_ags30 1-25-2021, 11:23:03 AM
blindgamers14(roflgamer) used a pack_of_20_ammo_ags30 1-25-2021, 11:23:03 AM
blindgamers14(roflgamer) used a pack_of_20_ammo_ags30 1-25-2021, 11:23:03 AM
blindgamers14(roflgamer) used a pack_of_20_ammo_ags30 1-25-2021, 11:23:03 AM
blindgamers14(roflgamer) used a pack_of_20_ammo_ags30 1-25-2021, 11:23:03 AM
blindgamers14(roflgamer) used a pack_of_20_ammo_ags30 1-25-2021, 11:23:04 AM
blindgamers14(roflgamer) used a ags30 1-25-2021, 11:23:08 AM
blindgamers14(roflgamer) used a ags30 1-25-2021, 11:23:08 AM
blindgamers14(roflgamer) used a ags30 1-25-2021, 11:23:08 AM
blindgamers14(roflgamer) used a ags30 1-25-2021, 11:23:09 AM
blindgamers14(roflgamer) used a ags30 1-25-2021, 11:23:09 AM
blindgamers14(roflgamer) used a ags30 1-25-2021, 11:23:09 AM
blindgamers14(roflgamer) used a pack_of_20_ammo_ags30 1-25-2021, 11:23:20 AM
blindgamers14(roflgamer) used a pack_of_20_ammo_ags30 1-25-2021, 11:23:20 AM
blindgamers14(roflgamer) used a pack_of_20_ammo_ags30 1-25-2021, 11:23:21 AM
blindgamers14(roflgamer) used a pack_of_20_ammo_ags30 1-25-2021, 11:23:21 AM
blindgamers14(roflgamer) used a pack_of_20_ammo_ags30 1-25-2021, 11:23:21 AM
blindgamers14(roflgamer) used a pack_of_20_ammo_ags30 1-25-2021, 11:23:21 AM
blindgamers14(roflgamer) used a pack_of_20_ammo_ags30 1-25-2021, 11:23:21 AM
blindgamers14(roflgamer) used a pack_of_20_ammo_ags30 1-25-2021, 11:23:21 AM
blindgamers14(roflgamer) used a pack_of_20_ammo_ags30 1-25-2021, 11:23:21 AM
blindgamers14(roflgamer) used a pack_of_20_ammo_ags30 1-25-2021, 11:23:21 AM
blindgamers14(roflgamer) used a pack_of_20_ammo_ags30 1-25-2021, 11:23:22 AM
blindgamers14(roflgamer) used a pack_of_20_ammo_ags30 1-25-2021, 11:23:22 AM
blindgamers14(roflgamer) used a pack_of_20_ammo_ags30 1-25-2021, 11:23:22 AM
blindgamers14(roflgamer) used a pack_of_20_ammo_ags30 1-25-2021, 11:23:22 AM
blindgamers14(roflgamer) used a pack_of_20_ammo_ags30 1-25-2021, 11:23:22 AM
blindgamers14(roflgamer) used a pack_of_20_ammo_ags30 1-25-2021, 11:23:22 AM
blindgamers14(roflgamer) used a pack_of_20_ammo_ags30 1-25-2021, 11:23:22 AM
blindgamers14(roflgamer) used a pack_of_20_ammo_ags30 1-25-2021, 11:23:23 AM
blindgamers14(roflgamer) used a pack_of_20_ammo_ags30 1-25-2021, 11:23:23 AM
blindgamers14(roflgamer) used a pack_of_20_ammo_ags30 1-25-2021, 11:23:23 AM
blindgamers14(roflgamer) used a pack_of_20_ammo_ags30 1-25-2021, 11:23:23 AM
blindgamers14(roflgamer) used a pack_of_20_ammo_ags30 1-25-2021, 11:23:23 AM
blindgamers14(roflgamer) used a pack_of_20_ammo_ags30 1-25-2021, 11:23:23 AM
blindgamers14(roflgamer) used a pack_of_20_ammo_ags30 1-25-2021, 11:23:27 AM
blindgamers14(roflgamer) used a pack_of_20_ammo_ags30 1-25-2021, 11:23:27 AM
blindgamers14(roflgamer) used a pack_of_20_ammo_ags30 1-25-2021, 11:23:27 AM
blindgamers14(roflgamer) used a pack_of_20_ammo_ags30 1-25-2021, 11:23:27 AM
blindgamers14(roflgamer) used a pack_of_20_ammo_ags30 1-25-2021, 11:23:27 AM
blindgamers14(roflgamer) used a pack_of_20_ammo_ags30 1-25-2021, 11:23:27 AM
blindgamers14(roflgamer) used a pack_of_20_ammo_ags30 1-25-2021, 11:23:27 AM
blindgamers14(roflgamer) used a pack_of_20_ammo_ags30 1-25-2021, 11:23:27 AM
blindgamers14(roflgamer) used a pack_of_20_ammo_ags30 1-25-2021, 11:23:28 AM
blindgamers14(roflgamer) used a pack_of_20_ammo_ags30 1-25-2021, 11:23:28 AM
blindgamers14(roflgamer) used a pack_of_20_ammo_ags30 1-25-2021, 11:23:28 AM
blindgamers14(roflgamer) used a pack_of_20_ammo_ags30 1-25-2021, 11:23:28 AM
blindgamers14(roflgamer) used a pack_of_20_ammo_ags30 1-25-2021, 11:23:28 AM
blindgamers14(roflgamer) used a pack_of_20_ammo_ags30 1-25-2021, 11:23:28 AM
blindgamers14(roflgamer) used a pack_of_20_ammo_ags30 1-25-2021, 11:23:28 AM
blindgamers14(roflgamer) used a pack_of_20_ammo_ags30 1-25-2021, 11:23:29 AM
blindgamers14(roflgamer) used a pack_of_20_ammo_ags30 1-25-2021, 11:23:29 AM
blindgamers14(roflgamer) used a pack_of_20_ammo_ags30 1-25-2021, 11:23:29 AM
blindgamers14(roflgamer) used a pack_of_20_ammo_ags30 1-25-2021, 11:23:29 AM
blindgamers14(roflgamer) used a pack_of_20_ammo_ags30 1-25-2021, 11:23:29 AM
blindgamers14(roflgamer) used a pack_of_20_ammo_ags30 1-25-2021, 11:23:29 AM
blindgamers14(roflgamer) used a pack_of_20_ammo_ags30 1-25-2021, 11:23:29 AM
blindgamers14(roflgamer) used a pack_of_20_ammo_ags30 1-25-2021, 11:23:29 AM
blindgamers14(roflgamer) used a pack_of_20_ammo_ags30 1-25-2021, 11:23:29 AM
blindgamers14(roflgamer) used a pack_of_20_ammo_ags30 1-25-2021, 11:23:29 AM
blindgamers14(roflgamer) used a pack_of_20_ammo_ags30 1-25-2021, 11:23:30 AM
blindgamers14(roflgamer) used a pack_of_20_ammo_ags30 1-25-2021, 11:23:30 AM
blindgamers14(roflgamer) used a pack_of_20_ammo_ags30 1-25-2021, 11:23:30 AM
blindgamers14(roflgamer) used a pack_of_20_ammo_ags30 1-25-2021, 11:23:30 AM
blindgamers14(roflgamer) used a pack_of_20_ammo_ags30 1-25-2021, 11:23:30 AM
blindgamers14(roflgamer) used a pack_of_20_ammo_ags30 1-25-2021, 11:23:30 AM
blindgamers14(roflgamer) used a pack_of_20_ammo_ags30 1-25-2021, 11:23:30 AM
blindgamers14(roflgamer) used a pack_of_20_ammo_ags30 1-25-2021, 11:23:30 AM
blindgamers14(roflgamer) used a pack_of_20_ammo_ags30 1-25-2021, 11:23:30 AM
blindgamers14(roflgamer) used a pack_of_20_ammo_ags30 1-25-2021, 11:23:30 AM
blindgamers14(roflgamer) used a pack_of_20_ammo_ags30 1-25-2021, 11:23:31 AM
blindgamers14(roflgamer) used a pack_of_20_ammo_ags30 1-25-2021, 11:23:31 AM
blindgamers14(roflgamer) used a pack_of_20_ammo_ags30 1-25-2021, 11:23:31 AM
blindgamers14(roflgamer) used a pack_of_20_ammo_ags30 1-25-2021, 11:23:31 AM
blindgamers14(roflgamer) used a pack_of_20_ammo_ags30 1-25-2021, 11:23:31 AM
blindgamers14(roflgamer) used a pack_of_20_ammo_ags30 1-25-2021, 11:23:31 AM
blindgamers14(roflgamer) used a pack_of_20_ammo_ags30 1-25-2021, 11:23:31 AM
blindgamers14(roflgamer) used a pack_of_20_ammo_ags30 1-25-2021, 11:23:31 AM
blindgamers14(roflgamer) used a pack_of_20_ammo_ags30 1-25-2021, 11:23:31 AM
blindgamers14(roflgamer) used a pack_of_20_ammo_ags30 1-25-2021, 11:23:31 AM
blindgamers14(roflgamer) used a pack_of_20_ammo_ags30 1-25-2021, 11:23:32 AM
blindgamers14(roflgamer) used a pack_of_20_ammo_ags30 1-25-2021, 11:23:32 AM
blindgamers14(roflgamer) used a pack_of_20_ammo_ags30 1-25-2021, 11:23:32 AM
blindgamers14(roflgamer) used a pack_of_20_ammo_ags30 1-25-2021, 11:23:32 AM
blindgamers14(roflgamer) used a pack_of_20_ammo_ags30 1-25-2021, 11:23:32 AM
blindgamers14(roflgamer) used a pack_of_20_ammo_ags30 1-25-2021, 11:23:32 AM
blindgamers14(roflgamer) used a pack_of_20_ammo_ags30 1-25-2021, 11:23:33 AM
blindgamers14(roflgamer) used a pack_of_20_ammo_ags30 1-25-2021, 11:23:33 AM
blindgamers14(roflgamer) used a pack_of_20_ammo_ags30 1-25-2021, 11:23:33 AM
blindgamers14(roflgamer) used a pack_of_20_ammo_ags30 1-25-2021, 11:23:33 AM
blindgamers14(roflgamer) used a pack_of_20_ammo_ags30 1-25-2021, 11:23:33 AM
blindgamers14(roflgamer) used a pack_of_20_ammo_ags30 1-25-2021, 11:23:33 AM
blindgamers14(roflgamer) used a pack_of_20_ammo_ags30 1-25-2021, 11:23:33 AM
blindgamers14(roflgamer) used a pack_of_20_ammo_ags30 1-25-2021, 11:23:34 AM
blindgamers14(roflgamer) used a pack_of_20_ammo_ags30 1-25-2021, 11:23:34 AM
blindgamers14(roflgamer) used a pack_of_20_ammo_ags30 1-25-2021, 11:23:34 AM
blindgamers14(roflgamer) used a pack_of_20_ammo_ags30 1-25-2021, 11:23:34 AM
blindgamers14(roflgamer) used a pack_of_20_ammo_ags30 1-25-2021, 11:23:34 AM
blindgamers14(roflgamer) used a pack_of_20_ammo_ags30 1-25-2021, 11:23:34 AM
blindgamers14(roflgamer) used a pack_of_20_ammo_ags30 1-25-2021, 11:23:34 AM
blindgamers14(roflgamer) used a pack_of_20_ammo_ags30 1-25-2021, 11:23:34 AM
blindgamers14(roflgamer) used a pack_of_20_ammo_ags30 1-25-2021, 11:23:35 AM
blindgamers14(roflgamer) used a pack_of_20_ammo_ags30 1-25-2021, 11:23:35 AM
blindgamers14(roflgamer) used a pack_of_20_ammo_ags30 1-25-2021, 11:23:35 AM
blindgamers14(roflgamer) used a pack_of_20_ammo_ags30 1-25-2021, 11:23:35 AM
blindgamers14(roflgamer) used a pack_of_20_ammo_ags30 1-25-2021, 11:23:35 AM
blindgamers14(roflgamer) used a pack_of_20_ammo_ags30 1-25-2021, 11:23:35 AM
blindgamers14(roflgamer) used a pack_of_20_ammo_ags30 1-25-2021, 11:23:35 AM
blindgamers14(roflgamer) used a pack_of_20_ammo_ags30 1-25-2021, 11:23:35 AM
blindgamers14(roflgamer) used a pack_of_20_ammo_ags30 1-25-2021, 11:23:35 AM
blindgamers14(roflgamer) used a tk_ultra_health_potion 1-25-2021, 11:24:29 AM
blindgamers14(roflgamer) used a tk_ultra_health_potion 1-25-2021, 11:24:29 AM
blindgamers14(roflgamer) used a the_legendary_sword 1-25-2021, 11:25:18 AM
blindgamers14(roflgamer) used a shield 1-25-2021, 11:25:34 AM
blindgamers14(roflgamer) used a shield 1-25-2021, 11:25:34 AM
blindgamers14(roflgamer) used a shield 1-25-2021, 11:25:34 AM
blindgamers14(roflgamer) used a shield 1-25-2021, 11:25:34 AM
blindgamers14(roflgamer) used a shield 1-25-2021, 11:25:34 AM
blindgamers14(roflgamer) used a shield 1-25-2021, 11:25:34 AM
blindgamers14(roflgamer) used a shield 1-25-2021, 11:25:35 AM
blindgamers14(roflgamer) used a shield 1-25-2021, 11:25:35 AM
blindgamers14(roflgamer) used a shield 1-25-2021, 11:25:35 AM
blindgamers14(roflgamer) used a shield 1-25-2021, 11:25:35 AM
blindgamers14(roflgamer) used a shield 1-25-2021, 11:25:35 AM
blindgamers14(roflgamer) used a shield 1-25-2021, 11:25:35 AM
blindgamers14(roflgamer) used a shield 1-25-2021, 11:25:36 AM
blindgamers14(roflgamer) used a shield 1-25-2021, 11:25:36 AM
blindgamers14(roflgamer) used a shield 1-25-2021, 11:25:36 AM
blindgamers14(roflgamer) used a shield 1-25-2021, 11:25:36 AM
blindgamers14(roflgamer) used a shield 1-25-2021, 11:25:36 AM
blindgamers14(roflgamer) used a shield 1-25-2021, 11:25:36 AM
blindgamers14(roflgamer) used a shield 1-25-2021, 11:25:36 AM
blindgamers14(roflgamer) used a shield 1-25-2021, 11:25:37 AM
blindgamers14(roflgamer) used a shield 1-25-2021, 11:25:37 AM
blindgamers14(roflgamer) used a shield 1-25-2021, 11:25:37 AM
blindgamers14(roflgamer) used a shield 1-25-2021, 11:25:37 AM
blindgamers14(roflgamer) used a shield 1-25-2021, 11:25:37 AM
blindgamers14(roflgamer) used a shield 1-25-2021, 11:25:37 AM
blindgamers14(roflgamer) used a shield 1-25-2021, 11:25:38 AM
blindgamers14(roflgamer) used a shield 1-25-2021, 11:25:38 AM
blindgamers14(roflgamer) used a shield 1-25-2021, 11:25:38 AM
blindgamers14(roflgamer) used a shield 1-25-2021, 11:25:38 AM
blindgamers14(roflgamer) used a shield 1-25-2021, 11:25:38 AM
blindgamers14(roflgamer) used a tk_ultra_health_potion 1-25-2021, 11:25:39 AM
blindgamers14(roflgamer) used a tk_ultra_health_potion 1-25-2021, 11:25:39 AM
blindgamers14(roflgamer) used a health_drink 1-25-2021, 11:25:53 AM
blindgamers14(roflgamer) used a barricade_bomb 1-25-2021, 11:26:18 AM
blindgamers14(roflgamer) used a barricade_bomb 1-25-2021, 11:26:18 AM
blindgamers14(roflgamer) used a health_drink 1-25-2021, 11:26:38 AM
blindgamers14(roflgamer) used a health_drink 1-25-2021, 11:26:38 AM
blindgamers14(roflgamer) used a hand_cannon 1-25-2021, 11:27:37 AM
blindgamers14(roflgamer) used a fight_inviter 1-25-2021, 11:27:57 AM
blindgamers14(roflgamer) used a tk_ultra_health_potion 1-25-2021, 11:28:17 AM
blindgamers14(roflgamer) used a tk_ultra_health_potion 1-25-2021, 11:28:17 AM
blindgamers14(roflgamer) used a health_drink 1-25-2021, 11:28:20 AM
blindgamers14(roflgamer) used a health_drink 1-25-2021, 11:28:20 AM
blindgamers14(roflgamer) used a health_drink 1-25-2021, 11:28:42 AM
blindgamers14(roflgamer) used a health_drink 1-25-2021, 11:28:50 AM
blindgamers14(roflgamer) used a health_drink 1-25-2021, 11:28:56 AM
blindgamers14(roflgamer) used a barricade_bomb 1-25-2021, 11:30:12 AM
blindgamers14(roflgamer) used a health_drink 1-25-2021, 11:30:31 AM
blindgamers14(roflgamer) used a health_drink 1-25-2021, 11:30:40 AM
blindgamers14(roflgamer) used a health_drink 1-25-2021, 11:30:40 AM
blindgamers14(roflgamer) used a tk_ultra_health_potion 1-25-2021, 11:31:37 AM
blindgamers14(roflgamer) used a tk_ultra_health_potion 1-25-2021, 11:31:37 AM
blindgamers14(roflgamer) used a awp 1-25-2021, 11:31:53 AM
blindgamers14(roflgamer) used a rocket_launcher 1-25-2021, 11:32:16 AM
blindgamers14(roflgamer) used a rocket_launcher 1-25-2021, 11:32:25 AM
blindgamers14(roflgamer) used a rpg7 1-25-2021, 11:32:31 AM
blindgamers14(roflgamer) used a wood 1-25-2021, 11:32:57 AM
blindgamers14(roflgamer) used a wood 1-25-2021, 11:32:59 AM
blindgamers14(roflgamer) used a wood 1-25-2021, 11:33:20 AM
blindgamers14(roflgamer) used a wood_pack 1-25-2021, 11:33:30 AM
blindgamers14(roflgamer) used a wood_pack 1-25-2021, 11:33:31 AM
blindgamers14(roflgamer) used a wood_pack 1-25-2021, 11:33:31 AM
blindgamers14(roflgamer) used a wood_pack 1-25-2021, 11:33:31 AM
blindgamers14(roflgamer) used a wood_pack 1-25-2021, 11:33:31 AM
blindgamers14(roflgamer) used a wood_pack 1-25-2021, 11:33:31 AM
blindgamers14(roflgamer) used a wood_pack 1-25-2021, 11:33:31 AM
blindgamers14(roflgamer) used a wood_pack 1-25-2021, 11:33:31 AM
blindgamers14(roflgamer) used a wood_pack 1-25-2021, 11:33:31 AM
blindgamers14(roflgamer) used a wood_pack 1-25-2021, 11:33:31 AM
blindgamers14(roflgamer) used a wood_pack 1-25-2021, 11:33:31 AM
blindgamers14(roflgamer) used a wood_pack 1-25-2021, 11:33:31 AM
blindgamers14(roflgamer) used a wood_pack 1-25-2021, 11:33:32 AM
blindgamers14(roflgamer) used a wood_pack 1-25-2021, 11:33:32 AM
blindgamers14(roflgamer) used a wood_pack 1-25-2021, 11:33:32 AM
blindgamers14(roflgamer) used a wood_pack 1-25-2021, 11:33:32 AM
blindgamers14(roflgamer) used a wood_pack 1-25-2021, 11:33:32 AM
blindgamers14(roflgamer) used a wood_pack 1-25-2021, 11:33:32 AM
blindgamers14(roflgamer) used a wood_pack 1-25-2021, 11:33:32 AM
blindgamers14(roflgamer) used a wood_pack 1-25-2021, 11:33:32 AM
blindgamers14(roflgamer) used a wood_pack 1-25-2021, 11:33:33 AM
blindgamers14(roflgamer) used a wood_pack 1-25-2021, 11:33:33 AM
blindgamers14(roflgamer) used a wood_pack 1-25-2021, 11:33:33 AM
blindgamers14(roflgamer) used a wood_pack 1-25-2021, 11:33:33 AM
blindgamers14(roflgamer) used a wood_pack 1-25-2021, 11:33:33 AM
blindgamers14(roflgamer) used a wood_pack 1-25-2021, 11:33:33 AM
blindgamers14(roflgamer) used a wood_pack 1-25-2021, 11:33:33 AM
blindgamers14(roflgamer) used a wood_pack 1-25-2021, 11:33:33 AM
blindgamers14(roflgamer) used a wood_pack 1-25-2021, 11:33:34 AM
blindgamers14(roflgamer) used a wood_pack 1-25-2021, 11:33:34 AM
blindgamers14(roflgamer) used a wood_pack 1-25-2021, 11:33:34 AM
blindgamers14(roflgamer) used a wood_pack 1-25-2021, 11:33:34 AM
blindgamers14(roflgamer) used a wood_pack 1-25-2021, 11:33:34 AM
blindgamers14(roflgamer) used a wood_pack 1-25-2021, 11:33:34 AM
blindgamers14(roflgamer) used a wood_pack 1-25-2021, 11:33:36 AM
blindgamers14(roflgamer) used a wood_pack 1-25-2021, 11:33:36 AM
blindgamers14(roflgamer) used a wood_pack 1-25-2021, 11:33:36 AM
blindgamers14(roflgamer) used a wood_pack 1-25-2021, 11:33:36 AM
blindgamers14(roflgamer) used a wood_pack 1-25-2021, 11:33:37 AM
blindgamers14(roflgamer) used a wood_pack 1-25-2021, 11:33:37 AM
blindgamers14(roflgamer) used a wood_pack 1-25-2021, 11:33:37 AM
blindgamers14(roflgamer) used a wood_pack 1-25-2021, 11:33:37 AM
blindgamers14(roflgamer) used a wood_pack 1-25-2021, 11:33:37 AM
blindgamers14(roflgamer) used a wood_pack 1-25-2021, 11:33:37 AM
blindgamers14(roflgamer) used a wood_pack 1-25-2021, 11:33:37 AM
blindgamers14(roflgamer) used a wood_pack 1-25-2021, 11:33:37 AM
blindgamers14(roflgamer) used a wood_pack 1-25-2021, 11:33:37 AM
blindgamers14(roflgamer) used a wood_pack 1-25-2021, 11:33:38 AM
blindgamers14(roflgamer) used a wood_pack 1-25-2021, 11:33:38 AM
blindgamers14(roflgamer) used a wood_pack 1-25-2021, 11:33:38 AM
blindgamers14(roflgamer) used a wood_pack 1-25-2021, 11:33:38 AM
blindgamers14(roflgamer) used a wood_pack 1-25-2021, 11:33:38 AM
blindgamers14(roflgamer) used a wood_pack 1-25-2021, 11:33:38 AM
blindgamers14(roflgamer) used a wood_pack 1-25-2021, 11:33:38 AM
blindgamers14(roflgamer) used a wood_pack 1-25-2021, 11:33:39 AM
blindgamers14(roflgamer) used a wood_pack 1-25-2021, 11:33:39 AM
blindgamers14(roflgamer) used a wood_pack 1-25-2021, 11:33:39 AM
blindgamers14(roflgamer) used a wood_pack 1-25-2021, 11:33:39 AM
blindgamers14(roflgamer) used a wood_pack 1-25-2021, 11:33:39 AM
blindgamers14(roflgamer) used a wood_pack 1-25-2021, 11:33:39 AM
blindgamers14(roflgamer) used a wood_pack 1-25-2021, 11:33:39 AM
blindgamers14(roflgamer) used a wood_pack 1-25-2021, 11:33:40 AM
blindgamers14(roflgamer) used a wood_pack 1-25-2021, 11:33:40 AM
blindgamers14(roflgamer) used a wood_pack 1-25-2021, 11:33:40 AM
blindgamers14(roflgamer) used a wood_pack 1-25-2021, 11:33:40 AM
blindgamers14(roflgamer) used a wood_pack 1-25-2021, 11:33:40 AM
blindgamers14(roflgamer) used a wood_pack 1-25-2021, 11:33:40 AM
blindgamers14(roflgamer) used a wood_pack 1-25-2021, 11:33:40 AM
blindgamers14(roflgamer) used a wood_pack 1-25-2021, 11:33:40 AM
blindgamers14(roflgamer) used a wood_pack 1-25-2021, 11:33:41 AM
blindgamers14(roflgamer) used a wood_pack 1-25-2021, 11:33:41 AM
blindgamers14(roflgamer) used a wood_pack 1-25-2021, 11:33:41 AM
blindgamers14(roflgamer) used a wood_pack 1-25-2021, 11:33:41 AM
blindgamers14(roflgamer) used a wood_pack 1-25-2021, 11:33:41 AM
blindgamers14(roflgamer) used a wood_pack 1-25-2021, 11:33:41 AM
blindgamers14(roflgamer) used a wood_pack 1-25-2021, 11:33:42 AM
blindgamers14(roflgamer) used a wood_pack 1-25-2021, 11:33:42 AM
blindgamers14(roflgamer) used a wood_pack 1-25-2021, 11:33:42 AM
blindgamers14(roflgamer) used a wood_pack 1-25-2021, 11:33:42 AM
blindgamers14(roflgamer) used a wood_pack 1-25-2021, 11:33:42 AM
blindgamers14(roflgamer) used a wood_pack 1-25-2021, 11:33:42 AM
blindgamers14(roflgamer) used a wood_pack 1-25-2021, 11:33:42 AM
blindgamers14(roflgamer) used a wood_pack 1-25-2021, 11:33:42 AM
blindgamers14(roflgamer) used a wood_pack 1-25-2021, 11:33:42 AM
blindgamers14(roflgamer) used a wood_pack 1-25-2021, 11:33:42 AM
blindgamers14(roflgamer) used a wood_pack 1-25-2021, 11:33:43 AM
blindgamers14(roflgamer) used a wood_pack 1-25-2021, 11:33:43 AM
blindgamers14(roflgamer) used a wood_pack 1-25-2021, 11:33:43 AM
blindgamers14(roflgamer) used a wood_pack 1-25-2021, 11:33:43 AM
blindgamers14(roflgamer) used a wood_pack 1-25-2021, 11:33:43 AM
blindgamers14(roflgamer) used a wood_pack 1-25-2021, 11:33:43 AM
blindgamers14(roflgamer) used a wood_pack 1-25-2021, 11:33:44 AM
blindgamers14(roflgamer) used a wood_pack 1-25-2021, 11:33:44 AM
blindgamers14(roflgamer) used a wood_pack 1-25-2021, 11:33:44 AM
blindgamers14(roflgamer) used a wood_pack 1-25-2021, 11:33:44 AM
blindgamers14(roflgamer) used a wood_pack 1-25-2021, 11:33:44 AM
blindgamers14(roflgamer) used a wood_pack 1-25-2021, 11:33:44 AM
blindgamers14(roflgamer) used a wood_pack 1-25-2021, 11:33:44 AM
blindgamers14(roflgamer) used a wood_pack 1-25-2021, 11:33:44 AM
blindgamers14(roflgamer) used a wood_pack 1-25-2021, 11:33:44 AM
blindgamers14(roflgamer) used a wood_pack 1-25-2021, 11:33:45 AM
blindgamers14(roflgamer) used a wood_pack 1-25-2021, 11:33:45 AM
blindgamers14(roflgamer) used a wood_pack 1-25-2021, 11:33:45 AM
blindgamers14(roflgamer) used a wood_pack 1-25-2021, 11:33:45 AM
blindgamers14(roflgamer) used a wood_pack 1-25-2021, 11:33:45 AM
blindgamers14(roflgamer) used a wood_pack 1-25-2021, 11:33:45 AM
blindgamers14(roflgamer) used a wood_pack 1-25-2021, 11:33:45 AM
blindgamers14(roflgamer) used a wood_pack 1-25-2021, 11:33:45 AM
blindgamers14(roflgamer) used a wood_pack 1-25-2021, 11:33:46 AM
blindgamers14(roflgamer) used a wood_pack 1-25-2021, 11:33:46 AM
blindgamers14(roflgamer) used a wood_pack 1-25-2021, 11:33:46 AM
blindgamers14(roflgamer) used a wood_pack 1-25-2021, 11:33:46 AM
blindgamers14(roflgamer) used a wood_pack 1-25-2021, 11:33:46 AM
blindgamers14(roflgamer) used a wood_pack 1-25-2021, 11:33:47 AM
blindgamers14(roflgamer) used a wood_pack 1-25-2021, 11:33:47 AM
blindgamers14(roflgamer) used a wood_pack 1-25-2021, 11:33:47 AM
blindgamers14(roflgamer) used a wood_pack 1-25-2021, 11:33:47 AM
blindgamers14(roflgamer) used a wood_pack 1-25-2021, 11:33:47 AM
blindgamers14(roflgamer) used a wood_pack 1-25-2021, 11:33:47 AM
blindgamers14(roflgamer) used a wood_pack 1-25-2021, 11:33:47 AM
blindgamers14(roflgamer) used a wood_pack 1-25-2021, 11:33:48 AM
blindgamers14(roflgamer) used a wood_pack 1-25-2021, 11:33:48 AM
blindgamers14(roflgamer) used a wood_pack 1-25-2021, 11:33:48 AM
blindgamers14(roflgamer) used a wood_pack 1-25-2021, 11:33:48 AM
blindgamers14(roflgamer) used a wood_pack 1-25-2021, 11:33:48 AM
blindgamers14(roflgamer) used a wood_pack 1-25-2021, 11:33:48 AM
blindgamers14(roflgamer) used a wood_pack 1-25-2021, 11:33:49 AM
blindgamers14(roflgamer) used a wood_pack 1-25-2021, 11:33:49 AM
blindgamers14(roflgamer) used a wood_pack 1-25-2021, 11:33:49 AM
blindgamers14(roflgamer) used a wood_pack 1-25-2021, 11:33:49 AM
blindgamers14(roflgamer) used a wood_pack 1-25-2021, 11:33:49 AM
blindgamers14(roflgamer) used a wood_pack 1-25-2021, 11:33:49 AM
blindgamers14(roflgamer) used a wood_pack 1-25-2021, 11:33:50 AM
blindgamers14(roflgamer) used a wood_pack 1-25-2021, 11:33:50 AM
blindgamers14(roflgamer) used a wood_pack 1-25-2021, 11:33:50 AM
blindgamers14(roflgamer) used a wood_pack 1-25-2021, 11:33:50 AM
blindgamers14(roflgamer) used a wood_pack 1-25-2021, 11:33:50 AM
blindgamers14(roflgamer) used a wood_pack 1-25-2021, 11:33:51 AM
blindgamers14(roflgamer) used a wood_pack 1-25-2021, 11:33:51 AM
blindgamers14(roflgamer) used a wood_pack 1-25-2021, 11:33:51 AM
blindgamers14(roflgamer) used a wood_pack 1-25-2021, 11:33:52 AM
blindgamers14(roflgamer) used a wood_pack 1-25-2021, 11:33:52 AM
blindgamers14(roflgamer) used a wood_pack 1-25-2021, 11:33:52 AM
blindgamers14(roflgamer) used a wood_pack 1-25-2021, 11:33:52 AM
blindgamers14(roflgamer) used a wood_pack 1-25-2021, 11:33:52 AM
blindgamers14(roflgamer) used a wood_pack 1-25-2021, 11:33:53 AM
blindgamers14(roflgamer) used a wood_pack 1-25-2021, 11:33:53 AM
blindgamers14(roflgamer) used a wood_pack 1-25-2021, 11:33:53 AM
blindgamers14(roflgamer) used a wood_pack 1-25-2021, 11:33:53 AM
blindgamers14(roflgamer) used a wood_pack 1-25-2021, 11:33:53 AM
blindgamers14(roflgamer) used a wood_pack 1-25-2021, 11:34:14 AM
blindgamers14(roflgamer) used a wood_pack 1-25-2021, 11:34:15 AM
blindgamers14(roflgamer) used a wood_pack 1-25-2021, 11:34:15 AM
blindgamers14(roflgamer) used a wood_pack 1-25-2021, 11:34:15 AM
blindgamers14(roflgamer) used a wood_pack 1-25-2021, 11:34:15 AM
blindgamers14(roflgamer) used a wood_pack 1-25-2021, 11:34:15 AM
blindgamers14(roflgamer) used a wood_pack 1-25-2021, 11:34:15 AM
blindgamers14(roflgamer) used a wood_pack 1-25-2021, 11:34:15 AM
blindgamers14(roflgamer) used a wood_pack 1-25-2021, 11:34:16 AM
blindgamers14(roflgamer) used a wood_pack 1-25-2021, 11:34:16 AM
blindgamers14(roflgamer) used a wood_pack 1-25-2021, 11:34:16 AM
blindgamers14(roflgamer) used a wood_pack 1-25-2021, 11:34:16 AM
blindgamers14(roflgamer) used a wood_pack 1-25-2021, 11:34:16 AM
blindgamers14(roflgamer) used a wood_pack 1-25-2021, 11:34:16 AM
blindgamers14(roflgamer) used a wood_pack 1-25-2021, 11:34:17 AM
blindgamers14(roflgamer) used a wood_pack 1-25-2021, 11:34:17 AM
blindgamers14(roflgamer) used a wood_pack 1-25-2021, 11:34:17 AM
blindgamers14(roflgamer) used a wood_pack 1-25-2021, 11:34:17 AM
blindgamers14(roflgamer) used a wood_pack 1-25-2021, 11:34:17 AM
blindgamers14(roflgamer) used a wood_pack 1-25-2021, 11:34:17 AM
blindgamers14(roflgamer) used a wood_pack 1-25-2021, 11:34:18 AM
blindgamers14(roflgamer) used a wood_pack 1-25-2021, 11:34:18 AM
blindgamers14(roflgamer) used a wood_pack 1-25-2021, 11:34:18 AM
blindgamers14(roflgamer) used a wood_pack 1-25-2021, 11:34:18 AM
blindgamers14(roflgamer) used a wood_pack 1-25-2021, 11:34:18 AM
blindgamers14(roflgamer) used a wood_pack 1-25-2021, 11:34:18 AM
blindgamers14(roflgamer) used a wood_pack 1-25-2021, 11:34:18 AM
blindgamers14(roflgamer) used a wood_pack 1-25-2021, 11:34:19 AM
blindgamers14(roflgamer) used a wood_pack 1-25-2021, 11:34:19 AM
blindgamers14(roflgamer) used a wood_pack 1-25-2021, 11:34:19 AM
blindgamers14(roflgamer) used a wood_pack 1-25-2021, 11:34:19 AM
blindgamers14(roflgamer) used a wood_pack 1-25-2021, 11:34:19 AM
blindgamers14(roflgamer) used a wood_pack 1-25-2021, 11:34:19 AM
blindgamers14(roflgamer) used a wood_pack 1-25-2021, 11:34:20 AM
blindgamers14(roflgamer) used a wood_pack 1-25-2021, 11:34:20 AM
blindgamers14(roflgamer) used a wood_pack 1-25-2021, 11:34:20 AM
blindgamers14(roflgamer) used a wood_pack 1-25-2021, 11:34:20 AM
blindgamers14(roflgamer) used a wood_pack 1-25-2021, 11:34:20 AM
blindgamers14(roflgamer) used a wood_pack 1-25-2021, 11:34:20 AM
blindgamers14(roflgamer) used a wood_pack 1-25-2021, 11:34:21 AM
blindgamers14(roflgamer) used a wood_pack 1-25-2021, 11:34:21 AM
blindgamers14(roflgamer) used a wood_pack 1-25-2021, 11:34:21 AM
blindgamers14(roflgamer) used a wood_pack 1-25-2021, 11:34:21 AM
blindgamers14(roflgamer) used a wood_pack 1-25-2021, 11:34:21 AM
blindgamers14(roflgamer) used a wood_pack 1-25-2021, 11:34:21 AM
blindgamers14(roflgamer) used a wood_pack 1-25-2021, 11:34:22 AM
blindgamers14(roflgamer) used a wood_pack 1-25-2021, 11:34:22 AM
blindgamers14(roflgamer) used a wood_pack 1-25-2021, 11:34:22 AM
blindgamers14(roflgamer) used a wood_pack 1-25-2021, 11:34:22 AM
blindgamers14(roflgamer) used a wood_pack 1-25-2021, 11:34:22 AM
blindgamers14(roflgamer) used a wood_pack 1-25-2021, 11:34:22 AM
blindgamers14(roflgamer) used a wood_pack 1-25-2021, 11:34:22 AM
blindgamers14(roflgamer) used a wood_pack 1-25-2021, 11:34:22 AM
blindgamers14(roflgamer) used a wood_pack 1-25-2021, 11:34:23 AM
blindgamers14(roflgamer) used a wood_pack 1-25-2021, 11:34:23 AM
blindgamers14(roflgamer) used a wood_pack 1-25-2021, 11:34:23 AM
blindgamers14(roflgamer) used a wood_pack 1-25-2021, 11:34:23 AM
blindgamers14(roflgamer) used a wood_pack 1-25-2021, 11:34:23 AM
blindgamers14(roflgamer) used a wood_pack 1-25-2021, 11:34:23 AM
blindgamers14(roflgamer) used a wood_pack 1-25-2021, 11:34:24 AM
blindgamers14(roflgamer) used a wood_pack 1-25-2021, 11:34:24 AM
blindgamers14(roflgamer) used a wood_pack 1-25-2021, 11:34:24 AM
blindgamers14(roflgamer) used a wood_pack 1-25-2021, 11:34:24 AM
blindgamers14(roflgamer) used a wood_pack 1-25-2021, 11:34:24 AM
blindgamers14(roflgamer) used a wood_pack 1-25-2021, 11:34:24 AM
blindgamers14(roflgamer) used a wood_pack 1-25-2021, 11:34:24 AM
blindgamers14(roflgamer) used a wood_pack 1-25-2021, 11:34:25 AM
blindgamers14(roflgamer) used a wood_pack 1-25-2021, 11:34:25 AM
blindgamers14(roflgamer) used a wood_pack 1-25-2021, 11:34:31 AM
blindgamers14(roflgamer) used a wood_pack 1-25-2021, 11:34:32 AM
blindgamers14(roflgamer) used a wood_pack 1-25-2021, 11:34:32 AM
blindgamers14(roflgamer) used a wood_pack 1-25-2021, 11:34:32 AM
blindgamers14(roflgamer) used a wood_pack 1-25-2021, 11:34:32 AM
blindgamers14(roflgamer) used a wood_pack 1-25-2021, 11:34:32 AM
blindgamers14(roflgamer) used a wood_pack 1-25-2021, 11:34:32 AM
blindgamers14(roflgamer) used a wood_pack 1-25-2021, 11:34:33 AM
blindgamers14(roflgamer) used a wood_pack 1-25-2021, 11:34:33 AM
blindgamers14(roflgamer) used a wood_pack 1-25-2021, 11:34:33 AM
blindgamers14(roflgamer) used a wood_pack 1-25-2021, 11:34:33 AM
blindgamers14(roflgamer) used a wood_pack 1-25-2021, 11:34:33 AM
blindgamers14(roflgamer) used a wood_pack 1-25-2021, 11:34:34 AM
blindgamers14(roflgamer) used a wood_pack 1-25-2021, 11:34:34 AM
blindgamers14(roflgamer) used a wood_pack 1-25-2021, 11:34:34 AM
blindgamers14(roflgamer) used a wood_pack 1-25-2021, 11:34:34 AM
blindgamers14(roflgamer) used a wood_pack 1-25-2021, 11:34:34 AM
blindgamers14(roflgamer) used a wood_pack 1-25-2021, 11:34:34 AM
blindgamers14(roflgamer) used a wood_pack 1-25-2021, 11:34:35 AM
blindgamers14(roflgamer) used a wood_pack 1-25-2021, 11:34:35 AM
blindgamers14(roflgamer) used a wood_pack 1-25-2021, 11:34:35 AM
blindgamers14(roflgamer) used a wood_pack 1-25-2021, 11:34:35 AM
blindgamers14(roflgamer) used a wood_pack 1-25-2021, 11:34:35 AM
blindgamers14(roflgamer) used a wood_pack 1-25-2021, 11:34:36 AM
blindgamers14(roflgamer) used a wood_pack 1-25-2021, 11:34:36 AM
blindgamers14(roflgamer) used a wood_pack 1-25-2021, 11:34:36 AM
blindgamers14(roflgamer) used a wood_pack 1-25-2021, 11:34:36 AM
blindgamers14(roflgamer) used a wood_pack 1-25-2021, 11:34:36 AM
blindgamers14(roflgamer) used a wood_pack 1-25-2021, 11:34:36 AM
blindgamers14(roflgamer) used a wood_pack 1-25-2021, 11:34:37 AM
blindgamers14(roflgamer) used a wood_pack 1-25-2021, 11:34:37 AM
blindgamers14(roflgamer) used a wood_pack 1-25-2021, 11:34:37 AM
blindgamers14(roflgamer) used a wood_pack 1-25-2021, 11:34:37 AM
blindgamers14(roflgamer) used a wood_pack 1-25-2021, 11:34:37 AM
blindgamers14(roflgamer) used a wood_pack 1-25-2021, 11:34:37 AM
blindgamers14(roflgamer) used a wood_pack 1-25-2021, 11:34:38 AM
blindgamers14(roflgamer) used a wood_pack 1-25-2021, 11:34:38 AM
blindgamers14(roflgamer) used a wood_pack 1-25-2021, 11:34:38 AM
blindgamers14(roflgamer) used a wood_pack 1-25-2021, 11:34:39 AM
blindgamers14(roflgamer) used a wood_pack 1-25-2021, 11:34:39 AM
blindgamers14(roflgamer) used a wood_pack 1-25-2021, 11:34:39 AM
blindgamers14(roflgamer) used a wood_pack 1-25-2021, 11:34:39 AM
blindgamers14(roflgamer) used a wood_pack 1-25-2021, 11:34:39 AM
blindgamers14(roflgamer) used a wood_pack 1-25-2021, 11:34:39 AM
blindgamers14(roflgamer) used a wood_pack 1-25-2021, 11:34:58 AM
blindgamers14(roflgamer) used a wood_pack 1-25-2021, 11:34:58 AM
blindgamers14(roflgamer) used a wood_pack 1-25-2021, 11:34:58 AM
blindgamers14(roflgamer) used a wood_pack 1-25-2021, 11:34:59 AM
blindgamers14(roflgamer) used a wood_pack 1-25-2021, 11:34:59 AM
blindgamers14(roflgamer) used a wood_pack 1-25-2021, 11:34:59 AM
blindgamers14(roflgamer) used a wood_pack 1-25-2021, 11:34:59 AM
blindgamers14(roflgamer) used a wood_pack 1-25-2021, 11:34:59 AM
blindgamers14(roflgamer) used a wood_pack 1-25-2021, 11:34:59 AM
blindgamers14(roflgamer) used a wood_pack 1-25-2021, 11:34:59 AM
blindgamers14(roflgamer) used a wood_pack 1-25-2021, 11:34:59 AM
blindgamers14(roflgamer) used a wood_pack 1-25-2021, 11:35:00 AM
blindgamers14(roflgamer) used a wood_pack 1-25-2021, 11:35:00 AM
blindgamers14(roflgamer) used a wood_pack 1-25-2021, 11:35:00 AM
blindgamers14(roflgamer) used a wood_pack 1-25-2021, 11:35:00 AM
blindgamers14(roflgamer) used a wood_pack 1-25-2021, 11:35:00 AM
blindgamers14(roflgamer) used a wood_pack 1-25-2021, 11:35:00 AM
blindgamers14(roflgamer) used a wood_pack 1-25-2021, 11:35:00 AM
blindgamers14(roflgamer) used a wood_pack 1-25-2021, 11:35:00 AM
blindgamers14(roflgamer) used a wood_pack 1-25-2021, 11:35:00 AM
blindgamers14(roflgamer) used a wood_pack 1-25-2021, 11:35:01 AM
blindgamers14(roflgamer) used a wood_pack 1-25-2021, 11:35:01 AM
blindgamers14(roflgamer) used a wood_pack 1-25-2021, 11:35:01 AM
blindgamers14(roflgamer) used a wood_pack 1-25-2021, 11:35:01 AM
blindgamers14(roflgamer) used a wood_pack 1-25-2021, 11:35:01 AM
blindgamers14(roflgamer) used a wood_pack 1-25-2021, 11:35:01 AM
blindgamers14(roflgamer) used a wood_pack 1-25-2021, 11:35:01 AM
blindgamers14(roflgamer) used a wood_pack 1-25-2021, 11:35:02 AM
blindgamers14(roflgamer) used a wood_pack 1-25-2021, 11:35:02 AM
blindgamers14(roflgamer) used a wood_pack 1-25-2021, 11:35:02 AM
blindgamers14(roflgamer) used a wood_pack 1-25-2021, 11:35:02 AM
blindgamers14(roflgamer) used a wood_pack 1-25-2021, 11:35:02 AM
blindgamers14(roflgamer) used a wood_pack 1-25-2021, 11:35:02 AM
blindgamers14(roflgamer) used a empty_pack 1-25-2021, 11:35:13 AM
blindgamers14(roflgamer) used a empty_pack 1-25-2021, 11:35:20 AM
blindgamers14(roflgamer) used a empty_pack 1-25-2021, 11:35:24 AM
blindgamers14(roflgamer) used a empty_pack 1-25-2021, 11:35:28 AM
blindgamers14(roflgamer) used a empty_pack 1-25-2021, 11:35:31 AM
blindgamers14(roflgamer) used a empty_pack 1-25-2021, 11:35:35 AM
blindgamers14(roflgamer) used a empty_pack 1-25-2021, 11:35:35 AM
blindgamers14(roflgamer) used a empty_pack 1-25-2021, 11:35:38 AM
blindgamers14(roflgamer) used a empty_pack 1-25-2021, 11:35:41 AM
blindgamers14(roflgamer) used a empty_pack 1-25-2021, 11:35:45 AM
blindgamers14(roflgamer) used a empty_pack 1-25-2021, 11:35:48 AM
blindgamers14(roflgamer) used a armored_tank 1-25-2021, 11:36:46 AM
blindgamers14(roflgamer) used a armored_tank 1-25-2021, 11:36:46 AM
blindgamers14(roflgamer) used a armored_tank 1-25-2021, 11:36:47 AM
blindgamers14(roflgamer) used a metal_pack 1-25-2021, 11:38:44 AM
blindgamers14(roflgamer) used a metal_pack 1-25-2021, 11:38:45 AM
blindgamers14(roflgamer) used a metal_pack 1-25-2021, 11:38:45 AM
blindgamers14(roflgamer) used a metal_pack 1-25-2021, 11:38:45 AM
blindgamers14(roflgamer) used a metal_pack 1-25-2021, 11:38:45 AM
blindgamers14(roflgamer) used a metal_pack 1-25-2021, 11:38:45 AM
blindgamers14(roflgamer) used a metal_pack 1-25-2021, 11:38:45 AM
blindgamers14(roflgamer) used a metal_pack 1-25-2021, 11:38:45 AM
blindgamers14(roflgamer) used a metal_pack 1-25-2021, 11:38:45 AM
blindgamers14(roflgamer) used a metal_pack 1-25-2021, 11:38:45 AM
blindgamers14(roflgamer) used a metal_pack 1-25-2021, 11:38:45 AM
blindgamers14(roflgamer) used a metal_pack 1-25-2021, 11:38:45 AM
blindgamers14(roflgamer) used a metal_pack 1-25-2021, 11:38:46 AM
blindgamers14(roflgamer) used a metal_pack 1-25-2021, 11:38:46 AM
blindgamers14(roflgamer) used a metal_pack 1-25-2021, 11:38:46 AM
blindgamers14(roflgamer) used a metal_pack 1-25-2021, 11:38:46 AM
blindgamers14(roflgamer) used a metal_pack 1-25-2021, 11:38:46 AM
blindgamers14(roflgamer) used a metal_pack 1-25-2021, 11:38:46 AM
blindgamers14(roflgamer) used a metal_pack 1-25-2021, 11:38:46 AM
blindgamers14(roflgamer) used a metal_pack 1-25-2021, 11:38:46 AM
blindgamers14(roflgamer) used a metal_pack 1-25-2021, 11:38:46 AM
blindgamers14(roflgamer) used a metal_pack 1-25-2021, 11:38:46 AM
blindgamers14(roflgamer) used a metal_pack 1-25-2021, 11:38:46 AM
blindgamers14(roflgamer) used a metal_pack 1-25-2021, 11:38:47 AM
blindgamers14(roflgamer) used a metal 1-25-2021, 11:38:51 AM
blindgamers14(roflgamer) used a tk_ultra_health_potion 1-25-2021, 11:39:24 AM
blindgamers14(roflgamer) used a tk_ultra_health_potion 1-25-2021, 11:39:24 AM
blindgamers14(roflgamer) used a suicide_bomb 1-25-2021, 11:39:47 AM
blindgamers14(roflgamer) used a suicide_bomb 1-25-2021, 11:39:47 AM
blindgamers14(roflgamer) used a suicide_bomb 1-25-2021, 11:39:48 AM
blindgamers14(roflgamer) used a suicide_bomb 1-25-2021, 11:39:48 AM
blindgamers14(roflgamer) used a suicide_bomb 1-25-2021, 11:39:48 AM
blindgamers14(roflgamer) used a armored_tank 1-25-2021, 11:40:22 AM
blindgamers14(roflgamer) used a armored_tank 1-25-2021, 11:40:22 AM
blindgamers14(roflgamer) used a armored_tank 1-25-2021, 11:40:23 AM
blindgamers14(roflgamer) used a armored_tank 1-25-2021, 11:43:49 AM
blindgamers14(roflgamer) used a armored_tank 1-25-2021, 11:43:50 AM
blindgamers14(roflgamer) used a armored_tank 1-25-2021, 11:43:50 AM
blindgamers14(roflgamer) used a tk_ultra_health_potion 1-25-2021, 11:43:53 AM
blindgamers14(roflgamer) used a tk_ultra_health_potion 1-25-2021, 11:43:54 AM
blindgamers14(roflgamer) used a tk_ultra_health_potion 1-25-2021, 11:43:54 AM
blindgamers14(roflgamer) used a tk_ultra_health_potion 1-25-2021, 11:44:15 AM
blindgamers14(roflgamer) used a tk_ultra_health_potion 1-25-2021, 11:44:32 AM
blindgamers14(roflgamer) used a tk_ultra_health_potion 1-25-2021, 11:44:33 AM
blindgamers14(roflgamer) used a fight_inviter 1-25-2021, 11:45:03 AM
blindgamers14(roflgamer) used a tk_ultra_health_potion 1-25-2021, 11:47:11 AM
blindgamers14(roflgamer) used a tk_ultra_health_potion 1-25-2021, 11:47:11 AM
blindgamers14(roflgamer) used a tk_ultra_health_potion 1-25-2021, 11:48:26 AM
blindgamers14(roflgamer) used a tk_ultra_health_potion 1-25-2021, 11:48:26 AM
blindgamers14(roflgamer) used a police_car 1-25-2021, 11:48:40 AM
blindgamers14(roflgamer) used a police_car 1-25-2021, 11:48:40 AM
blindgamers14(roflgamer) used a suicide_bomb 1-25-2021, 11:48:48 AM
blindgamers14(roflgamer) used a health_drink 1-25-2021, 11:48:59 AM
blindgamers14(roflgamer) used a health_drink 1-25-2021, 11:48:59 AM
blindgamers14(roflgamer) used a health_drink 1-25-2021, 11:48:59 AM
blindgamers14(roflgamer) used a police_car 1-25-2021, 11:49:04 AM
blindgamers14(roflgamer) used a tk_ultra_health_potion 1-25-2021, 11:49:13 AM
blindgamers14(roflgamer) used a tk_ultra_health_potion 1-25-2021, 11:49:13 AM
blindgamers14(roflgamer) used a health_drink 1-25-2021, 11:49:15 AM
blindgamers14(roflgamer) used a health_drink 1-25-2021, 11:49:15 AM
blindgamers14(roflgamer) used a health_drink 1-25-2021, 11:49:59 AM
blindgamers14(roflgamer) used a health_drink 1-25-2021, 11:49:59 AM
blindgamers14(roflgamer) used a health_drink 1-25-2021, 11:50:13 AM
blindgamers14(roflgamer) used a tk_ultra_health_potion 1-25-2021, 11:51:02 AM
blindgamers14(roflgamer) used a tk_ultra_health_potion 1-25-2021, 11:51:02 AM
blindgamers14(roflgamer) used a police_car 1-25-2021, 11:51:20 AM
blindgamers14(roflgamer) used a police_car 1-25-2021, 11:51:20 AM
blindgamers14(roflgamer) used a police_car 1-25-2021, 11:51:21 AM
blindgamers14(roflgamer) used a police_car 1-25-2021, 11:51:21 AM
blindgamers14(roflgamer) used a police_car 1-25-2021, 11:51:21 AM
blindgamers14(roflgamer) used a tk_ultra_health_potion 1-25-2021, 11:51:24 AM
blindgamers14(roflgamer) used a ags30 1-25-2021, 11:52:10 AM
blindgamers14(roflgamer) used a armored_tank 1-25-2021, 11:53:07 AM
blindgamers14(roflgamer) used a armored_tank 1-25-2021, 11:53:07 AM
blindgamers14(roflgamer) used a armored_tank 1-25-2021, 11:53:07 AM
blindgamers14(roflgamer) used a tk_ultra_health_potion 1-25-2021, 11:54:09 AM
blindgamers14(roflgamer) used a tk_ultra_health_potion 1-25-2021, 11:54:09 AM
blindgamers14(roflgamer) used a tk_ultra_health_potion 1-25-2021, 11:54:09 AM
blindgamers14(roflgamer) used a hand_cannon 1-25-2021, 11:54:55 AM
blindgamers14(roflgamer) used a hand_cannon 1-25-2021, 11:54:56 AM
blindgamers14(roflgamer) used a armored_tank 1-25-2021, 11:55:07 AM
blindgamers14(roflgamer) used a tank 1-25-2021, 11:55:50 AM
blindgamers14(roflgamer) used a tank 1-25-2021, 11:55:51 AM
blindgamers14(roflgamer) used a tank 1-25-2021, 11:55:51 AM
blindgamers14(roflgamer) used a tank 1-25-2021, 11:55:51 AM
blindgamers14(roflgamer) used a armored_tank 1-25-2021, 11:58:27 AM
blindgamers14(roflgamer) used a armored_tank 1-25-2021, 11:58:27 AM
blindgamers14(roflgamer) used a armored_tank 1-25-2021, 11:58:28 AM
blindgamers14(roflgamer) used a tank 1-25-2021, 11:58:30 AM
blindgamers14(roflgamer) used a tank 1-25-2021, 11:58:31 AM
blindgamers14(roflgamer) used a tank 1-25-2021, 11:58:31 AM
blindgamers14(roflgamer) used a tank 1-25-2021, 11:58:38 AM
blindgamers14(roflgamer) used a tank 1-25-2021, 11:58:39 AM
blindgamers14(roflgamer) used a tank 1-25-2021, 11:58:39 AM
blindgamers14(roflgamer) used a tank 1-25-2021, 11:58:39 AM
blindgamers14(roflgamer) used a armored_tank 1-25-2021, 12:00:02 PM
blindgamers14(roflgamer) used a armored_tank 1-25-2021, 12:00:03 PM
blindgamers14(roflgamer) used a armored_tank 1-25-2021, 12:00:03 PM
blindgamers14(roflgamer) used a armored_tank 1-25-2021, 12:00:03 PM
blindgamers14(roflgamer) used a tk_ultra_health_potion 1-25-2021, 12:00:31 PM
blindgamers14(roflgamer) used a tk_ultra_health_potion 1-25-2021, 12:00:31 PM
blindgamers14(roflgamer) used a suicide_bomb 1-25-2021, 12:01:32 PM
blindgamers14(roflgamer) used a suicide_bomb 1-25-2021, 12:01:32 PM
blindgamers14(roflgamer) used a suicide_bomb 1-25-2021, 12:01:32 PM
blindgamers14(roflgamer) used a tk_ultra_health_potion 1-25-2021, 12:03:34 PM
blindgamers14(roflgamer) used a tk_ultra_health_potion 1-25-2021, 12:03:34 PM
blindgamers14(roflgamer) used a armored_tank 1-25-2021, 12:04:18 PM
blindgamers14(roflgamer) used a armored_tank 1-25-2021, 12:04:19 PM
blindgamers14(roflgamer) used a suicide_bomb 1-25-2021, 12:05:49 PM
blindgamers14(roflgamer) used a suicide_bomb 1-25-2021, 12:05:49 PM
blindgamers14(roflgamer) used a armored_tank 1-25-2021, 12:06:28 PM
blindgamers14(roflgamer) used a armored_tank 1-25-2021, 12:06:28 PM
blindgamers14(roflgamer) used a armored_tank 1-25-2021, 12:06:28 PM
blindgamers14(roflgamer) used a tk_ultra_health_potion 1-25-2021, 12:06:29 PM
blindgamers14(roflgamer) used a tk_ultra_health_potion 1-25-2021, 12:06:29 PM
blindgamers14(roflgamer) used a tk_ultra_health_potion 1-25-2021, 12:08:28 PM
blindgamers14(roflgamer) used a tk_ultra_health_potion 1-25-2021, 12:08:28 PM
blindgamers14(roflgamer) used a suicide_bomb 1-25-2021, 12:09:45 PM
blindgamers14(roflgamer) used a suicide_bomb 1-25-2021, 12:09:45 PM
blindgamers14(roflgamer) used a armored_tank 1-25-2021, 12:10:43 PM
blindgamers14(roflgamer) used a armored_tank 1-25-2021, 12:10:43 PM
blindgamers14(roflgamer) used a armored_tank 1-25-2021, 12:10:43 PM
blindgamers14(roflgamer) used a armored_tank 1-25-2021, 12:10:44 PM
blindgamers14(roflgamer) used a armored_tank 1-25-2021, 12:10:46 PM
blindgamers14(roflgamer) used a armored_tank 1-25-2021, 12:10:50 PM
blindgamers14(roflgamer) used a armored_tank 1-25-2021, 12:10:50 PM
blindgamers14(roflgamer) used a robot 1-25-2021, 12:13:50 PM
blindgamers14(roflgamer) used a suicide_bomb 1-25-2021, 12:14:49 PM
blindgamers14(roflgamer) used a suicide_bomb 1-25-2021, 12:14:50 PM
blindgamers14(roflgamer) used a suicide_bomb 1-25-2021, 12:14:50 PM
blindgamers14(roflgamer) used a tk_ultra_health_potion 1-25-2021, 12:15:07 PM
blindgamers14(roflgamer) used a tk_ultra_health_potion 1-25-2021, 12:15:07 PM
blindgamers14(roflgamer) used a armored_tank 1-25-2021, 12:15:14 PM
blindgamers14(roflgamer) used a tk_ultra_health_potion 1-25-2021, 12:17:05 PM
blindgamers14(roflgamer) used a tk_ultra_health_potion 1-25-2021, 12:17:05 PM
blindgamers14(roflgamer) used a robot 1-25-2021, 12:17:51 PM
blindgamers14(roflgamer) used a robot 1-25-2021, 12:18:06 PM
blindgamers14(roflgamer) used a helicopter 1-25-2021, 12:19:55 PM
blindgamers14(roflgamer) used a helicopter 1-25-2021, 12:19:55 PM
blindgamers14(roflgamer) used a remote_timebomb 1-25-2021, 12:21:10 PM
blindgamers14(roflgamer) used a remote_timebomb 1-25-2021, 12:21:12 PM
blindgamers14(roflgamer) used a remote_timebomb 1-25-2021, 12:21:12 PM
blindgamers14(roflgamer) used a remote_timebomb 1-25-2021, 12:21:14 PM
blindgamers14(roflgamer) used a remote_timebomb 1-25-2021, 12:21:15 PM
blindgamers14(roflgamer) used a remote_timebomb 1-25-2021, 12:21:17 PM
blindgamers14(roflgamer) used a remote_timebomb 1-25-2021, 12:21:17 PM
blindgamers14(roflgamer) used a remote_timebomb 1-25-2021, 12:21:19 PM
blindgamers14(roflgamer) used a remote_timebomb 1-25-2021, 12:21:19 PM
blindgamers14(roflgamer) used a remote_timebomb 1-25-2021, 12:21:21 PM
blindgamers14(roflgamer) used a remote_timebomb 1-25-2021, 12:21:21 PM
blindgamers14(roflgamer) used a remote_timebomb 1-25-2021, 12:21:21 PM
blindgamers14(roflgamer) used a remote_timebomb 1-25-2021, 12:21:27 PM
blindgamers14(roflgamer) used a remote_timebomb 1-25-2021, 12:21:27 PM
blindgamers14(roflgamer) used a remote_timebomb 1-25-2021, 12:21:27 PM
blindgamers14(roflgamer) used a remote_timebomb 1-25-2021, 12:21:52 PM
blindgamers14(roflgamer) used a remote_timebomb 1-25-2021, 12:21:54 PM
blindgamers14(roflgamer) used a remote_timebomb 1-25-2021, 12:21:55 PM
blindgamers14(roflgamer) used a remote_timebomb 1-25-2021, 12:21:55 PM
blindgamers14(roflgamer) used a remote_timebomb 1-25-2021, 12:21:59 PM
blindgamers14(roflgamer) used a remote_timebomb 1-25-2021, 12:21:59 PM
blindgamers14(roflgamer) used a remote_timebomb 1-25-2021, 12:21:59 PM
blindgamers14(roflgamer) used a remote_timebomb 1-25-2021, 12:22:02 PM
blindgamers14(roflgamer) used a remote_timebomb 1-25-2021, 12:22:02 PM
blindgamers14(roflgamer) used a remote_timebomb 1-25-2021, 12:22:02 PM
blindgamers14(roflgamer) used a remote_timebomb 1-25-2021, 12:22:06 PM
blindgamers14(roflgamer) used a remote_timebomb 1-25-2021, 12:22:07 PM
blindgamers14(roflgamer) used a remote_timebomb 1-25-2021, 12:22:09 PM
blindgamers14(roflgamer) used a remote_timebomb 1-25-2021, 12:22:09 PM
blindgamers14(roflgamer) used a remote_timebomb 1-25-2021, 12:22:11 PM
blindgamers14(roflgamer) used a remote_timebomb 1-25-2021, 12:22:12 PM
blindgamers14(roflgamer) used a remote_timebomb 1-25-2021, 12:22:12 PM
blindgamers14(roflgamer) used a remote_timebomb 1-25-2021, 12:22:18 PM
blindgamers14(roflgamer) used a remote_timebomb 1-25-2021, 12:22:18 PM
blindgamers14(roflgamer) used a remote_timebomb 1-25-2021, 12:22:18 PM
blindgamers14(roflgamer) used a remote_timebomb 1-25-2021, 12:22:21 PM
blindgamers14(roflgamer) used a remote_timebomb 1-25-2021, 12:22:21 PM
blindgamers14(roflgamer) used a remote_timebomb 1-25-2021, 12:22:21 PM
blindgamers14(roflgamer) used a remote_timebomb 1-25-2021, 12:22:24 PM
blindgamers14(roflgamer) used a remote_timebomb 1-25-2021, 12:22:24 PM
blindgamers14(roflgamer) used a remote_timebomb 1-25-2021, 12:22:24 PM
blindgamers14(roflgamer) used a remote_timebomb 1-25-2021, 12:22:27 PM
blindgamers14(roflgamer) used a remote_timebomb 1-25-2021, 12:22:27 PM
blindgamers14(roflgamer) used a remote_timebomb 1-25-2021, 12:22:27 PM
blindgamers14(roflgamer) used a remote_timebomb 1-25-2021, 12:22:27 PM
blindgamers14(roflgamer) used a remote_timebomb 1-25-2021, 12:22:34 PM
blindgamers14(roflgamer) used a remote_timebomb 1-25-2021, 12:22:35 PM
blindgamers14(roflgamer) used a remote_timebomb 1-25-2021, 12:22:37 PM
blindgamers14(roflgamer) used a remote_timebomb 1-25-2021, 12:22:37 PM
blindgamers14(roflgamer) used a remote_timebomb 1-25-2021, 12:22:37 PM
blindgamers14(roflgamer) used a remote_timebomb 1-25-2021, 12:22:40 PM
blindgamers14(roflgamer) used a remote_timebomb 1-25-2021, 12:22:40 PM
blindgamers14(roflgamer) used a remote_timebomb 1-25-2021, 12:22:40 PM
blindgamers14(roflgamer) used a remote_timebomb 1-25-2021, 12:22:47 PM
blindgamers14(roflgamer) used a remote_timebomb 1-25-2021, 12:22:47 PM
blindgamers14(roflgamer) used a remote_timebomb 1-25-2021, 12:22:47 PM
blindgamers14(roflgamer) used a remote_timebomb 1-25-2021, 12:22:50 PM
blindgamers14(roflgamer) used a remote_timebomb 1-25-2021, 12:22:50 PM
blindgamers14(roflgamer) used a remote_timebomb 1-25-2021, 12:22:50 PM
blindgamers14(roflgamer) used a remote_timebomb 1-25-2021, 12:22:53 PM
blindgamers14(roflgamer) used a remote_timebomb 1-25-2021, 12:22:53 PM
blindgamers14(roflgamer) used a remote_timebomb 1-25-2021, 12:22:53 PM
blindgamers14(roflgamer) used a remote_timebomb 1-25-2021, 12:22:56 PM
blindgamers14(roflgamer) used a remote_timebomb 1-25-2021, 12:22:56 PM
blindgamers14(roflgamer) used a remote_timebomb 1-25-2021, 12:22:56 PM
blindgamers14(roflgamer) used a remote_timebomb 1-25-2021, 12:22:59 PM
blindgamers14(roflgamer) used a remote_timebomb 1-25-2021, 12:22:59 PM
blindgamers14(roflgamer) used a remote_timebomb 1-25-2021, 12:22:59 PM
blindgamers14(roflgamer) used a remote_timebomb 1-25-2021, 12:23:04 PM
blindgamers14(roflgamer) used a remote_timebomb 1-25-2021, 12:23:04 PM
blindgamers14(roflgamer) used a remote_timebomb 1-25-2021, 12:23:04 PM
blindgamers14(roflgamer) used a remote_timebomb 1-25-2021, 12:23:10 PM
blindgamers14(roflgamer) used a remote_timebomb 1-25-2021, 12:23:10 PM
blindgamers14(roflgamer) used a remote_timebomb 1-25-2021, 12:23:18 PM
blindgamers14(roflgamer) used a remote_timebomb 1-25-2021, 12:23:18 PM
blindgamers14(roflgamer) used a remote_timebomb 1-25-2021, 12:23:18 PM
blindgamers14(roflgamer) used a remote_timebomb 1-25-2021, 12:23:25 PM
blindgamers14(roflgamer) used a remote_timebomb 1-25-2021, 12:23:25 PM
blindgamers14(roflgamer) used a remote_timebomb 1-25-2021, 12:23:25 PM
blindgamers14(roflgamer) used a remote_timebomb 1-25-2021, 12:23:33 PM
blindgamers14(roflgamer) used a nuclear_bomb 1-25-2021, 12:25:27 PM
blindgamers14(roflgamer) used a tk_ultra_health_potion 1-25-2021, 12:39:48 PM
blindgamers14(roflgamer) used a tk_ultra_health_potion 1-25-2021, 12:39:48 PM
blindgamers14(roflgamer) used a sky_436_mine 1-25-2021, 12:40:20 PM
blindgamers14(roflgamer) used a sky_436_mine 1-25-2021, 12:40:20 PM
blindgamers14(roflgamer) used a health_drink 1-25-2021, 12:40:22 PM
blindgamers14(roflgamer) used a health_drink 1-25-2021, 12:40:22 PM
blindgamers14(roflgamer) used a sky_436_mine 1-25-2021, 12:40:24 PM
blindgamers14(roflgamer) used a sky_436_mine 1-25-2021, 12:40:24 PM
blindgamers14(roflgamer) used a sky_436_mine 1-25-2021, 12:40:24 PM
blindgamers14(roflgamer) used a sky_436_mine 1-25-2021, 12:40:25 PM
blindgamers14(roflgamer) used a sky_436_mine 1-25-2021, 12:40:25 PM
blindgamers14(roflgamer) used a sky_436_mine 1-25-2021, 12:40:26 PM
blindgamers14(roflgamer) used a sky_436_mine 1-25-2021, 12:40:26 PM
blindgamers14(roflgamer) used a sky_436_mine 1-25-2021, 12:40:26 PM
blindgamers14(roflgamer) used a sky_436_mine 1-25-2021, 12:40:27 PM
blindgamers14(roflgamer) used a sky_436_mine 1-25-2021, 12:40:28 PM
blindgamers14(roflgamer) used a sky_436_mine 1-25-2021, 12:40:28 PM
blindgamers14(roflgamer) used a sky_436_mine 1-25-2021, 12:40:28 PM
blindgamers14(roflgamer) used a sky_436_mine 1-25-2021, 12:40:29 PM
blindgamers14(roflgamer) used a sky_436_mine 1-25-2021, 12:40:29 PM
blindgamers14(roflgamer) used a sky_436_mine 1-25-2021, 12:40:29 PM
blindgamers14(roflgamer) used a sky_436_mine 1-25-2021, 12:40:29 PM
blindgamers14(roflgamer) used a sky_436_mine 1-25-2021, 12:40:30 PM
blindgamers14(roflgamer) used a sky_436_mine 1-25-2021, 12:40:30 PM
blindgamers14(roflgamer) used a sky_436_mine 1-25-2021, 12:40:30 PM
blindgamers14(roflgamer) used a warp_box 1-25-2021, 12:43:05 PM
blindgamers14(roflgamer) used a warp_box 1-25-2021, 12:43:23 PM
blindgamers14(roflgamer) used a warp_box 1-25-2021, 12:43:24 PM
blindgamers14(roflgamer) used a warp_box 1-25-2021, 12:43:28 PM
blindgamers14(roflgamer) used a warp_box 1-25-2021, 12:43:57 PM
blindgamers14(roflgamer) used a warp_box 1-25-2021, 12:44:19 PM
blindgamers14(roflgamer) used a warp_box 1-25-2021, 12:44:53 PM
blindgamers14(roflgamer) used a warp_box 1-25-2021, 12:46:35 PM
blindgamers14(roflgamer) used a fuel_tank 1-25-2021, 12:47:26 PM
blindgamers14(roflgamer) used a fuel_tank 1-25-2021, 12:47:27 PM
blindgamers14(roflgamer) used a fuel_tank 1-25-2021, 12:47:27 PM
blindgamers14(roflgamer) used a fuel_tank 1-25-2021, 12:47:28 PM
blindgamers14(roflgamer) used a fuel_tank 1-25-2021, 12:47:28 PM
blindgamers14(roflgamer) used a fuel_tank 1-25-2021, 12:47:29 PM
blindgamers14(roflgamer) used a fuel_tank 1-25-2021, 12:47:29 PM
blindgamers14(roflgamer) used a fuel_tank 1-25-2021, 12:47:29 PM
blindgamers14(roflgamer) used a fuel_tank 1-25-2021, 12:47:30 PM
blindgamers14(roflgamer) used a fuel_tank 1-25-2021, 12:47:30 PM
blindgamers14(roflgamer) used a fuel_tank 1-25-2021, 12:47:31 PM
blindgamers14(roflgamer) used a fuel_tank 1-25-2021, 12:47:31 PM
blindgamers14(roflgamer) used a fuel_tank 1-25-2021, 12:47:31 PM
blindgamers14(roflgamer) used a fuel_tank 1-25-2021, 12:47:32 PM
blindgamers14(roflgamer) used a fuel_tank 1-25-2021, 12:47:32 PM
blindgamers14(roflgamer) used a fuel_tank 1-25-2021, 12:47:32 PM
blindgamers14(roflgamer) used a fuel_tank 1-25-2021, 12:47:33 PM
blindgamers14(roflgamer) used a fuel_tank 1-25-2021, 12:47:33 PM
blindgamers14(roflgamer) used a fuel_tank 1-25-2021, 12:47:33 PM
blindgamers14(roflgamer) used a fuel_tank 1-25-2021, 12:47:34 PM
blindgamers14(roflgamer) used a fuel_tank 1-25-2021, 12:47:34 PM
blindgamers14(roflgamer) used a fuel_tank 1-25-2021, 12:47:34 PM
blindgamers14(roflgamer) used a fuel_tank 1-25-2021, 12:47:35 PM
blindgamers14(roflgamer) used a fuel_tank 1-25-2021, 12:47:35 PM
blindgamers14(roflgamer) used a fuel_tank 1-25-2021, 12:47:35 PM
blindgamers14(roflgamer) used a fuel_tank 1-25-2021, 12:47:36 PM
blindgamers14(roflgamer) used a fuel_tank 1-25-2021, 12:47:36 PM
blindgamers14(roflgamer) used a fuel_tank 1-25-2021, 12:47:36 PM
blindgamers14(roflgamer) used a fuel_tank 1-25-2021, 12:47:37 PM
blindgamers14(roflgamer) used a fuel_tank 1-25-2021, 12:47:37 PM
blindgamers14(roflgamer) used a fuel_tank 1-25-2021, 12:47:38 PM
blindgamers14(roflgamer) used a fuel_tank 1-25-2021, 12:47:38 PM
blindgamers14(roflgamer) used a fuel_tank 1-25-2021, 12:47:39 PM
blindgamers14(roflgamer) used a fuel_tank 1-25-2021, 12:47:39 PM
blindgamers14(roflgamer) used a fuel_tank 1-25-2021, 12:47:39 PM
blindgamers14(roflgamer) used a fuel_tank 1-25-2021, 12:47:40 PM
blindgamers14(roflgamer) used a fuel_tank 1-25-2021, 12:47:40 PM
blindgamers14(roflgamer) used a fuel_tank 1-25-2021, 12:47:40 PM
blindgamers14(roflgamer) used a fuel_tank 1-25-2021, 12:47:41 PM
blindgamers14(roflgamer) used a fuel_tank 1-25-2021, 12:47:41 PM
blindgamers14(roflgamer) used a fuel_tank 1-25-2021, 12:47:42 PM
blindgamers14(roflgamer) used a fuel_tank 1-25-2021, 12:47:42 PM
blindgamers14(roflgamer) used a fuel_tank 1-25-2021, 12:47:42 PM
blindgamers14(roflgamer) used a fuel_tank 1-25-2021, 12:47:43 PM
blindgamers14(roflgamer) used a fuel_tank 1-25-2021, 12:47:43 PM
blindgamers14(roflgamer) used a fuel_tank 1-25-2021, 12:47:43 PM
blindgamers14(roflgamer) used a fuel_tank 1-25-2021, 12:47:44 PM
blindgamers14(roflgamer) used a fuel_tank 1-25-2021, 12:47:44 PM
blindgamers14(roflgamer) used a fuel_tank 1-25-2021, 12:47:48 PM
blindgamers14(roflgamer) used a fuel_tank 1-25-2021, 12:47:49 PM
blindgamers14(roflgamer) used a fuel_tank 1-25-2021, 12:48:07 PM
blindgamers14(roflgamer) used a fuel_tank 1-25-2021, 12:48:07 PM
blindgamers14(roflgamer) used a fuel_tank 1-25-2021, 12:48:08 PM
blindgamers14(roflgamer) used a fuel_tank 1-25-2021, 12:48:08 PM
blindgamers14(roflgamer) used a fuel_tank 1-25-2021, 12:48:08 PM
blindgamers14(roflgamer) used a fuel_tank 1-25-2021, 12:48:09 PM
blindgamers14(roflgamer) used a fuel_tank 1-25-2021, 12:48:09 PM
blindgamers14(roflgamer) used a fuel_tank 1-25-2021, 12:48:09 PM
blindgamers14(roflgamer) used a fuel_tank 1-25-2021, 12:48:10 PM
blindgamers14(roflgamer) used a fuel_tank 1-25-2021, 12:48:10 PM
blindgamers14(roflgamer) used a fuel_tank 1-25-2021, 12:48:10 PM
blindgamers14(roflgamer) used a coin 1-25-2021, 12:50:11 PM
blindgamers14(roflgamer) used a coin 1-25-2021, 12:50:12 PM
blindgamers14(roflgamer) used a coin 1-25-2021, 12:50:13 PM
blindgamers14(roflgamer) used a coin 1-25-2021, 12:50:14 PM
blindgamers14(roflgamer) used a shipment_ia1t6zr 1-25-2021, 12:51:42 PM
blindgamers14(roflgamer) used a shipment_y3fmqfa 1-25-2021, 12:51:51 PM
blindgamers14(roflgamer) used a poison_drink 1-25-2021, 12:52:02 PM
blindgamers14(roflgamer) used a bullet_bomb 1-25-2021, 12:52:16 PM
blindgamers14(roflgamer) used a tk_ultra_health_potion 1-25-2021, 12:52:36 PM
blindgamers14(roflgamer) used a tk_ultra_health_potion 1-25-2021, 12:52:36 PM
blindgamers14(roflgamer) used a bullet_bomb 1-25-2021, 12:53:49 PM
blindgamers14(roflgamer) used a bullet_bomb 1-25-2021, 12:54:04 PM
blindgamers14(roflgamer) used a ultrabomb 1-25-2021, 12:54:20 PM
blindgamers14(roflgamer) used a coin 1-25-2021, 12:54:27 PM
blindgamers14(roflgamer) used a coin 1-25-2021, 12:54:27 PM
blindgamers14(roflgamer) used a coin 1-25-2021, 12:54:28 PM
blindgamers14(roflgamer) used a coin 1-25-2021, 12:54:28 PM
blindgamers14(roflgamer) used a coin 1-25-2021, 12:54:28 PM
blindgamers14(roflgamer) used a coin 1-25-2021, 12:54:28 PM
blindgamers14(roflgamer) used a coin 1-25-2021, 12:54:28 PM
blindgamers14(roflgamer) used a coin 1-25-2021, 12:54:28 PM
blindgamers14(roflgamer) used a coin 1-25-2021, 12:54:28 PM
blindgamers14(roflgamer) used a coin 1-25-2021, 12:54:29 PM
blindgamers14(roflgamer) used a coin 1-25-2021, 12:54:29 PM
blindgamers14(roflgamer) used a coin 1-25-2021, 12:54:29 PM
blindgamers14(roflgamer) used a coin 1-25-2021, 12:54:29 PM
blindgamers14(roflgamer) used a ultrabomb_silencer 1-25-2021, 12:54:31 PM
blindgamers14(roflgamer) used a coin 1-25-2021, 12:54:34 PM
blindgamers14(roflgamer) used a coin 1-25-2021, 12:54:35 PM
blindgamers14(roflgamer) used a coin 1-25-2021, 12:54:35 PM
blindgamers14(roflgamer) used a coin 1-25-2021, 12:54:35 PM
blindgamers14(roflgamer) used a coin 1-25-2021, 12:54:35 PM
blindgamers14(roflgamer) used a coin 1-25-2021, 12:54:37 PM
blindgamers14(roflgamer) used a coin 1-25-2021, 12:54:37 PM
blindgamers14(roflgamer) used a tk_ultra_health_potion 1-25-2021, 12:55:16 PM
blindgamers14(roflgamer) used a tk_ultra_health_potion 1-25-2021, 12:55:17 PM
blindgamers14(roflgamer) used a beer_bottle 1-25-2021, 1:11:34 PM
blindgamers14(roflgamer) used a beer_bottle 1-25-2021, 1:11:35 PM
blindgamers14(roflgamer) used a beer_bottle 1-25-2021, 1:11:35 PM
blindgamers14(roflgamer) used a beer_bottle 1-25-2021, 1:11:35 PM
blindgamers14(roflgamer) used a beer_bottle 1-25-2021, 1:11:36 PM
blindgamers14(roflgamer) used a beer_bottle 1-25-2021, 1:11:36 PM
blindgamers14(roflgamer) used a beer_bottle 1-25-2021, 1:11:36 PM
blindgamers14(roflgamer) used a beer_bottle 1-25-2021, 1:11:37 PM
blindgamers14(roflgamer) used a beer_bottle 1-25-2021, 1:11:37 PM
blindgamers14(roflgamer) used a beer_bottle 1-25-2021, 1:11:37 PM
blindgamers14(roflgamer) used a beer_bottle 1-25-2021, 1:11:38 PM
blindgamers14(roflgamer) used a beer_bottle 1-25-2021, 1:11:38 PM
blindgamers14(roflgamer) used a open_beer_bottle 1-25-2021, 1:11:41 PM
blindgamers14(roflgamer) used a open_beer_bottle 1-25-2021, 1:11:41 PM
blindgamers14(roflgamer) used a open_beer_bottle 1-25-2021, 1:11:41 PM
blindgamers14(roflgamer) used a open_beer_bottle 1-25-2021, 1:11:41 PM
blindgamers14(roflgamer) used a open_beer_bottle 1-25-2021, 1:11:41 PM
blindgamers14(roflgamer) used a open_beer_bottle 1-25-2021, 1:11:42 PM
blindgamers14(roflgamer) used a open_beer_bottle 1-25-2021, 1:11:42 PM
blindgamers14(roflgamer) used a open_beer_bottle 1-25-2021, 1:11:42 PM
blindgamers14(roflgamer) used a open_beer_bottle 1-25-2021, 1:11:42 PM
blindgamers14(roflgamer) used a open_beer_bottle 1-25-2021, 1:11:42 PM
blindgamers14(roflgamer) used a open_beer_bottle 1-25-2021, 1:11:42 PM
blindgamers14(roflgamer) used a open_beer_bottle 1-25-2021, 1:11:43 PM
blindgamers14(roflgamer) used a open_beer_bottle 1-25-2021, 1:11:43 PM
blindgamers14(roflgamer) used a open_beer_bottle 1-25-2021, 1:11:43 PM
blindgamers14(roflgamer) used a open_beer_bottle 1-25-2021, 1:11:43 PM
blindgamers14(roflgamer) used a open_beer_bottle 1-25-2021, 1:11:44 PM
blindgamers14(roflgamer) used a open_beer_bottle 1-25-2021, 1:11:44 PM
blindgamers14(roflgamer) used a open_beer_bottle 1-25-2021, 1:11:44 PM
blindgamers14(roflgamer) used a open_beer_bottle 1-25-2021, 1:11:44 PM
blindgamers14(roflgamer) used a open_beer_bottle 1-25-2021, 1:11:45 PM
blindgamers14(roflgamer) used a open_beer_bottle 1-25-2021, 1:11:45 PM
blindgamers14(roflgamer) used a open_beer_bottle 1-25-2021, 1:11:45 PM
blindgamers14(roflgamer) used a open_beer_bottle 1-25-2021, 1:11:46 PM
blindgamers14(roflgamer) used a open_beer_bottle 1-25-2021, 1:11:46 PM
blindgamers14(roflgamer) used a open_beer_bottle 1-25-2021, 1:11:46 PM
blindgamers14(roflgamer) used a open_beer_bottle 1-25-2021, 1:11:46 PM
blindgamers14(roflgamer) used a open_beer_bottle 1-25-2021, 1:11:47 PM
blindgamers14(roflgamer) used a open_beer_bottle 1-25-2021, 1:11:47 PM
blindgamers14(roflgamer) used a open_beer_bottle 1-25-2021, 1:11:47 PM
blindgamers14(roflgamer) used a open_beer_bottle 1-25-2021, 1:11:48 PM
blindgamers14(roflgamer) used a open_beer_bottle 1-25-2021, 1:11:48 PM
blindgamers14(roflgamer) used a open_beer_bottle 1-25-2021, 1:11:48 PM
blindgamers14(roflgamer) used a open_beer_bottle 1-25-2021, 1:11:49 PM
blindgamers14(roflgamer) used a open_beer_bottle 1-25-2021, 1:11:49 PM
blindgamers14(roflgamer) used a open_beer_bottle 1-25-2021, 1:11:49 PM
blindgamers14(roflgamer) used a open_beer_bottle 1-25-2021, 1:11:49 PM
blindgamers14(roflgamer) used a open_beer_bottle 1-25-2021, 1:11:50 PM
blindgamers14(roflgamer) used a open_beer_bottle 1-25-2021, 1:11:50 PM
blindgamers14(roflgamer) used a open_beer_bottle 1-25-2021, 1:11:51 PM
blindgamers14(roflgamer) used a open_beer_bottle 1-25-2021, 1:11:51 PM
blindgamers14(roflgamer) used a open_beer_bottle 1-25-2021, 1:11:51 PM
blindgamers14(roflgamer) used a open_beer_bottle 1-25-2021, 1:11:51 PM
blindgamers14(roflgamer) used a open_beer_bottle 1-25-2021, 1:11:52 PM
blindgamers14(roflgamer) used a open_beer_bottle 1-25-2021, 1:11:53 PM
blindgamers14(roflgamer) used a open_beer_bottle 1-25-2021, 1:11:53 PM
blindgamers14(roflgamer) used a open_beer_bottle 1-25-2021, 1:11:53 PM
blindgamers14(roflgamer) used a open_beer_bottle 1-25-2021, 1:11:53 PM
blindgamers14(roflgamer) used a open_beer_bottle 1-25-2021, 1:11:54 PM
blindgamers14(roflgamer) used a open_beer_bottle 1-25-2021, 1:11:54 PM
blindgamers14(roflgamer) used a open_beer_bottle 1-25-2021, 1:11:54 PM
blindgamers14(roflgamer) used a open_beer_bottle 1-25-2021, 1:11:55 PM
blindgamers14(roflgamer) used a open_beer_bottle 1-25-2021, 1:11:55 PM
blindgamers14(roflgamer) used a open_beer_bottle 1-25-2021, 1:11:55 PM
blindgamers14(roflgamer) used a open_beer_bottle 1-25-2021, 1:11:56 PM
blindgamers14(roflgamer) used a open_beer_bottle 1-25-2021, 1:11:56 PM
blindgamers14(roflgamer) used a open_beer_bottle 1-25-2021, 1:11:56 PM
blindgamers14(roflgamer) used a metal 1-25-2021, 1:14:27 PM
blindgamers14(roflgamer) used a mass_bomb 1-25-2021, 1:14:38 PM
blindgamers14(roflgamer) used a mass_bomb 1-25-2021, 1:14:38 PM
blindgamers14(roflgamer) used a mass_bomb 1-25-2021, 1:15:19 PM
blindgamers14(roflgamer) used a mass_bomb 1-25-2021, 1:15:19 PM
blindgamers14(roflgamer) used a mass_bomb 1-25-2021, 1:15:22 PM
blindgamers14(roflgamer) used a tk_ultra_health_potion 1-25-2021, 1:15:23 PM
blindgamers14(roflgamer) used a health_drink 1-25-2021, 1:15:55 PM
blindgamers14(roflgamer) used a health_drink 1-25-2021, 1:15:55 PM
blindgamers14(roflgamer) used a health_drink 1-25-2021, 1:15:55 PM
blindgamers14(roflgamer) used a tk_ultra_health_potion 1-25-2021, 1:16:19 PM
blindgamers14(roflgamer) used a health_drink 1-25-2021, 1:16:20 PM
blindgamers14(roflgamer) used a health_drink 1-25-2021, 1:16:21 PM
blindgamers14(roflgamer) used a health_drink 1-25-2021, 1:16:21 PM
blindgamers14(roflgamer) used a mass_bomb 1-25-2021, 1:16:23 PM
blindgamers14(roflgamer) used a bomb_defuser 1-25-2021, 1:58:44 PM
blindgamers14(roflgamer) used a bomb_defuser 1-25-2021, 1:58:44 PM
blindgamers14(roflgamer) used a bomb_defuser 1-25-2021, 1:58:50 PM
blindgamers14(roflgamer) used a bomb_defuser 1-25-2021, 1:58:50 PM
blindgamers14(roflgamer) used a knife 1-25-2021, 2:00:25 PM
blindgamers14(roflgamer) used a knife 1-25-2021, 2:00:25 PM
blindgamers14(roflgamer) used a bullet_bomb 1-25-2021, 2:00:32 PM
blindgamers14(roflgamer) used a guided_missile 1-25-2021, 2:03:41 PM
blindgamers14(roflgamer) used a guided_missile 1-25-2021, 2:04:21 PM
blindgamers14(roflgamer) used a guided_missile 1-25-2021, 2:04:36 PM
blindgamers14(roflgamer) used a missile_interceptor 1-25-2021, 2:04:52 PM
blindgamers14(roflgamer) used a tk_ultra_health_potion 1-25-2021, 2:04:54 PM
blindgamers14(roflgamer) used a tk_ultra_health_potion 1-25-2021, 2:04:54 PM
blindgamers14(roflgamer) used a health_drink 1-25-2021, 2:05:13 PM
blindgamers14(roflgamer) used a health_drink 1-25-2021, 2:05:13 PM
blindgamers14(roflgamer) used a health_drink 1-25-2021, 2:05:16 PM
blindgamers14(roflgamer) used a health_drink 1-25-2021, 2:05:17 PM
blindgamers14(roflgamer) used a bullet_bomb 1-25-2021, 2:05:42 PM
blindgamers14(roflgamer) used a tk_ultra_health_potion 1-25-2021, 2:05:52 PM
blindgamers14(roflgamer) used a tk_ultra_health_potion 1-25-2021, 2:05:52 PM
blindgamers14(roflgamer) used a shield 1-25-2021, 2:05:58 PM
blindgamers14(roflgamer) used a missile_interceptor 1-25-2021, 2:06:31 PM
blindgamers14(roflgamer) used a missile_interceptor 1-25-2021, 2:06:31 PM
blindgamers14(roflgamer) used a missile_interceptor 1-25-2021, 2:06:32 PM
blindgamers14(roflgamer) used a missile_interceptor 1-25-2021, 2:06:34 PM
blindgamers14(roflgamer) used a missile_interceptor 1-25-2021, 2:06:34 PM
blindgamers14(roflgamer) used a missile_interceptor 1-25-2021, 2:06:35 PM
blindgamers14(roflgamer) used a missile_interceptor 1-25-2021, 2:06:35 PM
blindgamers14(roflgamer) used a guided_missile 1-25-2021, 2:06:52 PM
blindgamers14(roflgamer) used a missile_interceptor 1-25-2021, 2:06:54 PM
blindgamers14(roflgamer) used a health_drink 1-25-2021, 2:07:01 PM
blindgamers14(roflgamer) used a health_drink 1-25-2021, 2:07:01 PM
blindgamers14(roflgamer) used a guided_missile 1-25-2021, 2:07:03 PM
blindgamers14(roflgamer) used a missile_interceptor 1-25-2021, 2:07:31 PM
blindgamers14(roflgamer) used a missile_interceptor 1-25-2021, 2:07:31 PM
blindgamers14(roflgamer) used a missile_interceptor 1-25-2021, 2:07:36 PM
blindgamers14(roflgamer) used a shield 1-25-2021, 2:07:44 PM
blindgamers14(roflgamer) used a shield 1-25-2021, 2:07:44 PM
blindgamers14(roflgamer) used a shield 1-25-2021, 2:07:45 PM
blindgamers14(roflgamer) used a shield 1-25-2021, 2:07:45 PM
blindgamers14(roflgamer) used a shield 1-25-2021, 2:07:45 PM
blindgamers14(roflgamer) used a shield 1-25-2021, 2:07:45 PM
blindgamers14(roflgamer) used a shield 1-25-2021, 2:07:45 PM
blindgamers14(roflgamer) used a shield 1-25-2021, 2:07:45 PM
blindgamers14(roflgamer) used a shield 1-25-2021, 2:07:46 PM
blindgamers14(roflgamer) used a shield 1-25-2021, 2:07:46 PM
blindgamers14(roflgamer) used a tk_ultra_health_potion 1-25-2021, 2:07:47 PM
blindgamers14(roflgamer) used a missile_interceptor 1-25-2021, 2:07:53 PM
blindgamers14(roflgamer) used a missile_interceptor 1-25-2021, 2:07:53 PM
blindgamers14(roflgamer) used a guided_missile 1-25-2021, 2:08:02 PM
blindgamers14(roflgamer) used a missile_interceptor 1-25-2021, 2:08:28 PM
blindgamers14(roflgamer) used a missile_interceptor 1-25-2021, 2:08:28 PM
blindgamers14(roflgamer) used a missile_interceptor 1-25-2021, 2:08:34 PM
blindgamers14(roflgamer) used a missile_interceptor 1-25-2021, 2:08:39 PM
blindgamers14(roflgamer) used a missile_interceptor 1-25-2021, 2:08:39 PM
blindgamers14(roflgamer) used a tk_ultra_health_potion 1-25-2021, 2:09:21 PM
blindgamers14(roflgamer) used a armored_tank 1-25-2021, 2:10:03 PM
blindgamers14(roflgamer) used a metal 1-25-2021, 2:11:13 PM
blindgamers14(roflgamer) used a metal 1-25-2021, 2:11:28 PM
blindgamers14(roflgamer) used a metal 1-25-2021, 2:11:53 PM
blindgamers14(roflgamer) used a metal 1-25-2021, 2:11:53 PM
blindgamers14(roflgamer) used a tk_ultra_health_potion 1-25-2021, 2:11:58 PM
blindgamers14(roflgamer) used a turret 1-25-2021, 2:12:11 PM
blindgamers14(roflgamer) used a tk_ultra_health_potion 1-25-2021, 2:13:15 PM
blindgamers14(roflgamer) used a tk_ultra_health_potion 1-25-2021, 2:13:15 PM
blindgamers14(roflgamer) used a turret 1-25-2021, 2:13:51 PM
blindgamers14(roflgamer) used a armored_tank 1-25-2021, 2:13:59 PM
blindgamers14(roflgamer) used a metal 1-25-2021, 2:14:41 PM
blindgamers14(roflgamer) used a metal 1-25-2021, 2:14:41 PM
blindgamers14(roflgamer) used a metal 1-25-2021, 2:14:41 PM
blindgamers14(roflgamer) used a metal 1-25-2021, 2:14:55 PM
blindgamers14(roflgamer) used a turret 1-25-2021, 2:15:31 PM
blindgamers14(roflgamer) used a armored_tank 1-25-2021, 2:16:38 PM
blindgamers14(roflgamer) used a the_legendary_sword 1-25-2021, 2:18:17 PM
blindgamers14(roflgamer) used a the_legendary_sword 1-25-2021, 2:19:24 PM
blindgamers14(roflgamer) used a armored_tank 1-25-2021, 2:20:36 PM
blindgamers14(roflgamer) used a armored_tank 1-25-2021, 2:20:38 PM
blindgamers14(roflgamer) used a invisibility_shield 1-25-2021, 2:20:49 PM
blindgamers14(roflgamer) used a invisibility_shield 1-25-2021, 2:20:50 PM
blindgamers14(roflgamer) used a guided_missile 1-25-2021, 2:21:43 PM
blindgamers14(roflgamer) used a guided_missile 1-25-2021, 2:22:00 PM
blindgamers14(roflgamer) used a guided_missile 1-25-2021, 2:22:00 PM
blindgamers14(roflgamer) used a guided_missile 1-25-2021, 2:22:06 PM
blindgamers14(roflgamer) used a guided_missile 1-25-2021, 2:22:06 PM
blindgamers14(roflgamer) used a guided_missile 1-25-2021, 2:22:07 PM
blindgamers14(roflgamer) used a guided_missile 1-25-2021, 2:22:11 PM
blindgamers14(roflgamer) used a guided_missile 1-25-2021, 2:22:11 PM
blindgamers14(roflgamer) used a guided_missile 1-25-2021, 2:22:46 PM
blindgamers14(roflgamer) used a guided_missile 1-25-2021, 2:22:46 PM
blindgamers14(roflgamer) used a guided_missile 1-25-2021, 2:22:46 PM
blindgamers14(roflgamer) used a guided_missile 1-25-2021, 2:22:51 PM
blindgamers14(roflgamer) used a guided_missile 1-25-2021, 2:22:51 PM
blindgamers14(roflgamer) used a guided_missile 1-25-2021, 2:22:52 PM
blindgamers14(roflgamer) used a guided_missile 1-25-2021, 2:22:52 PM
blindgamers14(roflgamer) used a guided_missile 1-25-2021, 2:22:52 PM
blindgamers14(roflgamer) used a guided_missile 1-25-2021, 2:22:53 PM
blindgamers14(roflgamer) used a guided_missile 1-25-2021, 2:22:53 PM
blindgamers14(roflgamer) used a guided_missile 1-25-2021, 2:22:53 PM
blindgamers14(roflgamer) used a guided_missile 1-25-2021, 2:22:54 PM
blindgamers14(roflgamer) used a guided_missile 1-25-2021, 2:22:54 PM
blindgamers14(roflgamer) used a guided_missile 1-25-2021, 2:23:12 PM
blindgamers14(roflgamer) used a guided_missile 1-25-2021, 2:23:13 PM
blindgamers14(roflgamer) used a guided_missile 1-25-2021, 2:23:13 PM
blindgamers14(roflgamer) used a guided_missile 1-25-2021, 2:23:13 PM
blindgamers14(roflgamer) used a suicide_bomb 1-25-2021, 2:26:07 PM
blindgamers14(roflgamer) used a suicide_bomb 1-25-2021, 2:26:07 PM
blindgamers14(roflgamer) used a armored_tank 1-25-2021, 2:27:02 PM
blindgamers14(roflgamer) used a armored_tank 1-25-2021, 2:27:02 PM
blindgamers14(roflgamer) used a armored_tank 1-25-2021, 2:27:03 PM
blindgamers14(roflgamer) used a armored_tank 1-25-2021, 2:27:03 PM
blindgamers14(roflgamer) used a shield 1-25-2021, 2:32:11 PM
blindgamers14(roflgamer) used a suicide_bomb 1-25-2021, 2:32:12 PM
blindgamers14(roflgamer) used a armored_tank 1-25-2021, 2:32:45 PM
blindgamers14(roflgamer) used a armored_tank 1-25-2021, 2:32:46 PM
blindgamers14(roflgamer) used a armored_tank 1-25-2021, 2:32:46 PM
blindgamers14(roflgamer) used a armored_tank 1-25-2021, 2:32:47 PM
blindgamers14(roflgamer) used a metal 1-25-2021, 2:35:31 PM
blindgamers14(roflgamer) used a metal 1-25-2021, 2:35:32 PM
blindgamers14(roflgamer) used a metal 1-25-2021, 2:35:32 PM
blindgamers14(roflgamer) used a metal 1-25-2021, 2:35:33 PM
blindgamers14(roflgamer) used a metal 1-25-2021, 2:35:33 PM
blindgamers14(roflgamer) used a metal 1-25-2021, 2:35:33 PM
blindgamers14(roflgamer) used a metal 1-25-2021, 2:35:34 PM
blindgamers14(roflgamer) used a metal 1-25-2021, 2:35:36 PM
blindgamers14(roflgamer) used a suicide_bomb 1-25-2021, 2:38:33 PM
blindgamers14(roflgamer) used a suicide_bomb 1-25-2021, 2:38:33 PM
blindgamers14(roflgamer) used a suicide_bomb 1-25-2021, 2:38:34 PM
blindgamers14(roflgamer) used a tk_ultra_health_potion 1-25-2021, 2:39:25 PM
blindgamers14(roflgamer) used a tk_ultra_health_potion 1-25-2021, 2:39:25 PM
blindgamers14(roflgamer) used a suicide_bomb 1-25-2021, 2:40:08 PM
blindgamers14(roflgamer) used a suicide_bomb 1-25-2021, 2:40:09 PM
blindgamers14(roflgamer) used a tk_ultra_health_potion 1-25-2021, 2:40:30 PM
blindgamers14(roflgamer) used a tk_ultra_health_potion 1-25-2021, 2:41:17 PM
blindgamers14(roflgamer) used a tk_ultra_health_potion 1-25-2021, 2:41:17 PM
blindgamers14(roflgamer) used a suicide_bomb 1-25-2021, 2:41:18 PM
blindgamers14(roflgamer) used a suicide_bomb 1-25-2021, 2:41:18 PM
blindgamers14(roflgamer) used a suicide_bomb 1-25-2021, 2:41:19 PM
blindgamers14(roflgamer) used a suicide_bomb 1-25-2021, 2:41:19 PM
blindgamers14(roflgamer) used a suicide_bomb 1-25-2021, 2:41:53 PM
blindgamers14(roflgamer) used a armored_tank 1-25-2021, 2:44:10 PM
blindgamers14(roflgamer) used a armored_tank 1-25-2021, 2:44:10 PM
blindgamers14(roflgamer) used a suicide_bomb 1-25-2021, 2:44:52 PM
blindgamers14(roflgamer) used a suicide_bomb 1-25-2021, 2:44:52 PM
blindgamers14(roflgamer) used a suicide_bomb 1-25-2021, 2:44:53 PM
blindgamers14(roflgamer) used a armored_tank 1-25-2021, 2:45:22 PM
blindgamers14(roflgamer) used a armored_tank 1-25-2021, 2:45:22 PM
blindgamers14(roflgamer) used a suicide_bomb 1-25-2021, 2:47:02 PM
blindgamers14(roflgamer) used a suicide_bomb 1-25-2021, 2:47:02 PM
blindgamers14(roflgamer) used a suicide_bomb 1-25-2021, 2:47:03 PM
blindgamers14(roflgamer) used a the_legendary_sword 1-25-2021, 2:47:49 PM
blindgamers14(roflgamer) used a tk_ultra_health_potion 1-25-2021, 2:48:02 PM
blindgamers14(roflgamer) used a health_drink 1-25-2021, 2:48:05 PM
blindgamers14(roflgamer) used a health_drink 1-25-2021, 2:48:06 PM
blindgamers14(roflgamer) used a ags30 1-25-2021, 2:48:47 PM
blindgamers14(roflgamer) used a tk_ultra_health_potion 1-25-2021, 2:54:10 PM
blindgamers14(roflgamer) used a tk_ultra_health_potion 1-25-2021, 2:54:10 PM
blindgamers14(roflgamer) used a health_drink 1-25-2021, 2:54:11 PM
blindgamers14(roflgamer) used a health_drink 1-25-2021, 2:54:11 PM
blindgamers14(roflgamer) used a poisoned_small_projectile 1-25-2021, 2:54:19 PM
blindgamers14(roflgamer) used a poisoned_small_projectile 1-25-2021, 2:54:51 PM
blindgamers14(roflgamer) used a poisoned_small_projectile 1-25-2021, 2:54:57 PM
blindgamers14(roflgamer) used a poisoned_small_projectile 1-25-2021, 2:55:06 PM
blindgamers14(roflgamer) used a small_projectile 1-25-2021, 2:55:26 PM
blindgamers14(roflgamer) used a poisoned_small_projectile 1-25-2021, 2:55:32 PM
blindgamers14(roflgamer) used a poisoned_small_projectile 1-25-2021, 2:56:36 PM
blindgamers14(roflgamer) used a poisoned_small_projectile 1-25-2021, 2:56:53 PM
blindgamers14(roflgamer) used a tk_ultra_health_potion 1-25-2021, 2:57:10 PM
blindgamers14(roflgamer) used a tk_ultra_health_potion 1-25-2021, 2:57:10 PM
blindgamers14(roflgamer) used a health_drink 1-25-2021, 2:57:12 PM
blindgamers14(roflgamer) used a health_drink 1-25-2021, 2:57:12 PM
blindgamers14(roflgamer) used a hand_cannon 1-25-2021, 2:59:11 PM
blindgamers14(roflgamer) used a ags30 1-25-2021, 3:00:06 PM
blindgamers14(roflgamer) used a concussive_grenade 1-25-2021, 3:01:00 PM
blindgamers14(roflgamer) used a concussive_grenade 1-25-2021, 3:01:01 PM
blindgamers14(roflgamer) used a robot 1-25-2021, 3:01:05 PM
blindgamers14(roflgamer) used a health_drink 1-25-2021, 3:02:33 PM
blindgamers14(roflgamer) used a health_drink 1-25-2021, 3:02:33 PM
blindgamers14(roflgamer) used a health_drink 1-25-2021, 3:03:09 PM
blindgamers14(roflgamer) used a health_drink 1-25-2021, 3:03:09 PM
blindgamers14(roflgamer) used a shield 1-25-2021, 3:03:57 PM
blindgamers14(roflgamer) used a shield 1-25-2021, 3:03:57 PM
blindgamers14(roflgamer) used a shield 1-25-2021, 3:03:57 PM
blindgamers14(roflgamer) used a shield 1-25-2021, 3:03:57 PM
blindgamers14(roflgamer) used a shield 1-25-2021, 3:03:57 PM
blindgamers14(roflgamer) used a shield 1-25-2021, 3:03:58 PM
blindgamers14(roflgamer) used a shield 1-25-2021, 3:03:58 PM
blindgamers14(roflgamer) used a shield 1-25-2021, 3:03:58 PM
blindgamers14(roflgamer) used a tk_ultra_health_potion 1-25-2021, 3:03:59 PM
blindgamers14(roflgamer) used a tk_ultra_health_potion 1-25-2021, 3:03:59 PM
blindgamers14(roflgamer) used a pack_of_20_fire_extinguisher 1-25-2021, 3:04:55 PM
blindgamers14(roflgamer) used a pack_of_20_fire_extinguisher 1-25-2021, 3:04:55 PM
blindgamers14(roflgamer) used a pack_of_15_shield 1-25-2021, 3:04:57 PM
blindgamers14(roflgamer) used a pack_of_15_shield 1-25-2021, 3:04:57 PM
blindgamers14(roflgamer) used a pack_of_20_missile_interceptor 1-25-2021, 3:05:00 PM
blindgamers14(roflgamer) used a pack_of_10_antibiotic 1-25-2021, 3:05:04 PM
blindgamers14(roflgamer) used a pack_of_10_antibiotic 1-25-2021, 3:05:04 PM
blindgamers14(roflgamer) used a tk_ultra_health_potion 1-25-2021, 3:09:21 PM
blindgamers14(roflgamer) used a tk_ultra_health_potion 1-25-2021, 3:09:22 PM
blindgamers14(roflgamer) used a suicide_bomb 1-25-2021, 3:09:22 PM
blindgamers14(roflgamer) used a suicide_bomb 1-25-2021, 3:09:23 PM
blindgamers14(roflgamer) used a suicide_bomb 1-25-2021, 3:09:23 PM
blindgamers14(roflgamer) used a suicide_bomb 1-25-2021, 3:09:23 PM
blindgamers14(roflgamer) used a shield 1-25-2021, 3:09:49 PM
blindgamers14(roflgamer) used a shield 1-25-2021, 3:09:49 PM
blindgamers14(roflgamer) used a shield 1-25-2021, 3:09:50 PM
blindgamers14(roflgamer) used a tk_ultra_health_potion 1-25-2021, 3:09:51 PM
blindgamers14(roflgamer) used a tk_ultra_health_potion 1-25-2021, 3:09:51 PM
blindgamers14(roflgamer) used a suicide_bomb 1-25-2021, 3:10:12 PM
blindgamers14(roflgamer) used a suicide_bomb 1-25-2021, 3:10:12 PM
blindgamers14(roflgamer) used a tk_ultra_health_potion 1-25-2021, 3:12:03 PM
blindgamers14(roflgamer) used a tk_ultra_health_potion 1-25-2021, 3:12:04 PM
blindgamers14(roflgamer) used a tk_ultra_health_potion 1-25-2021, 3:13:52 PM
blindgamers14(roflgamer) used a tk_ultra_health_potion 1-25-2021, 3:13:53 PM
blindgamers14(roflgamer) used a tk_ultra_health_potion 1-25-2021, 3:14:36 PM
blindgamers14(roflgamer) used a suicide_bomb 1-25-2021, 3:14:47 PM
blindgamers14(roflgamer) used a suicide_bomb 1-25-2021, 3:14:47 PM
blindgamers14(roflgamer) used a suicide_bomb 1-25-2021, 3:14:47 PM
blindgamers14(roflgamer) used a the_legendary_sword 1-25-2021, 3:16:14 PM
blindgamers14(roflgamer) used a the_legendary_sword 1-25-2021, 3:16:14 PM
blindgamers14(roflgamer) used a armored_tank 1-25-2021, 3:18:34 PM
blindgamers14(roflgamer) used a armored_tank 1-25-2021, 3:18:34 PM
blindgamers14(roflgamer) used a tk_ultra_health_potion 1-25-2021, 3:19:00 PM
blindgamers14(roflgamer) used a tk_ultra_health_potion 1-25-2021, 3:19:00 PM
blindgamers14(roflgamer) used a invisibility_shield 1-25-2021, 3:19:06 PM
blindgamers14(roflgamer) used a metal_pack 1-25-2021, 3:20:50 PM
blindgamers14(roflgamer) used a metal_pack 1-25-2021, 3:20:50 PM
blindgamers14(roflgamer) used a metal_pack 1-25-2021, 3:20:50 PM
blindgamers14(roflgamer) used a metal_pack 1-25-2021, 3:20:50 PM
blindgamers14(roflgamer) used a metal_pack 1-25-2021, 3:20:50 PM
blindgamers14(roflgamer) used a metal_pack 1-25-2021, 3:20:50 PM
blindgamers14(roflgamer) used a metal_pack 1-25-2021, 3:20:51 PM
blindgamers14(roflgamer) used a metal_pack 1-25-2021, 3:20:51 PM
blindgamers14(roflgamer) used a metal_pack 1-25-2021, 3:20:51 PM
blindgamers14(roflgamer) used a metal_pack 1-25-2021, 3:20:51 PM
blindgamers14(roflgamer) used a metal_pack 1-25-2021, 3:20:51 PM
blindgamers14(roflgamer) used a metal_pack 1-25-2021, 3:20:51 PM
blindgamers14(roflgamer) used a metal_pack 1-25-2021, 3:20:51 PM
blindgamers14(roflgamer) used a metal_pack 1-25-2021, 3:20:51 PM
blindgamers14(roflgamer) used a metal_pack 1-25-2021, 3:20:51 PM
blindgamers14(roflgamer) used a metal_pack 1-25-2021, 3:20:52 PM
blindgamers14(roflgamer) used a metal_pack 1-25-2021, 3:20:52 PM
blindgamers14(roflgamer) used a metal_pack 1-25-2021, 3:20:52 PM
blindgamers14(roflgamer) used a metal_pack 1-25-2021, 3:20:52 PM
blindgamers14(roflgamer) used a metal_pack 1-25-2021, 3:20:52 PM
blindgamers14(roflgamer) used a metal_pack 1-25-2021, 3:20:52 PM
blindgamers14(roflgamer) used a metal_pack 1-25-2021, 3:20:57 PM
blindgamers14(roflgamer) used a metal_pack 1-25-2021, 3:20:57 PM
blindgamers14(roflgamer) used a metal_pack 1-25-2021, 3:20:57 PM
blindgamers14(roflgamer) used a metal_pack 1-25-2021, 3:20:58 PM
blindgamers14(roflgamer) used a metal_pack 1-25-2021, 3:20:58 PM
blindgamers14(roflgamer) used a metal_pack 1-25-2021, 3:20:58 PM
blindgamers14(roflgamer) used a metal_pack 1-25-2021, 3:20:58 PM
blindgamers14(roflgamer) used a metal_pack 1-25-2021, 3:20:58 PM
blindgamers14(roflgamer) used a metal_pack 1-25-2021, 3:20:58 PM
blindgamers14(roflgamer) used a metal_pack 1-25-2021, 3:20:59 PM
blindgamers14(roflgamer) used a metal_pack 1-25-2021, 3:20:59 PM
blindgamers14(roflgamer) used a metal_pack 1-25-2021, 3:20:59 PM
blindgamers14(roflgamer) used a metal_pack 1-25-2021, 3:20:59 PM
blindgamers14(roflgamer) used a metal_pack 1-25-2021, 3:20:59 PM
blindgamers14(roflgamer) used a metal_pack 1-25-2021, 3:20:59 PM
blindgamers14(roflgamer) used a metal_pack 1-25-2021, 3:20:59 PM
blindgamers14(roflgamer) used a metal_pack 1-25-2021, 3:21:00 PM
blindgamers14(roflgamer) used a metal_pack 1-25-2021, 3:21:00 PM
blindgamers14(roflgamer) used a metal_pack 1-25-2021, 3:21:00 PM
blindgamers14(roflgamer) used a metal_pack 1-25-2021, 3:21:00 PM
blindgamers14(roflgamer) used a metal_pack 1-25-2021, 3:21:00 PM
blindgamers14(roflgamer) used a metal_pack 1-25-2021, 3:21:00 PM
blindgamers14(roflgamer) used a metal_pack 1-25-2021, 3:21:00 PM
blindgamers14(roflgamer) used a metal_pack 1-25-2021, 3:21:01 PM
blindgamers14(roflgamer) used a metal_pack 1-25-2021, 3:21:01 PM
blindgamers14(roflgamer) used a metal_pack 1-25-2021, 3:21:01 PM
blindgamers14(roflgamer) used a metal_pack 1-25-2021, 3:21:01 PM
blindgamers14(roflgamer) used a metal_pack 1-25-2021, 3:21:01 PM
blindgamers14(roflgamer) used a metal_pack 1-25-2021, 3:21:01 PM
blindgamers14(roflgamer) used a metal_pack 1-25-2021, 3:21:01 PM
blindgamers14(roflgamer) used a metal_pack 1-25-2021, 3:21:02 PM
blindgamers14(roflgamer) used a metal_pack 1-25-2021, 3:21:02 PM
blindgamers14(roflgamer) used a metal_pack 1-25-2021, 3:21:02 PM
blindgamers14(roflgamer) used a metal_pack 1-25-2021, 3:21:02 PM
blindgamers14(roflgamer) used a metal_pack 1-25-2021, 3:21:02 PM
blindgamers14(roflgamer) used a metal_pack 1-25-2021, 3:21:02 PM
blindgamers14(roflgamer) used a metal_pack 1-25-2021, 3:21:03 PM
blindgamers14(roflgamer) used a metal_pack 1-25-2021, 3:21:03 PM
blindgamers14(roflgamer) used a metal_pack 1-25-2021, 3:21:03 PM
blindgamers14(roflgamer) used a metal_pack 1-25-2021, 3:21:03 PM
blindgamers14(roflgamer) used a metal_pack 1-25-2021, 3:21:03 PM
blindgamers14(roflgamer) used a metal_pack 1-25-2021, 3:21:03 PM
blindgamers14(roflgamer) used a metal_pack 1-25-2021, 3:21:04 PM
blindgamers14(roflgamer) used a metal_pack 1-25-2021, 3:21:04 PM
blindgamers14(roflgamer) used a metal_pack 1-25-2021, 3:21:04 PM
blindgamers14(roflgamer) used a metal_pack 1-25-2021, 3:21:04 PM
blindgamers14(roflgamer) used a metal_pack 1-25-2021, 3:21:04 PM
blindgamers14(roflgamer) used a metal_pack 1-25-2021, 3:21:07 PM
blindgamers14(roflgamer) used a metal_pack 1-25-2021, 3:21:07 PM
blindgamers14(roflgamer) used a metal_pack 1-25-2021, 3:21:08 PM
blindgamers14(roflgamer) used a metal_pack 1-25-2021, 3:21:08 PM
blindgamers14(roflgamer) used a metal_pack 1-25-2021, 3:21:08 PM
blindgamers14(roflgamer) used a metal_pack 1-25-2021, 3:21:08 PM
blindgamers14(roflgamer) used a metal_pack 1-25-2021, 3:21:08 PM
blindgamers14(roflgamer) used a metal_pack 1-25-2021, 3:21:08 PM
blindgamers14(roflgamer) used a metal_pack 1-25-2021, 3:21:08 PM
blindgamers14(roflgamer) used a tk_ultra_health_potion 1-25-2021, 3:21:34 PM
blindgamers14(roflgamer) used a tk_ultra_health_potion 1-25-2021, 3:21:34 PM
blindgamers14(roflgamer) used a item_grabber 1-25-2021, 3:21:40 PM
blindgamers14(roflgamer) used a air_canister 1-25-2021, 3:22:39 PM
blindgamers14(roflgamer) used a air_canister 1-25-2021, 3:22:39 PM
blindgamers14(roflgamer) used a remote_bomb 1-25-2021, 3:23:24 PM
blindgamers14(roflgamer) used a remote_gun_controller 1-25-2021, 3:24:02 PM
blindgamers14(roflgamer) used a storm_sniper 1-25-2021, 3:24:07 PM
blindgamers14(roflgamer) used a sky_436_mine 1-25-2021, 3:24:09 PM
blindgamers14(roflgamer) used a sky_436_mine 1-25-2021, 3:24:15 PM
blindgamers14(roflgamer) used a sky_436_mine 1-25-2021, 3:24:20 PM
blindgamers14(roflgamer) used a health_drink 1-25-2021, 5:03:33 PM
blindgamers14(roflgamer) used a health_drink 1-25-2021, 5:03:34 PM
blindgamers14(roflgamer) used a remote_gun_controller 1-25-2021, 5:06:52 PM
blindgamers14(roflgamer) used a armored_tank 1-25-2021, 5:24:19 PM
blindgamers14(roflgamer) used a armored_tank 1-25-2021, 5:24:19 PM
blindgamers14(roflgamer) used a tk_ultra_health_potion 1-25-2021, 5:24:34 PM
blindgamers14(roflgamer) used a tk_ultra_health_potion 1-25-2021, 5:24:34 PM
blindgamers14(roflgamer) used a suicide_bomb 1-25-2021, 5:25:31 PM
blindgamers14(roflgamer) used a suicide_bomb 1-25-2021, 5:25:31 PM
blindgamers14(roflgamer) used a armored_tank 1-25-2021, 5:31:51 PM
blindgamers14(roflgamer) used a tk_ultra_health_potion 1-25-2021, 5:32:19 PM
blindgamers14(roflgamer) used a tk_ultra_health_potion 1-25-2021, 5:32:20 PM
blindgamers14(roflgamer) used a tk_ultra_health_potion 1-25-2021, 5:32:20 PM
blindgamers14(roflgamer) used a armored_tank 1-25-2021, 5:32:43 PM
blindgamers14(roflgamer) used a armored_tank 1-25-2021, 5:32:43 PM
blindgamers14(roflgamer) used a armored_tank 1-25-2021, 5:32:44 PM
blindgamers14(roflgamer) used a armored_tank 1-25-2021, 5:32:44 PM
blindgamers14(roflgamer) used a armored_tank 1-25-2021, 5:32:44 PM
blindgamers14(roflgamer) used a tank 1-25-2021, 5:34:07 PM
blindgamers14(roflgamer) used a tank 1-25-2021, 5:34:07 PM
blindgamers14(roflgamer) used a tank 1-25-2021, 5:34:07 PM
blindgamers14(roflgamer) used a tank 1-25-2021, 5:34:07 PM
blindgamers14(roflgamer) used a suicide_bomb 1-25-2021, 5:34:30 PM
blindgamers14(roflgamer) used a suicide_bomb 1-25-2021, 5:34:30 PM
blindgamers14(roflgamer) used a suicide_bomb 1-25-2021, 5:34:30 PM
blindgamers14(roflgamer) used a suicide_bomb 1-25-2021, 5:34:30 PM
blindgamers14(roflgamer) used a suicide_bomb 1-25-2021, 5:34:31 PM
blindgamers14(roflgamer) used a suicide_bomb 1-25-2021, 5:34:31 PM
blindgamers14(roflgamer) used a suicide_bomb 1-25-2021, 5:34:31 PM
blindgamers14(roflgamer) used a suicide_bomb 1-25-2021, 5:34:31 PM
blindgamers14(roflgamer) used a tk_ultra_health_potion 1-25-2021, 5:36:42 PM
blindgamers14(roflgamer) used a health_drink 1-25-2021, 5:36:42 PM
blindgamers14(roflgamer) used a health_drink 1-25-2021, 5:36:42 PM
blindgamers14(roflgamer) used a health_drink 1-25-2021, 5:36:43 PM
blindgamers14(roflgamer) used a wood 1-25-2021, 5:41:09 PM
blindgamers14(roflgamer) used a item_grabber 1-25-2021, 5:42:53 PM
blindgamers14(roflgamer) used a remote_gun 1-25-2021, 5:43:50 PM
blindgamers14(roflgamer) used a rocket_launcher 1-25-2021, 5:43:57 PM
blindgamers14(roflgamer) used a snowball 1-25-2021, 5:45:05 PM
blindgamers14(roflgamer) used a snowball 1-25-2021, 5:45:05 PM
blindgamers14(roflgamer) used a snowball 1-25-2021, 5:45:05 PM
blindgamers14(roflgamer) used a empty_beer_bottle 1-25-2021, 5:45:09 PM