
mrido(roflgamer) used a cannon 2-11-2021, 8:20:53 AM
mrido(roflgamer) used a tk_ultra_health_potion 2-11-2021, 8:20:55 AM
mrido(roflgamer) used a tk_ultra_health_potion 2-11-2021, 8:20:55 AM
mrido(roflgamer) used a health_drink 2-11-2021, 8:21:08 AM
mrido(roflgamer) used a health_drink 2-11-2021, 8:21:08 AM
mrido(roflgamer) used a tk_ultra_health_potion 2-11-2021, 8:21:37 AM
mrido(roflgamer) used a tk_ultra_health_potion 2-11-2021, 8:21:38 AM
mrido(roflgamer) used a health_drink 2-11-2021, 8:23:30 AM
mrido(roflgamer) used a health_drink 2-11-2021, 8:23:30 AM
mrido(roflgamer) used a health_drink 2-11-2021, 8:23:30 AM
mrido(roflgamer) used a health_drink 2-11-2021, 8:23:35 AM
mrido(roflgamer) used a health_drink 2-11-2021, 8:23:35 AM
mrido(roflgamer) used a health_drink 2-11-2021, 8:23:35 AM
mrido(roflgamer) used a health_drink 2-11-2021, 8:23:41 AM
mrido(roflgamer) used a health_drink 2-11-2021, 8:23:45 AM
mrido(roflgamer) used a health_drink 2-11-2021, 8:23:45 AM
mrido(roflgamer) used a health_drink 2-11-2021, 8:23:49 AM
mrido(roflgamer) used a health_drink 2-11-2021, 8:23:49 AM
mrido(roflgamer) used a health_drink 2-11-2021, 8:23:49 AM
mrido(roflgamer) used a health_drink 2-11-2021, 8:25:44 AM
mrido(roflgamer) used a health_drink 2-11-2021, 8:25:44 AM
mrido(roflgamer) used a rpg7 2-11-2021, 8:25:49 AM
mrido(roflgamer) used a rpg7 2-11-2021, 8:25:50 AM
mrido(roflgamer) used a health_drink 2-11-2021, 8:26:12 AM
mrido(roflgamer) used a shield 2-11-2021, 8:38:25 AM
mrido(roflgamer) used a shield 2-11-2021, 8:38:25 AM
mrido(roflgamer) used a shield 2-11-2021, 8:38:25 AM
mrido(roflgamer) used a shield 2-11-2021, 8:38:25 AM
mrido(roflgamer) used a shield 2-11-2021, 8:38:26 AM
mrido(roflgamer) used a shield 2-11-2021, 8:38:26 AM
mrido(roflgamer) used a shield 2-11-2021, 8:38:26 AM
mrido(roflgamer) used a shield 2-11-2021, 8:38:26 AM
mrido(roflgamer) used a shield 2-11-2021, 8:38:26 AM
mrido(roflgamer) used a shield 2-11-2021, 8:38:27 AM
mrido(roflgamer) used a shield 2-11-2021, 8:38:27 AM
mrido(roflgamer) used a shield 2-11-2021, 8:38:27 AM
mrido(roflgamer) used a shield 2-11-2021, 8:38:27 AM
mrido(roflgamer) used a shield 2-11-2021, 8:38:27 AM
mrido(roflgamer) used a shield 2-11-2021, 8:38:28 AM
mrido(roflgamer) used a shield 2-11-2021, 8:38:28 AM
mrido(roflgamer) used a shield 2-11-2021, 8:38:28 AM
mrido(roflgamer) used a shield 2-11-2021, 8:38:28 AM
mrido(roflgamer) used a shield 2-11-2021, 8:38:28 AM
mrido(roflgamer) used a shield 2-11-2021, 8:38:28 AM
mrido(roflgamer) used a shield 2-11-2021, 8:38:29 AM
mrido(roflgamer) used a shield 2-11-2021, 8:38:29 AM
mrido(roflgamer) used a shield 2-11-2021, 8:38:29 AM
mrido(roflgamer) used a shield 2-11-2021, 8:38:29 AM
mrido(roflgamer) used a shield 2-11-2021, 8:38:29 AM
mrido(roflgamer) used a shield 2-11-2021, 8:38:29 AM
mrido(roflgamer) used a shield 2-11-2021, 8:38:30 AM
mrido(roflgamer) used a shield 2-11-2021, 8:38:30 AM
mrido(roflgamer) used a shield 2-11-2021, 8:38:30 AM
mrido(roflgamer) used a shield 2-11-2021, 8:38:31 AM
mrido(roflgamer) used a shield 2-11-2021, 8:39:01 AM
mrido(roflgamer) used a shield 2-11-2021, 8:39:02 AM
mrido(roflgamer) used a shield 2-11-2021, 8:39:02 AM
mrido(roflgamer) used a tk_ultra_health_potion 2-11-2021, 8:39:03 AM
mrido(roflgamer) used a the_legendary_sword 2-11-2021, 8:40:19 AM
mrido(roflgamer) used a tk_ultra_health_potion 2-11-2021, 8:40:35 AM
mrido(roflgamer) used a health_drink 2-11-2021, 8:41:17 AM
mrido(roflgamer) used a health_drink 2-11-2021, 8:41:18 AM
mrido(roflgamer) used a health_drink 2-11-2021, 8:41:18 AM
mrido(roflgamer) used a health_drink 2-11-2021, 8:41:18 AM
mrido(roflgamer) used a health_drink 2-11-2021, 8:41:20 AM
mrido(roflgamer) used a health_drink 2-11-2021, 8:41:20 AM
mrido(roflgamer) used a health_drink 2-11-2021, 8:41:21 AM
mrido(roflgamer) used a health_drink 2-11-2021, 8:41:21 AM
mrido(roflgamer) used a health_drink 2-11-2021, 8:41:28 AM
mrido(roflgamer) used a health_drink 2-11-2021, 8:41:28 AM
mrido(roflgamer) used a health_drink 2-11-2021, 8:41:30 AM
mrido(roflgamer) used a health_drink 2-11-2021, 8:41:31 AM
mrido(roflgamer) used a health_drink 2-11-2021, 8:41:31 AM
mrido(roflgamer) used a health_drink 2-11-2021, 8:41:31 AM
mrido(roflgamer) used a health_drink 2-11-2021, 8:41:33 AM
mrido(roflgamer) used a health_drink 2-11-2021, 8:41:34 AM
mrido(roflgamer) used a health_drink 2-11-2021, 8:41:34 AM
mrido(roflgamer) used a health_drink 2-11-2021, 8:41:34 AM
mrido(roflgamer) used a health_drink 2-11-2021, 8:41:37 AM
mrido(roflgamer) used a health_drink 2-11-2021, 8:41:37 AM
mrido(roflgamer) used a tk_ultra_health_potion 2-11-2021, 8:42:28 AM
mrido(roflgamer) used a tk_ultra_health_potion 2-11-2021, 8:43:02 AM
mrido(roflgamer) used a tk_ultra_health_potion 2-11-2021, 8:43:03 AM
mrido(roflgamer) used a shield 2-11-2021, 8:44:01 AM
mrido(roflgamer) used a shield 2-11-2021, 8:44:01 AM
mrido(roflgamer) used a shield 2-11-2021, 8:44:02 AM
mrido(roflgamer) used a shield 2-11-2021, 8:44:02 AM
mrido(roflgamer) used a shield 2-11-2021, 8:44:02 AM
mrido(roflgamer) used a shield 2-11-2021, 8:44:02 AM
mrido(roflgamer) used a cannon 2-11-2021, 8:48:28 AM
mrido(roflgamer) used a zulfikar 2-11-2021, 8:49:38 AM
mrido(roflgamer) used a aircraft 2-11-2021, 8:51:17 AM
mrido(roflgamer) used a aircraft 2-11-2021, 8:51:17 AM
mrido(roflgamer) used a aircraft 2-11-2021, 8:51:17 AM
mrido(roflgamer) used a aircraft 2-11-2021, 8:51:18 AM
mrido(roflgamer) used a aircraft 2-11-2021, 8:51:18 AM
mrido(roflgamer) used a guided_missile 2-11-2021, 8:51:32 AM
mrido(roflgamer) used a guided_missile 2-11-2021, 8:51:33 AM
mrido(roflgamer) used a guided_missile 2-11-2021, 8:51:41 AM
mrido(roflgamer) used a guided_missile 2-11-2021, 8:51:41 AM
mrido(roflgamer) used a carrier_missile 2-11-2021, 8:52:19 AM
mrido(roflgamer) used a carrier_missile 2-11-2021, 8:52:23 AM
mrido(roflgamer) used a carrier_missile 2-11-2021, 8:52:37 AM
mrido(roflgamer) used a guided_missile 2-11-2021, 8:53:40 AM
mrido(roflgamer) used a guided_missile 2-11-2021, 8:53:40 AM
mrido(roflgamer) used a guided_missile 2-11-2021, 8:53:46 AM
mrido(roflgamer) used a guided_missile 2-11-2021, 8:53:46 AM
mrido(roflgamer) used a guided_missile 2-11-2021, 8:53:50 AM
mrido(roflgamer) used a guided_missile 2-11-2021, 8:53:50 AM
mrido(roflgamer) used a guided_missile 2-11-2021, 8:53:51 AM
mrido(roflgamer) used a guided_missile 2-11-2021, 8:53:53 AM
mrido(roflgamer) used a guided_missile 2-11-2021, 8:54:32 AM
mrido(roflgamer) used a guided_missile 2-11-2021, 8:54:36 AM
mrido(roflgamer) used a guided_missile 2-11-2021, 8:54:43 AM
mrido(roflgamer) used a guided_missile 2-11-2021, 8:54:52 AM
mrido(roflgamer) used a guided_missile 2-11-2021, 8:54:59 AM
mrido(roflgamer) used a wood 2-11-2021, 8:56:57 AM
mrido(roflgamer) used a armored_tank 2-11-2021, 8:58:08 AM
mrido(roflgamer) used a aircraft 2-11-2021, 8:58:54 AM
mrido(roflgamer) used a aircraft 2-11-2021, 8:58:54 AM
mrido(roflgamer) used a guided_missile 2-11-2021, 9:00:22 AM
mrido(roflgamer) used a tk_ultra_health_potion 2-11-2021, 9:00:49 AM
mrido(roflgamer) used a guided_missile 2-11-2021, 9:00:53 AM
mrido(roflgamer) used a guided_missile 2-11-2021, 9:01:31 AM
mrido(roflgamer) used a guided_missile 2-11-2021, 9:01:36 AM
mrido(roflgamer) used a guided_missile 2-11-2021, 9:01:36 AM
mrido(roflgamer) used a guided_missile 2-11-2021, 9:01:36 AM
mrido(roflgamer) used a guided_missile 2-11-2021, 9:01:37 AM
mrido(roflgamer) used a guided_missile 2-11-2021, 9:01:37 AM
mrido(roflgamer) used a guided_missile 2-11-2021, 9:01:38 AM
mrido(roflgamer) used a guided_missile 2-11-2021, 9:01:38 AM
mrido(roflgamer) used a guided_missile 2-11-2021, 9:01:38 AM
mrido(roflgamer) used a guided_missile 2-11-2021, 9:01:39 AM
mrido(roflgamer) used a guided_missile 2-11-2021, 9:01:39 AM
mrido(roflgamer) used a guided_missile 2-11-2021, 9:01:47 AM
mrido(roflgamer) used a guided_missile 2-11-2021, 9:01:47 AM
mrido(roflgamer) used a guided_missile 2-11-2021, 9:01:50 AM
mrido(roflgamer) used a guided_missile 2-11-2021, 9:01:50 AM
mrido(roflgamer) used a guided_missile 2-11-2021, 9:01:50 AM
mrido(roflgamer) used a guided_missile 2-11-2021, 9:01:51 AM
mrido(roflgamer) used a guided_missile 2-11-2021, 9:01:51 AM
mrido(roflgamer) used a guided_missile 2-11-2021, 9:01:51 AM
mrido(roflgamer) used a guided_missile 2-11-2021, 9:01:52 AM
mrido(roflgamer) used a guided_missile 2-11-2021, 9:01:52 AM
mrido(roflgamer) used a guided_missile 2-11-2021, 9:01:53 AM
mrido(roflgamer) used a guided_missile 2-11-2021, 9:01:53 AM
mrido(roflgamer) used a guided_missile 2-11-2021, 9:01:53 AM
mrido(roflgamer) used a guided_missile 2-11-2021, 9:02:00 AM
mrido(roflgamer) used a guided_missile 2-11-2021, 9:02:00 AM
mrido(roflgamer) used a guided_missile 2-11-2021, 9:02:43 AM
mrido(roflgamer) used a armored_tank 2-11-2021, 9:03:16 AM
mrido(roflgamer) used a armored_tank 2-11-2021, 9:03:25 AM
mrido(roflgamer) used a poisoned_small_projectile 2-11-2021, 9:03:34 AM
mrido(roflgamer) used a guided_missile 2-11-2021, 9:04:34 AM
mrido(roflgamer) used a guided_missile 2-11-2021, 9:04:34 AM
mrido(roflgamer) used a guided_missile 2-11-2021, 9:05:22 AM
mrido(roflgamer) used a guided_missile 2-11-2021, 9:05:22 AM
mrido(roflgamer) used a guided_missile 2-11-2021, 9:05:48 AM
mrido(roflgamer) used a guided_missile 2-11-2021, 9:05:48 AM
mrido(roflgamer) used a tk_ultra_health_potion 2-11-2021, 9:06:01 AM
mrido(roflgamer) used a tk_ultra_health_potion 2-11-2021, 9:06:01 AM
mrido(roflgamer) used a guided_missile 2-11-2021, 9:06:17 AM
mrido(roflgamer) used a armored_tank 2-11-2021, 9:08:47 AM
mrido(roflgamer) used a aircraft 2-11-2021, 9:08:54 AM
mrido(roflgamer) used a aircraft 2-11-2021, 9:08:54 AM
mrido(roflgamer) used a aircraft 2-11-2021, 9:08:55 AM
mrido(roflgamer) used a tk_ultra_health_potion 2-11-2021, 9:08:56 AM
mrido(roflgamer) used a tk_ultra_health_potion 2-11-2021, 9:08:56 AM
mrido(roflgamer) used a fire_extinguisher 2-11-2021, 9:09:22 AM
mrido(roflgamer) used a wood 2-11-2021, 9:09:53 AM
mrido(roflgamer) used a wood 2-11-2021, 9:10:04 AM
mrido(roflgamer) used a wood 2-11-2021, 9:10:28 AM
mrido(roflgamer) used a cannon_ammo_pack 2-11-2021, 9:11:47 AM
mrido(roflgamer) used a cannon_ammo_pack 2-11-2021, 9:11:47 AM
mrido(roflgamer) used a cannon_ammo_pack 2-11-2021, 9:11:48 AM
mrido(roflgamer) used a cannon_ammo_pack 2-11-2021, 9:11:48 AM
mrido(roflgamer) used a cannon_ammo_pack 2-11-2021, 9:11:48 AM
mrido(roflgamer) used a cannon_ammo_pack 2-11-2021, 9:11:49 AM
mrido(roflgamer) used a cannon_ammo_pack 2-11-2021, 9:11:49 AM
mrido(roflgamer) used a cannon_ammo_pack 2-11-2021, 9:11:49 AM
mrido(roflgamer) used a cannon_ammo_pack 2-11-2021, 9:11:49 AM
mrido(roflgamer) used a cannon_ammo_pack 2-11-2021, 9:11:49 AM
mrido(roflgamer) used a cannon_ammo_pack 2-11-2021, 9:11:49 AM
mrido(roflgamer) used a cannon_ammo_pack 2-11-2021, 9:11:49 AM
mrido(roflgamer) used a cannon_ammo_pack 2-11-2021, 9:11:50 AM
mrido(roflgamer) used a cannon_ammo_pack 2-11-2021, 9:11:50 AM
mrido(roflgamer) used a cannon_ammo_pack 2-11-2021, 9:11:50 AM
mrido(roflgamer) used a cannon_ammo_pack 2-11-2021, 9:11:50 AM
mrido(roflgamer) used a cannon_ammo_pack 2-11-2021, 9:11:50 AM
mrido(roflgamer) used a cannon_ammo_pack 2-11-2021, 9:11:50 AM
mrido(roflgamer) used a cannon_ammo_pack 2-11-2021, 9:11:51 AM
mrido(roflgamer) used a cannon_ammo_pack 2-11-2021, 9:11:51 AM
mrido(roflgamer) used a cannon_ammo_pack 2-11-2021, 9:11:51 AM
mrido(roflgamer) used a cannon_ammo_pack 2-11-2021, 9:11:51 AM
mrido(roflgamer) used a cannon_ammo_pack 2-11-2021, 9:11:51 AM
mrido(roflgamer) used a cannon_ammo_pack 2-11-2021, 9:11:52 AM
mrido(roflgamer) used a cannon_ammo_pack 2-11-2021, 9:11:52 AM
mrido(roflgamer) used a cannon_ammo_pack 2-11-2021, 9:11:52 AM
mrido(roflgamer) used a cannon_ammo_pack 2-11-2021, 9:11:52 AM
mrido(roflgamer) used a cannon_ammo_pack 2-11-2021, 9:11:52 AM
mrido(roflgamer) used a cannon_ammo_pack 2-11-2021, 9:11:52 AM
mrido(roflgamer) used a cannon_ammo_pack 2-11-2021, 9:11:53 AM
mrido(roflgamer) used a cannon_ammo_pack 2-11-2021, 9:11:53 AM
mrido(roflgamer) used a cannon_ammo_pack 2-11-2021, 9:11:53 AM
mrido(roflgamer) used a cannon_ammo_pack 2-11-2021, 9:11:53 AM
mrido(roflgamer) used a cannon_ammo_pack 2-11-2021, 9:11:53 AM
mrido(roflgamer) used a cannon_ammo_pack 2-11-2021, 9:11:53 AM
mrido(roflgamer) used a cannon_ammo_pack 2-11-2021, 9:11:54 AM
mrido(roflgamer) used a cannon_ammo_pack 2-11-2021, 9:11:54 AM
mrido(roflgamer) used a cannon_ammo_pack 2-11-2021, 9:11:54 AM
mrido(roflgamer) used a cannon_ammo_pack 2-11-2021, 9:11:54 AM
mrido(roflgamer) used a cannon_ammo_pack 2-11-2021, 9:11:54 AM
mrido(roflgamer) used a cannon_ammo_pack 2-11-2021, 9:11:54 AM
mrido(roflgamer) used a cannon_ammo_pack 2-11-2021, 9:11:55 AM
mrido(roflgamer) used a cannon_ammo_pack 2-11-2021, 9:11:55 AM
mrido(roflgamer) used a cannon_ammo_pack 2-11-2021, 9:11:55 AM
mrido(roflgamer) used a cannon_ammo_pack 2-11-2021, 9:11:55 AM
mrido(roflgamer) used a cannon_ammo_pack 2-11-2021, 9:11:55 AM
mrido(roflgamer) used a cannon_ammo_pack 2-11-2021, 9:11:55 AM
mrido(roflgamer) used a cannon_ammo_pack 2-11-2021, 9:11:56 AM
mrido(roflgamer) used a cannon_ammo_pack 2-11-2021, 9:11:56 AM
mrido(roflgamer) used a cannon_ammo_pack 2-11-2021, 9:11:56 AM
mrido(roflgamer) used a cannon_ammo_pack 2-11-2021, 9:11:56 AM
mrido(roflgamer) used a cannon_ammo_pack 2-11-2021, 9:11:56 AM
mrido(roflgamer) used a cannon_ammo_pack 2-11-2021, 9:11:56 AM
mrido(roflgamer) used a cannon_ammo_pack 2-11-2021, 9:11:57 AM
mrido(roflgamer) used a cannon_ammo_pack 2-11-2021, 9:11:57 AM
mrido(roflgamer) used a cannon_ammo_pack 2-11-2021, 9:11:57 AM
mrido(roflgamer) used a cannon_ammo_pack 2-11-2021, 9:11:57 AM
mrido(roflgamer) used a cannon_ammo_pack 2-11-2021, 9:11:57 AM
mrido(roflgamer) used a cannon_ammo_pack 2-11-2021, 9:11:57 AM
mrido(roflgamer) used a cannon_ammo_pack 2-11-2021, 9:11:58 AM
mrido(roflgamer) used a cannon_ammo_pack 2-11-2021, 9:11:58 AM
mrido(roflgamer) used a cannon_ammo_pack 2-11-2021, 9:11:58 AM
mrido(roflgamer) used a cannon_ammo_pack 2-11-2021, 9:11:58 AM
mrido(roflgamer) used a cannon_ammo_pack 2-11-2021, 9:11:58 AM
mrido(roflgamer) used a cannon_ammo_pack 2-11-2021, 9:11:58 AM
mrido(roflgamer) used a cannon_ammo_pack 2-11-2021, 9:11:59 AM
mrido(roflgamer) used a cannon_ammo_pack 2-11-2021, 9:11:59 AM
mrido(roflgamer) used a cannon_ammo_pack 2-11-2021, 9:11:59 AM
mrido(roflgamer) used a cannon_ammo_pack 2-11-2021, 9:11:59 AM
mrido(roflgamer) used a cannon_ammo_pack 2-11-2021, 9:11:59 AM
mrido(roflgamer) used a cannon_ammo_pack 2-11-2021, 9:12:00 AM
mrido(roflgamer) used a cannon_ammo_pack 2-11-2021, 9:12:00 AM
mrido(roflgamer) used a cannon_ammo_pack 2-11-2021, 9:12:00 AM
mrido(roflgamer) used a cannon_ammo_pack 2-11-2021, 9:12:00 AM
mrido(roflgamer) used a cannon_ammo_pack 2-11-2021, 9:12:05 AM
mrido(roflgamer) used a cannon_ammo_pack 2-11-2021, 9:12:05 AM
mrido(roflgamer) used a cannon_ammo_pack 2-11-2021, 9:12:05 AM
mrido(roflgamer) used a cannon_ammo_pack 2-11-2021, 9:12:06 AM
mrido(roflgamer) used a cannon_ammo_pack 2-11-2021, 9:12:06 AM
mrido(roflgamer) used a cannon_ammo_pack 2-11-2021, 9:12:06 AM
mrido(roflgamer) used a cannon_ammo_pack 2-11-2021, 9:12:06 AM
mrido(roflgamer) used a cannon_ammo_pack 2-11-2021, 9:12:06 AM
mrido(roflgamer) used a cannon_ammo_pack 2-11-2021, 9:12:06 AM
mrido(roflgamer) used a cannon_ammo_pack 2-11-2021, 9:12:07 AM
mrido(roflgamer) used a cannon_ammo_pack 2-11-2021, 9:12:07 AM
mrido(roflgamer) used a cannon_ammo_pack 2-11-2021, 9:12:07 AM
mrido(roflgamer) used a cannon_ammo_pack 2-11-2021, 9:12:07 AM
mrido(roflgamer) used a cannon_ammo_pack 2-11-2021, 9:12:07 AM
mrido(roflgamer) used a cannon_ammo_pack 2-11-2021, 9:12:07 AM
mrido(roflgamer) used a cannon_ammo_pack 2-11-2021, 9:12:07 AM
mrido(roflgamer) used a cannon_ammo_pack 2-11-2021, 9:12:07 AM
mrido(roflgamer) used a cannon_ammo_pack 2-11-2021, 9:12:07 AM
mrido(roflgamer) used a cannon_ammo_pack 2-11-2021, 9:12:07 AM
mrido(roflgamer) used a cannon_ammo_pack 2-11-2021, 9:12:07 AM
mrido(roflgamer) used a cannon_ammo_pack 2-11-2021, 9:12:08 AM
mrido(roflgamer) used a cannon_ammo_pack 2-11-2021, 9:12:11 AM
mrido(roflgamer) used a cannon_ammo_pack 2-11-2021, 9:12:12 AM
mrido(roflgamer) used a cannon_ammo_pack 2-11-2021, 9:12:12 AM
mrido(roflgamer) used a cannon_ammo_pack 2-11-2021, 9:12:12 AM
mrido(roflgamer) used a cannon_ammo_pack 2-11-2021, 9:12:12 AM
mrido(roflgamer) used a cannon_ammo_pack 2-11-2021, 9:12:12 AM
mrido(roflgamer) used a cannon_ammo_pack 2-11-2021, 9:12:12 AM
mrido(roflgamer) used a cannon_ammo_pack 2-11-2021, 9:12:12 AM
mrido(roflgamer) used a cannon_ammo_pack 2-11-2021, 9:12:12 AM
mrido(roflgamer) used a cannon_ammo_pack 2-11-2021, 9:12:12 AM
mrido(roflgamer) used a cannon_ammo_pack 2-11-2021, 9:12:13 AM
mrido(roflgamer) used a cannon_ammo_pack 2-11-2021, 9:12:13 AM
mrido(roflgamer) used a cannon_ammo_pack 2-11-2021, 9:12:13 AM
mrido(roflgamer) used a cannon_ammo_pack 2-11-2021, 9:12:13 AM
mrido(roflgamer) used a cannon_ammo_pack 2-11-2021, 9:12:13 AM
mrido(roflgamer) used a cannon_ammo_pack 2-11-2021, 9:12:13 AM
mrido(roflgamer) used a cannon_ammo_pack 2-11-2021, 9:12:13 AM
mrido(roflgamer) used a cannon_ammo_pack 2-11-2021, 9:12:13 AM
mrido(roflgamer) used a cannon_ammo_pack 2-11-2021, 9:12:13 AM
mrido(roflgamer) used a cannon_ammo_pack 2-11-2021, 9:12:13 AM
mrido(roflgamer) used a cannon_ammo_pack 2-11-2021, 9:12:14 AM
mrido(roflgamer) used a cannon_ammo_pack 2-11-2021, 9:12:14 AM
mrido(roflgamer) used a cannon_ammo_pack 2-11-2021, 9:12:14 AM
mrido(roflgamer) used a cannon_ammo_pack 2-11-2021, 9:12:14 AM
mrido(roflgamer) used a cannon_ammo_pack 2-11-2021, 9:12:14 AM
mrido(roflgamer) used a cannon_ammo_pack 2-11-2021, 9:12:14 AM
mrido(roflgamer) used a cannon_ammo_pack 2-11-2021, 9:12:14 AM
mrido(roflgamer) used a cannon_ammo_pack 2-11-2021, 9:12:14 AM
mrido(roflgamer) used a cannon_ammo_pack 2-11-2021, 9:12:14 AM
mrido(roflgamer) used a cannon_ammo_pack 2-11-2021, 9:12:14 AM
mrido(roflgamer) used a cannon_ammo_pack 2-11-2021, 9:12:15 AM
mrido(roflgamer) used a cannon_ammo_pack 2-11-2021, 9:12:15 AM
mrido(roflgamer) used a cannon_ammo_pack 2-11-2021, 9:12:15 AM
mrido(roflgamer) used a cannon_ammo_pack 2-11-2021, 9:12:15 AM
mrido(roflgamer) used a cannon_ammo_pack 2-11-2021, 9:12:15 AM
mrido(roflgamer) used a cannon_ammo_pack 2-11-2021, 9:12:15 AM
mrido(roflgamer) used a cannon_ammo_pack 2-11-2021, 9:12:15 AM
mrido(roflgamer) used a cannon_ammo_pack 2-11-2021, 9:12:15 AM
mrido(roflgamer) used a cannon_ammo_pack 2-11-2021, 9:12:15 AM
mrido(roflgamer) used a cannon_ammo_pack 2-11-2021, 9:12:15 AM
mrido(roflgamer) used a cannon_ammo_pack 2-11-2021, 9:12:16 AM
mrido(roflgamer) used a cannon_ammo_pack 2-11-2021, 9:12:16 AM
mrido(roflgamer) used a cannon_ammo_pack 2-11-2021, 9:12:16 AM
mrido(roflgamer) used a cannon_ammo_pack 2-11-2021, 9:12:16 AM
mrido(roflgamer) used a cannon_ammo_pack 2-11-2021, 9:12:16 AM
mrido(roflgamer) used a cannon_ammo_pack 2-11-2021, 9:12:16 AM
mrido(roflgamer) used a cannon_ammo_pack 2-11-2021, 9:12:16 AM
mrido(roflgamer) used a cannon_ammo_pack 2-11-2021, 9:12:16 AM
mrido(roflgamer) used a cannon_ammo_pack 2-11-2021, 9:12:16 AM
mrido(roflgamer) used a cannon_ammo_pack 2-11-2021, 9:12:16 AM
mrido(roflgamer) used a cannon_ammo_pack 2-11-2021, 9:12:16 AM
mrido(roflgamer) used a cannon_ammo_pack 2-11-2021, 9:12:17 AM
mrido(roflgamer) used a cannon_ammo_pack 2-11-2021, 9:12:17 AM
mrido(roflgamer) used a cannon_ammo_pack 2-11-2021, 9:12:17 AM
mrido(roflgamer) used a cannon_ammo_pack 2-11-2021, 9:12:17 AM
mrido(roflgamer) used a cannon_ammo_pack 2-11-2021, 9:12:17 AM
mrido(roflgamer) used a cannon_ammo_pack 2-11-2021, 9:12:21 AM
mrido(roflgamer) used a cannon_ammo_pack 2-11-2021, 9:12:21 AM
mrido(roflgamer) used a cannon_ammo_pack 2-11-2021, 9:12:21 AM
mrido(roflgamer) used a cannon_ammo_pack 2-11-2021, 9:12:21 AM
mrido(roflgamer) used a cannon_ammo_pack 2-11-2021, 9:12:21 AM
mrido(roflgamer) used a cannon_ammo_pack 2-11-2021, 9:12:21 AM
mrido(roflgamer) used a cannon_ammo_pack 2-11-2021, 9:12:21 AM
mrido(roflgamer) used a cannon_ammo_pack 2-11-2021, 9:12:21 AM
mrido(roflgamer) used a cannon_ammo_pack 2-11-2021, 9:12:22 AM
mrido(roflgamer) used a cannon_ammo_pack 2-11-2021, 9:12:22 AM
mrido(roflgamer) used a cannon_ammo_pack 2-11-2021, 9:12:22 AM
mrido(roflgamer) used a cannon_ammo_pack 2-11-2021, 9:12:22 AM
mrido(roflgamer) used a cannon_ammo_pack 2-11-2021, 9:12:22 AM
mrido(roflgamer) used a cannon_ammo_pack 2-11-2021, 9:12:22 AM
mrido(roflgamer) used a cannon_ammo_pack 2-11-2021, 9:12:22 AM
mrido(roflgamer) used a cannon_ammo_pack 2-11-2021, 9:12:22 AM
mrido(roflgamer) used a cannon_ammo_pack 2-11-2021, 9:12:22 AM
mrido(roflgamer) used a cannon_ammo_pack 2-11-2021, 9:12:23 AM
mrido(roflgamer) used a cannon_ammo_pack 2-11-2021, 9:12:23 AM
mrido(roflgamer) used a cannon_ammo_pack 2-11-2021, 9:12:23 AM
mrido(roflgamer) used a cannon_ammo_pack 2-11-2021, 9:12:23 AM
mrido(roflgamer) used a cannon_ammo_pack 2-11-2021, 9:12:23 AM
mrido(roflgamer) used a cannon_ammo_pack 2-11-2021, 9:12:23 AM
mrido(roflgamer) used a cannon_ammo_pack 2-11-2021, 9:12:23 AM
mrido(roflgamer) used a cannon_ammo_pack 2-11-2021, 9:12:23 AM
mrido(roflgamer) used a cannon_ammo_pack 2-11-2021, 9:12:23 AM
mrido(roflgamer) used a cannon_ammo_pack 2-11-2021, 9:12:23 AM
mrido(roflgamer) used a cannon_ammo_pack 2-11-2021, 9:12:24 AM
mrido(roflgamer) used a cannon_ammo_pack 2-11-2021, 9:12:24 AM
mrido(roflgamer) used a cannon_ammo_pack 2-11-2021, 9:12:24 AM
mrido(roflgamer) used a cannon_ammo_pack 2-11-2021, 9:12:24 AM
mrido(roflgamer) used a cannon_ammo_pack 2-11-2021, 9:12:24 AM
mrido(roflgamer) used a cannon_ammo_pack 2-11-2021, 9:12:24 AM
mrido(roflgamer) used a cannon_ammo_pack 2-11-2021, 9:12:24 AM
mrido(roflgamer) used a cannon_ammo_pack 2-11-2021, 9:12:24 AM
mrido(roflgamer) used a cannon_ammo_pack 2-11-2021, 9:12:27 AM
mrido(roflgamer) used a cannon_ammo_pack 2-11-2021, 9:12:27 AM
mrido(roflgamer) used a cannon_ammo_pack 2-11-2021, 9:12:27 AM
mrido(roflgamer) used a cannon_ammo_pack 2-11-2021, 9:12:28 AM
mrido(roflgamer) used a cannon_ammo_pack 2-11-2021, 9:12:28 AM
mrido(roflgamer) used a cannon_ammo_pack 2-11-2021, 9:12:28 AM
mrido(roflgamer) used a cannon_ammo_pack 2-11-2021, 9:12:28 AM
mrido(roflgamer) used a cannon_ammo_pack 2-11-2021, 9:12:28 AM
mrido(roflgamer) used a cannon_ammo_pack 2-11-2021, 9:12:28 AM
mrido(roflgamer) used a cannon_ammo_pack 2-11-2021, 9:12:29 AM
mrido(roflgamer) used a cannon_ammo_pack 2-11-2021, 9:12:29 AM
mrido(roflgamer) used a cannon_ammo_pack 2-11-2021, 9:12:29 AM
mrido(roflgamer) used a cannon_ammo_pack 2-11-2021, 9:12:29 AM
mrido(roflgamer) used a cannon_ammo_pack 2-11-2021, 9:12:29 AM
mrido(roflgamer) used a cannon_ammo_pack 2-11-2021, 9:12:29 AM
mrido(roflgamer) used a cannon_ammo_pack 2-11-2021, 9:12:30 AM
mrido(roflgamer) used a cannon_ammo_pack 2-11-2021, 9:12:30 AM
mrido(roflgamer) used a cannon_ammo_pack 2-11-2021, 9:12:30 AM
mrido(roflgamer) used a cannon_ammo_pack 2-11-2021, 9:12:30 AM
mrido(roflgamer) used a cannon_ammo_pack 2-11-2021, 9:12:30 AM
mrido(roflgamer) used a cannon_ammo_pack 2-11-2021, 9:12:30 AM
mrido(roflgamer) used a cannon_ammo_pack 2-11-2021, 9:12:34 AM
mrido(roflgamer) used a cannon_ammo_pack 2-11-2021, 9:12:34 AM
mrido(roflgamer) used a cannon_ammo_pack 2-11-2021, 9:12:34 AM
mrido(roflgamer) used a cannon_ammo_pack 2-11-2021, 9:12:34 AM
mrido(roflgamer) used a cannon_ammo_pack 2-11-2021, 9:12:34 AM
mrido(roflgamer) used a cannon_ammo_pack 2-11-2021, 9:12:34 AM
mrido(roflgamer) used a cannon_ammo_pack 2-11-2021, 9:12:34 AM
mrido(roflgamer) used a cannon_ammo_pack 2-11-2021, 9:12:34 AM
mrido(roflgamer) used a cannon_ammo_pack 2-11-2021, 9:12:35 AM
mrido(roflgamer) used a cannon_ammo_pack 2-11-2021, 9:12:35 AM
mrido(roflgamer) used a cannon_ammo_pack 2-11-2021, 9:12:35 AM
mrido(roflgamer) used a cannon_ammo_pack 2-11-2021, 9:12:35 AM
mrido(roflgamer) used a cannon_ammo_pack 2-11-2021, 9:12:35 AM
mrido(roflgamer) used a cannon_ammo_pack 2-11-2021, 9:12:35 AM
mrido(roflgamer) used a cannon_ammo_pack 2-11-2021, 9:12:35 AM
mrido(roflgamer) used a cannon_ammo_pack 2-11-2021, 9:12:36 AM
mrido(roflgamer) used a cannon_ammo_pack 2-11-2021, 9:12:36 AM
mrido(roflgamer) used a cannon_ammo_pack 2-11-2021, 9:12:36 AM
mrido(roflgamer) used a cannon_ammo_pack 2-11-2021, 9:12:36 AM
mrido(roflgamer) used a cannon_ammo_pack 2-11-2021, 9:12:36 AM
mrido(roflgamer) used a cannon_ammo_pack 2-11-2021, 9:12:36 AM
mrido(roflgamer) used a cannon_ammo_pack 2-11-2021, 9:12:36 AM
mrido(roflgamer) used a cannon_ammo_pack 2-11-2021, 9:12:36 AM
mrido(roflgamer) used a cannon_ammo_pack 2-11-2021, 9:12:36 AM
mrido(roflgamer) used a cannon_ammo_pack 2-11-2021, 9:12:37 AM
mrido(roflgamer) used a cannon_ammo_pack 2-11-2021, 9:12:37 AM
mrido(roflgamer) used a cannon_ammo_pack 2-11-2021, 9:12:37 AM
mrido(roflgamer) used a cannon_ammo_pack 2-11-2021, 9:12:37 AM
mrido(roflgamer) used a cannon_ammo_pack 2-11-2021, 9:12:37 AM
mrido(roflgamer) used a cannon_ammo_pack 2-11-2021, 9:12:37 AM
mrido(roflgamer) used a cannon_ammo_pack 2-11-2021, 9:12:37 AM
mrido(roflgamer) used a cannon_ammo_pack 2-11-2021, 9:12:37 AM
mrido(roflgamer) used a cannon_ammo_pack 2-11-2021, 9:12:37 AM
mrido(roflgamer) used a cannon_ammo_pack 2-11-2021, 9:12:38 AM
mrido(roflgamer) used a cannon_ammo_pack 2-11-2021, 9:12:38 AM
mrido(roflgamer) used a cannon_ammo_pack 2-11-2021, 9:12:38 AM
mrido(roflgamer) used a cannon_ammo_pack 2-11-2021, 9:12:38 AM
mrido(roflgamer) used a cannon_ammo_pack 2-11-2021, 9:12:38 AM
mrido(roflgamer) used a cannon_ammo_pack 2-11-2021, 9:12:38 AM
mrido(roflgamer) used a cannon_ammo_pack 2-11-2021, 9:12:38 AM
mrido(roflgamer) used a cannon_ammo_pack 2-11-2021, 9:12:39 AM
mrido(roflgamer) used a cannon_ammo_pack 2-11-2021, 9:12:39 AM
mrido(roflgamer) used a cannon_ammo_pack 2-11-2021, 9:12:39 AM
mrido(roflgamer) used a cannon_ammo_pack 2-11-2021, 9:12:39 AM
mrido(roflgamer) used a cannon_ammo_pack 2-11-2021, 9:12:39 AM
mrido(roflgamer) used a cannon_ammo_pack 2-11-2021, 9:12:39 AM
mrido(roflgamer) used a cannon_ammo_pack 2-11-2021, 9:12:39 AM
mrido(roflgamer) used a cannon_ammo_pack 2-11-2021, 9:12:39 AM
mrido(roflgamer) used a cannon_ammo_pack 2-11-2021, 9:12:39 AM
mrido(roflgamer) used a cannon_ammo_pack 2-11-2021, 9:12:39 AM
mrido(roflgamer) used a cannon_ammo_pack 2-11-2021, 9:12:39 AM
mrido(roflgamer) used a cannon_ammo_pack 2-11-2021, 9:12:40 AM
mrido(roflgamer) used a cannon_ammo_pack 2-11-2021, 9:12:40 AM
mrido(roflgamer) used a cannon_ammo_pack 2-11-2021, 9:12:40 AM
mrido(roflgamer) used a cannon_ammo_pack 2-11-2021, 9:12:40 AM
mrido(roflgamer) used a cannon_ammo_pack 2-11-2021, 9:12:40 AM
mrido(roflgamer) used a cannon_ammo_pack 2-11-2021, 9:12:40 AM
mrido(roflgamer) used a cannon_ammo_pack 2-11-2021, 9:12:40 AM
mrido(roflgamer) used a cannon_ammo_pack 2-11-2021, 9:12:41 AM
mrido(roflgamer) used a cannon_ammo_pack 2-11-2021, 9:12:41 AM
mrido(roflgamer) used a cannon_ammo_pack 2-11-2021, 9:12:41 AM
mrido(roflgamer) used a cannon_ammo_pack 2-11-2021, 9:12:41 AM
mrido(roflgamer) used a cannon_ammo_pack 2-11-2021, 9:12:41 AM
mrido(roflgamer) used a cannon_ammo_pack 2-11-2021, 9:12:41 AM
mrido(roflgamer) used a cannon_ammo_pack 2-11-2021, 9:12:41 AM
mrido(roflgamer) used a cannon_ammo_pack 2-11-2021, 9:12:41 AM
mrido(roflgamer) used a cannon_ammo_pack 2-11-2021, 9:12:41 AM
mrido(roflgamer) used a cannon_ammo_pack 2-11-2021, 9:12:42 AM
mrido(roflgamer) used a cannon_ammo_pack 2-11-2021, 9:12:42 AM
mrido(roflgamer) used a cannon_ammo_pack 2-11-2021, 9:12:42 AM
mrido(roflgamer) used a cannon_ammo_pack 2-11-2021, 9:12:42 AM
mrido(roflgamer) used a cannon_ammo_pack 2-11-2021, 9:12:42 AM
mrido(roflgamer) used a cannon_ammo_pack 2-11-2021, 9:12:42 AM
mrido(roflgamer) used a cannon_ammo_pack 2-11-2021, 9:12:42 AM
mrido(roflgamer) used a cannon_ammo_pack 2-11-2021, 9:12:42 AM
mrido(roflgamer) used a cannon_ammo_pack 2-11-2021, 9:12:42 AM
mrido(roflgamer) used a cannon_ammo_pack 2-11-2021, 9:12:42 AM
mrido(roflgamer) used a cannon_ammo_pack 2-11-2021, 9:12:42 AM
mrido(roflgamer) used a cannon_ammo_pack 2-11-2021, 9:12:43 AM
mrido(roflgamer) used a cannon_ammo_pack 2-11-2021, 9:12:43 AM
mrido(roflgamer) used a cannon_ammo_pack 2-11-2021, 9:12:43 AM
mrido(roflgamer) used a cannon_ammo_pack 2-11-2021, 9:12:43 AM
mrido(roflgamer) used a cannon_ammo_pack 2-11-2021, 9:12:43 AM
mrido(roflgamer) used a cannon_ammo_pack 2-11-2021, 9:12:43 AM
mrido(roflgamer) used a cannon_ammo_pack 2-11-2021, 9:12:43 AM
mrido(roflgamer) used a cannon_ammo_pack 2-11-2021, 9:12:43 AM
mrido(roflgamer) used a cannon_ammo_pack 2-11-2021, 9:12:43 AM
mrido(roflgamer) used a cannon_ammo_pack 2-11-2021, 9:12:43 AM
mrido(roflgamer) used a cannon_ammo_pack 2-11-2021, 9:12:44 AM
mrido(roflgamer) used a cannon_ammo_pack 2-11-2021, 9:12:44 AM
mrido(roflgamer) used a cannon_ammo_pack 2-11-2021, 9:12:44 AM
mrido(roflgamer) used a cannon_ammo_pack 2-11-2021, 9:12:44 AM
mrido(roflgamer) used a cannon_ammo_pack 2-11-2021, 9:12:44 AM
mrido(roflgamer) used a cannon_ammo_pack 2-11-2021, 9:13:01 AM
mrido(roflgamer) used a cannon_ammo_pack 2-11-2021, 9:13:01 AM
mrido(roflgamer) used a cannon_ammo_pack 2-11-2021, 9:13:01 AM
mrido(roflgamer) used a cannon_ammo_pack 2-11-2021, 9:13:01 AM
mrido(roflgamer) used a cannon_ammo_pack 2-11-2021, 9:13:01 AM
mrido(roflgamer) used a cannon_ammo_pack 2-11-2021, 9:13:01 AM
mrido(roflgamer) used a cannon_ammo_pack 2-11-2021, 9:13:02 AM
mrido(roflgamer) used a cannon_ammo_pack 2-11-2021, 9:13:02 AM
mrido(roflgamer) used a cannon_ammo_pack 2-11-2021, 9:13:02 AM
mrido(roflgamer) used a cannon_ammo_pack 2-11-2021, 9:13:02 AM
mrido(roflgamer) used a cannon_ammo_pack 2-11-2021, 9:13:02 AM
mrido(roflgamer) used a cannon_ammo_pack 2-11-2021, 9:13:02 AM
mrido(roflgamer) used a cannon_ammo_pack 2-11-2021, 9:13:02 AM
mrido(roflgamer) used a cannon_ammo_pack 2-11-2021, 9:13:03 AM
mrido(roflgamer) used a cannon_ammo_pack 2-11-2021, 9:13:03 AM
mrido(roflgamer) used a cannon_ammo_pack 2-11-2021, 9:13:03 AM
mrido(roflgamer) used a cannon_ammo_pack 2-11-2021, 9:13:03 AM
mrido(roflgamer) used a cannon_ammo_pack 2-11-2021, 9:13:03 AM
mrido(roflgamer) used a cannon_ammo_pack 2-11-2021, 9:13:03 AM
mrido(roflgamer) used a cannon_ammo_pack 2-11-2021, 9:13:03 AM
mrido(roflgamer) used a cannon_ammo_pack 2-11-2021, 9:13:04 AM
mrido(roflgamer) used a cannon_ammo_pack 2-11-2021, 9:13:04 AM
mrido(roflgamer) used a cannon_ammo_pack 2-11-2021, 9:13:04 AM
mrido(roflgamer) used a cannon_ammo_pack 2-11-2021, 9:13:04 AM
mrido(roflgamer) used a cannon_ammo_pack 2-11-2021, 9:13:04 AM
mrido(roflgamer) used a cannon_ammo_pack 2-11-2021, 9:13:07 AM
mrido(roflgamer) used a cannon_ammo_pack 2-11-2021, 9:13:07 AM
mrido(roflgamer) used a cannon_ammo_pack 2-11-2021, 9:13:07 AM
mrido(roflgamer) used a cannon_ammo_pack 2-11-2021, 9:13:07 AM
mrido(roflgamer) used a cannon_ammo_pack 2-11-2021, 9:13:07 AM
mrido(roflgamer) used a cannon_ammo_pack 2-11-2021, 9:13:07 AM
mrido(roflgamer) used a cannon_ammo_pack 2-11-2021, 9:13:08 AM
mrido(roflgamer) used a cannon_ammo_pack 2-11-2021, 9:13:08 AM
mrido(roflgamer) used a cannon_ammo_pack 2-11-2021, 9:13:08 AM
mrido(roflgamer) used a cannon_ammo_pack 2-11-2021, 9:13:08 AM
mrido(roflgamer) used a cannon_ammo_pack 2-11-2021, 9:13:08 AM
mrido(roflgamer) used a cannon_ammo_pack 2-11-2021, 9:13:08 AM
mrido(roflgamer) used a cannon_ammo_pack 2-11-2021, 9:13:08 AM
mrido(roflgamer) used a cannon_ammo_pack 2-11-2021, 9:13:09 AM
mrido(roflgamer) used a cannon_ammo_pack 2-11-2021, 9:13:09 AM
mrido(roflgamer) used a cannon_ammo_pack 2-11-2021, 9:13:09 AM
mrido(roflgamer) used a cannon_ammo_pack 2-11-2021, 9:13:09 AM
mrido(roflgamer) used a cannon_ammo_pack 2-11-2021, 9:13:09 AM
mrido(roflgamer) used a cannon_ammo_pack 2-11-2021, 9:13:09 AM
mrido(roflgamer) used a cannon_ammo_pack 2-11-2021, 9:13:10 AM
mrido(roflgamer) used a cannon_ammo_pack 2-11-2021, 9:13:10 AM
mrido(roflgamer) used a cannon_ammo_pack 2-11-2021, 9:13:10 AM
mrido(roflgamer) used a cannon_ammo_pack 2-11-2021, 9:13:10 AM
mrido(roflgamer) used a cannon_ammo_pack 2-11-2021, 9:13:10 AM
mrido(roflgamer) used a cannon_ammo_pack 2-11-2021, 9:13:10 AM
mrido(roflgamer) used a cannon_ammo_pack 2-11-2021, 9:13:11 AM
mrido(roflgamer) used a cannon_ammo_pack 2-11-2021, 9:13:11 AM
mrido(roflgamer) used a cannon_ammo_pack 2-11-2021, 9:13:11 AM
mrido(roflgamer) used a cannon_ammo_pack 2-11-2021, 9:13:11 AM
mrido(roflgamer) used a cannon_ammo_pack 2-11-2021, 9:13:11 AM
mrido(roflgamer) used a cannon_ammo_pack 2-11-2021, 9:13:11 AM
mrido(roflgamer) used a cannon_ammo_pack 2-11-2021, 9:13:11 AM
mrido(roflgamer) used a cannon_ammo_pack 2-11-2021, 9:13:12 AM
mrido(roflgamer) used a cannon_ammo_pack 2-11-2021, 9:13:12 AM
mrido(roflgamer) used a cannon_ammo_pack 2-11-2021, 9:13:12 AM
mrido(roflgamer) used a cannon_ammo_pack 2-11-2021, 9:13:12 AM
mrido(roflgamer) used a cannon_ammo_pack 2-11-2021, 9:13:12 AM
mrido(roflgamer) used a cannon_ammo_pack 2-11-2021, 9:13:12 AM
mrido(roflgamer) used a cannon_ammo_pack 2-11-2021, 9:13:12 AM
mrido(roflgamer) used a cannon_ammo_pack 2-11-2021, 9:13:12 AM
mrido(roflgamer) used a cannon_ammo_pack 2-11-2021, 9:13:13 AM
mrido(roflgamer) used a cannon_ammo_pack 2-11-2021, 9:13:13 AM
mrido(roflgamer) used a cannon_ammo_pack 2-11-2021, 9:13:13 AM
mrido(roflgamer) used a cannon_ammo_pack 2-11-2021, 9:13:13 AM
mrido(roflgamer) used a cannon_ammo_pack 2-11-2021, 9:13:13 AM
mrido(roflgamer) used a cannon_ammo_pack 2-11-2021, 9:13:13 AM
mrido(roflgamer) used a cannon_ammo_pack 2-11-2021, 9:13:13 AM
mrido(roflgamer) used a cannon_ammo_pack 2-11-2021, 9:13:13 AM
mrido(roflgamer) used a cannon_ammo_pack 2-11-2021, 9:13:13 AM
mrido(roflgamer) used a cannon_ammo_pack 2-11-2021, 9:13:14 AM
mrido(roflgamer) used a cannon_ammo_pack 2-11-2021, 9:13:14 AM
mrido(roflgamer) used a cannon_ammo_pack 2-11-2021, 9:13:14 AM
mrido(roflgamer) used a cannon_ammo_pack 2-11-2021, 9:13:14 AM
mrido(roflgamer) used a cannon_ammo_pack 2-11-2021, 9:13:14 AM
mrido(roflgamer) used a cannon_ammo_pack 2-11-2021, 9:13:14 AM
mrido(roflgamer) used a cannon_ammo_pack 2-11-2021, 9:13:14 AM
mrido(roflgamer) used a cannon_ammo_pack 2-11-2021, 9:13:14 AM
mrido(roflgamer) used a cannon_ammo_pack 2-11-2021, 9:13:14 AM
mrido(roflgamer) used a cannon_ammo_pack 2-11-2021, 9:13:15 AM
mrido(roflgamer) used a cannon_ammo_pack 2-11-2021, 9:13:15 AM
mrido(roflgamer) used a cannon_ammo_pack 2-11-2021, 9:13:15 AM
mrido(roflgamer) used a cannon_ammo_pack 2-11-2021, 9:13:15 AM
mrido(roflgamer) used a cannon_ammo_pack 2-11-2021, 9:13:15 AM
mrido(roflgamer) used a cannon_ammo_pack 2-11-2021, 9:13:15 AM
mrido(roflgamer) used a cannon_ammo_pack 2-11-2021, 9:13:15 AM
mrido(roflgamer) used a cannon_ammo_pack 2-11-2021, 9:13:15 AM
mrido(roflgamer) used a cannon_ammo_pack 2-11-2021, 9:13:16 AM
mrido(roflgamer) used a cannon_ammo_pack 2-11-2021, 9:13:16 AM
mrido(roflgamer) used a cannon_ammo_pack 2-11-2021, 9:13:16 AM
mrido(roflgamer) used a cannon_ammo_pack 2-11-2021, 9:13:16 AM
mrido(roflgamer) used a cannon_ammo_pack 2-11-2021, 9:13:16 AM
mrido(roflgamer) used a cannon_ammo_pack 2-11-2021, 9:13:16 AM
mrido(roflgamer) used a cannon_ammo_pack 2-11-2021, 9:13:16 AM
mrido(roflgamer) used a cannon_ammo_pack 2-11-2021, 9:13:16 AM
mrido(roflgamer) used a cannon_ammo_pack 2-11-2021, 9:13:16 AM
mrido(roflgamer) used a cannon_ammo_pack 2-11-2021, 9:13:17 AM
mrido(roflgamer) used a cannon_ammo_pack 2-11-2021, 9:13:17 AM
mrido(roflgamer) used a cannon_ammo_pack 2-11-2021, 9:13:17 AM
mrido(roflgamer) used a cannon_ammo_pack 2-11-2021, 9:13:17 AM
mrido(roflgamer) used a cannon_ammo_pack 2-11-2021, 9:13:17 AM
mrido(roflgamer) used a cannon_ammo_pack 2-11-2021, 9:13:17 AM
mrido(roflgamer) used a cannon_ammo_pack 2-11-2021, 9:13:17 AM
mrido(roflgamer) used a cannon_ammo_pack 2-11-2021, 9:13:17 AM
mrido(roflgamer) used a cannon_ammo_pack 2-11-2021, 9:13:17 AM
mrido(roflgamer) used a cannon_ammo_pack 2-11-2021, 9:13:17 AM
mrido(roflgamer) used a cannon_ammo_pack 2-11-2021, 9:13:17 AM
mrido(roflgamer) used a cannon_ammo_pack 2-11-2021, 9:13:18 AM
mrido(roflgamer) used a cannon_ammo_pack 2-11-2021, 9:13:18 AM
mrido(roflgamer) used a cannon_ammo_pack 2-11-2021, 9:13:18 AM
mrido(roflgamer) used a cannon_ammo_pack 2-11-2021, 9:13:18 AM
mrido(roflgamer) used a cannon_ammo_pack 2-11-2021, 9:13:18 AM
mrido(roflgamer) used a cannon_ammo_pack 2-11-2021, 9:13:19 AM
mrido(roflgamer) used a cannon_ammo_pack 2-11-2021, 9:13:19 AM
mrido(roflgamer) used a cannon_ammo_pack 2-11-2021, 9:13:19 AM
mrido(roflgamer) used a cannon_ammo_pack 2-11-2021, 9:13:19 AM
mrido(roflgamer) used a cannon_ammo_pack 2-11-2021, 9:13:19 AM
mrido(roflgamer) used a cannon_ammo_pack 2-11-2021, 9:13:23 AM
mrido(roflgamer) used a cannon_ammo_pack 2-11-2021, 9:13:23 AM
mrido(roflgamer) used a cannon_ammo_pack 2-11-2021, 9:13:23 AM
mrido(roflgamer) used a cannon_ammo_pack 2-11-2021, 9:13:23 AM
mrido(roflgamer) used a cannon_ammo_pack 2-11-2021, 9:13:23 AM
mrido(roflgamer) used a cannon_ammo_pack 2-11-2021, 9:13:23 AM
mrido(roflgamer) used a cannon_ammo_pack 2-11-2021, 9:13:24 AM
mrido(roflgamer) used a cannon_ammo_pack 2-11-2021, 9:13:24 AM
mrido(roflgamer) used a cannon_ammo_pack 2-11-2021, 9:13:24 AM
mrido(roflgamer) used a cannon_ammo_pack 2-11-2021, 9:13:31 AM
mrido(roflgamer) used a cannon_ammo_pack 2-11-2021, 9:13:31 AM
mrido(roflgamer) used a cannon_ammo_pack 2-11-2021, 9:13:31 AM
mrido(roflgamer) used a cannon_ammo_pack 2-11-2021, 9:13:31 AM
mrido(roflgamer) used a cannon_ammo_pack 2-11-2021, 9:13:32 AM
mrido(roflgamer) used a cannon_ammo_pack 2-11-2021, 9:13:32 AM
mrido(roflgamer) used a cannon_ammo_pack 2-11-2021, 9:13:32 AM
mrido(roflgamer) used a cannon_ammo_pack 2-11-2021, 9:13:32 AM
mrido(roflgamer) used a cannon_ammo_pack 2-11-2021, 9:13:32 AM
mrido(roflgamer) used a cannon_ammo_pack 2-11-2021, 9:13:32 AM
mrido(roflgamer) used a cannon_ammo_pack 2-11-2021, 9:13:32 AM
mrido(roflgamer) used a cannon_ammo_pack 2-11-2021, 9:13:32 AM
mrido(roflgamer) used a cannon_ammo_pack 2-11-2021, 9:13:32 AM
mrido(roflgamer) used a cannon_ammo_pack 2-11-2021, 9:13:32 AM
mrido(roflgamer) used a cannon_ammo_pack 2-11-2021, 9:13:32 AM
mrido(roflgamer) used a cannon_ammo_pack 2-11-2021, 9:13:32 AM
mrido(roflgamer) used a cannon_ammo_pack 2-11-2021, 9:13:33 AM
mrido(roflgamer) used a cannon_ammo_pack 2-11-2021, 9:13:33 AM
mrido(roflgamer) used a cannon_ammo_pack 2-11-2021, 9:13:33 AM
mrido(roflgamer) used a cannon_ammo_pack 2-11-2021, 9:13:33 AM
mrido(roflgamer) used a cannon_ammo_pack 2-11-2021, 9:13:33 AM
mrido(roflgamer) used a cannon_ammo_pack 2-11-2021, 9:13:33 AM
mrido(roflgamer) used a cannon_ammo_pack 2-11-2021, 9:13:33 AM
mrido(roflgamer) used a cannon_ammo_pack 2-11-2021, 9:13:33 AM
mrido(roflgamer) used a cannon_ammo_pack 2-11-2021, 9:13:33 AM
mrido(roflgamer) used a cannon_ammo_pack 2-11-2021, 9:13:33 AM
mrido(roflgamer) used a cannon_ammo_pack 2-11-2021, 9:13:33 AM
mrido(roflgamer) used a cannon_ammo_pack 2-11-2021, 9:13:34 AM
mrido(roflgamer) used a cannon_ammo_pack 2-11-2021, 9:13:34 AM
mrido(roflgamer) used a cannon_ammo_pack 2-11-2021, 9:13:34 AM
mrido(roflgamer) used a cannon_ammo_pack 2-11-2021, 9:13:34 AM
mrido(roflgamer) used a cannon_ammo_pack 2-11-2021, 9:13:34 AM
mrido(roflgamer) used a cannon_ammo_pack 2-11-2021, 9:13:34 AM
mrido(roflgamer) used a cannon_ammo_pack 2-11-2021, 9:13:34 AM
mrido(roflgamer) used a cannon_ammo_pack 2-11-2021, 9:13:34 AM
mrido(roflgamer) used a cannon_ammo_pack 2-11-2021, 9:13:35 AM
mrido(roflgamer) used a cannon_ammo_pack 2-11-2021, 9:13:35 AM
mrido(roflgamer) used a cannon_ammo_pack 2-11-2021, 9:13:35 AM
mrido(roflgamer) used a cannon_ammo_pack 2-11-2021, 9:13:35 AM
mrido(roflgamer) used a cannon_ammo_pack 2-11-2021, 9:13:35 AM
mrido(roflgamer) used a cannon_ammo_pack 2-11-2021, 9:13:35 AM
mrido(roflgamer) used a cannon_ammo_pack 2-11-2021, 9:13:35 AM
mrido(roflgamer) used a cannon_ammo_pack 2-11-2021, 9:13:35 AM
mrido(roflgamer) used a cannon_ammo_pack 2-11-2021, 9:13:35 AM
mrido(roflgamer) used a cannon_ammo_pack 2-11-2021, 9:13:35 AM
mrido(roflgamer) used a cannon_ammo_pack 2-11-2021, 9:13:35 AM
mrido(roflgamer) used a cannon_ammo_pack 2-11-2021, 9:13:35 AM
mrido(roflgamer) used a cannon_ammo_pack 2-11-2021, 9:13:36 AM
mrido(roflgamer) used a cannon_ammo_pack 2-11-2021, 9:13:36 AM
mrido(roflgamer) used a cannon_ammo_pack 2-11-2021, 9:13:36 AM
mrido(roflgamer) used a cannon_ammo_pack 2-11-2021, 9:13:36 AM
mrido(roflgamer) used a cannon_ammo_pack 2-11-2021, 9:13:36 AM
mrido(roflgamer) used a cannon_ammo_pack 2-11-2021, 9:13:36 AM
mrido(roflgamer) used a cannon_ammo_pack 2-11-2021, 9:13:36 AM
mrido(roflgamer) used a cannon_ammo_pack 2-11-2021, 9:13:36 AM
mrido(roflgamer) used a cannon_ammo_pack 2-11-2021, 9:13:36 AM
mrido(roflgamer) used a cannon_ammo_pack 2-11-2021, 9:13:36 AM
mrido(roflgamer) used a cannon_ammo_pack 2-11-2021, 9:13:36 AM
mrido(roflgamer) used a cannon_ammo_pack 2-11-2021, 9:13:37 AM
mrido(roflgamer) used a cannon_ammo_pack 2-11-2021, 9:13:37 AM
mrido(roflgamer) used a cannon_ammo_pack 2-11-2021, 9:13:37 AM
mrido(roflgamer) used a cannon_ammo_pack 2-11-2021, 9:13:37 AM
mrido(roflgamer) used a cannon_ammo_pack 2-11-2021, 9:13:37 AM
mrido(roflgamer) used a cannon_ammo_pack 2-11-2021, 9:13:37 AM
mrido(roflgamer) used a cannon_ammo_pack 2-11-2021, 9:13:37 AM
mrido(roflgamer) used a cannon_ammo_pack 2-11-2021, 9:13:37 AM
mrido(roflgamer) used a cannon_ammo_pack 2-11-2021, 9:13:37 AM
mrido(roflgamer) used a cannon_ammo_pack 2-11-2021, 9:13:37 AM
mrido(roflgamer) used a cannon_ammo_pack 2-11-2021, 9:13:37 AM
mrido(roflgamer) used a cannon_ammo_pack 2-11-2021, 9:13:38 AM
mrido(roflgamer) used a cannon_ammo_pack 2-11-2021, 9:13:38 AM
mrido(roflgamer) used a cannon_ammo_pack 2-11-2021, 9:13:38 AM
mrido(roflgamer) used a cannon_ammo_pack 2-11-2021, 9:13:38 AM
mrido(roflgamer) used a cannon_ammo_pack 2-11-2021, 9:13:38 AM
mrido(roflgamer) used a cannon_ammo_pack 2-11-2021, 9:13:38 AM
mrido(roflgamer) used a cannon_ammo_pack 2-11-2021, 9:13:38 AM
mrido(roflgamer) used a cannon_ammo_pack 2-11-2021, 9:13:38 AM
mrido(roflgamer) used a cannon_ammo_pack 2-11-2021, 9:13:38 AM
mrido(roflgamer) used a cannon_ammo_pack 2-11-2021, 9:13:38 AM
mrido(roflgamer) used a cannon_ammo_pack 2-11-2021, 9:13:38 AM
mrido(roflgamer) used a cannon_ammo_pack 2-11-2021, 9:13:38 AM
mrido(roflgamer) used a cannon_ammo_pack 2-11-2021, 9:13:39 AM
mrido(roflgamer) used a cannon_ammo_pack 2-11-2021, 9:13:39 AM
mrido(roflgamer) used a cannon_ammo_pack 2-11-2021, 9:13:39 AM
mrido(roflgamer) used a cannon_ammo_pack 2-11-2021, 9:13:39 AM
mrido(roflgamer) used a cannon_ammo_pack 2-11-2021, 9:13:39 AM
mrido(roflgamer) used a cannon_ammo_pack 2-11-2021, 9:13:39 AM
mrido(roflgamer) used a cannon_ammo_pack 2-11-2021, 9:13:39 AM
mrido(roflgamer) used a cannon_ammo_pack 2-11-2021, 9:13:39 AM
mrido(roflgamer) used a cannon_ammo_pack 2-11-2021, 9:13:39 AM
mrido(roflgamer) used a cannon_ammo_pack 2-11-2021, 9:13:39 AM
mrido(roflgamer) used a cannon_ammo_pack 2-11-2021, 9:13:39 AM
mrido(roflgamer) used a cannon_ammo_pack 2-11-2021, 9:13:39 AM
mrido(roflgamer) used a cannon_ammo_pack 2-11-2021, 9:13:40 AM
mrido(roflgamer) used a cannon_ammo_pack 2-11-2021, 9:13:40 AM
mrido(roflgamer) used a cannon_ammo_pack 2-11-2021, 9:13:40 AM
mrido(roflgamer) used a cannon_ammo_pack 2-11-2021, 9:13:40 AM
mrido(roflgamer) used a cannon_ammo_pack 2-11-2021, 9:13:40 AM
mrido(roflgamer) used a cannon_ammo_pack 2-11-2021, 9:13:40 AM
mrido(roflgamer) used a cannon_ammo_pack 2-11-2021, 9:13:40 AM
mrido(roflgamer) used a cannon_ammo_pack 2-11-2021, 9:13:40 AM
mrido(roflgamer) used a cannon_ammo_pack 2-11-2021, 9:13:40 AM
mrido(roflgamer) used a cannon_ammo_pack 2-11-2021, 9:13:41 AM
mrido(roflgamer) used a cannon_ammo_pack 2-11-2021, 9:13:41 AM
mrido(roflgamer) used a cannon_ammo_pack 2-11-2021, 9:13:41 AM
mrido(roflgamer) used a cannon_ammo_pack 2-11-2021, 9:13:41 AM
mrido(roflgamer) used a cannon_ammo_pack 2-11-2021, 9:13:41 AM
mrido(roflgamer) used a cannon_ammo_pack 2-11-2021, 9:13:41 AM
mrido(roflgamer) used a cannon_ammo_pack 2-11-2021, 9:13:41 AM
mrido(roflgamer) used a cannon_ammo_pack 2-11-2021, 9:13:41 AM
mrido(roflgamer) used a cannon_ammo_pack 2-11-2021, 9:13:41 AM
mrido(roflgamer) used a cannon_ammo_pack 2-11-2021, 9:13:41 AM
mrido(roflgamer) used a cannon_ammo_pack 2-11-2021, 9:13:41 AM
mrido(roflgamer) used a cannon_ammo_pack 2-11-2021, 9:13:42 AM
mrido(roflgamer) used a cannon_ammo_pack 2-11-2021, 9:13:42 AM
mrido(roflgamer) used a cannon_ammo_pack 2-11-2021, 9:13:42 AM
mrido(roflgamer) used a cannon_ammo_pack 2-11-2021, 9:13:42 AM
mrido(roflgamer) used a cannon_ammo_pack 2-11-2021, 9:13:42 AM
mrido(roflgamer) used a cannon_ammo_pack 2-11-2021, 9:13:42 AM
mrido(roflgamer) used a cannon_ammo_pack 2-11-2021, 9:13:42 AM
mrido(roflgamer) used a cannon_ammo_pack 2-11-2021, 9:13:42 AM
mrido(roflgamer) used a cannon_ammo_pack 2-11-2021, 9:13:42 AM
mrido(roflgamer) used a cannon_ammo_pack 2-11-2021, 9:13:42 AM
mrido(roflgamer) used a cannon_ammo_pack 2-11-2021, 9:13:43 AM
mrido(roflgamer) used a cannon_ammo_pack 2-11-2021, 9:13:43 AM
mrido(roflgamer) used a cannon_ammo_pack 2-11-2021, 9:13:43 AM
mrido(roflgamer) used a cannon_ammo_pack 2-11-2021, 9:13:43 AM
mrido(roflgamer) used a cannon_ammo_pack 2-11-2021, 9:13:43 AM
mrido(roflgamer) used a cannon_ammo_pack 2-11-2021, 9:13:43 AM
mrido(roflgamer) used a cannon_ammo_pack 2-11-2021, 9:13:43 AM
mrido(roflgamer) used a cannon_ammo_pack 2-11-2021, 9:13:43 AM
mrido(roflgamer) used a cannon_ammo_pack 2-11-2021, 9:13:43 AM
mrido(roflgamer) used a cannon_ammo_pack 2-11-2021, 9:13:43 AM
mrido(roflgamer) used a cannon_ammo_pack 2-11-2021, 9:13:43 AM
mrido(roflgamer) used a cannon_ammo_pack 2-11-2021, 9:13:44 AM
mrido(roflgamer) used a cannon_ammo_pack 2-11-2021, 9:13:44 AM
mrido(roflgamer) used a cannon_ammo_pack 2-11-2021, 9:13:44 AM
mrido(roflgamer) used a cannon_ammo_pack 2-11-2021, 9:13:44 AM
mrido(roflgamer) used a cannon_ammo_pack 2-11-2021, 9:13:44 AM
mrido(roflgamer) used a cannon_ammo_pack 2-11-2021, 9:13:44 AM
mrido(roflgamer) used a cannon_ammo_pack 2-11-2021, 9:13:44 AM
mrido(roflgamer) used a cannon_ammo_pack 2-11-2021, 9:13:44 AM
mrido(roflgamer) used a cannon_ammo_pack 2-11-2021, 9:13:44 AM
mrido(roflgamer) used a cannon_ammo_pack 2-11-2021, 9:13:44 AM
mrido(roflgamer) used a cannon_ammo_pack 2-11-2021, 9:13:45 AM
mrido(roflgamer) used a cannon_ammo_pack 2-11-2021, 9:13:45 AM
mrido(roflgamer) used a cannon_ammo_pack 2-11-2021, 9:13:45 AM
mrido(roflgamer) used a cannon_ammo_pack 2-11-2021, 9:13:45 AM
mrido(roflgamer) used a cannon_ammo_pack 2-11-2021, 9:13:45 AM
mrido(roflgamer) used a cannon_ammo_pack 2-11-2021, 9:13:45 AM
mrido(roflgamer) used a cannon_ammo_pack 2-11-2021, 9:13:45 AM
mrido(roflgamer) used a cannon_ammo_pack 2-11-2021, 9:13:45 AM
mrido(roflgamer) used a cannon_ammo_pack 2-11-2021, 9:13:45 AM
mrido(roflgamer) used a cannon_ammo_pack 2-11-2021, 9:13:45 AM
mrido(roflgamer) used a cannon_ammo_pack 2-11-2021, 9:13:45 AM
mrido(roflgamer) used a cannon_ammo_pack 2-11-2021, 9:13:46 AM
mrido(roflgamer) used a cannon_ammo_pack 2-11-2021, 9:13:46 AM
mrido(roflgamer) used a cannon_ammo_pack 2-11-2021, 9:13:46 AM
mrido(roflgamer) used a cannon_ammo_pack 2-11-2021, 9:13:46 AM
mrido(roflgamer) used a cannon_ammo_pack 2-11-2021, 9:13:46 AM
mrido(roflgamer) used a cannon_ammo_pack 2-11-2021, 9:13:46 AM
mrido(roflgamer) used a cannon_ammo_pack 2-11-2021, 9:13:46 AM
mrido(roflgamer) used a cannon_ammo_pack 2-11-2021, 9:13:46 AM
mrido(roflgamer) used a cannon_ammo_pack 2-11-2021, 9:13:46 AM
mrido(roflgamer) used a cannon_ammo_pack 2-11-2021, 9:13:47 AM
mrido(roflgamer) used a cannon_ammo_pack 2-11-2021, 9:13:47 AM
mrido(roflgamer) used a cannon_ammo_pack 2-11-2021, 9:13:47 AM
mrido(roflgamer) used a cannon_ammo_pack 2-11-2021, 9:13:47 AM
mrido(roflgamer) used a cannon_ammo_pack 2-11-2021, 9:13:47 AM
mrido(roflgamer) used a cannon_ammo_pack 2-11-2021, 9:13:47 AM
mrido(roflgamer) used a cannon_ammo_pack 2-11-2021, 9:13:47 AM
mrido(roflgamer) used a cannon_ammo_pack 2-11-2021, 9:13:47 AM
mrido(roflgamer) used a cannon_ammo_pack 2-11-2021, 9:13:47 AM
mrido(roflgamer) used a cannon_ammo_pack 2-11-2021, 9:13:47 AM
mrido(roflgamer) used a cannon_ammo_pack 2-11-2021, 9:13:47 AM
mrido(roflgamer) used a cannon_ammo_pack 2-11-2021, 9:13:47 AM
mrido(roflgamer) used a cannon_ammo_pack 2-11-2021, 9:13:48 AM
mrido(roflgamer) used a cannon_ammo_pack 2-11-2021, 9:13:48 AM
mrido(roflgamer) used a cannon_ammo_pack 2-11-2021, 9:13:48 AM
mrido(roflgamer) used a cannon_ammo_pack 2-11-2021, 9:13:48 AM
mrido(roflgamer) used a cannon_ammo_pack 2-11-2021, 9:13:48 AM
mrido(roflgamer) used a cannon_ammo_pack 2-11-2021, 9:13:48 AM
mrido(roflgamer) used a cannon_ammo_pack 2-11-2021, 9:13:48 AM
mrido(roflgamer) used a cannon_ammo_pack 2-11-2021, 9:13:48 AM
mrido(roflgamer) used a cannon_ammo_pack 2-11-2021, 9:13:48 AM
mrido(roflgamer) used a cannon_ammo_pack 2-11-2021, 9:13:48 AM
mrido(roflgamer) used a cannon_ammo_pack 2-11-2021, 9:13:49 AM
mrido(roflgamer) used a cannon_ammo_pack 2-11-2021, 9:13:49 AM
mrido(roflgamer) used a cannon_ammo_pack 2-11-2021, 9:13:49 AM
mrido(roflgamer) used a cannon_ammo_pack 2-11-2021, 9:13:49 AM
mrido(roflgamer) used a cannon_ammo_pack 2-11-2021, 9:13:49 AM
mrido(roflgamer) used a cannon_ammo_pack 2-11-2021, 9:13:49 AM
mrido(roflgamer) used a cannon_ammo_pack 2-11-2021, 9:13:49 AM
mrido(roflgamer) used a cannon_ammo_pack 2-11-2021, 9:13:49 AM
mrido(roflgamer) used a cannon_ammo_pack 2-11-2021, 9:13:50 AM
mrido(roflgamer) used a cannon_ammo_pack 2-11-2021, 9:13:50 AM
mrido(roflgamer) used a cannon_ammo_pack 2-11-2021, 9:13:50 AM
mrido(roflgamer) used a cannon_ammo_pack 2-11-2021, 9:13:52 AM
mrido(roflgamer) used a cannon_ammo_pack 2-11-2021, 9:13:54 AM
mrido(roflgamer) used a cannon_ammo_pack 2-11-2021, 9:13:56 AM
mrido(roflgamer) used a cannon_ammo_pack 2-11-2021, 9:13:56 AM
mrido(roflgamer) used a cannon_ammo_pack 2-11-2021, 9:13:56 AM
mrido(roflgamer) used a cannon_ammo_pack 2-11-2021, 9:13:56 AM
mrido(roflgamer) used a cannon_ammo_pack 2-11-2021, 9:13:56 AM
mrido(roflgamer) used a cannon_ammo_pack 2-11-2021, 9:13:57 AM
mrido(roflgamer) used a cannon_ammo_pack 2-11-2021, 9:13:57 AM
mrido(roflgamer) used a cannon_ammo_pack 2-11-2021, 9:13:57 AM
mrido(roflgamer) used a cannon_ammo_pack 2-11-2021, 9:13:57 AM
mrido(roflgamer) used a cannon_ammo_pack 2-11-2021, 9:13:57 AM
mrido(roflgamer) used a cannon_ammo_pack 2-11-2021, 9:13:57 AM
mrido(roflgamer) used a cannon_ammo_pack 2-11-2021, 9:13:57 AM
mrido(roflgamer) used a cannon_ammo_pack 2-11-2021, 9:13:57 AM
mrido(roflgamer) used a cannon_ammo_pack 2-11-2021, 9:13:57 AM
mrido(roflgamer) used a cannon_ammo_pack 2-11-2021, 9:13:57 AM
mrido(roflgamer) used a cannon_ammo_pack 2-11-2021, 9:13:57 AM
mrido(roflgamer) used a cannon_ammo_pack 2-11-2021, 9:13:57 AM
mrido(roflgamer) used a cannon_ammo_pack 2-11-2021, 9:13:58 AM
mrido(roflgamer) used a cannon_ammo_pack 2-11-2021, 9:13:58 AM
mrido(roflgamer) used a cannon_ammo_pack 2-11-2021, 9:13:58 AM
mrido(roflgamer) used a cannon_ammo_pack 2-11-2021, 9:13:58 AM
mrido(roflgamer) used a cannon_ammo_pack 2-11-2021, 9:13:58 AM
mrido(roflgamer) used a cannon_ammo_pack 2-11-2021, 9:13:58 AM
mrido(roflgamer) used a cannon_ammo_pack 2-11-2021, 9:13:58 AM
mrido(roflgamer) used a cannon_ammo_pack 2-11-2021, 9:13:58 AM
mrido(roflgamer) used a cannon_ammo_pack 2-11-2021, 9:13:58 AM
mrido(roflgamer) used a cannon_ammo_pack 2-11-2021, 9:13:58 AM
mrido(roflgamer) used a cannon_ammo_pack 2-11-2021, 9:13:58 AM
mrido(roflgamer) used a cannon_ammo_pack 2-11-2021, 9:13:59 AM
mrido(roflgamer) used a cannon_ammo_pack 2-11-2021, 9:13:59 AM
mrido(roflgamer) used a cannon_ammo_pack 2-11-2021, 9:13:59 AM
mrido(roflgamer) used a cannon_ammo_pack 2-11-2021, 9:13:59 AM
mrido(roflgamer) used a cannon_ammo_pack 2-11-2021, 9:13:59 AM
mrido(roflgamer) used a cannon_ammo_pack 2-11-2021, 9:13:59 AM
mrido(roflgamer) used a cannon_ammo_pack 2-11-2021, 9:13:59 AM
mrido(roflgamer) used a cannon_ammo_pack 2-11-2021, 9:13:59 AM
mrido(roflgamer) used a cannon_ammo_pack 2-11-2021, 9:13:59 AM
mrido(roflgamer) used a cannon_ammo_pack 2-11-2021, 9:14:00 AM
mrido(roflgamer) used a cannon_ammo_pack 2-11-2021, 9:14:00 AM
mrido(roflgamer) used a cannon_ammo_pack 2-11-2021, 9:14:00 AM
mrido(roflgamer) used a cannon_ammo_pack 2-11-2021, 9:14:00 AM
mrido(roflgamer) used a cannon_ammo_pack 2-11-2021, 9:14:00 AM
mrido(roflgamer) used a cannon_ammo_pack 2-11-2021, 9:14:00 AM
mrido(roflgamer) used a cannon_ammo_pack 2-11-2021, 9:14:00 AM
mrido(roflgamer) used a cannon_ammo_pack 2-11-2021, 9:14:00 AM
mrido(roflgamer) used a cannon_ammo_pack 2-11-2021, 9:14:00 AM
mrido(roflgamer) used a cannon_ammo_pack 2-11-2021, 9:14:01 AM
mrido(roflgamer) used a cannon_ammo_pack 2-11-2021, 9:14:01 AM
mrido(roflgamer) used a cannon_ammo_pack 2-11-2021, 9:14:01 AM
mrido(roflgamer) used a cannon_ammo_pack 2-11-2021, 9:14:01 AM
mrido(roflgamer) used a cannon_ammo_pack 2-11-2021, 9:14:01 AM
mrido(roflgamer) used a cannon_ammo_pack 2-11-2021, 9:14:01 AM
mrido(roflgamer) used a cannon_ammo_pack 2-11-2021, 9:14:01 AM
mrido(roflgamer) used a cannon_ammo_pack 2-11-2021, 9:14:01 AM
mrido(roflgamer) used a cannon_ammo_pack 2-11-2021, 9:14:01 AM
mrido(roflgamer) used a cannon_ammo_pack 2-11-2021, 9:14:01 AM
mrido(roflgamer) used a cannon_ammo_pack 2-11-2021, 9:14:01 AM
mrido(roflgamer) used a cannon_ammo_pack 2-11-2021, 9:14:02 AM
mrido(roflgamer) used a cannon_ammo_pack 2-11-2021, 9:14:02 AM
mrido(roflgamer) used a cannon_ammo_pack 2-11-2021, 9:14:02 AM
mrido(roflgamer) used a cannon_ammo_pack 2-11-2021, 9:14:02 AM
mrido(roflgamer) used a cannon_ammo_pack 2-11-2021, 9:14:07 AM
mrido(roflgamer) used a cannon_ammo_pack 2-11-2021, 9:14:07 AM
mrido(roflgamer) used a cannon_ammo_pack 2-11-2021, 9:14:07 AM
mrido(roflgamer) used a cannon_ammo_pack 2-11-2021, 9:14:07 AM
mrido(roflgamer) used a cannon_ammo_pack 2-11-2021, 9:14:08 AM
mrido(roflgamer) used a cannon_ammo_pack 2-11-2021, 9:14:08 AM
mrido(roflgamer) used a cannon_ammo_pack 2-11-2021, 9:14:08 AM
mrido(roflgamer) used a cannon_ammo_pack 2-11-2021, 9:14:08 AM
mrido(roflgamer) used a cannon_ammo_pack 2-11-2021, 9:14:08 AM
mrido(roflgamer) used a cannon_ammo_pack 2-11-2021, 9:14:08 AM
mrido(roflgamer) used a cannon_ammo_pack 2-11-2021, 9:14:08 AM
mrido(roflgamer) used a cannon_ammo_pack 2-11-2021, 9:14:08 AM
mrido(roflgamer) used a cannon_ammo_pack 2-11-2021, 9:14:08 AM
mrido(roflgamer) used a cannon_ammo_pack 2-11-2021, 9:14:08 AM
mrido(roflgamer) used a cannon_ammo_pack 2-11-2021, 9:14:09 AM
mrido(roflgamer) used a cannon_ammo_pack 2-11-2021, 9:14:09 AM
mrido(roflgamer) used a cannon_ammo_pack 2-11-2021, 9:14:09 AM
mrido(roflgamer) used a cannon_ammo_pack 2-11-2021, 9:14:09 AM
mrido(roflgamer) used a cannon_ammo_pack 2-11-2021, 9:14:09 AM
mrido(roflgamer) used a cannon_ammo_pack 2-11-2021, 9:14:09 AM
mrido(roflgamer) used a cannon_ammo_pack 2-11-2021, 9:14:10 AM
mrido(roflgamer) used a cannon_ammo_pack 2-11-2021, 9:14:10 AM
mrido(roflgamer) used a cannon_ammo_pack 2-11-2021, 9:14:10 AM
mrido(roflgamer) used a cannon_ammo_pack 2-11-2021, 9:14:10 AM
mrido(roflgamer) used a cannon_ammo_pack 2-11-2021, 9:14:10 AM
mrido(roflgamer) used a cannon_ammo_pack 2-11-2021, 9:14:10 AM
mrido(roflgamer) used a cannon_ammo_pack 2-11-2021, 9:14:10 AM
mrido(roflgamer) used a cannon_ammo_pack 2-11-2021, 9:14:10 AM
mrido(roflgamer) used a cannon_ammo_pack 2-11-2021, 9:14:10 AM
mrido(roflgamer) used a cannon_ammo_pack 2-11-2021, 9:14:10 AM
mrido(roflgamer) used a cannon_ammo_pack 2-11-2021, 9:14:11 AM
mrido(roflgamer) used a cannon_ammo_pack 2-11-2021, 9:14:11 AM
mrido(roflgamer) used a cannon_ammo_pack 2-11-2021, 9:14:11 AM
mrido(roflgamer) used a cannon_ammo_pack 2-11-2021, 9:14:11 AM
mrido(roflgamer) used a cannon_ammo_pack 2-11-2021, 9:14:11 AM
mrido(roflgamer) used a cannon_ammo_pack 2-11-2021, 9:14:11 AM
mrido(roflgamer) used a cannon_ammo_pack 2-11-2021, 9:14:11 AM
mrido(roflgamer) used a cannon_ammo_pack 2-11-2021, 9:14:11 AM
mrido(roflgamer) used a cannon_ammo_pack 2-11-2021, 9:14:11 AM
mrido(roflgamer) used a cannon_ammo_pack 2-11-2021, 9:14:12 AM
mrido(roflgamer) used a cannon_ammo_pack 2-11-2021, 9:14:12 AM
mrido(roflgamer) used a cannon_ammo_pack 2-11-2021, 9:14:12 AM
mrido(roflgamer) used a cannon_ammo_pack 2-11-2021, 9:14:12 AM
mrido(roflgamer) used a cannon_ammo_pack 2-11-2021, 9:14:12 AM
mrido(roflgamer) used a cannon_ammo_pack 2-11-2021, 9:14:17 AM
mrido(roflgamer) used a cannon_ammo_pack 2-11-2021, 9:14:17 AM
mrido(roflgamer) used a cannon_ammo_pack 2-11-2021, 9:14:17 AM
mrido(roflgamer) used a cannon_ammo_pack 2-11-2021, 9:14:17 AM
mrido(roflgamer) used a cannon_ammo_pack 2-11-2021, 9:14:17 AM
mrido(roflgamer) used a cannon_ammo_pack 2-11-2021, 9:14:17 AM
mrido(roflgamer) used a cannon_ammo_pack 2-11-2021, 9:14:17 AM
mrido(roflgamer) used a cannon_ammo_pack 2-11-2021, 9:14:17 AM
mrido(roflgamer) used a cannon_ammo_pack 2-11-2021, 9:14:17 AM
mrido(roflgamer) used a cannon_ammo_pack 2-11-2021, 9:14:18 AM
mrido(roflgamer) used a cannon_ammo_pack 2-11-2021, 9:14:18 AM
mrido(roflgamer) used a cannon_ammo_pack 2-11-2021, 9:14:18 AM
mrido(roflgamer) used a cannon_ammo_pack 2-11-2021, 9:14:18 AM
mrido(roflgamer) used a cannon_ammo_pack 2-11-2021, 9:14:18 AM
mrido(roflgamer) used a cannon_ammo_pack 2-11-2021, 9:14:18 AM
mrido(roflgamer) used a cannon_ammo_pack 2-11-2021, 9:14:18 AM
mrido(roflgamer) used a cannon_ammo_pack 2-11-2021, 9:14:18 AM
mrido(roflgamer) used a cannon_ammo_pack 2-11-2021, 9:14:18 AM
mrido(roflgamer) used a cannon_ammo_pack 2-11-2021, 9:14:18 AM
mrido(roflgamer) used a cannon_ammo_pack 2-11-2021, 9:14:18 AM
mrido(roflgamer) used a cannon_ammo_pack 2-11-2021, 9:14:19 AM
mrido(roflgamer) used a cannon_ammo_pack 2-11-2021, 9:14:19 AM
mrido(roflgamer) used a cannon_ammo_pack 2-11-2021, 9:14:19 AM
mrido(roflgamer) used a cannon_ammo_pack 2-11-2021, 9:14:19 AM
mrido(roflgamer) used a cannon_ammo_pack 2-11-2021, 9:14:19 AM
mrido(roflgamer) used a cannon_ammo_pack 2-11-2021, 9:14:19 AM
mrido(roflgamer) used a cannon_ammo_pack 2-11-2021, 9:14:19 AM
mrido(roflgamer) used a cannon_ammo_pack 2-11-2021, 9:14:19 AM
mrido(roflgamer) used a cannon_ammo_pack 2-11-2021, 9:14:19 AM
mrido(roflgamer) used a cannon_ammo_pack 2-11-2021, 9:14:20 AM
mrido(roflgamer) used a cannon_ammo_pack 2-11-2021, 9:14:20 AM
mrido(roflgamer) used a cannon_ammo_pack 2-11-2021, 9:14:20 AM
mrido(roflgamer) used a cannon_ammo_pack 2-11-2021, 9:14:20 AM
mrido(roflgamer) used a cannon_ammo_pack 2-11-2021, 9:14:20 AM
mrido(roflgamer) used a cannon_ammo_pack 2-11-2021, 9:14:20 AM
mrido(roflgamer) used a cannon_ammo_pack 2-11-2021, 9:14:20 AM
mrido(roflgamer) used a cannon_ammo_pack 2-11-2021, 9:14:21 AM
mrido(roflgamer) used a cannon_ammo_pack 2-11-2021, 9:14:21 AM
mrido(roflgamer) used a cannon_ammo_pack 2-11-2021, 9:14:21 AM
mrido(roflgamer) used a cannon_ammo_pack 2-11-2021, 9:14:21 AM
mrido(roflgamer) used a cannon_ammo_pack 2-11-2021, 9:14:21 AM
mrido(roflgamer) used a cannon_ammo_pack 2-11-2021, 9:14:21 AM
mrido(roflgamer) used a cannon_ammo_pack 2-11-2021, 9:14:21 AM
mrido(roflgamer) used a cannon_ammo_pack 2-11-2021, 9:14:21 AM
mrido(roflgamer) used a cannon_ammo_pack 2-11-2021, 9:14:21 AM
mrido(roflgamer) used a cannon_ammo_pack 2-11-2021, 9:14:21 AM
mrido(roflgamer) used a cannon_ammo_pack 2-11-2021, 9:14:22 AM
mrido(roflgamer) used a cannon_ammo_pack 2-11-2021, 9:14:22 AM
mrido(roflgamer) used a cannon_ammo_pack 2-11-2021, 9:14:22 AM
mrido(roflgamer) used a cannon_ammo_pack 2-11-2021, 9:14:22 AM
mrido(roflgamer) used a cannon_ammo_pack 2-11-2021, 9:14:22 AM
mrido(roflgamer) used a cannon_ammo_pack 2-11-2021, 9:14:22 AM
mrido(roflgamer) used a cannon_ammo_pack 2-11-2021, 9:14:22 AM
mrido(roflgamer) used a cannon_ammo_pack 2-11-2021, 9:14:22 AM
mrido(roflgamer) used a cannon_ammo_pack 2-11-2021, 9:14:22 AM
mrido(roflgamer) used a cannon_ammo_pack 2-11-2021, 9:14:22 AM
mrido(roflgamer) used a cannon_ammo_pack 2-11-2021, 9:14:23 AM
mrido(roflgamer) used a cannon_ammo_pack 2-11-2021, 9:14:23 AM
mrido(roflgamer) used a cannon_ammo_pack 2-11-2021, 9:14:23 AM
mrido(roflgamer) used a cannon_ammo_pack 2-11-2021, 9:14:23 AM
mrido(roflgamer) used a cannon_ammo_pack 2-11-2021, 9:14:23 AM
mrido(roflgamer) used a cannon_ammo_pack 2-11-2021, 9:14:23 AM
mrido(roflgamer) used a cannon_ammo_pack 2-11-2021, 9:14:23 AM
mrido(roflgamer) used a cannon_ammo_pack 2-11-2021, 9:14:23 AM
mrido(roflgamer) used a cannon_ammo_pack 2-11-2021, 9:14:23 AM
mrido(roflgamer) used a cannon_ammo_pack 2-11-2021, 9:14:24 AM
mrido(roflgamer) used a cannon_ammo_pack 2-11-2021, 9:14:24 AM
mrido(roflgamer) used a cannon_ammo_pack 2-11-2021, 9:14:24 AM
mrido(roflgamer) used a cannon_ammo_pack 2-11-2021, 9:14:24 AM
mrido(roflgamer) used a cannon_ammo_pack 2-11-2021, 9:14:24 AM
mrido(roflgamer) used a cannon_ammo_pack 2-11-2021, 9:14:24 AM
mrido(roflgamer) used a cannon_ammo_pack 2-11-2021, 9:14:25 AM
mrido(roflgamer) used a cannon_ammo_pack 2-11-2021, 9:14:25 AM
mrido(roflgamer) used a cannon_ammo_pack 2-11-2021, 9:14:25 AM
mrido(roflgamer) used a cannon_ammo_pack 2-11-2021, 9:14:25 AM
mrido(roflgamer) used a cannon_ammo_pack 2-11-2021, 9:15:02 AM
mrido(roflgamer) used a cannon_ammo_pack 2-11-2021, 9:15:02 AM
mrido(roflgamer) used a cannon_ammo_pack 2-11-2021, 9:15:02 AM
mrido(roflgamer) used a cannon_ammo_pack 2-11-2021, 9:15:02 AM
mrido(roflgamer) used a cannon_ammo_pack 2-11-2021, 9:15:02 AM
mrido(roflgamer) used a cannon_ammo_pack 2-11-2021, 9:15:03 AM
mrido(roflgamer) used a cannon_ammo_pack 2-11-2021, 9:15:03 AM
mrido(roflgamer) used a cannon_ammo_pack 2-11-2021, 9:15:03 AM
mrido(roflgamer) used a cannon_ammo_pack 2-11-2021, 9:15:03 AM
mrido(roflgamer) used a cannon_ammo_pack 2-11-2021, 9:15:03 AM
mrido(roflgamer) used a cannon_ammo_pack 2-11-2021, 9:15:03 AM
mrido(roflgamer) used a cannon_ammo_pack 2-11-2021, 9:15:03 AM
mrido(roflgamer) used a cannon_ammo_pack 2-11-2021, 9:15:03 AM
mrido(roflgamer) used a cannon_ammo_pack 2-11-2021, 9:15:03 AM
mrido(roflgamer) used a cannon_ammo_pack 2-11-2021, 9:15:03 AM
mrido(roflgamer) used a cannon_ammo_pack 2-11-2021, 9:15:04 AM
mrido(roflgamer) used a cannon_ammo_pack 2-11-2021, 9:15:04 AM
mrido(roflgamer) used a cannon_ammo_pack 2-11-2021, 9:15:04 AM
mrido(roflgamer) used a cannon_ammo_pack 2-11-2021, 9:15:04 AM
mrido(roflgamer) used a cannon_ammo_pack 2-11-2021, 9:15:06 AM
mrido(roflgamer) used a cannon_ammo_pack 2-11-2021, 9:15:06 AM
mrido(roflgamer) used a cannon_ammo_pack 2-11-2021, 9:15:06 AM
mrido(roflgamer) used a cannon_ammo_pack 2-11-2021, 9:15:06 AM
mrido(roflgamer) used a cannon_ammo_pack 2-11-2021, 9:15:07 AM
mrido(roflgamer) used a cannon_ammo_pack 2-11-2021, 9:15:07 AM
mrido(roflgamer) used a cannon_ammo_pack 2-11-2021, 9:15:07 AM
mrido(roflgamer) used a cannon_ammo_pack 2-11-2021, 9:15:07 AM
mrido(roflgamer) used a cannon_ammo_pack 2-11-2021, 9:15:07 AM
mrido(roflgamer) used a cannon_ammo_pack 2-11-2021, 9:15:07 AM
mrido(roflgamer) used a cannon_ammo_pack 2-11-2021, 9:15:07 AM
mrido(roflgamer) used a cannon_ammo_pack 2-11-2021, 9:15:07 AM
mrido(roflgamer) used a cannon_ammo_pack 2-11-2021, 9:15:07 AM
mrido(roflgamer) used a cannon_ammo_pack 2-11-2021, 9:15:07 AM
mrido(roflgamer) used a cannon_ammo_pack 2-11-2021, 9:15:07 AM
mrido(roflgamer) used a cannon_ammo_pack 2-11-2021, 9:15:08 AM
mrido(roflgamer) used a cannon_ammo_pack 2-11-2021, 9:15:08 AM
mrido(roflgamer) used a cannon_ammo_pack 2-11-2021, 9:15:08 AM
mrido(roflgamer) used a cannon_ammo_pack 2-11-2021, 9:15:08 AM
mrido(roflgamer) used a cannon_ammo_pack 2-11-2021, 9:15:08 AM
mrido(roflgamer) used a cannon_ammo_pack 2-11-2021, 9:15:08 AM
mrido(roflgamer) used a cannon_ammo_pack 2-11-2021, 9:15:08 AM
mrido(roflgamer) used a cannon_ammo_pack 2-11-2021, 9:15:08 AM
mrido(roflgamer) used a cannon_ammo_pack 2-11-2021, 9:15:08 AM
mrido(roflgamer) used a cannon_ammo_pack 2-11-2021, 9:15:08 AM
mrido(roflgamer) used a cannon_ammo_pack 2-11-2021, 9:15:08 AM
mrido(roflgamer) used a cannon_ammo_pack 2-11-2021, 9:15:08 AM
mrido(roflgamer) used a cannon_ammo_pack 2-11-2021, 9:15:09 AM
mrido(roflgamer) used a cannon_ammo_pack 2-11-2021, 9:15:09 AM
mrido(roflgamer) used a cannon_ammo_pack 2-11-2021, 9:15:09 AM
mrido(roflgamer) used a cannon_ammo_pack 2-11-2021, 9:15:09 AM
mrido(roflgamer) used a cannon_ammo_pack 2-11-2021, 9:15:09 AM
mrido(roflgamer) used a cannon_ammo_pack 2-11-2021, 9:15:09 AM
mrido(roflgamer) used a cannon_ammo_pack 2-11-2021, 9:15:09 AM
mrido(roflgamer) used a cannon_ammo_pack 2-11-2021, 9:15:09 AM
mrido(roflgamer) used a cannon_ammo_pack 2-11-2021, 9:15:09 AM
mrido(roflgamer) used a cannon_ammo_pack 2-11-2021, 9:15:09 AM
mrido(roflgamer) used a cannon_ammo_pack 2-11-2021, 9:16:22 AM
mrido(roflgamer) used a cannon_ammo_pack 2-11-2021, 9:16:23 AM
mrido(roflgamer) used a cannon_ammo_pack 2-11-2021, 9:16:23 AM
mrido(roflgamer) used a cannon_ammo_pack 2-11-2021, 9:16:23 AM
mrido(roflgamer) used a cannon_ammo_pack 2-11-2021, 9:16:23 AM
mrido(roflgamer) used a cannon_ammo_pack 2-11-2021, 9:16:23 AM
mrido(roflgamer) used a cannon_ammo_pack 2-11-2021, 9:16:23 AM
mrido(roflgamer) used a cannon_ammo_pack 2-11-2021, 9:16:23 AM
mrido(roflgamer) used a cannon_ammo_pack 2-11-2021, 9:16:23 AM
mrido(roflgamer) used a cannon_ammo_pack 2-11-2021, 9:16:23 AM
mrido(roflgamer) used a cannon_ammo_pack 2-11-2021, 9:16:23 AM
mrido(roflgamer) used a cannon_ammo_pack 2-11-2021, 9:16:23 AM
mrido(roflgamer) used a cannon_ammo_pack 2-11-2021, 9:16:23 AM
mrido(roflgamer) used a cannon_ammo_pack 2-11-2021, 9:16:23 AM
mrido(roflgamer) used a cannon_ammo_pack 2-11-2021, 9:16:24 AM
mrido(roflgamer) used a cannon_ammo_pack 2-11-2021, 9:16:24 AM
mrido(roflgamer) used a cannon_ammo_pack 2-11-2021, 9:16:24 AM
mrido(roflgamer) used a cannon_ammo_pack 2-11-2021, 9:16:24 AM
mrido(roflgamer) used a cannon_ammo_pack 2-11-2021, 9:16:24 AM
mrido(roflgamer) used a cannon_ammo_pack 2-11-2021, 9:16:24 AM
mrido(roflgamer) used a cannon_ammo_pack 2-11-2021, 9:16:24 AM
mrido(roflgamer) used a cannon_ammo_pack 2-11-2021, 9:16:24 AM
mrido(roflgamer) used a cannon_ammo_pack 2-11-2021, 9:16:24 AM
mrido(roflgamer) used a cannon_ammo_pack 2-11-2021, 9:16:24 AM
mrido(roflgamer) used a cannon_ammo_pack 2-11-2021, 9:16:24 AM
mrido(roflgamer) used a cannon_ammo_pack 2-11-2021, 9:16:25 AM
mrido(roflgamer) used a cannon_ammo_pack 2-11-2021, 9:16:25 AM
mrido(roflgamer) used a cannon_ammo_pack 2-11-2021, 9:16:25 AM
mrido(roflgamer) used a cannon_ammo_pack 2-11-2021, 9:16:25 AM
mrido(roflgamer) used a cannon_ammo_pack 2-11-2021, 9:16:25 AM
mrido(roflgamer) used a cannon_ammo_pack 2-11-2021, 9:16:25 AM
mrido(roflgamer) used a cannon_ammo_pack 2-11-2021, 9:16:25 AM
mrido(roflgamer) used a cannon_ammo_pack 2-11-2021, 9:16:25 AM
mrido(roflgamer) used a cannon_ammo_pack 2-11-2021, 9:16:25 AM
mrido(roflgamer) used a cannon_ammo_pack 2-11-2021, 9:16:25 AM
mrido(roflgamer) used a cannon_ammo_pack 2-11-2021, 9:16:25 AM
mrido(roflgamer) used a cannon_ammo_pack 2-11-2021, 9:16:25 AM
mrido(roflgamer) used a cannon_ammo_pack 2-11-2021, 9:16:26 AM
mrido(roflgamer) used a cannon_ammo_pack 2-11-2021, 9:16:26 AM
mrido(roflgamer) used a cannon_ammo_pack 2-11-2021, 9:16:26 AM
mrido(roflgamer) used a cannon_ammo_pack 2-11-2021, 9:16:26 AM
mrido(roflgamer) used a cannon_ammo_pack 2-11-2021, 9:16:26 AM
mrido(roflgamer) used a cannon_ammo_pack 2-11-2021, 9:16:26 AM
mrido(roflgamer) used a cannon_ammo_pack 2-11-2021, 9:16:26 AM
mrido(roflgamer) used a cannon_ammo_pack 2-11-2021, 9:16:26 AM
mrido(roflgamer) used a cannon_ammo_pack 2-11-2021, 9:16:26 AM
mrido(roflgamer) used a cannon_ammo_pack 2-11-2021, 9:16:26 AM
mrido(roflgamer) used a cannon_ammo_pack 2-11-2021, 9:16:26 AM
mrido(roflgamer) used a cannon_ammo_pack 2-11-2021, 9:16:27 AM
mrido(roflgamer) used a cannon_ammo_pack 2-11-2021, 9:16:27 AM
mrido(roflgamer) used a cannon_ammo_pack 2-11-2021, 9:16:27 AM
mrido(roflgamer) used a cannon_ammo_pack 2-11-2021, 9:16:27 AM
mrido(roflgamer) used a cannon_ammo_pack 2-11-2021, 9:16:27 AM
mrido(roflgamer) used a cannon_ammo_pack 2-11-2021, 9:16:27 AM
mrido(roflgamer) used a cannon_ammo_pack 2-11-2021, 9:16:27 AM
mrido(roflgamer) used a cannon_ammo_pack 2-11-2021, 9:16:27 AM
mrido(roflgamer) used a cannon_ammo_pack 2-11-2021, 9:16:27 AM
mrido(roflgamer) used a cannon_ammo_pack 2-11-2021, 9:16:27 AM
mrido(roflgamer) used a cannon_ammo_pack 2-11-2021, 9:16:27 AM
mrido(roflgamer) used a cannon_ammo_pack 2-11-2021, 9:16:27 AM
mrido(roflgamer) used a cannon_ammo_pack 2-11-2021, 9:16:28 AM
mrido(roflgamer) used a cannon_ammo_pack 2-11-2021, 9:16:28 AM
mrido(roflgamer) used a cannon_ammo_pack 2-11-2021, 9:16:28 AM
mrido(roflgamer) used a cannon_ammo_pack 2-11-2021, 9:16:28 AM
mrido(roflgamer) used a cannon_ammo_pack 2-11-2021, 9:16:28 AM
mrido(roflgamer) used a cannon_ammo_pack 2-11-2021, 9:16:28 AM
mrido(roflgamer) used a cannon_ammo_pack 2-11-2021, 9:16:28 AM
mrido(roflgamer) used a cannon_ammo_pack 2-11-2021, 9:16:28 AM
mrido(roflgamer) used a cannon_ammo_pack 2-11-2021, 9:16:28 AM
mrido(roflgamer) used a cannon_ammo_pack 2-11-2021, 9:16:29 AM
mrido(roflgamer) used a cannon_ammo_pack 2-11-2021, 9:16:29 AM
mrido(roflgamer) used a cannon_ammo_pack 2-11-2021, 9:16:29 AM
mrido(roflgamer) used a cannon_ammo_pack 2-11-2021, 9:16:29 AM
mrido(roflgamer) used a cannon_ammo_pack 2-11-2021, 9:16:29 AM
mrido(roflgamer) used a cannon_ammo_pack 2-11-2021, 9:16:29 AM
mrido(roflgamer) used a cannon_ammo_pack 2-11-2021, 9:16:29 AM
mrido(roflgamer) used a cannon_ammo_pack 2-11-2021, 9:16:29 AM
mrido(roflgamer) used a cannon_ammo_pack 2-11-2021, 9:16:29 AM
mrido(roflgamer) used a cannon_ammo_pack 2-11-2021, 9:16:29 AM
mrido(roflgamer) used a cannon_ammo_pack 2-11-2021, 9:16:29 AM
mrido(roflgamer) used a cannon_ammo_pack 2-11-2021, 9:16:29 AM
mrido(roflgamer) used a cannon_ammo_pack 2-11-2021, 9:16:30 AM
mrido(roflgamer) used a cannon_ammo_pack 2-11-2021, 9:16:30 AM
mrido(roflgamer) used a cannon_ammo_pack 2-11-2021, 9:16:30 AM
mrido(roflgamer) used a cannon_ammo_pack 2-11-2021, 9:16:30 AM
mrido(roflgamer) used a cannon_ammo_pack 2-11-2021, 9:16:30 AM
mrido(roflgamer) used a cannon_ammo_pack 2-11-2021, 9:16:30 AM
mrido(roflgamer) used a cannon_ammo_pack 2-11-2021, 9:16:30 AM
mrido(roflgamer) used a cannon_ammo_pack 2-11-2021, 9:16:30 AM
mrido(roflgamer) used a cannon_ammo_pack 2-11-2021, 9:16:30 AM
mrido(roflgamer) used a cannon_ammo_pack 2-11-2021, 9:16:30 AM
mrido(roflgamer) used a cannon_ammo_pack 2-11-2021, 9:16:30 AM
mrido(roflgamer) used a cannon_ammo_pack 2-11-2021, 9:16:31 AM
mrido(roflgamer) used a cannon_ammo_pack 2-11-2021, 9:16:31 AM
mrido(roflgamer) used a cannon_ammo_pack 2-11-2021, 9:16:31 AM
mrido(roflgamer) used a cannon_ammo_pack 2-11-2021, 9:16:31 AM
mrido(roflgamer) used a cannon_ammo_pack 2-11-2021, 9:16:31 AM
mrido(roflgamer) used a cannon_ammo_pack 2-11-2021, 9:16:31 AM
mrido(roflgamer) used a cannon_ammo_pack 2-11-2021, 9:16:31 AM
mrido(roflgamer) used a cannon_ammo_pack 2-11-2021, 9:16:31 AM
mrido(roflgamer) used a cannon_ammo_pack 2-11-2021, 9:16:31 AM
mrido(roflgamer) used a cannon_ammo_pack 2-11-2021, 9:16:31 AM
mrido(roflgamer) used a cannon_ammo_pack 2-11-2021, 9:16:31 AM
mrido(roflgamer) used a cannon_ammo_pack 2-11-2021, 9:16:32 AM
mrido(roflgamer) used a cannon_ammo_pack 2-11-2021, 9:16:32 AM
mrido(roflgamer) used a cannon_ammo_pack 2-11-2021, 9:16:32 AM
mrido(roflgamer) used a cannon_ammo_pack 2-11-2021, 9:16:32 AM
mrido(roflgamer) used a cannon_ammo_pack 2-11-2021, 9:16:32 AM
mrido(roflgamer) used a cannon_ammo_pack 2-11-2021, 9:16:32 AM
mrido(roflgamer) used a cannon_ammo_pack 2-11-2021, 9:16:32 AM
mrido(roflgamer) used a cannon_ammo_pack 2-11-2021, 9:16:32 AM
mrido(roflgamer) used a cannon_ammo_pack 2-11-2021, 9:16:33 AM
mrido(roflgamer) used a cannon_ammo_pack 2-11-2021, 9:16:33 AM
mrido(roflgamer) used a cannon_ammo_pack 2-11-2021, 9:16:33 AM
mrido(roflgamer) used a cannon_ammo_pack 2-11-2021, 9:16:33 AM
mrido(roflgamer) used a cannon_ammo_pack 2-11-2021, 9:16:33 AM
mrido(roflgamer) used a cannon_ammo_pack 2-11-2021, 9:16:33 AM
mrido(roflgamer) used a cannon_ammo_pack 2-11-2021, 9:16:33 AM
mrido(roflgamer) used a cannon_ammo_pack 2-11-2021, 9:16:33 AM
mrido(roflgamer) used a cannon_ammo_pack 2-11-2021, 9:16:33 AM
mrido(roflgamer) used a cannon_ammo_pack 2-11-2021, 9:16:33 AM
mrido(roflgamer) used a cannon_ammo_pack 2-11-2021, 9:16:33 AM
mrido(roflgamer) used a cannon_ammo_pack 2-11-2021, 9:16:34 AM
mrido(roflgamer) used a cannon_ammo_pack 2-11-2021, 9:16:34 AM
mrido(roflgamer) used a cannon_ammo_pack 2-11-2021, 9:16:34 AM
mrido(roflgamer) used a cannon_ammo_pack 2-11-2021, 9:16:34 AM
mrido(roflgamer) used a cannon_ammo_pack 2-11-2021, 9:16:34 AM
mrido(roflgamer) used a cannon_ammo_pack 2-11-2021, 9:16:34 AM
mrido(roflgamer) used a cannon_ammo_pack 2-11-2021, 9:17:28 AM
mrido(roflgamer) used a cannon_ammo_pack 2-11-2021, 9:17:28 AM
mrido(roflgamer) used a cannon_ammo_pack 2-11-2021, 9:17:28 AM
mrido(roflgamer) used a cannon_ammo_pack 2-11-2021, 9:17:28 AM
mrido(roflgamer) used a cannon_ammo_pack 2-11-2021, 9:17:28 AM
mrido(roflgamer) used a cannon_ammo_pack 2-11-2021, 9:17:28 AM
mrido(roflgamer) used a cannon_ammo_pack 2-11-2021, 9:17:28 AM
mrido(roflgamer) used a cannon_ammo_pack 2-11-2021, 9:17:28 AM
mrido(roflgamer) used a cannon_ammo_pack 2-11-2021, 9:17:28 AM
mrido(roflgamer) used a cannon_ammo_pack 2-11-2021, 9:17:29 AM
mrido(roflgamer) used a cannon_ammo_pack 2-11-2021, 9:17:29 AM
mrido(roflgamer) used a cannon_ammo_pack 2-11-2021, 9:17:29 AM
mrido(roflgamer) used a cannon_ammo_pack 2-11-2021, 9:17:29 AM
mrido(roflgamer) used a cannon_ammo_pack 2-11-2021, 9:17:29 AM
mrido(roflgamer) used a cannon_ammo_pack 2-11-2021, 9:17:29 AM
mrido(roflgamer) used a cannon_ammo_pack 2-11-2021, 9:17:29 AM
mrido(roflgamer) used a cannon_ammo_pack 2-11-2021, 9:17:29 AM
mrido(roflgamer) used a cannon_ammo_pack 2-11-2021, 9:17:29 AM
mrido(roflgamer) used a cannon_ammo_pack 2-11-2021, 9:17:29 AM
mrido(roflgamer) used a cannon_ammo_pack 2-11-2021, 9:17:29 AM
mrido(roflgamer) used a cannon_ammo_pack 2-11-2021, 9:17:29 AM
mrido(roflgamer) used a cannon_ammo_pack 2-11-2021, 9:17:30 AM
mrido(roflgamer) used a cannon_ammo_pack 2-11-2021, 9:17:30 AM
mrido(roflgamer) used a cannon_ammo_pack 2-11-2021, 9:17:30 AM
mrido(roflgamer) used a cannon_ammo_pack 2-11-2021, 9:17:30 AM
mrido(roflgamer) used a cannon_ammo_pack 2-11-2021, 9:17:30 AM
mrido(roflgamer) used a cannon_ammo_pack 2-11-2021, 9:17:30 AM
mrido(roflgamer) used a cannon_ammo_pack 2-11-2021, 9:17:30 AM
mrido(roflgamer) used a cannon_ammo_pack 2-11-2021, 9:17:30 AM
mrido(roflgamer) used a cannon_ammo_pack 2-11-2021, 9:17:30 AM
mrido(roflgamer) used a cannon_ammo_pack 2-11-2021, 9:17:30 AM
mrido(roflgamer) used a cannon_ammo_pack 2-11-2021, 9:17:30 AM
mrido(roflgamer) used a cannon_ammo_pack 2-11-2021, 9:17:30 AM
mrido(roflgamer) used a cannon_ammo_pack 2-11-2021, 9:17:31 AM
mrido(roflgamer) used a cannon_ammo_pack 2-11-2021, 9:17:31 AM
mrido(roflgamer) used a cannon_ammo_pack 2-11-2021, 9:17:31 AM
mrido(roflgamer) used a cannon_ammo_pack 2-11-2021, 9:17:31 AM
mrido(roflgamer) used a cannon_ammo_pack 2-11-2021, 9:17:31 AM
mrido(roflgamer) used a cannon_ammo_pack 2-11-2021, 9:17:31 AM
mrido(roflgamer) used a cannon_ammo_pack 2-11-2021, 9:17:31 AM
mrido(roflgamer) used a cannon_ammo_pack 2-11-2021, 9:17:31 AM
mrido(roflgamer) used a cannon_ammo_pack 2-11-2021, 9:17:31 AM
mrido(roflgamer) used a cannon_ammo_pack 2-11-2021, 9:17:31 AM
mrido(roflgamer) used a cannon_ammo_pack 2-11-2021, 9:17:31 AM
mrido(roflgamer) used a cannon_ammo_pack 2-11-2021, 9:17:31 AM
mrido(roflgamer) used a cannon_ammo_pack 2-11-2021, 9:17:31 AM
mrido(roflgamer) used a cannon_ammo_pack 2-11-2021, 9:17:32 AM
mrido(roflgamer) used a cannon_ammo_pack 2-11-2021, 9:17:32 AM
mrido(roflgamer) used a cannon_ammo_pack 2-11-2021, 9:17:32 AM
mrido(roflgamer) used a cannon_ammo_pack 2-11-2021, 9:17:32 AM
mrido(roflgamer) used a cannon_ammo_pack 2-11-2021, 9:17:32 AM
mrido(roflgamer) used a cannon_ammo_pack 2-11-2021, 9:17:32 AM
mrido(roflgamer) used a cannon_ammo_pack 2-11-2021, 9:17:32 AM
mrido(roflgamer) used a cannon_ammo_pack 2-11-2021, 9:17:32 AM
mrido(roflgamer) used a cannon_ammo_pack 2-11-2021, 9:17:32 AM
mrido(roflgamer) used a cannon_ammo_pack 2-11-2021, 9:17:32 AM
mrido(roflgamer) used a cannon_ammo_pack 2-11-2021, 9:17:32 AM
mrido(roflgamer) used a cannon_ammo_pack 2-11-2021, 9:17:33 AM
mrido(roflgamer) used a cannon_ammo_pack 2-11-2021, 9:17:33 AM
mrido(roflgamer) used a cannon_ammo_pack 2-11-2021, 9:17:33 AM
mrido(roflgamer) used a cannon_ammo_pack 2-11-2021, 9:17:33 AM
mrido(roflgamer) used a cannon_ammo_pack 2-11-2021, 9:17:33 AM
mrido(roflgamer) used a cannon_ammo_pack 2-11-2021, 9:17:33 AM
mrido(roflgamer) used a cannon_ammo_pack 2-11-2021, 9:17:33 AM
mrido(roflgamer) used a cannon_ammo_pack 2-11-2021, 9:17:33 AM
mrido(roflgamer) used a cannon_ammo_pack 2-11-2021, 9:17:33 AM
mrido(roflgamer) used a cannon_ammo_pack 2-11-2021, 9:17:33 AM
mrido(roflgamer) used a cannon_ammo_pack 2-11-2021, 9:17:33 AM
mrido(roflgamer) used a cannon_ammo_pack 2-11-2021, 9:17:33 AM
mrido(roflgamer) used a cannon_ammo_pack 2-11-2021, 9:17:33 AM
mrido(roflgamer) used a cannon_ammo_pack 2-11-2021, 9:17:34 AM
mrido(roflgamer) used a cannon_ammo_pack 2-11-2021, 9:17:34 AM
mrido(roflgamer) used a cannon_ammo_pack 2-11-2021, 9:17:34 AM
mrido(roflgamer) used a cannon_ammo_pack 2-11-2021, 9:17:34 AM
mrido(roflgamer) used a cannon_ammo_pack 2-11-2021, 9:17:34 AM
mrido(roflgamer) used a cannon_ammo_pack 2-11-2021, 9:17:34 AM
mrido(roflgamer) used a cannon_ammo_pack 2-11-2021, 9:17:55 AM
mrido(roflgamer) used a cannon_ammo_pack 2-11-2021, 9:17:56 AM
mrido(roflgamer) used a cannon_ammo_pack 2-11-2021, 9:17:56 AM
mrido(roflgamer) used a cannon_ammo_pack 2-11-2021, 9:17:56 AM
mrido(roflgamer) used a cannon_ammo_pack 2-11-2021, 9:17:56 AM
mrido(roflgamer) used a cannon_ammo_pack 2-11-2021, 9:17:56 AM
mrido(roflgamer) used a cannon_ammo_pack 2-11-2021, 9:17:56 AM
mrido(roflgamer) used a cannon_ammo_pack 2-11-2021, 9:17:56 AM
mrido(roflgamer) used a cannon_ammo_pack 2-11-2021, 9:17:56 AM
mrido(roflgamer) used a cannon_ammo_pack 2-11-2021, 9:17:56 AM
mrido(roflgamer) used a cannon_ammo_pack 2-11-2021, 9:17:56 AM
mrido(roflgamer) used a cannon_ammo_pack 2-11-2021, 9:17:56 AM
mrido(roflgamer) used a cannon_ammo_pack 2-11-2021, 9:17:56 AM
mrido(roflgamer) used a cannon_ammo_pack 2-11-2021, 9:17:57 AM
mrido(roflgamer) used a cannon_ammo_pack 2-11-2021, 9:17:57 AM
mrido(roflgamer) used a cannon_ammo_pack 2-11-2021, 9:17:57 AM
mrido(roflgamer) used a cannon_ammo_pack 2-11-2021, 9:17:57 AM
mrido(roflgamer) used a cannon_ammo_pack 2-11-2021, 9:17:57 AM
mrido(roflgamer) used a cannon_ammo_pack 2-11-2021, 9:17:57 AM
mrido(roflgamer) used a cannon_ammo_pack 2-11-2021, 9:17:57 AM
mrido(roflgamer) used a cannon_ammo_pack 2-11-2021, 9:17:57 AM
mrido(roflgamer) used a cannon_ammo_pack 2-11-2021, 9:17:57 AM
mrido(roflgamer) used a cannon_ammo_pack 2-11-2021, 9:17:57 AM
mrido(roflgamer) used a cannon_ammo_pack 2-11-2021, 9:17:57 AM
mrido(roflgamer) used a cannon_ammo_pack 2-11-2021, 9:17:57 AM
mrido(roflgamer) used a cannon_ammo_pack 2-11-2021, 9:17:58 AM
mrido(roflgamer) used a cannon_ammo_pack 2-11-2021, 9:17:58 AM
mrido(roflgamer) used a cannon_ammo_pack 2-11-2021, 9:17:58 AM
mrido(roflgamer) used a cannon_ammo_pack 2-11-2021, 9:17:58 AM
mrido(roflgamer) used a cannon_ammo_pack 2-11-2021, 9:17:58 AM
mrido(roflgamer) used a cannon_ammo_pack 2-11-2021, 9:17:58 AM
mrido(roflgamer) used a cannon_ammo_pack 2-11-2021, 9:17:58 AM
mrido(roflgamer) used a cannon_ammo_pack 2-11-2021, 9:17:58 AM
mrido(roflgamer) used a cannon_ammo_pack 2-11-2021, 9:17:58 AM
mrido(roflgamer) used a cannon_ammo_pack 2-11-2021, 9:17:58 AM
mrido(roflgamer) used a cannon_ammo_pack 2-11-2021, 9:17:58 AM
mrido(roflgamer) used a cannon_ammo_pack 2-11-2021, 9:17:58 AM
mrido(roflgamer) used a cannon_ammo_pack 2-11-2021, 9:17:59 AM
mrido(roflgamer) used a cannon_ammo_pack 2-11-2021, 9:17:59 AM
mrido(roflgamer) used a cannon_ammo_pack 2-11-2021, 9:17:59 AM
mrido(roflgamer) used a cannon_ammo_pack 2-11-2021, 9:17:59 AM
mrido(roflgamer) used a cannon_ammo_pack 2-11-2021, 9:17:59 AM
mrido(roflgamer) used a cannon_ammo_pack 2-11-2021, 9:17:59 AM
mrido(roflgamer) used a cannon_ammo_pack 2-11-2021, 9:17:59 AM
mrido(roflgamer) used a cannon_ammo_pack 2-11-2021, 9:17:59 AM
mrido(roflgamer) used a cannon_ammo_pack 2-11-2021, 9:17:59 AM
mrido(roflgamer) used a cannon_ammo_pack 2-11-2021, 9:17:59 AM
mrido(roflgamer) used a cannon_ammo_pack 2-11-2021, 9:17:59 AM
mrido(roflgamer) used a cannon_ammo_pack 2-11-2021, 9:17:59 AM
mrido(roflgamer) used a cannon_ammo_pack 2-11-2021, 9:18:00 AM
mrido(roflgamer) used a cannon_ammo_pack 2-11-2021, 9:18:00 AM
mrido(roflgamer) used a cannon_ammo_pack 2-11-2021, 9:18:00 AM
mrido(roflgamer) used a cannon_ammo_pack 2-11-2021, 9:18:00 AM
mrido(roflgamer) used a cannon_ammo_pack 2-11-2021, 9:18:00 AM
mrido(roflgamer) used a cannon_ammo_pack 2-11-2021, 9:18:00 AM
mrido(roflgamer) used a cannon_ammo_pack 2-11-2021, 9:18:00 AM
mrido(roflgamer) used a cannon_ammo_pack 2-11-2021, 9:18:00 AM
mrido(roflgamer) used a cannon_ammo_pack 2-11-2021, 9:18:00 AM
mrido(roflgamer) used a cannon_ammo_pack 2-11-2021, 9:18:00 AM
mrido(roflgamer) used a cannon_ammo_pack 2-11-2021, 9:18:00 AM
mrido(roflgamer) used a cannon_ammo_pack 2-11-2021, 9:18:01 AM
mrido(roflgamer) used a cannon_ammo_pack 2-11-2021, 9:18:01 AM
mrido(roflgamer) used a cannon_ammo_pack 2-11-2021, 9:18:01 AM
mrido(roflgamer) used a cannon_ammo_pack 2-11-2021, 9:18:01 AM
mrido(roflgamer) used a cannon_ammo_pack 2-11-2021, 9:18:01 AM
mrido(roflgamer) used a cannon_ammo_pack 2-11-2021, 9:18:01 AM
mrido(roflgamer) used a cannon_ammo_pack 2-11-2021, 9:18:01 AM
mrido(roflgamer) used a cannon_ammo_pack 2-11-2021, 9:18:01 AM
mrido(roflgamer) used a cannon_ammo_pack 2-11-2021, 9:18:02 AM
mrido(roflgamer) used a cannon_ammo_pack 2-11-2021, 9:18:02 AM
mrido(roflgamer) used a cannon_ammo_pack 2-11-2021, 9:18:02 AM
mrido(roflgamer) used a cannon_ammo_pack 2-11-2021, 9:18:02 AM
mrido(roflgamer) used a cannon_ammo_pack 2-11-2021, 9:18:02 AM
mrido(roflgamer) used a cannon_ammo_pack 2-11-2021, 9:18:02 AM
mrido(roflgamer) used a cannon_ammo_pack 2-11-2021, 9:18:02 AM
mrido(roflgamer) used a cannon_ammo_pack 2-11-2021, 9:18:02 AM
mrido(roflgamer) used a cannon_ammo_pack 2-11-2021, 9:18:02 AM
mrido(roflgamer) used a cannon_ammo_pack 2-11-2021, 9:18:02 AM
mrido(roflgamer) used a cannon_ammo_pack 2-11-2021, 9:18:02 AM
mrido(roflgamer) used a cannon_ammo_pack 2-11-2021, 9:18:03 AM
mrido(roflgamer) used a cannon_ammo_pack 2-11-2021, 9:18:03 AM
mrido(roflgamer) used a cannon_ammo_pack 2-11-2021, 9:18:03 AM
mrido(roflgamer) used a cannon_ammo_pack 2-11-2021, 9:18:03 AM
mrido(roflgamer) used a cannon_ammo_pack 2-11-2021, 9:18:03 AM
mrido(roflgamer) used a cannon_ammo_pack 2-11-2021, 9:18:03 AM
mrido(roflgamer) used a cannon_ammo_pack 2-11-2021, 9:18:03 AM
mrido(roflgamer) used a cannon_ammo_pack 2-11-2021, 9:18:03 AM
mrido(roflgamer) used a cannon_ammo_pack 2-11-2021, 9:18:03 AM
mrido(roflgamer) used a cannon_ammo_pack 2-11-2021, 9:18:03 AM
mrido(roflgamer) used a cannon_ammo_pack 2-11-2021, 9:18:03 AM
mrido(roflgamer) used a cannon_ammo_pack 2-11-2021, 9:18:03 AM
mrido(roflgamer) used a cannon_ammo_pack 2-11-2021, 9:18:04 AM
mrido(roflgamer) used a cannon_ammo_pack 2-11-2021, 9:18:04 AM
mrido(roflgamer) used a cannon_ammo_pack 2-11-2021, 9:18:04 AM
mrido(roflgamer) used a cannon_ammo_pack 2-11-2021, 9:18:04 AM
mrido(roflgamer) used a cannon_ammo_pack 2-11-2021, 9:18:04 AM
mrido(roflgamer) used a cannon_ammo_pack 2-11-2021, 9:18:04 AM
mrido(roflgamer) used a cannon_ammo_pack 2-11-2021, 9:18:04 AM
mrido(roflgamer) used a cannon_ammo_pack 2-11-2021, 9:18:04 AM
mrido(roflgamer) used a cannon_ammo_pack 2-11-2021, 9:18:04 AM
mrido(roflgamer) used a cannon_ammo_pack 2-11-2021, 9:18:04 AM
mrido(roflgamer) used a cannon_ammo_pack 2-11-2021, 9:18:04 AM
mrido(roflgamer) used a cannon_ammo_pack 2-11-2021, 9:18:04 AM
mrido(roflgamer) used a cannon_ammo_pack 2-11-2021, 9:18:05 AM
mrido(roflgamer) used a cannon_ammo_pack 2-11-2021, 9:18:05 AM
mrido(roflgamer) used a cannon_ammo_pack 2-11-2021, 9:18:05 AM
mrido(roflgamer) used a cannon_ammo_pack 2-11-2021, 9:18:05 AM
mrido(roflgamer) used a cannon_ammo_pack 2-11-2021, 9:18:05 AM
mrido(roflgamer) used a cannon_ammo_pack 2-11-2021, 9:18:05 AM
mrido(roflgamer) used a cannon_ammo_pack 2-11-2021, 9:18:05 AM
mrido(roflgamer) used a cannon_ammo_pack 2-11-2021, 9:18:05 AM
mrido(roflgamer) used a cannon_ammo_pack 2-11-2021, 9:18:06 AM
mrido(roflgamer) used a cannon_ammo_pack 2-11-2021, 9:18:06 AM
mrido(roflgamer) used a cannon_ammo_pack 2-11-2021, 9:18:06 AM
mrido(roflgamer) used a cannon_ammo_pack 2-11-2021, 9:18:06 AM
mrido(roflgamer) used a cannon_ammo_pack 2-11-2021, 9:18:06 AM
mrido(roflgamer) used a cannon_ammo_pack 2-11-2021, 9:18:06 AM
mrido(roflgamer) used a cannon_ammo_pack 2-11-2021, 9:18:06 AM
mrido(roflgamer) used a cannon_ammo_pack 2-11-2021, 9:18:06 AM
mrido(roflgamer) used a cannon_ammo_pack 2-11-2021, 9:18:06 AM
mrido(roflgamer) used a cannon_ammo_pack 2-11-2021, 9:18:07 AM
mrido(roflgamer) used a cannon_ammo_pack 2-11-2021, 9:18:07 AM
mrido(roflgamer) used a cannon_ammo_pack 2-11-2021, 9:18:07 AM
mrido(roflgamer) used a cannon_ammo_pack 2-11-2021, 9:18:07 AM
mrido(roflgamer) used a cannon_ammo_pack 2-11-2021, 9:18:07 AM
mrido(roflgamer) used a cannon_ammo_pack 2-11-2021, 9:18:07 AM
mrido(roflgamer) used a cannon_ammo_pack 2-11-2021, 9:18:09 AM
mrido(roflgamer) used a cannon_ammo_pack 2-11-2021, 9:18:19 AM
mrido(roflgamer) used a cannon_ammo_pack 2-11-2021, 9:18:19 AM
mrido(roflgamer) used a cannon_ammo_pack 2-11-2021, 9:18:19 AM
mrido(roflgamer) used a cannon_ammo_pack 2-11-2021, 9:18:20 AM
mrido(roflgamer) used a cannon_ammo_pack 2-11-2021, 9:18:20 AM
mrido(roflgamer) used a cannon_ammo_pack 2-11-2021, 9:18:20 AM
mrido(roflgamer) used a cannon_ammo_pack 2-11-2021, 9:18:20 AM
mrido(roflgamer) used a cannon_ammo_pack 2-11-2021, 9:18:20 AM
mrido(roflgamer) used a cannon_ammo_pack 2-11-2021, 9:18:20 AM
mrido(roflgamer) used a cannon_ammo_pack 2-11-2021, 9:18:20 AM
mrido(roflgamer) used a cannon_ammo_pack 2-11-2021, 9:18:20 AM
mrido(roflgamer) used a cannon_ammo_pack 2-11-2021, 9:18:20 AM
mrido(roflgamer) used a cannon_ammo_pack 2-11-2021, 9:18:20 AM
mrido(roflgamer) used a cannon_ammo_pack 2-11-2021, 9:18:20 AM
mrido(roflgamer) used a cannon_ammo_pack 2-11-2021, 9:18:20 AM
mrido(roflgamer) used a cannon_ammo_pack 2-11-2021, 9:18:20 AM
mrido(roflgamer) used a cannon_ammo_pack 2-11-2021, 9:18:20 AM
mrido(roflgamer) used a cannon_ammo_pack 2-11-2021, 9:18:21 AM
mrido(roflgamer) used a cannon_ammo_pack 2-11-2021, 9:18:21 AM
mrido(roflgamer) used a cannon_ammo_pack 2-11-2021, 9:18:21 AM
mrido(roflgamer) used a cannon_ammo_pack 2-11-2021, 9:18:21 AM
mrido(roflgamer) used a cannon_ammo_pack 2-11-2021, 9:18:21 AM
mrido(roflgamer) used a cannon_ammo_pack 2-11-2021, 9:18:21 AM
mrido(roflgamer) used a cannon_ammo_pack 2-11-2021, 9:18:21 AM
mrido(roflgamer) used a cannon_ammo_pack 2-11-2021, 9:18:21 AM
mrido(roflgamer) used a cannon_ammo_pack 2-11-2021, 9:18:21 AM
mrido(roflgamer) used a cannon_ammo_pack 2-11-2021, 9:18:21 AM
mrido(roflgamer) used a cannon_ammo_pack 2-11-2021, 9:18:21 AM
mrido(roflgamer) used a cannon_ammo_pack 2-11-2021, 9:18:21 AM
mrido(roflgamer) used a cannon_ammo_pack 2-11-2021, 9:18:21 AM
mrido(roflgamer) used a cannon_ammo_pack 2-11-2021, 9:18:22 AM
mrido(roflgamer) used a cannon_ammo_pack 2-11-2021, 9:18:22 AM
mrido(roflgamer) used a cannon_ammo_pack 2-11-2021, 9:18:22 AM
mrido(roflgamer) used a cannon_ammo_pack 2-11-2021, 9:18:22 AM
mrido(roflgamer) used a cannon_ammo_pack 2-11-2021, 9:18:22 AM
mrido(roflgamer) used a cannon_ammo_pack 2-11-2021, 9:18:22 AM
mrido(roflgamer) used a cannon_ammo_pack 2-11-2021, 9:18:22 AM
mrido(roflgamer) used a cannon_ammo_pack 2-11-2021, 9:18:22 AM
mrido(roflgamer) used a cannon_ammo_pack 2-11-2021, 9:18:22 AM
mrido(roflgamer) used a cannon_ammo_pack 2-11-2021, 9:18:23 AM
mrido(roflgamer) used a cannon_ammo_pack 2-11-2021, 9:18:23 AM
mrido(roflgamer) used a cannon_ammo_pack 2-11-2021, 9:18:23 AM
mrido(roflgamer) used a cannon_ammo_pack 2-11-2021, 9:18:23 AM
mrido(roflgamer) used a cannon_ammo_pack 2-11-2021, 9:18:23 AM
mrido(roflgamer) used a cannon_ammo_pack 2-11-2021, 9:18:23 AM
mrido(roflgamer) used a cannon_ammo_pack 2-11-2021, 9:18:23 AM
mrido(roflgamer) used a cannon_ammo_pack 2-11-2021, 9:18:23 AM
mrido(roflgamer) used a cannon_ammo_pack 2-11-2021, 9:18:23 AM
mrido(roflgamer) used a cannon_ammo_pack 2-11-2021, 9:18:23 AM
mrido(roflgamer) used a cannon_ammo_pack 2-11-2021, 9:18:23 AM
mrido(roflgamer) used a cannon_ammo_pack 2-11-2021, 9:18:24 AM
mrido(roflgamer) used a cannon_ammo_pack 2-11-2021, 9:18:24 AM
mrido(roflgamer) used a cannon_ammo_pack 2-11-2021, 9:18:24 AM
mrido(roflgamer) used a cannon_ammo_pack 2-11-2021, 9:18:24 AM
mrido(roflgamer) used a cannon_ammo_pack 2-11-2021, 9:18:24 AM
mrido(roflgamer) used a cannon_ammo_pack 2-11-2021, 9:18:24 AM
mrido(roflgamer) used a cannon_ammo_pack 2-11-2021, 9:18:24 AM
mrido(roflgamer) used a cannon_ammo_pack 2-11-2021, 9:18:24 AM
mrido(roflgamer) used a cannon_ammo_pack 2-11-2021, 9:18:24 AM
mrido(roflgamer) used a cannon_ammo_pack 2-11-2021, 9:18:24 AM
mrido(roflgamer) used a cannon_ammo_pack 2-11-2021, 9:18:24 AM
mrido(roflgamer) used a cannon_ammo_pack 2-11-2021, 9:18:25 AM
mrido(roflgamer) used a cannon_ammo_pack 2-11-2021, 9:18:25 AM
mrido(roflgamer) used a cannon_ammo_pack 2-11-2021, 9:18:25 AM
mrido(roflgamer) used a cannon_ammo_pack 2-11-2021, 9:18:25 AM
mrido(roflgamer) used a cannon_ammo_pack 2-11-2021, 9:18:25 AM
mrido(roflgamer) used a cannon_ammo_pack 2-11-2021, 9:18:25 AM
mrido(roflgamer) used a cannon_ammo_pack 2-11-2021, 9:18:25 AM
mrido(roflgamer) used a cannon_ammo_pack 2-11-2021, 9:18:25 AM
mrido(roflgamer) used a cannon_ammo_pack 2-11-2021, 9:18:25 AM
mrido(roflgamer) used a cannon_ammo_pack 2-11-2021, 9:18:25 AM
mrido(roflgamer) used a cannon_ammo_pack 2-11-2021, 9:18:25 AM
mrido(roflgamer) used a cannon_ammo_pack 2-11-2021, 9:18:26 AM
mrido(roflgamer) used a cannon_ammo_pack 2-11-2021, 9:18:26 AM
mrido(roflgamer) used a cannon_ammo_pack 2-11-2021, 9:18:26 AM
mrido(roflgamer) used a cannon_ammo_pack 2-11-2021, 9:18:26 AM
mrido(roflgamer) used a cannon_ammo_pack 2-11-2021, 9:18:26 AM
mrido(roflgamer) used a cannon_ammo_pack 2-11-2021, 9:18:26 AM
mrido(roflgamer) used a cannon_ammo_pack 2-11-2021, 9:18:26 AM
mrido(roflgamer) used a cannon_ammo_pack 2-11-2021, 9:18:26 AM
mrido(roflgamer) used a cannon_ammo_pack 2-11-2021, 9:18:26 AM
mrido(roflgamer) used a cannon_ammo_pack 2-11-2021, 9:18:26 AM
mrido(roflgamer) used a cannon_ammo_pack 2-11-2021, 9:18:27 AM
mrido(roflgamer) used a cannon_ammo_pack 2-11-2021, 9:18:27 AM
mrido(roflgamer) used a cannon_ammo_pack 2-11-2021, 9:18:27 AM
mrido(roflgamer) used a cannon_ammo_pack 2-11-2021, 9:18:27 AM
mrido(roflgamer) used a cannon_ammo_pack 2-11-2021, 9:18:27 AM
mrido(roflgamer) used a cannon_ammo_pack 2-11-2021, 9:18:27 AM
mrido(roflgamer) used a cannon_ammo_pack 2-11-2021, 9:18:27 AM
mrido(roflgamer) used a cannon_ammo_pack 2-11-2021, 9:18:27 AM
mrido(roflgamer) used a cannon_ammo_pack 2-11-2021, 9:18:27 AM
mrido(roflgamer) used a cannon_ammo_pack 2-11-2021, 9:18:27 AM
mrido(roflgamer) used a cannon_ammo_pack 2-11-2021, 9:18:27 AM
mrido(roflgamer) used a cannon_ammo_pack 2-11-2021, 9:18:28 AM
mrido(roflgamer) used a cannon_ammo_pack 2-11-2021, 9:18:28 AM
mrido(roflgamer) used a cannon_ammo_pack 2-11-2021, 9:18:28 AM
mrido(roflgamer) used a cannon_ammo_pack 2-11-2021, 9:18:28 AM
mrido(roflgamer) used a cannon_ammo_pack 2-11-2021, 9:18:28 AM
mrido(roflgamer) used a cannon_ammo_pack 2-11-2021, 9:18:28 AM
mrido(roflgamer) used a cannon_ammo_pack 2-11-2021, 9:18:28 AM
mrido(roflgamer) used a cannon_ammo_pack 2-11-2021, 9:18:28 AM
mrido(roflgamer) used a cannon_ammo_pack 2-11-2021, 9:18:28 AM
mrido(roflgamer) used a cannon_ammo_pack 2-11-2021, 9:18:28 AM
mrido(roflgamer) used a cannon_ammo_pack 2-11-2021, 9:18:28 AM
mrido(roflgamer) used a cannon_ammo_pack 2-11-2021, 9:18:28 AM
mrido(roflgamer) used a cannon_ammo_pack 2-11-2021, 9:18:29 AM
mrido(roflgamer) used a cannon_ammo_pack 2-11-2021, 9:18:29 AM
mrido(roflgamer) used a cannon_ammo_pack 2-11-2021, 9:18:29 AM
mrido(roflgamer) used a cannon_ammo_pack 2-11-2021, 9:18:29 AM
mrido(roflgamer) used a cannon_ammo_pack 2-11-2021, 9:18:29 AM
mrido(roflgamer) used a cannon_ammo_pack 2-11-2021, 9:18:29 AM
mrido(roflgamer) used a cannon_ammo_pack 2-11-2021, 9:18:29 AM
mrido(roflgamer) used a cannon_ammo_pack 2-11-2021, 9:18:29 AM
mrido(roflgamer) used a cannon_ammo_pack 2-11-2021, 9:18:29 AM
mrido(roflgamer) used a cannon_ammo_pack 2-11-2021, 9:18:30 AM
mrido(roflgamer) used a cannon_ammo_pack 2-11-2021, 9:18:30 AM
mrido(roflgamer) used a cannon_ammo_pack 2-11-2021, 9:18:30 AM
mrido(roflgamer) used a cannon_ammo_pack 2-11-2021, 9:18:30 AM
mrido(roflgamer) used a cannon_ammo_pack 2-11-2021, 9:18:30 AM
mrido(roflgamer) used a cannon_ammo_pack 2-11-2021, 9:18:30 AM
mrido(roflgamer) used a cannon_ammo_pack 2-11-2021, 9:18:30 AM
mrido(roflgamer) used a cannon_ammo_pack 2-11-2021, 9:18:30 AM
mrido(roflgamer) used a cannon_ammo_pack 2-11-2021, 9:18:31 AM
mrido(roflgamer) used a cannon_ammo_pack 2-11-2021, 9:18:31 AM
mrido(roflgamer) used a cannon_ammo_pack 2-11-2021, 9:18:31 AM
mrido(roflgamer) used a cannon_ammo_pack 2-11-2021, 9:18:31 AM
mrido(roflgamer) used a cannon_ammo_pack 2-11-2021, 9:18:31 AM
mrido(roflgamer) used a cannon_ammo_pack 2-11-2021, 9:18:31 AM
mrido(roflgamer) used a cannon_ammo_pack 2-11-2021, 9:18:31 AM
mrido(roflgamer) used a cannon_ammo_pack 2-11-2021, 9:18:31 AM
mrido(roflgamer) used a cannon_ammo_pack 2-11-2021, 9:18:31 AM
mrido(roflgamer) used a cannon_ammo_pack 2-11-2021, 9:18:31 AM
mrido(roflgamer) used a cannon_ammo_pack 2-11-2021, 9:18:32 AM
mrido(roflgamer) used a cannon_ammo_pack 2-11-2021, 9:18:32 AM
mrido(roflgamer) used a cannon_ammo_pack 2-11-2021, 9:18:32 AM
mrido(roflgamer) used a cannon_ammo_pack 2-11-2021, 9:18:32 AM
mrido(roflgamer) used a cannon_ammo_pack 2-11-2021, 9:18:32 AM
mrido(roflgamer) used a cannon_ammo_pack 2-11-2021, 9:18:32 AM
mrido(roflgamer) used a cannon_ammo_pack 2-11-2021, 9:18:32 AM
mrido(roflgamer) used a cannon_ammo_pack 2-11-2021, 9:18:32 AM
mrido(roflgamer) used a cannon_ammo_pack 2-11-2021, 9:18:32 AM
mrido(roflgamer) used a cannon_ammo_pack 2-11-2021, 9:18:32 AM
mrido(roflgamer) used a cannon_ammo_pack 2-11-2021, 9:18:32 AM
mrido(roflgamer) used a cannon_ammo_pack 2-11-2021, 9:18:33 AM
mrido(roflgamer) used a cannon_ammo_pack 2-11-2021, 9:18:33 AM
mrido(roflgamer) used a cannon_ammo_pack 2-11-2021, 9:18:33 AM
mrido(roflgamer) used a cannon_ammo_pack 2-11-2021, 9:18:33 AM
mrido(roflgamer) used a cannon_ammo_pack 2-11-2021, 9:18:33 AM
mrido(roflgamer) used a cannon_ammo_pack 2-11-2021, 9:18:33 AM
mrido(roflgamer) used a cannon_ammo_pack 2-11-2021, 9:18:33 AM
mrido(roflgamer) used a cannon_ammo_pack 2-11-2021, 9:18:33 AM
mrido(roflgamer) used a cannon_ammo_pack 2-11-2021, 9:18:33 AM
mrido(roflgamer) used a cannon_ammo_pack 2-11-2021, 9:18:33 AM
mrido(roflgamer) used a cannon_ammo_pack 2-11-2021, 9:18:58 AM
mrido(roflgamer) used a cannon_ammo_pack 2-11-2021, 9:18:58 AM
mrido(roflgamer) used a cannon_ammo_pack 2-11-2021, 9:18:58 AM
mrido(roflgamer) used a cannon_ammo_pack 2-11-2021, 9:18:58 AM
mrido(roflgamer) used a cannon_ammo_pack 2-11-2021, 9:18:58 AM
mrido(roflgamer) used a cannon_ammo_pack 2-11-2021, 9:18:58 AM
mrido(roflgamer) used a cannon_ammo_pack 2-11-2021, 9:18:58 AM
mrido(roflgamer) used a cannon_ammo_pack 2-11-2021, 9:18:58 AM
mrido(roflgamer) used a cannon_ammo_pack 2-11-2021, 9:18:58 AM
mrido(roflgamer) used a cannon_ammo_pack 2-11-2021, 9:18:58 AM
mrido(roflgamer) used a cannon_ammo_pack 2-11-2021, 9:18:58 AM
mrido(roflgamer) used a cannon_ammo_pack 2-11-2021, 9:18:58 AM
mrido(roflgamer) used a cannon_ammo_pack 2-11-2021, 9:18:58 AM
mrido(roflgamer) used a cannon_ammo_pack 2-11-2021, 9:18:59 AM
mrido(roflgamer) used a cannon_ammo_pack 2-11-2021, 9:18:59 AM
mrido(roflgamer) used a cannon_ammo_pack 2-11-2021, 9:18:59 AM
mrido(roflgamer) used a cannon_ammo_pack 2-11-2021, 9:18:59 AM
mrido(roflgamer) used a cannon_ammo_pack 2-11-2021, 9:18:59 AM
mrido(roflgamer) used a cannon_ammo_pack 2-11-2021, 9:18:59 AM
mrido(roflgamer) used a cannon_ammo_pack 2-11-2021, 9:18:59 AM
mrido(roflgamer) used a cannon_ammo_pack 2-11-2021, 9:18:59 AM
mrido(roflgamer) used a cannon_ammo_pack 2-11-2021, 9:18:59 AM
mrido(roflgamer) used a cannon_ammo_pack 2-11-2021, 9:18:59 AM
mrido(roflgamer) used a cannon_ammo_pack 2-11-2021, 9:18:59 AM
mrido(roflgamer) used a cannon_ammo_pack 2-11-2021, 9:18:59 AM
mrido(roflgamer) used a cannon_ammo_pack 2-11-2021, 9:18:59 AM
mrido(roflgamer) used a cannon_ammo_pack 2-11-2021, 9:19:00 AM
mrido(roflgamer) used a cannon_ammo_pack 2-11-2021, 9:19:00 AM
mrido(roflgamer) used a cannon_ammo_pack 2-11-2021, 9:19:00 AM
mrido(roflgamer) used a cannon_ammo_pack 2-11-2021, 9:19:00 AM
mrido(roflgamer) used a cannon_ammo_pack 2-11-2021, 9:19:00 AM
mrido(roflgamer) used a cannon_ammo_pack 2-11-2021, 9:19:00 AM
mrido(roflgamer) used a cannon_ammo_pack 2-11-2021, 9:19:00 AM
mrido(roflgamer) used a cannon_ammo_pack 2-11-2021, 9:19:00 AM
mrido(roflgamer) used a cannon_ammo_pack 2-11-2021, 9:19:00 AM
mrido(roflgamer) used a cannon_ammo_pack 2-11-2021, 9:19:00 AM
mrido(roflgamer) used a cannon_ammo_pack 2-11-2021, 9:19:00 AM
mrido(roflgamer) used a cannon_ammo_pack 2-11-2021, 9:19:01 AM
mrido(roflgamer) used a cannon_ammo_pack 2-11-2021, 9:19:01 AM
mrido(roflgamer) used a cannon_ammo_pack 2-11-2021, 9:19:01 AM
mrido(roflgamer) used a cannon_ammo_pack 2-11-2021, 9:19:02 AM
mrido(roflgamer) used a cannon_ammo_pack 2-11-2021, 9:19:02 AM
mrido(roflgamer) used a cannon_ammo_pack 2-11-2021, 9:19:02 AM
mrido(roflgamer) used a cannon_ammo_pack 2-11-2021, 9:19:02 AM
mrido(roflgamer) used a cannon_ammo_pack 2-11-2021, 9:19:02 AM
mrido(roflgamer) used a cannon_ammo_pack 2-11-2021, 9:19:02 AM
mrido(roflgamer) used a cannon_ammo_pack 2-11-2021, 9:19:02 AM
mrido(roflgamer) used a cannon_ammo_pack 2-11-2021, 9:19:02 AM
mrido(roflgamer) used a cannon_ammo_pack 2-11-2021, 9:19:02 AM
mrido(roflgamer) used a cannon_ammo_pack 2-11-2021, 9:19:02 AM
mrido(roflgamer) used a cannon_ammo_pack 2-11-2021, 9:19:02 AM
mrido(roflgamer) used a cannon_ammo_pack 2-11-2021, 9:19:03 AM
mrido(roflgamer) used a cannon_ammo_pack 2-11-2021, 9:19:03 AM
mrido(roflgamer) used a cannon_ammo_pack 2-11-2021, 9:19:03 AM
mrido(roflgamer) used a cannon_ammo_pack 2-11-2021, 9:19:03 AM
mrido(roflgamer) used a cannon_ammo_pack 2-11-2021, 9:19:03 AM
mrido(roflgamer) used a cannon_ammo_pack 2-11-2021, 9:19:03 AM
mrido(roflgamer) used a cannon_ammo_pack 2-11-2021, 9:19:03 AM
mrido(roflgamer) used a cannon_ammo_pack 2-11-2021, 9:19:03 AM
mrido(roflgamer) used a cannon_ammo_pack 2-11-2021, 9:19:03 AM
mrido(roflgamer) used a cannon_ammo_pack 2-11-2021, 9:19:03 AM
mrido(roflgamer) used a cannon_ammo_pack 2-11-2021, 9:19:03 AM
mrido(roflgamer) used a cannon_ammo_pack 2-11-2021, 9:19:03 AM
mrido(roflgamer) used a cannon_ammo_pack 2-11-2021, 9:19:03 AM
mrido(roflgamer) used a cannon_ammo_pack 2-11-2021, 9:19:04 AM
mrido(roflgamer) used a cannon_ammo_pack 2-11-2021, 9:19:04 AM
mrido(roflgamer) used a cannon_ammo_pack 2-11-2021, 9:19:12 AM
mrido(roflgamer) used a cannon_ammo_pack 2-11-2021, 9:19:12 AM
mrido(roflgamer) used a cannon_ammo_pack 2-11-2021, 9:19:12 AM
mrido(roflgamer) used a cannon_ammo_pack 2-11-2021, 9:19:12 AM
mrido(roflgamer) used a cannon_ammo_pack 2-11-2021, 9:19:12 AM
mrido(roflgamer) used a cannon_ammo_pack 2-11-2021, 9:19:12 AM
mrido(roflgamer) used a cannon_ammo_pack 2-11-2021, 9:19:13 AM
mrido(roflgamer) used a cannon_ammo_pack 2-11-2021, 9:19:13 AM
mrido(roflgamer) used a cannon_ammo_pack 2-11-2021, 9:19:13 AM
mrido(roflgamer) used a cannon_ammo_pack 2-11-2021, 9:19:13 AM
mrido(roflgamer) used a cannon_ammo_pack 2-11-2021, 9:19:13 AM
mrido(roflgamer) used a cannon_ammo_pack 2-11-2021, 9:19:13 AM
mrido(roflgamer) used a cannon_ammo_pack 2-11-2021, 9:19:13 AM
mrido(roflgamer) used a cannon_ammo_pack 2-11-2021, 9:19:14 AM
mrido(roflgamer) used a cannon_ammo_pack 2-11-2021, 9:19:14 AM
mrido(roflgamer) used a cannon_ammo_pack 2-11-2021, 9:19:14 AM
mrido(roflgamer) used a cannon_ammo_pack 2-11-2021, 9:19:14 AM
mrido(roflgamer) used a cannon_ammo_pack 2-11-2021, 9:19:14 AM
mrido(roflgamer) used a cannon_ammo_pack 2-11-2021, 9:19:14 AM
mrido(roflgamer) used a cannon_ammo_pack 2-11-2021, 9:19:14 AM
mrido(roflgamer) used a cannon_ammo_pack 2-11-2021, 9:19:14 AM
mrido(roflgamer) used a cannon_ammo_pack 2-11-2021, 9:19:14 AM
mrido(roflgamer) used a cannon_ammo_pack 2-11-2021, 9:19:14 AM
mrido(roflgamer) used a cannon_ammo_pack 2-11-2021, 9:19:14 AM
mrido(roflgamer) used a cannon_ammo_pack 2-11-2021, 9:19:14 AM
mrido(roflgamer) used a cannon_ammo_pack 2-11-2021, 9:19:15 AM
mrido(roflgamer) used a cannon_ammo_pack 2-11-2021, 9:19:15 AM
mrido(roflgamer) used a cannon_ammo_pack 2-11-2021, 9:19:15 AM
mrido(roflgamer) used a cannon_ammo_pack 2-11-2021, 9:19:15 AM
mrido(roflgamer) used a cannon_ammo_pack 2-11-2021, 9:19:15 AM
mrido(roflgamer) used a cannon_ammo_pack 2-11-2021, 9:19:15 AM
mrido(roflgamer) used a cannon_ammo_pack 2-11-2021, 9:19:15 AM
mrido(roflgamer) used a cannon_ammo_pack 2-11-2021, 9:19:15 AM
mrido(roflgamer) used a cannon_ammo_pack 2-11-2021, 9:19:15 AM
mrido(roflgamer) used a cannon_ammo_pack 2-11-2021, 9:19:16 AM
mrido(roflgamer) used a cannon_ammo_pack 2-11-2021, 9:19:16 AM
mrido(roflgamer) used a cannon_ammo_pack 2-11-2021, 9:19:16 AM
mrido(roflgamer) used a cannon_ammo_pack 2-11-2021, 9:19:16 AM
mrido(roflgamer) used a cannon_ammo_pack 2-11-2021, 9:19:16 AM
mrido(roflgamer) used a cannon_ammo_pack 2-11-2021, 9:19:16 AM
mrido(roflgamer) used a cannon_ammo_pack 2-11-2021, 9:19:16 AM
mrido(roflgamer) used a cannon_ammo_pack 2-11-2021, 9:19:16 AM
mrido(roflgamer) used a cannon_ammo_pack 2-11-2021, 9:19:16 AM
mrido(roflgamer) used a cannon_ammo_pack 2-11-2021, 9:19:16 AM
mrido(roflgamer) used a cannon_ammo_pack 2-11-2021, 9:19:16 AM
mrido(roflgamer) used a cannon_ammo_pack 2-11-2021, 9:19:16 AM
mrido(roflgamer) used a cannon_ammo_pack 2-11-2021, 9:19:16 AM
mrido(roflgamer) used a cannon_ammo_pack 2-11-2021, 9:19:17 AM
mrido(roflgamer) used a cannon_ammo_pack 2-11-2021, 9:19:17 AM
mrido(roflgamer) used a cannon_ammo_pack 2-11-2021, 9:19:17 AM
mrido(roflgamer) used a cannon_ammo_pack 2-11-2021, 9:19:17 AM
mrido(roflgamer) used a cannon_ammo_pack 2-11-2021, 9:19:17 AM
mrido(roflgamer) used a cannon_ammo_pack 2-11-2021, 9:19:17 AM
mrido(roflgamer) used a cannon_ammo_pack 2-11-2021, 9:19:17 AM
mrido(roflgamer) used a cannon_ammo_pack 2-11-2021, 9:19:17 AM
mrido(roflgamer) used a cannon_ammo_pack 2-11-2021, 9:19:17 AM
mrido(roflgamer) used a cannon_ammo_pack 2-11-2021, 9:19:17 AM
mrido(roflgamer) used a cannon_ammo_pack 2-11-2021, 9:19:17 AM
mrido(roflgamer) used a cannon_ammo_pack 2-11-2021, 9:19:18 AM
mrido(roflgamer) used a cannon_ammo_pack 2-11-2021, 9:19:18 AM
mrido(roflgamer) used a cannon_ammo_pack 2-11-2021, 9:19:18 AM
mrido(roflgamer) used a cannon_ammo_pack 2-11-2021, 9:19:18 AM
mrido(roflgamer) used a cannon_ammo_pack 2-11-2021, 9:19:18 AM
mrido(roflgamer) used a cannon_ammo_pack 2-11-2021, 9:19:18 AM
mrido(roflgamer) used a cannon_ammo_pack 2-11-2021, 9:19:18 AM
mrido(roflgamer) used a cannon_ammo_pack 2-11-2021, 9:19:18 AM
mrido(roflgamer) used a cannon_ammo_pack 2-11-2021, 9:19:18 AM
mrido(roflgamer) used a cannon_ammo_pack 2-11-2021, 9:19:18 AM
mrido(roflgamer) used a cannon_ammo_pack 2-11-2021, 9:19:18 AM
mrido(roflgamer) used a cannon_ammo_pack 2-11-2021, 9:19:18 AM
mrido(roflgamer) used a cannon_ammo_pack 2-11-2021, 9:19:19 AM
mrido(roflgamer) used a cannon_ammo_pack 2-11-2021, 9:19:19 AM
mrido(roflgamer) used a cannon_ammo_pack 2-11-2021, 9:19:19 AM
mrido(roflgamer) used a cannon_ammo_pack 2-11-2021, 9:19:19 AM
mrido(roflgamer) used a cannon_ammo_pack 2-11-2021, 9:19:19 AM
mrido(roflgamer) used a cannon_ammo_pack 2-11-2021, 9:19:19 AM
mrido(roflgamer) used a cannon_ammo_pack 2-11-2021, 9:19:19 AM
mrido(roflgamer) used a cannon_ammo_pack 2-11-2021, 9:19:19 AM
mrido(roflgamer) used a cannon_ammo_pack 2-11-2021, 9:19:19 AM
mrido(roflgamer) used a cannon_ammo_pack 2-11-2021, 9:19:19 AM
mrido(roflgamer) used a cannon_ammo_pack 2-11-2021, 9:19:19 AM
mrido(roflgamer) used a cannon_ammo_pack 2-11-2021, 9:19:20 AM
mrido(roflgamer) used a cannon_ammo_pack 2-11-2021, 9:19:20 AM
mrido(roflgamer) used a cannon_ammo_pack 2-11-2021, 9:19:20 AM
mrido(roflgamer) used a cannon_ammo_pack 2-11-2021, 9:19:20 AM
mrido(roflgamer) used a cannon_ammo_pack 2-11-2021, 9:19:20 AM
mrido(roflgamer) used a cannon_ammo_pack 2-11-2021, 9:19:20 AM
mrido(roflgamer) used a cannon_ammo_pack 2-11-2021, 9:19:20 AM
mrido(roflgamer) used a cannon_ammo_pack 2-11-2021, 9:19:20 AM
mrido(roflgamer) used a cannon_ammo_pack 2-11-2021, 9:19:20 AM
mrido(roflgamer) used a cannon_ammo_pack 2-11-2021, 9:19:21 AM
mrido(roflgamer) used a cannon_ammo_pack 2-11-2021, 9:19:21 AM
mrido(roflgamer) used a cannon_ammo_pack 2-11-2021, 9:19:21 AM
mrido(roflgamer) used a cannon_ammo_pack 2-11-2021, 9:19:21 AM
mrido(roflgamer) used a cannon_ammo_pack 2-11-2021, 9:19:21 AM
mrido(roflgamer) used a cannon_ammo_pack 2-11-2021, 9:19:21 AM
mrido(roflgamer) used a cannon_ammo_pack 2-11-2021, 9:19:21 AM
mrido(roflgamer) used a cannon_ammo_pack 2-11-2021, 9:19:21 AM
mrido(roflgamer) used a cannon_ammo_pack 2-11-2021, 9:19:21 AM
mrido(roflgamer) used a cannon_ammo_pack 2-11-2021, 9:19:21 AM
mrido(roflgamer) used a cannon_ammo_pack 2-11-2021, 9:19:21 AM
mrido(roflgamer) used a cannon_ammo_pack 2-11-2021, 9:19:21 AM
mrido(roflgamer) used a cannon_ammo_pack 2-11-2021, 9:19:22 AM
mrido(roflgamer) used a cannon_ammo_pack 2-11-2021, 9:19:22 AM
mrido(roflgamer) used a cannon_ammo_pack 2-11-2021, 9:19:22 AM
mrido(roflgamer) used a cannon_ammo_pack 2-11-2021, 9:19:22 AM
mrido(roflgamer) used a cannon_ammo_pack 2-11-2021, 9:19:22 AM
mrido(roflgamer) used a cannon_ammo_pack 2-11-2021, 9:19:22 AM
mrido(roflgamer) used a cannon_ammo_pack 2-11-2021, 9:19:22 AM
mrido(roflgamer) used a cannon_ammo_pack 2-11-2021, 9:19:22 AM
mrido(roflgamer) used a cannon_ammo_pack 2-11-2021, 9:19:23 AM
mrido(roflgamer) used a cannon_ammo_pack 2-11-2021, 9:19:23 AM
mrido(roflgamer) used a cannon_ammo_pack 2-11-2021, 9:19:23 AM
mrido(roflgamer) used a cannon_ammo_pack 2-11-2021, 9:19:23 AM
mrido(roflgamer) used a cannon_ammo_pack 2-11-2021, 9:19:23 AM
mrido(roflgamer) used a cannon_ammo_pack 2-11-2021, 9:19:23 AM
mrido(roflgamer) used a cannon_ammo_pack 2-11-2021, 9:19:23 AM
mrido(roflgamer) used a cannon_ammo_pack 2-11-2021, 9:19:23 AM
mrido(roflgamer) used a cannon_ammo_pack 2-11-2021, 9:19:23 AM
mrido(roflgamer) used a cannon_ammo_pack 2-11-2021, 9:19:23 AM
mrido(roflgamer) used a cannon_ammo_pack 2-11-2021, 9:19:23 AM
mrido(roflgamer) used a cannon_ammo_pack 2-11-2021, 9:19:24 AM
mrido(roflgamer) used a cannon_ammo_pack 2-11-2021, 9:19:24 AM
mrido(roflgamer) used a cannon_ammo_pack 2-11-2021, 9:19:24 AM
mrido(roflgamer) used a cannon_ammo_pack 2-11-2021, 9:19:24 AM
mrido(roflgamer) used a cannon_ammo_pack 2-11-2021, 9:19:24 AM
mrido(roflgamer) used a cannon_ammo_pack 2-11-2021, 9:19:24 AM
mrido(roflgamer) used a cannon_ammo_pack 2-11-2021, 9:19:24 AM
mrido(roflgamer) used a cannon_ammo_pack 2-11-2021, 9:19:24 AM
mrido(roflgamer) used a cannon_ammo_pack 2-11-2021, 9:19:24 AM
mrido(roflgamer) used a cannon_ammo_pack 2-11-2021, 9:19:24 AM
mrido(roflgamer) used a cannon_ammo_pack 2-11-2021, 9:19:24 AM
mrido(roflgamer) used a cannon_ammo_pack 2-11-2021, 9:19:25 AM
mrido(roflgamer) used a cannon_ammo_pack 2-11-2021, 9:19:25 AM
mrido(roflgamer) used a cannon_ammo_pack 2-11-2021, 9:19:25 AM
mrido(roflgamer) used a cannon_ammo_pack 2-11-2021, 9:19:25 AM
mrido(roflgamer) used a cannon_ammo_pack 2-11-2021, 9:19:25 AM
mrido(roflgamer) used a cannon_ammo_pack 2-11-2021, 9:19:25 AM
mrido(roflgamer) used a cannon_ammo_pack 2-11-2021, 9:19:25 AM
mrido(roflgamer) used a cannon_ammo_pack 2-11-2021, 9:19:25 AM
mrido(roflgamer) used a cannon_ammo_pack 2-11-2021, 9:19:26 AM
mrido(roflgamer) used a cannon_ammo_pack 2-11-2021, 9:19:26 AM
mrido(roflgamer) used a cannon_ammo_pack 2-11-2021, 9:19:26 AM
mrido(roflgamer) used a cannon_ammo_pack 2-11-2021, 9:19:26 AM
mrido(roflgamer) used a cannon_ammo_pack 2-11-2021, 9:19:35 AM
mrido(roflgamer) used a cannon_ammo_pack 2-11-2021, 9:19:35 AM
mrido(roflgamer) used a cannon_ammo_pack 2-11-2021, 9:19:36 AM
mrido(roflgamer) used a cannon_ammo_pack 2-11-2021, 9:19:36 AM
mrido(roflgamer) used a cannon_ammo_pack 2-11-2021, 9:19:36 AM
mrido(roflgamer) used a cannon_ammo_pack 2-11-2021, 9:19:36 AM
mrido(roflgamer) used a cannon_ammo_pack 2-11-2021, 9:19:36 AM
mrido(roflgamer) used a cannon_ammo_pack 2-11-2021, 9:19:36 AM
mrido(roflgamer) used a cannon_ammo_pack 2-11-2021, 9:19:36 AM
mrido(roflgamer) used a cannon_ammo_pack 2-11-2021, 9:19:36 AM
mrido(roflgamer) used a cannon_ammo_pack 2-11-2021, 9:19:36 AM
mrido(roflgamer) used a cannon_ammo_pack 2-11-2021, 9:19:36 AM
mrido(roflgamer) used a cannon_ammo_pack 2-11-2021, 9:19:36 AM
mrido(roflgamer) used a cannon_ammo_pack 2-11-2021, 9:19:37 AM
mrido(roflgamer) used a cannon_ammo_pack 2-11-2021, 9:19:37 AM
mrido(roflgamer) used a cannon_ammo_pack 2-11-2021, 9:19:37 AM
mrido(roflgamer) used a cannon_ammo_pack 2-11-2021, 9:19:37 AM
mrido(roflgamer) used a cannon_ammo_pack 2-11-2021, 9:19:37 AM
mrido(roflgamer) used a cannon_ammo_pack 2-11-2021, 9:19:37 AM
mrido(roflgamer) used a cannon_ammo_pack 2-11-2021, 9:19:37 AM
mrido(roflgamer) used a cannon_ammo_pack 2-11-2021, 9:19:37 AM
mrido(roflgamer) used a cannon_ammo_pack 2-11-2021, 9:19:37 AM
mrido(roflgamer) used a cannon_ammo_pack 2-11-2021, 9:19:37 AM
mrido(roflgamer) used a cannon_ammo_pack 2-11-2021, 9:19:37 AM
mrido(roflgamer) used a cannon_ammo_pack 2-11-2021, 9:19:38 AM
mrido(roflgamer) used a cannon_ammo_pack 2-11-2021, 9:19:38 AM
mrido(roflgamer) used a cannon_ammo_pack 2-11-2021, 9:19:38 AM
mrido(roflgamer) used a cannon_ammo_pack 2-11-2021, 9:19:38 AM
mrido(roflgamer) used a cannon_ammo_pack 2-11-2021, 9:19:38 AM
mrido(roflgamer) used a cannon_ammo_pack 2-11-2021, 9:19:38 AM
mrido(roflgamer) used a cannon_ammo_pack 2-11-2021, 9:19:38 AM
mrido(roflgamer) used a cannon_ammo_pack 2-11-2021, 9:19:38 AM
mrido(roflgamer) used a cannon_ammo_pack 2-11-2021, 9:19:38 AM
mrido(roflgamer) used a cannon_ammo_pack 2-11-2021, 9:19:38 AM
mrido(roflgamer) used a cannon_ammo_pack 2-11-2021, 9:19:46 AM
mrido(roflgamer) used a cannon_ammo_pack 2-11-2021, 9:19:46 AM
mrido(roflgamer) used a cannon_ammo_pack 2-11-2021, 9:19:46 AM
mrido(roflgamer) used a cannon_ammo_pack 2-11-2021, 9:19:47 AM
mrido(roflgamer) used a cannon_ammo_pack 2-11-2021, 9:19:47 AM
mrido(roflgamer) used a cannon_ammo_pack 2-11-2021, 9:19:47 AM
mrido(roflgamer) used a cannon_ammo_pack 2-11-2021, 9:19:47 AM
mrido(roflgamer) used a cannon_ammo_pack 2-11-2021, 9:19:47 AM
mrido(roflgamer) used a cannon_ammo_pack 2-11-2021, 9:19:47 AM
mrido(roflgamer) used a cannon_ammo_pack 2-11-2021, 9:19:47 AM
mrido(roflgamer) used a cannon_ammo_pack 2-11-2021, 9:19:47 AM
mrido(roflgamer) used a cannon_ammo_pack 2-11-2021, 9:19:47 AM
mrido(roflgamer) used a cannon_ammo_pack 2-11-2021, 9:19:47 AM
mrido(roflgamer) used a cannon_ammo_pack 2-11-2021, 9:19:48 AM
mrido(roflgamer) used a cannon_ammo_pack 2-11-2021, 9:19:48 AM
mrido(roflgamer) used a cannon_ammo_pack 2-11-2021, 9:19:48 AM
mrido(roflgamer) used a cannon_ammo_pack 2-11-2021, 9:19:48 AM
mrido(roflgamer) used a cannon_ammo_pack 2-11-2021, 9:19:48 AM
mrido(roflgamer) used a cannon_ammo_pack 2-11-2021, 9:19:49 AM
mrido(roflgamer) used a cannon_ammo_pack 2-11-2021, 9:19:49 AM
mrido(roflgamer) used a cannon_ammo_pack 2-11-2021, 9:19:49 AM
mrido(roflgamer) used a cannon_ammo_pack 2-11-2021, 9:19:49 AM
mrido(roflgamer) used a cannon_ammo_pack 2-11-2021, 9:19:49 AM
mrido(roflgamer) used a cannon_ammo_pack 2-11-2021, 9:19:49 AM
mrido(roflgamer) used a cannon_ammo_pack 2-11-2021, 9:19:49 AM
mrido(roflgamer) used a cannon_ammo_pack 2-11-2021, 9:19:49 AM
mrido(roflgamer) used a cannon_ammo_pack 2-11-2021, 9:19:49 AM
mrido(roflgamer) used a cannon_ammo_pack 2-11-2021, 9:19:49 AM
mrido(roflgamer) used a cannon_ammo_pack 2-11-2021, 9:19:49 AM
mrido(roflgamer) used a cannon_ammo_pack 2-11-2021, 9:19:50 AM
mrido(roflgamer) used a cannon_ammo_pack 2-11-2021, 9:19:50 AM
mrido(roflgamer) used a cannon_ammo_pack 2-11-2021, 9:19:50 AM
mrido(roflgamer) used a cannon_ammo_pack 2-11-2021, 9:19:50 AM
mrido(roflgamer) used a cannon_ammo_pack 2-11-2021, 9:19:50 AM
mrido(roflgamer) used a cannon_ammo_pack 2-11-2021, 9:19:50 AM
mrido(roflgamer) used a cannon_ammo_pack 2-11-2021, 9:19:50 AM
mrido(roflgamer) used a cannon_ammo_pack 2-11-2021, 9:19:50 AM
mrido(roflgamer) used a cannon_ammo_pack 2-11-2021, 9:19:50 AM
mrido(roflgamer) used a cannon_ammo_pack 2-11-2021, 9:19:50 AM
mrido(roflgamer) used a cannon_ammo_pack 2-11-2021, 9:19:50 AM
mrido(roflgamer) used a cannon_ammo_pack 2-11-2021, 9:19:50 AM
mrido(roflgamer) used a cannon_ammo_pack 2-11-2021, 9:19:50 AM
mrido(roflgamer) used a cannon_ammo_pack 2-11-2021, 9:19:51 AM
mrido(roflgamer) used a cannon_ammo_pack 2-11-2021, 9:19:51 AM
mrido(roflgamer) used a cannon_ammo_pack 2-11-2021, 9:19:51 AM
mrido(roflgamer) used a cannon_ammo_pack 2-11-2021, 9:19:51 AM
mrido(roflgamer) used a cannon_ammo_pack 2-11-2021, 9:19:51 AM
mrido(roflgamer) used a cannon_ammo_pack 2-11-2021, 9:19:51 AM
mrido(roflgamer) used a cannon_ammo_pack 2-11-2021, 9:19:51 AM
mrido(roflgamer) used a cannon_ammo_pack 2-11-2021, 9:19:51 AM
mrido(roflgamer) used a cannon_ammo_pack 2-11-2021, 9:19:51 AM
mrido(roflgamer) used a cannon_ammo_pack 2-11-2021, 9:19:51 AM
mrido(roflgamer) used a cannon_ammo_pack 2-11-2021, 9:19:52 AM
mrido(roflgamer) used a cannon_ammo_pack 2-11-2021, 9:19:52 AM
mrido(roflgamer) used a cannon_ammo_pack 2-11-2021, 9:19:52 AM
mrido(roflgamer) used a cannon_ammo_pack 2-11-2021, 9:19:52 AM
mrido(roflgamer) used a cannon_ammo_pack 2-11-2021, 9:19:52 AM
mrido(roflgamer) used a cannon_ammo_pack 2-11-2021, 9:19:52 AM
mrido(roflgamer) used a cannon_ammo_pack 2-11-2021, 9:19:52 AM
mrido(roflgamer) used a cannon_ammo_pack 2-11-2021, 9:19:52 AM
mrido(roflgamer) used a cannon_ammo_pack 2-11-2021, 9:19:52 AM
mrido(roflgamer) used a cannon_ammo_pack 2-11-2021, 9:19:52 AM
mrido(roflgamer) used a cannon_ammo_pack 2-11-2021, 9:19:53 AM
mrido(roflgamer) used a cannon_ammo_pack 2-11-2021, 9:19:53 AM
mrido(roflgamer) used a cannon_ammo_pack 2-11-2021, 9:19:53 AM
mrido(roflgamer) used a cannon_ammo_pack 2-11-2021, 9:19:53 AM
mrido(roflgamer) used a cannon_ammo_pack 2-11-2021, 9:19:53 AM
mrido(roflgamer) used a cannon_ammo_pack 2-11-2021, 9:19:53 AM
mrido(roflgamer) used a cannon_ammo_pack 2-11-2021, 9:19:53 AM
mrido(roflgamer) used a cannon_ammo_pack 2-11-2021, 9:20:05 AM
mrido(roflgamer) used a cannon_ammo_pack 2-11-2021, 9:20:05 AM
mrido(roflgamer) used a cannon_ammo_pack 2-11-2021, 9:20:05 AM
mrido(roflgamer) used a cannon_ammo_pack 2-11-2021, 9:20:05 AM
mrido(roflgamer) used a cannon_ammo_pack 2-11-2021, 9:20:05 AM
mrido(roflgamer) used a cannon_ammo_pack 2-11-2021, 9:20:05 AM
mrido(roflgamer) used a cannon_ammo_pack 2-11-2021, 9:20:05 AM
mrido(roflgamer) used a cannon_ammo_pack 2-11-2021, 9:20:05 AM
mrido(roflgamer) used a cannon_ammo_pack 2-11-2021, 9:20:05 AM
mrido(roflgamer) used a cannon_ammo_pack 2-11-2021, 9:20:06 AM
mrido(roflgamer) used a cannon_ammo_pack 2-11-2021, 9:20:06 AM
mrido(roflgamer) used a cannon_ammo_pack 2-11-2021, 9:20:06 AM
mrido(roflgamer) used a cannon_ammo_pack 2-11-2021, 9:20:06 AM
mrido(roflgamer) used a cannon_ammo_pack 2-11-2021, 9:20:06 AM
mrido(roflgamer) used a cannon_ammo_pack 2-11-2021, 9:20:06 AM
mrido(roflgamer) used a cannon_ammo_pack 2-11-2021, 9:20:06 AM
mrido(roflgamer) used a cannon_ammo_pack 2-11-2021, 9:20:06 AM
mrido(roflgamer) used a cannon_ammo_pack 2-11-2021, 9:20:06 AM
mrido(roflgamer) used a cannon_ammo_pack 2-11-2021, 9:20:06 AM
mrido(roflgamer) used a cannon_ammo_pack 2-11-2021, 9:20:07 AM
mrido(roflgamer) used a cannon_ammo_pack 2-11-2021, 9:20:07 AM
mrido(roflgamer) used a cannon_ammo_pack 2-11-2021, 9:20:07 AM
mrido(roflgamer) used a cannon_ammo_pack 2-11-2021, 9:20:07 AM
mrido(roflgamer) used a cannon_ammo_pack 2-11-2021, 9:20:07 AM
mrido(roflgamer) used a cannon_ammo_pack 2-11-2021, 9:20:07 AM
mrido(roflgamer) used a cannon_ammo_pack 2-11-2021, 9:20:07 AM
mrido(roflgamer) used a cannon_ammo_pack 2-11-2021, 9:20:07 AM
mrido(roflgamer) used a cannon_ammo_pack 2-11-2021, 9:20:07 AM
mrido(roflgamer) used a cannon_ammo_pack 2-11-2021, 9:20:07 AM
mrido(roflgamer) used a cannon_ammo_pack 2-11-2021, 9:20:07 AM
mrido(roflgamer) used a cannon_ammo_pack 2-11-2021, 9:20:07 AM
mrido(roflgamer) used a cannon_ammo_pack 2-11-2021, 9:20:08 AM
mrido(roflgamer) used a cannon_ammo_pack 2-11-2021, 9:20:08 AM
mrido(roflgamer) used a cannon_ammo_pack 2-11-2021, 9:20:08 AM
mrido(roflgamer) used a cannon_ammo_pack 2-11-2021, 9:20:08 AM
mrido(roflgamer) used a cannon_ammo_pack 2-11-2021, 9:20:08 AM
mrido(roflgamer) used a cannon_ammo_pack 2-11-2021, 9:20:08 AM
mrido(roflgamer) used a cannon_ammo_pack 2-11-2021, 9:20:08 AM
mrido(roflgamer) used a cannon_ammo_pack 2-11-2021, 9:20:08 AM
mrido(roflgamer) used a cannon_ammo_pack 2-11-2021, 9:20:08 AM
mrido(roflgamer) used a cannon_ammo_pack 2-11-2021, 9:20:09 AM
mrido(roflgamer) used a helicopter 2-11-2021, 9:21:31 AM
mrido(roflgamer) used a turret 2-11-2021, 9:27:18 AM
mrido(roflgamer) used a zulfikar 2-11-2021, 9:28:12 AM
mrido(roflgamer) used a aircraft 2-11-2021, 9:30:29 AM
mrido(roflgamer) used a aircraft 2-11-2021, 9:30:29 AM
mrido(roflgamer) used a invisibility_shield 2-11-2021, 9:31:19 AM
mrido(roflgamer) used a invisibility_shield 2-11-2021, 9:31:19 AM
mrido(roflgamer) used a invisibility_shield 2-11-2021, 9:31:19 AM
mrido(roflgamer) used a invisibility_shield 2-11-2021, 9:31:20 AM
mrido(roflgamer) used a motion_bomb 2-11-2021, 9:33:00 AM
mrido(roflgamer) used a motion_bomb 2-11-2021, 9:33:00 AM
mrido(roflgamer) used a motion_bomb 2-11-2021, 9:33:02 AM
mrido(roflgamer) used a ultrabomb 2-11-2021, 9:34:41 AM
mrido(roflgamer) used a coin 2-11-2021, 9:34:51 AM
mrido(roflgamer) used a coin 2-11-2021, 9:34:51 AM
mrido(roflgamer) used a coin 2-11-2021, 9:34:51 AM
mrido(roflgamer) used a coin 2-11-2021, 9:34:51 AM
mrido(roflgamer) used a coin 2-11-2021, 9:34:52 AM
mrido(roflgamer) used a ultrabomb_silencer 2-11-2021, 9:34:59 AM
mrido(roflgamer) used a coin 2-11-2021, 9:35:18 AM
mrido(roflgamer) used a coin 2-11-2021, 9:35:18 AM
mrido(roflgamer) used a coin 2-11-2021, 9:35:19 AM
mrido(roflgamer) used a coin 2-11-2021, 9:35:19 AM
mrido(roflgamer) used a coin 2-11-2021, 9:35:19 AM
mrido(roflgamer) used a coin 2-11-2021, 9:35:19 AM
mrido(roflgamer) used a coin 2-11-2021, 9:35:19 AM
mrido(roflgamer) used a coin 2-11-2021, 9:35:20 AM
mrido(roflgamer) used a coin 2-11-2021, 9:35:20 AM
mrido(roflgamer) used a coin 2-11-2021, 9:35:20 AM
mrido(roflgamer) used a coin 2-11-2021, 9:35:20 AM
mrido(roflgamer) used a coin 2-11-2021, 9:35:20 AM
mrido(roflgamer) used a coin 2-11-2021, 9:35:21 AM
mrido(roflgamer) used a coin 2-11-2021, 9:35:21 AM
mrido(roflgamer) used a coin 2-11-2021, 9:35:21 AM
mrido(roflgamer) used a coin 2-11-2021, 9:35:21 AM
mrido(roflgamer) used a coin 2-11-2021, 9:35:22 AM
mrido(roflgamer) used a coin 2-11-2021, 9:35:22 AM
mrido(roflgamer) used a coin 2-11-2021, 9:35:22 AM
mrido(roflgamer) used a coin 2-11-2021, 9:36:37 AM
mrido(roflgamer) used a coin 2-11-2021, 9:36:38 AM
mrido(roflgamer) used a coin 2-11-2021, 9:36:38 AM
mrido(roflgamer) used a coin 2-11-2021, 9:36:39 AM
mrido(roflgamer) used a coin 2-11-2021, 9:36:39 AM
mrido(roflgamer) used a coin 2-11-2021, 9:36:39 AM
mrido(roflgamer) used a coin 2-11-2021, 9:36:39 AM
mrido(roflgamer) used a coin 2-11-2021, 9:36:39 AM
mrido(roflgamer) used a coin 2-11-2021, 9:36:39 AM
mrido(roflgamer) used a coin 2-11-2021, 9:36:40 AM
mrido(roflgamer) used a coin 2-11-2021, 9:36:40 AM
mrido(roflgamer) used a coin 2-11-2021, 9:36:40 AM
mrido(roflgamer) used a coin 2-11-2021, 9:36:40 AM
mrido(roflgamer) used a coin 2-11-2021, 9:36:40 AM
mrido(roflgamer) used a coin 2-11-2021, 9:36:40 AM
mrido(roflgamer) used a ultrabomb_silencer 2-11-2021, 9:36:46 AM
mrido(roflgamer) used a ultrabomb_locator 2-11-2021, 9:36:55 AM
mrido(roflgamer) used a impact_bomb 2-11-2021, 9:38:04 AM
mrido(roflgamer) used a barricade_bomb 2-11-2021, 9:38:12 AM
mrido(roflgamer) used a security_bomb 2-11-2021, 9:40:50 AM
mrido(roflgamer) used a cannon_ammo_pack 2-11-2021, 9:41:33 AM
mrido(roflgamer) used a cannon_ammo_pack 2-11-2021, 9:41:33 AM
mrido(roflgamer) used a cannon_ammo_pack 2-11-2021, 9:41:33 AM
mrido(roflgamer) used a health_drink 2-11-2021, 9:41:42 AM
mrido(roflgamer) used a health_drink 2-11-2021, 9:41:42 AM
mrido(roflgamer) used a tk_ultra_health_potion 2-11-2021, 9:42:51 AM
mrido(roflgamer) used a tk_ultra_health_potion 2-11-2021, 9:42:51 AM
mrido(roflgamer) used a cyanide_pistol 2-11-2021, 9:44:25 AM
mrido(roflgamer) used a turret 2-11-2021, 9:44:49 AM
mrido(roflgamer) used a turret 2-11-2021, 9:44:49 AM
mrido(roflgamer) used a cannon 2-11-2021, 9:45:31 AM
mrido(roflgamer) used a invisibility_shield 2-11-2021, 9:47:13 AM
mrido(roflgamer) used a invisibility_shield 2-11-2021, 9:47:13 AM
mrido(roflgamer) used a invisibility_shield 2-11-2021, 9:49:07 AM
mrido(roflgamer) used a open_beer_bottle 2-11-2021, 9:52:52 AM
mrido(roflgamer) used a open_beer_bottle 2-11-2021, 9:52:52 AM
mrido(roflgamer) used a invisibility_shield 2-11-2021, 9:54:32 AM
mrido(roflgamer) used a tk_ultra_health_potion 2-11-2021, 9:59:18 AM
mrido(roflgamer) used a tk_ultra_health_potion 2-11-2021, 9:59:18 AM
mrido(roflgamer) used a rpg7 2-11-2021, 10:01:36 AM
mrido(roflgamer) used a rocket_launcher 2-11-2021, 10:01:47 AM
mrido(roflgamer) used a health_orb 2-11-2021, 10:03:08 AM
mrido(roflgamer) used a ultrabomb_locator 2-11-2021, 10:05:41 AM
mrido(roflgamer) used a ultrabomb_locator 2-11-2021, 10:05:42 AM
mrido(roflgamer) used a ultrabomb_locator 2-11-2021, 10:05:42 AM
mrido(roflgamer) used a ultrabomb_locator 2-11-2021, 10:05:43 AM
mrido(roflgamer) used a ultrabomb_locator 2-11-2021, 10:05:44 AM
mrido(roflgamer) used a fnminimilight 2-11-2021, 10:06:14 AM
mrido(roflgamer) used a metal 2-11-2021, 10:07:19 AM
mrido(roflgamer) used a metal 2-11-2021, 10:07:23 AM
mrido(roflgamer) used a modern_sub_machine_gun_carbine 2-11-2021, 10:07:34 AM
mrido(roflgamer) used a grenade 2-11-2021, 10:09:26 AM
mrido(roflgamer) used a grenade 2-11-2021, 10:09:27 AM
mrido(roflgamer) used a grenade 2-11-2021, 10:09:27 AM
mrido(roflgamer) used a grenade 2-11-2021, 10:09:28 AM
mrido(roflgamer) used a grenade 2-11-2021, 10:09:28 AM
mrido(roflgamer) used a grenade 2-11-2021, 10:09:28 AM
mrido(roflgamer) used a grenade 2-11-2021, 10:09:29 AM
mrido(roflgamer) used a grenade 2-11-2021, 10:09:29 AM
mrido(roflgamer) used a grenade 2-11-2021, 10:09:29 AM
mrido(roflgamer) used a grenade 2-11-2021, 10:09:29 AM
mrido(roflgamer) used a grenade 2-11-2021, 10:09:29 AM
mrido(roflgamer) used a grenade 2-11-2021, 10:09:30 AM
mrido(roflgamer) used a grenade 2-11-2021, 10:09:30 AM
mrido(roflgamer) used a grenade 2-11-2021, 10:09:30 AM
mrido(roflgamer) used a grenade 2-11-2021, 10:09:30 AM
mrido(roflgamer) used a grenade 2-11-2021, 10:09:31 AM
mrido(roflgamer) used a grenade 2-11-2021, 10:09:31 AM
mrido(roflgamer) used a grenade 2-11-2021, 10:09:31 AM
mrido(roflgamer) used a grenade 2-11-2021, 10:09:31 AM
mrido(roflgamer) used a grenade 2-11-2021, 10:09:32 AM
mrido(roflgamer) used a grenade 2-11-2021, 10:09:32 AM
mrido(roflgamer) used a grenade 2-11-2021, 10:09:32 AM
mrido(roflgamer) used a grenade 2-11-2021, 10:09:32 AM
mrido(roflgamer) used a grenade 2-11-2021, 10:09:32 AM
mrido(roflgamer) used a grenade 2-11-2021, 10:09:33 AM
mrido(roflgamer) used a grenade 2-11-2021, 10:09:33 AM
mrido(roflgamer) used a grenade 2-11-2021, 10:09:33 AM
mrido(roflgamer) used a grenade 2-11-2021, 10:09:33 AM
mrido(roflgamer) used a grenade 2-11-2021, 10:09:34 AM
mrido(roflgamer) used a grenade 2-11-2021, 10:09:34 AM
mrido(roflgamer) used a grenade 2-11-2021, 10:09:34 AM
mrido(roflgamer) used a grenade 2-11-2021, 10:09:34 AM
mrido(roflgamer) used a grenade 2-11-2021, 10:09:34 AM
mrido(roflgamer) used a grenade 2-11-2021, 10:09:35 AM
mrido(roflgamer) used a grenade 2-11-2021, 10:09:35 AM
mrido(roflgamer) used a tk_ultra_health_potion 2-11-2021, 10:11:04 AM
mrido(roflgamer) used a tk_ultra_health_potion 2-11-2021, 10:11:04 AM
mrido(roflgamer) used a bottle_bomb 2-11-2021, 10:11:10 AM
mrido(roflgamer) used a coin 2-11-2021, 10:13:41 AM
mrido(roflgamer) used a coin 2-11-2021, 10:16:28 AM
mrido(roflgamer) used a coin 2-11-2021, 10:16:29 AM
mrido(roflgamer) used a coin 2-11-2021, 10:16:30 AM
mrido(roflgamer) used a coin 2-11-2021, 10:16:32 AM
mrido(roflgamer) used a fnminimilight 2-11-2021, 10:17:18 AM
mrido(roflgamer) used a bullet_bomb_locator 2-11-2021, 10:18:28 AM
mrido(roflgamer) used a bullet_bomb_locator 2-11-2021, 10:18:29 AM
mrido(roflgamer) used a bullet_bomb_locator 2-11-2021, 10:18:29 AM
mrido(roflgamer) used a bullet_bomb_locator 2-11-2021, 10:18:29 AM
mrido(roflgamer) used a bullet_bomb_locator 2-11-2021, 10:18:29 AM
mrido(roflgamer) used a bullet_bomb_locator 2-11-2021, 10:18:29 AM
mrido(roflgamer) used a bullet_bomb_locator 2-11-2021, 10:18:29 AM
mrido(roflgamer) used a invisibility_shield 2-11-2021, 10:21:15 AM
mrido(roflgamer) used a invisibility_shield 2-11-2021, 10:21:15 AM
mrido(roflgamer) used a invisibility_shield 2-11-2021, 10:21:16 AM
mrido(roflgamer) used a zulfikar 2-11-2021, 10:25:22 AM
mrido(roflgamer) used a throwing_knives 2-11-2021, 10:27:02 AM
mrido(roflgamer) used a throwing_star 2-11-2021, 10:27:22 AM
mrido(roflgamer) used a throwing_star 2-11-2021, 10:27:22 AM
mrido(roflgamer) used a throwing_star 2-11-2021, 10:27:23 AM
mrido(roflgamer) used a throwing_star 2-11-2021, 10:27:23 AM
mrido(roflgamer) used a throwing_star 2-11-2021, 10:27:23 AM
mrido(roflgamer) used a throwing_star 2-11-2021, 10:27:23 AM
mrido(roflgamer) used a throwing_star 2-11-2021, 10:27:23 AM
mrido(roflgamer) used a throwing_star 2-11-2021, 10:27:23 AM
mrido(roflgamer) used a throwing_star 2-11-2021, 10:27:23 AM
mrido(roflgamer) used a throwing_star 2-11-2021, 10:27:24 AM
mrido(roflgamer) used a throwing_star 2-11-2021, 10:27:24 AM
mrido(roflgamer) used a throwing_star 2-11-2021, 10:27:24 AM
mrido(roflgamer) used a throwing_star 2-11-2021, 10:27:24 AM
mrido(roflgamer) used a throwing_star 2-11-2021, 10:27:26 AM
mrido(roflgamer) used a throwing_star 2-11-2021, 10:27:26 AM
mrido(roflgamer) used a throwing_star 2-11-2021, 10:27:26 AM
mrido(roflgamer) used a throwing_star 2-11-2021, 10:27:27 AM
mrido(roflgamer) used a throwing_star 2-11-2021, 10:27:27 AM
mrido(roflgamer) used a throwing_star 2-11-2021, 10:27:27 AM
mrido(roflgamer) used a throwing_star 2-11-2021, 10:27:27 AM
mrido(roflgamer) used a throwing_star 2-11-2021, 10:27:27 AM
mrido(roflgamer) used a throwing_star 2-11-2021, 10:27:27 AM
mrido(roflgamer) used a throwing_star 2-11-2021, 10:27:28 AM
mrido(roflgamer) used a throwing_star 2-11-2021, 10:27:29 AM
mrido(roflgamer) used a throwing_star 2-11-2021, 10:27:29 AM
mrido(roflgamer) used a throwing_star 2-11-2021, 10:27:29 AM
mrido(roflgamer) used a throwing_star 2-11-2021, 10:27:29 AM
mrido(roflgamer) used a throwing_star 2-11-2021, 10:27:29 AM
mrido(roflgamer) used a throwing_star 2-11-2021, 10:27:29 AM
mrido(roflgamer) used a throwing_star 2-11-2021, 10:27:35 AM
mrido(roflgamer) used a throwing_star 2-11-2021, 10:27:35 AM
mrido(roflgamer) used a throwing_star 2-11-2021, 10:27:35 AM
mrido(roflgamer) used a throwing_star 2-11-2021, 10:27:36 AM
mrido(roflgamer) used a throwing_star 2-11-2021, 10:27:36 AM
mrido(roflgamer) used a pack_of_100_ammo_throwing_knives 2-11-2021, 10:28:50 AM
mrido(roflgamer) used a pack_of_100_ammo_throwing_knives 2-11-2021, 10:28:50 AM
mrido(roflgamer) used a pack_of_100_ammo_throwing_knives 2-11-2021, 10:28:50 AM
mrido(roflgamer) used a pack_of_100_ammo_throwing_knives 2-11-2021, 10:28:50 AM
mrido(roflgamer) used a pack_of_100_ammo_throwing_knives 2-11-2021, 10:28:50 AM
mrido(roflgamer) used a pack_of_100_ammo_throwing_knives 2-11-2021, 10:28:50 AM
mrido(roflgamer) used a pack_of_100_ammo_throwing_knives 2-11-2021, 10:28:51 AM
mrido(roflgamer) used a pack_of_100_ammo_throwing_knives 2-11-2021, 10:28:51 AM
mrido(roflgamer) used a pack_of_100_ammo_throwing_knives 2-11-2021, 10:28:51 AM
mrido(roflgamer) used a pack_of_100_ammo_throwing_knives 2-11-2021, 10:28:51 AM
mrido(roflgamer) used a pack_of_100_ammo_throwing_knives 2-11-2021, 10:28:51 AM
mrido(roflgamer) used a pack_of_100_ammo_throwing_knives 2-11-2021, 10:28:51 AM
mrido(roflgamer) used a pack_of_100_ammo_throwing_knives 2-11-2021, 10:28:51 AM
mrido(roflgamer) used a pack_of_100_ammo_throwing_knives 2-11-2021, 10:28:51 AM
mrido(roflgamer) used a pack_of_100_ammo_throwing_knives 2-11-2021, 10:28:51 AM
mrido(roflgamer) used a pack_of_100_ammo_throwing_knives 2-11-2021, 10:28:51 AM
mrido(roflgamer) used a pack_of_100_ammo_throwing_knives 2-11-2021, 10:28:52 AM
mrido(roflgamer) used a pack_of_100_ammo_throwing_knives 2-11-2021, 10:28:52 AM
mrido(roflgamer) used a pack_of_100_ammo_throwing_knives 2-11-2021, 10:28:52 AM
mrido(roflgamer) used a pack_of_100_ammo_throwing_knives 2-11-2021, 10:28:52 AM
mrido(roflgamer) used a pack_of_100_ammo_throwing_knives 2-11-2021, 10:28:52 AM
mrido(roflgamer) used a pack_of_100_ammo_throwing_knives 2-11-2021, 10:28:52 AM
mrido(roflgamer) used a pack_of_100_ammo_throwing_knives 2-11-2021, 10:28:52 AM
mrido(roflgamer) used a pack_of_100_ammo_throwing_knives 2-11-2021, 10:28:52 AM
mrido(roflgamer) used a pack_of_100_ammo_throwing_knives 2-11-2021, 10:28:52 AM
mrido(roflgamer) used a pack_of_100_ammo_throwing_knives 2-11-2021, 10:28:52 AM
mrido(roflgamer) used a pack_of_100_ammo_throwing_knives 2-11-2021, 10:28:53 AM
mrido(roflgamer) used a pack_of_100_ammo_throwing_knives 2-11-2021, 10:28:53 AM
mrido(roflgamer) used a pack_of_100_ammo_throwing_knives 2-11-2021, 10:28:53 AM
mrido(roflgamer) used a pack_of_100_ammo_throwing_knives 2-11-2021, 10:28:53 AM
mrido(roflgamer) used a pack_of_100_ammo_throwing_knives 2-11-2021, 10:28:53 AM
mrido(roflgamer) used a pack_of_100_ammo_throwing_knives 2-11-2021, 10:28:53 AM
mrido(roflgamer) used a pack_of_100_ammo_throwing_knives 2-11-2021, 10:28:53 AM
mrido(roflgamer) used a pack_of_100_ammo_throwing_knives 2-11-2021, 10:28:53 AM
mrido(roflgamer) used a pack_of_100_ammo_throwing_knives 2-11-2021, 10:28:53 AM
mrido(roflgamer) used a pack_of_100_ammo_throwing_knives 2-11-2021, 10:28:53 AM
mrido(roflgamer) used a pack_of_100_ammo_throwing_knives 2-11-2021, 10:28:54 AM
mrido(roflgamer) used a pack_of_100_ammo_throwing_knives 2-11-2021, 10:28:54 AM
mrido(roflgamer) used a pack_of_100_ammo_throwing_knives 2-11-2021, 10:28:54 AM
mrido(roflgamer) used a pack_of_100_ammo_throwing_knives 2-11-2021, 10:28:54 AM
mrido(roflgamer) used a pack_of_100_ammo_throwing_knives 2-11-2021, 10:28:54 AM
mrido(roflgamer) used a pack_of_100_ammo_throwing_knives 2-11-2021, 10:28:54 AM
mrido(roflgamer) used a pack_of_100_ammo_throwing_knives 2-11-2021, 10:28:54 AM
mrido(roflgamer) used a pack_of_100_ammo_throwing_knives 2-11-2021, 10:28:54 AM
mrido(roflgamer) used a pack_of_100_ammo_throwing_knives 2-11-2021, 10:28:54 AM
mrido(roflgamer) used a pack_of_100_ammo_throwing_knives 2-11-2021, 10:28:54 AM
mrido(roflgamer) used a pack_of_100_ammo_throwing_knives 2-11-2021, 10:28:59 AM
mrido(roflgamer) used a pack_of_100_ammo_throwing_knives 2-11-2021, 10:28:59 AM
mrido(roflgamer) used a pack_of_100_ammo_throwing_knives 2-11-2021, 10:28:59 AM
mrido(roflgamer) used a pack_of_100_ammo_throwing_knives 2-11-2021, 10:28:59 AM
mrido(roflgamer) used a pack_of_100_ammo_throwing_knives 2-11-2021, 10:28:59 AM
mrido(roflgamer) used a pack_of_100_ammo_throwing_knives 2-11-2021, 10:28:59 AM
mrido(roflgamer) used a pack_of_100_ammo_throwing_knives 2-11-2021, 10:29:00 AM
mrido(roflgamer) used a pack_of_100_ammo_throwing_knives 2-11-2021, 10:29:10 AM
mrido(roflgamer) used a pack_of_100_ammo_throwing_knives 2-11-2021, 10:29:10 AM
mrido(roflgamer) used a pack_of_100_ammo_throwing_knives 2-11-2021, 10:29:10 AM
mrido(roflgamer) used a pack_of_100_ammo_throwing_knives 2-11-2021, 10:29:10 AM
mrido(roflgamer) used a pack_of_100_ammo_throwing_knives 2-11-2021, 10:29:11 AM
mrido(roflgamer) used a pack_of_100_ammo_throwing_knives 2-11-2021, 10:29:11 AM
mrido(roflgamer) used a pack_of_100_ammo_throwing_knives 2-11-2021, 10:29:11 AM
mrido(roflgamer) used a pack_of_100_ammo_throwing_knives 2-11-2021, 10:29:11 AM
mrido(roflgamer) used a pack_of_100_ammo_throwing_knives 2-11-2021, 10:29:11 AM
mrido(roflgamer) used a pack_of_100_ammo_throwing_knives 2-11-2021, 10:29:11 AM
mrido(roflgamer) used a pack_of_100_ammo_throwing_knives 2-11-2021, 10:29:11 AM
mrido(roflgamer) used a pack_of_100_ammo_throwing_knives 2-11-2021, 10:29:11 AM
mrido(roflgamer) used a pack_of_100_ammo_throwing_knives 2-11-2021, 10:29:12 AM
mrido(roflgamer) used a pack_of_100_ammo_throwing_knives 2-11-2021, 10:29:12 AM
mrido(roflgamer) used a pack_of_100_ammo_throwing_knives 2-11-2021, 10:29:12 AM
mrido(roflgamer) used a pack_of_100_ammo_throwing_knives 2-11-2021, 10:29:12 AM
mrido(roflgamer) used a pack_of_100_ammo_throwing_knives 2-11-2021, 10:29:12 AM
mrido(roflgamer) used a pack_of_100_ammo_throwing_knives 2-11-2021, 10:29:12 AM
mrido(roflgamer) used a pack_of_100_ammo_throwing_knives 2-11-2021, 10:29:12 AM
mrido(roflgamer) used a pack_of_100_ammo_throwing_knives 2-11-2021, 10:29:13 AM
mrido(roflgamer) used a pack_of_100_ammo_throwing_knives 2-11-2021, 10:29:13 AM
mrido(roflgamer) used a pack_of_100_ammo_throwing_knives 2-11-2021, 10:29:13 AM
mrido(roflgamer) used a pack_of_100_ammo_throwing_knives 2-11-2021, 10:29:13 AM
mrido(roflgamer) used a pack_of_100_ammo_throwing_knives 2-11-2021, 10:29:13 AM
mrido(roflgamer) used a pack_of_100_ammo_throwing_knives 2-11-2021, 10:29:13 AM
mrido(roflgamer) used a pack_of_100_ammo_throwing_knives 2-11-2021, 10:29:13 AM
mrido(roflgamer) used a pack_of_100_ammo_throwing_knives 2-11-2021, 10:29:14 AM
mrido(roflgamer) used a pack_of_100_ammo_throwing_knives 2-11-2021, 10:29:14 AM
mrido(roflgamer) used a pack_of_100_ammo_throwing_knives 2-11-2021, 10:29:14 AM
mrido(roflgamer) used a pack_of_100_ammo_throwing_knives 2-11-2021, 10:29:14 AM
mrido(roflgamer) used a pack_of_100_ammo_throwing_knives 2-11-2021, 10:29:14 AM
mrido(roflgamer) used a pack_of_100_ammo_throwing_knives 2-11-2021, 10:29:14 AM
mrido(roflgamer) used a pack_of_100_ammo_throwing_knives 2-11-2021, 10:29:15 AM
mrido(roflgamer) used a pack_of_100_ammo_throwing_knives 2-11-2021, 10:29:15 AM
mrido(roflgamer) used a pack_of_100_ammo_throwing_knives 2-11-2021, 10:29:15 AM
mrido(roflgamer) used a pack_of_100_ammo_throwing_knives 2-11-2021, 10:29:16 AM
mrido(roflgamer) used a pack_of_100_ammo_throwing_knives 2-11-2021, 10:29:16 AM
mrido(roflgamer) used a pack_of_100_ammo_throwing_knives 2-11-2021, 10:29:16 AM
mrido(roflgamer) used a pack_of_100_ammo_throwing_knives 2-11-2021, 10:29:16 AM
mrido(roflgamer) used a pack_of_100_ammo_throwing_knives 2-11-2021, 10:29:16 AM
mrido(roflgamer) used a pack_of_100_ammo_throwing_knives 2-11-2021, 10:29:16 AM
mrido(roflgamer) used a pack_of_100_ammo_throwing_knives 2-11-2021, 10:29:16 AM
mrido(roflgamer) used a pack_of_100_ammo_throwing_knives 2-11-2021, 10:29:17 AM
mrido(roflgamer) used a pack_of_100_ammo_throwing_knives 2-11-2021, 10:29:17 AM
mrido(roflgamer) used a pack_of_100_ammo_throwing_knives 2-11-2021, 10:29:17 AM
mrido(roflgamer) used a pack_of_100_ammo_throwing_knives 2-11-2021, 10:29:17 AM
mrido(roflgamer) used a pack_of_100_ammo_throwing_knives 2-11-2021, 10:29:17 AM
mrido(roflgamer) used a pack_of_100_ammo_throwing_knives 2-11-2021, 10:29:17 AM
mrido(roflgamer) used a pack_of_100_ammo_throwing_knives 2-11-2021, 10:29:17 AM
mrido(roflgamer) used a pack_of_100_ammo_throwing_knives 2-11-2021, 10:29:17 AM
mrido(roflgamer) used a pack_of_100_ammo_throwing_knives 2-11-2021, 10:29:18 AM
mrido(roflgamer) used a pack_of_100_ammo_throwing_knives 2-11-2021, 10:29:18 AM
mrido(roflgamer) used a pack_of_100_ammo_throwing_knives 2-11-2021, 10:29:18 AM
mrido(roflgamer) used a pack_of_100_ammo_throwing_knives 2-11-2021, 10:29:22 AM
mrido(roflgamer) used a pack_of_100_ammo_throwing_knives 2-11-2021, 10:29:22 AM
mrido(roflgamer) used a pack_of_100_ammo_throwing_knives 2-11-2021, 10:29:22 AM
mrido(roflgamer) used a pack_of_100_ammo_throwing_knives 2-11-2021, 10:29:22 AM
mrido(roflgamer) used a pack_of_100_ammo_throwing_knives 2-11-2021, 10:29:22 AM
mrido(roflgamer) used a pack_of_100_ammo_throwing_knives 2-11-2021, 10:29:23 AM
mrido(roflgamer) used a pack_of_100_ammo_throwing_knives 2-11-2021, 10:29:23 AM
mrido(roflgamer) used a pack_of_100_ammo_throwing_knives 2-11-2021, 10:29:23 AM
mrido(roflgamer) used a pack_of_100_ammo_throwing_knives 2-11-2021, 10:29:23 AM
mrido(roflgamer) used a pack_of_100_ammo_throwing_knives 2-11-2021, 10:29:23 AM
mrido(roflgamer) used a pack_of_100_ammo_throwing_knives 2-11-2021, 10:29:23 AM
mrido(roflgamer) used a pack_of_100_ammo_throwing_knives 2-11-2021, 10:29:23 AM
mrido(roflgamer) used a pack_of_100_ammo_throwing_knives 2-11-2021, 10:29:23 AM
mrido(roflgamer) used a pack_of_100_ammo_throwing_knives 2-11-2021, 10:29:23 AM
mrido(roflgamer) used a pack_of_100_ammo_throwing_knives 2-11-2021, 10:29:24 AM
mrido(roflgamer) used a pack_of_100_ammo_throwing_knives 2-11-2021, 10:29:24 AM
mrido(roflgamer) used a pack_of_100_ammo_throwing_knives 2-11-2021, 10:29:24 AM
mrido(roflgamer) used a pack_of_100_ammo_throwing_knives 2-11-2021, 10:29:24 AM
mrido(roflgamer) used a pack_of_100_ammo_throwing_knives 2-11-2021, 10:29:24 AM
mrido(roflgamer) used a pack_of_100_ammo_throwing_knives 2-11-2021, 10:29:24 AM
mrido(roflgamer) used a pack_of_100_ammo_throwing_knives 2-11-2021, 10:29:24 AM
mrido(roflgamer) used a pack_of_100_ammo_throwing_knives 2-11-2021, 10:29:25 AM
mrido(roflgamer) used a pack_of_100_ammo_throwing_knives 2-11-2021, 10:29:25 AM
mrido(roflgamer) used a pack_of_100_ammo_throwing_knives 2-11-2021, 10:29:25 AM
mrido(roflgamer) used a pack_of_100_ammo_throwing_knives 2-11-2021, 10:29:25 AM
mrido(roflgamer) used a pack_of_100_ammo_throwing_knives 2-11-2021, 10:29:25 AM
mrido(roflgamer) used a pack_of_100_ammo_throwing_knives 2-11-2021, 10:29:25 AM
mrido(roflgamer) used a pack_of_100_ammo_throwing_knives 2-11-2021, 10:29:25 AM
mrido(roflgamer) used a pack_of_100_ammo_throwing_knives 2-11-2021, 10:29:26 AM
mrido(roflgamer) used a pack_of_100_ammo_throwing_knives 2-11-2021, 10:29:26 AM
mrido(roflgamer) used a pack_of_100_ammo_throwing_knives 2-11-2021, 10:29:26 AM
mrido(roflgamer) used a pack_of_100_ammo_throwing_knives 2-11-2021, 10:29:26 AM
mrido(roflgamer) used a pack_of_100_ammo_throwing_knives 2-11-2021, 10:29:26 AM
mrido(roflgamer) used a pack_of_100_ammo_throwing_knives 2-11-2021, 10:29:27 AM
mrido(roflgamer) used a pack_of_100_ammo_throwing_knives 2-11-2021, 10:29:27 AM
mrido(roflgamer) used a pack_of_100_ammo_throwing_knives 2-11-2021, 10:29:27 AM
mrido(roflgamer) used a pack_of_100_ammo_throwing_knives 2-11-2021, 10:29:27 AM
mrido(roflgamer) used a pack_of_100_ammo_throwing_knives 2-11-2021, 10:29:27 AM
mrido(roflgamer) used a pack_of_100_ammo_throwing_knives 2-11-2021, 10:29:27 AM
mrido(roflgamer) used a pack_of_100_ammo_throwing_knives 2-11-2021, 10:29:27 AM
mrido(roflgamer) used a pack_of_100_ammo_throwing_knives 2-11-2021, 10:29:28 AM
mrido(roflgamer) used a pack_of_100_ammo_throwing_knives 2-11-2021, 10:29:28 AM
mrido(roflgamer) used a pack_of_100_ammo_throwing_knives 2-11-2021, 10:29:28 AM
mrido(roflgamer) used a pack_of_100_ammo_throwing_knives 2-11-2021, 10:29:28 AM
mrido(roflgamer) used a pack_of_100_ammo_throwing_knives 2-11-2021, 10:29:28 AM
mrido(roflgamer) used a pack_of_100_ammo_throwing_knives 2-11-2021, 10:29:28 AM
mrido(roflgamer) used a pack_of_100_ammo_throwing_knives 2-11-2021, 10:29:29 AM
mrido(roflgamer) used a pack_of_100_ammo_throwing_knives 2-11-2021, 10:29:29 AM
mrido(roflgamer) used a pack_of_100_ammo_throwing_knives 2-11-2021, 10:29:29 AM
mrido(roflgamer) used a pack_of_100_ammo_throwing_knives 2-11-2021, 10:29:29 AM
mrido(roflgamer) used a pack_of_100_ammo_throwing_knives 2-11-2021, 10:29:29 AM
mrido(roflgamer) used a pack_of_100_ammo_throwing_knives 2-11-2021, 10:29:29 AM
mrido(roflgamer) used a pack_of_100_ammo_throwing_knives 2-11-2021, 10:29:29 AM
mrido(roflgamer) used a pack_of_100_ammo_throwing_knives 2-11-2021, 10:29:30 AM
mrido(roflgamer) used a pack_of_100_ammo_throwing_knives 2-11-2021, 10:29:30 AM
mrido(roflgamer) used a pack_of_100_ammo_throwing_knives 2-11-2021, 10:29:30 AM
mrido(roflgamer) used a pack_of_100_ammo_throwing_knives 2-11-2021, 10:29:30 AM
mrido(roflgamer) used a pack_of_100_ammo_throwing_knives 2-11-2021, 10:29:30 AM
mrido(roflgamer) used a pack_of_100_ammo_throwing_knives 2-11-2021, 10:29:30 AM
mrido(roflgamer) used a pack_of_100_ammo_throwing_knives 2-11-2021, 10:29:31 AM
mrido(roflgamer) used a pack_of_100_ammo_throwing_knives 2-11-2021, 10:29:31 AM
mrido(roflgamer) used a pack_of_100_ammo_throwing_knives 2-11-2021, 10:29:31 AM
mrido(roflgamer) used a pack_of_100_ammo_throwing_knives 2-11-2021, 10:29:31 AM
mrido(roflgamer) used a pack_of_100_ammo_throwing_knives 2-11-2021, 10:29:31 AM
mrido(roflgamer) used a pack_of_100_ammo_throwing_knives 2-11-2021, 10:29:31 AM
mrido(roflgamer) used a pack_of_100_ammo_throwing_knives 2-11-2021, 10:29:31 AM
mrido(roflgamer) used a pack_of_100_ammo_throwing_knives 2-11-2021, 10:29:31 AM
mrido(roflgamer) used a pack_of_100_ammo_throwing_knives 2-11-2021, 10:29:31 AM
mrido(roflgamer) used a pack_of_100_ammo_throwing_knives 2-11-2021, 10:29:32 AM
mrido(roflgamer) used a pack_of_100_ammo_throwing_knives 2-11-2021, 10:29:32 AM
mrido(roflgamer) used a pack_of_100_ammo_throwing_knives 2-11-2021, 10:29:32 AM
mrido(roflgamer) used a pack_of_100_ammo_throwing_knives 2-11-2021, 10:29:32 AM
mrido(roflgamer) used a pack_of_100_ammo_throwing_knives 2-11-2021, 10:29:34 AM
mrido(roflgamer) used a pack_of_100_ammo_throwing_knives 2-11-2021, 10:29:35 AM
mrido(roflgamer) used a pack_of_100_ammo_throwing_knives 2-11-2021, 10:29:35 AM
mrido(roflgamer) used a pack_of_100_ammo_throwing_knives 2-11-2021, 10:29:35 AM
mrido(roflgamer) used a pack_of_100_ammo_throwing_knives 2-11-2021, 10:29:35 AM
mrido(roflgamer) used a pack_of_100_ammo_throwing_knives 2-11-2021, 10:29:35 AM
mrido(roflgamer) used a pack_of_100_ammo_throwing_knives 2-11-2021, 10:29:35 AM
mrido(roflgamer) used a pack_of_100_ammo_throwing_knives 2-11-2021, 10:29:36 AM
mrido(roflgamer) used a pack_of_100_ammo_throwing_knives 2-11-2021, 10:29:36 AM
mrido(roflgamer) used a pack_of_100_ammo_throwing_knives 2-11-2021, 10:29:36 AM
mrido(roflgamer) used a pack_of_100_ammo_throwing_knives 2-11-2021, 10:29:36 AM
mrido(roflgamer) used a pack_of_100_ammo_throwing_knives 2-11-2021, 10:29:36 AM
mrido(roflgamer) used a pack_of_100_ammo_throwing_knives 2-11-2021, 10:29:36 AM
mrido(roflgamer) used a pack_of_100_ammo_throwing_knives 2-11-2021, 10:29:36 AM
mrido(roflgamer) used a pack_of_100_ammo_throwing_knives 2-11-2021, 10:29:37 AM
mrido(roflgamer) used a pack_of_100_ammo_throwing_knives 2-11-2021, 10:29:37 AM
mrido(roflgamer) used a pack_of_100_ammo_throwing_knives 2-11-2021, 10:29:37 AM
mrido(roflgamer) used a pack_of_100_ammo_throwing_knives 2-11-2021, 10:29:37 AM
mrido(roflgamer) used a pack_of_100_ammo_throwing_knives 2-11-2021, 10:29:37 AM
mrido(roflgamer) used a pack_of_100_ammo_throwing_knives 2-11-2021, 10:29:37 AM
mrido(roflgamer) used a pack_of_100_ammo_throwing_knives 2-11-2021, 10:29:37 AM
mrido(roflgamer) used a pack_of_100_ammo_throwing_knives 2-11-2021, 10:29:38 AM
mrido(roflgamer) used a pack_of_100_ammo_throwing_knives 2-11-2021, 10:29:38 AM
mrido(roflgamer) used a pack_of_100_ammo_throwing_knives 2-11-2021, 10:29:38 AM
mrido(roflgamer) used a pack_of_100_ammo_throwing_knives 2-11-2021, 10:29:38 AM
mrido(roflgamer) used a pack_of_100_ammo_throwing_knives 2-11-2021, 10:29:38 AM
mrido(roflgamer) used a pack_of_100_ammo_throwing_knives 2-11-2021, 10:29:39 AM
mrido(roflgamer) used a pack_of_100_ammo_throwing_knives 2-11-2021, 10:29:39 AM
mrido(roflgamer) used a pack_of_100_ammo_throwing_knives 2-11-2021, 10:29:40 AM
mrido(roflgamer) used a pack_of_100_ammo_throwing_knives 2-11-2021, 10:29:40 AM
mrido(roflgamer) used a pack_of_100_ammo_throwing_knives 2-11-2021, 10:29:41 AM
mrido(roflgamer) used a pack_of_100_ammo_throwing_knives 2-11-2021, 10:29:41 AM
mrido(roflgamer) used a pack_of_100_ammo_throwing_knives 2-11-2021, 10:29:41 AM
mrido(roflgamer) used a pack_of_100_ammo_throwing_knives 2-11-2021, 10:29:41 AM
mrido(roflgamer) used a pack_of_100_ammo_throwing_knives 2-11-2021, 10:29:41 AM
mrido(roflgamer) used a pack_of_100_ammo_throwing_knives 2-11-2021, 10:29:41 AM
mrido(roflgamer) used a pack_of_100_ammo_throwing_knives 2-11-2021, 10:29:41 AM
mrido(roflgamer) used a pack_of_100_ammo_throwing_knives 2-11-2021, 10:29:41 AM
mrido(roflgamer) used a pack_of_100_ammo_throwing_knives 2-11-2021, 10:29:41 AM
mrido(roflgamer) used a pack_of_100_ammo_throwing_knives 2-11-2021, 10:29:42 AM
mrido(roflgamer) used a pack_of_100_ammo_throwing_knives 2-11-2021, 10:29:42 AM
mrido(roflgamer) used a pack_of_100_ammo_throwing_knives 2-11-2021, 10:29:42 AM
mrido(roflgamer) used a pack_of_100_ammo_throwing_knives 2-11-2021, 10:29:42 AM
mrido(roflgamer) used a pack_of_100_ammo_throwing_knives 2-11-2021, 10:29:42 AM
mrido(roflgamer) used a pack_of_100_ammo_throwing_knives 2-11-2021, 10:29:42 AM
mrido(roflgamer) used a pack_of_100_ammo_throwing_knives 2-11-2021, 10:29:44 AM
mrido(roflgamer) used a pack_of_100_ammo_throwing_knives 2-11-2021, 10:29:44 AM
mrido(roflgamer) used a pack_of_100_ammo_throwing_knives 2-11-2021, 10:29:44 AM
mrido(roflgamer) used a pack_of_100_ammo_throwing_knives 2-11-2021, 10:29:45 AM
mrido(roflgamer) used a pack_of_100_ammo_throwing_knives 2-11-2021, 10:29:45 AM
mrido(roflgamer) used a pack_of_100_ammo_throwing_knives 2-11-2021, 10:29:45 AM
mrido(roflgamer) used a pack_of_100_ammo_throwing_knives 2-11-2021, 10:29:45 AM
mrido(roflgamer) used a pack_of_100_ammo_throwing_knives 2-11-2021, 10:29:45 AM
mrido(roflgamer) used a pack_of_100_ammo_throwing_knives 2-11-2021, 10:29:45 AM
mrido(roflgamer) used a pack_of_100_ammo_throwing_knives 2-11-2021, 10:29:45 AM
mrido(roflgamer) used a pack_of_100_ammo_throwing_knives 2-11-2021, 10:29:46 AM
mrido(roflgamer) used a pack_of_100_ammo_throwing_knives 2-11-2021, 10:29:46 AM
mrido(roflgamer) used a pack_of_100_ammo_throwing_knives 2-11-2021, 10:29:46 AM
mrido(roflgamer) used a pack_of_100_ammo_throwing_knives 2-11-2021, 10:29:46 AM
mrido(roflgamer) used a pack_of_100_ammo_throwing_knives 2-11-2021, 10:29:46 AM
mrido(roflgamer) used a pack_of_100_ammo_throwing_knives 2-11-2021, 10:29:46 AM
mrido(roflgamer) used a pack_of_100_ammo_throwing_knives 2-11-2021, 10:29:46 AM
mrido(roflgamer) used a pack_of_100_ammo_throwing_knives 2-11-2021, 10:29:46 AM
mrido(roflgamer) used a pack_of_100_ammo_throwing_knives 2-11-2021, 10:29:47 AM
mrido(roflgamer) used a pack_of_100_ammo_throwing_knives 2-11-2021, 10:29:47 AM
mrido(roflgamer) used a pack_of_100_ammo_throwing_knives 2-11-2021, 10:29:47 AM
mrido(roflgamer) used a pack_of_100_ammo_throwing_knives 2-11-2021, 10:29:47 AM
mrido(roflgamer) used a pack_of_100_ammo_throwing_knives 2-11-2021, 10:29:47 AM
mrido(roflgamer) used a pack_of_100_ammo_throwing_knives 2-11-2021, 10:29:47 AM
mrido(roflgamer) used a pack_of_100_ammo_throwing_knives 2-11-2021, 10:29:47 AM
mrido(roflgamer) used a pack_of_100_ammo_throwing_knives 2-11-2021, 10:29:47 AM
mrido(roflgamer) used a pack_of_100_ammo_throwing_knives 2-11-2021, 10:29:48 AM
mrido(roflgamer) used a pack_of_100_ammo_throwing_knives 2-11-2021, 10:29:48 AM
mrido(roflgamer) used a pack_of_100_ammo_throwing_knives 2-11-2021, 10:29:48 AM
mrido(roflgamer) used a pack_of_100_ammo_throwing_knives 2-11-2021, 10:29:49 AM
mrido(roflgamer) used a pack_of_100_ammo_throwing_knives 2-11-2021, 10:29:49 AM
mrido(roflgamer) used a pack_of_100_ammo_throwing_knives 2-11-2021, 10:29:49 AM
mrido(roflgamer) used a pack_of_100_ammo_throwing_knives 2-11-2021, 10:29:49 AM
mrido(roflgamer) used a pack_of_100_ammo_throwing_knives 2-11-2021, 10:29:49 AM
mrido(roflgamer) used a pack_of_100_ammo_throwing_knives 2-11-2021, 10:29:49 AM
mrido(roflgamer) used a pack_of_100_ammo_throwing_knives 2-11-2021, 10:29:49 AM
mrido(roflgamer) used a pack_of_100_ammo_throwing_knives 2-11-2021, 10:29:49 AM
mrido(roflgamer) used a pack_of_100_ammo_throwing_knives 2-11-2021, 10:29:50 AM
mrido(roflgamer) used a pack_of_100_ammo_throwing_knives 2-11-2021, 10:29:50 AM
mrido(roflgamer) used a pack_of_100_ammo_throwing_knives 2-11-2021, 10:29:50 AM
mrido(roflgamer) used a pack_of_100_ammo_throwing_knives 2-11-2021, 10:29:50 AM
mrido(roflgamer) used a pack_of_100_ammo_throwing_knives 2-11-2021, 10:29:50 AM
mrido(roflgamer) used a pack_of_100_ammo_throwing_knives 2-11-2021, 10:29:50 AM
mrido(roflgamer) used a pack_of_100_ammo_throwing_knives 2-11-2021, 10:29:50 AM
mrido(roflgamer) used a pack_of_100_ammo_throwing_knives 2-11-2021, 10:29:50 AM
mrido(roflgamer) used a pack_of_100_ammo_throwing_knives 2-11-2021, 10:29:50 AM
mrido(roflgamer) used a pack_of_100_ammo_throwing_knives 2-11-2021, 10:29:51 AM
mrido(roflgamer) used a pack_of_100_ammo_throwing_knives 2-11-2021, 10:29:51 AM
mrido(roflgamer) used a pack_of_100_ammo_throwing_knives 2-11-2021, 10:29:51 AM
mrido(roflgamer) used a pack_of_100_ammo_throwing_knives 2-11-2021, 10:29:51 AM
mrido(roflgamer) used a pack_of_100_ammo_throwing_knives 2-11-2021, 10:29:51 AM
mrido(roflgamer) used a pack_of_100_ammo_throwing_knives 2-11-2021, 10:29:51 AM
mrido(roflgamer) used a pack_of_100_ammo_throwing_knives 2-11-2021, 10:29:51 AM
mrido(roflgamer) used a pack_of_100_ammo_throwing_knives 2-11-2021, 10:29:51 AM
mrido(roflgamer) used a pack_of_100_ammo_throwing_knives 2-11-2021, 10:29:52 AM
mrido(roflgamer) used a pack_of_100_ammo_throwing_knives 2-11-2021, 10:29:52 AM
mrido(roflgamer) used a pack_of_100_ammo_throwing_knives 2-11-2021, 10:29:52 AM
mrido(roflgamer) used a pack_of_100_ammo_throwing_knives 2-11-2021, 10:29:52 AM
mrido(roflgamer) used a pack_of_100_ammo_throwing_knives 2-11-2021, 10:29:52 AM
mrido(roflgamer) used a pack_of_100_ammo_throwing_knives 2-11-2021, 10:29:52 AM
mrido(roflgamer) used a pack_of_100_ammo_throwing_knives 2-11-2021, 10:29:52 AM
mrido(roflgamer) used a pack_of_100_ammo_throwing_knives 2-11-2021, 10:29:52 AM
mrido(roflgamer) used a pack_of_100_ammo_throwing_knives 2-11-2021, 10:29:52 AM
mrido(roflgamer) used a pack_of_100_ammo_throwing_knives 2-11-2021, 10:29:53 AM
mrido(roflgamer) used a pack_of_100_ammo_throwing_knives 2-11-2021, 10:29:53 AM
mrido(roflgamer) used a pack_of_100_ammo_throwing_knives 2-11-2021, 10:29:53 AM
mrido(roflgamer) used a pack_of_100_ammo_throwing_knives 2-11-2021, 10:29:53 AM
mrido(roflgamer) used a pack_of_100_ammo_throwing_knives 2-11-2021, 10:29:53 AM
mrido(roflgamer) used a pack_of_100_ammo_throwing_knives 2-11-2021, 10:29:54 AM
mrido(roflgamer) used a pack_of_100_ammo_throwing_knives 2-11-2021, 10:29:54 AM
mrido(roflgamer) used a pack_of_100_ammo_throwing_knives 2-11-2021, 10:29:54 AM
mrido(roflgamer) used a pack_of_100_ammo_throwing_knives 2-11-2021, 10:29:54 AM
mrido(roflgamer) used a pack_of_100_ammo_throwing_knives 2-11-2021, 10:29:54 AM
mrido(roflgamer) used a pack_of_100_ammo_throwing_knives 2-11-2021, 10:29:54 AM
mrido(roflgamer) used a pack_of_100_ammo_throwing_knives 2-11-2021, 10:29:54 AM
mrido(roflgamer) used a pack_of_100_ammo_throwing_knives 2-11-2021, 10:29:54 AM
mrido(roflgamer) used a pack_of_100_ammo_throwing_knives 2-11-2021, 10:29:54 AM
mrido(roflgamer) used a pack_of_100_ammo_throwing_knives 2-11-2021, 10:29:55 AM
mrido(roflgamer) used a pack_of_100_ammo_throwing_knives 2-11-2021, 10:29:55 AM
mrido(roflgamer) used a pack_of_100_ammo_throwing_knives 2-11-2021, 10:29:55 AM
mrido(roflgamer) used a pack_of_100_ammo_throwing_knives 2-11-2021, 10:29:55 AM
mrido(roflgamer) used a pack_of_100_ammo_throwing_knives 2-11-2021, 10:29:55 AM
mrido(roflgamer) used a pack_of_100_ammo_throwing_knives 2-11-2021, 10:29:55 AM
mrido(roflgamer) used a pack_of_100_ammo_throwing_knives 2-11-2021, 10:29:56 AM
mrido(roflgamer) used a pack_of_100_ammo_throwing_knives 2-11-2021, 10:29:56 AM
mrido(roflgamer) used a pack_of_100_ammo_throwing_knives 2-11-2021, 10:29:56 AM
mrido(roflgamer) used a pack_of_100_ammo_throwing_knives 2-11-2021, 10:29:56 AM
mrido(roflgamer) used a pack_of_100_ammo_throwing_knives 2-11-2021, 10:29:56 AM
mrido(roflgamer) used a pack_of_100_ammo_throwing_knives 2-11-2021, 10:29:56 AM
mrido(roflgamer) used a pack_of_100_ammo_throwing_knives 2-11-2021, 10:29:56 AM
mrido(roflgamer) used a pack_of_100_ammo_throwing_knives 2-11-2021, 10:29:56 AM
mrido(roflgamer) used a pack_of_100_ammo_throwing_knives 2-11-2021, 10:29:56 AM
mrido(roflgamer) used a pack_of_100_ammo_throwing_knives 2-11-2021, 10:29:56 AM
mrido(roflgamer) used a pack_of_100_ammo_throwing_knives 2-11-2021, 10:29:56 AM
mrido(roflgamer) used a pack_of_100_ammo_throwing_knives 2-11-2021, 10:29:57 AM
mrido(roflgamer) used a pack_of_100_ammo_throwing_knives 2-11-2021, 10:29:57 AM
mrido(roflgamer) used a pack_of_100_ammo_throwing_knives 2-11-2021, 10:29:57 AM
mrido(roflgamer) used a pack_of_100_ammo_throwing_knives 2-11-2021, 10:29:57 AM
mrido(roflgamer) used a pack_of_100_ammo_throwing_knives 2-11-2021, 10:29:57 AM
mrido(roflgamer) used a pack_of_100_ammo_throwing_knives 2-11-2021, 10:29:57 AM
mrido(roflgamer) used a pack_of_100_ammo_throwing_knives 2-11-2021, 10:29:57 AM
mrido(roflgamer) used a pack_of_100_ammo_throwing_knives 2-11-2021, 10:29:57 AM
mrido(roflgamer) used a pack_of_100_ammo_throwing_knives 2-11-2021, 10:29:57 AM
mrido(roflgamer) used a pack_of_100_ammo_throwing_knives 2-11-2021, 10:29:58 AM
mrido(roflgamer) used a pack_of_100_ammo_throwing_knives 2-11-2021, 10:29:58 AM
mrido(roflgamer) used a pack_of_100_ammo_throwing_knives 2-11-2021, 10:29:58 AM
mrido(roflgamer) used a pack_of_100_ammo_throwing_knives 2-11-2021, 10:29:58 AM
mrido(roflgamer) used a pack_of_100_ammo_throwing_knives 2-11-2021, 10:29:58 AM
mrido(roflgamer) used a pack_of_100_ammo_throwing_knives 2-11-2021, 10:29:58 AM
mrido(roflgamer) used a pack_of_100_ammo_throwing_knives 2-11-2021, 10:29:58 AM
mrido(roflgamer) used a pack_of_100_ammo_throwing_knives 2-11-2021, 10:29:58 AM
mrido(roflgamer) used a pack_of_100_ammo_throwing_knives 2-11-2021, 10:29:59 AM
mrido(roflgamer) used a pack_of_100_ammo_throwing_knives 2-11-2021, 10:29:59 AM
mrido(roflgamer) used a pack_of_100_ammo_throwing_knives 2-11-2021, 10:29:59 AM
mrido(roflgamer) used a pack_of_100_ammo_throwing_knives 2-11-2021, 10:29:59 AM
mrido(roflgamer) used a pack_of_100_ammo_throwing_knives 2-11-2021, 10:29:59 AM
mrido(roflgamer) used a pack_of_100_ammo_throwing_knives 2-11-2021, 10:29:59 AM
mrido(roflgamer) used a pack_of_100_ammo_throwing_knives 2-11-2021, 10:29:59 AM
mrido(roflgamer) used a pack_of_100_ammo_throwing_knives 2-11-2021, 10:30:00 AM
mrido(roflgamer) used a pack_of_100_ammo_throwing_knives 2-11-2021, 10:30:00 AM
mrido(roflgamer) used a pack_of_100_ammo_throwing_knives 2-11-2021, 10:30:00 AM
mrido(roflgamer) used a pack_of_100_ammo_throwing_knives 2-11-2021, 10:30:00 AM
mrido(roflgamer) used a pack_of_100_ammo_throwing_knives 2-11-2021, 10:30:00 AM
mrido(roflgamer) used a pack_of_100_ammo_throwing_knives 2-11-2021, 10:30:01 AM
mrido(roflgamer) used a pack_of_100_ammo_throwing_knives 2-11-2021, 10:30:01 AM
mrido(roflgamer) used a pack_of_100_ammo_throwing_knives 2-11-2021, 10:30:01 AM
mrido(roflgamer) used a pack_of_100_ammo_throwing_knives 2-11-2021, 10:30:01 AM
mrido(roflgamer) used a pack_of_100_ammo_throwing_knives 2-11-2021, 10:30:01 AM
mrido(roflgamer) used a pack_of_100_ammo_throwing_knives 2-11-2021, 10:30:01 AM
mrido(roflgamer) used a pack_of_100_ammo_throwing_knives 2-11-2021, 10:30:01 AM
mrido(roflgamer) used a pack_of_100_ammo_throwing_knives 2-11-2021, 10:30:01 AM
mrido(roflgamer) used a pack_of_100_ammo_throwing_knives 2-11-2021, 10:30:02 AM
mrido(roflgamer) used a pack_of_100_ammo_throwing_knives 2-11-2021, 10:30:02 AM
mrido(roflgamer) used a pack_of_100_ammo_throwing_knives 2-11-2021, 10:30:02 AM
mrido(roflgamer) used a pack_of_100_ammo_throwing_knives 2-11-2021, 10:30:02 AM
mrido(roflgamer) used a pack_of_100_ammo_throwing_knives 2-11-2021, 10:30:02 AM
mrido(roflgamer) used a pack_of_100_ammo_throwing_knives 2-11-2021, 10:30:02 AM
mrido(roflgamer) used a pack_of_100_ammo_throwing_knives 2-11-2021, 10:30:02 AM
mrido(roflgamer) used a pack_of_100_ammo_throwing_knives 2-11-2021, 10:30:03 AM
mrido(roflgamer) used a pack_of_100_ammo_throwing_knives 2-11-2021, 10:30:03 AM
mrido(roflgamer) used a pack_of_100_ammo_throwing_knives 2-11-2021, 10:30:03 AM
mrido(roflgamer) used a pack_of_100_ammo_throwing_knives 2-11-2021, 10:30:03 AM
mrido(roflgamer) used a pack_of_100_ammo_throwing_knives 2-11-2021, 10:30:03 AM
mrido(roflgamer) used a pack_of_100_ammo_throwing_knives 2-11-2021, 10:30:04 AM
mrido(roflgamer) used a pack_of_100_ammo_throwing_knives 2-11-2021, 10:30:04 AM
mrido(roflgamer) used a pack_of_100_ammo_throwing_knives 2-11-2021, 10:30:04 AM
mrido(roflgamer) used a pack_of_100_ammo_throwing_knives 2-11-2021, 10:30:13 AM
mrido(roflgamer) used a pack_of_100_ammo_throwing_knives 2-11-2021, 10:30:13 AM
mrido(roflgamer) used a pack_of_100_ammo_throwing_knives 2-11-2021, 10:30:13 AM
mrido(roflgamer) used a pack_of_100_ammo_throwing_knives 2-11-2021, 10:30:13 AM
mrido(roflgamer) used a pack_of_100_ammo_throwing_knives 2-11-2021, 10:30:13 AM
mrido(roflgamer) used a pack_of_100_ammo_throwing_knives 2-11-2021, 10:30:13 AM
mrido(roflgamer) used a pack_of_100_ammo_throwing_knives 2-11-2021, 10:30:14 AM
mrido(roflgamer) used a pack_of_100_ammo_throwing_knives 2-11-2021, 10:30:14 AM
mrido(roflgamer) used a pack_of_100_ammo_throwing_knives 2-11-2021, 10:30:14 AM
mrido(roflgamer) used a pack_of_100_ammo_throwing_knives 2-11-2021, 10:30:14 AM
mrido(roflgamer) used a pack_of_100_ammo_throwing_knives 2-11-2021, 10:30:14 AM
mrido(roflgamer) used a pack_of_100_ammo_throwing_knives 2-11-2021, 10:30:14 AM
mrido(roflgamer) used a pack_of_100_ammo_throwing_knives 2-11-2021, 10:30:14 AM
mrido(roflgamer) used a pack_of_100_ammo_throwing_knives 2-11-2021, 10:30:15 AM
mrido(roflgamer) used a pack_of_100_ammo_throwing_knives 2-11-2021, 10:30:15 AM
mrido(roflgamer) used a pack_of_100_ammo_throwing_knives 2-11-2021, 10:30:15 AM
mrido(roflgamer) used a pack_of_100_ammo_throwing_knives 2-11-2021, 10:30:15 AM
mrido(roflgamer) used a pack_of_100_ammo_throwing_knives 2-11-2021, 10:30:15 AM
mrido(roflgamer) used a pack_of_100_ammo_throwing_knives 2-11-2021, 10:30:15 AM
mrido(roflgamer) used a pack_of_100_ammo_throwing_knives 2-11-2021, 10:30:16 AM
mrido(roflgamer) used a pack_of_100_ammo_throwing_knives 2-11-2021, 10:30:16 AM
mrido(roflgamer) used a pack_of_100_ammo_throwing_knives 2-11-2021, 10:30:16 AM
mrido(roflgamer) used a pack_of_100_ammo_throwing_knives 2-11-2021, 10:30:16 AM
mrido(roflgamer) used a pack_of_100_ammo_throwing_knives 2-11-2021, 10:30:16 AM
mrido(roflgamer) used a pack_of_100_ammo_throwing_knives 2-11-2021, 10:30:16 AM
mrido(roflgamer) used a pack_of_100_ammo_throwing_knives 2-11-2021, 10:30:16 AM
mrido(roflgamer) used a pack_of_100_ammo_throwing_knives 2-11-2021, 10:30:17 AM
mrido(roflgamer) used a pack_of_100_ammo_throwing_knives 2-11-2021, 10:30:17 AM
mrido(roflgamer) used a pack_of_100_ammo_throwing_knives 2-11-2021, 10:30:17 AM
mrido(roflgamer) used a pack_of_100_ammo_throwing_knives 2-11-2021, 10:30:17 AM
mrido(roflgamer) used a pack_of_100_ammo_throwing_knives 2-11-2021, 10:30:17 AM
mrido(roflgamer) used a wood_pack 2-11-2021, 10:30:23 AM
mrido(roflgamer) used a wood_pack 2-11-2021, 10:30:23 AM
mrido(roflgamer) used a wood_pack 2-11-2021, 10:30:23 AM
mrido(roflgamer) used a wood_pack 2-11-2021, 10:30:23 AM
mrido(roflgamer) used a wood_pack 2-11-2021, 10:30:23 AM
mrido(roflgamer) used a wood_pack 2-11-2021, 10:30:23 AM
mrido(roflgamer) used a wood_pack 2-11-2021, 10:30:24 AM
mrido(roflgamer) used a wood_pack 2-11-2021, 10:30:24 AM
mrido(roflgamer) used a wood_pack 2-11-2021, 10:30:27 AM
mrido(roflgamer) used a wood_pack 2-11-2021, 10:30:27 AM
mrido(roflgamer) used a wood_pack 2-11-2021, 10:30:27 AM
mrido(roflgamer) used a wood_pack 2-11-2021, 10:30:27 AM
mrido(roflgamer) used a wood_pack 2-11-2021, 10:30:27 AM
mrido(roflgamer) used a wood_pack 2-11-2021, 10:30:29 AM
mrido(roflgamer) used a wood_pack 2-11-2021, 10:30:29 AM
mrido(roflgamer) used a wood_pack 2-11-2021, 10:30:35 AM
mrido(roflgamer) used a wood_pack 2-11-2021, 10:30:35 AM
mrido(roflgamer) used a wood_pack 2-11-2021, 10:30:35 AM
mrido(roflgamer) used a wood_pack 2-11-2021, 10:30:35 AM
mrido(roflgamer) used a wood_pack 2-11-2021, 10:30:35 AM
mrido(roflgamer) used a wood_pack 2-11-2021, 10:30:35 AM
mrido(roflgamer) used a wood_pack 2-11-2021, 10:30:36 AM
mrido(roflgamer) used a wood_pack 2-11-2021, 10:30:36 AM
mrido(roflgamer) used a wood_pack 2-11-2021, 10:30:36 AM
mrido(roflgamer) used a wood_pack 2-11-2021, 10:30:36 AM
mrido(roflgamer) used a wood_pack 2-11-2021, 10:30:36 AM
mrido(roflgamer) used a wood_pack 2-11-2021, 10:30:37 AM
mrido(roflgamer) used a wood_pack 2-11-2021, 10:30:37 AM
mrido(roflgamer) used a wood_pack 2-11-2021, 10:30:37 AM
mrido(roflgamer) used a wood_pack 2-11-2021, 10:30:37 AM
mrido(roflgamer) used a wood_pack 2-11-2021, 10:30:37 AM
mrido(roflgamer) used a wood_pack 2-11-2021, 10:30:37 AM
mrido(roflgamer) used a wood_pack 2-11-2021, 10:30:37 AM
mrido(roflgamer) used a wood_pack 2-11-2021, 10:30:39 AM
mrido(roflgamer) used a wood_pack 2-11-2021, 10:30:39 AM
mrido(roflgamer) used a wood_pack 2-11-2021, 10:30:39 AM
mrido(roflgamer) used a wood_pack 2-11-2021, 10:30:39 AM
mrido(roflgamer) used a carrier_missile 2-11-2021, 10:31:20 AM
mrido(roflgamer) used a hand_cannon 2-11-2021, 10:32:35 AM
mrido(roflgamer) used a tk_ultra_health_potion 2-11-2021, 10:41:17 AM
mrido(roflgamer) used a invisibility_shield 2-11-2021, 10:48:14 AM
mrido(roflgamer) used a invisibility_shield 2-11-2021, 10:48:15 AM
mrido(roflgamer) used a tk_ultra_health_potion 2-11-2021, 10:48:24 AM
mrido(roflgamer) used a warp_box 2-11-2021, 12:14:24 PM
mrido(roflgamer) used a cannon 2-11-2021, 12:15:40 PM
mrido(roflgamer) used a tk_ultra_health_potion 2-11-2021, 12:16:03 PM
mrido(roflgamer) used a tk_ultra_health_potion 2-11-2021, 12:16:03 PM
mrido(roflgamer) used a timebomb 2-11-2021, 12:17:00 PM
mrido(roflgamer) used a timebomb 2-11-2021, 12:17:45 PM
mrido(roflgamer) used a hipersound_bomb 2-11-2021, 12:18:01 PM